container_chain,member_chain,depth,parent_narc_path,parent_file_id,member_index,name,container_relative_offset,container_relative_end,gmif_relative_offset,gmif_relative_end,size,sha256,signature_hex,extension,probable_format,format_evidence,structure_valid,compressed,compression,compression_evidence,decompression_supported,declared_decompressed_size,decompression_valid,decompressed_size,decompressed_sha256,decompressed_format,decompressed_format_evidence,nested_container,nested_after_decompression
/a/0/0/4,/a/0/0/4!/member_02686,0,/a/0/0/4,133,2686,,10817604,10817676,10793840,10793912,72,529378bd51385d7938aa6738aae61b7ac5d0c9b9825c331327eb7901583964d4,524c434efffe00014800000010000100,,NCLR palette,Confirmed,True,False,,,,,,,,,,False,False
/a/0/0/4,/a/0/0/4!/member_02687,0,/a/0/0/4,133,2687,,10817676,10817748,10793912,10793984,72,082e957fc4dc2720b963c3634f012746b34691f47e04922e8ecd5540f8d1e07b,524c434efffe00014800000010000100,,NCLR palette,Confirmed,True,False,,,,,,,,,,False,False
/a/0/0/4,/a/0/0/4!/member_02688,0,/a/0/0/4,133,2688,,10817748,10824196,10793984,10800432,6448,5ca9510934c5e5e570db92d1e80d926d05cfca286243a847e6f45361c74b3d07,5247434efffe00013019000010000100,,NCGR graphics,Confirmed,True,False,,,,,,,,,,False,False
/a/0/0/4,/a/0/0/4!/member_02689,0,/a/0/0/4,133,2689,,10824196,10830644,10800432,10806880,6448,5ca9510934c5e5e570db92d1e80d926d05cfca286243a847e6f45361c74b3d07,5247434efffe00013019000010000100,,NCGR graphics,Confirmed,True,False,,,,,,,,,,False,False
/a/0/0/4,/a/0/0/4!/member_02690,0,/a/0/0/4,133,2690,,10830644,10837092,10806880,10813328,6448,afb3a737fabd0d4a04724d53e63f3833040925b3280d701167a4548e894eab3a,5247434efffe00013019000010000100,,NCGR graphics,Confirmed,True,False,,,,,,,,,,False,False
/a/0/0/4,/a/0/0/4!/member_02691,0,/a/0/0/4,133,2691,,10837092,10843540,10813328,10819776,6448,afb3a737fabd0d4a04724d53e63f3833040925b3280d701167a4548e894eab3a,5247434efffe00013019000010000100,,NCGR graphics,Confirmed,True,False,,,,,,,,,,False,False
/a/0/0/4,/a/0/0/4!/member_02692,0,/a/0/0/4,133,2692,,10843540,10843612,10819776,10819848,72,932237fe1cb74f8f203c70d4e488898d5c2e2edadbb7236647b9483442a7174f,524c434efffe00014800000010000100,,NCLR palette,Confirmed,True,False,,,,,,,,,,False,False
/a/0/0/4,/a/0/0/4!/member_02693,0,/a/0/0/4,133,2693,,10843612,10843684,10819848,10819920,72,eca0d51085c58fa8f925f71cf5bdf9cc0f81e04e81dd577d155e35fa25f54dbb,524c434efffe00014800000010000100,,NCLR palette,Confirmed,True,False,,,,,,,,,,False,False
/a/0/0/4,/a/0/0/4!/member_02694,0,/a/0/0/4,133,2694,,10843684,10850132,10819920,10826368,6448,b49593a6ca4bcafbf177abbd2e6f4d8e568782c74cbbacf7deceffb4e237e064,5247434efffe00013019000010000100,,NCGR graphics,Confirmed,True,False,,,,,,,,,,False,False
/a/0/0/4,/a/0/0/4!/member_02695,0,/a/0/0/4,133,2695,,10850132,10856580,10826368,10832816,6448,d0e0144802747205efd63e1c1bdb7f7f74f6cc041d54745380b45b79a3c360ca,5247434efffe00013019000010000100,,NCGR graphics,Confirmed,True,False,,,,,,,,,,False,False
/a/0/0/4,/a/0/0/4!/member_02696,0,/a/0/0/4,133,2696,,10856580,10863028,10832816,10839264,6448,1d6a1227f44bb481fb749e72d502b07935af8479b45ae4c923f40f83f3220eec,5247434efffe00013019000010000100,,NCGR graphics,Confirmed,True,False,,,,,,,,,,False,False
/a/0/0/4,/a/0/0/4!/member_02697,0,/a/0/0/4,133,2697,,10863028,10869476,10839264,10845712,6448,607a3266b6214e3642798f4e08581a5284a75848166565af62a8a9c9a963791b,5247434efffe00013019000010000100,,NCGR graphics,Confirmed,True,False,,,,,,,,,,False,False
/a/0/0/4,/a/0/0/4!/member_02698,0,/a/0/0/4,133,2698,,10869476,10869548,10845712,10845784,72,64f059e7bb30f58c11addecb2d7c159beca0b6aec3e4c06af0f0aba33ffaa8fb,524c434efffe00014800000010000100,,NCLR palette,Confirmed,True,False,,,,,,,,,,False,False
/a/0/0/4,/a/0/0/4!/member_02699,0,/a/0/0/4,133,2699,,10869548,10869620,10845784,10845856,72,4d5f688ef3c4525df25319099386703418999d9bf7bfd12c7baedfd5b7994348,524c434efffe00014800000010000100,,NCLR palette,Confirmed,True,False,,,,,,,,,,False,False
/a/0/0/4,/a/0/0/4!/member_02700,0,/a/0/0/4,133,2700,,10869620,10876068,10845856,10852304,6448,e238c850bdc51dceb39f7914fdcdb57479a00c32145a288d29f6c62933e5d70c,5247434efffe00013019000010000100,,NCGR graphics,Confirmed,True,False,,,,,,,,,,False,False
/a/0/0/4,/a/0/0/4!/member_02701,0,/a/0/0/4,133,2701,,10876068,10882516,10852304,10858752,6448,34b2433599a4b269df00e25236f9263f23240d211a054e98958af2b2195daa92,5247434efffe00013019000010000100,,NCGR graphics,Confirmed,True,False,,,,,,,,,,False,False
/a/0/0/4,/a/0/0/4!/member_02702,0,/a/0/0/4,133,2702,,10882516,10888964,10858752,10865200,6448,9717e990df458554d520015140ffad38b7ced7f8cef6c38433df8a7bf6c7e4d8,5247434efffe00013019000010000100,,NCGR graphics,Confirmed,True,False,,,,,,,,,,False,False
/a/0/0/4,/a/0/0/4!/member_02703,0,/a/0/0/4,133,2703,,10888964,10895412,10865200,10871648,6448,25c9adf7aea466238aa77416b22f5405f80070753ad1bf8324e5955c0782de7a,5247434efffe00013019000010000100,,NCGR graphics,Confirmed,True,False,,,,,,,,,,False,False
/a/0/0/4,/a/0/0/4!/member_02704,0,/a/0/0/4,133,2704,,10895412,10895484,10871648,10871720,72,5c12577a14928a466c4f38f20b8ff2adc617841afe8522265fbfd98aa7d0d66b,524c434efffe00014800000010000100,,NCLR palette,Confirmed,True,False,,,,,,,,,,False,False
/a/0/0/4,/a/0/0/4!/member_02705,0,/a/0/0/4,133,2705,,10895484,10895556,10871720,10871792,72,4c8ce11e819c1e8312af1df2ccf569fc70d6cd63cca78044675c614a084130e8,524c434efffe00014800000010000100,,NCLR palette,Confirmed,True,False,,,,,,,,,,False,False
/a/0/0/4,/a/0/0/4!/member_02706,0,/a/0/0/4,133,2706,,10895556,10902004,10871792,10878240,6448,00e04d5439c5fafab79721c1686fc4b7cb9b203949f028aa88b8650a543163ca,5247434efffe00013019000010000100,,NCGR graphics,Confirmed,True,False,,,,,,,,,,False,False
/a/0/0/4,/a/0/0/4!/member_02707,0,/a/0/0/4,133,2707,,10902004,10908452,10878240,10884688,6448,00e04d5439c5fafab79721c1686fc4b7cb9b203949f028aa88b8650a543163ca,5247434efffe00013019000010000100,,NCGR graphics,Confirmed,True,False,,,,,,,,,,False,False
/a/0/0/4,/a/0/0/4!/member_02708,0,/a/0/0/4,133,2708,,10908452,10914900,10884688,10891136,6448,4a60ca9928b2d5fd4f32ad48b12cde06301d544261219781c6ea422899ad3dff,5247434efffe00013019000010000100,,NCGR graphics,Confirmed,True,False,,,,,,,,,,False,False
/a/0/0/4,/a/0/0/4!/member_02709,0,/a/0/0/4,133,2709,,10914900,10921348,10891136,10897584,6448,4a60ca9928b2d5fd4f32ad48b12cde06301d544261219781c6ea422899ad3dff,5247434efffe00013019000010000100,,NCGR graphics,Confirmed,True,False,,,,,,,,,,False,False
/a/0/0/4,/a/0/0/4!/member_02710,0,/a/0/0/4,133,2710,,10921348,10921420,10897584,10897656,72,ca832774d5be06c6e08d60d38dc54f440a275e897a0c9c180033f9f00bdd7bd6,524c434efffe00014800000010000100,,NCLR palette,Confirmed,True,False,,,,,,,,,,False,False
/a/0/0/4,/a/0/0/4!/member_02711,0,/a/0/0/4,133,2711,,10921420,10921492,10897656,10897728,72,43249384c75d72582c1608d7684ee27afc28520885efe67bea41919b66e2c118,524c434efffe00014800000010000100,,NCLR palette,Confirmed,True,False,,,,,,,,,,False,False
/a/0/0/4,/a/0/0/4!/member_02712,0,/a/0/0/4,133,2712,,10921492,10927940,10897728,10904176,6448,179a97d519ce0628e1d65f037678326faa4a4acddc937c4b1afff5bb0c5411b4,5247434efffe00013019000010000100,,NCGR graphics,Confirmed,True,False,,,,,,,,,,False,False
/a/0/0/4,/a/0/0/4!/member_02713,0,/a/0/0/4,133,2713,,10927940,10934388,10904176,10910624,6448,179a97d519ce0628e1d65f037678326faa4a4acddc937c4b1afff5bb0c5411b4,5247434efffe00013019000010000100,,NCGR graphics,Confirmed,True,False,,,,,,,,,,False,False
/a/0/0/4,/a/0/0/4!/member_02714,0,/a/0/0/4,133,2714,,10934388,10940836,10910624,10917072,6448,636322043ec46c8fa9db3740066b58662557ba246681d348fec2f5d77ff94ee2,5247434efffe00013019000010000100,,NCGR graphics,Confirmed,True,False,,,,,,,,,,False,False
/a/0/0/4,/a/0/0/4!/member_02715,0,/a/0/0/4,133,2715,,10940836,10947284,10917072,10923520,6448,636322043ec46c8fa9db3740066b58662557ba246681d348fec2f5d77ff94ee2,5247434efffe00013019000010000100,,NCGR graphics,Confirmed,True,False,,,,,,,,,,False,False
/a/0/0/4,/a/0/0/4!/member_02716,0,/a/0/0/4,133,2716,,10947284,10947356,10923520,10923592,72,304d3335ba82c9ce9736903fedeee0f3f8399d97c85daf4b8745ad0ce514c3b2,524c434efffe00014800000010000100,,NCLR palette,Confirmed,True,False,,,,,,,,,,False,False
/a/0/0/4,/a/0/0/4!/member_02717,0,/a/0/0/4,133,2717,,10947356,10947428,10923592,10923664,72,7872c9617b2d2b080f517e30f4d08a1d1f9d1d55444e1057cc23d9965d0eb8be,524c434efffe00014800000010000100,,NCLR palette,Confirmed,True,False,,,,,,,,,,False,False
/a/0/0/4,/a/0/0/4!/member_02718,0,/a/0/0/4,133,2718,,10947428,10953876,10923664,10930112,6448,0c1a54c83dea821089f2094bdb21c8505a673863d90331c8d44068a05cba7321,5247434efffe00013019000010000100,,NCGR graphics,Confirmed,True,False,,,,,,,,,,False,False
/a/0/0/4,/a/0/0/4!/member_02719,0,/a/0/0/4,133,2719,,10953876,10960324,10930112,10936560,6448,8c8fd7318a3064909e7eedba4b1f66a47cef13f77dc36ece8a06d8ac2ac37512,5247434efffe00013019000010000100,,NCGR graphics,Confirmed,True,False,,,,,,,,,,False,False
/a/0/0/4,/a/0/0/4!/member_02720,0,/a/0/0/4,133,2720,,10960324,10966772,10936560,10943008,6448,0226c7bcc3b9fa15ea6d68bfa9c56e46cad0047866a0740aedb09384e2f242cb,5247434efffe00013019000010000100,,NCGR graphics,Confirmed,True,False,,,,,,,,,,False,False
/a/0/0/4,/a/0/0/4!/member_02721,0,/a/0/0/4,133,2721,,10966772,10973220,10943008,10949456,6448,b5edff300c851bd247f13dd8db40e8073f19c5c3f9a47080949d985402369e96,5247434efffe00013019000010000100,,NCGR graphics,Confirmed,True,False,,,,,,,,,,False,False
/a/0/0/4,/a/0/0/4!/member_02722,0,/a/0/0/4,133,2722,,10973220,10973292,10949456,10949528,72,a161112e8cb210501a774d04c51b06c4b07b8373a11fd02d058d8122102a69cf,524c434efffe00014800000010000100,,NCLR palette,Confirmed,True,False,,,,,,,,,,False,False
/a/0/0/4,/a/0/0/4!/member_02723,0,/a/0/0/4,133,2723,,10973292,10973364,10949528,10949600,72,03232b8caa89045a88df7300a2d22ff3f880edf900721507e1f0150283beb4d3,524c434efffe00014800000010000100,,NCLR palette,Confirmed,True,False,,,,,,,,,,False,False
/a/0/0/4,/a/0/0/4!/member_02724,0,/a/0/0/4,133,2724,,10973364,10979812,10949600,10956048,6448,b57c3930942154f209d2e6cf229bd5c533e425582d013a445be2d10d6de69b59,5247434efffe00013019000010000100,,NCGR graphics,Confirmed,True,False,,,,,,,,,,False,False
/a/0/0/4,/a/0/0/4!/member_02725,0,/a/0/0/4,133,2725,,10979812,10986260,10956048,10962496,6448,0fd7f46b870b4ab9774d790d47bbf2eac42c0646748aa5e3d560f10dc14355d6,5247434efffe00013019000010000100,,NCGR graphics,Confirmed,True,False,,,,,,,,,,False,False
/a/0/0/4,/a/0/0/4!/member_02726,0,/a/0/0/4,133,2726,,10986260,10992708,10962496,10968944,6448,faf0b1197093a45904d25ec18072ef3827ced3d29a4863f67c92cacef257053a,5247434efffe00013019000010000100,,NCGR graphics,Confirmed,True,False,,,,,,,,,,False,False
/a/0/0/4,/a/0/0/4!/member_02727,0,/a/0/0/4,133,2727,,10992708,10999156,10968944,10975392,6448,73e687d37ed1c8b1ee02167fe5c8a4d59ad3c9fc2d08f22a5c25ec8fc295e1db,5247434efffe00013019000010000100,,NCGR graphics,Confirmed,True,False,,,,,,,,,,False,False
/a/0/0/4,/a/0/0/4!/member_02728,0,/a/0/0/4,133,2728,,10999156,10999228,10975392,10975464,72,a161112e8cb210501a774d04c51b06c4b07b8373a11fd02d058d8122102a69cf,524c434efffe00014800000010000100,,NCLR palette,Confirmed,True,False,,,,,,,,,,False,False
/a/0/0/4,/a/0/0/4!/member_02729,0,/a/0/0/4,133,2729,,10999228,10999300,10975464,10975536,72,f636ec8cae0725938df8df9914ff7509a027b6d7d0be35361cd76b0606db9080,524c434efffe00014800000010000100,,NCLR palette,Confirmed,True,False,,,,,,,,,,False,False
/a/0/0/4,/a/0/0/4!/member_02730,0,/a/0/0/4,133,2730,,10999300,11005748,10975536,10981984,6448,8aee2d264a2c4985493133e1cfff95af415edccf20a05468cecb23c48ff1bfd5,5247434efffe00013019000010000100,,NCGR graphics,Confirmed,True,False,,,,,,,,,,False,False
/a/0/0/4,/a/0/0/4!/member_02731,0,/a/0/0/4,133,2731,,11005748,11012196,10981984,10988432,6448,8aee2d264a2c4985493133e1cfff95af415edccf20a05468cecb23c48ff1bfd5,5247434efffe00013019000010000100,,NCGR graphics,Confirmed,True,False,,,,,,,,,,False,False
/a/0/0/4,/a/0/0/4!/member_02732,0,/a/0/0/4,133,2732,,11012196,11018644,10988432,10994880,6448,067702ac6ba75a6be919f0e57779a545b602b0aeec16b5470ffb7c9ba20fb026,5247434efffe00013019000010000100,,NCGR graphics,Confirmed,True,False,,,,,,,,,,False,False
/a/0/0/4,/a/0/0/4!/member_02733,0,/a/0/0/4,133,2733,,11018644,11025092,10994880,11001328,6448,067702ac6ba75a6be919f0e57779a545b602b0aeec16b5470ffb7c9ba20fb026,5247434efffe00013019000010000100,,NCGR graphics,Confirmed,True,False,,,,,,,,,,False,False
/a/0/0/4,/a/0/0/4!/member_02734,0,/a/0/0/4,133,2734,,11025092,11025164,11001328,11001400,72,98067858e5a40d0ffda9144f9d7c25323b46baae900b123e984af45d6dd8f2ad,524c434efffe00014800000010000100,,NCLR palette,Confirmed,True,False,,,,,,,,,,False,False
/a/0/0/4,/a/0/0/4!/member_02735,0,/a/0/0/4,133,2735,,11025164,11025236,11001400,11001472,72,3b283971b787e58baf1cc5b12fdef35ee53226609912d5329c4976456e0fc050,524c434efffe00014800000010000100,,NCLR palette,Confirmed,True,False,,,,,,,,,,False,False
/a/0/0/4,/a/0/0/4!/member_02736,0,/a/0/0/4,133,2736,,11025236,11031684,11001472,11007920,6448,86235ce851d37e02de20f959fb6ac8311d3e622188861addd705af1a466e7ed5,5247434efffe00013019000010000100,,NCGR graphics,Confirmed,True,False,,,,,,,,,,False,False
/a/0/0/4,/a/0/0/4!/member_02737,0,/a/0/0/4,133,2737,,11031684,11038132,11007920,11014368,6448,b552471cb5212263d17d79a0393afe0f82938c684454d7b3f20f79c590bd8184,5247434efffe00013019000010000100,,NCGR graphics,Confirmed,True,False,,,,,,,,,,False,False
/a/0/0/4,/a/0/0/4!/member_02738,0,/a/0/0/4,133,2738,,11038132,11044580,11014368,11020816,6448,24de6968da653ccbbe08e0f5022e91c716ff5bfcef90ba18b8d5d57950104658,5247434efffe00013019000010000100,,NCGR graphics,Confirmed,True,False,,,,,,,,,,False,False
/a/0/0/4,/a/0/0/4!/member_02739,0,/a/0/0/4,133,2739,,11044580,11051028,11020816,11027264,6448,0168e60e833f58b387a6b55b6e76f9811633e06f3c883beb54177934f66744d0,5247434efffe00013019000010000100,,NCGR graphics,Confirmed,True,False,,,,,,,,,,False,False
/a/0/0/4,/a/0/0/4!/member_02740,0,/a/0/0/4,133,2740,,11051028,11051100,11027264,11027336,72,b1f37a347bdfffed3578ad3724531e91fa432ec917a17fb332bab308f4628310,524c434efffe00014800000010000100,,NCLR palette,Confirmed,True,False,,,,,,,,,,False,False
/a/0/0/4,/a/0/0/4!/member_02741,0,/a/0/0/4,133,2741,,11051100,11051172,11027336,11027408,72,e09e433828126c0ac18ce48dd965aa91e2c48b0296b24c4f3f175768a56db8c4,524c434efffe00014800000010000100,,NCLR palette,Confirmed,True,False,,,,,,,,,,False,False
/a/0/0/4,/a/0/0/4!/member_02742,0,/a/0/0/4,133,2742,,11051172,11057620,11027408,11033856,6448,fd2b7017dd7bd286cd5b4d8580f86bc01ce6b183566dfdca0063f52c693a28e4,5247434efffe00013019000010000100,,NCGR graphics,Confirmed,True,False,,,,,,,,,,False,False
/a/0/0/4,/a/0/0/4!/member_02743,0,/a/0/0/4,133,2743,,11057620,11064068,11033856,11040304,6448,cc26da32e1fbcd53a14381f55b5e12ad5224875239487aee426cb0842bc3dc71,5247434efffe00013019000010000100,,NCGR graphics,Confirmed,True,False,,,,,,,,,,False,False
/a/0/0/4,/a/0/0/4!/member_02744,0,/a/0/0/4,133,2744,,11064068,11070516,11040304,11046752,6448,507cd0f2ce7d70fe2810e9bf1c40458a92612e49e7b7e20a3b20703831d907ff,5247434efffe00013019000010000100,,NCGR graphics,Confirmed,True,False,,,,,,,,,,False,False
/a/0/0/4,/a/0/0/4!/member_02745,0,/a/0/0/4,133,2745,,11070516,11076964,11046752,11053200,6448,6652d9d7c740243d17e528b8c5aa51048ff6bbf826eca4df4f86d14929a78a9f,5247434efffe00013019000010000100,,NCGR graphics,Confirmed,True,False,,,,,,,,,,False,False
/a/0/0/4,/a/0/0/4!/member_02746,0,/a/0/0/4,133,2746,,11076964,11077036,11053200,11053272,72,b1f37a347bdfffed3578ad3724531e91fa432ec917a17fb332bab308f4628310,524c434efffe00014800000010000100,,NCLR palette,Confirmed,True,False,,,,,,,,,,False,False
/a/0/0/4,/a/0/0/4!/member_02747,0,/a/0/0/4,133,2747,,11077036,11077108,11053272,11053344,72,e09e433828126c0ac18ce48dd965aa91e2c48b0296b24c4f3f175768a56db8c4,524c434efffe00014800000010000100,,NCLR palette,Confirmed,True,False,,,,,,,,,,False,False
/a/0/0/4,/a/0/0/4!/member_02748,0,/a/0/0/4,133,2748,,11077108,11083556,11053344,11059792,6448,bdad97d48e1036163efd1de722073e64d69e33fbd0dc6cf7cea1a27a96babd4d,5247434efffe00013019000010000100,,NCGR graphics,Confirmed,True,False,,,,,,,,,,False,False
/a/0/0/4,/a/0/0/4!/member_02749,0,/a/0/0/4,133,2749,,11083556,11090004,11059792,11066240,6448,bdad97d48e1036163efd1de722073e64d69e33fbd0dc6cf7cea1a27a96babd4d,5247434efffe00013019000010000100,,NCGR graphics,Confirmed,True,False,,,,,,,,,,False,False
/a/0/0/4,/a/0/0/4!/member_02750,0,/a/0/0/4,133,2750,,11090004,11096452,11066240,11072688,6448,9dd18c182ca609da07f31d9f729776a5c965b8e7b189488716a8f93d15f80ce2,5247434efffe00013019000010000100,,NCGR graphics,Confirmed,True,False,,,,,,,,,,False,False
/a/0/0/4,/a/0/0/4!/member_02751,0,/a/0/0/4,133,2751,,11096452,11102900,11072688,11079136,6448,9dd18c182ca609da07f31d9f729776a5c965b8e7b189488716a8f93d15f80ce2,5247434efffe00013019000010000100,,NCGR graphics,Confirmed,True,False,,,,,,,,,,False,False
/a/0/0/4,/a/0/0/4!/member_02752,0,/a/0/0/4,133,2752,,11102900,11102972,11079136,11079208,72,ba211067324c019ebb020bcb938854142d70a872d7e9591dd3e8783a147ff248,524c434efffe00014800000010000100,,NCLR palette,Confirmed,True,False,,,,,,,,,,False,False
/a/0/0/4,/a/0/0/4!/member_02753,0,/a/0/0/4,133,2753,,11102972,11103044,11079208,11079280,72,4fe9868f44cfaaf91271e815c57d08b70c3ab82768027ba74930792de733cabc,524c434efffe00014800000010000100,,NCLR palette,Confirmed,True,False,,,,,,,,,,False,False
/a/0/0/4,/a/0/0/4!/member_02754,0,/a/0/0/4,133,2754,,11103044,11109492,11079280,11085728,6448,fe69d040a4371111e01eac2946cffa75d270de39e0726d3a1f319b6f79a5957c,5247434efffe00013019000010000100,,NCGR graphics,Confirmed,True,False,,,,,,,,,,False,False
/a/0/0/4,/a/0/0/4!/member_02755,0,/a/0/0/4,133,2755,,11109492,11115940,11085728,11092176,6448,2064549690ef9cf7f2403290f9222c84bb5d1b8f5ea1f045a5d618fff139d59a,5247434efffe00013019000010000100,,NCGR graphics,Confirmed,True,False,,,,,,,,,,False,False
/a/0/0/4,/a/0/0/4!/member_02756,0,/a/0/0/4,133,2756,,11115940,11122388,11092176,11098624,6448,2fb12228bf6156d9f5e823d12371cdb628e9990faa16c0ebca47fdb5cc425e07,5247434efffe00013019000010000100,,NCGR graphics,Confirmed,True,False,,,,,,,,,,False,False
/a/0/0/4,/a/0/0/4!/member_02757,0,/a/0/0/4,133,2757,,11122388,11128836,11098624,11105072,6448,28048263009242ddc15cecbd28c685380fb2a7ea325272cb2912ddf9f129e44a,5247434efffe00013019000010000100,,NCGR graphics,Confirmed,True,False,,,,,,,,,,False,False
/a/0/0/4,/a/0/0/4!/member_02758,0,/a/0/0/4,133,2758,,11128836,11128908,11105072,11105144,72,e3d1b2b15d7db60ed38888a10c730f56b372c03a283ab3b5723a007e6be61c28,524c434efffe00014800000010000100,,NCLR palette,Confirmed,True,False,,,,,,,,,,False,False
/a/0/0/4,/a/0/0/4!/member_02759,0,/a/0/0/4,133,2759,,11128908,11128980,11105144,11105216,72,59f60bb32132f0309d5626556ded59281df42f2d46ac1ff6144a5ab3ebb39ba0,524c434efffe00014800000010000100,,NCLR palette,Confirmed,True,False,,,,,,,,,,False,False
/a/0/0/4,/a/0/0/4!/member_02760,0,/a/0/0/4,133,2760,,11128980,11135428,11105216,11111664,6448,edacff3eb551fa1b4d111a7bbc1f21897f95422f07e61f7cd7410a80421cefbe,5247434efffe00013019000010000100,,NCGR graphics,Confirmed,True,False,,,,,,,,,,False,False
/a/0/0/4,/a/0/0/4!/member_02761,0,/a/0/0/4,133,2761,,11135428,11141876,11111664,11118112,6448,edacff3eb551fa1b4d111a7bbc1f21897f95422f07e61f7cd7410a80421cefbe,5247434efffe00013019000010000100,,NCGR graphics,Confirmed,True,False,,,,,,,,,,False,False
/a/0/0/4,/a/0/0/4!/member_02762,0,/a/0/0/4,133,2762,,11141876,11148324,11118112,11124560,6448,2260b3460aa18be92ea89ca60dc18034492774881f9ce5de0369977d25721a91,5247434efffe00013019000010000100,,NCGR graphics,Confirmed,True,False,,,,,,,,,,False,False
/a/0/0/4,/a/0/0/4!/member_02763,0,/a/0/0/4,133,2763,,11148324,11154772,11124560,11131008,6448,d597827eb340e78f6309eb1c604a0fbb5870b8b7b533aa5fbc5af1c15924d0b2,5247434efffe00013019000010000100,,NCGR graphics,Confirmed,True,False,,,,,,,,,,False,False
/a/0/0/4,/a/0/0/4!/member_02764,0,/a/0/0/4,133,2764,,11154772,11154844,11131008,11131080,72,452a1fe6b43ea9f48efeef4b6dcb07eb2701b2bfd3bde4d4d661ac8f81bf40f6,524c434efffe00014800000010000100,,NCLR palette,Confirmed,True,False,,,,,,,,,,False,False
/a/0/0/4,/a/0/0/4!/member_02765,0,/a/0/0/4,133,2765,,11154844,11154916,11131080,11131152,72,55fa9b2937eb7c28227784e9a19203d6b4781ce40491894f4fb63093c2a72540,524c434efffe00014800000010000100,,NCLR palette,Confirmed,True,False,,,,,,,,,,False,False
/a/0/0/4,/a/0/0/4!/member_02766,0,/a/0/0/4,133,2766,,11154916,11161364,11131152,11137600,6448,a3c0adadab28e76d03aa6dc4419076d77502ef04b32a9467e4addcce2b78c909,5247434efffe00013019000010000100,,NCGR graphics,Confirmed,True,False,,,,,,,,,,False,False
/a/0/0/4,/a/0/0/4!/member_02767,0,/a/0/0/4,133,2767,,11161364,11167812,11137600,11144048,6448,2cf1ef1bb9f37938406b80060ff28031344ed457e8b07ee04bcea0d1b98318c3,5247434efffe00013019000010000100,,NCGR graphics,Confirmed,True,False,,,,,,,,,,False,False
/a/0/0/4,/a/0/0/4!/member_02768,0,/a/0/0/4,133,2768,,11167812,11174260,11144048,11150496,6448,436c50a0cc0613fc688451ecae96b1a5b9ad3c8914d9bdf456e2850c985f662e,5247434efffe00013019000010000100,,NCGR graphics,Confirmed,True,False,,,,,,,,,,False,False
/a/0/0/4,/a/0/0/4!/member_02769,0,/a/0/0/4,133,2769,,11174260,11180708,11150496,11156944,6448,84b766f8472af135e98c2eda69da49f3681dcc8c1e8e07d61ab261e9256e4c1b,5247434efffe00013019000010000100,,NCGR graphics,Confirmed,True,False,,,,,,,,,,False,False
/a/0/0/4,/a/0/0/4!/member_02770,0,/a/0/0/4,133,2770,,11180708,11180780,11156944,11157016,72,0011acbab041fd55ced6cc3836e81a5e6cc0027ccdceee944b12413a837235b0,524c434efffe00014800000010000100,,NCLR palette,Confirmed,True,False,,,,,,,,,,False,False
/a/0/0/4,/a/0/0/4!/member_02771,0,/a/0/0/4,133,2771,,11180780,11180852,11157016,11157088,72,46ae465f27231f24591f7013eaff1433326c52337346288a2eb2f65adb46495d,524c434efffe00014800000010000100,,NCLR palette,Confirmed,True,False,,,,,,,,,,False,False
/a/0/0/4,/a/0/0/4!/member_02772,0,/a/0/0/4,133,2772,,11180852,11180852,11157088,11157088,0,e3b0c44298fc1c149afbf4c8996fb92427ae41e4649b934ca495991b7852b855,,,,,,False,,,,,,,,,,False,False
/a/0/0/4,/a/0/0/4!/member_02773,0,/a/0/0/4,133,2773,,11180852,11187300,11157088,11163536,6448,c35af6890a723cbb51e508b79253eca0adca5cec87426071fa1b34c9992f87ec,5247434efffe00013019000010000100,,NCGR graphics,Confirmed,True,False,,,,,,,,,,False,False
/a/0/0/4,/a/0/0/4!/member_02774,0,/a/0/0/4,133,2774,,11187300,11187300,11163536,11163536,0,e3b0c44298fc1c149afbf4c8996fb92427ae41e4649b934ca495991b7852b855,,,,,,False,,,,,,,,,,False,False
/a/0/0/4,/a/0/0/4!/member_02775,0,/a/0/0/4,133,2775,,11187300,11193748,11163536,11169984,6448,c5229793de32604eaba5169a9158230c1faf5c588297cf0ba55a7e1c738bf62b,5247434efffe00013019000010000100,,NCGR graphics,Confirmed,True,False,,,,,,,,,,False,False
/a/0/0/4,/a/0/0/4!/member_02776,0,/a/0/0/4,133,2776,,11193748,11193820,11169984,11170056,72,3921ed2c7c7e37fc8c2974eaf7a1bef7f14658837228f67b40ff667cf03b4384,524c434efffe00014800000010000100,,NCLR palette,Confirmed,True,False,,,,,,,,,,False,False
/a/0/0/4,/a/0/0/4!/member_02777,0,/a/0/0/4,133,2777,,11193820,11193892,11170056,11170128,72,2c870793468bd7907ae0b454aedd5094d380a3a91b3533f8be66b09bff66c849,524c434efffe00014800000010000100,,NCLR palette,Confirmed,True,False,,,,,,,,,,False,False
/a/0/0/4,/a/0/0/4!/member_02778,0,/a/0/0/4,133,2778,,11193892,11200340,11170128,11176576,6448,149fcb2da7fe7ac35d452748ffe72bbff748b7d78237ccf4b322e4b1c4470704,5247434efffe00013019000010000100,,NCGR graphics,Confirmed,True,False,,,,,,,,,,False,False
/a/0/0/4,/a/0/0/4!/member_02779,0,/a/0/0/4,133,2779,,11200340,11206788,11176576,11183024,6448,149fcb2da7fe7ac35d452748ffe72bbff748b7d78237ccf4b322e4b1c4470704,5247434efffe00013019000010000100,,NCGR graphics,Confirmed,True,False,,,,,,,,,,False,False
/a/0/0/4,/a/0/0/4!/member_02780,0,/a/0/0/4,133,2780,,11206788,11213236,11183024,11189472,6448,00769ca81b4e70e6bf93523e75afccc5c10633ac4541618000c0ae4da2ce294d,5247434efffe00013019000010000100,,NCGR graphics,Confirmed,True,False,,,,,,,,,,False,False
/a/0/0/4,/a/0/0/4!/member_02781,0,/a/0/0/4,133,2781,,11213236,11219684,11189472,11195920,6448,00769ca81b4e70e6bf93523e75afccc5c10633ac4541618000c0ae4da2ce294d,5247434efffe00013019000010000100,,NCGR graphics,Confirmed,True,False,,,,,,,,,,False,False
/a/0/0/4,/a/0/0/4!/member_02782,0,/a/0/0/4,133,2782,,11219684,11219756,11195920,11195992,72,29713ee3e6cc5e5381cda605599723eeb42f899df1d400a1e4d500ebc61a8bd0,524c434efffe00014800000010000100,,NCLR palette,Confirmed,True,False,,,,,,,,,,False,False
/a/0/0/4,/a/0/0/4!/member_02783,0,/a/0/0/4,133,2783,,11219756,11219828,11195992,11196064,72,be9c62a2ef9fd744ed708d71468d4d7e372c9c601bf1661477de9013bee33fb6,524c434efffe00014800000010000100,,NCLR palette,Confirmed,True,False,,,,,,,,,,False,False
/a/0/0/4,/a/0/0/4!/member_02784,0,/a/0/0/4,133,2784,,11219828,11226276,11196064,11202512,6448,deff3ed7fd75aaecd98d8067daef6159c72098631821d59a63ab1220114677ef,5247434efffe00013019000010000100,,NCGR graphics,Confirmed,True,False,,,,,,,,,,False,False
/a/0/0/4,/a/0/0/4!/member_02785,0,/a/0/0/4,133,2785,,11226276,11232724,11202512,11208960,6448,83a19b3afe290b45d60e106d8d56fa19f4184407e1b79fce106ed06171f6335a,5247434efffe00013019000010000100,,NCGR graphics,Confirmed,True,False,,,,,,,,,,False,False
/a/0/0/4,/a/0/0/4!/member_02786,0,/a/0/0/4,133,2786,,11232724,11239172,11208960,11215408,6448,a424f6089102288ad61b7343c0e06df1cbbbda11a33023e7deffe3bbd3b96e4c,5247434efffe00013019000010000100,,NCGR graphics,Confirmed,True,False,,,,,,,,,,False,False
/a/0/0/4,/a/0/0/4!/member_02787,0,/a/0/0/4,133,2787,,11239172,11245620,11215408,11221856,6448,dcb0d896d864a18262ba8a3ec267f3acff9c61a9e45069853a4c43cc05ab70ba,5247434efffe00013019000010000100,,NCGR graphics,Confirmed,True,False,,,,,,,,,,False,False
/a/0/0/4,/a/0/0/4!/member_02788,0,/a/0/0/4,133,2788,,11245620,11245692,11221856,11221928,72,070c86d1ab31673fe87354ca81bfa822f708d057dbb94da742b90e69e4be76d5,524c434efffe00014800000010000100,,NCLR palette,Confirmed,True,False,,,,,,,,,,False,False
/a/0/0/4,/a/0/0/4!/member_02789,0,/a/0/0/4,133,2789,,11245692,11245764,11221928,11222000,72,1393a722d7ae12107f4cce4a49b8f8e71dac8d93131035eeca0c216fb1c1f0e7,524c434efffe00014800000010000100,,NCLR palette,Confirmed,True,False,,,,,,,,,,False,False
/a/0/0/4,/a/0/0/4!/member_02790,0,/a/0/0/4,133,2790,,11245764,11252212,11222000,11228448,6448,3a41df3e96b4ca8fced771202be48a2813dd3fdb2b2246eb2c65475d637cf43d,5247434efffe00013019000010000100,,NCGR graphics,Confirmed,True,False,,,,,,,,,,False,False
/a/0/0/4,/a/0/0/4!/member_02791,0,/a/0/0/4,133,2791,,11252212,11258660,11228448,11234896,6448,aaad083ff5695135215b01f63991604305069fe8a8904344301b7d937ebec0bf,5247434efffe00013019000010000100,,NCGR graphics,Confirmed,True,False,,,,,,,,,,False,False
/a/0/0/4,/a/0/0/4!/member_02792,0,/a/0/0/4,133,2792,,11258660,11265108,11234896,11241344,6448,8d8c0d0afa3d96c6b0e8049d8daf18c586b16c2c28056d4d0d08464645940fdd,5247434efffe00013019000010000100,,NCGR graphics,Confirmed,True,False,,,,,,,,,,False,False
/a/0/0/4,/a/0/0/4!/member_02793,0,/a/0/0/4,133,2793,,11265108,11271556,11241344,11247792,6448,5a8964b60f7f600b05dcb4fb684b6b10806815638e979c85700f721e265e6107,5247434efffe00013019000010000100,,NCGR graphics,Confirmed,True,False,,,,,,,,,,False,False
/a/0/0/4,/a/0/0/4!/member_02794,0,/a/0/0/4,133,2794,,11271556,11271628,11247792,11247864,72,af408527be0c18782ac61d4b83906dce29d6b8440ab4cf4d7bd3581fca86ba86,524c434efffe00014800000010000100,,NCLR palette,Confirmed,True,False,,,,,,,,,,False,False
/a/0/0/4,/a/0/0/4!/member_02795,0,/a/0/0/4,133,2795,,11271628,11271700,11247864,11247936,72,88a14102b20b5df8d5b5e09bc7f99bd60e59086445a3dddc072a3966dd6a4f2c,524c434efffe00014800000010000100,,NCLR palette,Confirmed,True,False,,,,,,,,,,False,False
/a/0/0/4,/a/0/0/4!/member_02796,0,/a/0/0/4,133,2796,,11271700,11278148,11247936,11254384,6448,6073c194f29d4e6a9a256ae51494a8c702fa205d3836b59ac3bfa749b4bd7998,5247434efffe00013019000010000100,,NCGR graphics,Confirmed,True,False,,,,,,,,,,False,False
/a/0/0/4,/a/0/0/4!/member_02797,0,/a/0/0/4,133,2797,,11278148,11284596,11254384,11260832,6448,6073c194f29d4e6a9a256ae51494a8c702fa205d3836b59ac3bfa749b4bd7998,5247434efffe00013019000010000100,,NCGR graphics,Confirmed,True,False,,,,,,,,,,False,False
/a/0/0/4,/a/0/0/4!/member_02798,0,/a/0/0/4,133,2798,,11284596,11291044,11260832,11267280,6448,c8667ee9a0cd776f55ac9abf10ec09cad98e657c2eb3af95dbe9884ffcb058f2,5247434efffe00013019000010000100,,NCGR graphics,Confirmed,True,False,,,,,,,,,,False,False
/a/0/0/4,/a/0/0/4!/member_02799,0,/a/0/0/4,133,2799,,11291044,11297492,11267280,11273728,6448,c8667ee9a0cd776f55ac9abf10ec09cad98e657c2eb3af95dbe9884ffcb058f2,5247434efffe00013019000010000100,,NCGR graphics,Confirmed,True,False,,,,,,,,,,False,False
/a/0/0/4,/a/0/0/4!/member_02800,0,/a/0/0/4,133,2800,,11297492,11297564,11273728,11273800,72,a86c48a798f277bd0212036c92d9e649584ce7aca3b58e135ff0a19cb06e528b,524c434efffe00014800000010000100,,NCLR palette,Confirmed,True,False,,,,,,,,,,False,False
/a/0/0/4,/a/0/0/4!/member_02801,0,/a/0/0/4,133,2801,,11297564,11297636,11273800,11273872,72,ff36fde3f2ab0e706081294738d9a010c0b4368eef4feb44fe128b3ef6c137e6,524c434efffe00014800000010000100,,NCLR palette,Confirmed,True,False,,,,,,,,,,False,False
/a/0/0/4,/a/0/0/4!/member_02802,0,/a/0/0/4,133,2802,,11297636,11304084,11273872,11280320,6448,6a482de059b6e0987a6a9b0458d61b68c0de01b397a05c2581f352dbef874e37,5247434efffe00013019000010000100,,NCGR graphics,Confirmed,True,False,,,,,,,,,,False,False
/a/0/0/4,/a/0/0/4!/member_02803,0,/a/0/0/4,133,2803,,11304084,11310532,11280320,11286768,6448,6a482de059b6e0987a6a9b0458d61b68c0de01b397a05c2581f352dbef874e37,5247434efffe00013019000010000100,,NCGR graphics,Confirmed,True,False,,,,,,,,,,False,False
/a/0/0/4,/a/0/0/4!/member_02804,0,/a/0/0/4,133,2804,,11310532,11316980,11286768,11293216,6448,6372a0146f60f26e09ab3e7618b3657cf62a4358e5d6a152919904fbc96700f5,5247434efffe00013019000010000100,,NCGR graphics,Confirmed,True,False,,,,,,,,,,False,False
/a/0/0/4,/a/0/0/4!/member_02805,0,/a/0/0/4,133,2805,,11316980,11323428,11293216,11299664,6448,6372a0146f60f26e09ab3e7618b3657cf62a4358e5d6a152919904fbc96700f5,5247434efffe00013019000010000100,,NCGR graphics,Confirmed,True,False,,,,,,,,,,False,False
/a/0/0/4,/a/0/0/4!/member_02806,0,/a/0/0/4,133,2806,,11323428,11323500,11299664,11299736,72,27dc8699555e143568e53146371e7e738dde659e7a353fddf6df3dfacb740644,524c434efffe00014800000010000100,,NCLR palette,Confirmed,True,False,,,,,,,,,,False,False
/a/0/0/4,/a/0/0/4!/member_02807,0,/a/0/0/4,133,2807,,11323500,11323572,11299736,11299808,72,e43c2fd050a428f095311e0dba254919b965192920abcea6323d3e77064f07a1,524c434efffe00014800000010000100,,NCLR palette,Confirmed,True,False,,,,,,,,,,False,False
/a/0/0/4,/a/0/0/4!/member_02808,0,/a/0/0/4,133,2808,,11323572,11330020,11299808,11306256,6448,2dd4fcbd30711f6448390839251dbb2dd45ba508852191d77ba43a9af0be4011,5247434efffe00013019000010000100,,NCGR graphics,Confirmed,True,False,,,,,,,,,,False,False
/a/0/0/4,/a/0/0/4!/member_02809,0,/a/0/0/4,133,2809,,11330020,11336468,11306256,11312704,6448,2dd4fcbd30711f6448390839251dbb2dd45ba508852191d77ba43a9af0be4011,5247434efffe00013019000010000100,,NCGR graphics,Confirmed,True,False,,,,,,,,,,False,False
/a/0/0/4,/a/0/0/4!/member_02810,0,/a/0/0/4,133,2810,,11336468,11342916,11312704,11319152,6448,cedcfd6593a94f52daf4403351cab015a13b410b92aa2c169f95d93a4be2436e,5247434efffe00013019000010000100,,NCGR graphics,Confirmed,True,False,,,,,,,,,,False,False
/a/0/0/4,/a/0/0/4!/member_02811,0,/a/0/0/4,133,2811,,11342916,11349364,11319152,11325600,6448,cedcfd6593a94f52daf4403351cab015a13b410b92aa2c169f95d93a4be2436e,5247434efffe00013019000010000100,,NCGR graphics,Confirmed,True,False,,,,,,,,,,False,False
/a/0/0/4,/a/0/0/4!/member_02812,0,/a/0/0/4,133,2812,,11349364,11349436,11325600,11325672,72,304a3905c4f76860f739f02d802be7342c2aca0970370c31393a17dd2a784e51,524c434efffe00014800000010000100,,NCLR palette,Confirmed,True,False,,,,,,,,,,False,False
/a/0/0/4,/a/0/0/4!/member_02813,0,/a/0/0/4,133,2813,,11349436,11349508,11325672,11325744,72,e2a0cff8f770280ab254585f3897ec7d9d6d6ce0eb6fcfa7070216e2db9c333a,524c434efffe00014800000010000100,,NCLR palette,Confirmed,True,False,,,,,,,,,,False,False
/a/0/0/4,/a/0/0/4!/member_02814,0,/a/0/0/4,133,2814,,11349508,11355956,11325744,11332192,6448,948dd7db8f0bef27ceeb34c1fc7b8b1340f757c6f1657ccf06561c47cb4e6f55,5247434efffe00013019000010000100,,NCGR graphics,Confirmed,True,False,,,,,,,,,,False,False
/a/0/0/4,/a/0/0/4!/member_02815,0,/a/0/0/4,133,2815,,11355956,11362404,11332192,11338640,6448,948dd7db8f0bef27ceeb34c1fc7b8b1340f757c6f1657ccf06561c47cb4e6f55,5247434efffe00013019000010000100,,NCGR graphics,Confirmed,True,False,,,,,,,,,,False,False
/a/0/0/4,/a/0/0/4!/member_02816,0,/a/0/0/4,133,2816,,11362404,11368852,11338640,11345088,6448,9e1b99128ea60594e64098b52d3925c348b3ef19a7182dd67fec5bb2d437df17,5247434efffe00013019000010000100,,NCGR graphics,Confirmed,True,False,,,,,,,,,,False,False
/a/0/0/4,/a/0/0/4!/member_02817,0,/a/0/0/4,133,2817,,11368852,11375300,11345088,11351536,6448,9e1b99128ea60594e64098b52d3925c348b3ef19a7182dd67fec5bb2d437df17,5247434efffe00013019000010000100,,NCGR graphics,Confirmed,True,False,,,,,,,,,,False,False
/a/0/0/4,/a/0/0/4!/member_02818,0,/a/0/0/4,133,2818,,11375300,11375372,11351536,11351608,72,8a23f192c803bb2005d805d1972cc46f00836425796ff02b1070944c326b3498,524c434efffe00014800000010000100,,NCLR palette,Confirmed,True,False,,,,,,,,,,False,False
/a/0/0/4,/a/0/0/4!/member_02819,0,/a/0/0/4,133,2819,,11375372,11375444,11351608,11351680,72,b06377f1ebf8de7dff0b0997067f59855c0ac090235010327f6e4f2c8c0227b9,524c434efffe00014800000010000100,,NCLR palette,Confirmed,True,False,,,,,,,,,,False,False
/a/0/0/4,/a/0/0/4!/member_02820,0,/a/0/0/4,133,2820,,11375444,11381892,11351680,11358128,6448,731f7332fcb814ccf9e0c05f69aa6490f01bb405a09a52bcf47c23caa0bc93f7,5247434efffe00013019000010000100,,NCGR graphics,Confirmed,True,False,,,,,,,,,,False,False
/a/0/0/4,/a/0/0/4!/member_02821,0,/a/0/0/4,133,2821,,11381892,11388340,11358128,11364576,6448,731f7332fcb814ccf9e0c05f69aa6490f01bb405a09a52bcf47c23caa0bc93f7,5247434efffe00013019000010000100,,NCGR graphics,Confirmed,True,False,,,,,,,,,,False,False
/a/0/0/4,/a/0/0/4!/member_02822,0,/a/0/0/4,133,2822,,11388340,11394788,11364576,11371024,6448,af940a18557967bffecaaab96a6d60d001c970803e64120c2bb3b84235432658,5247434efffe00013019000010000100,,NCGR graphics,Confirmed,True,False,,,,,,,,,,False,False
/a/0/0/4,/a/0/0/4!/member_02823,0,/a/0/0/4,133,2823,,11394788,11401236,11371024,11377472,6448,af940a18557967bffecaaab96a6d60d001c970803e64120c2bb3b84235432658,5247434efffe00013019000010000100,,NCGR graphics,Confirmed,True,False,,,,,,,,,,False,False
/a/0/0/4,/a/0/0/4!/member_02824,0,/a/0/0/4,133,2824,,11401236,11401308,11377472,11377544,72,0d518ed1ea29b283e5008ebc7d20c32a45a821e859629971de62100f7d2f4053,524c434efffe00014800000010000100,,NCLR palette,Confirmed,True,False,,,,,,,,,,False,False
/a/0/0/4,/a/0/0/4!/member_02825,0,/a/0/0/4,133,2825,,11401308,11401380,11377544,11377616,72,8bb380c1cc6accf8285ede1842db68f86bc8df260fad69f4bc4cdc83e69dfb1d,524c434efffe00014800000010000100,,NCLR palette,Confirmed,True,False,,,,,,,,,,False,False
/a/0/0/4,/a/0/0/4!/member_02826,0,/a/0/0/4,133,2826,,11401380,11407828,11377616,11384064,6448,07d9880a6d74db582f11438df5230920cdd46235531d9b2a54a08310cd8cf0ad,5247434efffe00013019000010000100,,NCGR graphics,Confirmed,True,False,,,,,,,,,,False,False
/a/0/0/4,/a/0/0/4!/member_02827,0,/a/0/0/4,133,2827,,11407828,11414276,11384064,11390512,6448,07d9880a6d74db582f11438df5230920cdd46235531d9b2a54a08310cd8cf0ad,5247434efffe00013019000010000100,,NCGR graphics,Confirmed,True,False,,,,,,,,,,False,False
/a/0/0/4,/a/0/0/4!/member_02828,0,/a/0/0/4,133,2828,,11414276,11420724,11390512,11396960,6448,1746bcafbcdeb95b1c4decaa61e6aa9d306a921fa90319fb3ada7f33d85c5633,5247434efffe00013019000010000100,,NCGR graphics,Confirmed,True,False,,,,,,,,,,False,False
/a/0/0/4,/a/0/0/4!/member_02829,0,/a/0/0/4,133,2829,,11420724,11427172,11396960,11403408,6448,1746bcafbcdeb95b1c4decaa61e6aa9d306a921fa90319fb3ada7f33d85c5633,5247434efffe00013019000010000100,,NCGR graphics,Confirmed,True,False,,,,,,,,,,False,False
/a/0/0/4,/a/0/0/4!/member_02830,0,/a/0/0/4,133,2830,,11427172,11427244,11403408,11403480,72,755d95a3567a7589f125e08628ec5817a7cd1812ba18f67cb4ad9557e9c595e4,524c434efffe00014800000010000100,,NCLR palette,Confirmed,True,False,,,,,,,,,,False,False
/a/0/0/4,/a/0/0/4!/member_02831,0,/a/0/0/4,133,2831,,11427244,11427316,11403480,11403552,72,dd35dd74ffbc1ed5c46850f5cd3021eb35987b067c9417808caeb0bc06ce97c8,524c434efffe00014800000010000100,,NCLR palette,Confirmed,True,False,,,,,,,,,,False,False
/a/0/0/4,/a/0/0/4!/member_02832,0,/a/0/0/4,133,2832,,11427316,11433764,11403552,11410000,6448,4fb8aeeebd57617008a26e6b458f3daf67e4b30a486a19c74f46b568d9efa087,5247434efffe00013019000010000100,,NCGR graphics,Confirmed,True,False,,,,,,,,,,False,False
/a/0/0/4,/a/0/0/4!/member_02833,0,/a/0/0/4,133,2833,,11433764,11440212,11410000,11416448,6448,4fb8aeeebd57617008a26e6b458f3daf67e4b30a486a19c74f46b568d9efa087,5247434efffe00013019000010000100,,NCGR graphics,Confirmed,True,False,,,,,,,,,,False,False
/a/0/0/4,/a/0/0/4!/member_02834,0,/a/0/0/4,133,2834,,11440212,11446660,11416448,11422896,6448,b541e5b3023fe7f2ff059dc26c29e9c776405761d0dbeb8c6859771e9e0dffd8,5247434efffe00013019000010000100,,NCGR graphics,Confirmed,True,False,,,,,,,,,,False,False
/a/0/0/4,/a/0/0/4!/member_02835,0,/a/0/0/4,133,2835,,11446660,11453108,11422896,11429344,6448,b541e5b3023fe7f2ff059dc26c29e9c776405761d0dbeb8c6859771e9e0dffd8,5247434efffe00013019000010000100,,NCGR graphics,Confirmed,True,False,,,,,,,,,,False,False
/a/0/0/4,/a/0/0/4!/member_02836,0,/a/0/0/4,133,2836,,11453108,11453180,11429344,11429416,72,2429e37de3fbd25b95a200f61de51b9b9b025ba249789a27c577f4fd9cfd32df,524c434efffe00014800000010000100,,NCLR palette,Confirmed,True,False,,,,,,,,,,False,False
/a/0/0/4,/a/0/0/4!/member_02837,0,/a/0/0/4,133,2837,,11453180,11453252,11429416,11429488,72,afa3f34be063addc7bc99851ae6b233e3504cea81167f14767d5d1ecdbcdf01a,524c434efffe00014800000010000100,,NCLR palette,Confirmed,True,False,,,,,,,,,,False,False
/a/0/0/4,/a/0/0/4!/member_02838,0,/a/0/0/4,133,2838,,11453252,11459700,11429488,11435936,6448,73e1798d48254f592beac89b56705f17996458a22ac4767ec8f78a8fffb714bf,5247434efffe00013019000010000100,,NCGR graphics,Confirmed,True,False,,,,,,,,,,False,False
/a/0/0/4,/a/0/0/4!/member_02839,0,/a/0/0/4,133,2839,,11459700,11466148,11435936,11442384,6448,73e1798d48254f592beac89b56705f17996458a22ac4767ec8f78a8fffb714bf,5247434efffe00013019000010000100,,NCGR graphics,Confirmed,True,False,,,,,,,,,,False,False
/a/0/0/4,/a/0/0/4!/member_02840,0,/a/0/0/4,133,2840,,11466148,11472596,11442384,11448832,6448,e6f7556d05c6365811f4f66a17b1e2066c6c7544e910865ef27d22ca262af1a0,5247434efffe00013019000010000100,,NCGR graphics,Confirmed,True,False,,,,,,,,,,False,False
/a/0/0/4,/a/0/0/4!/member_02841,0,/a/0/0/4,133,2841,,11472596,11479044,11448832,11455280,6448,46f2eeef635b241c7eab98957a10d5b58889714401a006df4dea163ca2c8ddce,5247434efffe00013019000010000100,,NCGR graphics,Confirmed,True,False,,,,,,,,,,False,False
/a/0/0/4,/a/0/0/4!/member_02842,0,/a/0/0/4,133,2842,,11479044,11479116,11455280,11455352,72,0b0aa868a9382b5debb064ae1967df88bf9a8435ea291620e377453a93be712a,524c434efffe00014800000010000100,,NCLR palette,Confirmed,True,False,,,,,,,,,,False,False
/a/0/0/4,/a/0/0/4!/member_02843,0,/a/0/0/4,133,2843,,11479116,11479188,11455352,11455424,72,4cc292347e3a3f8acedbf78b74ec54504da4651f7ccefed4bf49cde9a20bd9c9,524c434efffe00014800000010000100,,NCLR palette,Confirmed,True,False,,,,,,,,,,False,False
/a/0/0/4,/a/0/0/4!/member_02844,0,/a/0/0/4,133,2844,,11479188,11479188,11455424,11455424,0,e3b0c44298fc1c149afbf4c8996fb92427ae41e4649b934ca495991b7852b855,,,,,,False,,,,,,,,,,False,False
/a/0/0/4,/a/0/0/4!/member_02845,0,/a/0/0/4,133,2845,,11479188,11485636,11455424,11461872,6448,0ba1b78dd1abdd3b77fd2fe4dfe15ce4c6f3e74dd37b1f1fbd47d81aa5dee4b7,5247434efffe00013019000010000100,,NCGR graphics,Confirmed,True,False,,,,,,,,,,False,False
/a/0/0/4,/a/0/0/4!/member_02846,0,/a/0/0/4,133,2846,,11485636,11485636,11461872,11461872,0,e3b0c44298fc1c149afbf4c8996fb92427ae41e4649b934ca495991b7852b855,,,,,,False,,,,,,,,,,False,False
/a/0/0/4,/a/0/0/4!/member_02847,0,/a/0/0/4,133,2847,,11485636,11492084,11461872,11468320,6448,bfaa874faa29d4b08563e835a95b877e1c19475015f4920b41def808fecf36ed,5247434efffe00013019000010000100,,NCGR graphics,Confirmed,True,False,,,,,,,,,,False,False
/a/0/0/4,/a/0/0/4!/member_02848,0,/a/0/0/4,133,2848,,11492084,11492156,11468320,11468392,72,a69379213753a46195ba26ee9ff7d445c468bcfdf9b3579bf0514a3e929f2c59,524c434efffe00014800000010000100,,NCLR palette,Confirmed,True,False,,,,,,,,,,False,False
/a/0/0/4,/a/0/0/4!/member_02849,0,/a/0/0/4,133,2849,,11492156,11492228,11468392,11468464,72,b002e643a9585a1970b3c95234c4e2e37655d2eee9f03175c38d7e559690c469,524c434efffe00014800000010000100,,NCLR palette,Confirmed,True,False,,,,,,,,,,False,False
/a/0/0/4,/a/0/0/4!/member_02850,0,/a/0/0/4,133,2850,,11492228,11492228,11468464,11468464,0,e3b0c44298fc1c149afbf4c8996fb92427ae41e4649b934ca495991b7852b855,,,,,,False,,,,,,,,,,False,False
/a/0/0/4,/a/0/0/4!/member_02851,0,/a/0/0/4,133,2851,,11492228,11498676,11468464,11474912,6448,e07e31c233a99e39b3f6d05971cd4b55261d2f458076bdb04fafbf6704c96374,5247434efffe00013019000010000100,,NCGR graphics,Confirmed,True,False,,,,,,,,,,False,False
/a/0/0/4,/a/0/0/4!/member_02852,0,/a/0/0/4,133,2852,,11498676,11498676,11474912,11474912,0,e3b0c44298fc1c149afbf4c8996fb92427ae41e4649b934ca495991b7852b855,,,,,,False,,,,,,,,,,False,False
/a/0/0/4,/a/0/0/4!/member_02853,0,/a/0/0/4,133,2853,,11498676,11505124,11474912,11481360,6448,0355c7fab8eaf33a995d80a67899b672bc5c05d3ad1153154388794570a7513b,5247434efffe00013019000010000100,,NCGR graphics,Confirmed,True,False,,,,,,,,,,False,False
/a/0/0/4,/a/0/0/4!/member_02854,0,/a/0/0/4,133,2854,,11505124,11505196,11481360,11481432,72,f2e19a6287769fe96de6b19cecbbb837736cf6cf4b47724b5412a2d963ffc98e,524c434efffe00014800000010000100,,NCLR palette,Confirmed,True,False,,,,,,,,,,False,False
/a/0/0/4,/a/0/0/4!/member_02855,0,/a/0/0/4,133,2855,,11505196,11505268,11481432,11481504,72,259ff28c376a66af942aa8a2cc673d88196c8f02f2bbb61f50e00e43968ca6c4,524c434efffe00014800000010000100,,NCLR palette,Confirmed,True,False,,,,,,,,,,False,False
/a/0/0/4,/a/0/0/4!/member_02856,0,/a/0/0/4,133,2856,,11505268,11511716,11481504,11487952,6448,a814c2c8f7e38a4344d373e23cdd179d4831335b7ea1f5e115c3bb5f58843a54,5247434efffe00013019000010000100,,NCGR graphics,Confirmed,True,False,,,,,,,,,,False,False
/a/0/0/4,/a/0/0/4!/member_02857,0,/a/0/0/4,133,2857,,11511716,11518164,11487952,11494400,6448,a814c2c8f7e38a4344d373e23cdd179d4831335b7ea1f5e115c3bb5f58843a54,5247434efffe00013019000010000100,,NCGR graphics,Confirmed,True,False,,,,,,,,,,False,False
/a/0/0/4,/a/0/0/4!/member_02858,0,/a/0/0/4,133,2858,,11518164,11524612,11494400,11500848,6448,974fafa50c8f889efaeade74d1568f6668a04f84c53e707e90cc6c7c10b6099b,5247434efffe00013019000010000100,,NCGR graphics,Confirmed,True,False,,,,,,,,,,False,False
/a/0/0/4,/a/0/0/4!/member_02859,0,/a/0/0/4,133,2859,,11524612,11531060,11500848,11507296,6448,974fafa50c8f889efaeade74d1568f6668a04f84c53e707e90cc6c7c10b6099b,5247434efffe00013019000010000100,,NCGR graphics,Confirmed,True,False,,,,,,,,,,False,False
/a/0/0/4,/a/0/0/4!/member_02860,0,/a/0/0/4,133,2860,,11531060,11531132,11507296,11507368,72,0719a9e327dc5543dd04b4fa85854d117629909466e7c650c6efcb9ed3596e22,524c434efffe00014800000010000100,,NCLR palette,Confirmed,True,False,,,,,,,,,,False,False
/a/0/0/4,/a/0/0/4!/member_02861,0,/a/0/0/4,133,2861,,11531132,11531204,11507368,11507440,72,4436a6407ed7d8cb151d8831055dd886960dd7ef7f3e3042c6f38fa468d952d6,524c434efffe00014800000010000100,,NCLR palette,Confirmed,True,False,,,,,,,,,,False,False
/a/0/0/4,/a/0/0/4!/member_02862,0,/a/0/0/4,133,2862,,11531204,11537652,11507440,11513888,6448,97d7cc9f4cb98e40f11407ac91df91c47efb56ca931866a5034659bfa009af34,5247434efffe00013019000010000100,,NCGR graphics,Confirmed,True,False,,,,,,,,,,False,False
/a/0/0/4,/a/0/0/4!/member_02863,0,/a/0/0/4,133,2863,,11537652,11544100,11513888,11520336,6448,97d7cc9f4cb98e40f11407ac91df91c47efb56ca931866a5034659bfa009af34,5247434efffe00013019000010000100,,NCGR graphics,Confirmed,True,False,,,,,,,,,,False,False
/a/0/0/4,/a/0/0/4!/member_02864,0,/a/0/0/4,133,2864,,11544100,11550548,11520336,11526784,6448,67b8448c56e373bcbd05f8231c8b17d1cd4825af77764efa878cf01682de3132,5247434efffe00013019000010000100,,NCGR graphics,Confirmed,True,False,,,,,,,,,,False,False
/a/0/0/4,/a/0/0/4!/member_02865,0,/a/0/0/4,133,2865,,11550548,11556996,11526784,11533232,6448,67b8448c56e373bcbd05f8231c8b17d1cd4825af77764efa878cf01682de3132,5247434efffe00013019000010000100,,NCGR graphics,Confirmed,True,False,,,,,,,,,,False,False
/a/0/0/4,/a/0/0/4!/member_02866,0,/a/0/0/4,133,2866,,11556996,11557068,11533232,11533304,72,4154544d220bd4a738b1b7ff58022ab92db9420bc804013e29855aca0a5b91c7,524c434efffe00014800000010000100,,NCLR palette,Confirmed,True,False,,,,,,,,,,False,False
/a/0/0/4,/a/0/0/4!/member_02867,0,/a/0/0/4,133,2867,,11557068,11557140,11533304,11533376,72,8a591a5691df9165253950999e14461da15aad3e6eb2d27436e11f3d45cdd365,524c434efffe00014800000010000100,,NCLR palette,Confirmed,True,False,,,,,,,,,,False,False
/a/0/0/4,/a/0/0/4!/member_02868,0,/a/0/0/4,133,2868,,11557140,11563588,11533376,11539824,6448,77a3254c9da785ffe24756f460b9c9424d7262cea7f90a4eb1365cc08db4eb1f,5247434efffe00013019000010000100,,NCGR graphics,Confirmed,True,False,,,,,,,,,,False,False
/a/0/0/4,/a/0/0/4!/member_02869,0,/a/0/0/4,133,2869,,11563588,11563588,11539824,11539824,0,e3b0c44298fc1c149afbf4c8996fb92427ae41e4649b934ca495991b7852b855,,,,,,False,,,,,,,,,,False,False
/a/0/0/4,/a/0/0/4!/member_02870,0,/a/0/0/4,133,2870,,11563588,11570036,11539824,11546272,6448,8a643ad843de65d7dfc75ca066ce02c2e259983f881c35cb616d2eee6594a0e1,5247434efffe00013019000010000100,,NCGR graphics,Confirmed,True,False,,,,,,,,,,False,False
/a/0/0/4,/a/0/0/4!/member_02871,0,/a/0/0/4,133,2871,,11570036,11570036,11546272,11546272,0,e3b0c44298fc1c149afbf4c8996fb92427ae41e4649b934ca495991b7852b855,,,,,,False,,,,,,,,,,False,False
/a/0/0/4,/a/0/0/4!/member_02872,0,/a/0/0/4,133,2872,,11570036,11570108,11546272,11546344,72,ada8aa9e2c8834b73b2c6a7baa7a882ffcca2380569b321a317c881f9a573421,524c434efffe00014800000010000100,,NCLR palette,Confirmed,True,False,,,,,,,,,,False,False
/a/0/0/4,/a/0/0/4!/member_02873,0,/a/0/0/4,133,2873,,11570108,11570180,11546344,11546416,72,c9a86dbe9da33f173c7b22ebdfed3c7f22101195995f53fb2336f2efdb02d1c4,524c434efffe00014800000010000100,,NCLR palette,Confirmed,True,False,,,,,,,,,,False,False
/a/0/0/4,/a/0/0/4!/member_02874,0,/a/0/0/4,133,2874,,11570180,11570180,11546416,11546416,0,e3b0c44298fc1c149afbf4c8996fb92427ae41e4649b934ca495991b7852b855,,,,,,False,,,,,,,,,,False,False
/a/0/0/4,/a/0/0/4!/member_02875,0,/a/0/0/4,133,2875,,11570180,11576628,11546416,11552864,6448,5daae6188f1bbb033a8303adbcd0d1b69f0bd805a040a408d8aab43296f340d6,5247434efffe00013019000010000100,,NCGR graphics,Confirmed,True,False,,,,,,,,,,False,False
/a/0/0/4,/a/0/0/4!/member_02876,0,/a/0/0/4,133,2876,,11576628,11576628,11552864,11552864,0,e3b0c44298fc1c149afbf4c8996fb92427ae41e4649b934ca495991b7852b855,,,,,,False,,,,,,,,,,False,False
/a/0/0/4,/a/0/0/4!/member_02877,0,/a/0/0/4,133,2877,,11576628,11583076,11552864,11559312,6448,e29d80e587d6d70868147f1d3233392743ebefc011cd45c90aec0cf1894aba09,5247434efffe00013019000010000100,,NCGR graphics,Confirmed,True,False,,,,,,,,,,False,False
/a/0/0/4,/a/0/0/4!/member_02878,0,/a/0/0/4,133,2878,,11583076,11583148,11559312,11559384,72,09f0d0cabfa4b2dbea5d6deea2aaa08afcb3a019831f404b2e342375e018d565,524c434efffe00014800000010000100,,NCLR palette,Confirmed,True,False,,,,,,,,,,False,False
/a/0/0/4,/a/0/0/4!/member_02879,0,/a/0/0/4,133,2879,,11583148,11583220,11559384,11559456,72,dbad656a1bd48861d23ecc209b9f8db97a1f8d83a62606b6b02670f36619df5e,524c434efffe00014800000010000100,,NCLR palette,Confirmed,True,False,,,,,,,,,,False,False
/a/0/0/4,/a/0/0/4!/member_02880,0,/a/0/0/4,133,2880,,11583220,11583220,11559456,11559456,0,e3b0c44298fc1c149afbf4c8996fb92427ae41e4649b934ca495991b7852b855,,,,,,False,,,,,,,,,,False,False
/a/0/0/4,/a/0/0/4!/member_02881,0,/a/0/0/4,133,2881,,11583220,11589668,11559456,11565904,6448,6fe9e5968d63c6b53b7552ba0ef238aa10ff0add43b451b88c6cb0607fd5dfef,5247434efffe00013019000010000100,,NCGR graphics,Confirmed,True,False,,,,,,,,,,False,False
/a/0/0/4,/a/0/0/4!/member_02882,0,/a/0/0/4,133,2882,,11589668,11589668,11565904,11565904,0,e3b0c44298fc1c149afbf4c8996fb92427ae41e4649b934ca495991b7852b855,,,,,,False,,,,,,,,,,False,False
/a/0/0/4,/a/0/0/4!/member_02883,0,/a/0/0/4,133,2883,,11589668,11596116,11565904,11572352,6448,8cb9e95a3081174db59e86d05b8627e3548902d17ae895ee97e1b5b165629991,5247434efffe00013019000010000100,,NCGR graphics,Confirmed,True,False,,,,,,,,,,False,False
/a/0/0/4,/a/0/0/4!/member_02884,0,/a/0/0/4,133,2884,,11596116,11596188,11572352,11572424,72,0fe6227337013055a9237fa47cc6810c9e80a07012a7ff4127ff7b9238544729,524c434efffe00014800000010000100,,NCLR palette,Confirmed,True,False,,,,,,,,,,False,False
/a/0/0/4,/a/0/0/4!/member_02885,0,/a/0/0/4,133,2885,,11596188,11596260,11572424,11572496,72,4db435181f6cc3bf8cdd4b78742ea224e037873eca1ba1004f1ea4f676234ab7,524c434efffe00014800000010000100,,NCLR palette,Confirmed,True,False,,,,,,,,,,False,False
/a/0/0/4,/a/0/0/4!/member_02886,0,/a/0/0/4,133,2886,,11596260,11596260,11572496,11572496,0,e3b0c44298fc1c149afbf4c8996fb92427ae41e4649b934ca495991b7852b855,,,,,,False,,,,,,,,,,False,False
/a/0/0/4,/a/0/0/4!/member_02887,0,/a/0/0/4,133,2887,,11596260,11602708,11572496,11578944,6448,0c9b6a31505b6c4b37d81b6c2ef81c220d9b778292b610d42d3945838a767aa9,5247434efffe00013019000010000100,,NCGR graphics,Confirmed,True,False,,,,,,,,,,False,False
/a/0/0/4,/a/0/0/4!/member_02888,0,/a/0/0/4,133,2888,,11602708,11602708,11578944,11578944,0,e3b0c44298fc1c149afbf4c8996fb92427ae41e4649b934ca495991b7852b855,,,,,,False,,,,,,,,,,False,False
/a/0/0/4,/a/0/0/4!/member_02889,0,/a/0/0/4,133,2889,,11602708,11609156,11578944,11585392,6448,ce4736bf152e8d73234ff064d6b65e464bcefc2ee5f33553160ca0b867cecd99,5247434efffe00013019000010000100,,NCGR graphics,Confirmed,True,False,,,,,,,,,,False,False
/a/0/0/4,/a/0/0/4!/member_02890,0,/a/0/0/4,133,2890,,11609156,11609228,11585392,11585464,72,c2b8b1a808995e9e61d52c5acee45f60d4537cf9086d428b29b15e6292bd2733,524c434efffe00014800000010000100,,NCLR palette,Confirmed,True,False,,,,,,,,,,False,False
/a/0/0/4,/a/0/0/4!/member_02891,0,/a/0/0/4,133,2891,,11609228,11609300,11585464,11585536,72,92b5d726c6288cc6692ad86137858e647f95cd94890cb689dc6af748c1d28a48,524c434efffe00014800000010000100,,NCLR palette,Confirmed,True,False,,,,,,,,,,False,False
/a/0/0/4,/a/0/0/4!/member_02892,0,/a/0/0/4,133,2892,,11609300,11609300,11585536,11585536,0,e3b0c44298fc1c149afbf4c8996fb92427ae41e4649b934ca495991b7852b855,,,,,,False,,,,,,,,,,False,False
/a/0/0/4,/a/0/0/4!/member_02893,0,/a/0/0/4,133,2893,,11609300,11615748,11585536,11591984,6448,c51dcf7d8d9c5b36ca30f4a9a94e763d29975a19e09cf378059a2a138fc808dc,5247434efffe00013019000010000100,,NCGR graphics,Confirmed,True,False,,,,,,,,,,False,False
/a/0/0/4,/a/0/0/4!/member_02894,0,/a/0/0/4,133,2894,,11615748,11615748,11591984,11591984,0,e3b0c44298fc1c149afbf4c8996fb92427ae41e4649b934ca495991b7852b855,,,,,,False,,,,,,,,,,False,False
/a/0/0/4,/a/0/0/4!/member_02895,0,/a/0/0/4,133,2895,,11615748,11622196,11591984,11598432,6448,05ea9cc907be7fbd59a8857f657306c39edfc8c211b99b977b664986731ed68f,5247434efffe00013019000010000100,,NCGR graphics,Confirmed,True,False,,,,,,,,,,False,False
/a/0/0/4,/a/0/0/4!/member_02896,0,/a/0/0/4,133,2896,,11622196,11622268,11598432,11598504,72,9110ac22ae49f614b500f291c036cb4975fd972487119e58d9854cae95f3b6c7,524c434efffe00014800000010000100,,NCLR palette,Confirmed,True,False,,,,,,,,,,False,False
/a/0/0/4,/a/0/0/4!/member_02897,0,/a/0/0/4,133,2897,,11622268,11622340,11598504,11598576,72,39f0757d3581b3ac8c2ed2cdc89e42167452b4c5b58b9923afa3e4427f2eee4e,524c434efffe00014800000010000100,,NCLR palette,Confirmed,True,False,,,,,,,,,,False,False
/a/0/0/4,/a/0/0/4!/member_02898,0,/a/0/0/4,133,2898,,11622340,11622340,11598576,11598576,0,e3b0c44298fc1c149afbf4c8996fb92427ae41e4649b934ca495991b7852b855,,,,,,False,,,,,,,,,,False,False
/a/0/0/4,/a/0/0/4!/member_02899,0,/a/0/0/4,133,2899,,11622340,11628788,11598576,11605024,6448,e260bd9f695a5514d700c859070ddc69cb2833c5d923218655dd644986ecd341,5247434efffe00013019000010000100,,NCGR graphics,Confirmed,True,False,,,,,,,,,,False,False
/a/0/0/4,/a/0/0/4!/member_02900,0,/a/0/0/4,133,2900,,11628788,11628788,11605024,11605024,0,e3b0c44298fc1c149afbf4c8996fb92427ae41e4649b934ca495991b7852b855,,,,,,False,,,,,,,,,,False,False
/a/0/0/4,/a/0/0/4!/member_02901,0,/a/0/0/4,133,2901,,11628788,11635236,11605024,11611472,6448,fee54a0a55f6f2073390fdf72fdc2d387860176342511cc7ae935aefd5858928,5247434efffe00013019000010000100,,NCGR graphics,Confirmed,True,False,,,,,,,,,,False,False
/a/0/0/4,/a/0/0/4!/member_02902,0,/a/0/0/4,133,2902,,11635236,11635308,11611472,11611544,72,81e733cf474e98933a314d1a7cb40ec07119624017ff19dff6674596ac6acccc,524c434efffe00014800000010000100,,NCLR palette,Confirmed,True,False,,,,,,,,,,False,False
/a/0/0/4,/a/0/0/4!/member_02903,0,/a/0/0/4,133,2903,,11635308,11635380,11611544,11611616,72,2801f88093ae3a25b7d479256be35474c572ca712d55435ed9377f5ec79c9615,524c434efffe00014800000010000100,,NCLR palette,Confirmed,True,False,,,,,,,,,,False,False
/a/0/0/4,/a/0/0/4!/member_02904,0,/a/0/0/4,133,2904,,11635380,11635380,11611616,11611616,0,e3b0c44298fc1c149afbf4c8996fb92427ae41e4649b934ca495991b7852b855,,,,,,False,,,,,,,,,,False,False
/a/0/0/4,/a/0/0/4!/member_02905,0,/a/0/0/4,133,2905,,11635380,11641828,11611616,11618064,6448,9b4a1f6d32f766b8645ab752c6e525551e1cbc248d84da94cb093ea1472c8b66,5247434efffe00013019000010000100,,NCGR graphics,Confirmed,True,False,,,,,,,,,,False,False
/a/0/0/4,/a/0/0/4!/member_02906,0,/a/0/0/4,133,2906,,11641828,11641828,11618064,11618064,0,e3b0c44298fc1c149afbf4c8996fb92427ae41e4649b934ca495991b7852b855,,,,,,False,,,,,,,,,,False,False
/a/0/0/4,/a/0/0/4!/member_02907,0,/a/0/0/4,133,2907,,11641828,11648276,11618064,11624512,6448,d564c69af4da746ee8308e33a6c903e931d732ed8c2b205a21c0c6a090db283f,5247434efffe00013019000010000100,,NCGR graphics,Confirmed,True,False,,,,,,,,,,False,False
/a/0/0/4,/a/0/0/4!/member_02908,0,/a/0/0/4,133,2908,,11648276,11648348,11624512,11624584,72,640f62e4d61fc915d5e1c728e2f34e0f94029db89030cc949be823071c5b98a7,524c434efffe00014800000010000100,,NCLR palette,Confirmed,True,False,,,,,,,,,,False,False
/a/0/0/4,/a/0/0/4!/member_02909,0,/a/0/0/4,133,2909,,11648348,11648420,11624584,11624656,72,62b2d09846ec668e47c25b3d8da15e91d9569c21d8d767db68f74f2f923db4bd,524c434efffe00014800000010000100,,NCLR palette,Confirmed,True,False,,,,,,,,,,False,False
/a/0/0/4,/a/0/0/4!/member_02910,0,/a/0/0/4,133,2910,,11648420,11654868,11624656,11631104,6448,f0ba0d01ae97788f16f86054a7aba16381c116c4075f27a9a62ede8a888223b9,5247434efffe00013019000010000100,,NCGR graphics,Confirmed,True,False,,,,,,,,,,False,False
/a/0/0/4,/a/0/0/4!/member_02911,0,/a/0/0/4,133,2911,,11654868,11661316,11631104,11637552,6448,f0ba0d01ae97788f16f86054a7aba16381c116c4075f27a9a62ede8a888223b9,5247434efffe00013019000010000100,,NCGR graphics,Confirmed,True,False,,,,,,,,,,False,False
/a/0/0/4,/a/0/0/4!/member_02912,0,/a/0/0/4,133,2912,,11661316,11667764,11637552,11644000,6448,5a0b6cc2c12ebc300a1ccb4000830783e11c01d5eb1662ba25cf57cc00133584,5247434efffe00013019000010000100,,NCGR graphics,Confirmed,True,False,,,,,,,,,,False,False
/a/0/0/4,/a/0/0/4!/member_02913,0,/a/0/0/4,133,2913,,11667764,11674212,11644000,11650448,6448,5a0b6cc2c12ebc300a1ccb4000830783e11c01d5eb1662ba25cf57cc00133584,5247434efffe00013019000010000100,,NCGR graphics,Confirmed,True,False,,,,,,,,,,False,False
/a/0/0/4,/a/0/0/4!/member_02914,0,/a/0/0/4,133,2914,,11674212,11674284,11650448,11650520,72,490f31a2478843acc87b8327cca19bf9580492aa9ed1db43cdf8f72078837904,524c434efffe00014800000010000100,,NCLR palette,Confirmed,True,False,,,,,,,,,,False,False
/a/0/0/4,/a/0/0/4!/member_02915,0,/a/0/0/4,133,2915,,11674284,11674356,11650520,11650592,72,843797a54c36254f23a40bebc09a0b9089e1e018a375c2cde3ce9233993ff7be,524c434efffe00014800000010000100,,NCLR palette,Confirmed,True,False,,,,,,,,,,False,False
/a/0/0/4,/a/0/0/4!/member_02916,0,/a/0/0/4,133,2916,,11674356,11674356,11650592,11650592,0,e3b0c44298fc1c149afbf4c8996fb92427ae41e4649b934ca495991b7852b855,,,,,,False,,,,,,,,,,False,False
/a/0/0/4,/a/0/0/4!/member_02917,0,/a/0/0/4,133,2917,,11674356,11680804,11650592,11657040,6448,cc4f29fc115da8a9ea47bde0c300f415ef036b371c5186db6ecae7c54114e252,5247434efffe00013019000010000100,,NCGR graphics,Confirmed,True,False,,,,,,,,,,False,False
/a/0/0/4,/a/0/0/4!/member_02918,0,/a/0/0/4,133,2918,,11680804,11680804,11657040,11657040,0,e3b0c44298fc1c149afbf4c8996fb92427ae41e4649b934ca495991b7852b855,,,,,,False,,,,,,,,,,False,False
/a/0/0/4,/a/0/0/4!/member_02919,0,/a/0/0/4,133,2919,,11680804,11687252,11657040,11663488,6448,328df41d3dc37e76ca3ea6a95ac54998848ecc5c9923be81726c66bfda17c543,5247434efffe00013019000010000100,,NCGR graphics,Confirmed,True,False,,,,,,,,,,False,False
/a/0/0/4,/a/0/0/4!/member_02920,0,/a/0/0/4,133,2920,,11687252,11687324,11663488,11663560,72,f05df56ade79ea3db298c369b179f4b102557307b471d66cc515675bfbfff229,524c434efffe00014800000010000100,,NCLR palette,Confirmed,True,False,,,,,,,,,,False,False
/a/0/0/4,/a/0/0/4!/member_02921,0,/a/0/0/4,133,2921,,11687324,11687396,11663560,11663632,72,80dd8f4ec320b1b69e145ee1b6b2729250892f00e449b7bd9d514bbecf9e6cbd,524c434efffe00014800000010000100,,NCLR palette,Confirmed,True,False,,,,,,,,,,False,False
/a/0/0/4,/a/0/0/4!/member_02922,0,/a/0/0/4,133,2922,,11687396,11687396,11663632,11663632,0,e3b0c44298fc1c149afbf4c8996fb92427ae41e4649b934ca495991b7852b855,,,,,,False,,,,,,,,,,False,False
/a/0/0/4,/a/0/0/4!/member_02923,0,/a/0/0/4,133,2923,,11687396,11693844,11663632,11670080,6448,cf4830a7711b4d1a3fcbb082b7bcc5de89eb32289cd4e1dbb4dcc3bd36fa6c98,5247434efffe00013019000010000100,,NCGR graphics,Confirmed,True,False,,,,,,,,,,False,False
/a/0/0/4,/a/0/0/4!/member_02924,0,/a/0/0/4,133,2924,,11693844,11693844,11670080,11670080,0,e3b0c44298fc1c149afbf4c8996fb92427ae41e4649b934ca495991b7852b855,,,,,,False,,,,,,,,,,False,False
/a/0/0/4,/a/0/0/4!/member_02925,0,/a/0/0/4,133,2925,,11693844,11700292,11670080,11676528,6448,e91f110806ccc61628de2fe784b019408af61ce824f57f13653a4dbf2ff54dc4,5247434efffe00013019000010000100,,NCGR graphics,Confirmed,True,False,,,,,,,,,,False,False
/a/0/0/4,/a/0/0/4!/member_02926,0,/a/0/0/4,133,2926,,11700292,11700364,11676528,11676600,72,d2adfe44d673f9e74cdfed05e64024cb7e8e62e106eba5d9418205622cfaba97,524c434efffe00014800000010000100,,NCLR palette,Confirmed,True,False,,,,,,,,,,False,False
/a/0/0/4,/a/0/0/4!/member_02927,0,/a/0/0/4,133,2927,,11700364,11700436,11676600,11676672,72,c3f286051029ffa80d0f80697c610ddaeca722d4efe2285225353ca14dee00fb,524c434efffe00014800000010000100,,NCLR palette,Confirmed,True,False,,,,,,,,,,False,False
/a/0/0/4,/a/0/0/4!/member_02928,0,/a/0/0/4,133,2928,,11700436,11706884,11676672,11683120,6448,16871535a1eacb69bdff61214324d456eee9251fc1b1a31f8e169338973773a2,5247434efffe00013019000010000100,,NCGR graphics,Confirmed,True,False,,,,,,,,,,False,False
/a/0/0/4,/a/0/0/4!/member_02929,0,/a/0/0/4,133,2929,,11706884,11706884,11683120,11683120,0,e3b0c44298fc1c149afbf4c8996fb92427ae41e4649b934ca495991b7852b855,,,,,,False,,,,,,,,,,False,False
/a/0/0/4,/a/0/0/4!/member_02930,0,/a/0/0/4,133,2930,,11706884,11713332,11683120,11689568,6448,747eb9b30f23f3b816004013d0c03badff7df7e87efd1d11d450476ae47fb6d0,5247434efffe00013019000010000100,,NCGR graphics,Confirmed,True,False,,,,,,,,,,False,False
/a/0/0/4,/a/0/0/4!/member_02931,0,/a/0/0/4,133,2931,,11713332,11713332,11689568,11689568,0,e3b0c44298fc1c149afbf4c8996fb92427ae41e4649b934ca495991b7852b855,,,,,,False,,,,,,,,,,False,False
/a/0/0/4,/a/0/0/4!/member_02932,0,/a/0/0/4,133,2932,,11713332,11713404,11689568,11689640,72,fb2b4c007b0382cc7123ce4733e7d955dc3003d090b273661ea76c2811b2b59b,524c434efffe00014800000010000100,,NCLR palette,Confirmed,True,False,,,,,,,,,,False,False
/a/0/0/4,/a/0/0/4!/member_02933,0,/a/0/0/4,133,2933,,11713404,11713476,11689640,11689712,72,3a84863d85f7bf1d648441aa2c85c9799f3100ae672e50b8441ba9f07475116e,524c434efffe00014800000010000100,,NCLR palette,Confirmed,True,False,,,,,,,,,,False,False
/a/0/0/4,/a/0/0/4!/member_02934,0,/a/0/0/4,133,2934,,11713476,11713476,11689712,11689712,0,e3b0c44298fc1c149afbf4c8996fb92427ae41e4649b934ca495991b7852b855,,,,,,False,,,,,,,,,,False,False
/a/0/0/4,/a/0/0/4!/member_02935,0,/a/0/0/4,133,2935,,11713476,11719924,11689712,11696160,6448,65702cfd2ee704a8556bdcee41cc3d7c2cb7b7395f82b9a0d788908a51eb377b,5247434efffe00013019000010000100,,NCGR graphics,Confirmed,True,False,,,,,,,,,,False,False
/a/0/0/4,/a/0/0/4!/member_02936,0,/a/0/0/4,133,2936,,11719924,11719924,11696160,11696160,0,e3b0c44298fc1c149afbf4c8996fb92427ae41e4649b934ca495991b7852b855,,,,,,False,,,,,,,,,,False,False
/a/0/0/4,/a/0/0/4!/member_02937,0,/a/0/0/4,133,2937,,11719924,11726372,11696160,11702608,6448,ae4c273af5b501cbd3673bf35251a084d5008ef8d422b3374afa64fcc10534b3,5247434efffe00013019000010000100,,NCGR graphics,Confirmed,True,False,,,,,,,,,,False,False
/a/0/0/4,/a/0/0/4!/member_02938,0,/a/0/0/4,133,2938,,11726372,11726444,11702608,11702680,72,5e29c3bb630cd137aaa46eff769ed022ad1ce4e6f5541e9cb7b220a527512a94,524c434efffe00014800000010000100,,NCLR palette,Confirmed,True,False,,,,,,,,,,False,False
/a/0/0/4,/a/0/0/4!/member_02939,0,/a/0/0/4,133,2939,,11726444,11726516,11702680,11702752,72,2c96ab4a6d7175ad9f31ee33555b592e34df4578e5942d02821d533c8a73bf97,524c434efffe00014800000010000100,,NCLR palette,Confirmed,True,False,,,,,,,,,,False,False
/a/0/0/4,/a/0/0/4!/member_02940,0,/a/0/0/4,133,2940,,11726516,11726516,11702752,11702752,0,e3b0c44298fc1c149afbf4c8996fb92427ae41e4649b934ca495991b7852b855,,,,,,False,,,,,,,,,,False,False
/a/0/0/4,/a/0/0/4!/member_02941,0,/a/0/0/4,133,2941,,11726516,11732964,11702752,11709200,6448,e3b8351e7bdd4b1146e9acb9a2d751926d5922f20939d4610832621eab3648dd,5247434efffe00013019000010000100,,NCGR graphics,Confirmed,True,False,,,,,,,,,,False,False
/a/0/0/4,/a/0/0/4!/member_02942,0,/a/0/0/4,133,2942,,11732964,11732964,11709200,11709200,0,e3b0c44298fc1c149afbf4c8996fb92427ae41e4649b934ca495991b7852b855,,,,,,False,,,,,,,,,,False,False
/a/0/0/4,/a/0/0/4!/member_02943,0,/a/0/0/4,133,2943,,11732964,11739412,11709200,11715648,6448,bf962b52ecbfcc99501efcd727079c5972213e9e8193de4f5000e795125add25,5247434efffe00013019000010000100,,NCGR graphics,Confirmed,True,False,,,,,,,,,,False,False
/a/0/0/4,/a/0/0/4!/member_02944,0,/a/0/0/4,133,2944,,11739412,11739484,11715648,11715720,72,da42482825296b5c60551528fb096032289c10b3c05cb1d1ef7b9a486cffc69a,524c434efffe00014800000010000100,,NCLR palette,Confirmed,True,False,,,,,,,,,,False,False
/a/0/0/4,/a/0/0/4!/member_02945,0,/a/0/0/4,133,2945,,11739484,11739556,11715720,11715792,72,7ffb6e3cac9e3b6b91f01b1e2a27109b17c872e1afe0e19dd20416ca10de8091,524c434efffe00014800000010000100,,NCLR palette,Confirmed,True,False,,,,,,,,,,False,False
/a/0/0/4,/a/0/0/4!/member_02946,0,/a/0/0/4,133,2946,,11739556,11739556,11715792,11715792,0,e3b0c44298fc1c149afbf4c8996fb92427ae41e4649b934ca495991b7852b855,,,,,,False,,,,,,,,,,False,False
/a/0/0/4,/a/0/0/4!/member_02947,0,/a/0/0/4,133,2947,,11739556,11746004,11715792,11722240,6448,4c9374948385385746fcfceddc51c6eeedbc725c544524663237e05aaa1197fc,5247434efffe00013019000010000100,,NCGR graphics,Confirmed,True,False,,,,,,,,,,False,False
/a/0/0/4,/a/0/0/4!/member_02948,0,/a/0/0/4,133,2948,,11746004,11746004,11722240,11722240,0,e3b0c44298fc1c149afbf4c8996fb92427ae41e4649b934ca495991b7852b855,,,,,,False,,,,,,,,,,False,False
/a/0/0/4,/a/0/0/4!/member_02949,0,/a/0/0/4,133,2949,,11746004,11752452,11722240,11728688,6448,9b0b8dfbdae4dd875037d93771c13f8e22bc2408ed75a54cfbd5dd8683f6d5c9,5247434efffe00013019000010000100,,NCGR graphics,Confirmed,True,False,,,,,,,,,,False,False
/a/0/0/4,/a/0/0/4!/member_02950,0,/a/0/0/4,133,2950,,11752452,11752524,11728688,11728760,72,9e349d455be224d66b9e7508b409bb5a1ce6efcc6c3d2d934b908fa80b1877d0,524c434efffe00014800000010000100,,NCLR palette,Confirmed,True,False,,,,,,,,,,False,False
/a/0/0/4,/a/0/0/4!/member_02951,0,/a/0/0/4,133,2951,,11752524,11752596,11728760,11728832,72,0fa32e4de92b8d9a32cf24d260e1b4129932721f5ce2d8b05748290cbbe40f6c,524c434efffe00014800000010000100,,NCLR palette,Confirmed,True,False,,,,,,,,,,False,False
/a/0/0/4,/a/0/0/4!/member_02952,0,/a/0/0/4,133,2952,,11752596,11752596,11728832,11728832,0,e3b0c44298fc1c149afbf4c8996fb92427ae41e4649b934ca495991b7852b855,,,,,,False,,,,,,,,,,False,False
/a/0/0/4,/a/0/0/4!/member_02953,0,/a/0/0/4,133,2953,,11752596,11759044,11728832,11735280,6448,fdd66f83ccf2b8ed3f1848a7752a43e2c203da58510d4e151f4710f4894d5e33,5247434efffe00013019000010000100,,NCGR graphics,Confirmed,True,False,,,,,,,,,,False,False
/a/0/0/4,/a/0/0/4!/member_02954,0,/a/0/0/4,133,2954,,11759044,11759044,11735280,11735280,0,e3b0c44298fc1c149afbf4c8996fb92427ae41e4649b934ca495991b7852b855,,,,,,False,,,,,,,,,,False,False
/a/0/0/4,/a/0/0/4!/member_02955,0,/a/0/0/4,133,2955,,11759044,11765492,11735280,11741728,6448,73a3e3c298836de6b86d3649094d195f93b58466ab0a13f775d71729ef58ec88,5247434efffe00013019000010000100,,NCGR graphics,Confirmed,True,False,,,,,,,,,,False,False
/a/0/0/4,/a/0/0/4!/member_02956,0,/a/0/0/4,133,2956,,11765492,11765564,11741728,11741800,72,f445e59e46f9fa99d2b75bc8935754d02f76f89b76ad6982b574b22a21091aea,524c434efffe00014800000010000100,,NCLR palette,Confirmed,True,False,,,,,,,,,,False,False
/a/0/0/4,/a/0/0/4!/member_02957,0,/a/0/0/4,133,2957,,11765564,11765636,11741800,11741872,72,5f05ca29bea97cc635381d83befe56cc9e31074cae20907ed170932fd720a762,524c434efffe00014800000010000100,,NCLR palette,Confirmed,True,False,,,,,,,,,,False,False
/a/0/0/4,/a/0/0/4!/member_02958,0,/a/0/0/4,133,2958,,11765636,11765636,11741872,11741872,0,e3b0c44298fc1c149afbf4c8996fb92427ae41e4649b934ca495991b7852b855,,,,,,False,,,,,,,,,,False,False
/a/0/0/4,/a/0/0/4!/member_02959,0,/a/0/0/4,133,2959,,11765636,11772084,11741872,11748320,6448,89771f0abeaf4c0cdc696add3fded74a7381689c5795283945a4d276d3e30b8f,5247434efffe00013019000010000100,,NCGR graphics,Confirmed,True,False,,,,,,,,,,False,False
/a/0/0/4,/a/0/0/4!/member_02960,0,/a/0/0/4,133,2960,,11772084,11772084,11748320,11748320,0,e3b0c44298fc1c149afbf4c8996fb92427ae41e4649b934ca495991b7852b855,,,,,,False,,,,,,,,,,False,False
/a/0/0/4,/a/0/0/4!/member_02961,0,/a/0/0/4,133,2961,,11772084,11778532,11748320,11754768,6448,168bf4e2d8c6543722dda03d015c2d9d9b91d3bd699e9d4dc7db61c2d0ff7dde,5247434efffe00013019000010000100,,NCGR graphics,Confirmed,True,False,,,,,,,,,,False,False
/a/0/0/4,/a/0/0/4!/member_02962,0,/a/0/0/4,133,2962,,11778532,11778604,11754768,11754840,72,4b167b4f577e236d1773660fbf5496c58a54405f4bb36048b810618fd556870d,524c434efffe00014800000010000100,,NCLR palette,Confirmed,True,False,,,,,,,,,,False,False
/a/0/0/4,/a/0/0/4!/member_02963,0,/a/0/0/4,133,2963,,11778604,11778676,11754840,11754912,72,b29f793e9293e75b522139ded1515c04b0dfd74b759ed6bf49ca27fb750ae071,524c434efffe00014800000010000100,,NCLR palette,Confirmed,True,False,,,,,,,,,,False,False
/a/0/0/5,/a/0/0/5!/member_00000,0,/a/0/0/5,134,0,,15860,15861,0,1,1,6e340b9cffb37a989ca544e6bb780a2c78901d3fb33738768511a30617afa01d,00,,,,,False,,,,,,,,,,False,False
/a/0/0/5,/a/0/0/5!/member_00001,0,/a/0/0/5,134,1,,15864,15865,4,5,1,6e340b9cffb37a989ca544e6bb780a2c78901d3fb33738768511a30617afa01d,00,,,,,False,,,,,,,,,,False,False
/a/0/0/5,/a/0/0/5!/member_00002,0,/a/0/0/5,134,2,,15868,15869,8,9,1,6e340b9cffb37a989ca544e6bb780a2c78901d3fb33738768511a30617afa01d,00,,,,,False,,,,,,,,,,False,False
/a/0/0/5,/a/0/0/5!/member_00003,0,/a/0/0/5,134,3,,15872,15873,12,13,1,6e340b9cffb37a989ca544e6bb780a2c78901d3fb33738768511a30617afa01d,00,,,,,False,,,,,,,,,,False,False
/a/0/0/5,/a/0/0/5!/member_00004,0,/a/0/0/5,134,4,,15876,15877,16,17,1,f299791cddd3d6664f6670842812ef6053eb6501bd6282a476bbbf3ee91e750c,12,,,,,False,,,,,,,,,,False,False
/a/0/0/5,/a/0/0/5!/member_00005,0,/a/0/0/5,134,5,,15880,15881,20,21,1,f299791cddd3d6664f6670842812ef6053eb6501bd6282a476bbbf3ee91e750c,12,,,,,False,,,,,,,,,,False,False
/a/0/0/5,/a/0/0/5!/member_00006,0,/a/0/0/5,134,6,,15884,15885,24,25,1,7cb7c4547cf2653590d7a9ace60cc623d25148adfbc88a89aeb0ef88da7839ba,16,,,,,False,,,,,,,,,,False,False
/a/0/0/5,/a/0/0/5!/member_00007,0,/a/0/0/5,134,7,,15888,15889,28,29,1,7cb7c4547cf2653590d7a9ace60cc623d25148adfbc88a89aeb0ef88da7839ba,16,,,,,False,,,,,,,,,,False,False
/a/0/0/5,/a/0/0/5!/member_00008,0,/a/0/0/5,134,8,,15892,15893,32,33,1,01ba4719c80b6fe911b091a7c05124b64eeece964e09c058ef8f9805daca546b,0a,,,,,False,,,,,,,,,,False,False
/a/0/0/5,/a/0/0/5!/member_00009,0,/a/0/0/5,134,9,,15896,15897,36,37,1,01ba4719c80b6fe911b091a7c05124b64eeece964e09c058ef8f9805daca546b,0a,,,,,False,,,,,,,,,,False,False
/a/0/0/5,/a/0/0/5!/member_00010,0,/a/0/0/5,134,10,,15900,15901,40,41,1,ab897fbdedfa502b2d839b6a56100887dccdc507555c282e59589e06300a62e2,13,,,,,False,,,,,,,,,,False,False
/a/0/0/5,/a/0/0/5!/member_00011,0,/a/0/0/5,134,11,,15904,15905,44,45,1,ab897fbdedfa502b2d839b6a56100887dccdc507555c282e59589e06300a62e2,13,,,,,False,,,,,,,,,,False,False
/a/0/0/5,/a/0/0/5!/member_00012,0,/a/0/0/5,134,12,,15908,15909,48,49,1,9d1e0e2d9459d06523ad13e28a4093c2316baafe7aec5b25f30eba2e113599c4,0d,,,,,False,,,,,,,,,,False,False
/a/0/0/5,/a/0/0/5!/member_00013,0,/a/0/0/5,134,13,,15912,15913,52,53,1,9d1e0e2d9459d06523ad13e28a4093c2316baafe7aec5b25f30eba2e113599c4,0d,,,,,False,,,,,,,,,,False,False
/a/0/0/5,/a/0/0/5!/member_00014,0,/a/0/0/5,134,14,,15916,15917,56,57,1,67586e98fad27da0b9968bc039a1ef34c939b9b8e523a8bef89d478608c5ecf6,06,,,,,False,,,,,,,,,,False,False
/a/0/0/5,/a/0/0/5!/member_00015,0,/a/0/0/5,134,15,,15920,15921,60,61,1,67586e98fad27da0b9968bc039a1ef34c939b9b8e523a8bef89d478608c5ecf6,06,,,,,False,,,,,,,,,,False,False
/a/0/0/5,/a/0/0/5!/member_00016,0,/a/0/0/5,134,16,,15924,15925,64,65,1,e7cf46a078fed4fafd0b5e3aff144802b853f8ae459a4f0c14add3314b7cc3a6,0b,,,,,False,,,,,,,,,,False,False
/a/0/0/5,/a/0/0/5!/member_00017,0,/a/0/0/5,134,17,,15928,15929,68,69,1,e7cf46a078fed4fafd0b5e3aff144802b853f8ae459a4f0c14add3314b7cc3a6,0b,,,,,False,,,,,,,,,,False,False
/a/0/0/5,/a/0/0/5!/member_00018,0,/a/0/0/5,134,18,,15932,15933,72,73,1,ab897fbdedfa502b2d839b6a56100887dccdc507555c282e59589e06300a62e2,13,,,,,False,,,,,,,,,,False,False
/a/0/0/5,/a/0/0/5!/member_00019,0,/a/0/0/5,134,19,,15936,15937,76,77,1,ab897fbdedfa502b2d839b6a56100887dccdc507555c282e59589e06300a62e2,13,,,,,False,,,,,,,,,,False,False
/a/0/0/5,/a/0/0/5!/member_00020,0,/a/0/0/5,134,20,,15940,15941,80,81,1,beead77994cf573341ec17b58bbf7eb34d2711c993c1d976b128b3188dc1829a,08,,,,,False,,,,,,,,,,False,False
/a/0/0/5,/a/0/0/5!/member_00021,0,/a/0/0/5,134,21,,15944,15945,84,85,1,beead77994cf573341ec17b58bbf7eb34d2711c993c1d976b128b3188dc1829a,08,,,,,False,,,,,,,,,,False,False
/a/0/0/5,/a/0/0/5!/member_00022,0,/a/0/0/5,134,22,,15948,15949,88,89,1,dc0e9c3658a1a3ed1ec94274d8b19925c93e1abb7ddba294923ad9bde30f8cb8,0f,,,,,False,,,,,,,,,,False,False
/a/0/0/5,/a/0/0/5!/member_00023,0,/a/0/0/5,134,23,,15952,15953,92,93,1,dc0e9c3658a1a3ed1ec94274d8b19925c93e1abb7ddba294923ad9bde30f8cb8,0f,,,,,False,,,,,,,,,,False,False
/a/0/0/5,/a/0/0/5!/member_00024,0,/a/0/0/5,134,24,,15956,15957,96,97,1,4bf5122f344554c53bde2ebb8cd2b7e3d1600ad631c385a5d7cce23c7785459a,01,,,,,False,,,,,,,,,,False,False
/a/0/0/5,/a/0/0/5!/member_00025,0,/a/0/0/5,134,25,,15960,15961,100,101,1,4bf5122f344554c53bde2ebb8cd2b7e3d1600ad631c385a5d7cce23c7785459a,01,,,,,False,,,,,,,,,,False,False
/a/0/0/5,/a/0/0/5!/member_00026,0,/a/0/0/5,134,26,,15964,15965,104,105,1,6e340b9cffb37a989ca544e6bb780a2c78901d3fb33738768511a30617afa01d,00,,,,,False,,,,,,,,,,False,False
/a/0/0/5,/a/0/0/5!/member_00027,0,/a/0/0/5,134,27,,15968,15969,108,109,1,6e340b9cffb37a989ca544e6bb780a2c78901d3fb33738768511a30617afa01d,00,,,,,False,,,,,,,,,,False,False
/a/0/0/5,/a/0/0/5!/member_00028,0,/a/0/0/5,134,28,,15972,15973,112,113,1,ef6cbd2161eaea7943ce8693b9824d23d1793ffb1c0fca05b600d3899b44c977,0c,,,,,False,,,,,,,,,,False,False
/a/0/0/5,/a/0/0/5!/member_00029,0,/a/0/0/5,134,29,,15976,15977,116,117,1,ef6cbd2161eaea7943ce8693b9824d23d1793ffb1c0fca05b600d3899b44c977,0c,,,,,False,,,,,,,,,,False,False
/a/0/0/5,/a/0/0/5!/member_00030,0,/a/0/0/5,134,30,,15980,15981,120,121,1,83891d7fe85c33e52c8b4e5814c92fb6a3b9467299200538a6babaa8b452d879,14,,,,,False,,,,,,,,,,False,False
/a/0/0/5,/a/0/0/5!/member_00031,0,/a/0/0/5,134,31,,15984,15985,124,125,1,83891d7fe85c33e52c8b4e5814c92fb6a3b9467299200538a6babaa8b452d879,14,,,,,False,,,,,,,,,,False,False
/a/0/0/5,/a/0/0/5!/member_00032,0,/a/0/0/5,134,32,,15988,15989,128,129,1,beead77994cf573341ec17b58bbf7eb34d2711c993c1d976b128b3188dc1829a,08,,,,,False,,,,,,,,,,False,False
/a/0/0/5,/a/0/0/5!/member_00033,0,/a/0/0/5,134,33,,15992,15993,132,133,1,beead77994cf573341ec17b58bbf7eb34d2711c993c1d976b128b3188dc1829a,08,,,,,False,,,,,,,,,,False,False
/a/0/0/5,/a/0/0/5!/member_00034,0,/a/0/0/5,134,34,,15996,15997,136,137,1,9d1e0e2d9459d06523ad13e28a4093c2316baafe7aec5b25f30eba2e113599c4,0d,,,,,False,,,,,,,,,,False,False
/a/0/0/5,/a/0/0/5!/member_00035,0,/a/0/0/5,134,35,,16000,16001,140,141,1,9d1e0e2d9459d06523ad13e28a4093c2316baafe7aec5b25f30eba2e113599c4,0d,,,,,False,,,,,,,,,,False,False
/a/0/0/5,/a/0/0/5!/member_00036,0,/a/0/0/5,134,36,,16004,16005,144,145,1,2b4c342f5433ebe591a1da77e013d1b72475562d48578dca8b84bac6651c3cb9,09,,,,,False,,,,,,,,,,False,False
/a/0/0/5,/a/0/0/5!/member_00037,0,/a/0/0/5,134,37,,16008,16009,148,149,1,2b4c342f5433ebe591a1da77e013d1b72475562d48578dca8b84bac6651c3cb9,09,,,,,False,,,,,,,,,,False,False
/a/0/0/5,/a/0/0/5!/member_00038,0,/a/0/0/5,134,38,,16012,16013,152,153,1,beead77994cf573341ec17b58bbf7eb34d2711c993c1d976b128b3188dc1829a,08,,,,,False,,,,,,,,,,False,False
/a/0/0/5,/a/0/0/5!/member_00039,0,/a/0/0/5,134,39,,16016,16017,156,157,1,beead77994cf573341ec17b58bbf7eb34d2711c993c1d976b128b3188dc1829a,08,,,,,False,,,,,,,,,,False,False
/a/0/0/5,/a/0/0/5!/member_00040,0,/a/0/0/5,134,40,,16020,16021,160,161,1,dc0e9c3658a1a3ed1ec94274d8b19925c93e1abb7ddba294923ad9bde30f8cb8,0f,,,,,False,,,,,,,,,,False,False
/a/0/0/5,/a/0/0/5!/member_00041,0,/a/0/0/5,134,41,,16024,16025,164,165,1,dc0e9c3658a1a3ed1ec94274d8b19925c93e1abb7ddba294923ad9bde30f8cb8,0f,,,,,False,,,,,,,,,,False,False
/a/0/0/5,/a/0/0/5!/member_00042,0,/a/0/0/5,134,42,,16028,16029,168,169,1,8f11b05da785e43e713d03774c6bd3405d99cd3024af334ffd68db663aa37034,17,,,,,False,,,,,,,,,,False,False
/a/0/0/5,/a/0/0/5!/member_00043,0,/a/0/0/5,134,43,,16032,16033,172,173,1,8f11b05da785e43e713d03774c6bd3405d99cd3024af334ffd68db663aa37034,17,,,,,False,,,,,,,,,,False,False
/a/0/0/5,/a/0/0/5!/member_00044,0,/a/0/0/5,134,44,,16036,16037,176,177,1,01ba4719c80b6fe911b091a7c05124b64eeece964e09c058ef8f9805daca546b,0a,,,,,False,,,,,,,,,,False,False
/a/0/0/5,/a/0/0/5!/member_00045,0,/a/0/0/5,134,45,,16040,16041,180,181,1,01ba4719c80b6fe911b091a7c05124b64eeece964e09c058ef8f9805daca546b,0a,,,,,False,,,,,,,,,,False,False
/a/0/0/5,/a/0/0/5!/member_00046,0,/a/0/0/5,134,46,,16044,16045,184,185,1,8f11b05da785e43e713d03774c6bd3405d99cd3024af334ffd68db663aa37034,17,,,,,False,,,,,,,,,,False,False
/a/0/0/5,/a/0/0/5!/member_00047,0,/a/0/0/5,134,47,,16048,16049,188,189,1,8f11b05da785e43e713d03774c6bd3405d99cd3024af334ffd68db663aa37034,17,,,,,False,,,,,,,,,,False,False
/a/0/0/5,/a/0/0/5!/member_00048,0,/a/0/0/5,134,48,,16052,16053,192,193,1,67586e98fad27da0b9968bc039a1ef34c939b9b8e523a8bef89d478608c5ecf6,06,,,,,False,,,,,,,,,,False,False
/a/0/0/5,/a/0/0/5!/member_00049,0,/a/0/0/5,134,49,,16056,16057,196,197,1,67586e98fad27da0b9968bc039a1ef34c939b9b8e523a8bef89d478608c5ecf6,06,,,,,False,,,,,,,,,,False,False
/a/0/0/5,/a/0/0/5!/member_00050,0,/a/0/0/5,134,50,,16060,16061,200,201,1,4d7b3ef7300acf70c892d8327db8272f54434adbc61a4e130a563cb59a0d0f47,0e,,,,,False,,,,,,,,,,False,False
/a/0/0/5,/a/0/0/5!/member_00051,0,/a/0/0/5,134,51,,16064,16065,204,205,1,4d7b3ef7300acf70c892d8327db8272f54434adbc61a4e130a563cb59a0d0f47,0e,,,,,False,,,,,,,,,,False,False
/a/0/0/5,/a/0/0/5!/member_00052,0,/a/0/0/5,134,52,,16068,16069,208,209,1,2b4c342f5433ebe591a1da77e013d1b72475562d48578dca8b84bac6651c3cb9,09,,,,,False,,,,,,,,,,False,False
/a/0/0/5,/a/0/0/5!/member_00053,0,/a/0/0/5,134,53,,16072,16073,212,213,1,2b4c342f5433ebe591a1da77e013d1b72475562d48578dca8b84bac6651c3cb9,09,,,,,False,,,,,,,,,,False,False
/a/0/0/5,/a/0/0/5!/member_00054,0,/a/0/0/5,134,54,,16076,16077,216,217,1,452ba1ddef80246c48be7690193c76c1d61185906be9401014fe14f1be64b74f,18,,,,,False,,,,,,,,,,False,False
/a/0/0/5,/a/0/0/5!/member_00055,0,/a/0/0/5,134,55,,16080,16081,220,221,1,452ba1ddef80246c48be7690193c76c1d61185906be9401014fe14f1be64b74f,18,,,,,False,,,,,,,,,,False,False
/a/0/0/5,/a/0/0/5!/member_00056,0,/a/0/0/5,134,56,,16084,16085,224,225,1,dc0e9c3658a1a3ed1ec94274d8b19925c93e1abb7ddba294923ad9bde30f8cb8,0f,,,,,False,,,,,,,,,,False,False
/a/0/0/5,/a/0/0/5!/member_00057,0,/a/0/0/5,134,57,,16088,16089,228,229,1,dc0e9c3658a1a3ed1ec94274d8b19925c93e1abb7ddba294923ad9bde30f8cb8,0f,,,,,False,,,,,,,,,,False,False
/a/0/0/5,/a/0/0/5!/member_00058,0,/a/0/0/5,134,58,,16092,16093,232,233,1,7cb7c4547cf2653590d7a9ace60cc623d25148adfbc88a89aeb0ef88da7839ba,16,,,,,False,,,,,,,,,,False,False
/a/0/0/5,/a/0/0/5!/member_00059,0,/a/0/0/5,134,59,,16096,16097,236,237,1,7cb7c4547cf2653590d7a9ace60cc623d25148adfbc88a89aeb0ef88da7839ba,16,,,,,False,,,,,,,,,,False,False
/a/0/0/5,/a/0/0/5!/member_00060,0,/a/0/0/5,134,60,,16100,16101,240,241,1,67586e98fad27da0b9968bc039a1ef34c939b9b8e523a8bef89d478608c5ecf6,06,,,,,False,,,,,,,,,,False,False
/a/0/0/5,/a/0/0/5!/member_00061,0,/a/0/0/5,134,61,,16104,16105,244,245,1,67586e98fad27da0b9968bc039a1ef34c939b9b8e523a8bef89d478608c5ecf6,06,,,,,False,,,,,,,,,,False,False
/a/0/0/5,/a/0/0/5!/member_00062,0,/a/0/0/5,134,62,,16108,16109,248,249,1,e7cf46a078fed4fafd0b5e3aff144802b853f8ae459a4f0c14add3314b7cc3a6,0b,,,,,False,,,,,,,,,,False,False
/a/0/0/5,/a/0/0/5!/member_00063,0,/a/0/0/5,134,63,,16112,16113,252,253,1,e7cf46a078fed4fafd0b5e3aff144802b853f8ae459a4f0c14add3314b7cc3a6,0b,,,,,False,,,,,,,,,,False,False
/a/0/0/5,/a/0/0/5!/member_00064,0,/a/0/0/5,134,64,,16116,16117,256,257,1,4d7b3ef7300acf70c892d8327db8272f54434adbc61a4e130a563cb59a0d0f47,0e,,,,,False,,,,,,,,,,False,False
/a/0/0/5,/a/0/0/5!/member_00065,0,/a/0/0/5,134,65,,16120,16121,260,261,1,4d7b3ef7300acf70c892d8327db8272f54434adbc61a4e130a563cb59a0d0f47,0e,,,,,False,,,,,,,,,,False,False
/a/0/0/5,/a/0/0/5!/member_00066,0,/a/0/0/5,134,66,,16124,16125,264,265,1,83891d7fe85c33e52c8b4e5814c92fb6a3b9467299200538a6babaa8b452d879,14,,,,,False,,,,,,,,,,False,False
/a/0/0/5,/a/0/0/5!/member_00067,0,/a/0/0/5,134,67,,16128,16129,268,269,1,83891d7fe85c33e52c8b4e5814c92fb6a3b9467299200538a6babaa8b452d879,14,,,,,False,,,,,,,,,,False,False
/a/0/0/5,/a/0/0/5!/member_00068,0,/a/0/0/5,134,68,,16132,16133,272,273,1,beead77994cf573341ec17b58bbf7eb34d2711c993c1d976b128b3188dc1829a,08,,,,,False,,,,,,,,,,False,False
/a/0/0/5,/a/0/0/5!/member_00069,0,/a/0/0/5,134,69,,16136,16137,276,277,1,beead77994cf573341ec17b58bbf7eb34d2711c993c1d976b128b3188dc1829a,08,,,,,False,,,,,,,,,,False,False
/a/0/0/5,/a/0/0/5!/member_00070,0,/a/0/0/5,134,70,,16140,16141,280,281,1,9d1e0e2d9459d06523ad13e28a4093c2316baafe7aec5b25f30eba2e113599c4,0d,,,,,False,,,,,,,,,,False,False
/a/0/0/5,/a/0/0/5!/member_00071,0,/a/0/0/5,134,71,,16144,16145,284,285,1,9d1e0e2d9459d06523ad13e28a4093c2316baafe7aec5b25f30eba2e113599c4,0d,,,,,False,,,,,,,,,,False,False
/a/0/0/5,/a/0/0/5!/member_00072,0,/a/0/0/5,134,72,,16148,16149,288,289,1,2b4c342f5433ebe591a1da77e013d1b72475562d48578dca8b84bac6651c3cb9,09,,,,,False,,,,,,,,,,False,False
/a/0/0/5,/a/0/0/5!/member_00073,0,/a/0/0/5,134,73,,16152,16153,292,293,1,2b4c342f5433ebe591a1da77e013d1b72475562d48578dca8b84bac6651c3cb9,09,,,,,False,,,,,,,,,,False,False
/a/0/0/5,/a/0/0/5!/member_00074,0,/a/0/0/5,134,74,,16156,16157,296,297,1,e52d9c508c502347344d8c07ad91cbd6068afc75ff6292f062a09ca381c89e71,04,,,,,False,,,,,,,,,,False,False
/a/0/0/5,/a/0/0/5!/member_00075,0,/a/0/0/5,134,75,,16160,16161,300,301,1,e52d9c508c502347344d8c07ad91cbd6068afc75ff6292f062a09ca381c89e71,04,,,,,False,,,,,,,,,,False,False
/a/0/0/5,/a/0/0/5!/member_00076,0,/a/0/0/5,134,76,,16164,16165,304,305,1,2b4c342f5433ebe591a1da77e013d1b72475562d48578dca8b84bac6651c3cb9,09,,,,,False,,,,,,,,,,False,False
/a/0/0/5,/a/0/0/5!/member_00077,0,/a/0/0/5,134,77,,16168,16169,308,309,1,2b4c342f5433ebe591a1da77e013d1b72475562d48578dca8b84bac6651c3cb9,09,,,,,False,,,,,,,,,,False,False
/a/0/0/5,/a/0/0/5!/member_00078,0,/a/0/0/5,134,78,,16172,16173,312,313,1,83891d7fe85c33e52c8b4e5814c92fb6a3b9467299200538a6babaa8b452d879,14,,,,,False,,,,,,,,,,False,False
/a/0/0/5,/a/0/0/5!/member_00079,0,/a/0/0/5,134,79,,16176,16177,316,317,1,83891d7fe85c33e52c8b4e5814c92fb6a3b9467299200538a6babaa8b452d879,14,,,,,False,,,,,,,,,,False,False
/a/0/0/5,/a/0/0/5!/member_00080,0,/a/0/0/5,134,80,,16180,16181,320,321,1,ef6cbd2161eaea7943ce8693b9824d23d1793ffb1c0fca05b600d3899b44c977,0c,,,,,False,,,,,,,,,,False,False
/a/0/0/5,/a/0/0/5!/member_00081,0,/a/0/0/5,134,81,,16184,16185,324,325,1,ef6cbd2161eaea7943ce8693b9824d23d1793ffb1c0fca05b600d3899b44c977,0c,,,,,False,,,,,,,,,,False,False
/a/0/0/5,/a/0/0/5!/member_00082,0,/a/0/0/5,134,82,,16188,16189,328,329,1,ef6cbd2161eaea7943ce8693b9824d23d1793ffb1c0fca05b600d3899b44c977,0c,,,,,False,,,,,,,,,,False,False
/a/0/0/5,/a/0/0/5!/member_00083,0,/a/0/0/5,134,83,,16192,16193,332,333,1,ef6cbd2161eaea7943ce8693b9824d23d1793ffb1c0fca05b600d3899b44c977,0c,,,,,False,,,,,,,,,,False,False
/a/0/0/5,/a/0/0/5!/member_00084,0,/a/0/0/5,134,84,,16196,16197,336,337,1,beead77994cf573341ec17b58bbf7eb34d2711c993c1d976b128b3188dc1829a,08,,,,,False,,,,,,,,,,False,False
/a/0/0/5,/a/0/0/5!/member_00085,0,/a/0/0/5,134,85,,16200,16201,340,341,1,beead77994cf573341ec17b58bbf7eb34d2711c993c1d976b128b3188dc1829a,08,,,,,False,,,,,,,,,,False,False
/a/0/0/5,/a/0/0/5!/member_00086,0,/a/0/0/5,134,86,,16204,16205,344,345,1,2f0fd1e89b8de1d57292742ec380ea47066e307ad645f5bc3adad8a06ff58608,15,,,,,False,,,,,,,,,,False,False
/a/0/0/5,/a/0/0/5!/member_00087,0,/a/0/0/5,134,87,,16208,16209,348,349,1,2f0fd1e89b8de1d57292742ec380ea47066e307ad645f5bc3adad8a06ff58608,15,,,,,False,,,,,,,,,,False,False
/a/0/0/5,/a/0/0/5!/member_00088,0,/a/0/0/5,134,88,,16212,16213,352,353,1,e77b9a9ae9e30b0dbdb6f510a264ef9de781501d7b6b92ae89eb059c5ab743db,05,,,,,False,,,,,,,,,,False,False
/a/0/0/5,/a/0/0/5!/member_00089,0,/a/0/0/5,134,89,,16216,16217,356,357,1,e77b9a9ae9e30b0dbdb6f510a264ef9de781501d7b6b92ae89eb059c5ab743db,05,,,,,False,,,,,,,,,,False,False
/a/0/0/5,/a/0/0/5!/member_00090,0,/a/0/0/5,134,90,,16220,16221,360,361,1,dbc1b4c900ffe48d575b5da5c638040125f65db0fe3e24494b76ea986457d986,02,,,,,False,,,,,,,,,,False,False
/a/0/0/5,/a/0/0/5!/member_00091,0,/a/0/0/5,134,91,,16224,16225,364,365,1,dbc1b4c900ffe48d575b5da5c638040125f65db0fe3e24494b76ea986457d986,02,,,,,False,,,,,,,,,,False,False
/a/0/0/5,/a/0/0/5!/member_00092,0,/a/0/0/5,134,92,,16228,16229,368,369,1,ef6cbd2161eaea7943ce8693b9824d23d1793ffb1c0fca05b600d3899b44c977,0c,,,,,False,,,,,,,,,,False,False
/a/0/0/5,/a/0/0/5!/member_00093,0,/a/0/0/5,134,93,,16232,16233,372,373,1,ef6cbd2161eaea7943ce8693b9824d23d1793ffb1c0fca05b600d3899b44c977,0c,,,,,False,,,,,,,,,,False,False
/a/0/0/5,/a/0/0/5!/member_00094,0,/a/0/0/5,134,94,,16236,16237,376,377,1,ab897fbdedfa502b2d839b6a56100887dccdc507555c282e59589e06300a62e2,13,,,,,False,,,,,,,,,,False,False
/a/0/0/5,/a/0/0/5!/member_00095,0,/a/0/0/5,134,95,,16240,16241,380,381,1,ab897fbdedfa502b2d839b6a56100887dccdc507555c282e59589e06300a62e2,13,,,,,False,,,,,,,,,,False,False
/a/0/0/5,/a/0/0/5!/member_00096,0,/a/0/0/5,134,96,,16244,16245,384,385,1,6e340b9cffb37a989ca544e6bb780a2c78901d3fb33738768511a30617afa01d,00,,,,,False,,,,,,,,,,False,False
/a/0/0/5,/a/0/0/5!/member_00097,0,/a/0/0/5,134,97,,16248,16249,388,389,1,6e340b9cffb37a989ca544e6bb780a2c78901d3fb33738768511a30617afa01d,00,,,,,False,,,,,,,,,,False,False
/a/0/0/5,/a/0/0/5!/member_00098,0,/a/0/0/5,134,98,,16252,16253,392,393,1,beead77994cf573341ec17b58bbf7eb34d2711c993c1d976b128b3188dc1829a,08,,,,,False,,,,,,,,,,False,False
/a/0/0/5,/a/0/0/5!/member_00099,0,/a/0/0/5,134,99,,16256,16257,396,397,1,beead77994cf573341ec17b58bbf7eb34d2711c993c1d976b128b3188dc1829a,08,,,,,False,,,,,,,,,,False,False
/a/0/0/5,/a/0/0/5!/member_00100,0,/a/0/0/5,134,100,,16260,16261,400,401,1,e77b9a9ae9e30b0dbdb6f510a264ef9de781501d7b6b92ae89eb059c5ab743db,05,,,,,False,,,,,,,,,,False,False
/a/0/0/5,/a/0/0/5!/member_00101,0,/a/0/0/5,134,101,,16264,16265,404,405,1,e77b9a9ae9e30b0dbdb6f510a264ef9de781501d7b6b92ae89eb059c5ab743db,05,,,,,False,,,,,,,,,,False,False
/a/0/0/5,/a/0/0/5!/member_00102,0,/a/0/0/5,134,102,,16268,16269,408,409,1,4d7b3ef7300acf70c892d8327db8272f54434adbc61a4e130a563cb59a0d0f47,0e,,,,,False,,,,,,,,,,False,False
/a/0/0/5,/a/0/0/5!/member_00103,0,/a/0/0/5,134,103,,16272,16273,412,413,1,4d7b3ef7300acf70c892d8327db8272f54434adbc61a4e130a563cb59a0d0f47,0e,,,,,False,,,,,,,,,,False,False
/a/0/0/5,/a/0/0/5!/member_00104,0,/a/0/0/5,134,104,,16276,16277,416,417,1,ca358758f6d27e6cf45272937977a748fd88391db679ceda7dc7bf1f005ee879,07,,,,,False,,,,,,,,,,False,False
/a/0/0/5,/a/0/0/5!/member_00105,0,/a/0/0/5,134,105,,16280,16281,420,421,1,ca358758f6d27e6cf45272937977a748fd88391db679ceda7dc7bf1f005ee879,07,,,,,False,,,,,,,,,,False,False
/a/0/0/5,/a/0/0/5!/member_00106,0,/a/0/0/5,134,106,,16284,16285,424,425,1,ca358758f6d27e6cf45272937977a748fd88391db679ceda7dc7bf1f005ee879,07,,,,,False,,,,,,,,,,False,False
/a/0/0/5,/a/0/0/5!/member_00107,0,/a/0/0/5,134,107,,16288,16289,428,429,1,ca358758f6d27e6cf45272937977a748fd88391db679ceda7dc7bf1f005ee879,07,,,,,False,,,,,,,,,,False,False
/a/0/0/5,/a/0/0/5!/member_00108,0,/a/0/0/5,134,108,,16292,16293,432,433,1,c555eab45d08845ae9f10d452a99bfcb06f74a50b988fe7e48dd323789b88ee3,10,,Nintendo LZ10,Probable,,True,Nintendo LZ10,Probable,True,,,,,,,False,False
/a/0/0/5,/a/0/0/5!/member_00109,0,/a/0/0/5,134,109,,16296,16297,436,437,1,c555eab45d08845ae9f10d452a99bfcb06f74a50b988fe7e48dd323789b88ee3,10,,Nintendo LZ10,Probable,,True,Nintendo LZ10,Probable,True,,,,,,,False,False
/a/0/0/5,/a/0/0/5!/member_00110,0,/a/0/0/5,134,110,,16300,16301,440,441,1,ab897fbdedfa502b2d839b6a56100887dccdc507555c282e59589e06300a62e2,13,,,,,False,,,,,,,,,,False,False
/a/0/0/5,/a/0/0/5!/member_00111,0,/a/0/0/5,134,111,,16304,16305,444,445,1,ab897fbdedfa502b2d839b6a56100887dccdc507555c282e59589e06300a62e2,13,,,,,False,,,,,,,,,,False,False
/a/0/0/5,/a/0/0/5!/member_00112,0,/a/0/0/5,134,112,,16308,16309,448,449,1,4d7b3ef7300acf70c892d8327db8272f54434adbc61a4e130a563cb59a0d0f47,0e,,,,,False,,,,,,,,,,False,False
/a/0/0/5,/a/0/0/5!/member_00113,0,/a/0/0/5,134,113,,16312,16313,452,453,1,4d7b3ef7300acf70c892d8327db8272f54434adbc61a4e130a563cb59a0d0f47,0e,,,,,False,,,,,,,,,,False,False
/a/0/0/5,/a/0/0/5!/member_00114,0,/a/0/0/5,134,114,,16316,16317,456,457,1,dc0e9c3658a1a3ed1ec94274d8b19925c93e1abb7ddba294923ad9bde30f8cb8,0f,,,,,False,,,,,,,,,,False,False
/a/0/0/5,/a/0/0/5!/member_00115,0,/a/0/0/5,134,115,,16320,16321,460,461,1,dc0e9c3658a1a3ed1ec94274d8b19925c93e1abb7ddba294923ad9bde30f8cb8,0f,,,,,False,,,,,,,,,,False,False
/a/0/0/5,/a/0/0/5!/member_00116,0,/a/0/0/5,134,116,,16324,16325,464,465,1,c555eab45d08845ae9f10d452a99bfcb06f74a50b988fe7e48dd323789b88ee3,10,,Nintendo LZ10,Probable,,True,Nintendo LZ10,Probable,True,,,,,,,False,False
/a/0/0/5,/a/0/0/5!/member_00117,0,/a/0/0/5,134,117,,16328,16328,468,468,0,e3b0c44298fc1c149afbf4c8996fb92427ae41e4649b934ca495991b7852b855,,,,,,False,,,,,,,,,,False,False
/a/0/0/5,/a/0/0/5!/member_00118,0,/a/0/0/5,134,118,,16328,16329,468,469,1,8f11b05da785e43e713d03774c6bd3405d99cd3024af334ffd68db663aa37034,17,,,,,False,,,,,,,,,,False,False
/a/0/0/5,/a/0/0/5!/member_00119,0,/a/0/0/5,134,119,,16332,16332,472,472,0,e3b0c44298fc1c149afbf4c8996fb92427ae41e4649b934ca495991b7852b855,,,,,,False,,,,,,,,,,False,False
/a/0/0/5,/a/0/0/5!/member_00120,0,/a/0/0/5,134,120,,16332,16333,472,473,1,67586e98fad27da0b9968bc039a1ef34c939b9b8e523a8bef89d478608c5ecf6,06,,,,,False,,,,,,,,,,False,False
/a/0/0/5,/a/0/0/5!/member_00121,0,/a/0/0/5,134,121,,16336,16336,476,476,0,e3b0c44298fc1c149afbf4c8996fb92427ae41e4649b934ca495991b7852b855,,,,,,False,,,,,,,,,,False,False
/a/0/0/5,/a/0/0/5!/member_00122,0,/a/0/0/5,134,122,,16336,16337,476,477,1,c555eab45d08845ae9f10d452a99bfcb06f74a50b988fe7e48dd323789b88ee3,10,,Nintendo LZ10,Probable,,True,Nintendo LZ10,Probable,True,,,,,,,False,False
/a/0/0/5,/a/0/0/5!/member_00123,0,/a/0/0/5,134,123,,16340,16340,480,480,0,e3b0c44298fc1c149afbf4c8996fb92427ae41e4649b934ca495991b7852b855,,,,,,False,,,,,,,,,,False,False
/a/0/0/5,/a/0/0/5!/member_00124,0,/a/0/0/5,134,124,,16340,16341,480,481,1,67586e98fad27da0b9968bc039a1ef34c939b9b8e523a8bef89d478608c5ecf6,06,,,,,False,,,,,,,,,,False,False
/a/0/0/5,/a/0/0/5!/member_00125,0,/a/0/0/5,134,125,,16344,16344,484,484,0,e3b0c44298fc1c149afbf4c8996fb92427ae41e4649b934ca495991b7852b855,,,,,,False,,,,,,,,,,False,False
/a/0/0/5,/a/0/0/5!/member_00126,0,/a/0/0/5,134,126,,16344,16345,484,485,1,e77b9a9ae9e30b0dbdb6f510a264ef9de781501d7b6b92ae89eb059c5ab743db,05,,,,,False,,,,,,,,,,False,False
/a/0/0/5,/a/0/0/5!/member_00127,0,/a/0/0/5,134,127,,16348,16348,488,488,0,e3b0c44298fc1c149afbf4c8996fb92427ae41e4649b934ca495991b7852b855,,,,,,False,,,,,,,,,,False,False
/a/0/0/5,/a/0/0/5!/member_00128,0,/a/0/0/5,134,128,,16348,16348,488,488,0,e3b0c44298fc1c149afbf4c8996fb92427ae41e4649b934ca495991b7852b855,,,,,,False,,,,,,,,,,False,False
/a/0/0/5,/a/0/0/5!/member_00129,0,/a/0/0/5,134,129,,16348,16349,488,489,1,e7cf46a078fed4fafd0b5e3aff144802b853f8ae459a4f0c14add3314b7cc3a6,0b,,,,,False,,,,,,,,,,False,False
/a/0/0/5,/a/0/0/5!/member_00130,0,/a/0/0/5,134,130,,16352,16352,492,492,0,e3b0c44298fc1c149afbf4c8996fb92427ae41e4649b934ca495991b7852b855,,,,,,False,,,,,,,,,,False,False
/a/0/0/5,/a/0/0/5!/member_00131,0,/a/0/0/5,134,131,,16352,16353,492,493,1,83891d7fe85c33e52c8b4e5814c92fb6a3b9467299200538a6babaa8b452d879,14,,,,,False,,,,,,,,,,False,False
/a/0/0/5,/a/0/0/5!/member_00132,0,/a/0/0/5,134,132,,16356,16356,496,496,0,e3b0c44298fc1c149afbf4c8996fb92427ae41e4649b934ca495991b7852b855,,,,,,False,,,,,,,,,,False,False
/a/0/0/5,/a/0/0/5!/member_00133,0,/a/0/0/5,134,133,,16356,16357,496,497,1,01ba4719c80b6fe911b091a7c05124b64eeece964e09c058ef8f9805daca546b,0a,,,,,False,,,,,,,,,,False,False
/a/0/0/5,/a/0/0/5!/member_00134,0,/a/0/0/5,134,134,,16360,16360,500,500,0,e3b0c44298fc1c149afbf4c8996fb92427ae41e4649b934ca495991b7852b855,,,,,,False,,,,,,,,,,False,False
/a/0/0/5,/a/0/0/5!/member_00135,0,/a/0/0/5,134,135,,16360,16361,500,501,1,dc0e9c3658a1a3ed1ec94274d8b19925c93e1abb7ddba294923ad9bde30f8cb8,0f,,,,,False,,,,,,,,,,False,False
/a/0/0/5,/a/0/0/5!/member_00136,0,/a/0/0/5,134,136,,16364,16364,504,504,0,e3b0c44298fc1c149afbf4c8996fb92427ae41e4649b934ca495991b7852b855,,,,,,False,,,,,,,,,,False,False
/a/0/0/5,/a/0/0/5!/member_00137,0,/a/0/0/5,134,137,,16364,16365,504,505,1,dbc1b4c900ffe48d575b5da5c638040125f65db0fe3e24494b76ea986457d986,02,,,,,False,,,,,,,,,,False,False
/a/0/0/5,/a/0/0/5!/member_00138,0,/a/0/0/5,134,138,,16368,16368,508,508,0,e3b0c44298fc1c149afbf4c8996fb92427ae41e4649b934ca495991b7852b855,,,,,,False,,,,,,,,,,False,False
/a/0/0/5,/a/0/0/5!/member_00139,0,/a/0/0/5,134,139,,16368,16369,508,509,1,67586e98fad27da0b9968bc039a1ef34c939b9b8e523a8bef89d478608c5ecf6,06,,,,,False,,,,,,,,,,False,False
/a/0/0/5,/a/0/0/5!/member_00140,0,/a/0/0/5,134,140,,16372,16373,512,513,1,4a64a107f0cb32536e5bce6c98c393db21cca7f4ea187ba8c4dca8b51d4ea80a,11,,Nintendo LZ11,Probable,,True,Nintendo LZ11,Probable,True,,,,,,,False,False
/a/0/0/5,/a/0/0/5!/member_00141,0,/a/0/0/5,134,141,,16376,16377,516,517,1,4a64a107f0cb32536e5bce6c98c393db21cca7f4ea187ba8c4dca8b51d4ea80a,11,,Nintendo LZ11,Probable,,True,Nintendo LZ11,Probable,True,,,,,,,False,False
/a/0/0/5,/a/0/0/5!/member_00142,0,/a/0/0/5,134,142,,16380,16381,520,521,1,8f11b05da785e43e713d03774c6bd3405d99cd3024af334ffd68db663aa37034,17,,,,,False,,,,,,,,,,False,False
/a/0/0/5,/a/0/0/5!/member_00143,0,/a/0/0/5,134,143,,16384,16385,524,525,1,8f11b05da785e43e713d03774c6bd3405d99cd3024af334ffd68db663aa37034,17,,,,,False,,,,,,,,,,False,False
/a/0/0/5,/a/0/0/5!/member_00144,0,/a/0/0/5,134,144,,16388,16389,528,529,1,ef6cbd2161eaea7943ce8693b9824d23d1793ffb1c0fca05b600d3899b44c977,0c,,,,,False,,,,,,,,,,False,False
/a/0/0/5,/a/0/0/5!/member_00145,0,/a/0/0/5,134,145,,16392,16393,532,533,1,ef6cbd2161eaea7943ce8693b9824d23d1793ffb1c0fca05b600d3899b44c977,0c,,,,,False,,,,,,,,,,False,False
/a/0/0/5,/a/0/0/5!/member_00146,0,/a/0/0/5,134,146,,16396,16397,536,537,1,4a64a107f0cb32536e5bce6c98c393db21cca7f4ea187ba8c4dca8b51d4ea80a,11,,Nintendo LZ11,Probable,,True,Nintendo LZ11,Probable,True,,,,,,,False,False
/a/0/0/5,/a/0/0/5!/member_00147,0,/a/0/0/5,134,147,,16400,16401,540,541,1,4a64a107f0cb32536e5bce6c98c393db21cca7f4ea187ba8c4dca8b51d4ea80a,11,,Nintendo LZ11,Probable,,True,Nintendo LZ11,Probable,True,,,,,,,False,False
/a/0/0/5,/a/0/0/5!/member_00148,0,/a/0/0/5,134,148,,16404,16405,544,545,1,e7cf46a078fed4fafd0b5e3aff144802b853f8ae459a4f0c14add3314b7cc3a6,0b,,,,,False,,,,,,,,,,False,False
/a/0/0/5,/a/0/0/5!/member_00149,0,/a/0/0/5,134,149,,16408,16409,548,549,1,e7cf46a078fed4fafd0b5e3aff144802b853f8ae459a4f0c14add3314b7cc3a6,0b,,,,,False,,,,,,,,,,False,False
/a/0/0/5,/a/0/0/5!/member_00150,0,/a/0/0/5,134,150,,16412,16413,552,553,1,f299791cddd3d6664f6670842812ef6053eb6501bd6282a476bbbf3ee91e750c,12,,,,,False,,,,,,,,,,False,False
/a/0/0/5,/a/0/0/5!/member_00151,0,/a/0/0/5,134,151,,16416,16417,556,557,1,f299791cddd3d6664f6670842812ef6053eb6501bd6282a476bbbf3ee91e750c,12,,,,,False,,,,,,,,,,False,False
/a/0/0/5,/a/0/0/5!/member_00152,0,/a/0/0/5,134,152,,16420,16421,560,561,1,beead77994cf573341ec17b58bbf7eb34d2711c993c1d976b128b3188dc1829a,08,,,,,False,,,,,,,,,,False,False
/a/0/0/5,/a/0/0/5!/member_00153,0,/a/0/0/5,134,153,,16424,16425,564,565,1,beead77994cf573341ec17b58bbf7eb34d2711c993c1d976b128b3188dc1829a,08,,,,,False,,,,,,,,,,False,False
/a/0/0/5,/a/0/0/5!/member_00154,0,/a/0/0/5,134,154,,16428,16429,568,569,1,ca358758f6d27e6cf45272937977a748fd88391db679ceda7dc7bf1f005ee879,07,,,,,False,,,,,,,,,,False,False
/a/0/0/5,/a/0/0/5!/member_00155,0,/a/0/0/5,134,155,,16432,16433,572,573,1,ca358758f6d27e6cf45272937977a748fd88391db679ceda7dc7bf1f005ee879,07,,,,,False,,,,,,,,,,False,False
/a/0/0/5,/a/0/0/5!/member_00156,0,/a/0/0/5,134,156,,16436,16437,576,577,1,6e340b9cffb37a989ca544e6bb780a2c78901d3fb33738768511a30617afa01d,00,,,,,False,,,,,,,,,,False,False
/a/0/0/5,/a/0/0/5!/member_00157,0,/a/0/0/5,134,157,,16440,16441,580,581,1,6e340b9cffb37a989ca544e6bb780a2c78901d3fb33738768511a30617afa01d,00,,,,,False,,,,,,,,,,False,False
/a/0/0/5,/a/0/0/5!/member_00158,0,/a/0/0/5,134,158,,16444,16445,584,585,1,7cb7c4547cf2653590d7a9ace60cc623d25148adfbc88a89aeb0ef88da7839ba,16,,,,,False,,,,,,,,,,False,False
/a/0/0/5,/a/0/0/5!/member_00159,0,/a/0/0/5,134,159,,16448,16449,588,589,1,7cb7c4547cf2653590d7a9ace60cc623d25148adfbc88a89aeb0ef88da7839ba,16,,,,,False,,,,,,,,,,False,False
/a/0/0/5,/a/0/0/5!/member_00160,0,/a/0/0/5,134,160,,16452,16453,592,593,1,6e340b9cffb37a989ca544e6bb780a2c78901d3fb33738768511a30617afa01d,00,,,,,False,,,,,,,,,,False,False
/a/0/0/5,/a/0/0/5!/member_00161,0,/a/0/0/5,134,161,,16456,16457,596,597,1,6e340b9cffb37a989ca544e6bb780a2c78901d3fb33738768511a30617afa01d,00,,,,,False,,,,,,,,,,False,False
/a/0/0/5,/a/0/0/5!/member_00162,0,/a/0/0/5,134,162,,16460,16461,600,601,1,e7cf46a078fed4fafd0b5e3aff144802b853f8ae459a4f0c14add3314b7cc3a6,0b,,,,,False,,,,,,,,,,False,False
/a/0/0/5,/a/0/0/5!/member_00163,0,/a/0/0/5,134,163,,16464,16465,604,605,1,e7cf46a078fed4fafd0b5e3aff144802b853f8ae459a4f0c14add3314b7cc3a6,0b,,,,,False,,,,,,,,,,False,False
/a/0/0/5,/a/0/0/5!/member_00164,0,/a/0/0/5,134,164,,16468,16469,608,609,1,2b4c342f5433ebe591a1da77e013d1b72475562d48578dca8b84bac6651c3cb9,09,,,,,False,,,,,,,,,,False,False
/a/0/0/5,/a/0/0/5!/member_00165,0,/a/0/0/5,134,165,,16472,16473,612,613,1,2b4c342f5433ebe591a1da77e013d1b72475562d48578dca8b84bac6651c3cb9,09,,,,,False,,,,,,,,,,False,False
/a/0/0/5,/a/0/0/5!/member_00166,0,/a/0/0/5,134,166,,16476,16477,616,617,1,c555eab45d08845ae9f10d452a99bfcb06f74a50b988fe7e48dd323789b88ee3,10,,Nintendo LZ10,Probable,,True,Nintendo LZ10,Probable,True,,,,,,,False,False
/a/0/0/5,/a/0/0/5!/member_00167,0,/a/0/0/5,134,167,,16480,16481,620,621,1,c555eab45d08845ae9f10d452a99bfcb06f74a50b988fe7e48dd323789b88ee3,10,,Nintendo LZ10,Probable,,True,Nintendo LZ10,Probable,True,,,,,,,False,False
/a/0/0/5,/a/0/0/5!/member_00168,0,/a/0/0/5,134,168,,16484,16485,624,625,1,c555eab45d08845ae9f10d452a99bfcb06f74a50b988fe7e48dd323789b88ee3,10,,Nintendo LZ10,Probable,,True,Nintendo LZ10,Probable,True,,,,,,,False,False
/a/0/0/5,/a/0/0/5!/member_00169,0,/a/0/0/5,134,169,,16488,16489,628,629,1,c555eab45d08845ae9f10d452a99bfcb06f74a50b988fe7e48dd323789b88ee3,10,,Nintendo LZ10,Probable,,True,Nintendo LZ10,Probable,True,,,,,,,False,False
/a/0/0/5,/a/0/0/5!/member_00170,0,/a/0/0/5,134,170,,16492,16493,632,633,1,e7cf46a078fed4fafd0b5e3aff144802b853f8ae459a4f0c14add3314b7cc3a6,0b,,,,,False,,,,,,,,,,False,False
/a/0/0/5,/a/0/0/5!/member_00171,0,/a/0/0/5,134,171,,16496,16497,636,637,1,e7cf46a078fed4fafd0b5e3aff144802b853f8ae459a4f0c14add3314b7cc3a6,0b,,,,,False,,,,,,,,,,False,False
/a/0/0/5,/a/0/0/5!/member_00172,0,/a/0/0/5,134,172,,16500,16501,640,641,1,e7cf46a078fed4fafd0b5e3aff144802b853f8ae459a4f0c14add3314b7cc3a6,0b,,,,,False,,,,,,,,,,False,False
/a/0/0/5,/a/0/0/5!/member_00173,0,/a/0/0/5,134,173,,16504,16505,644,645,1,e7cf46a078fed4fafd0b5e3aff144802b853f8ae459a4f0c14add3314b7cc3a6,0b,,,,,False,,,,,,,,,,False,False
/a/0/0/5,/a/0/0/5!/member_00174,0,/a/0/0/5,134,174,,16508,16509,648,649,1,8f11b05da785e43e713d03774c6bd3405d99cd3024af334ffd68db663aa37034,17,,,,,False,,,,,,,,,,False,False
/a/0/0/5,/a/0/0/5!/member_00175,0,/a/0/0/5,134,175,,16512,16513,652,653,1,8f11b05da785e43e713d03774c6bd3405d99cd3024af334ffd68db663aa37034,17,,,,,False,,,,,,,,,,False,False
/a/0/0/5,/a/0/0/5!/member_00176,0,/a/0/0/5,134,176,,16516,16517,656,657,1,4d7b3ef7300acf70c892d8327db8272f54434adbc61a4e130a563cb59a0d0f47,0e,,,,,False,,,,,,,,,,False,False
/a/0/0/5,/a/0/0/5!/member_00177,0,/a/0/0/5,134,177,,16520,16521,660,661,1,4d7b3ef7300acf70c892d8327db8272f54434adbc61a4e130a563cb59a0d0f47,0e,,,,,False,,,,,,,,,,False,False
/a/0/0/5,/a/0/0/5!/member_00178,0,/a/0/0/5,134,178,,16524,16525,664,665,1,83891d7fe85c33e52c8b4e5814c92fb6a3b9467299200538a6babaa8b452d879,14,,,,,False,,,,,,,,,,False,False
/a/0/0/5,/a/0/0/5!/member_00179,0,/a/0/0/5,134,179,,16528,16529,668,669,1,83891d7fe85c33e52c8b4e5814c92fb6a3b9467299200538a6babaa8b452d879,14,,,,,False,,,,,,,,,,False,False
/a/0/0/5,/a/0/0/5!/member_00180,0,/a/0/0/5,134,180,,16532,16533,672,673,1,ca358758f6d27e6cf45272937977a748fd88391db679ceda7dc7bf1f005ee879,07,,,,,False,,,,,,,,,,False,False
/a/0/0/5,/a/0/0/5!/member_00181,0,/a/0/0/5,134,181,,16536,16537,676,677,1,ca358758f6d27e6cf45272937977a748fd88391db679ceda7dc7bf1f005ee879,07,,,,,False,,,,,,,,,,False,False
/a/0/0/5,/a/0/0/5!/member_00182,0,/a/0/0/5,134,182,,16540,16541,680,681,1,dc0e9c3658a1a3ed1ec94274d8b19925c93e1abb7ddba294923ad9bde30f8cb8,0f,,,,,False,,,,,,,,,,False,False
/a/0/0/5,/a/0/0/5!/member_00183,0,/a/0/0/5,134,183,,16544,16545,684,685,1,dc0e9c3658a1a3ed1ec94274d8b19925c93e1abb7ddba294923ad9bde30f8cb8,0f,,,,,False,,,,,,,,,,False,False
/a/0/0/5,/a/0/0/5!/member_00184,0,/a/0/0/5,134,184,,16548,16549,688,689,1,8f11b05da785e43e713d03774c6bd3405d99cd3024af334ffd68db663aa37034,17,,,,,False,,,,,,,,,,False,False
/a/0/0/5,/a/0/0/5!/member_00185,0,/a/0/0/5,134,185,,16552,16553,692,693,1,8f11b05da785e43e713d03774c6bd3405d99cd3024af334ffd68db663aa37034,17,,,,,False,,,,,,,,,,False,False
/a/0/0/5,/a/0/0/5!/member_00186,0,/a/0/0/5,134,186,,16556,16557,696,697,1,8f11b05da785e43e713d03774c6bd3405d99cd3024af334ffd68db663aa37034,17,,,,,False,,,,,,,,,,False,False
/a/0/0/5,/a/0/0/5!/member_00187,0,/a/0/0/5,134,187,,16560,16561,700,701,1,8f11b05da785e43e713d03774c6bd3405d99cd3024af334ffd68db663aa37034,17,,,,,False,,,,,,,,,,False,False
/a/0/0/5,/a/0/0/5!/member_00188,0,/a/0/0/5,134,188,,16564,16565,704,705,1,c555eab45d08845ae9f10d452a99bfcb06f74a50b988fe7e48dd323789b88ee3,10,,Nintendo LZ10,Probable,,True,Nintendo LZ10,Probable,True,,,,,,,False,False
/a/0/0/5,/a/0/0/5!/member_00189,0,/a/0/0/5,134,189,,16568,16569,708,709,1,c555eab45d08845ae9f10d452a99bfcb06f74a50b988fe7e48dd323789b88ee3,10,,Nintendo LZ10,Probable,,True,Nintendo LZ10,Probable,True,,,,,,,False,False
/a/0/0/5,/a/0/0/5!/member_00190,0,/a/0/0/5,134,190,,16572,16573,712,713,1,4d7b3ef7300acf70c892d8327db8272f54434adbc61a4e130a563cb59a0d0f47,0e,,,,,False,,,,,,,,,,False,False
/a/0/0/5,/a/0/0/5!/member_00191,0,/a/0/0/5,134,191,,16576,16577,716,717,1,4d7b3ef7300acf70c892d8327db8272f54434adbc61a4e130a563cb59a0d0f47,0e,,,,,False,,,,,,,,,,False,False
/a/0/0/5,/a/0/0/5!/member_00192,0,/a/0/0/5,134,192,,16580,16581,720,721,1,67586e98fad27da0b9968bc039a1ef34c939b9b8e523a8bef89d478608c5ecf6,06,,,,,False,,,,,,,,,,False,False
/a/0/0/5,/a/0/0/5!/member_00193,0,/a/0/0/5,134,193,,16584,16585,724,725,1,67586e98fad27da0b9968bc039a1ef34c939b9b8e523a8bef89d478608c5ecf6,06,,,,,False,,,,,,,,,,False,False
/a/0/0/5,/a/0/0/5!/member_00194,0,/a/0/0/5,134,194,,16588,16589,728,729,1,ef6cbd2161eaea7943ce8693b9824d23d1793ffb1c0fca05b600d3899b44c977,0c,,,,,False,,,,,,,,,,False,False
/a/0/0/5,/a/0/0/5!/member_00195,0,/a/0/0/5,134,195,,16592,16593,732,733,1,ef6cbd2161eaea7943ce8693b9824d23d1793ffb1c0fca05b600d3899b44c977,0c,,,,,False,,,,,,,,,,False,False
/a/0/0/5,/a/0/0/5!/member_00196,0,/a/0/0/5,134,196,,16596,16597,736,737,1,e77b9a9ae9e30b0dbdb6f510a264ef9de781501d7b6b92ae89eb059c5ab743db,05,,,,,False,,,,,,,,,,False,False
/a/0/0/5,/a/0/0/5!/member_00197,0,/a/0/0/5,134,197,,16600,16601,740,741,1,e77b9a9ae9e30b0dbdb6f510a264ef9de781501d7b6b92ae89eb059c5ab743db,05,,,,,False,,,,,,,,,,False,False
/a/0/0/5,/a/0/0/5!/member_00198,0,/a/0/0/5,134,198,,16604,16605,744,745,1,4d7b3ef7300acf70c892d8327db8272f54434adbc61a4e130a563cb59a0d0f47,0e,,,,,False,,,,,,,,,,False,False
/a/0/0/5,/a/0/0/5!/member_00199,0,/a/0/0/5,134,199,,16608,16609,748,749,1,4d7b3ef7300acf70c892d8327db8272f54434adbc61a4e130a563cb59a0d0f47,0e,,,,,False,,,,,,,,,,False,False
/a/0/0/5,/a/0/0/5!/member_00200,0,/a/0/0/5,134,200,,16612,16613,752,753,1,452ba1ddef80246c48be7690193c76c1d61185906be9401014fe14f1be64b74f,18,,,,,False,,,,,,,,,,False,False
/a/0/0/5,/a/0/0/5!/member_00201,0,/a/0/0/5,134,201,,16616,16617,756,757,1,452ba1ddef80246c48be7690193c76c1d61185906be9401014fe14f1be64b74f,18,,,,,False,,,,,,,,,,False,False
/a/0/0/5,/a/0/0/5!/member_00202,0,/a/0/0/5,134,202,,16620,16621,760,761,1,58f7b0780592032e4d8602a3e8690fb2c701b2e1dd546e703445aabd6469734d,1a,,,,,False,,,,,,,,,,False,False
/a/0/0/5,/a/0/0/5!/member_00203,0,/a/0/0/5,134,203,,16624,16625,764,765,1,58f7b0780592032e4d8602a3e8690fb2c701b2e1dd546e703445aabd6469734d,1a,,,,,False,,,,,,,,,,False,False
/a/0/0/5,/a/0/0/5!/member_00204,0,/a/0/0/5,134,204,,16628,16629,768,769,1,2f0fd1e89b8de1d57292742ec380ea47066e307ad645f5bc3adad8a06ff58608,15,,,,,False,,,,,,,,,,False,False
/a/0/0/5,/a/0/0/5!/member_00205,0,/a/0/0/5,134,205,,16632,16633,772,773,1,2f0fd1e89b8de1d57292742ec380ea47066e307ad645f5bc3adad8a06ff58608,15,,,,,False,,,,,,,,,,False,False
/a/0/0/5,/a/0/0/5!/member_00206,0,/a/0/0/5,134,206,,16636,16637,776,777,1,ab897fbdedfa502b2d839b6a56100887dccdc507555c282e59589e06300a62e2,13,,,,,False,,,,,,,,,,False,False
/a/0/0/5,/a/0/0/5!/member_00207,0,/a/0/0/5,134,207,,16640,16641,780,781,1,ab897fbdedfa502b2d839b6a56100887dccdc507555c282e59589e06300a62e2,13,,,,,False,,,,,,,,,,False,False
/a/0/0/5,/a/0/0/5!/member_00208,0,/a/0/0/5,134,208,,16644,16645,784,785,1,ca358758f6d27e6cf45272937977a748fd88391db679ceda7dc7bf1f005ee879,07,,,,,False,,,,,,,,,,False,False
/a/0/0/5,/a/0/0/5!/member_00209,0,/a/0/0/5,134,209,,16648,16649,788,789,1,ca358758f6d27e6cf45272937977a748fd88391db679ceda7dc7bf1f005ee879,07,,,,,False,,,,,,,,,,False,False
/a/0/0/5,/a/0/0/5!/member_00210,0,/a/0/0/5,134,210,,16652,16653,792,793,1,c555eab45d08845ae9f10d452a99bfcb06f74a50b988fe7e48dd323789b88ee3,10,,Nintendo LZ10,Probable,,True,Nintendo LZ10,Probable,True,,,,,,,False,False
/a/0/0/5,/a/0/0/5!/member_00211,0,/a/0/0/5,134,211,,16656,16657,796,797,1,c555eab45d08845ae9f10d452a99bfcb06f74a50b988fe7e48dd323789b88ee3,10,,Nintendo LZ10,Probable,,True,Nintendo LZ10,Probable,True,,,,,,,False,False
/a/0/0/5,/a/0/0/5!/member_00212,0,/a/0/0/5,134,212,,16660,16661,800,801,1,2b4c342f5433ebe591a1da77e013d1b72475562d48578dca8b84bac6651c3cb9,09,,,,,False,,,,,,,,,,False,False
/a/0/0/5,/a/0/0/5!/member_00213,0,/a/0/0/5,134,213,,16664,16665,804,805,1,2b4c342f5433ebe591a1da77e013d1b72475562d48578dca8b84bac6651c3cb9,09,,,,,False,,,,,,,,,,False,False
/a/0/0/5,/a/0/0/5!/member_00214,0,/a/0/0/5,134,214,,16668,16669,808,809,1,ef6cbd2161eaea7943ce8693b9824d23d1793ffb1c0fca05b600d3899b44c977,0c,,,,,False,,,,,,,,,,False,False
/a/0/0/5,/a/0/0/5!/member_00215,0,/a/0/0/5,134,215,,16672,16673,812,813,1,ef6cbd2161eaea7943ce8693b9824d23d1793ffb1c0fca05b600d3899b44c977,0c,,,,,False,,,,,,,,,,False,False
/a/0/0/5,/a/0/0/5!/member_00216,0,/a/0/0/5,134,216,,16676,16677,816,817,1,e7cf46a078fed4fafd0b5e3aff144802b853f8ae459a4f0c14add3314b7cc3a6,0b,,,,,False,,,,,,,,,,False,False
/a/0/0/5,/a/0/0/5!/member_00217,0,/a/0/0/5,134,217,,16680,16681,820,821,1,e7cf46a078fed4fafd0b5e3aff144802b853f8ae459a4f0c14add3314b7cc3a6,0b,,,,,False,,,,,,,,,,False,False
/a/0/0/5,/a/0/0/5!/member_00218,0,/a/0/0/5,134,218,,16684,16685,824,825,1,4a64a107f0cb32536e5bce6c98c393db21cca7f4ea187ba8c4dca8b51d4ea80a,11,,Nintendo LZ11,Probable,,True,Nintendo LZ11,Probable,True,,,,,,,False,False
/a/0/0/5,/a/0/0/5!/member_00219,0,/a/0/0/5,134,219,,16688,16689,828,829,1,4a64a107f0cb32536e5bce6c98c393db21cca7f4ea187ba8c4dca8b51d4ea80a,11,,Nintendo LZ11,Probable,,True,Nintendo LZ11,Probable,True,,,,,,,False,False
/a/0/0/5,/a/0/0/5!/member_00220,0,/a/0/0/5,134,220,,16692,16693,832,833,1,e52d9c508c502347344d8c07ad91cbd6068afc75ff6292f062a09ca381c89e71,04,,,,,False,,,,,,,,,,False,False
/a/0/0/5,/a/0/0/5!/member_00221,0,/a/0/0/5,134,221,,16696,16697,836,837,1,e52d9c508c502347344d8c07ad91cbd6068afc75ff6292f062a09ca381c89e71,04,,,,,False,,,,,,,,,,False,False
/a/0/0/5,/a/0/0/5!/member_00222,0,/a/0/0/5,134,222,,16700,16701,840,841,1,e7cf46a078fed4fafd0b5e3aff144802b853f8ae459a4f0c14add3314b7cc3a6,0b,,,,,False,,,,,,,,,,False,False
/a/0/0/5,/a/0/0/5!/member_00223,0,/a/0/0/5,134,223,,16704,16705,844,845,1,e7cf46a078fed4fafd0b5e3aff144802b853f8ae459a4f0c14add3314b7cc3a6,0b,,,,,False,,,,,,,,,,False,False
/a/0/0/5,/a/0/0/5!/member_00224,0,/a/0/0/5,134,224,,16708,16709,848,849,1,01ba4719c80b6fe911b091a7c05124b64eeece964e09c058ef8f9805daca546b,0a,,,,,False,,,,,,,,,,False,False
/a/0/0/5,/a/0/0/5!/member_00225,0,/a/0/0/5,134,225,,16712,16713,852,853,1,01ba4719c80b6fe911b091a7c05124b64eeece964e09c058ef8f9805daca546b,0a,,,,,False,,,,,,,,,,False,False
/a/0/0/5,/a/0/0/5!/member_00226,0,/a/0/0/5,134,226,,16716,16717,856,857,1,f299791cddd3d6664f6670842812ef6053eb6501bd6282a476bbbf3ee91e750c,12,,,,,False,,,,,,,,,,False,False
/a/0/0/5,/a/0/0/5!/member_00227,0,/a/0/0/5,134,227,,16720,16721,860,861,1,f299791cddd3d6664f6670842812ef6053eb6501bd6282a476bbbf3ee91e750c,12,,,,,False,,,,,,,,,,False,False
/a/0/0/5,/a/0/0/5!/member_00228,0,/a/0/0/5,134,228,,16724,16725,864,865,1,9d1e0e2d9459d06523ad13e28a4093c2316baafe7aec5b25f30eba2e113599c4,0d,,,,,False,,,,,,,,,,False,False
/a/0/0/5,/a/0/0/5!/member_00229,0,/a/0/0/5,134,229,,16728,16729,868,869,1,9d1e0e2d9459d06523ad13e28a4093c2316baafe7aec5b25f30eba2e113599c4,0d,,,,,False,,,,,,,,,,False,False
/a/0/0/5,/a/0/0/5!/member_00230,0,/a/0/0/5,134,230,,16732,16733,872,873,1,ef6cbd2161eaea7943ce8693b9824d23d1793ffb1c0fca05b600d3899b44c977,0c,,,,,False,,,,,,,,,,False,False
/a/0/0/5,/a/0/0/5!/member_00231,0,/a/0/0/5,134,231,,16736,16737,876,877,1,ef6cbd2161eaea7943ce8693b9824d23d1793ffb1c0fca05b600d3899b44c977,0c,,,,,False,,,,,,,,,,False,False
/a/0/0/5,/a/0/0/5!/member_00232,0,/a/0/0/5,134,232,,16740,16741,880,881,1,01ba4719c80b6fe911b091a7c05124b64eeece964e09c058ef8f9805daca546b,0a,,,,,False,,,,,,,,,,False,False
/a/0/0/5,/a/0/0/5!/member_00233,0,/a/0/0/5,134,233,,16744,16745,884,885,1,01ba4719c80b6fe911b091a7c05124b64eeece964e09c058ef8f9805daca546b,0a,,,,,False,,,,,,,,,,False,False
/a/0/0/5,/a/0/0/5!/member_00234,0,/a/0/0/5,134,234,,16748,16749,888,889,1,dc0e9c3658a1a3ed1ec94274d8b19925c93e1abb7ddba294923ad9bde30f8cb8,0f,,,,,False,,,,,,,,,,False,False
/a/0/0/5,/a/0/0/5!/member_00235,0,/a/0/0/5,134,235,,16752,16753,892,893,1,dc0e9c3658a1a3ed1ec94274d8b19925c93e1abb7ddba294923ad9bde30f8cb8,0f,,,,,False,,,,,,,,,,False,False
/a/0/0/5,/a/0/0/5!/member_00236,0,/a/0/0/5,134,236,,16756,16757,896,897,1,e77b9a9ae9e30b0dbdb6f510a264ef9de781501d7b6b92ae89eb059c5ab743db,05,,,,,False,,,,,,,,,,False,False
/a/0/0/5,/a/0/0/5!/member_00237,0,/a/0/0/5,134,237,,16760,16761,900,901,1,e77b9a9ae9e30b0dbdb6f510a264ef9de781501d7b6b92ae89eb059c5ab743db,05,,,,,False,,,,,,,,,,False,False
/a/0/0/5,/a/0/0/5!/member_00238,0,/a/0/0/5,134,238,,16764,16765,904,905,1,e77b9a9ae9e30b0dbdb6f510a264ef9de781501d7b6b92ae89eb059c5ab743db,05,,,,,False,,,,,,,,,,False,False
/a/0/0/5,/a/0/0/5!/member_00239,0,/a/0/0/5,134,239,,16768,16769,908,909,1,e77b9a9ae9e30b0dbdb6f510a264ef9de781501d7b6b92ae89eb059c5ab743db,05,,,,,False,,,,,,,,,,False,False
/a/0/0/5,/a/0/0/5!/member_00240,0,/a/0/0/5,134,240,,16772,16773,912,913,1,452ba1ddef80246c48be7690193c76c1d61185906be9401014fe14f1be64b74f,18,,,,,False,,,,,,,,,,False,False
/a/0/0/5,/a/0/0/5!/member_00241,0,/a/0/0/5,134,241,,16776,16777,916,917,1,452ba1ddef80246c48be7690193c76c1d61185906be9401014fe14f1be64b74f,18,,,,,False,,,,,,,,,,False,False
/a/0/0/5,/a/0/0/5!/member_00242,0,/a/0/0/5,134,242,,16780,16781,920,921,1,8f11b05da785e43e713d03774c6bd3405d99cd3024af334ffd68db663aa37034,17,,,,,False,,,,,,,,,,False,False
/a/0/0/5,/a/0/0/5!/member_00243,0,/a/0/0/5,134,243,,16784,16785,924,925,1,8f11b05da785e43e713d03774c6bd3405d99cd3024af334ffd68db663aa37034,17,,,,,False,,,,,,,,,,False,False
/a/0/0/5,/a/0/0/5!/member_00244,0,/a/0/0/5,134,244,,16788,16789,928,929,1,c555eab45d08845ae9f10d452a99bfcb06f74a50b988fe7e48dd323789b88ee3,10,,Nintendo LZ10,Probable,,True,Nintendo LZ10,Probable,True,,,,,,,False,False
/a/0/0/5,/a/0/0/5!/member_00245,0,/a/0/0/5,134,245,,16792,16793,932,933,1,c555eab45d08845ae9f10d452a99bfcb06f74a50b988fe7e48dd323789b88ee3,10,,Nintendo LZ10,Probable,,True,Nintendo LZ10,Probable,True,,,,,,,False,False
/a/0/0/5,/a/0/0/5!/member_00246,0,/a/0/0/5,134,246,,16796,16797,936,937,1,ab897fbdedfa502b2d839b6a56100887dccdc507555c282e59589e06300a62e2,13,,,,,False,,,,,,,,,,False,False
/a/0/0/5,/a/0/0/5!/member_00247,0,/a/0/0/5,134,247,,16800,16801,940,941,1,ab897fbdedfa502b2d839b6a56100887dccdc507555c282e59589e06300a62e2,13,,,,,False,,,,,,,,,,False,False
/a/0/0/5,/a/0/0/5!/member_00248,0,/a/0/0/5,134,248,,16804,16805,944,945,1,2b4c342f5433ebe591a1da77e013d1b72475562d48578dca8b84bac6651c3cb9,09,,,,,False,,,,,,,,,,False,False
/a/0/0/5,/a/0/0/5!/member_00249,0,/a/0/0/5,134,249,,16808,16809,948,949,1,2b4c342f5433ebe591a1da77e013d1b72475562d48578dca8b84bac6651c3cb9,09,,,,,False,,,,,,,,,,False,False
/a/0/0/5,/a/0/0/5!/member_00250,0,/a/0/0/5,134,250,,16812,16813,952,953,1,9d1e0e2d9459d06523ad13e28a4093c2316baafe7aec5b25f30eba2e113599c4,0d,,,,,False,,,,,,,,,,False,False
/a/0/0/5,/a/0/0/5!/member_00251,0,/a/0/0/5,134,251,,16816,16817,956,957,1,9d1e0e2d9459d06523ad13e28a4093c2316baafe7aec5b25f30eba2e113599c4,0d,,,,,False,,,,,,,,,,False,False
/a/0/0/5,/a/0/0/5!/member_00252,0,/a/0/0/5,134,252,,16820,16821,960,961,1,dc0e9c3658a1a3ed1ec94274d8b19925c93e1abb7ddba294923ad9bde30f8cb8,0f,,,,,False,,,,,,,,,,False,False
/a/0/0/5,/a/0/0/5!/member_00253,0,/a/0/0/5,134,253,,16824,16825,964,965,1,dc0e9c3658a1a3ed1ec94274d8b19925c93e1abb7ddba294923ad9bde30f8cb8,0f,,,,,False,,,,,,,,,,False,False
/a/0/0/5,/a/0/0/5!/member_00254,0,/a/0/0/5,134,254,,16828,16829,968,969,1,f299791cddd3d6664f6670842812ef6053eb6501bd6282a476bbbf3ee91e750c,12,,,,,False,,,,,,,,,,False,False
/a/0/0/5,/a/0/0/5!/member_00255,0,/a/0/0/5,134,255,,16832,16833,972,973,1,f299791cddd3d6664f6670842812ef6053eb6501bd6282a476bbbf3ee91e750c,12,,,,,False,,,,,,,,,,False,False
/a/0/0/5,/a/0/0/5!/member_00256,0,/a/0/0/5,134,256,,16836,16837,976,977,1,01ba4719c80b6fe911b091a7c05124b64eeece964e09c058ef8f9805daca546b,0a,,,,,False,,,,,,,,,,False,False
/a/0/0/5,/a/0/0/5!/member_00257,0,/a/0/0/5,134,257,,16840,16841,980,981,1,01ba4719c80b6fe911b091a7c05124b64eeece964e09c058ef8f9805daca546b,0a,,,,,False,,,,,,,,,,False,False
/a/0/0/5,/a/0/0/5!/member_00258,0,/a/0/0/5,134,258,,16844,16845,984,985,1,2b4c342f5433ebe591a1da77e013d1b72475562d48578dca8b84bac6651c3cb9,09,,,,,False,,,,,,,,,,False,False
/a/0/0/5,/a/0/0/5!/member_00259,0,/a/0/0/5,134,259,,16848,16849,988,989,1,2b4c342f5433ebe591a1da77e013d1b72475562d48578dca8b84bac6651c3cb9,09,,,,,False,,,,,,,,,,False,False
/a/0/0/5,/a/0/0/5!/member_00260,0,/a/0/0/5,134,260,,16852,16853,992,993,1,ca358758f6d27e6cf45272937977a748fd88391db679ceda7dc7bf1f005ee879,07,,,,,False,,,,,,,,,,False,False
/a/0/0/5,/a/0/0/5!/member_00261,0,/a/0/0/5,134,261,,16856,16857,996,997,1,ca358758f6d27e6cf45272937977a748fd88391db679ceda7dc7bf1f005ee879,07,,,,,False,,,,,,,,,,False,False
/a/0/0/5,/a/0/0/5!/member_00262,0,/a/0/0/5,134,262,,16860,16861,1000,1001,1,beead77994cf573341ec17b58bbf7eb34d2711c993c1d976b128b3188dc1829a,08,,,,,False,,,,,,,,,,False,False
/a/0/0/5,/a/0/0/5!/member_00263,0,/a/0/0/5,134,263,,16864,16865,1004,1005,1,beead77994cf573341ec17b58bbf7eb34d2711c993c1d976b128b3188dc1829a,08,,,,,False,,,,,,,,,,False,False
/a/0/0/5,/a/0/0/5!/member_00264,0,/a/0/0/5,134,264,,16868,16869,1008,1009,1,beead77994cf573341ec17b58bbf7eb34d2711c993c1d976b128b3188dc1829a,08,,,,,False,,,,,,,,,,False,False
/a/0/0/5,/a/0/0/5!/member_00265,0,/a/0/0/5,134,265,,16872,16873,1012,1013,1,beead77994cf573341ec17b58bbf7eb34d2711c993c1d976b128b3188dc1829a,08,,,,,False,,,,,,,,,,False,False
/a/0/0/5,/a/0/0/5!/member_00266,0,/a/0/0/5,134,266,,16876,16877,1016,1017,1,9d1e0e2d9459d06523ad13e28a4093c2316baafe7aec5b25f30eba2e113599c4,0d,,,,,False,,,,,,,,,,False,False
/a/0/0/5,/a/0/0/5!/member_00267,0,/a/0/0/5,134,267,,16880,16881,1020,1021,1,9d1e0e2d9459d06523ad13e28a4093c2316baafe7aec5b25f30eba2e113599c4,0d,,,,,False,,,,,,,,,,False,False
/a/0/0/5,/a/0/0/5!/member_00268,0,/a/0/0/5,134,268,,16884,16885,1024,1025,1,01ba4719c80b6fe911b091a7c05124b64eeece964e09c058ef8f9805daca546b,0a,,,,,False,,,,,,,,,,False,False
/a/0/0/5,/a/0/0/5!/member_00269,0,/a/0/0/5,134,269,,16888,16889,1028,1029,1,01ba4719c80b6fe911b091a7c05124b64eeece964e09c058ef8f9805daca546b,0a,,,,,False,,,,,,,,,,False,False
/a/0/0/5,/a/0/0/5!/member_00270,0,/a/0/0/5,134,270,,16892,16893,1032,1033,1,beead77994cf573341ec17b58bbf7eb34d2711c993c1d976b128b3188dc1829a,08,,,,,False,,,,,,,,,,False,False
/a/0/0/5,/a/0/0/5!/member_00271,0,/a/0/0/5,134,271,,16896,16897,1036,1037,1,beead77994cf573341ec17b58bbf7eb34d2711c993c1d976b128b3188dc1829a,08,,,,,False,,,,,,,,,,False,False
/a/0/0/5,/a/0/0/5!/member_00272,0,/a/0/0/5,134,272,,16900,16901,1040,1041,1,2b4c342f5433ebe591a1da77e013d1b72475562d48578dca8b84bac6651c3cb9,09,,,,,False,,,,,,,,,,False,False
/a/0/0/5,/a/0/0/5!/member_00273,0,/a/0/0/5,134,273,,16904,16905,1044,1045,1,2b4c342f5433ebe591a1da77e013d1b72475562d48578dca8b84bac6651c3cb9,09,,,,,False,,,,,,,,,,False,False
/a/0/0/5,/a/0/0/5!/member_00274,0,/a/0/0/5,134,274,,16908,16909,1048,1049,1,4bf5122f344554c53bde2ebb8cd2b7e3d1600ad631c385a5d7cce23c7785459a,01,,,,,False,,,,,,,,,,False,False
/a/0/0/5,/a/0/0/5!/member_00275,0,/a/0/0/5,134,275,,16912,16913,1052,1053,1,4bf5122f344554c53bde2ebb8cd2b7e3d1600ad631c385a5d7cce23c7785459a,01,,,,,False,,,,,,,,,,False,False
/a/0/0/5,/a/0/0/5!/member_00276,0,/a/0/0/5,134,276,,16916,16917,1056,1057,1,4d7b3ef7300acf70c892d8327db8272f54434adbc61a4e130a563cb59a0d0f47,0e,,,,,False,,,,,,,,,,False,False
/a/0/0/5,/a/0/0/5!/member_00277,0,/a/0/0/5,134,277,,16920,16921,1060,1061,1,4d7b3ef7300acf70c892d8327db8272f54434adbc61a4e130a563cb59a0d0f47,0e,,,,,False,,,,,,,,,,False,False
/a/0/0/5,/a/0/0/5!/member_00278,0,/a/0/0/5,134,278,,16924,16925,1064,1065,1,2f0fd1e89b8de1d57292742ec380ea47066e307ad645f5bc3adad8a06ff58608,15,,,,,False,,,,,,,,,,False,False
/a/0/0/5,/a/0/0/5!/member_00279,0,/a/0/0/5,134,279,,16928,16929,1068,1069,1,2f0fd1e89b8de1d57292742ec380ea47066e307ad645f5bc3adad8a06ff58608,15,,,,,False,,,,,,,,,,False,False
/a/0/0/5,/a/0/0/5!/member_00280,0,/a/0/0/5,134,280,,16932,16933,1072,1073,1,4d7b3ef7300acf70c892d8327db8272f54434adbc61a4e130a563cb59a0d0f47,0e,,,,,False,,,,,,,,,,False,False
/a/0/0/5,/a/0/0/5!/member_00281,0,/a/0/0/5,134,281,,16936,16937,1076,1077,1,4d7b3ef7300acf70c892d8327db8272f54434adbc61a4e130a563cb59a0d0f47,0e,,,,,False,,,,,,,,,,False,False
/a/0/0/5,/a/0/0/5!/member_00282,0,/a/0/0/5,134,282,,16940,16941,1080,1081,1,f299791cddd3d6664f6670842812ef6053eb6501bd6282a476bbbf3ee91e750c,12,,,,,False,,,,,,,,,,False,False
/a/0/0/5,/a/0/0/5!/member_00283,0,/a/0/0/5,134,283,,16944,16945,1084,1085,1,f299791cddd3d6664f6670842812ef6053eb6501bd6282a476bbbf3ee91e750c,12,,,,,False,,,,,,,,,,False,False
/a/0/0/5,/a/0/0/5!/member_00284,0,/a/0/0/5,134,284,,16948,16949,1088,1089,1,beead77994cf573341ec17b58bbf7eb34d2711c993c1d976b128b3188dc1829a,08,,,,,False,,,,,,,,,,False,False
/a/0/0/5,/a/0/0/5!/member_00285,0,/a/0/0/5,134,285,,16952,16953,1092,1093,1,beead77994cf573341ec17b58bbf7eb34d2711c993c1d976b128b3188dc1829a,08,,,,,False,,,,,,,,,,False,False
/a/0/0/5,/a/0/0/5!/member_00286,0,/a/0/0/5,134,286,,16956,16957,1096,1097,1,e7cf46a078fed4fafd0b5e3aff144802b853f8ae459a4f0c14add3314b7cc3a6,0b,,,,,False,,,,,,,,,,False,False
/a/0/0/5,/a/0/0/5!/member_00287,0,/a/0/0/5,134,287,,16960,16961,1100,1101,1,e7cf46a078fed4fafd0b5e3aff144802b853f8ae459a4f0c14add3314b7cc3a6,0b,,,,,False,,,,,,,,,,False,False
/a/0/0/5,/a/0/0/5!/member_00288,0,/a/0/0/5,134,288,,16964,16965,1104,1105,1,e7cf46a078fed4fafd0b5e3aff144802b853f8ae459a4f0c14add3314b7cc3a6,0b,,,,,False,,,,,,,,,,False,False
/a/0/0/5,/a/0/0/5!/member_00289,0,/a/0/0/5,134,289,,16968,16969,1108,1109,1,e7cf46a078fed4fafd0b5e3aff144802b853f8ae459a4f0c14add3314b7cc3a6,0b,,,,,False,,,,,,,,,,False,False
/a/0/0/5,/a/0/0/5!/member_00290,0,/a/0/0/5,134,290,,16972,16973,1112,1113,1,e7cf46a078fed4fafd0b5e3aff144802b853f8ae459a4f0c14add3314b7cc3a6,0b,,,,,False,,,,,,,,,,False,False
/a/0/0/5,/a/0/0/5!/member_00291,0,/a/0/0/5,134,291,,16976,16977,1116,1117,1,e7cf46a078fed4fafd0b5e3aff144802b853f8ae459a4f0c14add3314b7cc3a6,0b,,,,,False,,,,,,,,,,False,False
/a/0/0/5,/a/0/0/5!/member_00292,0,/a/0/0/5,134,292,,16980,16981,1120,1121,1,4d7b3ef7300acf70c892d8327db8272f54434adbc61a4e130a563cb59a0d0f47,0e,,,,,False,,,,,,,,,,False,False
/a/0/0/5,/a/0/0/5!/member_00293,0,/a/0/0/5,134,293,,16984,16985,1124,1125,1,4d7b3ef7300acf70c892d8327db8272f54434adbc61a4e130a563cb59a0d0f47,0e,,,,,False,,,,,,,,,,False,False
/a/0/0/5,/a/0/0/5!/member_00294,0,/a/0/0/5,134,294,,16988,16989,1128,1129,1,2b4c342f5433ebe591a1da77e013d1b72475562d48578dca8b84bac6651c3cb9,09,,,,,False,,,,,,,,,,False,False
/a/0/0/5,/a/0/0/5!/member_00295,0,/a/0/0/5,134,295,,16992,16993,1132,1133,1,2b4c342f5433ebe591a1da77e013d1b72475562d48578dca8b84bac6651c3cb9,09,,,,,False,,,,,,,,,,False,False
/a/0/0/5,/a/0/0/5!/member_00296,0,/a/0/0/5,134,296,,16996,16997,1136,1137,1,4d7b3ef7300acf70c892d8327db8272f54434adbc61a4e130a563cb59a0d0f47,0e,,,,,False,,,,,,,,,,False,False
/a/0/0/5,/a/0/0/5!/member_00297,0,/a/0/0/5,134,297,,17000,17001,1140,1141,1,4d7b3ef7300acf70c892d8327db8272f54434adbc61a4e130a563cb59a0d0f47,0e,,,,,False,,,,,,,,,,False,False
/a/0/0/5,/a/0/0/5!/member_00298,0,/a/0/0/5,134,298,,17004,17005,1144,1145,1,452ba1ddef80246c48be7690193c76c1d61185906be9401014fe14f1be64b74f,18,,,,,False,,,,,,,,,,False,False
/a/0/0/5,/a/0/0/5!/member_00299,0,/a/0/0/5,134,299,,17008,17009,1148,1149,1,452ba1ddef80246c48be7690193c76c1d61185906be9401014fe14f1be64b74f,18,,,,,False,,,,,,,,,,False,False
/a/0/0/5,/a/0/0/5!/member_00300,0,/a/0/0/5,134,300,,17012,17013,1152,1153,1,9d1e0e2d9459d06523ad13e28a4093c2316baafe7aec5b25f30eba2e113599c4,0d,,,,,False,,,,,,,,,,False,False
/a/0/0/5,/a/0/0/5!/member_00301,0,/a/0/0/5,134,301,,17016,17017,1156,1157,1,9d1e0e2d9459d06523ad13e28a4093c2316baafe7aec5b25f30eba2e113599c4,0d,,,,,False,,,,,,,,,,False,False
/a/0/0/5,/a/0/0/5!/member_00302,0,/a/0/0/5,134,302,,17020,17021,1160,1161,1,f299791cddd3d6664f6670842812ef6053eb6501bd6282a476bbbf3ee91e750c,12,,,,,False,,,,,,,,,,False,False
/a/0/0/5,/a/0/0/5!/member_00303,0,/a/0/0/5,134,303,,17024,17025,1164,1165,1,f299791cddd3d6664f6670842812ef6053eb6501bd6282a476bbbf3ee91e750c,12,,,,,False,,,,,,,,,,False,False
/a/0/0/5,/a/0/0/5!/member_00304,0,/a/0/0/5,134,304,,17028,17029,1168,1169,1,4d7b3ef7300acf70c892d8327db8272f54434adbc61a4e130a563cb59a0d0f47,0e,,,,,False,,,,,,,,,,False,False
/a/0/0/5,/a/0/0/5!/member_00305,0,/a/0/0/5,134,305,,17032,17033,1172,1173,1,4d7b3ef7300acf70c892d8327db8272f54434adbc61a4e130a563cb59a0d0f47,0e,,,,,False,,,,,,,,,,False,False
/a/0/0/5,/a/0/0/5!/member_00306,0,/a/0/0/5,134,306,,17036,17037,1176,1177,1,ef6cbd2161eaea7943ce8693b9824d23d1793ffb1c0fca05b600d3899b44c977,0c,,,,,False,,,,,,,,,,False,False
/a/0/0/5,/a/0/0/5!/member_00307,0,/a/0/0/5,134,307,,17040,17041,1180,1181,1,ef6cbd2161eaea7943ce8693b9824d23d1793ffb1c0fca05b600d3899b44c977,0c,,,,,False,,,,,,,,,,False,False
/a/0/0/5,/a/0/0/5!/member_00308,0,/a/0/0/5,134,308,,17044,17045,1184,1185,1,e77b9a9ae9e30b0dbdb6f510a264ef9de781501d7b6b92ae89eb059c5ab743db,05,,,,,False,,,,,,,,,,False,False
/a/0/0/5,/a/0/0/5!/member_00309,0,/a/0/0/5,134,309,,17048,17049,1188,1189,1,e77b9a9ae9e30b0dbdb6f510a264ef9de781501d7b6b92ae89eb059c5ab743db,05,,,,,False,,,,,,,,,,False,False
/a/0/0/5,/a/0/0/5!/member_00310,0,/a/0/0/5,134,310,,17052,17053,1192,1193,1,4d7b3ef7300acf70c892d8327db8272f54434adbc61a4e130a563cb59a0d0f47,0e,,,,,False,,,,,,,,,,False,False
/a/0/0/5,/a/0/0/5!/member_00311,0,/a/0/0/5,134,311,,17056,17057,1196,1197,1,4d7b3ef7300acf70c892d8327db8272f54434adbc61a4e130a563cb59a0d0f47,0e,,,,,False,,,,,,,,,,False,False
/a/0/0/5,/a/0/0/5!/member_00312,0,/a/0/0/5,134,312,,17060,17061,1200,1201,1,6e340b9cffb37a989ca544e6bb780a2c78901d3fb33738768511a30617afa01d,00,,,,,False,,,,,,,,,,False,False
/a/0/0/5,/a/0/0/5!/member_00313,0,/a/0/0/5,134,313,,17064,17065,1204,1205,1,6e340b9cffb37a989ca544e6bb780a2c78901d3fb33738768511a30617afa01d,00,,,,,False,,,,,,,,,,False,False
/a/0/0/5,/a/0/0/5!/member_00314,0,/a/0/0/5,134,314,,17068,17069,1208,1209,1,084fed08b978af4d7d196a7446a86b58009e636b611db16211b65a9aadff29c5,03,,,,,False,,,,,,,,,,False,False
/a/0/0/5,/a/0/0/5!/member_00315,0,/a/0/0/5,134,315,,17072,17073,1212,1213,1,084fed08b978af4d7d196a7446a86b58009e636b611db16211b65a9aadff29c5,03,,,,,False,,,,,,,,,,False,False
/a/0/0/5,/a/0/0/5!/member_00316,0,/a/0/0/5,134,316,,17076,17077,1216,1217,1,c555eab45d08845ae9f10d452a99bfcb06f74a50b988fe7e48dd323789b88ee3,10,,Nintendo LZ10,Probable,,True,Nintendo LZ10,Probable,True,,,,,,,False,False
/a/0/0/5,/a/0/0/5!/member_00317,0,/a/0/0/5,134,317,,17080,17081,1220,1221,1,c555eab45d08845ae9f10d452a99bfcb06f74a50b988fe7e48dd323789b88ee3,10,,Nintendo LZ10,Probable,,True,Nintendo LZ10,Probable,True,,,,,,,False,False
/a/0/0/5,/a/0/0/5!/member_00318,0,/a/0/0/5,134,318,,17084,17085,1224,1225,1,68aa2e2ee5dff96e3355e6c7ee373e3d6a4e17f75f9518d843709c0c9bc3e3d4,19,,,,,False,,,,,,,,,,False,False
/a/0/0/5,/a/0/0/5!/member_00319,0,/a/0/0/5,134,319,,17088,17089,1228,1229,1,68aa2e2ee5dff96e3355e6c7ee373e3d6a4e17f75f9518d843709c0c9bc3e3d4,19,,,,,False,,,,,,,,,,False,False
/a/0/0/5,/a/0/0/5!/member_00320,0,/a/0/0/5,134,320,,17092,17093,1232,1233,1,e7cf46a078fed4fafd0b5e3aff144802b853f8ae459a4f0c14add3314b7cc3a6,0b,,,,,False,,,,,,,,,,False,False
/a/0/0/5,/a/0/0/5!/member_00321,0,/a/0/0/5,134,321,,17096,17097,1236,1237,1,e7cf46a078fed4fafd0b5e3aff144802b853f8ae459a4f0c14add3314b7cc3a6,0b,,,,,False,,,,,,,,,,False,False
/a/0/0/5,/a/0/0/5!/member_00322,0,/a/0/0/5,134,322,,17100,17101,1240,1241,1,e7cf46a078fed4fafd0b5e3aff144802b853f8ae459a4f0c14add3314b7cc3a6,0b,,,,,False,,,,,,,,,,False,False
/a/0/0/5,/a/0/0/5!/member_00323,0,/a/0/0/5,134,323,,17104,17105,1244,1245,1,e7cf46a078fed4fafd0b5e3aff144802b853f8ae459a4f0c14add3314b7cc3a6,0b,,,,,False,,,,,,,,,,False,False
/a/0/0/5,/a/0/0/5!/member_00324,0,/a/0/0/5,134,324,,17108,17108,1248,1248,0,e3b0c44298fc1c149afbf4c8996fb92427ae41e4649b934ca495991b7852b855,,,,,,False,,,,,,,,,,False,False
/a/0/0/5,/a/0/0/5!/member_00325,0,/a/0/0/5,134,325,,17108,17109,1248,1249,1,beead77994cf573341ec17b58bbf7eb34d2711c993c1d976b128b3188dc1829a,08,,,,,False,,,,,,,,,,False,False
/a/0/0/5,/a/0/0/5!/member_00326,0,/a/0/0/5,134,326,,17112,17112,1252,1252,0,e3b0c44298fc1c149afbf4c8996fb92427ae41e4649b934ca495991b7852b855,,,,,,False,,,,,,,,,,False,False
/a/0/0/5,/a/0/0/5!/member_00327,0,/a/0/0/5,134,327,,17112,17113,1252,1253,1,77adfc95029e73b173f60e556f915b0cd8850848111358b1c370fb7c154e61fd,1b,,,,,False,,,,,,,,,,False,False
/a/0/0/5,/a/0/0/5!/member_00328,0,/a/0/0/5,134,328,,17116,17116,1256,1256,0,e3b0c44298fc1c149afbf4c8996fb92427ae41e4649b934ca495991b7852b855,,,,,,False,,,,,,,,,,False,False
/a/0/0/5,/a/0/0/5!/member_00329,0,/a/0/0/5,134,329,,17116,17117,1256,1257,1,beead77994cf573341ec17b58bbf7eb34d2711c993c1d976b128b3188dc1829a,08,,,,,False,,,,,,,,,,False,False
/a/0/0/5,/a/0/0/5!/member_00330,0,/a/0/0/5,134,330,,17120,17120,1260,1260,0,e3b0c44298fc1c149afbf4c8996fb92427ae41e4649b934ca495991b7852b855,,,,,,False,,,,,,,,,,False,False
/a/0/0/5,/a/0/0/5!/member_00331,0,/a/0/0/5,134,331,,17120,17121,1260,1261,1,ef6cbd2161eaea7943ce8693b9824d23d1793ffb1c0fca05b600d3899b44c977,0c,,,,,False,,,,,,,,,,False,False
/a/0/0/5,/a/0/0/5!/member_00332,0,/a/0/0/5,134,332,,17124,17125,1264,1265,1,e7cf46a078fed4fafd0b5e3aff144802b853f8ae459a4f0c14add3314b7cc3a6,0b,,,,,False,,,,,,,,,,False,False
/a/0/0/5,/a/0/0/5!/member_00333,0,/a/0/0/5,134,333,,17128,17129,1268,1269,1,e7cf46a078fed4fafd0b5e3aff144802b853f8ae459a4f0c14add3314b7cc3a6,0b,,,,,False,,,,,,,,,,False,False
/a/0/0/5,/a/0/0/5!/member_00334,0,/a/0/0/5,134,334,,17132,17133,1272,1273,1,dc0e9c3658a1a3ed1ec94274d8b19925c93e1abb7ddba294923ad9bde30f8cb8,0f,,,,,False,,,,,,,,,,False,False
/a/0/0/5,/a/0/0/5!/member_00335,0,/a/0/0/5,134,335,,17136,17137,1276,1277,1,dc0e9c3658a1a3ed1ec94274d8b19925c93e1abb7ddba294923ad9bde30f8cb8,0f,,,,,False,,,,,,,,,,False,False
/a/0/0/5,/a/0/0/5!/member_00336,0,/a/0/0/5,134,336,,17140,17141,1280,1281,1,beead77994cf573341ec17b58bbf7eb34d2711c993c1d976b128b3188dc1829a,08,,,,,False,,,,,,,,,,False,False
/a/0/0/5,/a/0/0/5!/member_00337,0,/a/0/0/5,134,337,,17144,17145,1284,1285,1,beead77994cf573341ec17b58bbf7eb34d2711c993c1d976b128b3188dc1829a,08,,,,,False,,,,,,,,,,False,False
/a/0/0/5,/a/0/0/5!/member_00338,0,/a/0/0/5,134,338,,17148,17149,1288,1289,1,9d1e0e2d9459d06523ad13e28a4093c2316baafe7aec5b25f30eba2e113599c4,0d,,,,,False,,,,,,,,,,False,False
/a/0/0/5,/a/0/0/5!/member_00339,0,/a/0/0/5,134,339,,17152,17153,1292,1293,1,9d1e0e2d9459d06523ad13e28a4093c2316baafe7aec5b25f30eba2e113599c4,0d,,,,,False,,,,,,,,,,False,False
/a/0/0/5,/a/0/0/5!/member_00340,0,/a/0/0/5,134,340,,17156,17157,1296,1297,1,e52d9c508c502347344d8c07ad91cbd6068afc75ff6292f062a09ca381c89e71,04,,,,,False,,,,,,,,,,False,False
/a/0/0/5,/a/0/0/5!/member_00341,0,/a/0/0/5,134,341,,17160,17161,1300,1301,1,e52d9c508c502347344d8c07ad91cbd6068afc75ff6292f062a09ca381c89e71,04,,,,,False,,,,,,,,,,False,False
/a/0/0/5,/a/0/0/5!/member_00342,0,/a/0/0/5,134,342,,17164,17165,1304,1305,1,4bf5122f344554c53bde2ebb8cd2b7e3d1600ad631c385a5d7cce23c7785459a,01,,,,,False,,,,,,,,,,False,False
/a/0/0/5,/a/0/0/5!/member_00343,0,/a/0/0/5,134,343,,17168,17169,1308,1309,1,4bf5122f344554c53bde2ebb8cd2b7e3d1600ad631c385a5d7cce23c7785459a,01,,,,,False,,,,,,,,,,False,False
/a/0/0/5,/a/0/0/5!/member_00344,0,/a/0/0/5,134,344,,17172,17173,1312,1313,1,c555eab45d08845ae9f10d452a99bfcb06f74a50b988fe7e48dd323789b88ee3,10,,Nintendo LZ10,Probable,,True,Nintendo LZ10,Probable,True,,,,,,,False,False
/a/0/0/5,/a/0/0/5!/member_00345,0,/a/0/0/5,134,345,,17176,17177,1316,1317,1,c555eab45d08845ae9f10d452a99bfcb06f74a50b988fe7e48dd323789b88ee3,10,,Nintendo LZ10,Probable,,True,Nintendo LZ10,Probable,True,,,,,,,False,False
/a/0/0/5,/a/0/0/5!/member_00346,0,/a/0/0/5,134,346,,17180,17181,1320,1321,1,dc0e9c3658a1a3ed1ec94274d8b19925c93e1abb7ddba294923ad9bde30f8cb8,0f,,,,,False,,,,,,,,,,False,False
/a/0/0/5,/a/0/0/5!/member_00347,0,/a/0/0/5,134,347,,17184,17185,1324,1325,1,dc0e9c3658a1a3ed1ec94274d8b19925c93e1abb7ddba294923ad9bde30f8cb8,0f,,,,,False,,,,,,,,,,False,False
/a/0/0/5,/a/0/0/5!/member_00348,0,/a/0/0/5,134,348,,17188,17189,1328,1329,1,67586e98fad27da0b9968bc039a1ef34c939b9b8e523a8bef89d478608c5ecf6,06,,,,,False,,,,,,,,,,False,False
/a/0/0/5,/a/0/0/5!/member_00349,0,/a/0/0/5,134,349,,17192,17193,1332,1333,1,67586e98fad27da0b9968bc039a1ef34c939b9b8e523a8bef89d478608c5ecf6,06,,,,,False,,,,,,,,,,False,False
/a/0/0/5,/a/0/0/5!/member_00350,0,/a/0/0/5,134,350,,17196,17197,1336,1337,1,ca358758f6d27e6cf45272937977a748fd88391db679ceda7dc7bf1f005ee879,07,,,,,False,,,,,,,,,,False,False
/a/0/0/5,/a/0/0/5!/member_00351,0,/a/0/0/5,134,351,,17200,17201,1340,1341,1,ca358758f6d27e6cf45272937977a748fd88391db679ceda7dc7bf1f005ee879,07,,,,,False,,,,,,,,,,False,False
/a/0/0/5,/a/0/0/5!/member_00352,0,/a/0/0/5,134,352,,17204,17205,1344,1345,1,c555eab45d08845ae9f10d452a99bfcb06f74a50b988fe7e48dd323789b88ee3,10,,Nintendo LZ10,Probable,,True,Nintendo LZ10,Probable,True,,,,,,,False,False
/a/0/0/5,/a/0/0/5!/member_00353,0,/a/0/0/5,134,353,,17208,17209,1348,1349,1,c555eab45d08845ae9f10d452a99bfcb06f74a50b988fe7e48dd323789b88ee3,10,,Nintendo LZ10,Probable,,True,Nintendo LZ10,Probable,True,,,,,,,False,False
/a/0/0/5,/a/0/0/5!/member_00354,0,/a/0/0/5,134,354,,17212,17213,1352,1353,1,ab897fbdedfa502b2d839b6a56100887dccdc507555c282e59589e06300a62e2,13,,,,,False,,,,,,,,,,False,False
/a/0/0/5,/a/0/0/5!/member_00355,0,/a/0/0/5,134,355,,17216,17217,1356,1357,1,ab897fbdedfa502b2d839b6a56100887dccdc507555c282e59589e06300a62e2,13,,,,,False,,,,,,,,,,False,False
/a/0/0/5,/a/0/0/5!/member_00356,0,/a/0/0/5,134,356,,17220,17221,1360,1361,1,beead77994cf573341ec17b58bbf7eb34d2711c993c1d976b128b3188dc1829a,08,,,,,False,,,,,,,,,,False,False
/a/0/0/5,/a/0/0/5!/member_00357,0,/a/0/0/5,134,357,,17224,17225,1364,1365,1,beead77994cf573341ec17b58bbf7eb34d2711c993c1d976b128b3188dc1829a,08,,,,,False,,,,,,,,,,False,False
/a/0/0/5,/a/0/0/5!/member_00358,0,/a/0/0/5,134,358,,17228,17229,1368,1369,1,beead77994cf573341ec17b58bbf7eb34d2711c993c1d976b128b3188dc1829a,08,,,,,False,,,,,,,,,,False,False
/a/0/0/5,/a/0/0/5!/member_00359,0,/a/0/0/5,134,359,,17232,17233,1372,1373,1,beead77994cf573341ec17b58bbf7eb34d2711c993c1d976b128b3188dc1829a,08,,,,,False,,,,,,,,,,False,False
/a/0/0/5,/a/0/0/5!/member_00360,0,/a/0/0/5,134,360,,17236,17237,1376,1377,1,bd4fc42a21f1f860a1030e6eba23d53ecab71bd19297ab6c074381d4ecee0018,1c,,,,,False,,,,,,,,,,False,False
/a/0/0/5,/a/0/0/5!/member_00361,0,/a/0/0/5,134,361,,17240,17241,1380,1381,1,bd4fc42a21f1f860a1030e6eba23d53ecab71bd19297ab6c074381d4ecee0018,1c,,,,,False,,,,,,,,,,False,False
/a/0/0/5,/a/0/0/5!/member_00362,0,/a/0/0/5,134,362,,17244,17245,1384,1385,1,8f11b05da785e43e713d03774c6bd3405d99cd3024af334ffd68db663aa37034,17,,,,,False,,,,,,,,,,False,False
/a/0/0/5,/a/0/0/5!/member_00363,0,/a/0/0/5,134,363,,17248,17249,1388,1389,1,8f11b05da785e43e713d03774c6bd3405d99cd3024af334ffd68db663aa37034,17,,,,,False,,,,,,,,,,False,False
/a/0/0/5,/a/0/0/5!/member_00364,0,/a/0/0/5,134,364,,17252,17253,1392,1393,1,2b4c342f5433ebe591a1da77e013d1b72475562d48578dca8b84bac6651c3cb9,09,,,,,False,,,,,,,,,,False,False
/a/0/0/5,/a/0/0/5!/member_00365,0,/a/0/0/5,134,365,,17256,17257,1396,1397,1,2b4c342f5433ebe591a1da77e013d1b72475562d48578dca8b84bac6651c3cb9,09,,,,,False,,,,,,,,,,False,False
/a/0/0/5,/a/0/0/5!/member_00366,0,/a/0/0/5,134,366,,17260,17261,1400,1401,1,01ba4719c80b6fe911b091a7c05124b64eeece964e09c058ef8f9805daca546b,0a,,,,,False,,,,,,,,,,False,False
/a/0/0/5,/a/0/0/5!/member_00367,0,/a/0/0/5,134,367,,17264,17265,1404,1405,1,01ba4719c80b6fe911b091a7c05124b64eeece964e09c058ef8f9805daca546b,0a,,,,,False,,,,,,,,,,False,False
/a/0/0/5,/a/0/0/5!/member_00368,0,/a/0/0/5,134,368,,17268,17269,1408,1409,1,beead77994cf573341ec17b58bbf7eb34d2711c993c1d976b128b3188dc1829a,08,,,,,False,,,,,,,,,,False,False
/a/0/0/5,/a/0/0/5!/member_00369,0,/a/0/0/5,134,369,,17272,17273,1412,1413,1,beead77994cf573341ec17b58bbf7eb34d2711c993c1d976b128b3188dc1829a,08,,,,,False,,,,,,,,,,False,False
/a/0/0/5,/a/0/0/5!/member_00370,0,/a/0/0/5,134,370,,17276,17277,1416,1417,1,f299791cddd3d6664f6670842812ef6053eb6501bd6282a476bbbf3ee91e750c,12,,,,,False,,,,,,,,,,False,False
/a/0/0/5,/a/0/0/5!/member_00371,0,/a/0/0/5,134,371,,17280,17281,1420,1421,1,f299791cddd3d6664f6670842812ef6053eb6501bd6282a476bbbf3ee91e750c,12,,,,,False,,,,,,,,,,False,False
/a/0/0/5,/a/0/0/5!/member_00372,0,/a/0/0/5,134,372,,17284,17285,1424,1425,1,e77b9a9ae9e30b0dbdb6f510a264ef9de781501d7b6b92ae89eb059c5ab743db,05,,,,,False,,,,,,,,,,False,False
/a/0/0/5,/a/0/0/5!/member_00373,0,/a/0/0/5,134,373,,17288,17289,1428,1429,1,e77b9a9ae9e30b0dbdb6f510a264ef9de781501d7b6b92ae89eb059c5ab743db,05,,,,,False,,,,,,,,,,False,False
/a/0/0/5,/a/0/0/5!/member_00374,0,/a/0/0/5,134,374,,17292,17293,1432,1433,1,4a64a107f0cb32536e5bce6c98c393db21cca7f4ea187ba8c4dca8b51d4ea80a,11,,Nintendo LZ11,Probable,,True,Nintendo LZ11,Probable,True,,,,,,,False,False
/a/0/0/5,/a/0/0/5!/member_00375,0,/a/0/0/5,134,375,,17296,17297,1436,1437,1,4a64a107f0cb32536e5bce6c98c393db21cca7f4ea187ba8c4dca8b51d4ea80a,11,,Nintendo LZ11,Probable,,True,Nintendo LZ11,Probable,True,,,,,,,False,False
/a/0/0/5,/a/0/0/5!/member_00376,0,/a/0/0/5,134,376,,17300,17301,1440,1441,1,01ba4719c80b6fe911b091a7c05124b64eeece964e09c058ef8f9805daca546b,0a,,,,,False,,,,,,,,,,False,False
/a/0/0/5,/a/0/0/5!/member_00377,0,/a/0/0/5,134,377,,17304,17305,1444,1445,1,01ba4719c80b6fe911b091a7c05124b64eeece964e09c058ef8f9805daca546b,0a,,,,,False,,,,,,,,,,False,False
/a/0/0/5,/a/0/0/5!/member_00378,0,/a/0/0/5,134,378,,17308,17309,1448,1449,1,4d7b3ef7300acf70c892d8327db8272f54434adbc61a4e130a563cb59a0d0f47,0e,,,,,False,,,,,,,,,,False,False
/a/0/0/5,/a/0/0/5!/member_00379,0,/a/0/0/5,134,379,,17312,17313,1452,1453,1,4d7b3ef7300acf70c892d8327db8272f54434adbc61a4e130a563cb59a0d0f47,0e,,,,,False,,,,,,,,,,False,False
/a/0/0/5,/a/0/0/5!/member_00380,0,/a/0/0/5,134,380,,17316,17317,1456,1457,1,6e340b9cffb37a989ca544e6bb780a2c78901d3fb33738768511a30617afa01d,00,,,,,False,,,,,,,,,,False,False
/a/0/0/5,/a/0/0/5!/member_00381,0,/a/0/0/5,134,381,,17320,17321,1460,1461,1,6e340b9cffb37a989ca544e6bb780a2c78901d3fb33738768511a30617afa01d,00,,,,,False,,,,,,,,,,False,False
/a/0/0/5,/a/0/0/5!/member_00382,0,/a/0/0/5,134,382,,17324,17325,1464,1465,1,67586e98fad27da0b9968bc039a1ef34c939b9b8e523a8bef89d478608c5ecf6,06,,,,,False,,,,,,,,,,False,False
/a/0/0/5,/a/0/0/5!/member_00383,0,/a/0/0/5,134,383,,17328,17329,1468,1469,1,67586e98fad27da0b9968bc039a1ef34c939b9b8e523a8bef89d478608c5ecf6,06,,,,,False,,,,,,,,,,False,False
/a/0/0/5,/a/0/0/5!/member_00384,0,/a/0/0/5,134,384,,17332,17333,1472,1473,1,e7cf46a078fed4fafd0b5e3aff144802b853f8ae459a4f0c14add3314b7cc3a6,0b,,,,,False,,,,,,,,,,False,False
/a/0/0/5,/a/0/0/5!/member_00385,0,/a/0/0/5,134,385,,17336,17337,1476,1477,1,e7cf46a078fed4fafd0b5e3aff144802b853f8ae459a4f0c14add3314b7cc3a6,0b,,,,,False,,,,,,,,,,False,False
/a/0/0/5,/a/0/0/5!/member_00386,0,/a/0/0/5,134,386,,17340,17341,1480,1481,1,9d1e0e2d9459d06523ad13e28a4093c2316baafe7aec5b25f30eba2e113599c4,0d,,,,,False,,,,,,,,,,False,False
/a/0/0/5,/a/0/0/5!/member_00387,0,/a/0/0/5,134,387,,17344,17345,1484,1485,1,9d1e0e2d9459d06523ad13e28a4093c2316baafe7aec5b25f30eba2e113599c4,0d,,,,,False,,,,,,,,,,False,False
/a/0/0/5,/a/0/0/5!/member_00388,0,/a/0/0/5,134,388,,17348,17349,1488,1489,1,67586e98fad27da0b9968bc039a1ef34c939b9b8e523a8bef89d478608c5ecf6,06,,,,,False,,,,,,,,,,False,False
/a/0/0/5,/a/0/0/5!/member_00389,0,/a/0/0/5,134,389,,17352,17353,1492,1493,1,67586e98fad27da0b9968bc039a1ef34c939b9b8e523a8bef89d478608c5ecf6,06,,,,,False,,,,,,,,,,False,False
/a/0/0/5,/a/0/0/5!/member_00390,0,/a/0/0/5,134,390,,17356,17357,1496,1497,1,ca358758f6d27e6cf45272937977a748fd88391db679ceda7dc7bf1f005ee879,07,,,,,False,,,,,,,,,,False,False
/a/0/0/5,/a/0/0/5!/member_00391,0,/a/0/0/5,134,391,,17360,17361,1500,1501,1,ca358758f6d27e6cf45272937977a748fd88391db679ceda7dc7bf1f005ee879,07,,,,,False,,,,,,,,,,False,False
/a/0/0/5,/a/0/0/5!/member_00392,0,/a/0/0/5,134,392,,17364,17365,1504,1505,1,ab897fbdedfa502b2d839b6a56100887dccdc507555c282e59589e06300a62e2,13,,,,,False,,,,,,,,,,False,False
/a/0/0/5,/a/0/0/5!/member_00393,0,/a/0/0/5,134,393,,17368,17369,1508,1509,1,ab897fbdedfa502b2d839b6a56100887dccdc507555c282e59589e06300a62e2,13,,,,,False,,,,,,,,,,False,False
/a/0/0/5,/a/0/0/5!/member_00394,0,/a/0/0/5,134,394,,17372,17373,1512,1513,1,ab897fbdedfa502b2d839b6a56100887dccdc507555c282e59589e06300a62e2,13,,,,,False,,,,,,,,,,False,False
/a/0/0/5,/a/0/0/5!/member_00395,0,/a/0/0/5,134,395,,17376,17377,1516,1517,1,ab897fbdedfa502b2d839b6a56100887dccdc507555c282e59589e06300a62e2,13,,,,,False,,,,,,,,,,False,False
/a/0/0/5,/a/0/0/5!/member_00396,0,/a/0/0/5,134,396,,17380,17381,1520,1521,1,67586e98fad27da0b9968bc039a1ef34c939b9b8e523a8bef89d478608c5ecf6,06,,,,,False,,,,,,,,,,False,False
/a/0/0/5,/a/0/0/5!/member_00397,0,/a/0/0/5,134,397,,17384,17385,1524,1525,1,67586e98fad27da0b9968bc039a1ef34c939b9b8e523a8bef89d478608c5ecf6,06,,,,,False,,,,,,,,,,False,False
/a/0/0/5,/a/0/0/5!/member_00398,0,/a/0/0/5,134,398,,17388,17389,1528,1529,1,ef6cbd2161eaea7943ce8693b9824d23d1793ffb1c0fca05b600d3899b44c977,0c,,,,,False,,,,,,,,,,False,False
/a/0/0/5,/a/0/0/5!/member_00399,0,/a/0/0/5,134,399,,17392,17393,1532,1533,1,ef6cbd2161eaea7943ce8693b9824d23d1793ffb1c0fca05b600d3899b44c977,0c,,,,,False,,,,,,,,,,False,False
/a/0/0/5,/a/0/0/5!/member_00400,0,/a/0/0/5,134,400,,17396,17396,1536,1536,0,e3b0c44298fc1c149afbf4c8996fb92427ae41e4649b934ca495991b7852b855,,,,,,False,,,,,,,,,,False,False
/a/0/0/5,/a/0/0/5!/member_00401,0,/a/0/0/5,134,401,,17396,17397,1536,1537,1,83891d7fe85c33e52c8b4e5814c92fb6a3b9467299200538a6babaa8b452d879,14,,,,,False,,,,,,,,,,False,False
/a/0/0/5,/a/0/0/5!/member_00402,0,/a/0/0/5,134,402,,17400,17400,1540,1540,0,e3b0c44298fc1c149afbf4c8996fb92427ae41e4649b934ca495991b7852b855,,,,,,False,,,,,,,,,,False,False
/a/0/0/5,/a/0/0/5!/member_00403,0,/a/0/0/5,134,403,,17400,17401,1540,1541,1,68aa2e2ee5dff96e3355e6c7ee373e3d6a4e17f75f9518d843709c0c9bc3e3d4,19,,,,,False,,,,,,,,,,False,False
/a/0/0/5,/a/0/0/5!/member_00404,0,/a/0/0/5,134,404,,17404,17404,1544,1544,0,e3b0c44298fc1c149afbf4c8996fb92427ae41e4649b934ca495991b7852b855,,,,,,False,,,,,,,,,,False,False
/a/0/0/5,/a/0/0/5!/member_00405,0,/a/0/0/5,134,405,,17404,17405,1544,1545,1,c555eab45d08845ae9f10d452a99bfcb06f74a50b988fe7e48dd323789b88ee3,10,,Nintendo LZ10,Probable,,True,Nintendo LZ10,Probable,True,,,,,,,False,False
/a/0/0/5,/a/0/0/5!/member_00406,0,/a/0/0/5,134,406,,17408,17408,1548,1548,0,e3b0c44298fc1c149afbf4c8996fb92427ae41e4649b934ca495991b7852b855,,,,,,False,,,,,,,,,,False,False
/a/0/0/5,/a/0/0/5!/member_00407,0,/a/0/0/5,134,407,,17408,17409,1548,1549,1,4a64a107f0cb32536e5bce6c98c393db21cca7f4ea187ba8c4dca8b51d4ea80a,11,,Nintendo LZ11,Probable,,True,Nintendo LZ11,Probable,True,,,,,,,False,False
/a/0/0/5,/a/0/0/5!/member_00408,0,/a/0/0/5,134,408,,17412,17413,1552,1553,1,8f11b05da785e43e713d03774c6bd3405d99cd3024af334ffd68db663aa37034,17,,,,,False,,,,,,,,,,False,False
/a/0/0/5,/a/0/0/5!/member_00409,0,/a/0/0/5,134,409,,17416,17417,1556,1557,1,8f11b05da785e43e713d03774c6bd3405d99cd3024af334ffd68db663aa37034,17,,,,,False,,,,,,,,,,False,False
/a/0/0/5,/a/0/0/5!/member_00410,0,/a/0/0/5,134,410,,17420,17421,1560,1561,1,2f0fd1e89b8de1d57292742ec380ea47066e307ad645f5bc3adad8a06ff58608,15,,,,,False,,,,,,,,,,False,False
/a/0/0/5,/a/0/0/5!/member_00411,0,/a/0/0/5,134,411,,17424,17425,1564,1565,1,2f0fd1e89b8de1d57292742ec380ea47066e307ad645f5bc3adad8a06ff58608,15,,,,,False,,,,,,,,,,False,False
/a/0/0/5,/a/0/0/5!/member_00412,0,/a/0/0/5,134,412,,17428,17429,1568,1569,1,01ba4719c80b6fe911b091a7c05124b64eeece964e09c058ef8f9805daca546b,0a,,,,,False,,,,,,,,,,False,False
/a/0/0/5,/a/0/0/5!/member_00413,0,/a/0/0/5,134,413,,17432,17433,1572,1573,1,01ba4719c80b6fe911b091a7c05124b64eeece964e09c058ef8f9805daca546b,0a,,,,,False,,,,,,,,,,False,False
/a/0/0/5,/a/0/0/5!/member_00414,0,/a/0/0/5,134,414,,17436,17437,1576,1577,1,084fed08b978af4d7d196a7446a86b58009e636b611db16211b65a9aadff29c5,03,,,,,False,,,,,,,,,,False,False
/a/0/0/5,/a/0/0/5!/member_00415,0,/a/0/0/5,134,415,,17440,17441,1580,1581,1,084fed08b978af4d7d196a7446a86b58009e636b611db16211b65a9aadff29c5,03,,,,,False,,,,,,,,,,False,False
/a/0/0/5,/a/0/0/5!/member_00416,0,/a/0/0/5,134,416,,17444,17445,1584,1585,1,ef6cbd2161eaea7943ce8693b9824d23d1793ffb1c0fca05b600d3899b44c977,0c,,,,,False,,,,,,,,,,False,False
/a/0/0/5,/a/0/0/5!/member_00417,0,/a/0/0/5,134,417,,17448,17449,1588,1589,1,ef6cbd2161eaea7943ce8693b9824d23d1793ffb1c0fca05b600d3899b44c977,0c,,,,,False,,,,,,,,,,False,False
/a/0/0/5,/a/0/0/5!/member_00418,0,/a/0/0/5,134,418,,17452,17453,1592,1593,1,2f0fd1e89b8de1d57292742ec380ea47066e307ad645f5bc3adad8a06ff58608,15,,,,,False,,,,,,,,,,False,False
/a/0/0/5,/a/0/0/5!/member_00419,0,/a/0/0/5,134,419,,17456,17457,1596,1597,1,2f0fd1e89b8de1d57292742ec380ea47066e307ad645f5bc3adad8a06ff58608,15,,,,,False,,,,,,,,,,False,False
/a/0/0/5,/a/0/0/5!/member_00420,0,/a/0/0/5,134,420,,17460,17461,1600,1601,1,2b4c342f5433ebe591a1da77e013d1b72475562d48578dca8b84bac6651c3cb9,09,,,,,False,,,,,,,,,,False,False
/a/0/0/5,/a/0/0/5!/member_00421,0,/a/0/0/5,134,421,,17464,17465,1604,1605,1,2b4c342f5433ebe591a1da77e013d1b72475562d48578dca8b84bac6651c3cb9,09,,,,,False,,,,,,,,,,False,False
/a/0/0/5,/a/0/0/5!/member_00422,0,/a/0/0/5,134,422,,17468,17469,1608,1609,1,ef6cbd2161eaea7943ce8693b9824d23d1793ffb1c0fca05b600d3899b44c977,0c,,,,,False,,,,,,,,,,False,False
/a/0/0/5,/a/0/0/5!/member_00423,0,/a/0/0/5,134,423,,17472,17473,1612,1613,1,ef6cbd2161eaea7943ce8693b9824d23d1793ffb1c0fca05b600d3899b44c977,0c,,,,,False,,,,,,,,,,False,False
/a/0/0/5,/a/0/0/5!/member_00424,0,/a/0/0/5,134,424,,17476,17476,1616,1616,0,e3b0c44298fc1c149afbf4c8996fb92427ae41e4649b934ca495991b7852b855,,,,,,False,,,,,,,,,,False,False
/a/0/0/5,/a/0/0/5!/member_00425,0,/a/0/0/5,134,425,,17476,17477,1616,1617,1,e77b9a9ae9e30b0dbdb6f510a264ef9de781501d7b6b92ae89eb059c5ab743db,05,,,,,False,,,,,,,,,,False,False
/a/0/0/5,/a/0/0/5!/member_00426,0,/a/0/0/5,134,426,,17480,17480,1620,1620,0,e3b0c44298fc1c149afbf4c8996fb92427ae41e4649b934ca495991b7852b855,,,,,,False,,,,,,,,,,False,False
/a/0/0/5,/a/0/0/5!/member_00427,0,/a/0/0/5,134,427,,17480,17481,1620,1621,1,ef6cbd2161eaea7943ce8693b9824d23d1793ffb1c0fca05b600d3899b44c977,0c,,,,,False,,,,,,,,,,False,False
/a/0/0/5,/a/0/0/5!/member_00428,0,/a/0/0/5,134,428,,17484,17484,1624,1624,0,e3b0c44298fc1c149afbf4c8996fb92427ae41e4649b934ca495991b7852b855,,,,,,False,,,,,,,,,,False,False
/a/0/0/5,/a/0/0/5!/member_00429,0,/a/0/0/5,134,429,,17484,17485,1624,1625,1,beead77994cf573341ec17b58bbf7eb34d2711c993c1d976b128b3188dc1829a,08,,,,,False,,,,,,,,,,False,False
/a/0/0/5,/a/0/0/5!/member_00430,0,/a/0/0/5,134,430,,17488,17488,1628,1628,0,e3b0c44298fc1c149afbf4c8996fb92427ae41e4649b934ca495991b7852b855,,,,,,False,,,,,,,,,,False,False
/a/0/0/5,/a/0/0/5!/member_00431,0,/a/0/0/5,134,431,,17488,17489,1628,1629,1,01ba4719c80b6fe911b091a7c05124b64eeece964e09c058ef8f9805daca546b,0a,,,,,False,,,,,,,,,,False,False
/a/0/0/5,/a/0/0/5!/member_00432,0,/a/0/0/5,134,432,,17492,17493,1632,1633,1,c555eab45d08845ae9f10d452a99bfcb06f74a50b988fe7e48dd323789b88ee3,10,,Nintendo LZ10,Probable,,True,Nintendo LZ10,Probable,True,,,,,,,False,False
/a/0/0/5,/a/0/0/5!/member_00433,0,/a/0/0/5,134,433,,17496,17497,1636,1637,1,c555eab45d08845ae9f10d452a99bfcb06f74a50b988fe7e48dd323789b88ee3,10,,Nintendo LZ10,Probable,,True,Nintendo LZ10,Probable,True,,,,,,,False,False
/a/0/0/5,/a/0/0/5!/member_00434,0,/a/0/0/5,134,434,,17500,17501,1640,1641,1,4d7b3ef7300acf70c892d8327db8272f54434adbc61a4e130a563cb59a0d0f47,0e,,,,,False,,,,,,,,,,False,False
/a/0/0/5,/a/0/0/5!/member_00435,0,/a/0/0/5,134,435,,17504,17505,1644,1645,1,4d7b3ef7300acf70c892d8327db8272f54434adbc61a4e130a563cb59a0d0f47,0e,,,,,False,,,,,,,,,,False,False
/a/0/0/5,/a/0/0/5!/member_00436,0,/a/0/0/5,134,436,,17508,17509,1648,1649,1,e52d9c508c502347344d8c07ad91cbd6068afc75ff6292f062a09ca381c89e71,04,,,,,False,,,,,,,,,,False,False
/a/0/0/5,/a/0/0/5!/member_00437,0,/a/0/0/5,134,437,,17512,17513,1652,1653,1,e52d9c508c502347344d8c07ad91cbd6068afc75ff6292f062a09ca381c89e71,04,,,,,False,,,,,,,,,,False,False
/a/0/0/5,/a/0/0/5!/member_00438,0,/a/0/0/5,134,438,,17516,17517,1656,1657,1,c555eab45d08845ae9f10d452a99bfcb06f74a50b988fe7e48dd323789b88ee3,10,,Nintendo LZ10,Probable,,True,Nintendo LZ10,Probable,True,,,,,,,False,False
/a/0/0/5,/a/0/0/5!/member_00439,0,/a/0/0/5,134,439,,17520,17521,1660,1661,1,c555eab45d08845ae9f10d452a99bfcb06f74a50b988fe7e48dd323789b88ee3,10,,Nintendo LZ10,Probable,,True,Nintendo LZ10,Probable,True,,,,,,,False,False
/a/0/0/5,/a/0/0/5!/member_00440,0,/a/0/0/5,134,440,,17524,17525,1664,1665,1,e7cf46a078fed4fafd0b5e3aff144802b853f8ae459a4f0c14add3314b7cc3a6,0b,,,,,False,,,,,,,,,,False,False
/a/0/0/5,/a/0/0/5!/member_00441,0,/a/0/0/5,134,441,,17528,17529,1668,1669,1,e7cf46a078fed4fafd0b5e3aff144802b853f8ae459a4f0c14add3314b7cc3a6,0b,,,,,False,,,,,,,,,,False,False
/a/0/0/5,/a/0/0/5!/member_00442,0,/a/0/0/5,134,442,,17532,17533,1672,1673,1,e52d9c508c502347344d8c07ad91cbd6068afc75ff6292f062a09ca381c89e71,04,,,,,False,,,,,,,,,,False,False
/a/0/0/5,/a/0/0/5!/member_00443,0,/a/0/0/5,134,443,,17536,17537,1676,1677,1,e52d9c508c502347344d8c07ad91cbd6068afc75ff6292f062a09ca381c89e71,04,,,,,False,,,,,,,,,,False,False
/a/0/0/5,/a/0/0/5!/member_00444,0,/a/0/0/5,134,444,,17540,17541,1680,1681,1,4a64a107f0cb32536e5bce6c98c393db21cca7f4ea187ba8c4dca8b51d4ea80a,11,,Nintendo LZ11,Probable,,True,Nintendo LZ11,Probable,True,,,,,,,False,False
/a/0/0/5,/a/0/0/5!/member_00445,0,/a/0/0/5,134,445,,17544,17545,1684,1685,1,4d7b3ef7300acf70c892d8327db8272f54434adbc61a4e130a563cb59a0d0f47,0e,,,,,False,,,,,,,,,,False,False
/a/0/0/5,/a/0/0/5!/member_00446,0,/a/0/0/5,134,446,,17548,17549,1688,1689,1,4a64a107f0cb32536e5bce6c98c393db21cca7f4ea187ba8c4dca8b51d4ea80a,11,,Nintendo LZ11,Probable,,True,Nintendo LZ11,Probable,True,,,,,,,False,False
/a/0/0/5,/a/0/0/5!/member_00447,0,/a/0/0/5,134,447,,17552,17553,1692,1693,1,4a64a107f0cb32536e5bce6c98c393db21cca7f4ea187ba8c4dca8b51d4ea80a,11,,Nintendo LZ11,Probable,,True,Nintendo LZ11,Probable,True,,,,,,,False,False
/a/0/0/5,/a/0/0/5!/member_00448,0,/a/0/0/5,134,448,,17556,17557,1696,1697,1,67586e98fad27da0b9968bc039a1ef34c939b9b8e523a8bef89d478608c5ecf6,06,,,,,False,,,,,,,,,,False,False
/a/0/0/5,/a/0/0/5!/member_00449,0,/a/0/0/5,134,449,,17560,17561,1700,1701,1,67586e98fad27da0b9968bc039a1ef34c939b9b8e523a8bef89d478608c5ecf6,06,,,,,False,,,,,,,,,,False,False
/a/0/0/5,/a/0/0/5!/member_00450,0,/a/0/0/5,134,450,,17564,17565,1704,1705,1,084fed08b978af4d7d196a7446a86b58009e636b611db16211b65a9aadff29c5,03,,,,,False,,,,,,,,,,False,False
/a/0/0/5,/a/0/0/5!/member_00451,0,/a/0/0/5,134,451,,17568,17569,1708,1709,1,084fed08b978af4d7d196a7446a86b58009e636b611db16211b65a9aadff29c5,03,,,,,False,,,,,,,,,,False,False
/a/0/0/5,/a/0/0/5!/member_00452,0,/a/0/0/5,134,452,,17572,17573,1712,1713,1,4d7b3ef7300acf70c892d8327db8272f54434adbc61a4e130a563cb59a0d0f47,0e,,,,,False,,,,,,,,,,False,False
/a/0/0/5,/a/0/0/5!/member_00453,0,/a/0/0/5,134,453,,17576,17576,1716,1716,0,e3b0c44298fc1c149afbf4c8996fb92427ae41e4649b934ca495991b7852b855,,,,,,False,,,,,,,,,,False,False
/a/0/0/5,/a/0/0/5!/member_00454,0,/a/0/0/5,134,454,,17576,17577,1716,1717,1,f299791cddd3d6664f6670842812ef6053eb6501bd6282a476bbbf3ee91e750c,12,,,,,False,,,,,,,,,,False,False
/a/0/0/5,/a/0/0/5!/member_00455,0,/a/0/0/5,134,455,,17580,17580,1720,1720,0,e3b0c44298fc1c149afbf4c8996fb92427ae41e4649b934ca495991b7852b855,,,,,,False,,,,,,,,,,False,False
/a/0/0/5,/a/0/0/5!/member_00456,0,/a/0/0/5,134,456,,17580,17581,1720,1721,1,68aa2e2ee5dff96e3355e6c7ee373e3d6a4e17f75f9518d843709c0c9bc3e3d4,19,,,,,False,,,,,,,,,,False,False
/a/0/0/5,/a/0/0/5!/member_00457,0,/a/0/0/5,134,457,,17584,17585,1724,1725,1,68aa2e2ee5dff96e3355e6c7ee373e3d6a4e17f75f9518d843709c0c9bc3e3d4,19,,,,,False,,,,,,,,,,False,False
/a/0/0/5,/a/0/0/5!/member_00458,0,/a/0/0/5,134,458,,17588,17589,1728,1729,1,83891d7fe85c33e52c8b4e5814c92fb6a3b9467299200538a6babaa8b452d879,14,,,,,False,,,,,,,,,,False,False
/a/0/0/5,/a/0/0/5!/member_00459,0,/a/0/0/5,134,459,,17592,17593,1732,1733,1,83891d7fe85c33e52c8b4e5814c92fb6a3b9467299200538a6babaa8b452d879,14,,,,,False,,,,,,,,,,False,False
/a/0/0/5,/a/0/0/5!/member_00460,0,/a/0/0/5,134,460,,17596,17597,1736,1737,1,ca358758f6d27e6cf45272937977a748fd88391db679ceda7dc7bf1f005ee879,07,,,,,False,,,,,,,,,,False,False
/a/0/0/5,/a/0/0/5!/member_00461,0,/a/0/0/5,134,461,,17600,17600,1740,1740,0,e3b0c44298fc1c149afbf4c8996fb92427ae41e4649b934ca495991b7852b855,,,,,,False,,,,,,,,,,False,False
/a/0/0/5,/a/0/0/5!/member_00462,0,/a/0/0/5,134,462,,17600,17601,1740,1741,1,67586e98fad27da0b9968bc039a1ef34c939b9b8e523a8bef89d478608c5ecf6,06,,,,,False,,,,,,,,,,False,False
/a/0/0/5,/a/0/0/5!/member_00463,0,/a/0/0/5,134,463,,17604,17604,1744,1744,0,e3b0c44298fc1c149afbf4c8996fb92427ae41e4649b934ca495991b7852b855,,,,,,False,,,,,,,,,,False,False
/a/0/0/5,/a/0/0/5!/member_00464,0,/a/0/0/5,134,464,,17604,17605,1744,1745,1,4a64a107f0cb32536e5bce6c98c393db21cca7f4ea187ba8c4dca8b51d4ea80a,11,,Nintendo LZ11,Probable,,True,Nintendo LZ11,Probable,True,,,,,,,False,False
/a/0/0/5,/a/0/0/5!/member_00465,0,/a/0/0/5,134,465,,17608,17609,1748,1749,1,4a64a107f0cb32536e5bce6c98c393db21cca7f4ea187ba8c4dca8b51d4ea80a,11,,Nintendo LZ11,Probable,,True,Nintendo LZ11,Probable,True,,,,,,,False,False
/a/0/0/5,/a/0/0/5!/member_00466,0,/a/0/0/5,134,466,,17612,17613,1752,1753,1,7cb7c4547cf2653590d7a9ace60cc623d25148adfbc88a89aeb0ef88da7839ba,16,,,,,False,,,,,,,,,,False,False
/a/0/0/5,/a/0/0/5!/member_00467,0,/a/0/0/5,134,467,,17616,17617,1756,1757,1,7cb7c4547cf2653590d7a9ace60cc623d25148adfbc88a89aeb0ef88da7839ba,16,,,,,False,,,,,,,,,,False,False
/a/0/0/5,/a/0/0/5!/member_00468,0,/a/0/0/5,134,468,,17620,17621,1760,1761,1,ca358758f6d27e6cf45272937977a748fd88391db679ceda7dc7bf1f005ee879,07,,,,,False,,,,,,,,,,False,False
/a/0/0/5,/a/0/0/5!/member_00469,0,/a/0/0/5,134,469,,17624,17625,1764,1765,1,ca358758f6d27e6cf45272937977a748fd88391db679ceda7dc7bf1f005ee879,07,,,,,False,,,,,,,,,,False,False
/a/0/0/5,/a/0/0/5!/member_00470,0,/a/0/0/5,134,470,,17628,17629,1768,1769,1,4d7b3ef7300acf70c892d8327db8272f54434adbc61a4e130a563cb59a0d0f47,0e,,,,,False,,,,,,,,,,False,False
/a/0/0/5,/a/0/0/5!/member_00471,0,/a/0/0/5,134,471,,17632,17633,1772,1773,1,4d7b3ef7300acf70c892d8327db8272f54434adbc61a4e130a563cb59a0d0f47,0e,,,,,False,,,,,,,,,,False,False
/a/0/0/5,/a/0/0/5!/member_00472,0,/a/0/0/5,134,472,,17636,17637,1776,1777,1,e7cf46a078fed4fafd0b5e3aff144802b853f8ae459a4f0c14add3314b7cc3a6,0b,,,,,False,,,,,,,,,,False,False
/a/0/0/5,/a/0/0/5!/member_00473,0,/a/0/0/5,134,473,,17640,17641,1780,1781,1,e7cf46a078fed4fafd0b5e3aff144802b853f8ae459a4f0c14add3314b7cc3a6,0b,,,,,False,,,,,,,,,,False,False
/a/0/0/5,/a/0/0/5!/member_00474,0,/a/0/0/5,134,474,,17644,17645,1784,1785,1,83891d7fe85c33e52c8b4e5814c92fb6a3b9467299200538a6babaa8b452d879,14,,,,,False,,,,,,,,,,False,False
/a/0/0/5,/a/0/0/5!/member_00475,0,/a/0/0/5,134,475,,17648,17649,1788,1789,1,83891d7fe85c33e52c8b4e5814c92fb6a3b9467299200538a6babaa8b452d879,14,,,,,False,,,,,,,,,,False,False
/a/0/0/5,/a/0/0/5!/member_00476,0,/a/0/0/5,134,476,,17652,17653,1792,1793,1,beead77994cf573341ec17b58bbf7eb34d2711c993c1d976b128b3188dc1829a,08,,,,,False,,,,,,,,,,False,False
/a/0/0/5,/a/0/0/5!/member_00477,0,/a/0/0/5,134,477,,17656,17657,1796,1797,1,beead77994cf573341ec17b58bbf7eb34d2711c993c1d976b128b3188dc1829a,08,,,,,False,,,,,,,,,,False,False
/a/0/0/5,/a/0/0/5!/member_00478,0,/a/0/0/5,134,478,,17660,17661,1800,1801,1,9d1e0e2d9459d06523ad13e28a4093c2316baafe7aec5b25f30eba2e113599c4,0d,,,,,False,,,,,,,,,,False,False
/a/0/0/5,/a/0/0/5!/member_00479,0,/a/0/0/5,134,479,,17664,17665,1804,1805,1,9d1e0e2d9459d06523ad13e28a4093c2316baafe7aec5b25f30eba2e113599c4,0d,,,,,False,,,,,,,,,,False,False
/a/0/0/5,/a/0/0/5!/member_00480,0,/a/0/0/5,134,480,,17668,17668,1808,1808,0,e3b0c44298fc1c149afbf4c8996fb92427ae41e4649b934ca495991b7852b855,,,,,,False,,,,,,,,,,False,False
/a/0/0/5,/a/0/0/5!/member_00481,0,/a/0/0/5,134,481,,17668,17669,1808,1809,1,beead77994cf573341ec17b58bbf7eb34d2711c993c1d976b128b3188dc1829a,08,,,,,False,,,,,,,,,,False,False
/a/0/0/5,/a/0/0/5!/member_00482,0,/a/0/0/5,134,482,,17672,17672,1812,1812,0,e3b0c44298fc1c149afbf4c8996fb92427ae41e4649b934ca495991b7852b855,,,,,,False,,,,,,,,,,False,False
/a/0/0/5,/a/0/0/5!/member_00483,0,/a/0/0/5,134,483,,17672,17673,1812,1813,1,f299791cddd3d6664f6670842812ef6053eb6501bd6282a476bbbf3ee91e750c,12,,,,,False,,,,,,,,,,False,False
/a/0/0/5,/a/0/0/5!/member_00484,0,/a/0/0/5,134,484,,17676,17676,1816,1816,0,e3b0c44298fc1c149afbf4c8996fb92427ae41e4649b934ca495991b7852b855,,,,,,False,,,,,,,,,,False,False
/a/0/0/5,/a/0/0/5!/member_00485,0,/a/0/0/5,134,485,,17676,17677,1816,1817,1,e77b9a9ae9e30b0dbdb6f510a264ef9de781501d7b6b92ae89eb059c5ab743db,05,,,,,False,,,,,,,,,,False,False
/a/0/0/5,/a/0/0/5!/member_00486,0,/a/0/0/5,134,486,,17680,17680,1820,1820,0,e3b0c44298fc1c149afbf4c8996fb92427ae41e4649b934ca495991b7852b855,,,,,,False,,,,,,,,,,False,False
/a/0/0/5,/a/0/0/5!/member_00487,0,/a/0/0/5,134,487,,17680,17681,1820,1821,1,c555eab45d08845ae9f10d452a99bfcb06f74a50b988fe7e48dd323789b88ee3,10,,Nintendo LZ10,Probable,,True,Nintendo LZ10,Probable,True,,,,,,,False,False
/a/0/0/5,/a/0/0/5!/member_00488,0,/a/0/0/5,134,488,,17684,17685,1824,1825,1,01ba4719c80b6fe911b091a7c05124b64eeece964e09c058ef8f9805daca546b,0a,,,,,False,,,,,,,,,,False,False
/a/0/0/5,/a/0/0/5!/member_00489,0,/a/0/0/5,134,489,,17688,17689,1828,1829,1,01ba4719c80b6fe911b091a7c05124b64eeece964e09c058ef8f9805daca546b,0a,,,,,False,,,,,,,,,,False,False
/a/0/0/5,/a/0/0/5!/member_00490,0,/a/0/0/5,134,490,,17692,17693,1832,1833,1,ef6cbd2161eaea7943ce8693b9824d23d1793ffb1c0fca05b600d3899b44c977,0c,,,,,False,,,,,,,,,,False,False
/a/0/0/5,/a/0/0/5!/member_00491,0,/a/0/0/5,134,491,,17696,17697,1836,1837,1,ef6cbd2161eaea7943ce8693b9824d23d1793ffb1c0fca05b600d3899b44c977,0c,,,,,False,,,,,,,,,,False,False
/a/0/0/5,/a/0/0/5!/member_00492,0,/a/0/0/5,134,492,,17700,17701,1840,1841,1,e52d9c508c502347344d8c07ad91cbd6068afc75ff6292f062a09ca381c89e71,04,,,,,False,,,,,,,,,,False,False
/a/0/0/5,/a/0/0/5!/member_00493,0,/a/0/0/5,134,493,,17704,17705,1844,1845,1,e52d9c508c502347344d8c07ad91cbd6068afc75ff6292f062a09ca381c89e71,04,,,,,False,,,,,,,,,,False,False
/a/0/0/5,/a/0/0/5!/member_00494,0,/a/0/0/5,134,494,,17708,17709,1848,1849,1,beead77994cf573341ec17b58bbf7eb34d2711c993c1d976b128b3188dc1829a,08,,,,,False,,,,,,,,,,False,False
/a/0/0/5,/a/0/0/5!/member_00495,0,/a/0/0/5,134,495,,17712,17713,1852,1853,1,beead77994cf573341ec17b58bbf7eb34d2711c993c1d976b128b3188dc1829a,08,,,,,False,,,,,,,,,,False,False
/a/0/0/5,/a/0/0/5!/member_00496,0,/a/0/0/5,134,496,,17716,17717,1856,1857,1,e52d9c508c502347344d8c07ad91cbd6068afc75ff6292f062a09ca381c89e71,04,,,,,False,,,,,,,,,,False,False
/a/0/0/5,/a/0/0/5!/member_00497,0,/a/0/0/5,134,497,,17720,17720,1860,1860,0,e3b0c44298fc1c149afbf4c8996fb92427ae41e4649b934ca495991b7852b855,,,,,,False,,,,,,,,,,False,False
/a/0/0/5,/a/0/0/5!/member_00498,0,/a/0/0/5,134,498,,17720,17721,1860,1861,1,4d7b3ef7300acf70c892d8327db8272f54434adbc61a4e130a563cb59a0d0f47,0e,,,,,False,,,,,,,,,,False,False
/a/0/0/5,/a/0/0/5!/member_00499,0,/a/0/0/5,134,499,,17724,17724,1864,1864,0,e3b0c44298fc1c149afbf4c8996fb92427ae41e4649b934ca495991b7852b855,,,,,,False,,,,,,,,,,False,False
/a/0/0/5,/a/0/0/5!/member_00500,0,/a/0/0/5,134,500,,17724,17725,1864,1865,1,e77b9a9ae9e30b0dbdb6f510a264ef9de781501d7b6b92ae89eb059c5ab743db,05,,,,,False,,,,,,,,,,False,False
/a/0/0/5,/a/0/0/5!/member_00501,0,/a/0/0/5,134,501,,17728,17729,1868,1869,1,e77b9a9ae9e30b0dbdb6f510a264ef9de781501d7b6b92ae89eb059c5ab743db,05,,,,,False,,,,,,,,,,False,False
/a/0/0/5,/a/0/0/5!/member_00502,0,/a/0/0/5,134,502,,17732,17733,1872,1873,1,ca358758f6d27e6cf45272937977a748fd88391db679ceda7dc7bf1f005ee879,07,,,,,False,,,,,,,,,,False,False
/a/0/0/5,/a/0/0/5!/member_00503,0,/a/0/0/5,134,503,,17736,17737,1876,1877,1,ca358758f6d27e6cf45272937977a748fd88391db679ceda7dc7bf1f005ee879,07,,,,,False,,,,,,,,,,False,False
/a/0/0/5,/a/0/0/5!/member_00504,0,/a/0/0/5,134,504,,17740,17741,1880,1881,1,084fed08b978af4d7d196a7446a86b58009e636b611db16211b65a9aadff29c5,03,,,,,False,,,,,,,,,,False,False
/a/0/0/5,/a/0/0/5!/member_00505,0,/a/0/0/5,134,505,,17744,17745,1884,1885,1,084fed08b978af4d7d196a7446a86b58009e636b611db16211b65a9aadff29c5,03,,,,,False,,,,,,,,,,False,False
/a/0/0/5,/a/0/0/5!/member_00506,0,/a/0/0/5,134,506,,17748,17749,1888,1889,1,2b4c342f5433ebe591a1da77e013d1b72475562d48578dca8b84bac6651c3cb9,09,,,,,False,,,,,,,,,,False,False
/a/0/0/5,/a/0/0/5!/member_00507,0,/a/0/0/5,134,507,,17752,17753,1892,1893,1,2b4c342f5433ebe591a1da77e013d1b72475562d48578dca8b84bac6651c3cb9,09,,,,,False,,,,,,,,,,False,False
/a/0/0/5,/a/0/0/5!/member_00508,0,/a/0/0/5,134,508,,17756,17757,1896,1897,1,beead77994cf573341ec17b58bbf7eb34d2711c993c1d976b128b3188dc1829a,08,,,,,False,,,,,,,,,,False,False
/a/0/0/5,/a/0/0/5!/member_00509,0,/a/0/0/5,134,509,,17760,17761,1900,1901,1,beead77994cf573341ec17b58bbf7eb34d2711c993c1d976b128b3188dc1829a,08,,,,,False,,,,,,,,,,False,False
/a/0/0/5,/a/0/0/5!/member_00510,0,/a/0/0/5,134,510,,17764,17765,1904,1905,1,beead77994cf573341ec17b58bbf7eb34d2711c993c1d976b128b3188dc1829a,08,,,,,False,,,,,,,,,,False,False
/a/0/0/5,/a/0/0/5!/member_00511,0,/a/0/0/5,134,511,,17768,17769,1908,1909,1,beead77994cf573341ec17b58bbf7eb34d2711c993c1d976b128b3188dc1829a,08,,,,,False,,,,,,,,,,False,False
/a/0/0/5,/a/0/0/5!/member_00512,0,/a/0/0/5,134,512,,17772,17772,1912,1912,0,e3b0c44298fc1c149afbf4c8996fb92427ae41e4649b934ca495991b7852b855,,,,,,False,,,,,,,,,,False,False
/a/0/0/5,/a/0/0/5!/member_00513,0,/a/0/0/5,134,513,,17772,17773,1912,1913,1,c555eab45d08845ae9f10d452a99bfcb06f74a50b988fe7e48dd323789b88ee3,10,,Nintendo LZ10,Probable,,True,Nintendo LZ10,Probable,True,,,,,,,False,False
/a/0/0/5,/a/0/0/5!/member_00514,0,/a/0/0/5,134,514,,17776,17776,1916,1916,0,e3b0c44298fc1c149afbf4c8996fb92427ae41e4649b934ca495991b7852b855,,,,,,False,,,,,,,,,,False,False
/a/0/0/5,/a/0/0/5!/member_00515,0,/a/0/0/5,134,515,,17776,17777,1916,1917,1,01ba4719c80b6fe911b091a7c05124b64eeece964e09c058ef8f9805daca546b,0a,,,,,False,,,,,,,,,,False,False
/a/0/0/5,/a/0/0/5!/member_00516,0,/a/0/0/5,134,516,,17780,17781,1920,1921,1,ca358758f6d27e6cf45272937977a748fd88391db679ceda7dc7bf1f005ee879,07,,,,,False,,,,,,,,,,False,False
/a/0/0/5,/a/0/0/5!/member_00517,0,/a/0/0/5,134,517,,17784,17785,1924,1925,1,ca358758f6d27e6cf45272937977a748fd88391db679ceda7dc7bf1f005ee879,07,,,,,False,,,,,,,,,,False,False
/a/0/0/5,/a/0/0/5!/member_00518,0,/a/0/0/5,134,518,,17788,17789,1928,1929,1,01ba4719c80b6fe911b091a7c05124b64eeece964e09c058ef8f9805daca546b,0a,,,,,False,,,,,,,,,,False,False
/a/0/0/5,/a/0/0/5!/member_00519,0,/a/0/0/5,134,519,,17792,17793,1932,1933,1,01ba4719c80b6fe911b091a7c05124b64eeece964e09c058ef8f9805daca546b,0a,,,,,False,,,,,,,,,,False,False
/a/0/0/5,/a/0/0/5!/member_00520,0,/a/0/0/5,134,520,,17796,17797,1936,1937,1,67586e98fad27da0b9968bc039a1ef34c939b9b8e523a8bef89d478608c5ecf6,06,,,,,False,,,,,,,,,,False,False
/a/0/0/5,/a/0/0/5!/member_00521,0,/a/0/0/5,134,521,,17800,17801,1940,1941,1,67586e98fad27da0b9968bc039a1ef34c939b9b8e523a8bef89d478608c5ecf6,06,,,,,False,,,,,,,,,,False,False
/a/0/0/5,/a/0/0/5!/member_00522,0,/a/0/0/5,134,522,,17804,17805,1944,1945,1,6e340b9cffb37a989ca544e6bb780a2c78901d3fb33738768511a30617afa01d,00,,,,,False,,,,,,,,,,False,False
/a/0/0/5,/a/0/0/5!/member_00523,0,/a/0/0/5,134,523,,17808,17809,1948,1949,1,6e340b9cffb37a989ca544e6bb780a2c78901d3fb33738768511a30617afa01d,00,,,,,False,,,,,,,,,,False,False
/a/0/0/5,/a/0/0/5!/member_00524,0,/a/0/0/5,134,524,,17812,17813,1952,1953,1,e52d9c508c502347344d8c07ad91cbd6068afc75ff6292f062a09ca381c89e71,04,,,,,False,,,,,,,,,,False,False
/a/0/0/5,/a/0/0/5!/member_00525,0,/a/0/0/5,134,525,,17816,17817,1956,1957,1,e52d9c508c502347344d8c07ad91cbd6068afc75ff6292f062a09ca381c89e71,04,,,,,False,,,,,,,,,,False,False
/a/0/0/5,/a/0/0/5!/member_00526,0,/a/0/0/5,134,526,,17820,17821,1960,1961,1,2b4c342f5433ebe591a1da77e013d1b72475562d48578dca8b84bac6651c3cb9,09,,,,,False,,,,,,,,,,False,False
/a/0/0/5,/a/0/0/5!/member_00527,0,/a/0/0/5,134,527,,17824,17825,1964,1965,1,2b4c342f5433ebe591a1da77e013d1b72475562d48578dca8b84bac6651c3cb9,09,,,,,False,,,,,,,,,,False,False
/a/0/0/5,/a/0/0/5!/member_00528,0,/a/0/0/5,134,528,,17828,17828,1968,1968,0,e3b0c44298fc1c149afbf4c8996fb92427ae41e4649b934ca495991b7852b855,,,,,,False,,,,,,,,,,False,False
/a/0/0/5,/a/0/0/5!/member_00529,0,/a/0/0/5,134,529,,17828,17829,1968,1969,1,7cb7c4547cf2653590d7a9ace60cc623d25148adfbc88a89aeb0ef88da7839ba,16,,,,,False,,,,,,,,,,False,False
/a/0/0/5,/a/0/0/5!/member_00530,0,/a/0/0/5,134,530,,17832,17832,1972,1972,0,e3b0c44298fc1c149afbf4c8996fb92427ae41e4649b934ca495991b7852b855,,,,,,False,,,,,,,,,,False,False
/a/0/0/5,/a/0/0/5!/member_00531,0,/a/0/0/5,134,531,,17832,17833,1972,1973,1,68aa2e2ee5dff96e3355e6c7ee373e3d6a4e17f75f9518d843709c0c9bc3e3d4,19,,,,,False,,,,,,,,,,False,False
/a/0/0/5,/a/0/0/5!/member_00532,0,/a/0/0/5,134,532,,17836,17837,1976,1977,1,9d1e0e2d9459d06523ad13e28a4093c2316baafe7aec5b25f30eba2e113599c4,0d,,,,,False,,,,,,,,,,False,False
/a/0/0/5,/a/0/0/5!/member_00533,0,/a/0/0/5,134,533,,17840,17841,1980,1981,1,9d1e0e2d9459d06523ad13e28a4093c2316baafe7aec5b25f30eba2e113599c4,0d,,,,,False,,,,,,,,,,False,False
/a/0/0/5,/a/0/0/5!/member_00534,0,/a/0/0/5,134,534,,17844,17845,1984,1985,1,f299791cddd3d6664f6670842812ef6053eb6501bd6282a476bbbf3ee91e750c,12,,,,,False,,,,,,,,,,False,False
/a/0/0/5,/a/0/0/5!/member_00535,0,/a/0/0/5,134,535,,17848,17849,1988,1989,1,f299791cddd3d6664f6670842812ef6053eb6501bd6282a476bbbf3ee91e750c,12,,,,,False,,,,,,,,,,False,False
/a/0/0/5,/a/0/0/5!/member_00536,0,/a/0/0/5,134,536,,17852,17853,1992,1993,1,67586e98fad27da0b9968bc039a1ef34c939b9b8e523a8bef89d478608c5ecf6,06,,,,,False,,,,,,,,,,False,False
/a/0/0/5,/a/0/0/5!/member_00537,0,/a/0/0/5,134,537,,17856,17857,1996,1997,1,67586e98fad27da0b9968bc039a1ef34c939b9b8e523a8bef89d478608c5ecf6,06,,,,,False,,,,,,,,,,False,False
/a/0/0/5,/a/0/0/5!/member_00538,0,/a/0/0/5,134,538,,17860,17861,2000,2001,1,f299791cddd3d6664f6670842812ef6053eb6501bd6282a476bbbf3ee91e750c,12,,,,,False,,,,,,,,,,False,False
/a/0/0/5,/a/0/0/5!/member_00539,0,/a/0/0/5,134,539,,17864,17865,2004,2005,1,f299791cddd3d6664f6670842812ef6053eb6501bd6282a476bbbf3ee91e750c,12,,,,,False,,,,,,,,,,False,False
/a/0/0/5,/a/0/0/5!/member_00540,0,/a/0/0/5,134,540,,17868,17869,2008,2009,1,ca358758f6d27e6cf45272937977a748fd88391db679ceda7dc7bf1f005ee879,07,,,,,False,,,,,,,,,,False,False
/a/0/0/5,/a/0/0/5!/member_00541,0,/a/0/0/5,134,541,,17872,17873,2012,2013,1,ca358758f6d27e6cf45272937977a748fd88391db679ceda7dc7bf1f005ee879,07,,,,,False,,,,,,,,,,False,False
/a/0/0/5,/a/0/0/5!/member_00542,0,/a/0/0/5,134,542,,17876,17877,2016,2017,1,c555eab45d08845ae9f10d452a99bfcb06f74a50b988fe7e48dd323789b88ee3,10,,Nintendo LZ10,Probable,,True,Nintendo LZ10,Probable,True,,,,,,,False,False
/a/0/0/5,/a/0/0/5!/member_00543,0,/a/0/0/5,134,543,,17880,17881,2020,2021,1,c555eab45d08845ae9f10d452a99bfcb06f74a50b988fe7e48dd323789b88ee3,10,,Nintendo LZ10,Probable,,True,Nintendo LZ10,Probable,True,,,,,,,False,False
/a/0/0/5,/a/0/0/5!/member_00544,0,/a/0/0/5,134,544,,17884,17885,2024,2025,1,2b4c342f5433ebe591a1da77e013d1b72475562d48578dca8b84bac6651c3cb9,09,,,,,False,,,,,,,,,,False,False
/a/0/0/5,/a/0/0/5!/member_00545,0,/a/0/0/5,134,545,,17888,17889,2028,2029,1,2b4c342f5433ebe591a1da77e013d1b72475562d48578dca8b84bac6651c3cb9,09,,,,,False,,,,,,,,,,False,False
/a/0/0/5,/a/0/0/5!/member_00546,0,/a/0/0/5,134,546,,17892,17893,2032,2033,1,4d7b3ef7300acf70c892d8327db8272f54434adbc61a4e130a563cb59a0d0f47,0e,,,,,False,,,,,,,,,,False,False
/a/0/0/5,/a/0/0/5!/member_00547,0,/a/0/0/5,134,547,,17896,17897,2036,2037,1,4d7b3ef7300acf70c892d8327db8272f54434adbc61a4e130a563cb59a0d0f47,0e,,,,,False,,,,,,,,,,False,False
/a/0/0/5,/a/0/0/5!/member_00548,0,/a/0/0/5,134,548,,17900,17900,2040,2040,0,e3b0c44298fc1c149afbf4c8996fb92427ae41e4649b934ca495991b7852b855,,,,,,False,,,,,,,,,,False,False
/a/0/0/5,/a/0/0/5!/member_00549,0,/a/0/0/5,134,549,,17900,17901,2040,2041,1,c555eab45d08845ae9f10d452a99bfcb06f74a50b988fe7e48dd323789b88ee3,10,,Nintendo LZ10,Probable,,True,Nintendo LZ10,Probable,True,,,,,,,False,False
/a/0/0/5,/a/0/0/5!/member_00550,0,/a/0/0/5,134,550,,17904,17904,2044,2044,0,e3b0c44298fc1c149afbf4c8996fb92427ae41e4649b934ca495991b7852b855,,,,,,False,,,,,,,,,,False,False
/a/0/0/5,/a/0/0/5!/member_00551,0,/a/0/0/5,134,551,,17904,17905,2044,2045,1,8f11b05da785e43e713d03774c6bd3405d99cd3024af334ffd68db663aa37034,17,,,,,False,,,,,,,,,,False,False
/a/0/0/5,/a/0/0/5!/member_00552,0,/a/0/0/5,134,552,,17908,17909,2048,2049,1,dc0e9c3658a1a3ed1ec94274d8b19925c93e1abb7ddba294923ad9bde30f8cb8,0f,,,,,False,,,,,,,,,,False,False
/a/0/0/5,/a/0/0/5!/member_00553,0,/a/0/0/5,134,553,,17912,17913,2052,2053,1,dc0e9c3658a1a3ed1ec94274d8b19925c93e1abb7ddba294923ad9bde30f8cb8,0f,,,,,False,,,,,,,,,,False,False
/a/0/0/5,/a/0/0/5!/member_00554,0,/a/0/0/5,134,554,,17916,17917,2056,2057,1,8f11b05da785e43e713d03774c6bd3405d99cd3024af334ffd68db663aa37034,17,,,,,False,,,,,,,,,,False,False
/a/0/0/5,/a/0/0/5!/member_00555,0,/a/0/0/5,134,555,,17920,17921,2060,2061,1,8f11b05da785e43e713d03774c6bd3405d99cd3024af334ffd68db663aa37034,17,,,,,False,,,,,,,,,,False,False
/a/0/0/5,/a/0/0/5!/member_00556,0,/a/0/0/5,134,556,,17924,17925,2064,2065,1,2b4c342f5433ebe591a1da77e013d1b72475562d48578dca8b84bac6651c3cb9,09,,,,,False,,,,,,,,,,False,False
/a/0/0/5,/a/0/0/5!/member_00557,0,/a/0/0/5,134,557,,17928,17929,2068,2069,1,2b4c342f5433ebe591a1da77e013d1b72475562d48578dca8b84bac6651c3cb9,09,,,,,False,,,,,,,,,,False,False
/a/0/0/5,/a/0/0/5!/member_00558,0,/a/0/0/5,134,558,,17932,17933,2072,2073,1,dc0e9c3658a1a3ed1ec94274d8b19925c93e1abb7ddba294923ad9bde30f8cb8,0f,,,,,False,,,,,,,,,,False,False
/a/0/0/5,/a/0/0/5!/member_00559,0,/a/0/0/5,134,559,,17936,17937,2076,2077,1,dc0e9c3658a1a3ed1ec94274d8b19925c93e1abb7ddba294923ad9bde30f8cb8,0f,,,,,False,,,,,,,,,,False,False
/a/0/0/5,/a/0/0/5!/member_00560,0,/a/0/0/5,134,560,,17940,17941,2080,2081,1,2f0fd1e89b8de1d57292742ec380ea47066e307ad645f5bc3adad8a06ff58608,15,,,,,False,,,,,,,,,,False,False
/a/0/0/5,/a/0/0/5!/member_00561,0,/a/0/0/5,134,561,,17944,17945,2084,2085,1,2f0fd1e89b8de1d57292742ec380ea47066e307ad645f5bc3adad8a06ff58608,15,,,,,False,,,,,,,,,,False,False
/a/0/0/5,/a/0/0/5!/member_00562,0,/a/0/0/5,134,562,,17948,17949,2088,2089,1,58f7b0780592032e4d8602a3e8690fb2c701b2e1dd546e703445aabd6469734d,1a,,,,,False,,,,,,,,,,False,False
/a/0/0/5,/a/0/0/5!/member_00563,0,/a/0/0/5,134,563,,17952,17953,2092,2093,1,58f7b0780592032e4d8602a3e8690fb2c701b2e1dd546e703445aabd6469734d,1a,,,,,False,,,,,,,,,,False,False
/a/0/0/5,/a/0/0/5!/member_00564,0,/a/0/0/5,134,564,,17956,17957,2096,2097,1,ca358758f6d27e6cf45272937977a748fd88391db679ceda7dc7bf1f005ee879,07,,,,,False,,,,,,,,,,False,False
/a/0/0/5,/a/0/0/5!/member_00565,0,/a/0/0/5,134,565,,17960,17961,2100,2101,1,ca358758f6d27e6cf45272937977a748fd88391db679ceda7dc7bf1f005ee879,07,,,,,False,,,,,,,,,,False,False
/a/0/0/5,/a/0/0/5!/member_00566,0,/a/0/0/5,134,566,,17964,17965,2104,2105,1,67586e98fad27da0b9968bc039a1ef34c939b9b8e523a8bef89d478608c5ecf6,06,,,,,False,,,,,,,,,,False,False
/a/0/0/5,/a/0/0/5!/member_00567,0,/a/0/0/5,134,567,,17968,17969,2108,2109,1,67586e98fad27da0b9968bc039a1ef34c939b9b8e523a8bef89d478608c5ecf6,06,,,,,False,,,,,,,,,,False,False
/a/0/0/5,/a/0/0/5!/member_00568,0,/a/0/0/5,134,568,,17972,17973,2112,2113,1,ef6cbd2161eaea7943ce8693b9824d23d1793ffb1c0fca05b600d3899b44c977,0c,,,,,False,,,,,,,,,,False,False
/a/0/0/5,/a/0/0/5!/member_00569,0,/a/0/0/5,134,569,,17976,17977,2116,2117,1,ef6cbd2161eaea7943ce8693b9824d23d1793ffb1c0fca05b600d3899b44c977,0c,,,,,False,,,,,,,,,,False,False
/a/0/0/5,/a/0/0/5!/member_00570,0,/a/0/0/5,134,570,,17980,17981,2120,2121,1,ca358758f6d27e6cf45272937977a748fd88391db679ceda7dc7bf1f005ee879,07,,,,,False,,,,,,,,,,False,False
/a/0/0/5,/a/0/0/5!/member_00571,0,/a/0/0/5,134,571,,17984,17985,2124,2125,1,ca358758f6d27e6cf45272937977a748fd88391db679ceda7dc7bf1f005ee879,07,,,,,False,,,,,,,,,,False,False
/a/0/0/5,/a/0/0/5!/member_00572,0,/a/0/0/5,134,572,,17988,17989,2128,2129,1,c555eab45d08845ae9f10d452a99bfcb06f74a50b988fe7e48dd323789b88ee3,10,,Nintendo LZ10,Probable,,True,Nintendo LZ10,Probable,True,,,,,,,False,False
/a/0/0/5,/a/0/0/5!/member_00573,0,/a/0/0/5,134,573,,17992,17993,2132,2133,1,c555eab45d08845ae9f10d452a99bfcb06f74a50b988fe7e48dd323789b88ee3,10,,Nintendo LZ10,Probable,,True,Nintendo LZ10,Probable,True,,,,,,,False,False
/a/0/0/5,/a/0/0/5!/member_00574,0,/a/0/0/5,134,574,,17996,17997,2136,2137,1,ca358758f6d27e6cf45272937977a748fd88391db679ceda7dc7bf1f005ee879,07,,,,,False,,,,,,,,,,False,False
/a/0/0/5,/a/0/0/5!/member_00575,0,/a/0/0/5,134,575,,18000,18001,2140,2141,1,ca358758f6d27e6cf45272937977a748fd88391db679ceda7dc7bf1f005ee879,07,,,,,False,,,,,,,,,,False,False
/a/0/0/5,/a/0/0/5!/member_00576,0,/a/0/0/5,134,576,,18004,18004,2144,2144,0,e3b0c44298fc1c149afbf4c8996fb92427ae41e4649b934ca495991b7852b855,,,,,,False,,,,,,,,,,False,False
/a/0/0/5,/a/0/0/5!/member_00577,0,/a/0/0/5,134,577,,18004,18005,2144,2145,1,67586e98fad27da0b9968bc039a1ef34c939b9b8e523a8bef89d478608c5ecf6,06,,,,,False,,,,,,,,,,False,False
/a/0/0/5,/a/0/0/5!/member_00578,0,/a/0/0/5,134,578,,18008,18008,2148,2148,0,e3b0c44298fc1c149afbf4c8996fb92427ae41e4649b934ca495991b7852b855,,,,,,False,,,,,,,,,,False,False
/a/0/0/5,/a/0/0/5!/member_00579,0,/a/0/0/5,134,579,,18008,18009,2148,2149,1,e52d9c508c502347344d8c07ad91cbd6068afc75ff6292f062a09ca381c89e71,04,,,,,False,,,,,,,,,,False,False
/a/0/0/5,/a/0/0/5!/member_00580,0,/a/0/0/5,134,580,,18012,18012,2152,2152,0,e3b0c44298fc1c149afbf4c8996fb92427ae41e4649b934ca495991b7852b855,,,,,,False,,,,,,,,,,False,False
/a/0/0/5,/a/0/0/5!/member_00581,0,/a/0/0/5,134,581,,18012,18013,2152,2153,1,dc0e9c3658a1a3ed1ec94274d8b19925c93e1abb7ddba294923ad9bde30f8cb8,0f,,,,,False,,,,,,,,,,False,False
/a/0/0/5,/a/0/0/5!/member_00582,0,/a/0/0/5,134,582,,18016,18016,2156,2156,0,e3b0c44298fc1c149afbf4c8996fb92427ae41e4649b934ca495991b7852b855,,,,,,False,,,,,,,,,,False,False
/a/0/0/5,/a/0/0/5!/member_00583,0,/a/0/0/5,134,583,,18016,18017,2156,2157,1,67586e98fad27da0b9968bc039a1ef34c939b9b8e523a8bef89d478608c5ecf6,06,,,,,False,,,,,,,,,,False,False
/a/0/0/5,/a/0/0/5!/member_00584,0,/a/0/0/5,134,584,,18020,18020,2160,2160,0,e3b0c44298fc1c149afbf4c8996fb92427ae41e4649b934ca495991b7852b855,,,,,,False,,,,,,,,,,False,False
/a/0/0/5,/a/0/0/5!/member_00585,0,/a/0/0/5,134,585,,18020,18021,2160,2161,1,67586e98fad27da0b9968bc039a1ef34c939b9b8e523a8bef89d478608c5ecf6,06,,,,,False,,,,,,,,,,False,False
/a/0/0/5,/a/0/0/5!/member_00586,0,/a/0/0/5,134,586,,18024,18024,2164,2164,0,e3b0c44298fc1c149afbf4c8996fb92427ae41e4649b934ca495991b7852b855,,,,,,False,,,,,,,,,,False,False
/a/0/0/5,/a/0/0/5!/member_00587,0,/a/0/0/5,134,587,,18024,18025,2164,2165,1,e52d9c508c502347344d8c07ad91cbd6068afc75ff6292f062a09ca381c89e71,04,,,,,False,,,,,,,,,,False,False
/a/0/0/5,/a/0/0/5!/member_00588,0,/a/0/0/5,134,588,,18028,18029,2168,2169,1,01ba4719c80b6fe911b091a7c05124b64eeece964e09c058ef8f9805daca546b,0a,,,,,False,,,,,,,,,,False,False
/a/0/0/5,/a/0/0/5!/member_00589,0,/a/0/0/5,134,589,,18032,18033,2172,2173,1,01ba4719c80b6fe911b091a7c05124b64eeece964e09c058ef8f9805daca546b,0a,,,,,False,,,,,,,,,,False,False
/a/0/0/5,/a/0/0/5!/member_00590,0,/a/0/0/5,134,590,,18036,18037,2176,2177,1,4a64a107f0cb32536e5bce6c98c393db21cca7f4ea187ba8c4dca8b51d4ea80a,11,,Nintendo LZ11,Probable,,True,Nintendo LZ11,Probable,True,,,,,,,False,False
/a/0/0/5,/a/0/0/5!/member_00591,0,/a/0/0/5,134,591,,18040,18041,2180,2181,1,4a64a107f0cb32536e5bce6c98c393db21cca7f4ea187ba8c4dca8b51d4ea80a,11,,Nintendo LZ11,Probable,,True,Nintendo LZ11,Probable,True,,,,,,,False,False
/a/0/0/5,/a/0/0/5!/member_00592,0,/a/0/0/5,134,592,,18044,18045,2184,2185,1,e77b9a9ae9e30b0dbdb6f510a264ef9de781501d7b6b92ae89eb059c5ab743db,05,,,,,False,,,,,,,,,,False,False
/a/0/0/5,/a/0/0/5!/member_00593,0,/a/0/0/5,134,593,,18048,18049,2188,2189,1,e77b9a9ae9e30b0dbdb6f510a264ef9de781501d7b6b92ae89eb059c5ab743db,05,,,,,False,,,,,,,,,,False,False
/a/0/0/5,/a/0/0/5!/member_00594,0,/a/0/0/5,134,594,,18052,18053,2192,2193,1,67586e98fad27da0b9968bc039a1ef34c939b9b8e523a8bef89d478608c5ecf6,06,,,,,False,,,,,,,,,,False,False
/a/0/0/5,/a/0/0/5!/member_00595,0,/a/0/0/5,134,595,,18056,18057,2196,2197,1,67586e98fad27da0b9968bc039a1ef34c939b9b8e523a8bef89d478608c5ecf6,06,,,,,False,,,,,,,,,,False,False
/a/0/0/5,/a/0/0/5!/member_00596,0,/a/0/0/5,134,596,,18060,18061,2200,2201,1,4bf5122f344554c53bde2ebb8cd2b7e3d1600ad631c385a5d7cce23c7785459a,01,,,,,False,,,,,,,,,,False,False
/a/0/0/5,/a/0/0/5!/member_00597,0,/a/0/0/5,134,597,,18064,18065,2204,2205,1,4bf5122f344554c53bde2ebb8cd2b7e3d1600ad631c385a5d7cce23c7785459a,01,,,,,False,,,,,,,,,,False,False
/a/0/0/5,/a/0/0/5!/member_00598,0,/a/0/0/5,134,598,,18068,18069,2208,2209,1,4bf5122f344554c53bde2ebb8cd2b7e3d1600ad631c385a5d7cce23c7785459a,01,,,,,False,,,,,,,,,,False,False
/a/0/0/5,/a/0/0/5!/member_00599,0,/a/0/0/5,134,599,,18072,18073,2212,2213,1,4bf5122f344554c53bde2ebb8cd2b7e3d1600ad631c385a5d7cce23c7785459a,01,,,,,False,,,,,,,,,,False,False
/a/0/0/5,/a/0/0/5!/member_00600,0,/a/0/0/5,134,600,,18076,18076,2216,2216,0,e3b0c44298fc1c149afbf4c8996fb92427ae41e4649b934ca495991b7852b855,,,,,,False,,,,,,,,,,False,False
/a/0/0/5,/a/0/0/5!/member_00601,0,/a/0/0/5,134,601,,18076,18077,2216,2217,1,4bf5122f344554c53bde2ebb8cd2b7e3d1600ad631c385a5d7cce23c7785459a,01,,,,,False,,,,,,,,,,False,False
/a/0/0/5,/a/0/0/5!/member_00602,0,/a/0/0/5,134,602,,18080,18080,2220,2220,0,e3b0c44298fc1c149afbf4c8996fb92427ae41e4649b934ca495991b7852b855,,,,,,False,,,,,,,,,,False,False
/a/0/0/5,/a/0/0/5!/member_00603,0,/a/0/0/5,134,603,,18080,18081,2220,2221,1,beead77994cf573341ec17b58bbf7eb34d2711c993c1d976b128b3188dc1829a,08,,,,,False,,,,,,,,,,False,False
/a/0/0/5,/a/0/0/5!/member_00604,0,/a/0/0/5,134,604,,18084,18084,2224,2224,0,e3b0c44298fc1c149afbf4c8996fb92427ae41e4649b934ca495991b7852b855,,,,,,False,,,,,,,,,,False,False
/a/0/0/5,/a/0/0/5!/member_00605,0,/a/0/0/5,134,605,,18084,18085,2224,2225,1,6e340b9cffb37a989ca544e6bb780a2c78901d3fb33738768511a30617afa01d,00,,,,,False,,,,,,,,,,False,False
/a/0/0/5,/a/0/0/5!/member_00606,0,/a/0/0/5,134,606,,18088,18088,2228,2228,0,e3b0c44298fc1c149afbf4c8996fb92427ae41e4649b934ca495991b7852b855,,,,,,False,,,,,,,,,,False,False
/a/0/0/5,/a/0/0/5!/member_00607,0,/a/0/0/5,134,607,,18088,18089,2228,2229,1,c555eab45d08845ae9f10d452a99bfcb06f74a50b988fe7e48dd323789b88ee3,10,,Nintendo LZ10,Probable,,True,Nintendo LZ10,Probable,True,,,,,,,False,False
/a/0/0/5,/a/0/0/5!/member_00608,0,/a/0/0/5,134,608,,18092,18093,2232,2233,1,ef6cbd2161eaea7943ce8693b9824d23d1793ffb1c0fca05b600d3899b44c977,0c,,,,,False,,,,,,,,,,False,False
/a/0/0/5,/a/0/0/5!/member_00609,0,/a/0/0/5,134,609,,18096,18097,2236,2237,1,ef6cbd2161eaea7943ce8693b9824d23d1793ffb1c0fca05b600d3899b44c977,0c,,,,,False,,,,,,,,,,False,False
/a/0/0/5,/a/0/0/5!/member_00610,0,/a/0/0/5,134,610,,18100,18101,2240,2241,1,f299791cddd3d6664f6670842812ef6053eb6501bd6282a476bbbf3ee91e750c,12,,,,,False,,,,,,,,,,False,False
/a/0/0/5,/a/0/0/5!/member_00611,0,/a/0/0/5,134,611,,18104,18105,2244,2245,1,f299791cddd3d6664f6670842812ef6053eb6501bd6282a476bbbf3ee91e750c,12,,,,,False,,,,,,,,,,False,False
/a/0/0/5,/a/0/0/5!/member_00612,0,/a/0/0/5,134,612,,18108,18109,2248,2249,1,67586e98fad27da0b9968bc039a1ef34c939b9b8e523a8bef89d478608c5ecf6,06,,,,,False,,,,,,,,,,False,False
/a/0/0/5,/a/0/0/5!/member_00613,0,/a/0/0/5,134,613,,18112,18113,2252,2253,1,67586e98fad27da0b9968bc039a1ef34c939b9b8e523a8bef89d478608c5ecf6,06,,,,,False,,,,,,,,,,False,False
/a/0/0/5,/a/0/0/5!/member_00614,0,/a/0/0/5,134,614,,18116,18117,2256,2257,1,01ba4719c80b6fe911b091a7c05124b64eeece964e09c058ef8f9805daca546b,0a,,,,,False,,,,,,,,,,False,False
/a/0/0/5,/a/0/0/5!/member_00615,0,/a/0/0/5,134,615,,18120,18121,2260,2261,1,01ba4719c80b6fe911b091a7c05124b64eeece964e09c058ef8f9805daca546b,0a,,,,,False,,,,,,,,,,False,False
/a/0/0/5,/a/0/0/5!/member_00616,0,/a/0/0/5,134,616,,18124,18125,2264,2265,1,dbc1b4c900ffe48d575b5da5c638040125f65db0fe3e24494b76ea986457d986,02,,,,,False,,,,,,,,,,False,False
/a/0/0/5,/a/0/0/5!/member_00617,0,/a/0/0/5,134,617,,18128,18129,2268,2269,1,dbc1b4c900ffe48d575b5da5c638040125f65db0fe3e24494b76ea986457d986,02,,,,,False,,,,,,,,,,False,False
/a/0/0/5,/a/0/0/5!/member_00618,0,/a/0/0/5,134,618,,18132,18133,2272,2273,1,dbc1b4c900ffe48d575b5da5c638040125f65db0fe3e24494b76ea986457d986,02,,,,,False,,,,,,,,,,False,False
/a/0/0/5,/a/0/0/5!/member_00619,0,/a/0/0/5,134,619,,18136,18137,2276,2277,1,dbc1b4c900ffe48d575b5da5c638040125f65db0fe3e24494b76ea986457d986,02,,,,,False,,,,,,,,,,False,False
/a/0/0/5,/a/0/0/5!/member_00620,0,/a/0/0/5,134,620,,18140,18141,2280,2281,1,e52d9c508c502347344d8c07ad91cbd6068afc75ff6292f062a09ca381c89e71,04,,,,,False,,,,,,,,,,False,False
/a/0/0/5,/a/0/0/5!/member_00621,0,/a/0/0/5,134,621,,18144,18145,2284,2285,1,e52d9c508c502347344d8c07ad91cbd6068afc75ff6292f062a09ca381c89e71,04,,,,,False,,,,,,,,,,False,False
/a/0/0/5,/a/0/0/5!/member_00622,0,/a/0/0/5,134,622,,18148,18149,2288,2289,1,ab897fbdedfa502b2d839b6a56100887dccdc507555c282e59589e06300a62e2,13,,,,,False,,,,,,,,,,False,False
/a/0/0/5,/a/0/0/5!/member_00623,0,/a/0/0/5,134,623,,18152,18153,2292,2293,1,ab897fbdedfa502b2d839b6a56100887dccdc507555c282e59589e06300a62e2,13,,,,,False,,,,,,,,,,False,False
/a/0/0/5,/a/0/0/5!/member_00624,0,/a/0/0/5,134,624,,18156,18157,2296,2297,1,6e340b9cffb37a989ca544e6bb780a2c78901d3fb33738768511a30617afa01d,00,,,,,False,,,,,,,,,,False,False
/a/0/0/5,/a/0/0/5!/member_00625,0,/a/0/0/5,134,625,,18160,18161,2300,2301,1,6e340b9cffb37a989ca544e6bb780a2c78901d3fb33738768511a30617afa01d,00,,,,,False,,,,,,,,,,False,False
/a/0/0/5,/a/0/0/5!/member_00626,0,/a/0/0/5,134,626,,18164,18165,2304,2305,1,c555eab45d08845ae9f10d452a99bfcb06f74a50b988fe7e48dd323789b88ee3,10,,Nintendo LZ10,Probable,,True,Nintendo LZ10,Probable,True,,,,,,,False,False
/a/0/0/5,/a/0/0/5!/member_00627,0,/a/0/0/5,134,627,,18168,18169,2308,2309,1,c555eab45d08845ae9f10d452a99bfcb06f74a50b988fe7e48dd323789b88ee3,10,,Nintendo LZ10,Probable,,True,Nintendo LZ10,Probable,True,,,,,,,False,False
/a/0/0/5,/a/0/0/5!/member_00628,0,/a/0/0/5,134,628,,18172,18173,2312,2313,1,e52d9c508c502347344d8c07ad91cbd6068afc75ff6292f062a09ca381c89e71,04,,,,,False,,,,,,,,,,False,False
/a/0/0/5,/a/0/0/5!/member_00629,0,/a/0/0/5,134,629,,18176,18177,2316,2317,1,e52d9c508c502347344d8c07ad91cbd6068afc75ff6292f062a09ca381c89e71,04,,,,,False,,,,,,,,,,False,False
/a/0/0/5,/a/0/0/5!/member_00630,0,/a/0/0/5,134,630,,18180,18181,2320,2321,1,dbc1b4c900ffe48d575b5da5c638040125f65db0fe3e24494b76ea986457d986,02,,,,,False,,,,,,,,,,False,False
/a/0/0/5,/a/0/0/5!/member_00631,0,/a/0/0/5,134,631,,18184,18185,2324,2325,1,dbc1b4c900ffe48d575b5da5c638040125f65db0fe3e24494b76ea986457d986,02,,,,,False,,,,,,,,,,False,False
/a/0/0/5,/a/0/0/5!/member_00632,0,/a/0/0/5,134,632,,18188,18189,2328,2329,1,ef6cbd2161eaea7943ce8693b9824d23d1793ffb1c0fca05b600d3899b44c977,0c,,,,,False,,,,,,,,,,False,False
/a/0/0/5,/a/0/0/5!/member_00633,0,/a/0/0/5,134,633,,18192,18193,2332,2333,1,ef6cbd2161eaea7943ce8693b9824d23d1793ffb1c0fca05b600d3899b44c977,0c,,,,,False,,,,,,,,,,False,False
/a/0/0/5,/a/0/0/5!/member_00634,0,/a/0/0/5,134,634,,18196,18197,2336,2337,1,7cb7c4547cf2653590d7a9ace60cc623d25148adfbc88a89aeb0ef88da7839ba,16,,,,,False,,,,,,,,,,False,False
/a/0/0/5,/a/0/0/5!/member_00635,0,/a/0/0/5,134,635,,18200,18201,2340,2341,1,7cb7c4547cf2653590d7a9ace60cc623d25148adfbc88a89aeb0ef88da7839ba,16,,,,,False,,,,,,,,,,False,False
/a/0/0/5,/a/0/0/5!/member_00636,0,/a/0/0/5,134,636,,18204,18205,2344,2345,1,084fed08b978af4d7d196a7446a86b58009e636b611db16211b65a9aadff29c5,03,,,,,False,,,,,,,,,,False,False
/a/0/0/5,/a/0/0/5!/member_00637,0,/a/0/0/5,134,637,,18208,18209,2348,2349,1,084fed08b978af4d7d196a7446a86b58009e636b611db16211b65a9aadff29c5,03,,,,,False,,,,,,,,,,False,False
/a/0/0/5,/a/0/0/5!/member_00638,0,/a/0/0/5,134,638,,18212,18213,2352,2353,1,e7cf46a078fed4fafd0b5e3aff144802b853f8ae459a4f0c14add3314b7cc3a6,0b,,,,,False,,,,,,,,,,False,False
/a/0/0/5,/a/0/0/5!/member_00639,0,/a/0/0/5,134,639,,18216,18217,2356,2357,1,e7cf46a078fed4fafd0b5e3aff144802b853f8ae459a4f0c14add3314b7cc3a6,0b,,,,,False,,,,,,,,,,False,False
/a/0/0/5,/a/0/0/5!/member_00640,0,/a/0/0/5,134,640,,18220,18221,2360,2361,1,084fed08b978af4d7d196a7446a86b58009e636b611db16211b65a9aadff29c5,03,,,,,False,,,,,,,,,,False,False
/a/0/0/5,/a/0/0/5!/member_00641,0,/a/0/0/5,134,641,,18224,18225,2364,2365,1,084fed08b978af4d7d196a7446a86b58009e636b611db16211b65a9aadff29c5,03,,,,,False,,,,,,,,,,False,False
/a/0/0/5,/a/0/0/5!/member_00642,0,/a/0/0/5,134,642,,18228,18229,2368,2369,1,e52d9c508c502347344d8c07ad91cbd6068afc75ff6292f062a09ca381c89e71,04,,,,,False,,,,,,,,,,False,False
/a/0/0/5,/a/0/0/5!/member_00643,0,/a/0/0/5,134,643,,18232,18233,2372,2373,1,e52d9c508c502347344d8c07ad91cbd6068afc75ff6292f062a09ca381c89e71,04,,,,,False,,,,,,,,,,False,False
/a/0/0/5,/a/0/0/5!/member_00644,0,/a/0/0/5,134,644,,18236,18237,2376,2377,1,4bf5122f344554c53bde2ebb8cd2b7e3d1600ad631c385a5d7cce23c7785459a,01,,,,,False,,,,,,,,,,False,False
/a/0/0/5,/a/0/0/5!/member_00645,0,/a/0/0/5,134,645,,18240,18241,2380,2381,1,4bf5122f344554c53bde2ebb8cd2b7e3d1600ad631c385a5d7cce23c7785459a,01,,,,,False,,,,,,,,,,False,False
/a/0/0/5,/a/0/0/5!/member_00646,0,/a/0/0/5,134,646,,18244,18245,2384,2385,1,beead77994cf573341ec17b58bbf7eb34d2711c993c1d976b128b3188dc1829a,08,,,,,False,,,,,,,,,,False,False
/a/0/0/5,/a/0/0/5!/member_00647,0,/a/0/0/5,134,647,,18248,18249,2388,2389,1,beead77994cf573341ec17b58bbf7eb34d2711c993c1d976b128b3188dc1829a,08,,,,,False,,,,,,,,,,False,False
/a/0/0/5,/a/0/0/5!/member_00648,0,/a/0/0/5,134,648,,18252,18253,2392,2393,1,e77b9a9ae9e30b0dbdb6f510a264ef9de781501d7b6b92ae89eb059c5ab743db,05,,,,,False,,,,,,,,,,False,False
/a/0/0/5,/a/0/0/5!/member_00649,0,/a/0/0/5,134,649,,18256,18257,2396,2397,1,e77b9a9ae9e30b0dbdb6f510a264ef9de781501d7b6b92ae89eb059c5ab743db,05,,,,,False,,,,,,,,,,False,False
/a/0/0/5,/a/0/0/5!/member_00650,0,/a/0/0/5,134,650,,18260,18261,2400,2401,1,ef6cbd2161eaea7943ce8693b9824d23d1793ffb1c0fca05b600d3899b44c977,0c,,,,,False,,,,,,,,,,False,False
/a/0/0/5,/a/0/0/5!/member_00651,0,/a/0/0/5,134,651,,18264,18265,2404,2405,1,ef6cbd2161eaea7943ce8693b9824d23d1793ffb1c0fca05b600d3899b44c977,0c,,,,,False,,,,,,,,,,False,False
/a/0/0/5,/a/0/0/5!/member_00652,0,/a/0/0/5,134,652,,18268,18269,2408,2409,1,e77b9a9ae9e30b0dbdb6f510a264ef9de781501d7b6b92ae89eb059c5ab743db,05,,,,,False,,,,,,,,,,False,False
/a/0/0/5,/a/0/0/5!/member_00653,0,/a/0/0/5,134,653,,18272,18273,2412,2413,1,e77b9a9ae9e30b0dbdb6f510a264ef9de781501d7b6b92ae89eb059c5ab743db,05,,,,,False,,,,,,,,,,False,False
/a/0/0/5,/a/0/0/5!/member_00654,0,/a/0/0/5,134,654,,18276,18277,2416,2417,1,f299791cddd3d6664f6670842812ef6053eb6501bd6282a476bbbf3ee91e750c,12,,,,,False,,,,,,,,,,False,False
/a/0/0/5,/a/0/0/5!/member_00655,0,/a/0/0/5,134,655,,18280,18281,2420,2421,1,f299791cddd3d6664f6670842812ef6053eb6501bd6282a476bbbf3ee91e750c,12,,,,,False,,,,,,,,,,False,False
/a/0/0/5,/a/0/0/5!/member_00656,0,/a/0/0/5,134,656,,18284,18285,2424,2425,1,e52d9c508c502347344d8c07ad91cbd6068afc75ff6292f062a09ca381c89e71,04,,,,,False,,,,,,,,,,False,False
/a/0/0/5,/a/0/0/5!/member_00657,0,/a/0/0/5,134,657,,18288,18289,2428,2429,1,e52d9c508c502347344d8c07ad91cbd6068afc75ff6292f062a09ca381c89e71,04,,,,,False,,,,,,,,,,False,False
/a/0/0/5,/a/0/0/5!/member_00658,0,/a/0/0/5,134,658,,18292,18293,2432,2433,1,67586e98fad27da0b9968bc039a1ef34c939b9b8e523a8bef89d478608c5ecf6,06,,,,,False,,,,,,,,,,False,False
/a/0/0/5,/a/0/0/5!/member_00659,0,/a/0/0/5,134,659,,18296,18297,2436,2437,1,67586e98fad27da0b9968bc039a1ef34c939b9b8e523a8bef89d478608c5ecf6,06,,,,,False,,,,,,,,,,False,False
/a/0/0/5,/a/0/0/5!/member_00660,0,/a/0/0/5,134,660,,18300,18301,2440,2441,1,01ba4719c80b6fe911b091a7c05124b64eeece964e09c058ef8f9805daca546b,0a,,,,,False,,,,,,,,,,False,False
/a/0/0/5,/a/0/0/5!/member_00661,0,/a/0/0/5,134,661,,18304,18305,2444,2445,1,01ba4719c80b6fe911b091a7c05124b64eeece964e09c058ef8f9805daca546b,0a,,,,,False,,,,,,,,,,False,False
/a/0/0/5,/a/0/0/5!/member_00662,0,/a/0/0/5,134,662,,18308,18309,2448,2449,1,c555eab45d08845ae9f10d452a99bfcb06f74a50b988fe7e48dd323789b88ee3,10,,Nintendo LZ10,Probable,,True,Nintendo LZ10,Probable,True,,,,,,,False,False
/a/0/0/5,/a/0/0/5!/member_00663,0,/a/0/0/5,134,663,,18312,18313,2452,2453,1,c555eab45d08845ae9f10d452a99bfcb06f74a50b988fe7e48dd323789b88ee3,10,,Nintendo LZ10,Probable,,True,Nintendo LZ10,Probable,True,,,,,,,False,False
/a/0/0/5,/a/0/0/5!/member_00664,0,/a/0/0/5,134,664,,18316,18317,2456,2457,1,e52d9c508c502347344d8c07ad91cbd6068afc75ff6292f062a09ca381c89e71,04,,,,,False,,,,,,,,,,False,False
/a/0/0/5,/a/0/0/5!/member_00665,0,/a/0/0/5,134,665,,18320,18321,2460,2461,1,e52d9c508c502347344d8c07ad91cbd6068afc75ff6292f062a09ca381c89e71,04,,,,,False,,,,,,,,,,False,False
/a/0/0/5,/a/0/0/5!/member_00666,0,/a/0/0/5,134,666,,18324,18325,2464,2465,1,e7cf46a078fed4fafd0b5e3aff144802b853f8ae459a4f0c14add3314b7cc3a6,0b,,,,,False,,,,,,,,,,False,False
/a/0/0/5,/a/0/0/5!/member_00667,0,/a/0/0/5,134,667,,18328,18329,2468,2469,1,e7cf46a078fed4fafd0b5e3aff144802b853f8ae459a4f0c14add3314b7cc3a6,0b,,,,,False,,,,,,,,,,False,False
/a/0/0/5,/a/0/0/5!/member_00668,0,/a/0/0/5,134,668,,18332,18333,2472,2473,1,7cb7c4547cf2653590d7a9ace60cc623d25148adfbc88a89aeb0ef88da7839ba,16,,,,,False,,,,,,,,,,False,False
/a/0/0/5,/a/0/0/5!/member_00669,0,/a/0/0/5,134,669,,18336,18337,2476,2477,1,7cb7c4547cf2653590d7a9ace60cc623d25148adfbc88a89aeb0ef88da7839ba,16,,,,,False,,,,,,,,,,False,False
/a/0/0/5,/a/0/0/5!/member_00670,0,/a/0/0/5,134,670,,18340,18341,2480,2481,1,58f7b0780592032e4d8602a3e8690fb2c701b2e1dd546e703445aabd6469734d,1a,,,,,False,,,,,,,,,,False,False
/a/0/0/5,/a/0/0/5!/member_00671,0,/a/0/0/5,134,671,,18344,18345,2484,2485,1,58f7b0780592032e4d8602a3e8690fb2c701b2e1dd546e703445aabd6469734d,1a,,,,,False,,,,,,,,,,False,False
/a/0/0/5,/a/0/0/5!/member_00672,0,/a/0/0/5,134,672,,18348,18349,2488,2489,1,e7cf46a078fed4fafd0b5e3aff144802b853f8ae459a4f0c14add3314b7cc3a6,0b,,,,,False,,,,,,,,,,False,False
/a/0/0/5,/a/0/0/5!/member_00673,0,/a/0/0/5,134,673,,18352,18353,2492,2493,1,e7cf46a078fed4fafd0b5e3aff144802b853f8ae459a4f0c14add3314b7cc3a6,0b,,,,,False,,,,,,,,,,False,False
/a/0/0/5,/a/0/0/5!/member_00674,0,/a/0/0/5,134,674,,18356,18357,2496,2497,1,c555eab45d08845ae9f10d452a99bfcb06f74a50b988fe7e48dd323789b88ee3,10,,Nintendo LZ10,Probable,,True,Nintendo LZ10,Probable,True,,,,,,,False,False
/a/0/0/5,/a/0/0/5!/member_00675,0,/a/0/0/5,134,675,,18360,18361,2500,2501,1,c555eab45d08845ae9f10d452a99bfcb06f74a50b988fe7e48dd323789b88ee3,10,,Nintendo LZ10,Probable,,True,Nintendo LZ10,Probable,True,,,,,,,False,False
/a/0/0/5,/a/0/0/5!/member_00676,0,/a/0/0/5,134,676,,18364,18365,2504,2505,1,4bf5122f344554c53bde2ebb8cd2b7e3d1600ad631c385a5d7cce23c7785459a,01,,,,,False,,,,,,,,,,False,False
/a/0/0/5,/a/0/0/5!/member_00677,0,/a/0/0/5,134,677,,18368,18369,2508,2509,1,4bf5122f344554c53bde2ebb8cd2b7e3d1600ad631c385a5d7cce23c7785459a,01,,,,,False,,,,,,,,,,False,False
/a/0/0/5,/a/0/0/5!/member_00678,0,/a/0/0/5,134,678,,18372,18373,2512,2513,1,beead77994cf573341ec17b58bbf7eb34d2711c993c1d976b128b3188dc1829a,08,,,,,False,,,,,,,,,,False,False
/a/0/0/5,/a/0/0/5!/member_00679,0,/a/0/0/5,134,679,,18376,18377,2516,2517,1,beead77994cf573341ec17b58bbf7eb34d2711c993c1d976b128b3188dc1829a,08,,,,,False,,,,,,,,,,False,False
/a/0/0/5,/a/0/0/5!/member_00680,0,/a/0/0/5,134,680,,18380,18381,2520,2521,1,4d7b3ef7300acf70c892d8327db8272f54434adbc61a4e130a563cb59a0d0f47,0e,,,,,False,,,,,,,,,,False,False
/a/0/0/5,/a/0/0/5!/member_00681,0,/a/0/0/5,134,681,,18384,18385,2524,2525,1,4d7b3ef7300acf70c892d8327db8272f54434adbc61a4e130a563cb59a0d0f47,0e,,,,,False,,,,,,,,,,False,False
/a/0/0/5,/a/0/0/5!/member_00682,0,/a/0/0/5,134,682,,18388,18389,2528,2529,1,ab897fbdedfa502b2d839b6a56100887dccdc507555c282e59589e06300a62e2,13,,,,,False,,,,,,,,,,False,False
/a/0/0/5,/a/0/0/5!/member_00683,0,/a/0/0/5,134,683,,18392,18393,2532,2533,1,ab897fbdedfa502b2d839b6a56100887dccdc507555c282e59589e06300a62e2,13,,,,,False,,,,,,,,,,False,False
/a/0/0/5,/a/0/0/5!/member_00684,0,/a/0/0/5,134,684,,18396,18397,2536,2537,1,beead77994cf573341ec17b58bbf7eb34d2711c993c1d976b128b3188dc1829a,08,,,,,False,,,,,,,,,,False,False
/a/0/0/5,/a/0/0/5!/member_00685,0,/a/0/0/5,134,685,,18400,18401,2540,2541,1,beead77994cf573341ec17b58bbf7eb34d2711c993c1d976b128b3188dc1829a,08,,,,,False,,,,,,,,,,False,False
/a/0/0/5,/a/0/0/5!/member_00686,0,/a/0/0/5,134,686,,18404,18405,2544,2545,1,c555eab45d08845ae9f10d452a99bfcb06f74a50b988fe7e48dd323789b88ee3,10,,Nintendo LZ10,Probable,,True,Nintendo LZ10,Probable,True,,,,,,,False,False
/a/0/0/5,/a/0/0/5!/member_00687,0,/a/0/0/5,134,687,,18408,18409,2548,2549,1,c555eab45d08845ae9f10d452a99bfcb06f74a50b988fe7e48dd323789b88ee3,10,,Nintendo LZ10,Probable,,True,Nintendo LZ10,Probable,True,,,,,,,False,False
/a/0/0/5,/a/0/0/5!/member_00688,0,/a/0/0/5,134,688,,18412,18413,2552,2553,1,beead77994cf573341ec17b58bbf7eb34d2711c993c1d976b128b3188dc1829a,08,,,,,False,,,,,,,,,,False,False
/a/0/0/5,/a/0/0/5!/member_00689,0,/a/0/0/5,134,689,,18416,18417,2556,2557,1,beead77994cf573341ec17b58bbf7eb34d2711c993c1d976b128b3188dc1829a,08,,,,,False,,,,,,,,,,False,False
/a/0/0/5,/a/0/0/5!/member_00690,0,/a/0/0/5,134,690,,18420,18421,2560,2561,1,7cb7c4547cf2653590d7a9ace60cc623d25148adfbc88a89aeb0ef88da7839ba,16,,,,,False,,,,,,,,,,False,False
/a/0/0/5,/a/0/0/5!/member_00691,0,/a/0/0/5,134,691,,18424,18425,2564,2565,1,7cb7c4547cf2653590d7a9ace60cc623d25148adfbc88a89aeb0ef88da7839ba,16,,,,,False,,,,,,,,,,False,False
/a/0/0/5,/a/0/0/5!/member_00692,0,/a/0/0/5,134,692,,18428,18429,2568,2569,1,01ba4719c80b6fe911b091a7c05124b64eeece964e09c058ef8f9805daca546b,0a,,,,,False,,,,,,,,,,False,False
/a/0/0/5,/a/0/0/5!/member_00693,0,/a/0/0/5,134,693,,18432,18433,2572,2573,1,01ba4719c80b6fe911b091a7c05124b64eeece964e09c058ef8f9805daca546b,0a,,,,,False,,,,,,,,,,False,False
/a/0/0/5,/a/0/0/5!/member_00694,0,/a/0/0/5,134,694,,18436,18437,2576,2577,1,77adfc95029e73b173f60e556f915b0cd8850848111358b1c370fb7c154e61fd,1b,,,,,False,,,,,,,,,,False,False
/a/0/0/5,/a/0/0/5!/member_00695,0,/a/0/0/5,134,695,,18440,18441,2580,2581,1,77adfc95029e73b173f60e556f915b0cd8850848111358b1c370fb7c154e61fd,1b,,,,,False,,,,,,,,,,False,False
/a/0/0/5,/a/0/0/5!/member_00696,0,/a/0/0/5,134,696,,18444,18445,2584,2585,1,c555eab45d08845ae9f10d452a99bfcb06f74a50b988fe7e48dd323789b88ee3,10,,Nintendo LZ10,Probable,,True,Nintendo LZ10,Probable,True,,,,,,,False,False
/a/0/0/5,/a/0/0/5!/member_00697,0,/a/0/0/5,134,697,,18448,18449,2588,2589,1,c555eab45d08845ae9f10d452a99bfcb06f74a50b988fe7e48dd323789b88ee3,10,,Nintendo LZ10,Probable,,True,Nintendo LZ10,Probable,True,,,,,,,False,False
/a/0/0/5,/a/0/0/5!/member_00698,0,/a/0/0/5,134,698,,18452,18453,2592,2593,1,68aa2e2ee5dff96e3355e6c7ee373e3d6a4e17f75f9518d843709c0c9bc3e3d4,19,,,,,False,,,,,,,,,,False,False
/a/0/0/5,/a/0/0/5!/member_00699,0,/a/0/0/5,134,699,,18456,18457,2596,2597,1,68aa2e2ee5dff96e3355e6c7ee373e3d6a4e17f75f9518d843709c0c9bc3e3d4,19,,,,,False,,,,,,,,,,False,False
/a/0/0/5,/a/0/0/5!/member_00700,0,/a/0/0/5,134,700,,18460,18461,2600,2601,1,c555eab45d08845ae9f10d452a99bfcb06f74a50b988fe7e48dd323789b88ee3,10,,Nintendo LZ10,Probable,,True,Nintendo LZ10,Probable,True,,,,,,,False,False
/a/0/0/5,/a/0/0/5!/member_00701,0,/a/0/0/5,134,701,,18464,18465,2604,2605,1,c555eab45d08845ae9f10d452a99bfcb06f74a50b988fe7e48dd323789b88ee3,10,,Nintendo LZ10,Probable,,True,Nintendo LZ10,Probable,True,,,,,,,False,False
/a/0/0/5,/a/0/0/5!/member_00702,0,/a/0/0/5,134,702,,18468,18469,2608,2609,1,bd4fc42a21f1f860a1030e6eba23d53ecab71bd19297ab6c074381d4ecee0018,1c,,,,,False,,,,,,,,,,False,False
/a/0/0/5,/a/0/0/5!/member_00703,0,/a/0/0/5,134,703,,18472,18473,2612,2613,1,bd4fc42a21f1f860a1030e6eba23d53ecab71bd19297ab6c074381d4ecee0018,1c,,,,,False,,,,,,,,,,False,False
/a/0/0/5,/a/0/0/5!/member_00704,0,/a/0/0/5,134,704,,18476,18477,2616,2617,1,beead77994cf573341ec17b58bbf7eb34d2711c993c1d976b128b3188dc1829a,08,,,,,False,,,,,,,,,,False,False
/a/0/0/5,/a/0/0/5!/member_00705,0,/a/0/0/5,134,705,,18480,18481,2620,2621,1,beead77994cf573341ec17b58bbf7eb34d2711c993c1d976b128b3188dc1829a,08,,,,,False,,,,,,,,,,False,False
/a/0/0/5,/a/0/0/5!/member_00706,0,/a/0/0/5,134,706,,18484,18485,2624,2625,1,ab897fbdedfa502b2d839b6a56100887dccdc507555c282e59589e06300a62e2,13,,,,,False,,,,,,,,,,False,False
/a/0/0/5,/a/0/0/5!/member_00707,0,/a/0/0/5,134,707,,18488,18489,2628,2629,1,ab897fbdedfa502b2d839b6a56100887dccdc507555c282e59589e06300a62e2,13,,,,,False,,,,,,,,,,False,False
/a/0/0/5,/a/0/0/5!/member_00708,0,/a/0/0/5,134,708,,18492,18493,2632,2633,1,ab897fbdedfa502b2d839b6a56100887dccdc507555c282e59589e06300a62e2,13,,,,,False,,,,,,,,,,False,False
/a/0/0/5,/a/0/0/5!/member_00709,0,/a/0/0/5,134,709,,18496,18497,2636,2637,1,ab897fbdedfa502b2d839b6a56100887dccdc507555c282e59589e06300a62e2,13,,,,,False,,,,,,,,,,False,False
/a/0/0/5,/a/0/0/5!/member_00710,0,/a/0/0/5,134,710,,18500,18501,2640,2641,1,58f7b0780592032e4d8602a3e8690fb2c701b2e1dd546e703445aabd6469734d,1a,,,,,False,,,,,,,,,,False,False
/a/0/0/5,/a/0/0/5!/member_00711,0,/a/0/0/5,134,711,,18504,18505,2644,2645,1,58f7b0780592032e4d8602a3e8690fb2c701b2e1dd546e703445aabd6469734d,1a,,,,,False,,,,,,,,,,False,False
/a/0/0/5,/a/0/0/5!/member_00712,0,/a/0/0/5,134,712,,18508,18509,2648,2649,1,beead77994cf573341ec17b58bbf7eb34d2711c993c1d976b128b3188dc1829a,08,,,,,False,,,,,,,,,,False,False
/a/0/0/5,/a/0/0/5!/member_00713,0,/a/0/0/5,134,713,,18512,18513,2652,2653,1,beead77994cf573341ec17b58bbf7eb34d2711c993c1d976b128b3188dc1829a,08,,,,,False,,,,,,,,,,False,False
/a/0/0/5,/a/0/0/5!/member_00714,0,/a/0/0/5,134,714,,18516,18517,2656,2657,1,ef6cbd2161eaea7943ce8693b9824d23d1793ffb1c0fca05b600d3899b44c977,0c,,,,,False,,,,,,,,,,False,False
/a/0/0/5,/a/0/0/5!/member_00715,0,/a/0/0/5,134,715,,18520,18521,2660,2661,1,ef6cbd2161eaea7943ce8693b9824d23d1793ffb1c0fca05b600d3899b44c977,0c,,,,,False,,,,,,,,,,False,False
/a/0/0/5,/a/0/0/5!/member_00716,0,/a/0/0/5,134,716,,18524,18525,2664,2665,1,ca358758f6d27e6cf45272937977a748fd88391db679ceda7dc7bf1f005ee879,07,,,,,False,,,,,,,,,,False,False
/a/0/0/5,/a/0/0/5!/member_00717,0,/a/0/0/5,134,717,,18528,18529,2668,2669,1,ca358758f6d27e6cf45272937977a748fd88391db679ceda7dc7bf1f005ee879,07,,,,,False,,,,,,,,,,False,False
/a/0/0/5,/a/0/0/5!/member_00718,0,/a/0/0/5,134,718,,18532,18533,2672,2673,1,ab897fbdedfa502b2d839b6a56100887dccdc507555c282e59589e06300a62e2,13,,,,,False,,,,,,,,,,False,False
/a/0/0/5,/a/0/0/5!/member_00719,0,/a/0/0/5,134,719,,18536,18537,2676,2677,1,ab897fbdedfa502b2d839b6a56100887dccdc507555c282e59589e06300a62e2,13,,,,,False,,,,,,,,,,False,False
/a/0/0/5,/a/0/0/5!/member_00720,0,/a/0/0/5,134,720,,18540,18541,2680,2681,1,2b4c342f5433ebe591a1da77e013d1b72475562d48578dca8b84bac6651c3cb9,09,,,,,False,,,,,,,,,,False,False
/a/0/0/5,/a/0/0/5!/member_00721,0,/a/0/0/5,134,721,,18544,18545,2684,2685,1,2b4c342f5433ebe591a1da77e013d1b72475562d48578dca8b84bac6651c3cb9,09,,,,,False,,,,,,,,,,False,False
/a/0/0/5,/a/0/0/5!/member_00722,0,/a/0/0/5,134,722,,18548,18549,2688,2689,1,ab897fbdedfa502b2d839b6a56100887dccdc507555c282e59589e06300a62e2,13,,,,,False,,,,,,,,,,False,False
/a/0/0/5,/a/0/0/5!/member_00723,0,/a/0/0/5,134,723,,18552,18553,2692,2693,1,ab897fbdedfa502b2d839b6a56100887dccdc507555c282e59589e06300a62e2,13,,,,,False,,,,,,,,,,False,False
/a/0/0/5,/a/0/0/5!/member_00724,0,/a/0/0/5,134,724,,18556,18557,2696,2697,1,e52d9c508c502347344d8c07ad91cbd6068afc75ff6292f062a09ca381c89e71,04,,,,,False,,,,,,,,,,False,False
/a/0/0/5,/a/0/0/5!/member_00725,0,/a/0/0/5,134,725,,18560,18561,2700,2701,1,e52d9c508c502347344d8c07ad91cbd6068afc75ff6292f062a09ca381c89e71,04,,,,,False,,,,,,,,,,False,False
/a/0/0/5,/a/0/0/5!/member_00726,0,/a/0/0/5,134,726,,18564,18565,2704,2705,1,beead77994cf573341ec17b58bbf7eb34d2711c993c1d976b128b3188dc1829a,08,,,,,False,,,,,,,,,,False,False
/a/0/0/5,/a/0/0/5!/member_00727,0,/a/0/0/5,134,727,,18568,18569,2708,2709,1,beead77994cf573341ec17b58bbf7eb34d2711c993c1d976b128b3188dc1829a,08,,,,,False,,,,,,,,,,False,False
/a/0/0/5,/a/0/0/5!/member_00728,0,/a/0/0/5,134,728,,18572,18573,2712,2713,1,dc0e9c3658a1a3ed1ec94274d8b19925c93e1abb7ddba294923ad9bde30f8cb8,0f,,,,,False,,,,,,,,,,False,False
/a/0/0/5,/a/0/0/5!/member_00729,0,/a/0/0/5,134,729,,18576,18577,2716,2717,1,dc0e9c3658a1a3ed1ec94274d8b19925c93e1abb7ddba294923ad9bde30f8cb8,0f,,,,,False,,,,,,,,,,False,False
/a/0/0/5,/a/0/0/5!/member_00730,0,/a/0/0/5,134,730,,18580,18581,2720,2721,1,7cb7c4547cf2653590d7a9ace60cc623d25148adfbc88a89aeb0ef88da7839ba,16,,,,,False,,,,,,,,,,False,False
/a/0/0/5,/a/0/0/5!/member_00731,0,/a/0/0/5,134,731,,18584,18585,2724,2725,1,7cb7c4547cf2653590d7a9ace60cc623d25148adfbc88a89aeb0ef88da7839ba,16,,,,,False,,,,,,,,,,False,False
/a/0/0/5,/a/0/0/5!/member_00732,0,/a/0/0/5,134,732,,18588,18589,2728,2729,1,c555eab45d08845ae9f10d452a99bfcb06f74a50b988fe7e48dd323789b88ee3,10,,Nintendo LZ10,Probable,,True,Nintendo LZ10,Probable,True,,,,,,,False,False
/a/0/0/5,/a/0/0/5!/member_00733,0,/a/0/0/5,134,733,,18592,18593,2732,2733,1,c555eab45d08845ae9f10d452a99bfcb06f74a50b988fe7e48dd323789b88ee3,10,,Nintendo LZ10,Probable,,True,Nintendo LZ10,Probable,True,,,,,,,False,False
/a/0/0/5,/a/0/0/5!/member_00734,0,/a/0/0/5,134,734,,18596,18597,2736,2737,1,8f11b05da785e43e713d03774c6bd3405d99cd3024af334ffd68db663aa37034,17,,,,,False,,,,,,,,,,False,False
/a/0/0/5,/a/0/0/5!/member_00735,0,/a/0/0/5,134,735,,18600,18601,2740,2741,1,8f11b05da785e43e713d03774c6bd3405d99cd3024af334ffd68db663aa37034,17,,,,,False,,,,,,,,,,False,False
/a/0/0/5,/a/0/0/5!/member_00736,0,/a/0/0/5,134,736,,18604,18605,2744,2745,1,6e340b9cffb37a989ca544e6bb780a2c78901d3fb33738768511a30617afa01d,00,,,,,False,,,,,,,,,,False,False
/a/0/0/5,/a/0/0/5!/member_00737,0,/a/0/0/5,134,737,,18608,18609,2748,2749,1,6e340b9cffb37a989ca544e6bb780a2c78901d3fb33738768511a30617afa01d,00,,,,,False,,,,,,,,,,False,False
/a/0/0/5,/a/0/0/5!/member_00738,0,/a/0/0/5,134,738,,18612,18613,2752,2753,1,e7cf46a078fed4fafd0b5e3aff144802b853f8ae459a4f0c14add3314b7cc3a6,0b,,,,,False,,,,,,,,,,False,False
/a/0/0/5,/a/0/0/5!/member_00739,0,/a/0/0/5,134,739,,18616,18617,2756,2757,1,e7cf46a078fed4fafd0b5e3aff144802b853f8ae459a4f0c14add3314b7cc3a6,0b,,,,,False,,,,,,,,,,False,False
/a/0/0/5,/a/0/0/5!/member_00740,0,/a/0/0/5,134,740,,18620,18621,2760,2761,1,67586e98fad27da0b9968bc039a1ef34c939b9b8e523a8bef89d478608c5ecf6,06,,,,,False,,,,,,,,,,False,False
/a/0/0/5,/a/0/0/5!/member_00741,0,/a/0/0/5,134,741,,18624,18625,2764,2765,1,67586e98fad27da0b9968bc039a1ef34c939b9b8e523a8bef89d478608c5ecf6,06,,,,,False,,,,,,,,,,False,False
/a/0/0/5,/a/0/0/5!/member_00742,0,/a/0/0/5,134,742,,18628,18629,2768,2769,1,dc0e9c3658a1a3ed1ec94274d8b19925c93e1abb7ddba294923ad9bde30f8cb8,0f,,,,,False,,,,,,,,,,False,False
/a/0/0/5,/a/0/0/5!/member_00743,0,/a/0/0/5,134,743,,18632,18633,2772,2773,1,dc0e9c3658a1a3ed1ec94274d8b19925c93e1abb7ddba294923ad9bde30f8cb8,0f,,,,,False,,,,,,,,,,False,False
/a/0/0/5,/a/0/0/5!/member_00744,0,/a/0/0/5,134,744,,18636,18637,2776,2777,1,67586e98fad27da0b9968bc039a1ef34c939b9b8e523a8bef89d478608c5ecf6,06,,,,,False,,,,,,,,,,False,False
/a/0/0/5,/a/0/0/5!/member_00745,0,/a/0/0/5,134,745,,18640,18641,2780,2781,1,67586e98fad27da0b9968bc039a1ef34c939b9b8e523a8bef89d478608c5ecf6,06,,,,,False,,,,,,,,,,False,False
/a/0/0/5,/a/0/0/5!/member_00746,0,/a/0/0/5,134,746,,18644,18645,2784,2785,1,ef6cbd2161eaea7943ce8693b9824d23d1793ffb1c0fca05b600d3899b44c977,0c,,,,,False,,,,,,,,,,False,False
/a/0/0/5,/a/0/0/5!/member_00747,0,/a/0/0/5,134,747,,18648,18649,2788,2789,1,ef6cbd2161eaea7943ce8693b9824d23d1793ffb1c0fca05b600d3899b44c977,0c,,,,,False,,,,,,,,,,False,False
/a/0/0/5,/a/0/0/5!/member_00748,0,/a/0/0/5,134,748,,18652,18653,2792,2793,1,01ba4719c80b6fe911b091a7c05124b64eeece964e09c058ef8f9805daca546b,0a,,,,,False,,,,,,,,,,False,False
/a/0/0/5,/a/0/0/5!/member_00749,0,/a/0/0/5,134,749,,18656,18657,2796,2797,1,01ba4719c80b6fe911b091a7c05124b64eeece964e09c058ef8f9805daca546b,0a,,,,,False,,,,,,,,,,False,False
/a/0/0/5,/a/0/0/5!/member_00750,0,/a/0/0/5,134,750,,18660,18661,2800,2801,1,f299791cddd3d6664f6670842812ef6053eb6501bd6282a476bbbf3ee91e750c,12,,,,,False,,,,,,,,,,False,False
/a/0/0/5,/a/0/0/5!/member_00751,0,/a/0/0/5,134,751,,18664,18665,2804,2805,1,f299791cddd3d6664f6670842812ef6053eb6501bd6282a476bbbf3ee91e750c,12,,,,,False,,,,,,,,,,False,False
/a/0/0/5,/a/0/0/5!/member_00752,0,/a/0/0/5,134,752,,18668,18669,2808,2809,1,e52d9c508c502347344d8c07ad91cbd6068afc75ff6292f062a09ca381c89e71,04,,,,,False,,,,,,,,,,False,False
/a/0/0/5,/a/0/0/5!/member_00753,0,/a/0/0/5,134,753,,18672,18673,2812,2813,1,e52d9c508c502347344d8c07ad91cbd6068afc75ff6292f062a09ca381c89e71,04,,,,,False,,,,,,,,,,False,False
/a/0/0/5,/a/0/0/5!/member_00754,0,/a/0/0/5,134,754,,18676,18677,2816,2817,1,452ba1ddef80246c48be7690193c76c1d61185906be9401014fe14f1be64b74f,18,,,,,False,,,,,,,,,,False,False
/a/0/0/5,/a/0/0/5!/member_00755,0,/a/0/0/5,134,755,,18680,18681,2820,2821,1,452ba1ddef80246c48be7690193c76c1d61185906be9401014fe14f1be64b74f,18,,,,,False,,,,,,,,,,False,False
/a/0/0/5,/a/0/0/5!/member_00756,0,/a/0/0/5,134,756,,18684,18685,2824,2825,1,e52d9c508c502347344d8c07ad91cbd6068afc75ff6292f062a09ca381c89e71,04,,,,,False,,,,,,,,,,False,False
/a/0/0/5,/a/0/0/5!/member_00757,0,/a/0/0/5,134,757,,18688,18689,2828,2829,1,e52d9c508c502347344d8c07ad91cbd6068afc75ff6292f062a09ca381c89e71,04,,,,,False,,,,,,,,,,False,False
/a/0/0/5,/a/0/0/5!/member_00758,0,/a/0/0/5,134,758,,18692,18693,2832,2833,1,9d1e0e2d9459d06523ad13e28a4093c2316baafe7aec5b25f30eba2e113599c4,0d,,,,,False,,,,,,,,,,False,False
/a/0/0/5,/a/0/0/5!/member_00759,0,/a/0/0/5,134,759,,18696,18697,2836,2837,1,9d1e0e2d9459d06523ad13e28a4093c2316baafe7aec5b25f30eba2e113599c4,0d,,,,,False,,,,,,,,,,False,False
/a/0/0/5,/a/0/0/5!/member_00760,0,/a/0/0/5,134,760,,18700,18701,2840,2841,1,e52d9c508c502347344d8c07ad91cbd6068afc75ff6292f062a09ca381c89e71,04,,,,,False,,,,,,,,,,False,False
/a/0/0/5,/a/0/0/5!/member_00761,0,/a/0/0/5,134,761,,18704,18705,2844,2845,1,e52d9c508c502347344d8c07ad91cbd6068afc75ff6292f062a09ca381c89e71,04,,,,,False,,,,,,,,,,False,False
/a/0/0/5,/a/0/0/5!/member_00762,0,/a/0/0/5,134,762,,18708,18709,2848,2849,1,ef6cbd2161eaea7943ce8693b9824d23d1793ffb1c0fca05b600d3899b44c977,0c,,,,,False,,,,,,,,,,False,False
/a/0/0/5,/a/0/0/5!/member_00763,0,/a/0/0/5,134,763,,18712,18713,2852,2853,1,ef6cbd2161eaea7943ce8693b9824d23d1793ffb1c0fca05b600d3899b44c977,0c,,,,,False,,,,,,,,,,False,False
/a/0/0/5,/a/0/0/5!/member_00764,0,/a/0/0/5,134,764,,18716,18717,2856,2857,1,9d1e0e2d9459d06523ad13e28a4093c2316baafe7aec5b25f30eba2e113599c4,0d,,,,,False,,,,,,,,,,False,False
/a/0/0/5,/a/0/0/5!/member_00765,0,/a/0/0/5,134,765,,18720,18721,2860,2861,1,9d1e0e2d9459d06523ad13e28a4093c2316baafe7aec5b25f30eba2e113599c4,0d,,,,,False,,,,,,,,,,False,False
/a/0/0/5,/a/0/0/5!/member_00766,0,/a/0/0/5,134,766,,18724,18725,2864,2865,1,452ba1ddef80246c48be7690193c76c1d61185906be9401014fe14f1be64b74f,18,,,,,False,,,,,,,,,,False,False
/a/0/0/5,/a/0/0/5!/member_00767,0,/a/0/0/5,134,767,,18728,18729,2868,2869,1,452ba1ddef80246c48be7690193c76c1d61185906be9401014fe14f1be64b74f,18,,,,,False,,,,,,,,,,False,False
/a/0/0/5,/a/0/0/5!/member_00768,0,/a/0/0/5,134,768,,18732,18733,2872,2873,1,2b4c342f5433ebe591a1da77e013d1b72475562d48578dca8b84bac6651c3cb9,09,,,,,False,,,,,,,,,,False,False
/a/0/0/5,/a/0/0/5!/member_00769,0,/a/0/0/5,134,769,,18736,18737,2876,2877,1,2b4c342f5433ebe591a1da77e013d1b72475562d48578dca8b84bac6651c3cb9,09,,,,,False,,,,,,,,,,False,False
/a/0/0/5,/a/0/0/5!/member_00770,0,/a/0/0/5,134,770,,18740,18741,2880,2881,1,c555eab45d08845ae9f10d452a99bfcb06f74a50b988fe7e48dd323789b88ee3,10,,Nintendo LZ10,Probable,,True,Nintendo LZ10,Probable,True,,,,,,,False,False
/a/0/0/5,/a/0/0/5!/member_00771,0,/a/0/0/5,134,771,,18744,18745,2884,2885,1,c555eab45d08845ae9f10d452a99bfcb06f74a50b988fe7e48dd323789b88ee3,10,,Nintendo LZ10,Probable,,True,Nintendo LZ10,Probable,True,,,,,,,False,False
/a/0/0/5,/a/0/0/5!/member_00772,0,/a/0/0/5,134,772,,18748,18749,2888,2889,1,6e340b9cffb37a989ca544e6bb780a2c78901d3fb33738768511a30617afa01d,00,,,,,False,,,,,,,,,,False,False
/a/0/0/5,/a/0/0/5!/member_00773,0,/a/0/0/5,134,773,,18752,18753,2892,2893,1,6e340b9cffb37a989ca544e6bb780a2c78901d3fb33738768511a30617afa01d,00,,,,,False,,,,,,,,,,False,False
/a/0/0/5,/a/0/0/5!/member_00774,0,/a/0/0/5,134,774,,18756,18757,2896,2897,1,ab897fbdedfa502b2d839b6a56100887dccdc507555c282e59589e06300a62e2,13,,,,,False,,,,,,,,,,False,False
/a/0/0/5,/a/0/0/5!/member_00775,0,/a/0/0/5,134,775,,18760,18761,2900,2901,1,ab897fbdedfa502b2d839b6a56100887dccdc507555c282e59589e06300a62e2,13,,,,,False,,,,,,,,,,False,False
/a/0/0/5,/a/0/0/5!/member_00776,0,/a/0/0/5,134,776,,18764,18765,2904,2905,1,c555eab45d08845ae9f10d452a99bfcb06f74a50b988fe7e48dd323789b88ee3,10,,Nintendo LZ10,Probable,,True,Nintendo LZ10,Probable,True,,,,,,,False,False
/a/0/0/5,/a/0/0/5!/member_00777,0,/a/0/0/5,134,777,,18768,18769,2908,2909,1,c555eab45d08845ae9f10d452a99bfcb06f74a50b988fe7e48dd323789b88ee3,10,,Nintendo LZ10,Probable,,True,Nintendo LZ10,Probable,True,,,,,,,False,False
/a/0/0/5,/a/0/0/5!/member_00778,0,/a/0/0/5,134,778,,18772,18773,2912,2913,1,68aa2e2ee5dff96e3355e6c7ee373e3d6a4e17f75f9518d843709c0c9bc3e3d4,19,,,,,False,,,,,,,,,,False,False
/a/0/0/5,/a/0/0/5!/member_00779,0,/a/0/0/5,134,779,,18776,18777,2916,2917,1,68aa2e2ee5dff96e3355e6c7ee373e3d6a4e17f75f9518d843709c0c9bc3e3d4,19,,,,,False,,,,,,,,,,False,False
/a/0/0/5,/a/0/0/5!/member_00780,0,/a/0/0/5,134,780,,18780,18781,2920,2921,1,67586e98fad27da0b9968bc039a1ef34c939b9b8e523a8bef89d478608c5ecf6,06,,,,,False,,,,,,,,,,False,False
/a/0/0/5,/a/0/0/5!/member_00781,0,/a/0/0/5,134,781,,18784,18785,2924,2925,1,67586e98fad27da0b9968bc039a1ef34c939b9b8e523a8bef89d478608c5ecf6,06,,,,,False,,,,,,,,,,False,False
/a/0/0/5,/a/0/0/5!/member_00782,0,/a/0/0/5,134,782,,18788,18789,2928,2929,1,4d7b3ef7300acf70c892d8327db8272f54434adbc61a4e130a563cb59a0d0f47,0e,,,,,False,,,,,,,,,,False,False
/a/0/0/5,/a/0/0/5!/member_00783,0,/a/0/0/5,134,783,,18792,18793,2932,2933,1,4d7b3ef7300acf70c892d8327db8272f54434adbc61a4e130a563cb59a0d0f47,0e,,,,,False,,,,,,,,,,False,False
/a/0/0/5,/a/0/0/5!/member_00784,0,/a/0/0/5,134,784,,18796,18797,2936,2937,1,beead77994cf573341ec17b58bbf7eb34d2711c993c1d976b128b3188dc1829a,08,,,,,False,,,,,,,,,,False,False
/a/0/0/5,/a/0/0/5!/member_00785,0,/a/0/0/5,134,785,,18800,18801,2940,2941,1,beead77994cf573341ec17b58bbf7eb34d2711c993c1d976b128b3188dc1829a,08,,,,,False,,,,,,,,,,False,False
/a/0/0/5,/a/0/0/5!/member_00786,0,/a/0/0/5,134,786,,18804,18805,2944,2945,1,9d1e0e2d9459d06523ad13e28a4093c2316baafe7aec5b25f30eba2e113599c4,0d,,,,,False,,,,,,,,,,False,False
/a/0/0/5,/a/0/0/5!/member_00787,0,/a/0/0/5,134,787,,18808,18809,2948,2949,1,9d1e0e2d9459d06523ad13e28a4093c2316baafe7aec5b25f30eba2e113599c4,0d,,,,,False,,,,,,,,,,False,False
/a/0/0/5,/a/0/0/5!/member_00788,0,/a/0/0/5,134,788,,18812,18813,2952,2953,1,084fed08b978af4d7d196a7446a86b58009e636b611db16211b65a9aadff29c5,03,,,,,False,,,,,,,,,,False,False
/a/0/0/5,/a/0/0/5!/member_00789,0,/a/0/0/5,134,789,,18816,18817,2956,2957,1,084fed08b978af4d7d196a7446a86b58009e636b611db16211b65a9aadff29c5,03,,,,,False,,,,,,,,,,False,False
/a/0/0/5,/a/0/0/5!/member_00790,0,/a/0/0/5,134,790,,18820,18821,2960,2961,1,dc0e9c3658a1a3ed1ec94274d8b19925c93e1abb7ddba294923ad9bde30f8cb8,0f,,,,,False,,,,,,,,,,False,False
/a/0/0/5,/a/0/0/5!/member_00791,0,/a/0/0/5,134,791,,18824,18825,2964,2965,1,dc0e9c3658a1a3ed1ec94274d8b19925c93e1abb7ddba294923ad9bde30f8cb8,0f,,,,,False,,,,,,,,,,False,False
/a/0/0/5,/a/0/0/5!/member_00792,0,/a/0/0/5,134,792,,18828,18829,2968,2969,1,ef6cbd2161eaea7943ce8693b9824d23d1793ffb1c0fca05b600d3899b44c977,0c,,,,,False,,,,,,,,,,False,False
/a/0/0/5,/a/0/0/5!/member_00793,0,/a/0/0/5,134,793,,18832,18833,2972,2973,1,ef6cbd2161eaea7943ce8693b9824d23d1793ffb1c0fca05b600d3899b44c977,0c,,,,,False,,,,,,,,,,False,False
/a/0/0/5,/a/0/0/5!/member_00794,0,/a/0/0/5,134,794,,18836,18837,2976,2977,1,83891d7fe85c33e52c8b4e5814c92fb6a3b9467299200538a6babaa8b452d879,14,,,,,False,,,,,,,,,,False,False
/a/0/0/5,/a/0/0/5!/member_00795,0,/a/0/0/5,134,795,,18840,18841,2980,2981,1,83891d7fe85c33e52c8b4e5814c92fb6a3b9467299200538a6babaa8b452d879,14,,,,,False,,,,,,,,,,False,False
/a/0/0/5,/a/0/0/5!/member_00796,0,/a/0/0/5,134,796,,18844,18845,2984,2985,1,e52d9c508c502347344d8c07ad91cbd6068afc75ff6292f062a09ca381c89e71,04,,,,,False,,,,,,,,,,False,False
/a/0/0/5,/a/0/0/5!/member_00797,0,/a/0/0/5,134,797,,18848,18849,2988,2989,1,e52d9c508c502347344d8c07ad91cbd6068afc75ff6292f062a09ca381c89e71,04,,,,,False,,,,,,,,,,False,False
/a/0/0/5,/a/0/0/5!/member_00798,0,/a/0/0/5,134,798,,18852,18853,2992,2993,1,67586e98fad27da0b9968bc039a1ef34c939b9b8e523a8bef89d478608c5ecf6,06,,,,,False,,,,,,,,,,False,False
/a/0/0/5,/a/0/0/5!/member_00799,0,/a/0/0/5,134,799,,18856,18857,2996,2997,1,67586e98fad27da0b9968bc039a1ef34c939b9b8e523a8bef89d478608c5ecf6,06,,,,,False,,,,,,,,,,False,False
/a/0/0/5,/a/0/0/5!/member_00800,0,/a/0/0/5,134,800,,18860,18861,3000,3001,1,e7cf46a078fed4fafd0b5e3aff144802b853f8ae459a4f0c14add3314b7cc3a6,0b,,,,,False,,,,,,,,,,False,False
/a/0/0/5,/a/0/0/5!/member_00801,0,/a/0/0/5,134,801,,18864,18865,3004,3005,1,e7cf46a078fed4fafd0b5e3aff144802b853f8ae459a4f0c14add3314b7cc3a6,0b,,,,,False,,,,,,,,,,False,False
/a/0/0/5,/a/0/0/5!/member_00802,0,/a/0/0/5,134,802,,18868,18869,3008,3009,1,f299791cddd3d6664f6670842812ef6053eb6501bd6282a476bbbf3ee91e750c,12,,,,,False,,,,,,,,,,False,False
/a/0/0/5,/a/0/0/5!/member_00803,0,/a/0/0/5,134,803,,18872,18873,3012,3013,1,f299791cddd3d6664f6670842812ef6053eb6501bd6282a476bbbf3ee91e750c,12,,,,,False,,,,,,,,,,False,False
/a/0/0/5,/a/0/0/5!/member_00804,0,/a/0/0/5,134,804,,18876,18876,3016,3016,0,e3b0c44298fc1c149afbf4c8996fb92427ae41e4649b934ca495991b7852b855,,,,,,False,,,,,,,,,,False,False
/a/0/0/5,/a/0/0/5!/member_00805,0,/a/0/0/5,134,805,,18876,18877,3016,3017,1,c555eab45d08845ae9f10d452a99bfcb06f74a50b988fe7e48dd323789b88ee3,10,,Nintendo LZ10,Probable,,True,Nintendo LZ10,Probable,True,,,,,,,False,False
/a/0/0/5,/a/0/0/5!/member_00806,0,/a/0/0/5,134,806,,18880,18880,3020,3020,0,e3b0c44298fc1c149afbf4c8996fb92427ae41e4649b934ca495991b7852b855,,,,,,False,,,,,,,,,,False,False
/a/0/0/5,/a/0/0/5!/member_00807,0,/a/0/0/5,134,807,,18880,18881,3020,3021,1,8f11b05da785e43e713d03774c6bd3405d99cd3024af334ffd68db663aa37034,17,,,,,False,,,,,,,,,,False,False
/a/0/0/5,/a/0/0/5!/member_00808,0,/a/0/0/5,134,808,,18884,18885,3024,3025,1,ef6cbd2161eaea7943ce8693b9824d23d1793ffb1c0fca05b600d3899b44c977,0c,,,,,False,,,,,,,,,,False,False
/a/0/0/5,/a/0/0/5!/member_00809,0,/a/0/0/5,134,809,,18888,18889,3028,3029,1,ef6cbd2161eaea7943ce8693b9824d23d1793ffb1c0fca05b600d3899b44c977,0c,,,,,False,,,,,,,,,,False,False
/a/0/0/5,/a/0/0/5!/member_00810,0,/a/0/0/5,134,810,,18892,18893,3032,3033,1,ef6cbd2161eaea7943ce8693b9824d23d1793ffb1c0fca05b600d3899b44c977,0c,,,,,False,,,,,,,,,,False,False
/a/0/0/5,/a/0/0/5!/member_00811,0,/a/0/0/5,134,811,,18896,18897,3036,3037,1,ef6cbd2161eaea7943ce8693b9824d23d1793ffb1c0fca05b600d3899b44c977,0c,,,,,False,,,,,,,,,,False,False
/a/0/0/5,/a/0/0/5!/member_00812,0,/a/0/0/5,134,812,,18900,18901,3040,3041,1,4bf5122f344554c53bde2ebb8cd2b7e3d1600ad631c385a5d7cce23c7785459a,01,,,,,False,,,,,,,,,,False,False
/a/0/0/5,/a/0/0/5!/member_00813,0,/a/0/0/5,134,813,,18904,18905,3044,3045,1,4bf5122f344554c53bde2ebb8cd2b7e3d1600ad631c385a5d7cce23c7785459a,01,,,,,False,,,,,,,,,,False,False
/a/0/0/5,/a/0/0/5!/member_00814,0,/a/0/0/5,134,814,,18908,18909,3048,3049,1,ca358758f6d27e6cf45272937977a748fd88391db679ceda7dc7bf1f005ee879,07,,,,,False,,,,,,,,,,False,False
/a/0/0/5,/a/0/0/5!/member_00815,0,/a/0/0/5,134,815,,18912,18913,3052,3053,1,ca358758f6d27e6cf45272937977a748fd88391db679ceda7dc7bf1f005ee879,07,,,,,False,,,,,,,,,,False,False
/a/0/0/5,/a/0/0/5!/member_00816,0,/a/0/0/5,134,816,,18916,18917,3056,3057,1,c555eab45d08845ae9f10d452a99bfcb06f74a50b988fe7e48dd323789b88ee3,10,,Nintendo LZ10,Probable,,True,Nintendo LZ10,Probable,True,,,,,,,False,False
/a/0/0/5,/a/0/0/5!/member_00817,0,/a/0/0/5,134,817,,18920,18921,3060,3061,1,c555eab45d08845ae9f10d452a99bfcb06f74a50b988fe7e48dd323789b88ee3,10,,Nintendo LZ10,Probable,,True,Nintendo LZ10,Probable,True,,,,,,,False,False
/a/0/0/5,/a/0/0/5!/member_00818,0,/a/0/0/5,134,818,,18924,18925,3064,3065,1,83891d7fe85c33e52c8b4e5814c92fb6a3b9467299200538a6babaa8b452d879,14,,,,,False,,,,,,,,,,False,False
/a/0/0/5,/a/0/0/5!/member_00819,0,/a/0/0/5,134,819,,18928,18929,3068,3069,1,83891d7fe85c33e52c8b4e5814c92fb6a3b9467299200538a6babaa8b452d879,14,,,,,False,,,,,,,,,,False,False
/a/0/0/5,/a/0/0/5!/member_00820,0,/a/0/0/5,134,820,,18932,18933,3072,3073,1,83891d7fe85c33e52c8b4e5814c92fb6a3b9467299200538a6babaa8b452d879,14,,,,,False,,,,,,,,,,False,False
/a/0/0/5,/a/0/0/5!/member_00821,0,/a/0/0/5,134,821,,18936,18937,3076,3077,1,83891d7fe85c33e52c8b4e5814c92fb6a3b9467299200538a6babaa8b452d879,14,,,,,False,,,,,,,,,,False,False
/a/0/0/5,/a/0/0/5!/member_00822,0,/a/0/0/5,134,822,,18940,18941,3080,3081,1,4a64a107f0cb32536e5bce6c98c393db21cca7f4ea187ba8c4dca8b51d4ea80a,11,,Nintendo LZ11,Probable,,True,Nintendo LZ11,Probable,True,,,,,,,False,False
/a/0/0/5,/a/0/0/5!/member_00823,0,/a/0/0/5,134,823,,18944,18945,3084,3085,1,4a64a107f0cb32536e5bce6c98c393db21cca7f4ea187ba8c4dca8b51d4ea80a,11,,Nintendo LZ11,Probable,,True,Nintendo LZ11,Probable,True,,,,,,,False,False
/a/0/0/5,/a/0/0/5!/member_00824,0,/a/0/0/5,134,824,,18948,18949,3088,3089,1,2f0fd1e89b8de1d57292742ec380ea47066e307ad645f5bc3adad8a06ff58608,15,,,,,False,,,,,,,,,,False,False
/a/0/0/5,/a/0/0/5!/member_00825,0,/a/0/0/5,134,825,,18952,18953,3092,3093,1,2f0fd1e89b8de1d57292742ec380ea47066e307ad645f5bc3adad8a06ff58608,15,,,,,False,,,,,,,,,,False,False
/a/0/0/5,/a/0/0/5!/member_00826,0,/a/0/0/5,134,826,,18956,18957,3096,3097,1,f299791cddd3d6664f6670842812ef6053eb6501bd6282a476bbbf3ee91e750c,12,,,,,False,,,,,,,,,,False,False
/a/0/0/5,/a/0/0/5!/member_00827,0,/a/0/0/5,134,827,,18960,18961,3100,3101,1,f299791cddd3d6664f6670842812ef6053eb6501bd6282a476bbbf3ee91e750c,12,,,,,False,,,,,,,,,,False,False
/a/0/0/5,/a/0/0/5!/member_00828,0,/a/0/0/5,134,828,,18964,18965,3104,3105,1,6e340b9cffb37a989ca544e6bb780a2c78901d3fb33738768511a30617afa01d,00,,,,,False,,,,,,,,,,False,False
/a/0/0/5,/a/0/0/5!/member_00829,0,/a/0/0/5,134,829,,18968,18969,3108,3109,1,6e340b9cffb37a989ca544e6bb780a2c78901d3fb33738768511a30617afa01d,00,,,,,False,,,,,,,,,,False,False
/a/0/0/5,/a/0/0/5!/member_00830,0,/a/0/0/5,134,830,,18972,18973,3112,3113,1,beead77994cf573341ec17b58bbf7eb34d2711c993c1d976b128b3188dc1829a,08,,,,,False,,,,,,,,,,False,False
/a/0/0/5,/a/0/0/5!/member_00831,0,/a/0/0/5,134,831,,18976,18977,3116,3117,1,ca358758f6d27e6cf45272937977a748fd88391db679ceda7dc7bf1f005ee879,07,,,,,False,,,,,,,,,,False,False
/a/0/0/5,/a/0/0/5!/member_00832,0,/a/0/0/5,134,832,,18980,18981,3120,3121,1,6e340b9cffb37a989ca544e6bb780a2c78901d3fb33738768511a30617afa01d,00,,,,,False,,,,,,,,,,False,False
/a/0/0/5,/a/0/0/5!/member_00833,0,/a/0/0/5,134,833,,18984,18985,3124,3125,1,6e340b9cffb37a989ca544e6bb780a2c78901d3fb33738768511a30617afa01d,00,,,,,False,,,,,,,,,,False,False
/a/0/0/5,/a/0/0/5!/member_00834,0,/a/0/0/5,134,834,,18988,18989,3128,3129,1,dbc1b4c900ffe48d575b5da5c638040125f65db0fe3e24494b76ea986457d986,02,,,,,False,,,,,,,,,,False,False
/a/0/0/5,/a/0/0/5!/member_00835,0,/a/0/0/5,134,835,,18992,18993,3132,3133,1,dbc1b4c900ffe48d575b5da5c638040125f65db0fe3e24494b76ea986457d986,02,,,,,False,,,,,,,,,,False,False
/a/0/0/5,/a/0/0/5!/member_00836,0,/a/0/0/5,134,836,,18996,18997,3136,3137,1,4a64a107f0cb32536e5bce6c98c393db21cca7f4ea187ba8c4dca8b51d4ea80a,11,,Nintendo LZ11,Probable,,True,Nintendo LZ11,Probable,True,,,,,,,False,False
/a/0/0/5,/a/0/0/5!/member_00837,0,/a/0/0/5,134,837,,19000,19001,3140,3141,1,4a64a107f0cb32536e5bce6c98c393db21cca7f4ea187ba8c4dca8b51d4ea80a,11,,Nintendo LZ11,Probable,,True,Nintendo LZ11,Probable,True,,,,,,,False,False
/a/0/0/5,/a/0/0/5!/member_00838,0,/a/0/0/5,134,838,,19004,19005,3144,3145,1,2f0fd1e89b8de1d57292742ec380ea47066e307ad645f5bc3adad8a06ff58608,15,,,,,False,,,,,,,,,,False,False
/a/0/0/5,/a/0/0/5!/member_00839,0,/a/0/0/5,134,839,,19008,19009,3148,3149,1,2f0fd1e89b8de1d57292742ec380ea47066e307ad645f5bc3adad8a06ff58608,15,,,,,False,,,,,,,,,,False,False
/a/0/0/5,/a/0/0/5!/member_00840,0,/a/0/0/5,134,840,,19012,19013,3152,3153,1,01ba4719c80b6fe911b091a7c05124b64eeece964e09c058ef8f9805daca546b,0a,,,,,False,,,,,,,,,,False,False
/a/0/0/5,/a/0/0/5!/member_00841,0,/a/0/0/5,134,841,,19016,19017,3156,3157,1,01ba4719c80b6fe911b091a7c05124b64eeece964e09c058ef8f9805daca546b,0a,,,,,False,,,,,,,,,,False,False
/a/0/0/5,/a/0/0/5!/member_00842,0,/a/0/0/5,134,842,,19020,19021,3160,3161,1,9d1e0e2d9459d06523ad13e28a4093c2316baafe7aec5b25f30eba2e113599c4,0d,,,,,False,,,,,,,,,,False,False
/a/0/0/5,/a/0/0/5!/member_00843,0,/a/0/0/5,134,843,,19024,19025,3164,3165,1,9d1e0e2d9459d06523ad13e28a4093c2316baafe7aec5b25f30eba2e113599c4,0d,,,,,False,,,,,,,,,,False,False
/a/0/0/5,/a/0/0/5!/member_00844,0,/a/0/0/5,134,844,,19028,19029,3168,3169,1,beead77994cf573341ec17b58bbf7eb34d2711c993c1d976b128b3188dc1829a,08,,,,,False,,,,,,,,,,False,False
/a/0/0/5,/a/0/0/5!/member_00845,0,/a/0/0/5,134,845,,19032,19033,3172,3173,1,beead77994cf573341ec17b58bbf7eb34d2711c993c1d976b128b3188dc1829a,08,,,,,False,,,,,,,,,,False,False
/a/0/0/5,/a/0/0/5!/member_00846,0,/a/0/0/5,134,846,,19036,19037,3176,3177,1,452ba1ddef80246c48be7690193c76c1d61185906be9401014fe14f1be64b74f,18,,,,,False,,,,,,,,,,False,False
/a/0/0/5,/a/0/0/5!/member_00847,0,/a/0/0/5,134,847,,19040,19041,3180,3181,1,452ba1ddef80246c48be7690193c76c1d61185906be9401014fe14f1be64b74f,18,,,,,False,,,,,,,,,,False,False
/a/0/0/5,/a/0/0/5!/member_00848,0,/a/0/0/5,134,848,,19044,19045,3184,3185,1,67586e98fad27da0b9968bc039a1ef34c939b9b8e523a8bef89d478608c5ecf6,06,,,,,False,,,,,,,,,,False,False
/a/0/0/5,/a/0/0/5!/member_00849,0,/a/0/0/5,134,849,,19048,19049,3188,3189,1,67586e98fad27da0b9968bc039a1ef34c939b9b8e523a8bef89d478608c5ecf6,06,,,,,False,,,,,,,,,,False,False
/a/0/0/5,/a/0/0/5!/member_00850,0,/a/0/0/5,134,850,,19052,19053,3192,3193,1,e7cf46a078fed4fafd0b5e3aff144802b853f8ae459a4f0c14add3314b7cc3a6,0b,,,,,False,,,,,,,,,,False,False
/a/0/0/5,/a/0/0/5!/member_00851,0,/a/0/0/5,134,851,,19056,19057,3196,3197,1,e7cf46a078fed4fafd0b5e3aff144802b853f8ae459a4f0c14add3314b7cc3a6,0b,,,,,False,,,,,,,,,,False,False
/a/0/0/5,/a/0/0/5!/member_00852,0,/a/0/0/5,134,852,,19060,19061,3200,3201,1,4d7b3ef7300acf70c892d8327db8272f54434adbc61a4e130a563cb59a0d0f47,0e,,,,,False,,,,,,,,,,False,False
/a/0/0/5,/a/0/0/5!/member_00853,0,/a/0/0/5,134,853,,19064,19065,3204,3205,1,4d7b3ef7300acf70c892d8327db8272f54434adbc61a4e130a563cb59a0d0f47,0e,,,,,False,,,,,,,,,,False,False
/a/0/0/5,/a/0/0/5!/member_00854,0,/a/0/0/5,134,854,,19068,19069,3208,3209,1,f299791cddd3d6664f6670842812ef6053eb6501bd6282a476bbbf3ee91e750c,12,,,,,False,,,,,,,,,,False,False
/a/0/0/5,/a/0/0/5!/member_00855,0,/a/0/0/5,134,855,,19072,19073,3212,3213,1,f299791cddd3d6664f6670842812ef6053eb6501bd6282a476bbbf3ee91e750c,12,,,,,False,,,,,,,,,,False,False
/a/0/0/5,/a/0/0/5!/member_00856,0,/a/0/0/5,134,856,,19076,19077,3216,3217,1,084fed08b978af4d7d196a7446a86b58009e636b611db16211b65a9aadff29c5,03,,,,,False,,,,,,,,,,False,False
/a/0/0/5,/a/0/0/5!/member_00857,0,/a/0/0/5,134,857,,19080,19081,3220,3221,1,084fed08b978af4d7d196a7446a86b58009e636b611db16211b65a9aadff29c5,03,,,,,False,,,,,,,,,,False,False
/a/0/0/5,/a/0/0/5!/member_00858,0,/a/0/0/5,134,858,,19084,19085,3224,3225,1,beead77994cf573341ec17b58bbf7eb34d2711c993c1d976b128b3188dc1829a,08,,,,,False,,,,,,,,,,False,False
/a/0/0/5,/a/0/0/5!/member_00859,0,/a/0/0/5,134,859,,19088,19089,3228,3229,1,beead77994cf573341ec17b58bbf7eb34d2711c993c1d976b128b3188dc1829a,08,,,,,False,,,,,,,,,,False,False
/a/0/0/5,/a/0/0/5!/member_00860,0,/a/0/0/5,134,860,,19092,19093,3232,3233,1,084fed08b978af4d7d196a7446a86b58009e636b611db16211b65a9aadff29c5,03,,,,,False,,,,,,,,,,False,False
/a/0/0/5,/a/0/0/5!/member_00861,0,/a/0/0/5,134,861,,19096,19097,3236,3237,1,084fed08b978af4d7d196a7446a86b58009e636b611db16211b65a9aadff29c5,03,,,,,False,,,,,,,,,,False,False
/a/0/0/5,/a/0/0/5!/member_00862,0,/a/0/0/5,134,862,,19100,19101,3240,3241,1,c555eab45d08845ae9f10d452a99bfcb06f74a50b988fe7e48dd323789b88ee3,10,,Nintendo LZ10,Probable,,True,Nintendo LZ10,Probable,True,,,,,,,False,False
/a/0/0/5,/a/0/0/5!/member_00863,0,/a/0/0/5,134,863,,19104,19105,3244,3245,1,c555eab45d08845ae9f10d452a99bfcb06f74a50b988fe7e48dd323789b88ee3,10,,Nintendo LZ10,Probable,,True,Nintendo LZ10,Probable,True,,,,,,,False,False
/a/0/0/5,/a/0/0/5!/member_00864,0,/a/0/0/5,134,864,,19108,19109,3248,3249,1,e7cf46a078fed4fafd0b5e3aff144802b853f8ae459a4f0c14add3314b7cc3a6,0b,,,,,False,,,,,,,,,,False,False
/a/0/0/5,/a/0/0/5!/member_00865,0,/a/0/0/5,134,865,,19112,19113,3252,3253,1,e7cf46a078fed4fafd0b5e3aff144802b853f8ae459a4f0c14add3314b7cc3a6,0b,,,,,False,,,,,,,,,,False,False
/a/0/0/5,/a/0/0/5!/member_00866,0,/a/0/0/5,134,866,,19116,19117,3256,3257,1,2f0fd1e89b8de1d57292742ec380ea47066e307ad645f5bc3adad8a06ff58608,15,,,,,False,,,,,,,,,,False,False
/a/0/0/5,/a/0/0/5!/member_00867,0,/a/0/0/5,134,867,,19120,19121,3260,3261,1,2f0fd1e89b8de1d57292742ec380ea47066e307ad645f5bc3adad8a06ff58608,15,,,,,False,,,,,,,,,,False,False
/a/0/0/5,/a/0/0/5!/member_00868,0,/a/0/0/5,134,868,,19124,19125,3264,3265,1,084fed08b978af4d7d196a7446a86b58009e636b611db16211b65a9aadff29c5,03,,,,,False,,,,,,,,,,False,False
/a/0/0/5,/a/0/0/5!/member_00869,0,/a/0/0/5,134,869,,19128,19129,3268,3269,1,084fed08b978af4d7d196a7446a86b58009e636b611db16211b65a9aadff29c5,03,,,,,False,,,,,,,,,,False,False
/a/0/0/5,/a/0/0/5!/member_00870,0,/a/0/0/5,134,870,,19132,19133,3272,3273,1,67586e98fad27da0b9968bc039a1ef34c939b9b8e523a8bef89d478608c5ecf6,06,,,,,False,,,,,,,,,,False,False
/a/0/0/5,/a/0/0/5!/member_00871,0,/a/0/0/5,134,871,,19136,19137,3276,3277,1,67586e98fad27da0b9968bc039a1ef34c939b9b8e523a8bef89d478608c5ecf6,06,,,,,False,,,,,,,,,,False,False
/a/0/0/5,/a/0/0/5!/member_00872,0,/a/0/0/5,134,872,,19140,19141,3280,3281,1,beead77994cf573341ec17b58bbf7eb34d2711c993c1d976b128b3188dc1829a,08,,,,,False,,,,,,,,,,False,False
/a/0/0/5,/a/0/0/5!/member_00873,0,/a/0/0/5,134,873,,19144,19145,3284,3285,1,beead77994cf573341ec17b58bbf7eb34d2711c993c1d976b128b3188dc1829a,08,,,,,False,,,,,,,,,,False,False
/a/0/0/5,/a/0/0/5!/member_00874,0,/a/0/0/5,134,874,,19148,19149,3288,3289,1,83891d7fe85c33e52c8b4e5814c92fb6a3b9467299200538a6babaa8b452d879,14,,,,,False,,,,,,,,,,False,False
/a/0/0/5,/a/0/0/5!/member_00875,0,/a/0/0/5,134,875,,19152,19153,3292,3293,1,83891d7fe85c33e52c8b4e5814c92fb6a3b9467299200538a6babaa8b452d879,14,,,,,False,,,,,,,,,,False,False
/a/0/0/5,/a/0/0/5!/member_00876,0,/a/0/0/5,134,876,,19156,19157,3296,3297,1,2b4c342f5433ebe591a1da77e013d1b72475562d48578dca8b84bac6651c3cb9,09,,,,,False,,,,,,,,,,False,False
/a/0/0/5,/a/0/0/5!/member_00877,0,/a/0/0/5,134,877,,19160,19161,3300,3301,1,2b4c342f5433ebe591a1da77e013d1b72475562d48578dca8b84bac6651c3cb9,09,,,,,False,,,,,,,,,,False,False
/a/0/0/5,/a/0/0/5!/member_00878,0,/a/0/0/5,134,878,,19164,19165,3304,3305,1,ef6cbd2161eaea7943ce8693b9824d23d1793ffb1c0fca05b600d3899b44c977,0c,,,,,False,,,,,,,,,,False,False
/a/0/0/5,/a/0/0/5!/member_00879,0,/a/0/0/5,134,879,,19168,19169,3308,3309,1,ef6cbd2161eaea7943ce8693b9824d23d1793ffb1c0fca05b600d3899b44c977,0c,,,,,False,,,,,,,,,,False,False
/a/0/0/5,/a/0/0/5!/member_00880,0,/a/0/0/5,134,880,,19172,19173,3312,3313,1,8f11b05da785e43e713d03774c6bd3405d99cd3024af334ffd68db663aa37034,17,,,,,False,,,,,,,,,,False,False
/a/0/0/5,/a/0/0/5!/member_00881,0,/a/0/0/5,134,881,,19176,19177,3316,3317,1,8f11b05da785e43e713d03774c6bd3405d99cd3024af334ffd68db663aa37034,17,,,,,False,,,,,,,,,,False,False
/a/0/0/5,/a/0/0/5!/member_00882,0,/a/0/0/5,134,882,,19180,19181,3320,3321,1,1f18d650d205d71d934c3646ff5fac1c096ba52eba4cf758b865364f4167d3cd,1d,,,,,False,,,,,,,,,,False,False
/a/0/0/5,/a/0/0/5!/member_00883,0,/a/0/0/5,134,883,,19184,19185,3324,3325,1,1f18d650d205d71d934c3646ff5fac1c096ba52eba4cf758b865364f4167d3cd,1d,,,,,False,,,,,,,,,,False,False
/a/0/0/5,/a/0/0/5!/member_00884,0,/a/0/0/5,134,884,,19188,19189,3328,3329,1,01ba4719c80b6fe911b091a7c05124b64eeece964e09c058ef8f9805daca546b,0a,,,,,False,,,,,,,,,,False,False
/a/0/0/5,/a/0/0/5!/member_00885,0,/a/0/0/5,134,885,,19192,19193,3332,3333,1,01ba4719c80b6fe911b091a7c05124b64eeece964e09c058ef8f9805daca546b,0a,,,,,False,,,,,,,,,,False,False
/a/0/0/5,/a/0/0/5!/member_00886,0,/a/0/0/5,134,886,,19196,19197,3336,3337,1,9d1e0e2d9459d06523ad13e28a4093c2316baafe7aec5b25f30eba2e113599c4,0d,,,,,False,,,,,,,,,,False,False
/a/0/0/5,/a/0/0/5!/member_00887,0,/a/0/0/5,134,887,,19200,19201,3340,3341,1,9d1e0e2d9459d06523ad13e28a4093c2316baafe7aec5b25f30eba2e113599c4,0d,,,,,False,,,,,,,,,,False,False
/a/0/0/5,/a/0/0/5!/member_00888,0,/a/0/0/5,134,888,,19204,19205,3344,3345,1,01ba4719c80b6fe911b091a7c05124b64eeece964e09c058ef8f9805daca546b,0a,,,,,False,,,,,,,,,,False,False
/a/0/0/5,/a/0/0/5!/member_00889,0,/a/0/0/5,134,889,,19208,19209,3348,3349,1,01ba4719c80b6fe911b091a7c05124b64eeece964e09c058ef8f9805daca546b,0a,,,,,False,,,,,,,,,,False,False
/a/0/0/5,/a/0/0/5!/member_00890,0,/a/0/0/5,134,890,,19212,19213,3352,3353,1,83891d7fe85c33e52c8b4e5814c92fb6a3b9467299200538a6babaa8b452d879,14,,,,,False,,,,,,,,,,False,False
/a/0/0/5,/a/0/0/5!/member_00891,0,/a/0/0/5,134,891,,19216,19217,3356,3357,1,83891d7fe85c33e52c8b4e5814c92fb6a3b9467299200538a6babaa8b452d879,14,,,,,False,,,,,,,,,,False,False
/a/0/0/5,/a/0/0/5!/member_00892,0,/a/0/0/5,134,892,,19220,19221,3360,3361,1,dc0e9c3658a1a3ed1ec94274d8b19925c93e1abb7ddba294923ad9bde30f8cb8,0f,,,,,False,,,,,,,,,,False,False
/a/0/0/5,/a/0/0/5!/member_00893,0,/a/0/0/5,134,893,,19224,19225,3364,3365,1,dc0e9c3658a1a3ed1ec94274d8b19925c93e1abb7ddba294923ad9bde30f8cb8,0f,,,,,False,,,,,,,,,,False,False
/a/0/0/5,/a/0/0/5!/member_00894,0,/a/0/0/5,134,894,,19228,19229,3368,3369,1,7cb7c4547cf2653590d7a9ace60cc623d25148adfbc88a89aeb0ef88da7839ba,16,,,,,False,,,,,,,,,,False,False
/a/0/0/5,/a/0/0/5!/member_00895,0,/a/0/0/5,134,895,,19232,19233,3372,3373,1,7cb7c4547cf2653590d7a9ace60cc623d25148adfbc88a89aeb0ef88da7839ba,16,,,,,False,,,,,,,,,,False,False
/a/0/0/5,/a/0/0/5!/member_00896,0,/a/0/0/5,134,896,,19236,19237,3376,3377,1,01ba4719c80b6fe911b091a7c05124b64eeece964e09c058ef8f9805daca546b,0a,,,,,False,,,,,,,,,,False,False
/a/0/0/5,/a/0/0/5!/member_00897,0,/a/0/0/5,134,897,,19240,19241,3380,3381,1,2b4c342f5433ebe591a1da77e013d1b72475562d48578dca8b84bac6651c3cb9,09,,,,,False,,,,,,,,,,False,False
/a/0/0/5,/a/0/0/5!/member_00898,0,/a/0/0/5,134,898,,19244,19245,3384,3385,1,4a64a107f0cb32536e5bce6c98c393db21cca7f4ea187ba8c4dca8b51d4ea80a,11,,Nintendo LZ11,Probable,,True,Nintendo LZ11,Probable,True,,,,,,,False,False
/a/0/0/5,/a/0/0/5!/member_00899,0,/a/0/0/5,134,899,,19248,19249,3388,3389,1,4a64a107f0cb32536e5bce6c98c393db21cca7f4ea187ba8c4dca8b51d4ea80a,11,,Nintendo LZ11,Probable,,True,Nintendo LZ11,Probable,True,,,,,,,False,False
/a/0/0/5,/a/0/0/5!/member_00900,0,/a/0/0/5,134,900,,19252,19253,3392,3393,1,01ba4719c80b6fe911b091a7c05124b64eeece964e09c058ef8f9805daca546b,0a,,,,,False,,,,,,,,,,False,False
/a/0/0/5,/a/0/0/5!/member_00901,0,/a/0/0/5,134,901,,19256,19257,3396,3397,1,01ba4719c80b6fe911b091a7c05124b64eeece964e09c058ef8f9805daca546b,0a,,,,,False,,,,,,,,,,False,False
/a/0/0/5,/a/0/0/5!/member_00902,0,/a/0/0/5,134,902,,19260,19261,3400,3401,1,dc0e9c3658a1a3ed1ec94274d8b19925c93e1abb7ddba294923ad9bde30f8cb8,0f,,,,,False,,,,,,,,,,False,False
/a/0/0/5,/a/0/0/5!/member_00903,0,/a/0/0/5,134,903,,19264,19265,3404,3405,1,dc0e9c3658a1a3ed1ec94274d8b19925c93e1abb7ddba294923ad9bde30f8cb8,0f,,,,,False,,,,,,,,,,False,False
/a/0/0/5,/a/0/0/5!/member_00904,0,/a/0/0/5,134,904,,19268,19269,3408,3409,1,67586e98fad27da0b9968bc039a1ef34c939b9b8e523a8bef89d478608c5ecf6,06,,,,,False,,,,,,,,,,False,False
/a/0/0/5,/a/0/0/5!/member_00905,0,/a/0/0/5,134,905,,19272,19273,3412,3413,1,67586e98fad27da0b9968bc039a1ef34c939b9b8e523a8bef89d478608c5ecf6,06,,,,,False,,,,,,,,,,False,False
/a/0/0/5,/a/0/0/5!/member_00906,0,/a/0/0/5,134,906,,19276,19277,3416,3417,1,e7cf46a078fed4fafd0b5e3aff144802b853f8ae459a4f0c14add3314b7cc3a6,0b,,,,,False,,,,,,,,,,False,False
/a/0/0/5,/a/0/0/5!/member_00907,0,/a/0/0/5,134,907,,19280,19281,3420,3421,1,e7cf46a078fed4fafd0b5e3aff144802b853f8ae459a4f0c14add3314b7cc3a6,0b,,,,,False,,,,,,,,,,False,False
/a/0/0/5,/a/0/0/5!/member_00908,0,/a/0/0/5,134,908,,19284,19285,3424,3425,1,4bf5122f344554c53bde2ebb8cd2b7e3d1600ad631c385a5d7cce23c7785459a,01,,,,,False,,,,,,,,,,False,False
/a/0/0/5,/a/0/0/5!/member_00909,0,/a/0/0/5,134,909,,19288,19289,3428,3429,1,4bf5122f344554c53bde2ebb8cd2b7e3d1600ad631c385a5d7cce23c7785459a,01,,,,,False,,,,,,,,,,False,False
/a/0/0/5,/a/0/0/5!/member_00910,0,/a/0/0/5,134,910,,19292,19293,3432,3433,1,67586e98fad27da0b9968bc039a1ef34c939b9b8e523a8bef89d478608c5ecf6,06,,,,,False,,,,,,,,,,False,False
/a/0/0/5,/a/0/0/5!/member_00911,0,/a/0/0/5,134,911,,19296,19297,3436,3437,1,67586e98fad27da0b9968bc039a1ef34c939b9b8e523a8bef89d478608c5ecf6,06,,,,,False,,,,,,,,,,False,False
/a/0/0/5,/a/0/0/5!/member_00912,0,/a/0/0/5,134,912,,19300,19301,3440,3441,1,ef6cbd2161eaea7943ce8693b9824d23d1793ffb1c0fca05b600d3899b44c977,0c,,,,,False,,,,,,,,,,False,False
/a/0/0/5,/a/0/0/5!/member_00913,0,/a/0/0/5,134,913,,19304,19305,3444,3445,1,ef6cbd2161eaea7943ce8693b9824d23d1793ffb1c0fca05b600d3899b44c977,0c,,,,,False,,,,,,,,,,False,False
/a/0/0/5,/a/0/0/5!/member_00914,0,/a/0/0/5,134,914,,19308,19309,3448,3449,1,f299791cddd3d6664f6670842812ef6053eb6501bd6282a476bbbf3ee91e750c,12,,,,,False,,,,,,,,,,False,False
/a/0/0/5,/a/0/0/5!/member_00915,0,/a/0/0/5,134,915,,19312,19313,3452,3453,1,f299791cddd3d6664f6670842812ef6053eb6501bd6282a476bbbf3ee91e750c,12,,,,,False,,,,,,,,,,False,False
/a/0/0/5,/a/0/0/5!/member_00916,0,/a/0/0/5,134,916,,19316,19317,3456,3457,1,beead77994cf573341ec17b58bbf7eb34d2711c993c1d976b128b3188dc1829a,08,,,,,False,,,,,,,,,,False,False
/a/0/0/5,/a/0/0/5!/member_00917,0,/a/0/0/5,134,917,,19320,19321,3460,3461,1,beead77994cf573341ec17b58bbf7eb34d2711c993c1d976b128b3188dc1829a,08,,,,,False,,,,,,,,,,False,False
/a/0/0/5,/a/0/0/5!/member_00918,0,/a/0/0/5,134,918,,19324,19325,3464,3465,1,beead77994cf573341ec17b58bbf7eb34d2711c993c1d976b128b3188dc1829a,08,,,,,False,,,,,,,,,,False,False
/a/0/0/5,/a/0/0/5!/member_00919,0,/a/0/0/5,134,919,,19328,19329,3468,3469,1,beead77994cf573341ec17b58bbf7eb34d2711c993c1d976b128b3188dc1829a,08,,,,,False,,,,,,,,,,False,False
/a/0/0/5,/a/0/0/5!/member_00920,0,/a/0/0/5,134,920,,19332,19333,3472,3473,1,ca358758f6d27e6cf45272937977a748fd88391db679ceda7dc7bf1f005ee879,07,,,,,False,,,,,,,,,,False,False
/a/0/0/5,/a/0/0/5!/member_00921,0,/a/0/0/5,134,921,,19336,19337,3476,3477,1,ca358758f6d27e6cf45272937977a748fd88391db679ceda7dc7bf1f005ee879,07,,,,,False,,,,,,,,,,False,False
/a/0/0/5,/a/0/0/5!/member_00922,0,/a/0/0/5,134,922,,19340,19341,3480,3481,1,beead77994cf573341ec17b58bbf7eb34d2711c993c1d976b128b3188dc1829a,08,,,,,False,,,,,,,,,,False,False
/a/0/0/5,/a/0/0/5!/member_00923,0,/a/0/0/5,134,923,,19344,19345,3484,3485,1,beead77994cf573341ec17b58bbf7eb34d2711c993c1d976b128b3188dc1829a,08,,,,,False,,,,,,,,,,False,False
/a/0/0/5,/a/0/0/5!/member_00924,0,/a/0/0/5,134,924,,19348,19349,3488,3489,1,c555eab45d08845ae9f10d452a99bfcb06f74a50b988fe7e48dd323789b88ee3,10,,Nintendo LZ10,Probable,,True,Nintendo LZ10,Probable,True,,,,,,,False,False
/a/0/0/5,/a/0/0/5!/member_00925,0,/a/0/0/5,134,925,,19352,19353,3492,3493,1,c555eab45d08845ae9f10d452a99bfcb06f74a50b988fe7e48dd323789b88ee3,10,,Nintendo LZ10,Probable,,True,Nintendo LZ10,Probable,True,,,,,,,False,False
/a/0/0/5,/a/0/0/5!/member_00926,0,/a/0/0/5,134,926,,19356,19357,3496,3497,1,8f11b05da785e43e713d03774c6bd3405d99cd3024af334ffd68db663aa37034,17,,,,,False,,,,,,,,,,False,False
/a/0/0/5,/a/0/0/5!/member_00927,0,/a/0/0/5,134,927,,19360,19361,3500,3501,1,8f11b05da785e43e713d03774c6bd3405d99cd3024af334ffd68db663aa37034,17,,,,,False,,,,,,,,,,False,False
/a/0/0/5,/a/0/0/5!/member_00928,0,/a/0/0/5,134,928,,19364,19365,3504,3505,1,ef6cbd2161eaea7943ce8693b9824d23d1793ffb1c0fca05b600d3899b44c977,0c,,,,,False,,,,,,,,,,False,False
/a/0/0/5,/a/0/0/5!/member_00929,0,/a/0/0/5,134,929,,19368,19369,3508,3509,1,ef6cbd2161eaea7943ce8693b9824d23d1793ffb1c0fca05b600d3899b44c977,0c,,,,,False,,,,,,,,,,False,False
/a/0/0/5,/a/0/0/5!/member_00930,0,/a/0/0/5,134,930,,19372,19373,3512,3513,1,c555eab45d08845ae9f10d452a99bfcb06f74a50b988fe7e48dd323789b88ee3,10,,Nintendo LZ10,Probable,,True,Nintendo LZ10,Probable,True,,,,,,,False,False
/a/0/0/5,/a/0/0/5!/member_00931,0,/a/0/0/5,134,931,,19376,19377,3516,3517,1,c555eab45d08845ae9f10d452a99bfcb06f74a50b988fe7e48dd323789b88ee3,10,,Nintendo LZ10,Probable,,True,Nintendo LZ10,Probable,True,,,,,,,False,False
/a/0/0/5,/a/0/0/5!/member_00932,0,/a/0/0/5,134,932,,19380,19380,3520,3520,0,e3b0c44298fc1c149afbf4c8996fb92427ae41e4649b934ca495991b7852b855,,,,,,False,,,,,,,,,,False,False
/a/0/0/5,/a/0/0/5!/member_00933,0,/a/0/0/5,134,933,,19380,19381,3520,3521,1,4d7b3ef7300acf70c892d8327db8272f54434adbc61a4e130a563cb59a0d0f47,0e,,,,,False,,,,,,,,,,False,False
/a/0/0/5,/a/0/0/5!/member_00934,0,/a/0/0/5,134,934,,19384,19384,3524,3524,0,e3b0c44298fc1c149afbf4c8996fb92427ae41e4649b934ca495991b7852b855,,,,,,False,,,,,,,,,,False,False
/a/0/0/5,/a/0/0/5!/member_00935,0,/a/0/0/5,134,935,,19384,19385,3524,3525,1,8f11b05da785e43e713d03774c6bd3405d99cd3024af334ffd68db663aa37034,17,,,,,False,,,,,,,,,,False,False
/a/0/0/5,/a/0/0/5!/member_00936,0,/a/0/0/5,134,936,,19388,19389,3528,3529,1,4bf5122f344554c53bde2ebb8cd2b7e3d1600ad631c385a5d7cce23c7785459a,01,,,,,False,,,,,,,,,,False,False
/a/0/0/5,/a/0/0/5!/member_00937,0,/a/0/0/5,134,937,,19392,19393,3532,3533,1,4bf5122f344554c53bde2ebb8cd2b7e3d1600ad631c385a5d7cce23c7785459a,01,,,,,False,,,,,,,,,,False,False
/a/0/0/5,/a/0/0/5!/member_00938,0,/a/0/0/5,134,938,,19396,19397,3536,3537,1,e52d9c508c502347344d8c07ad91cbd6068afc75ff6292f062a09ca381c89e71,04,,,,,False,,,,,,,,,,False,False
/a/0/0/5,/a/0/0/5!/member_00939,0,/a/0/0/5,134,939,,19400,19401,3540,3541,1,e52d9c508c502347344d8c07ad91cbd6068afc75ff6292f062a09ca381c89e71,04,,,,,False,,,,,,,,,,False,False
/a/0/0/5,/a/0/0/5!/member_00940,0,/a/0/0/5,134,940,,19404,19405,3544,3545,1,e7cf46a078fed4fafd0b5e3aff144802b853f8ae459a4f0c14add3314b7cc3a6,0b,,,,,False,,,,,,,,,,False,False
/a/0/0/5,/a/0/0/5!/member_00941,0,/a/0/0/5,134,941,,19408,19409,3548,3549,1,e7cf46a078fed4fafd0b5e3aff144802b853f8ae459a4f0c14add3314b7cc3a6,0b,,,,,False,,,,,,,,,,False,False
/a/0/0/5,/a/0/0/5!/member_00942,0,/a/0/0/5,134,942,,19412,19413,3552,3553,1,c555eab45d08845ae9f10d452a99bfcb06f74a50b988fe7e48dd323789b88ee3,10,,Nintendo LZ10,Probable,,True,Nintendo LZ10,Probable,True,,,,,,,False,False
/a/0/0/5,/a/0/0/5!/member_00943,0,/a/0/0/5,134,943,,19416,19417,3556,3557,1,c555eab45d08845ae9f10d452a99bfcb06f74a50b988fe7e48dd323789b88ee3,10,,Nintendo LZ10,Probable,,True,Nintendo LZ10,Probable,True,,,,,,,False,False
/a/0/0/5,/a/0/0/5!/member_00944,0,/a/0/0/5,134,944,,19420,19420,3560,3560,0,e3b0c44298fc1c149afbf4c8996fb92427ae41e4649b934ca495991b7852b855,,,,,,False,,,,,,,,,,False,False
/a/0/0/5,/a/0/0/5!/member_00945,0,/a/0/0/5,134,945,,19420,19421,3560,3561,1,ef6cbd2161eaea7943ce8693b9824d23d1793ffb1c0fca05b600d3899b44c977,0c,,,,,False,,,,,,,,,,False,False
/a/0/0/5,/a/0/0/5!/member_00946,0,/a/0/0/5,134,946,,19424,19424,3564,3564,0,e3b0c44298fc1c149afbf4c8996fb92427ae41e4649b934ca495991b7852b855,,,,,,False,,,,,,,,,,False,False
/a/0/0/5,/a/0/0/5!/member_00947,0,/a/0/0/5,134,947,,19424,19425,3564,3565,1,4a64a107f0cb32536e5bce6c98c393db21cca7f4ea187ba8c4dca8b51d4ea80a,11,,Nintendo LZ11,Probable,,True,Nintendo LZ11,Probable,True,,,,,,,False,False
/a/0/0/5,/a/0/0/5!/member_00948,0,/a/0/0/5,134,948,,19428,19428,3568,3568,0,e3b0c44298fc1c149afbf4c8996fb92427ae41e4649b934ca495991b7852b855,,,,,,False,,,,,,,,,,False,False
/a/0/0/5,/a/0/0/5!/member_00949,0,/a/0/0/5,134,949,,19428,19429,3568,3569,1,ca358758f6d27e6cf45272937977a748fd88391db679ceda7dc7bf1f005ee879,07,,,,,False,,,,,,,,,,False,False
/a/0/0/5,/a/0/0/5!/member_00950,0,/a/0/0/5,134,950,,19432,19432,3572,3572,0,e3b0c44298fc1c149afbf4c8996fb92427ae41e4649b934ca495991b7852b855,,,,,,False,,,,,,,,,,False,False
/a/0/0/5,/a/0/0/5!/member_00951,0,/a/0/0/5,134,951,,19432,19433,3572,3573,1,dc0e9c3658a1a3ed1ec94274d8b19925c93e1abb7ddba294923ad9bde30f8cb8,0f,,,,,False,,,,,,,,,,False,False
/a/0/0/5,/a/0/0/5!/member_00952,0,/a/0/0/5,134,952,,19436,19437,3576,3577,1,e7cf46a078fed4fafd0b5e3aff144802b853f8ae459a4f0c14add3314b7cc3a6,0b,,,,,False,,,,,,,,,,False,False
/a/0/0/5,/a/0/0/5!/member_00953,0,/a/0/0/5,134,953,,19440,19440,3580,3580,0,e3b0c44298fc1c149afbf4c8996fb92427ae41e4649b934ca495991b7852b855,,,,,,False,,,,,,,,,,False,False
/a/0/0/5,/a/0/0/5!/member_00954,0,/a/0/0/5,134,954,,19440,19441,3580,3581,1,2f0fd1e89b8de1d57292742ec380ea47066e307ad645f5bc3adad8a06ff58608,15,,,,,False,,,,,,,,,,False,False
/a/0/0/5,/a/0/0/5!/member_00955,0,/a/0/0/5,134,955,,19444,19444,3584,3584,0,e3b0c44298fc1c149afbf4c8996fb92427ae41e4649b934ca495991b7852b855,,,,,,False,,,,,,,,,,False,False
/a/0/0/5,/a/0/0/5!/member_00956,0,/a/0/0/5,134,956,,19444,19445,3584,3585,1,9d1e0e2d9459d06523ad13e28a4093c2316baafe7aec5b25f30eba2e113599c4,0d,,,,,False,,,,,,,,,,False,False
/a/0/0/5,/a/0/0/5!/member_00957,0,/a/0/0/5,134,957,,19448,19449,3588,3589,1,9d1e0e2d9459d06523ad13e28a4093c2316baafe7aec5b25f30eba2e113599c4,0d,,,,,False,,,,,,,,,,False,False
/a/0/0/5,/a/0/0/5!/member_00958,0,/a/0/0/5,134,958,,19452,19453,3592,3593,1,83891d7fe85c33e52c8b4e5814c92fb6a3b9467299200538a6babaa8b452d879,14,,,,,False,,,,,,,,,,False,False
/a/0/0/5,/a/0/0/5!/member_00959,0,/a/0/0/5,134,959,,19456,19457,3596,3597,1,83891d7fe85c33e52c8b4e5814c92fb6a3b9467299200538a6babaa8b452d879,14,,,,,False,,,,,,,,,,False,False
/a/0/0/5,/a/0/0/5!/member_00960,0,/a/0/0/5,134,960,,19460,19461,3600,3601,1,9d1e0e2d9459d06523ad13e28a4093c2316baafe7aec5b25f30eba2e113599c4,0d,,,,,False,,,,,,,,,,False,False
/a/0/0/5,/a/0/0/5!/member_00961,0,/a/0/0/5,134,961,,19464,19465,3604,3605,1,9d1e0e2d9459d06523ad13e28a4093c2316baafe7aec5b25f30eba2e113599c4,0d,,,,,False,,,,,,,,,,False,False
/a/0/0/5,/a/0/0/5!/member_00962,0,/a/0/0/5,134,962,,19468,19469,3608,3609,1,83891d7fe85c33e52c8b4e5814c92fb6a3b9467299200538a6babaa8b452d879,14,,,,,False,,,,,,,,,,False,False
/a/0/0/5,/a/0/0/5!/member_00963,0,/a/0/0/5,134,963,,19472,19473,3612,3613,1,83891d7fe85c33e52c8b4e5814c92fb6a3b9467299200538a6babaa8b452d879,14,,,,,False,,,,,,,,,,False,False
/a/0/0/5,/a/0/0/5!/member_00964,0,/a/0/0/5,134,964,,19476,19477,3616,3617,1,ca358758f6d27e6cf45272937977a748fd88391db679ceda7dc7bf1f005ee879,07,,,,,False,,,,,,,,,,False,False
/a/0/0/5,/a/0/0/5!/member_00965,0,/a/0/0/5,134,965,,19480,19480,3620,3620,0,e3b0c44298fc1c149afbf4c8996fb92427ae41e4649b934ca495991b7852b855,,,,,,False,,,,,,,,,,False,False
/a/0/0/5,/a/0/0/5!/member_00966,0,/a/0/0/5,134,966,,19480,19481,3620,3621,1,c555eab45d08845ae9f10d452a99bfcb06f74a50b988fe7e48dd323789b88ee3,10,,Nintendo LZ10,Probable,,True,Nintendo LZ10,Probable,True,,,,,,,False,False
/a/0/0/5,/a/0/0/5!/member_00967,0,/a/0/0/5,134,967,,19484,19484,3624,3624,0,e3b0c44298fc1c149afbf4c8996fb92427ae41e4649b934ca495991b7852b855,,,,,,False,,,,,,,,,,False,False
/a/0/0/5,/a/0/0/5!/member_00968,0,/a/0/0/5,134,968,,19484,19485,3624,3625,1,83891d7fe85c33e52c8b4e5814c92fb6a3b9467299200538a6babaa8b452d879,14,,,,,False,,,,,,,,,,False,False
/a/0/0/5,/a/0/0/5!/member_00969,0,/a/0/0/5,134,969,,19488,19488,3628,3628,0,e3b0c44298fc1c149afbf4c8996fb92427ae41e4649b934ca495991b7852b855,,,,,,False,,,,,,,,,,False,False
/a/0/0/5,/a/0/0/5!/member_00970,0,/a/0/0/5,134,970,,19488,19489,3628,3629,1,e7cf46a078fed4fafd0b5e3aff144802b853f8ae459a4f0c14add3314b7cc3a6,0b,,,,,False,,,,,,,,,,False,False
/a/0/0/5,/a/0/0/5!/member_00971,0,/a/0/0/5,134,971,,19492,19492,3632,3632,0,e3b0c44298fc1c149afbf4c8996fb92427ae41e4649b934ca495991b7852b855,,,,,,False,,,,,,,,,,False,False
/a/0/0/5,/a/0/0/5!/member_00972,0,/a/0/0/5,134,972,,19492,19492,3632,3632,0,e3b0c44298fc1c149afbf4c8996fb92427ae41e4649b934ca495991b7852b855,,,,,,False,,,,,,,,,,False,False
/a/0/0/5,/a/0/0/5!/member_00973,0,/a/0/0/5,134,973,,19492,19493,3632,3633,1,beead77994cf573341ec17b58bbf7eb34d2711c993c1d976b128b3188dc1829a,08,,,,,False,,,,,,,,,,False,False
/a/0/0/5,/a/0/0/5!/member_00974,0,/a/0/0/5,134,974,,19496,19496,3636,3636,0,e3b0c44298fc1c149afbf4c8996fb92427ae41e4649b934ca495991b7852b855,,,,,,False,,,,,,,,,,False,False
/a/0/0/5,/a/0/0/5!/member_00975,0,/a/0/0/5,134,975,,19496,19497,3636,3637,1,2b4c342f5433ebe591a1da77e013d1b72475562d48578dca8b84bac6651c3cb9,09,,,,,False,,,,,,,,,,False,False
/a/0/0/5,/a/0/0/5!/member_00976,0,/a/0/0/5,134,976,,19500,19500,3640,3640,0,e3b0c44298fc1c149afbf4c8996fb92427ae41e4649b934ca495991b7852b855,,,,,,False,,,,,,,,,,False,False
/a/0/0/5,/a/0/0/5!/member_00977,0,/a/0/0/5,134,977,,19500,19501,3640,3641,1,9d1e0e2d9459d06523ad13e28a4093c2316baafe7aec5b25f30eba2e113599c4,0d,,,,,False,,,,,,,,,,False,False
/a/0/0/5,/a/0/0/5!/member_00978,0,/a/0/0/5,134,978,,19504,19504,3644,3644,0,e3b0c44298fc1c149afbf4c8996fb92427ae41e4649b934ca495991b7852b855,,,,,,False,,,,,,,,,,False,False
/a/0/0/5,/a/0/0/5!/member_00979,0,/a/0/0/5,134,979,,19504,19505,3644,3645,1,e77b9a9ae9e30b0dbdb6f510a264ef9de781501d7b6b92ae89eb059c5ab743db,05,,,,,False,,,,,,,,,,False,False
/a/0/0/5,/a/0/0/5!/member_00980,0,/a/0/0/5,134,980,,19508,19508,3648,3648,0,e3b0c44298fc1c149afbf4c8996fb92427ae41e4649b934ca495991b7852b855,,,,,,False,,,,,,,,,,False,False
/a/0/0/5,/a/0/0/5!/member_00981,0,/a/0/0/5,134,981,,19508,19509,3648,3649,1,6e340b9cffb37a989ca544e6bb780a2c78901d3fb33738768511a30617afa01d,00,,,,,False,,,,,,,,,,False,False
/a/0/0/5,/a/0/0/5!/member_00982,0,/a/0/0/5,134,982,,19512,19512,3652,3652,0,e3b0c44298fc1c149afbf4c8996fb92427ae41e4649b934ca495991b7852b855,,,,,,False,,,,,,,,,,False,False
/a/0/0/5,/a/0/0/5!/member_00983,0,/a/0/0/5,134,983,,19512,19513,3652,3653,1,67586e98fad27da0b9968bc039a1ef34c939b9b8e523a8bef89d478608c5ecf6,06,,,,,False,,,,,,,,,,False,False
/a/0/0/5,/a/0/0/5!/member_00984,0,/a/0/0/5,134,984,,19516,19517,3656,3657,1,ca358758f6d27e6cf45272937977a748fd88391db679ceda7dc7bf1f005ee879,07,,,,,False,,,,,,,,,,False,False
/a/0/0/5,/a/0/0/5!/member_00985,0,/a/0/0/5,134,985,,19520,19521,3660,3661,1,ca358758f6d27e6cf45272937977a748fd88391db679ceda7dc7bf1f005ee879,07,,,,,False,,,,,,,,,,False,False
/a/0/0/5,/a/0/0/5!/member_00986,0,/a/0/0/5,134,986,,19524,19525,3664,3665,1,f299791cddd3d6664f6670842812ef6053eb6501bd6282a476bbbf3ee91e750c,12,,,,,False,,,,,,,,,,False,False
/a/0/0/5,/a/0/0/5!/member_00987,0,/a/0/0/5,134,987,,19528,19529,3668,3669,1,f299791cddd3d6664f6670842812ef6053eb6501bd6282a476bbbf3ee91e750c,12,,,,,False,,,,,,,,,,False,False
/a/0/0/5,/a/0/0/5!/member_00988,0,/a/0/0/5,134,988,,19532,19533,3672,3673,1,2b4c342f5433ebe591a1da77e013d1b72475562d48578dca8b84bac6651c3cb9,09,,,,,False,,,,,,,,,,False,False
/a/0/0/5,/a/0/0/5!/member_00989,0,/a/0/0/5,134,989,,19536,19537,3676,3677,1,2b4c342f5433ebe591a1da77e013d1b72475562d48578dca8b84bac6651c3cb9,09,,,,,False,,,,,,,,,,False,False
/a/0/0/5,/a/0/0/5!/member_00990,0,/a/0/0/5,134,990,,19540,19541,3680,3681,1,f299791cddd3d6664f6670842812ef6053eb6501bd6282a476bbbf3ee91e750c,12,,,,,False,,,,,,,,,,False,False
/a/0/0/5,/a/0/0/5!/member_00991,0,/a/0/0/5,134,991,,19544,19545,3684,3685,1,f299791cddd3d6664f6670842812ef6053eb6501bd6282a476bbbf3ee91e750c,12,,,,,False,,,,,,,,,,False,False
/a/0/0/5,/a/0/0/5!/member_00992,0,/a/0/0/5,134,992,,19548,19549,3688,3689,1,dbc1b4c900ffe48d575b5da5c638040125f65db0fe3e24494b76ea986457d986,02,,,,,False,,,,,,,,,,False,False
/a/0/0/5,/a/0/0/5!/member_00993,0,/a/0/0/5,134,993,,19552,19553,3692,3693,1,dbc1b4c900ffe48d575b5da5c638040125f65db0fe3e24494b76ea986457d986,02,,,,,False,,,,,,,,,,False,False
/a/0/0/5,/a/0/0/5!/member_00994,0,/a/0/0/5,134,994,,19556,19557,3696,3697,1,e77b9a9ae9e30b0dbdb6f510a264ef9de781501d7b6b92ae89eb059c5ab743db,05,,,,,False,,,,,,,,,,False,False
/a/0/0/5,/a/0/0/5!/member_00995,0,/a/0/0/5,134,995,,19560,19561,3700,3701,1,e77b9a9ae9e30b0dbdb6f510a264ef9de781501d7b6b92ae89eb059c5ab743db,05,,,,,False,,,,,,,,,,False,False
/a/0/0/5,/a/0/0/5!/member_00996,0,/a/0/0/5,134,996,,19564,19564,3704,3704,0,e3b0c44298fc1c149afbf4c8996fb92427ae41e4649b934ca495991b7852b855,,,,,,False,,,,,,,,,,False,False
/a/0/0/5,/a/0/0/5!/member_00997,0,/a/0/0/5,134,997,,19564,19565,3704,3705,1,6e340b9cffb37a989ca544e6bb780a2c78901d3fb33738768511a30617afa01d,00,,,,,False,,,,,,,,,,False,False
/a/0/0/5,/a/0/0/5!/member_00998,0,/a/0/0/5,134,998,,19568,19568,3708,3708,0,e3b0c44298fc1c149afbf4c8996fb92427ae41e4649b934ca495991b7852b855,,,,,,False,,,,,,,,,,False,False
/a/0/0/5,/a/0/0/5!/member_00999,0,/a/0/0/5,134,999,,19568,19569,3708,3709,1,084fed08b978af4d7d196a7446a86b58009e636b611db16211b65a9aadff29c5,03,,,,,False,,,,,,,,,,False,False
/a/0/0/5,/a/0/0/5!/member_01000,0,/a/0/0/5,134,1000,,19572,19572,3712,3712,0,e3b0c44298fc1c149afbf4c8996fb92427ae41e4649b934ca495991b7852b855,,,,,,False,,,,,,,,,,False,False
/a/0/0/5,/a/0/0/5!/member_01001,0,/a/0/0/5,134,1001,,19572,19573,3712,3713,1,dbc1b4c900ffe48d575b5da5c638040125f65db0fe3e24494b76ea986457d986,02,,,,,False,,,,,,,,,,False,False
/a/0/0/5,/a/0/0/5!/member_01002,0,/a/0/0/5,134,1002,,19576,19576,3716,3716,0,e3b0c44298fc1c149afbf4c8996fb92427ae41e4649b934ca495991b7852b855,,,,,,False,,,,,,,,,,False,False
/a/0/0/5,/a/0/0/5!/member_01003,0,/a/0/0/5,134,1003,,19576,19577,3716,3717,1,6e340b9cffb37a989ca544e6bb780a2c78901d3fb33738768511a30617afa01d,00,,,,,False,,,,,,,,,,False,False
/a/0/0/5,/a/0/0/5!/member_01004,0,/a/0/0/5,134,1004,,19580,19580,3720,3720,0,e3b0c44298fc1c149afbf4c8996fb92427ae41e4649b934ca495991b7852b855,,,,,,False,,,,,,,,,,False,False
/a/0/0/5,/a/0/0/5!/member_01005,0,/a/0/0/5,134,1005,,19580,19581,3720,3721,1,2b4c342f5433ebe591a1da77e013d1b72475562d48578dca8b84bac6651c3cb9,09,,,,,False,,,,,,,,,,False,False
/a/0/0/5,/a/0/0/5!/member_01006,0,/a/0/0/5,134,1006,,19584,19584,3724,3724,0,e3b0c44298fc1c149afbf4c8996fb92427ae41e4649b934ca495991b7852b855,,,,,,False,,,,,,,,,,False,False
/a/0/0/5,/a/0/0/5!/member_01007,0,/a/0/0/5,134,1007,,19584,19585,3724,3725,1,83891d7fe85c33e52c8b4e5814c92fb6a3b9467299200538a6babaa8b452d879,14,,,,,False,,,,,,,,,,False,False
/a/0/0/5,/a/0/0/5!/member_01008,0,/a/0/0/5,134,1008,,19588,19589,3728,3729,1,ef6cbd2161eaea7943ce8693b9824d23d1793ffb1c0fca05b600d3899b44c977,0c,,,,,False,,,,,,,,,,False,False
/a/0/0/5,/a/0/0/5!/member_01009,0,/a/0/0/5,134,1009,,19592,19593,3732,3733,1,ef6cbd2161eaea7943ce8693b9824d23d1793ffb1c0fca05b600d3899b44c977,0c,,,,,False,,,,,,,,,,False,False
/a/0/0/5,/a/0/0/5!/member_01010,0,/a/0/0/5,134,1010,,19596,19597,3736,3737,1,dc0e9c3658a1a3ed1ec94274d8b19925c93e1abb7ddba294923ad9bde30f8cb8,0f,,,,,False,,,,,,,,,,False,False
/a/0/0/5,/a/0/0/5!/member_01011,0,/a/0/0/5,134,1011,,19600,19601,3740,3741,1,dc0e9c3658a1a3ed1ec94274d8b19925c93e1abb7ddba294923ad9bde30f8cb8,0f,,,,,False,,,,,,,,,,False,False
/a/0/0/5,/a/0/0/5!/member_01012,0,/a/0/0/5,134,1012,,19604,19605,3744,3745,1,beead77994cf573341ec17b58bbf7eb34d2711c993c1d976b128b3188dc1829a,08,,,,,False,,,,,,,,,,False,False
/a/0/0/5,/a/0/0/5!/member_01013,0,/a/0/0/5,134,1013,,19608,19609,3748,3749,1,beead77994cf573341ec17b58bbf7eb34d2711c993c1d976b128b3188dc1829a,08,,,,,False,,,,,,,,,,False,False
/a/0/0/5,/a/0/0/5!/member_01014,0,/a/0/0/5,134,1014,,19612,19613,3752,3753,1,e7cf46a078fed4fafd0b5e3aff144802b853f8ae459a4f0c14add3314b7cc3a6,0b,,,,,False,,,,,,,,,,False,False
/a/0/0/5,/a/0/0/5!/member_01015,0,/a/0/0/5,134,1015,,19616,19617,3756,3757,1,e7cf46a078fed4fafd0b5e3aff144802b853f8ae459a4f0c14add3314b7cc3a6,0b,,,,,False,,,,,,,,,,False,False
/a/0/0/5,/a/0/0/5!/member_01016,0,/a/0/0/5,134,1016,,19620,19621,3760,3761,1,beead77994cf573341ec17b58bbf7eb34d2711c993c1d976b128b3188dc1829a,08,,,,,False,,,,,,,,,,False,False
/a/0/0/5,/a/0/0/5!/member_01017,0,/a/0/0/5,134,1017,,19624,19625,3764,3765,1,beead77994cf573341ec17b58bbf7eb34d2711c993c1d976b128b3188dc1829a,08,,,,,False,,,,,,,,,,False,False
/a/0/0/5,/a/0/0/5!/member_01018,0,/a/0/0/5,134,1018,,19628,19629,3768,3769,1,ca358758f6d27e6cf45272937977a748fd88391db679ceda7dc7bf1f005ee879,07,,,,,False,,,,,,,,,,False,False
/a/0/0/5,/a/0/0/5!/member_01019,0,/a/0/0/5,134,1019,,19632,19633,3772,3773,1,ca358758f6d27e6cf45272937977a748fd88391db679ceda7dc7bf1f005ee879,07,,,,,False,,,,,,,,,,False,False
/a/0/0/5,/a/0/0/5!/member_01020,0,/a/0/0/5,134,1020,,19636,19637,3776,3777,1,9d1e0e2d9459d06523ad13e28a4093c2316baafe7aec5b25f30eba2e113599c4,0d,,,,,False,,,,,,,,,,False,False
/a/0/0/5,/a/0/0/5!/member_01021,0,/a/0/0/5,134,1021,,19640,19641,3780,3781,1,9d1e0e2d9459d06523ad13e28a4093c2316baafe7aec5b25f30eba2e113599c4,0d,,,,,False,,,,,,,,,,False,False
/a/0/0/5,/a/0/0/5!/member_01022,0,/a/0/0/5,134,1022,,19644,19645,3784,3785,1,f299791cddd3d6664f6670842812ef6053eb6501bd6282a476bbbf3ee91e750c,12,,,,,False,,,,,,,,,,False,False
/a/0/0/5,/a/0/0/5!/member_01023,0,/a/0/0/5,134,1023,,19648,19649,3788,3789,1,f299791cddd3d6664f6670842812ef6053eb6501bd6282a476bbbf3ee91e750c,12,,,,,False,,,,,,,,,,False,False
/a/0/0/5,/a/0/0/5!/member_01024,0,/a/0/0/5,134,1024,,19652,19653,3792,3793,1,6e340b9cffb37a989ca544e6bb780a2c78901d3fb33738768511a30617afa01d,00,,,,,False,,,,,,,,,,False,False
/a/0/0/5,/a/0/0/5!/member_01025,0,/a/0/0/5,134,1025,,19656,19657,3796,3797,1,6e340b9cffb37a989ca544e6bb780a2c78901d3fb33738768511a30617afa01d,00,,,,,False,,,,,,,,,,False,False
/a/0/0/5,/a/0/0/5!/member_01026,0,/a/0/0/5,134,1026,,19660,19661,3800,3801,1,e7cf46a078fed4fafd0b5e3aff144802b853f8ae459a4f0c14add3314b7cc3a6,0b,,,,,False,,,,,,,,,,False,False
/a/0/0/5,/a/0/0/5!/member_01027,0,/a/0/0/5,134,1027,,19664,19665,3804,3805,1,2b4c342f5433ebe591a1da77e013d1b72475562d48578dca8b84bac6651c3cb9,09,,,,,False,,,,,,,,,,False,False
/a/0/0/5,/a/0/0/5!/member_01028,0,/a/0/0/5,134,1028,,19668,19669,3808,3809,1,6e340b9cffb37a989ca544e6bb780a2c78901d3fb33738768511a30617afa01d,00,,,,,False,,,,,,,,,,False,False
/a/0/0/5,/a/0/0/5!/member_01029,0,/a/0/0/5,134,1029,,19672,19673,3812,3813,1,6e340b9cffb37a989ca544e6bb780a2c78901d3fb33738768511a30617afa01d,00,,,,,False,,,,,,,,,,False,False
/a/0/0/5,/a/0/0/5!/member_01030,0,/a/0/0/5,134,1030,,19676,19677,3816,3817,1,e77b9a9ae9e30b0dbdb6f510a264ef9de781501d7b6b92ae89eb059c5ab743db,05,,,,,False,,,,,,,,,,False,False
/a/0/0/5,/a/0/0/5!/member_01031,0,/a/0/0/5,134,1031,,19680,19681,3820,3821,1,e52d9c508c502347344d8c07ad91cbd6068afc75ff6292f062a09ca381c89e71,04,,,,,False,,,,,,,,,,False,False
/a/0/0/5,/a/0/0/5!/member_01032,0,/a/0/0/5,134,1032,,19684,19685,3824,3825,1,9d1e0e2d9459d06523ad13e28a4093c2316baafe7aec5b25f30eba2e113599c4,0d,,,,,False,,,,,,,,,,False,False
/a/0/0/5,/a/0/0/5!/member_01033,0,/a/0/0/5,134,1033,,19688,19689,3828,3829,1,9d1e0e2d9459d06523ad13e28a4093c2316baafe7aec5b25f30eba2e113599c4,0d,,,,,False,,,,,,,,,,False,False
/a/0/0/5,/a/0/0/5!/member_01034,0,/a/0/0/5,134,1034,,19692,19693,3832,3833,1,83891d7fe85c33e52c8b4e5814c92fb6a3b9467299200538a6babaa8b452d879,14,,,,,False,,,,,,,,,,False,False
/a/0/0/5,/a/0/0/5!/member_01035,0,/a/0/0/5,134,1035,,19696,19697,3836,3837,1,83891d7fe85c33e52c8b4e5814c92fb6a3b9467299200538a6babaa8b452d879,14,,,,,False,,,,,,,,,,False,False
/a/0/0/5,/a/0/0/5!/member_01036,0,/a/0/0/5,134,1036,,19700,19701,3840,3841,1,6e340b9cffb37a989ca544e6bb780a2c78901d3fb33738768511a30617afa01d,00,,,,,False,,,,,,,,,,False,False
/a/0/0/5,/a/0/0/5!/member_01037,0,/a/0/0/5,134,1037,,19704,19705,3844,3845,1,6e340b9cffb37a989ca544e6bb780a2c78901d3fb33738768511a30617afa01d,00,,,,,False,,,,,,,,,,False,False
/a/0/0/5,/a/0/0/5!/member_01038,0,/a/0/0/5,134,1038,,19708,19709,3848,3849,1,4d7b3ef7300acf70c892d8327db8272f54434adbc61a4e130a563cb59a0d0f47,0e,,,,,False,,,,,,,,,,False,False
/a/0/0/5,/a/0/0/5!/member_01039,0,/a/0/0/5,134,1039,,19712,19713,3852,3853,1,4d7b3ef7300acf70c892d8327db8272f54434adbc61a4e130a563cb59a0d0f47,0e,,,,,False,,,,,,,,,,False,False
/a/0/0/5,/a/0/0/5!/member_01040,0,/a/0/0/5,134,1040,,19716,19717,3856,3857,1,beead77994cf573341ec17b58bbf7eb34d2711c993c1d976b128b3188dc1829a,08,,,,,False,,,,,,,,,,False,False
/a/0/0/5,/a/0/0/5!/member_01041,0,/a/0/0/5,134,1041,,19720,19721,3860,3861,1,beead77994cf573341ec17b58bbf7eb34d2711c993c1d976b128b3188dc1829a,08,,,,,False,,,,,,,,,,False,False
/a/0/0/5,/a/0/0/5!/member_01042,0,/a/0/0/5,134,1042,,19724,19725,3864,3865,1,beead77994cf573341ec17b58bbf7eb34d2711c993c1d976b128b3188dc1829a,08,,,,,False,,,,,,,,,,False,False
/a/0/0/5,/a/0/0/5!/member_01043,0,/a/0/0/5,134,1043,,19728,19729,3868,3869,1,beead77994cf573341ec17b58bbf7eb34d2711c993c1d976b128b3188dc1829a,08,,,,,False,,,,,,,,,,False,False
/a/0/0/5,/a/0/0/5!/member_01044,0,/a/0/0/5,134,1044,,19732,19733,3872,3873,1,6e340b9cffb37a989ca544e6bb780a2c78901d3fb33738768511a30617afa01d,00,,,,,False,,,,,,,,,,False,False
/a/0/0/5,/a/0/0/5!/member_01045,0,/a/0/0/5,134,1045,,19736,19737,3876,3877,1,6e340b9cffb37a989ca544e6bb780a2c78901d3fb33738768511a30617afa01d,00,,,,,False,,,,,,,,,,False,False
/a/0/0/5,/a/0/0/5!/member_01046,0,/a/0/0/5,134,1046,,19740,19741,3880,3881,1,83891d7fe85c33e52c8b4e5814c92fb6a3b9467299200538a6babaa8b452d879,14,,,,,False,,,,,,,,,,False,False
/a/0/0/5,/a/0/0/5!/member_01047,0,/a/0/0/5,134,1047,,19744,19745,3884,3885,1,83891d7fe85c33e52c8b4e5814c92fb6a3b9467299200538a6babaa8b452d879,14,,,,,False,,,,,,,,,,False,False
/a/0/0/5,/a/0/0/5!/member_01048,0,/a/0/0/5,134,1048,,19748,19749,3888,3889,1,6e340b9cffb37a989ca544e6bb780a2c78901d3fb33738768511a30617afa01d,00,,,,,False,,,,,,,,,,False,False
/a/0/0/5,/a/0/0/5!/member_01049,0,/a/0/0/5,134,1049,,19752,19753,3892,3893,1,6e340b9cffb37a989ca544e6bb780a2c78901d3fb33738768511a30617afa01d,00,,,,,False,,,,,,,,,,False,False
/a/0/0/5,/a/0/0/5!/member_01050,0,/a/0/0/5,134,1050,,19756,19757,3896,3897,1,e7cf46a078fed4fafd0b5e3aff144802b853f8ae459a4f0c14add3314b7cc3a6,0b,,,,,False,,,,,,,,,,False,False
/a/0/0/5,/a/0/0/5!/member_01051,0,/a/0/0/5,134,1051,,19760,19761,3900,3901,1,e7cf46a078fed4fafd0b5e3aff144802b853f8ae459a4f0c14add3314b7cc3a6,0b,,,,,False,,,,,,,,,,False,False
/a/0/0/5,/a/0/0/5!/member_01052,0,/a/0/0/5,134,1052,,19764,19765,3904,3905,1,beead77994cf573341ec17b58bbf7eb34d2711c993c1d976b128b3188dc1829a,08,,,,,False,,,,,,,,,,False,False
/a/0/0/5,/a/0/0/5!/member_01053,0,/a/0/0/5,134,1053,,19768,19769,3908,3909,1,beead77994cf573341ec17b58bbf7eb34d2711c993c1d976b128b3188dc1829a,08,,,,,False,,,,,,,,,,False,False
/a/0/0/5,/a/0/0/5!/member_01054,0,/a/0/0/5,134,1054,,19772,19773,3912,3913,1,ab897fbdedfa502b2d839b6a56100887dccdc507555c282e59589e06300a62e2,13,,,,,False,,,,,,,,,,False,False
/a/0/0/5,/a/0/0/5!/member_01055,0,/a/0/0/5,134,1055,,19776,19777,3916,3917,1,ab897fbdedfa502b2d839b6a56100887dccdc507555c282e59589e06300a62e2,13,,,,,False,,,,,,,,,,False,False
/a/0/0/5,/a/0/0/5!/member_01056,0,/a/0/0/5,134,1056,,19780,19781,3920,3921,1,beead77994cf573341ec17b58bbf7eb34d2711c993c1d976b128b3188dc1829a,08,,,,,False,,,,,,,,,,False,False
/a/0/0/5,/a/0/0/5!/member_01057,0,/a/0/0/5,134,1057,,19784,19785,3924,3925,1,beead77994cf573341ec17b58bbf7eb34d2711c993c1d976b128b3188dc1829a,08,,,,,False,,,,,,,,,,False,False
/a/0/0/5,/a/0/0/5!/member_01058,0,/a/0/0/5,134,1058,,19788,19789,3928,3929,1,01ba4719c80b6fe911b091a7c05124b64eeece964e09c058ef8f9805daca546b,0a,,,,,False,,,,,,,,,,False,False
/a/0/0/5,/a/0/0/5!/member_01059,0,/a/0/0/5,134,1059,,19792,19793,3932,3933,1,01ba4719c80b6fe911b091a7c05124b64eeece964e09c058ef8f9805daca546b,0a,,,,,False,,,,,,,,,,False,False
/a/0/0/5,/a/0/0/5!/member_01060,0,/a/0/0/5,134,1060,,19796,19797,3936,3937,1,beead77994cf573341ec17b58bbf7eb34d2711c993c1d976b128b3188dc1829a,08,,,,,False,,,,,,,,,,False,False
/a/0/0/5,/a/0/0/5!/member_01061,0,/a/0/0/5,134,1061,,19800,19801,3940,3941,1,beead77994cf573341ec17b58bbf7eb34d2711c993c1d976b128b3188dc1829a,08,,,,,False,,,,,,,,,,False,False
/a/0/0/5,/a/0/0/5!/member_01062,0,/a/0/0/5,134,1062,,19804,19805,3944,3945,1,8f11b05da785e43e713d03774c6bd3405d99cd3024af334ffd68db663aa37034,17,,,,,False,,,,,,,,,,False,False
/a/0/0/5,/a/0/0/5!/member_01063,0,/a/0/0/5,134,1063,,19808,19809,3948,3949,1,8f11b05da785e43e713d03774c6bd3405d99cd3024af334ffd68db663aa37034,17,,,,,False,,,,,,,,,,False,False
/a/0/0/5,/a/0/0/5!/member_01064,0,/a/0/0/5,134,1064,,19812,19813,3952,3953,1,c555eab45d08845ae9f10d452a99bfcb06f74a50b988fe7e48dd323789b88ee3,10,,Nintendo LZ10,Probable,,True,Nintendo LZ10,Probable,True,,,,,,,False,False
/a/0/0/5,/a/0/0/5!/member_01065,0,/a/0/0/5,134,1065,,19816,19817,3956,3957,1,c555eab45d08845ae9f10d452a99bfcb06f74a50b988fe7e48dd323789b88ee3,10,,Nintendo LZ10,Probable,,True,Nintendo LZ10,Probable,True,,,,,,,False,False
/a/0/0/5,/a/0/0/5!/member_01066,0,/a/0/0/5,134,1066,,19820,19821,3960,3961,1,2f0fd1e89b8de1d57292742ec380ea47066e307ad645f5bc3adad8a06ff58608,15,,,,,False,,,,,,,,,,False,False
/a/0/0/5,/a/0/0/5!/member_01067,0,/a/0/0/5,134,1067,,19824,19825,3964,3965,1,2f0fd1e89b8de1d57292742ec380ea47066e307ad645f5bc3adad8a06ff58608,15,,,,,False,,,,,,,,,,False,False
/a/0/0/5,/a/0/0/5!/member_01068,0,/a/0/0/5,134,1068,,19828,19829,3968,3969,1,6e340b9cffb37a989ca544e6bb780a2c78901d3fb33738768511a30617afa01d,00,,,,,False,,,,,,,,,,False,False
/a/0/0/5,/a/0/0/5!/member_01069,0,/a/0/0/5,134,1069,,19832,19833,3972,3973,1,6e340b9cffb37a989ca544e6bb780a2c78901d3fb33738768511a30617afa01d,00,,,,,False,,,,,,,,,,False,False
/a/0/0/5,/a/0/0/5!/member_01070,0,/a/0/0/5,134,1070,,19836,19837,3976,3977,1,4a64a107f0cb32536e5bce6c98c393db21cca7f4ea187ba8c4dca8b51d4ea80a,11,,Nintendo LZ11,Probable,,True,Nintendo LZ11,Probable,True,,,,,,,False,False
/a/0/0/5,/a/0/0/5!/member_01071,0,/a/0/0/5,134,1071,,19840,19841,3980,3981,1,4a64a107f0cb32536e5bce6c98c393db21cca7f4ea187ba8c4dca8b51d4ea80a,11,,Nintendo LZ11,Probable,,True,Nintendo LZ11,Probable,True,,,,,,,False,False
/a/0/0/5,/a/0/0/5!/member_01072,0,/a/0/0/5,134,1072,,19844,19845,3984,3985,1,beead77994cf573341ec17b58bbf7eb34d2711c993c1d976b128b3188dc1829a,08,,,,,False,,,,,,,,,,False,False
/a/0/0/5,/a/0/0/5!/member_01073,0,/a/0/0/5,134,1073,,19848,19849,3988,3989,1,beead77994cf573341ec17b58bbf7eb34d2711c993c1d976b128b3188dc1829a,08,,,,,False,,,,,,,,,,False,False
/a/0/0/5,/a/0/0/5!/member_01074,0,/a/0/0/5,134,1074,,19852,19853,3992,3993,1,f299791cddd3d6664f6670842812ef6053eb6501bd6282a476bbbf3ee91e750c,12,,,,,False,,,,,,,,,,False,False
/a/0/0/5,/a/0/0/5!/member_01075,0,/a/0/0/5,134,1075,,19856,19857,3996,3997,1,f299791cddd3d6664f6670842812ef6053eb6501bd6282a476bbbf3ee91e750c,12,,,,,False,,,,,,,,,,False,False
/a/0/0/5,/a/0/0/5!/member_01076,0,/a/0/0/5,134,1076,,19860,19861,4000,4001,1,6e340b9cffb37a989ca544e6bb780a2c78901d3fb33738768511a30617afa01d,00,,,,,False,,,,,,,,,,False,False
/a/0/0/5,/a/0/0/5!/member_01077,0,/a/0/0/5,134,1077,,19864,19865,4004,4005,1,6e340b9cffb37a989ca544e6bb780a2c78901d3fb33738768511a30617afa01d,00,,,,,False,,,,,,,,,,False,False
/a/0/0/5,/a/0/0/5!/member_01078,0,/a/0/0/5,134,1078,,19868,19869,4008,4009,1,4a64a107f0cb32536e5bce6c98c393db21cca7f4ea187ba8c4dca8b51d4ea80a,11,,Nintendo LZ11,Probable,,True,Nintendo LZ11,Probable,True,,,,,,,False,False
/a/0/0/5,/a/0/0/5!/member_01079,0,/a/0/0/5,134,1079,,19872,19873,4012,4013,1,4a64a107f0cb32536e5bce6c98c393db21cca7f4ea187ba8c4dca8b51d4ea80a,11,,Nintendo LZ11,Probable,,True,Nintendo LZ11,Probable,True,,,,,,,False,False
/a/0/0/5,/a/0/0/5!/member_01080,0,/a/0/0/5,134,1080,,19876,19877,4016,4017,1,c555eab45d08845ae9f10d452a99bfcb06f74a50b988fe7e48dd323789b88ee3,10,,Nintendo LZ10,Probable,,True,Nintendo LZ10,Probable,True,,,,,,,False,False
/a/0/0/5,/a/0/0/5!/member_01081,0,/a/0/0/5,134,1081,,19880,19881,4020,4021,1,c555eab45d08845ae9f10d452a99bfcb06f74a50b988fe7e48dd323789b88ee3,10,,Nintendo LZ10,Probable,,True,Nintendo LZ10,Probable,True,,,,,,,False,False
/a/0/0/5,/a/0/0/5!/member_01082,0,/a/0/0/5,134,1082,,19884,19885,4024,4025,1,68aa2e2ee5dff96e3355e6c7ee373e3d6a4e17f75f9518d843709c0c9bc3e3d4,19,,,,,False,,,,,,,,,,False,False
/a/0/0/5,/a/0/0/5!/member_01083,0,/a/0/0/5,134,1083,,19888,19889,4028,4029,1,68aa2e2ee5dff96e3355e6c7ee373e3d6a4e17f75f9518d843709c0c9bc3e3d4,19,,,,,False,,,,,,,,,,False,False
/a/0/0/5,/a/0/0/5!/member_01084,0,/a/0/0/5,134,1084,,19892,19893,4032,4033,1,beead77994cf573341ec17b58bbf7eb34d2711c993c1d976b128b3188dc1829a,08,,,,,False,,,,,,,,,,False,False
/a/0/0/5,/a/0/0/5!/member_01085,0,/a/0/0/5,134,1085,,19896,19897,4036,4037,1,beead77994cf573341ec17b58bbf7eb34d2711c993c1d976b128b3188dc1829a,08,,,,,False,,,,,,,,,,False,False
/a/0/0/5,/a/0/0/5!/member_01086,0,/a/0/0/5,134,1086,,19900,19901,4040,4041,1,ab897fbdedfa502b2d839b6a56100887dccdc507555c282e59589e06300a62e2,13,,,,,False,,,,,,,,,,False,False
/a/0/0/5,/a/0/0/5!/member_01087,0,/a/0/0/5,134,1087,,19904,19905,4044,4045,1,ab897fbdedfa502b2d839b6a56100887dccdc507555c282e59589e06300a62e2,13,,,,,False,,,,,,,,,,False,False
/a/0/0/5,/a/0/0/5!/member_01088,0,/a/0/0/5,134,1088,,19908,19909,4048,4049,1,beead77994cf573341ec17b58bbf7eb34d2711c993c1d976b128b3188dc1829a,08,,,,,False,,,,,,,,,,False,False
/a/0/0/5,/a/0/0/5!/member_01089,0,/a/0/0/5,134,1089,,19912,19913,4052,4053,1,beead77994cf573341ec17b58bbf7eb34d2711c993c1d976b128b3188dc1829a,08,,,,,False,,,,,,,,,,False,False
/a/0/0/5,/a/0/0/5!/member_01090,0,/a/0/0/5,134,1090,,19916,19917,4056,4057,1,ca358758f6d27e6cf45272937977a748fd88391db679ceda7dc7bf1f005ee879,07,,,,,False,,,,,,,,,,False,False
/a/0/0/5,/a/0/0/5!/member_01091,0,/a/0/0/5,134,1091,,19920,19921,4060,4061,1,ca358758f6d27e6cf45272937977a748fd88391db679ceda7dc7bf1f005ee879,07,,,,,False,,,,,,,,,,False,False
/a/0/0/5,/a/0/0/5!/member_01092,0,/a/0/0/5,134,1092,,19924,19925,4064,4065,1,beead77994cf573341ec17b58bbf7eb34d2711c993c1d976b128b3188dc1829a,08,,,,,False,,,,,,,,,,False,False
/a/0/0/5,/a/0/0/5!/member_01093,0,/a/0/0/5,134,1093,,19928,19929,4068,4069,1,beead77994cf573341ec17b58bbf7eb34d2711c993c1d976b128b3188dc1829a,08,,,,,False,,,,,,,,,,False,False
/a/0/0/5,/a/0/0/5!/member_01094,0,/a/0/0/5,134,1094,,19932,19933,4072,4073,1,7cb7c4547cf2653590d7a9ace60cc623d25148adfbc88a89aeb0ef88da7839ba,16,,,,,False,,,,,,,,,,False,False
/a/0/0/5,/a/0/0/5!/member_01095,0,/a/0/0/5,134,1095,,19936,19937,4076,4077,1,7cb7c4547cf2653590d7a9ace60cc623d25148adfbc88a89aeb0ef88da7839ba,16,,,,,False,,,,,,,,,,False,False
/a/0/0/5,/a/0/0/5!/member_01096,0,/a/0/0/5,134,1096,,19940,19941,4080,4081,1,beead77994cf573341ec17b58bbf7eb34d2711c993c1d976b128b3188dc1829a,08,,,,,False,,,,,,,,,,False,False
/a/0/0/5,/a/0/0/5!/member_01097,0,/a/0/0/5,134,1097,,19944,19945,4084,4085,1,beead77994cf573341ec17b58bbf7eb34d2711c993c1d976b128b3188dc1829a,08,,,,,False,,,,,,,,,,False,False
/a/0/0/5,/a/0/0/5!/member_01098,0,/a/0/0/5,134,1098,,19948,19949,4088,4089,1,c555eab45d08845ae9f10d452a99bfcb06f74a50b988fe7e48dd323789b88ee3,10,,Nintendo LZ10,Probable,,True,Nintendo LZ10,Probable,True,,,,,,,False,False
/a/0/0/5,/a/0/0/5!/member_01099,0,/a/0/0/5,134,1099,,19952,19953,4092,4093,1,c555eab45d08845ae9f10d452a99bfcb06f74a50b988fe7e48dd323789b88ee3,10,,Nintendo LZ10,Probable,,True,Nintendo LZ10,Probable,True,,,,,,,False,False
/a/0/0/5,/a/0/0/5!/member_01100,0,/a/0/0/5,134,1100,,19956,19957,4096,4097,1,dbc1b4c900ffe48d575b5da5c638040125f65db0fe3e24494b76ea986457d986,02,,,,,False,,,,,,,,,,False,False
/a/0/0/5,/a/0/0/5!/member_01101,0,/a/0/0/5,134,1101,,19960,19961,4100,4101,1,dbc1b4c900ffe48d575b5da5c638040125f65db0fe3e24494b76ea986457d986,02,,,,,False,,,,,,,,,,False,False
/a/0/0/5,/a/0/0/5!/member_01102,0,/a/0/0/5,134,1102,,19964,19965,4104,4105,1,01ba4719c80b6fe911b091a7c05124b64eeece964e09c058ef8f9805daca546b,0a,,,,,False,,,,,,,,,,False,False
/a/0/0/5,/a/0/0/5!/member_01103,0,/a/0/0/5,134,1103,,19968,19969,4108,4109,1,01ba4719c80b6fe911b091a7c05124b64eeece964e09c058ef8f9805daca546b,0a,,,,,False,,,,,,,,,,False,False
/a/0/0/5,/a/0/0/5!/member_01104,0,/a/0/0/5,134,1104,,19972,19973,4112,4113,1,c555eab45d08845ae9f10d452a99bfcb06f74a50b988fe7e48dd323789b88ee3,10,,Nintendo LZ10,Probable,,True,Nintendo LZ10,Probable,True,,,,,,,False,False
/a/0/0/5,/a/0/0/5!/member_01105,0,/a/0/0/5,134,1105,,19976,19977,4116,4117,1,c555eab45d08845ae9f10d452a99bfcb06f74a50b988fe7e48dd323789b88ee3,10,,Nintendo LZ10,Probable,,True,Nintendo LZ10,Probable,True,,,,,,,False,False
/a/0/0/5,/a/0/0/5!/member_01106,0,/a/0/0/5,134,1106,,19980,19981,4120,4121,1,452ba1ddef80246c48be7690193c76c1d61185906be9401014fe14f1be64b74f,18,,,,,False,,,,,,,,,,False,False
/a/0/0/5,/a/0/0/5!/member_01107,0,/a/0/0/5,134,1107,,19984,19985,4124,4125,1,452ba1ddef80246c48be7690193c76c1d61185906be9401014fe14f1be64b74f,18,,,,,False,,,,,,,,,,False,False
/a/0/0/5,/a/0/0/5!/member_01108,0,/a/0/0/5,134,1108,,19988,19989,4128,4129,1,beead77994cf573341ec17b58bbf7eb34d2711c993c1d976b128b3188dc1829a,08,,,,,False,,,,,,,,,,False,False
/a/0/0/5,/a/0/0/5!/member_01109,0,/a/0/0/5,134,1109,,19992,19993,4132,4133,1,beead77994cf573341ec17b58bbf7eb34d2711c993c1d976b128b3188dc1829a,08,,,,,False,,,,,,,,,,False,False
/a/0/0/5,/a/0/0/5!/member_01110,0,/a/0/0/5,134,1110,,19996,19997,4136,4137,1,beead77994cf573341ec17b58bbf7eb34d2711c993c1d976b128b3188dc1829a,08,,,,,False,,,,,,,,,,False,False
/a/0/0/5,/a/0/0/5!/member_01111,0,/a/0/0/5,134,1111,,20000,20001,4140,4141,1,beead77994cf573341ec17b58bbf7eb34d2711c993c1d976b128b3188dc1829a,08,,,,,False,,,,,,,,,,False,False
/a/0/0/5,/a/0/0/5!/member_01112,0,/a/0/0/5,134,1112,,20004,20005,4144,4145,1,c555eab45d08845ae9f10d452a99bfcb06f74a50b988fe7e48dd323789b88ee3,10,,Nintendo LZ10,Probable,,True,Nintendo LZ10,Probable,True,,,,,,,False,False
/a/0/0/5,/a/0/0/5!/member_01113,0,/a/0/0/5,134,1113,,20008,20009,4148,4149,1,c555eab45d08845ae9f10d452a99bfcb06f74a50b988fe7e48dd323789b88ee3,10,,Nintendo LZ10,Probable,,True,Nintendo LZ10,Probable,True,,,,,,,False,False
/a/0/0/5,/a/0/0/5!/member_01114,0,/a/0/0/5,134,1114,,20012,20013,4152,4153,1,dc0e9c3658a1a3ed1ec94274d8b19925c93e1abb7ddba294923ad9bde30f8cb8,0f,,,,,False,,,,,,,,,,False,False
/a/0/0/5,/a/0/0/5!/member_01115,0,/a/0/0/5,134,1115,,20016,20017,4156,4157,1,dc0e9c3658a1a3ed1ec94274d8b19925c93e1abb7ddba294923ad9bde30f8cb8,0f,,,,,False,,,,,,,,,,False,False
/a/0/0/5,/a/0/0/5!/member_01116,0,/a/0/0/5,134,1116,,20020,20021,4160,4161,1,ca358758f6d27e6cf45272937977a748fd88391db679ceda7dc7bf1f005ee879,07,,,,,False,,,,,,,,,,False,False
/a/0/0/5,/a/0/0/5!/member_01117,0,/a/0/0/5,134,1117,,20024,20025,4164,4165,1,ca358758f6d27e6cf45272937977a748fd88391db679ceda7dc7bf1f005ee879,07,,,,,False,,,,,,,,,,False,False
/a/0/0/5,/a/0/0/5!/member_01118,0,/a/0/0/5,134,1118,,20028,20029,4168,4169,1,e77b9a9ae9e30b0dbdb6f510a264ef9de781501d7b6b92ae89eb059c5ab743db,05,,,,,False,,,,,,,,,,False,False
/a/0/0/5,/a/0/0/5!/member_01119,0,/a/0/0/5,134,1119,,20032,20033,4172,4173,1,e77b9a9ae9e30b0dbdb6f510a264ef9de781501d7b6b92ae89eb059c5ab743db,05,,,,,False,,,,,,,,,,False,False
/a/0/0/5,/a/0/0/5!/member_01120,0,/a/0/0/5,134,1120,,20036,20037,4176,4177,1,c555eab45d08845ae9f10d452a99bfcb06f74a50b988fe7e48dd323789b88ee3,10,,Nintendo LZ10,Probable,,True,Nintendo LZ10,Probable,True,,,,,,,False,False
/a/0/0/5,/a/0/0/5!/member_01121,0,/a/0/0/5,134,1121,,20040,20041,4180,4181,1,c555eab45d08845ae9f10d452a99bfcb06f74a50b988fe7e48dd323789b88ee3,10,,Nintendo LZ10,Probable,,True,Nintendo LZ10,Probable,True,,,,,,,False,False
/a/0/0/5,/a/0/0/5!/member_01122,0,/a/0/0/5,134,1122,,20044,20045,4184,4185,1,2f0fd1e89b8de1d57292742ec380ea47066e307ad645f5bc3adad8a06ff58608,15,,,,,False,,,,,,,,,,False,False
/a/0/0/5,/a/0/0/5!/member_01123,0,/a/0/0/5,134,1123,,20048,20049,4188,4189,1,2f0fd1e89b8de1d57292742ec380ea47066e307ad645f5bc3adad8a06ff58608,15,,,,,False,,,,,,,,,,False,False
/a/0/0/5,/a/0/0/5!/member_01124,0,/a/0/0/5,134,1124,,20052,20053,4192,4193,1,ca358758f6d27e6cf45272937977a748fd88391db679ceda7dc7bf1f005ee879,07,,,,,False,,,,,,,,,,False,False
/a/0/0/5,/a/0/0/5!/member_01125,0,/a/0/0/5,134,1125,,20056,20057,4196,4197,1,ca358758f6d27e6cf45272937977a748fd88391db679ceda7dc7bf1f005ee879,07,,,,,False,,,,,,,,,,False,False
/a/0/0/5,/a/0/0/5!/member_01126,0,/a/0/0/5,134,1126,,20060,20061,4200,4201,1,4d7b3ef7300acf70c892d8327db8272f54434adbc61a4e130a563cb59a0d0f47,0e,,,,,False,,,,,,,,,,False,False
/a/0/0/5,/a/0/0/5!/member_01127,0,/a/0/0/5,134,1127,,20064,20065,4204,4205,1,4d7b3ef7300acf70c892d8327db8272f54434adbc61a4e130a563cb59a0d0f47,0e,,,,,False,,,,,,,,,,False,False
/a/0/0/5,/a/0/0/5!/member_01128,0,/a/0/0/5,134,1128,,20068,20069,4208,4209,1,ca358758f6d27e6cf45272937977a748fd88391db679ceda7dc7bf1f005ee879,07,,,,,False,,,,,,,,,,False,False
/a/0/0/5,/a/0/0/5!/member_01129,0,/a/0/0/5,134,1129,,20072,20073,4212,4213,1,ca358758f6d27e6cf45272937977a748fd88391db679ceda7dc7bf1f005ee879,07,,,,,False,,,,,,,,,,False,False
/a/0/0/5,/a/0/0/5!/member_01130,0,/a/0/0/5,134,1130,,20076,20077,4216,4217,1,084fed08b978af4d7d196a7446a86b58009e636b611db16211b65a9aadff29c5,03,,,,,False,,,,,,,,,,False,False
/a/0/0/5,/a/0/0/5!/member_01131,0,/a/0/0/5,134,1131,,20080,20081,4220,4221,1,084fed08b978af4d7d196a7446a86b58009e636b611db16211b65a9aadff29c5,03,,,,,False,,,,,,,,,,False,False
/a/0/0/5,/a/0/0/5!/member_01132,0,/a/0/0/5,134,1132,,20084,20085,4224,4225,1,2b4c342f5433ebe591a1da77e013d1b72475562d48578dca8b84bac6651c3cb9,09,,,,,False,,,,,,,,,,False,False
/a/0/0/5,/a/0/0/5!/member_01133,0,/a/0/0/5,134,1133,,20088,20089,4228,4229,1,2b4c342f5433ebe591a1da77e013d1b72475562d48578dca8b84bac6651c3cb9,09,,,,,False,,,,,,,,,,False,False
/a/0/0/5,/a/0/0/5!/member_01134,0,/a/0/0/5,134,1134,,20092,20093,4232,4233,1,83891d7fe85c33e52c8b4e5814c92fb6a3b9467299200538a6babaa8b452d879,14,,,,,False,,,,,,,,,,False,False
/a/0/0/5,/a/0/0/5!/member_01135,0,/a/0/0/5,134,1135,,20096,20097,4236,4237,1,83891d7fe85c33e52c8b4e5814c92fb6a3b9467299200538a6babaa8b452d879,14,,,,,False,,,,,,,,,,False,False
/a/0/0/5,/a/0/0/5!/member_01136,0,/a/0/0/5,134,1136,,20100,20101,4240,4241,1,6e340b9cffb37a989ca544e6bb780a2c78901d3fb33738768511a30617afa01d,00,,,,,False,,,,,,,,,,False,False
/a/0/0/5,/a/0/0/5!/member_01137,0,/a/0/0/5,134,1137,,20104,20105,4244,4245,1,6e340b9cffb37a989ca544e6bb780a2c78901d3fb33738768511a30617afa01d,00,,,,,False,,,,,,,,,,False,False
/a/0/0/5,/a/0/0/5!/member_01138,0,/a/0/0/5,134,1138,,20108,20109,4248,4249,1,e77b9a9ae9e30b0dbdb6f510a264ef9de781501d7b6b92ae89eb059c5ab743db,05,,,,,False,,,,,,,,,,False,False
/a/0/0/5,/a/0/0/5!/member_01139,0,/a/0/0/5,134,1139,,20112,20113,4252,4253,1,e77b9a9ae9e30b0dbdb6f510a264ef9de781501d7b6b92ae89eb059c5ab743db,05,,,,,False,,,,,,,,,,False,False
/a/0/0/5,/a/0/0/5!/member_01140,0,/a/0/0/5,134,1140,,20116,20117,4256,4257,1,6e340b9cffb37a989ca544e6bb780a2c78901d3fb33738768511a30617afa01d,00,,,,,False,,,,,,,,,,False,False
/a/0/0/5,/a/0/0/5!/member_01141,0,/a/0/0/5,134,1141,,20120,20121,4260,4261,1,6e340b9cffb37a989ca544e6bb780a2c78901d3fb33738768511a30617afa01d,00,,,,,False,,,,,,,,,,False,False
/a/0/0/5,/a/0/0/5!/member_01142,0,/a/0/0/5,134,1142,,20124,20125,4264,4265,1,452ba1ddef80246c48be7690193c76c1d61185906be9401014fe14f1be64b74f,18,,,,,False,,,,,,,,,,False,False
/a/0/0/5,/a/0/0/5!/member_01143,0,/a/0/0/5,134,1143,,20128,20129,4268,4269,1,452ba1ddef80246c48be7690193c76c1d61185906be9401014fe14f1be64b74f,18,,,,,False,,,,,,,,,,False,False
/a/0/0/5,/a/0/0/5!/member_01144,0,/a/0/0/5,134,1144,,20132,20133,4272,4273,1,beead77994cf573341ec17b58bbf7eb34d2711c993c1d976b128b3188dc1829a,08,,,,,False,,,,,,,,,,False,False
/a/0/0/5,/a/0/0/5!/member_01145,0,/a/0/0/5,134,1145,,20136,20137,4276,4277,1,beead77994cf573341ec17b58bbf7eb34d2711c993c1d976b128b3188dc1829a,08,,,,,False,,,,,,,,,,False,False
/a/0/0/5,/a/0/0/5!/member_01146,0,/a/0/0/5,134,1146,,20140,20141,4280,4281,1,2b4c342f5433ebe591a1da77e013d1b72475562d48578dca8b84bac6651c3cb9,09,,,,,False,,,,,,,,,,False,False
/a/0/0/5,/a/0/0/5!/member_01147,0,/a/0/0/5,134,1147,,20144,20145,4284,4285,1,2b4c342f5433ebe591a1da77e013d1b72475562d48578dca8b84bac6651c3cb9,09,,,,,False,,,,,,,,,,False,False
/a/0/0/5,/a/0/0/5!/member_01148,0,/a/0/0/5,134,1148,,20148,20149,4288,4289,1,c555eab45d08845ae9f10d452a99bfcb06f74a50b988fe7e48dd323789b88ee3,10,,Nintendo LZ10,Probable,,True,Nintendo LZ10,Probable,True,,,,,,,False,False
/a/0/0/5,/a/0/0/5!/member_01149,0,/a/0/0/5,134,1149,,20152,20153,4292,4293,1,c555eab45d08845ae9f10d452a99bfcb06f74a50b988fe7e48dd323789b88ee3,10,,Nintendo LZ10,Probable,,True,Nintendo LZ10,Probable,True,,,,,,,False,False
/a/0/0/5,/a/0/0/5!/member_01150,0,/a/0/0/5,134,1150,,20156,20157,4296,4297,1,68aa2e2ee5dff96e3355e6c7ee373e3d6a4e17f75f9518d843709c0c9bc3e3d4,19,,,,,False,,,,,,,,,,False,False
/a/0/0/5,/a/0/0/5!/member_01151,0,/a/0/0/5,134,1151,,20160,20161,4300,4301,1,68aa2e2ee5dff96e3355e6c7ee373e3d6a4e17f75f9518d843709c0c9bc3e3d4,19,,,,,False,,,,,,,,,,False,False
/a/0/0/5,/a/0/0/5!/member_01152,0,/a/0/0/5,134,1152,,20164,20165,4304,4305,1,6e340b9cffb37a989ca544e6bb780a2c78901d3fb33738768511a30617afa01d,00,,,,,False,,,,,,,,,,False,False
/a/0/0/5,/a/0/0/5!/member_01153,0,/a/0/0/5,134,1153,,20168,20169,4308,4309,1,6e340b9cffb37a989ca544e6bb780a2c78901d3fb33738768511a30617afa01d,00,,,,,False,,,,,,,,,,False,False
/a/0/0/5,/a/0/0/5!/member_01154,0,/a/0/0/5,134,1154,,20172,20173,4312,4313,1,ca358758f6d27e6cf45272937977a748fd88391db679ceda7dc7bf1f005ee879,07,,,,,False,,,,,,,,,,False,False
/a/0/0/5,/a/0/0/5!/member_01155,0,/a/0/0/5,134,1155,,20176,20177,4316,4317,1,ca358758f6d27e6cf45272937977a748fd88391db679ceda7dc7bf1f005ee879,07,,,,,False,,,,,,,,,,False,False
/a/0/0/5,/a/0/0/5!/member_01156,0,/a/0/0/5,134,1156,,20180,20181,4320,4321,1,beead77994cf573341ec17b58bbf7eb34d2711c993c1d976b128b3188dc1829a,08,,,,,False,,,,,,,,,,False,False
/a/0/0/5,/a/0/0/5!/member_01157,0,/a/0/0/5,134,1157,,20184,20185,4324,4325,1,beead77994cf573341ec17b58bbf7eb34d2711c993c1d976b128b3188dc1829a,08,,,,,False,,,,,,,,,,False,False
/a/0/0/5,/a/0/0/5!/member_01158,0,/a/0/0/5,134,1158,,20188,20189,4328,4329,1,2b4c342f5433ebe591a1da77e013d1b72475562d48578dca8b84bac6651c3cb9,09,,,,,False,,,,,,,,,,False,False
/a/0/0/5,/a/0/0/5!/member_01159,0,/a/0/0/5,134,1159,,20192,20193,4332,4333,1,2b4c342f5433ebe591a1da77e013d1b72475562d48578dca8b84bac6651c3cb9,09,,,,,False,,,,,,,,,,False,False
/a/0/0/5,/a/0/0/5!/member_01160,0,/a/0/0/5,134,1160,,20196,20197,4336,4337,1,c555eab45d08845ae9f10d452a99bfcb06f74a50b988fe7e48dd323789b88ee3,10,,Nintendo LZ10,Probable,,True,Nintendo LZ10,Probable,True,,,,,,,False,False
/a/0/0/5,/a/0/0/5!/member_01161,0,/a/0/0/5,134,1161,,20200,20201,4340,4341,1,c555eab45d08845ae9f10d452a99bfcb06f74a50b988fe7e48dd323789b88ee3,10,,Nintendo LZ10,Probable,,True,Nintendo LZ10,Probable,True,,,,,,,False,False
/a/0/0/5,/a/0/0/5!/member_01162,0,/a/0/0/5,134,1162,,20204,20205,4344,4345,1,77adfc95029e73b173f60e556f915b0cd8850848111358b1c370fb7c154e61fd,1b,,,,,False,,,,,,,,,,False,False
/a/0/0/5,/a/0/0/5!/member_01163,0,/a/0/0/5,134,1163,,20208,20209,4348,4349,1,77adfc95029e73b173f60e556f915b0cd8850848111358b1c370fb7c154e61fd,1b,,,,,False,,,,,,,,,,False,False
/a/0/0/5,/a/0/0/5!/member_01164,0,/a/0/0/5,134,1164,,20212,20213,4352,4353,1,c555eab45d08845ae9f10d452a99bfcb06f74a50b988fe7e48dd323789b88ee3,10,,Nintendo LZ10,Probable,,True,Nintendo LZ10,Probable,True,,,,,,,False,False
/a/0/0/5,/a/0/0/5!/member_01165,0,/a/0/0/5,134,1165,,20216,20217,4356,4357,1,c555eab45d08845ae9f10d452a99bfcb06f74a50b988fe7e48dd323789b88ee3,10,,Nintendo LZ10,Probable,,True,Nintendo LZ10,Probable,True,,,,,,,False,False
/a/0/0/5,/a/0/0/5!/member_01166,0,/a/0/0/5,134,1166,,20220,20221,4360,4361,1,ab897fbdedfa502b2d839b6a56100887dccdc507555c282e59589e06300a62e2,13,,,,,False,,,,,,,,,,False,False
/a/0/0/5,/a/0/0/5!/member_01167,0,/a/0/0/5,134,1167,,20224,20225,4364,4365,1,ab897fbdedfa502b2d839b6a56100887dccdc507555c282e59589e06300a62e2,13,,,,,False,,,,,,,,,,False,False
/a/0/0/5,/a/0/0/5!/member_01168,0,/a/0/0/5,134,1168,,20228,20228,4368,4368,0,e3b0c44298fc1c149afbf4c8996fb92427ae41e4649b934ca495991b7852b855,,,,,,False,,,,,,,,,,False,False
/a/0/0/5,/a/0/0/5!/member_01169,0,/a/0/0/5,134,1169,,20228,20229,4368,4369,1,beead77994cf573341ec17b58bbf7eb34d2711c993c1d976b128b3188dc1829a,08,,,,,False,,,,,,,,,,False,False
/a/0/0/5,/a/0/0/5!/member_01170,0,/a/0/0/5,134,1170,,20232,20232,4372,4372,0,e3b0c44298fc1c149afbf4c8996fb92427ae41e4649b934ca495991b7852b855,,,,,,False,,,,,,,,,,False,False
/a/0/0/5,/a/0/0/5!/member_01171,0,/a/0/0/5,134,1171,,20232,20233,4372,4373,1,f299791cddd3d6664f6670842812ef6053eb6501bd6282a476bbbf3ee91e750c,12,,,,,False,,,,,,,,,,False,False
/a/0/0/5,/a/0/0/5!/member_01172,0,/a/0/0/5,134,1172,,20236,20237,4376,4377,1,beead77994cf573341ec17b58bbf7eb34d2711c993c1d976b128b3188dc1829a,08,,,,,False,,,,,,,,,,False,False
/a/0/0/5,/a/0/0/5!/member_01173,0,/a/0/0/5,134,1173,,20240,20241,4380,4381,1,beead77994cf573341ec17b58bbf7eb34d2711c993c1d976b128b3188dc1829a,08,,,,,False,,,,,,,,,,False,False
/a/0/0/5,/a/0/0/5!/member_01174,0,/a/0/0/5,134,1174,,20244,20245,4384,4385,1,2f0fd1e89b8de1d57292742ec380ea47066e307ad645f5bc3adad8a06ff58608,15,,,,,False,,,,,,,,,,False,False
/a/0/0/5,/a/0/0/5!/member_01175,0,/a/0/0/5,134,1175,,20248,20249,4388,4389,1,2f0fd1e89b8de1d57292742ec380ea47066e307ad645f5bc3adad8a06ff58608,15,,,,,False,,,,,,,,,,False,False
/a/0/0/5,/a/0/0/5!/member_01176,0,/a/0/0/5,134,1176,,20252,20253,4392,4393,1,beead77994cf573341ec17b58bbf7eb34d2711c993c1d976b128b3188dc1829a,08,,,,,False,,,,,,,,,,False,False
/a/0/0/5,/a/0/0/5!/member_01177,0,/a/0/0/5,134,1177,,20256,20257,4396,4397,1,beead77994cf573341ec17b58bbf7eb34d2711c993c1d976b128b3188dc1829a,08,,,,,False,,,,,,,,,,False,False
/a/0/0/5,/a/0/0/5!/member_01178,0,/a/0/0/5,134,1178,,20260,20261,4400,4401,1,2b4c342f5433ebe591a1da77e013d1b72475562d48578dca8b84bac6651c3cb9,09,,,,,False,,,,,,,,,,False,False
/a/0/0/5,/a/0/0/5!/member_01179,0,/a/0/0/5,134,1179,,20264,20265,4404,4405,1,2b4c342f5433ebe591a1da77e013d1b72475562d48578dca8b84bac6651c3cb9,09,,,,,False,,,,,,,,,,False,False
/a/0/0/5,/a/0/0/5!/member_01180,0,/a/0/0/5,134,1180,,20268,20269,4408,4409,1,6e340b9cffb37a989ca544e6bb780a2c78901d3fb33738768511a30617afa01d,00,,,,,False,,,,,,,,,,False,False
/a/0/0/5,/a/0/0/5!/member_01181,0,/a/0/0/5,134,1181,,20272,20273,4412,4413,1,6e340b9cffb37a989ca544e6bb780a2c78901d3fb33738768511a30617afa01d,00,,,,,False,,,,,,,,,,False,False
/a/0/0/5,/a/0/0/5!/member_01182,0,/a/0/0/5,134,1182,,20276,20277,4416,4417,1,beead77994cf573341ec17b58bbf7eb34d2711c993c1d976b128b3188dc1829a,08,,,,,False,,,,,,,,,,False,False
/a/0/0/5,/a/0/0/5!/member_01183,0,/a/0/0/5,134,1183,,20280,20281,4420,4421,1,beead77994cf573341ec17b58bbf7eb34d2711c993c1d976b128b3188dc1829a,08,,,,,False,,,,,,,,,,False,False
/a/0/0/5,/a/0/0/5!/member_01184,0,/a/0/0/5,134,1184,,20284,20285,4424,4425,1,beead77994cf573341ec17b58bbf7eb34d2711c993c1d976b128b3188dc1829a,08,,,,,False,,,,,,,,,,False,False
/a/0/0/5,/a/0/0/5!/member_01185,0,/a/0/0/5,134,1185,,20288,20289,4428,4429,1,beead77994cf573341ec17b58bbf7eb34d2711c993c1d976b128b3188dc1829a,08,,,,,False,,,,,,,,,,False,False
/a/0/0/5,/a/0/0/5!/member_01186,0,/a/0/0/5,134,1186,,20292,20293,4432,4433,1,c555eab45d08845ae9f10d452a99bfcb06f74a50b988fe7e48dd323789b88ee3,10,,Nintendo LZ10,Probable,,True,Nintendo LZ10,Probable,True,,,,,,,False,False
/a/0/0/5,/a/0/0/5!/member_01187,0,/a/0/0/5,134,1187,,20296,20297,4436,4437,1,c555eab45d08845ae9f10d452a99bfcb06f74a50b988fe7e48dd323789b88ee3,10,,Nintendo LZ10,Probable,,True,Nintendo LZ10,Probable,True,,,,,,,False,False
/a/0/0/5,/a/0/0/5!/member_01188,0,/a/0/0/5,134,1188,,20300,20301,4440,4441,1,beead77994cf573341ec17b58bbf7eb34d2711c993c1d976b128b3188dc1829a,08,,,,,False,,,,,,,,,,False,False
/a/0/0/5,/a/0/0/5!/member_01189,0,/a/0/0/5,134,1189,,20304,20305,4444,4445,1,beead77994cf573341ec17b58bbf7eb34d2711c993c1d976b128b3188dc1829a,08,,,,,False,,,,,,,,,,False,False
/a/0/0/5,/a/0/0/5!/member_01190,0,/a/0/0/5,134,1190,,20308,20309,4448,4449,1,67586e98fad27da0b9968bc039a1ef34c939b9b8e523a8bef89d478608c5ecf6,06,,,,,False,,,,,,,,,,False,False
/a/0/0/5,/a/0/0/5!/member_01191,0,/a/0/0/5,134,1191,,20312,20313,4452,4453,1,67586e98fad27da0b9968bc039a1ef34c939b9b8e523a8bef89d478608c5ecf6,06,,,,,False,,,,,,,,,,False,False
/a/0/0/5,/a/0/0/5!/member_01192,0,/a/0/0/5,134,1192,,20316,20317,4456,4457,1,beead77994cf573341ec17b58bbf7eb34d2711c993c1d976b128b3188dc1829a,08,,,,,False,,,,,,,,,,False,False
/a/0/0/5,/a/0/0/5!/member_01193,0,/a/0/0/5,134,1193,,20320,20321,4460,4461,1,beead77994cf573341ec17b58bbf7eb34d2711c993c1d976b128b3188dc1829a,08,,,,,False,,,,,,,,,,False,False
/a/0/0/5,/a/0/0/5!/member_01194,0,/a/0/0/5,134,1194,,20324,20325,4464,4465,1,83891d7fe85c33e52c8b4e5814c92fb6a3b9467299200538a6babaa8b452d879,14,,,,,False,,,,,,,,,,False,False
/a/0/0/5,/a/0/0/5!/member_01195,0,/a/0/0/5,134,1195,,20328,20329,4468,4469,1,83891d7fe85c33e52c8b4e5814c92fb6a3b9467299200538a6babaa8b452d879,14,,,,,False,,,,,,,,,,False,False
/a/0/0/5,/a/0/0/5!/member_01196,0,/a/0/0/5,134,1196,,20332,20333,4472,4473,1,beead77994cf573341ec17b58bbf7eb34d2711c993c1d976b128b3188dc1829a,08,,,,,False,,,,,,,,,,False,False
/a/0/0/5,/a/0/0/5!/member_01197,0,/a/0/0/5,134,1197,,20336,20337,4476,4477,1,beead77994cf573341ec17b58bbf7eb34d2711c993c1d976b128b3188dc1829a,08,,,,,False,,,,,,,,,,False,False
/a/0/0/5,/a/0/0/5!/member_01198,0,/a/0/0/5,134,1198,,20340,20341,4480,4481,1,c555eab45d08845ae9f10d452a99bfcb06f74a50b988fe7e48dd323789b88ee3,10,,Nintendo LZ10,Probable,,True,Nintendo LZ10,Probable,True,,,,,,,False,False
/a/0/0/5,/a/0/0/5!/member_01199,0,/a/0/0/5,134,1199,,20344,20345,4484,4485,1,c555eab45d08845ae9f10d452a99bfcb06f74a50b988fe7e48dd323789b88ee3,10,,Nintendo LZ10,Probable,,True,Nintendo LZ10,Probable,True,,,,,,,False,False
/a/0/0/5,/a/0/0/5!/member_01200,0,/a/0/0/5,134,1200,,20348,20349,4488,4489,1,ca358758f6d27e6cf45272937977a748fd88391db679ceda7dc7bf1f005ee879,07,,,,,False,,,,,,,,,,False,False
/a/0/0/5,/a/0/0/5!/member_01201,0,/a/0/0/5,134,1201,,20352,20353,4492,4493,1,ca358758f6d27e6cf45272937977a748fd88391db679ceda7dc7bf1f005ee879,07,,,,,False,,,,,,,,,,False,False
/a/0/0/5,/a/0/0/5!/member_01202,0,/a/0/0/5,134,1202,,20356,20357,4496,4497,1,83891d7fe85c33e52c8b4e5814c92fb6a3b9467299200538a6babaa8b452d879,14,,,,,False,,,,,,,,,,False,False
/a/0/0/5,/a/0/0/5!/member_01203,0,/a/0/0/5,134,1203,,20360,20361,4500,4501,1,83891d7fe85c33e52c8b4e5814c92fb6a3b9467299200538a6babaa8b452d879,14,,,,,False,,,,,,,,,,False,False
/a/0/0/5,/a/0/0/5!/member_01204,0,/a/0/0/5,134,1204,,20364,20365,4504,4505,1,6e340b9cffb37a989ca544e6bb780a2c78901d3fb33738768511a30617afa01d,00,,,,,False,,,,,,,,,,False,False
/a/0/0/5,/a/0/0/5!/member_01205,0,/a/0/0/5,134,1205,,20368,20369,4508,4509,1,6e340b9cffb37a989ca544e6bb780a2c78901d3fb33738768511a30617afa01d,00,,,,,False,,,,,,,,,,False,False
/a/0/0/5,/a/0/0/5!/member_01206,0,/a/0/0/5,134,1206,,20372,20373,4512,4513,1,ef6cbd2161eaea7943ce8693b9824d23d1793ffb1c0fca05b600d3899b44c977,0c,,,,,False,,,,,,,,,,False,False
/a/0/0/5,/a/0/0/5!/member_01207,0,/a/0/0/5,134,1207,,20376,20377,4516,4517,1,ef6cbd2161eaea7943ce8693b9824d23d1793ffb1c0fca05b600d3899b44c977,0c,,,,,False,,,,,,,,,,False,False
/a/0/0/5,/a/0/0/5!/member_01208,0,/a/0/0/5,134,1208,,20380,20381,4520,4521,1,c555eab45d08845ae9f10d452a99bfcb06f74a50b988fe7e48dd323789b88ee3,10,,Nintendo LZ10,Probable,,True,Nintendo LZ10,Probable,True,,,,,,,False,False
/a/0/0/5,/a/0/0/5!/member_01209,0,/a/0/0/5,134,1209,,20384,20385,4524,4525,1,c555eab45d08845ae9f10d452a99bfcb06f74a50b988fe7e48dd323789b88ee3,10,,Nintendo LZ10,Probable,,True,Nintendo LZ10,Probable,True,,,,,,,False,False
/a/0/0/5,/a/0/0/5!/member_01210,0,/a/0/0/5,134,1210,,20388,20389,4528,4529,1,f299791cddd3d6664f6670842812ef6053eb6501bd6282a476bbbf3ee91e750c,12,,,,,False,,,,,,,,,,False,False
/a/0/0/5,/a/0/0/5!/member_01211,0,/a/0/0/5,134,1211,,20392,20393,4532,4533,1,f299791cddd3d6664f6670842812ef6053eb6501bd6282a476bbbf3ee91e750c,12,,,,,False,,,,,,,,,,False,False
/a/0/0/5,/a/0/0/5!/member_01212,0,/a/0/0/5,134,1212,,20396,20397,4536,4537,1,beead77994cf573341ec17b58bbf7eb34d2711c993c1d976b128b3188dc1829a,08,,,,,False,,,,,,,,,,False,False
/a/0/0/5,/a/0/0/5!/member_01213,0,/a/0/0/5,134,1213,,20400,20401,4540,4541,1,beead77994cf573341ec17b58bbf7eb34d2711c993c1d976b128b3188dc1829a,08,,,,,False,,,,,,,,,,False,False
/a/0/0/5,/a/0/0/5!/member_01214,0,/a/0/0/5,134,1214,,20404,20405,4544,4545,1,4a64a107f0cb32536e5bce6c98c393db21cca7f4ea187ba8c4dca8b51d4ea80a,11,,Nintendo LZ11,Probable,,True,Nintendo LZ11,Probable,True,,,,,,,False,False
/a/0/0/5,/a/0/0/5!/member_01215,0,/a/0/0/5,134,1215,,20408,20409,4548,4549,1,4a64a107f0cb32536e5bce6c98c393db21cca7f4ea187ba8c4dca8b51d4ea80a,11,,Nintendo LZ11,Probable,,True,Nintendo LZ11,Probable,True,,,,,,,False,False
/a/0/0/5,/a/0/0/5!/member_01216,0,/a/0/0/5,134,1216,,20412,20413,4552,4553,1,beead77994cf573341ec17b58bbf7eb34d2711c993c1d976b128b3188dc1829a,08,,,,,False,,,,,,,,,,False,False
/a/0/0/5,/a/0/0/5!/member_01217,0,/a/0/0/5,134,1217,,20416,20417,4556,4557,1,beead77994cf573341ec17b58bbf7eb34d2711c993c1d976b128b3188dc1829a,08,,,,,False,,,,,,,,,,False,False
/a/0/0/5,/a/0/0/5!/member_01218,0,/a/0/0/5,134,1218,,20420,20421,4560,4561,1,68aa2e2ee5dff96e3355e6c7ee373e3d6a4e17f75f9518d843709c0c9bc3e3d4,19,,,,,False,,,,,,,,,,False,False
/a/0/0/5,/a/0/0/5!/member_01219,0,/a/0/0/5,134,1219,,20424,20425,4564,4565,1,68aa2e2ee5dff96e3355e6c7ee373e3d6a4e17f75f9518d843709c0c9bc3e3d4,19,,,,,False,,,,,,,,,,False,False
/a/0/0/5,/a/0/0/5!/member_01220,0,/a/0/0/5,134,1220,,20428,20429,4568,4569,1,beead77994cf573341ec17b58bbf7eb34d2711c993c1d976b128b3188dc1829a,08,,,,,False,,,,,,,,,,False,False
/a/0/0/5,/a/0/0/5!/member_01221,0,/a/0/0/5,134,1221,,20432,20433,4572,4573,1,beead77994cf573341ec17b58bbf7eb34d2711c993c1d976b128b3188dc1829a,08,,,,,False,,,,,,,,,,False,False
/a/0/0/5,/a/0/0/5!/member_01222,0,/a/0/0/5,134,1222,,20436,20437,4576,4577,1,f299791cddd3d6664f6670842812ef6053eb6501bd6282a476bbbf3ee91e750c,12,,,,,False,,,,,,,,,,False,False
/a/0/0/5,/a/0/0/5!/member_01223,0,/a/0/0/5,134,1223,,20440,20441,4580,4581,1,f299791cddd3d6664f6670842812ef6053eb6501bd6282a476bbbf3ee91e750c,12,,,,,False,,,,,,,,,,False,False
/a/0/0/5,/a/0/0/5!/member_01224,0,/a/0/0/5,134,1224,,20444,20445,4584,4585,1,beead77994cf573341ec17b58bbf7eb34d2711c993c1d976b128b3188dc1829a,08,,,,,False,,,,,,,,,,False,False
/a/0/0/5,/a/0/0/5!/member_01225,0,/a/0/0/5,134,1225,,20448,20449,4588,4589,1,beead77994cf573341ec17b58bbf7eb34d2711c993c1d976b128b3188dc1829a,08,,,,,False,,,,,,,,,,False,False
/a/0/0/5,/a/0/0/5!/member_01226,0,/a/0/0/5,134,1226,,20452,20453,4592,4593,1,67586e98fad27da0b9968bc039a1ef34c939b9b8e523a8bef89d478608c5ecf6,06,,,,,False,,,,,,,,,,False,False
/a/0/0/5,/a/0/0/5!/member_01227,0,/a/0/0/5,134,1227,,20456,20457,4596,4597,1,67586e98fad27da0b9968bc039a1ef34c939b9b8e523a8bef89d478608c5ecf6,06,,,,,False,,,,,,,,,,False,False
/a/0/0/5,/a/0/0/5!/member_01228,0,/a/0/0/5,134,1228,,20460,20461,4600,4601,1,beead77994cf573341ec17b58bbf7eb34d2711c993c1d976b128b3188dc1829a,08,,,,,False,,,,,,,,,,False,False
/a/0/0/5,/a/0/0/5!/member_01229,0,/a/0/0/5,134,1229,,20464,20465,4604,4605,1,beead77994cf573341ec17b58bbf7eb34d2711c993c1d976b128b3188dc1829a,08,,,,,False,,,,,,,,,,False,False
/a/0/0/5,/a/0/0/5!/member_01230,0,/a/0/0/5,134,1230,,20468,20469,4608,4609,1,83891d7fe85c33e52c8b4e5814c92fb6a3b9467299200538a6babaa8b452d879,14,,,,,False,,,,,,,,,,False,False
/a/0/0/5,/a/0/0/5!/member_01231,0,/a/0/0/5,134,1231,,20472,20473,4612,4613,1,83891d7fe85c33e52c8b4e5814c92fb6a3b9467299200538a6babaa8b452d879,14,,,,,False,,,,,,,,,,False,False
/a/0/0/5,/a/0/0/5!/member_01232,0,/a/0/0/5,134,1232,,20476,20477,4616,4617,1,6e340b9cffb37a989ca544e6bb780a2c78901d3fb33738768511a30617afa01d,00,,,,,False,,,,,,,,,,False,False
/a/0/0/5,/a/0/0/5!/member_01233,0,/a/0/0/5,134,1233,,20480,20481,4620,4621,1,6e340b9cffb37a989ca544e6bb780a2c78901d3fb33738768511a30617afa01d,00,,,,,False,,,,,,,,,,False,False
/a/0/0/5,/a/0/0/5!/member_01234,0,/a/0/0/5,134,1234,,20484,20485,4624,4625,1,ca358758f6d27e6cf45272937977a748fd88391db679ceda7dc7bf1f005ee879,07,,,,,False,,,,,,,,,,False,False
/a/0/0/5,/a/0/0/5!/member_01235,0,/a/0/0/5,134,1235,,20488,20489,4628,4629,1,ca358758f6d27e6cf45272937977a748fd88391db679ceda7dc7bf1f005ee879,07,,,,,False,,,,,,,,,,False,False
/a/0/0/5,/a/0/0/5!/member_01236,0,/a/0/0/5,134,1236,,20492,20493,4632,4633,1,c555eab45d08845ae9f10d452a99bfcb06f74a50b988fe7e48dd323789b88ee3,10,,Nintendo LZ10,Probable,,True,Nintendo LZ10,Probable,True,,,,,,,False,False
/a/0/0/5,/a/0/0/5!/member_01237,0,/a/0/0/5,134,1237,,20496,20497,4636,4637,1,c555eab45d08845ae9f10d452a99bfcb06f74a50b988fe7e48dd323789b88ee3,10,,Nintendo LZ10,Probable,,True,Nintendo LZ10,Probable,True,,,,,,,False,False
/a/0/0/5,/a/0/0/5!/member_01238,0,/a/0/0/5,134,1238,,20500,20501,4640,4641,1,8f11b05da785e43e713d03774c6bd3405d99cd3024af334ffd68db663aa37034,17,,,,,False,,,,,,,,,,False,False
/a/0/0/5,/a/0/0/5!/member_01239,0,/a/0/0/5,134,1239,,20504,20505,4644,4645,1,8f11b05da785e43e713d03774c6bd3405d99cd3024af334ffd68db663aa37034,17,,,,,False,,,,,,,,,,False,False
/a/0/0/5,/a/0/0/5!/member_01240,0,/a/0/0/5,134,1240,,20508,20509,4648,4649,1,6e340b9cffb37a989ca544e6bb780a2c78901d3fb33738768511a30617afa01d,00,,,,,False,,,,,,,,,,False,False
/a/0/0/5,/a/0/0/5!/member_01241,0,/a/0/0/5,134,1241,,20512,20513,4652,4653,1,6e340b9cffb37a989ca544e6bb780a2c78901d3fb33738768511a30617afa01d,00,,,,,False,,,,,,,,,,False,False
/a/0/0/5,/a/0/0/5!/member_01242,0,/a/0/0/5,134,1242,,20516,20517,4656,4657,1,beead77994cf573341ec17b58bbf7eb34d2711c993c1d976b128b3188dc1829a,08,,,,,False,,,,,,,,,,False,False
/a/0/0/5,/a/0/0/5!/member_01243,0,/a/0/0/5,134,1243,,20520,20521,4660,4661,1,beead77994cf573341ec17b58bbf7eb34d2711c993c1d976b128b3188dc1829a,08,,,,,False,,,,,,,,,,False,False
/a/0/0/5,/a/0/0/5!/member_01244,0,/a/0/0/5,134,1244,,20524,20525,4664,4665,1,67586e98fad27da0b9968bc039a1ef34c939b9b8e523a8bef89d478608c5ecf6,06,,,,,False,,,,,,,,,,False,False
/a/0/0/5,/a/0/0/5!/member_01245,0,/a/0/0/5,134,1245,,20528,20529,4668,4669,1,67586e98fad27da0b9968bc039a1ef34c939b9b8e523a8bef89d478608c5ecf6,06,,,,,False,,,,,,,,,,False,False
/a/0/0/5,/a/0/0/5!/member_01246,0,/a/0/0/5,134,1246,,20532,20533,4672,4673,1,83891d7fe85c33e52c8b4e5814c92fb6a3b9467299200538a6babaa8b452d879,14,,,,,False,,,,,,,,,,False,False
/a/0/0/5,/a/0/0/5!/member_01247,0,/a/0/0/5,134,1247,,20536,20537,4676,4677,1,83891d7fe85c33e52c8b4e5814c92fb6a3b9467299200538a6babaa8b452d879,14,,,,,False,,,,,,,,,,False,False
/a/0/0/5,/a/0/0/5!/member_01248,0,/a/0/0/5,134,1248,,20540,20541,4680,4681,1,e77b9a9ae9e30b0dbdb6f510a264ef9de781501d7b6b92ae89eb059c5ab743db,05,,,,,False,,,,,,,,,,False,False
/a/0/0/5,/a/0/0/5!/member_01249,0,/a/0/0/5,134,1249,,20544,20545,4684,4685,1,e77b9a9ae9e30b0dbdb6f510a264ef9de781501d7b6b92ae89eb059c5ab743db,05,,,,,False,,,,,,,,,,False,False
/a/0/0/5,/a/0/0/5!/member_01250,0,/a/0/0/5,134,1250,,20548,20549,4688,4689,1,83891d7fe85c33e52c8b4e5814c92fb6a3b9467299200538a6babaa8b452d879,14,,,,,False,,,,,,,,,,False,False
/a/0/0/5,/a/0/0/5!/member_01251,0,/a/0/0/5,134,1251,,20552,20553,4692,4693,1,83891d7fe85c33e52c8b4e5814c92fb6a3b9467299200538a6babaa8b452d879,14,,,,,False,,,,,,,,,,False,False
/a/0/0/5,/a/0/0/5!/member_01252,0,/a/0/0/5,134,1252,,20556,20556,4696,4696,0,e3b0c44298fc1c149afbf4c8996fb92427ae41e4649b934ca495991b7852b855,,,,,,False,,,,,,,,,,False,False
/a/0/0/5,/a/0/0/5!/member_01253,0,/a/0/0/5,134,1253,,20556,20557,4696,4697,1,e52d9c508c502347344d8c07ad91cbd6068afc75ff6292f062a09ca381c89e71,04,,,,,False,,,,,,,,,,False,False
/a/0/0/5,/a/0/0/5!/member_01254,0,/a/0/0/5,134,1254,,20560,20560,4700,4700,0,e3b0c44298fc1c149afbf4c8996fb92427ae41e4649b934ca495991b7852b855,,,,,,False,,,,,,,,,,False,False
/a/0/0/5,/a/0/0/5!/member_01255,0,/a/0/0/5,134,1255,,20560,20561,4700,4701,1,4a64a107f0cb32536e5bce6c98c393db21cca7f4ea187ba8c4dca8b51d4ea80a,11,,Nintendo LZ11,Probable,,True,Nintendo LZ11,Probable,True,,,,,,,False,False
/a/0/0/5,/a/0/0/5!/member_01256,0,/a/0/0/5,134,1256,,20564,20565,4704,4705,1,01ba4719c80b6fe911b091a7c05124b64eeece964e09c058ef8f9805daca546b,0a,,,,,False,,,,,,,,,,False,False
/a/0/0/5,/a/0/0/5!/member_01257,0,/a/0/0/5,134,1257,,20568,20568,4708,4708,0,e3b0c44298fc1c149afbf4c8996fb92427ae41e4649b934ca495991b7852b855,,,,,,False,,,,,,,,,,False,False
/a/0/0/5,/a/0/0/5!/member_01258,0,/a/0/0/5,134,1258,,20568,20569,4708,4709,1,f299791cddd3d6664f6670842812ef6053eb6501bd6282a476bbbf3ee91e750c,12,,,,,False,,,,,,,,,,False,False
/a/0/0/5,/a/0/0/5!/member_01259,0,/a/0/0/5,134,1259,,20572,20572,4712,4712,0,e3b0c44298fc1c149afbf4c8996fb92427ae41e4649b934ca495991b7852b855,,,,,,False,,,,,,,,,,False,False
/a/0/0/5,/a/0/0/5!/member_01260,0,/a/0/0/5,134,1260,,20572,20573,4712,4713,1,beead77994cf573341ec17b58bbf7eb34d2711c993c1d976b128b3188dc1829a,08,,,,,False,,,,,,,,,,False,False
/a/0/0/5,/a/0/0/5!/member_01261,0,/a/0/0/5,134,1261,,20576,20577,4716,4717,1,beead77994cf573341ec17b58bbf7eb34d2711c993c1d976b128b3188dc1829a,08,,,,,False,,,,,,,,,,False,False
/a/0/0/5,/a/0/0/5!/member_01262,0,/a/0/0/5,134,1262,,20580,20581,4720,4721,1,f299791cddd3d6664f6670842812ef6053eb6501bd6282a476bbbf3ee91e750c,12,,,,,False,,,,,,,,,,False,False
/a/0/0/5,/a/0/0/5!/member_01263,0,/a/0/0/5,134,1263,,20584,20585,4724,4725,1,f299791cddd3d6664f6670842812ef6053eb6501bd6282a476bbbf3ee91e750c,12,,,,,False,,,,,,,,,,False,False
/a/0/0/5,/a/0/0/5!/member_01264,0,/a/0/0/5,134,1264,,20588,20589,4728,4729,1,beead77994cf573341ec17b58bbf7eb34d2711c993c1d976b128b3188dc1829a,08,,,,,False,,,,,,,,,,False,False
/a/0/0/5,/a/0/0/5!/member_01265,0,/a/0/0/5,134,1265,,20592,20593,4732,4733,1,beead77994cf573341ec17b58bbf7eb34d2711c993c1d976b128b3188dc1829a,08,,,,,False,,,,,,,,,,False,False
/a/0/0/5,/a/0/0/5!/member_01266,0,/a/0/0/5,134,1266,,20596,20597,4736,4737,1,452ba1ddef80246c48be7690193c76c1d61185906be9401014fe14f1be64b74f,18,,,,,False,,,,,,,,,,False,False
/a/0/0/5,/a/0/0/5!/member_01267,0,/a/0/0/5,134,1267,,20600,20601,4740,4741,1,452ba1ddef80246c48be7690193c76c1d61185906be9401014fe14f1be64b74f,18,,,,,False,,,,,,,,,,False,False
/a/0/0/5,/a/0/0/5!/member_01268,0,/a/0/0/5,134,1268,,20604,20605,4744,4745,1,e77b9a9ae9e30b0dbdb6f510a264ef9de781501d7b6b92ae89eb059c5ab743db,05,,,,,False,,,,,,,,,,False,False
/a/0/0/5,/a/0/0/5!/member_01269,0,/a/0/0/5,134,1269,,20608,20609,4748,4749,1,e77b9a9ae9e30b0dbdb6f510a264ef9de781501d7b6b92ae89eb059c5ab743db,05,,,,,False,,,,,,,,,,False,False
/a/0/0/5,/a/0/0/5!/member_01270,0,/a/0/0/5,134,1270,,20612,20613,4752,4753,1,ef6cbd2161eaea7943ce8693b9824d23d1793ffb1c0fca05b600d3899b44c977,0c,,,,,False,,,,,,,,,,False,False
/a/0/0/5,/a/0/0/5!/member_01271,0,/a/0/0/5,134,1271,,20616,20617,4756,4757,1,ef6cbd2161eaea7943ce8693b9824d23d1793ffb1c0fca05b600d3899b44c977,0c,,,,,False,,,,,,,,,,False,False
/a/0/0/5,/a/0/0/5!/member_01272,0,/a/0/0/5,134,1272,,20620,20621,4760,4761,1,9d1e0e2d9459d06523ad13e28a4093c2316baafe7aec5b25f30eba2e113599c4,0d,,,,,False,,,,,,,,,,False,False
/a/0/0/5,/a/0/0/5!/member_01273,0,/a/0/0/5,134,1273,,20624,20625,4764,4765,1,9d1e0e2d9459d06523ad13e28a4093c2316baafe7aec5b25f30eba2e113599c4,0d,,,,,False,,,,,,,,,,False,False
/a/0/0/5,/a/0/0/5!/member_01274,0,/a/0/0/5,134,1274,,20628,20629,4768,4769,1,dc0e9c3658a1a3ed1ec94274d8b19925c93e1abb7ddba294923ad9bde30f8cb8,0f,,,,,False,,,,,,,,,,False,False
/a/0/0/5,/a/0/0/5!/member_01275,0,/a/0/0/5,134,1275,,20632,20633,4772,4773,1,dc0e9c3658a1a3ed1ec94274d8b19925c93e1abb7ddba294923ad9bde30f8cb8,0f,,,,,False,,,,,,,,,,False,False
/a/0/0/5,/a/0/0/5!/member_01276,0,/a/0/0/5,134,1276,,20636,20637,4776,4777,1,e52d9c508c502347344d8c07ad91cbd6068afc75ff6292f062a09ca381c89e71,04,,,,,False,,,,,,,,,,False,False
/a/0/0/5,/a/0/0/5!/member_01277,0,/a/0/0/5,134,1277,,20640,20641,4780,4781,1,e52d9c508c502347344d8c07ad91cbd6068afc75ff6292f062a09ca381c89e71,04,,,,,False,,,,,,,,,,False,False
/a/0/0/5,/a/0/0/5!/member_01278,0,/a/0/0/5,134,1278,,20644,20645,4784,4785,1,e77b9a9ae9e30b0dbdb6f510a264ef9de781501d7b6b92ae89eb059c5ab743db,05,,,,,False,,,,,,,,,,False,False
/a/0/0/5,/a/0/0/5!/member_01279,0,/a/0/0/5,134,1279,,20648,20649,4788,4789,1,e77b9a9ae9e30b0dbdb6f510a264ef9de781501d7b6b92ae89eb059c5ab743db,05,,,,,False,,,,,,,,,,False,False
/a/0/0/5,/a/0/0/5!/member_01280,0,/a/0/0/5,134,1280,,20652,20653,4792,4793,1,beead77994cf573341ec17b58bbf7eb34d2711c993c1d976b128b3188dc1829a,08,,,,,False,,,,,,,,,,False,False
/a/0/0/5,/a/0/0/5!/member_01281,0,/a/0/0/5,134,1281,,20656,20657,4796,4797,1,beead77994cf573341ec17b58bbf7eb34d2711c993c1d976b128b3188dc1829a,08,,,,,False,,,,,,,,,,False,False
/a/0/0/5,/a/0/0/5!/member_01282,0,/a/0/0/5,134,1282,,20660,20661,4800,4801,1,2f0fd1e89b8de1d57292742ec380ea47066e307ad645f5bc3adad8a06ff58608,15,,,,,False,,,,,,,,,,False,False
/a/0/0/5,/a/0/0/5!/member_01283,0,/a/0/0/5,134,1283,,20664,20665,4804,4805,1,2f0fd1e89b8de1d57292742ec380ea47066e307ad645f5bc3adad8a06ff58608,15,,,,,False,,,,,,,,,,False,False
/a/0/0/5,/a/0/0/5!/member_01284,0,/a/0/0/5,134,1284,,20668,20669,4808,4809,1,bd4fc42a21f1f860a1030e6eba23d53ecab71bd19297ab6c074381d4ecee0018,1c,,,,,False,,,,,,,,,,False,False
/a/0/0/5,/a/0/0/5!/member_01285,0,/a/0/0/5,134,1285,,20672,20673,4812,4813,1,bd4fc42a21f1f860a1030e6eba23d53ecab71bd19297ab6c074381d4ecee0018,1c,,,,,False,,,,,,,,,,False,False
/a/0/0/5,/a/0/0/5!/member_01286,0,/a/0/0/5,134,1286,,20676,20677,4816,4817,1,67586e98fad27da0b9968bc039a1ef34c939b9b8e523a8bef89d478608c5ecf6,06,,,,,False,,,,,,,,,,False,False
/a/0/0/5,/a/0/0/5!/member_01287,0,/a/0/0/5,134,1287,,20680,20681,4820,4821,1,67586e98fad27da0b9968bc039a1ef34c939b9b8e523a8bef89d478608c5ecf6,06,,,,,False,,,,,,,,,,False,False
/a/0/0/5,/a/0/0/5!/member_01288,0,/a/0/0/5,134,1288,,20684,20685,4824,4825,1,beead77994cf573341ec17b58bbf7eb34d2711c993c1d976b128b3188dc1829a,08,,,,,False,,,,,,,,,,False,False
/a/0/0/5,/a/0/0/5!/member_01289,0,/a/0/0/5,134,1289,,20688,20689,4828,4829,1,beead77994cf573341ec17b58bbf7eb34d2711c993c1d976b128b3188dc1829a,08,,,,,False,,,,,,,,,,False,False
/a/0/0/5,/a/0/0/5!/member_01290,0,/a/0/0/5,134,1290,,20692,20693,4832,4833,1,4a64a107f0cb32536e5bce6c98c393db21cca7f4ea187ba8c4dca8b51d4ea80a,11,,Nintendo LZ11,Probable,,True,Nintendo LZ11,Probable,True,,,,,,,False,False
/a/0/0/5,/a/0/0/5!/member_01291,0,/a/0/0/5,134,1291,,20696,20697,4836,4837,1,4a64a107f0cb32536e5bce6c98c393db21cca7f4ea187ba8c4dca8b51d4ea80a,11,,Nintendo LZ11,Probable,,True,Nintendo LZ11,Probable,True,,,,,,,False,False
/a/0/0/5,/a/0/0/5!/member_01292,0,/a/0/0/5,134,1292,,20700,20701,4840,4841,1,c555eab45d08845ae9f10d452a99bfcb06f74a50b988fe7e48dd323789b88ee3,10,,Nintendo LZ10,Probable,,True,Nintendo LZ10,Probable,True,,,,,,,False,False
/a/0/0/5,/a/0/0/5!/member_01293,0,/a/0/0/5,134,1293,,20704,20705,4844,4845,1,c555eab45d08845ae9f10d452a99bfcb06f74a50b988fe7e48dd323789b88ee3,10,,Nintendo LZ10,Probable,,True,Nintendo LZ10,Probable,True,,,,,,,False,False
/a/0/0/5,/a/0/0/5!/member_01294,0,/a/0/0/5,134,1294,,20708,20709,4848,4849,1,01ba4719c80b6fe911b091a7c05124b64eeece964e09c058ef8f9805daca546b,0a,,,,,False,,,,,,,,,,False,False
/a/0/0/5,/a/0/0/5!/member_01295,0,/a/0/0/5,134,1295,,20712,20713,4852,4853,1,e7cf46a078fed4fafd0b5e3aff144802b853f8ae459a4f0c14add3314b7cc3a6,0b,,,,,False,,,,,,,,,,False,False
/a/0/0/5,/a/0/0/5!/member_01296,0,/a/0/0/5,134,1296,,20716,20717,4856,4857,1,01ba4719c80b6fe911b091a7c05124b64eeece964e09c058ef8f9805daca546b,0a,,,,,False,,,,,,,,,,False,False
/a/0/0/5,/a/0/0/5!/member_01297,0,/a/0/0/5,134,1297,,20720,20721,4860,4861,1,01ba4719c80b6fe911b091a7c05124b64eeece964e09c058ef8f9805daca546b,0a,,,,,False,,,,,,,,,,False,False
/a/0/0/5,/a/0/0/5!/member_01298,0,/a/0/0/5,134,1298,,20724,20725,4864,4865,1,01ba4719c80b6fe911b091a7c05124b64eeece964e09c058ef8f9805daca546b,0a,,,,,False,,,,,,,,,,False,False
/a/0/0/5,/a/0/0/5!/member_01299,0,/a/0/0/5,134,1299,,20728,20729,4868,4869,1,01ba4719c80b6fe911b091a7c05124b64eeece964e09c058ef8f9805daca546b,0a,,,,,False,,,,,,,,,,False,False
/a/0/0/5,/a/0/0/5!/member_01300,0,/a/0/0/5,134,1300,,20732,20733,4872,4873,1,e52d9c508c502347344d8c07ad91cbd6068afc75ff6292f062a09ca381c89e71,04,,,,,False,,,,,,,,,,False,False
/a/0/0/5,/a/0/0/5!/member_01301,0,/a/0/0/5,134,1301,,20736,20737,4876,4877,1,e52d9c508c502347344d8c07ad91cbd6068afc75ff6292f062a09ca381c89e71,04,,,,,False,,,,,,,,,,False,False
/a/0/0/5,/a/0/0/5!/member_01302,0,/a/0/0/5,134,1302,,20740,20741,4880,4881,1,c555eab45d08845ae9f10d452a99bfcb06f74a50b988fe7e48dd323789b88ee3,10,,Nintendo LZ10,Probable,,True,Nintendo LZ10,Probable,True,,,,,,,False,False
/a/0/0/5,/a/0/0/5!/member_01303,0,/a/0/0/5,134,1303,,20744,20745,4884,4885,1,c555eab45d08845ae9f10d452a99bfcb06f74a50b988fe7e48dd323789b88ee3,10,,Nintendo LZ10,Probable,,True,Nintendo LZ10,Probable,True,,,,,,,False,False
/a/0/0/5,/a/0/0/5!/member_01304,0,/a/0/0/5,134,1304,,20748,20749,4888,4889,1,084fed08b978af4d7d196a7446a86b58009e636b611db16211b65a9aadff29c5,03,,,,,False,,,,,,,,,,False,False
/a/0/0/5,/a/0/0/5!/member_01305,0,/a/0/0/5,134,1305,,20752,20753,4892,4893,1,084fed08b978af4d7d196a7446a86b58009e636b611db16211b65a9aadff29c5,03,,,,,False,,,,,,,,,,False,False
/a/0/0/5,/a/0/0/5!/member_01306,0,/a/0/0/5,134,1306,,20756,20757,4896,4897,1,e7cf46a078fed4fafd0b5e3aff144802b853f8ae459a4f0c14add3314b7cc3a6,0b,,,,,False,,,,,,,,,,False,False
/a/0/0/5,/a/0/0/5!/member_01307,0,/a/0/0/5,134,1307,,20760,20761,4900,4901,1,e7cf46a078fed4fafd0b5e3aff144802b853f8ae459a4f0c14add3314b7cc3a6,0b,,,,,False,,,,,,,,,,False,False
/a/0/0/5,/a/0/0/5!/member_01308,0,/a/0/0/5,134,1308,,20764,20765,4904,4905,1,beead77994cf573341ec17b58bbf7eb34d2711c993c1d976b128b3188dc1829a,08,,,,,False,,,,,,,,,,False,False
/a/0/0/5,/a/0/0/5!/member_01309,0,/a/0/0/5,134,1309,,20768,20769,4908,4909,1,beead77994cf573341ec17b58bbf7eb34d2711c993c1d976b128b3188dc1829a,08,,,,,False,,,,,,,,,,False,False
/a/0/0/5,/a/0/0/5!/member_01310,0,/a/0/0/5,134,1310,,20772,20773,4912,4913,1,dc0e9c3658a1a3ed1ec94274d8b19925c93e1abb7ddba294923ad9bde30f8cb8,0f,,,,,False,,,,,,,,,,False,False
/a/0/0/5,/a/0/0/5!/member_01311,0,/a/0/0/5,134,1311,,20776,20777,4916,4917,1,dc0e9c3658a1a3ed1ec94274d8b19925c93e1abb7ddba294923ad9bde30f8cb8,0f,,,,,False,,,,,,,,,,False,False
/a/0/0/5,/a/0/0/5!/member_01312,0,/a/0/0/5,134,1312,,20780,20781,4920,4921,1,9d1e0e2d9459d06523ad13e28a4093c2316baafe7aec5b25f30eba2e113599c4,0d,,,,,False,,,,,,,,,,False,False
/a/0/0/5,/a/0/0/5!/member_01313,0,/a/0/0/5,134,1313,,20784,20785,4924,4925,1,9d1e0e2d9459d06523ad13e28a4093c2316baafe7aec5b25f30eba2e113599c4,0d,,,,,False,,,,,,,,,,False,False
/a/0/0/5,/a/0/0/5!/member_01314,0,/a/0/0/5,134,1314,,20788,20789,4928,4929,1,8f11b05da785e43e713d03774c6bd3405d99cd3024af334ffd68db663aa37034,17,,,,,False,,,,,,,,,,False,False
/a/0/0/5,/a/0/0/5!/member_01315,0,/a/0/0/5,134,1315,,20792,20793,4932,4933,1,8f11b05da785e43e713d03774c6bd3405d99cd3024af334ffd68db663aa37034,17,,,,,False,,,,,,,,,,False,False
/a/0/0/5,/a/0/0/5!/member_01316,0,/a/0/0/5,134,1316,,20796,20797,4936,4937,1,c555eab45d08845ae9f10d452a99bfcb06f74a50b988fe7e48dd323789b88ee3,10,,Nintendo LZ10,Probable,,True,Nintendo LZ10,Probable,True,,,,,,,False,False
/a/0/0/5,/a/0/0/5!/member_01317,0,/a/0/0/5,134,1317,,20800,20801,4940,4941,1,c555eab45d08845ae9f10d452a99bfcb06f74a50b988fe7e48dd323789b88ee3,10,,Nintendo LZ10,Probable,,True,Nintendo LZ10,Probable,True,,,,,,,False,False
/a/0/0/5,/a/0/0/5!/member_01318,0,/a/0/0/5,134,1318,,20804,20805,4944,4945,1,c555eab45d08845ae9f10d452a99bfcb06f74a50b988fe7e48dd323789b88ee3,10,,Nintendo LZ10,Probable,,True,Nintendo LZ10,Probable,True,,,,,,,False,False
/a/0/0/5,/a/0/0/5!/member_01319,0,/a/0/0/5,134,1319,,20808,20809,4948,4949,1,c555eab45d08845ae9f10d452a99bfcb06f74a50b988fe7e48dd323789b88ee3,10,,Nintendo LZ10,Probable,,True,Nintendo LZ10,Probable,True,,,,,,,False,False
/a/0/0/5,/a/0/0/5!/member_01320,0,/a/0/0/5,134,1320,,20812,20813,4952,4953,1,e52d9c508c502347344d8c07ad91cbd6068afc75ff6292f062a09ca381c89e71,04,,,,,False,,,,,,,,,,False,False
/a/0/0/5,/a/0/0/5!/member_01321,0,/a/0/0/5,134,1321,,20816,20817,4956,4957,1,e52d9c508c502347344d8c07ad91cbd6068afc75ff6292f062a09ca381c89e71,04,,,,,False,,,,,,,,,,False,False
/a/0/0/5,/a/0/0/5!/member_01322,0,/a/0/0/5,134,1322,,20820,20821,4960,4961,1,67586e98fad27da0b9968bc039a1ef34c939b9b8e523a8bef89d478608c5ecf6,06,,,,,False,,,,,,,,,,False,False
/a/0/0/5,/a/0/0/5!/member_01323,0,/a/0/0/5,134,1323,,20824,20825,4964,4965,1,67586e98fad27da0b9968bc039a1ef34c939b9b8e523a8bef89d478608c5ecf6,06,,,,,False,,,,,,,,,,False,False
/a/0/0/5,/a/0/0/5!/member_01324,0,/a/0/0/5,134,1324,,20828,20829,4968,4969,1,c555eab45d08845ae9f10d452a99bfcb06f74a50b988fe7e48dd323789b88ee3,10,,Nintendo LZ10,Probable,,True,Nintendo LZ10,Probable,True,,,,,,,False,False
/a/0/0/5,/a/0/0/5!/member_01325,0,/a/0/0/5,134,1325,,20832,20833,4972,4973,1,c555eab45d08845ae9f10d452a99bfcb06f74a50b988fe7e48dd323789b88ee3,10,,Nintendo LZ10,Probable,,True,Nintendo LZ10,Probable,True,,,,,,,False,False
/a/0/0/5,/a/0/0/5!/member_01326,0,/a/0/0/5,134,1326,,20836,20837,4976,4977,1,8f11b05da785e43e713d03774c6bd3405d99cd3024af334ffd68db663aa37034,17,,,,,False,,,,,,,,,,False,False
/a/0/0/5,/a/0/0/5!/member_01327,0,/a/0/0/5,134,1327,,20840,20841,4980,4981,1,8f11b05da785e43e713d03774c6bd3405d99cd3024af334ffd68db663aa37034,17,,,,,False,,,,,,,,,,False,False
/a/0/0/5,/a/0/0/5!/member_01328,0,/a/0/0/5,134,1328,,20844,20845,4984,4985,1,6e340b9cffb37a989ca544e6bb780a2c78901d3fb33738768511a30617afa01d,00,,,,,False,,,,,,,,,,False,False
/a/0/0/5,/a/0/0/5!/member_01329,0,/a/0/0/5,134,1329,,20848,20849,4988,4989,1,6e340b9cffb37a989ca544e6bb780a2c78901d3fb33738768511a30617afa01d,00,,,,,False,,,,,,,,,,False,False
/a/0/0/5,/a/0/0/5!/member_01330,0,/a/0/0/5,134,1330,,20852,20853,4992,4993,1,e77b9a9ae9e30b0dbdb6f510a264ef9de781501d7b6b92ae89eb059c5ab743db,05,,,,,False,,,,,,,,,,False,False
/a/0/0/5,/a/0/0/5!/member_01331,0,/a/0/0/5,134,1331,,20856,20857,4996,4997,1,e77b9a9ae9e30b0dbdb6f510a264ef9de781501d7b6b92ae89eb059c5ab743db,05,,,,,False,,,,,,,,,,False,False
/a/0/0/5,/a/0/0/5!/member_01332,0,/a/0/0/5,134,1332,,20860,20861,5000,5001,1,4d7b3ef7300acf70c892d8327db8272f54434adbc61a4e130a563cb59a0d0f47,0e,,,,,False,,,,,,,,,,False,False
/a/0/0/5,/a/0/0/5!/member_01333,0,/a/0/0/5,134,1333,,20864,20865,5004,5005,1,4d7b3ef7300acf70c892d8327db8272f54434adbc61a4e130a563cb59a0d0f47,0e,,,,,False,,,,,,,,,,False,False
/a/0/0/5,/a/0/0/5!/member_01334,0,/a/0/0/5,134,1334,,20868,20869,5008,5009,1,68aa2e2ee5dff96e3355e6c7ee373e3d6a4e17f75f9518d843709c0c9bc3e3d4,19,,,,,False,,,,,,,,,,False,False
/a/0/0/5,/a/0/0/5!/member_01335,0,/a/0/0/5,134,1335,,20872,20873,5012,5013,1,68aa2e2ee5dff96e3355e6c7ee373e3d6a4e17f75f9518d843709c0c9bc3e3d4,19,,,,,False,,,,,,,,,,False,False
/a/0/0/5,/a/0/0/5!/member_01336,0,/a/0/0/5,134,1336,,20876,20877,5016,5017,1,9d1e0e2d9459d06523ad13e28a4093c2316baafe7aec5b25f30eba2e113599c4,0d,,,,,False,,,,,,,,,,False,False
/a/0/0/5,/a/0/0/5!/member_01337,0,/a/0/0/5,134,1337,,20880,20881,5020,5021,1,9d1e0e2d9459d06523ad13e28a4093c2316baafe7aec5b25f30eba2e113599c4,0d,,,,,False,,,,,,,,,,False,False
/a/0/0/5,/a/0/0/5!/member_01338,0,/a/0/0/5,134,1338,,20884,20885,5024,5025,1,ef6cbd2161eaea7943ce8693b9824d23d1793ffb1c0fca05b600d3899b44c977,0c,,,,,False,,,,,,,,,,False,False
/a/0/0/5,/a/0/0/5!/member_01339,0,/a/0/0/5,134,1339,,20888,20889,5028,5029,1,ef6cbd2161eaea7943ce8693b9824d23d1793ffb1c0fca05b600d3899b44c977,0c,,,,,False,,,,,,,,,,False,False
/a/0/0/5,/a/0/0/5!/member_01340,0,/a/0/0/5,134,1340,,20892,20893,5032,5033,1,beead77994cf573341ec17b58bbf7eb34d2711c993c1d976b128b3188dc1829a,08,,,,,False,,,,,,,,,,False,False
/a/0/0/5,/a/0/0/5!/member_01341,0,/a/0/0/5,134,1341,,20896,20897,5036,5037,1,beead77994cf573341ec17b58bbf7eb34d2711c993c1d976b128b3188dc1829a,08,,,,,False,,,,,,,,,,False,False
/a/0/0/5,/a/0/0/5!/member_01342,0,/a/0/0/5,134,1342,,20900,20901,5040,5041,1,2b4c342f5433ebe591a1da77e013d1b72475562d48578dca8b84bac6651c3cb9,09,,,,,False,,,,,,,,,,False,False
/a/0/0/5,/a/0/0/5!/member_01343,0,/a/0/0/5,134,1343,,20904,20905,5044,5045,1,2b4c342f5433ebe591a1da77e013d1b72475562d48578dca8b84bac6651c3cb9,09,,,,,False,,,,,,,,,,False,False
/a/0/0/5,/a/0/0/5!/member_01344,0,/a/0/0/5,134,1344,,20908,20909,5048,5049,1,6e340b9cffb37a989ca544e6bb780a2c78901d3fb33738768511a30617afa01d,00,,,,,False,,,,,,,,,,False,False
/a/0/0/5,/a/0/0/5!/member_01345,0,/a/0/0/5,134,1345,,20912,20913,5052,5053,1,6e340b9cffb37a989ca544e6bb780a2c78901d3fb33738768511a30617afa01d,00,,,,,False,,,,,,,,,,False,False
/a/0/0/5,/a/0/0/5!/member_01346,0,/a/0/0/5,134,1346,,20916,20917,5056,5057,1,beead77994cf573341ec17b58bbf7eb34d2711c993c1d976b128b3188dc1829a,08,,,,,False,,,,,,,,,,False,False
/a/0/0/5,/a/0/0/5!/member_01347,0,/a/0/0/5,134,1347,,20920,20921,5060,5061,1,beead77994cf573341ec17b58bbf7eb34d2711c993c1d976b128b3188dc1829a,08,,,,,False,,,,,,,,,,False,False
/a/0/0/5,/a/0/0/5!/member_01348,0,/a/0/0/5,134,1348,,20924,20924,5064,5064,0,e3b0c44298fc1c149afbf4c8996fb92427ae41e4649b934ca495991b7852b855,,,,,,False,,,,,,,,,,False,False
/a/0/0/5,/a/0/0/5!/member_01349,0,/a/0/0/5,134,1349,,20924,20925,5064,5065,1,beead77994cf573341ec17b58bbf7eb34d2711c993c1d976b128b3188dc1829a,08,,,,,False,,,,,,,,,,False,False
/a/0/0/5,/a/0/0/5!/member_01350,0,/a/0/0/5,134,1350,,20928,20928,5068,5068,0,e3b0c44298fc1c149afbf4c8996fb92427ae41e4649b934ca495991b7852b855,,,,,,False,,,,,,,,,,False,False
/a/0/0/5,/a/0/0/5!/member_01351,0,/a/0/0/5,134,1351,,20928,20929,5068,5069,1,4a64a107f0cb32536e5bce6c98c393db21cca7f4ea187ba8c4dca8b51d4ea80a,11,,Nintendo LZ11,Probable,,True,Nintendo LZ11,Probable,True,,,,,,,False,False
/a/0/0/5,/a/0/0/5!/member_01352,0,/a/0/0/5,134,1352,,20932,20932,5072,5072,0,e3b0c44298fc1c149afbf4c8996fb92427ae41e4649b934ca495991b7852b855,,,,,,False,,,,,,,,,,False,False
/a/0/0/5,/a/0/0/5!/member_01353,0,/a/0/0/5,134,1353,,20932,20933,5072,5073,1,084fed08b978af4d7d196a7446a86b58009e636b611db16211b65a9aadff29c5,03,,,,,False,,,,,,,,,,False,False
/a/0/0/5,/a/0/0/5!/member_01354,0,/a/0/0/5,134,1354,,20936,20936,5076,5076,0,e3b0c44298fc1c149afbf4c8996fb92427ae41e4649b934ca495991b7852b855,,,,,,False,,,,,,,,,,False,False
/a/0/0/5,/a/0/0/5!/member_01355,0,/a/0/0/5,134,1355,,20936,20937,5076,5077,1,ca358758f6d27e6cf45272937977a748fd88391db679ceda7dc7bf1f005ee879,07,,,,,False,,,,,,,,,,False,False
/a/0/0/5,/a/0/0/5!/member_01356,0,/a/0/0/5,134,1356,,20940,20941,5080,5081,1,e7cf46a078fed4fafd0b5e3aff144802b853f8ae459a4f0c14add3314b7cc3a6,0b,,,,,False,,,,,,,,,,False,False
/a/0/0/5,/a/0/0/5!/member_01357,0,/a/0/0/5,134,1357,,20944,20945,5084,5085,1,e7cf46a078fed4fafd0b5e3aff144802b853f8ae459a4f0c14add3314b7cc3a6,0b,,,,,False,,,,,,,,,,False,False
/a/0/0/5,/a/0/0/5!/member_01358,0,/a/0/0/5,134,1358,,20948,20949,5088,5089,1,452ba1ddef80246c48be7690193c76c1d61185906be9401014fe14f1be64b74f,18,,,,,False,,,,,,,,,,False,False
/a/0/0/5,/a/0/0/5!/member_01359,0,/a/0/0/5,134,1359,,20952,20953,5092,5093,1,452ba1ddef80246c48be7690193c76c1d61185906be9401014fe14f1be64b74f,18,,,,,False,,,,,,,,,,False,False
/a/0/0/5,/a/0/0/5!/member_01360,0,/a/0/0/5,134,1360,,20956,20957,5096,5097,1,4d7b3ef7300acf70c892d8327db8272f54434adbc61a4e130a563cb59a0d0f47,0e,,,,,False,,,,,,,,,,False,False
/a/0/0/5,/a/0/0/5!/member_01361,0,/a/0/0/5,134,1361,,20960,20961,5100,5101,1,4d7b3ef7300acf70c892d8327db8272f54434adbc61a4e130a563cb59a0d0f47,0e,,,,,False,,,,,,,,,,False,False
/a/0/0/5,/a/0/0/5!/member_01362,0,/a/0/0/5,134,1362,,20964,20965,5104,5105,1,83891d7fe85c33e52c8b4e5814c92fb6a3b9467299200538a6babaa8b452d879,14,,,,,False,,,,,,,,,,False,False
/a/0/0/5,/a/0/0/5!/member_01363,0,/a/0/0/5,134,1363,,20968,20969,5108,5109,1,83891d7fe85c33e52c8b4e5814c92fb6a3b9467299200538a6babaa8b452d879,14,,,,,False,,,,,,,,,,False,False
/a/0/0/5,/a/0/0/5!/member_01364,0,/a/0/0/5,134,1364,,20972,20973,5112,5113,1,2b4c342f5433ebe591a1da77e013d1b72475562d48578dca8b84bac6651c3cb9,09,,,,,False,,,,,,,,,,False,False
/a/0/0/5,/a/0/0/5!/member_01365,0,/a/0/0/5,134,1365,,20976,20977,5116,5117,1,2b4c342f5433ebe591a1da77e013d1b72475562d48578dca8b84bac6651c3cb9,09,,,,,False,,,,,,,,,,False,False
/a/0/0/5,/a/0/0/5!/member_01366,0,/a/0/0/5,134,1366,,20980,20981,5120,5121,1,f299791cddd3d6664f6670842812ef6053eb6501bd6282a476bbbf3ee91e750c,12,,,,,False,,,,,,,,,,False,False
/a/0/0/5,/a/0/0/5!/member_01367,0,/a/0/0/5,134,1367,,20984,20985,5124,5125,1,f299791cddd3d6664f6670842812ef6053eb6501bd6282a476bbbf3ee91e750c,12,,,,,False,,,,,,,,,,False,False
/a/0/0/5,/a/0/0/5!/member_01368,0,/a/0/0/5,134,1368,,20988,20989,5128,5129,1,ca358758f6d27e6cf45272937977a748fd88391db679ceda7dc7bf1f005ee879,07,,,,,False,,,,,,,,,,False,False
/a/0/0/5,/a/0/0/5!/member_01369,0,/a/0/0/5,134,1369,,20992,20993,5132,5133,1,ca358758f6d27e6cf45272937977a748fd88391db679ceda7dc7bf1f005ee879,07,,,,,False,,,,,,,,,,False,False
/a/0/0/5,/a/0/0/5!/member_01370,0,/a/0/0/5,134,1370,,20996,20997,5136,5137,1,01ba4719c80b6fe911b091a7c05124b64eeece964e09c058ef8f9805daca546b,0a,,,,,False,,,,,,,,,,False,False
/a/0/0/5,/a/0/0/5!/member_01371,0,/a/0/0/5,134,1371,,21000,21001,5140,5141,1,01ba4719c80b6fe911b091a7c05124b64eeece964e09c058ef8f9805daca546b,0a,,,,,False,,,,,,,,,,False,False
/a/0/0/5,/a/0/0/5!/member_01372,0,/a/0/0/5,134,1372,,21004,21004,5144,5144,0,e3b0c44298fc1c149afbf4c8996fb92427ae41e4649b934ca495991b7852b855,,,,,,False,,,,,,,,,,False,False
/a/0/0/5,/a/0/0/5!/member_01373,0,/a/0/0/5,134,1373,,21004,21005,5144,5145,1,ef6cbd2161eaea7943ce8693b9824d23d1793ffb1c0fca05b600d3899b44c977,0c,,,,,False,,,,,,,,,,False,False
/a/0/0/5,/a/0/0/5!/member_01374,0,/a/0/0/5,134,1374,,21008,21008,5148,5148,0,e3b0c44298fc1c149afbf4c8996fb92427ae41e4649b934ca495991b7852b855,,,,,,False,,,,,,,,,,False,False
/a/0/0/5,/a/0/0/5!/member_01375,0,/a/0/0/5,134,1375,,21008,21009,5148,5149,1,8f11b05da785e43e713d03774c6bd3405d99cd3024af334ffd68db663aa37034,17,,,,,False,,,,,,,,,,False,False
/a/0/0/5,/a/0/0/5!/member_01376,0,/a/0/0/5,134,1376,,21012,21012,5152,5152,0,e3b0c44298fc1c149afbf4c8996fb92427ae41e4649b934ca495991b7852b855,,,,,,False,,,,,,,,,,False,False
/a/0/0/5,/a/0/0/5!/member_01377,0,/a/0/0/5,134,1377,,21012,21013,5152,5153,1,beead77994cf573341ec17b58bbf7eb34d2711c993c1d976b128b3188dc1829a,08,,,,,False,,,,,,,,,,False,False
/a/0/0/5,/a/0/0/5!/member_01378,0,/a/0/0/5,134,1378,,21016,21016,5156,5156,0,e3b0c44298fc1c149afbf4c8996fb92427ae41e4649b934ca495991b7852b855,,,,,,False,,,,,,,,,,False,False
/a/0/0/5,/a/0/0/5!/member_01379,0,/a/0/0/5,134,1379,,21016,21017,5156,5157,1,01ba4719c80b6fe911b091a7c05124b64eeece964e09c058ef8f9805daca546b,0a,,,,,False,,,,,,,,,,False,False
/a/0/0/5,/a/0/0/5!/member_01380,0,/a/0/0/5,134,1380,,21020,21021,5160,5161,1,e7cf46a078fed4fafd0b5e3aff144802b853f8ae459a4f0c14add3314b7cc3a6,0b,,,,,False,,,,,,,,,,False,False
/a/0/0/5,/a/0/0/5!/member_01381,0,/a/0/0/5,134,1381,,21024,21025,5164,5165,1,e7cf46a078fed4fafd0b5e3aff144802b853f8ae459a4f0c14add3314b7cc3a6,0b,,,,,False,,,,,,,,,,False,False
/a/0/0/5,/a/0/0/5!/member_01382,0,/a/0/0/5,134,1382,,21028,21029,5168,5169,1,c555eab45d08845ae9f10d452a99bfcb06f74a50b988fe7e48dd323789b88ee3,10,,Nintendo LZ10,Probable,,True,Nintendo LZ10,Probable,True,,,,,,,False,False
/a/0/0/5,/a/0/0/5!/member_01383,0,/a/0/0/5,134,1383,,21032,21033,5172,5173,1,c555eab45d08845ae9f10d452a99bfcb06f74a50b988fe7e48dd323789b88ee3,10,,Nintendo LZ10,Probable,,True,Nintendo LZ10,Probable,True,,,,,,,False,False
/a/0/0/5,/a/0/0/5!/member_01384,0,/a/0/0/5,134,1384,,21036,21037,5176,5177,1,6e340b9cffb37a989ca544e6bb780a2c78901d3fb33738768511a30617afa01d,00,,,,,False,,,,,,,,,,False,False
/a/0/0/5,/a/0/0/5!/member_01385,0,/a/0/0/5,134,1385,,21040,21041,5180,5181,1,6e340b9cffb37a989ca544e6bb780a2c78901d3fb33738768511a30617afa01d,00,,,,,False,,,,,,,,,,False,False
/a/0/0/5,/a/0/0/5!/member_01386,0,/a/0/0/5,134,1386,,21044,21045,5184,5185,1,67586e98fad27da0b9968bc039a1ef34c939b9b8e523a8bef89d478608c5ecf6,06,,,,,False,,,,,,,,,,False,False
/a/0/0/5,/a/0/0/5!/member_01387,0,/a/0/0/5,134,1387,,21048,21049,5188,5189,1,67586e98fad27da0b9968bc039a1ef34c939b9b8e523a8bef89d478608c5ecf6,06,,,,,False,,,,,,,,,,False,False
/a/0/0/5,/a/0/0/5!/member_01388,0,/a/0/0/5,134,1388,,21052,21053,5192,5193,1,452ba1ddef80246c48be7690193c76c1d61185906be9401014fe14f1be64b74f,18,,,,,False,,,,,,,,,,False,False
/a/0/0/5,/a/0/0/5!/member_01389,0,/a/0/0/5,134,1389,,21056,21057,5196,5197,1,452ba1ddef80246c48be7690193c76c1d61185906be9401014fe14f1be64b74f,18,,,,,False,,,,,,,,,,False,False
/a/0/0/5,/a/0/0/5!/member_01390,0,/a/0/0/5,134,1390,,21060,21061,5200,5201,1,c555eab45d08845ae9f10d452a99bfcb06f74a50b988fe7e48dd323789b88ee3,10,,Nintendo LZ10,Probable,,True,Nintendo LZ10,Probable,True,,,,,,,False,False
/a/0/0/5,/a/0/0/5!/member_01391,0,/a/0/0/5,134,1391,,21064,21065,5204,5205,1,c555eab45d08845ae9f10d452a99bfcb06f74a50b988fe7e48dd323789b88ee3,10,,Nintendo LZ10,Probable,,True,Nintendo LZ10,Probable,True,,,,,,,False,False
/a/0/0/5,/a/0/0/5!/member_01392,0,/a/0/0/5,134,1392,,21068,21069,5208,5209,1,e77b9a9ae9e30b0dbdb6f510a264ef9de781501d7b6b92ae89eb059c5ab743db,05,,,,,False,,,,,,,,,,False,False
/a/0/0/5,/a/0/0/5!/member_01393,0,/a/0/0/5,134,1393,,21072,21073,5212,5213,1,e77b9a9ae9e30b0dbdb6f510a264ef9de781501d7b6b92ae89eb059c5ab743db,05,,,,,False,,,,,,,,,,False,False
/a/0/0/5,/a/0/0/5!/member_01394,0,/a/0/0/5,134,1394,,21076,21077,5216,5217,1,beead77994cf573341ec17b58bbf7eb34d2711c993c1d976b128b3188dc1829a,08,,,,,False,,,,,,,,,,False,False
/a/0/0/5,/a/0/0/5!/member_01395,0,/a/0/0/5,134,1395,,21080,21081,5220,5221,1,beead77994cf573341ec17b58bbf7eb34d2711c993c1d976b128b3188dc1829a,08,,,,,False,,,,,,,,,,False,False
/a/0/0/5,/a/0/0/5!/member_01396,0,/a/0/0/5,134,1396,,21084,21085,5224,5225,1,beead77994cf573341ec17b58bbf7eb34d2711c993c1d976b128b3188dc1829a,08,,,,,False,,,,,,,,,,False,False
/a/0/0/5,/a/0/0/5!/member_01397,0,/a/0/0/5,134,1397,,21088,21089,5228,5229,1,beead77994cf573341ec17b58bbf7eb34d2711c993c1d976b128b3188dc1829a,08,,,,,False,,,,,,,,,,False,False
/a/0/0/5,/a/0/0/5!/member_01398,0,/a/0/0/5,134,1398,,21092,21093,5232,5233,1,ab897fbdedfa502b2d839b6a56100887dccdc507555c282e59589e06300a62e2,13,,,,,False,,,,,,,,,,False,False
/a/0/0/5,/a/0/0/5!/member_01399,0,/a/0/0/5,134,1399,,21096,21097,5236,5237,1,ab897fbdedfa502b2d839b6a56100887dccdc507555c282e59589e06300a62e2,13,,,,,False,,,,,,,,,,False,False
/a/0/0/5,/a/0/0/5!/member_01400,0,/a/0/0/5,134,1400,,21100,21101,5240,5241,1,6e340b9cffb37a989ca544e6bb780a2c78901d3fb33738768511a30617afa01d,00,,,,,False,,,,,,,,,,False,False
/a/0/0/5,/a/0/0/5!/member_01401,0,/a/0/0/5,134,1401,,21104,21105,5244,5245,1,6e340b9cffb37a989ca544e6bb780a2c78901d3fb33738768511a30617afa01d,00,,,,,False,,,,,,,,,,False,False
/a/0/0/5,/a/0/0/5!/member_01402,0,/a/0/0/5,134,1402,,21108,21109,5248,5249,1,ca358758f6d27e6cf45272937977a748fd88391db679ceda7dc7bf1f005ee879,07,,,,,False,,,,,,,,,,False,False
/a/0/0/5,/a/0/0/5!/member_01403,0,/a/0/0/5,134,1403,,21112,21113,5252,5253,1,ca358758f6d27e6cf45272937977a748fd88391db679ceda7dc7bf1f005ee879,07,,,,,False,,,,,,,,,,False,False
/a/0/0/5,/a/0/0/5!/member_01404,0,/a/0/0/5,134,1404,,21116,21117,5256,5257,1,beead77994cf573341ec17b58bbf7eb34d2711c993c1d976b128b3188dc1829a,08,,,,,False,,,,,,,,,,False,False
/a/0/0/5,/a/0/0/5!/member_01405,0,/a/0/0/5,134,1405,,21120,21121,5260,5261,1,beead77994cf573341ec17b58bbf7eb34d2711c993c1d976b128b3188dc1829a,08,,,,,False,,,,,,,,,,False,False
/a/0/0/5,/a/0/0/5!/member_01406,0,/a/0/0/5,134,1406,,21124,21125,5264,5265,1,68aa2e2ee5dff96e3355e6c7ee373e3d6a4e17f75f9518d843709c0c9bc3e3d4,19,,,,,False,,,,,,,,,,False,False
/a/0/0/5,/a/0/0/5!/member_01407,0,/a/0/0/5,134,1407,,21128,21129,5268,5269,1,68aa2e2ee5dff96e3355e6c7ee373e3d6a4e17f75f9518d843709c0c9bc3e3d4,19,,,,,False,,,,,,,,,,False,False
/a/0/0/5,/a/0/0/5!/member_01408,0,/a/0/0/5,134,1408,,21132,21133,5272,5273,1,beead77994cf573341ec17b58bbf7eb34d2711c993c1d976b128b3188dc1829a,08,,,,,False,,,,,,,,,,False,False
/a/0/0/5,/a/0/0/5!/member_01409,0,/a/0/0/5,134,1409,,21136,21137,5276,5277,1,beead77994cf573341ec17b58bbf7eb34d2711c993c1d976b128b3188dc1829a,08,,,,,False,,,,,,,,,,False,False
/a/0/0/5,/a/0/0/5!/member_01410,0,/a/0/0/5,134,1410,,21140,21141,5280,5281,1,dc0e9c3658a1a3ed1ec94274d8b19925c93e1abb7ddba294923ad9bde30f8cb8,0f,,,,,False,,,,,,,,,,False,False
/a/0/0/5,/a/0/0/5!/member_01411,0,/a/0/0/5,134,1411,,21144,21145,5284,5285,1,dc0e9c3658a1a3ed1ec94274d8b19925c93e1abb7ddba294923ad9bde30f8cb8,0f,,,,,False,,,,,,,,,,False,False
/a/0/0/5,/a/0/0/5!/member_01412,0,/a/0/0/5,134,1412,,21148,21149,5288,5289,1,01ba4719c80b6fe911b091a7c05124b64eeece964e09c058ef8f9805daca546b,0a,,,,,False,,,,,,,,,,False,False
/a/0/0/5,/a/0/0/5!/member_01413,0,/a/0/0/5,134,1413,,21152,21153,5292,5293,1,01ba4719c80b6fe911b091a7c05124b64eeece964e09c058ef8f9805daca546b,0a,,,,,False,,,,,,,,,,False,False
/a/0/0/5,/a/0/0/5!/member_01414,0,/a/0/0/5,134,1414,,21156,21157,5296,5297,1,2f0fd1e89b8de1d57292742ec380ea47066e307ad645f5bc3adad8a06ff58608,15,,,,,False,,,,,,,,,,False,False
/a/0/0/5,/a/0/0/5!/member_01415,0,/a/0/0/5,134,1415,,21160,21161,5300,5301,1,2f0fd1e89b8de1d57292742ec380ea47066e307ad645f5bc3adad8a06ff58608,15,,,,,False,,,,,,,,,,False,False
/a/0/0/5,/a/0/0/5!/member_01416,0,/a/0/0/5,134,1416,,21164,21165,5304,5305,1,e52d9c508c502347344d8c07ad91cbd6068afc75ff6292f062a09ca381c89e71,04,,,,,False,,,,,,,,,,False,False
/a/0/0/5,/a/0/0/5!/member_01417,0,/a/0/0/5,134,1417,,21168,21169,5308,5309,1,e52d9c508c502347344d8c07ad91cbd6068afc75ff6292f062a09ca381c89e71,04,,,,,False,,,,,,,,,,False,False
/a/0/0/5,/a/0/0/5!/member_01418,0,/a/0/0/5,134,1418,,21172,21173,5312,5313,1,4d7b3ef7300acf70c892d8327db8272f54434adbc61a4e130a563cb59a0d0f47,0e,,,,,False,,,,,,,,,,False,False
/a/0/0/5,/a/0/0/5!/member_01419,0,/a/0/0/5,134,1419,,21176,21177,5316,5317,1,4d7b3ef7300acf70c892d8327db8272f54434adbc61a4e130a563cb59a0d0f47,0e,,,,,False,,,,,,,,,,False,False
/a/0/0/5,/a/0/0/5!/member_01420,0,/a/0/0/5,134,1420,,21180,21181,5320,5321,1,beead77994cf573341ec17b58bbf7eb34d2711c993c1d976b128b3188dc1829a,08,,,,,False,,,,,,,,,,False,False
/a/0/0/5,/a/0/0/5!/member_01421,0,/a/0/0/5,134,1421,,21184,21185,5324,5325,1,beead77994cf573341ec17b58bbf7eb34d2711c993c1d976b128b3188dc1829a,08,,,,,False,,,,,,,,,,False,False
/a/0/0/5,/a/0/0/5!/member_01422,0,/a/0/0/5,134,1422,,21188,21189,5328,5329,1,452ba1ddef80246c48be7690193c76c1d61185906be9401014fe14f1be64b74f,18,,,,,False,,,,,,,,,,False,False
/a/0/0/5,/a/0/0/5!/member_01423,0,/a/0/0/5,134,1423,,21192,21193,5332,5333,1,452ba1ddef80246c48be7690193c76c1d61185906be9401014fe14f1be64b74f,18,,,,,False,,,,,,,,,,False,False
/a/0/0/5,/a/0/0/5!/member_01424,0,/a/0/0/5,134,1424,,21196,21197,5336,5337,1,084fed08b978af4d7d196a7446a86b58009e636b611db16211b65a9aadff29c5,03,,,,,False,,,,,,,,,,False,False
/a/0/0/5,/a/0/0/5!/member_01425,0,/a/0/0/5,134,1425,,21200,21201,5340,5341,1,084fed08b978af4d7d196a7446a86b58009e636b611db16211b65a9aadff29c5,03,,,,,False,,,,,,,,,,False,False
/a/0/0/5,/a/0/0/5!/member_01426,0,/a/0/0/5,134,1426,,21204,21205,5344,5345,1,e77b9a9ae9e30b0dbdb6f510a264ef9de781501d7b6b92ae89eb059c5ab743db,05,,,,,False,,,,,,,,,,False,False
/a/0/0/5,/a/0/0/5!/member_01427,0,/a/0/0/5,134,1427,,21208,21209,5348,5349,1,e77b9a9ae9e30b0dbdb6f510a264ef9de781501d7b6b92ae89eb059c5ab743db,05,,,,,False,,,,,,,,,,False,False
/a/0/0/5,/a/0/0/5!/member_01428,0,/a/0/0/5,134,1428,,21212,21213,5352,5353,1,6e340b9cffb37a989ca544e6bb780a2c78901d3fb33738768511a30617afa01d,00,,,,,False,,,,,,,,,,False,False
/a/0/0/5,/a/0/0/5!/member_01429,0,/a/0/0/5,134,1429,,21216,21217,5356,5357,1,6e340b9cffb37a989ca544e6bb780a2c78901d3fb33738768511a30617afa01d,00,,,,,False,,,,,,,,,,False,False
/a/0/0/5,/a/0/0/5!/member_01430,0,/a/0/0/5,134,1430,,21220,21221,5360,5361,1,6e340b9cffb37a989ca544e6bb780a2c78901d3fb33738768511a30617afa01d,00,,,,,False,,,,,,,,,,False,False
/a/0/0/5,/a/0/0/5!/member_01431,0,/a/0/0/5,134,1431,,21224,21225,5364,5365,1,6e340b9cffb37a989ca544e6bb780a2c78901d3fb33738768511a30617afa01d,00,,,,,False,,,,,,,,,,False,False
/a/0/0/5,/a/0/0/5!/member_01432,0,/a/0/0/5,134,1432,,21228,21229,5368,5369,1,beead77994cf573341ec17b58bbf7eb34d2711c993c1d976b128b3188dc1829a,08,,,,,False,,,,,,,,,,False,False
/a/0/0/5,/a/0/0/5!/member_01433,0,/a/0/0/5,134,1433,,21232,21233,5372,5373,1,beead77994cf573341ec17b58bbf7eb34d2711c993c1d976b128b3188dc1829a,08,,,,,False,,,,,,,,,,False,False
/a/0/0/5,/a/0/0/5!/member_01434,0,/a/0/0/5,134,1434,,21236,21237,5376,5377,1,ef6cbd2161eaea7943ce8693b9824d23d1793ffb1c0fca05b600d3899b44c977,0c,,,,,False,,,,,,,,,,False,False
/a/0/0/5,/a/0/0/5!/member_01435,0,/a/0/0/5,134,1435,,21240,21241,5380,5381,1,ef6cbd2161eaea7943ce8693b9824d23d1793ffb1c0fca05b600d3899b44c977,0c,,,,,False,,,,,,,,,,False,False
/a/0/0/5,/a/0/0/5!/member_01436,0,/a/0/0/5,134,1436,,21244,21245,5384,5385,1,e52d9c508c502347344d8c07ad91cbd6068afc75ff6292f062a09ca381c89e71,04,,,,,False,,,,,,,,,,False,False
/a/0/0/5,/a/0/0/5!/member_01437,0,/a/0/0/5,134,1437,,21248,21249,5388,5389,1,e52d9c508c502347344d8c07ad91cbd6068afc75ff6292f062a09ca381c89e71,04,,,,,False,,,,,,,,,,False,False
/a/0/0/5,/a/0/0/5!/member_01438,0,/a/0/0/5,134,1438,,21252,21253,5392,5393,1,ef6cbd2161eaea7943ce8693b9824d23d1793ffb1c0fca05b600d3899b44c977,0c,,,,,False,,,,,,,,,,False,False
/a/0/0/5,/a/0/0/5!/member_01439,0,/a/0/0/5,134,1439,,21256,21257,5396,5397,1,ef6cbd2161eaea7943ce8693b9824d23d1793ffb1c0fca05b600d3899b44c977,0c,,,,,False,,,,,,,,,,False,False
/a/0/0/5,/a/0/0/5!/member_01440,0,/a/0/0/5,134,1440,,21260,21261,5400,5401,1,dc0e9c3658a1a3ed1ec94274d8b19925c93e1abb7ddba294923ad9bde30f8cb8,0f,,,,,False,,,,,,,,,,False,False
/a/0/0/5,/a/0/0/5!/member_01441,0,/a/0/0/5,134,1441,,21264,21265,5404,5405,1,dc0e9c3658a1a3ed1ec94274d8b19925c93e1abb7ddba294923ad9bde30f8cb8,0f,,,,,False,,,,,,,,,,False,False
/a/0/0/5,/a/0/0/5!/member_01442,0,/a/0/0/5,134,1442,,21268,21269,5408,5409,1,2f0fd1e89b8de1d57292742ec380ea47066e307ad645f5bc3adad8a06ff58608,15,,,,,False,,,,,,,,,,False,False
/a/0/0/5,/a/0/0/5!/member_01443,0,/a/0/0/5,134,1443,,21272,21273,5412,5413,1,2f0fd1e89b8de1d57292742ec380ea47066e307ad645f5bc3adad8a06ff58608,15,,,,,False,,,,,,,,,,False,False
/a/0/0/5,/a/0/0/5!/member_01444,0,/a/0/0/5,134,1444,,21276,21277,5416,5417,1,9d1e0e2d9459d06523ad13e28a4093c2316baafe7aec5b25f30eba2e113599c4,0d,,,,,False,,,,,,,,,,False,False
/a/0/0/5,/a/0/0/5!/member_01445,0,/a/0/0/5,134,1445,,21280,21281,5420,5421,1,9d1e0e2d9459d06523ad13e28a4093c2316baafe7aec5b25f30eba2e113599c4,0d,,,,,False,,,,,,,,,,False,False
/a/0/0/5,/a/0/0/5!/member_01446,0,/a/0/0/5,134,1446,,21284,21285,5424,5425,1,ab897fbdedfa502b2d839b6a56100887dccdc507555c282e59589e06300a62e2,13,,,,,False,,,,,,,,,,False,False
/a/0/0/5,/a/0/0/5!/member_01447,0,/a/0/0/5,134,1447,,21288,21289,5428,5429,1,ab897fbdedfa502b2d839b6a56100887dccdc507555c282e59589e06300a62e2,13,,,,,False,,,,,,,,,,False,False
/a/0/0/5,/a/0/0/5!/member_01448,0,/a/0/0/5,134,1448,,21292,21293,5432,5433,1,9d1e0e2d9459d06523ad13e28a4093c2316baafe7aec5b25f30eba2e113599c4,0d,,,,,False,,,,,,,,,,False,False
/a/0/0/5,/a/0/0/5!/member_01449,0,/a/0/0/5,134,1449,,21296,21297,5436,5437,1,9d1e0e2d9459d06523ad13e28a4093c2316baafe7aec5b25f30eba2e113599c4,0d,,,,,False,,,,,,,,,,False,False
/a/0/0/5,/a/0/0/5!/member_01450,0,/a/0/0/5,134,1450,,21300,21301,5440,5441,1,dc0e9c3658a1a3ed1ec94274d8b19925c93e1abb7ddba294923ad9bde30f8cb8,0f,,,,,False,,,,,,,,,,False,False
/a/0/0/5,/a/0/0/5!/member_01451,0,/a/0/0/5,134,1451,,21304,21305,5444,5445,1,dc0e9c3658a1a3ed1ec94274d8b19925c93e1abb7ddba294923ad9bde30f8cb8,0f,,,,,False,,,,,,,,,,False,False
/a/0/0/5,/a/0/0/5!/member_01452,0,/a/0/0/5,134,1452,,21308,21309,5448,5449,1,2f0fd1e89b8de1d57292742ec380ea47066e307ad645f5bc3adad8a06ff58608,15,,,,,False,,,,,,,,,,False,False
/a/0/0/5,/a/0/0/5!/member_01453,0,/a/0/0/5,134,1453,,21312,21313,5452,5453,1,2f0fd1e89b8de1d57292742ec380ea47066e307ad645f5bc3adad8a06ff58608,15,,,,,False,,,,,,,,,,False,False
/a/0/0/5,/a/0/0/5!/member_01454,0,/a/0/0/5,134,1454,,21316,21317,5456,5457,1,7cb7c4547cf2653590d7a9ace60cc623d25148adfbc88a89aeb0ef88da7839ba,16,,,,,False,,,,,,,,,,False,False
/a/0/0/5,/a/0/0/5!/member_01455,0,/a/0/0/5,134,1455,,21320,21321,5460,5461,1,7cb7c4547cf2653590d7a9ace60cc623d25148adfbc88a89aeb0ef88da7839ba,16,,,,,False,,,,,,,,,,False,False
/a/0/0/5,/a/0/0/5!/member_01456,0,/a/0/0/5,134,1456,,21324,21325,5464,5465,1,c555eab45d08845ae9f10d452a99bfcb06f74a50b988fe7e48dd323789b88ee3,10,,Nintendo LZ10,Probable,,True,Nintendo LZ10,Probable,True,,,,,,,False,False
/a/0/0/5,/a/0/0/5!/member_01457,0,/a/0/0/5,134,1457,,21328,21329,5468,5469,1,c555eab45d08845ae9f10d452a99bfcb06f74a50b988fe7e48dd323789b88ee3,10,,Nintendo LZ10,Probable,,True,Nintendo LZ10,Probable,True,,,,,,,False,False
/a/0/0/5,/a/0/0/5!/member_01458,0,/a/0/0/5,134,1458,,21332,21333,5472,5473,1,4a64a107f0cb32536e5bce6c98c393db21cca7f4ea187ba8c4dca8b51d4ea80a,11,,Nintendo LZ11,Probable,,True,Nintendo LZ11,Probable,True,,,,,,,False,False
/a/0/0/5,/a/0/0/5!/member_01459,0,/a/0/0/5,134,1459,,21336,21337,5476,5477,1,4a64a107f0cb32536e5bce6c98c393db21cca7f4ea187ba8c4dca8b51d4ea80a,11,,Nintendo LZ11,Probable,,True,Nintendo LZ11,Probable,True,,,,,,,False,False
/a/0/0/5,/a/0/0/5!/member_01460,0,/a/0/0/5,134,1460,,21340,21341,5480,5481,1,6e340b9cffb37a989ca544e6bb780a2c78901d3fb33738768511a30617afa01d,00,,,,,False,,,,,,,,,,False,False
/a/0/0/5,/a/0/0/5!/member_01461,0,/a/0/0/5,134,1461,,21344,21345,5484,5485,1,6e340b9cffb37a989ca544e6bb780a2c78901d3fb33738768511a30617afa01d,00,,,,,False,,,,,,,,,,False,False
/a/0/0/5,/a/0/0/5!/member_01462,0,/a/0/0/5,134,1462,,21348,21349,5488,5489,1,2b4c342f5433ebe591a1da77e013d1b72475562d48578dca8b84bac6651c3cb9,09,,,,,False,,,,,,,,,,False,False
/a/0/0/5,/a/0/0/5!/member_01463,0,/a/0/0/5,134,1463,,21352,21353,5492,5493,1,2b4c342f5433ebe591a1da77e013d1b72475562d48578dca8b84bac6651c3cb9,09,,,,,False,,,,,,,,,,False,False
/a/0/0/5,/a/0/0/5!/member_01464,0,/a/0/0/5,134,1464,,21356,21357,5496,5497,1,ab897fbdedfa502b2d839b6a56100887dccdc507555c282e59589e06300a62e2,13,,,,,False,,,,,,,,,,False,False
/a/0/0/5,/a/0/0/5!/member_01465,0,/a/0/0/5,134,1465,,21360,21361,5500,5501,1,ab897fbdedfa502b2d839b6a56100887dccdc507555c282e59589e06300a62e2,13,,,,,False,,,,,,,,,,False,False
/a/0/0/5,/a/0/0/5!/member_01466,0,/a/0/0/5,134,1466,,21364,21365,5504,5505,1,83891d7fe85c33e52c8b4e5814c92fb6a3b9467299200538a6babaa8b452d879,14,,,,,False,,,,,,,,,,False,False
/a/0/0/5,/a/0/0/5!/member_01467,0,/a/0/0/5,134,1467,,21368,21369,5508,5509,1,83891d7fe85c33e52c8b4e5814c92fb6a3b9467299200538a6babaa8b452d879,14,,,,,False,,,,,,,,,,False,False
/a/0/0/5,/a/0/0/5!/member_01468,0,/a/0/0/5,134,1468,,21372,21373,5512,5513,1,e77b9a9ae9e30b0dbdb6f510a264ef9de781501d7b6b92ae89eb059c5ab743db,05,,,,,False,,,,,,,,,,False,False
/a/0/0/5,/a/0/0/5!/member_01469,0,/a/0/0/5,134,1469,,21376,21377,5516,5517,1,e77b9a9ae9e30b0dbdb6f510a264ef9de781501d7b6b92ae89eb059c5ab743db,05,,,,,False,,,,,,,,,,False,False
/a/0/0/5,/a/0/0/5!/member_01470,0,/a/0/0/5,134,1470,,21380,21381,5520,5521,1,ef6cbd2161eaea7943ce8693b9824d23d1793ffb1c0fca05b600d3899b44c977,0c,,,,,False,,,,,,,,,,False,False
/a/0/0/5,/a/0/0/5!/member_01471,0,/a/0/0/5,134,1471,,21384,21385,5524,5525,1,ef6cbd2161eaea7943ce8693b9824d23d1793ffb1c0fca05b600d3899b44c977,0c,,,,,False,,,,,,,,,,False,False
/a/0/0/5,/a/0/0/5!/member_01472,0,/a/0/0/5,134,1472,,21388,21389,5528,5529,1,e7cf46a078fed4fafd0b5e3aff144802b853f8ae459a4f0c14add3314b7cc3a6,0b,,,,,False,,,,,,,,,,False,False
/a/0/0/5,/a/0/0/5!/member_01473,0,/a/0/0/5,134,1473,,21392,21393,5532,5533,1,e7cf46a078fed4fafd0b5e3aff144802b853f8ae459a4f0c14add3314b7cc3a6,0b,,,,,False,,,,,,,,,,False,False
/a/0/0/5,/a/0/0/5!/member_01474,0,/a/0/0/5,134,1474,,21396,21397,5536,5537,1,01ba4719c80b6fe911b091a7c05124b64eeece964e09c058ef8f9805daca546b,0a,,,,,False,,,,,,,,,,False,False
/a/0/0/5,/a/0/0/5!/member_01475,0,/a/0/0/5,134,1475,,21400,21401,5540,5541,1,01ba4719c80b6fe911b091a7c05124b64eeece964e09c058ef8f9805daca546b,0a,,,,,False,,,,,,,,,,False,False
/a/0/0/5,/a/0/0/5!/member_01476,0,/a/0/0/5,134,1476,,21404,21405,5544,5545,1,dc0e9c3658a1a3ed1ec94274d8b19925c93e1abb7ddba294923ad9bde30f8cb8,0f,,,,,False,,,,,,,,,,False,False
/a/0/0/5,/a/0/0/5!/member_01477,0,/a/0/0/5,134,1477,,21408,21409,5548,5549,1,dc0e9c3658a1a3ed1ec94274d8b19925c93e1abb7ddba294923ad9bde30f8cb8,0f,,,,,False,,,,,,,,,,False,False
/a/0/0/5,/a/0/0/5!/member_01478,0,/a/0/0/5,134,1478,,21412,21413,5552,5553,1,dc0e9c3658a1a3ed1ec94274d8b19925c93e1abb7ddba294923ad9bde30f8cb8,0f,,,,,False,,,,,,,,,,False,False
/a/0/0/5,/a/0/0/5!/member_01479,0,/a/0/0/5,134,1479,,21416,21417,5556,5557,1,4d7b3ef7300acf70c892d8327db8272f54434adbc61a4e130a563cb59a0d0f47,0e,,,,,False,,,,,,,,,,False,False
/a/0/0/5,/a/0/0/5!/member_01480,0,/a/0/0/5,134,1480,,21420,21421,5560,5561,1,9d1e0e2d9459d06523ad13e28a4093c2316baafe7aec5b25f30eba2e113599c4,0d,,,,,False,,,,,,,,,,False,False
/a/0/0/5,/a/0/0/5!/member_01481,0,/a/0/0/5,134,1481,,21424,21425,5564,5565,1,9d1e0e2d9459d06523ad13e28a4093c2316baafe7aec5b25f30eba2e113599c4,0d,,,,,False,,,,,,,,,,False,False
/a/0/0/5,/a/0/0/5!/member_01482,0,/a/0/0/5,134,1482,,21428,21429,5568,5569,1,8f11b05da785e43e713d03774c6bd3405d99cd3024af334ffd68db663aa37034,17,,,,,False,,,,,,,,,,False,False
/a/0/0/5,/a/0/0/5!/member_01483,0,/a/0/0/5,134,1483,,21432,21433,5572,5573,1,8f11b05da785e43e713d03774c6bd3405d99cd3024af334ffd68db663aa37034,17,,,,,False,,,,,,,,,,False,False
/a/0/0/5,/a/0/0/5!/member_01484,0,/a/0/0/5,134,1484,,21436,21437,5576,5577,1,beead77994cf573341ec17b58bbf7eb34d2711c993c1d976b128b3188dc1829a,08,,,,,False,,,,,,,,,,False,False
/a/0/0/5,/a/0/0/5!/member_01485,0,/a/0/0/5,134,1485,,21440,21441,5580,5581,1,beead77994cf573341ec17b58bbf7eb34d2711c993c1d976b128b3188dc1829a,08,,,,,False,,,,,,,,,,False,False
/a/0/0/5,/a/0/0/5!/member_01486,0,/a/0/0/5,134,1486,,21444,21445,5584,5585,1,4a64a107f0cb32536e5bce6c98c393db21cca7f4ea187ba8c4dca8b51d4ea80a,11,,Nintendo LZ11,Probable,,True,Nintendo LZ11,Probable,True,,,,,,,False,False
/a/0/0/5,/a/0/0/5!/member_01487,0,/a/0/0/5,134,1487,,21448,21449,5588,5589,1,4a64a107f0cb32536e5bce6c98c393db21cca7f4ea187ba8c4dca8b51d4ea80a,11,,Nintendo LZ11,Probable,,True,Nintendo LZ11,Probable,True,,,,,,,False,False
/a/0/0/5,/a/0/0/5!/member_01488,0,/a/0/0/5,134,1488,,21452,21453,5592,5593,1,4a64a107f0cb32536e5bce6c98c393db21cca7f4ea187ba8c4dca8b51d4ea80a,11,,Nintendo LZ11,Probable,,True,Nintendo LZ11,Probable,True,,,,,,,False,False
/a/0/0/5,/a/0/0/5!/member_01489,0,/a/0/0/5,134,1489,,21456,21457,5596,5597,1,4a64a107f0cb32536e5bce6c98c393db21cca7f4ea187ba8c4dca8b51d4ea80a,11,,Nintendo LZ11,Probable,,True,Nintendo LZ11,Probable,True,,,,,,,False,False
/a/0/0/5,/a/0/0/5!/member_01490,0,/a/0/0/5,134,1490,,21460,21461,5600,5601,1,f299791cddd3d6664f6670842812ef6053eb6501bd6282a476bbbf3ee91e750c,12,,,,,False,,,,,,,,,,False,False
/a/0/0/5,/a/0/0/5!/member_01491,0,/a/0/0/5,134,1491,,21464,21465,5604,5605,1,f299791cddd3d6664f6670842812ef6053eb6501bd6282a476bbbf3ee91e750c,12,,,,,False,,,,,,,,,,False,False
/a/0/0/5,/a/0/0/5!/member_01492,0,/a/0/0/5,134,1492,,21468,21469,5608,5609,1,e52d9c508c502347344d8c07ad91cbd6068afc75ff6292f062a09ca381c89e71,04,,,,,False,,,,,,,,,,False,False
/a/0/0/5,/a/0/0/5!/member_01493,0,/a/0/0/5,134,1493,,21472,21473,5612,5613,1,e52d9c508c502347344d8c07ad91cbd6068afc75ff6292f062a09ca381c89e71,04,,,,,False,,,,,,,,,,False,False
/a/0/0/5,/a/0/0/5!/member_01494,0,/a/0/0/5,134,1494,,21476,21477,5616,5617,1,e77b9a9ae9e30b0dbdb6f510a264ef9de781501d7b6b92ae89eb059c5ab743db,05,,,,,False,,,,,,,,,,False,False
/a/0/0/5,/a/0/0/5!/member_01495,0,/a/0/0/5,134,1495,,21480,21481,5620,5621,1,e77b9a9ae9e30b0dbdb6f510a264ef9de781501d7b6b92ae89eb059c5ab743db,05,,,,,False,,,,,,,,,,False,False
/a/0/0/5,/a/0/0/5!/member_01496,0,/a/0/0/5,134,1496,,21484,21484,5624,5624,0,e3b0c44298fc1c149afbf4c8996fb92427ae41e4649b934ca495991b7852b855,,,,,,False,,,,,,,,,,False,False
/a/0/0/5,/a/0/0/5!/member_01497,0,/a/0/0/5,134,1497,,21484,21485,5624,5625,1,9d1e0e2d9459d06523ad13e28a4093c2316baafe7aec5b25f30eba2e113599c4,0d,,,,,False,,,,,,,,,,False,False
/a/0/0/5,/a/0/0/5!/member_01498,0,/a/0/0/5,134,1498,,21488,21488,5628,5628,0,e3b0c44298fc1c149afbf4c8996fb92427ae41e4649b934ca495991b7852b855,,,,,,False,,,,,,,,,,False,False
/a/0/0/5,/a/0/0/5!/member_01499,0,/a/0/0/5,134,1499,,21488,21489,5628,5629,1,7cb7c4547cf2653590d7a9ace60cc623d25148adfbc88a89aeb0ef88da7839ba,16,,,,,False,,,,,,,,,,False,False
/a/0/0/5,/a/0/0/5!/member_01500,0,/a/0/0/5,134,1500,,21492,21492,5632,5632,0,e3b0c44298fc1c149afbf4c8996fb92427ae41e4649b934ca495991b7852b855,,,,,,False,,,,,,,,,,False,False
/a/0/0/5,/a/0/0/5!/member_01501,0,/a/0/0/5,134,1501,,21492,21493,5632,5633,1,c555eab45d08845ae9f10d452a99bfcb06f74a50b988fe7e48dd323789b88ee3,10,,Nintendo LZ10,Probable,,True,Nintendo LZ10,Probable,True,,,,,,,False,False
/a/0/0/5,/a/0/0/5!/member_01502,0,/a/0/0/5,134,1502,,21496,21496,5636,5636,0,e3b0c44298fc1c149afbf4c8996fb92427ae41e4649b934ca495991b7852b855,,,,,,False,,,,,,,,,,False,False
/a/0/0/5,/a/0/0/5!/member_01503,0,/a/0/0/5,134,1503,,21496,21497,5636,5637,1,4d7b3ef7300acf70c892d8327db8272f54434adbc61a4e130a563cb59a0d0f47,0e,,,,,False,,,,,,,,,,False,False
/a/0/0/5,/a/0/0/5!/member_01504,0,/a/0/0/5,134,1504,,21500,21500,5640,5640,0,e3b0c44298fc1c149afbf4c8996fb92427ae41e4649b934ca495991b7852b855,,,,,,False,,,,,,,,,,False,False
/a/0/0/5,/a/0/0/5!/member_01505,0,/a/0/0/5,134,1505,,21500,21501,5640,5641,1,beead77994cf573341ec17b58bbf7eb34d2711c993c1d976b128b3188dc1829a,08,,,,,False,,,,,,,,,,False,False
/a/0/0/5,/a/0/0/5!/member_01506,0,/a/0/0/5,134,1506,,21504,21504,5644,5644,0,e3b0c44298fc1c149afbf4c8996fb92427ae41e4649b934ca495991b7852b855,,,,,,False,,,,,,,,,,False,False
/a/0/0/5,/a/0/0/5!/member_01507,0,/a/0/0/5,134,1507,,21504,21505,5644,5645,1,dc0e9c3658a1a3ed1ec94274d8b19925c93e1abb7ddba294923ad9bde30f8cb8,0f,,,,,False,,,,,,,,,,False,False
/a/0/0/5,/a/0/0/5!/member_01508,0,/a/0/0/5,134,1508,,21508,21508,5648,5648,0,e3b0c44298fc1c149afbf4c8996fb92427ae41e4649b934ca495991b7852b855,,,,,,False,,,,,,,,,,False,False
/a/0/0/5,/a/0/0/5!/member_01509,0,/a/0/0/5,134,1509,,21508,21509,5648,5649,1,beead77994cf573341ec17b58bbf7eb34d2711c993c1d976b128b3188dc1829a,08,,,,,False,,,,,,,,,,False,False
/a/0/0/5,/a/0/0/5!/member_01510,0,/a/0/0/5,134,1510,,21512,21512,5652,5652,0,e3b0c44298fc1c149afbf4c8996fb92427ae41e4649b934ca495991b7852b855,,,,,,False,,,,,,,,,,False,False
/a/0/0/5,/a/0/0/5!/member_01511,0,/a/0/0/5,134,1511,,21512,21513,5652,5653,1,ca358758f6d27e6cf45272937977a748fd88391db679ceda7dc7bf1f005ee879,07,,,,,False,,,,,,,,,,False,False
/a/0/0/5,/a/0/0/5!/member_01512,0,/a/0/0/5,134,1512,,21516,21516,5656,5656,0,e3b0c44298fc1c149afbf4c8996fb92427ae41e4649b934ca495991b7852b855,,,,,,False,,,,,,,,,,False,False
/a/0/0/5,/a/0/0/5!/member_01513,0,/a/0/0/5,134,1513,,21516,21517,5656,5657,1,c555eab45d08845ae9f10d452a99bfcb06f74a50b988fe7e48dd323789b88ee3,10,,Nintendo LZ10,Probable,,True,Nintendo LZ10,Probable,True,,,,,,,False,False
/a/0/0/5,/a/0/0/5!/member_01514,0,/a/0/0/5,134,1514,,21520,21520,5660,5660,0,e3b0c44298fc1c149afbf4c8996fb92427ae41e4649b934ca495991b7852b855,,,,,,False,,,,,,,,,,False,False
/a/0/0/5,/a/0/0/5!/member_01515,0,/a/0/0/5,134,1515,,21520,21521,5660,5661,1,e7cf46a078fed4fafd0b5e3aff144802b853f8ae459a4f0c14add3314b7cc3a6,0b,,,,,False,,,,,,,,,,False,False
/a/0/0/5,/a/0/0/5!/member_01516,0,/a/0/0/5,134,1516,,21524,21524,5664,5664,0,e3b0c44298fc1c149afbf4c8996fb92427ae41e4649b934ca495991b7852b855,,,,,,False,,,,,,,,,,False,False
/a/0/0/5,/a/0/0/5!/member_01517,0,/a/0/0/5,134,1517,,21524,21525,5664,5665,1,4d7b3ef7300acf70c892d8327db8272f54434adbc61a4e130a563cb59a0d0f47,0e,,,,,False,,,,,,,,,,False,False
/a/0/0/5,/a/0/0/5!/member_01518,0,/a/0/0/5,134,1518,,21528,21528,5668,5668,0,e3b0c44298fc1c149afbf4c8996fb92427ae41e4649b934ca495991b7852b855,,,,,,False,,,,,,,,,,False,False
/a/0/0/5,/a/0/0/5!/member_01519,0,/a/0/0/5,134,1519,,21528,21529,5668,5669,1,01ba4719c80b6fe911b091a7c05124b64eeece964e09c058ef8f9805daca546b,0a,,,,,False,,,,,,,,,,False,False
/a/0/0/5,/a/0/0/5!/member_01520,0,/a/0/0/5,134,1520,,21532,21533,5672,5673,1,6e340b9cffb37a989ca544e6bb780a2c78901d3fb33738768511a30617afa01d,00,,,,,False,,,,,,,,,,False,False
/a/0/0/5,/a/0/0/5!/member_01521,0,/a/0/0/5,134,1521,,21536,21536,5676,5676,0,e3b0c44298fc1c149afbf4c8996fb92427ae41e4649b934ca495991b7852b855,,,,,,False,,,,,,,,,,False,False
/a/0/0/5,/a/0/0/5!/member_01522,0,/a/0/0/5,134,1522,,21536,21537,5676,5677,1,ca358758f6d27e6cf45272937977a748fd88391db679ceda7dc7bf1f005ee879,07,,,,,False,,,,,,,,,,False,False
/a/0/0/5,/a/0/0/5!/member_01523,0,/a/0/0/5,134,1523,,21540,21540,5680,5680,0,e3b0c44298fc1c149afbf4c8996fb92427ae41e4649b934ca495991b7852b855,,,,,,False,,,,,,,,,,False,False
/a/0/0/5,/a/0/0/5!/member_01524,0,/a/0/0/5,134,1524,,21540,21540,5680,5680,0,e3b0c44298fc1c149afbf4c8996fb92427ae41e4649b934ca495991b7852b855,,,,,,False,,,,,,,,,,False,False
/a/0/0/5,/a/0/0/5!/member_01525,0,/a/0/0/5,134,1525,,21540,21541,5680,5681,1,6e340b9cffb37a989ca544e6bb780a2c78901d3fb33738768511a30617afa01d,00,,,,,False,,,,,,,,,,False,False
/a/0/0/5,/a/0/0/5!/member_01526,0,/a/0/0/5,134,1526,,21544,21544,5684,5684,0,e3b0c44298fc1c149afbf4c8996fb92427ae41e4649b934ca495991b7852b855,,,,,,False,,,,,,,,,,False,False
/a/0/0/5,/a/0/0/5!/member_01527,0,/a/0/0/5,134,1527,,21544,21545,5684,5685,1,e77b9a9ae9e30b0dbdb6f510a264ef9de781501d7b6b92ae89eb059c5ab743db,05,,,,,False,,,,,,,,,,False,False
/a/0/0/5,/a/0/0/5!/member_01528,0,/a/0/0/5,134,1528,,21548,21548,5688,5688,0,e3b0c44298fc1c149afbf4c8996fb92427ae41e4649b934ca495991b7852b855,,,,,,False,,,,,,,,,,False,False
/a/0/0/5,/a/0/0/5!/member_01529,0,/a/0/0/5,134,1529,,21548,21549,5688,5689,1,7cb7c4547cf2653590d7a9ace60cc623d25148adfbc88a89aeb0ef88da7839ba,16,,,,,False,,,,,,,,,,False,False
/a/0/0/5,/a/0/0/5!/member_01530,0,/a/0/0/5,134,1530,,21552,21552,5692,5692,0,e3b0c44298fc1c149afbf4c8996fb92427ae41e4649b934ca495991b7852b855,,,,,,False,,,,,,,,,,False,False
/a/0/0/5,/a/0/0/5!/member_01531,0,/a/0/0/5,134,1531,,21552,21553,5692,5693,1,dbc1b4c900ffe48d575b5da5c638040125f65db0fe3e24494b76ea986457d986,02,,,,,False,,,,,,,,,,False,False
/a/0/0/5,/a/0/0/5!/member_01532,0,/a/0/0/5,134,1532,,21556,21556,5696,5696,0,e3b0c44298fc1c149afbf4c8996fb92427ae41e4649b934ca495991b7852b855,,,,,,False,,,,,,,,,,False,False
/a/0/0/5,/a/0/0/5!/member_01533,0,/a/0/0/5,134,1533,,21556,21557,5696,5697,1,01ba4719c80b6fe911b091a7c05124b64eeece964e09c058ef8f9805daca546b,0a,,,,,False,,,,,,,,,,False,False
/a/0/0/5,/a/0/0/5!/member_01534,0,/a/0/0/5,134,1534,,21560,21560,5700,5700,0,e3b0c44298fc1c149afbf4c8996fb92427ae41e4649b934ca495991b7852b855,,,,,,False,,,,,,,,,,False,False
/a/0/0/5,/a/0/0/5!/member_01535,0,/a/0/0/5,134,1535,,21560,21561,5700,5701,1,e52d9c508c502347344d8c07ad91cbd6068afc75ff6292f062a09ca381c89e71,04,,,,,False,,,,,,,,,,False,False
/a/0/0/5,/a/0/0/5!/member_01536,0,/a/0/0/5,134,1536,,21564,21564,5704,5704,0,e3b0c44298fc1c149afbf4c8996fb92427ae41e4649b934ca495991b7852b855,,,,,,False,,,,,,,,,,False,False
/a/0/0/5,/a/0/0/5!/member_01537,0,/a/0/0/5,134,1537,,21564,21565,5704,5705,1,6e340b9cffb37a989ca544e6bb780a2c78901d3fb33738768511a30617afa01d,00,,,,,False,,,,,,,,,,False,False
/a/0/0/5,/a/0/0/5!/member_01538,0,/a/0/0/5,134,1538,,21568,21568,5708,5708,0,e3b0c44298fc1c149afbf4c8996fb92427ae41e4649b934ca495991b7852b855,,,,,,False,,,,,,,,,,False,False
/a/0/0/5,/a/0/0/5!/member_01539,0,/a/0/0/5,134,1539,,21568,21569,5708,5709,1,6e340b9cffb37a989ca544e6bb780a2c78901d3fb33738768511a30617afa01d,00,,,,,False,,,,,,,,,,False,False
/a/0/0/5,/a/0/0/5!/member_01540,0,/a/0/0/5,134,1540,,21572,21572,5712,5712,0,e3b0c44298fc1c149afbf4c8996fb92427ae41e4649b934ca495991b7852b855,,,,,,False,,,,,,,,,,False,False
/a/0/0/5,/a/0/0/5!/member_01541,0,/a/0/0/5,134,1541,,21572,21573,5712,5713,1,beead77994cf573341ec17b58bbf7eb34d2711c993c1d976b128b3188dc1829a,08,,,,,False,,,,,,,,,,False,False
/a/0/0/5,/a/0/0/5!/member_01542,0,/a/0/0/5,134,1542,,21576,21576,5716,5716,0,e3b0c44298fc1c149afbf4c8996fb92427ae41e4649b934ca495991b7852b855,,,,,,False,,,,,,,,,,False,False
/a/0/0/5,/a/0/0/5!/member_01543,0,/a/0/0/5,134,1543,,21576,21577,5716,5717,1,83891d7fe85c33e52c8b4e5814c92fb6a3b9467299200538a6babaa8b452d879,14,,,,,False,,,,,,,,,,False,False
/a/0/0/5,/a/0/0/5!/member_01544,0,/a/0/0/5,134,1544,,21580,21580,5720,5720,0,e3b0c44298fc1c149afbf4c8996fb92427ae41e4649b934ca495991b7852b855,,,,,,False,,,,,,,,,,False,False
/a/0/0/5,/a/0/0/5!/member_01545,0,/a/0/0/5,134,1545,,21580,21581,5720,5721,1,beead77994cf573341ec17b58bbf7eb34d2711c993c1d976b128b3188dc1829a,08,,,,,False,,,,,,,,,,False,False
/a/0/0/5,/a/0/0/5!/member_01546,0,/a/0/0/5,134,1546,,21584,21584,5724,5724,0,e3b0c44298fc1c149afbf4c8996fb92427ae41e4649b934ca495991b7852b855,,,,,,False,,,,,,,,,,False,False
/a/0/0/5,/a/0/0/5!/member_01547,0,/a/0/0/5,134,1547,,21584,21585,5724,5725,1,e52d9c508c502347344d8c07ad91cbd6068afc75ff6292f062a09ca381c89e71,04,,,,,False,,,,,,,,,,False,False
/a/0/0/5,/a/0/0/5!/member_01548,0,/a/0/0/5,134,1548,,21588,21589,5728,5729,1,beead77994cf573341ec17b58bbf7eb34d2711c993c1d976b128b3188dc1829a,08,,,,,False,,,,,,,,,,False,False
/a/0/0/5,/a/0/0/5!/member_01549,0,/a/0/0/5,134,1549,,21592,21593,5732,5733,1,beead77994cf573341ec17b58bbf7eb34d2711c993c1d976b128b3188dc1829a,08,,,,,False,,,,,,,,,,False,False
/a/0/0/5,/a/0/0/5!/member_01550,0,/a/0/0/5,134,1550,,21596,21597,5736,5737,1,ab897fbdedfa502b2d839b6a56100887dccdc507555c282e59589e06300a62e2,13,,,,,False,,,,,,,,,,False,False
/a/0/0/5,/a/0/0/5!/member_01551,0,/a/0/0/5,134,1551,,21600,21601,5740,5741,1,ab897fbdedfa502b2d839b6a56100887dccdc507555c282e59589e06300a62e2,13,,,,,False,,,,,,,,,,False,False
/a/0/0/5,/a/0/0/5!/member_01552,0,/a/0/0/5,134,1552,,21604,21605,5744,5745,1,9d1e0e2d9459d06523ad13e28a4093c2316baafe7aec5b25f30eba2e113599c4,0d,,,,,False,,,,,,,,,,False,False
/a/0/0/5,/a/0/0/5!/member_01553,0,/a/0/0/5,134,1553,,21608,21609,5748,5749,1,9d1e0e2d9459d06523ad13e28a4093c2316baafe7aec5b25f30eba2e113599c4,0d,,,,,False,,,,,,,,,,False,False
/a/0/0/5,/a/0/0/5!/member_01554,0,/a/0/0/5,134,1554,,21612,21613,5752,5753,1,e7cf46a078fed4fafd0b5e3aff144802b853f8ae459a4f0c14add3314b7cc3a6,0b,,,,,False,,,,,,,,,,False,False
/a/0/0/5,/a/0/0/5!/member_01555,0,/a/0/0/5,134,1555,,21616,21617,5756,5757,1,e7cf46a078fed4fafd0b5e3aff144802b853f8ae459a4f0c14add3314b7cc3a6,0b,,,,,False,,,,,,,,,,False,False
/a/0/0/5,/a/0/0/5!/member_01556,0,/a/0/0/5,134,1556,,21620,21621,5760,5761,1,e77b9a9ae9e30b0dbdb6f510a264ef9de781501d7b6b92ae89eb059c5ab743db,05,,,,,False,,,,,,,,,,False,False
/a/0/0/5,/a/0/0/5!/member_01557,0,/a/0/0/5,134,1557,,21624,21625,5764,5765,1,e77b9a9ae9e30b0dbdb6f510a264ef9de781501d7b6b92ae89eb059c5ab743db,05,,,,,False,,,,,,,,,,False,False
/a/0/0/5,/a/0/0/5!/member_01558,0,/a/0/0/5,134,1558,,21628,21629,5768,5769,1,4bf5122f344554c53bde2ebb8cd2b7e3d1600ad631c385a5d7cce23c7785459a,01,,,,,False,,,,,,,,,,False,False
/a/0/0/5,/a/0/0/5!/member_01559,0,/a/0/0/5,134,1559,,21632,21633,5772,5773,1,4bf5122f344554c53bde2ebb8cd2b7e3d1600ad631c385a5d7cce23c7785459a,01,,,,,False,,,,,,,,,,False,False
/a/0/0/5,/a/0/0/5!/member_01560,0,/a/0/0/5,134,1560,,21636,21637,5776,5777,1,beead77994cf573341ec17b58bbf7eb34d2711c993c1d976b128b3188dc1829a,08,,,,,False,,,,,,,,,,False,False
/a/0/0/5,/a/0/0/5!/member_01561,0,/a/0/0/5,134,1561,,21640,21641,5780,5781,1,beead77994cf573341ec17b58bbf7eb34d2711c993c1d976b128b3188dc1829a,08,,,,,False,,,,,,,,,,False,False
/a/0/0/5,/a/0/0/5!/member_01562,0,/a/0/0/5,134,1562,,21644,21645,5784,5785,1,f299791cddd3d6664f6670842812ef6053eb6501bd6282a476bbbf3ee91e750c,12,,,,,False,,,,,,,,,,False,False
/a/0/0/5,/a/0/0/5!/member_01563,0,/a/0/0/5,134,1563,,21648,21649,5788,5789,1,f299791cddd3d6664f6670842812ef6053eb6501bd6282a476bbbf3ee91e750c,12,,,,,False,,,,,,,,,,False,False
/a/0/0/5,/a/0/0/5!/member_01564,0,/a/0/0/5,134,1564,,21652,21653,5792,5793,1,6e340b9cffb37a989ca544e6bb780a2c78901d3fb33738768511a30617afa01d,00,,,,,False,,,,,,,,,,False,False
/a/0/0/5,/a/0/0/5!/member_01565,0,/a/0/0/5,134,1565,,21656,21657,5796,5797,1,6e340b9cffb37a989ca544e6bb780a2c78901d3fb33738768511a30617afa01d,00,,,,,False,,,,,,,,,,False,False
/a/0/0/5,/a/0/0/5!/member_01566,0,/a/0/0/5,134,1566,,21660,21661,5800,5801,1,9d1e0e2d9459d06523ad13e28a4093c2316baafe7aec5b25f30eba2e113599c4,0d,,,,,False,,,,,,,,,,False,False
/a/0/0/5,/a/0/0/5!/member_01567,0,/a/0/0/5,134,1567,,21664,21665,5804,5805,1,9d1e0e2d9459d06523ad13e28a4093c2316baafe7aec5b25f30eba2e113599c4,0d,,,,,False,,,,,,,,,,False,False
/a/0/0/5,/a/0/0/5!/member_01568,0,/a/0/0/5,134,1568,,21668,21669,5808,5809,1,6e340b9cffb37a989ca544e6bb780a2c78901d3fb33738768511a30617afa01d,00,,,,,False,,,,,,,,,,False,False
/a/0/0/5,/a/0/0/5!/member_01569,0,/a/0/0/5,134,1569,,21672,21673,5812,5813,1,6e340b9cffb37a989ca544e6bb780a2c78901d3fb33738768511a30617afa01d,00,,,,,False,,,,,,,,,,False,False
/a/0/0/5,/a/0/0/5!/member_01570,0,/a/0/0/5,134,1570,,21676,21677,5816,5817,1,2b4c342f5433ebe591a1da77e013d1b72475562d48578dca8b84bac6651c3cb9,09,,,,,False,,,,,,,,,,False,False
/a/0/0/5,/a/0/0/5!/member_01571,0,/a/0/0/5,134,1571,,21680,21681,5820,5821,1,2b4c342f5433ebe591a1da77e013d1b72475562d48578dca8b84bac6651c3cb9,09,,,,,False,,,,,,,,,,False,False
/a/0/0/5,/a/0/0/5!/member_01572,0,/a/0/0/5,134,1572,,21684,21685,5824,5825,1,beead77994cf573341ec17b58bbf7eb34d2711c993c1d976b128b3188dc1829a,08,,,,,False,,,,,,,,,,False,False
/a/0/0/5,/a/0/0/5!/member_01573,0,/a/0/0/5,134,1573,,21688,21689,5828,5829,1,beead77994cf573341ec17b58bbf7eb34d2711c993c1d976b128b3188dc1829a,08,,,,,False,,,,,,,,,,False,False
/a/0/0/5,/a/0/0/5!/member_01574,0,/a/0/0/5,134,1574,,21692,21693,5832,5833,1,8f11b05da785e43e713d03774c6bd3405d99cd3024af334ffd68db663aa37034,17,,,,,False,,,,,,,,,,False,False
/a/0/0/5,/a/0/0/5!/member_01575,0,/a/0/0/5,134,1575,,21696,21697,5836,5837,1,8f11b05da785e43e713d03774c6bd3405d99cd3024af334ffd68db663aa37034,17,,,,,False,,,,,,,,,,False,False
/a/0/0/5,/a/0/0/5!/member_01576,0,/a/0/0/5,134,1576,,21700,21701,5840,5841,1,2b4c342f5433ebe591a1da77e013d1b72475562d48578dca8b84bac6651c3cb9,09,,,,,False,,,,,,,,,,False,False
/a/0/0/5,/a/0/0/5!/member_01577,0,/a/0/0/5,134,1577,,21704,21705,5844,5845,1,2b4c342f5433ebe591a1da77e013d1b72475562d48578dca8b84bac6651c3cb9,09,,,,,False,,,,,,,,,,False,False
/a/0/0/5,/a/0/0/5!/member_01578,0,/a/0/0/5,134,1578,,21708,21709,5848,5849,1,e7cf46a078fed4fafd0b5e3aff144802b853f8ae459a4f0c14add3314b7cc3a6,0b,,,,,False,,,,,,,,,,False,False
/a/0/0/5,/a/0/0/5!/member_01579,0,/a/0/0/5,134,1579,,21712,21713,5852,5853,1,e7cf46a078fed4fafd0b5e3aff144802b853f8ae459a4f0c14add3314b7cc3a6,0b,,,,,False,,,,,,,,,,False,False
/a/0/0/5,/a/0/0/5!/member_01580,0,/a/0/0/5,134,1580,,21716,21717,5856,5857,1,6e340b9cffb37a989ca544e6bb780a2c78901d3fb33738768511a30617afa01d,00,,,,,False,,,,,,,,,,False,False
/a/0/0/5,/a/0/0/5!/member_01581,0,/a/0/0/5,134,1581,,21720,21721,5860,5861,1,6e340b9cffb37a989ca544e6bb780a2c78901d3fb33738768511a30617afa01d,00,,,,,False,,,,,,,,,,False,False
/a/0/0/5,/a/0/0/5!/member_01582,0,/a/0/0/5,134,1582,,21724,21725,5864,5865,1,dbc1b4c900ffe48d575b5da5c638040125f65db0fe3e24494b76ea986457d986,02,,,,,False,,,,,,,,,,False,False
/a/0/0/5,/a/0/0/5!/member_01583,0,/a/0/0/5,134,1583,,21728,21729,5868,5869,1,dbc1b4c900ffe48d575b5da5c638040125f65db0fe3e24494b76ea986457d986,02,,,,,False,,,,,,,,,,False,False
/a/0/0/5,/a/0/0/5!/member_01584,0,/a/0/0/5,134,1584,,21732,21733,5872,5873,1,beead77994cf573341ec17b58bbf7eb34d2711c993c1d976b128b3188dc1829a,08,,,,,False,,,,,,,,,,False,False
/a/0/0/5,/a/0/0/5!/member_01585,0,/a/0/0/5,134,1585,,21736,21737,5876,5877,1,beead77994cf573341ec17b58bbf7eb34d2711c993c1d976b128b3188dc1829a,08,,,,,False,,,,,,,,,,False,False
/a/0/0/5,/a/0/0/5!/member_01586,0,/a/0/0/5,134,1586,,21740,21741,5880,5881,1,83891d7fe85c33e52c8b4e5814c92fb6a3b9467299200538a6babaa8b452d879,14,,,,,False,,,,,,,,,,False,False
/a/0/0/5,/a/0/0/5!/member_01587,0,/a/0/0/5,134,1587,,21744,21745,5884,5885,1,83891d7fe85c33e52c8b4e5814c92fb6a3b9467299200538a6babaa8b452d879,14,,,,,False,,,,,,,,,,False,False
/a/0/0/5,/a/0/0/5!/member_01588,0,/a/0/0/5,134,1588,,21748,21749,5888,5889,1,beead77994cf573341ec17b58bbf7eb34d2711c993c1d976b128b3188dc1829a,08,,,,,False,,,,,,,,,,False,False
/a/0/0/5,/a/0/0/5!/member_01589,0,/a/0/0/5,134,1589,,21752,21753,5892,5893,1,beead77994cf573341ec17b58bbf7eb34d2711c993c1d976b128b3188dc1829a,08,,,,,False,,,,,,,,,,False,False
/a/0/0/5,/a/0/0/5!/member_01590,0,/a/0/0/5,134,1590,,21756,21757,5896,5897,1,4d7b3ef7300acf70c892d8327db8272f54434adbc61a4e130a563cb59a0d0f47,0e,,,,,False,,,,,,,,,,False,False
/a/0/0/5,/a/0/0/5!/member_01591,0,/a/0/0/5,134,1591,,21760,21761,5900,5901,1,4d7b3ef7300acf70c892d8327db8272f54434adbc61a4e130a563cb59a0d0f47,0e,,,,,False,,,,,,,,,,False,False
/a/0/0/5,/a/0/0/5!/member_01592,0,/a/0/0/5,134,1592,,21764,21765,5904,5905,1,6e340b9cffb37a989ca544e6bb780a2c78901d3fb33738768511a30617afa01d,00,,,,,False,,,,,,,,,,False,False
/a/0/0/5,/a/0/0/5!/member_01593,0,/a/0/0/5,134,1593,,21768,21769,5908,5909,1,6e340b9cffb37a989ca544e6bb780a2c78901d3fb33738768511a30617afa01d,00,,,,,False,,,,,,,,,,False,False
/a/0/0/5,/a/0/0/5!/member_01594,0,/a/0/0/5,134,1594,,21772,21773,5912,5913,1,beead77994cf573341ec17b58bbf7eb34d2711c993c1d976b128b3188dc1829a,08,,,,,False,,,,,,,,,,False,False
/a/0/0/5,/a/0/0/5!/member_01595,0,/a/0/0/5,134,1595,,21776,21777,5916,5917,1,beead77994cf573341ec17b58bbf7eb34d2711c993c1d976b128b3188dc1829a,08,,,,,False,,,,,,,,,,False,False
/a/0/0/5,/a/0/0/5!/member_01596,0,/a/0/0/5,134,1596,,21780,21781,5920,5921,1,c555eab45d08845ae9f10d452a99bfcb06f74a50b988fe7e48dd323789b88ee3,10,,Nintendo LZ10,Probable,,True,Nintendo LZ10,Probable,True,,,,,,,False,False
/a/0/0/5,/a/0/0/5!/member_01597,0,/a/0/0/5,134,1597,,21784,21785,5924,5925,1,c555eab45d08845ae9f10d452a99bfcb06f74a50b988fe7e48dd323789b88ee3,10,,Nintendo LZ10,Probable,,True,Nintendo LZ10,Probable,True,,,,,,,False,False
/a/0/0/5,/a/0/0/5!/member_01598,0,/a/0/0/5,134,1598,,21788,21789,5928,5929,1,83891d7fe85c33e52c8b4e5814c92fb6a3b9467299200538a6babaa8b452d879,14,,,,,False,,,,,,,,,,False,False
/a/0/0/5,/a/0/0/5!/member_01599,0,/a/0/0/5,134,1599,,21792,21793,5932,5933,1,83891d7fe85c33e52c8b4e5814c92fb6a3b9467299200538a6babaa8b452d879,14,,,,,False,,,,,,,,,,False,False
/a/0/0/5,/a/0/0/5!/member_01600,0,/a/0/0/5,134,1600,,21796,21797,5936,5937,1,beead77994cf573341ec17b58bbf7eb34d2711c993c1d976b128b3188dc1829a,08,,,,,False,,,,,,,,,,False,False
/a/0/0/5,/a/0/0/5!/member_01601,0,/a/0/0/5,134,1601,,21800,21801,5940,5941,1,beead77994cf573341ec17b58bbf7eb34d2711c993c1d976b128b3188dc1829a,08,,,,,False,,,,,,,,,,False,False
/a/0/0/5,/a/0/0/5!/member_01602,0,/a/0/0/5,134,1602,,21804,21805,5944,5945,1,ef6cbd2161eaea7943ce8693b9824d23d1793ffb1c0fca05b600d3899b44c977,0c,,,,,False,,,,,,,,,,False,False
/a/0/0/5,/a/0/0/5!/member_01603,0,/a/0/0/5,134,1603,,21808,21809,5948,5949,1,ef6cbd2161eaea7943ce8693b9824d23d1793ffb1c0fca05b600d3899b44c977,0c,,,,,False,,,,,,,,,,False,False
/a/0/0/5,/a/0/0/5!/member_01604,0,/a/0/0/5,134,1604,,21812,21813,5952,5953,1,beead77994cf573341ec17b58bbf7eb34d2711c993c1d976b128b3188dc1829a,08,,,,,False,,,,,,,,,,False,False
/a/0/0/5,/a/0/0/5!/member_01605,0,/a/0/0/5,134,1605,,21816,21817,5956,5957,1,beead77994cf573341ec17b58bbf7eb34d2711c993c1d976b128b3188dc1829a,08,,,,,False,,,,,,,,,,False,False
/a/0/0/5,/a/0/0/5!/member_01606,0,/a/0/0/5,134,1606,,21820,21821,5960,5961,1,4a64a107f0cb32536e5bce6c98c393db21cca7f4ea187ba8c4dca8b51d4ea80a,11,,Nintendo LZ11,Probable,,True,Nintendo LZ11,Probable,True,,,,,,,False,False
/a/0/0/5,/a/0/0/5!/member_01607,0,/a/0/0/5,134,1607,,21824,21825,5964,5965,1,4a64a107f0cb32536e5bce6c98c393db21cca7f4ea187ba8c4dca8b51d4ea80a,11,,Nintendo LZ11,Probable,,True,Nintendo LZ11,Probable,True,,,,,,,False,False
/a/0/0/5,/a/0/0/5!/member_01608,0,/a/0/0/5,134,1608,,21828,21829,5968,5969,1,6e340b9cffb37a989ca544e6bb780a2c78901d3fb33738768511a30617afa01d,00,,,,,False,,,,,,,,,,False,False
/a/0/0/5,/a/0/0/5!/member_01609,0,/a/0/0/5,134,1609,,21832,21833,5972,5973,1,6e340b9cffb37a989ca544e6bb780a2c78901d3fb33738768511a30617afa01d,00,,,,,False,,,,,,,,,,False,False
/a/0/0/5,/a/0/0/5!/member_01610,0,/a/0/0/5,134,1610,,21836,21837,5976,5977,1,01ba4719c80b6fe911b091a7c05124b64eeece964e09c058ef8f9805daca546b,0a,,,,,False,,,,,,,,,,False,False
/a/0/0/5,/a/0/0/5!/member_01611,0,/a/0/0/5,134,1611,,21840,21841,5980,5981,1,01ba4719c80b6fe911b091a7c05124b64eeece964e09c058ef8f9805daca546b,0a,,,,,False,,,,,,,,,,False,False
/a/0/0/5,/a/0/0/5!/member_01612,0,/a/0/0/5,134,1612,,21844,21845,5984,5985,1,2b4c342f5433ebe591a1da77e013d1b72475562d48578dca8b84bac6651c3cb9,09,,,,,False,,,,,,,,,,False,False
/a/0/0/5,/a/0/0/5!/member_01613,0,/a/0/0/5,134,1613,,21848,21849,5988,5989,1,2b4c342f5433ebe591a1da77e013d1b72475562d48578dca8b84bac6651c3cb9,09,,,,,False,,,,,,,,,,False,False
/a/0/0/5,/a/0/0/5!/member_01614,0,/a/0/0/5,134,1614,,21852,21853,5992,5993,1,7cb7c4547cf2653590d7a9ace60cc623d25148adfbc88a89aeb0ef88da7839ba,16,,,,,False,,,,,,,,,,False,False
/a/0/0/5,/a/0/0/5!/member_01615,0,/a/0/0/5,134,1615,,21856,21857,5996,5997,1,7cb7c4547cf2653590d7a9ace60cc623d25148adfbc88a89aeb0ef88da7839ba,16,,,,,False,,,,,,,,,,False,False
/a/0/0/5,/a/0/0/5!/member_01616,0,/a/0/0/5,134,1616,,21860,21861,6000,6001,1,6e340b9cffb37a989ca544e6bb780a2c78901d3fb33738768511a30617afa01d,00,,,,,False,,,,,,,,,,False,False
/a/0/0/5,/a/0/0/5!/member_01617,0,/a/0/0/5,134,1617,,21864,21865,6004,6005,1,6e340b9cffb37a989ca544e6bb780a2c78901d3fb33738768511a30617afa01d,00,,,,,False,,,,,,,,,,False,False
/a/0/0/5,/a/0/0/5!/member_01618,0,/a/0/0/5,134,1618,,21868,21869,6008,6009,1,9d1e0e2d9459d06523ad13e28a4093c2316baafe7aec5b25f30eba2e113599c4,0d,,,,,False,,,,,,,,,,False,False
/a/0/0/5,/a/0/0/5!/member_01619,0,/a/0/0/5,134,1619,,21872,21873,6012,6013,1,9d1e0e2d9459d06523ad13e28a4093c2316baafe7aec5b25f30eba2e113599c4,0d,,,,,False,,,,,,,,,,False,False
/a/0/0/5,/a/0/0/5!/member_01620,0,/a/0/0/5,134,1620,,21876,21877,6016,6017,1,6e340b9cffb37a989ca544e6bb780a2c78901d3fb33738768511a30617afa01d,00,,,,,False,,,,,,,,,,False,False
/a/0/0/5,/a/0/0/5!/member_01621,0,/a/0/0/5,134,1621,,21880,21881,6020,6021,1,6e340b9cffb37a989ca544e6bb780a2c78901d3fb33738768511a30617afa01d,00,,,,,False,,,,,,,,,,False,False
/a/0/0/5,/a/0/0/5!/member_01622,0,/a/0/0/5,134,1622,,21884,21885,6024,6025,1,2b4c342f5433ebe591a1da77e013d1b72475562d48578dca8b84bac6651c3cb9,09,,,,,False,,,,,,,,,,False,False
/a/0/0/5,/a/0/0/5!/member_01623,0,/a/0/0/5,134,1623,,21888,21889,6028,6029,1,2b4c342f5433ebe591a1da77e013d1b72475562d48578dca8b84bac6651c3cb9,09,,,,,False,,,,,,,,,,False,False
/a/0/0/5,/a/0/0/5!/member_01624,0,/a/0/0/5,134,1624,,21892,21893,6032,6033,1,c555eab45d08845ae9f10d452a99bfcb06f74a50b988fe7e48dd323789b88ee3,10,,Nintendo LZ10,Probable,,True,Nintendo LZ10,Probable,True,,,,,,,False,False
/a/0/0/5,/a/0/0/5!/member_01625,0,/a/0/0/5,134,1625,,21896,21897,6036,6037,1,c555eab45d08845ae9f10d452a99bfcb06f74a50b988fe7e48dd323789b88ee3,10,,Nintendo LZ10,Probable,,True,Nintendo LZ10,Probable,True,,,,,,,False,False
/a/0/0/5,/a/0/0/5!/member_01626,0,/a/0/0/5,134,1626,,21900,21901,6040,6041,1,83891d7fe85c33e52c8b4e5814c92fb6a3b9467299200538a6babaa8b452d879,14,,,,,False,,,,,,,,,,False,False
/a/0/0/5,/a/0/0/5!/member_01627,0,/a/0/0/5,134,1627,,21904,21905,6044,6045,1,83891d7fe85c33e52c8b4e5814c92fb6a3b9467299200538a6babaa8b452d879,14,,,,,False,,,,,,,,,,False,False
/a/0/0/5,/a/0/0/5!/member_01628,0,/a/0/0/5,134,1628,,21908,21909,6048,6049,1,beead77994cf573341ec17b58bbf7eb34d2711c993c1d976b128b3188dc1829a,08,,,,,False,,,,,,,,,,False,False
/a/0/0/5,/a/0/0/5!/member_01629,0,/a/0/0/5,134,1629,,21912,21913,6052,6053,1,beead77994cf573341ec17b58bbf7eb34d2711c993c1d976b128b3188dc1829a,08,,,,,False,,,,,,,,,,False,False
/a/0/0/5,/a/0/0/5!/member_01630,0,/a/0/0/5,134,1630,,21916,21917,6056,6057,1,e7cf46a078fed4fafd0b5e3aff144802b853f8ae459a4f0c14add3314b7cc3a6,0b,,,,,False,,,,,,,,,,False,False
/a/0/0/5,/a/0/0/5!/member_01631,0,/a/0/0/5,134,1631,,21920,21921,6060,6061,1,e7cf46a078fed4fafd0b5e3aff144802b853f8ae459a4f0c14add3314b7cc3a6,0b,,,,,False,,,,,,,,,,False,False
/a/0/0/5,/a/0/0/5!/member_01632,0,/a/0/0/5,134,1632,,21924,21925,6064,6065,1,beead77994cf573341ec17b58bbf7eb34d2711c993c1d976b128b3188dc1829a,08,,,,,False,,,,,,,,,,False,False
/a/0/0/5,/a/0/0/5!/member_01633,0,/a/0/0/5,134,1633,,21928,21929,6068,6069,1,beead77994cf573341ec17b58bbf7eb34d2711c993c1d976b128b3188dc1829a,08,,,,,False,,,,,,,,,,False,False
/a/0/0/5,/a/0/0/5!/member_01634,0,/a/0/0/5,134,1634,,21932,21933,6072,6073,1,9d1e0e2d9459d06523ad13e28a4093c2316baafe7aec5b25f30eba2e113599c4,0d,,,,,False,,,,,,,,,,False,False
/a/0/0/5,/a/0/0/5!/member_01635,0,/a/0/0/5,134,1635,,21936,21937,6076,6077,1,9d1e0e2d9459d06523ad13e28a4093c2316baafe7aec5b25f30eba2e113599c4,0d,,,,,False,,,,,,,,,,False,False
/a/0/0/5,/a/0/0/5!/member_01636,0,/a/0/0/5,134,1636,,21940,21941,6080,6081,1,beead77994cf573341ec17b58bbf7eb34d2711c993c1d976b128b3188dc1829a,08,,,,,False,,,,,,,,,,False,False
/a/0/0/5,/a/0/0/5!/member_01637,0,/a/0/0/5,134,1637,,21944,21945,6084,6085,1,beead77994cf573341ec17b58bbf7eb34d2711c993c1d976b128b3188dc1829a,08,,,,,False,,,,,,,,,,False,False
/a/0/0/5,/a/0/0/5!/member_01638,0,/a/0/0/5,134,1638,,21948,21949,6088,6089,1,6e340b9cffb37a989ca544e6bb780a2c78901d3fb33738768511a30617afa01d,00,,,,,False,,,,,,,,,,False,False
/a/0/0/5,/a/0/0/5!/member_01639,0,/a/0/0/5,134,1639,,21952,21953,6092,6093,1,6e340b9cffb37a989ca544e6bb780a2c78901d3fb33738768511a30617afa01d,00,,,,,False,,,,,,,,,,False,False
/a/0/0/5,/a/0/0/5!/member_01640,0,/a/0/0/5,134,1640,,21956,21957,6096,6097,1,beead77994cf573341ec17b58bbf7eb34d2711c993c1d976b128b3188dc1829a,08,,,,,False,,,,,,,,,,False,False
/a/0/0/5,/a/0/0/5!/member_01641,0,/a/0/0/5,134,1641,,21960,21961,6100,6101,1,beead77994cf573341ec17b58bbf7eb34d2711c993c1d976b128b3188dc1829a,08,,,,,False,,,,,,,,,,False,False
/a/0/0/5,/a/0/0/5!/member_01642,0,/a/0/0/5,134,1642,,21964,21965,6104,6105,1,2f0fd1e89b8de1d57292742ec380ea47066e307ad645f5bc3adad8a06ff58608,15,,,,,False,,,,,,,,,,False,False
/a/0/0/5,/a/0/0/5!/member_01643,0,/a/0/0/5,134,1643,,21968,21969,6108,6109,1,2f0fd1e89b8de1d57292742ec380ea47066e307ad645f5bc3adad8a06ff58608,15,,,,,False,,,,,,,,,,False,False
/a/0/0/5,/a/0/0/5!/member_01644,0,/a/0/0/5,134,1644,,21972,21973,6112,6113,1,2b4c342f5433ebe591a1da77e013d1b72475562d48578dca8b84bac6651c3cb9,09,,,,,False,,,,,,,,,,False,False
/a/0/0/5,/a/0/0/5!/member_01645,0,/a/0/0/5,134,1645,,21976,21977,6116,6117,1,2b4c342f5433ebe591a1da77e013d1b72475562d48578dca8b84bac6651c3cb9,09,,,,,False,,,,,,,,,,False,False
/a/0/0/5,/a/0/0/5!/member_01646,0,/a/0/0/5,134,1646,,21980,21981,6120,6121,1,ef6cbd2161eaea7943ce8693b9824d23d1793ffb1c0fca05b600d3899b44c977,0c,,,,,False,,,,,,,,,,False,False
/a/0/0/5,/a/0/0/5!/member_01647,0,/a/0/0/5,134,1647,,21984,21985,6124,6125,1,ef6cbd2161eaea7943ce8693b9824d23d1793ffb1c0fca05b600d3899b44c977,0c,,,,,False,,,,,,,,,,False,False
/a/0/0/5,/a/0/0/5!/member_01648,0,/a/0/0/5,134,1648,,21988,21989,6128,6129,1,6e340b9cffb37a989ca544e6bb780a2c78901d3fb33738768511a30617afa01d,00,,,,,False,,,,,,,,,,False,False
/a/0/0/5,/a/0/0/5!/member_01649,0,/a/0/0/5,134,1649,,21992,21993,6132,6133,1,6e340b9cffb37a989ca544e6bb780a2c78901d3fb33738768511a30617afa01d,00,,,,,False,,,,,,,,,,False,False
/a/0/0/5,/a/0/0/5!/member_01650,0,/a/0/0/5,134,1650,,21996,21997,6136,6137,1,ab897fbdedfa502b2d839b6a56100887dccdc507555c282e59589e06300a62e2,13,,,,,False,,,,,,,,,,False,False
/a/0/0/5,/a/0/0/5!/member_01651,0,/a/0/0/5,134,1651,,22000,22001,6140,6141,1,ab897fbdedfa502b2d839b6a56100887dccdc507555c282e59589e06300a62e2,13,,,,,False,,,,,,,,,,False,False
/a/0/0/5,/a/0/0/5!/member_01652,0,/a/0/0/5,134,1652,,22004,22005,6144,6145,1,6e340b9cffb37a989ca544e6bb780a2c78901d3fb33738768511a30617afa01d,00,,,,,False,,,,,,,,,,False,False
/a/0/0/5,/a/0/0/5!/member_01653,0,/a/0/0/5,134,1653,,22008,22008,6148,6148,0,e3b0c44298fc1c149afbf4c8996fb92427ae41e4649b934ca495991b7852b855,,,,,,False,,,,,,,,,,False,False
/a/0/0/5,/a/0/0/5!/member_01654,0,/a/0/0/5,134,1654,,22008,22009,6148,6149,1,dc0e9c3658a1a3ed1ec94274d8b19925c93e1abb7ddba294923ad9bde30f8cb8,0f,,,,,False,,,,,,,,,,False,False
/a/0/0/5,/a/0/0/5!/member_01655,0,/a/0/0/5,134,1655,,22012,22012,6152,6152,0,e3b0c44298fc1c149afbf4c8996fb92427ae41e4649b934ca495991b7852b855,,,,,,False,,,,,,,,,,False,False
/a/0/0/5,/a/0/0/5!/member_01656,0,/a/0/0/5,134,1656,,22012,22012,6152,6152,0,e3b0c44298fc1c149afbf4c8996fb92427ae41e4649b934ca495991b7852b855,,,,,,False,,,,,,,,,,False,False
/a/0/0/5,/a/0/0/5!/member_01657,0,/a/0/0/5,134,1657,,22012,22013,6152,6153,1,beead77994cf573341ec17b58bbf7eb34d2711c993c1d976b128b3188dc1829a,08,,,,,False,,,,,,,,,,False,False
/a/0/0/5,/a/0/0/5!/member_01658,0,/a/0/0/5,134,1658,,22016,22016,6156,6156,0,e3b0c44298fc1c149afbf4c8996fb92427ae41e4649b934ca495991b7852b855,,,,,,False,,,,,,,,,,False,False
/a/0/0/5,/a/0/0/5!/member_01659,0,/a/0/0/5,134,1659,,22016,22017,6156,6157,1,2f0fd1e89b8de1d57292742ec380ea47066e307ad645f5bc3adad8a06ff58608,15,,,,,False,,,,,,,,,,False,False
/a/0/0/5,/a/0/0/5!/member_01660,0,/a/0/0/5,134,1660,,22020,22021,6160,6161,1,8f11b05da785e43e713d03774c6bd3405d99cd3024af334ffd68db663aa37034,17,,,,,False,,,,,,,,,,False,False
/a/0/0/5,/a/0/0/5!/member_01661,0,/a/0/0/5,134,1661,,22024,22025,6164,6165,1,77adfc95029e73b173f60e556f915b0cd8850848111358b1c370fb7c154e61fd,1b,,,,,False,,,,,,,,,,False,False
/a/0/0/5,/a/0/0/5!/member_01662,0,/a/0/0/5,134,1662,,22028,22029,6168,6169,1,58f7b0780592032e4d8602a3e8690fb2c701b2e1dd546e703445aabd6469734d,1a,,,,,False,,,,,,,,,,False,False
/a/0/0/5,/a/0/0/5!/member_01663,0,/a/0/0/5,134,1663,,22032,22033,6172,6173,1,58f7b0780592032e4d8602a3e8690fb2c701b2e1dd546e703445aabd6469734d,1a,,,,,False,,,,,,,,,,False,False
/a/0/0/5,/a/0/0/5!/member_01664,0,/a/0/0/5,134,1664,,22036,22037,6176,6177,1,6e340b9cffb37a989ca544e6bb780a2c78901d3fb33738768511a30617afa01d,00,,,,,False,,,,,,,,,,False,False
/a/0/0/5,/a/0/0/5!/member_01665,0,/a/0/0/5,134,1665,,22040,22040,6180,6180,0,e3b0c44298fc1c149afbf4c8996fb92427ae41e4649b934ca495991b7852b855,,,,,,False,,,,,,,,,,False,False
/a/0/0/5,/a/0/0/5!/member_01666,0,/a/0/0/5,134,1666,,22040,22041,6180,6181,1,4d7b3ef7300acf70c892d8327db8272f54434adbc61a4e130a563cb59a0d0f47,0e,,,,,False,,,,,,,,,,False,False
/a/0/0/5,/a/0/0/5!/member_01667,0,/a/0/0/5,134,1667,,22044,22044,6184,6184,0,e3b0c44298fc1c149afbf4c8996fb92427ae41e4649b934ca495991b7852b855,,,,,,False,,,,,,,,,,False,False
/a/0/0/5,/a/0/0/5!/member_01668,0,/a/0/0/5,134,1668,,22044,22045,6184,6185,1,dbc1b4c900ffe48d575b5da5c638040125f65db0fe3e24494b76ea986457d986,02,,,,,False,,,,,,,,,,False,False
/a/0/0/5,/a/0/0/5!/member_01669,0,/a/0/0/5,134,1669,,22048,22049,6188,6189,1,dbc1b4c900ffe48d575b5da5c638040125f65db0fe3e24494b76ea986457d986,02,,,,,False,,,,,,,,,,False,False
/a/0/0/5,/a/0/0/5!/member_01670,0,/a/0/0/5,134,1670,,22052,22053,6192,6193,1,dc0e9c3658a1a3ed1ec94274d8b19925c93e1abb7ddba294923ad9bde30f8cb8,0f,,,,,False,,,,,,,,,,False,False
/a/0/0/5,/a/0/0/5!/member_01671,0,/a/0/0/5,134,1671,,22056,22057,6196,6197,1,dc0e9c3658a1a3ed1ec94274d8b19925c93e1abb7ddba294923ad9bde30f8cb8,0f,,,,,False,,,,,,,,,,False,False
/a/0/0/5,/a/0/0/5!/member_01672,0,/a/0/0/5,134,1672,,22060,22061,6200,6201,1,beead77994cf573341ec17b58bbf7eb34d2711c993c1d976b128b3188dc1829a,08,,,,,False,,,,,,,,,,False,False
/a/0/0/5,/a/0/0/5!/member_01673,0,/a/0/0/5,134,1673,,22064,22065,6204,6205,1,beead77994cf573341ec17b58bbf7eb34d2711c993c1d976b128b3188dc1829a,08,,,,,False,,,,,,,,,,False,False
/a/0/0/5,/a/0/0/5!/member_01674,0,/a/0/0/5,134,1674,,22068,22069,6208,6209,1,f299791cddd3d6664f6670842812ef6053eb6501bd6282a476bbbf3ee91e750c,12,,,,,False,,,,,,,,,,False,False
/a/0/0/5,/a/0/0/5!/member_01675,0,/a/0/0/5,134,1675,,22072,22073,6212,6213,1,f299791cddd3d6664f6670842812ef6053eb6501bd6282a476bbbf3ee91e750c,12,,,,,False,,,,,,,,,,False,False
/a/0/0/5,/a/0/0/5!/member_01676,0,/a/0/0/5,134,1676,,22076,22077,6216,6217,1,beead77994cf573341ec17b58bbf7eb34d2711c993c1d976b128b3188dc1829a,08,,,,,False,,,,,,,,,,False,False
/a/0/0/5,/a/0/0/5!/member_01677,0,/a/0/0/5,134,1677,,22080,22081,6220,6221,1,beead77994cf573341ec17b58bbf7eb34d2711c993c1d976b128b3188dc1829a,08,,,,,False,,,,,,,,,,False,False
/a/0/0/5,/a/0/0/5!/member_01678,0,/a/0/0/5,134,1678,,22084,22085,6224,6225,1,084fed08b978af4d7d196a7446a86b58009e636b611db16211b65a9aadff29c5,03,,,,,False,,,,,,,,,,False,False
/a/0/0/5,/a/0/0/5!/member_01679,0,/a/0/0/5,134,1679,,22088,22089,6228,6229,1,084fed08b978af4d7d196a7446a86b58009e636b611db16211b65a9aadff29c5,03,,,,,False,,,,,,,,,,False,False
/a/0/0/5,/a/0/0/5!/member_01680,0,/a/0/0/5,134,1680,,22092,22093,6232,6233,1,c555eab45d08845ae9f10d452a99bfcb06f74a50b988fe7e48dd323789b88ee3,10,,Nintendo LZ10,Probable,,True,Nintendo LZ10,Probable,True,,,,,,,False,False
/a/0/0/5,/a/0/0/5!/member_01681,0,/a/0/0/5,134,1681,,22096,22097,6236,6237,1,c555eab45d08845ae9f10d452a99bfcb06f74a50b988fe7e48dd323789b88ee3,10,,Nintendo LZ10,Probable,,True,Nintendo LZ10,Probable,True,,,,,,,False,False
/a/0/0/5,/a/0/0/5!/member_01682,0,/a/0/0/5,134,1682,,22100,22101,6240,6241,1,68aa2e2ee5dff96e3355e6c7ee373e3d6a4e17f75f9518d843709c0c9bc3e3d4,19,,,,,False,,,,,,,,,,False,False
/a/0/0/5,/a/0/0/5!/member_01683,0,/a/0/0/5,134,1683,,22104,22105,6244,6245,1,68aa2e2ee5dff96e3355e6c7ee373e3d6a4e17f75f9518d843709c0c9bc3e3d4,19,,,,,False,,,,,,,,,,False,False
/a/0/0/5,/a/0/0/5!/member_01684,0,/a/0/0/5,134,1684,,22108,22109,6248,6249,1,9d1e0e2d9459d06523ad13e28a4093c2316baafe7aec5b25f30eba2e113599c4,0d,,,,,False,,,,,,,,,,False,False
/a/0/0/5,/a/0/0/5!/member_01685,0,/a/0/0/5,134,1685,,22112,22113,6252,6253,1,9d1e0e2d9459d06523ad13e28a4093c2316baafe7aec5b25f30eba2e113599c4,0d,,,,,False,,,,,,,,,,False,False
/a/0/0/5,/a/0/0/5!/member_01686,0,/a/0/0/5,134,1686,,22116,22117,6256,6257,1,2f0fd1e89b8de1d57292742ec380ea47066e307ad645f5bc3adad8a06ff58608,15,,,,,False,,,,,,,,,,False,False
/a/0/0/5,/a/0/0/5!/member_01687,0,/a/0/0/5,134,1687,,22120,22121,6260,6261,1,2f0fd1e89b8de1d57292742ec380ea47066e307ad645f5bc3adad8a06ff58608,15,,,,,False,,,,,,,,,,False,False
/a/0/0/5,/a/0/0/5!/member_01688,0,/a/0/0/5,134,1688,,22124,22125,6264,6265,1,6e340b9cffb37a989ca544e6bb780a2c78901d3fb33738768511a30617afa01d,00,,,,,False,,,,,,,,,,False,False
/a/0/0/5,/a/0/0/5!/member_01689,0,/a/0/0/5,134,1689,,22128,22129,6268,6269,1,6e340b9cffb37a989ca544e6bb780a2c78901d3fb33738768511a30617afa01d,00,,,,,False,,,,,,,,,,False,False
/a/0/0/5,/a/0/0/5!/member_01690,0,/a/0/0/5,134,1690,,22132,22133,6272,6273,1,4a64a107f0cb32536e5bce6c98c393db21cca7f4ea187ba8c4dca8b51d4ea80a,11,,Nintendo LZ11,Probable,,True,Nintendo LZ11,Probable,True,,,,,,,False,False
/a/0/0/5,/a/0/0/5!/member_01691,0,/a/0/0/5,134,1691,,22136,22137,6276,6277,1,4a64a107f0cb32536e5bce6c98c393db21cca7f4ea187ba8c4dca8b51d4ea80a,11,,Nintendo LZ11,Probable,,True,Nintendo LZ11,Probable,True,,,,,,,False,False
/a/0/0/5,/a/0/0/5!/member_01692,0,/a/0/0/5,134,1692,,22140,22141,6280,6281,1,6e340b9cffb37a989ca544e6bb780a2c78901d3fb33738768511a30617afa01d,00,,,,,False,,,,,,,,,,False,False
/a/0/0/5,/a/0/0/5!/member_01693,0,/a/0/0/5,134,1693,,22144,22145,6284,6285,1,6e340b9cffb37a989ca544e6bb780a2c78901d3fb33738768511a30617afa01d,00,,,,,False,,,,,,,,,,False,False
/a/0/0/5,/a/0/0/5!/member_01694,0,/a/0/0/5,134,1694,,22148,22149,6288,6289,1,9d1e0e2d9459d06523ad13e28a4093c2316baafe7aec5b25f30eba2e113599c4,0d,,,,,False,,,,,,,,,,False,False
/a/0/0/5,/a/0/0/5!/member_01695,0,/a/0/0/5,134,1695,,22152,22153,6292,6293,1,9d1e0e2d9459d06523ad13e28a4093c2316baafe7aec5b25f30eba2e113599c4,0d,,,,,False,,,,,,,,,,False,False
/a/0/0/5,/a/0/0/5!/member_01696,0,/a/0/0/5,134,1696,,22156,22157,6296,6297,1,6e340b9cffb37a989ca544e6bb780a2c78901d3fb33738768511a30617afa01d,00,,,,,False,,,,,,,,,,False,False
/a/0/0/5,/a/0/0/5!/member_01697,0,/a/0/0/5,134,1697,,22160,22161,6300,6301,1,6e340b9cffb37a989ca544e6bb780a2c78901d3fb33738768511a30617afa01d,00,,,,,False,,,,,,,,,,False,False
/a/0/0/5,/a/0/0/5!/member_01698,0,/a/0/0/5,134,1698,,22164,22165,6304,6305,1,ca358758f6d27e6cf45272937977a748fd88391db679ceda7dc7bf1f005ee879,07,,,,,False,,,,,,,,,,False,False
/a/0/0/5,/a/0/0/5!/member_01699,0,/a/0/0/5,134,1699,,22168,22169,6308,6309,1,ca358758f6d27e6cf45272937977a748fd88391db679ceda7dc7bf1f005ee879,07,,,,,False,,,,,,,,,,False,False
/a/0/0/5,/a/0/0/5!/member_01700,0,/a/0/0/5,134,1700,,22172,22173,6312,6313,1,6e340b9cffb37a989ca544e6bb780a2c78901d3fb33738768511a30617afa01d,00,,,,,False,,,,,,,,,,False,False
/a/0/0/5,/a/0/0/5!/member_01701,0,/a/0/0/5,134,1701,,22176,22177,6316,6317,1,6e340b9cffb37a989ca544e6bb780a2c78901d3fb33738768511a30617afa01d,00,,,,,False,,,,,,,,,,False,False
/a/0/0/5,/a/0/0/5!/member_01702,0,/a/0/0/5,134,1702,,22180,22181,6320,6321,1,9d1e0e2d9459d06523ad13e28a4093c2316baafe7aec5b25f30eba2e113599c4,0d,,,,,False,,,,,,,,,,False,False
/a/0/0/5,/a/0/0/5!/member_01703,0,/a/0/0/5,134,1703,,22184,22185,6324,6325,1,9d1e0e2d9459d06523ad13e28a4093c2316baafe7aec5b25f30eba2e113599c4,0d,,,,,False,,,,,,,,,,False,False
/a/0/0/5,/a/0/0/5!/member_01704,0,/a/0/0/5,134,1704,,22188,22189,6328,6329,1,beead77994cf573341ec17b58bbf7eb34d2711c993c1d976b128b3188dc1829a,08,,,,,False,,,,,,,,,,False,False
/a/0/0/5,/a/0/0/5!/member_01705,0,/a/0/0/5,134,1705,,22192,22193,6332,6333,1,beead77994cf573341ec17b58bbf7eb34d2711c993c1d976b128b3188dc1829a,08,,,,,False,,,,,,,,,,False,False
/a/0/0/5,/a/0/0/5!/member_01706,0,/a/0/0/5,134,1706,,22196,22197,6336,6337,1,4a64a107f0cb32536e5bce6c98c393db21cca7f4ea187ba8c4dca8b51d4ea80a,11,,Nintendo LZ11,Probable,,True,Nintendo LZ11,Probable,True,,,,,,,False,False
/a/0/0/5,/a/0/0/5!/member_01707,0,/a/0/0/5,134,1707,,22200,22201,6340,6341,1,4a64a107f0cb32536e5bce6c98c393db21cca7f4ea187ba8c4dca8b51d4ea80a,11,,Nintendo LZ11,Probable,,True,Nintendo LZ11,Probable,True,,,,,,,False,False
/a/0/0/5,/a/0/0/5!/member_01708,0,/a/0/0/5,134,1708,,22204,22205,6344,6345,1,6e340b9cffb37a989ca544e6bb780a2c78901d3fb33738768511a30617afa01d,00,,,,,False,,,,,,,,,,False,False
/a/0/0/5,/a/0/0/5!/member_01709,0,/a/0/0/5,134,1709,,22208,22209,6348,6349,1,6e340b9cffb37a989ca544e6bb780a2c78901d3fb33738768511a30617afa01d,00,,,,,False,,,,,,,,,,False,False
/a/0/0/5,/a/0/0/5!/member_01710,0,/a/0/0/5,134,1710,,22212,22213,6352,6353,1,ca358758f6d27e6cf45272937977a748fd88391db679ceda7dc7bf1f005ee879,07,,,,,False,,,,,,,,,,False,False
/a/0/0/5,/a/0/0/5!/member_01711,0,/a/0/0/5,134,1711,,22216,22217,6356,6357,1,ca358758f6d27e6cf45272937977a748fd88391db679ceda7dc7bf1f005ee879,07,,,,,False,,,,,,,,,,False,False
/a/0/0/5,/a/0/0/5!/member_01712,0,/a/0/0/5,134,1712,,22220,22221,6360,6361,1,6e340b9cffb37a989ca544e6bb780a2c78901d3fb33738768511a30617afa01d,00,,,,,False,,,,,,,,,,False,False
/a/0/0/5,/a/0/0/5!/member_01713,0,/a/0/0/5,134,1713,,22224,22225,6364,6365,1,6e340b9cffb37a989ca544e6bb780a2c78901d3fb33738768511a30617afa01d,00,,,,,False,,,,,,,,,,False,False
/a/0/0/5,/a/0/0/5!/member_01714,0,/a/0/0/5,134,1714,,22228,22229,6368,6369,1,01ba4719c80b6fe911b091a7c05124b64eeece964e09c058ef8f9805daca546b,0a,,,,,False,,,,,,,,,,False,False
/a/0/0/5,/a/0/0/5!/member_01715,0,/a/0/0/5,134,1715,,22232,22233,6372,6373,1,01ba4719c80b6fe911b091a7c05124b64eeece964e09c058ef8f9805daca546b,0a,,,,,False,,,,,,,,,,False,False
/a/0/0/5,/a/0/0/5!/member_01716,0,/a/0/0/5,134,1716,,22236,22237,6376,6377,1,6e340b9cffb37a989ca544e6bb780a2c78901d3fb33738768511a30617afa01d,00,,,,,False,,,,,,,,,,False,False
/a/0/0/5,/a/0/0/5!/member_01717,0,/a/0/0/5,134,1717,,22240,22241,6380,6381,1,6e340b9cffb37a989ca544e6bb780a2c78901d3fb33738768511a30617afa01d,00,,,,,False,,,,,,,,,,False,False
/a/0/0/5,/a/0/0/5!/member_01718,0,/a/0/0/5,134,1718,,22244,22245,6384,6385,1,beead77994cf573341ec17b58bbf7eb34d2711c993c1d976b128b3188dc1829a,08,,,,,False,,,,,,,,,,False,False
/a/0/0/5,/a/0/0/5!/member_01719,0,/a/0/0/5,134,1719,,22248,22249,6388,6389,1,beead77994cf573341ec17b58bbf7eb34d2711c993c1d976b128b3188dc1829a,08,,,,,False,,,,,,,,,,False,False
/a/0/0/5,/a/0/0/5!/member_01720,0,/a/0/0/5,134,1720,,22252,22253,6392,6393,1,01ba4719c80b6fe911b091a7c05124b64eeece964e09c058ef8f9805daca546b,0a,,,,,False,,,,,,,,,,False,False
/a/0/0/5,/a/0/0/5!/member_01721,0,/a/0/0/5,134,1721,,22256,22257,6396,6397,1,01ba4719c80b6fe911b091a7c05124b64eeece964e09c058ef8f9805daca546b,0a,,,,,False,,,,,,,,,,False,False
