container_chain,member_chain,depth,parent_narc_path,parent_file_id,member_index,name,container_relative_offset,container_relative_end,gmif_relative_offset,gmif_relative_end,size,sha256,signature_hex,extension,probable_format,format_evidence,structure_valid,compressed,compression,compression_evidence,decompression_supported,declared_decompressed_size,decompression_valid,decompressed_size,decompressed_sha256,decompressed_format,decompressed_format_evidence,nested_container,nested_after_decompression
/a/0/3/3,/a/0/3/3!/member_00329,0,/a/0/3/3,162,329,,13968,13996,9852,9880,28,0432539ec46ee43abcc0be6d1e5d979264232731e6b32c34e9afc940294a13bd,31021c02b90248031c12b92248333042,,,,,False,,,,,,,,,,False,False
/a/0/3/3,/a/0/3/3!/member_00330,0,/a/0/3/3,162,330,,13996,14024,9880,9908,28,43656585747d4b774209e57b4d0bf7e4e3b6313c27380734221ffa1ecb73d641,31021c02b90248031c12b92248333042,,,,,False,,,,,,,,,,False,False
/a/0/3/3,/a/0/3/3!/member_00331,0,/a/0/3/3,162,331,,14024,14060,9908,9944,36,2a50c399b054bfd0ae2a1ac6c63d73a98e54ab2438a2a9737091650cf8463fe1,28022b02470a4a12491a1c222a2a1333,,,,,True,Nintendo Huffman 8-bit,Probable,False,142082,,,,,,False,False
/a/0/3/3,/a/0/3/3!/member_00332,0,/a/0/3/3,162,332,,14060,14100,9944,9984,40,68d284d493b57175f8f1b7d58535ca42f90d01755260d62ee44a79b9c0669252,170328022b0247024a02470a4a12491a,,,,,False,,,,,,,,,,False,False
/a/0/3/3,/a/0/3/3!/member_00333,0,/a/0/3/3,162,333,,14100,14128,9984,10012,28,ce6ca2469fa728b98c7873a2e68e033660f00a33506d3fb42ebdc0c9d2d58b59,40022d02360b2f121f1adb24362e2438,,,,,False,,,,,,,,,,False,False
/a/0/3/3,/a/0/3/3!/member_00334,0,/a/0/3/3,162,334,,14128,14168,10012,10052,40,2f4c6572ca0052259c7c0543b522162549cfaa3537a8bc856900e4e749865474,6d0340022d0236032f02360b2f121f1a,,,,,False,,,,,,,,,,False,False
/a/0/3/3,/a/0/3/3!/member_00335,0,/a/0/3/3,162,335,,14168,14200,10052,10084,32,9cda518190d12c63a722ebcd4b20adbc5328ab821e7e15cc76151de06741518d,0a022b02620a0e12d21ca324e42c7537,,,,,False,,,,,,,,,,False,False
/a/0/3/3,/a/0/3/3!/member_00336,0,/a/0/3/3,162,336,,14200,14228,10084,10112,28,406881570110656abd540d2fd5ac3ed631029ccbc4fd38304cb14e3e64b52ba1,23027a0e2c14562167268932f2383145,,,,,False,,,,,,,,,,False,False
/a/0/3/3,/a/0/3/3!/member_00337,0,/a/0/3/3,162,337,,14228,14256,10112,10140,28,566801da1e34a56f03828282b71f7487890dc11ce714e574f95687d822df0f85,21026a025d0258125f188d29952e753f,,,,,False,,,,,,,,,,False,False
/a/0/3/3,/a/0/3/3!/member_00338,0,/a/0/3/3,162,338,,14256,14284,10140,10168,28,a416efbdfbfe98221ad49135b36c37692fe0932ba5c31e22fc0c814b3eb50e6d,21026a025d02581253188d29952e753f,,,,,False,,,,,,,,,,False,False
/a/0/3/3,/a/0/3/3!/member_00339,0,/a/0/3/3,162,339,,14284,14316,10168,10200,32,9c22944edf4f8b33cba31e960ef7acf27355260a780d59fbcbd73d89f0b9cfcc,bd022c0d5a0d3714aa1d8524602dde34,,,,,False,,,,,,,,,,False,False
/a/0/3/3,/a/0/3/3!/member_00340,0,/a/0/3/3,162,340,,14316,14356,10200,10240,40,e6634fae1e7acf46a98b32d0b6e918781892037c1731b878839e19f25134848c,ac034103bd022c035a032c0d5a0d3714,,,,,False,,,,,,,,,,False,False
/a/0/3/3,/a/0/3/3!/member_00341,0,/a/0/3/3,162,341,,14356,14384,10240,10268,28,753a6da1967d45c793b61415653f1e5b24700e06f9e7e84c148bf2f859984a58,91026a0e0b142b1a3d28b62e1a350d41,,,,,False,,,,,,,,,,False,False
/a/0/3/3,/a/0/3/3!/member_00342,0,/a/0/3/3,162,342,,14384,14420,10268,10304,36,f178822eafa4e49eff61ec58d188a07086c51a9a2f569a44d675ad209208185e,91026a020b022b026a0e0b142b1a3d28,,,,,False,,,,,,,,,,False,False
/a/0/3/3,/a/0/3/3!/member_00343,0,/a/0/3/3,162,343,,14420,14452,10304,10336,32,1d5e5059b35f6ff570f4b26aa5399b0a845d64f17fbecad5baadb1e40b401a5b,5d026a06e50abd0e3c163d1f7826f632,,,,,False,,,,,,,,,,False,False
/a/0/3/3,/a/0/3/3!/member_00344,0,/a/0/3/3,162,344,,14452,14492,10336,10376,40,4d44f94d4db56641ccfe093403b75a7456716d4384aa3948578587c881860ab7,64025d026a02e5026a06e50abd0e3c16,,,,,False,,,,,,,,,,False,False
/a/0/3/3,/a/0/3/3!/member_00345,0,/a/0/3/3,162,345,,14492,14520,10376,10404,28,467b60c6918c3c7d2194e400db8e89a27f28addf47928f91c9754caaa9222918,360384023310131f6d2c853a7c49f656,,,,,False,,,,,,,,,,False,False
/a/0/3/3,/a/0/3/3!/member_00346,0,/a/0/3/3,162,346,,14520,14552,10404,10436,32,7f4318214c2cf1e1be7cc70f1cf254c4a6ababdb823886f41e14dce985b9f5fa,36038402330213033310131f6d2c853a,,,,,False,,,,,,,,,,False,False
/a/0/3/3,/a/0/3/3!/member_00347,0,/a/0/3/3,162,347,,14552,14580,10436,10464,28,148e915df9f4b3df0e8b164d63dfac7f364b8b2efcfc4fe39ba7660a55f597cc,0a026a022c0f371ae826b632f63ed24a,,,,,False,,,,,,,,,,False,False
/a/0/3/3,/a/0/3/3!/member_00348,0,/a/0/3/3,162,348,,14580,14612,10464,10496,32,dbf2633dd232aee82b1ff8a3bfb18a91c287449cccac8c943397dc4f393a43ee,0a026a022c0337022c0f371ae826b632,,,,,False,,,,,,,,,,False,False
/a/0/3/3,/a/0/3/3!/member_00349,0,/a/0/3/3,162,349,,14612,14620,10496,10504,8,6372ed40287d634d67e2ae63940d6ba8a8e44d0937a2126a12b6872a54e1eb22,9602211eaf3cffff,,,,,False,,,,,,,,,,False,False
/a/0/3/3,/a/0/3/3!/member_00350,0,/a/0/3/3,162,350,,14620,14652,10504,10536,32,6d76f3f2743dce6f8e5859debbd42fb052dfe63803d778daa804243ab1cee09f,370223025a0b1f13601bef22692abd33,,,,,False,,,,,,,,,,False,False
/a/0/3/3,/a/0/3/3!/member_00351,0,/a/0/3/3,162,351,,14652,14672,10536,10556,20,ff712cf7c728885b2644b7d381ac86eaca81a4778b8153dd7d5389be6d23fa31,210237143414b514f028f1280229373d,,,,,False,,,,,,,,,,False,False
/a/0/3/3,/a/0/3/3!/member_00352,0,/a/0/3/3,162,352,,14672,14708,10556,10592,36,ed1304be604d5e4d97584a961ded0879eceeb17861bf2267b08895d0b8f40d71,a802270236037a020a021408b90e9a14,,,,,False,,,,,,,,,,False,False
/a/0/3/3,/a/0/3/3!/member_00353,0,/a/0/3/3,162,353,,14708,14740,10592,10624,32,172d6e375061db2ef808217a088adbc27bbb8b0556525a288272a3cba87f273f,1a03670a6510ae1ab420a929052fb938,,,,,False,,,,,,,,,,False,False
/a/0/3/3,/a/0/3/3!/member_00354,0,/a/0/3/3,162,354,,14740,14776,10624,10660,36,19f8d31ec6d84e0d30e65e65ccd1302b2233df0363d5c91ece75ea1e3124356d,1a0367026502ae026710650aae1ab420,,,,,False,,,,,,,,,,False,False
/a/0/3/3,/a/0/3/3!/member_00355,0,/a/0/3/3,162,355,,14776,14804,10660,10688,28,9e268c4409c98742d28bb0e31a29ffa90b8d3e1a1f96a0d8532cc10a9d2dfa4e,2b026502320cc112361d6d22a92de432,,,,,False,,,,,,,,,,False,False
/a/0/3/3,/a/0/3/3!/member_00356,0,/a/0/3/3,162,356,,14804,14848,10688,10732,44,6d0611e034df0fdd1ed6e32b673e78f368379cded545cce01dd7373ebf750070,070208020902640314022b0265023202,,,,,False,,,,,,,,,,False,False
/a/0/3/3,/a/0/3/3!/member_00357,0,/a/0/3/3,162,357,,14848,14880,10732,10764,32,a695deb0f747ac3fdf63bbbe97518acecb6f8addd7c9209a331f7ef10dd77d0b,2b0210024a0e4b161722e62a1236593f,,,,,False,,,,,,,,,,False,False
/a/0/3/3,/a/0/3/3!/member_00358,0,/a/0/3/3,162,358,,14880,14908,10764,10792,28,78f485993cc873d4ab8a9d7f80730302e055e289b1776d346a1545ea2d691ba4,23022d0c36135d1cfd22242c1933953c,,,,,False,,,,,,,,,,False,False
/a/0/3/3,/a/0/3/3!/member_00359,0,/a/0/3/3,162,359,,14908,14948,10792,10832,40,8784080eb6d180bd1e7912e176ad448fe0d484a7545215477244880bfd1f3c15,0a026c032b080d1362180d22e4280e32,,,,,False,,,,,,,,,,False,False
/a/0/3/3,/a/0/3/3!/member_00360,0,/a/0/3/3,162,360,,14948,14964,10832,10848,16,dbe4984ccd1da9229f47977509a0a57d56d52a7f60719386d5184aa09b692111,9602cc02e302441ef31edb1ec21effff,,,,,False,,,,,,,,,,False,False
/a/0/3/3,/a/0/3/3!/member_00361,0,/a/0/3/3,162,361,,14964,14992,10848,10876,28,1e4b55e49fa0d4eba6a40b85bfa9d2a49c09f8c08160646e04d6fd37c0abb6cc,b5022b0268082c14c41a1d26b62ca739,,,,,False,,,,,,,,,,False,False
/a/0/3/3,/a/0/3/3!/member_00362,0,/a/0/3/3,162,362,,14992,15024,10876,10908,32,44826f350bd274798357b85d82599f1ef6314e4f7dbb8520f5efb424f00a177b,b5022b0268022c0268082c14c41a1d26,,,,,False,,,,,,,,,,False,False
/a/0/3/3,/a/0/3/3!/member_00363,0,/a/0/3/3,162,363,,15024,15052,10908,10936,28,8cb35a9e13992fc8ca98ea9ae9834a8c4558554f4d25f35f63bbd7651bf11773,6f02b5022d023702e30e2d1b22263e32,,,,,False,,,,,,,,,,False,False
/a/0/3/3,/a/0/3/3!/member_00364,0,/a/0/3/3,162,364,,15052,15084,10936,10968,32,e46621f3f4980d61bb71cafbd9c39b8463772b29beabed9766a22753251a7367,b5022d023702e302e30e2d1b22263e32,,,,,False,,,,,,,,,,False,False
/a/0/3/3,/a/0/3/3!/member_00365,0,/a/0/3/3,162,365,,15084,15120,10968,11004,36,6a27c644fabb8487ac9ec5fdfaf19c61d5b93f583f893d9baf376bfd7a9e2521,f202b5022d023702e302e30e2d1b2226,,,,,False,,,,,,,,,,False,False
/a/0/3/3,/a/0/3/3!/member_00366,0,/a/0/3/3,162,366,,15120,15132,11004,11016,12,a0af546e96e22a01696da097c18d366a8d3844d58f885e4660fc5604b9b2bcf5,80023702fa024e03ffff0000,,,,,False,,,,,,,,,,False,False
/a/0/3/3,/a/0/3/3!/member_00367,0,/a/0/3/3,162,367,,15132,15160,11016,11044,28,3ef49493f3a8b9307b44c45761a4b48782a86b050d532d52fbec6fe39ef84a4f,fa022c0c6714601fb826a7316a39e242,,,,,False,,,,,,,,,,False,False
/a/0/3/3,/a/0/3/3!/member_00368,0,/a/0/3/3,162,368,,15160,15188,11044,11072,28,175430df89db3fc628db26cdd7bbc6546c0b31d24781843f2f1f405d1885959f,fa025d0c6114601f85268831bd39e242,,,,,False,,,,,,,,,,False,False
/a/0/3/3,/a/0/3/3!/member_00369,0,/a/0/3/3,162,369,,15188,15216,11072,11100,28,f1aa7e2b6fd500180a27b75d745e2774dcad7aae962145e05443283bdd737162,21026a0237103d1f192d243a2c49f656,,,,,False,,,,,,,,,,False,False
/a/0/3/3,/a/0/3/3!/member_00370,0,/a/0/3/3,162,370,,15216,15244,11100,11128,28,729fc4aaff8c839780c1308311fdecd3e6ce5effa0a1db7e6e733ee8ad9b8463,2102cc08370e6112241c7d23d52cba36,,,,,False,,,,,,,,,,False,False
/a/0/3/3,/a/0/3/3!/member_00371,0,/a/0/3/3,162,371,,15244,15272,11128,11156,28,72e8a724ca5413c06035fb7fa8b2a5e95abb70cb0fd60731c2d12c662493266b,63022c0a2b141d2074283432e13eac47,,,,,False,,,,,,,,,,False,False
/a/0/3/3,/a/0/3/3!/member_00372,0,/a/0/3/3,162,372,,15272,15308,11156,11192,36,d64a8a578f3bdd9a57a3126d2feeab0d863f04c6d8fa6acad13890d441e8f18c,63022c022b021d022c0a2b141d207428,,,,,False,,,,,,,,,,False,False
/a/0/3/3,/a/0/3/3!/member_00373,0,/a/0/3/3,162,373,,15308,15348,11192,11232,40,b1dc6ad0a2b6bb1152caf8f9af0becc0540ed7e04c8bbd17e2f0e1edec996ae0,a803a60363022c022b021d022c0a2b14,,,,,False,,,,,,,,,,False,False
/a/0/3/3,/a/0/3/3!/member_00374,0,/a/0/3/3,162,374,,15348,15352,11232,11236,4,d112606d9892b7202158dd3f1ed306d9895397e00d9b8695bb77dc985fc9912f,2402ffff,,,,,True,Nintendo Huffman 4-bit,Probable,False,16776962,,,,,,False,False
/a/0/3/3,/a/0/3/3!/member_00375,0,/a/0/3/3,162,375,,15352,15384,11236,11268,32,af1ce052a0f2659db3886792b1360f95dc0346ff1e4fe2a151c3d279c92d7a1e,89032402e8025d02e8285d28b830e438,,,,,False,,,,,,,,,,False,False
/a/0/3/3,/a/0/3/3!/member_00376,0,/a/0/3/3,162,376,,15384,15420,11268,11304,36,c44656939a5065c44e3eae4e1697443f09a2c72202f3a53035ffbb9708411721,89032402e8025d02e8285d28b830e438,,,,,False,,,,,,,,,,False,False
/a/0/3/3,/a/0/3/3!/member_00377,0,/a/0/3/3,162,377,,15420,15448,11304,11332,28,0eb2e486ad496dfdf5b9b526d4725bc5a961c5cdd83d4ac7119b689c72f06b42,990217025812ae221433f6424e53c363,,,,,False,,,,,,,,,,False,False
/a/0/3/3,/a/0/3/3!/member_00378,0,/a/0/3/3,162,378,,15448,15476,11332,11360,28,2957934d847a3ed7e64afcc7f2647b9690924f6a17849c2138fcc218864574c1,99021702c412ae221433f6428552c363,,,,,False,,,,,,,,,,False,False
/a/0/3/3,/a/0/3/3!/member_00379,0,/a/0/3/3,162,379,,15476,15508,11360,11392,32,f2dbfc23ae22bd113da532ebd726e622195b6728869f1ec6e8a81dd816d1b7be,99021702e812ae221433f6424e538552,,,,,False,,,,,,,,,,False,False
/a/0/3/3,/a/0/3/3!/member_00380,0,/a/0/3/3,162,380,,15508,15540,11392,11424,32,82e22f7bb3cf637acda41538104f7d4231f40a03b6482fd2c9b70a2c1954fa8a,9502110b0e15db1ee1285a331f3d2847,,,,,False,,,,,,,,,,False,False
/a/0/3/3,/a/0/3/3!/member_00381,0,/a/0/3/3,162,381,,15540,15572,11424,11456,32,7c15d696bd32a884d29c276770d840a4283806f11d63f8bf46fd23578fad7824,9502790b0e15db1ee128b6321f3d2747,,,,,False,,,,,,,,,,False,False
/a/0/3/3,/a/0/3/3!/member_00382,0,/a/0/3/3,162,382,,15572,15600,11456,11484,28,1a2f9717df45d3dfdf5dccfeffe927214d3e820c1e1f0d25424a544dbd419b2a,6003b80a221e4a29883d3a46f65a4365,,,,,False,,,,,,,,,,False,False
/a/0/3/3,/a/0/3/3!/member_00383,0,/a/0/3/3,162,383,,15600,15628,11484,11512,28,3e1138b52c520d3c34b956dc23b1ee7f016240fb77af813a35005568bb2b5a33,5503b80ab41f67299c3c5946f65a1c65,,,,,False,,,,,,,,,,False,False
/a/0/3/3,/a/0/3/3!/member_00384,0,/a/0/3/3,162,384,,15628,15656,11512,11540,28,1384b749c471cf7f67319e79bcd8e57c49d473f81ad7bedf113a433af1439a8c,ef02b80af21e30299c3c9347f65ac864,,,,,False,,,,,,,,,,False,False
/a/0/3/3,/a/0/3/3!/member_00385,0,/a/0/3/3,162,385,,15656,15692,11540,11576,36,516fb600c00c4f04ddf20ed16b4eabb6b499c72138bf0f6bf5a58ba0df63c9ff,11035d029c0a81140e1f5e281f339c3c,,Nintendo LZ11,Probable,,True,Nintendo LZ11,Probable,True,154883,False,,,,,False,False
/a/0/3/3,/a/0/3/3!/member_00386,0,/a/0/3/3,162,386,,15692,15724,11576,11608,32,b35285cdb66dbc92397e2f72ca2b0bdd96e5f22cd6d5f9bbf316dd291f1bfcbd,2b022302651264221a33e4425e522163,,,,,False,,,,,,,,,,False,False
/a/0/3/3,/a/0/3/3!/member_00387,0,/a/0/3/3,162,387,,15724,15752,11608,11636,28,cbb08bc0b34bfa2eac9c21c871f753ecc3b6885b9aa93f8bf8308fea1f82a214,21026e0a47124b1aae222c2a4832493a,,,,,False,,,,,,,,,,False,False
/a/0/3/3,/a/0/3/3!/member_00388,0,/a/0/3/3,162,388,,15752,15780,11636,11664,28,e674ad3f4c1d3e681de34f4dbc2a11fcca35c335760516fa97c0c4c2028359f0,21026e026e0a47124b1aae222c2c4836,,,,,False,,,,,,,,,,False,False
/a/0/3/3,/a/0/3/3!/member_00389,0,/a/0/3/3,162,389,,15780,15816,11664,11700,36,2767919392f91ec95b27bbc34b2173c8d15700a4e26100eb925ab9a9de1cef57,c40321026e0247024b026e0a47124b1a,,,,,False,,,,,,,,,,False,False
/a/0/3/3,/a/0/3/3!/member_00390,0,/a/0/3/3,162,390,,15816,15844,11700,11728,28,c167a8afca0366697396d6360bd62a4fb167d7435c38df3e928cb89b1eabe0bf,0a022b02340e0d139a1eac22a12f0333,,,,,False,,,,,,,,,,False,False
/a/0/3/3,/a/0/3/3!/member_00391,0,/a/0/3/3,162,391,,15844,15876,11728,11760,32,cc2dc07489f5166a6039c7258cf4fecd7d292add695a4e0b63fb4485740a1f03,0a022b023402340e0d13b71c9a20ac26,,,,,False,,,,,,,,,,False,False
/a/0/3/3,/a/0/3/3!/member_00392,0,/a/0/3/3,162,392,,15876,15908,11760,11792,32,06278ab48b89aa520bd383639c13fab82de11ba5a2ff93fca53345d40e999d79,0a022b0234020d03340e0d13b71c9a22,,,,,False,,,,,,,,,,False,False
/a/0/3/3,/a/0/3/3!/member_00393,0,/a/0/3/3,162,393,,15908,15936,11792,11820,28,8ff91ebf05e39d8a49b0185b318ed85516cbbf8dcbcd022893092b51c405345c,01022d0891105a17401e3d24752c1f32,,,,,False,,,,,,,,,,False,False
/a/0/3/3,/a/0/3/3!/member_00394,0,/a/0/3/3,162,394,,15936,15968,11820,11852,32,671a72c19813903c24c37d543355f61854b6961281c5010d4d6665d95d24d4df,21022d022d0891105a17401ee8203d26,,,,,False,,,,,,,,,,False,False
/a/0/3/3,/a/0/3/3!/member_00395,0,/a/0/3/3,162,395,,15968,16004,11852,11888,36,a72bc919df47fe947560d97270fe70b41369e595847f4086f8c2402f0cc219ec,21022d0291022d0891100e16401ee820,,,,,False,,,,,,,,,,False,False
/a/0/3/3,/a/0/3/3!/member_00396,0,/a/0/3/3,162,396,,16004,16028,11888,11912,24,27b4e532e9514d30370759e4f5870cc73d14ab0b17e157d7a1d7ff2d34308d13,21022d02620a1112681a1b23122a4c33,,,,,False,,,,,,,,,,False,False
/a/0/3/3,/a/0/3/3!/member_00397,0,/a/0/3/3,162,397,,16028,16056,11912,11940,28,2d20c464bec7763ff3ac778f4e9b9afda3ecac3e1641605e45e55326f08d1038,21022d026202620a1112681a1b25122e,,,,,False,,,,,,,,,,False,False
/a/0/3/3,/a/0/3/3!/member_00398,0,/a/0/3/3,162,398,,16056,16088,11940,11972,32,7f9f30a2ff9e501011747aefbf09cf8540345cb00008efa63b82325bc6ae2551,21022d0262021102620a1112681a1b25,,,,,False,,,,,,,,,,False,False
/a/0/3/3,/a/0/3/3!/member_00399,0,/a/0/3/3,162,399,,16088,16116,11972,12000,28,3f422d4abc19bdaaee2195298c4306739d7d49963a9f8229888b8d5f1971f949,21022d0a6f12cd1a1d229e2a1933853a,,,,,False,,,,,,,,,,False,False
/a/0/3/3,/a/0/3/3!/member_00400,0,/a/0/3/3,162,400,,16116,16148,12000,12032,32,25e61cc3c6603afbe74a896c42c0b0783a27b015c6c6fc99a01b4cc63625d6c8,21022d022d0a6f12cd1a371e1d249e2e,,,,,False,,,,,,,,,,False,False
/a/0/3/3,/a/0/3/3!/member_00401,0,/a/0/3/3,162,401,,16148,16156,12032,12040,8,6f34804c2ad713e0ba451d675093eb5a16c976a08439c8b8ddd4c86553536768,2d027502c221ffff,,,,,False,,,,,,,,,,False,False
/a/0/3/3,/a/0/3/3!/member_00402,0,/a/0/3/3,162,402,,16156,16184,12040,12068,28,6dd688c41ceca8a44aeca592071bf63f82aa3caa46fdf83e7cdd6c045b57f70a,2d027502d2148d1c2f24742ca334943d,,,,,False,,,,,,,,,,False,False
/a/0/3/3,/a/0/3/3!/member_00403,0,/a/0/3/3,162,403,,16184,16208,12068,12092,24,2f01cfbea8fdc7db2274af369d5fcd8acec68865fbe1569e62f62ff9f6cfd711,21022b0a0c13d11a2c222e2acf32a63b,,,,,False,,,,,,,,,,False,False
/a/0/3/3,/a/0/3/3!/member_00404,0,/a/0/3/3,162,404,,16208,16236,12092,12120,28,ad2ff628475a2fbd04d6cf84a37ab6c207939c99a60bc61023b610f3d5a2da61,21022b022b0a0c13d11a2c242e2ecf38,,,,,False,,,,,,,,,,False,False
/a/0/3/3,/a/0/3/3!/member_00405,0,/a/0/3/3,162,405,,16236,16264,12120,12148,28,33738a9f3f1fce449b978f0e2cad155c301051ff151b351d38bdbcf44e5f4546,21022b020c032b0a0c13d11a2c242e2e,,,,,False,,,,,,,,,,False,False
/a/0/3/3,/a/0/3/3!/member_00406,0,/a/0/3/3,162,406,,16264,16280,12148,12164,16,ee870980eb28c736bf6cf7b2d3884298bbc4e53a50058f37e190b662daf94736,47024a085a0f4e14481a8421ffff0000,,,,,False,,,,,,,,,,False,False
/a/0/3/3,/a/0/3/3!/member_00407,0,/a/0/3/3,162,407,,16280,16292,12164,12176,12,e08ab08dec58468d6bee45eedab93913ce8e455c3ac85559e53524541fe5cb06,3703280248025903e602ffff,,,,,False,,,,,,,,,,False,False
/a/0/3/3,/a/0/3/3!/member_00408,0,/a/0/3/3,162,408,,16292,16316,12176,12200,24,86e4b32811ab10f5eb0a9a9b3fd7957adc1801d874b7818766956afe274bdf0d,1d022b02740ce414241eb8267431f638,,,,,False,,,,,,,,,,False,False
/a/0/3/3,/a/0/3/3!/member_00409,0,/a/0/3/3,162,409,,16316,16344,12200,12228,28,4c460a4925bcce961cfa9452f16986993702f2bb00ebfb326c2dfaee41e84c20,1d022b02740ce414241eb8267431f638,,,,,False,,,,,,,,,,False,False
/a/0/3/3,/a/0/3/3!/member_00410,0,/a/0/3/3,162,410,,16344,16368,12228,12252,24,617ced00d28876f8d3f821845cf2f6e990972df042e38ab30f98f337c03d9425,2102b6020d0d3f15241e4e27cf30f638,,,,,False,,,,,,,,,,False,False
/a/0/3/3,/a/0/3/3!/member_00411,0,/a/0/3/3,162,411,,16368,16400,12252,12284,32,4010b8aced4caace1858b0a96c8d512d30197b09db3e53dfa988e3fb5a2e5dc0,2102b6020d033f030d0d3f15241e4e27,,,,,False,,,,,,,,,,False,False
/a/0/3/3,/a/0/3/3!/member_00412,0,/a/0/3/3,162,412,,16400,16412,12284,12296,12,a287724920cf3a5fa8571bca801f9ffebb87357635a65ffc871284ebd0f6c3bb,b6022114c21fed28ffff0000,,,,,False,,,,,,,,,,False,False
/a/0/3/3,/a/0/3/3!/member_00413,0,/a/0/3/3,162,413,,16412,16440,12296,12324,28,5f5a67323ef58ef4976acf62fc3dd498d9ce58776017bdc01183cf48d7805d9b,2102b614c21fed285d2e4b344a3a3c40,,,,,False,,,,,,,,,,False,False
/a/0/3/3,/a/0/3/3!/member_00414,0,/a/0/3/3,162,414,,16440,16468,12324,12352,28,0737c5a2fd27f64c95a691df6b0e6238b29615ef75a2ea88828f7f4d41ada318,2102b614c21fed285d2e10344d3a3c40,,,,,False,,,,,,,,,,False,False
/a/0/3/3,/a/0/3/3!/member_00415,0,/a/0/3/3,162,415,,16468,16476,12352,12360,8,616e86362bb3eb680758cc9dfc529b163bbc19ea3a09066f2227a545f2bf26e9,e6021002c21bffff,,,,,False,,,,,,,,,,False,False
/a/0/3/3,/a/0/3/3!/member_00416,0,/a/0/3/3,162,416,,16476,16512,12360,12396,36,2ec3a858f86c198bfb1003a888e3ed9af95842b6ce745fcc0b135b238e8afbbf,e602100228066d0ed212c71be41e9a26,,,,,False,,,,,,,,,,False,False
/a/0/3/3,/a/0/3/3!/member_00417,0,/a/0/3/3,162,417,,16512,16536,12396,12420,24,09da18c40ce5faf95234471b5fcaf3201f2c5fc327cb3c3d7e372ae5df3f837b,2d027502620acc12d11acb22812aba32,,,,,False,,,,,,,,,,False,False
/a/0/3/3,/a/0/3/3!/member_00418,0,/a/0/3/3,162,418,,16536,16560,12420,12444,24,f366a1cb7ab906b341cf67e401a1c40976750628ef462b3b045e8da0e8774eaf,31022d025a036206370ce414811ec52b,,,,,False,,,,,,,,,,False,False
/a/0/3/3,/a/0/3/3!/member_00419,0,/a/0/3/3,162,419,,16560,16592,12444,12476,32,a7b973e16b9a1ff37809c01c6f5bf9750eb5279be4b2e215d7948aa5d66df303,a70331022d025a0362026206370ce414,,,,,False,,,,,,,,,,False,False
/a/0/3/3,/a/0/3/3!/member_00420,0,/a/0/3/3,162,420,,16592,16616,12476,12500,24,87aca96dceede534b1daa5678f88381fe0aade14bf7599b2094f07cbc5ab8ea5,21024a0e49140e1b5927f12c8439243e,,,,,False,,,,,,,,,,False,False
/a/0/3/3,/a/0/3/3!/member_00421,0,/a/0/3/3,162,421,,16616,16644,12500,12528,28,c92cddfed488ec4c9c18cc0bfb31cc776be3fda7cad0f409bff684b001f8b56b,21024a024a0e49140e1b5927f12c5032,,,,,False,,,,,,,,,,False,False
/a/0/3/3,/a/0/3/3!/member_00422,0,/a/0/3/3,162,422,,16644,16668,12528,12552,24,8d4bf9fa0b351345b2288d84d359217d2fb80d2091cd9c1ea8ca82d796519e7f,bd022c056a08600faa17ed20f02c223a,,,,,False,,,,,,,,,,False,False
/a/0/3/3,/a/0/3/3!/member_00423,0,/a/0/3/3,162,423,,16668,16696,12552,12580,28,e86430f9eebce1e75f420a010f72ec94587dfc69faf8c69b50b6a4a9861e70bf,bd022c036a0260032c056a08600faa17,,,,,False,,,,,,,,,,False,False
/a/0/3/3,/a/0/3/3!/member_00424,0,/a/0/3/3,162,424,,16696,16732,12580,12616,36,e650557eb13153e00a2a135ad771be5bcf0e9f52f46bbdf5f5155bfa554c7d84,0a0227021c0236031c083611e216411f,,,,,False,,,,,,,,,,False,False
/a/0/3/3,/a/0/3/3!/member_00425,0,/a/0/3/3,162,425,,16732,16760,12616,12644,28,f89f013305f71f5c5a8921d828011cdbb86a6e7a834f63f739e48cd21c82ddab,84026b02360d1016741c7323fe2c0037,,,,,False,,,,,,,,,,False,False
/a/0/3/3,/a/0/3/3!/member_00426,0,/a/0/3/3,162,426,,16760,16792,12644,12676,32,d63f634400d1df27786d80df13a1566895bd87e071c8e2c8415e3c6e0e566f5c,84026b0236031002360d1016741c7323,,,,,False,,,,,,,,,,False,False
/a/0/3/3,/a/0/3/3!/member_00427,0,/a/0/3/3,162,427,,16792,16824,12676,12708,32,9864004f56ad871644c8fc31f6a98bcf1470b72b0fb8c7e82b29c4c2f3c13f81,960201026f02c102cb0cda1a62201a2e,,,,,False,,,,,,,,,,False,False
/a/0/3/3,/a/0/3/3!/member_00428,0,/a/0/3/3,162,428,,16824,16860,12708,12744,36,4ae94fe056c06cff4aa8bda51724781e3910623c4063686645626cc62bd9c830,f3021503960201026f02c102cb0cd81a,,,,,False,,,,,,,,,,False,False
/a/0/3/3,/a/0/3/3!/member_00429,0,/a/0/3/3,162,429,,16860,16876,12744,12760,16,0e8b2ddd6deba3978950d49b8a259dc8589fba99e9b03baf9026856975070b4d,7d0359032d029502b4023603ffff0000,,,,,False,,,,,,,,,,False,False
/a/0/3/3,/a/0/3/3!/member_00430,0,/a/0/3/3,162,430,,16876,16896,12760,12780,20,51954e4bff5595a0a2728ddddaf027f12ff84a17bc9082731d1a0082e4f3487b,3603e40272021102cf32a147905b8f6f,,,,,False,,,,,,,,,,False,False
/a/0/3/3,/a/0/3/3!/member_00431,0,/a/0/3/3,162,431,,16896,16924,12780,12808,28,b1534ffcdf45f2356a29db6d551e43c11f0ec917990b5fb055d2eb0009eda9c8,fc020a0a2d105f1ab9229a28cc32123b,,,,,False,,,,,,,,,,False,False
/a/0/3/3,/a/0/3/3!/member_00432,0,/a/0/3/3,162,432,,16924,16956,12808,12840,32,3e1e8ae20de6101afe3f4ab8b41f8cc3a712d8cd3c31fe16e118d5bc9a342a8a,fc020a022d020a0a2d105f1ab9229a28,,,,,False,,,,,,,,,,False,False
/a/0/3/3,/a/0/3/3!/member_00433,0,/a/0/3/3,162,433,,16956,16972,12840,12856,16,dc6a245a006f3f51b9242d1dc697b81b087e0cccec641367f08e106023f0d4f5,23022d0c36135d1cfd22832dffff0000,,,,,False,,,,,,,,,,False,False
/a/0/3/3,/a/0/3/3!/member_00434,0,/a/0/3/3,162,434,,16972,17000,12856,12884,28,2cac7dcf35f1a5c9e7d654694d08eb7757f82367be484b998d7f55f6660badb0,0a0274028b08670e9a146c1c6c25a32c,,,,,False,,,,,,,,,,False,False
/a/0/3/3,/a/0/3/3!/member_00435,0,/a/0/3/3,162,435,,17000,17032,12884,12916,32,98b29385c26e23954a2be18c8508fced1d599d106df097d057c93fcb5856eddd,0a0274028b028b08670e9a146c1c6c25,,,,,False,,,,,,,,,,False,False
/a/0/3/3,/a/0/3/3!/member_00436,0,/a/0/3/3,162,436,,17032,17060,12916,12944,28,46dc4b9b43553efcf899b3740d0958d6e2f8293bd373390e96ab1672926a26ce,21025d025f0e1e196d1c46274e35db3c,,,,,False,,,,,,,,,,False,False
/a/0/3/3,/a/0/3/3!/member_00437,0,/a/0/3/3,162,437,,17060,17100,12944,12984,40,cc0ea81022920d3324a7d95af39a10c47d0907890a2a85b6de55f5912ff51616,f102f00221025d025f021e035f0e1e19,,,,,False,,,,,,,,,,False,False
/a/0/3/3,/a/0/3/3!/member_00438,0,/a/0/3/3,162,438,,17100,17128,12984,13012,28,a928b2bbce06de75c84796cb7169ace574eadfc073928049d738e795fb9f7545,39037f03af0c4312581c66224f2db932,,,,,False,,,,,,,,,,False,False
/a/0/3/3,/a/0/3/3!/member_00439,0,/a/0/3/3,162,439,,17128,17168,13012,13052,40,1c836912f2f826cd7e3c55d6b3d8526abc83b404a0c0be0ad0eeef5612b59bd2,410370025d027f096010e316031e6624,,,,,False,,,,,,,,,,False,False
/a/0/3/3,/a/0/3/3!/member_00440,0,/a/0/3/3,162,440,,17168,17180,13052,13064,12,5dfd790b62701ee717ba69d072f4eb3b4c43f1c3acf9dd3384dd173fc3b14c7d,0102cc027f0b1f13ba18ffff,,,,,False,,,,,,,,,,False,False
/a/0/3/3,/a/0/3/3!/member_00441,0,/a/0/3/3,162,441,,17180,17208,13064,13092,28,b252d926c68fd603adde4a84b7131538f8307fa8f8c36a2f67223ff0fb98a49d,40022d0a77122f1a1f22c02b0d33663a,,,,,False,,,,,,,,,,False,False
/a/0/3/3,/a/0/3/3!/member_00442,0,/a/0/3/3,162,442,,17208,17236,13092,13120,28,4aa3852bda922badfc29c7414246072256d41180993a7a37d759c56ee07d1c57,ae02e4026d02b402a903b90e5f1a8a26,,,,,False,,,,,,,,,,False,False
/a/0/3/3,/a/0/3/3!/member_00443,0,/a/0/3/3,162,443,,17236,17260,13120,13144,24,aef04823ad8a10fc23c96f769ee5254443cb6973473f75beb8289e888f88542d,21021c06520ec91a241e4827a3325137,,,,,False,,,,,,,,,,False,False
/a/0/3/3,/a/0/3/3!/member_00444,0,/a/0/3/3,162,444,,17260,17284,13144,13168,24,d7145afe5c285ec845ca2a049201a1ebd449bb67ecc8e8062502217bc483792a,21021c021c06520ec91a241e4827a338,,,,,False,,,,,,,,,,False,False
/a/0/3/3,/a/0/3/3!/member_00445,0,/a/0/3/3,162,445,,17284,17316,13168,13200,32,f0ce0f17edd98d46dae0c9a973822e2ffb3e59d3ea4e275c3a060abd6c8c1d47,a80321021c025202c9021c06520ec91a,,,,,False,,,,,,,,,,False,False
/a/0/3/3,/a/0/3/3!/member_00446,0,/a/0/3/3,162,446,,17316,17348,13200,13232,32,2894f28abe366f9749f68d72510e43c06adfd7cecf1ae23f9977ef2f9175bc21,76023c0321026f0885127a1816236728,,,,,False,,,,,,,,,,False,False
/a/0/3/3,/a/0/3/3!/member_00447,0,/a/0/3/3,162,447,,17348,17368,13232,13252,20,ee91cc4eae6bb3b7dc91cb505cdeaf37737a73a41cf17b0b3c651f336dbd348f,6202c102cb02440c8b176c1fb3266730,,,,,False,,,,,,,,,,False,False
/a/0/3/3,/a/0/3/3!/member_00448,0,/a/0/3/3,162,448,,17368,17404,13252,13288,36,9af6afabf54aa533b643cb6480a7ead101f16b88d8077cf217abcb033dc16cfc,8f036202c102c502e802440c8b176c1f,,,,,False,,,,,,,,,,False,False
/a/0/3/3,/a/0/3/3!/member_00449,0,/a/0/3/3,162,449,,17404,17428,13288,13312,24,66274143d817c8f01f7e7d244007c4d66b5b2a74c754c98b96d2d6f8068cb63b,21021c022c0e191b24265b264833f23e,,,,,False,,,,,,,,,,False,False
/a/0/3/3,/a/0/3/3!/member_00450,0,/a/0/3/3,162,450,,17428,17464,13312,13348,36,23a7373040c8fb7265cf2c0ed78e8333983430db7a440877cd88f6bd59d74601,a703a803a60321021c022c0219032c0e,,,,,False,,,,,,,,,,False,False
/a/0/3/3,/a/0/3/3!/member_00451,0,/a/0/3/3,162,451,,17464,17492,13348,13376,28,19918cd2bf55acbd902523ca5d752e6cbe03edb3fcf0091b785945b45795a2f6,2c0228022b021a0d2a186f23b82e8639,,,,,False,,,,,,,,,,False,False
/a/0/3/3,/a/0/3/3!/member_00452,0,/a/0/3/3,162,452,,17492,17528,13376,13412,36,dfb71afb2797945375e4c4b0b055fdf0fa61eb7fbb102be5ff3b01163a4ffad6,a603a703a8032c0228022b021a031a0d,,,,,False,,,,,,,,,,False,False
/a/0/3/3,/a/0/3/3!/member_00453,0,/a/0/3/3,162,453,,17528,17560,13412,13444,32,8bb238dae4b2478a24b0d542c32cd4dd49182611951cae3665c3e30c4033f030,3603bd0628100d15e41eb922172dcf30,,,,,False,,,,,,,,,,False,False
/a/0/3/3,/a/0/3/3!/member_00454,0,/a/0/3/3,162,454,,17560,17596,13444,13480,36,f39a9910149f1f53efab6712c8f13e0485ba9c484606056b3aa5db667e81d27e,3603bd022802bd0628100d15e41eb922,,,,,False,,,,,,,,,,False,False
/a/0/3/3,/a/0/3/3!/member_00455,0,/a/0/3/3,162,455,,17596,17624,13480,13508,28,6f2a87f3a3a7f4c0a8358de729fb5211cd55c1ac597471d352b3c49ee1ca9cee,14024a022c0e1616e622132bb936fe3e,,,,,False,,,,,,,,,,False,False
/a/0/3/3,/a/0/3/3!/member_00456,0,/a/0/3/3,162,456,,17624,17652,13508,13536,28,4bede4d53a936fbeb1a80f6747941d588ab97529fabd4ffcaf37acf0a7d04d9d,0102370cd514f01a1022602dbd35db3a,,,,,False,,,,,,,,,,False,False
/a/0/3/3,/a/0/3/3!/member_00457,0,/a/0/3/3,162,457,,17652,17684,13536,13568,32,5ffd83c496d29ccd1ac93758feec5c6de303b4720680d8ce37561519b2219685,01023702d502370cd514f01a1022602d,,,,,False,,,,,,,,,,False,False
/a/0/3/3,/a/0/3/3!/member_00458,0,/a/0/3/3,162,458,,17684,17712,13568,13596,28,2969a32e5a4eb42ead2345d4fcad2d3e73355af132ad5e0d56ec9fb7060d2772,2102910230083d141d1a6126112c6039,,,,,False,,,,,,,,,,False,False
/a/0/3/3,/a/0/3/3!/member_00459,0,/a/0/3/3,162,459,,17712,17740,13596,13624,28,ca1b76801cab50e74151b655fc2745430351c3e5fd018bd8aecba0af748a1afe,b5022b024b0ac412401bcf22362aa435,,,,,False,,,,,,,,,,False,False
/a/0/3/3,/a/0/3/3!/member_00460,0,/a/0/3/3,162,460,,17740,17772,13624,13656,32,080bd0044393d75a89cc361f4c2eb2c596ebfb9754a6e826baff8cc3c820a38c,0802b5022b024b02c4024b0ac412401b,,,,,False,,,,,,,,,,False,False
/a/0/3/3,/a/0/3/3!/member_00461,0,/a/0/3/3,162,461,,17772,17808,13656,13692,36,7a5ba98a132be2583bc3b98d1da9dffcdcde6ff69408d074b48560c8548ee756,7503170374030a022b020d0362026210,,,,,False,,,,,,,,,,False,False
/a/0/3/3,/a/0/3/3!/member_00462,0,/a/0/3/3,162,462,,17808,17848,13692,13732,40,73c63ca105929811a876ba38e830c3f65fb4fb65b8a1bf516d3e72a77c65ce2e,f30270023f03210254023002540c3016,,,,,False,,,,,,,,,,False,False
/a/0/3/3,/a/0/3/3!/member_00463,0,/a/0/3/3,162,463,,17848,17880,13732,13764,32,b2d4171a293d60f01c5a8f2b38904a2d93fa3f11f76585f82c3f2deedee445ad,7a02300a6f121a1b2322172a3232153a,,,,,False,,,,,,,,,,False,False
/a/0/3/3,/a/0/3/3!/member_00464,0,/a/0/3/3,162,464,,17880,17916,13764,13800,36,3b8384f550d518c71f4f1a03d5df3aa831f9a81dc1ab07268672c2fa6a0db32a,8e031e02270217021f0217121f1ab82a,,,,,False,,,,,,,,,,False,False
/a/0/3/3,/a/0/3/3!/member_00465,0,/a/0/3/3,162,465,,17916,17956,13800,13840,40,54d0f6ca71b24985d73a6c2052c9c944754e230e14f16313e6a21e3b18c2ae05,130384024f0a47104a184d1e1626142c,,,,,False,,,,,,,,,,False,False
/a/0/3/3,/a/0/3/3!/member_00466,0,/a/0/3/3,162,466,,17956,17992,13840,13876,36,7ab57431947fcdbd29df2c5b2c80c27ccb26d6bf3909f85df87cee04fe766b02,070262022b0254024302540e43148120,,,,,False,,,,,,,,,,False,False
/a/0/3/3,/a/0/3/3!/member_00467,0,/a/0/3/3,162,467,,17992,18028,13876,13912,36,6efa3720b1f1c0ae7ff317d3ea4fdb6812388ead97db0bfa4c72cf7f4a9c61a1,09027b022b0234026c02340e6c14b920,,,,,False,,,,,,,,,,False,False
/a/0/3/3,/a/0/3/3!/member_00468,0,/a/0/3/3,162,468,,18028,18040,13912,13924,12,417b6b27cbdda608457a8edbec20f70c2a5436a5516793d0b88e25c21782f034,8f02f5028c039303ffff0000,,,,,False,,,,,,,,,,False,False
/a/0/3/3,/a/0/3/3!/member_00469,0,/a/0/3/3,162,469,,18040,18084,13924,13968,44,995df753f59c3b5be5e104699d2cb8664fb3f8402ff827431bac227a7fa7a61c,9003c2032102c10262026802620c6816,,,,,False,,,,,,,,,,False,False
/a/0/3/3,/a/0/3/3!/member_00470,0,/a/0/3/3,162,470,,18084,18116,13968,14000,32,a71e19068349585447403af5fa7ff38a81935122ae7c63d69198a266851db1cd,270221020e031c104b1e622ceb3a5949,,,,,False,,,,,,,,,,False,False
/a/0/3/3,/a/0/3/3!/member_00471,0,/a/0/3/3,162,471,,18116,18148,14000,14032,32,9c2c93c70c2ea37fafa1dc3dba0adc713e340a0d3b4a361175bc9d2e72018370,270221020e031c10c41e622c2c3aa449,,,,,False,,,,,,,,,,False,False
/a/0/3/3,/a/0/3/3!/member_00472,0,/a/0/3/3,162,472,,18148,18188,14032,14072,40,fa9aca5dbeb9d5fe7fef31fa370864bd121420157722c09c857e9a56aa4a9f05,a603a703a8038e031c026a021a031c0a,,,,,False,,,,,,,,,,False,False
/a/0/3/3,/a/0/3/3!/member_00473,0,/a/0/3/3,162,473,,18188,18228,14072,14112,40,f8fb805e0173e7755ddc04d9c72dd9dee92ccb65e257907516dae1fc40e541cb,f60240023c032c03b5022c09b510bd1a,,,,,False,,,,,,,,,,False,False
/a/0/3/3,/a/0/3/3!/member_00474,0,/a/0/3/3,162,474,,18228,18264,14112,14148,36,e49a398de666140368ccfc16a030d17e6975682c28c255eca0e1ba207c5dbc63,b103b0022102a002a1033c0e61186924,,,,,False,,,,,,,,,,False,False
/a/0/3/3,/a/0/3/3!/member_00475,0,/a/0/3/3,162,475,,18264,18304,14148,14188,40,8a4ab29e74cf02f8059b6c22a346eb08054dcc14425b3fad20d902e7ebf5f44a,5c0390032b025d02680264025d0c6814,,,,,False,,,,,,,,,,False,False
/a/0/3/3,/a/0/3/3!/member_00476,0,/a/0/3/3,162,476,,18304,18344,14188,14228,40,33bd77fb76cafa63132d60c79be449137855219e9e5fe4757f04f7f8966c70fd,8903640321024e03bb034f034e0fbb1b,,,,,False,,,,,,,,,,False,False
/a/0/3/3,/a/0/3/3!/member_00477,0,/a/0/3/3,162,477,,18344,18388,14228,14272,44,6d0611e034df0fdd1ed6e32b673e78f368379cded545cce01dd7373ebf750070,070208020902640314022b0265023202,,,,,False,,,,,,,,,,False,False
/a/0/3/3,/a/0/3/3!/member_00478,0,/a/0/3/3,162,478,,18388,18420,14272,14304,32,07f3659843e4bfa40bf391c33dc4f8e4ab7401bdfe7712b3f9de7187ebab81e8,b5022b026802360368083615c41a6d26,,,,,False,,,,,,,,,,False,False
/a/0/3/3,/a/0/3/3!/member_00479,0,/a/0/3/3,162,479,,18420,18448,14304,14332,28,30ed0739314f468b442a28b5eac8ba068eefc46ef473fa898fa7f9fbd89304ac,0f033603560254026d02fd10681e5f2d,,,,,False,,,,,,,,,,False,False
/a/0/3/3,/a/0/3/3!/member_00480,0,/a/0/3/3,162,480,,18448,18476,14332,14360,28,2d7ee79a42fa3e2e73ad8d4401aaad62b4fc6b2a1bf4785c083460a9d88203cf,9c025d021e0dcb20812a193ff848855c,,,,,False,,,,,,,,,,False,False
/a/0/3/3,/a/0/3/3!/member_00481,0,/a/0/3/3,162,481,,18476,18504,14360,14388,28,286fc1b2042129e58925e02e915d19744712dd1833edcb8b17e608e97ceb5b9e,9c025d021e0db620812a7d3ff848cc5c,,,,,False,,,,,,,,,,False,False
/a/0/3/3,/a/0/3/3!/member_00482,0,/a/0/3/3,162,482,,18504,18532,14388,14416,28,1d957250d3eaae76edd47827c16c2bd0e72391b02435987b015f2d8cf4d3e374,9c025d021e0dc520812afd3ef848a15d,,,,,False,,,,,,,,,,False,False
/a/0/3/3,/a/0/3/3!/member_00483,0,/a/0/3/3,162,483,,18532,18560,14416,14444,28,0af3d297b6995dfbef8f5593e53a3438ca686f808c2e260353c8885e4fb88533,e102b802e80cf614a31e982770315139,,,,,False,,,,,,,,,,False,False
/a/0/3/3,/a/0/3/3!/member_00484,0,/a/0/3/3,162,484,,18560,18588,14444,14472,28,87917fb378a6fc3d4e7599abd383bcf5fb36e3267d81fbea3063a1fbc009e59f,e102b802600df614a31e982791315139,,,,,False,,,,,,,,,,False,False
/a/0/3/3,/a/0/3/3!/member_00485,0,/a/0/3/3,162,485,,18588,18616,14472,14500,28,d8dbb6d479bdcf00b8cf0d1d2b8d28e405f59442c68855220cef0888906ee390,f6022b12a8233f33f242b852b4635372,,,,,False,,,,,,,,,,False,False
/a/0/3/3,/a/0/3/3!/member_00486,0,/a/0/3/3,162,486,,18616,18640,14500,14524,24,311a4067ac3045fded3fa296f14f9a8a83279be1397081667394b2f940c5344f,07020802090292021a036d02c1021733,,,,,False,,,,,,,,,,False,False
/a/0/3/3,/a/0/3/3!/member_00487,0,/a/0/3/3,162,487,,18640,18668,14524,14552,28,a9aee7575ddd4bb3fd9d6f7d1f93db51055656090233f96d8e32054ba2e5b0cc,e102b802d20df614a31ea927c2305139,,,,,False,,,,,,,,,,False,False
/a/0/3/3,/a/0/3/3!/member_00488,0,/a/0/3/3,162,488,,18668,18696,14552,14580,28,c67696baef45b0bfed503064a67fbccadb75befce3d55bda70e90a36398fa47d,5d026802db1636283e3af84ca35eec72,,,,,False,,,,,,,,,,False,False
/a/0/3/3,/a/0/3/3!/member_00489,0,/a/0/3/3,162,489,,18696,18720,14580,14604,24,fbb1973c2d1d966550ff01c1f6727b1ae1b055eaebf780a0ceb44d470d3c35f3,91025a03cc1230203d30973efa4e605d,,,,,False,,,,,,,,,,False,False
/a/0/3/3,/a/0/3/3!/member_00490,0,/a/0/3/3,162,490,,18720,18748,14604,14632,28,b81527901f21d7ad1f22b8756e689b2870fed3befb413648aad6b7232b8e501e,260391025a03cc1230203d30973efa4e,,,,,False,,,,,,,,,,False,False
/a/0/3/3,/a/0/3/3!/member_00491,0,/a/0/3/3,162,491,,18748,18776,14632,14660,28,54384357a5a7dfa0cf30aa6e93d429ea619b313beb87b18ea8a30a5bb5ecb39d,d203320262165f28b93aab4c685e7272,,,,,False,,,,,,,,,,False,False
/a/0/3/3,/a/0/3/3!/member_00492,0,/a/0/3/3,162,492,,18776,18804,14660,14688,28,03857af9a8abbfb2efd2d70a64062744c05d4d979c15da39e592a1cce07e56a6,4a0259154926eb38e64a6b5d846f3881,,,,,False,,,,,,,,,,False,False
/a/0/3/3,/a/0/3/3!/member_00493,0,/a/0/3/3,162,493,,18804,18836,14688,14720,32,01dad40be31415c23bca9c3502d7adc055d2d21533df1b80350705ab00b10a5d,450242036b03820364159e29303df550,,,,,False,,,,,,,,,,False,False
/a/0/3/3,/a/0/3/3!/member_00494,0,/a/0/3/3,162,494,,18836,18840,14720,14724,4,b88b29845beaa8ea11baf6e87ba94fc85478df5881b2e5e8f7f4c9c6e9654c51,9602ffff,,,,,False,,,,,,,,,,False,False
/a/0/3/3,/a/0/3/3!/member_00495,0,/a/0/3/3,162,495,,18840,18844,14724,14728,4,b88b29845beaa8ea11baf6e87ba94fc85478df5881b2e5e8f7f4c9c6e9654c51,9602ffff,,,,,False,,,,,,,,,,False,False
/a/0/3/3,/a/0/3/3!/member_00496,0,/a/0/3/3,162,496,,18844,18876,14728,14760,32,2e8614ab85e54a531e82fcb78ea525bed375189b87c13434b6a2d3d879c70d02,2b022302651264220d33e4425e521463,,,,,False,,,,,,,,,,False,False
/a/0/3/3,/a/0/3/3!/member_00497,0,/a/0/3/3,162,497,,18876,18912,14760,14796,36,041de5a0509c56ae58798b9ee8b0d7db5f023b0fe9a514d0b420e123c02466df,2b022302651264221a33bf425e522163,,,,,False,,,,,,,,,,False,False
/a/0/3/3,/a/0/3/3!/member_00498,0,/a/0/3/3,162,498,,18912,18944,14796,14828,32,401ab59afda1ebac73d60dffa9bf07ed690808bb021e1032fbbabe4bc39da0cc,2b022302651268221a33e4425e528162,,,,,False,,,,,,,,,,False,False
/a/0/3/3,/a/0/3/3!/member_00499,0,/a/0/3/3,162,499,,18944,18972,14828,14856,28,124da2e8a49edac2ad27648eb1552c8c16b460dd54adc86d70c49a1d84addf3b,2102b614c21fed285d2e5e356a3a3c40,,,,,False,,,,,,,,,,False,False
/a/0/3/3,/a/0/3/3!/member_00500,0,/a/0/3/3,162,500,,18972,19000,14856,14884,28,f3e1614cc6d442727eb1d7578436d0c57357734b0c7df34d81aac36eab0e3653,2102b614c21fed285d2ead353f3b3c40,,,,,False,,,,,,,,,,False,False
/a/0/3/3,/a/0/3/3!/member_00501,0,/a/0/3/3,162,501,,19000,19028,14884,14912,28,a9aee7575ddd4bb3fd9d6f7d1f93db51055656090233f96d8e32054ba2e5b0cc,e102b802d20df614a31ea927c2305139,,,,,False,,,,,,,,,,False,False
/a/0/3/3,/a/0/3/3!/member_00502,0,/a/0/3/3,162,502,,19028,19056,14912,14940,28,b095155bfb38c84d5caf53d2ade50dc5d2753a4b72b75ba38b01d2438f437dbc,4a02591549266238e64a6b5d846f9381,,,,,False,,,,,,,,,,False,False
/a/0/3/3,/a/0/3/3!/member_00503,0,/a/0/3/3,162,503,,19056,19084,14940,14968,28,30ed0739314f468b442a28b5eac8ba068eefc46ef473fa898fa7f9fbd89304ac,0f033603560254026d02fd10681e5f2d,,,,,False,,,,,,,,,,False,False
/a/0/3/3,/a/0/3/3!/member_00504,0,/a/0/3/3,162,504,,19084,19112,14968,14996,28,30ed0739314f468b442a28b5eac8ba068eefc46ef473fa898fa7f9fbd89304ac,0f033603560254026d02fd10681e5f2d,,,,,False,,,,,,,,,,False,False
/a/0/3/3,/a/0/3/3!/member_00505,0,/a/0/3/3,162,505,,19112,19140,14996,15024,28,30ed0739314f468b442a28b5eac8ba068eefc46ef473fa898fa7f9fbd89304ac,0f033603560254026d02fd10681e5f2d,,,,,False,,,,,,,,,,False,False
/a/0/3/3,/a/0/3/3!/member_00506,0,/a/0/3/3,162,506,,19140,19168,15024,15052,28,30ed0739314f468b442a28b5eac8ba068eefc46ef473fa898fa7f9fbd89304ac,0f033603560254026d02fd10681e5f2d,,,,,False,,,,,,,,,,False,False
/a/0/3/3,/a/0/3/3!/member_00507,0,/a/0/3/3,162,507,,19168,19196,15052,15080,28,30ed0739314f468b442a28b5eac8ba068eefc46ef473fa898fa7f9fbd89304ac,0f033603560254026d02fd10681e5f2d,,,,,False,,,,,,,,,,False,False
/a/0/3/4,/a/0/3/4!/member_00000,0,/a/0/3/4,163,0,,4116,4160,0,44,44,85759b3811ff7dc47b03792ac85317be51431a3f9e01dcafce317ed736a391b0,00000000000000000000000000000000,,,,,False,,,,,,,,,,False,False
/a/0/3/4,/a/0/3/4!/member_00001,0,/a/0/3/4,163,1,,4160,4204,44,88,44,c72afce64c4141ddadd20a06ae177d1736e79fe7a1c88c4a2a52c2cf112915a6,04001000020000000000000000000000,,,,,False,,,,,,,,,,False,False
/a/0/3/4,/a/0/3/4!/member_00002,0,/a/0/3/4,163,2,,4204,4248,88,132,44,dcf4958c371eb08c54a3e096b7b2ba2faf4186d89df73f0fffb2d3e47b40a770,04002000030000000000000000000000,,,,,False,,,,,,,,,,False,False
/a/0/3/4,/a/0/3/4!/member_00003,0,/a/0/3/4,163,3,,4248,4292,132,176,44,85759b3811ff7dc47b03792ac85317be51431a3f9e01dcafce317ed736a391b0,00000000000000000000000000000000,,,,,False,,,,,,,,,,False,False
/a/0/3/4,/a/0/3/4!/member_00004,0,/a/0/3/4,163,4,,4292,4336,176,220,44,c1dd231e878ed8fb60a3f38676d3492678cce6a740b446e54276af5be8535e4b,04001000050000000000000000000000,,,,,False,,,,,,,,,,False,False
/a/0/3/4,/a/0/3/4!/member_00005,0,/a/0/3/4,163,5,,4336,4380,220,264,44,0b64be0cf52707d59a36516a89f0a85c5fec8d288c1bea57597c681041a1e64f,04002400060000000000000000000000,,,,,False,,,,,,,,,,False,False
/a/0/3/4,/a/0/3/4!/member_00006,0,/a/0/3/4,163,6,,4380,4424,264,308,44,85759b3811ff7dc47b03792ac85317be51431a3f9e01dcafce317ed736a391b0,00000000000000000000000000000000,,,,,False,,,,,,,,,,False,False
/a/0/3/4,/a/0/3/4!/member_00007,0,/a/0/3/4,163,7,,4424,4468,308,352,44,267e114ba2bab59e089fcbae1a3668a54f89c538676183e3550ea93b8acbc086,04001000080000000000000000000000,,,,,False,,,,,,,,,,False,False
/a/0/3/4,/a/0/3/4!/member_00008,0,/a/0/3/4,163,8,,4468,4512,352,396,44,66d57845b7376c97cf4d1e19fe962578cc9cec42dd740846265d34396ace1af8,04002400090000000000000000000000,,,,,False,,,,,,,,,,False,False
/a/0/3/4,/a/0/3/4!/member_00009,0,/a/0/3/4,163,9,,4512,4556,396,440,44,85759b3811ff7dc47b03792ac85317be51431a3f9e01dcafce317ed736a391b0,00000000000000000000000000000000,,,,,False,,,,,,,,,,False,False
/a/0/3/4,/a/0/3/4!/member_00010,0,/a/0/3/4,163,10,,4556,4600,440,484,44,54e1a943fbeff87b2db27dbe75528dd7a7053c31e5e930cd257ed58179ef6133,040007000b0000000000000000000000,,,,,False,,,,,,,,,,False,False
/a/0/3/4,/a/0/3/4!/member_00011,0,/a/0/3/4,163,11,,4600,4644,484,528,44,920388eaf68b19dfe1013ee509f996f939400e6b2eed2549173a4a46344e80fc,04000a000c0000000000000000000000,,,,,False,,,,,,,,,,False,False
/a/0/3/4,/a/0/3/4!/member_00012,0,/a/0/3/4,163,12,,4644,4688,528,572,44,85759b3811ff7dc47b03792ac85317be51431a3f9e01dcafce317ed736a391b0,00000000000000000000000000000000,,,,,False,,,,,,,,,,False,False
/a/0/3/4,/a/0/3/4!/member_00013,0,/a/0/3/4,163,13,,4688,4732,572,616,44,e426adce337e5d7d645accb01d12c8807cc9040bab1098dfedcafa908aa37f43,040007000e0000000000000000000000,,,,,False,,,,,,,,,,False,False
/a/0/3/4,/a/0/3/4!/member_00014,0,/a/0/3/4,163,14,,4732,4776,616,660,44,1c4020fb78211c7c5c9289b3349d0947bc092ad2dafa4d2274c9f2b1d31f2995,04000a000f0000000000000000000000,,,,,False,,,,,,,,,,False,False
/a/0/3/4,/a/0/3/4!/member_00015,0,/a/0/3/4,163,15,,4776,4820,660,704,44,85759b3811ff7dc47b03792ac85317be51431a3f9e01dcafce317ed736a391b0,00000000000000000000000000000000,,,,,False,,,,,,,,,,False,False
/a/0/3/4,/a/0/3/4!/member_00016,0,/a/0/3/4,163,16,,4820,4864,704,748,44,dc7fcb42823cbdcf7c99051862b37a10ce99e6966550c8bfedad3b5955491fb1,04001200110000000000000000000000,,,,,False,,,,,,,,,,False,False
/a/0/3/4,/a/0/3/4!/member_00017,0,/a/0/3/4,163,17,,4864,4908,748,792,44,1ed494f307d492c1343379d6da2e3092bd33a576101eb3c9a2dd6b7d72e4a0f4,04002400120000000000000000000000,,,,,False,,,,,,,,,,False,False
/a/0/3/4,/a/0/3/4!/member_00018,0,/a/0/3/4,163,18,,4908,4952,792,836,44,85759b3811ff7dc47b03792ac85317be51431a3f9e01dcafce317ed736a391b0,00000000000000000000000000000000,,,,,False,,,,,,,,,,False,False
/a/0/3/4,/a/0/3/4!/member_00019,0,/a/0/3/4,163,19,,4952,4996,836,880,44,2e6d74ea08f9f49ece7f194d4f153254f14646119698cb351744f4b92992ee83,04001400140000000000000000000000,,,,,False,,,,,,,,,,False,False
/a/0/3/4,/a/0/3/4!/member_00020,0,/a/0/3/4,163,20,,4996,5040,880,924,44,85759b3811ff7dc47b03792ac85317be51431a3f9e01dcafce317ed736a391b0,00000000000000000000000000000000,,,,,False,,,,,,,,,,False,False
/a/0/3/4,/a/0/3/4!/member_00021,0,/a/0/3/4,163,21,,5040,5084,924,968,44,2c8fdec994da7a7314659bd5af0a009848bbd1f85fe38fa45993a28206f9d3c4,04001400160000000000000000000000,,,,,False,,,,,,,,,,False,False
/a/0/3/4,/a/0/3/4!/member_00022,0,/a/0/3/4,163,22,,5084,5128,968,1012,44,85759b3811ff7dc47b03792ac85317be51431a3f9e01dcafce317ed736a391b0,00000000000000000000000000000000,,,,,False,,,,,,,,,,False,False
/a/0/3/4,/a/0/3/4!/member_00023,0,/a/0/3/4,163,23,,5128,5172,1012,1056,44,808f8b60cb356236788c030a5254ea31c8050f9d5d6494b99c7ec0b5d6f76657,04001600180000000000000000000000,,,,,False,,,,,,,,,,False,False
/a/0/3/4,/a/0/3/4!/member_00024,0,/a/0/3/4,163,24,,5172,5216,1056,1100,44,85759b3811ff7dc47b03792ac85317be51431a3f9e01dcafce317ed736a391b0,00000000000000000000000000000000,,,,,False,,,,,,,,,,False,False
/a/0/3/4,/a/0/3/4!/member_00025,0,/a/0/3/4,163,25,,5216,5260,1100,1144,44,cb749cc98ff0b30bfd8496597c3718a95397e86a378d9b1c81748a951509f0ad,070053001a0000000000000000000000,,,,,False,,,,,,,,,,False,False
/a/0/3/4,/a/0/3/4!/member_00026,0,/a/0/3/4,163,26,,5260,5304,1144,1188,44,85759b3811ff7dc47b03792ac85317be51431a3f9e01dcafce317ed736a391b0,00000000000000000000000000000000,,,,,False,,,,,,,,,,False,False
/a/0/3/4,/a/0/3/4!/member_00027,0,/a/0/3/4,163,27,,5304,5348,1188,1232,44,a7ec8a759700a327195553d7c62d1dead5ba16fd8f9db2655694d14d4da4f535,040016001c0000000000000000000000,,,,,False,,,,,,,,,,False,False
/a/0/3/4,/a/0/3/4!/member_00028,0,/a/0/3/4,163,28,,5348,5392,1232,1276,44,85759b3811ff7dc47b03792ac85317be51431a3f9e01dcafce317ed736a391b0,00000000000000000000000000000000,,,,,False,,,,,,,,,,False,False
/a/0/3/4,/a/0/3/4!/member_00029,0,/a/0/3/4,163,29,,5392,5436,1276,1320,44,0b2160803c95b5b6a006fa038aa990ae0d9df6dc6e747fff24abfebebaaefcd4,040010001e0000000000000000000000,,,,,False,,,,,,,,,,False,False
/a/0/3/4,/a/0/3/4!/member_00030,0,/a/0/3/4,163,30,,5436,5480,1320,1364,44,c1895ed5c3f4b648a93d8e7db65012a97d935adda0a0ecfb5eefd6904c67ff84,070051001f0000000000000000000000,,,,,False,,,,,,,,,,False,False
/a/0/3/4,/a/0/3/4!/member_00031,0,/a/0/3/4,163,31,,5480,5524,1364,1408,44,85759b3811ff7dc47b03792ac85317be51431a3f9e01dcafce317ed736a391b0,00000000000000000000000000000000,,,,,False,,,,,,,,,,False,False
/a/0/3/4,/a/0/3/4!/member_00032,0,/a/0/3/4,163,32,,5524,5568,1408,1452,44,cbb71a58f075c565e08267cc0b6883c1f701975df5b7989acdbc403eefdebeca,04001000210000000000000000000000,,,,,False,,,,,,,,,,False,False
/a/0/3/4,/a/0/3/4!/member_00033,0,/a/0/3/4,163,33,,5568,5612,1452,1496,44,fc80d2db1cb8278c159c034f5eec4a39cc27848c8d6b2232165ea42bb3aa3968,07005100220000000000000000000000,,,,,False,,,,,,,,,,False,False
/a/0/3/4,/a/0/3/4!/member_00034,0,/a/0/3/4,163,34,,5612,5656,1496,1540,44,85759b3811ff7dc47b03792ac85317be51431a3f9e01dcafce317ed736a391b0,00000000000000000000000000000000,,,,,False,,,,,,,,,,False,False
/a/0/3/4,/a/0/3/4!/member_00035,0,/a/0/3/4,163,35,,5656,5700,1540,1584,44,2d1971312bc7168b856723d00f770c0a38b57df9eb1609a71ad9e8728721232f,07005100240000000000000000000000,,,,,False,,,,,,,,,,False,False
/a/0/3/4,/a/0/3/4!/member_00036,0,/a/0/3/4,163,36,,5700,5744,1584,1628,44,85759b3811ff7dc47b03792ac85317be51431a3f9e01dcafce317ed736a391b0,00000000000000000000000000000000,,,,,False,,,,,,,,,,False,False
/a/0/3/4,/a/0/3/4!/member_00037,0,/a/0/3/4,163,37,,5744,5788,1628,1672,44,6e9d2c4dfd9b0f73c07210cc2d6e2cd59d29a0bccd92cf2314fb6639064071b1,07005200260000000000000000000000,,,,,False,,,,,,,,,,False,False
/a/0/3/4,/a/0/3/4!/member_00038,0,/a/0/3/4,163,38,,5788,5832,1672,1716,44,85759b3811ff7dc47b03792ac85317be51431a3f9e01dcafce317ed736a391b0,00000000000000000000000000000000,,,,,False,,,,,,,,,,False,False
/a/0/3/4,/a/0/3/4!/member_00039,0,/a/0/3/4,163,39,,5832,5876,1716,1760,44,6f8d9765a9dfa0d753e3b61f6e7c98386fcd469f0bb12f016d883a722d69a18a,07005100280000000000000000000000,,,,,False,,,,,,,,,,False,False
/a/0/3/4,/a/0/3/4!/member_00040,0,/a/0/3/4,163,40,,5876,5920,1760,1804,44,85759b3811ff7dc47b03792ac85317be51431a3f9e01dcafce317ed736a391b0,00000000000000000000000000000000,,,,,False,,,,,,,,,,False,False
/a/0/3/4,/a/0/3/4!/member_00041,0,/a/0/3/4,163,41,,5920,5964,1804,1848,44,bf4f3e85bf97fbead3bf123bbc8811e4e8323d33c323984482df6d3e6242dc3b,040016002a0000000000000000000000,,,,,False,,,,,,,,,,False,False
/a/0/3/4,/a/0/3/4!/member_00042,0,/a/0/3/4,163,42,,5964,6008,1848,1892,44,6a031b75ffee63ab5cc14b352a810fdce0c438df5c841e0bae51e1b21c490ad5,01000000a90000000000000000000000,,,,,False,,,,,,,,,,False,False
/a/0/3/4,/a/0/3/4!/member_00043,0,/a/0/3/4,163,43,,6008,6052,1892,1936,44,e2653a6b0f317416760aed918e27d3fc7bc282dffab8a240b9a447eade445ddf,040015002c0000000000000000000000,,,,,False,,,,,,,,,,False,False
/a/0/3/4,/a/0/3/4!/member_00044,0,/a/0/3/4,163,44,,6052,6096,1936,1980,44,b53e3a6be578a239aa8dbcca18dff95f2bfdb67245aaf867df382af3ecc09bb1,070055002d0007005000b60000000000,,,,,False,,,,,,,,,,False,False
/a/0/3/4,/a/0/3/4!/member_00045,0,/a/0/3/4,163,45,,6096,6140,1980,2024,44,85759b3811ff7dc47b03792ac85317be51431a3f9e01dcafce317ed736a391b0,00000000000000000000000000000000,,,,,False,,,,,,,,,,False,False
/a/0/3/4,/a/0/3/4!/member_00046,0,/a/0/3/4,163,46,,6140,6184,2024,2068,44,dbd2635936d636d93b40758a974062bf7d85dab2ba8a86c363cdc8ce83119f57,040018002f0000000000000000000000,,,,,False,,,,,,,,,,False,False
/a/0/3/4,/a/0/3/4!/member_00047,0,/a/0/3/4,163,47,,6184,6228,2068,2112,44,85759b3811ff7dc47b03792ac85317be51431a3f9e01dcafce317ed736a391b0,00000000000000000000000000000000,,,,,False,,,,,,,,,,False,False
/a/0/3/4,/a/0/3/4!/member_00048,0,/a/0/3/4,163,48,,6228,6272,2112,2156,44,acef12003a994eb0fab851ed86258fefd0f54d003807f268c94f49a3e76199a9,04001f00310000000000000000000000,,,,,False,,,,,,,,,,False,False
/a/0/3/4,/a/0/3/4!/member_00049,0,/a/0/3/4,163,49,,6272,6316,2156,2200,44,85759b3811ff7dc47b03792ac85317be51431a3f9e01dcafce317ed736a391b0,00000000000000000000000000000000,,,,,False,,,,,,,,,,False,False
/a/0/3/4,/a/0/3/4!/member_00050,0,/a/0/3/4,163,50,,6316,6360,2200,2244,44,7fef663a9c55f05148bae0a9b0abd58e09b7780180d4ce49f5ad8ad9ca39cdea,04001a00330000000000000000000000,,,,,False,,,,,,,,,,False,False
/a/0/3/4,/a/0/3/4!/member_00051,0,/a/0/3/4,163,51,,6360,6404,2244,2288,44,85759b3811ff7dc47b03792ac85317be51431a3f9e01dcafce317ed736a391b0,00000000000000000000000000000000,,,,,False,,,,,,,,,,False,False
/a/0/3/4,/a/0/3/4!/member_00052,0,/a/0/3/4,163,52,,6404,6448,2288,2332,44,f495afd7c195f35608a92b04159f818f65600cafbb911788c66d0ff8b33b7d74,04001c00350000000000000000000000,,,,,False,,,,,,,,,,False,False
/a/0/3/4,/a/0/3/4!/member_00053,0,/a/0/3/4,163,53,,6448,6492,2332,2376,44,85759b3811ff7dc47b03792ac85317be51431a3f9e01dcafce317ed736a391b0,00000000000000000000000000000000,,,,,False,,,,,,,,,,False,False
/a/0/3/4,/a/0/3/4!/member_00054,0,/a/0/3/4,163,54,,6492,6536,2376,2420,44,b3968abf3f32322aeb40242ff0153f8503577a14074d7958b16cf55cddb56d3e,04002100370000000000000000000000,,,,,False,,,,,,,,,,False,False
/a/0/3/4,/a/0/3/4!/member_00055,0,/a/0/3/4,163,55,,6536,6580,2420,2464,44,85759b3811ff7dc47b03792ac85317be51431a3f9e01dcafce317ed736a391b0,00000000000000000000000000000000,,,,,False,,,,,,,,,,False,False
/a/0/3/4,/a/0/3/4!/member_00056,0,/a/0/3/4,163,56,,6580,6624,2464,2508,44,bb3edacc1784f94a5012c4cc70dcde9dcaf8334cc42cb183af7a9449cdad01f2,04001c00390000000000000000000000,,,,,False,,,,,,,,,,False,False
/a/0/3/4,/a/0/3/4!/member_00057,0,/a/0/3/4,163,57,,6624,6668,2508,2552,44,85759b3811ff7dc47b03792ac85317be51431a3f9e01dcafce317ed736a391b0,00000000000000000000000000000000,,,,,False,,,,,,,,,,False,False
/a/0/3/4,/a/0/3/4!/member_00058,0,/a/0/3/4,163,58,,6668,6712,2552,2596,44,88870d1d21ab8a17f48857d980f7e10ed4045aacd1f0bcd6e91e5ea4c26424bb,070052003b0000000000000000000000,,,,,False,,,,,,,,,,False,False
/a/0/3/4,/a/0/3/4!/member_00059,0,/a/0/3/4,163,59,,6712,6756,2596,2640,44,85759b3811ff7dc47b03792ac85317be51431a3f9e01dcafce317ed736a391b0,00000000000000000000000000000000,,,,,False,,,,,,,,,,False,False
/a/0/3/4,/a/0/3/4!/member_00060,0,/a/0/3/4,163,60,,6756,6800,2640,2684,44,5d8365e2ded9d57c94bf08b8e84f899a4c6a4008065a695d901f9da3ab219c9d,040019003d0000000000000000000000,,,,,False,,,,,,,,,,False,False
/a/0/3/4,/a/0/3/4!/member_00061,0,/a/0/3/4,163,61,,6800,6844,2684,2728,44,682eba0d5c44aac9bc321a1c8516e6fea7092efcf40f463375b0fa5757cdd8d4,070054003e000600dd00ba0000000000,,,,,False,,,,,,,,,,False,False
/a/0/3/4,/a/0/3/4!/member_00062,0,/a/0/3/4,163,62,,6844,6888,2728,2772,44,85759b3811ff7dc47b03792ac85317be51431a3f9e01dcafce317ed736a391b0,00000000000000000000000000000000,,,,,False,,,,,,,,,,False,False
/a/0/3/4,/a/0/3/4!/member_00063,0,/a/0/3/4,163,63,,6888,6932,2772,2816,44,634bb0e5158328a47674f3a93be9ef5a888823a61a73d46361e9455bec43e073,04001000400000000000000000000000,,,,,False,,,,,,,,,,False,False
/a/0/3/4,/a/0/3/4!/member_00064,0,/a/0/3/4,163,64,,6932,6976,2816,2860,44,f5baf7425130283148f29eb3a74ba5d6fa753510d8c097df3e4f1205a61a7223,05000000410000000000000000000000,,,,,False,,,,,,,,,,False,False
/a/0/3/4,/a/0/3/4!/member_00065,0,/a/0/3/4,163,65,,6976,7020,2860,2904,44,85759b3811ff7dc47b03792ac85317be51431a3f9e01dcafce317ed736a391b0,00000000000000000000000000000000,,,,,False,,,,,,,,,,False,False
/a/0/3/4,/a/0/3/4!/member_00066,0,/a/0/3/4,163,66,,7020,7064,2904,2948,44,31244e2612162d02ee3fb694e579c22d6b1173cd2580e252731a60264d07f2ae,04001c00430000000000000000000000,,,,,False,,,,,,,,,,False,False
/a/0/3/4,/a/0/3/4!/member_00067,0,/a/0/3/4,163,67,,7064,7108,2948,2992,44,2377757d9bebd60209de3eaa8f40266e254df0f579cb97d1396e5386e94b632b,05000000440000000000000000000000,,,,,False,,,,,,,,,,False,False
/a/0/3/4,/a/0/3/4!/member_00068,0,/a/0/3/4,163,68,,7108,7152,2992,3036,44,85759b3811ff7dc47b03792ac85317be51431a3f9e01dcafce317ed736a391b0,00000000000000000000000000000000,,,,,False,,,,,,,,,,False,False
/a/0/3/4,/a/0/3/4!/member_00069,0,/a/0/3/4,163,69,,7152,7196,3036,3080,44,892283d31eeaf55e44a05f5ecf9a4e7bc7be9d1f6f10ca0b618aa4f5a9654308,04001500460000000000000000000000,,,,,False,,,,,,,,,,False,False
/a/0/3/4,/a/0/3/4!/member_00070,0,/a/0/3/4,163,70,,7196,7240,3080,3124,44,490af392d75373ec90bc32e2d9d60d7ee30effebf0829e1a01bf7979f28c692f,07005500470000000000000000000000,,,,,False,,,,,,,,,,False,False
/a/0/3/4,/a/0/3/4!/member_00071,0,/a/0/3/4,163,71,,7240,7284,3124,3168,44,85759b3811ff7dc47b03792ac85317be51431a3f9e01dcafce317ed736a391b0,00000000000000000000000000000000,,,,,False,,,,,,,,,,False,False
/a/0/3/4,/a/0/3/4!/member_00072,0,/a/0/3/4,163,72,,7284,7328,3168,3212,44,074b14fbe40412179216ea6d85775c7606961c65806c4dce8398c350f650ad13,04001e00490000000000000000000000,,,,,False,,,,,,,,,,False,False
/a/0/3/4,/a/0/3/4!/member_00073,0,/a/0/3/4,163,73,,7328,7372,3212,3256,44,85759b3811ff7dc47b03792ac85317be51431a3f9e01dcafce317ed736a391b0,00000000000000000000000000000000,,,,,False,,,,,,,,,,False,False
/a/0/3/4,/a/0/3/4!/member_00074,0,/a/0/3/4,163,74,,7372,7416,3256,3300,44,e149705339f182f571ce770090043693f985f506d6def4e64a05316ffdd603f2,040019004b0000000000000000000000,,,,,False,,,,,,,,,,False,False
/a/0/3/4,/a/0/3/4!/member_00075,0,/a/0/3/4,163,75,,7416,7460,3300,3344,44,62e516bc4925a952eaa88abbe047ae454242ec8e4501efb2234a6b8ac3cbf930,050000004c0000000000000000000000,,,,,False,,,,,,,,,,False,False
/a/0/3/4,/a/0/3/4!/member_00076,0,/a/0/3/4,163,76,,7460,7504,3344,3388,44,85759b3811ff7dc47b03792ac85317be51431a3f9e01dcafce317ed736a391b0,00000000000000000000000000000000,,,,,False,,,,,,,,,,False,False
/a/0/3/4,/a/0/3/4!/member_00077,0,/a/0/3/4,163,77,,7504,7548,3388,3432,44,981e8f17ea30d3dd480ac64287f605e26962e6252ac76934faa0e099604eec4f,040028004e0000000000000000000000,,,,,False,,,,,,,,,,False,False
/a/0/3/4,/a/0/3/4!/member_00078,0,/a/0/3/4,163,78,,7548,7592,3432,3476,44,85759b3811ff7dc47b03792ac85317be51431a3f9e01dcafce317ed736a391b0,00000000000000000000000000000000,,,,,False,,,,,,,,,,False,False
/a/0/3/4,/a/0/3/4!/member_00079,0,/a/0/3/4,163,79,,7592,7636,3476,3520,44,4c99881747182b18aa434fa4d08c23c3a09a66b3dd5719ebf32fbc03e6773031,0400250050000600dd00c70000000000,,,,,False,,,,,,,,,,False,False
/a/0/3/4,/a/0/3/4!/member_00080,0,/a/0/3/4,163,80,,7636,7680,3520,3564,44,85759b3811ff7dc47b03792ac85317be51431a3f9e01dcafce317ed736a391b0,00000000000000000000000000000000,,,,,False,,,,,,,,,,False,False
/a/0/3/4,/a/0/3/4!/member_00081,0,/a/0/3/4,163,81,,7680,7724,3564,3608,44,4172a0ccfa8dc07a6d6608382aec1d1486eec489fe9d676c50712e3e80a81692,04001e00520000000000000000000000,,,,,False,,,,,,,,,,False,False
/a/0/3/4,/a/0/3/4!/member_00082,0,/a/0/3/4,163,82,,7724,7768,3608,3652,44,528dc332a20dbcc1613ef18f2f20d2329990d23ca4473899531fafd90c917bf0,18000000ce0100000000000000000000,,,,,False,,,,,,,,,,False,False
/a/0/3/4,/a/0/3/4!/member_00083,0,/a/0/3/4,163,83,,7768,7812,3652,3696,44,85759b3811ff7dc47b03792ac85317be51431a3f9e01dcafce317ed736a391b0,00000000000000000000000000000000,,,,,False,,,,,,,,,,False,False
/a/0/3/4,/a/0/3/4!/member_00084,0,/a/0/3/4,163,84,,7812,7856,3696,3740,44,d9487bfe8635ef6a57b78a607eccebcaac863d91eb6144a5876442b12b54fcef,04001f00550000000000000000000000,,,,,False,,,,,,,,,,False,False
/a/0/3/4,/a/0/3/4!/member_00085,0,/a/0/3/4,163,85,,7856,7900,3740,3784,44,85759b3811ff7dc47b03792ac85317be51431a3f9e01dcafce317ed736a391b0,00000000000000000000000000000000,,,,,False,,,,,,,,,,False,False
/a/0/3/4,/a/0/3/4!/member_00086,0,/a/0/3/4,163,86,,7900,7944,3784,3828,44,a272c6b0a218609210ebf19e5f3b84fd65886d834adc15e52d43a255a0b34483,04002200570000000000000000000000,,,,,False,,,,,,,,,,False,False
/a/0/3/4,/a/0/3/4!/member_00087,0,/a/0/3/4,163,87,,7944,7988,3828,3872,44,85759b3811ff7dc47b03792ac85317be51431a3f9e01dcafce317ed736a391b0,00000000000000000000000000000000,,,,,False,,,,,,,,,,False,False
/a/0/3/4,/a/0/3/4!/member_00088,0,/a/0/3/4,163,88,,7988,8032,3872,3916,44,7ec6e0cb5ea97f2e8be8f6777a95b93e27a9a987d6f2f340d6255a46864229f7,04002600590000000000000000000000,,,,,False,,,,,,,,,,False,False
/a/0/3/4,/a/0/3/4!/member_00089,0,/a/0/3/4,163,89,,8032,8076,3916,3960,44,85759b3811ff7dc47b03792ac85317be51431a3f9e01dcafce317ed736a391b0,00000000000000000000000000000000,,,,,False,,,,,,,,,,False,False
/a/0/3/4,/a/0/3/4!/member_00090,0,/a/0/3/4,163,90,,8076,8120,3960,4004,44,ce52dc9460a852aa6606a77aeaf60a5872a5994c01d7c1f2549ad426dcbb126f,070054005b0000000000000000000000,,,,,False,,,,,,,,,,False,False
/a/0/3/4,/a/0/3/4!/member_00091,0,/a/0/3/4,163,91,,8120,8164,4004,4048,44,85759b3811ff7dc47b03792ac85317be51431a3f9e01dcafce317ed736a391b0,00000000000000000000000000000000,,,,,False,,,,,,,,,,False,False
/a/0/3/4,/a/0/3/4!/member_00092,0,/a/0/3/4,163,92,,8164,8208,4048,4092,44,d9da07ad96fa4a392277f3d127e4248f0fc6171f7321d7cce4c172f9160f4fc5,040019005d0000000000000000000000,,,,,False,,,,,,,,,,False,False
/a/0/3/4,/a/0/3/4!/member_00093,0,/a/0/3/4,163,93,,8208,8252,4092,4136,44,d227c2c874309c0fc9e371ed126a81bba9a143f9e9e0eed86a23ed854cac8b0d,050000005e0000000000000000000000,,,,,False,,,,,,,,,,False,False
/a/0/3/4,/a/0/3/4!/member_00094,0,/a/0/3/4,163,94,,8252,8296,4136,4180,44,85759b3811ff7dc47b03792ac85317be51431a3f9e01dcafce317ed736a391b0,00000000000000000000000000000000,,,,,False,,,,,,,,,,False,False
/a/0/3/4,/a/0/3/4!/member_00095,0,/a/0/3/4,163,95,,8296,8340,4180,4224,44,5a56d1f77773917fc99eac8d812df3dc1e285bcca02f0504f75b6147fa2ee683,0600e900d00000000000000000000000,,,,,False,,,,,,,,,,False,False
/a/0/3/4,/a/0/3/4!/member_00096,0,/a/0/3/4,163,96,,8340,8384,4224,4268,44,897be8b7e31f65e01051bf9df738bf1f882abe56b8bfbe66665e8dafec63842b,04001a00610000000000000000000000,,,,,False,,,,,,,,,,False,False
/a/0/3/4,/a/0/3/4!/member_00097,0,/a/0/3/4,163,97,,8384,8428,4268,4312,44,85759b3811ff7dc47b03792ac85317be51431a3f9e01dcafce317ed736a391b0,00000000000000000000000000000000,,,,,False,,,,,,,,,,False,False
/a/0/3/4,/a/0/3/4!/member_00098,0,/a/0/3/4,163,98,,8428,8472,4312,4356,44,365925700f68c6eea78e192eb96b85d54f2fdd1b787139882a4e86a01a8760de,04001c00630000000000000000000000,,,,,False,,,,,,,,,,False,False
/a/0/3/4,/a/0/3/4!/member_00099,0,/a/0/3/4,163,99,,8472,8516,4356,4400,44,85759b3811ff7dc47b03792ac85317be51431a3f9e01dcafce317ed736a391b0,00000000000000000000000000000000,,,,,False,,,,,,,,,,False,False
/a/0/3/4,/a/0/3/4!/member_00100,0,/a/0/3/4,163,100,,8516,8560,4400,4444,44,29faf7244b48981b0cb64a50cc4c013e0001e2f75711cc11161cc7e5d9771ac4,04001e00650000000000000000000000,,,,,False,,,,,,,,,,False,False
/a/0/3/4,/a/0/3/4!/member_00101,0,/a/0/3/4,163,101,,8560,8604,4444,4488,44,85759b3811ff7dc47b03792ac85317be51431a3f9e01dcafce317ed736a391b0,00000000000000000000000000000000,,,,,False,,,,,,,,,,False,False
/a/0/3/4,/a/0/3/4!/member_00102,0,/a/0/3/4,163,102,,8604,8648,4488,4532,44,c486b5cfacc0f1e9f19ea09a75329cda62ae0442402eb857ebaaf843f1fc6842,07005500670000000000000000000000,,,,,False,,,,,,,,,,False,False
/a/0/3/4,/a/0/3/4!/member_00103,0,/a/0/3/4,163,103,,8648,8692,4532,4576,44,85759b3811ff7dc47b03792ac85317be51431a3f9e01dcafce317ed736a391b0,00000000000000000000000000000000,,,,,False,,,,,,,,,,False,False
/a/0/3/4,/a/0/3/4!/member_00104,0,/a/0/3/4,163,104,,8692,8736,4576,4620,44,037a0e0a1c0e6e2b264213d28b63c5f046ee90798d7efe8019a08b55ac8e03b1,04001c00690000000000000000000000,,,,,False,,,,,,,,,,False,False
/a/0/3/4,/a/0/3/4!/member_00105,0,/a/0/3/4,163,105,,8736,8780,4620,4664,44,85759b3811ff7dc47b03792ac85317be51431a3f9e01dcafce317ed736a391b0,00000000000000000000000000000000,,,,,False,,,,,,,,,,False,False
/a/0/3/4,/a/0/3/4!/member_00106,0,/a/0/3/4,163,106,,8780,8824,4664,4708,44,85759b3811ff7dc47b03792ac85317be51431a3f9e01dcafce317ed736a391b0,00000000000000000000000000000000,,,,,False,,,,,,,,,,False,False
/a/0/3/4,/a/0/3/4!/member_00107,0,/a/0/3/4,163,107,,8824,8868,4708,4752,44,85759b3811ff7dc47b03792ac85317be51431a3f9e01dcafce317ed736a391b0,00000000000000000000000000000000,,,,,False,,,,,,,,,,False,False
/a/0/3/4,/a/0/3/4!/member_00108,0,/a/0/3/4,163,108,,8868,8912,4752,4796,44,2ecec2172a7a2798f0ed7a4af26fcb4aece9eaa52cb7f33761603fef888cd22f,1400cd00cf0100000000000000000000,,,,,False,,,,,,,,,,False,False
/a/0/3/4,/a/0/3/4!/member_00109,0,/a/0/3/4,163,109,,8912,8956,4796,4840,44,2ec35764cfe81b3d04d74aa225d04a84fedf0fea03c39cbf38edba7f4c09e853,040023006e0000000000000000000000,,,,,False,,,,,,,,,,False,False
/a/0/3/4,/a/0/3/4!/member_00110,0,/a/0/3/4,163,110,,8956,9000,4840,4884,44,85759b3811ff7dc47b03792ac85317be51431a3f9e01dcafce317ed736a391b0,00000000000000000000000000000000,,,,,False,,,,,,,,,,False,False
/a/0/3/4,/a/0/3/4!/member_00111,0,/a/0/3/4,163,111,,9000,9044,4884,4928,44,7efc14b845face0bbd5fa8d4d961d9044ef32a8d26ed6361d053178ff34fe32f,04002a00700000000000000000000000,,,,,False,,,,,,,,,,False,False
/a/0/3/4,/a/0/3/4!/member_00112,0,/a/0/3/4,163,112,,9044,9088,4928,4972,44,5c6dfa9cbbc079e9ef697f9b054ee82141f33b2948385ac64858bf3baa05229d,06004101d00100000000000000000000,,,,,False,,,,,,,,,,False,False
/a/0/3/4,/a/0/3/4!/member_00113,0,/a/0/3/4,163,113,,9088,9132,4972,5016,44,0d7c92cae154fd165d0b2ad4ea071219f0c2e88864d3fa1f9e2b34983d415e3c,01000000f20000000000000000000000,,,,,False,,,,,,,,,,False,False
/a/0/3/4,/a/0/3/4!/member_00114,0,/a/0/3/4,163,114,,9132,9176,5016,5060,44,01cd2a70ab20f25adc1ccb11e12ee83eb2b7958b2b70f9e18be9b2b309b6753e,1400f600d10100000000000000000000,,,,,False,,,,,,,,,,False,False
/a/0/3/4,/a/0/3/4!/member_00115,0,/a/0/3/4,163,115,,9176,9220,5060,5104,44,85759b3811ff7dc47b03792ac85317be51431a3f9e01dcafce317ed736a391b0,00000000000000000000000000000000,,,,,False,,,,,,,,,,False,False
/a/0/3/4,/a/0/3/4!/member_00116,0,/a/0/3/4,163,116,,9220,9264,5104,5148,44,f087f99a52042626904438a8598a343607d191dfcc47a0922e2c9e54b182f96f,04002000750000000000000000000000,,,,,False,,,,,,,,,,False,False
/a/0/3/4,/a/0/3/4!/member_00117,0,/a/0/3/4,163,117,,9264,9308,5148,5192,44,8557353736f9f12436cd92f952a5cbcfd8928df810223a7ce22d166fefcecbcf,0600eb00e60000000000000000000000,,,,,False,,,,,,,,,,False,False
/a/0/3/4,/a/0/3/4!/member_00118,0,/a/0/3/4,163,118,,9308,9352,5192,5236,44,1d24deb50f1fdce5040c7113172b31218f7e79a1a03d895e10b6132cc04a3bd2,04002100770000000000000000000000,,,,,False,,,,,,,,,,False,False
/a/0/3/4,/a/0/3/4!/member_00119,0,/a/0/3/4,163,119,,9352,9396,5236,5280,44,85759b3811ff7dc47b03792ac85317be51431a3f9e01dcafce317ed736a391b0,00000000000000000000000000000000,,,,,False,,,,,,,,,,False,False
/a/0/3/4,/a/0/3/4!/member_00120,0,/a/0/3/4,163,120,,9396,9440,5280,5324,44,38059423e599508581858b614506621b9f3f4df38c06292406a2ae589f62b647,07005400790000000000000000000000,,,,,False,,,,,,,,,,False,False
/a/0/3/4,/a/0/3/4!/member_00121,0,/a/0/3/4,163,121,,9440,9484,5324,5368,44,85759b3811ff7dc47b03792ac85317be51431a3f9e01dcafce317ed736a391b0,00000000000000000000000000000000,,,,,False,,,,,,,,,,False,False
/a/0/3/4,/a/0/3/4!/member_00122,0,/a/0/3/4,163,122,,9484,9528,5368,5412,44,85759b3811ff7dc47b03792ac85317be51431a3f9e01dcafce317ed736a391b0,00000000000000000000000000000000,,,,,False,,,,,,,,,,False,False
/a/0/3/4,/a/0/3/4!/member_00123,0,/a/0/3/4,163,123,,9528,9572,5412,5456,44,d06d783cca782eb2bd0f0ce2e2ac45b5ca00ea2bddbcb3e9630cb68a163cb75f,0600e900d40000000000000000000000,,,,,False,,,,,,,,,,False,False
/a/0/3/4,/a/0/3/4!/member_00124,0,/a/0/3/4,163,124,,9572,9616,5456,5500,44,85759b3811ff7dc47b03792ac85317be51431a3f9e01dcafce317ed736a391b0,00000000000000000000000000000000,,,,,False,,,,,,,,,,False,False
/a/0/3/4,/a/0/3/4!/member_00125,0,/a/0/3/4,163,125,,9616,9660,5500,5544,44,5a16fc066f7103b53ca23ee5ba7c897fd99c04ce5dd2242663a14c5f1d9bf6aa,06004201d20100000000000000000000,,,,,False,,,,,,,,,,False,False
/a/0/3/4,/a/0/3/4!/member_00126,0,/a/0/3/4,163,126,,9660,9704,5544,5588,44,0fcfeabf274e3d3a2ebf24a3c9d97e450d7b4e6802014f7fbc5fdc237d099091,06004301d30100000000000000000000,,,,,False,,,,,,,,,,False,False
/a/0/3/4,/a/0/3/4!/member_00127,0,/a/0/3/4,163,127,,9704,9748,5588,5632,44,85759b3811ff7dc47b03792ac85317be51431a3f9e01dcafce317ed736a391b0,00000000000000000000000000000000,,,,,False,,,,,,,,,,False,False
/a/0/3/4,/a/0/3/4!/member_00128,0,/a/0/3/4,163,128,,9748,9792,5632,5676,44,85759b3811ff7dc47b03792ac85317be51431a3f9e01dcafce317ed736a391b0,00000000000000000000000000000000,,,,,False,,,,,,,,,,False,False
/a/0/3/4,/a/0/3/4!/member_00129,0,/a/0/3/4,163,129,,9792,9836,5676,5720,44,bd3090316dd4bc515162df2940e56c30c94a73c20594efecf28f6deb1987a5a1,04001400820000000000000000000000,,,,,False,,,,,,,,,,False,False
/a/0/3/4,/a/0/3/4!/member_00130,0,/a/0/3/4,163,130,,9836,9880,5720,5764,44,85759b3811ff7dc47b03792ac85317be51431a3f9e01dcafce317ed736a391b0,00000000000000000000000000000000,,,,,False,,,,,,,,,,False,False
/a/0/3/4,/a/0/3/4!/member_00131,0,/a/0/3/4,163,131,,9880,9924,5764,5808,44,85759b3811ff7dc47b03792ac85317be51431a3f9e01dcafce317ed736a391b0,00000000000000000000000000000000,,,,,False,,,,,,,,,,False,False
/a/0/3/4,/a/0/3/4!/member_00132,0,/a/0/3/4,163,132,,9924,9968,5808,5852,44,85759b3811ff7dc47b03792ac85317be51431a3f9e01dcafce317ed736a391b0,00000000000000000000000000000000,,,,,False,,,,,,,,,,False,False
/a/0/3/4,/a/0/3/4!/member_00133,0,/a/0/3/4,163,133,,9968,10012,5852,5896,44,c06df246e561978295e963653fb81ee4a97173b033a588fe3f9b84d7d0829f21,19000000d6011a000000d70107005300,,,,,False,,,,,,,,,,False,False
/a/0/3/4,/a/0/3/4!/member_00134,0,/a/0/3/4,163,134,,10012,10056,5896,5940,44,85759b3811ff7dc47b03792ac85317be51431a3f9e01dcafce317ed736a391b0,00000000000000000000000000000000,,,,,False,,,,,,,,,,False,False
/a/0/3/4,/a/0/3/4!/member_00135,0,/a/0/3/4,163,135,,10056,10100,5940,5984,44,85759b3811ff7dc47b03792ac85317be51431a3f9e01dcafce317ed736a391b0,00000000000000000000000000000000,,,,,False,,,,,,,,,,False,False
/a/0/3/4,/a/0/3/4!/member_00136,0,/a/0/3/4,163,136,,10100,10144,5984,6028,44,85759b3811ff7dc47b03792ac85317be51431a3f9e01dcafce317ed736a391b0,00000000000000000000000000000000,,,,,False,,,,,,,,,,False,False
/a/0/3/4,/a/0/3/4!/member_00137,0,/a/0/3/4,163,137,,10144,10188,6028,6072,44,c0570bec960f8e461b60e36319a4ad34dbee03b38a53d663653a0aa37e58816d,0600fc00e90000000000000000000000,,,,,False,,,,,,,,,,False,False
/a/0/3/4,/a/0/3/4!/member_00138,0,/a/0/3/4,163,138,,10188,10232,6072,6116,44,7a951ce846427e6b1df9b100b9df2fd77f3d1abeec8efd28f8c71e81102f94fc,040028008b0000000000000000000000,,,,,False,,,,,,,,,,False,False
/a/0/3/4,/a/0/3/4!/member_00139,0,/a/0/3/4,163,139,,10232,10276,6116,6160,44,85759b3811ff7dc47b03792ac85317be51431a3f9e01dcafce317ed736a391b0,00000000000000000000000000000000,,,,,False,,,,,,,,,,False,False
/a/0/3/4,/a/0/3/4!/member_00140,0,/a/0/3/4,163,140,,10276,10320,6160,6204,44,dce578baf2c4f1c1ca75379c6d757f96d37972b0e83cf7bf6521bfbd63670816,040028008d0000000000000000000000,,,,,False,,,,,,,,,,False,False
/a/0/3/4,/a/0/3/4!/member_00141,0,/a/0/3/4,163,141,,10320,10364,6204,6248,44,85759b3811ff7dc47b03792ac85317be51431a3f9e01dcafce317ed736a391b0,00000000000000000000000000000000,,,,,False,,,,,,,,,,False,False
/a/0/3/4,/a/0/3/4!/member_00142,0,/a/0/3/4,163,142,,10364,10408,6248,6292,44,85759b3811ff7dc47b03792ac85317be51431a3f9e01dcafce317ed736a391b0,00000000000000000000000000000000,,,,,False,,,,,,,,,,False,False
/a/0/3/4,/a/0/3/4!/member_00143,0,/a/0/3/4,163,143,,10408,10452,6292,6336,44,85759b3811ff7dc47b03792ac85317be51431a3f9e01dcafce317ed736a391b0,00000000000000000000000000000000,,,,,False,,,,,,,,,,False,False
/a/0/3/4,/a/0/3/4!/member_00144,0,/a/0/3/4,163,144,,10452,10496,6336,6380,44,85759b3811ff7dc47b03792ac85317be51431a3f9e01dcafce317ed736a391b0,00000000000000000000000000000000,,,,,False,,,,,,,,,,False,False
/a/0/3/4,/a/0/3/4!/member_00145,0,/a/0/3/4,163,145,,10496,10540,6380,6424,44,85759b3811ff7dc47b03792ac85317be51431a3f9e01dcafce317ed736a391b0,00000000000000000000000000000000,,,,,False,,,,,,,,,,False,False
/a/0/3/4,/a/0/3/4!/member_00146,0,/a/0/3/4,163,146,,10540,10584,6424,6468,44,85759b3811ff7dc47b03792ac85317be51431a3f9e01dcafce317ed736a391b0,00000000000000000000000000000000,,,,,False,,,,,,,,,,False,False
/a/0/3/4,/a/0/3/4!/member_00147,0,/a/0/3/4,163,147,,10584,10628,6468,6512,44,7abb9daa6ae19487b44e6b515c0b2b1572219e2bd62b10783f3d82b6778bcaef,04001e00940000000000000000000000,,,,,False,,,,,,,,,,False,False
/a/0/3/4,/a/0/3/4!/member_00148,0,/a/0/3/4,163,148,,10628,10672,6512,6556,44,b919efa37d6d6ae98376daae4109f3a6ac56a79351a29ae2324ba7a542ebdcdc,04003700950000000000000000000000,,,,,False,,,,,,,,,,False,False
/a/0/3/4,/a/0/3/4!/member_00149,0,/a/0/3/4,163,149,,10672,10716,6556,6600,44,85759b3811ff7dc47b03792ac85317be51431a3f9e01dcafce317ed736a391b0,00000000000000000000000000000000,,,,,False,,,,,,,,,,False,False
/a/0/3/4,/a/0/3/4!/member_00150,0,/a/0/3/4,163,150,,10716,10760,6600,6644,44,85759b3811ff7dc47b03792ac85317be51431a3f9e01dcafce317ed736a391b0,00000000000000000000000000000000,,,,,False,,,,,,,,,,False,False
/a/0/3/4,/a/0/3/4!/member_00151,0,/a/0/3/4,163,151,,10760,10804,6644,6688,44,85759b3811ff7dc47b03792ac85317be51431a3f9e01dcafce317ed736a391b0,00000000000000000000000000000000,,,,,False,,,,,,,,,,False,False
/a/0/3/4,/a/0/3/4!/member_00152,0,/a/0/3/4,163,152,,10804,10848,6688,6732,44,94ea29ca0dd04a92ac2ed5b3d889ada8ddb1f4b96531144632426eed9f830076,04001000990000000000000000000000,,,,,False,,,,,,,,,,False,False
/a/0/3/4,/a/0/3/4!/member_00153,0,/a/0/3/4,163,153,,10848,10892,6732,6776,44,fcfd5d81c81c0b29dd4bec21a577dcf0f3b603ef678aaf5d3c7e0491da940da6,040020009a0000000000000000000000,,,,,False,,,,,,,,,,False,False
/a/0/3/4,/a/0/3/4!/member_00154,0,/a/0/3/4,163,154,,10892,10936,6776,6820,44,85759b3811ff7dc47b03792ac85317be51431a3f9e01dcafce317ed736a391b0,00000000000000000000000000000000,,,,,False,,,,,,,,,,False,False
/a/0/3/4,/a/0/3/4!/member_00155,0,/a/0/3/4,163,155,,10936,10980,6820,6864,44,5f30a6a5895863e8f341be6165f1ee857e9a38ffa0610885d1a4b90f02998227,04000e009c0000000000000000000000,,,,,False,,,,,,,,,,False,False
/a/0/3/4,/a/0/3/4!/member_00156,0,/a/0/3/4,163,156,,10980,11024,6864,6908,44,388e79474c3bd346e6ef2f9c6b757fb0a4c418f0cf2f00fdce85cb3ecfac7d77,040024009d0000000000000000000000,,,,,False,,,,,,,,,,False,False
/a/0/3/4,/a/0/3/4!/member_00157,0,/a/0/3/4,163,157,,11024,11068,6908,6952,44,85759b3811ff7dc47b03792ac85317be51431a3f9e01dcafce317ed736a391b0,00000000000000000000000000000000,,,,,False,,,,,,,,,,False,False
/a/0/3/4,/a/0/3/4!/member_00158,0,/a/0/3/4,163,158,,11068,11112,6952,6996,44,aff8d1b4f87e3fadd08c8ef7a1fbb4d58e5db6f764f345e8431ac62b89aaf10b,040012009f0000000000000000000000,,,,,False,,,,,,,,,,False,False
/a/0/3/4,/a/0/3/4!/member_00159,0,/a/0/3/4,163,159,,11112,11156,6996,7040,44,3c1ea09edec93438272e5b0173e5d4b824a52faa485cda8087ea75dc703d0f4c,04001e00a00000000000000000000000,,,,,False,,,,,,,,,,False,False
/a/0/3/4,/a/0/3/4!/member_00160,0,/a/0/3/4,163,160,,11156,11200,7040,7084,44,85759b3811ff7dc47b03792ac85317be51431a3f9e01dcafce317ed736a391b0,00000000000000000000000000000000,,,,,False,,,,,,,,,,False,False
/a/0/3/4,/a/0/3/4!/member_00161,0,/a/0/3/4,163,161,,11200,11244,7084,7128,44,ab40d1d6d9268d83d06cc3e83e713ea714c080d488db2b610d3b20db6ad50758,04000f00a20000000000000000000000,,,,,False,,,,,,,,,,False,False
/a/0/3/4,/a/0/3/4!/member_00162,0,/a/0/3/4,163,162,,11244,11288,7128,7172,44,85759b3811ff7dc47b03792ac85317be51431a3f9e01dcafce317ed736a391b0,00000000000000000000000000000000,,,,,False,,,,,,,,,,False,False
/a/0/3/4,/a/0/3/4!/member_00163,0,/a/0/3/4,163,163,,11288,11332,7172,7216,44,72dcb7c3e53358753683fb8035c02dab8024f1d51cba2d6fbbe0c63fd2cf3dd9,04001400a40000000000000000000000,,,,,False,,,,,,,,,,False,False
/a/0/3/4,/a/0/3/4!/member_00164,0,/a/0/3/4,163,164,,11332,11376,7216,7260,44,85759b3811ff7dc47b03792ac85317be51431a3f9e01dcafce317ed736a391b0,00000000000000000000000000000000,,,,,False,,,,,,,,,,False,False
/a/0/3/4,/a/0/3/4!/member_00165,0,/a/0/3/4,163,165,,11376,11420,7260,7304,44,65cc6d0762f703bc20266ab0f89d4aecbc04e282c6549ee638e99e563cff5451,04001200a60000000000000000000000,,,,,False,,,,,,,,,,False,False
/a/0/3/4,/a/0/3/4!/member_00166,0,/a/0/3/4,163,166,,11420,11464,7304,7348,44,85759b3811ff7dc47b03792ac85317be51431a3f9e01dcafce317ed736a391b0,00000000000000000000000000000000,,,,,False,,,,,,,,,,False,False
/a/0/3/4,/a/0/3/4!/member_00167,0,/a/0/3/4,163,167,,11464,11508,7348,7392,44,386857630ff89f3c4b83239cc687afc033dff194cb30fd722b72daa52b32a7f6,04001600a80000000000000000000000,,,,,False,,,,,,,,,,False,False
/a/0/3/4,/a/0/3/4!/member_00168,0,/a/0/3/4,163,168,,11508,11552,7392,7436,44,85759b3811ff7dc47b03792ac85317be51431a3f9e01dcafce317ed736a391b0,00000000000000000000000000000000,,,,,False,,,,,,,,,,False,False
/a/0/3/4,/a/0/3/4!/member_00169,0,/a/0/3/4,163,169,,11552,11596,7436,7480,44,85759b3811ff7dc47b03792ac85317be51431a3f9e01dcafce317ed736a391b0,00000000000000000000000000000000,,,,,False,,,,,,,,,,False,False
/a/0/3/4,/a/0/3/4!/member_00170,0,/a/0/3/4,163,170,,11596,11640,7480,7524,44,c6f212caefb630b91875cebde1aa63655923087884df9afe6d608ed1ec219fe2,04001b00ab0000000000000000000000,,,,,False,,,,,,,,,,False,False
/a/0/3/4,/a/0/3/4!/member_00171,0,/a/0/3/4,163,171,,11640,11684,7524,7568,44,85759b3811ff7dc47b03792ac85317be51431a3f9e01dcafce317ed736a391b0,00000000000000000000000000000000,,,,,False,,,,,,,,,,False,False
/a/0/3/4,/a/0/3/4!/member_00172,0,/a/0/3/4,163,172,,11684,11728,7568,7612,44,563d005d75487128b57618a09ed5ff9f30495a1ba07d45b7bc76d5f8b84ef08d,01000000190000000000000000000000,,,,,False,,,,,,,,,,False,False
/a/0/3/4,/a/0/3/4!/member_00173,0,/a/0/3/4,163,173,,11728,11772,7612,7656,44,2aabf84cabdf5e673c3cddc9e4de9610dd702493134307e21cb7f90efa6783cb,01000000230000000000000000000000,,,,,False,,,,,,,,,,False,False
/a/0/3/4,/a/0/3/4!/member_00174,0,/a/0/3/4,163,174,,11772,11816,7656,7700,44,cfcbec48c0ec40d2b42f561007504f301f776e43e142d86cd87ec04ce60bbad0,01000000270000000000000000000000,,,,,False,,,,,,,,,,False,False
/a/0/3/4,/a/0/3/4!/member_00175,0,/a/0/3/4,163,175,,11816,11860,7700,7744,44,4053c32f2257c307609ee90c8e30bc8ed8ea666c3c66416480ef9fcccdce7788,01000000b00000000000000000000000,,,,,False,,,,,,,,,,False,False
/a/0/3/4,/a/0/3/4!/member_00176,0,/a/0/3/4,163,176,,11860,11904,7744,7788,44,df666e39138fca23605318c3e2fedfd700e6416e56078574c3f6ead6aac029e8,07006b00d40100000000000000000000,,,,,False,,,,,,,,,,False,False
/a/0/3/4,/a/0/3/4!/member_00177,0,/a/0/3/4,163,177,,11904,11948,7788,7832,44,d582266a53df901ba661c1a46049203f3bce02e92cbc7b461b66a867d3e8f837,04001900b20000000000000000000000,,,,,False,,,,,,,,,,False,False
/a/0/3/4,/a/0/3/4!/member_00178,0,/a/0/3/4,163,178,,11948,11992,7832,7876,44,85759b3811ff7dc47b03792ac85317be51431a3f9e01dcafce317ed736a391b0,00000000000000000000000000000000,,,,,False,,,,,,,,,,False,False
/a/0/3/4,/a/0/3/4!/member_00179,0,/a/0/3/4,163,179,,11992,12036,7876,7920,44,41bcc19a1d892fe595af78709389edd8a2bceeb4ac50f04334a48a6885e2a11f,04000f00b40000000000000000000000,,,,,False,,,,,,,,,,False,False
/a/0/3/4,/a/0/3/4!/member_00180,0,/a/0/3/4,163,180,,12036,12080,7920,7964,44,f2e2555bb7187ef0a90e777573a467f06cc75dde1f24fb53a37ed31b077f0537,04001e00b50000000000000000000000,,,,,False,,,,,,,,,,False,False
/a/0/3/4,/a/0/3/4!/member_00181,0,/a/0/3/4,163,181,,12080,12124,7964,8008,44,85759b3811ff7dc47b03792ac85317be51431a3f9e01dcafce317ed736a391b0,00000000000000000000000000000000,,,,,False,,,,,,,,,,False,False
/a/0/3/4,/a/0/3/4!/member_00182,0,/a/0/3/4,163,182,,12124,12168,8008,8052,44,85759b3811ff7dc47b03792ac85317be51431a3f9e01dcafce317ed736a391b0,00000000000000000000000000000000,,,,,False,,,,,,,,,,False,False
/a/0/3/4,/a/0/3/4!/member_00183,0,/a/0/3/4,163,183,,12168,12212,8052,8096,44,573a13a8602b101f2d78e0e989899244d7df169425d2e757774993c9f0fbdefe,04001200b80000000000000000000000,,,,,False,,,,,,,,,,False,False
/a/0/3/4,/a/0/3/4!/member_00184,0,/a/0/3/4,163,184,,12212,12256,8096,8140,44,85759b3811ff7dc47b03792ac85317be51431a3f9e01dcafce317ed736a391b0,00000000000000000000000000000000,,,,,False,,,,,,,,,,False,False
/a/0/3/4,/a/0/3/4!/member_00185,0,/a/0/3/4,163,185,,12256,12300,8140,8184,44,85759b3811ff7dc47b03792ac85317be51431a3f9e01dcafce317ed736a391b0,00000000000000000000000000000000,,,,,False,,,,,,,,,,False,False
/a/0/3/4,/a/0/3/4!/member_00186,0,/a/0/3/4,163,186,,12300,12344,8184,8228,44,85759b3811ff7dc47b03792ac85317be51431a3f9e01dcafce317ed736a391b0,00000000000000000000000000000000,,,,,False,,,,,,,,,,False,False
/a/0/3/4,/a/0/3/4!/member_00187,0,/a/0/3/4,163,187,,12344,12388,8228,8272,44,d0d24f2a95dbdd3e8ed8f4b56b3439dc3c1af22f2c8108c54c5f99a259790b86,04001200bc0000000000000000000000,,,,,False,,,,,,,,,,False,False
/a/0/3/4,/a/0/3/4!/member_00188,0,/a/0/3/4,163,188,,12388,12432,8272,8316,44,5d1a5fb8a6c2eadaee1dcd0ffd7580af64ec1901f602802f31b5a180be0ed82e,04001b00bd0000000000000000000000,,,,,False,,,,,,,,,,False,False
/a/0/3/4,/a/0/3/4!/member_00189,0,/a/0/3/4,163,189,,12432,12476,8316,8360,44,85759b3811ff7dc47b03792ac85317be51431a3f9e01dcafce317ed736a391b0,00000000000000000000000000000000,,,,,False,,,,,,,,,,False,False
/a/0/3/4,/a/0/3/4!/member_00190,0,/a/0/3/4,163,190,,12476,12520,8360,8404,44,70d43e313010e1054290e37aca23657e23ce7820d95969988a65019a2bf3f2da,1400ca01a80100000000000000000000,,,,,False,,,,,,,,,,False,False
/a/0/3/4,/a/0/3/4!/member_00191,0,/a/0/3/4,163,191,,12520,12564,8404,8448,44,36712483ff671c1c0badb0e22a7cdc01f28a7be2ffb820e330e7b2321a1d242a,07005000c00000000000000000000000,,,,,False,,,,,,,,,,False,False
/a/0/3/4,/a/0/3/4!/member_00192,0,/a/0/3/4,163,192,,12564,12608,8448,8492,44,85759b3811ff7dc47b03792ac85317be51431a3f9e01dcafce317ed736a391b0,00000000000000000000000000000000,,,,,False,,,,,,,,,,False,False
/a/0/3/4,/a/0/3/4!/member_00193,0,/a/0/3/4,163,193,,12608,12652,8492,8536,44,209c862100c6495f1e13fd14457dd1aa821810877f567e9851307a08893d3870,1400f600d50100000000000000000000,,,,,False,,,,,,,,,,False,False
/a/0/3/4,/a/0/3/4!/member_00194,0,/a/0/3/4,163,194,,12652,12696,8536,8580,44,12aaebb7d5ec2afa1785c9440c583c776da1dd79c26ff5b9f3662741a585a561,04001400c30000000000000000000000,,,,,False,,,,,,,,,,False,False
/a/0/3/4,/a/0/3/4!/member_00195,0,/a/0/3/4,163,195,,12696,12740,8580,8624,44,85759b3811ff7dc47b03792ac85317be51431a3f9e01dcafce317ed736a391b0,00000000000000000000000000000000,,,,,False,,,,,,,,,,False,False
/a/0/3/4,/a/0/3/4!/member_00196,0,/a/0/3/4,163,196,,12740,12784,8624,8668,44,85759b3811ff7dc47b03792ac85317be51431a3f9e01dcafce317ed736a391b0,00000000000000000000000000000000,,,,,False,,,,,,,,,,False,False
/a/0/3/4,/a/0/3/4!/member_00197,0,/a/0/3/4,163,197,,12784,12828,8668,8712,44,85759b3811ff7dc47b03792ac85317be51431a3f9e01dcafce317ed736a391b0,00000000000000000000000000000000,,,,,False,,,,,,,,,,False,False
/a/0/3/4,/a/0/3/4!/member_00198,0,/a/0/3/4,163,198,,12828,12872,8712,8756,44,a6841d0e1fd14d31b777f7d7c5673eed260f7364d74e0b937164b77577b777f8,07006c00ae0100000000000000000000,,,,,False,,,,,,,,,,False,False
/a/0/3/4,/a/0/3/4!/member_00199,0,/a/0/3/4,163,199,,12872,12916,8756,8800,44,85759b3811ff7dc47b03792ac85317be51431a3f9e01dcafce317ed736a391b0,00000000000000000000000000000000,,,,,False,,,,,,,,,,False,False
/a/0/3/4,/a/0/3/4!/member_00200,0,/a/0/3/4,163,200,,12916,12960,8800,8844,44,51eba9e975d78ea405e5c019249eae8d619cbc622a9091b6d3270188123a4dd9,07006c00ad0100000000000000000000,,,,,False,,,,,,,,,,False,False
/a/0/3/4,/a/0/3/4!/member_00201,0,/a/0/3/4,163,201,,12960,13004,8844,8888,44,85759b3811ff7dc47b03792ac85317be51431a3f9e01dcafce317ed736a391b0,00000000000000000000000000000000,,,,,False,,,,,,,,,,False,False
/a/0/3/4,/a/0/3/4!/member_00202,0,/a/0/3/4,163,202,,13004,13048,8888,8932,44,85759b3811ff7dc47b03792ac85317be51431a3f9e01dcafce317ed736a391b0,00000000000000000000000000000000,,,,,False,,,,,,,,,,False,False
/a/0/3/4,/a/0/3/4!/member_00203,0,/a/0/3/4,163,203,,13048,13092,8932,8976,44,85759b3811ff7dc47b03792ac85317be51431a3f9e01dcafce317ed736a391b0,00000000000000000000000000000000,,,,,False,,,,,,,,,,False,False
/a/0/3/4,/a/0/3/4!/member_00204,0,/a/0/3/4,163,204,,13092,13136,8976,9020,44,b53226b03c78cd085b914b35d785b98ce4346577ae779af14b9b244c3bdae401,04001f00cd0000000000000000000000,,,,,False,,,,,,,,,,False,False
/a/0/3/4,/a/0/3/4!/member_00205,0,/a/0/3/4,163,205,,13136,13180,9020,9064,44,85759b3811ff7dc47b03792ac85317be51431a3f9e01dcafce317ed736a391b0,00000000000000000000000000000000,,,,,False,,,,,,,,,,False,False
/a/0/3/4,/a/0/3/4!/member_00206,0,/a/0/3/4,163,206,,13180,13224,9064,9108,44,85759b3811ff7dc47b03792ac85317be51431a3f9e01dcafce317ed736a391b0,00000000000000000000000000000000,,,,,False,,,,,,,,,,False,False
/a/0/3/4,/a/0/3/4!/member_00207,0,/a/0/3/4,163,207,,13224,13268,9108,9152,44,d500f6074c0274353e8e530ad2da78802267174a90608ac1e2a9c31b3ffb8d07,13004701d80100000000000000000000,,,,,False,,,,,,,,,,False,False
/a/0/3/4,/a/0/3/4!/member_00208,0,/a/0/3/4,163,208,,13268,13312,9152,9196,44,85759b3811ff7dc47b03792ac85317be51431a3f9e01dcafce317ed736a391b0,00000000000000000000000000000000,,,,,False,,,,,,,,,,False,False
/a/0/3/4,/a/0/3/4!/member_00209,0,/a/0/3/4,163,209,,13312,13356,9196,9240,44,70ab52a469ae51637a09cbc4819721d8116b28b9c6dfda97df193e650da7df2f,04001700d20000000000000000000000,,,,,False,,,,,,,,,,False,False
/a/0/3/4,/a/0/3/4!/member_00210,0,/a/0/3/4,163,210,,13356,13400,9240,9284,44,85759b3811ff7dc47b03792ac85317be51431a3f9e01dcafce317ed736a391b0,00000000000000000000000000000000,,,,,False,,,,,,,,,,False,False
/a/0/3/4,/a/0/3/4!/member_00211,0,/a/0/3/4,163,211,,13400,13444,9284,9328,44,85759b3811ff7dc47b03792ac85317be51431a3f9e01dcafce317ed736a391b0,00000000000000000000000000000000,,,,,False,,,,,,,,,,False,False
/a/0/3/4,/a/0/3/4!/member_00212,0,/a/0/3/4,163,212,,13444,13488,9328,9372,44,85759b3811ff7dc47b03792ac85317be51431a3f9e01dcafce317ed736a391b0,00000000000000000000000000000000,,,,,False,,,,,,,,,,False,False
/a/0/3/4,/a/0/3/4!/member_00213,0,/a/0/3/4,163,213,,13488,13532,9372,9416,44,85759b3811ff7dc47b03792ac85317be51431a3f9e01dcafce317ed736a391b0,00000000000000000000000000000000,,,,,False,,,,,,,,,,False,False
/a/0/3/4,/a/0/3/4!/member_00214,0,/a/0/3/4,163,214,,13532,13576,9416,9460,44,85759b3811ff7dc47b03792ac85317be51431a3f9e01dcafce317ed736a391b0,00000000000000000000000000000000,,,,,False,,,,,,,,,,False,False
/a/0/3/4,/a/0/3/4!/member_00215,0,/a/0/3/4,163,215,,13576,13620,9460,9504,44,eb1a6169f9099e28e534408a5d3566a755850af93d2b2a3f370c25bd09107f65,13004601cd0100000000000000000000,,,,,False,,,,,,,,,,False,False
/a/0/3/4,/a/0/3/4!/member_00216,0,/a/0/3/4,163,216,,13620,13664,9504,9548,44,78f2a65ce1433bb1bf21a3022adad5a4047e7ca412da0f98504e7f0a22eb6a83,04001e00d90000000000000000000000,,,,,False,,,,,,,,,,False,False
/a/0/3/4,/a/0/3/4!/member_00217,0,/a/0/3/4,163,217,,13664,13708,9548,9592,44,85759b3811ff7dc47b03792ac85317be51431a3f9e01dcafce317ed736a391b0,00000000000000000000000000000000,,,,,False,,,,,,,,,,False,False
/a/0/3/4,/a/0/3/4!/member_00218,0,/a/0/3/4,163,218,,13708,13752,9592,9636,44,4cffb9f85200d312acbd23f3521e18578f97b532110e97a8ea849c6e994ea13a,04002600db0000000000000000000000,,,,,False,,,,,,,,,,False,False
/a/0/3/4,/a/0/3/4!/member_00219,0,/a/0/3/4,163,219,,13752,13796,9636,9680,44,85759b3811ff7dc47b03792ac85317be51431a3f9e01dcafce317ed736a391b0,00000000000000000000000000000000,,,,,False,,,,,,,,,,False,False
/a/0/3/4,/a/0/3/4!/member_00220,0,/a/0/3/4,163,220,,13796,13840,9680,9724,44,95b9554cdbe048b10ecea5a2f53c117bd14d9483c0209c2242d7c21bef16ff9b,04002100dd0000000000000000000000,,,,,False,,,,,,,,,,False,False
/a/0/3/4,/a/0/3/4!/member_00221,0,/a/0/3/4,163,221,,13840,13884,9724,9768,44,5d0b92a268859f946f36cb83e3532c6b08c22282973bdad0bc49c86e3371cb36,1400f600d90100000000000000000000,,,,,False,,,,,,,,,,False,False
/a/0/3/4,/a/0/3/4!/member_00222,0,/a/0/3/4,163,222,,13884,13928,9768,9812,44,85759b3811ff7dc47b03792ac85317be51431a3f9e01dcafce317ed736a391b0,00000000000000000000000000000000,,,,,False,,,,,,,,,,False,False
/a/0/3/4,/a/0/3/4!/member_00223,0,/a/0/3/4,163,223,,13928,13972,9812,9856,44,01501484cc386d1cd7716b750780e6feb42b8630173147b1c986ef2215c0e5fc,04001900e00000000000000000000000,,,,,False,,,,,,,,,,False,False
/a/0/3/4,/a/0/3/4!/member_00224,0,/a/0/3/4,163,224,,13972,14016,9856,9900,44,85759b3811ff7dc47b03792ac85317be51431a3f9e01dcafce317ed736a391b0,00000000000000000000000000000000,,,,,False,,,,,,,,,,False,False
/a/0/3/4,/a/0/3/4!/member_00225,0,/a/0/3/4,163,225,,14016,14060,9900,9944,44,85759b3811ff7dc47b03792ac85317be51431a3f9e01dcafce317ed736a391b0,00000000000000000000000000000000,,,,,False,,,,,,,,,,False,False
/a/0/3/4,/a/0/3/4!/member_00226,0,/a/0/3/4,163,226,,14060,14104,9944,9988,44,85759b3811ff7dc47b03792ac85317be51431a3f9e01dcafce317ed736a391b0,00000000000000000000000000000000,,,,,False,,,,,,,,,,False,False
/a/0/3/4,/a/0/3/4!/member_00227,0,/a/0/3/4,163,227,,14104,14148,9988,10032,44,85759b3811ff7dc47b03792ac85317be51431a3f9e01dcafce317ed736a391b0,00000000000000000000000000000000,,,,,False,,,,,,,,,,False,False
/a/0/3/4,/a/0/3/4!/member_00228,0,/a/0/3/4,163,228,,14148,14192,10032,10076,44,44016d4bcaab523ae49adaaccb0c42c197c7bce390851c3694d6549891cdce0c,04001800e50000000000000000000000,,,,,False,,,,,,,,,,False,False
/a/0/3/4,/a/0/3/4!/member_00229,0,/a/0/3/4,163,229,,14192,14236,10076,10120,44,85759b3811ff7dc47b03792ac85317be51431a3f9e01dcafce317ed736a391b0,00000000000000000000000000000000,,,,,False,,,,,,,,,,False,False
/a/0/3/4,/a/0/3/4!/member_00230,0,/a/0/3/4,163,230,,14236,14280,10120,10164,44,85759b3811ff7dc47b03792ac85317be51431a3f9e01dcafce317ed736a391b0,00000000000000000000000000000000,,,,,False,,,,,,,,,,False,False
/a/0/3/4,/a/0/3/4!/member_00231,0,/a/0/3/4,163,231,,14280,14324,10164,10208,44,c80c704d20e5d83d687183796439a0642cd82007bf1fc856ad286731b21bdc1e,04001900e80000000000000000000000,,,,,False,,,,,,,,,,False,False
/a/0/3/4,/a/0/3/4!/member_00232,0,/a/0/3/4,163,232,,14324,14368,10208,10252,44,85759b3811ff7dc47b03792ac85317be51431a3f9e01dcafce317ed736a391b0,00000000000000000000000000000000,,,,,False,,,,,,,,,,False,False
/a/0/3/4,/a/0/3/4!/member_00233,0,/a/0/3/4,163,233,,14368,14412,10252,10296,44,d3563ab3b1580309d7d5a63a2d4c198c7d821a4dfc58b0bff23c24ccc505af89,06004401da0100000000000000000000,,,,,False,,,,,,,,,,False,False
/a/0/3/4,/a/0/3/4!/member_00234,0,/a/0/3/4,163,234,,14412,14456,10296,10340,44,85759b3811ff7dc47b03792ac85317be51431a3f9e01dcafce317ed736a391b0,00000000000000000000000000000000,,,,,False,,,,,,,,,,False,False
/a/0/3/4,/a/0/3/4!/member_00235,0,/a/0/3/4,163,235,,14456,14500,10340,10384,44,85759b3811ff7dc47b03792ac85317be51431a3f9e01dcafce317ed736a391b0,00000000000000000000000000000000,,,,,False,,,,,,,,,,False,False
/a/0/3/4,/a/0/3/4!/member_00236,0,/a/0/3/4,163,236,,14500,14544,10384,10428,44,f400084bb5a1ca2d650458b4bc05769723bc5204ffe529d884d011b2f03507bd,0a0014006b00080014006a0009001400,,,,,False,,,,,,,,,,False,False
/a/0/3/4,/a/0/3/4!/member_00237,0,/a/0/3/4,163,237,,14544,14588,10428,10472,44,85759b3811ff7dc47b03792ac85317be51431a3f9e01dcafce317ed736a391b0,00000000000000000000000000000000,,,,,False,,,,,,,,,,False,False
/a/0/3/4,/a/0/3/4!/member_00238,0,/a/0/3/4,163,238,,14588,14632,10472,10516,44,1659967d7fd7f54a0f3a7e32b32b02f93e6d9973c9c26566169b55785dab5390,04001e007c0000000000000000000000,,,,,False,,,,,,,,,,False,False
/a/0/3/4,/a/0/3/4!/member_00239,0,/a/0/3/4,163,239,,14632,14676,10516,10560,44,eceddd0e5e8778e65b7c576457f02d92c915a782953b47f4dde4de6c62191c8a,04001e007d0000000000000000000000,,,,,False,,,,,,,,,,False,False
/a/0/3/4,/a/0/3/4!/member_00240,0,/a/0/3/4,163,240,,14676,14720,10560,10604,44,006aaabce5c470b3518cec334126c2b8dff6021f35a96f23959f34d3b8637847,04001e007e0000000000000000000000,,,,,False,,,,,,,,,,False,False
/a/0/3/4,/a/0/3/4!/member_00241,0,/a/0/3/4,163,241,,14720,14764,10604,10648,44,85759b3811ff7dc47b03792ac85317be51431a3f9e01dcafce317ed736a391b0,00000000000000000000000000000000,,,,,False,,,,,,,,,,False,False
/a/0/3/4,/a/0/3/4!/member_00242,0,/a/0/3/4,163,242,,14764,14808,10648,10692,44,85759b3811ff7dc47b03792ac85317be51431a3f9e01dcafce317ed736a391b0,00000000000000000000000000000000,,,,,False,,,,,,,,,,False,False
/a/0/3/4,/a/0/3/4!/member_00243,0,/a/0/3/4,163,243,,14808,14852,10692,10736,44,85759b3811ff7dc47b03792ac85317be51431a3f9e01dcafce317ed736a391b0,00000000000000000000000000000000,,,,,False,,,,,,,,,,False,False
/a/0/3/4,/a/0/3/4!/member_00244,0,/a/0/3/4,163,244,,14852,14896,10736,10780,44,85759b3811ff7dc47b03792ac85317be51431a3f9e01dcafce317ed736a391b0,00000000000000000000000000000000,,,,,False,,,,,,,,,,False,False
/a/0/3/4,/a/0/3/4!/member_00245,0,/a/0/3/4,163,245,,14896,14940,10780,10824,44,85759b3811ff7dc47b03792ac85317be51431a3f9e01dcafce317ed736a391b0,00000000000000000000000000000000,,,,,False,,,,,,,,,,False,False
/a/0/3/4,/a/0/3/4!/member_00246,0,/a/0/3/4,163,246,,14940,14984,10824,10868,44,5f3b254ea204f9b45ee234042aea34578b0b3ad3032cff16587e79b19d6f5b33,04001e00f70000000000000000000000,,,,,False,,,,,,,,,,False,False
/a/0/3/4,/a/0/3/4!/member_00247,0,/a/0/3/4,163,247,,14984,15028,10868,10912,44,49de08b890b63f7603e931ff9a3ace7a63ef1b8f5a75746956577914113e245b,04003700f80000000000000000000000,,,,,False,,,,,,,,,,False,False
/a/0/3/4,/a/0/3/4!/member_00248,0,/a/0/3/4,163,248,,15028,15072,10912,10956,44,85759b3811ff7dc47b03792ac85317be51431a3f9e01dcafce317ed736a391b0,00000000000000000000000000000000,,,,,False,,,,,,,,,,False,False
/a/0/3/4,/a/0/3/4!/member_00249,0,/a/0/3/4,163,249,,15072,15116,10956,11000,44,85759b3811ff7dc47b03792ac85317be51431a3f9e01dcafce317ed736a391b0,00000000000000000000000000000000,,,,,False,,,,,,,,,,False,False
/a/0/3/4,/a/0/3/4!/member_00250,0,/a/0/3/4,163,250,,15116,15160,11000,11044,44,85759b3811ff7dc47b03792ac85317be51431a3f9e01dcafce317ed736a391b0,00000000000000000000000000000000,,,,,False,,,,,,,,,,False,False
/a/0/3/4,/a/0/3/4!/member_00251,0,/a/0/3/4,163,251,,15160,15204,11044,11088,44,85759b3811ff7dc47b03792ac85317be51431a3f9e01dcafce317ed736a391b0,00000000000000000000000000000000,,,,,False,,,,,,,,,,False,False
/a/0/3/4,/a/0/3/4!/member_00252,0,/a/0/3/4,163,252,,15204,15248,11088,11132,44,a9bc70342047edc01470d52567757e165ceb625aaf6bbd53be817466856d5f44,04001000fd0000000000000000000000,,,,,False,,,,,,,,,,False,False
/a/0/3/4,/a/0/3/4!/member_00253,0,/a/0/3/4,163,253,,15248,15292,11132,11176,44,e9d297bdf4ed2a4e3860507be79b310302c59f67eee7d5e23be0d8e397cdafc3,04002400fe0000000000000000000000,,,,,False,,,,,,,,,,False,False
/a/0/3/4,/a/0/3/4!/member_00254,0,/a/0/3/4,163,254,,15292,15336,11176,11220,44,85759b3811ff7dc47b03792ac85317be51431a3f9e01dcafce317ed736a391b0,00000000000000000000000000000000,,,,,False,,,,,,,,,,False,False
/a/0/3/4,/a/0/3/4!/member_00255,0,/a/0/3/4,163,255,,15336,15380,11220,11264,44,efa86558dc2b70eb538b030577d5d6c79d5325884082795af9b5d169806859c3,04001000000100000000000000000000,,,,,False,,,,,,,,,,False,False
/a/0/3/4,/a/0/3/4!/member_00256,0,/a/0/3/4,163,256,,15380,15424,11264,11308,44,00c0533d4363c28a4782939ff63cd775eaf13ba9c40de8ec73c9bbc1b34274d2,04002400010100000000000000000000,,,,,False,,,,,,,,,,False,False
/a/0/3/4,/a/0/3/4!/member_00257,0,/a/0/3/4,163,257,,15424,15468,11308,11352,44,85759b3811ff7dc47b03792ac85317be51431a3f9e01dcafce317ed736a391b0,00000000000000000000000000000000,,,,,False,,,,,,,,,,False,False
/a/0/3/4,/a/0/3/4!/member_00258,0,/a/0/3/4,163,258,,15468,15512,11352,11396,44,fa03f389f6057b4ab80f1defea22824ef04ecd9c2c7044ed1b83409196c89dfc,04001000030100000000000000000000,,,,,False,,,,,,,,,,False,False
/a/0/3/4,/a/0/3/4!/member_00259,0,/a/0/3/4,163,259,,15512,15556,11396,11440,44,f2303eec47118599a9cd8bde0033f1ee4256ac34dde27b920cbfec9123b6b31c,04002400040100000000000000000000,,,,,False,,,,,,,,,,False,False
/a/0/3/4,/a/0/3/4!/member_00260,0,/a/0/3/4,163,260,,15556,15600,11440,11484,44,85759b3811ff7dc47b03792ac85317be51431a3f9e01dcafce317ed736a391b0,00000000000000000000000000000000,,,,,False,,,,,,,,,,False,False
/a/0/3/4,/a/0/3/4!/member_00261,0,/a/0/3/4,163,261,,15600,15644,11484,11528,44,ff39d29879df13c91617903e62bdbd83e577514050a451d76eab5723e722c8b6,04001200060100000000000000000000,,,,,False,,,,,,,,,,False,False
/a/0/3/4,/a/0/3/4!/member_00262,0,/a/0/3/4,163,262,,15644,15688,11528,11572,44,85759b3811ff7dc47b03792ac85317be51431a3f9e01dcafce317ed736a391b0,00000000000000000000000000000000,,,,,False,,,,,,,,,,False,False
/a/0/3/4,/a/0/3/4!/member_00263,0,/a/0/3/4,163,263,,15688,15732,11572,11616,44,604f21acdbe3fd7963f26fa3f509aa0c2f2a44e4bc56e547cb4662a31669dd12,04001400080100000000000000000000,,,,,False,,,,,,,,,,False,False
/a/0/3/4,/a/0/3/4!/member_00264,0,/a/0/3/4,163,264,,15732,15776,11616,11660,44,85759b3811ff7dc47b03792ac85317be51431a3f9e01dcafce317ed736a391b0,00000000000000000000000000000000,,,,,False,,,,,,,,,,False,False
/a/0/3/4,/a/0/3/4!/member_00265,0,/a/0/3/4,163,265,,15776,15820,11660,11704,44,070f4f38258cfb61527721fa7fd22741a5a4508e0f85291f2651576729589695,0b0007000a010c0007000c0100000000,,,,,False,,,,,,,,,,False,False
/a/0/3/4,/a/0/3/4!/member_00266,0,/a/0/3/4,163,266,,15820,15864,11704,11748,44,1d36d64eaeb4a424b7c033ed544b4283ac3677d9cf7bec1e6bd296f7cf55aba1,04000a000b0100000000000000000000,,,,,False,,,,,,,,,,False,False
/a/0/3/4,/a/0/3/4!/member_00267,0,/a/0/3/4,163,267,,15864,15908,11748,11792,44,85759b3811ff7dc47b03792ac85317be51431a3f9e01dcafce317ed736a391b0,00000000000000000000000000000000,,,,,False,,,,,,,,,,False,False
/a/0/3/4,/a/0/3/4!/member_00268,0,/a/0/3/4,163,268,,15908,15952,11792,11836,44,86eb3573019c3fc963e5d6e3b16e3f996e99da53bb4b1eb93a11a206a1140b7c,04000a000d0100000000000000000000,,,,,False,,,,,,,,,,False,False
/a/0/3/4,/a/0/3/4!/member_00269,0,/a/0/3/4,163,269,,15952,15996,11836,11880,44,85759b3811ff7dc47b03792ac85317be51431a3f9e01dcafce317ed736a391b0,00000000000000000000000000000000,,,,,False,,,,,,,,,,False,False
/a/0/3/4,/a/0/3/4!/member_00270,0,/a/0/3/4,163,270,,15996,16040,11880,11924,44,f44c39ad016a8ad3532b194f32593a748152db6813ea08fff6e482538485f0ce,04000e000f0100000000000000000000,,,,,False,,,,,,,,,,False,False
/a/0/3/4,/a/0/3/4!/member_00271,0,/a/0/3/4,163,271,,16040,16084,11924,11968,44,6aa172529f4243d376fc313a1cf197e8926970eb4f767a880e5b043485aa11af,07005400100100000000000000000000,,,,,False,,,,,,,,,,False,False
/a/0/3/4,/a/0/3/4!/member_00272,0,/a/0/3/4,163,272,,16084,16128,11968,12012,44,85759b3811ff7dc47b03792ac85317be51431a3f9e01dcafce317ed736a391b0,00000000000000000000000000000000,,,,,False,,,,,,,,,,False,False
/a/0/3/4,/a/0/3/4!/member_00273,0,/a/0/3/4,163,273,,16128,16172,12012,12056,44,437ca446175e7fad555f3b59aa4df675e0b0575ab18f1baa16109f47f1118cf4,04000e00120100000000000000000000,,,,,False,,,,,,,,,,False,False
/a/0/3/4,/a/0/3/4!/member_00274,0,/a/0/3/4,163,274,,16172,16216,12056,12100,44,91ce6cb040c52c24f10459e2acc157092427f23d27d67b0fa6491b275f7e855e,07005500130100000000000000000000,,,,,False,,,,,,,,,,False,False
/a/0/3/4,/a/0/3/4!/member_00275,0,/a/0/3/4,163,275,,16216,16260,12100,12144,44,85759b3811ff7dc47b03792ac85317be51431a3f9e01dcafce317ed736a391b0,00000000000000000000000000000000,,,,,False,,,,,,,,,,False,False
/a/0/3/4,/a/0/3/4!/member_00276,0,/a/0/3/4,163,276,,16260,16304,12144,12188,44,39c892bb61d092459c9c9ae685163266d5610ccdadd0c249e823ad9ec024bf14,04001600150100000000000000000000,,,,,False,,,,,,,,,,False,False
/a/0/3/4,/a/0/3/4!/member_00277,0,/a/0/3/4,163,277,,16304,16348,12188,12232,44,85759b3811ff7dc47b03792ac85317be51431a3f9e01dcafce317ed736a391b0,00000000000000000000000000000000,,,,,False,,,,,,,,,,False,False
/a/0/3/4,/a/0/3/4!/member_00278,0,/a/0/3/4,163,278,,16348,16392,12232,12276,44,ebaef28b0689d627e47a56b1d840e942546c9fa68984fe023edf287fbbaa9640,04001900170100000000000000000000,,,,,False,,,,,,,,,,False,False
/a/0/3/4,/a/0/3/4!/member_00279,0,/a/0/3/4,163,279,,16392,16436,12276,12320,44,85759b3811ff7dc47b03792ac85317be51431a3f9e01dcafce317ed736a391b0,00000000000000000000000000000000,,,,,False,,,,,,,,,,False,False
/a/0/3/4,/a/0/3/4!/member_00280,0,/a/0/3/4,163,280,,16436,16480,12320,12364,44,38153cf3a3d5c3019d44e0dc7dc613cf974f691cd45f04c025422e935076697d,04001400190100000000000000000000,,,,,False,,,,,,,,,,False,False
/a/0/3/4,/a/0/3/4!/member_00281,0,/a/0/3/4,163,281,,16480,16524,12364,12408,44,d97a5ce38d01a78564e834a37fd9e6e64cd8f92ace0bb04423deca47e52ab4e1,04001e001a0110006d00db0100000000,,,,,False,,,,,,,,,,False,False
/a/0/3/4,/a/0/3/4!/member_00282,0,/a/0/3/4,163,282,,16524,16568,12408,12452,44,85759b3811ff7dc47b03792ac85317be51431a3f9e01dcafce317ed736a391b0,00000000000000000000000000000000,,,,,False,,,,,,,,,,False,False
/a/0/3/4,/a/0/3/4!/member_00283,0,/a/0/3/4,163,283,,16568,16612,12452,12496,44,a7d0c7b45ccdbc7e665904b3c067369daf88ef0060f0df8cd1497b40ad540152,040016001c0100000000000000000000,,,,,False,,,,,,,,,,False,False
/a/0/3/4,/a/0/3/4!/member_00284,0,/a/0/3/4,163,284,,16612,16656,12496,12540,44,85759b3811ff7dc47b03792ac85317be51431a3f9e01dcafce317ed736a391b0,00000000000000000000000000000000,,,,,False,,,,,,,,,,False,False
/a/0/3/4,/a/0/3/4!/member_00285,0,/a/0/3/4,163,285,,16656,16700,12540,12584,44,113691ba06e84d55e552944c0dca9019faf5a26e65bc36220dc5bc3ce8553fb8,040017001e0100000000000000000000,,,,,False,,,,,,,,,,False,False
/a/0/3/4,/a/0/3/4!/member_00286,0,/a/0/3/4,163,286,,16700,16744,12584,12628,44,85759b3811ff7dc47b03792ac85317be51431a3f9e01dcafce317ed736a391b0,00000000000000000000000000000000,,,,,False,,,,,,,,,,False,False
/a/0/3/4,/a/0/3/4!/member_00287,0,/a/0/3/4,163,287,,16744,16788,12628,12672,44,1c74bfdf637b8ed5a7595c192e25546dcb888cc89aa47756825eaab3e299c158,04001200200100000000000000000000,,,,,False,,,,,,,,,,False,False
/a/0/3/4,/a/0/3/4!/member_00288,0,/a/0/3/4,163,288,,16788,16832,12672,12716,44,2a0b17692db20c1596f1428d3675d496fb29aa231569f621540c016144900ec5,04002400210100000000000000000000,,,,,False,,,,,,,,,,False,False
/a/0/3/4,/a/0/3/4!/member_00289,0,/a/0/3/4,163,289,,16832,16876,12716,12760,44,85759b3811ff7dc47b03792ac85317be51431a3f9e01dcafce317ed736a391b0,00000000000000000000000000000000,,,,,False,,,,,,,,,,False,False
/a/0/3/4,/a/0/3/4!/member_00290,0,/a/0/3/4,163,290,,16876,16920,12760,12804,44,9b780804d50ba96af3de7790904ec798b0eb95378539f14fc67837b46f30f42d,0d00140023010e001400240100000000,,,,,False,,,,,,,,,,False,False
/a/0/3/4,/a/0/3/4!/member_00291,0,/a/0/3/4,163,291,,16920,16964,12804,12848,44,85759b3811ff7dc47b03792ac85317be51431a3f9e01dcafce317ed736a391b0,00000000000000000000000000000000,,,,,False,,,,,,,,,,False,False
/a/0/3/4,/a/0/3/4!/member_00292,0,/a/0/3/4,163,292,,16964,17008,12848,12892,44,85759b3811ff7dc47b03792ac85317be51431a3f9e01dcafce317ed736a391b0,00000000000000000000000000000000,,,,,False,,,,,,,,,,False,False
/a/0/3/4,/a/0/3/4!/member_00293,0,/a/0/3/4,163,293,,17008,17052,12892,12936,44,b5a3b37b47030938709d36a59d16463d7076599d986e979bdb1710e9fa6cfe9a,04001400260100000000000000000000,,,,,False,,,,,,,,,,False,False
/a/0/3/4,/a/0/3/4!/member_00294,0,/a/0/3/4,163,294,,17052,17096,12936,12980,44,5f74fb080f65f845a1e8524223746e421671a747fc0346cae3843cea399b8ba7,04002800270100000000000000000000,,,,,False,,,,,,,,,,False,False
/a/0/3/4,/a/0/3/4!/member_00295,0,/a/0/3/4,163,295,,17096,17140,12980,13024,44,85759b3811ff7dc47b03792ac85317be51431a3f9e01dcafce317ed736a391b0,00000000000000000000000000000000,,,,,False,,,,,,,,,,False,False
/a/0/3/4,/a/0/3/4!/member_00296,0,/a/0/3/4,163,296,,17140,17184,13024,13068,44,1c6339bd4394f344488520e73c312a5ada0f2966a9f1a0df2b99fe3517af62b4,04001800290100000000000000000000,,,,,False,,,,,,,,,,False,False
/a/0/3/4,/a/0/3/4!/member_00297,0,/a/0/3/4,163,297,,17184,17228,13068,13112,44,85759b3811ff7dc47b03792ac85317be51431a3f9e01dcafce317ed736a391b0,00000000000000000000000000000000,,,,,False,,,,,,,,,,False,False
/a/0/3/4,/a/0/3/4!/member_00298,0,/a/0/3/4,163,298,,17228,17272,13112,13156,44,4a3468b6edf96147eebbe5ba1ffbafe0e53bcd235b039ef4781cccad58dbc4d6,01000000b70000000000000000000000,,,,,False,,,,,,,,,,False,False
/a/0/3/4,/a/0/3/4!/member_00299,0,/a/0/3/4,163,299,,17272,17316,13156,13200,44,7adc6965403740d0a48621e2e03e9d81c3c23fd882b06a31908f1bf1d33b214e,18000000dc0100000000000000000000,,,,,False,,,,,,,,,,False,False
/a/0/3/4,/a/0/3/4!/member_00300,0,/a/0/3/4,163,300,,17316,17360,13200,13244,44,ee38892e68740efe85d656d879886bedf96e609b6b4255a8ad156d12795d6cd7,070051002d0100000000000000000000,,,,,False,,,,,,,,,,False,False
/a/0/3/4,/a/0/3/4!/member_00301,0,/a/0/3/4,163,301,,17360,17404,13244,13288,44,85759b3811ff7dc47b03792ac85317be51431a3f9e01dcafce317ed736a391b0,00000000000000000000000000000000,,,,,False,,,,,,,,,,False,False
/a/0/3/4,/a/0/3/4!/member_00302,0,/a/0/3/4,163,302,,17404,17448,13288,13332,44,85759b3811ff7dc47b03792ac85317be51431a3f9e01dcafce317ed736a391b0,00000000000000000000000000000000,,,,,False,,,,,,,,,,False,False
/a/0/3/4,/a/0/3/4!/member_00303,0,/a/0/3/4,163,303,,17448,17492,13332,13376,44,85759b3811ff7dc47b03792ac85317be51431a3f9e01dcafce317ed736a391b0,00000000000000000000000000000000,,,,,False,,,,,,,,,,False,False
/a/0/3/4,/a/0/3/4!/member_00304,0,/a/0/3/4,163,304,,17492,17536,13376,13420,44,cd503ab861aad8e6c88902bf243506d95c95227e21e5384707d832a119bb27e4,04002000310100000000000000000000,,,,,False,,,,,,,,,,False,False
/a/0/3/4,/a/0/3/4!/member_00305,0,/a/0/3/4,163,305,,17536,17580,13420,13464,44,28d5f7353f181d3c5c200dc27df1883f2b4946d20b203baf18f09fdee1e3870f,04002a00320100000000000000000000,,,,,False,,,,,,,,,,False,False
/a/0/3/4,/a/0/3/4!/member_00306,0,/a/0/3/4,163,306,,17580,17624,13464,13508,44,85759b3811ff7dc47b03792ac85317be51431a3f9e01dcafce317ed736a391b0,00000000000000000000000000000000,,,,,False,,,,,,,,,,False,False
/a/0/3/4,/a/0/3/4!/member_00307,0,/a/0/3/4,163,307,,17624,17668,13508,13552,44,c0632a1fdc94dc801b3d9c6eb9d3324380ea7e524bde872e8cce1a1bf901c61d,04002500340100000000000000000000,,,,,False,,,,,,,,,,False,False
/a/0/3/4,/a/0/3/4!/member_00308,0,/a/0/3/4,163,308,,17668,17712,13552,13596,44,85759b3811ff7dc47b03792ac85317be51431a3f9e01dcafce317ed736a391b0,00000000000000000000000000000000,,,,,False,,,,,,,,,,False,False
/a/0/3/4,/a/0/3/4!/member_00309,0,/a/0/3/4,163,309,,17712,17756,13596,13640,44,89ea1775469a04c13366388bb9a02ad96b5c030748018cb3614a903f906cb7d7,04001a00360100000000000000000000,,,,,False,,,,,,,,,,False,False
/a/0/3/4,/a/0/3/4!/member_00310,0,/a/0/3/4,163,310,,17756,17800,13640,13684,44,85759b3811ff7dc47b03792ac85317be51431a3f9e01dcafce317ed736a391b0,00000000000000000000000000000000,,,,,False,,,,,,,,,,False,False
/a/0/3/4,/a/0/3/4!/member_00311,0,/a/0/3/4,163,311,,17800,17844,13684,13728,44,85759b3811ff7dc47b03792ac85317be51431a3f9e01dcafce317ed736a391b0,00000000000000000000000000000000,,,,,False,,,,,,,,,,False,False
/a/0/3/4,/a/0/3/4!/member_00312,0,/a/0/3/4,163,312,,17844,17888,13728,13772,44,85759b3811ff7dc47b03792ac85317be51431a3f9e01dcafce317ed736a391b0,00000000000000000000000000000000,,,,,False,,,,,,,,,,False,False
/a/0/3/4,/a/0/3/4!/member_00313,0,/a/0/3/4,163,313,,17888,17932,13772,13816,44,85759b3811ff7dc47b03792ac85317be51431a3f9e01dcafce317ed736a391b0,00000000000000000000000000000000,,,,,False,,,,,,,,,,False,False
/a/0/3/4,/a/0/3/4!/member_00314,0,/a/0/3/4,163,314,,17932,17976,13816,13860,44,85759b3811ff7dc47b03792ac85317be51431a3f9e01dcafce317ed736a391b0,00000000000000000000000000000000,,,,,False,,,,,,,,,,False,False
/a/0/3/4,/a/0/3/4!/member_00315,0,/a/0/3/4,163,315,,17976,18020,13860,13904,44,03f7a7a1e6546371523959755f44ae8d4d6ed37e8ee48985fcb876b04bbf6b5c,07006b00970100000000000000000000,,,,,False,,,,,,,,,,False,False
/a/0/3/4,/a/0/3/4!/member_00316,0,/a/0/3/4,163,316,,18020,18064,13904,13948,44,527f088ae6712771ead74f8fe55cd64746ce433b668d86cc82c2d86235728080,04001a003d0100000000000000000000,,,,,False,,,,,,,,,,False,False
/a/0/3/4,/a/0/3/4!/member_00317,0,/a/0/3/4,163,317,,18064,18108,13948,13992,44,85759b3811ff7dc47b03792ac85317be51431a3f9e01dcafce317ed736a391b0,00000000000000000000000000000000,,,,,False,,,,,,,,,,False,False
/a/0/3/4,/a/0/3/4!/member_00318,0,/a/0/3/4,163,318,,18108,18152,13992,14036,44,db1852a20d1151741fc003027a4b7dcf1e366dd1bce117d115b7436c372d2e17,04001e003f0100000000000000000000,,,,,False,,,,,,,,,,False,False
/a/0/3/4,/a/0/3/4!/member_00319,0,/a/0/3/4,163,319,,18152,18196,14036,14080,44,85759b3811ff7dc47b03792ac85317be51431a3f9e01dcafce317ed736a391b0,00000000000000000000000000000000,,,,,False,,,,,,,,,,False,False
/a/0/3/4,/a/0/3/4!/member_00320,0,/a/0/3/4,163,320,,18196,18240,14080,14124,44,675a14eefd031b4e863ef714ed8462ea20bc0e7d23f1e5631104d79667d0ea90,04002800410100000000000000000000,,,,,False,,,,,,,,,,False,False
/a/0/3/4,/a/0/3/4!/member_00321,0,/a/0/3/4,163,321,,18240,18284,14124,14168,44,85759b3811ff7dc47b03792ac85317be51431a3f9e01dcafce317ed736a391b0,00000000000000000000000000000000,,,,,False,,,,,,,,,,False,False
/a/0/3/4,/a/0/3/4!/member_00322,0,/a/0/3/4,163,322,,18284,18328,14168,14212,44,fb8dcc661f66cdfd8bc8c90c97cb815c21cb6980b0e20775637cebe5218176a6,04002100430100000000000000000000,,,,,False,,,,,,,,,,False,False
/a/0/3/4,/a/0/3/4!/member_00323,0,/a/0/3/4,163,323,,18328,18372,14212,14256,44,85759b3811ff7dc47b03792ac85317be51431a3f9e01dcafce317ed736a391b0,00000000000000000000000000000000,,,,,False,,,,,,,,,,False,False
/a/0/3/4,/a/0/3/4!/member_00324,0,/a/0/3/4,163,324,,18372,18416,14256,14300,44,85759b3811ff7dc47b03792ac85317be51431a3f9e01dcafce317ed736a391b0,00000000000000000000000000000000,,,,,False,,,,,,,,,,False,False
/a/0/3/4,/a/0/3/4!/member_00325,0,/a/0/3/4,163,325,,18416,18460,14300,14344,44,2f82096c93155abc89105b99b9f09080f4e435ef86603282cb45db3b2eb716c8,04002000460100000000000000000000,,,,,False,,,,,,,,,,False,False
/a/0/3/4,/a/0/3/4!/member_00326,0,/a/0/3/4,163,326,,18460,18504,14344,14388,44,85759b3811ff7dc47b03792ac85317be51431a3f9e01dcafce317ed736a391b0,00000000000000000000000000000000,,,,,False,,,,,,,,,,False,False
/a/0/3/4,/a/0/3/4!/member_00327,0,/a/0/3/4,163,327,,18504,18548,14388,14432,44,85759b3811ff7dc47b03792ac85317be51431a3f9e01dcafce317ed736a391b0,00000000000000000000000000000000,,,,,False,,,,,,,,,,False,False
/a/0/3/4,/a/0/3/4!/member_00328,0,/a/0/3/4,163,328,,18548,18592,14432,14476,44,caf03af6b27d0ebe42bce000ae9d8cccc8fe9cb124b4a18d968d1edc1de7c270,04002300490100000000000000000000,,,,,False,,,,,,,,,,False,False
/a/0/3/4,/a/0/3/4!/member_00329,0,/a/0/3/4,163,329,,18592,18636,14476,14520,44,49ea89bc24f2449553de0b481e4160585cd8969b9108f13d0f5df3e61498d16a,04002d004a0100000000000000000000,,,,,False,,,,,,,,,,False,False
/a/0/3/4,/a/0/3/4!/member_00330,0,/a/0/3/4,163,330,,18636,18680,14520,14564,44,85759b3811ff7dc47b03792ac85317be51431a3f9e01dcafce317ed736a391b0,00000000000000000000000000000000,,,,,False,,,,,,,,,,False,False
/a/0/3/4,/a/0/3/4!/member_00331,0,/a/0/3/4,163,331,,18680,18724,14564,14608,44,20cf120d03e180d9755e60e88dff95af056e7d622d971e64c63f27d0988a854c,040020004c0100000000000000000000,,,,,False,,,,,,,,,,False,False
/a/0/3/4,/a/0/3/4!/member_00332,0,/a/0/3/4,163,332,,18724,18768,14608,14652,44,85759b3811ff7dc47b03792ac85317be51431a3f9e01dcafce317ed736a391b0,00000000000000000000000000000000,,,,,False,,,,,,,,,,False,False
/a/0/3/4,/a/0/3/4!/member_00333,0,/a/0/3/4,163,333,,18768,18812,14652,14696,44,f61a174f9f63994fa8cc63498935cd5aadfbe85c186dc77ec25c3337de22a695,040023004e0100000000000000000000,,,,,False,,,,,,,,,,False,False
/a/0/3/4,/a/0/3/4!/member_00334,0,/a/0/3/4,163,334,,18812,18856,14696,14740,44,85759b3811ff7dc47b03792ac85317be51431a3f9e01dcafce317ed736a391b0,00000000000000000000000000000000,,,,,False,,,,,,,,,,False,False
/a/0/3/4,/a/0/3/4!/member_00335,0,/a/0/3/4,163,335,,18856,18900,14740,14784,44,85759b3811ff7dc47b03792ac85317be51431a3f9e01dcafce317ed736a391b0,00000000000000000000000000000000,,,,,False,,,,,,,,,,False,False
/a/0/3/4,/a/0/3/4!/member_00336,0,/a/0/3/4,163,336,,18900,18944,14784,14828,44,85759b3811ff7dc47b03792ac85317be51431a3f9e01dcafce317ed736a391b0,00000000000000000000000000000000,,,,,False,,,,,,,,,,False,False
/a/0/3/4,/a/0/3/4!/member_00337,0,/a/0/3/4,163,337,,18944,18988,14828,14872,44,85759b3811ff7dc47b03792ac85317be51431a3f9e01dcafce317ed736a391b0,00000000000000000000000000000000,,,,,False,,,,,,,,,,False,False
/a/0/3/4,/a/0/3/4!/member_00338,0,/a/0/3/4,163,338,,18988,19032,14872,14916,44,85759b3811ff7dc47b03792ac85317be51431a3f9e01dcafce317ed736a391b0,00000000000000000000000000000000,,,,,False,,,,,,,,,,False,False
/a/0/3/4,/a/0/3/4!/member_00339,0,/a/0/3/4,163,339,,19032,19076,14916,14960,44,068e1b1bc44d43a91e78342b80656ee160c129fc2bacb1bcd647ba6ed0cf3e0f,04001e00540100000000000000000000,,,,,False,,,,,,,,,,False,False
/a/0/3/4,/a/0/3/4!/member_00340,0,/a/0/3/4,163,340,,19076,19120,14960,15004,44,85759b3811ff7dc47b03792ac85317be51431a3f9e01dcafce317ed736a391b0,00000000000000000000000000000000,,,,,False,,,,,,,,,,False,False
/a/0/3/4,/a/0/3/4!/member_00341,0,/a/0/3/4,163,341,,19120,19164,15004,15048,44,5bb54d312dfaaeb2ed5aa8ed341aab5ae384545d394341e9629d1e998d44eb3d,04001e00560100000000000000000000,,,,,False,,,,,,,,,,False,False
/a/0/3/4,/a/0/3/4!/member_00342,0,/a/0/3/4,163,342,,19164,19208,15048,15092,44,85759b3811ff7dc47b03792ac85317be51431a3f9e01dcafce317ed736a391b0,00000000000000000000000000000000,,,,,False,,,,,,,,,,False,False
/a/0/3/4,/a/0/3/4!/member_00343,0,/a/0/3/4,163,343,,19208,19252,15092,15136,44,e2e015036e185b222e01140e5412efe7084552e04a5b9b7e3aef2e30cbb5ab43,04002400580100000000000000000000,,,,,False,,,,,,,,,,False,False
/a/0/3/4,/a/0/3/4!/member_00344,0,/a/0/3/4,163,344,,19252,19296,15136,15180,44,85759b3811ff7dc47b03792ac85317be51431a3f9e01dcafce317ed736a391b0,00000000000000000000000000000000,,,,,False,,,,,,,,,,False,False
/a/0/3/4,/a/0/3/4!/member_00345,0,/a/0/3/4,163,345,,19296,19340,15180,15224,44,6babe3007147e419adbe83f218f23d0ce49fdd6298753290be296c020b51e469,040028005a0100000000000000000000,,,,,False,,,,,,,,,,False,False
/a/0/3/4,/a/0/3/4!/member_00346,0,/a/0/3/4,163,346,,19340,19384,15224,15268,44,85759b3811ff7dc47b03792ac85317be51431a3f9e01dcafce317ed736a391b0,00000000000000000000000000000000,,,,,False,,,,,,,,,,False,False
/a/0/3/4,/a/0/3/4!/member_00347,0,/a/0/3/4,163,347,,19384,19428,15268,15312,44,51d6ffe49d6b2c24547a138a86d077818ff229c3baa0ab087c843bed6e611a79,040028005c0100000000000000000000,,,,,False,,,,,,,,,,False,False
/a/0/3/4,/a/0/3/4!/member_00348,0,/a/0/3/4,163,348,,19428,19472,15312,15356,44,85759b3811ff7dc47b03792ac85317be51431a3f9e01dcafce317ed736a391b0,00000000000000000000000000000000,,,,,False,,,,,,,,,,False,False
/a/0/3/4,/a/0/3/4!/member_00349,0,/a/0/3/4,163,349,,19472,19516,15356,15400,44,c698513958db0dc0ee678cfb043c30339371bb4a2e869e30543b7a77e90730bc,0f00aa005e0100000000000000000000,,,,,False,,,,,,,,,,False,False
/a/0/3/4,/a/0/3/4!/member_00350,0,/a/0/3/4,163,350,,19516,19560,15400,15444,44,85759b3811ff7dc47b03792ac85317be51431a3f9e01dcafce317ed736a391b0,00000000000000000000000000000000,,,,,False,,,,,,,,,,False,False
/a/0/3/4,/a/0/3/4!/member_00351,0,/a/0/3/4,163,351,,19560,19604,15444,15488,44,85759b3811ff7dc47b03792ac85317be51431a3f9e01dcafce317ed736a391b0,00000000000000000000000000000000,,,,,False,,,,,,,,,,False,False
/a/0/3/4,/a/0/3/4!/member_00352,0,/a/0/3/4,163,352,,19604,19648,15488,15532,44,85759b3811ff7dc47b03792ac85317be51431a3f9e01dcafce317ed736a391b0,00000000000000000000000000000000,,,,,False,,,,,,,,,,False,False
/a/0/3/4,/a/0/3/4!/member_00353,0,/a/0/3/4,163,353,,19648,19692,15532,15576,44,e23680b77c02ad8d9caee8080227636067533ad4e8c7af8513dde5730b218791,04002500620100000000000000000000,,,,,False,,,,,,,,,,False,False
/a/0/3/4,/a/0/3/4!/member_00354,0,/a/0/3/4,163,354,,19692,19736,15576,15620,44,85759b3811ff7dc47b03792ac85317be51431a3f9e01dcafce317ed736a391b0,00000000000000000000000000000000,,,,,False,,,,,,,,,,False,False
/a/0/3/4,/a/0/3/4!/member_00355,0,/a/0/3/4,163,355,,19736,19780,15620,15664,44,8400547297dc5cfc3b2e6372b247bafe8f2eec6c61018fae0d0d2ccfbcd71451,04002500640100000000000000000000,,,,,False,,,,,,,,,,False,False
/a/0/3/4,/a/0/3/4!/member_00356,0,/a/0/3/4,163,356,,19780,19824,15664,15708,44,73f8b5432f11c03ccbf61594ba5f447f30492ed54543d33db743c30f6a976181,06004501dd0100000000000000000000,,,,,False,,,,,,,,,,False,False
/a/0/3/4,/a/0/3/4!/member_00357,0,/a/0/3/4,163,357,,19824,19868,15708,15752,44,85759b3811ff7dc47b03792ac85317be51431a3f9e01dcafce317ed736a391b0,00000000000000000000000000000000,,,,,False,,,,,,,,,,False,False
/a/0/3/4,/a/0/3/4!/member_00358,0,/a/0/3/4,163,358,,19868,19912,15752,15796,44,85759b3811ff7dc47b03792ac85317be51431a3f9e01dcafce317ed736a391b0,00000000000000000000000000000000,,,,,False,,,,,,,,,,False,False
/a/0/3/4,/a/0/3/4!/member_00359,0,/a/0/3/4,163,359,,19912,19956,15796,15840,44,85759b3811ff7dc47b03792ac85317be51431a3f9e01dcafce317ed736a391b0,00000000000000000000000000000000,,,,,False,,,,,,,,,,False,False
/a/0/3/4,/a/0/3/4!/member_00360,0,/a/0/3/4,163,360,,19956,20000,15840,15884,44,b7a670b66f8878503e8f8a185db45b8c550ba5f69bdb4cb8286ee445fac7dcba,04000f00ca0000000000000000000000,,,,,False,,,,,,,,,,False,False
/a/0/3/4,/a/0/3/4!/member_00361,0,/a/0/3/4,163,361,,20000,20044,15884,15928,44,787eef1377e1edd57b74786a5d35596e29d2afcf5cc7441cdb22f1980ff37a19,04002a006a0111006d00de0100000000,,,,,False,,,,,,,,,,False,False
/a/0/3/4,/a/0/3/4!/member_00362,0,/a/0/3/4,163,362,,20044,20088,15928,15972,44,85759b3811ff7dc47b03792ac85317be51431a3f9e01dcafce317ed736a391b0,00000000000000000000000000000000,,,,,False,,,,,,,,,,False,False
/a/0/3/4,/a/0/3/4!/member_00363,0,/a/0/3/4,163,363,,20088,20132,15972,16016,44,81eb0c7fbad7555655f10cac510db47e71985ed420ef654790d2b3ac2a7c361d,040020006c0100000000000000000000,,,,,False,,,,,,,,,,False,False
/a/0/3/4,/a/0/3/4!/member_00364,0,/a/0/3/4,163,364,,20132,20176,16016,16060,44,f788c58c34cfb7cbc2e665dd2618c886aa3de9d6a0ece7559b3109fa9f9ee0f7,04002c006d0100000000000000000000,,,,,False,,,,,,,,,,False,False
/a/0/3/4,/a/0/3/4!/member_00365,0,/a/0/3/4,163,365,,20176,20220,16060,16104,44,85759b3811ff7dc47b03792ac85317be51431a3f9e01dcafce317ed736a391b0,00000000000000000000000000000000,,,,,False,,,,,,,,,,False,False
/a/0/3/4,/a/0/3/4!/member_00366,0,/a/0/3/4,163,366,,20220,20264,16104,16148,44,6f800073c7de1e18d7703233f7455a54c616930dff4a5c32813822959be484f5,0600e2006f010600e300700100000000,,,,,False,,,,,,,,,,False,False
/a/0/3/4,/a/0/3/4!/member_00367,0,/a/0/3/4,163,367,,20264,20308,16148,16192,44,85759b3811ff7dc47b03792ac85317be51431a3f9e01dcafce317ed736a391b0,00000000000000000000000000000000,,,,,False,,,,,,,,,,False,False
/a/0/3/4,/a/0/3/4!/member_00368,0,/a/0/3/4,163,368,,20308,20352,16192,16236,44,85759b3811ff7dc47b03792ac85317be51431a3f9e01dcafce317ed736a391b0,00000000000000000000000000000000,,,,,False,,,,,,,,,,False,False
/a/0/3/4,/a/0/3/4!/member_00369,0,/a/0/3/4,163,369,,20352,20396,16236,16280,44,85759b3811ff7dc47b03792ac85317be51431a3f9e01dcafce317ed736a391b0,00000000000000000000000000000000,,,,,False,,,,,,,,,,False,False
/a/0/3/4,/a/0/3/4!/member_00370,0,/a/0/3/4,163,370,,20396,20440,16280,16324,44,85759b3811ff7dc47b03792ac85317be51431a3f9e01dcafce317ed736a391b0,00000000000000000000000000000000,,,,,False,,,,,,,,,,False,False
/a/0/3/4,/a/0/3/4!/member_00371,0,/a/0/3/4,163,371,,20440,20484,16324,16368,44,81c1293c0515f2e59be2e5bcf36f08516052693b82a2a25368fbe5351eba1694,04001e00740100000000000000000000,,,,,False,,,,,,,,,,False,False
/a/0/3/4,/a/0/3/4!/member_00372,0,/a/0/3/4,163,372,,20484,20528,16368,16412,44,6c5a4dd75ffd1ffec682029ba7ed0e6a2468dd9f97de7e37941dbd0c7ba3d47e,04003200750100000000000000000000,,,,,False,,,,,,,,,,False,False
/a/0/3/4,/a/0/3/4!/member_00373,0,/a/0/3/4,163,373,,20528,20572,16412,16456,44,85759b3811ff7dc47b03792ac85317be51431a3f9e01dcafce317ed736a391b0,00000000000000000000000000000000,,,,,False,,,,,,,,,,False,False
/a/0/3/4,/a/0/3/4!/member_00374,0,/a/0/3/4,163,374,,20572,20616,16456,16500,44,5b8018a806342ca1ecb76c43aa7fed3555f44b9e79b6167d221146ede89c26e4,04001400770100000000000000000000,,,,,False,,,,,,,,,,False,False
/a/0/3/4,/a/0/3/4!/member_00375,0,/a/0/3/4,163,375,,20616,20660,16500,16544,44,6258dd415c1f30d372309210664c7eb6de9dee954443337be8fb7f2027d61160,04002d00780100000000000000000000,,,,,False,,,,,,,,,,False,False
/a/0/3/4,/a/0/3/4!/member_00376,0,/a/0/3/4,163,376,,20660,20704,16544,16588,44,85759b3811ff7dc47b03792ac85317be51431a3f9e01dcafce317ed736a391b0,00000000000000000000000000000000,,,,,False,,,,,,,,,,False,False
/a/0/3/4,/a/0/3/4!/member_00377,0,/a/0/3/4,163,377,,20704,20748,16588,16632,44,85759b3811ff7dc47b03792ac85317be51431a3f9e01dcafce317ed736a391b0,00000000000000000000000000000000,,,,,False,,,,,,,,,,False,False
/a/0/3/4,/a/0/3/4!/member_00378,0,/a/0/3/4,163,378,,20748,20792,16632,16676,44,85759b3811ff7dc47b03792ac85317be51431a3f9e01dcafce317ed736a391b0,00000000000000000000000000000000,,,,,False,,,,,,,,,,False,False
/a/0/3/4,/a/0/3/4!/member_00379,0,/a/0/3/4,163,379,,20792,20836,16676,16720,44,85759b3811ff7dc47b03792ac85317be51431a3f9e01dcafce317ed736a391b0,00000000000000000000000000000000,,,,,False,,,,,,,,,,False,False
/a/0/3/4,/a/0/3/4!/member_00380,0,/a/0/3/4,163,380,,20836,20880,16720,16764,44,85759b3811ff7dc47b03792ac85317be51431a3f9e01dcafce317ed736a391b0,00000000000000000000000000000000,,,,,False,,,,,,,,,,False,False
/a/0/3/4,/a/0/3/4!/member_00381,0,/a/0/3/4,163,381,,20880,20924,16764,16808,44,85759b3811ff7dc47b03792ac85317be51431a3f9e01dcafce317ed736a391b0,00000000000000000000000000000000,,,,,False,,,,,,,,,,False,False
/a/0/3/4,/a/0/3/4!/member_00382,0,/a/0/3/4,163,382,,20924,20968,16808,16852,44,85759b3811ff7dc47b03792ac85317be51431a3f9e01dcafce317ed736a391b0,00000000000000000000000000000000,,,,,False,,,,,,,,,,False,False
/a/0/3/4,/a/0/3/4!/member_00383,0,/a/0/3/4,163,383,,20968,21012,16852,16896,44,85759b3811ff7dc47b03792ac85317be51431a3f9e01dcafce317ed736a391b0,00000000000000000000000000000000,,,,,False,,,,,,,,,,False,False
/a/0/3/4,/a/0/3/4!/member_00384,0,/a/0/3/4,163,384,,21012,21056,16896,16940,44,85759b3811ff7dc47b03792ac85317be51431a3f9e01dcafce317ed736a391b0,00000000000000000000000000000000,,,,,False,,,,,,,,,,False,False
/a/0/3/4,/a/0/3/4!/member_00385,0,/a/0/3/4,163,385,,21056,21100,16940,16984,44,85759b3811ff7dc47b03792ac85317be51431a3f9e01dcafce317ed736a391b0,00000000000000000000000000000000,,,,,False,,,,,,,,,,False,False
/a/0/3/4,/a/0/3/4!/member_00386,0,/a/0/3/4,163,386,,21100,21144,16984,17028,44,85759b3811ff7dc47b03792ac85317be51431a3f9e01dcafce317ed736a391b0,00000000000000000000000000000000,,,,,False,,,,,,,,,,False,False
/a/0/3/4,/a/0/3/4!/member_00387,0,/a/0/3/4,163,387,,21144,21188,17028,17072,44,81c48a0b7e2a2f7a28b04639a87f369c4b061d7866756c4699944a62a4537c1a,04001200840100000000000000000000,,,,,False,,,,,,,,,,False,False
/a/0/3/4,/a/0/3/4!/member_00388,0,/a/0/3/4,163,388,,21188,21232,17072,17116,44,993952b9f115d46935231e94678bb8feb051597a959d7dddbbf45bd3e878b3f6,04002000850100000000000000000000,,,,,False,,,,,,,,,,False,False
/a/0/3/4,/a/0/3/4!/member_00389,0,/a/0/3/4,163,389,,21232,21276,17116,17160,44,85759b3811ff7dc47b03792ac85317be51431a3f9e01dcafce317ed736a391b0,00000000000000000000000000000000,,,,,False,,,,,,,,,,False,False
/a/0/3/4,/a/0/3/4!/member_00390,0,/a/0/3/4,163,390,,21276,21320,17160,17204,44,5fe64f1311db6c3fceaee915b8f8c88e9b8fa6ce1b7fca6ae6960cb1e7fa5c0d,04000e00870100000000000000000000,,,,,False,,,,,,,,,,False,False
/a/0/3/4,/a/0/3/4!/member_00391,0,/a/0/3/4,163,391,,21320,21364,17204,17248,44,f2f9ed2201734021b4b425af2805be24e37eefcdfff5eeb79ddaa373002389b8,04002400880100000000000000000000,,,,,False,,,,,,,,,,False,False
/a/0/3/4,/a/0/3/4!/member_00392,0,/a/0/3/4,163,392,,21364,21408,17248,17292,44,85759b3811ff7dc47b03792ac85317be51431a3f9e01dcafce317ed736a391b0,00000000000000000000000000000000,,,,,False,,,,,,,,,,False,False
/a/0/3/4,/a/0/3/4!/member_00393,0,/a/0/3/4,163,393,,21408,21452,17292,17336,44,10bc0b0636471e8ebaf82cf1e16ba1c7c80a060e00b00354053c2ce7c10ecc47,040010008a0100000000000000000000,,,,,False,,,,,,,,,,False,False
/a/0/3/4,/a/0/3/4!/member_00394,0,/a/0/3/4,163,394,,21452,21496,17336,17380,44,82f0edfff8bb9e41ddb043cc27f6d1ab92a87c69a87f3c60d863de85a1bec81c,040024008b0100000000000000000000,,,,,False,,,,,,,,,,False,False
/a/0/3/4,/a/0/3/4!/member_00395,0,/a/0/3/4,163,395,,21496,21540,17380,17424,44,85759b3811ff7dc47b03792ac85317be51431a3f9e01dcafce317ed736a391b0,00000000000000000000000000000000,,,,,False,,,,,,,,,,False,False
/a/0/3/4,/a/0/3/4!/member_00396,0,/a/0/3/4,163,396,,21540,21584,17424,17468,44,f16aeccd4392cf513cc900b6d4528893ee1cbd7a8a80a3a2409d5f9b6b7bdbce,04000e008d0100000000000000000000,,,,,False,,,,,,,,,,False,False
/a/0/3/4,/a/0/3/4!/member_00397,0,/a/0/3/4,163,397,,21584,21628,17468,17512,44,a4c0a0eff8b971eff04a35e858d63ae01efb2785834225d3c98a5bc75549d2f2,040022008e0100000000000000000000,,,,,False,,,,,,,,,,False,False
/a/0/3/4,/a/0/3/4!/member_00398,0,/a/0/3/4,163,398,,21628,21672,17512,17556,44,85759b3811ff7dc47b03792ac85317be51431a3f9e01dcafce317ed736a391b0,00000000000000000000000000000000,,,,,False,,,,,,,,,,False,False
/a/0/3/4,/a/0/3/4!/member_00399,0,/a/0/3/4,163,399,,21672,21716,17556,17600,44,8a8beced1a3a107f6c92e46601baea876b2dce93c3138b0a6e00598245d90cdc,04000f00900100000000000000000000,,,,,False,,,,,,,,,,False,False
/a/0/3/4,/a/0/3/4!/member_00400,0,/a/0/3/4,163,400,,21716,21760,17600,17644,44,85759b3811ff7dc47b03792ac85317be51431a3f9e01dcafce317ed736a391b0,00000000000000000000000000000000,,,,,False,,,,,,,,,,False,False
/a/0/3/4,/a/0/3/4!/member_00401,0,/a/0/3/4,163,401,,21760,21804,17644,17688,44,aac46d22e46555cad5b3fe9ed75213e50d32c82c7a3ffc72b8ba59810189b27d,04000a00920100000000000000000000,,,,,False,,,,,,,,,,False,False
/a/0/3/4,/a/0/3/4!/member_00402,0,/a/0/3/4,163,402,,21804,21848,17688,17732,44,85759b3811ff7dc47b03792ac85317be51431a3f9e01dcafce317ed736a391b0,00000000000000000000000000000000,,,,,False,,,,,,,,,,False,False
/a/0/3/4,/a/0/3/4!/member_00403,0,/a/0/3/4,163,403,,21848,21892,17732,17776,44,d133ad94bac0f5d23ba1d64357be3588be4091d3abacb979827fe57142e6adb6,04000f00940100000000000000000000,,,,,False,,,,,,,,,,False,False
/a/0/3/4,/a/0/3/4!/member_00404,0,/a/0/3/4,163,404,,21892,21936,17776,17820,44,4d88e0a8d0093c85f8d0cb976890c9a834cb3de2cebc8e2fc86d8de32879d2cf,04001e00950100000000000000000000,,,,,False,,,,,,,,,,False,False
/a/0/3/4,/a/0/3/4!/member_00405,0,/a/0/3/4,163,405,,21936,21980,17820,17864,44,85759b3811ff7dc47b03792ac85317be51431a3f9e01dcafce317ed736a391b0,00000000000000000000000000000000,,,,,False,,,,,,,,,,False,False
/a/0/3/4,/a/0/3/4!/member_00406,0,/a/0/3/4,163,406,,21980,22024,17864,17908,44,f7bc73e05b0fb6bb34c41cc4ab503a9ebca6cb382e464d628537ae970de29e5c,020000003b0100000000000000000000,,,,,False,,,,,,,,,,False,False
/a/0/3/4,/a/0/3/4!/member_00407,0,/a/0/3/4,163,407,,22024,22068,17908,17952,44,85759b3811ff7dc47b03792ac85317be51431a3f9e01dcafce317ed736a391b0,00000000000000000000000000000000,,,,,False,,,,,,,,,,False,False
/a/0/3/4,/a/0/3/4!/member_00408,0,/a/0/3/4,163,408,,22068,22112,17952,17996,44,c14cef036bdfb0a86e2e1a7b2a72229aba60ee42548942d96af27686f3775099,04001e00990100000000000000000000,,,,,False,,,,,,,,,,False,False
/a/0/3/4,/a/0/3/4!/member_00409,0,/a/0/3/4,163,409,,22112,22156,17996,18040,44,85759b3811ff7dc47b03792ac85317be51431a3f9e01dcafce317ed736a391b0,00000000000000000000000000000000,,,,,False,,,,,,,,,,False,False
/a/0/3/4,/a/0/3/4!/member_00410,0,/a/0/3/4,163,410,,22156,22200,18040,18084,44,e1ae9defe62f000b879013318cf7f89d3982efede40468aec6887ffcd8f8f69b,04001e009b0100000000000000000000,,,,,False,,,,,,,,,,False,False
/a/0/3/4,/a/0/3/4!/member_00411,0,/a/0/3/4,163,411,,22200,22244,18084,18128,44,85759b3811ff7dc47b03792ac85317be51431a3f9e01dcafce317ed736a391b0,00000000000000000000000000000000,,,,,False,,,,,,,,,,False,False
/a/0/3/4,/a/0/3/4!/member_00412,0,/a/0/3/4,163,412,,22244,22288,18128,18172,44,e561912db66035c2440f12e46b25b29d851a909ead90a82083da675c57c993e2,170014009d01160014009e0100000000,,,,,False,,,,,,,,,,False,False
/a/0/3/4,/a/0/3/4!/member_00413,0,/a/0/3/4,163,413,,22288,22332,18172,18216,44,85759b3811ff7dc47b03792ac85317be51431a3f9e01dcafce317ed736a391b0,00000000000000000000000000000000,,,,,False,,,,,,,,,,False,False
/a/0/3/4,/a/0/3/4!/member_00414,0,/a/0/3/4,163,414,,22332,22376,18216,18260,44,85759b3811ff7dc47b03792ac85317be51431a3f9e01dcafce317ed736a391b0,00000000000000000000000000000000,,,,,False,,,,,,,,,,False,False
/a/0/3/4,/a/0/3/4!/member_00415,0,/a/0/3/4,163,415,,22376,22420,18260,18304,44,004cdf4dc0f449708d2298bb1734e2155f14f20c43b19d7320fde3bbec94821a,17001500a00100000000000000000000,,,,,False,,,,,,,,,,False,False
/a/0/3/4,/a/0/3/4!/member_00416,0,/a/0/3/4,163,416,,22420,22464,18304,18348,44,85759b3811ff7dc47b03792ac85317be51431a3f9e01dcafce317ed736a391b0,00000000000000000000000000000000,,,,,False,,,,,,,,,,False,False
/a/0/3/4,/a/0/3/4!/member_00417,0,/a/0/3/4,163,417,,22464,22508,18348,18392,44,85759b3811ff7dc47b03792ac85317be51431a3f9e01dcafce317ed736a391b0,00000000000000000000000000000000,,,,,False,,,,,,,,,,False,False
/a/0/3/4,/a/0/3/4!/member_00418,0,/a/0/3/4,163,418,,22508,22552,18392,18436,44,cc9851ff65392d891fb74a8c7666426c7649312ba9a7880f4ee5fcb470947094,04001a00a30100000000000000000000,,,,,False,,,,,,,,,,False,False
/a/0/3/4,/a/0/3/4!/member_00419,0,/a/0/3/4,163,419,,22552,22596,18436,18480,44,85759b3811ff7dc47b03792ac85317be51431a3f9e01dcafce317ed736a391b0,00000000000000000000000000000000,,,,,False,,,,,,,,,,False,False
/a/0/3/4,/a/0/3/4!/member_00420,0,/a/0/3/4,163,420,,22596,22640,18480,18524,44,5ab3c42ed44465126216da895209ccf49cb7b53abfa56f54109622a469ee1279,04001900a50100000000000000000000,,,,,False,,,,,,,,,,False,False
/a/0/3/4,/a/0/3/4!/member_00421,0,/a/0/3/4,163,421,,22640,22684,18524,18568,44,85759b3811ff7dc47b03792ac85317be51431a3f9e01dcafce317ed736a391b0,00000000000000000000000000000000,,,,,False,,,,,,,,,,False,False
/a/0/3/4,/a/0/3/4!/member_00422,0,/a/0/3/4,163,422,,22684,22728,18568,18612,44,8d6457bedbb58379d35788f43ee59ab925f95a9edd999070ea4f3e40ea88ff95,04001e00a70100000000000000000000,,,,,False,,,,,,,,,,False,False
/a/0/3/4,/a/0/3/4!/member_00423,0,/a/0/3/4,163,423,,22728,22772,18612,18656,44,85759b3811ff7dc47b03792ac85317be51431a3f9e01dcafce317ed736a391b0,00000000000000000000000000000000,,,,,False,,,,,,,,,,False,False
/a/0/3/4,/a/0/3/4!/member_00424,0,/a/0/3/4,163,424,,22772,22816,18656,18700,44,85759b3811ff7dc47b03792ac85317be51431a3f9e01dcafce317ed736a391b0,00000000000000000000000000000000,,,,,False,,,,,,,,,,False,False
/a/0/3/4,/a/0/3/4!/member_00425,0,/a/0/3/4,163,425,,22816,22860,18700,18744,44,7a29269146378ec30d761d259dc1becb10a61dab62e5b2cd5b547554bc1c3da5,04001c00aa0100000000000000000000,,,,,False,,,,,,,,,,False,False
/a/0/3/4,/a/0/3/4!/member_00426,0,/a/0/3/4,163,426,,22860,22904,18744,18788,44,85759b3811ff7dc47b03792ac85317be51431a3f9e01dcafce317ed736a391b0,00000000000000000000000000000000,,,,,False,,,,,,,,,,False,False
/a/0/3/4,/a/0/3/4!/member_00427,0,/a/0/3/4,163,427,,22904,22948,18788,18832,44,2ed93a2a47490350260afc7d042952620059921dbb10f48459e00e874c12c194,01000000ac0100000000000000000000,,,,,False,,,,,,,,,,False,False
/a/0/3/4,/a/0/3/4!/member_00428,0,/a/0/3/4,163,428,,22948,22992,18832,18876,44,85759b3811ff7dc47b03792ac85317be51431a3f9e01dcafce317ed736a391b0,00000000000000000000000000000000,,,,,False,,,,,,,,,,False,False
/a/0/3/4,/a/0/3/4!/member_00429,0,/a/0/3/4,163,429,,22992,23036,18876,18920,44,85759b3811ff7dc47b03792ac85317be51431a3f9e01dcafce317ed736a391b0,00000000000000000000000000000000,,,,,False,,,,,,,,,,False,False
/a/0/3/4,/a/0/3/4!/member_00430,0,/a/0/3/4,163,430,,23036,23080,18920,18964,44,85759b3811ff7dc47b03792ac85317be51431a3f9e01dcafce317ed736a391b0,00000000000000000000000000000000,,,,,False,,,,,,,,,,False,False
/a/0/3/4,/a/0/3/4!/member_00431,0,/a/0/3/4,163,431,,23080,23124,18964,19008,44,eb059f946b978ffc04c822768319fddba6d03efcd73cd6f166f9bb615a7fab34,04002600b00100000000000000000000,,,,,False,,,,,,,,,,False,False
/a/0/3/4,/a/0/3/4!/member_00432,0,/a/0/3/4,163,432,,23124,23168,19008,19052,44,85759b3811ff7dc47b03792ac85317be51431a3f9e01dcafce317ed736a391b0,00000000000000000000000000000000,,,,,False,,,,,,,,,,False,False
/a/0/3/4,/a/0/3/4!/member_00433,0,/a/0/3/4,163,433,,23168,23212,19052,19096,44,8d1e99fde91ad160a48d5db90fad88b8b4639cc5987283feadfaf47718f1d840,03000000660100000000000000000000,,,,,False,,,,,,,,,,False,False
/a/0/3/4,/a/0/3/4!/member_00434,0,/a/0/3/4,163,434,,23212,23256,19096,19140,44,c1137bc23e68a76439b91d75110fbc06e4c87c035aad4f84056f5943db6c8ed5,04002200b30100000000000000000000,,,,,False,,,,,,,,,,False,False
/a/0/3/4,/a/0/3/4!/member_00435,0,/a/0/3/4,163,435,,23256,23300,19140,19184,44,85759b3811ff7dc47b03792ac85317be51431a3f9e01dcafce317ed736a391b0,00000000000000000000000000000000,,,,,False,,,,,,,,,,False,False
/a/0/3/4,/a/0/3/4!/member_00436,0,/a/0/3/4,163,436,,23300,23344,19184,19228,44,d57b97e1fe9c2b0903bd4333aee3d623b842edbfc2d7712bbf624f529bc84750,04002100b50100000000000000000000,,,,,False,,,,,,,,,,False,False
/a/0/3/4,/a/0/3/4!/member_00437,0,/a/0/3/4,163,437,,23344,23388,19228,19272,44,85759b3811ff7dc47b03792ac85317be51431a3f9e01dcafce317ed736a391b0,00000000000000000000000000000000,,,,,False,,,,,,,,,,False,False
/a/0/3/4,/a/0/3/4!/member_00438,0,/a/0/3/4,163,438,,23388,23432,19272,19316,44,b0d62f4b569a507b3d17d0da7000fda1b216c34284976bdd4dc559de035e6957,14006600b90000000000000000000000,,,,,False,,,,,,,,,,False,False
/a/0/3/4,/a/0/3/4!/member_00439,0,/a/0/3/4,163,439,,23432,23476,19316,19360,44,d334498fb6190ab65ce7db67b7bba7785ef76368771de7721653848d4fa6a189,140066007a0000000000000000000000,,,,,False,,,,,,,,,,False,False
/a/0/3/4,/a/0/3/4!/member_00440,0,/a/0/3/4,163,440,,23476,23520,19360,19404,44,d516f6ea8e30781ef3bd246e2327fcb6ee2dce02e819e25afa034c39ea82cfee,12006e00710000000000000000000000,,,,,False,,,,,,,,,,False,False
/a/0/3/4,/a/0/3/4!/member_00441,0,/a/0/3/4,163,441,,23520,23564,19404,19448,44,85759b3811ff7dc47b03792ac85317be51431a3f9e01dcafce317ed736a391b0,00000000000000000000000000000000,,,,,False,,,,,,,,,,False,False
/a/0/3/4,/a/0/3/4!/member_00442,0,/a/0/3/4,163,442,,23564,23608,19448,19492,44,85759b3811ff7dc47b03792ac85317be51431a3f9e01dcafce317ed736a391b0,00000000000000000000000000000000,,,,,False,,,,,,,,,,False,False
/a/0/3/4,/a/0/3/4!/member_00443,0,/a/0/3/4,163,443,,23608,23652,19492,19536,44,15331860e7463b5e9d1e4c33bead76fd1ce0e787ed68258a60c438235692ddae,04001800bc0100000000000000000000,,,,,False,,,,,,,,,,False,False
/a/0/3/4,/a/0/3/4!/member_00444,0,/a/0/3/4,163,444,,23652,23696,19536,19580,44,c801be0df3c967f518a67df1f0824f9dfe66518829e221e1d4707b4c21eb2bd9,04003000bd0100000000000000000000,,,,,False,,,,,,,,,,False,False
/a/0/3/4,/a/0/3/4!/member_00445,0,/a/0/3/4,163,445,,23696,23740,19580,19624,44,85759b3811ff7dc47b03792ac85317be51431a3f9e01dcafce317ed736a391b0,00000000000000000000000000000000,,,,,False,,,,,,,,,,False,False
/a/0/3/4,/a/0/3/4!/member_00446,0,/a/0/3/4,163,446,,23740,23784,19624,19668,44,3504d53f6fda712062cf9002ac9e9d46b9cf46d7027b4f8f68f7a6193ba7d475,010000008f0000000000000000000000,,,,,False,,,,,,,,,,False,False
/a/0/3/4,/a/0/3/4!/member_00447,0,/a/0/3/4,163,447,,23784,23828,19668,19712,44,61ccea93926170a84509b699819316baa45e6623de397b2e1578f92633f910ec,02000000c00100000000000000000000,,,,,False,,,,,,,,,,False,False
/a/0/3/4,/a/0/3/4!/member_00448,0,/a/0/3/4,163,448,,23828,23872,19712,19756,44,85759b3811ff7dc47b03792ac85317be51431a3f9e01dcafce317ed736a391b0,00000000000000000000000000000000,,,,,False,,,,,,,,,,False,False
/a/0/3/4,/a/0/3/4!/member_00449,0,/a/0/3/4,163,449,,23872,23916,19756,19800,44,d2c5852f5fdb21c0c42ade467ded3b321b52882cbffddb6e57c631fd94b691fd,04002200c20100000000000000000000,,,,,False,,,,,,,,,,False,False
/a/0/3/4,/a/0/3/4!/member_00450,0,/a/0/3/4,163,450,,23916,23960,19800,19844,44,85759b3811ff7dc47b03792ac85317be51431a3f9e01dcafce317ed736a391b0,00000000000000000000000000000000,,,,,False,,,,,,,,,,False,False
/a/0/3/4,/a/0/3/4!/member_00451,0,/a/0/3/4,163,451,,23960,24004,19844,19888,44,c728b42ff82d850168ecb9f48c72012f330d8d01044acc5510d736e8ba645518,04002800c40100000000000000000000,,,,,False,,,,,,,,,,False,False
/a/0/3/4,/a/0/3/4!/member_00452,0,/a/0/3/4,163,452,,24004,24048,19888,19932,44,85759b3811ff7dc47b03792ac85317be51431a3f9e01dcafce317ed736a391b0,00000000000000000000000000000000,,,,,False,,,,,,,,,,False,False
/a/0/3/4,/a/0/3/4!/member_00453,0,/a/0/3/4,163,453,,24048,24092,19932,19976,44,aed5aa23afa7b2f74e4813be5cb19a85473db3cda314cbafe270f07cfd1705eb,04002500c60100000000000000000000,,,,,False,,,,,,,,,,False,False
/a/0/3/4,/a/0/3/4!/member_00454,0,/a/0/3/4,163,454,,24092,24136,19976,20020,44,85759b3811ff7dc47b03792ac85317be51431a3f9e01dcafce317ed736a391b0,00000000000000000000000000000000,,,,,False,,,,,,,,,,False,False
/a/0/3/4,/a/0/3/4!/member_00455,0,/a/0/3/4,163,455,,24136,24180,20020,20064,44,85759b3811ff7dc47b03792ac85317be51431a3f9e01dcafce317ed736a391b0,00000000000000000000000000000000,,,,,False,,,,,,,,,,False,False
/a/0/3/4,/a/0/3/4!/member_00456,0,/a/0/3/4,163,456,,24180,24224,20064,20108,44,e402e893b2bb188e4c62502ee1cc27593918721a978e80c36a90a6f671070eec,04001f00c90100000000000000000000,,,,,False,,,,,,,,,,False,False
/a/0/3/4,/a/0/3/4!/member_00457,0,/a/0/3/4,163,457,,24224,24268,20108,20152,44,85759b3811ff7dc47b03792ac85317be51431a3f9e01dcafce317ed736a391b0,00000000000000000000000000000000,,,,,False,,,,,,,,,,False,False
/a/0/3/4,/a/0/3/4!/member_00458,0,/a/0/3/4,163,458,,24268,24312,20152,20196,44,7f6f85aaa3a5051c537684135f2c899a3532cf227cf5e9cdbfcd0afdf51aeb34,1500df00e20000000000000000000000,,,,,False,,,,,,,,,,False,False
/a/0/3/4,/a/0/3/4!/member_00459,0,/a/0/3/4,163,459,,24312,24356,20196,20240,44,f253bfe67e2f386d1e6423b4ff87c39dc5f2256403a95b65d15cadfaa7358abf,04002800cc0100000000000000000000,,,,,False,,,,,,,,,,False,False
/a/0/3/4,/a/0/3/4!/member_00460,0,/a/0/3/4,163,460,,24356,24400,20240,20284,44,85759b3811ff7dc47b03792ac85317be51431a3f9e01dcafce317ed736a391b0,00000000000000000000000000000000,,,,,False,,,,,,,,,,False,False
/a/0/3/4,/a/0/3/4!/member_00461,0,/a/0/3/4,163,461,,24400,24444,20284,20328,44,85759b3811ff7dc47b03792ac85317be51431a3f9e01dcafce317ed736a391b0,00000000000000000000000000000000,,,,,False,,,,,,,,,,False,False
/a/0/3/4,/a/0/3/4!/member_00462,0,/a/0/3/4,163,462,,24444,24488,20328,20372,44,85759b3811ff7dc47b03792ac85317be51431a3f9e01dcafce317ed736a391b0,00000000000000000000000000000000,,,,,False,,,,,,,,,,False,False
/a/0/3/4,/a/0/3/4!/member_00463,0,/a/0/3/4,163,463,,24488,24532,20372,20416,44,85759b3811ff7dc47b03792ac85317be51431a3f9e01dcafce317ed736a391b0,00000000000000000000000000000000,,,,,False,,,,,,,,,,False,False
/a/0/3/4,/a/0/3/4!/member_00464,0,/a/0/3/4,163,464,,24532,24576,20416,20460,44,85759b3811ff7dc47b03792ac85317be51431a3f9e01dcafce317ed736a391b0,00000000000000000000000000000000,,,,,False,,,,,,,,,,False,False
/a/0/3/4,/a/0/3/4!/member_00465,0,/a/0/3/4,163,465,,24576,24620,20460,20504,44,85759b3811ff7dc47b03792ac85317be51431a3f9e01dcafce317ed736a391b0,00000000000000000000000000000000,,,,,False,,,,,,,,,,False,False
/a/0/3/4,/a/0/3/4!/member_00466,0,/a/0/3/4,163,466,,24620,24664,20504,20548,44,85759b3811ff7dc47b03792ac85317be51431a3f9e01dcafce317ed736a391b0,00000000000000000000000000000000,,,,,False,,,,,,,,,,False,False
/a/0/3/4,/a/0/3/4!/member_00467,0,/a/0/3/4,163,467,,24664,24708,20548,20592,44,85759b3811ff7dc47b03792ac85317be51431a3f9e01dcafce317ed736a391b0,00000000000000000000000000000000,,,,,False,,,,,,,,,,False,False
/a/0/3/4,/a/0/3/4!/member_00468,0,/a/0/3/4,163,468,,24708,24752,20592,20636,44,85759b3811ff7dc47b03792ac85317be51431a3f9e01dcafce317ed736a391b0,00000000000000000000000000000000,,,,,False,,,,,,,,,,False,False
/a/0/3/4,/a/0/3/4!/member_00469,0,/a/0/3/4,163,469,,24752,24796,20636,20680,44,85759b3811ff7dc47b03792ac85317be51431a3f9e01dcafce317ed736a391b0,00000000000000000000000000000000,,,,,False,,,,,,,,,,False,False
/a/0/3/4,/a/0/3/4!/member_00470,0,/a/0/3/4,163,470,,24796,24840,20680,20724,44,85759b3811ff7dc47b03792ac85317be51431a3f9e01dcafce317ed736a391b0,00000000000000000000000000000000,,,,,False,,,,,,,,,,False,False
/a/0/3/4,/a/0/3/4!/member_00471,0,/a/0/3/4,163,471,,24840,24884,20724,20768,44,85759b3811ff7dc47b03792ac85317be51431a3f9e01dcafce317ed736a391b0,00000000000000000000000000000000,,,,,False,,,,,,,,,,False,False
/a/0/3/4,/a/0/3/4!/member_00472,0,/a/0/3/4,163,472,,24884,24928,20768,20812,44,85759b3811ff7dc47b03792ac85317be51431a3f9e01dcafce317ed736a391b0,00000000000000000000000000000000,,,,,False,,,,,,,,,,False,False
/a/0/3/4,/a/0/3/4!/member_00473,0,/a/0/3/4,163,473,,24928,24972,20812,20856,44,85759b3811ff7dc47b03792ac85317be51431a3f9e01dcafce317ed736a391b0,00000000000000000000000000000000,,,,,False,,,,,,,,,,False,False
/a/0/3/4,/a/0/3/4!/member_00474,0,/a/0/3/4,163,474,,24972,25016,20856,20900,44,85759b3811ff7dc47b03792ac85317be51431a3f9e01dcafce317ed736a391b0,00000000000000000000000000000000,,,,,False,,,,,,,,,,False,False
/a/0/3/4,/a/0/3/4!/member_00475,0,/a/0/3/4,163,475,,25016,25060,20900,20944,44,85759b3811ff7dc47b03792ac85317be51431a3f9e01dcafce317ed736a391b0,00000000000000000000000000000000,,,,,False,,,,,,,,,,False,False
/a/0/3/4,/a/0/3/4!/member_00476,0,/a/0/3/4,163,476,,25060,25104,20944,20988,44,85759b3811ff7dc47b03792ac85317be51431a3f9e01dcafce317ed736a391b0,00000000000000000000000000000000,,,,,False,,,,,,,,,,False,False
/a/0/3/4,/a/0/3/4!/member_00477,0,/a/0/3/4,163,477,,25104,25148,20988,21032,44,85759b3811ff7dc47b03792ac85317be51431a3f9e01dcafce317ed736a391b0,00000000000000000000000000000000,,,,,False,,,,,,,,,,False,False
/a/0/3/4,/a/0/3/4!/member_00478,0,/a/0/3/4,163,478,,25148,25192,21032,21076,44,85759b3811ff7dc47b03792ac85317be51431a3f9e01dcafce317ed736a391b0,00000000000000000000000000000000,,,,,False,,,,,,,,,,False,False
/a/0/3/4,/a/0/3/4!/member_00479,0,/a/0/3/4,163,479,,25192,25236,21076,21120,44,85759b3811ff7dc47b03792ac85317be51431a3f9e01dcafce317ed736a391b0,00000000000000000000000000000000,,,,,False,,,,,,,,,,False,False
/a/0/3/4,/a/0/3/4!/member_00480,0,/a/0/3/4,163,480,,25236,25280,21120,21164,44,85759b3811ff7dc47b03792ac85317be51431a3f9e01dcafce317ed736a391b0,00000000000000000000000000000000,,,,,False,,,,,,,,,,False,False
/a/0/3/4,/a/0/3/4!/member_00481,0,/a/0/3/4,163,481,,25280,25324,21164,21208,44,85759b3811ff7dc47b03792ac85317be51431a3f9e01dcafce317ed736a391b0,00000000000000000000000000000000,,,,,False,,,,,,,,,,False,False
/a/0/3/4,/a/0/3/4!/member_00482,0,/a/0/3/4,163,482,,25324,25368,21208,21252,44,85759b3811ff7dc47b03792ac85317be51431a3f9e01dcafce317ed736a391b0,00000000000000000000000000000000,,,,,False,,,,,,,,,,False,False
/a/0/3/4,/a/0/3/4!/member_00483,0,/a/0/3/4,163,483,,25368,25412,21252,21296,44,85759b3811ff7dc47b03792ac85317be51431a3f9e01dcafce317ed736a391b0,00000000000000000000000000000000,,,,,False,,,,,,,,,,False,False
/a/0/3/4,/a/0/3/4!/member_00484,0,/a/0/3/4,163,484,,25412,25456,21296,21340,44,85759b3811ff7dc47b03792ac85317be51431a3f9e01dcafce317ed736a391b0,00000000000000000000000000000000,,,,,False,,,,,,,,,,False,False
/a/0/3/4,/a/0/3/4!/member_00485,0,/a/0/3/4,163,485,,25456,25500,21340,21384,44,85759b3811ff7dc47b03792ac85317be51431a3f9e01dcafce317ed736a391b0,00000000000000000000000000000000,,,,,False,,,,,,,,,,False,False
/a/0/3/4,/a/0/3/4!/member_00486,0,/a/0/3/4,163,486,,25500,25544,21384,21428,44,85759b3811ff7dc47b03792ac85317be51431a3f9e01dcafce317ed736a391b0,00000000000000000000000000000000,,,,,False,,,,,,,,,,False,False
/a/0/3/4,/a/0/3/4!/member_00487,0,/a/0/3/4,163,487,,25544,25588,21428,21472,44,85759b3811ff7dc47b03792ac85317be51431a3f9e01dcafce317ed736a391b0,00000000000000000000000000000000,,,,,False,,,,,,,,,,False,False
/a/0/3/4,/a/0/3/4!/member_00488,0,/a/0/3/4,163,488,,25588,25632,21472,21516,44,85759b3811ff7dc47b03792ac85317be51431a3f9e01dcafce317ed736a391b0,00000000000000000000000000000000,,,,,False,,,,,,,,,,False,False
/a/0/3/4,/a/0/3/4!/member_00489,0,/a/0/3/4,163,489,,25632,25676,21516,21560,44,85759b3811ff7dc47b03792ac85317be51431a3f9e01dcafce317ed736a391b0,00000000000000000000000000000000,,,,,False,,,,,,,,,,False,False
/a/0/3/4,/a/0/3/4!/member_00490,0,/a/0/3/4,163,490,,25676,25720,21560,21604,44,85759b3811ff7dc47b03792ac85317be51431a3f9e01dcafce317ed736a391b0,00000000000000000000000000000000,,,,,False,,,,,,,,,,False,False
/a/0/3/4,/a/0/3/4!/member_00491,0,/a/0/3/4,163,491,,25720,25764,21604,21648,44,85759b3811ff7dc47b03792ac85317be51431a3f9e01dcafce317ed736a391b0,00000000000000000000000000000000,,,,,False,,,,,,,,,,False,False
/a/0/3/4,/a/0/3/4!/member_00492,0,/a/0/3/4,163,492,,25764,25808,21648,21692,44,85759b3811ff7dc47b03792ac85317be51431a3f9e01dcafce317ed736a391b0,00000000000000000000000000000000,,,,,False,,,,,,,,,,False,False
/a/0/3/4,/a/0/3/4!/member_00493,0,/a/0/3/4,163,493,,25808,25852,21692,21736,44,85759b3811ff7dc47b03792ac85317be51431a3f9e01dcafce317ed736a391b0,00000000000000000000000000000000,,,,,False,,,,,,,,,,False,False
/a/0/3/4,/a/0/3/4!/member_00494,0,/a/0/3/4,163,494,,25852,25896,21736,21780,44,85759b3811ff7dc47b03792ac85317be51431a3f9e01dcafce317ed736a391b0,00000000000000000000000000000000,,,,,False,,,,,,,,,,False,False
/a/0/3/4,/a/0/3/4!/member_00495,0,/a/0/3/4,163,495,,25896,25940,21780,21824,44,85759b3811ff7dc47b03792ac85317be51431a3f9e01dcafce317ed736a391b0,00000000000000000000000000000000,,,,,False,,,,,,,,,,False,False
/a/0/3/4,/a/0/3/4!/member_00496,0,/a/0/3/4,163,496,,25940,25984,21824,21868,44,85759b3811ff7dc47b03792ac85317be51431a3f9e01dcafce317ed736a391b0,00000000000000000000000000000000,,,,,False,,,,,,,,,,False,False
/a/0/3/4,/a/0/3/4!/member_00497,0,/a/0/3/4,163,497,,25984,26028,21868,21912,44,85759b3811ff7dc47b03792ac85317be51431a3f9e01dcafce317ed736a391b0,00000000000000000000000000000000,,,,,False,,,,,,,,,,False,False
/a/0/3/4,/a/0/3/4!/member_00498,0,/a/0/3/4,163,498,,26028,26072,21912,21956,44,85759b3811ff7dc47b03792ac85317be51431a3f9e01dcafce317ed736a391b0,00000000000000000000000000000000,,,,,False,,,,,,,,,,False,False
/a/0/3/4,/a/0/3/4!/member_00499,0,/a/0/3/4,163,499,,26072,26116,21956,22000,44,85759b3811ff7dc47b03792ac85317be51431a3f9e01dcafce317ed736a391b0,00000000000000000000000000000000,,,,,False,,,,,,,,,,False,False
/a/0/3/4,/a/0/3/4!/member_00500,0,/a/0/3/4,163,500,,26116,26160,22000,22044,44,85759b3811ff7dc47b03792ac85317be51431a3f9e01dcafce317ed736a391b0,00000000000000000000000000000000,,,,,False,,,,,,,,,,False,False
/a/0/3/4,/a/0/3/4!/member_00501,0,/a/0/3/4,163,501,,26160,26204,22044,22088,44,85759b3811ff7dc47b03792ac85317be51431a3f9e01dcafce317ed736a391b0,00000000000000000000000000000000,,,,,False,,,,,,,,,,False,False
/a/0/3/4,/a/0/3/4!/member_00502,0,/a/0/3/4,163,502,,26204,26248,22088,22132,44,85759b3811ff7dc47b03792ac85317be51431a3f9e01dcafce317ed736a391b0,00000000000000000000000000000000,,,,,False,,,,,,,,,,False,False
/a/0/3/4,/a/0/3/4!/member_00503,0,/a/0/3/4,163,503,,26248,26292,22132,22176,44,85759b3811ff7dc47b03792ac85317be51431a3f9e01dcafce317ed736a391b0,00000000000000000000000000000000,,,,,False,,,,,,,,,,False,False
/a/0/3/4,/a/0/3/4!/member_00504,0,/a/0/3/4,163,504,,26292,26336,22176,22220,44,85759b3811ff7dc47b03792ac85317be51431a3f9e01dcafce317ed736a391b0,00000000000000000000000000000000,,,,,False,,,,,,,,,,False,False
/a/0/3/4,/a/0/3/4!/member_00505,0,/a/0/3/4,163,505,,26336,26380,22220,22264,44,85759b3811ff7dc47b03792ac85317be51431a3f9e01dcafce317ed736a391b0,00000000000000000000000000000000,,,,,False,,,,,,,,,,False,False
/a/0/3/4,/a/0/3/4!/member_00506,0,/a/0/3/4,163,506,,26380,26424,22264,22308,44,85759b3811ff7dc47b03792ac85317be51431a3f9e01dcafce317ed736a391b0,00000000000000000000000000000000,,,,,False,,,,,,,,,,False,False
/a/0/3/4,/a/0/3/4!/member_00507,0,/a/0/3/4,163,507,,26424,26468,22308,22352,44,85759b3811ff7dc47b03792ac85317be51431a3f9e01dcafce317ed736a391b0,00000000000000000000000000000000,,,,,False,,,,,,,,,,False,False
/a/0/3/5,/a/0/3/5!/member_00000,0,/a/0/3/5,164,0,,148,255,0,107,107,48f3b32615b2c1b0d783f04d567d431a975646520c49828782a91716d63d2d9c,5245434efffe00016b00000010000300,,NCER cell,Confirmed,True,False,,,,,,,,,,False,False
/a/0/3/5,/a/0/3/5!/member_00001,0,/a/0/3/5,164,1,,256,363,108,215,107,b7ddff5fa8f8ba4234672ff89fd1fdf0be201a00d51799593b3e73aa3e87225f,5245434efffe00016b00000010000300,,NCER cell,Confirmed,True,False,,,,,,,,,,False,False
/a/0/3/5,/a/0/3/5!/member_00002,0,/a/0/3/5,164,2,,364,471,216,323,107,2a078f33afa28be1dc40b6ef44d6e0f09b711bb735edf66638ab80aa23e3b332,5245434efffe00016b00000010000300,,NCER cell,Confirmed,True,False,,,,,,,,,,False,False
/a/0/3/5,/a/0/3/5!/member_00003,0,/a/0/3/5,164,3,,472,579,324,431,107,47c03c2ce827378781aee9bd95a9aa9ffde4464e5c89166ff62fb091603d2a7d,5245434efffe00016b00000010000300,,NCER cell,Confirmed,True,False,,,,,,,,,,False,False
/a/0/3/5,/a/0/3/5!/member_00004,0,/a/0/3/5,164,4,,580,687,432,539,107,d04c120c43c93ed96aa897dbd9d4fda99cd1173c0afb1004354fe4268e2ebb48,5245434efffe00016b00000010000300,,NCER cell,Confirmed,True,False,,,,,,,,,,False,False
/a/0/3/5,/a/0/3/5!/member_00005,0,/a/0/3/5,164,5,,688,795,540,647,107,e46e8989e77d44457be5221074d9ce3acf3ec0c7c980cbaf64a57fd86e4dcd98,5245434efffe00016b00000010000300,,NCER cell,Confirmed,True,False,,,,,,,,,,False,False
/a/0/3/5,/a/0/3/5!/member_00006,0,/a/0/3/5,164,6,,796,903,648,755,107,adea61c4a34976940ee45999b146d4bb65845932167e66264c24875c7e926b4d,5245434efffe00016b00000010000300,,NCER cell,Confirmed,True,False,,,,,,,,,,False,False
/a/0/3/5,/a/0/3/5!/member_00007,0,/a/0/3/5,164,7,,904,1011,756,863,107,d3830ad2d857b523b0a7a969f265e2cc0b919a5ecbdae5c0066fb1ea72623cb3,5245434efffe00016b00000010000300,,NCER cell,Confirmed,True,False,,,,,,,,,,False,False
/a/0/3/5,/a/0/3/5!/member_00008,0,/a/0/3/5,164,8,,1012,1119,864,971,107,c44ec57b2c9945700f7475ee4e5d2c7cb43fe88ec7a9fbb1b7b55a53cc74333a,5245434efffe00016b00000010000300,,NCER cell,Confirmed,True,False,,,,,,,,,,False,False
/a/0/3/5,/a/0/3/5!/member_00009,0,/a/0/3/5,164,9,,1120,1227,972,1079,107,aa1723b9cd17d61f59babbda912b0404c73315e90fe8f8a1fa1d2bb27159c6ed,5245434efffe00016b00000010000300,,NCER cell,Confirmed,True,False,,,,,,,,,,False,False
/a/0/3/5,/a/0/3/5!/member_00010,0,/a/0/3/5,164,10,,1228,1335,1080,1187,107,b4675a0643437b360ae3d5abaacbec7c2073a3669947f0ef4eec94a003708ab6,5245434efffe00016b00000010000300,,NCER cell,Confirmed,True,False,,,,,,,,,,False,False
/a/0/3/5,/a/0/3/5!/member_00011,0,/a/0/3/5,164,11,,1336,1443,1188,1295,107,1ee516996caf3b30ef977178d13bebb56ccfd303512930389e5356ea938c984a,5245434efffe00016b00000010000300,,NCER cell,Confirmed,True,False,,,,,,,,,,False,False
/a/0/3/6,/a/0/3/6!/member_00000,0,/a/0/3/6,165,0,,484,1124,0,640,640,ec28c37b51bfc5977529ea1a4c8ca361585b57047ce9115b6ac8733a28849137,5247434efffe01018002000010000200,,NCGR graphics,Confirmed,True,False,,,,,,,,,,False,False
/a/0/3/6,/a/0/3/6!/member_00001,0,/a/0/3/6,165,1,,1124,1676,640,1192,552,3a8fdb99da0f2bc684c15f8f96304fe63dddbf7bd3792adc617e3e685db39a9d,524c434efffe00012802000010000100,,NCLR palette,Confirmed,True,False,,,,,,,,,,False,False
/a/0/3/6,/a/0/3/6!/member_00002,0,/a/0/3/6,165,2,,1676,2508,1192,2024,832,0e6b5a62bff0ffe09cdb8d8cddba0320cb4300d68b829e763932f15e643667e7,5247434efffe01014003000010000200,,NCGR graphics,Confirmed,True,False,,,,,,,,,,False,False
/a/0/3/6,/a/0/3/6!/member_00003,0,/a/0/3/6,165,3,,2508,3340,2024,2856,832,86f98a45202924484276e911aa410a26df73e36be82ea77b420d42ab89fdc725,5247434efffe01014003000010000200,,NCGR graphics,Confirmed,True,False,,,,,,,,,,False,False
/a/0/3/6,/a/0/3/6!/member_00004,0,/a/0/3/6,165,4,,3340,4172,2856,3688,832,f0a0142abd4ee492679745200eb85bb774f1d65bae944c776145ee0804a22a94,5247434efffe01014003000010000200,,NCGR graphics,Confirmed,True,False,,,,,,,,,,False,False
/a/0/3/6,/a/0/3/6!/member_00005,0,/a/0/3/6,165,5,,4172,5004,3688,4520,832,a121001f6ae520a886b8666e48026b8f219412ffdd640b301a383152a02f0ed6,5247434efffe01014003000010000200,,NCGR graphics,Confirmed,True,False,,,,,,,,,,False,False
/a/0/3/6,/a/0/3/6!/member_00006,0,/a/0/3/6,165,6,,5004,5836,4520,5352,832,e847478edbb5ab7b4ebde0398675d57a67543e83e7b3d9503a054a0ae04e6abb,5247434efffe01014003000010000200,,NCGR graphics,Confirmed,True,False,,,,,,,,,,False,False
/a/0/3/6,/a/0/3/6!/member_00007,0,/a/0/3/6,165,7,,5836,6668,5352,6184,832,413e5b67cc794f1382bf57d449278c02256b0bd61345421c75013eb26c7f886b,5247434efffe01014003000010000200,,NCGR graphics,Confirmed,True,False,,,,,,,,,,False,False
/a/0/3/6,/a/0/3/6!/member_00008,0,/a/0/3/6,165,8,,6668,7500,6184,7016,832,490e5fd3ea115eef3938e2fec3492a0a5ffde26b879706f8f550e89769dfccb3,5247434efffe01014003000010000200,,NCGR graphics,Confirmed,True,False,,,,,,,,,,False,False
/a/0/3/6,/a/0/3/6!/member_00009,0,/a/0/3/6,165,9,,7500,8332,7016,7848,832,fc1527015870ce7335ba88c189a725c525d008fe181dbb849a2906549f5ee13d,5247434efffe01014003000010000200,,NCGR graphics,Confirmed,True,False,,,,,,,,,,False,False
/a/0/3/6,/a/0/3/6!/member_00010,0,/a/0/3/6,165,10,,8332,9164,7848,8680,832,a3df364974ae1c1b19a27c0a57b3b166d122e0910acc25930bcf0fbc2c097914,5247434efffe01014003000010000200,,NCGR graphics,Confirmed,True,False,,,,,,,,,,False,False
/a/0/3/6,/a/0/3/6!/member_00011,0,/a/0/3/6,165,11,,9164,9996,8680,9512,832,3d2ab6a3084bbbb22d14c7de0b439a5b91918b3a9eb4a734035f6bf21afdf072,5247434efffe01014003000010000200,,NCGR graphics,Confirmed,True,False,,,,,,,,,,False,False
/a/0/3/6,/a/0/3/6!/member_00012,0,/a/0/3/6,165,12,,9996,10828,9512,10344,832,35e803e71e5af8da621939a9d04fa691f6ff42f0e25c86cbb5f2b63e79fbe446,5247434efffe01014003000010000200,,NCGR graphics,Confirmed,True,False,,,,,,,,,,False,False
/a/0/3/6,/a/0/3/6!/member_00013,0,/a/0/3/6,165,13,,10828,11660,10344,11176,832,c8b09af8433483608b4b41d0c34a98280274d821faaac6b5bada43134898a815,5247434efffe01014003000010000200,,NCGR graphics,Confirmed,True,False,,,,,,,,,,False,False
/a/0/3/6,/a/0/3/6!/member_00014,0,/a/0/3/6,165,14,,11660,12492,11176,12008,832,cf9989232a6d2a111bda12bbc034e02f194630c5fe37fdb9b9dc542abb1ec1d0,5247434efffe01014003000010000200,,NCGR graphics,Confirmed,True,False,,,,,,,,,,False,False
/a/0/3/6,/a/0/3/6!/member_00015,0,/a/0/3/6,165,15,,12492,13324,12008,12840,832,d543e79369bd1b8fc1dbbaedad7cd189a78777b6922e7d55703ef6cbbd070d45,5247434efffe01014003000010000200,,NCGR graphics,Confirmed,True,False,,,,,,,,,,False,False
/a/0/3/6,/a/0/3/6!/member_00016,0,/a/0/3/6,165,16,,13324,14156,12840,13672,832,ac73e06bd88af0fbecd4583be390ea17682a22dfb1440a474e6a0609c2662312,5247434efffe01014003000010000200,,NCGR graphics,Confirmed,True,False,,,,,,,,,,False,False
/a/0/3/6,/a/0/3/6!/member_00017,0,/a/0/3/6,165,17,,14156,14988,13672,14504,832,1fa7872b6f9af1b226e26225e315f52072e7c1215ea5b6d6132a2b8f2698edf9,5247434efffe01014003000010000200,,NCGR graphics,Confirmed,True,False,,,,,,,,,,False,False
/a/0/3/6,/a/0/3/6!/member_00018,0,/a/0/3/6,165,18,,14988,15820,14504,15336,832,4333d84ccab495be55ade2aad5f6bfa7c91f493ae56969420f928d1368a41ff4,5247434efffe01014003000010000200,,NCGR graphics,Confirmed,True,False,,,,,,,,,,False,False
/a/0/3/6,/a/0/3/6!/member_00019,0,/a/0/3/6,165,19,,15820,16652,15336,16168,832,16373daff3a557cab6561f46046440075a8c261986030c1301b2c4948917bcd9,5247434efffe01014003000010000200,,NCGR graphics,Confirmed,True,False,,,,,,,,,,False,False
/a/0/3/6,/a/0/3/6!/member_00020,0,/a/0/3/6,165,20,,16652,17484,16168,17000,832,8273d100b20b6f17e9cbf0901042f4736c4588a3d97b7582b1ec5f3b94402ba6,5247434efffe01014003000010000200,,NCGR graphics,Confirmed,True,False,,,,,,,,,,False,False
/a/0/3/6,/a/0/3/6!/member_00021,0,/a/0/3/6,165,21,,17484,18316,17000,17832,832,3530d2cb05b7ee76bba19e52864514a4c19dbc423ef9bbf542645e4f3ae1d76c,5247434efffe01014003000010000200,,NCGR graphics,Confirmed,True,False,,,,,,,,,,False,False
/a/0/3/6,/a/0/3/6!/member_00022,0,/a/0/3/6,165,22,,18316,19148,17832,18664,832,bcea34e852a2c7d8e4b92a2e6c1762d6ba9bf10b5ce4bea92a1ddc8f0b21f956,5247434efffe01014003000010000200,,NCGR graphics,Confirmed,True,False,,,,,,,,,,False,False
/a/0/3/6,/a/0/3/6!/member_00023,0,/a/0/3/6,165,23,,19148,19980,18664,19496,832,1a6e7b1c787108a2cb205a0d9f2d1ecf79ffc73e76198caa270052c1501eedf9,5247434efffe01014003000010000200,,NCGR graphics,Confirmed,True,False,,,,,,,,,,False,False
/a/0/3/6,/a/0/3/6!/member_00024,0,/a/0/3/6,165,24,,19980,20812,19496,20328,832,f0616258eb6aec381b7766873817097ec35afc2b76fb71fa07280f37dbd66819,5247434efffe01014003000010000200,,NCGR graphics,Confirmed,True,False,,,,,,,,,,False,False
/a/0/3/6,/a/0/3/6!/member_00025,0,/a/0/3/6,165,25,,20812,21644,20328,21160,832,1b292f62046cb84059bb2fda16d7d2ba49eefcc509f4ba01d4adf3d74a76bc3b,5247434efffe01014003000010000200,,NCGR graphics,Confirmed,True,False,,,,,,,,,,False,False
/a/0/3/6,/a/0/3/6!/member_00026,0,/a/0/3/6,165,26,,21644,22476,21160,21992,832,08929610ecc4bb2f7f6424ab0471cc9dde752d7105d80a6dc51dc89114ade08a,5247434efffe01014003000010000200,,NCGR graphics,Confirmed,True,False,,,,,,,,,,False,False
/a/0/3/6,/a/0/3/6!/member_00027,0,/a/0/3/6,165,27,,22476,23308,21992,22824,832,eef09ce170292de4946e2c50b51b676f5fb297f9cfb68fb030808a429f74f5fe,5247434efffe01014003000010000200,,NCGR graphics,Confirmed,True,False,,,,,,,,,,False,False
/a/0/3/6,/a/0/3/6!/member_00028,0,/a/0/3/6,165,28,,23308,24140,22824,23656,832,987c56920c92a77d1ce5ec575d4bbd1d4ff040b9236f0fa66334cb6f750fa352,5247434efffe01014003000010000200,,NCGR graphics,Confirmed,True,False,,,,,,,,,,False,False
/a/0/3/6,/a/0/3/6!/member_00029,0,/a/0/3/6,165,29,,24140,24972,23656,24488,832,79e3f8df2c34b4c59b9499fc82fed630b11d41a2694293c17798c038da3f7b3d,5247434efffe01014003000010000200,,NCGR graphics,Confirmed,True,False,,,,,,,,,,False,False
/a/0/3/6,/a/0/3/6!/member_00030,0,/a/0/3/6,165,30,,24972,25804,24488,25320,832,4f0d2759119c6ecee700e43ce3812f1258395d3715bf027cc680d91ac928e934,5247434efffe01014003000010000200,,NCGR graphics,Confirmed,True,False,,,,,,,,,,False,False
/a/0/3/6,/a/0/3/6!/member_00031,0,/a/0/3/6,165,31,,25804,26636,25320,26152,832,cc0a51137b4278282167bcffcd450b2933aec45dfdd63c9ffb1529f661b05f83,5247434efffe01014003000010000200,,NCGR graphics,Confirmed,True,False,,,,,,,,,,False,False
/a/0/3/6,/a/0/3/6!/member_00032,0,/a/0/3/6,165,32,,26636,27468,26152,26984,832,4f2a4396643c2f13c07a2c8f64bd5ecbb7623ce80414dcd29f2c3edc041733f7,5247434efffe01014003000010000200,,NCGR graphics,Confirmed,True,False,,,,,,,,,,False,False
/a/0/3/6,/a/0/3/6!/member_00033,0,/a/0/3/6,165,33,,27468,28300,26984,27816,832,0e6b5a62bff0ffe09cdb8d8cddba0320cb4300d68b829e763932f15e643667e7,5247434efffe01014003000010000200,,NCGR graphics,Confirmed,True,False,,,,,,,,,,False,False
/a/0/3/6,/a/0/3/6!/member_00034,0,/a/0/3/6,165,34,,28300,29132,27816,28648,832,0ceb02f2e189acf91f5dc0245e075cff82def50807c69c1095f36b7fbad937b7,5247434efffe01014003000010000200,,NCGR graphics,Confirmed,True,False,,,,,,,,,,False,False
/a/0/3/6,/a/0/3/6!/member_00035,0,/a/0/3/6,165,35,,29132,29964,28648,29480,832,16870e0363ad29ce9b38f0456d33b9c2999cb7d6e362685cf8165ea75791e75d,5247434efffe01014003000010000200,,NCGR graphics,Confirmed,True,False,,,,,,,,,,False,False
/a/0/3/6,/a/0/3/6!/member_00036,0,/a/0/3/6,165,36,,29964,30796,29480,30312,832,7bbf1547b1323867782ec928ff2ec54d597cd92289a1350777f0f85f16d1710b,5247434efffe01014003000010000200,,NCGR graphics,Confirmed,True,False,,,,,,,,,,False,False
/a/0/3/6,/a/0/3/6!/member_00037,0,/a/0/3/6,165,37,,30796,31628,30312,31144,832,0f88ce6be2ff7dfff26d000da39ea8f283ef440248f6ae300d42e2d26060e851,5247434efffe01014003000010000200,,NCGR graphics,Confirmed,True,False,,,,,,,,,,False,False
/a/0/3/6,/a/0/3/6!/member_00038,0,/a/0/3/6,165,38,,31628,32460,31144,31976,832,4eda078237d3de5136091ca6ce80328505e654f674dbb984b7bf362765c7d4c4,5247434efffe01014003000010000200,,NCGR graphics,Confirmed,True,False,,,,,,,,,,False,False
/a/0/3/6,/a/0/3/6!/member_00039,0,/a/0/3/6,165,39,,32460,33292,31976,32808,832,7d91cbdf0bd0b58d584321112ccf2c6beec600ce5df8e10b976461ffb63d753c,5247434efffe01014003000010000200,,NCGR graphics,Confirmed,True,False,,,,,,,,,,False,False
/a/0/3/6,/a/0/3/6!/member_00040,0,/a/0/3/6,165,40,,33292,34124,32808,33640,832,e1351a18ea854046af9cfa8542e53ca4eeaa4a578c5662373137f01e0d8e8442,5247434efffe01014003000010000200,,NCGR graphics,Confirmed,True,False,,,,,,,,,,False,False
/a/0/3/6,/a/0/3/6!/member_00041,0,/a/0/3/6,165,41,,34124,34956,33640,34472,832,c9f85f05e90032738e520c46941053251eff51d97f320804faca2258268b8d9e,5247434efffe01014003000010000200,,NCGR graphics,Confirmed,True,False,,,,,,,,,,False,False
/a/0/3/6,/a/0/3/6!/member_00042,0,/a/0/3/6,165,42,,34956,35788,34472,35304,832,b6ff01866e350491dba6cdcb41194eff96901967bd093074693014d92e22715f,5247434efffe01014003000010000200,,NCGR graphics,Confirmed,True,False,,,,,,,,,,False,False
/a/0/3/6,/a/0/3/6!/member_00043,0,/a/0/3/6,165,43,,35788,36620,35304,36136,832,c21ec3e43dfe293ca886d959af99b24977b5ff78ee8a4eccf620a4b0989d057c,5247434efffe01014003000010000200,,NCGR graphics,Confirmed,True,False,,,,,,,,,,False,False
/a/0/3/6,/a/0/3/6!/member_00044,0,/a/0/3/6,165,44,,36620,37452,36136,36968,832,9bb59091774a1eb233bfdc7b85267ef290b786edd2813179bcc06220bc61c8fb,5247434efffe01014003000010000200,,NCGR graphics,Confirmed,True,False,,,,,,,,,,False,False
/a/0/3/6,/a/0/3/6!/member_00045,0,/a/0/3/6,165,45,,37452,38284,36968,37800,832,52372071f98ac2830f57899bec9ca146284cec7edfa8e2360dd3df4876d500d5,5247434efffe01014003000010000200,,NCGR graphics,Confirmed,True,False,,,,,,,,,,False,False
/a/0/3/6,/a/0/3/6!/member_00046,0,/a/0/3/6,165,46,,38284,39116,37800,38632,832,b1271f211f5ab9df9eaba7a55a4b7631a21ff86fcc1dfb104ed997c34c5d4f9c,5247434efffe01014003000010000200,,NCGR graphics,Confirmed,True,False,,,,,,,,,,False,False
/a/0/3/6,/a/0/3/6!/member_00047,0,/a/0/3/6,165,47,,39116,39948,38632,39464,832,67aa87ab14cef7e7cbbb8cbdf50e6740560feef0132c4d1a0858ccdcfc892156,5247434efffe01014003000010000200,,NCGR graphics,Confirmed,True,False,,,,,,,,,,False,False
/a/0/3/6,/a/0/3/6!/member_00048,0,/a/0/3/6,165,48,,39948,40780,39464,40296,832,dee473c2aad4ecd68ac66e7afd71d8b5d0c2f472bb0816095491e562fa516eb5,5247434efffe01014003000010000200,,NCGR graphics,Confirmed,True,False,,,,,,,,,,False,False
/a/0/3/6,/a/0/3/6!/member_00049,0,/a/0/3/6,165,49,,40780,41612,40296,41128,832,735c2b42e8ba2a505271a04f007b15ef9034188ebaf6630abf36ea7eb22b8caf,5247434efffe01014003000010000200,,NCGR graphics,Confirmed,True,False,,,,,,,,,,False,False
/a/0/3/6,/a/0/3/6!/member_00050,0,/a/0/3/6,165,50,,41612,42444,41128,41960,832,8b5b267008b964fa30258b87092998e57387d2e03976af74849fd096228bcff7,5247434efffe01014003000010000200,,NCGR graphics,Confirmed,True,False,,,,,,,,,,False,False
/a/0/3/6,/a/0/3/6!/member_00051,0,/a/0/3/6,165,51,,42444,43276,41960,42792,832,7d3e6db375da41dde0dab2d30512b5f2db62e8f338c1a615153901d9f876758b,5247434efffe01014003000010000200,,NCGR graphics,Confirmed,True,False,,,,,,,,,,False,False
/a/0/3/6,/a/0/3/6!/member_00052,0,/a/0/3/6,165,52,,43276,44108,42792,43624,832,85fefb2b0a6397cc833e4da04fe1eed3f7dab1866f2225f7976973c280cd286c,5247434efffe01014003000010000200,,NCGR graphics,Confirmed,True,False,,,,,,,,,,False,False
/a/0/3/6,/a/0/3/6!/member_00053,0,/a/0/3/6,165,53,,44108,44940,43624,44456,832,542244126ace675e39a552f4ec9132bc3cd3e39098f2ac64253deea277b149e1,5247434efffe01014003000010000200,,NCGR graphics,Confirmed,True,False,,,,,,,,,,False,False
/a/0/3/7,/a/0/3/7!/member_00000,0,/a/0/3/7,166,0,,1188,1384,0,196,196,a524e7a55d8f94e7ed3da0b9c6bbbdb2b4dae134aee5095a124e1d889de6cb7e,000f0019324b00000000000000000000,,,,,False,,,,,,,,,,False,False
/a/0/3/7,/a/0/3/7!/member_00001,0,/a/0/3/7,166,1,,1384,1580,196,392,196,8ae4e92bab4d3aed12853056b100cbf9822ce9cccfe89636f25f40893fdc8121,19000000000000000203020303030202,,,,,False,,,,,,,,,,False,False
/a/0/3/7,/a/0/3/7!/member_00002,0,/a/0/3/7,166,2,,1580,1776,392,588,196,a5a5ed1c760ca22c7a9b9094ad1a9aa882af9fd2bbdb7281a12872e5a3e67040,000f0019324b00000000000000000000,,,,,False,,,,,,,,,,False,False
/a/0/3/7,/a/0/3/7!/member_00003,0,/a/0/3/7,166,3,,1776,1972,588,784,196,a96872231b4015262dbb2f571b4edd712805b67b27d3f74ba85ca93eb287ec14,190f0019324b00000203020304040404,,,,,False,,,,,,,,,,False,False
/a/0/3/7,/a/0/3/7!/member_00004,0,/a/0/3/7,166,4,,1972,2168,784,980,196,eb34c8dac75219aef147f129f2c5d9131d4736a33c37c6c862fab8764b02fb25,190f0019324b00000304030403030505,,,,,False,,,,,,,,,,False,False
/a/0/3/7,/a/0/3/7!/member_00005,0,/a/0/3/7,166,5,,2168,2364,980,1176,196,dae162982ae8094495adb6099324b43dc1b1dd78bca661cf892113c5185ecf59,000f0019324b00000000000000000000,,,,,False,,,,,,,,,,False,False
/a/0/3/7,/a/0/3/7!/member_00006,0,/a/0/3/7,166,6,,2364,2560,1176,1372,196,0fb8fa7e54499f0fb4f34ee806cb83e8a17f030d14ca9b5c47f82f15f4054ab2,05000000000000000304030405050303,,,,,False,,,,,,,,,,False,False
/a/0/3/7,/a/0/3/7!/member_00007,0,/a/0/3/7,166,7,,2560,2756,1372,1568,196,0fb8fa7e54499f0fb4f34ee806cb83e8a17f030d14ca9b5c47f82f15f4054ab2,05000000000000000304030405050303,,,,,False,,,,,,,,,,False,False
/a/0/3/7,/a/0/3/7!/member_00008,0,/a/0/3/7,166,8,,2756,2952,1568,1764,196,39bb7b0c8876b152ce5d20d66ba4e2e0d266773ac8f385565ea88bec6574717c,190f0019324b00000604060406060606,,,,,False,,,,,,,,,,False,False
/a/0/3/7,/a/0/3/7!/member_00009,0,/a/0/3/7,166,9,,2952,3148,1764,1960,196,55e8ddef299e95c8246f775aac8d9e864d4c7e626a707cb88a6437fe47268a2d,0a0a1419324b00001416141612121818,,,,,False,,,,,,,,,,False,False
/a/0/3/7,/a/0/3/7!/member_00010,0,/a/0/3/7,166,10,,3148,3344,1960,2156,196,a883781c67870338be652242cf086d7dd5c469527eb14442f7f61a60bab3cd14,0f000000000000000505050505050505,,,,,False,,,,,,,,,,False,False
/a/0/3/7,/a/0/3/7!/member_00011,0,/a/0/3/7,166,11,,3344,3540,2156,2352,196,a883781c67870338be652242cf086d7dd5c469527eb14442f7f61a60bab3cd14,0f000000000000000505050505050505,,,,,False,,,,,,,,,,False,False
/a/0/3/7,/a/0/3/7!/member_00012,0,/a/0/3/7,166,12,,3540,3736,2352,2548,196,a883781c67870338be652242cf086d7dd5c469527eb14442f7f61a60bab3cd14,0f000000000000000505050505050505,,,,,False,,,,,,,,,,False,False
/a/0/3/7,/a/0/3/7!/member_00013,0,/a/0/3/7,166,13,,3736,3932,2548,2744,196,a883781c67870338be652242cf086d7dd5c469527eb14442f7f61a60bab3cd14,0f000000000000000505050505050505,,,,,False,,,,,,,,,,False,False
/a/0/3/7,/a/0/3/7!/member_00014,0,/a/0/3/7,166,14,,3932,4128,2744,2940,196,a276bcb3ea48c1312855dca4ef128a3470bb1e069f914518bd5b055708acea18,0a0f0019324b00000606060605050404,,,,,False,,,,,,,,,,False,False
/a/0/3/7,/a/0/3/7!/member_00015,0,/a/0/3/7,166,15,,4128,4324,2940,3136,196,9a24a5f3f7eee8581d178d05b47b674e78f5a86205b5f07f76d947c66e0757bc,0f0f0019324b00000808080807070808,,,,,False,,,,,,,,,,False,False
/a/0/3/7,/a/0/3/7!/member_00016,0,/a/0/3/7,166,16,,4324,4520,3136,3332,196,6d0552d16e1c9fa6fadcec3990ac340ae4c71507c615c371fc22b8b15ce3e0b6,0f0f0019324b00001616161616161515,,,,,False,,,,,,,,,,False,False
/a/0/3/7,/a/0/3/7!/member_00017,0,/a/0/3/7,166,17,,4520,4716,3332,3528,196,8e3c51b1dbda3c0ab19ff34563f87de0174a1fe4d346134645d42b2a2fc631c6,19000000000000000607060706060606,,,,,False,,,,,,,,,,False,False
/a/0/3/7,/a/0/3/7!/member_00018,0,/a/0/3/7,166,18,,4716,4912,3528,3724,196,bfca688588afc93512c5439dbf77b13c1453c3023c49fa82dfe8ef2909172736,050a0019324b00000506050607070606,,,,,False,,,,,,,,,,False,False
/a/0/3/7,/a/0/3/7!/member_00019,0,/a/0/3/7,166,19,,4912,5108,3724,3920,196,d020d332bc85f846b24bc54084508b11621fab1f1ce797b7347e6cda1536b3f6,0f0a0019324b00001517151713131515,,,,,False,,,,,,,,,,False,False
/a/0/3/7,/a/0/3/7!/member_00020,0,/a/0/3/7,166,20,,5108,5304,3920,4116,196,04653fab351a4131f55c35194c2a782fe079fa2cc8537b478ccf73ba059a0e2b,050f0019324b00000506050606060505,,,,,False,,,,,,,,,,False,False
/a/0/3/7,/a/0/3/7!/member_00021,0,/a/0/3/7,166,21,,5304,5500,4116,4312,196,875fd2e097db2220bc0a2eb6cab9ff8e1b133cdef1ce733217115eda8ca1e501,190f0019324b00000a0b0a0b0c0c0a0a,,,,,False,,,,,,,,,,False,False
/a/0/3/7,/a/0/3/7!/member_00022,0,/a/0/3/7,166,22,,5500,5696,4312,4508,196,3125d8a7b6ca7a298b3ef31a73965b1f950debd345d1fe8925728ead0a903631,190f0019324b00000c0c0c0c0e0e0a0a,,,,,False,,,,,,,,,,False,False
/a/0/3/7,/a/0/3/7!/member_00023,0,/a/0/3/7,166,23,,5696,5892,4508,4704,196,f056ed1234cf69ce8ded23b57d501ff59cd08424c90665bc284cfef98512d1cb,19000000000000000a0a0a0a0c0c0c0c,,,,,False,,,,,,,,,,False,False
/a/0/3/7,/a/0/3/7!/member_00024,0,/a/0/3/7,166,24,,5892,6088,4704,4900,196,e7a66b9a5332295519891925372a2be1fa06c0c0fb1637af4252eb71520d4cc3,19000000000000000a0a0a0a0c0c0c0c,,,,,False,,,,,,,,,,False,False
/a/0/3/7,/a/0/3/7!/member_00025,0,/a/0/3/7,166,25,,6088,6284,4900,5096,196,ce13846e3ac2fed609bdd0ca68b363e53a3ee1dfd49fe4cb731acc9594b4cfe7,19000000000000000c0c0c0c0d0d0d0d,,,,,False,,,,,,,,,,False,False
/a/0/3/7,/a/0/3/7!/member_00026,0,/a/0/3/7,166,26,,6284,6480,5096,5292,196,7931bde1bf2862b6c394bc060b70b8739d2eee9b7cc87db8c5d801bb252c2003,19000000000000000d0f0d0f0f0f0e0e,,,,,False,,,,,,,,,,False,False
/a/0/3/7,/a/0/3/7!/member_00027,0,/a/0/3/7,166,27,,6480,6676,5292,5488,196,beb05f8dc3cd99fb0a28014f88dff902c031f6bac691693cf62909752dc66044,000f0019324b00000000000000000000,,,,,False,,,,,,,,,,False,False
/a/0/3/7,/a/0/3/7!/member_00028,0,/a/0/3/7,166,28,,6676,6872,5488,5684,196,ee37e278f20f7c50ba0e61a3571c94fa513bcf0be85697eec38d58321497e504,0a000000000000000d0e0d0e0f0f0e0e,,,,,False,,,,,,,,,,False,False
/a/0/3/7,/a/0/3/7!/member_00029,0,/a/0/3/7,166,29,,6872,7068,5684,5880,196,802effb068cb0e784d1c9cceaed78c43bc12dd3688ad8df028529f44777a2080,0a000000000000000e0e0e0e10101010,,,,,False,,,,,,,,,,False,False
/a/0/3/7,/a/0/3/7!/member_00030,0,/a/0/3/7,166,30,,7068,7264,5880,6076,196,9382514651606ec83a759891e32df6448077eaa7838a2539b857cd77266b90a2,05000000000000001415141516161616,,,,,False,,,,,,,,,,False,False
/a/0/3/7,/a/0/3/7!/member_00031,0,/a/0/3/7,166,31,,7264,7460,6076,6272,196,9382514651606ec83a759891e32df6448077eaa7838a2539b857cd77266b90a2,05000000000000001415141516161616,,,,,False,,,,,,,,,,False,False
/a/0/3/7,/a/0/3/7!/member_00032,0,/a/0/3/7,166,32,,7460,7656,6272,6468,196,9382514651606ec83a759891e32df6448077eaa7838a2539b857cd77266b90a2,05000000000000001415141516161616,,,,,False,,,,,,,,,,False,False
/a/0/3/7,/a/0/3/7!/member_00033,0,/a/0/3/7,166,33,,7656,7852,6468,6664,196,9382514651606ec83a759891e32df6448077eaa7838a2539b857cd77266b90a2,05000000000000001415141516161616,,,,,False,,,,,,,,,,False,False
/a/0/3/7,/a/0/3/7!/member_00034,0,/a/0/3/7,166,34,,7852,8048,6664,6860,196,9382514651606ec83a759891e32df6448077eaa7838a2539b857cd77266b90a2,05000000000000001415141516161616,,,,,False,,,,,,,,,,False,False
/a/0/3/7,/a/0/3/7!/member_00035,0,/a/0/3/7,166,35,,8048,8244,6860,7056,196,9382514651606ec83a759891e32df6448077eaa7838a2539b857cd77266b90a2,05000000000000001415141516161616,,,,,False,,,,,,,,,,False,False
/a/0/3/7,/a/0/3/7!/member_00036,0,/a/0/3/7,166,36,,8244,8440,7056,7252,196,9382514651606ec83a759891e32df6448077eaa7838a2539b857cd77266b90a2,05000000000000001415141516161616,,,,,False,,,,,,,,,,False,False
/a/0/3/7,/a/0/3/7!/member_00037,0,/a/0/3/7,166,37,,8440,8636,7252,7448,196,9382514651606ec83a759891e32df6448077eaa7838a2539b857cd77266b90a2,05000000000000001415141516161616,,,,,False,,,,,,,,,,False,False
/a/0/3/7,/a/0/3/7!/member_00038,0,/a/0/3/7,166,38,,8636,8832,7448,7644,196,8af19302339df355ab1a5080343a7d09d53e41ce5c67fae8d1b9192d8ed2c122,19000000000000001010101010101010,,,,,False,,,,,,,,,,False,False
/a/0/3/7,/a/0/3/7!/member_00039,0,/a/0/3/7,166,39,,8832,9028,7644,7840,196,7c5cc7ef65f0c5286c644d7acd1cb2459a4264865c073c8ff518c9fa3cde384e,19000000000000001011101110101010,,,,,False,,,,,,,,,,False,False
/a/0/3/7,/a/0/3/7!/member_00040,0,/a/0/3/7,166,40,,9028,9224,7840,8036,196,a5a5ed1c760ca22c7a9b9094ad1a9aa882af9fd2bbdb7281a12872e5a3e67040,000f0019324b00000000000000000000,,,,,False,,,,,,,,,,False,False
/a/0/3/7,/a/0/3/7!/member_00041,0,/a/0/3/7,166,41,,9224,9420,8036,8232,196,64961e60127f5173240c71ae1654b6750f26f00359477cff03ffe2f83f7b02d4,000a0019324b00000000000000000000,,,,,False,,,,,,,,,,False,False
/a/0/3/7,/a/0/3/7!/member_00042,0,/a/0/3/7,166,42,,9420,9616,8232,8428,196,40ca827880466f34ab2ec412d07467e9c8c17d55ca6beaaaf844a22a3c3bfa80,000a0019324b00000000000000000000,,,,,False,,,,,,,,,,False,False
/a/0/3/7,/a/0/3/7!/member_00043,0,/a/0/3/7,166,43,,9616,9812,8428,8624,196,4a5d571f54dda0ed02f244f382d193746a44b374d908eb3eda26d60d35fb0406,050a0019324b00001617161718181616,,,,,False,,,,,,,,,,False,False
/a/0/3/7,/a/0/3/7!/member_00044,0,/a/0/3/7,166,44,,9812,10008,8624,8820,196,22180520915bbb0d4e929d58b0ba81418978dd8c0e8a4c72f455d01694931554,05000000000000001617161718181616,,,,,False,,,,,,,,,,False,False
/a/0/3/7,/a/0/3/7!/member_00045,0,/a/0/3/7,166,45,,10008,10204,8820,9016,196,d904e1f1e028ba9058a128a6fd724f0f9892ae8fe49c8f7dc2613183f7f8bbca,00000000000000000000000000000000,,,,,False,,,,,,,,,,False,False
/a/0/3/7,/a/0/3/7!/member_00046,0,/a/0/3/7,166,46,,10204,10400,9016,9212,196,78ff7a14acf4a04c0fe39272bb750189d33d9827048dfb25c17b8a11a683e793,050a0019324b00001617161718181616,,,,,False,,,,,,,,,,False,False
/a/0/3/7,/a/0/3/7!/member_00047,0,/a/0/3/7,166,47,,10400,10596,9212,9408,196,d904e1f1e028ba9058a128a6fd724f0f9892ae8fe49c8f7dc2613183f7f8bbca,00000000000000000000000000000000,,,,,False,,,,,,,,,,False,False
/a/0/3/7,/a/0/3/7!/member_00048,0,/a/0/3/7,166,48,,10596,10792,9408,9604,196,de6ff6ed1f911f3624c6c1517172310d812ebe8eebe6ace3a1c30bd26c7b9f88,05000000000000001718171819191717,,,,,False,,,,,,,,,,False,False
/a/0/3/7,/a/0/3/7!/member_00049,0,/a/0/3/7,166,49,,10792,10988,9604,9800,196,d904e1f1e028ba9058a128a6fd724f0f9892ae8fe49c8f7dc2613183f7f8bbca,00000000000000000000000000000000,,,,,False,,,,,,,,,,False,False
/a/0/3/7,/a/0/3/7!/member_00050,0,/a/0/3/7,166,50,,10988,11184,9800,9996,196,d904e1f1e028ba9058a128a6fd724f0f9892ae8fe49c8f7dc2613183f7f8bbca,00000000000000000000000000000000,,,,,False,,,,,,,,,,False,False
/a/0/3/7,/a/0/3/7!/member_00051,0,/a/0/3/7,166,51,,11184,11380,9996,10192,196,6160e6e361c1c17d097019bcb1a2ff0adfa9c7dd4b829b1fe54d6be3ec92a324,000f1e19324b00000000000000000000,,,,,False,,,,,,,,,,False,False
/a/0/3/7,/a/0/3/7!/member_00052,0,/a/0/3/7,166,52,,11380,11576,10192,10388,196,f0ed19d0abd1383d4d9921b5f7060637bf8630a66677e89779667df7e8bf5d59,190a0019324b00000f0d0f0d0e0e1010,,,,,False,,,,,,,,,,False,False
/a/0/3/7,/a/0/3/7!/member_00053,0,/a/0/3/7,166,53,,11576,11772,10388,10584,196,5338a7ba9bb4cf91c20428f7a0231617f251eb271483d545f8e6162a8158878f,0a0a0019324b00000d0f0d0f0e0e0e0e,,,,,False,,,,,,,,,,False,False
/a/0/3/7,/a/0/3/7!/member_00054,0,/a/0/3/7,166,54,,11772,11968,10584,10780,196,b18baf360c63191a754062ce94d04243d77556c28de595283a918f7a8edb75c3,0a000000000000000d0d0d0d0f0f0e0e,,,,,False,,,,,,,,,,False,False
/a/0/3/7,/a/0/3/7!/member_00055,0,/a/0/3/7,166,55,,11968,12164,10780,10976,196,dc2f24702bf28e0402a15060b1986193c8909bd587782f63e83c9044ba4f72ea,0a0a0019324b00001f201f201f1f1e1e,,,,,False,,,,,,,,,,False,False
/a/0/3/7,/a/0/3/7!/member_00056,0,/a/0/3/7,166,56,,12164,12360,10976,11172,196,da3f87e5fdee34cbc359025eb25567662db88aa3ffca4b9e9fd4e8f2efaeeb7d,0a0a0019324b00000f110f1110101010,,,,,False,,,,,,,,,,False,False
/a/0/3/7,/a/0/3/7!/member_00057,0,/a/0/3/7,166,57,,12360,12556,11172,11368,196,76f01fbd7b3810c7bf072af2d0ccff3d03de46e8b0967d6ac3b6c058addd5008,140a0019324b00000f0f0f0f11110f0f,,,,,False,,,,,,,,,,False,False
/a/0/3/7,/a/0/3/7!/member_00058,0,/a/0/3/7,166,58,,12556,12752,11368,11564,196,42a10ed22990c4cd009c23a45bebbea774c0504c86b152d5c14846d469411873,000a0019324b00000000000000000000,,,,,False,,,,,,,,,,False,False
/a/0/3/7,/a/0/3/7!/member_00059,0,/a/0/3/7,166,59,,12752,12948,11564,11760,196,5b6585020561112a641920eb970ba73b2596672f41347ee8b88a30477728b87d,190a0019324b00001716171616161818,,,,,False,,,,,,,,,,False,False
/a/0/3/7,/a/0/3/7!/member_00060,0,/a/0/3/7,166,60,,12948,13144,11760,11956,196,fc895fa15f502ae2a33edc41d5adc7cb36060cdc42064af961f0cfd3893fbe75,05000000000000001516151616161717,,,,,False,,,,,,,,,,False,False
/a/0/3/7,/a/0/3/7!/member_00061,0,/a/0/3/7,166,61,,13144,13340,11956,12152,196,fc895fa15f502ae2a33edc41d5adc7cb36060cdc42064af961f0cfd3893fbe75,05000000000000001516151616161717,,,,,False,,,,,,,,,,False,False
/a/0/3/7,/a/0/3/7!/member_00062,0,/a/0/3/7,166,62,,13340,13536,12152,12348,196,0d41c08332c5f8fe55270b95d3b17fcea4a37f70f1ce6d09e442e0064e866a77,05000000000000001617161717171818,,,,,False,,,,,,,,,,False,False
/a/0/3/7,/a/0/3/7!/member_00063,0,/a/0/3/7,166,63,,13536,13732,12348,12544,196,0d41c08332c5f8fe55270b95d3b17fcea4a37f70f1ce6d09e442e0064e866a77,05000000000000001617161717171818,,,,,False,,,,,,,,,,False,False
/a/0/3/7,/a/0/3/7!/member_00064,0,/a/0/3/7,166,64,,13732,13928,12544,12740,196,d904e1f1e028ba9058a128a6fd724f0f9892ae8fe49c8f7dc2613183f7f8bbca,00000000000000000000000000000000,,,,,False,,,,,,,,,,False,False
/a/0/3/7,/a/0/3/7!/member_00065,0,/a/0/3/7,166,65,,13928,14124,12740,12936,196,d9c5a3c8bbbe02e5598f585778be606fdce4ac8a44004040742e45ed7eb6503f,000a0019324b00000000000000000000,,,,,False,,,,,,,,,,False,False
/a/0/3/7,/a/0/3/7!/member_00066,0,/a/0/3/7,166,66,,14124,14320,12936,13132,196,49dc3b613f5ea8e04c586ca1d9fd585ea6080fdf9e2a15209c9ca4cd7bde9100,000a0019324b00000000000000000000,,,,,False,,,,,,,,,,False,False
/a/0/3/7,/a/0/3/7!/member_00067,0,/a/0/3/7,166,67,,14320,14516,13132,13328,196,1ceb1d09712bd1fd2fb77e161ecfa915661e9dfd9bf38e1aa080593366364d1b,190a0019324b00001717171718181414,,,,,False,,,,,,,,,,False,False
/a/0/3/7,/a/0/3/7!/member_00068,0,/a/0/3/7,166,68,,14516,14712,13328,13524,196,7c3c69823a72057f866fde22a180d05a7ad0dcdfb945a0f6e667f81a7d650ad2,19000000000000000302030202020202,,,,,False,,,,,,,,,,False,False
/a/0/3/7,/a/0/3/7!/member_00069,0,/a/0/3/7,166,69,,14712,14908,13524,13720,196,00f85fa3c36b6fb6b13b762438f2e7be02c3e4dc05f667026776caa9baa25853,0a0a3219324b00000302030202020404,,,,,False,,,,,,,,,,False,False
/a/0/3/7,/a/0/3/7!/member_00070,0,/a/0/3/7,166,70,,14908,15104,13720,13916,196,d8654247ee8416210643cc039840f0c53fc05ce97ca752a058d6ad9d8ccd6fc7,0a0a0019324b00001717171719191414,,,,,False,,,,,,,,,,False,False
/a/0/3/7,/a/0/3/7!/member_00071,0,/a/0/3/7,166,71,,15104,15300,13916,14112,196,7f6e1d869c43fc215b7eeba2570b03dbd05c75bc4237f298acd59330aeb7db5a,190f0019324b000023232221201f201f,,,,,False,,,,,,,,,,False,False
/a/0/3/7,/a/0/3/7!/member_00072,0,/a/0/3/7,166,72,,15300,15496,14112,14308,196,28493fa7894bc2833e46756e96d7a11a187aa146a0c64444d391c067e92cf7b5,000f0019324b00000000000000000000,,,,,False,,,,,,,,,,False,False
/a/0/3/7,/a/0/3/7!/member_00073,0,/a/0/3/7,166,73,,15496,15692,14308,14504,196,dbc519946692f964fd4c3378853b67f099b3a885c9d8e6dca101d513dfcc6288,000f0019324b00000000000000000000,,,,,False,,,,,,,,,,False,False
/a/0/3/7,/a/0/3/7!/member_00074,0,/a/0/3/7,166,74,,15692,15888,14504,14700,196,cdd9373649647c6ddfd7bb34b1cb63d3e5312fdc412204b51a7c5ad1c4c67026,05000000000000001c201c1d1e201b1a,,,,,False,,,,,,,,,,False,False
/a/0/3/7,/a/0/3/7!/member_00075,0,/a/0/3/7,166,75,,15888,16084,14700,14896,196,2de4299ce2cc5353ea9688ebc789f592b21b6f62976386d943fa8a8d63889124,050000000000000020221c2220221d1c,,,,,False,,,,,,,,,,False,False
/a/0/3/7,/a/0/3/7!/member_00076,0,/a/0/3/7,166,76,,16084,16280,14896,15092,196,ffa652ae108997cf090e74a7089e696646fac1881267a093af9d407c0088c480,050000000000000021231e2321231e1d,,,,,False,,,,,,,,,,False,False
/a/0/3/7,/a/0/3/7!/member_00077,0,/a/0/3/7,166,77,,16280,16476,15092,15288,196,3c395b4de05ef93093c75646bf6fdae430b0d99233d2b1ec80d5d739cb17cddd,0a00000000000000232420222224201f,,,,,False,,,,,,,,,,False,False
/a/0/3/7,/a/0/3/7!/member_00078,0,/a/0/3/7,166,78,,16476,16672,15288,15484,196,b2ccb52d5407c7a3c44314b62a5bc87680848b045ccd3baaa2733b4a727bd982,0a050019324b00002528222226262726,,,,,False,,,,,,,,,,False,False
/a/0/3/7,/a/0/3/7!/member_00079,0,/a/0/3/7,166,79,,16672,16868,15484,15680,196,c7eddacb2fd4221011d52f3fd0a904d75fab536e2fd27d64f105fd327196e220,050a0019324b00002d302d30302f2d2d,,,,,False,,,,,,,,,,False,False
/a/0/3/7,/a/0/3/7!/member_00080,0,/a/0/3/7,166,80,,16868,17064,15680,15876,196,8f04518ff5c58564df5e0bccf5cbda43bad77a0336d434a063d6af8809bc8cec,0a0a0019324b00002d302e3030322d2d,,,,,False,,,,,,,,,,False,False
/a/0/3/7,/a/0/3/7!/member_00081,0,/a/0/3/7,166,81,,17064,17260,15876,16072,196,96dbfdfc04ca8c89d3747ee6cd3a56af43f47c14d59437173f16dca263099e85,0a0a0019324b000032302d302f2f2d2d,,,,,False,,,,,,,,,,False,False
/a/0/3/7,/a/0/3/7!/member_00082,0,/a/0/3/7,166,82,,17260,17456,16072,16268,196,aafcfff82ad7403382a966251ee13b7a40a4d34c32f770d029cf4e9ad8edccaf,000f0019324b00000000000000000000,,,,,False,,,,,,,,,,False,False
/a/0/3/7,/a/0/3/7!/member_00083,0,/a/0/3/7,166,83,,17456,17652,16268,16464,196,147ac09b4794ccdf9847ef73c55f2b5b5deb96b219cb5221c9b0335dc6f2ab09,0a001e00000000001613141613141214,,,,,False,,,,,,,,,,False,False
/a/0/3/7,/a/0/3/7!/member_00084,0,/a/0/3/7,166,84,,17652,17848,16464,16660,196,9382514651606ec83a759891e32df6448077eaa7838a2539b857cd77266b90a2,05000000000000001415141516161616,,,,,False,,,,,,,,,,False,False
/a/0/3/7,/a/0/3/7!/member_00085,0,/a/0/3/7,166,85,,17848,18044,16660,16856,196,01268f9a4fd076531ae1711deb0132ad84edacb608da5cc580f884a1684e228c,190a0019324b0000292a292a2a2a2c2c,,,,,False,,,,,,,,,,False,False
/a/0/3/7,/a/0/3/7!/member_00086,0,/a/0/3/7,166,86,,18044,18240,16856,17052,196,44f7eae6002a5ff1601d198828e01c77db2770d6eb63678bc45d2909d888b567,0a0a0019324b00002a2c2a2c2b2b2a29,,,,,False,,,,,,,,,,False,False
/a/0/3/7,/a/0/3/7!/member_00087,0,/a/0/3/7,166,87,,18240,18436,17052,17248,196,3bdf06002214f1ef90b9c5e6d986081ecbe775dd51fafd116c385523f37698e1,14000000000000003330333030303232,,,,,False,,,,,,,,,,False,False
/a/0/3/7,/a/0/3/7!/member_00088,0,/a/0/3/7,166,88,,18436,18632,17248,17444,196,6b3d76462184ac6c6eab3981c2a4f68344490e28a7839d137ed3f27d1cfff0d5,0a000000000000002d302d2e302f2d2d,,,,,False,,,,,,,,,,False,False
/a/0/3/7,/a/0/3/7!/member_00089,0,/a/0/3/7,166,89,,18632,18828,17444,17640,196,3ac5399f853020d4a1beab3b0253b1ce1b823fcdc3a9a368a9558a2ce77670a4,140a0019324b00002d302d302f2f1e2d,,,,,False,,,,,,,,,,False,False
/a/0/3/7,/a/0/3/7!/member_00090,0,/a/0/3/7,166,90,,18828,19024,17640,17836,196,d904e1f1e028ba9058a128a6fd724f0f9892ae8fe49c8f7dc2613183f7f8bbca,00000000000000000000000000000000,,,,,False,,,,,,,,,,False,False
/a/0/3/7,/a/0/3/7!/member_00091,0,/a/0/3/7,166,91,,19024,19220,17836,18032,196,f2b827c298c18ebc20507d59b0abf9725b9dfe697bbcce7806078f87e3d23a97,140f0064646400001414141414141414,,,,,False,,,,,,,,,,False,False
/a/0/3/7,/a/0/3/7!/member_00092,0,/a/0/3/7,166,92,,19220,19416,18032,18228,196,6d81168de312be8f654ea37973522827b8ccc876535593c40acdfd6c76ef73af,000f0019324b00000000000000000000,,,,,False,,,,,,,,,,False,False
/a/0/3/7,/a/0/3/7!/member_00093,0,/a/0/3/7,166,93,,19416,19612,18228,18424,196,186d2425a76c5f35b6331995c5340497d3107c84f070e3db1a385d860153cde1,000a1e19324b00000000000000000000,,,,,False,,,,,,,,,,False,False
/a/0/3/7,/a/0/3/7!/member_00094,0,/a/0/3/7,166,94,,19612,19808,18424,18620,196,f5899a13fb334684aeccae05bf840cf3a3b2f7a04a7e0f577286ef3fca2f346a,000a0019324b00000000000000000000,,,,,False,,,,,,,,,,False,False
/a/0/3/7,/a/0/3/7!/member_00095,0,/a/0/3/7,166,95,,19808,20004,18620,18816,196,5a62045bd4157950446c1a1f8ed8dbcdb483a692981fb2d1493f654e8cd1f993,000f0019324b00000000000000000000,,,,,False,,,,,,,,,,False,False
/a/0/3/7,/a/0/3/7!/member_00096,0,/a/0/3/7,166,96,,20004,20200,18816,19012,196,438d4a92cac50ac57d869784d7ef80c50be5fa0126f4f919d8653a7adcd99f49,000f0019324b00000000000000000000,,,,,False,,,,,,,,,,False,False
/a/0/3/7,/a/0/3/7!/member_00097,0,/a/0/3/7,166,97,,20200,20396,19012,19208,196,28c36f8372ba2a7cc3d51be252a898fd1536d46d05fabf4282ad4be9ab7043dc,000a0019324b00000000000000000000,,,,,False,,,,,,,,,,False,False
/a/0/3/7,/a/0/3/7!/member_00098,0,/a/0/3/7,166,98,,20396,20592,19208,19404,196,370cafe2908bdf27c6e742dffaef54653cd43effbd4f66938b0d6f2d00eaf784,000f2819324b00000000000000000000,,,,,False,,,,,,,,,,False,False
/a/0/3/7,/a/0/3/7!/member_00099,0,/a/0/3/7,166,99,,20592,20788,19404,19600,196,48b7c70c833ccadc997b9440a00add387d5d53f206a4653b1750c487ba3ae164,000f0000000000000000000000000000,,,,,False,,,,,,,,,,False,False
/a/0/3/7,/a/0/3/7!/member_00100,0,/a/0/3/7,166,100,,20788,20984,19600,19796,196,7fc15173e5a044bc905c9442659014262d227c3beddb1b7307ad939131df0b20,000f0019324b00000000000000000000,,,,,False,,,,,,,,,,False,False
/a/0/3/7,/a/0/3/7!/member_00101,0,/a/0/3/7,166,101,,20984,21180,19796,19992,196,5a62045bd4157950446c1a1f8ed8dbcdb483a692981fb2d1493f654e8cd1f993,000f0019324b00000000000000000000,,,,,False,,,,,,,,,,False,False
/a/0/3/7,/a/0/3/7!/member_00102,0,/a/0/3/7,166,102,,21180,21376,19992,20188,196,bbfade62b83ad5a59fc925275afb7a6c7d57137cc84ed57525a7b4ea12e591aa,19000000000000001914141516181514,,,,,False,,,,,,,,,,False,False
/a/0/3/7,/a/0/3/7!/member_00103,0,/a/0/3/7,166,103,,21376,21572,20188,20384,196,d480983238cc6d8b022801f0281338875f1acfe1658ca2a2ba209ac0413777bd,190a0019324b00001c1c1c1c20201e1e,,,,,False,,,,,,,,,,False,False
/a/0/3/7,/a/0/3/7!/member_00104,0,/a/0/3/7,166,104,,21572,21768,20384,20580,196,16dcdcf7e79c99ace494e93518d6cfd87fe767a873224264c1f4203879ba388d,190a0019324b00001c1c1c1c1e1e1e1e,,,,,False,,,,,,,,,,False,False
/a/0/3/7,/a/0/3/7!/member_00105,0,/a/0/3/7,166,105,,21768,21964,20580,20776,196,d9303bd102359582005fcfe759a638c4c666f34828d9b2677926540d325314dd,190a0019324b00002728272828282a2a,,,,,False,,,,,,,,,,False,False
/a/0/3/7,/a/0/3/7!/member_00106,0,/a/0/3/7,166,106,,21964,22160,20776,20972,196,ccacbb4f5d11052dafd21cecfbed937f28cdcf35184db3a98306d86d8f671f29,0f000000000000000608060808080c0c,,,,,False,,,,,,,,,,False,False
/a/0/3/7,/a/0/3/7!/member_00107,0,/a/0/3/7,166,107,,22160,22356,20972,21168,196,ccacbb4f5d11052dafd21cecfbed937f28cdcf35184db3a98306d86d8f671f29,0f000000000000000608060808080c0c,,,,,False,,,,,,,,,,False,False
/a/0/3/7,/a/0/3/7!/member_00108,0,/a/0/3/7,166,108,,22356,22552,21168,21364,196,cfe5de24cc9d04b725ae9b249e150ad3788ace7f48b5237a905db8f0c4618c7b,0f000000000000000a0a0a0a0c0c0808,,,,,False,,,,,,,,,,False,False
/a/0/3/7,/a/0/3/7!/member_00109,0,/a/0/3/7,166,109,,22552,22748,21364,21560,196,591560b2850e19db4138e70a426c849e8e12feeb42f4283164ae31fb70413a2f,0f001400000000000c0c0c0c10100a0a,,,,,False,,,,,,,,,,False,False
/a/0/3/7,/a/0/3/7!/member_00110,0,/a/0/3/7,166,110,,22748,22944,21560,21756,196,43d7f3ec1e49fb21a0e1df73a17bafc01279382142b2e273d876dc913577a195,0a000000000000002020202021212222,,,,,False,,,,,,,,,,False,False
/a/0/3/7,/a/0/3/7!/member_00111,0,/a/0/3/7,166,111,,22944,23140,21756,21952,196,007dbc97b90af87d5f4190b800f510dbda57e70bef909f026f0f3aa82268190d,14000000000000000202020203030303,,,,,False,,,,,,,,,,False,False
/a/0/3/7,/a/0/3/7!/member_00112,0,/a/0/3/7,166,112,,23140,23336,21952,22148,196,447341bbdc998624e299f43cb921b31efcf8143b93aca0591f09480c1d400554,14000000000000000303030305050708,,,,,False,,,,,,,,,,False,False
/a/0/3/7,/a/0/3/7!/member_00113,0,/a/0/3/7,166,113,,23336,23532,22148,22344,196,80761be134119e0e66ef2cc7547b2b1be6ae830a5aaf6d7ad0cedd11750566a7,14000000000000000505050508080606,,,,,False,,,,,,,,,,False,False
/a/0/3/7,/a/0/3/7!/member_00114,0,/a/0/3/7,166,114,,23532,23728,22344,22540,196,c3028b9250a81c3f30d62a584b9807f369a9477d745f97d2132e3b17c62b5934,140f0019324b00000505050508080606,,,,,False,,,,,,,,,,False,False
/a/0/3/7,/a/0/3/7!/member_00115,0,/a/0/3/7,166,115,,23728,23924,22540,22736,196,4de43c1ec2071dc05bd5a39926bd5357c38535915303e08cc96a40b0626b18b3,14000000000000000d0d0d0d0e0e0f0f,,,,,False,,,,,,,,,,False,False
/a/0/3/7,/a/0/3/7!/member_00116,0,/a/0/3/7,166,116,,23924,24120,22736,22932,196,7a4a6cf6f4d88eb0bb818b5d304bc4fa1b28ba17c52da82dc36d743b8a213da0,140f0019324b00000d0d0d0d0e0e0f0f,,,,,False,,,,,,,,,,False,False
/a/0/3/7,/a/0/3/7!/member_00117,0,/a/0/3/7,166,117,,24120,24316,22932,23128,196,2a75b98cecdf5aaac7ab263362b6a42c490e9957c8ea196dc8ef0e565d009770,14000000000000001111111112121313,,,,,False,,,,,,,,,,False,False
/a/0/3/7,/a/0/3/7!/member_00118,0,/a/0/3/7,166,118,,24316,24512,23128,23324,196,c6fbc6de40207f61335572069ae0c3c9d40b004834fa47e29ed00497da198e0d,1400000000000000111311130f0f1212,,,,,False,,,,,,,,,,False,False
/a/0/3/7,/a/0/3/7!/member_00119,0,/a/0/3/7,166,119,,24512,24708,23324,23520,196,cdaf71011c1c0176bd3120c269fdebbee5ab3cbe6aeb8b9c836de49fd980f3a7,140f0019324b00000d0f0d0f0d0d0f0f,,,,,False,,,,,,,,,,False,False
/a/0/3/7,/a/0/3/7!/member_00120,0,/a/0/3/7,166,120,,24708,24904,23520,23716,196,d3e8f222440f1ad634173d835e572d9254ba135f76412fba10b3532a85b1239d,140f0019324b00001011101110101212,,,,,False,,,,,,,,,,False,False
/a/0/3/7,/a/0/3/7!/member_00121,0,/a/0/3/7,166,121,,24904,25100,23716,23912,196,fc47991ef5ddb2ae580b36a39fa2beff100a7a5ac7cd2b8080936ae23c54fbdc,14000000000000000e0f0e0f0f0f1010,,,,,False,,,,,,,,,,False,False
/a/0/3/7,/a/0/3/7!/member_00122,0,/a/0/3/7,166,122,,25100,25296,23912,24108,196,dba51787b39df42e0e9e456ec406358a1f02b065c884fc116bdf3ed19dfab807,140f0019324b00001717171719191616,,,,,False,,,,,,,,,,False,False
/a/0/3/7,/a/0/3/7!/member_00123,0,/a/0/3/7,166,123,,25296,25492,24108,24304,196,de8a491254f18c255352d02a474930f700bd772030f327c96eecf2820a3b23b1,14000000000000001717171719191818,,,,,False,,,,,,,,,,False,False
/a/0/3/7,/a/0/3/7!/member_00124,0,/a/0/3/7,166,124,,25492,25688,24304,24500,196,a18a0a0044a63d56a503d7916d3e4415716c2ec97b8d62559bcd60ec6344e7b6,14000000000000001717171719191616,,,,,False,,,,,,,,,,False,False
/a/0/3/7,/a/0/3/7!/member_00125,0,/a/0/3/7,166,125,,25688,25884,24500,24696,196,8ceb81120744e201d4b3098b4cefe70c879532e643867c77a6e9758f2712ed59,14000000000000001a1b1a1b1c1c1d1d,,,,,False,,,,,,,,,,False,False
/a/0/3/7,/a/0/3/7!/member_00126,0,/a/0/3/7,166,126,,25884,26080,24696,24892,196,d787cd931a2f325a50873bdde39ccdcb8b57fc39419bedbb4bc05c8221ea2c58,14000000000000001c1b1c1b1d1d1e1e,,,,,False,,,,,,,,,,False,False
/a/0/3/7,/a/0/3/7!/member_00127,0,/a/0/3/7,166,127,,26080,26276,24892,25088,196,cb311ac40e125afb8d86b5ffb2354f54fcf263059348c3fe222a1b4a166dab19,14000000000000001a1b1a1b1c1c1d1d,,,,,False,,,,,,,,,,False,False
/a/0/3/7,/a/0/3/7!/member_00128,0,/a/0/3/7,166,128,,26276,26472,25088,25284,196,7f581c081ba4fc239c4c491ddaf6d0573e7efc5052bf95f77376c4ffced9e9f1,140a0019324b00001e191e1923231414,,,,,False,,,,,,,,,,False,False
/a/0/3/7,/a/0/3/7!/member_00129,0,/a/0/3/7,166,129,,26472,26668,25284,25480,196,f667ca848c4e6de1256f21a2323efa0abc9f06e5279120447b156249567c9440,140a0019324b00000303030305050404,,,,,False,,,,,,,,,,False,False
/a/0/3/7,/a/0/3/7!/member_00130,0,/a/0/3/7,166,130,,26668,26864,25480,25676,196,e2d7388f6581a99f4e7c82793f1478243a5f0867f6eebe7dde399ccd66b905a7,140a0019324b0000080a080a09090c0c,,,,,False,,,,,,,,,,False,False
/a/0/3/7,/a/0/3/7!/member_00131,0,/a/0/3/7,166,131,,26864,27060,25676,25872,196,a8dbae4616d8ec99842edf8cc81c2c5ea51bbb794bd3c3304745df59a4f8456c,140a0019324b0000080a080a08080909,,,,,False,,,,,,,,,,False,False
/a/0/3/7,/a/0/3/7!/member_00132,0,/a/0/3/7,166,132,,27060,27256,25872,26068,196,63f3faf1f4e380ad09bb38ce47e09b5e283dda7ae3926a3dcf018421a5ca2a42,0f0a0019324b00001616161616161515,,,,,False,,,,,,,,,,False,False
/a/0/3/7,/a/0/3/7!/member_00133,0,/a/0/3/7,166,133,,27256,27452,26068,26264,196,5ed0f5bfdee3a17f3738fd5312b8e338cac73c1ab133f92a898e090d2cecb47c,0a000000000000000f110f1113130d0d,,,,,False,,,,,,,,,,False,False
/a/0/3/7,/a/0/3/7!/member_00134,0,/a/0/3/7,166,134,,27452,27648,26264,26460,196,43d7f3ec1e49fb21a0e1df73a17bafc01279382142b2e273d876dc913577a195,0a000000000000002020202021212222,,,,,False,,,,,,,,,,False,False
/a/0/3/7,/a/0/3/7!/member_00135,0,/a/0/3/7,166,135,,27648,27844,26460,26656,196,b921aa18376d5d48489bb6c84590ea66e25b060343f128d358c5b1e6b7b680e9,0a002800000000002020202021212222,,,,,False,,,,,,,,,,False,False
/a/0/3/7,/a/0/3/7!/member_00136,0,/a/0/3/7,166,136,,27844,28040,26656,26852,196,9a00e1df41fb96920d1f237559c7c8be8c814fb7ce76fd42040021401f15df60,14000000000000000303030305050708,,,,,False,,,,,,,,,,False,False
/a/0/3/7,/a/0/3/7!/member_00137,0,/a/0/3/7,166,137,,28040,28236,26852,27048,196,c4899f50f5070339490d83eec19cb983d4e5d03659947087177c8b1de689475d,0f000000000000000303030305050707,,,,,False,,,,,,,,,,False,False
/a/0/3/7,/a/0/3/7!/member_00138,0,/a/0/3/7,166,138,,28236,28432,27048,27244,196,d904e1f1e028ba9058a128a6fd724f0f9892ae8fe49c8f7dc2613183f7f8bbca,00000000000000000000000000000000,,,,,False,,,,,,,,,,False,False
/a/0/3/7,/a/0/3/7!/member_00139,0,/a/0/3/7,166,139,,28432,28628,27244,27440,196,5146bf920d0c1bb0998870278c6912e0d9426d7cf7ad19281e1a686e6769f2f8,0a0a0519324b00002726262628272825,,,,,False,,,,,,,,,,False,False
/a/0/3/7,/a/0/3/7!/member_00140,0,/a/0/3/7,166,140,,28628,28824,27440,27636,196,a8ce8686fc46896b6727fbd3cb7200293fc6287944c4bfd88ddc1808abb8331c,0a0a0019324b00002a282927292a292a,,,,,False,,,,,,,,,,False,False
/a/0/3/7,/a/0/3/7!/member_00141,0,/a/0/3/7,166,141,,28824,29020,27636,27832,196,7314cc8f1f8683bea29219c9eebbffdd02898aaa3cca63449b6dc6b9a9f0a5ea,0a0a0519324b00002e2d2f2d2d2d2e2f,,,,,False,,,,,,,,,,False,False
/a/0/3/8,/a/0/3/8!/member_00000,0,/a/0/3/8,167,0,,460,812,0,352,352,b8066f0a1ad3fa4659a458e4972843ae545c4952725a7f71e7d4e5769c50b2eb,5247434efffe01016001000010000200,,NCGR graphics,Confirmed,True,False,,,,,,,,,,False,False
/a/0/3/8,/a/0/3/8!/member_00001,0,/a/0/3/8,167,1,,812,1164,352,704,352,7627a03f68f5cd89bab4302327c758935c6a784bde9894f2b1048a4aa1127623,5247434efffe01016001000010000200,,NCGR graphics,Confirmed,True,False,,,,,,,,,,False,False
/a/0/3/8,/a/0/3/8!/member_00002,0,/a/0/3/8,167,2,,1164,1804,704,1344,640,eac9ac8c0c802abadd5767616f5e87a88c429ad45bf59ba05fe069b66754aadf,5247434efffe01018002000010000200,,NCGR graphics,Confirmed,True,False,,,,,,,,,,False,False
/a/0/3/8,/a/0/3/8!/member_00003,0,/a/0/3/8,167,3,,1804,2444,1344,1984,640,eac9ac8c0c802abadd5767616f5e87a88c429ad45bf59ba05fe069b66754aadf,5247434efffe01018002000010000200,,NCGR graphics,Confirmed,True,False,,,,,,,,,,False,False
/a/0/3/8,/a/0/3/8!/member_00004,0,/a/0/3/8,167,4,,2444,3084,1984,2624,640,6eb5a44105132fdb0c74c591ac6b40ac6083f3b0906132deb51640dd6d1d30c9,5247434efffe01018002000010000200,,NCGR graphics,Confirmed,True,False,,,,,,,,,,False,False
/a/0/3/8,/a/0/3/8!/member_00005,0,/a/0/3/8,167,5,,3084,3724,2624,3264,640,6eb5a44105132fdb0c74c591ac6b40ac6083f3b0906132deb51640dd6d1d30c9,5247434efffe01018002000010000200,,NCGR graphics,Confirmed,True,False,,,,,,,,,,False,False
/a/0/3/8,/a/0/3/8!/member_00006,0,/a/0/3/8,167,6,,3724,4364,3264,3904,640,6eb5a44105132fdb0c74c591ac6b40ac6083f3b0906132deb51640dd6d1d30c9,5247434efffe01018002000010000200,,NCGR graphics,Confirmed,True,False,,,,,,,,,,False,False
/a/0/3/8,/a/0/3/8!/member_00007,0,/a/0/3/8,167,7,,4364,5004,3904,4544,640,6eb5a44105132fdb0c74c591ac6b40ac6083f3b0906132deb51640dd6d1d30c9,5247434efffe01018002000010000200,,NCGR graphics,Confirmed,True,False,,,,,,,,,,False,False
/a/0/3/8,/a/0/3/8!/member_00008,0,/a/0/3/8,167,8,,5004,5644,4544,5184,640,6eb5a44105132fdb0c74c591ac6b40ac6083f3b0906132deb51640dd6d1d30c9,5247434efffe01018002000010000200,,NCGR graphics,Confirmed,True,False,,,,,,,,,,False,False
/a/0/3/8,/a/0/3/8!/member_00009,0,/a/0/3/8,167,9,,5644,6284,5184,5824,640,db3651c8690b789278c193ffae4d030a0d005b21fd24053f289b5427125dc4f1,5247434efffe01018002000010000200,,NCGR graphics,Confirmed,True,False,,,,,,,,,,False,False
/a/0/3/8,/a/0/3/8!/member_00010,0,/a/0/3/8,167,10,,6284,6924,5824,6464,640,db3651c8690b789278c193ffae4d030a0d005b21fd24053f289b5427125dc4f1,5247434efffe01018002000010000200,,NCGR graphics,Confirmed,True,False,,,,,,,,,,False,False
/a/0/3/8,/a/0/3/8!/member_00011,0,/a/0/3/8,167,11,,6924,7564,6464,7104,640,6d7e9dca7021f64677833bd56dff387a8d33297fb43a8186969737c8dfe81e93,5247434efffe01018002000010000200,,NCGR graphics,Confirmed,True,False,,,,,,,,,,False,False
/a/0/3/8,/a/0/3/8!/member_00012,0,/a/0/3/8,167,12,,7564,8204,7104,7744,640,1cfa6044f6ab3743f79edd0c8cc5efa0b23ebfdc07ca126ea1088b827c362f72,5247434efffe01018002000010000200,,NCGR graphics,Confirmed,True,False,,,,,,,,,,False,False
/a/0/3/8,/a/0/3/8!/member_00013,0,/a/0/3/8,167,13,,8204,8844,7744,8384,640,1cfa6044f6ab3743f79edd0c8cc5efa0b23ebfdc07ca126ea1088b827c362f72,5247434efffe01018002000010000200,,NCGR graphics,Confirmed,True,False,,,,,,,,,,False,False
/a/0/3/8,/a/0/3/8!/member_00014,0,/a/0/3/8,167,14,,8844,9484,8384,9024,640,534ab2f48f8ac3f532bc5605664964adec838d072065a370c4f90ebc244654c4,5247434efffe01018002000010000200,,NCGR graphics,Confirmed,True,False,,,,,,,,,,False,False
/a/0/3/8,/a/0/3/8!/member_00015,0,/a/0/3/8,167,15,,9484,10124,9024,9664,640,9202904912bebdceec9bc11e471af1d3d10326c824082ca70c599ea690db5039,5247434efffe01018002000010000200,,NCGR graphics,Confirmed,True,False,,,,,,,,,,False,False
/a/0/3/8,/a/0/3/8!/member_00016,0,/a/0/3/8,167,16,,10124,10764,9664,10304,640,b5656b2915f849c3bb1bcb1714b194a6084ca10bd381a65ebc9334452e78b9cd,5247434efffe01018002000010000200,,NCGR graphics,Confirmed,True,False,,,,,,,,,,False,False
/a/0/3/8,/a/0/3/8!/member_00017,0,/a/0/3/8,167,17,,10764,11404,10304,10944,640,5047d0fe96c9d0183b9627686a8f8d76ba2ba3895383f83a849f988f35a66ee2,5247434efffe01018002000010000200,,NCGR graphics,Confirmed,True,False,,,,,,,,,,False,False
/a/0/3/8,/a/0/3/8!/member_00018,0,/a/0/3/8,167,18,,11404,12044,10944,11584,640,739cea364f654282b1c24bdfec0148339cf4378ea84d08377e3dccc0065f5c57,5247434efffe01018002000010000200,,NCGR graphics,Confirmed,True,False,,,,,,,,,,False,False
/a/0/3/8,/a/0/3/8!/member_00019,0,/a/0/3/8,167,19,,12044,12684,11584,12224,640,986f490fbb87eb960dda8542e41f3df5732864e4338762c15be88e8af7fd9771,5247434efffe01018002000010000200,,NCGR graphics,Confirmed,True,False,,,,,,,,,,False,False
/a/0/3/8,/a/0/3/8!/member_00020,0,/a/0/3/8,167,20,,12684,13324,12224,12864,640,a7e5a8c09b7d087620a7b7d0d0cc5630e8b4eb59980664e270a26af2dd7fa643,5247434efffe01018002000010000200,,NCGR graphics,Confirmed,True,False,,,,,,,,,,False,False
/a/0/3/8,/a/0/3/8!/member_00021,0,/a/0/3/8,167,21,,13324,13964,12864,13504,640,e0f8c7e303244b3d34a5b0de7ae5e08603fbd918970d2ab41bfa39f2e0a1eb09,5247434efffe01018002000010000200,,NCGR graphics,Confirmed,True,False,,,,,,,,,,False,False
/a/0/3/8,/a/0/3/8!/member_00022,0,/a/0/3/8,167,22,,13964,14412,13504,13952,448,3067be025b1fb0c6eaff4db2edd9f10b8c04d7373dada27a5818fd9a76ee6f9a,5247434efffe0101c001000010000200,,NCGR graphics,Confirmed,True,False,,,,,,,,,,False,False
/a/0/3/8,/a/0/3/8!/member_00023,0,/a/0/3/8,167,23,,14412,15500,13952,15040,1088,17ea44380163dd9abe7725e25eb0a4c1778fa8cafaef07893a4808d43d8802b6,5247434efffe01014004000010000200,,NCGR graphics,Confirmed,True,False,,,,,,,,,,False,False
/a/0/3/8,/a/0/3/8!/member_00024,0,/a/0/3/8,167,24,,15500,15820,15040,15360,320,1d34a8b50579760b3c4a08ab4f1ef8e16535068dba9d4fa41eef8cd5fb90bcd4,5247434efffe01014001000010000200,,NCGR graphics,Confirmed,True,False,,,,,,,,,,False,False
/a/0/3/8,/a/0/3/8!/member_00025,0,/a/0/3/8,167,25,,15820,16372,15360,15912,552,e79c4c14fc9757c145d436fed71189c2f055f314b71e5c03f6262c191f88e70a,524c434efffe00012802000010000100,,NCLR palette,Confirmed,True,False,,,,,,,,,,False,False
/a/0/3/8,/a/0/3/8!/member_00026,0,/a/0/3/8,167,26,,16372,16924,15912,16464,552,86c04e6169503186a1b724e453bcdc2de603239630780ee6bd3015a71d5b52df,524c434efffe00012802000010000100,,NCLR palette,Confirmed,True,False,,,,,,,,,,False,False
/a/0/3/8,/a/0/3/8!/member_00027,0,/a/0/3/8,167,27,,16924,17476,16464,17016,552,24b1713e887955b6a1ed345850f27d418439208999b2bdf240c46571ed117476,524c434efffe00012802000010000100,,NCLR palette,Confirmed,True,False,,,,,,,,,,False,False
/a/0/3/8,/a/0/3/8!/member_00028,0,/a/0/3/8,167,28,,17476,18028,17016,17568,552,48931fe55a8a071c48888698a67c1bfe78e4cb8e2fe078551b0b9fbc4c977cf8,524c434efffe00012802000010000100,,NCLR palette,Confirmed,True,False,,,,,,,,,,False,False
/a/0/3/8,/a/0/3/8!/member_00029,0,/a/0/3/8,167,29,,18028,18580,17568,18120,552,5752df204b4b8905afd18848feb70af56b294ee9b827da944372f5c2280a58ef,524c434efffe00012802000010000100,,NCLR palette,Confirmed,True,False,,,,,,,,,,False,False
/a/0/3/8,/a/0/3/8!/member_00030,0,/a/0/3/8,167,30,,18580,19132,18120,18672,552,350ae58d51451ef8eb2c6fa4526044929e804c079a59debc81e7f96e6325b7af,524c434efffe00012802000010000100,,NCLR palette,Confirmed,True,False,,,,,,,,,,False,False
/a/0/3/8,/a/0/3/8!/member_00031,0,/a/0/3/8,167,31,,19132,19684,18672,19224,552,ffc1e9e233f419aa287438aa3b899e997be1775841526ba5ecd313d89afd067e,524c434efffe00012802000010000100,,NCLR palette,Confirmed,True,False,,,,,,,,,,False,False
/a/0/3/8,/a/0/3/8!/member_00032,0,/a/0/3/8,167,32,,19684,20236,19224,19776,552,013680a734bc0a010aea8fbe533376676273aea5a343a03d5a945669ee062155,524c434efffe00012802000010000100,,NCLR palette,Confirmed,True,False,,,,,,,,,,False,False
/a/0/3/8,/a/0/3/8!/member_00033,0,/a/0/3/8,167,33,,20236,20788,19776,20328,552,09adb7efdaf716e4962ed0104bdd5ef8aab7e6bcbe0423ad6c35db3beb297e15,524c434efffe00012802000010000100,,NCLR palette,Confirmed,True,False,,,,,,,,,,False,False
/a/0/3/8,/a/0/3/8!/member_00034,0,/a/0/3/8,167,34,,20788,21340,20328,20880,552,aa7878dd3f12b43fa1f39423334a602fa2c1410a5d08a8b7660c22b31c391cba,524c434efffe00012802000010000100,,NCLR palette,Confirmed,True,False,,,,,,,,,,False,False
/a/0/3/8,/a/0/3/8!/member_00035,0,/a/0/3/8,167,35,,21340,21892,20880,21432,552,f0bf12775a1106cc88cfed2f3183fbf3c43bdcbf1ae695efb929fb3de8b2d806,524c434efffe00012802000010000100,,NCLR palette,Confirmed,True,False,,,,,,,,,,False,False
/a/0/3/8,/a/0/3/8!/member_00036,0,/a/0/3/8,167,36,,21892,22444,21432,21984,552,b3f40be3b73e86c28894822a6c6427474586394764f6f75c3565a9c93363de61,524c434efffe00012802000010000100,,NCLR palette,Confirmed,True,False,,,,,,,,,,False,False
/a/0/3/8,/a/0/3/8!/member_00037,0,/a/0/3/8,167,37,,22444,22996,21984,22536,552,3d7307b4d00775f0b057c19b7b08d5224e9632de93b82e7a2e8e6301d0f0cfc7,524c434efffe00012802000010000100,,NCLR palette,Confirmed,True,False,,,,,,,,,,False,False
/a/0/3/8,/a/0/3/8!/member_00038,0,/a/0/3/8,167,38,,22996,23548,22536,23088,552,594c64f7344c33044830bd618d4f58d9ec49bda4d0a3e87f063c941061115bd9,524c434efffe00012802000010000100,,NCLR palette,Confirmed,True,False,,,,,,,,,,False,False
/a/0/3/8,/a/0/3/8!/member_00039,0,/a/0/3/8,167,39,,23548,24100,23088,23640,552,ed346c611fe3951a4e6dffc9539c6fe31c38d8c32681173f096e0ebe6a5192d3,524c434efffe00012802000010000100,,NCLR palette,Confirmed,True,False,,,,,,,,,,False,False
/a/0/3/8,/a/0/3/8!/member_00040,0,/a/0/3/8,167,40,,24100,24652,23640,24192,552,4b6aca00b8ab0389e18b846c4bfe15f1bf024b669ad1cf7c2e5b88a2943485c8,524c434efffe00012802000010000100,,NCLR palette,Confirmed,True,False,,,,,,,,,,False,False
/a/0/3/8,/a/0/3/8!/member_00041,0,/a/0/3/8,167,41,,24652,25204,24192,24744,552,ba09af775e669a31d12ee0af1997372f17c67130b945bcb8f1090fc9e0864d81,524c434efffe00012802000010000100,,NCLR palette,Confirmed,True,False,,,,,,,,,,False,False
/a/0/3/8,/a/0/3/8!/member_00042,0,/a/0/3/8,167,42,,25204,25756,24744,25296,552,613c3e956ca47edd01e2b2bc3b8b19ea4fb81096f8376e4b605a93865b2a02a6,524c434efffe00012802000010000100,,NCLR palette,Confirmed,True,False,,,,,,,,,,False,False
/a/0/3/8,/a/0/3/8!/member_00043,0,/a/0/3/8,167,43,,25756,26308,25296,25848,552,fbd196172c718e256d88a482388018b6f5e94c10a1f5e118767471f1c3367d67,524c434efffe00012802000010000100,,NCLR palette,Confirmed,True,False,,,,,,,,,,False,False
/a/0/3/8,/a/0/3/8!/member_00044,0,/a/0/3/8,167,44,,26308,26860,25848,26400,552,70a3c10ab73d8d280909eeb12ccf2051c30d17dc182862eccdf1e07a6c8792de,524c434efffe00012802000010000100,,NCLR palette,Confirmed,True,False,,,,,,,,,,False,False
/a/0/3/8,/a/0/3/8!/member_00045,0,/a/0/3/8,167,45,,26860,27412,26400,26952,552,60d53f5e7057b69082a22e228e9003e52b6b5ec49b0440e4ffc5a17ce2bfbe71,524c434efffe00012802000010000100,,NCLR palette,Confirmed,True,False,,,,,,,,,,False,False
/a/0/3/8,/a/0/3/8!/member_00046,0,/a/0/3/8,167,46,,27412,27964,26952,27504,552,556495ba57f5fa3f0ceabc9a33ea1ba3d58e2a45f149424bc314b857f8aecb1a,524c434efffe00012802000010000100,,NCLR palette,Confirmed,True,False,,,,,,,,,,False,False
/a/0/3/8,/a/0/3/8!/member_00047,0,/a/0/3/8,167,47,,27964,28166,27504,27706,202,5a9ff7bde24113f823ff49a92b93b7e01f1246e576ea2216876361ab1f6dca50,524e414efffe0001ca00000010000300,,NANR animation,Confirmed,True,False,,,,,,,,,,False,False
/a/0/3/8,/a/0/3/8!/member_00048,0,/a/0/3/8,167,48,,28168,28370,27708,27910,202,775c44235b045ea906cd4c16f5a2d052c61ff9dd098657a198605dece4989deb,5245434efffe0001ca00000010000300,,NCER cell,Confirmed,True,False,,,,,,,,,,False,False
/a/0/3/8,/a/0/3/8!/member_00049,0,/a/0/3/8,167,49,,28372,34820,27912,34360,6448,775178f5ed54bac30a2a12e63cd8d70366cda64456c4e85abdfebd69cc098dbb,5247434efffe01013019000010000100,,NCGR graphics,Confirmed,True,False,,,,,,,,,,False,False
/a/0/3/8,/a/0/3/8!/member_00050,0,/a/0/3/8,167,50,,34820,35372,34360,34912,552,2efc0034e138f1669a69475b1b88b788cb5600fbc357476c2dcbe9683f618029,524c434efffe00012802000010000100,,NCLR palette,Confirmed,True,False,,,,,,,,,,False,False
/a/0/3/9,/a/0/3/9!/member_00000,0,/a/0/3/9,168,0,,1148,16572,0,15424,15424,83b7031ba516075a0f439191a5433287b557704c1af996786ce77bdfc55cd577,5247434efffe0101403c000010000200,,NCGR graphics,Confirmed,True,False,,,,,,,,,,False,False
/a/0/3/9,/a/0/3/9!/member_00001,0,/a/0/3/9,168,1,,16572,17124,15424,15976,552,472f937c4ee55426720aff5cab7e58bb209a779fb10e4c5507f4d1adc9602804,524c434efffe00012802000010000100,,NCLR palette,Confirmed,True,False,,,,,,,,,,False,False
/a/0/3/9,/a/0/3/9!/member_00002,0,/a/0/3/9,168,2,,17124,37348,15976,36200,20224,d970bb46017a61d43ae947253be6815342bfac4faea6f1545fbc2b14bd3cb3e0,5247434efffe0101004f000010000200,,NCGR graphics,Confirmed,True,False,,,,,,,,,,False,False
/a/0/3/9,/a/0/3/9!/member_00003,0,/a/0/3/9,168,3,,37348,39432,36200,38284,2084,4e6d89ae593a0a98a3d149db037829f176ea3e9e049ce862f5440db57107889c,5243534efffe00012408000010000100,,NSCR screen map,Confirmed,True,False,,,,,,,,,,False,False
/a/0/3/9,/a/0/3/9!/member_00004,0,/a/0/3/9,168,4,,39432,41516,38284,40368,2084,b7dd596550ce9c770a24cba95dd8ff97157562c7e310e129034585d5c5a7f9de,5243534efffe00012408000010000100,,NSCR screen map,Confirmed,True,False,,,,,,,,,,False,False
/a/0/3/9,/a/0/3/9!/member_00005,0,/a/0/3/9,168,5,,41516,43600,40368,42452,2084,bc30cfea382b5b846df496ba5517a736302cdb750beaab2a6ec2399acce7bbf2,5243534efffe00012408000010000100,,NSCR screen map,Confirmed,True,False,,,,,,,,,,False,False
/a/0/3/9,/a/0/3/9!/member_00006,0,/a/0/3/9,168,6,,43600,45684,42452,44536,2084,2fd8a89a5885c7ad0e9e0859ea833d040ee7f3f95cf218d04fe98580b778e17f,5243534efffe00012408000010000100,,NSCR screen map,Confirmed,True,False,,,,,,,,,,False,False
/a/0/3/9,/a/0/3/9!/member_00007,0,/a/0/3/9,168,7,,45684,47768,44536,46620,2084,a10ccfc14a9efbdb42bc6c0970cf790d7b1710074069d9c465a8f738892ccb31,5243534efffe00012408000010000100,,NSCR screen map,Confirmed,True,False,,,,,,,,,,False,False
/a/0/3/9,/a/0/3/9!/member_00008,0,/a/0/3/9,168,8,,47768,49852,46620,48704,2084,2055655af377035d88fcff2d8776eab09e6e15972a118eaeccc34e5234617a4c,5243534efffe00012408000010000100,,NSCR screen map,Confirmed,True,False,,,,,,,,,,False,False
/a/0/3/9,/a/0/3/9!/member_00009,0,/a/0/3/9,168,9,,49852,51936,48704,50788,2084,8ab1d40d94eb935b9b126b501c5d65bf764485554bb57b0906fbd7328d041c98,5243534efffe00012408000010000100,,NSCR screen map,Confirmed,True,False,,,,,,,,,,False,False
/a/0/3/9,/a/0/3/9!/member_00010,0,/a/0/3/9,168,10,,51936,54020,50788,52872,2084,5cb2afb5b8565db460f38bf8315462c41b42601b28db41c5671382944b178a8c,5243534efffe00012408000010000100,,NSCR screen map,Confirmed,True,False,,,,,,,,,,False,False
/a/0/3/9,/a/0/3/9!/member_00011,0,/a/0/3/9,168,11,,54020,62248,52872,61100,8228,42b1aec749aae558e4081e540faa52f81545a99e6b8e77d0f950af969a0fd496,5243534efffe00012420000010000100,,NSCR screen map,Confirmed,True,False,,,,,,,,,,False,False
/a/0/3/9,/a/0/3/9!/member_00012,0,/a/0/3/9,168,12,,62248,64332,61100,63184,2084,941b5bd9438e85a2dad1a56e4a05a203d577a6d2465d399e879aaa3062a8dd54,5243534efffe00012408000010000100,,NSCR screen map,Confirmed,True,False,,,,,,,,,,False,False
/a/0/3/9,/a/0/3/9!/member_00013,0,/a/0/3/9,168,13,,64332,66416,63184,65268,2084,cbc197006db1da19cfcf0555ab680e1d80ac9557b7197be58fcbbc13e016c162,5243534efffe00012408000010000100,,NSCR screen map,Confirmed,True,False,,,,,,,,,,False,False
/a/0/3/9,/a/0/3/9!/member_00014,0,/a/0/3/9,168,14,,66416,66968,65268,65820,552,487981a161878de1f629c0e80bf39b2cba04a564ebb68533d3fc419f735c5f22,524c434efffe00012802000010000100,,NCLR palette,Confirmed,True,False,,,,,,,,,,False,False
/a/0/3/9,/a/0/3/9!/member_00015,0,/a/0/3/9,168,15,,66968,69052,65820,67904,2084,6ebf70f34960b2d821ab2f2bc6348699223e70489d98e8b167110bdfb1c1f5e0,5243534efffe00012408000010000100,,NSCR screen map,Confirmed,True,False,,,,,,,,,,False,False
/a/0/3/9,/a/0/3/9!/member_00016,0,/a/0/3/9,168,16,,69052,75260,67904,74112,6208,e9158f271b347dde19d36837389dec9f0dd5c6c5d6d6050b995e899b2d20754f,5247434efffe01014018000010000200,,NCGR graphics,Confirmed,True,False,,,,,,,,,,False,False
/a/0/3/9,/a/0/3/9!/member_00017,0,/a/0/3/9,168,17,,75260,75371,74112,74223,111,02501a6a5ce892afbfaf7aaf1ac388045db6e55ade71548a00cc3a91b7fb3f37,524e414efffe00016f00000010000300,,NANR animation,Confirmed,True,False,,,,,,,,,,False,False
/a/0/3/9,/a/0/3/9!/member_00018,0,/a/0/3/9,168,18,,75372,75479,74224,74331,107,cf1787e90933add36e347e91e44255574abc71a4a5562e69e744f4c3ef1a5962,5245434efffe00016b00000010000300,,NCER cell,Confirmed,True,False,,,,,,,,,,False,False
/a/0/3/9,/a/0/3/9!/member_00019,0,/a/0/3/9,168,19,,75480,75656,74332,74508,176,c76885843d398d9690d49151c0da5d0639a23efc534417c256c4b70a789c8bf5,5247434efffe0101b000000010000100,,NCGR graphics,Confirmed,True,False,,,,,,,,,,False,False
/a/0/3/9,/a/0/3/9!/member_00020,0,/a/0/3/9,168,20,,75656,75832,74508,74684,176,0035184bda5c9b215ae49bd535d7acd481742cd9d0d2b6e1264844baf33f42f8,5247434efffe0101b000000010000100,,NCGR graphics,Confirmed,True,False,,,,,,,,,,False,False
/a/0/3/9,/a/0/3/9!/member_00021,0,/a/0/3/9,168,21,,75832,76008,74684,74860,176,78ab34e17ddee1e4e60111234bc3b1fa035930d8dbfc76ebfa622dc5ce78468d,5247434efffe0101b000000010000100,,NCGR graphics,Confirmed,True,False,,,,,,,,,,False,False
/a/0/3/9,/a/0/3/9!/member_00022,0,/a/0/3/9,168,22,,76008,76184,74860,75036,176,ce62573127d5c364cfc58d9538854828201188e94ff1b64add1bd7fb50d53c91,5247434efffe0101b000000010000100,,NCGR graphics,Confirmed,True,False,,,,,,,,,,False,False
/a/0/3/9,/a/0/3/9!/member_00023,0,/a/0/3/9,168,23,,76184,76360,75036,75212,176,f4b2068507df014d2c73b719a4f6eee7450581625091dca781a33e5cae3f6c5a,5247434efffe0101b000000010000100,,NCGR graphics,Confirmed,True,False,,,,,,,,,,False,False
/a/0/3/9,/a/0/3/9!/member_00024,0,/a/0/3/9,168,24,,76360,76536,75212,75388,176,57130c58b044d6f2031306018a86d9276d67037250816b0e14643664d39aeeca,5247434efffe0101b000000010000100,,NCGR graphics,Confirmed,True,False,,,,,,,,,,False,False
/a/0/3/9,/a/0/3/9!/member_00025,0,/a/0/3/9,168,25,,76536,76712,75388,75564,176,cc1dabf47a80535710fe68f52140818a1d253d40cea9febf5f475933ac47f003,5247434efffe0101b000000010000100,,NCGR graphics,Confirmed,True,False,,,,,,,,,,False,False
/a/0/3/9,/a/0/3/9!/member_00026,0,/a/0/3/9,168,26,,76712,76888,75564,75740,176,5662713aedefe2f6c4d3210c2d106def0272725297c31ba802a2a5cad651d58b,5247434efffe0101b000000010000100,,NCGR graphics,Confirmed,True,False,,,,,,,,,,False,False
/a/0/3/9,/a/0/3/9!/member_00027,0,/a/0/3/9,168,27,,76888,77064,75740,75916,176,1a9e02cf7658358d8bb00b06a8b78356c38be3a7a479e669f6cd574caa2c99ae,5247434efffe0101b000000010000100,,NCGR graphics,Confirmed,True,False,,,,,,,,,,False,False
/a/0/3/9,/a/0/3/9!/member_00028,0,/a/0/3/9,168,28,,77064,77240,75916,76092,176,b6fc9b3a5d786e0625abf7ad17d321ad88afb7465b44f6fe9497e7c9d0e64635,5247434efffe0101b000000010000100,,NCGR graphics,Confirmed,True,False,,,,,,,,,,False,False
/a/0/3/9,/a/0/3/9!/member_00029,0,/a/0/3/9,168,29,,77240,77416,76092,76268,176,7f363710dedea437710bad429fed308e42c40e4b7130730d39f734dd1fac8fc2,5247434efffe0101b000000010000100,,NCGR graphics,Confirmed,True,False,,,,,,,,,,False,False
/a/0/3/9,/a/0/3/9!/member_00030,0,/a/0/3/9,168,30,,77416,77592,76268,76444,176,40603bdf0e6ef172fac5c648083c0aedb165e6cb00b7c499791b282d19336a8b,5247434efffe0101b000000010000100,,NCGR graphics,Confirmed,True,False,,,,,,,,,,False,False
/a/0/3/9,/a/0/3/9!/member_00031,0,/a/0/3/9,168,31,,77592,77768,76444,76620,176,29fa993689c7aed8838cde42062e1c1c256cc2aba89f34082879d1d36cb034ad,5247434efffe0101b000000010000100,,NCGR graphics,Confirmed,True,False,,,,,,,,,,False,False
/a/0/3/9,/a/0/3/9!/member_00032,0,/a/0/3/9,168,32,,77768,77944,76620,76796,176,57df392fc4626c24acd68e516c06522557af5cc073a66e788c5a312486f4dc36,5247434efffe0101b000000010000100,,NCGR graphics,Confirmed,True,False,,,,,,,,,,False,False
/a/0/3/9,/a/0/3/9!/member_00033,0,/a/0/3/9,168,33,,77944,78120,76796,76972,176,dd7914dd763902898b85d357cb7054aa34f1a7728dff5b809e949ab326d9d0b9,5247434efffe0101b000000010000100,,NCGR graphics,Confirmed,True,False,,,,,,,,,,False,False
/a/0/3/9,/a/0/3/9!/member_00034,0,/a/0/3/9,168,34,,78120,78296,76972,77148,176,31a7c6cc333d6e958fdb23a11e61a5298c92f1d059a01cc09a019964112253fc,5247434efffe0101b000000010000100,,NCGR graphics,Confirmed,True,False,,,,,,,,,,False,False
/a/0/3/9,/a/0/3/9!/member_00035,0,/a/0/3/9,168,35,,78296,78472,77148,77324,176,81e857aba8fdc6fddbd2867a542f56752b5621485e977e1353115a9af2589c13,5247434efffe0101b000000010000100,,NCGR graphics,Confirmed,True,False,,,,,,,,,,False,False
/a/0/3/9,/a/0/3/9!/member_00036,0,/a/0/3/9,168,36,,78472,78648,77324,77500,176,92ce3c2eed2dd1f81b7a86396fe2a5d19143e989aed1fbaf691ff3d6b1cecac9,5247434efffe0101b000000010000100,,NCGR graphics,Confirmed,True,False,,,,,,,,,,False,False
/a/0/3/9,/a/0/3/9!/member_00037,0,/a/0/3/9,168,37,,78648,79200,77500,78052,552,e0cd0c04aa788c325494b5ac63a4fbfe4900d5a29021865f5359d4be1c596110,524c434efffe00012802000010000100,,NCLR palette,Confirmed,True,False,,,,,,,,,,False,False
/a/0/3/9,/a/0/3/9!/member_00038,0,/a/0/3/9,168,38,,79200,79752,78052,78604,552,f5a963d3376d83aa42e0c41e9ff88b748e4649c1487a219cf1e4f0a889e86ffd,524c434efffe00012802000010000100,,NCLR palette,Confirmed,True,False,,,,,,,,,,False,False
/a/0/3/9,/a/0/3/9!/member_00039,0,/a/0/3/9,168,39,,79752,80304,78604,79156,552,2d537893b48453abbc3068ce2bc5852c60c23db452287f6188e04336849fe17e,524c434efffe00012802000010000100,,NCLR palette,Confirmed,True,False,,,,,,,,,,False,False
/a/0/3/9,/a/0/3/9!/member_00040,0,/a/0/3/9,168,40,,80304,80856,79156,79708,552,53460928eadae33e2f951cdafb4ac15dff05f69d0292ac5c7bd16df3465af271,524c434efffe00012802000010000100,,NCLR palette,Confirmed,True,False,,,,,,,,,,False,False
/a/0/3/9,/a/0/3/9!/member_00041,0,/a/0/3/9,168,41,,80856,81146,79708,79998,290,531a1b10dcc141a761f85ae3e744f0acf7f05e1e29d40ca77cea53a359e18c16,524e414efffe00012201000010000300,,NANR animation,Confirmed,True,False,,,,,,,,,,False,False
/a/0/3/9,/a/0/3/9!/member_00042,0,/a/0/3/9,168,42,,81148,81290,80000,80142,142,e92c4e855efeed784b48106592b4b5b6c675e7d8da175f98147245c8a366dd03,5245434efffe00018e00000010000300,,NCER cell,Confirmed,True,False,,,,,,,,,,False,False
/a/0/3/9,/a/0/3/9!/member_00043,0,/a/0/3/9,168,43,,81292,81596,80144,80448,304,412f37aa5412e6a9d08fc7fc334e7735765ed801eb209fa0348d61c135611023,5247434efffe01013001000010000100,,NCGR graphics,Confirmed,True,False,,,,,,,,,,False,False
/a/0/3/9,/a/0/3/9!/member_00044,0,/a/0/3/9,168,44,,81596,81879,80448,80731,283,549442d5587e9b15c9baf8b22810505b78d5a41c94dbdf5578cf7e6ec54396fa,524e414efffe00011b01000010000300,,NANR animation,Confirmed,True,False,,,,,,,,,,False,False
/a/0/3/9,/a/0/3/9!/member_00045,0,/a/0/3/9,168,45,,81880,82135,80732,80987,255,496b7c26d8c676d92abc31b54b7561fb6d261d3da70878889c998f1a58d0353a,5245434efffe0001ff00000010000300,,NCER cell,Confirmed,True,False,,,,,,,,,,False,False
/a/0/3/9,/a/0/3/9!/member_00046,0,/a/0/3/9,168,46,,82136,82344,80988,81196,208,2c2174b546635228e9797afb2ae9bf944bc3a9cda9a3a95f78732e0c43314b09,5247434efffe0101d000000010000100,,NCGR graphics,Confirmed,True,False,,,,,,,,,,False,False
/a/0/3/9,/a/0/3/9!/member_00047,0,/a/0/3/9,168,47,,82344,82527,81196,81379,183,08b7f6612f79dd359380f719315cd3a4a7a9d1ba6092dcd7942e203cb591f9ab,524e414efffe0001b700000010000300,,NANR animation,Confirmed,True,False,,,,,,,,,,False,False
/a/0/3/9,/a/0/3/9!/member_00048,0,/a/0/3/9,168,48,,82528,82743,81380,81595,215,69bc036b6dcd0ec3c91493f0ee575388dc16efc13d7040b0cf7009e43a4b0257,5245434efffe0001d700000010000300,,NCER cell,Confirmed,True,False,,,,,,,,,,False,False
/a/0/3/9,/a/0/3/9!/member_00049,0,/a/0/3/9,168,49,,82744,83560,81596,82412,816,221d45c9f2ffb63a7c742fb5f762dbf1306f19a77a2a6c05c61de8097a620d42,5247434efffe01013003000010000100,,NCGR graphics,Confirmed,True,False,,,,,,,,,,False,False
/a/0/3/9,/a/0/3/9!/member_00050,0,/a/0/3/9,168,50,,83560,83714,82412,82566,154,2db7fb78dd747f600d608eae538a07457399a8d7d5d878debe6439464a1d543f,524e414efffe00019a00000010000300,,NANR animation,Confirmed,True,False,,,,,,,,,,False,False
/a/0/3/9,/a/0/3/9!/member_00051,0,/a/0/3/9,168,51,,83716,83858,82568,82710,142,4b163e3ffb17d8666ce94ef39bcc7ab3863410633e1a1bdc0612a050d8c0a08e,5245434efffe00018e00000010000300,,NCER cell,Confirmed,True,False,,,,,,,,,,False,False
/a/0/3/9,/a/0/3/9!/member_00052,0,/a/0/3/9,168,52,,83860,83972,82712,82824,112,59c4b2520f2382e37f742f99d1347f2808d7391b7be5ba1947769e34b0174478,5247434efffe01017000000010000100,,NCGR graphics,Confirmed,True,False,,,,,,,,,,False,False
/a/0/3/9,/a/0/3/9!/member_00053,0,/a/0/3/9,168,53,,83972,84084,82824,82936,112,8a2d930dbd34a8660758fecbc8038d7c661e0813e134bf6f0a7a0bd8c258f1ba,5247434efffe01017000000010000100,,NCGR graphics,Confirmed,True,False,,,,,,,,,,False,False
/a/0/3/9,/a/0/3/9!/member_00054,0,/a/0/3/9,168,54,,84084,84196,82936,83048,112,f6b433ec913fdb382304952d11507edfbab43064bbef66359d8d8e3583ec0e60,5247434efffe01017000000010000100,,NCGR graphics,Confirmed,True,False,,,,,,,,,,False,False
/a/0/3/9,/a/0/3/9!/member_00055,0,/a/0/3/9,168,55,,84196,84308,83048,83160,112,66095a17a6c8ec266902bb246c17896cacc76b5f637d27d38d1539ef6ee053b6,5247434efffe01017000000010000100,,NCGR graphics,Confirmed,True,False,,,,,,,,,,False,False
/a/0/3/9,/a/0/3/9!/member_00056,0,/a/0/3/9,168,56,,84308,84420,83160,83272,112,653a06cad48dd7a6b6cf328c0154e03ed6208148b053a0eb45209a0d8e299fad,5247434efffe01017000000010000100,,NCGR graphics,Confirmed,True,False,,,,,,,,,,False,False
/a/0/3/9,/a/0/3/9!/member_00057,0,/a/0/3/9,168,57,,84420,84532,83272,83384,112,e28ee99e8d3a1979caf67140f884eb72057748584da1c85e54be0708257bd33c,5247434efffe01017000000010000100,,NCGR graphics,Confirmed,True,False,,,,,,,,,,False,False
/a/0/3/9,/a/0/3/9!/member_00058,0,/a/0/3/9,168,58,,84532,84644,83384,83496,112,c91a19b0d18348ed896a302389ee11635951dce094faaee3a6507ea3a6162cec,5247434efffe01017000000010000100,,NCGR graphics,Confirmed,True,False,,,,,,,,,,False,False
/a/0/3/9,/a/0/3/9!/member_00059,0,/a/0/3/9,168,59,,84644,84934,83496,83786,290,0a43ef11f0985aae0064c759d4c5aa91144a0e7ae0d358f878937a2cd2623cd0,524e414efffe00012201000010000300,,NANR animation,Confirmed,True,False,,,,,,,,,,False,False
/a/0/3/9,/a/0/3/9!/member_00060,0,/a/0/3/9,168,60,,84936,85078,83788,83930,142,7cc318682f90b8c6db47499a8f36fb1b0bd2c370387605d5c7133abccdfca820,5245434efffe00018e00000010000300,,NCER cell,Confirmed,True,False,,,,,,,,,,False,False
/a/0/3/9,/a/0/3/9!/member_00061,0,/a/0/3/9,168,61,,85080,85192,83932,84044,112,74e75834be76fb227c7d6f8f1472edbd7dafe76b58b616ceb698f9ca73788e2b,5247434efffe01017000000010000100,,NCGR graphics,Confirmed,True,False,,,,,,,,,,False,False
/a/0/3/9,/a/0/3/9!/member_00062,0,/a/0/3/9,168,62,,85192,85561,84044,84413,369,2073b9f4410f45fcb4fc4662fc08f40f40a6aeae137601484637dcf566d07754,524e414efffe00017101000010000300,,NANR animation,Confirmed,True,False,,,,,,,,,,False,False
/a/0/3/9,/a/0/3/9!/member_00063,0,/a/0/3/9,168,63,,85564,85933,84416,84785,369,057547063a4ec5904bd936b5d63e215d98364143a36d27987b7692b5b63006d8,5245434efffe00017101000010000300,,NCER cell,Confirmed,True,False,,,,,,,,,,False,False
/a/0/3/9,/a/0/3/9!/member_00064,0,/a/0/3/9,168,64,,85936,86656,84788,85508,720,82669ab98aa54a8a345554c5d388b226e2dd023308f772eff5477aba927286a1,5247434efffe0101d002000010000100,,NCGR graphics,Confirmed,True,False,,,,,,,,,,False,False
/a/0/3/9,/a/0/3/9!/member_00065,0,/a/0/3/9,168,65,,86656,87208,85508,86060,552,b2a73b692483ce234adaa0d67d99845350ca4fd4aa35da55f4686ac9a937c21f,524c434efffe00012802000010000100,,NCLR palette,Confirmed,True,False,,,,,,,,,,False,False
/a/0/3/9,/a/0/3/9!/member_00066,0,/a/0/3/9,168,66,,87208,87375,86060,86227,167,1a4b4baa398b22b124748c3feb74c76d7aa3b26eaea85e93f6178bcc635caf31,524e414efffe0001a700000010000300,,NANR animation,Confirmed,True,False,,,,,,,,,,False,False
/a/0/3/9,/a/0/3/9!/member_00067,0,/a/0/3/9,168,67,,87376,87591,86228,86443,215,db8ac4229eb169539a126ac09ccb7ac2947bef19151677e4b2c88594e307e0f3,5245434efffe0001d700000010000300,,NCER cell,Confirmed,True,False,,,,,,,,,,False,False
/a/0/3/9,/a/0/3/9!/member_00068,0,/a/0/3/9,168,68,,87592,88024,86444,86876,432,17f60c69bf70462406259cceae9cef3207062d9917cc8900f1f9040aa89e562e,5247434efffe0101b001000010000100,,NCGR graphics,Confirmed,True,False,,,,,,,,,,False,False
/a/0/3/9,/a/0/3/9!/member_00069,0,/a/0/3/9,168,69,,88024,88576,86876,87428,552,e67eae3e23c05a79dac9d42cce52243385f79f1d8a0bdd1829e7e4fbcbdfab9b,524c434efffe00012802000010000100,,NCLR palette,Confirmed,True,False,,,,,,,,,,False,False
/a/0/3/9,/a/0/3/9!/member_00070,0,/a/0/3/9,168,70,,88576,88687,87428,87539,111,30249884bd91f10bc9d4e13e7b1495f09991b6f488405a0cdbb61cfb402d10ca,524e414efffe00016f00000010000300,,NANR animation,Confirmed,True,False,,,,,,,,,,False,False
/a/0/3/9,/a/0/3/9!/member_00071,0,/a/0/3/9,168,71,,88688,88795,87540,87647,107,dc7e275467c4ae23635cde791bbf1268d8e7f10613324f118388d4694b83c3f8,5245434efffe00016b00000010000300,,NCER cell,Confirmed,True,False,,,,,,,,,,False,False
/a/0/3/9,/a/0/3/9!/member_00072,0,/a/0/3/9,168,72,,88796,89356,87648,88208,560,185ec9845c744d82b4c0535d1840b19bb57438bcb1529a61d66a392ac1eecbfe,5247434efffe01013002000010000100,,NCGR graphics,Confirmed,True,False,,,,,,,,,,False,False
/a/0/3/9,/a/0/3/9!/member_00073,0,/a/0/3/9,168,73,,89356,89916,88208,88768,560,4b3757de83c8adbce9fdc3a3bad2dd8825aff2916d6e7424825ad4fcb7bbffb0,5247434efffe01013002000010000100,,NCGR graphics,Confirmed,True,False,,,,,,,,,,False,False
/a/0/3/9,/a/0/3/9!/member_00074,0,/a/0/3/9,168,74,,89916,90476,88768,89328,560,69f780778d588eae06b81f9f80e701ff2a863e4083e36a7f84893aacf99753bb,5247434efffe01013002000010000100,,NCGR graphics,Confirmed,True,False,,,,,,,,,,False,False
/a/0/3/9,/a/0/3/9!/member_00075,0,/a/0/3/9,168,75,,90476,91036,89328,89888,560,482c71af0bb1513b860ebca95a3aa5b0059ca9a45e014cb822e3bf2dd85713f0,5247434efffe01013002000010000100,,NCGR graphics,Confirmed,True,False,,,,,,,,,,False,False
/a/0/3/9,/a/0/3/9!/member_00076,0,/a/0/3/9,168,76,,91036,91596,89888,90448,560,c1a9705cb181735c7b17feba07779de5ebf78d408ebc0c555dddefa366cda442,5247434efffe01013002000010000100,,NCGR graphics,Confirmed,True,False,,,,,,,,,,False,False
/a/0/3/9,/a/0/3/9!/member_00077,0,/a/0/3/9,168,77,,91596,92156,90448,91008,560,e7ef875623f1a0d76e7031eb91b8b7aec485d356b3c0cc6de1ab6150c8a19e91,5247434efffe01013002000010000100,,NCGR graphics,Confirmed,True,False,,,,,,,,,,False,False
/a/0/3/9,/a/0/3/9!/member_00078,0,/a/0/3/9,168,78,,92156,92716,91008,91568,560,b6914b8ff199b886189f856a5bbe82c7b05eed85aa2faa843377416e31ffbb8f,5247434efffe01013002000010000100,,NCGR graphics,Confirmed,True,False,,,,,,,,,,False,False
/a/0/3/9,/a/0/3/9!/member_00079,0,/a/0/3/9,168,79,,92716,93276,91568,92128,560,4669ff85dcd1b5041478d4d4903613d631958e20508f8770548cb158ae492314,5247434efffe01013002000010000100,,NCGR graphics,Confirmed,True,False,,,,,,,,,,False,False
/a/0/3/9,/a/0/3/9!/member_00080,0,/a/0/3/9,168,80,,93276,93836,92128,92688,560,fff2ce2519bbec87f16baab96e399b1bcef00ccc579a180d0b0a5404855590d4,5247434efffe01013002000010000100,,NCGR graphics,Confirmed,True,False,,,,,,,,,,False,False
/a/0/3/9,/a/0/3/9!/member_00081,0,/a/0/3/9,168,81,,93836,94396,92688,93248,560,c00eeda030debe2288155a19214de95a0c6056729dd7c3b1549b81784946a453,5247434efffe01013002000010000100,,NCGR graphics,Confirmed,True,False,,,,,,,,,,False,False
/a/0/3/9,/a/0/3/9!/member_00082,0,/a/0/3/9,168,82,,94396,94956,93248,93808,560,ed9caca9e0314608df195e64c391017e2b4412ae7c71adf29dd2500a4e7852d6,5247434efffe01013002000010000100,,NCGR graphics,Confirmed,True,False,,,,,,,,,,False,False
/a/0/3/9,/a/0/3/9!/member_00083,0,/a/0/3/9,168,83,,94956,95516,93808,94368,560,d7221e9a0b01af6b17165d819a2b5a76fecca619da5e26e4a4096074a1b37199,5247434efffe01013002000010000100,,NCGR graphics,Confirmed,True,False,,,,,,,,,,False,False
/a/0/3/9,/a/0/3/9!/member_00084,0,/a/0/3/9,168,84,,95516,96076,94368,94928,560,d7221e9a0b01af6b17165d819a2b5a76fecca619da5e26e4a4096074a1b37199,5247434efffe01013002000010000100,,NCGR graphics,Confirmed,True,False,,,,,,,,,,False,False
/a/0/3/9,/a/0/3/9!/member_00085,0,/a/0/3/9,168,85,,96076,96636,94928,95488,560,c30d25f02d706d80b7474619681b10b5abd42fb5839972393732d306d649799c,5247434efffe01013002000010000100,,NCGR graphics,Confirmed,True,False,,,,,,,,,,False,False
/a/0/3/9,/a/0/3/9!/member_00086,0,/a/0/3/9,168,86,,96636,97196,95488,96048,560,6b2c2ff04b6b0bce2b2a5e952039aa52cfd1fc620ccc3477765efeaa3565b98d,5247434efffe01013002000010000100,,NCGR graphics,Confirmed,True,False,,,,,,,,,,False,False
/a/0/3/9,/a/0/3/9!/member_00087,0,/a/0/3/9,168,87,,97196,97756,96048,96608,560,3e7f49e989e372d34622472e4f11eb7b8a7ce070170d1aa8c34cc3ee0f0f9899,5247434efffe01013002000010000100,,NCGR graphics,Confirmed,True,False,,,,,,,,,,False,False
/a/0/3/9,/a/0/3/9!/member_00088,0,/a/0/3/9,168,88,,97756,98316,96608,97168,560,9db96edd2826ac80c54634b1ddb26fa202ff4d5864e87b0ce3ac12c54ec46b88,5247434efffe01013002000010000100,,NCGR graphics,Confirmed,True,False,,,,,,,,,,False,False
/a/0/3/9,/a/0/3/9!/member_00089,0,/a/0/3/9,168,89,,98316,98876,97168,97728,560,2f915370d81dca6358f565e612669fc249c402fc6576072a457a1931fb0ba71b,5247434efffe01013002000010000100,,NCGR graphics,Confirmed,True,False,,,,,,,,,,False,False
/a/0/3/9,/a/0/3/9!/member_00090,0,/a/0/3/9,168,90,,98876,99436,97728,98288,560,0953551f3d0c56f7810bde12dc04c608c0cb24f2b64cf8c75c547837b223f7d8,5247434efffe01013002000010000100,,NCGR graphics,Confirmed,True,False,,,,,,,,,,False,False
/a/0/3/9,/a/0/3/9!/member_00091,0,/a/0/3/9,168,91,,99436,99996,98288,98848,560,064275458defdb1f617d351c9a7912602ffb564ba6d59cfdc4f188fd683cb442,5247434efffe01013002000010000100,,NCGR graphics,Confirmed,True,False,,,,,,,,,,False,False
/a/0/3/9,/a/0/3/9!/member_00092,0,/a/0/3/9,168,92,,99996,100556,98848,99408,560,6453015f5e0a73e7c9c41544795ac89c8aca404ee80b2898f4018752f4f2ea46,5247434efffe01013002000010000100,,NCGR graphics,Confirmed,True,False,,,,,,,,,,False,False
/a/0/3/9,/a/0/3/9!/member_00093,0,/a/0/3/9,168,93,,100556,101116,99408,99968,560,5b709fece63de798e4d976096150b82fe0e1e03534e881610b2bc21e6c2564ff,5247434efffe01013002000010000100,,NCGR graphics,Confirmed,True,False,,,,,,,,,,False,False
/a/0/3/9,/a/0/3/9!/member_00094,0,/a/0/3/9,168,94,,101116,101676,99968,100528,560,5de631ab63e7b89329c65caab38243289efe8d16b052ea59777a349182f3f3df,5247434efffe01013002000010000100,,NCGR graphics,Confirmed,True,False,,,,,,,,,,False,False
/a/0/3/9,/a/0/3/9!/member_00095,0,/a/0/3/9,168,95,,101676,102236,100528,101088,560,ae457890e43f4471c5a636b06ef1d2d103c03271f7ce8b547b1e005557d7e296,5247434efffe01013002000010000100,,NCGR graphics,Confirmed,True,False,,,,,,,,,,False,False
/a/0/3/9,/a/0/3/9!/member_00096,0,/a/0/3/9,168,96,,102236,102796,101088,101648,560,4ec1bdf187f69dfa2f38868d74693438033b6b5ff39b49b7cdb26e2b45525bbe,5247434efffe01013002000010000100,,NCGR graphics,Confirmed,True,False,,,,,,,,,,False,False
/a/0/3/9,/a/0/3/9!/member_00097,0,/a/0/3/9,168,97,,102796,103356,101648,102208,560,27fcf0eb4ffddfd295f734576701981b27116ce3ccbb00d90c0b612fa0f109ea,5247434efffe01013002000010000100,,NCGR graphics,Confirmed,True,False,,,,,,,,,,False,False
/a/0/3/9,/a/0/3/9!/member_00098,0,/a/0/3/9,168,98,,103356,103916,102208,102768,560,f8e10d978ac6d4356d012c55760c9a08d4139cbac52d4c852c624432608ca8b7,5247434efffe01013002000010000100,,NCGR graphics,Confirmed,True,False,,,,,,,,,,False,False
/a/0/3/9,/a/0/3/9!/member_00099,0,/a/0/3/9,168,99,,103916,104476,102768,103328,560,19d12a8535ca8bf216bd11edad17b573b72916e7e558a135f5128ac8e83b524e,5247434efffe01013002000010000100,,NCGR graphics,Confirmed,True,False,,,,,,,,,,False,False
/a/0/3/9,/a/0/3/9!/member_00100,0,/a/0/3/9,168,100,,104476,105036,103328,103888,560,7b8b77c30cbd52408c642387493d1079b86842e44371c5d7d28e6f4058ab0abb,5247434efffe01013002000010000100,,NCGR graphics,Confirmed,True,False,,,,,,,,,,False,False
/a/0/3/9,/a/0/3/9!/member_00101,0,/a/0/3/9,168,101,,105036,105596,103888,104448,560,7b8b77c30cbd52408c642387493d1079b86842e44371c5d7d28e6f4058ab0abb,5247434efffe01013002000010000100,,NCGR graphics,Confirmed,True,False,,,,,,,,,,False,False
/a/0/3/9,/a/0/3/9!/member_00102,0,/a/0/3/9,168,102,,105596,106156,104448,105008,560,39ef0086b69ab15cc545808b3d1663f45fd0117a56322ecdc5406f8c3ce36b92,5247434efffe01013002000010000100,,NCGR graphics,Confirmed,True,False,,,,,,,,,,False,False
/a/0/3/9,/a/0/3/9!/member_00103,0,/a/0/3/9,168,103,,106156,106716,105008,105568,560,7b8b77c30cbd52408c642387493d1079b86842e44371c5d7d28e6f4058ab0abb,5247434efffe01013002000010000100,,NCGR graphics,Confirmed,True,False,,,,,,,,,,False,False
/a/0/3/9,/a/0/3/9!/member_00104,0,/a/0/3/9,168,104,,106716,107276,105568,106128,560,19d12a8535ca8bf216bd11edad17b573b72916e7e558a135f5128ac8e83b524e,5247434efffe01013002000010000100,,NCGR graphics,Confirmed,True,False,,,,,,,,,,False,False
/a/0/3/9,/a/0/3/9!/member_00105,0,/a/0/3/9,168,105,,107276,107836,106128,106688,560,7b8b77c30cbd52408c642387493d1079b86842e44371c5d7d28e6f4058ab0abb,5247434efffe01013002000010000100,,NCGR graphics,Confirmed,True,False,,,,,,,,,,False,False
/a/0/3/9,/a/0/3/9!/member_00106,0,/a/0/3/9,168,106,,107836,108396,106688,107248,560,8d2dca0cca33f695fc5fc39fd39bd4569cc38f2b13603de408c21905c774335e,5247434efffe01013002000010000100,,NCGR graphics,Confirmed,True,False,,,,,,,,,,False,False
/a/0/3/9,/a/0/3/9!/member_00107,0,/a/0/3/9,168,107,,108396,108956,107248,107808,560,324c24ae311927996aae35cff5e593c2d8e3e7effdb9068a6fa058800218942c,5247434efffe01013002000010000100,,NCGR graphics,Confirmed,True,False,,,,,,,,,,False,False
/a/0/3/9,/a/0/3/9!/member_00108,0,/a/0/3/9,168,108,,108956,109516,107808,108368,560,e1793680adf9059c760c9852caf7ff2dd4221c9b886ffdf07ac1bd1e213f266d,5247434efffe01013002000010000100,,NCGR graphics,Confirmed,True,False,,,,,,,,,,False,False
/a/0/3/9,/a/0/3/9!/member_00109,0,/a/0/3/9,168,109,,109516,110076,108368,108928,560,dfbda00fb8a5cc0ec88bac4f5a80e89a43a75b445ffb084414e9b29e53fd0797,5247434efffe01013002000010000100,,NCGR graphics,Confirmed,True,False,,,,,,,,,,False,False
/a/0/3/9,/a/0/3/9!/member_00110,0,/a/0/3/9,168,110,,110076,110636,108928,109488,560,aa7bf91d9fa164fabb9e3c4157024ae00217b14d77045821e871ffc915bda463,5247434efffe01013002000010000100,,NCGR graphics,Confirmed,True,False,,,,,,,,,,False,False
/a/0/3/9,/a/0/3/9!/member_00111,0,/a/0/3/9,168,111,,110636,111196,109488,110048,560,67d98b781f13c1ab7c64782069337d3165f6812819aeb3249b0bfb7d35a51c3a,5247434efffe01013002000010000100,,NCGR graphics,Confirmed,True,False,,,,,,,,,,False,False
/a/0/3/9,/a/0/3/9!/member_00112,0,/a/0/3/9,168,112,,111196,111756,110048,110608,560,7988da59003559d65f429170f651e39bcaf3713e753401197096585efb87b32f,5247434efffe01013002000010000100,,NCGR graphics,Confirmed,True,False,,,,,,,,,,False,False
/a/0/3/9,/a/0/3/9!/member_00113,0,/a/0/3/9,168,113,,111756,112316,110608,111168,560,1ac61e692f4122ea6609e24bb5e044f44363ce4050c0c7dcdd006fe0b4e5445b,5247434efffe01013002000010000100,,NCGR graphics,Confirmed,True,False,,,,,,,,,,False,False
/a/0/3/9,/a/0/3/9!/member_00114,0,/a/0/3/9,168,114,,112316,112876,111168,111728,560,1ac61e692f4122ea6609e24bb5e044f44363ce4050c0c7dcdd006fe0b4e5445b,5247434efffe01013002000010000100,,NCGR graphics,Confirmed,True,False,,,,,,,,,,False,False
/a/0/3/9,/a/0/3/9!/member_00115,0,/a/0/3/9,168,115,,112876,113436,111728,112288,560,1ac61e692f4122ea6609e24bb5e044f44363ce4050c0c7dcdd006fe0b4e5445b,5247434efffe01013002000010000100,,NCGR graphics,Confirmed,True,False,,,,,,,,,,False,False
/a/0/3/9,/a/0/3/9!/member_00116,0,/a/0/3/9,168,116,,113436,113996,112288,112848,560,bf5de781a12fd3d32ddc9ccbd1e5eeefd10f26488ae8808ce8d83e557b414258,5247434efffe01013002000010000100,,NCGR graphics,Confirmed,True,False,,,,,,,,,,False,False
/a/0/3/9,/a/0/3/9!/member_00117,0,/a/0/3/9,168,117,,113996,114556,112848,113408,560,b90f36947d468653eb8375234d66c887aff71490325a07ddb8830aada1f1c2d1,5247434efffe01013002000010000100,,NCGR graphics,Confirmed,True,False,,,,,,,,,,False,False
/a/0/3/9,/a/0/3/9!/member_00118,0,/a/0/3/9,168,118,,114556,115116,113408,113968,560,d46e8183ec4ea10302e2b7ad8dbe532c520be67a2f08104cf772ac4b50d94e02,5247434efffe01013002000010000100,,NCGR graphics,Confirmed,True,False,,,,,,,,,,False,False
/a/0/3/9,/a/0/3/9!/member_00119,0,/a/0/3/9,168,119,,115116,115676,113968,114528,560,c8e791b9b5cfbd65d755c94cad5a632204d144c4c0c877a04f0d806f3c57d9da,5247434efffe01013002000010000100,,NCGR graphics,Confirmed,True,False,,,,,,,,,,False,False
/a/0/3/9,/a/0/3/9!/member_00120,0,/a/0/3/9,168,120,,115676,116876,114528,115728,1200,2fa9d3a006037f0ec383becd2fb64769c32dbd5e5ea694fda67f03a5cec6a67b,5247434efffe0101b004000010000100,,NCGR graphics,Confirmed,True,False,,,,,,,,,,False,False
/a/0/3/9,/a/0/3/9!/member_00121,0,/a/0/3/9,168,121,,116876,117436,115728,116288,560,6ab21ae47a1aeccb1192153551817d2922958d9066900143fcae6a0146d7183a,5247434efffe01013002000010000100,,NCGR graphics,Confirmed,True,False,,,,,,,,,,False,False
/a/0/3/9,/a/0/3/9!/member_00122,0,/a/0/3/9,168,122,,117436,117643,116288,116495,207,1486cc5b60b3411a6e97e42f429a2fbea9b40e3838881a4eaefb458b1719703f,524e414efffe0001cf00000010000300,,NANR animation,Confirmed,True,False,,,,,,,,,,False,False
/a/0/3/9,/a/0/3/9!/member_00123,0,/a/0/3/9,168,123,,117644,117947,116496,116799,303,c7afc871d544945d14c846224c2bf53a65cb53add4f19b8de7ff254de2d315f0,5245434efffe00012f01000010000300,,NCER cell,Confirmed,True,False,,,,,,,,,,False,False
/a/0/3/9,/a/0/3/9!/member_00124,0,/a/0/3/9,168,124,,117948,119276,116800,118128,1328,7f51d63f3bdfed9fa91f7ad841904c6a8d5c568080a5d9b0bfe22244004b01cd,5247434efffe01013005000010000100,,NCGR graphics,Confirmed,True,False,,,,,,,,,,False,False
/a/0/3/9,/a/0/3/9!/member_00125,0,/a/0/3/9,168,125,,119276,119399,118128,118251,123,e9d904a68cccd8b057cfc2c4d17a4d754b2edb7ca7f00e6fd8fc98edae203650,5245434efffe00017b00000010000300,,NCER cell,Confirmed,True,False,,,,,,,,,,False,False
/a/0/3/9,/a/0/3/9!/member_00126,0,/a/0/3/9,168,126,,119400,119511,118252,118363,111,30249884bd91f10bc9d4e13e7b1495f09991b6f488405a0cdbb61cfb402d10ca,524e414efffe00016f00000010000300,,NANR animation,Confirmed,True,False,,,,,,,,,,False,False
/a/0/3/9,/a/0/3/9!/member_00127,0,/a/0/3/9,168,127,,119512,120274,118364,119126,762,9082bc82076e5ca6cafa3be64d0c5955946eb096953054bace937a17473ab9c8,524e414efffe0001fa02000010000300,,NANR animation,Confirmed,True,False,,,,,,,,,,False,False
/a/0/3/9,/a/0/3/9!/member_00128,0,/a/0/3/9,168,128,,120276,120990,119128,119842,714,b19440cdfe6b9a8eca58a6d4d6fe26a4b16bd6f01e8c3a8e589fecade25adcb9,5245434efffe0001ca02000010000300,,NCER cell,Confirmed,True,False,,,,,,,,,,False,False
/a/0/3/9,/a/0/3/9!/member_00129,0,/a/0/3/9,168,129,,120992,123600,119844,122452,2608,d6d3b91a7538f20f61ae26a0e88f5f579e9965874c95702d074f6b9f1dc22543,5247434efffe0101300a000010000100,,NCGR graphics,Confirmed,True,False,,,,,,,,,,False,False
/a/0/3/9,/a/0/3/9!/member_00130,0,/a/0/3/9,168,130,,123600,123754,122452,122606,154,53d8003155752aef909e602429463b97160b13b7f7aaabfcc4e799503e41ab86,524e414efffe00019a00000010000300,,NANR animation,Confirmed,True,False,,,,,,,,,,False,False
/a/0/3/9,/a/0/3/9!/member_00131,0,/a/0/3/9,168,131,,123756,123910,122608,122762,154,cf335a54bdc2a89a87d184d8cdd203fdae346d8dc6ebe9c7d05839ea2ea2512f,5245434efffe00019a00000010000300,,NCER cell,Confirmed,True,False,,,,,,,,,,False,False
/a/0/3/9,/a/0/3/9!/member_00132,0,/a/0/3/9,168,132,,123912,126008,122764,124860,2096,940dc4dda347d3ea038b26738d8fb8942e65acada7e10b1f1a6ef72bf9cf4288,5247434efffe01013008000010000100,,NCGR graphics,Confirmed,True,False,,,,,,,,,,False,False
/a/0/3/9,/a/0/3/9!/member_00133,0,/a/0/3/9,168,133,,126008,126119,124860,124971,111,ca4fb76f05db368c396eb1886b1de7f86ac9d15577eac9a050aee2d0ddf7492b,524e414efffe00016f00000010000300,,NANR animation,Confirmed,True,False,,,,,,,,,,False,False
/a/0/3/9,/a/0/3/9!/member_00134,0,/a/0/3/9,168,134,,126120,126231,124972,125083,111,4c4641e134e5437376730cfa199544ce34ddabcd7720b086bae18e528ad4edd3,5245434efffe00016f00000010000300,,NCER cell,Confirmed,True,False,,,,,,,,,,False,False
/a/0/3/9,/a/0/3/9!/member_00135,0,/a/0/3/9,168,135,,126232,126600,125084,125452,368,15f03f54e7a206628b7319ac9a80ed6a01883c297964c1f6503b655bacb18471,5247434efffe01017001000010000100,,NCGR graphics,Confirmed,True,False,,,,,,,,,,False,False
/a/0/3/9,/a/0/3/9!/member_00136,0,/a/0/3/9,168,136,,126600,127152,125452,126004,552,131b2a5dde1eb71aa055bc895f21704a7fdd07b00760648e376fd02670cce1dc,524c434efffe00012802000010000100,,NCLR palette,Confirmed,True,False,,,,,,,,,,False,False
/a/0/4/0,/a/0/4/0!/member_00000,0,/a/0/4/0,169,0,,2772,4672,0,1900,1900,8b2aaf318eb94bc2800c286e4ded39c15817626c40b67faa2507d85a5edec4da,424d4430fffe02006c07000010000200,,NSBMD model,Confirmed,True,False,,,,,,,,,,False,False
/a/0/4/0,/a/0/4/0!/member_00001,0,/a/0/4/0,169,1,,4672,13476,1900,10704,8804,1274e3004c4a59abf4355ba6f6e607a5376e0f0c73ae0c54ad2c9fcee61cc3ea,424d4430fffe02006422000010000200,,NSBMD model,Confirmed,True,False,,,,,,,,,,False,False
/a/0/4/0,/a/0/4/0!/member_00002,0,/a/0/4/0,169,2,,13476,22348,10704,19576,8872,d53a7b067f10864ad3d2f343129d2fa59a03126dfd8c736a202a23a9ee3b18c5,424d4430fffe0200a822000010000200,,NSBMD model,Confirmed,True,False,,,,,,,,,,False,False
/a/0/4/0,/a/0/4/0!/member_00003,0,/a/0/4/0,169,3,,22348,33612,19576,30840,11264,a5b32efc960bd457e8747f5bf878573997dda3f3a7adc150b13336df4fc3d1ee,424d4430fffe0200002c000010000200,,NSBMD model,Confirmed,True,False,,,,,,,,,,False,False
/a/0/4/0,/a/0/4/0!/member_00004,0,/a/0/4/0,169,4,,33612,39824,30840,37052,6212,23df2b35726c4be311985fc06d60292bee0d2d9c3f9b2b57d170d9a4d4c46175,424d4430fffe02004418000010000200,,NSBMD model,Confirmed,True,False,,,,,,,,,,False,False
/a/0/4/0,/a/0/4/0!/member_00005,0,/a/0/4/0,169,5,,39824,51808,37052,49036,11984,ed0f3809786f2630be0505f9f4166ed15ed29360e4b0ec6628b66efccfc6a91e,424d4430fffe0200d02e000010000200,,NSBMD model,Confirmed,True,False,,,,,,,,,,False,False
/a/0/4/0,/a/0/4/0!/member_00006,0,/a/0/4/0,169,6,,51808,59296,49036,56524,7488,06c617ad7b9ec5572dbc8fa78323f5b4f23bde42fecff3afedd77918c807926c,424d4430fffe0200401d000010000200,,NSBMD model,Confirmed,True,False,,,,,,,,,,False,False
/a/0/4/0,/a/0/4/0!/member_00007,0,/a/0/4/0,169,7,,59296,67984,56524,65212,8688,2845517a0b44d9eab9feb7921c78f2770e6cc7aa02350dda6e1b5217c4e567ab,424d4430fffe0200f021000010000200,,NSBMD model,Confirmed,True,False,,,,,,,,,,False,False
/a/0/4/0,/a/0/4/0!/member_00008,0,/a/0/4/0,169,8,,67984,84268,65212,81496,16284,8fef1feada3a47924d6a7aa8a5f83674c89f5c145d109a792184333d3b42fa69,424d4430fffe02009c3f000010000200,,NSBMD model,Confirmed,True,False,,,,,,,,,,False,False
/a/0/4/0,/a/0/4/0!/member_00009,0,/a/0/4/0,169,9,,84268,109140,81496,106368,24872,05d10af06a852601cce047068ec6d8247218ee09756aca70bfc13339ae0d12da,424d4430fffe02002861000010000200,,NSBMD model,Confirmed,True,False,,,,,,,,,,False,False
/a/0/4/0,/a/0/4/0!/member_00010,0,/a/0/4/0,169,10,,109140,118524,106368,115752,9384,bb70de28f2fe3e86636aab3c0d5f9fefb7515dd4f07853e389daa1dfbe62f4fa,424d4430fffe0200a824000010000200,,NSBMD model,Confirmed,True,False,,,,,,,,,,False,False
/a/0/4/0,/a/0/4/0!/member_00011,0,/a/0/4/0,169,11,,118524,127032,115752,124260,8508,1d26146bdaf29fccc6c60d7ecf9710644471c3cda35f78d4fa3a6f4f70bd5341,424d4430fffe02003c21000010000200,,NSBMD model,Confirmed,True,False,,,,,,,,,,False,False
/a/0/4/0,/a/0/4/0!/member_00012,0,/a/0/4/0,169,12,,127032,135248,124260,132476,8216,cece99676d9e07e0d2f8b87ca6027ab3ecb51a21cafd780efbf81fd9dd52280e,424d4430fffe02001820000010000200,,NSBMD model,Confirmed,True,False,,,,,,,,,,False,False
/a/0/4/0,/a/0/4/0!/member_00013,0,/a/0/4/0,169,13,,135248,136188,132476,133416,940,df462bdbaef66bcb60ab56c86d9d868bee2b9495ebf9dade6af9e579df5f68d1,424d4430fffe0200ac03000010000200,,NSBMD model,Confirmed,True,False,,,,,,,,,,False,False
/a/0/4/0,/a/0/4/0!/member_00014,0,/a/0/4/0,169,14,,136188,137088,133416,134316,900,1b816edcaeb6efd35a258d2e4ce279906ac77ed24c6ffe03b243efdad8bb0b9c,424d4430fffe02008403000010000200,,NSBMD model,Confirmed,True,False,,,,,,,,,,False,False
/a/0/4/0,/a/0/4/0!/member_00015,0,/a/0/4/0,169,15,,137088,137856,134316,135084,768,b149dd3aaa74a0250e14941de08ce1d2e97ac7bd227c0fb64a5cbf82127fd2f6,424d4430fffe02000003000010000200,,NSBMD model,Confirmed,True,False,,,,,,,,,,False,False
/a/0/4/0,/a/0/4/0!/member_00016,0,/a/0/4/0,169,16,,137856,139124,135084,136352,1268,33e49d75ea1de20d13db85a509fdf91d15be386e4fc8095016213b0b7af8fa90,424d4430fffe0200f404000010000200,,NSBMD model,Confirmed,True,False,,,,,,,,,,False,False
/a/0/4/0,/a/0/4/0!/member_00017,0,/a/0/4/0,169,17,,139124,140752,136352,137980,1628,8aab3f261111ac46f0978bca7e210ed0f60d906f8141743a5ae41d192b35891c,424d4430fffe02005c06000010000200,,NSBMD model,Confirmed,True,False,,,,,,,,,,False,False
/a/0/4/0,/a/0/4/0!/member_00018,0,/a/0/4/0,169,18,,140752,145204,137980,142432,4452,ffadb5458796c40e6c84990e3479cd4095298513ad53ea2d8abac65233a281ff,424d4430fffe02006411000010000200,,NSBMD model,Confirmed,True,False,,,,,,,,,,False,False
/a/0/4/0,/a/0/4/0!/member_00019,0,/a/0/4/0,169,19,,145204,160272,142432,157500,15068,f9b779b7f9023ce9b3e727df4776201b807290162999471879b82360496a2508,424d4430fffe0200dc3a000010000200,,NSBMD model,Confirmed,True,False,,,,,,,,,,False,False
/a/0/4/0,/a/0/4/0!/member_00020,0,/a/0/4/0,169,20,,160272,167356,157500,164584,7084,f597c8cd2193c2d9dc04c002a7270f6d222c70906b8b3a6e702a6b9accf78256,424d4430fffe0200ac1b000010000200,,NSBMD model,Confirmed,True,False,,,,,,,,,,False,False
/a/0/4/0,/a/0/4/0!/member_00021,0,/a/0/4/0,169,21,,167356,178792,164584,176020,11436,266705bf070de35a43d75adb9af6aa76d1676f7083e92c63e08a29e2653a4600,424d4430fffe0200ac2c000010000200,,NSBMD model,Confirmed,True,False,,,,,,,,,,False,False
/a/0/4/0,/a/0/4/0!/member_00022,0,/a/0/4/0,169,22,,178792,184624,176020,181852,5832,7a5c88f30d11445cbe2284a5f115f12d01b07a018f3abfd91b935289ecb57f50,424d4430fffe0200c816000010000200,,NSBMD model,Confirmed,True,False,,,,,,,,,,False,False
/a/0/4/0,/a/0/4/0!/member_00023,0,/a/0/4/0,169,23,,184624,190456,181852,187684,5832,e7c2e837c474d3289ae1d0da0c83a93995b5cb7d7571706a22d8e1accad48e04,424d4430fffe0200c816000010000200,,NSBMD model,Confirmed,True,False,,,,,,,,,,False,False
/a/0/4/0,/a/0/4/0!/member_00024,0,/a/0/4/0,169,24,,190456,191756,187684,188984,1300,1d7160e813b587bd576dff711834a98d2b8b2cca9bbf17f8417b1165c7cc3592,424d4430fffe02001405000010000200,,NSBMD model,Confirmed,True,False,,,,,,,,,,False,False
/a/0/4/0,/a/0/4/0!/member_00025,0,/a/0/4/0,169,25,,191756,193056,188984,190284,1300,aa6e951833cd57f26f025662f456bdc29ded8d7646fd8690cb72cd5f0938b5f9,424d4430fffe02001405000010000200,,NSBMD model,Confirmed,True,False,,,,,,,,,,False,False
/a/0/4/0,/a/0/4/0!/member_00026,0,/a/0/4/0,169,26,,193056,194788,190284,192016,1732,2b735fba60745daaaa72a59dbb9d1f9e0b72474196b82091bc6b13548049f972,424d4430fffe0200c406000010000200,,NSBMD model,Confirmed,True,False,,,,,,,,,,False,False
/a/0/4/0,/a/0/4/0!/member_00027,0,/a/0/4/0,169,27,,194788,197888,192016,195116,3100,f4cd64a3263ed048387dab88b8f0429bef8864fcbc8f280ff280db709a24dda7,424d4430fffe02001c0c000010000200,,NSBMD model,Confirmed,True,False,,,,,,,,,,False,False
/a/0/4/0,/a/0/4/0!/member_00028,0,/a/0/4/0,169,28,,197888,204700,195116,201928,6812,b7d05e6c6e3244a5519a0a7ccc1c3eb973f09e22521350d16018a257b8cd825a,424d4430fffe02009c1a000010000200,,NSBMD model,Confirmed,True,False,,,,,,,,,,False,False
/a/0/4/0,/a/0/4/0!/member_00029,0,/a/0/4/0,169,29,,204700,206700,201928,203928,2000,79bb09f480f34420481952bf9871e44ebd09d37d5add1db372a03826a85fffae,424d4430fffe0200d007000010000200,,NSBMD model,Confirmed,True,False,,,,,,,,,,False,False
/a/0/4/0,/a/0/4/0!/member_00030,0,/a/0/4/0,169,30,,206700,209092,203928,206320,2392,42f5429adfd3ca4c28e0279bd2f0d3c77b7b6909bcbcfb6b754fed1890ac76bb,424d4430fffe02005809000010000200,,NSBMD model,Confirmed,True,False,,,,,,,,,,False,False
/a/0/4/0,/a/0/4/0!/member_00031,0,/a/0/4/0,169,31,,209092,210968,206320,208196,1876,a12f6a2df635d38260091b34720a5353d3c4db85b4962a0c304adea7f3336731,424d4430fffe02005407000010000200,,NSBMD model,Confirmed,True,False,,,,,,,,,,False,False
/a/0/4/0,/a/0/4/0!/member_00032,0,/a/0/4/0,169,32,,210968,213548,208196,210776,2580,44107a5cc498add2b092b355517bc3fe85af35470b626ab2e6494c308789afad,424d4430fffe0200140a000010000200,,NSBMD model,Confirmed,True,False,,,,,,,,,,False,False
/a/0/4/0,/a/0/4/0!/member_00033,0,/a/0/4/0,169,33,,213548,216284,210776,213512,2736,43a1fa9b69b544b73de32dd01359cf4671d7831ed1a2c8d1d368b5a82654847f,424d4430fffe0200b00a000010000200,,NSBMD model,Confirmed,True,False,,,,,,,,,,False,False
/a/0/4/0,/a/0/4/0!/member_00034,0,/a/0/4/0,169,34,,216284,218532,213512,215760,2248,ed708ef9e5fa67873bfd004a7031cdf9192d4a8470c72c2a1b2e50999b0d792a,424d4430fffe0200c808000010000200,,NSBMD model,Confirmed,True,False,,,,,,,,,,False,False
/a/0/4/0,/a/0/4/0!/member_00035,0,/a/0/4/0,169,35,,218532,229108,215760,226336,10576,c660a18cc8c278ed9f18b657096a5b9575cefb2a8d2976b6d398f9a80f523841,424d4430fffe02005029000010000200,,NSBMD model,Confirmed,True,False,,,,,,,,,,False,False
/a/0/4/0,/a/0/4/0!/member_00036,0,/a/0/4/0,169,36,,229108,240372,226336,237600,11264,1977d7c2cda2f08a59d2c89b20bc48ea4ab9affe76794fe8896cbc91970c0084,424d4430fffe0200002c000010000200,,NSBMD model,Confirmed,True,False,,,,,,,,,,False,False
/a/0/4/0,/a/0/4/0!/member_00037,0,/a/0/4/0,169,37,,240372,246620,237600,243848,6248,31811c2929bef084169a273c252a319ff64401be0f959007262dba2d1d178372,424d4430fffe02006818000010000200,,NSBMD model,Confirmed,True,False,,,,,,,,,,False,False
/a/0/4/0,/a/0/4/0!/member_00038,0,/a/0/4/0,169,38,,246620,253328,243848,250556,6708,ef0c4a8043b32b70bf4bfc8384a385bcc4ba0a3032f35c16fc0b01102d59bbbd,424d4430fffe0200341a000010000200,,NSBMD model,Confirmed,True,False,,,,,,,,,,False,False
/a/0/4/0,/a/0/4/0!/member_00039,0,/a/0/4/0,169,39,,253328,260032,250556,257260,6704,c861a8f0dabdd095d85c4dde6e17da727718c0335470f846905a946365ce34f6,424d4430fffe0200301a000010000200,,NSBMD model,Confirmed,True,False,,,,,,,,,,False,False
/a/0/4/0,/a/0/4/0!/member_00040,0,/a/0/4/0,169,40,,260032,268904,257260,266132,8872,cbb64956956fe272bc46c932e6af40d006d23d87d94029b577e94caf1b9e4ce7,424d4430fffe0200a822000010000200,,NSBMD model,Confirmed,True,False,,,,,,,,,,False,False
/a/0/4/0,/a/0/4/0!/member_00041,0,/a/0/4/0,169,41,,268904,275236,266132,272464,6332,408698fc16de2f11168a00ab863575305ab31360e3aedce68ef2aa9edc2cf382,424d4430fffe0200bc18000010000200,,NSBMD model,Confirmed,True,False,,,,,,,,,,False,False
/a/0/4/0,/a/0/4/0!/member_00042,0,/a/0/4/0,169,42,,275236,285476,272464,282704,10240,5859c55e2eba83535e37eff39f23767df4bcee48c40257c1bf6104ad367a303f,424d4430fffe02000028000010000200,,NSBMD model,Confirmed,True,False,,,,,,,,,,False,False
/a/0/4/0,/a/0/4/0!/member_00043,0,/a/0/4/0,169,43,,285476,288740,282704,285968,3264,c40de10e9e56d4d8e961fafff521b6943fd1fb549c59347d897311552a2ff24d,424d4430fffe0200c00c000010000200,,NSBMD model,Confirmed,True,False,,,,,,,,,,False,False
/a/0/4/0,/a/0/4/0!/member_00044,0,/a/0/4/0,169,44,,288740,300724,285968,297952,11984,eafaab895dfa3124474128bab736892867b44736858887a6040b15938dbff7d3,424d4430fffe0200d02e000010000200,,NSBMD model,Confirmed,True,False,,,,,,,,,,False,False
/a/0/4/0,/a/0/4/0!/member_00045,0,/a/0/4/0,169,45,,300724,312708,297952,309936,11984,15d387068b83646ed35455a0e7df01f7fea55339938b919ca0bb19dee30964e7,424d4430fffe0200d02e000010000200,,NSBMD model,Confirmed,True,False,,,,,,,,,,False,False
/a/0/4/0,/a/0/4/0!/member_00046,0,/a/0/4/0,169,46,,312708,319728,309936,316956,7020,53048ef8f74da7958f7d322c6234a6343a7c7a26784d2bd34fdd35c6a411a817,424d4430fffe02006c1b000010000200,,NSBMD model,Confirmed,True,False,,,,,,,,,,False,False
/a/0/4/0,/a/0/4/0!/member_00047,0,/a/0/4/0,169,47,,319728,327000,316956,324228,7272,93eef02c6f52a7c5f66ba5e5359b27bf30c9a8aff2e05cdb1df7bb6ea7fcf96c,424d4430fffe0200681c000010000200,,NSBMD model,Confirmed,True,False,,,,,,,,,,False,False
/a/0/4/0,/a/0/4/0!/member_00048,0,/a/0/4/0,169,48,,327000,330992,324228,328220,3992,978b3504a709975c2c912503cf3eaa3753ad136b3cd78d18d8f251c2bdebacdf,424d4430fffe0200980f000010000200,,NSBMD model,Confirmed,True,False,,,,,,,,,,False,False
/a/0/4/0,/a/0/4/0!/member_00049,0,/a/0/4/0,169,49,,330992,333884,328220,331112,2892,85867a77d11da55fa52f07c58bab01a78666d851f549cbda1886df8cc7b6873b,424d4430fffe02004c0b000010000200,,NSBMD model,Confirmed,True,False,,,,,,,,,,False,False
/a/0/4/0,/a/0/4/0!/member_00050,0,/a/0/4/0,169,50,,333884,335200,331112,332428,1316,84f34d5901cfda86c8eb7c926f18abd8c5c01485d2cf2df304ce6aa1ddf81aec,424d4430fffe02002405000010000200,,NSBMD model,Confirmed,True,False,,,,,,,,,,False,False
/a/0/4/0,/a/0/4/0!/member_00051,0,/a/0/4/0,169,51,,335200,337120,332428,334348,1920,9d57523b8a7a49cb30763da0b6653209c2631db207b32cc34b82eab6cfe5c7cf,424d4430fffe02008007000010000200,,NSBMD model,Confirmed,True,False,,,,,,,,,,False,False
/a/0/4/0,/a/0/4/0!/member_00052,0,/a/0/4/0,169,52,,337120,339264,334348,336492,2144,88530296b27741a8c4af4039028ea2fd1205a95e3261eee4826f26695f943391,424d4430fffe02006008000010000200,,NSBMD model,Confirmed,True,False,,,,,,,,,,False,False
/a/0/4/0,/a/0/4/0!/member_00053,0,/a/0/4/0,169,53,,339264,346684,336492,343912,7420,9806c7b7c2b043a468b4a0212208cd507fea572e2f875df0c5dc851f47b4aa35,424d4430fffe0200fc1c000010000200,,NSBMD model,Confirmed,True,False,,,,,,,,,,False,False
/a/0/4/0,/a/0/4/0!/member_00054,0,/a/0/4/0,169,54,,346684,362992,343912,360220,16308,60f5697ae5b360fd2574a483481fd701cdb3cfc4276dad8decb44cb8ea59ee60,424d4430fffe0200b43f000010000200,,NSBMD model,Confirmed,True,False,,,,,,,,,,False,False
/a/0/4/0,/a/0/4/0!/member_00055,0,/a/0/4/0,169,55,,362992,366352,360220,363580,3360,711ba43f7672a0cdb3f22d2e634bee5f0d9f19e21c859423089fe936856e7109,424d4430fffe0200200d000010000200,,NSBMD model,Confirmed,True,False,,,,,,,,,,False,False
/a/0/4/0,/a/0/4/0!/member_00056,0,/a/0/4/0,169,56,,366352,373364,363580,370592,7012,4b87a121b1dff43b3deeba19db07dffe81562a965374d5b75576cfe3229649d4,424d4430fffe0200641b000010000200,,NSBMD model,Confirmed,True,False,,,,,,,,,,False,False
/a/0/4/0,/a/0/4/0!/member_00057,0,/a/0/4/0,169,57,,373364,374304,370592,371532,940,8c08156962b4d495f9f02632e7599cb386df2174d175f0dac96a2f3abc487ec4,424d4430fffe0200ac03000010000200,,NSBMD model,Confirmed,True,False,,,,,,,,,,False,False
/a/0/4/0,/a/0/4/0!/member_00058,0,/a/0/4/0,169,58,,374304,387228,371532,384456,12924,00a19865d565a5cea2da91a51d113ac92927df788e7d7f2b99e30c7a0c1460a8,424d4430fffe02007c32000010000200,,NSBMD model,Confirmed,True,False,,,,,,,,,,False,False
/a/0/4/0,/a/0/4/0!/member_00059,0,/a/0/4/0,169,59,,387228,393740,384456,390968,6512,bb98c08b576376ff2508ba37e34ff084882747430e9a602744a6221918bedbb2,424d4430fffe02007019000010000200,,NSBMD model,Confirmed,True,False,,,,,,,,,,False,False
/a/0/4/0,/a/0/4/0!/member_00060,0,/a/0/4/0,169,60,,393740,395360,390968,392588,1620,eda4c6672c4237fb1484b3339d2ee42af7faeada3d1c509fa7814d2e453e82d4,424d4430fffe02005406000010000200,,NSBMD model,Confirmed,True,False,,,,,,,,,,False,False
/a/0/4/0,/a/0/4/0!/member_00061,0,/a/0/4/0,169,61,,395360,396572,392588,393800,1212,045762abcdc8c4aff01c71d1af358b02bb1d90eb30962be8b1c2457eff1792e9,424d4430fffe0200bc04000010000200,,NSBMD model,Confirmed,True,False,,,,,,,,,,False,False
/a/0/4/0,/a/0/4/0!/member_00062,0,/a/0/4/0,169,62,,396572,405444,393800,402672,8872,7524defd0422541daecbe9581539e1147d307d7153feac6e7adca54f1e78761d,424d4430fffe0200a822000010000200,,NSBMD model,Confirmed,True,False,,,,,,,,,,False,False
/a/0/4/0,/a/0/4/0!/member_00063,0,/a/0/4/0,169,63,,405444,414248,402672,411476,8804,dd794658d6397853b03c0449435403a057f1d83e7ed9fb9bcadfd1b4dd0f7d21,424d4430fffe02006422000010000200,,NSBMD model,Confirmed,True,False,,,,,,,,,,False,False
/a/0/4/0,/a/0/4/0!/member_00064,0,/a/0/4/0,169,64,,414248,416600,411476,413828,2352,2b483f7b0c5152da668246f4cafb226b5c9ca69bfd711143e5cbb381d17b838d,424d4430fffe02003009000010000200,,NSBMD model,Confirmed,True,False,,,,,,,,,,False,False
/a/0/4/0,/a/0/4/0!/member_00065,0,/a/0/4/0,169,65,,416600,423280,413828,420508,6680,38001f5721c70457195c174f50d3060609d07719fb81a65aa5180e01bd80ef30,424d4430fffe0200181a000010000200,,NSBMD model,Confirmed,True,False,,,,,,,,,,False,False
/a/0/4/0,/a/0/4/0!/member_00066,0,/a/0/4/0,169,66,,423280,425988,420508,423216,2708,d905c50ff5654912cd8b1e3b0a2c4817a367406dd3f72100c3e3b9d350bb0c67,424d4430fffe0200940a000010000200,,NSBMD model,Confirmed,True,False,,,,,,,,,,False,False
/a/0/4/0,/a/0/4/0!/member_00067,0,/a/0/4/0,169,67,,425988,428700,423216,425928,2712,704aa5d676bf33f5fbdd6a5243de9923f7f65a1d749e4006ca1050b5c58a6090,424d4430fffe0200980a000010000200,,NSBMD model,Confirmed,True,False,,,,,,,,,,False,False
/a/0/4/0,/a/0/4/0!/member_00068,0,/a/0/4/0,169,68,,428700,434964,425928,432192,6264,dafc5e9ff5da0250e0eda93a2e71188cba9769e7433c17c321cbcfa0a921a02e,424d4430fffe02007818000010000200,,NSBMD model,Confirmed,True,False,,,,,,,,,,False,False
/a/0/4/0,/a/0/4/0!/member_00069,0,/a/0/4/0,169,69,,434964,437672,432192,434900,2708,fe2a271aeba8bd4e98d3f20407d2ad7e04afa0bf0699cabaeceafeb3a51992dc,424d4430fffe0200940a000010000200,,NSBMD model,Confirmed,True,False,,,,,,,,,,False,False
/a/0/4/0,/a/0/4/0!/member_00070,0,/a/0/4/0,169,70,,437672,440384,434900,437612,2712,05195c91062903e9064951bc7249f18956bc86a470e6e2456c6db3e18a12d310,424d4430fffe0200980a000010000200,,NSBMD model,Confirmed,True,False,,,,,,,,,,False,False
/a/0/4/0,/a/0/4/0!/member_00071,0,/a/0/4/0,169,71,,440384,446432,437612,443660,6048,e5d956776f844e446193f8d42177988b9528da8261375a9a4bda54fbde3e01d6,424d4430fffe0200a017000010000200,,NSBMD model,Confirmed,True,False,,,,,,,,,,False,False
/a/0/4/0,/a/0/4/0!/member_00072,0,/a/0/4/0,169,72,,446432,447588,443660,444816,1156,be7305cd4c282c184be95393c4f2aec83d8792af3e0c78d019b3948cb75ebe6b,424d4430fffe02008404000010000200,,NSBMD model,Confirmed,True,False,,,,,,,,,,False,False
/a/0/4/0,/a/0/4/0!/member_00073,0,/a/0/4/0,169,73,,447588,452324,444816,449552,4736,b391b4ad38476c411644194297ca95d9c4632f04e27115f5d09d80d6bcb98f23,424d4430fffe02008012000010000200,,NSBMD model,Confirmed,True,False,,,,,,,,,,False,False
/a/0/4/0,/a/0/4/0!/member_00074,0,/a/0/4/0,169,74,,452324,457172,449552,454400,4848,875a18da52709b4b090bb0c91f9dc01c16e6d48f62ed7439ec92f41e1919217d,424d4430fffe0200f012000010000200,,NSBMD model,Confirmed,True,False,,,,,,,,,,False,False
/a/0/4/0,/a/0/4/0!/member_00075,0,/a/0/4/0,169,75,,457172,463644,454400,460872,6472,b1bc5593695fe38295ccaab928db6dfc65d30b1117ddd33b5885a64db61231cc,424d4430fffe02004819000010000200,,NSBMD model,Confirmed,True,False,,,,,,,,,,False,False
/a/0/4/0,/a/0/4/0!/member_00076,0,/a/0/4/0,169,76,,463644,476076,460872,473304,12432,c8b5a304d8dc4a06d985f1bedfe7bec1c42cbdff2e92c15f87b14da40bef8c4c,424d4430fffe02009030000010000200,,NSBMD model,Confirmed,True,False,,,,,,,,,,False,False
/a/0/4/0,/a/0/4/0!/member_00077,0,/a/0/4/0,169,77,,476076,482892,473304,480120,6816,922ea8081f203008a1faf672a0666f6072ccaa1357df55446d424a00f00e94e2,424d4430fffe0200a01a000010000200,,NSBMD model,Confirmed,True,False,,,,,,,,,,False,False
/a/0/4/0,/a/0/4/0!/member_00078,0,/a/0/4/0,169,78,,482892,490364,480120,487592,7472,8a100e7344c80d36747d17cce618b331f3e55762639025984d5d7634c5318de8,424d4430fffe0200301d000010000200,,NSBMD model,Confirmed,True,False,,,,,,,,,,False,False
/a/0/4/0,/a/0/4/0!/member_00079,0,/a/0/4/0,169,79,,490364,500436,487592,497664,10072,e0467b1731b7f104f7cf75a6ce54af7bf7aca73bcfbf57812ab9be7f0031bcd4,424d4430fffe02005827000010000200,,NSBMD model,Confirmed,True,False,,,,,,,,,,False,False
/a/0/4/0,/a/0/4/0!/member_00080,0,/a/0/4/0,169,80,,500436,512420,497664,509648,11984,8d3ef9f1981b6dad762a001fab992f03b1944dfb251a2da21d3a0cab29e6526b,424d4430fffe0200d02e000010000200,,NSBMD model,Confirmed,True,False,,,,,,,,,,False,False
/a/0/4/0,/a/0/4/0!/member_00081,0,/a/0/4/0,169,81,,512420,517960,509648,515188,5540,8b6b2e2b8f34f7394c3879924f72d8bad2ca5ddb1bd1931eaf62c1756e743ca7,424d4430fffe0200a415000010000200,,NSBMD model,Confirmed,True,False,,,,,,,,,,False,False
/a/0/4/0,/a/0/4/0!/member_00082,0,/a/0/4/0,169,82,,517960,524016,515188,521244,6056,f622b346f23d33f84f8c251d780d7606ce3d376129d1084eb4b399e57bace2ad,424d4430fffe0200a817000010000200,,NSBMD model,Confirmed,True,False,,,,,,,,,,False,False
/a/0/4/0,/a/0/4/0!/member_00083,0,/a/0/4/0,169,83,,524016,532508,521244,529736,8492,4b7f789d4309a565b95dc958e2207ae1a90b7e44078525b0dcca539e3d95150d,424d4430fffe02002c21000010000200,,NSBMD model,Confirmed,True,False,,,,,,,,,,False,False
/a/0/4/0,/a/0/4/0!/member_00084,0,/a/0/4/0,169,84,,532508,534400,529736,531628,1892,a74abe8f924dd9d4e7b7eda1c9033dbf31909bfb487236b6e0c4b617569678cb,424d4430fffe02006407000010000200,,NSBMD model,Confirmed,True,False,,,,,,,,,,False,False
/a/0/4/0,/a/0/4/0!/member_00085,0,/a/0/4/0,169,85,,534400,537564,531628,534792,3164,cb0bfbf1ec08a1c300e483e2f68822631e5978b801bde3f286b43058e77b771e,424d4430fffe02005c0c000010000200,,NSBMD model,Confirmed,True,False,,,,,,,,,,False,False
/a/0/4/0,/a/0/4/0!/member_00086,0,/a/0/4/0,169,86,,537564,548164,534792,545392,10600,a1740a41eabe7e5e39104025f228e36c33f1b3da6977f4720258097b40f4bf00,424d4430fffe02006829000010000200,,NSBMD model,Confirmed,True,False,,,,,,,,,,False,False
/a/0/4/0,/a/0/4/0!/member_00087,0,/a/0/4/0,169,87,,548164,553940,545392,551168,5776,23cc64820946ac9568b29cd0d0a449cbf743bd23d5d4063857bc093f822bae94,424d4430fffe02009016000010000200,,NSBMD model,Confirmed,True,False,,,,,,,,,,False,False
/a/0/4/0,/a/0/4/0!/member_00088,0,/a/0/4/0,169,88,,553940,568100,551168,565328,14160,0e5bf4ddb24894fa283619c40664841af2c7ac332b96d9a7684797610d730032,424d4430fffe02005037000010000200,,NSBMD model,Confirmed,True,False,,,,,,,,,,False,False
/a/0/4/0,/a/0/4/0!/member_00089,0,/a/0/4/0,169,89,,568100,589568,565328,586796,21468,8903cbaf72599396fde36a3ee1f314aeec99a543f9d1fe7a98c7aa19a8d6ce60,424d4430fffe0200dc53000010000200,,NSBMD model,Confirmed,True,False,,,,,,,,,,False,False
/a/0/4/0,/a/0/4/0!/member_00090,0,/a/0/4/0,169,90,,589568,591248,586796,588476,1680,64dc90830621033ce043f0fb26e4fbf29b88ae4d5fa69787d76c6e94b9abb9d2,424d4430fffe02009006000010000200,,NSBMD model,Confirmed,True,False,,,,,,,,,,False,False
/a/0/4/0,/a/0/4/0!/member_00091,0,/a/0/4/0,169,91,,591248,592564,588476,589792,1316,0c1a1bd7ca384433fbfb857259a190a7604b6ca17580126e073596c770034c47,424d4430fffe02002405000010000200,,NSBMD model,Confirmed,True,False,,,,,,,,,,False,False
/a/0/4/0,/a/0/4/0!/member_00092,0,/a/0/4/0,169,92,,592564,593880,589792,591108,1316,c0fbc0202748e54237839603a19baf36fb3e1cf6cba84f61842cd98edb7d5095,424d4430fffe02002405000010000200,,NSBMD model,Confirmed,True,False,,,,,,,,,,False,False
/a/0/4/0,/a/0/4/0!/member_00093,0,/a/0/4/0,169,93,,593880,595768,591108,592996,1888,174f71428dbde932d976ccf93d8a0d9ff7a8569828afe1644adb236b47540220,424d4430fffe02006007000010000200,,NSBMD model,Confirmed,True,False,,,,,,,,,,False,False
/a/0/4/0,/a/0/4/0!/member_00094,0,/a/0/4/0,169,94,,595768,597064,592996,594292,1296,7bfc385eb397117f73b4d15724ddcadcc2b230a4d2685f33aa41be45297ee003,424d4430fffe02001005000010000200,,NSBMD model,Confirmed,True,False,,,,,,,,,,False,False
/a/0/4/0,/a/0/4/0!/member_00095,0,/a/0/4/0,169,95,,597064,601168,594292,598396,4104,43fec166b5f5c4ae876778c31eb8fcce75c8671a80c6ef808049f0862930e7b3,424d4430fffe02000810000010000200,,NSBMD model,Confirmed,True,False,,,,,,,,,,False,False
/a/0/4/0,/a/0/4/0!/member_00096,0,/a/0/4/0,169,96,,601168,606164,598396,603392,4996,0f8a5b913d5cfb2d9ec185fb883d7507d1dbac9fb4f1d0d71054e060e97fd37a,424d4430fffe02008413000010000200,,NSBMD model,Confirmed,True,False,,,,,,,,,,False,False
/a/0/4/0,/a/0/4/0!/member_00097,0,/a/0/4/0,169,97,,606164,611636,603392,608864,5472,07ea39ab2f1357250a82c82433dea1a7f7fec6c95a3af81e7de7363d96874689,424d4430fffe02006015000010000200,,NSBMD model,Confirmed,True,False,,,,,,,,,,False,False
/a/0/4/0,/a/0/4/0!/member_00098,0,/a/0/4/0,169,98,,611636,614536,608864,611764,2900,f52674b637b84b4bd078c8ec753872591c962e4428ab236f8b34aa39810b9081,424d4430fffe0200540b000010000200,,NSBMD model,Confirmed,True,False,,,,,,,,,,False,False
/a/0/4/0,/a/0/4/0!/member_00099,0,/a/0/4/0,169,99,,614536,618536,611764,615764,4000,db8b9c912bf9e40d7e197892f47ea50bbe13bc63e9efaca9ead4ccc375a7dfd9,424d4430fffe0200a00f000010000200,,NSBMD model,Confirmed,True,False,,,,,,,,,,False,False
/a/0/4/0,/a/0/4/0!/member_00100,0,/a/0/4/0,169,100,,618536,620292,615764,617520,1756,b2899231ec7e9b6a561869b623f9341c25c42ccabd565385447c6ef07353407a,424d4430fffe0200dc06000010000200,,NSBMD model,Confirmed,True,False,,,,,,,,,,False,False
/a/0/4/0,/a/0/4/0!/member_00101,0,/a/0/4/0,169,101,,620292,627108,617520,624336,6816,cd9355df82321b64d78399fe528cf387b0594f7f9caa7fd5baf970640bd11cc7,424d4430fffe0200a01a000010000200,,NSBMD model,Confirmed,True,False,,,,,,,,,,False,False
/a/0/4/0,/a/0/4/0!/member_00102,0,/a/0/4/0,169,102,,627108,633868,624336,631096,6760,d8eb338dbee5a251b3b86ec234319cd8a39a9775ba33be3e054a6289b40e495a,424d4430fffe0200681a000010000200,,NSBMD model,Confirmed,True,False,,,,,,,,,,False,False
/a/0/4/0,/a/0/4/0!/member_00103,0,/a/0/4/0,169,103,,633868,635084,631096,632312,1216,47fddde39f90f6c9b934da988546727cf9303db47fecc20340953516138e6f40,424d4430fffe0200c004000010000200,,NSBMD model,Confirmed,True,False,,,,,,,,,,False,False
/a/0/4/0,/a/0/4/0!/member_00104,0,/a/0/4/0,169,104,,635084,642060,632312,639288,6976,895d54929c1757536ba032cebd9339c3b1079b900f60e69ec485a42106c86238,424d4430fffe0200401b000010000200,,NSBMD model,Confirmed,True,False,,,,,,,,,,False,False
/a/0/4/0,/a/0/4/0!/member_00105,0,/a/0/4/0,169,105,,642060,649668,639288,646896,7608,4bd9d7245eb743ba9a7ad7f470e73a4586f6bdde9ac904e8384c304857bc2fb7,424d4430fffe0200b81d000010000200,,NSBMD model,Confirmed,True,False,,,,,,,,,,False,False
/a/0/4/0,/a/0/4/0!/member_00106,0,/a/0/4/0,169,106,,649668,651764,646896,648992,2096,0bc2dd79fe7e876b0753e71c647b71c1116863077713fed2bcbb1376b5d22c50,424d4430fffe02003008000010000200,,NSBMD model,Confirmed,True,False,,,,,,,,,,False,False
/a/0/4/0,/a/0/4/0!/member_00107,0,/a/0/4/0,169,107,,651764,655064,648992,652292,3300,04fe9a767fe9ba2f72e5e6af35f8b31c5e6e6e50d073a60b2c6ed0298c5b83dd,424d4430fffe0200e40c000010000200,,NSBMD model,Confirmed,True,False,,,,,,,,,,False,False
/a/0/4/0,/a/0/4/0!/member_00108,0,/a/0/4/0,169,108,,655064,667048,652292,664276,11984,f9a178686cabc0d1f53586be0ec2ec1697eed9a3103ec1dc9d0dd7b416f67ba1,424d4430fffe0200d02e000010000200,,NSBMD model,Confirmed,True,False,,,,,,,,,,False,False
/a/0/4/0,/a/0/4/0!/member_00109,0,/a/0/4/0,169,109,,667048,674088,664276,671316,7040,2ac19ac9f4f92bda1711f1282a0f12d25b5500cc0226b2a7628c6d8492af4992,424d4430fffe0200801b000010000200,,NSBMD model,Confirmed,True,False,,,,,,,,,,False,False
/a/0/4/0,/a/0/4/0!/member_00110,0,/a/0/4/0,169,110,,674088,689456,671316,686684,15368,131b264be1d3a8749051c5239f5d3b40bba93d17ac7028cbdf9fe707ee807696,424d4430fffe0200083c000010000200,,NSBMD model,Confirmed,True,False,,,,,,,,,,False,False
/a/0/4/0,/a/0/4/0!/member_00111,0,/a/0/4/0,169,111,,689456,701440,686684,698668,11984,37bf3f7cddbd7624dfcd4222e5a9f2bf529f307ba1960c5beb38afc6158bd1aa,424d4430fffe0200d02e000010000200,,NSBMD model,Confirmed,True,False,,,,,,,,,,False,False
/a/0/4/0,/a/0/4/0!/member_00112,0,/a/0/4/0,169,112,,701440,713708,698668,710936,12268,4ae57a93f1cb418be74b1e9f5f51f9922d3cbf4a7a7fcb66ee024fd084517940,424d4430fffe0200ec2f000010000200,,NSBMD model,Confirmed,True,False,,,,,,,,,,False,False
/a/0/4/0,/a/0/4/0!/member_00113,0,/a/0/4/0,169,113,,713708,718740,710936,715968,5032,d73726528fed2fbf27fe5a0c873f8420be1dec77c6484ea5cba2b23d7015fd95,424d4430fffe0200a813000010000200,,NSBMD model,Confirmed,True,False,,,,,,,,,,False,False
/a/0/4/0,/a/0/4/0!/member_00114,0,/a/0/4/0,169,114,,718740,720060,715968,717288,1320,851d41f0a5ba5793862f6e9264248d5038ddc05f7d54ce608f99f9647c6d223e,424d4430fffe02002805000010000200,,NSBMD model,Confirmed,True,False,,,,,,,,,,False,False
/a/0/4/0,/a/0/4/0!/member_00115,0,/a/0/4/0,169,115,,720060,722884,717288,720112,2824,ee849b2e867ee338906be5e35c3ab4ecd5a4d9122bb1833809864b4be0a2da9a,424d4430fffe0200080b000010000200,,NSBMD model,Confirmed,True,False,,,,,,,,,,False,False
/a/0/4/0,/a/0/4/0!/member_00116,0,/a/0/4/0,169,116,,722884,726756,720112,723984,3872,a3cba923610856ed93a85106780f5865564878a32be00de2e70ec5fab2a734cd,424d4430fffe0200200f000010000200,,NSBMD model,Confirmed,True,False,,,,,,,,,,False,False
/a/0/4/0,/a/0/4/0!/member_00117,0,/a/0/4/0,169,117,,726756,730188,723984,727416,3432,8e19a533a494adc9f65e8aba3f1fc612c6169c049b250e23beb5496399a636ec,424d4430fffe0200680d000010000200,,NSBMD model,Confirmed,True,False,,,,,,,,,,False,False
/a/0/4/0,/a/0/4/0!/member_00118,0,/a/0/4/0,169,118,,730188,737772,727416,735000,7584,3ea286997dd620381814e7d59b0fb4a5bbadc5aa6c7a427d94ff78b5560e5fc3,424d4430fffe0200a01d000010000200,,NSBMD model,Confirmed,True,False,,,,,,,,,,False,False
/a/0/4/0,/a/0/4/0!/member_00119,0,/a/0/4/0,169,119,,737772,744620,735000,741848,6848,bb125f001c184aad8be302adc0612c5fe12e2095672cfdcb7dc198139df7eccf,424d4430fffe0200c01a000010000200,,NSBMD model,Confirmed,True,False,,,,,,,,,,False,False
/a/0/4/0,/a/0/4/0!/member_00120,0,/a/0/4/0,169,120,,744620,745940,741848,743168,1320,2fc152469bc4d835f159fa0f0b57984161b79858756a07d402010891093463b6,424d4430fffe02002805000010000200,,NSBMD model,Confirmed,True,False,,,,,,,,,,False,False
/a/0/4/0,/a/0/4/0!/member_00121,0,/a/0/4/0,169,121,,745940,752084,743168,749312,6144,d47643fc7d592023c5280c0c9d5d8952fa697c7794d295a14baddc84a56b63b9,424d4430fffe02000018000010000200,,NSBMD model,Confirmed,True,False,,,,,,,,,,False,False
/a/0/4/0,/a/0/4/0!/member_00122,0,/a/0/4/0,169,122,,752084,788372,749312,785600,36288,637fc86fdce6e8f06cb28b4a76d8c3519d42d91747b1d7a08650e9d8c3cd4194,424d4430fffe0200c08d000010000200,,NSBMD model,Confirmed,True,False,,,,,,,,,,False,False
/a/0/4/0,/a/0/4/0!/member_00123,0,/a/0/4/0,169,123,,788372,847832,785600,845060,59460,9a3a2e67bfc2495adc7360bf17250dcb70f719828906ab3ed5af9ab7467c4ed2,424d4430fffe020044e8000010000200,,NSBMD model,Confirmed,True,False,,,,,,,,,,False,False
/a/0/4/0,/a/0/4/0!/member_00124,0,/a/0/4/0,169,124,,847832,851840,845060,849068,4008,1d938fca75f0b67c98ee6e085e297e83c3ec6110f2f9673241ae686c3b41bc7c,424d4430fffe0200a80f000010000200,,NSBMD model,Confirmed,True,False,,,,,,,,,,False,False
/a/0/4/0,/a/0/4/0!/member_00125,0,/a/0/4/0,169,125,,851840,859872,849068,857100,8032,85cbc2868eee0ec17ea40d09a7b4551560dfb11c3f46ec3849bd7eea3f385f34,424d4430fffe0200601f000010000200,,NSBMD model,Confirmed,True,False,,,,,,,,,,False,False
/a/0/4/0,/a/0/4/0!/member_00126,0,/a/0/4/0,169,126,,859872,866764,857100,863992,6892,3a3a94b417ccee7857614b6cdf170c3bada4952f0044958305f8b1d6834a8b00,424d4430fffe0200ec1a000010000200,,NSBMD model,Confirmed,True,False,,,,,,,,,,False,False
/a/0/4/0,/a/0/4/0!/member_00127,0,/a/0/4/0,169,127,,866764,873472,863992,870700,6708,6ea2aa646bfec8a6c89dd80cc49acdb85b38a5470931ea67a449cc19f378dd29,424d4430fffe0200341a000010000200,,NSBMD model,Confirmed,True,False,,,,,,,,,,False,False
/a/0/4/0,/a/0/4/0!/member_00128,0,/a/0/4/0,169,128,,873472,882756,870700,879984,9284,bf058eab174e43168d150d3976c07ba33adc4672129cd77652bfa63e13d2aa08,424d4430fffe02004424000010000200,,NSBMD model,Confirmed,True,False,,,,,,,,,,False,False
/a/0/4/0,/a/0/4/0!/member_00129,0,/a/0/4/0,169,129,,882756,887976,879984,885204,5220,7ffb105a3430014ee322f8e387a8273e7d715a072d7ee53ba9189d64517e1203,424d4430fffe02006414000010000200,,NSBMD model,Confirmed,True,False,,,,,,,,,,False,False
/a/0/4/0,/a/0/4/0!/member_00130,0,/a/0/4/0,169,130,,887976,893020,885204,890248,5044,c64dfb26a715cd119944f97bce93e387f3b53a588f55b46df08d7ff8824f38d7,424d4430fffe0200b413000010000200,,NSBMD model,Confirmed,True,False,,,,,,,,,,False,False
/a/0/4/0,/a/0/4/0!/member_00131,0,/a/0/4/0,169,131,,893020,896268,890248,893496,3248,91fcf2f6654dddeff6850551b3438ad72e8f0b1f145159b38ecbb7cac4bb448b,424d4430fffe0200b00c000010000200,,NSBMD model,Confirmed,True,False,,,,,,,,,,False,False
/a/0/4/0,/a/0/4/0!/member_00132,0,/a/0/4/0,169,132,,896268,904412,893496,901640,8144,0c1a39a7662e5bf9cc15264df4704e764039d0f4e2ad7acc5c5a410ac759f549,424d4430fffe0200d01f000010000200,,NSBMD model,Confirmed,True,False,,,,,,,,,,False,False
/a/0/4/0,/a/0/4/0!/member_00133,0,/a/0/4/0,169,133,,904412,905728,901640,902956,1316,6368ce608bb45ee5c80006c19bb5e244edb03f58a910b0ad5dd7a4c16d64adfa,424d4430fffe02002405000010000200,,NSBMD model,Confirmed,True,False,,,,,,,,,,False,False
/a/0/4/0,/a/0/4/0!/member_00134,0,/a/0/4/0,169,134,,905728,912268,902956,909496,6540,dc9754b6ddaf429c7324911cbf99020f03efb952682c19df000fbaac245b0e6c,424d4430fffe02008c19000010000200,,NSBMD model,Confirmed,True,False,,,,,,,,,,False,False
/a/0/4/0,/a/0/4/0!/member_00135,0,/a/0/4/0,169,135,,912268,913484,909496,910712,1216,985d0fa9756f1d57c828681989372abfd96bac678ae68461e3c7617475c7b60c,424d4430fffe0200c004000010000200,,NSBMD model,Confirmed,True,False,,,,,,,,,,False,False
/a/0/4/0,/a/0/4/0!/member_00136,0,/a/0/4/0,169,136,,913484,917000,910712,914228,3516,2141fc98f4e351959d0cc7ba4b372dcd5b2ef2e5f500b4efee8567181ad67ce1,424d4430fffe0200bc0d000010000200,,NSBMD model,Confirmed,True,False,,,,,,,,,,False,False
/a/0/4/0,/a/0/4/0!/member_00137,0,/a/0/4/0,169,137,,917000,920516,914228,917744,3516,5cb3b8d5eb6bad21e79585aa931d09a048cda146e86107ad81e44cb370b8dd37,424d4430fffe0200bc0d000010000200,,NSBMD model,Confirmed,True,False,,,,,,,,,,False,False
/a/0/4/0,/a/0/4/0!/member_00138,0,/a/0/4/0,169,138,,920516,932500,917744,929728,11984,9478f1adada61980bac54bd0eba4e8c1263c26dd361e8ef421f6635485a11897,424d4430fffe0200d02e000010000200,,NSBMD model,Confirmed,True,False,,,,,,,,,,False,False
/a/0/4/0,/a/0/4/0!/member_00139,0,/a/0/4/0,169,139,,932500,944484,929728,941712,11984,cdcd07c229391ee603f8e572c1c022074c2975fb920737dec430581c824f8eb9,424d4430fffe0200d02e000010000200,,NSBMD model,Confirmed,True,False,,,,,,,,,,False,False
/a/0/4/0,/a/0/4/0!/member_00140,0,/a/0/4/0,169,140,,944484,1003696,941712,1000924,59212,f489420b428d43f3b49ddec3997f347f6776cf2eabe1ea3ebc4edfa84389c58e,424d4430fffe02004ce7000010000200,,NSBMD model,Confirmed,True,False,,,,,,,,,,False,False
/a/0/4/0,/a/0/4/0!/member_00141,0,/a/0/4/0,169,141,,1003696,1004908,1000924,1002136,1212,e129aaaecb47960ae459c7a9e9e39c58b3c3f82af592488ca7474b6bf115eea4,424d4430fffe0200bc04000010000200,,NSBMD model,Confirmed,True,False,,,,,,,,,,False,False
/a/0/4/0,/a/0/4/0!/member_00142,0,/a/0/4/0,169,142,,1004908,1008192,1002136,1005420,3284,9ee092a7cf51ce2fc1265c6d75b8cac55c9e84ff4a2a164d2c664d1a3eef6b2c,424d4430fffe0200d40c000010000200,,NSBMD model,Confirmed,True,False,,,,,,,,,,False,False
/a/0/4/0,/a/0/4/0!/member_00143,0,/a/0/4/0,169,143,,1008192,1019668,1005420,1016896,11476,5a401f6383ecba89543ee3b7c671bf2c968298be6c8bc2d807913c566ed39a10,424d4430fffe0200d42c000010000200,,NSBMD model,Confirmed,True,False,,,,,,,,,,False,False
/a/0/4/0,/a/0/4/0!/member_00144,0,/a/0/4/0,169,144,,1019668,1026900,1016896,1024128,7232,2c05d12880974f020de2e1573acaa6250f6ad652f9f0f0165044c056e713fdcb,424d4430fffe0200401c000010000200,,NSBMD model,Confirmed,True,False,,,,,,,,,,False,False
/a/0/4/0,/a/0/4/0!/member_00145,0,/a/0/4/0,169,145,,1026900,1030224,1024128,1027452,3324,55199d61e3799a678b75d1fc16960f09d2bf22a5a60b9f070512b5279dc7ad99,424d4430fffe0200fc0c000010000200,,NSBMD model,Confirmed,True,False,,,,,,,,,,False,False
/a/0/4/0,/a/0/4/0!/member_00146,0,/a/0/4/0,169,146,,1030224,1042388,1027452,1039616,12164,56280558d3bcf88f4b440e21b7b59347df3062965dd6b302e9cea3a55a07ea10,424d4430fffe0200842f000010000200,,NSBMD model,Confirmed,True,False,,,,,,,,,,False,False
/a/0/4/0,/a/0/4/0!/member_00147,0,/a/0/4/0,169,147,,1042388,1045396,1039616,1042624,3008,3fb5f69d8171e5e83b48f81c408b23bbda5ddf1b73635f586f3d9d6a93f16963,424d4430fffe0200c00b000010000200,,NSBMD model,Confirmed,True,False,,,,,,,,,,False,False
/a/0/4/0,/a/0/4/0!/member_00148,0,/a/0/4/0,169,148,,1045396,1055736,1042624,1052964,10340,fbd073ec27fe520f7fbcb6ab24906c95b3aca9449eadf8db4778152271c29405,424d4430fffe02006428000010000200,,NSBMD model,Confirmed,True,False,,,,,,,,,,False,False
/a/0/4/0,/a/0/4/0!/member_00149,0,/a/0/4/0,169,149,,1055736,1056928,1052964,1054156,1192,ff668f2967a4127b362579c8c609c076d787c740a7c2b7944c6d743d8c7418e1,424d4430fffe0200a804000010000200,,NSBMD model,Confirmed,True,False,,,,,,,,,,False,False
/a/0/4/0,/a/0/4/0!/member_00150,0,/a/0/4/0,169,150,,1056928,1058248,1054156,1055476,1320,2824bdcca9cd2610f53d701dacd90c7cd91b366dfda940c755aa332363b083e6,424d4430fffe02002805000010000200,,NSBMD model,Confirmed,True,False,,,,,,,,,,False,False
/a/0/4/0,/a/0/4/0!/member_00151,0,/a/0/4/0,169,151,,1058248,1060128,1055476,1057356,1880,87c6459b101693f032e101093b26bb934e4e002ba955c6dde94bb67573e583eb,424d4430fffe02005807000010000200,,NSBMD model,Confirmed,True,False,,,,,,,,,,False,False
/a/0/4/0,/a/0/4/0!/member_00152,0,/a/0/4/0,169,152,,1060128,1067020,1057356,1064248,6892,2c9c4ddd96365310692235880280bb207ccbc488fe80d25f33bac3157169a9c0,424d4430fffe0200ec1a000010000200,,NSBMD model,Confirmed,True,False,,,,,,,,,,False,False
/a/0/4/0,/a/0/4/0!/member_00153,0,/a/0/4/0,169,153,,1067020,1072700,1064248,1069928,5680,8ee04a5d19df921dfa68513db9b37c34dd8e91054af04ce5ab10daddd627dac4,424d4430fffe02003016000010000200,,NSBMD model,Confirmed,True,False,,,,,,,,,,False,False
/a/0/4/0,/a/0/4/0!/member_00154,0,/a/0/4/0,169,154,,1072700,1082924,1069928,1080152,10224,f80cac5b41d0b1b1f4a2eba4590fed51d2a0dd6b70239b5dc1d084f7ba96ae7e,424d4430fffe0200f027000010000200,,NSBMD model,Confirmed,True,False,,,,,,,,,,False,False
/a/0/4/0,/a/0/4/0!/member_00155,0,/a/0/4/0,169,155,,1082924,1090740,1080152,1087968,7816,ccdab731c7c223e362c4c6ed9398b18e65dd0bf5bab5fb253d5823572c4a4ea1,424d4430fffe0200881e000010000200,,NSBMD model,Confirmed,True,False,,,,,,,,,,False,False
/a/0/4/0,/a/0/4/0!/member_00156,0,/a/0/4/0,169,156,,1090740,1098380,1087968,1095608,7640,ee45ca5eb178e3b8d737c1e17c24769127997fd62d9182cc053c8fbda363948b,424d4430fffe0200d81d000010000200,,NSBMD model,Confirmed,True,False,,,,,,,,,,False,False
/a/0/4/0,/a/0/4/0!/member_00157,0,/a/0/4/0,169,157,,1098380,1106284,1095608,1103512,7904,e7ec90111683379da0805162e35dbefa9e69ce69d06c769028c805b5c4f1aeda,424d4430fffe0200e01e000010000200,,NSBMD model,Confirmed,True,False,,,,,,,,,,False,False
/a/0/4/0,/a/0/4/0!/member_00158,0,/a/0/4/0,169,158,,1106284,1114680,1103512,1111908,8396,451bf0eea2189558d04e10a39a5d93b361cbaab6355d14cd6314f02d02ef72f4,424d4430fffe0200cc20000010000200,,NSBMD model,Confirmed,True,False,,,,,,,,,,False,False
/a/0/4/0,/a/0/4/0!/member_00159,0,/a/0/4/0,169,159,,1114680,1123312,1111908,1120540,8632,cae383a76542dd7febc4345d899b7a6a4fdc0602666e52f5f52fd59d1eb30a2d,424d4430fffe0200b821000010000200,,NSBMD model,Confirmed,True,False,,,,,,,,,,False,False
/a/0/4/0,/a/0/4/0!/member_00160,0,/a/0/4/0,169,160,,1123312,1130988,1120540,1128216,7676,3f788c40892befcb11f9bc626b44d0e14779f9afa10e9640c776749ce391b726,424d4430fffe0200fc1d000010000200,,NSBMD model,Confirmed,True,False,,,,,,,,,,False,False
/a/0/4/0,/a/0/4/0!/member_00161,0,/a/0/4/0,169,161,,1130988,1139572,1128216,1136800,8584,70760c3f97289301f00d12085d2d87cb42b948a8b41776d7189327c4857f1243,424d4430fffe02008821000010000200,,NSBMD model,Confirmed,True,False,,,,,,,,,,False,False
/a/0/4/0,/a/0/4/0!/member_00162,0,/a/0/4/0,169,162,,1139572,1147880,1136800,1145108,8308,ba5310bf6d239d5121c6afeebd869cdf47fdf15d91d3a827f03cb095a022eed1,424d4430fffe02007420000010000200,,NSBMD model,Confirmed,True,False,,,,,,,,,,False,False
/a/0/4/0,/a/0/4/0!/member_00163,0,/a/0/4/0,169,163,,1147880,1155200,1145108,1152428,7320,b9b38f0fa5cce76e1f7166130e6c131e26c40ee60aab763338e61b3be10ac1b9,424d4430fffe0200981c000010000200,,NSBMD model,Confirmed,True,False,,,,,,,,,,False,False
/a/0/4/0,/a/0/4/0!/member_00164,0,/a/0/4/0,169,164,,1155200,1156400,1152428,1153628,1200,c65aa25ff09337cd1463a65d39cd40782c62766de38bbeba26d2c44e4a046dff,424d4430fffe0200b004000010000200,,NSBMD model,Confirmed,True,False,,,,,,,,,,False,False
/a/0/4/0,/a/0/4/0!/member_00165,0,/a/0/4/0,169,165,,1156400,1167088,1153628,1164316,10688,5ddc26f889f3e56a16c7ee0d4143f7a1f82a43b84c201f22c2507d96babff6e4,424d4430fffe0200c029000010000200,,NSBMD model,Confirmed,True,False,,,,,,,,,,False,False
/a/0/4/0,/a/0/4/0!/member_00166,0,/a/0/4/0,169,166,,1167088,1168364,1164316,1165592,1276,14b2e0e80cd9ee0aeb1319e5f6e4059ca18ac3b16f1a61fe9d880c1665bfde3f,424d4430fffe0200fc04000010000200,,NSBMD model,Confirmed,True,False,,,,,,,,,,False,False
/a/0/4/0,/a/0/4/0!/member_00167,0,/a/0/4/0,169,167,,1168364,1175396,1165592,1172624,7032,a8f9fba209a3912c6d97ca20e47294d33a98e3bd36440682f1b0f30dafc6b403,424d4430fffe0200781b000010000200,,NSBMD model,Confirmed,True,False,,,,,,,,,,False,False
/a/0/4/0,/a/0/4/0!/member_00168,0,/a/0/4/0,169,168,,1175396,1202244,1172624,1199472,26848,0777c3a59108523ed9b6cbb60a3d72ae36e49adf447181b048c5c2c4a035be10,424d4430fffe0200e068000010000200,,NSBMD model,Confirmed,True,False,,,,,,,,,,False,False
/a/0/4/0,/a/0/4/0!/member_00169,0,/a/0/4/0,169,169,,1202244,1205672,1199472,1202900,3428,8de27584954f11d51d4af922029d241d28c11184f108c8a299111c439fc5b38b,424d4430fffe0200640d000010000200,,NSBMD model,Confirmed,True,False,,,,,,,,,,False,False
/a/0/4/0,/a/0/4/0!/member_00170,0,/a/0/4/0,169,170,,1205672,1212592,1202900,1209820,6920,1603fecaa29dead863a38f9bf7275c1ac49b057ffe1f6c666db266b4c99cb48a,424d4430fffe0200081b000010000200,,NSBMD model,Confirmed,True,False,,,,,,,,,,False,False
/a/0/4/0,/a/0/4/0!/member_00171,0,/a/0/4/0,169,171,,1212592,1227012,1209820,1224240,14420,34099f8571374ea32437e1c864e9ffe8ad3b43dac20cbdc513afcb644dfaef53,424d4430fffe02005438000010000200,,NSBMD model,Confirmed,True,False,,,,,,,,,,False,False
/a/0/4/0,/a/0/4/0!/member_00172,0,/a/0/4/0,169,172,,1227012,1242456,1224240,1239684,15444,00b8f87c42153168a2cca8582bd034d219f0953525c36ba1db0e42a12a9f1349,424d4430fffe0200543c000010000200,,NSBMD model,Confirmed,True,False,,,,,,,,,,False,False
/a/0/4/0,/a/0/4/0!/member_00173,0,/a/0/4/0,169,173,,1242456,1252684,1239684,1249912,10228,051c9dc212ea7cba755826b310b1479976ce890607fdcb0e63397304cba121a9,424d4430fffe0200f427000010000200,,NSBMD model,Confirmed,True,False,,,,,,,,,,False,False
/a/0/4/0,/a/0/4/0!/member_00174,0,/a/0/4/0,169,174,,1252684,1267872,1249912,1265100,15188,4e7b227084acaf4979a97fc756558a321c69481f76026ae92a439eced7840cf7,424d4430fffe0200543b000010000200,,NSBMD model,Confirmed,True,False,,,,,,,,,,False,False
/a/0/4/0,/a/0/4/0!/member_00175,0,/a/0/4/0,169,175,,1267872,1281700,1265100,1278928,13828,81127a785fc8e2d030d2a334edda749667c0ae2e955521f6d84ad4c9f94561fb,424d4430fffe02000436000010000200,,NSBMD model,Confirmed,True,False,,,,,,,,,,False,False
/a/0/4/0,/a/0/4/0!/member_00176,0,/a/0/4/0,169,176,,1281700,1294092,1278928,1291320,12392,956c8c05a2077cf3e51d1e962d56d6bc3482ba8f5a5668ebf8e8fddb544ac923,424d4430fffe02006830000010000200,,NSBMD model,Confirmed,True,False,,,,,,,,,,False,False
/a/0/4/0,/a/0/4/0!/member_00177,0,/a/0/4/0,169,177,,1294092,1295524,1291320,1292752,1432,1bd244ddac24aff3f6965419050552c790120b5d55435da1a5ad64894c7c10a0,424d4430fffe02009805000010000200,,NSBMD model,Confirmed,True,False,,,,,,,,,,False,False
/a/0/4/0,/a/0/4/0!/member_00178,0,/a/0/4/0,169,178,,1295524,1297708,1292752,1294936,2184,997386930327c2f80070eb47fb76da061a60a12e3ce645ebbe318abd777f513e,424d4430fffe02008808000010000200,,NSBMD model,Confirmed,True,False,,,,,,,,,,False,False
/a/0/4/0,/a/0/4/0!/member_00179,0,/a/0/4/0,169,179,,1297708,1309996,1294936,1307224,12288,49380e5b38ad8481ca988e72b7f7501855fd93ea44003fe46e13c96963328199,424d4430fffe02000030000010000200,,NSBMD model,Confirmed,True,False,,,,,,,,,,False,False
/a/0/4/0,/a/0/4/0!/member_00180,0,/a/0/4/0,169,180,,1309996,1315976,1307224,1313204,5980,2f646b64f9ebb28ee075402f952bb671fe63600497363ebdfc2aa271a4bd0f76,424d4430fffe02005c17000010000200,,NSBMD model,Confirmed,True,False,,,,,,,,,,False,False
/a/0/4/0,/a/0/4/0!/member_00181,0,/a/0/4/0,169,181,,1315976,1329104,1313204,1326332,13128,b4b5acf973b92ea2f59e12daca1b5516ec030e70b6cddcea93ee235303d51af5,424d4430fffe02004833000010000200,,NSBMD model,Confirmed,True,False,,,,,,,,,,False,False
/a/0/4/0,/a/0/4/0!/member_00182,0,/a/0/4/0,169,182,,1329104,1332900,1326332,1330128,3796,32dc43a3c72e755c20c749bf75e89effeeaafa0059f417b556f45bf06936f62a,424d4430fffe0200d40e000010000200,,NSBMD model,Confirmed,True,False,,,,,,,,,,False,False
/a/0/4/0,/a/0/4/0!/member_00183,0,/a/0/4/0,169,183,,1332900,1340356,1330128,1337584,7456,13b2a2adfe521ce0d87953564e7cfc533eed3189820de1827a86de96e3fe4ba0,424d4430fffe0200201d000010000200,,NSBMD model,Confirmed,True,False,,,,,,,,,,False,False
/a/0/4/0,/a/0/4/0!/member_00184,0,/a/0/4/0,169,184,,1340356,1350744,1337584,1347972,10388,6f74ec5f28f2512b58873a4a4d53c0d954caa1a18edd7327d15d36cf9e485f17,424d4430fffe02009428000010000200,,NSBMD model,Confirmed,True,False,,,,,,,,,,False,False
/a/0/4/0,/a/0/4/0!/member_00185,0,/a/0/4/0,169,185,,1350744,1352948,1347972,1350176,2204,30b83ff09b1d49231e8863e04f49fcb3b6d9b4ef3377382b41492e532e466025,424d4430fffe02009c08000010000200,,NSBMD model,Confirmed,True,False,,,,,,,,,,False,False
/a/0/4/0,/a/0/4/0!/member_00186,0,/a/0/4/0,169,186,,1352948,1359212,1350176,1356440,6264,611d10f819fa9b5d9549d0b45dfd090322fe3110ce9004b9fe08253d883bea26,424d4430fffe02007818000010000200,,NSBMD model,Confirmed,True,False,,,,,,,,,,False,False
/a/0/4/0,/a/0/4/0!/member_00187,0,/a/0/4/0,169,187,,1359212,1427580,1356440,1424808,68368,525b12d1de8f2a113a7559adc196956e5d177127c0ce9e7a22704853383c9650,424d4430fffe0200100b010010000200,,NSBMD model,Confirmed,True,False,,,,,,,,,,False,False
/a/0/4/0,/a/0/4/0!/member_00188,0,/a/0/4/0,169,188,,1427580,1430512,1424808,1427740,2932,9bfea7c251184f2b8db5ff6dd54dc412ce868f17ff94abd80b4e6e686f778a46,424d4430fffe0200740b000010000200,,NSBMD model,Confirmed,True,False,,,,,,,,,,False,False
/a/0/4/0,/a/0/4/0!/member_00189,0,/a/0/4/0,169,189,,1430512,1432640,1427740,1429868,2128,776bc0941faa190c31e205eeca0413c2e1ac9263f46ee69c4fb184989a7eb00f,424d4430fffe02005008000010000200,,NSBMD model,Confirmed,True,False,,,,,,,,,,False,False
/a/0/4/0,/a/0/4/0!/member_00190,0,/a/0/4/0,169,190,,1432640,1434436,1429868,1431664,1796,a5c50e70830539be3ab3d3e2df9b6c3e05562957fc2583d856ad3ff2461d5ad2,424d4430fffe02000407000010000200,,NSBMD model,Confirmed,True,False,,,,,,,,,,False,False
/a/0/4/0,/a/0/4/0!/member_00191,0,/a/0/4/0,169,191,,1434436,1436232,1431664,1433460,1796,b81edf5366e0e1b3cf770aa989596259e837aac1a315a6f6752e4e622889515f,424d4430fffe02000407000010000200,,NSBMD model,Confirmed,True,False,,,,,,,,,,False,False
/a/0/4/0,/a/0/4/0!/member_00192,0,/a/0/4/0,169,192,,1436232,1438712,1433460,1435940,2480,0e0c2e50115711098a37b0b1389b2d2c080be6cef1d782ad2731eae45bd81db2,424d4430fffe0200b009000010000200,,NSBMD model,Confirmed,True,False,,,,,,,,,,False,False
/a/0/4/0,/a/0/4/0!/member_00193,0,/a/0/4/0,169,193,,1438712,1440724,1435940,1437952,2012,70ce942a7dfca7f6276d96329dc8af9722eeb3f0a937bae7ea6bb3b2be13e08f,424d4430fffe0200dc07000010000200,,NSBMD model,Confirmed,True,False,,,,,,,,,,False,False
/a/0/4/0,/a/0/4/0!/member_00194,0,/a/0/4/0,169,194,,1440724,1443128,1437952,1440356,2404,6df0c34c340ed0dc8b8e1bb7b72fd90405d6d8a29c1597f730e96cf9ee950aab,424d4430fffe02006409000010000200,,NSBMD model,Confirmed,True,False,,,,,,,,,,False,False
/a/0/4/0,/a/0/4/0!/member_00195,0,/a/0/4/0,169,195,,1443128,1445128,1440356,1442356,2000,ccbe9ed596f7cdfb11a5188f0086d86a3b347b3409b4b7766c4541171f902074,424d4430fffe0200d007000010000200,,NSBMD model,Confirmed,True,False,,,,,,,,,,False,False
/a/0/4/0,/a/0/4/0!/member_00196,0,/a/0/4/0,169,196,,1445128,1447024,1442356,1444252,1896,5abf58164f6501f2cacf9158f204209820c08e743a0cfe2f2df0283a442b5cf4,424d4430fffe02006807000010000200,,NSBMD model,Confirmed,True,False,,,,,,,,,,False,False
/a/0/4/0,/a/0/4/0!/member_00197,0,/a/0/4/0,169,197,,1447024,1449004,1444252,1446232,1980,8672b0b1a63174bb114f0db5124a94c482a7c96531ecc3eccfa6ef6f41546688,424d4430fffe0200bc07000010000200,,NSBMD model,Confirmed,True,False,,,,,,,,,,False,False
/a/0/4/0,/a/0/4/0!/member_00198,0,/a/0/4/0,169,198,,1449004,1452100,1446232,1449328,3096,f573296052a1a52f7739b6cae75423c509902773278d0a3d3e1a87dbf895fc9d,424d4430fffe0200180c000010000200,,NSBMD model,Confirmed,True,False,,,,,,,,,,False,False
/a/0/4/0,/a/0/4/0!/member_00199,0,/a/0/4/0,169,199,,1452100,1455180,1449328,1452408,3080,758c0ba27ca5a6cbbacc9b12b0f0c2bf8d61a53bddb57dd5cc235969f4d84867,424d4430fffe0200080c000010000200,,NSBMD model,Confirmed,True,False,,,,,,,,,,False,False
/a/0/4/0,/a/0/4/0!/member_00200,0,/a/0/4/0,169,200,,1455180,1457652,1452408,1454880,2472,a7cf58b999d38544f90663447837c2842eeacbd54f033c1c7042a9cffbdec061,424d4430fffe0200a809000010000200,,NSBMD model,Confirmed,True,False,,,,,,,,,,False,False
/a/0/4/0,/a/0/4/0!/member_00201,0,/a/0/4/0,169,201,,1457652,1459532,1454880,1456760,1880,77b4d784b6ceaab740ca2051eb6a97c148d960753184ccad0c0d21ee0e3e9aff,424d4430fffe02005807000010000200,,NSBMD model,Confirmed,True,False,,,,,,,,,,False,False
/a/0/4/0,/a/0/4/0!/member_00202,0,/a/0/4/0,169,202,,1459532,1461444,1456760,1458672,1912,e98e7d69be4570da0387bbb2b17fc399d300eda61e51c43ec0ffadcc8d7cc183,424d4430fffe02007807000010000200,,NSBMD model,Confirmed,True,False,,,,,,,,,,False,False
/a/0/4/0,/a/0/4/0!/member_00203,0,/a/0/4/0,169,203,,1461444,1463356,1458672,1460584,1912,45a72722c187d301a41135df6ba74d589df2410d80f682665581004b8c086c54,424d4430fffe02007807000010000200,,NSBMD model,Confirmed,True,False,,,,,,,,,,False,False
/a/0/4/0,/a/0/4/0!/member_00204,0,/a/0/4/0,169,204,,1463356,1465528,1460584,1462756,2172,ab4b63277d64c070c37ef53e0b77f23dbfe2621dd6e33fe33b689423a286eb69,424d4430fffe02007c08000010000200,,NSBMD model,Confirmed,True,False,,,,,,,,,,False,False
/a/0/4/0,/a/0/4/0!/member_00205,0,/a/0/4/0,169,205,,1465528,1467656,1462756,1464884,2128,3bea0ec7578e9a9aaac654b6d3311b06d4fac7094b1f78d08f05b95941bcc72e,424d4430fffe02005008000010000200,,NSBMD model,Confirmed,True,False,,,,,,,,,,False,False
/a/0/4/0,/a/0/4/0!/member_00206,0,/a/0/4/0,169,206,,1467656,1469496,1464884,1466724,1840,ce4b82cf1a4278e1a09ce0a97f6062df465918c413233dc9396e7577a848176a,424d4430fffe02003007000010000200,,NSBMD model,Confirmed,True,False,,,,,,,,,,False,False
/a/0/4/0,/a/0/4/0!/member_00207,0,/a/0/4/0,169,207,,1469496,1472488,1466724,1469716,2992,eed92d66d66dc8ace81faff0a82566831de91460da23c06f9d1e5e408e8d1e7f,424d4430fffe0200b00b000010000200,,NSBMD model,Confirmed,True,False,,,,,,,,,,False,False
/a/0/4/0,/a/0/4/0!/member_00208,0,/a/0/4/0,169,208,,1472488,1475480,1469716,1472708,2992,2341be893763c180496e92f1cff95587b61d7598d64e75bace69607261415902,424d4430fffe0200b00b000010000200,,NSBMD model,Confirmed,True,False,,,,,,,,,,False,False
/a/0/4/0,/a/0/4/0!/member_00209,0,/a/0/4/0,169,209,,1475480,1479888,1472708,1477116,4408,2fd7827d8bdd613915df181c03f58b077e99c96a47e9553acec766a1b0d62063,424d4430fffe02003811000010000200,,NSBMD model,Confirmed,True,False,,,,,,,,,,False,False
/a/0/4/0,/a/0/4/0!/member_00210,0,/a/0/4/0,169,210,,1479888,1484296,1477116,1481524,4408,51fbc1f22687b5f53b065a877cd20cd0922462697509c713b595038e99781176,424d4430fffe02003811000010000200,,NSBMD model,Confirmed,True,False,,,,,,,,,,False,False
/a/0/4/0,/a/0/4/0!/member_00211,0,/a/0/4/0,169,211,,1484296,1487656,1481524,1484884,3360,72abe85c75311a852daa00b0bf32bc4805e3252595b8ffb52af3468878595238,424d4430fffe0200200d000010000200,,NSBMD model,Confirmed,True,False,,,,,,,,,,False,False
/a/0/4/0,/a/0/4/0!/member_00212,0,/a/0/4/0,169,212,,1487656,1489100,1484884,1486328,1444,195f0fa81e41889998306af17abdb0fe35887aaf50bc30c47e42bb9d8d322100,424d4430fffe0200a405000010000200,,NSBMD model,Confirmed,True,False,,,,,,,,,,False,False
/a/0/4/0,/a/0/4/0!/member_00213,0,/a/0/4/0,169,213,,1489100,1490536,1486328,1487764,1436,27bd8c7c058e1df1e642a7acf518383df220ee4f5ecd31acb3fcd5d6b0f88085,424d4430fffe02009c05000010000200,,NSBMD model,Confirmed,True,False,,,,,,,,,,False,False
/a/0/4/0,/a/0/4/0!/member_00214,0,/a/0/4/0,169,214,,1490536,1492736,1487764,1489964,2200,293811aef7204ccceb18f0afba34257fca60ad9c780ac0c0665e20e702d36f1e,424d4430fffe02009808000010000200,,NSBMD model,Confirmed,True,False,,,,,,,,,,False,False
/a/0/4/0,/a/0/4/0!/member_00215,0,/a/0/4/0,169,215,,1492736,1500032,1489964,1497260,7296,c113cf0f5d174cfd64e51feb2e5a86534db5b169188bf68ce6ec4b33180dd1e4,424d4430fffe0200801c000010000200,,NSBMD model,Confirmed,True,False,,,,,,,,,,False,False
/a/0/4/0,/a/0/4/0!/member_00216,0,/a/0/4/0,169,216,,1500032,1507384,1497260,1504612,7352,2479aca981d4a3f5485e4ab2feae575e335059de8878768058c8452b255fe126,424d4430fffe0200b81c000010000200,,NSBMD model,Confirmed,True,False,,,,,,,,,,False,False
/a/0/4/0,/a/0/4/0!/member_00217,0,/a/0/4/0,169,217,,1507384,1514996,1504612,1512224,7612,366e606cddd01037ec67b89734af79b360ec6e78b4aa371444d0453280a3de32,424d4430fffe0200bc1d000010000200,,NSBMD model,Confirmed,True,False,,,,,,,,,,False,False
/a/0/4/0,/a/0/4/0!/member_00218,0,/a/0/4/0,169,218,,1514996,1527916,1512224,1525144,12920,90f6b92a9b49bbb73fa18579eedbf74b5d56501ffb736a5b5be10f8affb0ae83,424d4430fffe02007832000010000200,,NSBMD model,Confirmed,True,False,,,,,,,,,,False,False
/a/0/4/0,/a/0/4/0!/member_00219,0,/a/0/4/0,169,219,,1527916,1536896,1525144,1534124,8980,2c07432747677087c2c4f83a264a8d19f12a75a37b40a3653aa48a34b1b2fe73,424d4430fffe02001423000010000200,,NSBMD model,Confirmed,True,False,,,,,,,,,,False,False
/a/0/4/0,/a/0/4/0!/member_00220,0,/a/0/4/0,169,220,,1536896,1538164,1534124,1535392,1268,0e32873ac79ed773c7fc3ea2c4f31df8ebf367b1719fc0e5b72233697e087d7e,424d4430fffe0200f404000010000200,,NSBMD model,Confirmed,True,False,,,,,,,,,,False,False
/a/0/4/0,/a/0/4/0!/member_00221,0,/a/0/4/0,169,221,,1538164,1539372,1535392,1536600,1208,dd056dcb9f0f42ef5b6858abff0d07fb8d95456fa56a7dc6a4b9c1f3d5640660,424d4430fffe0200b804000010000200,,NSBMD model,Confirmed,True,False,,,,,,,,,,False,False
/a/0/4/0,/a/0/4/0!/member_00222,0,/a/0/4/0,169,222,,1539372,1541592,1536600,1538820,2220,26e656b5ea3c638c9f7cb26b4b8bd25cb2611a7444eded3d3fa847176b386a36,424d4430fffe0200ac08000010000200,,NSBMD model,Confirmed,True,False,,,,,,,,,,False,False
/a/0/4/0,/a/0/4/0!/member_00223,0,/a/0/4/0,169,223,,1541592,1542604,1538820,1539832,1012,87331ae420f32e6f0a27ecf4f09e2293f9ce63534f6a911ca768cae0c17189eb,424d4430fffe0200f403000010000200,,NSBMD model,Confirmed,True,False,,,,,,,,,,False,False
/a/0/4/0,/a/0/4/0!/member_00224,0,/a/0/4/0,169,224,,1542604,1544608,1539832,1541836,2004,5490ad68710dbf2da937d747851ddf9e9f9df9e44ab800052daa02802555653e,424d4430fffe0200d407000010000200,,NSBMD model,Confirmed,True,False,,,,,,,,,,False,False
/a/0/4/0,/a/0/4/0!/member_00225,0,/a/0/4/0,169,225,,1544608,1545824,1541836,1543052,1216,2702ef36edc87cc4b9e72283ad718c2769547aba1f5102972b88713533599d80,424d4430fffe0200c004000010000200,,NSBMD model,Confirmed,True,False,,,,,,,,,,False,False
/a/0/4/0,/a/0/4/0!/member_00226,0,/a/0/4/0,169,226,,1545824,1580296,1543052,1577524,34472,bbe39c2e49534e64f6d472432648d90cc620c4d62d5edb0fcab9618a9a28fadc,424d4430fffe0200a886000010000200,,NSBMD model,Confirmed,True,False,,,,,,,,,,False,False
/a/0/4/0,/a/0/4/0!/member_00227,0,/a/0/4/0,169,227,,1580296,1583316,1577524,1580544,3020,f52be5b54d4ca52ad3035436fb26cefbf08e02be4e3842b5da032855d6a13a59,424d4430fffe0200cc0b000010000200,,NSBMD model,Confirmed,True,False,,,,,,,,,,False,False
/a/0/4/0,/a/0/4/0!/member_00228,0,/a/0/4/0,169,228,,1583316,1602804,1580544,1600032,19488,b761e8e4ddcf1e9f28b57694b345f9f1f3d82f58763ec22cf2ce26de7dd3b176,424d4430fffe0200204c000010000200,,NSBMD model,Confirmed,True,False,,,,,,,,,,False,False
/a/0/4/0,/a/0/4/0!/member_00229,0,/a/0/4/0,169,229,,1602804,1620060,1600032,1617288,17256,36f59c6b61d0773a472407944e4a90d3e82436b4b393a0f2bee6fc631b06437a,424d4430fffe02006843000010000200,,NSBMD model,Confirmed,True,False,,,,,,,,,,False,False
/a/0/4/0,/a/0/4/0!/member_00230,0,/a/0/4/0,169,230,,1620060,1630632,1617288,1627860,10572,294986df0788885204f5d4ef5fc10f653cf747a88df4f58d5cc3b60c3cc3b3d7,424d4430fffe02004c29000010000200,,NSBMD model,Confirmed,True,False,,,,,,,,,,False,False
/a/0/4/0,/a/0/4/0!/member_00231,0,/a/0/4/0,169,231,,1630632,1639512,1627860,1636740,8880,e6c6f9a031a9d66e3ac7a8391c321a5611bc639220784ea3c0563065a0dde8f1,424d4430fffe0200b022000010000200,,NSBMD model,Confirmed,True,False,,,,,,,,,,False,False
/a/0/4/0,/a/0/4/0!/member_00232,0,/a/0/4/0,169,232,,1639512,1651884,1636740,1649112,12372,b3c42ad09434626c3feb31a3a608800e0e9148683eac7ad0967acec99392cab7,424d4430fffe02005430000010000200,,NSBMD model,Confirmed,True,False,,,,,,,,,,False,False
/a/0/4/0,/a/0/4/0!/member_00233,0,/a/0/4/0,169,233,,1651884,1656280,1649112,1653508,4396,eb9b6ff4c810f57776a91bd2b22aaafea6a341bd7b7d0a01ebbb5cec0a5eba20,424d4430fffe02002c11000010000200,,NSBMD model,Confirmed,True,False,,,,,,,,,,False,False
/a/0/4/0,/a/0/4/0!/member_00234,0,/a/0/4/0,169,234,,1656280,1659612,1653508,1656840,3332,27c79a1938a386138011746e8bb285f376408699bd9c69fc97649ea54a7d811f,424d4430fffe0200040d000010000200,,NSBMD model,Confirmed,True,False,,,,,,,,,,False,False
/a/0/4/0,/a/0/4/0!/member_00235,0,/a/0/4/0,169,235,,1659612,1665168,1656840,1662396,5556,18213069ff11b0c0d1af1d310ccef445494dbfee05141d955699e3620b4bf429,424d4430fffe0200b415000010000200,,NSBMD model,Confirmed,True,False,,,,,,,,,,False,False
/a/0/4/0,/a/0/4/0!/member_00236,0,/a/0/4/0,169,236,,1665168,1671380,1662396,1668608,6212,d6410e328b2e6ab3484619685908a9f47f214b93a4c257c5cd3a818aa77263c8,424d4430fffe02004418000010000200,,NSBMD model,Confirmed,True,False,,,,,,,,,,False,False
/a/0/4/0,/a/0/4/0!/member_00237,0,/a/0/4/0,169,237,,1671380,1677580,1668608,1674808,6200,dbc6832e87bd1c8012fb280b7fc8cb9c34f61f93d977d7f63c5a0a9ff5af7137,424d4430fffe02003818000010000200,,NSBMD model,Confirmed,True,False,,,,,,,,,,False,False
/a/0/4/0,/a/0/4/0!/member_00238,0,/a/0/4/0,169,238,,1677580,1684552,1674808,1681780,6972,c67311a2054d7a9768a79e32b6a8454c6cc9eb77d511dff3da7f49231c1765e0,424d4430fffe02003c1b000010000200,,NSBMD model,Confirmed,True,False,,,,,,,,,,False,False
/a/0/4/0,/a/0/4/0!/member_00239,0,/a/0/4/0,169,239,,1684552,1692024,1681780,1689252,7472,09e28cfed1a91ba6530c566eec69ac1daf96f6d6d3bb9ec7f4300732dcffe4d9,424d4430fffe0200301d000010000200,,NSBMD model,Confirmed,True,False,,,,,,,,,,False,False
/a/0/4/0,/a/0/4/0!/member_00240,0,/a/0/4/0,169,240,,1692024,1698652,1689252,1695880,6628,33d5374668cf392e1eb6dbc3d026b5d04209b752f9006a01edd4d0e1f87959c2,424d4430fffe0200e419000010000200,,NSBMD model,Confirmed,True,False,,,,,,,,,,False,False
/a/0/4/0,/a/0/4/0!/member_00241,0,/a/0/4/0,169,241,,1698652,1708348,1695880,1705576,9696,6f0fa86922fbe04168653269b18c774e9f60498f16ba9a8a8331d5e66dc11f82,424d4430fffe0200e025000010000200,,NSBMD model,Confirmed,True,False,,,,,,,,,,False,False
/a/0/4/0,/a/0/4/0!/member_00242,0,/a/0/4/0,169,242,,1708348,1721004,1705576,1718232,12656,f2cb963a8af8e1058a146b73b852b369abe9cb19f42f38d6e3467c2e58a543e7,424d4430fffe02007031000010000200,,NSBMD model,Confirmed,True,False,,,,,,,,,,False,False
/a/0/4/0,/a/0/4/0!/member_00243,0,/a/0/4/0,169,243,,1721004,1727432,1718232,1724660,6428,9aebee88a67052abd73f610107f6a981b2ab4ad5c62b29f05b14257565f64988,424d4430fffe02001c19000010000200,,NSBMD model,Confirmed,True,False,,,,,,,,,,False,False
/a/0/4/0,/a/0/4/0!/member_00244,0,/a/0/4/0,169,244,,1727432,1739916,1724660,1737144,12484,ec5f0fc664afa65f5e87b41ae434e47b2b45af2b17bb4b1373a9809b9678e020,424d4430fffe0200c430000010000200,,NSBMD model,Confirmed,True,False,,,,,,,,,,False,False
/a/0/4/0,/a/0/4/0!/member_00245,0,/a/0/4/0,169,245,,1739916,1748896,1737144,1746124,8980,66d284223b1bc38f353d14a2daf5d645b6f8a6757721cf8c208bec19ff66d9fb,424d4430fffe02001423000010000200,,NSBMD model,Confirmed,True,False,,,,,,,,,,False,False
/a/0/4/0,/a/0/4/0!/member_00246,0,/a/0/4/0,169,246,,1748896,1759472,1746124,1756700,10576,c35abd3165adb63a84603c3529d53d00da499102cb849b07b19dc841bf28b8e9,424d4430fffe02005029000010000200,,NSBMD model,Confirmed,True,False,,,,,,,,,,False,False
/a/0/4/0,/a/0/4/0!/member_00247,0,/a/0/4/0,169,247,,1759472,1770736,1756700,1767964,11264,fb94e394cbce5cb4a6a8434431ebe23d4ef6d4c4b659810725aa3bbfb80e35b7,424d4430fffe0200002c000010000200,,NSBMD model,Confirmed,True,False,,,,,,,,,,False,False
/a/0/4/0,/a/0/4/0!/member_00248,0,/a/0/4/0,169,248,,1770736,1774840,1767964,1772068,4104,41934633745c2a836c7ccdd0cb8ceb1f09642fc8a2b24f7274c3fb7fd58df858,424d4430fffe02000810000010000200,,NSBMD model,Confirmed,True,False,,,,,,,,,,False,False
/a/0/4/0,/a/0/4/0!/member_00249,0,/a/0/4/0,169,249,,1774840,1781612,1772068,1778840,6772,de6ec8f24d60274655b05ada32ee5c34c8a7e8b74789cb0f28a54829a37184ef,424d4430fffe0200741a000010000200,,NSBMD model,Confirmed,True,False,,,,,,,,,,False,False
/a/0/4/0,/a/0/4/0!/member_00250,0,/a/0/4/0,169,250,,1781612,1790592,1778840,1787820,8980,6c78d3ddd8bae776ddae46cf80f44d088ee169a2165c02521659ded462f29034,424d4430fffe02001423000010000200,,NSBMD model,Confirmed,True,False,,,,,,,,,,False,False
/a/0/4/0,/a/0/4/0!/member_00251,0,/a/0/4/0,169,251,,1790592,1797940,1787820,1795168,7348,2ce6e9337c25221d8d197b3f456e6a422f0ca78dc718fdd98527e240b957cc3d,424d4430fffe0200b41c000010000200,,NSBMD model,Confirmed,True,False,,,,,,,,,,False,False
/a/0/4/0,/a/0/4/0!/member_00252,0,/a/0/4/0,169,252,,1797940,1804548,1795168,1801776,6608,733e36569de6a300376e19ca6ec923f2f3f4d3963bcf2c7e4dba389b72687dca,424d4430fffe0200d019000010000200,,NSBMD model,Confirmed,True,False,,,,,,,,,,False,False
/a/0/4/0,/a/0/4/0!/member_00253,0,/a/0/4/0,169,253,,1804548,1812460,1801776,1809688,7912,6d1eab0492b7fa97e9fbb31118cf06880648bdba07fcbeb7be08f746ab94b26a,424d4430fffe0200e81e000010000200,,NSBMD model,Confirmed,True,False,,,,,,,,,,False,False
/a/0/4/0,/a/0/4/0!/member_00254,0,/a/0/4/0,169,254,,1812460,1824456,1809688,1821684,11996,646da3539b96ae4f395a318e9990c323a7c80277d309d20e850315ac3a492370,424d4430fffe0200dc2e000010000200,,NSBMD model,Confirmed,True,False,,,,,,,,,,False,False
/a/0/4/0,/a/0/4/0!/member_00255,0,/a/0/4/0,169,255,,1824456,1834524,1821684,1831752,10068,707cb4d979594e0f772c548645052896c7a1a5e44567f12a52481f72c07e765e,424d4430fffe02005427000010000200,,NSBMD model,Confirmed,True,False,,,,,,,,,,False,False
/a/0/4/0,/a/0/4/0!/member_00256,0,/a/0/4/0,169,256,,1834524,1847884,1831752,1845112,13360,0f1dbc980b999e1f47c3aad0004842dae586c03de42f1afd7939a76940c4974d,424d4430fffe02003034000010000200,,NSBMD model,Confirmed,True,False,,,,,,,,,,False,False
/a/0/4/0,/a/0/4/0!/member_00257,0,/a/0/4/0,169,257,,1847884,1864968,1845112,1862196,17084,44fb593c5180c071f59a3a18c1f4ac1a0faede3f64290782e293779e17acb959,424d4430fffe0200bc42000010000200,,NSBMD model,Confirmed,True,False,,,,,,,,,,False,False
/a/0/4/0,/a/0/4/0!/member_00258,0,/a/0/4/0,169,258,,1864968,1875728,1862196,1872956,10760,54920dac6eaa6c1343668f038f845f26b728f3c2acd554349b0708e3c4cfb453,424d4430fffe0200082a000010000200,,NSBMD model,Confirmed,True,False,,,,,,,,,,False,False
/a/0/4/0,/a/0/4/0!/member_00259,0,/a/0/4/0,169,259,,1875728,1877024,1872956,1874252,1296,50bf024e583b4b795f9423276812a66e908f5e6b556be47b2e2c7cf9b985dc0b,424d4430fffe02001005000010000200,,NSBMD model,Confirmed,True,False,,,,,,,,,,False,False
/a/0/4/0,/a/0/4/0!/member_00260,0,/a/0/4/0,169,260,,1877024,1878632,1874252,1875860,1608,1f811b7337c781750003020b8d932bf1b980ad7e11afd9bef59b50a841442f9d,424d4430fffe02004806000010000200,,NSBMD model,Confirmed,True,False,,,,,,,,,,False,False
/a/0/4/0,/a/0/4/0!/member_00261,0,/a/0/4/0,169,261,,1878632,1880592,1875860,1877820,1960,12ba094ac19498d969f75afcfa128c01f3a2374a0835716b8ea500c50c78db16,424d4430fffe0200a807000010000200,,NSBMD model,Confirmed,True,False,,,,,,,,,,False,False
/a/0/4/0,/a/0/4/0!/member_00262,0,/a/0/4/0,169,262,,1880592,1895484,1877820,1892712,14892,5bc69e0202ba1ffa3a882aed575fca23f58446a833b3990ba50bc228ff38eef2,424d4430fffe02002c3a000010000200,,NSBMD model,Confirmed,True,False,,,,,,,,,,False,False
/a/0/4/0,/a/0/4/0!/member_00263,0,/a/0/4/0,169,263,,1895484,1910924,1892712,1908152,15440,49b95b97c07b4ac3313034e53ee8e14c9f2b45241d488797d52b9991ef7a88c1,424d4430fffe0200503c000010000200,,NSBMD model,Confirmed,True,False,,,,,,,,,,False,False
/a/0/4/0,/a/0/4/0!/member_00264,0,/a/0/4/0,169,264,,1910924,1923920,1908152,1921148,12996,692bf6a869a2fc64e5c4cb51596b75cdea3808fbc08f0583e2747152dd1edc03,424d4430fffe0200c432000010000200,,NSBMD model,Confirmed,True,False,,,,,,,,,,False,False
/a/0/4/0,/a/0/4/0!/member_00265,0,/a/0/4/0,169,265,,1923920,1937696,1921148,1934924,13776,2e347badac453e987b36eca8af63eace832a78220c2746d8d4645d339119277c,424d4430fffe0200d035000010000200,,NSBMD model,Confirmed,True,False,,,,,,,,,,False,False
/a/0/4/0,/a/0/4/0!/member_00266,0,/a/0/4/0,169,266,,1937696,1953136,1934924,1950364,15440,e4206cd2c03f8963618a41a815a5dadb5d806999d83702728bcea8edd780266b,424d4430fffe0200503c000010000200,,NSBMD model,Confirmed,True,False,,,,,,,,,,False,False
/a/0/4/0,/a/0/4/0!/member_00267,0,/a/0/4/0,169,267,,1953136,1955612,1950364,1952840,2476,3c777c40fdd104f3cc1c2783497f62722006fd8c96b56ddb772271b750ed102f,424d4430fffe0200ac09000010000200,,NSBMD model,Confirmed,True,False,,,,,,,,,,False,False
/a/0/4/0,/a/0/4/0!/member_00268,0,/a/0/4/0,169,268,,1955612,1959796,1952840,1957024,4184,efb2df2ec8f95421b0f3f538d2f0f87e9b388e7013a6e94026980394be627d0e,424d4430fffe02005810000010000200,,NSBMD model,Confirmed,True,False,,,,,,,,,,False,False
/a/0/4/0,/a/0/4/0!/member_00269,0,/a/0/4/0,169,269,,1959796,1960672,1957024,1957900,876,9afebe486989ae53616a2e8f0bd26a7881061c73fa7eb7b13e177d44b84aa1a0,424d4430fffe02006c03000010000200,,NSBMD model,Confirmed,True,False,,,,,,,,,,False,False
/a/0/4/0,/a/0/4/0!/member_00270,0,/a/0/4/0,169,270,,1960672,1963020,1957900,1960248,2348,40d5fd5e6e293d2241f6a6e70069539738921eeb466b2a31c47f977ecc467b50,424d4430fffe02002c09000010000200,,NSBMD model,Confirmed,True,False,,,,,,,,,,False,False
/a/0/4/0,/a/0/4/0!/member_00271,0,/a/0/4/0,169,271,,1963020,1963548,1960248,1960776,528,c203ac1bfbd27f582062363d1b87aded008567e0abb203955163417c17a2161a,424d4430fffe02001002000010000100,,NSBMD model,Confirmed,True,False,,,,,,,,,,False,False
/a/0/4/0,/a/0/4/0!/member_00272,0,/a/0/4/0,169,272,,1963548,1969376,1960776,1966604,5828,983036b79f3bcdf969005f45c84165ff84b6ad740c0babd2d51c5e7f1dea86ca,424d4430fffe0200c416000010000200,,NSBMD model,Confirmed,True,False,,,,,,,,,,False,False
/a/0/4/0,/a/0/4/0!/member_00273,0,/a/0/4/0,169,273,,1969376,1970572,1966604,1967800,1196,4b83ff1823549b1b34c4202d4d651afaed23041402a04f996a0df8e96b6782f0,424d4430fffe0200ac04000010000200,,NSBMD model,Confirmed,True,False,,,,,,,,,,False,False
/a/0/4/0,/a/0/4/0!/member_00274,0,/a/0/4/0,169,274,,1970572,1971832,1967800,1969060,1260,f6b6c1b34a52cea5ab878a98f11cbd293321b6117ebd0d55da5b624770b9c9ec,424d4430fffe0200ec04000010000200,,NSBMD model,Confirmed,True,False,,,,,,,,,,False,False
/a/0/4/0,/a/0/4/0!/member_00275,0,/a/0/4/0,169,275,,1971832,1980848,1969060,1978076,9016,85ce355e7ebff7c4bdee2694a287794d190c2a2f55f3008b5eb6673920f1c470,424d4430fffe02003823000010000200,,NSBMD model,Confirmed,True,False,,,,,,,,,,False,False
/a/0/4/0,/a/0/4/0!/member_00276,0,/a/0/4/0,169,276,,1980848,1987636,1978076,1984864,6788,2852668e22aa1f75ecfd7469516757f1ed0cb99c3581ab41c8e6d392c84ecb0c,424d4430fffe0200841a000010000200,,NSBMD model,Confirmed,True,False,,,,,,,,,,False,False
/a/0/4/0,/a/0/4/0!/member_00277,0,/a/0/4/0,169,277,,1987636,1994416,1984864,1991644,6780,ee4def6a757f573d8650a02d7ef1ef87d75363b6e5a56d94bbcad5d74a34566a,424d4430fffe02007c1a000010000200,,NSBMD model,Confirmed,True,False,,,,,,,,,,False,False
/a/0/4/0,/a/0/4/0!/member_00278,0,/a/0/4/0,169,278,,1994416,2003036,1991644,2000264,8620,a145af8f65721ace72053ee1d8d852f2e20ff27f932162d9c0bdc2912b178d0b,424d4430fffe0200ac21000010000200,,NSBMD model,Confirmed,True,False,,,,,,,,,,False,False
/a/0/4/0,/a/0/4/0!/member_00279,0,/a/0/4/0,169,279,,2003036,2010056,2000264,2007284,7020,00c8ef8bd82a1d3863077f8e5108d9078be9ac4797388fe7d40af06bf7cfb9e1,424d4430fffe02006c1b000010000200,,NSBMD model,Confirmed,True,False,,,,,,,,,,False,False
/a/0/4/0,/a/0/4/0!/member_00280,0,/a/0/4/0,169,280,,2010056,2015656,2007284,2012884,5600,07425093d9e6a95e22f9f2364ec805b9624e05bac6791b0f9b8bafc7392096cc,424d4430fffe0200e015000010000200,,NSBMD model,Confirmed,True,False,,,,,,,,,,False,False
/a/0/4/0,/a/0/4/0!/member_00281,0,/a/0/4/0,169,281,,2015656,2031720,2012884,2028948,16064,752c5860f7789bfc362da832b6238534e9b23ff523b5bbbaf9ceeefc1b024c52,424d4430fffe0200c03e000010000200,,NSBMD model,Confirmed,True,False,,,,,,,,,,False,False
/a/0/4/0,/a/0/4/0!/member_00282,0,/a/0/4/0,169,282,,2031720,2039512,2028948,2036740,7792,71d4164df6ac00e4bb6bab18f325e1e56d9b36ab66bd7ee5c9fae65ff9d57217,424d4430fffe0200701e000010000200,,NSBMD model,Confirmed,True,False,,,,,,,,,,False,False
/a/0/4/0,/a/0/4/0!/member_00283,0,/a/0/4/0,169,283,,2039512,2054632,2036740,2051860,15120,26448f7c25e0de884014e8105cb53d53192c3edd221ea5ff26a3d5080bb782ff,424d4430fffe0200103b000010000200,,NSBMD model,Confirmed,True,False,,,,,,,,,,False,False
/a/0/4/0,/a/0/4/0!/member_00284,0,/a/0/4/0,169,284,,2054632,2063612,2051860,2060840,8980,a71b4244fb8fb8bc1dd811f8de1022aef1b7a5551d8a8ae85c40c31ae95e4edd,424d4430fffe02001423000010000200,,NSBMD model,Confirmed,True,False,,,,,,,,,,False,False
/a/0/4/0,/a/0/4/0!/member_00285,0,/a/0/4/0,169,285,,2063612,2075596,2060840,2072824,11984,878e2b397a52eb28902402dce05c831f71175381b28145a9720bc665376e7c2b,424d4430fffe0200d02e000010000200,,NSBMD model,Confirmed,True,False,,,,,,,,,,False,False
/a/0/4/0,/a/0/4/0!/member_00286,0,/a/0/4/0,169,286,,2075596,2076812,2072824,2074040,1216,802d0ec76ef321d2fc40f75de8d7393d916d8681f80e795be3b3807486136ea4,424d4430fffe0200c004000010000200,,NSBMD model,Confirmed,True,False,,,,,,,,,,False,False
/a/0/4/0,/a/0/4/0!/member_00287,0,/a/0/4/0,169,287,,2076812,2078392,2074040,2075620,1580,29f741729d08d932faa4630dc8cfa7c6c8773eb6061334373dfcb7a284d92cc1,424d4430fffe02002c06000010000200,,NSBMD model,Confirmed,True,False,,,,,,,,,,False,False
/a/0/4/0,/a/0/4/0!/member_00288,0,/a/0/4/0,169,288,,2078392,2079708,2075620,2076936,1316,4496a3fa3817da6c76400c051e80709a5753674db52a18a299071ffc0646864f,424d4430fffe02002405000010000200,,NSBMD model,Confirmed,True,False,,,,,,,,,,False,False
/a/0/4/0,/a/0/4/0!/member_00289,0,/a/0/4/0,169,289,,2079708,2081024,2076936,2078252,1316,6d6fcdf41696740a87799d3164d4f0497ac4331dbc82ef23cb743b615804f31e,424d4430fffe02002405000010000200,,NSBMD model,Confirmed,True,False,,,,,,,,,,False,False
/a/0/4/0,/a/0/4/0!/member_00290,0,/a/0/4/0,169,290,,2081024,2085872,2078252,2083100,4848,5517f04efbc1ced241a235f03fd4b7b485c37484bf76630c417f9528452da784,424d4430fffe0200f012000010000200,,NSBMD model,Confirmed,True,False,,,,,,,,,,False,False
/a/0/4/0,/a/0/4/0!/member_00291,0,/a/0/4/0,169,291,,2085872,2088972,2083100,2086200,3100,aed34d622b252a5f8d28539e8868ca70d20877eba882fad31f21f191a15f21b2,424d4430fffe02001c0c000010000200,,NSBMD model,Confirmed,True,False,,,,,,,,,,False,False
/a/0/4/0,/a/0/4/0!/member_00292,0,/a/0/4/0,169,292,,2088972,2095484,2086200,2092712,6512,a9e2f9cf0ba7ce07e119cd6634a3b429cfb67d7ea3199183e767d30820ab2396,424d4430fffe02007019000010000200,,NSBMD model,Confirmed,True,False,,,,,,,,,,False,False
/a/0/4/0,/a/0/4/0!/member_00293,0,/a/0/4/0,169,293,,2095484,2108996,2092712,2106224,13512,e05b76281fb679fa4ea54c9b599b8edaa7c929cb58975cd5cd81acf058958afa,424d4430fffe0200c834000010000200,,NSBMD model,Confirmed,True,False,,,,,,,,,,False,False
/a/0/4/0,/a/0/4/0!/member_00294,0,/a/0/4/0,169,294,,2108996,2117976,2106224,2115204,8980,da850c60fd708b33cb9b0690993600e41ac5bad067fe2557f7e4e2cc3b2a10fd,424d4430fffe02001423000010000200,,NSBMD model,Confirmed,True,False,,,,,,,,,,False,False
/a/0/4/0,/a/0/4/0!/member_00295,0,/a/0/4/0,169,295,,2117976,2125060,2115204,2122288,7084,e101a42b822f6ae1293057b1e4e303a5cbc0f878ddaf18fb1956fb04aff8e487,424d4430fffe0200ac1b000010000200,,NSBMD model,Confirmed,True,False,,,,,,,,,,False,False
/a/0/4/0,/a/0/4/0!/member_00296,0,/a/0/4/0,169,296,,2125060,2142164,2122288,2139392,17104,5755c680902622b8b97398b5d3088d12fe32026c5471ff8ae47ccaa8883cf2cd,424d4430fffe0200d042000010000200,,NSBMD model,Confirmed,True,False,,,,,,,,,,False,False
/a/0/4/0,/a/0/4/0!/member_00297,0,/a/0/4/0,169,297,,2142164,2148716,2139392,2145944,6552,9f282e899b6e893bab294ab336928ee52e7c47b2761a8de09ee4c4870e26ed77,424d4430fffe02009819000010000200,,NSBMD model,Confirmed,True,False,,,,,,,,,,False,False
/a/0/4/0,/a/0/4/0!/member_00298,0,/a/0/4/0,169,298,,2148716,2155204,2145944,2152432,6488,c1063fa75fc181cf567e8146a4871b019a87498ef07b0d575f051f1714679951,424d4430fffe02005819000010000200,,NSBMD model,Confirmed,True,False,,,,,,,,,,False,False
/a/0/4/0,/a/0/4/0!/member_00299,0,/a/0/4/0,169,299,,2155204,2162856,2152432,2160084,7652,28045eea7a109a12718b50334509827eec2de3c264d12dc49231e2ae1cdea7ed,424d4430fffe0200e41d000010000200,,NSBMD model,Confirmed,True,False,,,,,,,,,,False,False
/a/0/4/0,/a/0/4/0!/member_00300,0,/a/0/4/0,169,300,,2162856,2171836,2160084,2169064,8980,7c38f15185ea6862c69d6c046c97184aee0603465bc93d0802a9f5d88d9b37d1,424d4430fffe02001423000010000200,,NSBMD model,Confirmed,True,False,,,,,,,,,,False,False
/a/0/4/0,/a/0/4/0!/member_00301,0,/a/0/4/0,169,301,,2171836,2173132,2169064,2170360,1296,bfae04c588e3e4f30a41d298006ba61dbcad43ca161ac0770667660fc363771f,424d4430fffe02001005000010000200,,NSBMD model,Confirmed,True,False,,,,,,,,,,False,False
/a/0/4/0,/a/0/4/0!/member_00302,0,/a/0/4/0,169,302,,2173132,2174124,2170360,2171352,992,2431956cc8cd862ebb4e805c43747f0438e5dc1766709b5562d0d5a6dcf62791,424d4430fffe0200e003000010000200,,NSBMD model,Confirmed,True,False,,,,,,,,,,False,False
/a/0/4/0,/a/0/4/0!/member_00303,0,/a/0/4/0,169,303,,2174124,2179980,2171352,2177208,5856,c50ea487e248fcb61f7df2a4f61b418c95f2d5c1a5747927224b35fb7822552f,424d4430fffe0200e016000010000200,,NSBMD model,Confirmed,True,False,,,,,,,,,,False,False
/a/0/4/0,/a/0/4/0!/member_00304,0,/a/0/4/0,169,304,,2179980,2183704,2177208,2180932,3724,ad8200d4801916cae7e6e4ad3ea6f6661f1ce87e4c52108fe40355f971ee716d,424d4430fffe02008c0e000010000200,,NSBMD model,Confirmed,True,False,,,,,,,,,,False,False
/a/0/4/0,/a/0/4/0!/member_00305,0,/a/0/4/0,169,305,,2183704,2189316,2180932,2186544,5612,62b241d007b2483870024a0b1cd390d371cf90bf6ce64a372f63433a7e954d0b,424d4430fffe0200ec15000010000200,,NSBMD model,Confirmed,True,False,,,,,,,,,,False,False
/a/0/4/0,/a/0/4/0!/member_00306,0,/a/0/4/0,169,306,,2189316,2190596,2186544,2187824,1280,f2432ed305e337825d0f5c6b040d17441b11b3a0e87819bd12aeabda4cf0278f,424d4430fffe02000005000010000200,,NSBMD model,Confirmed,True,False,,,,,,,,,,False,False
/a/0/4/0,/a/0/4/0!/member_00307,0,/a/0/4/0,169,307,,2190596,2191876,2187824,2189104,1280,df05d2ef57e8f316b120c78a26a9a702bd3a202652232c0467bb2e346a363223,424d4430fffe02000005000010000200,,NSBMD model,Confirmed,True,False,,,,,,,,,,False,False
/a/0/4/0,/a/0/4/0!/member_00308,0,/a/0/4/0,169,308,,2191876,2201880,2189104,2199108,10004,beec44d653fdbc554688842b8ed86220aa20567e5efcf636b05da14cb0265e53,424d4430fffe02001427000010000200,,NSBMD model,Confirmed,True,False,,,,,,,,,,False,False
/a/0/4/0,/a/0/4/0!/member_00309,0,/a/0/4/0,169,309,,2201880,2211804,2199108,2209032,9924,7ed44bb393006d6a16a3b6a0fc59f3c776b56944efbc679f5616e7c721c458df,424d4430fffe0200c426000010000200,,NSBMD model,Confirmed,True,False,,,,,,,,,,False,False
/a/0/4/0,/a/0/4/0!/member_00310,0,/a/0/4/0,169,310,,2211804,2213488,2209032,2210716,1684,b44f472309097fa2385c09509f44d82ad19d13293abae277ae5965d8328f194c,424d4430fffe02009406000010000200,,NSBMD model,Confirmed,True,False,,,,,,,,,,False,False
/a/0/4/0,/a/0/4/0!/member_00311,0,/a/0/4/0,169,311,,2213488,2214704,2210716,2211932,1216,a985825aa4dcab5a5704c3c2478b05061360e1878ee8efc7add59715a15a1443,424d4430fffe0200c004000010000200,,NSBMD model,Confirmed,True,False,,,,,,,,,,False,False
/a/0/4/0,/a/0/4/0!/member_00312,0,/a/0/4/0,169,312,,2214704,2221872,2211932,2219100,7168,a854d0555480511cb7fdc0afec87b784654832e64583108af3582c3ebdd174fa,424d4430fffe0200001c000010000200,,NSBMD model,Confirmed,True,False,,,,,,,,,,False,False
/a/0/4/0,/a/0/4/0!/member_00313,0,/a/0/4/0,169,313,,2221872,2229964,2219100,2227192,8092,73e42c52b9e8e9f41ffa2bd09f1ce5689a970b181aaf2804931925f457868e38,424d4430fffe02009c1f000010000200,,NSBMD model,Confirmed,True,False,,,,,,,,,,False,False
/a/0/4/0,/a/0/4/0!/member_00314,0,/a/0/4/0,169,314,,2229964,2238388,2227192,2235616,8424,67ea6cc8605a520f7a841c52b250070949dd399c494d34fe79992f9525b051f1,424d4430fffe0200e820000010000200,,NSBMD model,Confirmed,True,False,,,,,,,,,,False,False
/a/0/4/0,/a/0/4/0!/member_00315,0,/a/0/4/0,169,315,,2238388,2245984,2235616,2243212,7596,d97e36e0ba06b6846e3b637571d54fde454fc03f6a73f6b5b7361387314da2bd,424d4430fffe0200ac1d000010000200,,NSBMD model,Confirmed,True,False,,,,,,,,,,False,False
/a/0/4/0,/a/0/4/0!/member_00316,0,/a/0/4/0,169,316,,2245984,2254252,2243212,2251480,8268,69caaf2ffe6c88219d47e55859651fbeb72dd261713b5fa671d5aa292ec5c923,424d4430fffe02004c20000010000200,,NSBMD model,Confirmed,True,False,,,,,,,,,,False,False
/a/0/4/0,/a/0/4/0!/member_00317,0,/a/0/4/0,169,317,,2254252,2271960,2251480,2269188,17708,51a906d799e1fe68ac34dcd6c75c6340d77e2a1380fbd2bb3bb69133afdce560,424d4430fffe02002c45000010000200,,NSBMD model,Confirmed,True,False,,,,,,,,,,False,False
/a/0/4/0,/a/0/4/0!/member_00318,0,/a/0/4/0,169,318,,2271960,2280940,2269188,2278168,8980,cb9c553419b29a93a626dd033728e22ad650d24bb86ed61a8fad5c374c8c1fb1,424d4430fffe02001423000010000200,,NSBMD model,Confirmed,True,False,,,,,,,,,,False,False
/a/0/4/0,/a/0/4/0!/member_00319,0,/a/0/4/0,169,319,,2280940,2287880,2278168,2285108,6940,fa1ed968fffe5b715ddefe2eaa85a3dee9d0010c2092b17c0a3d9e9fb3e0fd65,424d4430fffe02001c1b000010000200,,NSBMD model,Confirmed,True,False,,,,,,,,,,False,False
/a/0/4/0,/a/0/4/0!/member_00320,0,/a/0/4/0,169,320,,2287880,2294848,2285108,2292076,6968,735603664d90dbce2bc45a1afa8647f12dcb88b1d86187e287fc996513bf3bde,424d4430fffe0200381b000010000200,,NSBMD model,Confirmed,True,False,,,,,,,,,,False,False
/a/0/4/0,/a/0/4/0!/member_00321,0,/a/0/4/0,169,321,,2294848,2306916,2292076,2304144,12068,6c773524cd5f2b923ea33cdff1fdea1da554bffe0f916d8c4b51d510ba3ed9df,424d4430fffe0200242f000010000200,,NSBMD model,Confirmed,True,False,,,,,,,,,,False,False
/a/0/4/0,/a/0/4/0!/member_00322,0,/a/0/4/0,169,322,,2306916,2311952,2304144,2309180,5036,26f52d39461aba1e98a2aac108aad2133c09ca86f373a77bb0a2ed8ad8797b41,424d4430fffe0200ac13000010000200,,NSBMD model,Confirmed,True,False,,,,,,,,,,False,False
/a/0/4/0,/a/0/4/0!/member_00323,0,/a/0/4/0,169,323,,2311952,2321148,2309180,2318376,9196,0b551a2c6c2df154393e8e7e74ad88a203994ef6d038603a7d37116d0f4f3295,424d4430fffe0200ec23000010000200,,NSBMD model,Confirmed,True,False,,,,,,,,,,False,False
/a/0/4/0,/a/0/4/0!/member_00324,0,/a/0/4/0,169,324,,2321148,2329472,2318376,2326700,8324,8e8d4a31e821c1c88be6963e1b22cf6337d8b2255cf160cb5a042d11e904a6dc,424d4430fffe02008420000010000200,,NSBMD model,Confirmed,True,False,,,,,,,,,,False,False
/a/0/4/0,/a/0/4/0!/member_00325,0,/a/0/4/0,169,325,,2329472,2339012,2326700,2336240,9540,4e3c9507d35e8baf7ac888497b3f63ee0389ce942502183220cfde7bca34cbe7,424d4430fffe02004425000010000200,,NSBMD model,Confirmed,True,False,,,,,,,,,,False,False
/a/0/4/0,/a/0/4/0!/member_00326,0,/a/0/4/0,169,326,,2339012,2349252,2336240,2346480,10240,ffb6c8ce1b3e9ae02a7bca7746a3525c1f7e5a9a74204a3e55aadb2eae5c3df0,424d4430fffe02000028000010000200,,NSBMD model,Confirmed,True,False,,,,,,,,,,False,False
/a/0/4/0,/a/0/4/0!/member_00327,0,/a/0/4/0,169,327,,2349252,2350936,2346480,2348164,1684,66f97646ab5574b4038d8f927a07ae5821bf96615919eb78114171cc252226fc,424d4430fffe02009406000010000200,,NSBMD model,Confirmed,True,False,,,,,,,,,,False,False
/a/0/4/0,/a/0/4/0!/member_00328,0,/a/0/4/0,169,328,,2350936,2354520,2348164,2351748,3584,ca9e3d27db4aee6db7ab6939a50d324485cffc8e85fb02ada20cec1ed0e484f7,424d4430fffe0200000e000010000200,,NSBMD model,Confirmed,True,False,,,,,,,,,,False,False
/a/0/4/0,/a/0/4/0!/member_00329,0,/a/0/4/0,169,329,,2354520,2359304,2351748,2356532,4784,9262b444711bfb6822420b3feeddae9bd406633052c4af451b66d718fb632158,424d4430fffe0200b012000010000200,,NSBMD model,Confirmed,True,False,,,,,,,,,,False,False
/a/0/4/0,/a/0/4/0!/member_00330,0,/a/0/4/0,169,330,,2359304,2363116,2356532,2360344,3812,ab64d5edeb68891d5745e0e71b11c4c429c5c3565dda547c27f05609f7020c68,424d4430fffe0200e40e000010000200,,NSBMD model,Confirmed,True,False,,,,,,,,,,False,False
/a/0/4/0,/a/0/4/0!/member_00331,0,/a/0/4/0,169,331,,2363116,2364128,2360344,2361356,1012,f304b96554d924d9384a2b2e7760226790a7734c297eec1ba9ef2507ff8e9d9a,424d4430fffe0200f403000010000200,,NSBMD model,Confirmed,True,False,,,,,,,,,,False,False
/a/0/4/0,/a/0/4/0!/member_00332,0,/a/0/4/0,169,332,,2364128,2369892,2361356,2367120,5764,58012d7b9784ba015441b5554e69ca13f36cf25f2b31105a4ec1ebec5cd636cc,424d4430fffe02008416000010000200,,NSBMD model,Confirmed,True,False,,,,,,,,,,False,False
/a/0/4/0,/a/0/4/0!/member_00333,0,/a/0/4/0,169,333,,2369892,2374088,2367120,2371316,4196,4d09a4415da7bb9b93909635e93c58070e2fe290b882a664d52a7e807f916d36,424d4430fffe02006410000010000200,,NSBMD model,Confirmed,True,False,,,,,,,,,,False,False
/a/0/4/0,/a/0/4/0!/member_00334,0,/a/0/4/0,169,334,,2374088,2377328,2371316,2374556,3240,9a12b90550886db4b419b82cb03f459c5fb9da140cc28c9fa55c32534625b39c,424d4430fffe0200a80c000010000200,,NSBMD model,Confirmed,True,False,,,,,,,,,,False,False
/a/0/4/0,/a/0/4/0!/member_00335,0,/a/0/4/0,169,335,,2377328,2385756,2374556,2382984,8428,7b79b0d133697fc76b87b18c9a3f86cc1508eae4b0533487221ffbefbf959000,424d4430fffe0200ec20000010000200,,NSBMD model,Confirmed,True,False,,,,,,,,,,False,False
/a/0/4/0,/a/0/4/0!/member_00336,0,/a/0/4/0,169,336,,2385756,2386956,2382984,2384184,1200,7fd8ab12bdd73d01b222b265f51fc274af492168f9ee97914eca96dfa4b3a083,424d4430fffe0200b004000010000200,,NSBMD model,Confirmed,True,False,,,,,,,,,,False,False
/a/0/4/0,/a/0/4/0!/member_00337,0,/a/0/4/0,169,337,,2386956,2390628,2384184,2387856,3672,df2ebeff95d559f4f22e85e9e912d8c5e061ce5d1567db1ea02019823135f23b,424d4430fffe0200580e000010000200,,NSBMD model,Confirmed,True,False,,,,,,,,,,False,False
/a/0/4/0,/a/0/4/0!/member_00338,0,/a/0/4/0,169,338,,2390628,2391800,2387856,2389028,1172,c73293e838416d5f2048ba18f8decd87ba6828d68cfc12694c4b2e4f186154b7,424d4430fffe02009404000010000200,,NSBMD model,Confirmed,True,False,,,,,,,,,,False,False
/a/0/4/0,/a/0/4/0!/member_00339,0,/a/0/4/0,169,339,,2391800,2397304,2389028,2394532,5504,7c47897c5921c2e7e30590e590d182d1ed9336b365b515bb7f1988f402aeeb27,424d4430fffe02008015000010000200,,NSBMD model,Confirmed,True,False,,,,,,,,,,False,False
/a/0/4/1,/a/0/4/1!/member_00000,0,/a/0/4/1,170,0,,2356,6359,0,4003,4003,a6012ac34ae879b5f85f21642a78afcff617112813c4cf1e6327054735c56d2d,2f110101036d61700000000000000000,,,,,False,,,,,,,,,,False,False
/a/0/4/1,/a/0/4/1!/member_00001,0,/a/0/4/1,170,1,,6360,6373,4004,4017,13,ec8f9af5c7d2d460eea9e02f81598e7f627e8f436335c5d1d42da28792bcef67,010100000673696e676c650100,,,,,False,,,,,,,,,,False,False
/a/0/4/1,/a/0/4/1!/member_00002,0,/a/0/4/1,170,2,,6376,6403,4020,4047,27,d6d14606952fe60ec22db7fe6e293107aec62d1a9b6857cae215a8c0ef13d911,020300000a6d5f64756e303130315f7f,,,,,False,,,,,,,,,,False,False
/a/0/4/1,/a/0/4/1!/member_00003,0,/a/0/4/1,170,3,,6404,6421,4048,4065,17,ff8eec50abeea7f638eedbad9b7ff743be8b18fda3672e23e95c880770c2eb9c,010100000a6d5f64756e303230315f85,,,,,False,,,,,,,,,,False,False
/a/0/4/1,/a/0/4/1!/member_00004,0,/a/0/4/1,170,4,,6424,6441,4068,4085,17,8bab4ace36bff01c8fa2a12479b0d5dc7d918f7b1fa28db7f209fe1d9e31d9d3,010100000a6d5f64756e303230325f86,,,,,False,,,,,,,,,,False,False
/a/0/4/1,/a/0/4/1!/member_00005,0,/a/0/4/1,170,5,,6444,6463,4088,4107,19,5174d0f525ce520e18c909911aedf99e7b34a4597ad8189b10a853f5f05efebd,020100000a6d5f64756e303230335f87,,,,,False,,,,,,,,,,False,False
/a/0/4/1,/a/0/4/1!/member_00006,0,/a/0/4/1,170,6,,6464,6487,4108,4131,23,e495cdbeb3f0df18c45e132c632061b37aad9901385976c9d84efd8a44a3128c,020200000a6d5f64756e303530315f97,,,,,False,,,,,,,,,,False,False
/a/0/4/1,/a/0/4/1!/member_00007,0,/a/0/4/1,170,7,,6488,6511,4132,4155,23,2a50c86a95104ddd95189c151e53579a072de81d72d408aca8bda9f5e43d1a77,020200000a6d5f64756e303530325f9b,,,,,False,,,,,,,,,,False,False
/a/0/4/1,/a/0/4/1!/member_00008,0,/a/0/4/1,170,8,,6512,6535,4156,4179,23,3109e96c982a39ed6386ded050bdc8ce8e7fea8d10e1f1fa134c65d39bf12cc9,020200000a6d5f64756e313030315f9f,,,,,False,,,,,,,,,,False,False
/a/0/4/1,/a/0/4/1!/member_00009,0,/a/0/4/1,170,9,,6536,6553,4180,4197,17,d2c58e7be09c9e740bd3d2665e7dc982ad8981568cc0edf0d81837c4c0948e7a,010100000a6d5f64756e313030325fa0,,,,,False,,,,,,,,,,False,False
/a/0/4/1,/a/0/4/1!/member_00010,0,/a/0/4/1,170,10,,6556,6579,4200,4223,23,34935e6445989737f0e95f6fad8da75dc85f9bd4ee72fe543509ea87272fbd9f,020200000a6d5f64756e313030335fa1,,,,,False,,,,,,,,,,False,False
/a/0/4/1,/a/0/4/1!/member_00011,0,/a/0/4/1,170,11,,6580,6597,4224,4241,17,934ebfa95921e247eef6d9e729f481ce5f6cf4c3718789ed122543acda4273b4,010100000a6d5f64756e313030345fa5,,,,,False,,,,,,,,,,False,False
/a/0/4/1,/a/0/4/1!/member_00012,0,/a/0/4/1,170,12,,6600,6617,4244,4261,17,c6ed58d88e3f9a8b73919e5e2b3b732f5b9a806627df23a96bd29dd0e4ee80b5,010100000a6d5f64756e313530315fb1,,,,,False,,,,,,,,,,False,False
/a/0/4/1,/a/0/4/1!/member_00013,0,/a/0/4/1,170,13,,6620,6637,4264,4281,17,54197df4e6b468266059741f04068cb890c4fb9aa1c6f55fe7e1d38ec93510c7,010100000a6d5f64756e313530325fb2,,,,,False,,,,,,,,,,False,False
/a/0/4/1,/a/0/4/1!/member_00014,0,/a/0/4/1,170,14,,6640,6657,4284,4301,17,1ec8b4e97ac221626441455a13062251013f952a654086713d70a6e7f2dee0de,010100000a6d5f64756e313530335fb3,,,,,False,,,,,,,,,,False,False
/a/0/4/1,/a/0/4/1!/member_00015,0,/a/0/4/1,170,15,,6660,6677,4304,4321,17,900547595ac37084c3621fe037023432739a20a874605ec6b0439901253b98dc,010100000a6d5f64756e313730315fb4,,,,,False,,,,,,,,,,False,False
/a/0/4/1,/a/0/4/1!/member_00016,0,/a/0/4/1,170,16,,6680,6697,4324,4341,17,11265b176cfd895690e5b66b649b27df4f96dcad8b31a98578ce6e80e4adbbb0,010100000a6d5f64756e313730325fb5,,,,,False,,,,,,,,,,False,False
/a/0/4/1,/a/0/4/1!/member_00017,0,/a/0/4/1,170,17,,6700,6717,4344,4361,17,8fadc9d8a70c8f78854dd3630e4bcccd3b8e05ea29888a014e181fb7c5ec70ee,010100000a6d5f64756e313730335fb6,,,,,False,,,,,,,,,,False,False
/a/0/4/1,/a/0/4/1!/member_00018,0,/a/0/4/1,170,18,,6720,6737,4364,4381,17,68a93f308852f230969035fe269bac3f2b4fc0cf817926842e8ee51e58de5349,010100000a6d5f64756e313730345fb7,,,,,False,,,,,,,,,,False,False
/a/0/4/1,/a/0/4/1!/member_00019,0,/a/0/4/1,170,19,,6740,6757,4384,4401,17,838a0333993918459d2a3738e821026c4d16dcbeb902fb5245bc425390486607,010100000a6d5f64756e313730355fb8,,,,,False,,,,,,,,,,False,False
/a/0/4/1,/a/0/4/1!/member_00020,0,/a/0/4/1,170,20,,6760,6777,4404,4421,17,8c76e6f1abf0af8545e31c9d912c79b33a2d108fc604a57d099af25ec88c2746,010100000a6d5f64756e313730365fb9,,,,,False,,,,,,,,,,False,False
/a/0/4/1,/a/0/4/1!/member_00021,0,/a/0/4/1,170,21,,6780,6797,4424,4441,17,76a8fbeb3eaf8a3068690c59bd6de21a81bdf14ad7aeca30f74823d3c6ae5590,010100000a6d5f64756e313730375fba,,,,,False,,,,,,,,,,False,False
/a/0/4/1,/a/0/4/1!/member_00022,0,/a/0/4/1,170,22,,6800,6817,4444,4461,17,ea5eb8776e0d5342aa2fb6900384e96ad808dea762a6e7dd70c7a14884bfb3de,010100000a6d5f64756e313730385fbb,,,,,False,,,,,,,,,,False,False
/a/0/4/1,/a/0/4/1!/member_00023,0,/a/0/4/1,170,23,,6820,6837,4464,4481,17,cbb13e437dcaa2a04ed463f6d66a9fe25e2b0ccc982db5113457842ca50ea392,010100000a6d5f64756e313730395fbc,,,,,False,,,,,,,,,,False,False
/a/0/4/1,/a/0/4/1!/member_00024,0,/a/0/4/1,170,24,,6840,6857,4484,4501,17,67867ca38a0f6c90b8a1b21ec46719f75977e48bf778eb814d2aa79ce263e594,010100000a6d5f64756e313731305fbd,,,,,False,,,,,,,,,,False,False
/a/0/4/1,/a/0/4/1!/member_00025,0,/a/0/4/1,170,25,,6860,6877,4504,4521,17,7eac49300caa8ae7d542c6bebcd3a45c0a6f97259ac78c7f4d6a8f4dfc7f5a8c,010100000a6d5f64756e313830315fc1,,,,,False,,,,,,,,,,False,False
/a/0/4/1,/a/0/4/1!/member_00026,0,/a/0/4/1,170,26,,6880,6897,4524,4541,17,71406d0b85ee0be0468a03229fac1be59eb25d2602b894d27a0e9909890966dd,010100000a6d5f64756e313830325fc2,,,,,False,,,,,,,,,,False,False
/a/0/4/1,/a/0/4/1!/member_00027,0,/a/0/4/1,170,27,,6900,6933,4544,4577,33,0a78696d0b3d452209d991fd03b3cf0077db23991f20cb98cb673ba1d5d85b87,030300000a6d5f64756e323230315fc3,,,,,False,,,,,,,,,,False,False
/a/0/4/1,/a/0/4/1!/member_00028,0,/a/0/4/1,170,28,,6936,6953,4580,4597,17,045ccbaed406fdbc807700847a5092a8fd3c4173e143f0bf9563ca050f4480b4,010100000a6d5f64756e323330315fcc,,,,,False,,,,,,,,,,False,False
/a/0/4/1,/a/0/4/1!/member_00029,0,/a/0/4/1,170,29,,6956,6973,4600,4617,17,c85da5ad2a6f1f85fe830850220b3295ef738c2c91f56c2c387173f6c049341e,010100000a6d5f64756e323330325fcd,,,,,False,,,,,,,,,,False,False
/a/0/4/1,/a/0/4/1!/member_00030,0,/a/0/4/1,170,30,,6976,6993,4620,4637,17,5753fada6a3f52b7b75735dcaebaa4e3d66be1298bbeece67a9167c64c236bea,010100000a6d5f64756e323330335fce,,,,,False,,,,,,,,,,False,False
/a/0/4/1,/a/0/4/1!/member_00031,0,/a/0/4/1,170,31,,6996,7013,4640,4657,17,ed9a15d16af1decb38d634cbe3f318735b291ea8e37b55f79e89d3348ff27171,010100000a6d5f64756e323330345fcf,,,,,False,,,,,,,,,,False,False
/a/0/4/1,/a/0/4/1!/member_00032,0,/a/0/4/1,170,32,,7016,7033,4660,4677,17,506d202337832774abb886499eb68f5fe5a5da605ce952f8ca9694406ea70ae9,010100000a6d5f64756e323330355fd0,,,,,False,,,,,,,,,,False,False
/a/0/4/1,/a/0/4/1!/member_00033,0,/a/0/4/1,170,33,,7036,7053,4680,4697,17,34346d2f6a0a9d766d924ab6849c8295037aea08d28f993033c859e544f83a8f,010100000a6d5f64756e323430315fd2,,,,,False,,,,,,,,,,False,False
/a/0/4/1,/a/0/4/1!/member_00034,0,/a/0/4/1,170,34,,7056,7073,4700,4717,17,8451077068f802a5d5e9cbb36604d9d80e31f40883cdd018f7ebcafbb76ae212,010100000a6d5f64756e323430325fd3,,,,,False,,,,,,,,,,False,False
/a/0/4/1,/a/0/4/1!/member_00035,0,/a/0/4/1,170,35,,7076,7093,4720,4737,17,f9b81e450ff4ca2a3a0afb460021eaf7710ed28587018b3510f17eef086a17e7,010100000a6d5f64756e323430335fd4,,,,,False,,,,,,,,,,False,False
/a/0/4/1,/a/0/4/1!/member_00036,0,/a/0/4/1,170,36,,7096,7113,4740,4757,17,e411f9a7c3a57b41a8a964ecf69f86313b76067e662e655dc6453a1ccd69ce2e,010100000a6d5f64756e323430345fd5,,,,,False,,,,,,,,,,False,False
/a/0/4/1,/a/0/4/1!/member_00037,0,/a/0/4/1,170,37,,7116,7135,4760,4779,19,63bb4c146143bae38f20f63885384905b29739ec09d6994dcf71adf51e7166a7,010200000a6d5f64756e323430355fd6,,,,,False,,,,,,,,,,False,False
/a/0/4/1,/a/0/4/1!/member_00038,0,/a/0/4/1,170,38,,7136,7153,4780,4797,17,b9c27142137b1810ec856148c9f05c19c5ba97e4cb7ad71000764d46c32111a1,010100000a6d5f64756e323430365fd8,,,,,False,,,,,,,,,,False,False
/a/0/4/1,/a/0/4/1!/member_00039,0,/a/0/4/1,170,39,,7156,7173,4800,4817,17,5b7a126e9a7ffdd71beab3d1d7aa14072763329c4ccf066eebc7857debc94816,010100000a6d5f64756e323430375fd9,,,,,False,,,,,,,,,,False,False
/a/0/4/1,/a/0/4/1!/member_00040,0,/a/0/4/1,170,40,,7176,7193,4820,4837,17,855f223365605218bbb92d63554be2d3964b4d6eff7e8dad5d32f3b8ed62599e,010100000a6d5f64756e323430385fda,,,,,False,,,,,,,,,,False,False
/a/0/4/1,/a/0/4/1!/member_00041,0,/a/0/4/1,170,41,,7196,7213,4840,4857,17,82e2693f8eb8efaca1adfb86fb008d41a84638c0f05d50b00198931ca5b0407a,010100000a6d5f64756e323430395fdb,,,,,False,,,,,,,,,,False,False
/a/0/4/1,/a/0/4/1!/member_00042,0,/a/0/4/1,170,42,,7216,7237,4860,4881,21,c28570bc62c53998222658f6280eda5f20f649cc1182f2e7bf5b6e206f6cd40e,010300000a6d5f64756e323530315fdf,,,,,False,,,,,,,,,,False,False
/a/0/4/1,/a/0/4/1!/member_00043,0,/a/0/4/1,170,43,,7240,7259,4884,4903,19,caed578abb6f3b87d86168b8d2cd3b53893fc39136a2b449f301e10d4766b3bf,010200000a6d5f64756e323530325fe2,,,,,False,,,,,,,,,,False,False
/a/0/4/1,/a/0/4/1!/member_00044,0,/a/0/4/1,170,44,,7260,7281,4904,4925,21,dc7490a2093690fbd0917afc1f10743490224645ab3410f4551ccb5f547c4374,010300000a6d5f64756e323530335fe4,,,,,False,,,,,,,,,,False,False
/a/0/4/1,/a/0/4/1!/member_00045,0,/a/0/4/1,170,45,,7284,7301,4928,4945,17,51d7cd35a9bc8e5a8adda89fb61d6df5e227e2e1468dc6cabf29188540fd3d37,010100000a6d5f64756e323630315fe7,,,,,False,,,,,,,,,,False,False
/a/0/4/1,/a/0/4/1!/member_00046,0,/a/0/4/1,170,46,,7304,7323,4948,4967,19,a36dc7d56de43cd628b6790aede9125fdb62dc599b5fa96d79522067798d36c6,020100000a6d5f64756e323630325fe8,,,,,False,,,,,,,,,,False,False
/a/0/4/1,/a/0/4/1!/member_00047,0,/a/0/4/1,170,47,,7324,7341,4968,4985,17,12d61771d34be9085c523abad34e48adccd79349da435d282514df9c6ce04638,010100000a6d5f64756e323730315feb,,,,,False,,,,,,,,,,False,False
/a/0/4/1,/a/0/4/1!/member_00048,0,/a/0/4/1,170,48,,7344,7361,4988,5005,17,7b51e9ac4ba04595e1fee793590d8cf7131e7ce472409e6d9212fafe88df20fb,010100000a6d5f64756e323730325fec,,,,,False,,,,,,,,,,False,False
/a/0/4/1,/a/0/4/1!/member_00049,0,/a/0/4/1,170,49,,7364,7381,5008,5025,17,42b60de2256d46f999b467529819bc7fe1ea917b768c943a5590fd6feb70fb6c,010100000a6d5f64756e323730335fed,,,,,False,,,,,,,,,,False,False
/a/0/4/1,/a/0/4/1!/member_00050,0,/a/0/4/1,170,50,,7384,7401,5028,5045,17,cb1de680e215e9f63149c96eabf7ab3d9750a3e2c60a53e89a098acf099e5710,010100000a6d5f64756e323730345fee,,,,,False,,,,,,,,,,False,False
/a/0/4/1,/a/0/4/1!/member_00051,0,/a/0/4/1,170,51,,7404,7421,5048,5065,17,11bd9dff20c20c4227806320b06a423745a6ddd9e454bb0080904cfada92c7be,010100000a6d5f64756e323730355fef,,,,,False,,,,,,,,,,False,False
/a/0/4/1,/a/0/4/1!/member_00052,0,/a/0/4/1,170,52,,7424,7441,5068,5085,17,c891626597a738809fa818491a1c4c916becc22ccfd0b528fb25af4df972c01a,010100000a6d5f64756e323730365ff0,,,,,False,,,,,,,,,,False,False
/a/0/4/1,/a/0/4/1!/member_00053,0,/a/0/4/1,170,53,,7444,7463,5088,5107,19,cfaaa55a44177e80f5a6958f447d9891a04e883de36abb72247f7da7ae423dd5,020100000a6d5f64756e333530315ff2,,,,,False,,,,,,,,,,False,False
/a/0/4/1,/a/0/4/1!/member_00054,0,/a/0/4/1,170,54,,7464,7483,5108,5127,19,e85d20655209f5efc3f2cf1999330fbf1ccb51c2f7d1b3386157ac61921fcce1,020100000a6d5f64756e333530325ff4,,,,,False,,,,,,,,,,False,False
/a/0/4/1,/a/0/4/1!/member_00055,0,/a/0/4/1,170,55,,7484,7503,5128,5147,19,8992d901c66e50adc85be43e86a3004e60e71cd7c1cfd61769202544559689a6,020100000a6d5f64756e333530335ff6,,,,,False,,,,,,,,,,False,False
/a/0/4/1,/a/0/4/1!/member_00056,0,/a/0/4/1,170,56,,7504,7531,5148,5175,27,8fe0d9c6af81bbb6a8394319f1529e3515a3b283aafd99d1f5034eeb2ae8df05,020300000a6d5f64756e333630315ff8,,,,,False,,,,,,,,,,False,False
/a/0/4/1,/a/0/4/1!/member_00057,0,/a/0/4/1,170,57,,7532,7549,5176,5193,17,f7e5c1bfa9265a093832108a5881fbc14a75243a6a9018dbbe8ca9b6c20e5e6a,010100000a6d5f64756e333730315ffe,,,,,False,,,,,,,,,,False,False
/a/0/4/1,/a/0/4/1!/member_00058,0,/a/0/4/1,170,58,,7552,7571,5196,5215,19,3e685bcdd0bc136d694114734408093d177fce4c82810762097cf406417a1ac2,010200000a6d5f64756e333730325fff,,,,,False,,,,,,,,,,False,False
/a/0/4/1,/a/0/4/1!/member_00059,0,/a/0/4/1,170,59,,7572,7589,5216,5233,17,e06511f8471a6606778e839e65f912f9047b86e3f95e87f29e96dfde68f87297,010100000a6d5f64756e333730335f01,,,,,False,,,,,,,,,,False,False
/a/0/4/1,/a/0/4/1!/member_00060,0,/a/0/4/1,170,60,,7592,7609,5236,5253,17,55ed3c7325be91c2ce6c4908c54ff9df76b8d5dc8085f90e120addf7a9d6e4c3,010100000a6d5f64756e333730345f02,,,,,False,,,,,,,,,,False,False
/a/0/4/1,/a/0/4/1!/member_00061,0,/a/0/4/1,170,61,,7612,7629,5256,5273,17,22d942c3845927d801617035587b26684b3c346e23f18d64b30734b7d5d8ecbe,010100000a6d5f64756e333730355f03,,,,,False,,,,,,,,,,False,False
/a/0/4/1,/a/0/4/1!/member_00062,0,/a/0/4/1,170,62,,7632,7659,5276,5303,27,600c6a952f973de2e20b08734b4b51ca93b3f92222bab983eee31778188d1ea2,030200000a6d5f64756e333830315f04,,,,,False,,,,,,,,,,False,False
/a/0/4/1,/a/0/4/1!/member_00063,0,/a/0/4/1,170,63,,7660,7693,5304,5337,33,a3dfbd55952ca8f9b997c38777451d02872504cebe7d058f681b841367e83a46,030300000a6d5f64756e333830325f0a,,,,,False,,,,,,,,,,False,False
/a/0/4/1,/a/0/4/1!/member_00064,0,/a/0/4/1,170,64,,7696,7719,5340,5363,23,3c7b60b872799899e45f474f917861c794a238917abe366013ca9b6d752f0067,020200000a6d5f64756e333830335f13,,,,,False,,,,,,,,,,False,False
/a/0/4/1,/a/0/4/1!/member_00065,0,/a/0/4/1,170,65,,7720,7747,5364,5391,27,21cbffff73aeacaca4e8803cd0bed79607af4775293e137f9c682e2f551c42b1,020300000a6d5f64756e333830345f17,,,,,False,,,,,,,,,,False,False
/a/0/4/1,/a/0/4/1!/member_00066,0,/a/0/4/1,170,66,,7748,7761,5392,5405,13,d506bd8ebfea4415e3256492e6b39be01466e28f7ff8db7e95da2b036a12c82d,01010000066d5f6830315fd400,,,,,False,,,,,,,,,,False,False
/a/0/4/1,/a/0/4/1!/member_00067,0,/a/0/4/1,170,67,,7764,7783,5408,5427,19,b0bbc1242e1b8301f024806e642ee335e6fc7e06ea290125a4eadf57588e50b6,020100000a6d5f64756e313731315fbe,,,,,False,,,,,,,,,,False,False
/a/0/4/1,/a/0/4/1!/member_00068,0,/a/0/4/1,170,68,,7784,7800,5428,5444,16,5b2e464f435ed5d97e16343fc5490cecaa64d319fd7420985fd70a4ef82daa7c,01010000096d5f73757a7530315fe500,,,,,False,,,,,,,,,,False,False
/a/0/4/1,/a/0/4/1!/member_00069,0,/a/0/4/1,170,69,,7800,7816,5444,5460,16,1f6cd5a8606f0ddbbbe16a04f7d89189612a32504cd3898af8c91c7b6b1a11d4,01010000096d5f6761746530315ff200,,,,,False,,,,,,,,,,False,False
/a/0/4/1,/a/0/4/1!/member_00070,0,/a/0/4/1,170,70,,7816,7832,5460,5476,16,ab4d81d0c4fa6cfa0f188a30911c41fcc35f10d6b7c9c3aa7469be405f400b40,01010000096d5f6761746530325ff300,,,,,False,,,,,,,,,,False,False
/a/0/4/1,/a/0/4/1!/member_00071,0,/a/0/4/1,170,71,,7832,7848,5476,5492,16,13ec0cb89c94a8a81a608dadbf803a81c1794809c2997047158ddb85a9321754,01010000096d5f6868303130315fd800,,,,,False,,,,,,,,,,False,False
/a/0/4/1,/a/0/4/1!/member_00072,0,/a/0/4/1,170,72,,7848,7864,5492,5508,16,d8dc23f8ccd37f81d4c2368ec3639c62b9e6d4da6e181e93e22beae27b025b0f,01010000096d5f6868303130325fd900,,,,,False,,,,,,,,,,False,False
/a/0/4/1,/a/0/4/1!/member_00073,0,/a/0/4/1,170,73,,7864,7878,5508,5522,14,204e365923eafd5f7379fa645e0114a4bedb9128550419067ca32456fa71c2fe,01010000076d5f706330315fdd00,,,,,False,,,,,,,,,,False,False
/a/0/4/1,/a/0/4/1!/member_00074,0,/a/0/4/1,170,74,,7880,7894,5524,5538,14,ea21472cfcd4532b7b4d981679e0979f2065423e59078f5d07a5179d16baf79b,01010000076d5f706330325fde00,,,,,False,,,,,,,,,,False,False
/a/0/4/1,/a/0/4/1!/member_00075,0,/a/0/4/1,170,75,,7896,7910,5540,5554,14,fc1e28230cc1f1506c972dc1d5ce147e0c44c1a58696f1dbe40af7833aab47d0,01010000076d5f706330335fdf00,,,,,False,,,,,,,,,,False,False
/a/0/4/1,/a/0/4/1!/member_00076,0,/a/0/4/1,170,76,,7912,7926,5556,5570,14,67699e91e2f6796a79dca74df372ba1e67a7bfa87348b19cf4a0d7d146c78c0a,01010000076d5f706330345fe000,,,,,False,,,,,,,,,,False,False
/a/0/4/1,/a/0/4/1!/member_00077,0,/a/0/4/1,170,77,,7928,7942,5572,5586,14,d5a37cae41bca03d5e9e5fe7e3ccc5060d0c7ed3f550e934d99a210732c136a2,01010000076d5f706330355ff500,,,,,False,,,,,,,,,,False,False
/a/0/4/1,/a/0/4/1!/member_00078,0,/a/0/4/1,170,78,,7944,7967,5588,5611,23,a8d0e176d7268304526f772b3f851b866f6919320d0290289e8be0ef2887be1f,020200000a6d5f64756e303330315f8b,,,,,False,,,,,,,,,,False,False
/a/0/4/1,/a/0/4/1!/member_00079,0,/a/0/4/1,170,79,,7968,7991,5612,5635,23,3ef7d581476d9abda240125bc5380f5ca8e8264cc57ac560d41c1e995ad495b1,020200000a6d5f64756e303330325f8f,,,,,False,,,,,,,,,,False,False
/a/0/4/1,/a/0/4/1!/member_00080,0,/a/0/4/1,170,80,,7992,8015,5636,5659,23,8fea7f8b53c15f09a1611baf53728bbddcf63ae8be74fa266b4919d33988b4c6,020200000a6d5f64756e303330335f93,,,,,False,,,,,,,,,,False,False
/a/0/4/1,/a/0/4/1!/member_00081,0,/a/0/4/1,170,81,,8016,8035,5660,5679,19,054037b8709380f0fff09c1d6daa7856ee97265ffccb49d7e99084c2eda8c392,020100000a6d5f64756e313130315fa6,,,,,False,,,,,,,,,,False,False
/a/0/4/1,/a/0/4/1!/member_00082,0,/a/0/4/1,170,82,,8036,8055,5680,5699,19,63729ff62cedf269e7c4604731e9ad7d065a39ef534c0ca227b88ceadbbb99dc,020100000a6d5f64756e313130325fa8,,,,,False,,,,,,,,,,False,False
/a/0/4/1,/a/0/4/1!/member_00083,0,/a/0/4/1,170,83,,8056,8075,5700,5719,19,6e926baaddd536831c23af449b06976ba7669b2f4686f25ea345c47c18684fd5,020100000a6d5f64756e313130335faa,,,,,False,,,,,,,,,,False,False
/a/0/4/1,/a/0/4/1!/member_00084,0,/a/0/4/1,170,84,,8076,8095,5720,5739,19,5274ebb73bc0df83f826cc8c37ab6dd5e7c6e5eceb9923db169e66b2a5e29b87,020100000a6d5f64756e313130345fac,,,,,False,,,,,,,,,,False,False
/a/0/4/1,/a/0/4/1!/member_00085,0,/a/0/4/1,170,85,,8096,8115,5740,5759,19,8effe7ca9102ca45de214bbb89bd30e0ac960775fbce132118f14358f5ca3bad,020100000a6d5f64756e313130355fae,,,,,False,,,,,,,,,,False,False
/a/0/4/1,/a/0/4/1!/member_00086,0,/a/0/4/1,170,86,,8116,8143,5760,5787,27,bd8060ba9b62502f810c631c83d9d47540ceab5d6f117e50d03bb1c50ae11bc9,020300000a6d5f64756e343630315f6e,,,,,False,,,,,,,,,,False,False
/a/0/4/1,/a/0/4/1!/member_00087,0,/a/0/4/1,170,87,,8144,8161,5788,5805,17,9cd83438b9f6a0a8a0abd5fd2980a8924088052e5a2411bec88e742a2ad79367,010100000a6d5f67796d303130315ff6,,,,,False,,,,,,,,,,False,False
/a/0/4/1,/a/0/4/1!/member_00088,0,/a/0/4/1,170,88,,8164,8181,5808,5825,17,45345b5ca0e42effe84016e43928545fec73356485c9dab2a913c0f3d0c1ac5a,010100000a6d5f67796d303230315ff7,,,,,False,,,,,,,,,,False,False
/a/0/4/1,/a/0/4/1!/member_00089,0,/a/0/4/1,170,89,,8184,8201,5828,5845,17,3e7759c5b56cd1c396fff2d97cee9ba27588412abde27d07691719177241ff1a,010100000a6d5f67796d303330315ffa,,,,,False,,,,,,,,,,False,False
/a/0/4/1,/a/0/4/1!/member_00090,0,/a/0/4/1,170,90,,8204,8223,5848,5867,19,d43d96e0887d5708ed927ddf30f92e91a87a93a784bf34c4a4de6f458a1e0731,010200000a6d5f67796d303430315ffb,,,,,False,,,,,,,,,,False,False
/a/0/4/1,/a/0/4/1!/member_00091,0,/a/0/4/1,170,91,,8224,8241,5868,5885,17,c9cc94c1af6be0f690789ff17da8ab470fec6b0aa885e409cf777de47c325cfe,010100000a6d5f67796d303530315ffd,,,,,False,,,,,,,,,,False,False
/a/0/4/1,/a/0/4/1!/member_00092,0,/a/0/4/1,170,92,,8244,8261,5888,5905,17,6afc1e5d83108e8ab1fccf53abc4882e13e8146ca85aec4833151727e360b823,010100000a6d5f67796d303630315ffe,,,,,False,,,,,,,,,,False,False
/a/0/4/1,/a/0/4/1!/member_00093,0,/a/0/4/1,170,93,,8264,8281,5908,5925,17,f6bc027609f69814f06a8f5d400fe5121100c9bf472ddf16f36c838ee60839cc,010100000a6d5f67796d303730315fff,,,,,False,,,,,,,,,,False,False
/a/0/4/1,/a/0/4/1!/member_00094,0,/a/0/4/1,170,94,,8284,8305,5928,5949,21,5f4316829a2a02d09baf5e26a95f0928889f562a3bccf3da4ee17f20c65d5327,010300000a6d5f67796d303830315f00,,,,,False,,,,,,,,,,False,False
/a/0/4/1,/a/0/4/1!/member_00095,0,/a/0/4/1,170,95,,8308,8321,5952,5965,13,0fc5512a713f9463fbbd6b9e0016c675941a2e8a0569a0d0ce617ecf3724e5e2,01010000066d5f6830325fd500,,,,,False,,,,,,,,,,False,False
/a/0/4/1,/a/0/4/1!/member_00096,0,/a/0/4/1,170,96,,8324,8337,5968,5981,13,d2c136d74a3e43ac51f371656ec5157b63cc28fe93ca81619767332df4e32673,01010000066d5f6830335fd600,,,,,False,,,,,,,,,,False,False
/a/0/4/1,/a/0/4/1!/member_00097,0,/a/0/4/1,170,97,,8340,8353,5984,5997,13,bbd655a87378919f3979802706e2c413c0f055b8d38828e8e256dcebc3d73f91,01010000066d5f6830345fd700,,,,,False,,,,,,,,,,False,False
/a/0/4/1,/a/0/4/1!/member_00098,0,/a/0/4/1,170,98,,8356,8379,6000,6023,23,334f0f7bee29337f5f78ef734250a1d4a28c299440002a4199086ece76d897a5,020200000a6d5f64756e343230315f52,,,,,False,,,,,,,,,,False,False
/a/0/4/1,/a/0/4/1!/member_00099,0,/a/0/4/1,170,99,,8380,8403,6024,6047,23,3434936bd66f36417f7ab31a7039197f2222deca3b32efbb0c4d869efd1b8fdd,020200000a6d5f64756e343230325f56,,,,,False,,,,,,,,,,False,False
/a/0/4/1,/a/0/4/1!/member_00100,0,/a/0/4/1,170,100,,8404,8420,6048,6064,16,ea49c5f039e1142f6db38f1084e7817ed372c2fd4e0bcccf658602c39b9a23df,01010000096d5f6c61626f30315ff400,,,,,False,,,,,,,,,,False,False
/a/0/4/1,/a/0/4/1!/member_00101,0,/a/0/4/1,170,101,,8420,8436,6064,6080,16,b18a11cbb451bd8c49711cff8070c1e68d5b8ca80f731119d3c7028c696a52e6,01010000096d5f6c61626f30325f0101,,,,,False,,,,,,,,,,False,False
/a/0/4/1,/a/0/4/1!/member_00102,0,/a/0/4/1,170,102,,8436,8454,6080,6098,18,41d6eaff65dc7762c4128f135a615ba0de3823421b0f35d9bcfe9f9574f91262,010100000b6d5f7363686f6f6c30315f,,,,,False,,,,,,,,,,False,False
/a/0/4/1,/a/0/4/1!/member_00103,0,/a/0/4/1,170,103,,8456,8472,6100,6116,16,a4ae5623778633e26864af313998e9c170fe5ebbbfb33e5c4aa3adfde022f71a,01010000096d5f706f6b6530315f0301,,,,,False,,,,,,,,,,False,False
/a/0/4/1,/a/0/4/1!/member_00104,0,/a/0/4/1,170,104,,8472,8486,6116,6130,14,ac020a0112ae6cf9d0250a2a80438f2d9130cfcd2611051aef08c4324df79dd4,01010000076d5f667330315fdc00,,,,,False,,,,,,,,,,False,False
/a/0/4/1,/a/0/4/1!/member_00105,0,/a/0/4/1,170,105,,8488,8507,6132,6151,19,061d62e7ae9c0ebd3cb10a5515fdc2f2369bd1ca0e54901970ba113fe0accb24,010200000a6d5f67796d303230325ff8,,,,,False,,,,,,,,,,False,False
/a/0/4/1,/a/0/4/1!/member_00106,0,/a/0/4/1,170,106,,8508,8525,6152,6169,17,b3e2a9a05c67a9cbfd98d13975f6feb934e2fa767da9a2c08b58b76779557928,010100000a6d5f64756e323630335fea,,,,,False,,,,,,,,,,False,False
/a/0/4/1,/a/0/4/1!/member_00107,0,/a/0/4/1,170,107,,8528,8544,6172,6188,16,04cab387cfc943945931fd5a1f93204c9e3787cf3dca5fd9dbce061bba30e1c5,01010000096d5f62696b6530315fe200,,,,,False,,,,,,,,,,False,False
/a/0/4/1,/a/0/4/1!/member_00108,0,/a/0/4/1,170,108,,8544,8562,6188,6206,18,4c3fbc69a62ae808970f38b066bfbe5c2fed24e03ce7dbb440fc7b45fd4adde0,010100000b6d5f66686f75736530315f,,,,,False,,,,,,,,,,False,False
/a/0/4/1,/a/0/4/1!/member_00109,0,/a/0/4/1,170,109,,8564,8580,6208,6224,16,4a22ef506ba15f8eea800c0edc84e6fa9ca14827de92a12d8cce262e58d4752c,01010000096d5f67616d6530315fe300,,,,,False,,,,,,,,,,False,False
/a/0/4/1,/a/0/4/1!/member_00110,0,/a/0/4/1,170,110,,8580,8597,6224,6241,17,d46e7844d6a6512a83db292960c4c9c1856d426ab958f9eeee63b3e35ad38cd9,010100000a6d5f64756e323330365fd1,,,,,False,,,,,,,,,,False,False
/a/0/4/1,/a/0/4/1!/member_00111,0,/a/0/4/1,170,111,,8600,8619,6244,6263,19,272b4899ea434e11053db5b4355174b088e78a0778ff0fa5db45f17f2083c3c1,010100000c6d5f73746174696f6e3031,,,,,False,,,,,,,,,,False,False
/a/0/4/1,/a/0/4/1!/member_00112,0,/a/0/4/1,170,112,,8620,8639,6264,6283,19,03de2d1b89efb4c0b41c5fef26016fa040ce7cf5ca98707f5ee8b4118d0e1ae5,010100000c6d5f73746174696f6e3032,,,,,False,,,,,,,,,,False,False
/a/0/4/1,/a/0/4/1!/member_00113,0,/a/0/4/1,170,113,,8640,8658,6284,6302,18,9833620c98e25d908ceb882728d6dd9d9cc5793c33c160fde5173dd077ce6726,010100000b6d5f64657061727430315f,,,,,False,,,,,,,,,,False,False
/a/0/4/1,/a/0/4/1!/member_00114,0,/a/0/4/1,170,114,,8660,8678,6304,6322,18,d9d2b04260000c51bb2bc742927d2d42917570f410d1413e2878aa0ddd1aad5e,010100000b6d5f64657061727430325f,,,,,False,,,,,,,,,,False,False
/a/0/4/1,/a/0/4/1!/member_00115,0,/a/0/4/1,170,115,,8680,8698,6324,6342,18,5ddbf9fc70d45f29612cafde6f10e58cc462811ccacf529a6d77239c6fcdaca1,010100000b6d5f64657061727430335f,,,,,False,,,,,,,,,,False,False
/a/0/4/1,/a/0/4/1!/member_00116,0,/a/0/4/1,170,116,,8700,8718,6344,6362,18,2efdf08dce43b9077703f92f9fd44b5c91e41544c015ce4301a0ce9977a0f8d1,010100000b6d5f64657061727430345f,,,,,False,,,,,,,,,,False,False
/a/0/4/1,/a/0/4/1!/member_00117,0,/a/0/4/1,170,117,,8720,8738,6364,6382,18,2d3c07fbe9927f57119d56505c8e1b9d5d355b157ea07a4723a1b5e23bb28200,010100000b6d5f64657061727430355f,,,,,False,,,,,,,,,,False,False
/a/0/4/1,/a/0/4/1!/member_00118,0,/a/0/4/1,170,118,,8740,8758,6384,6402,18,7dc519c5cbca4cb045c1caf52a4cad88cad19b551ae9f5b01f2563b8ff3cace0,010100000b6d5f64657061727430365f,,,,,False,,,,,,,,,,False,False
/a/0/4/1,/a/0/4/1!/member_00119,0,/a/0/4/1,170,119,,8760,8776,6404,6420,16,69183c45d0810840ebaf6fe46e7cc293dccc13187ad430172d7c9d886c8f097c,01010000096d5f6275696c30315f0f01,,,,,False,,,,,,,,,,False,False
/a/0/4/1,/a/0/4/1!/member_00120,0,/a/0/4/1,170,120,,8776,8792,6420,6436,16,e9fe7e8355a64eeb22842d26375916d0691a8f58d63c6e6dc216545cf831f24a,01010000096d5f6275696c30325f1001,,,,,False,,,,,,,,,,False,False
/a/0/4/1,/a/0/4/1!/member_00121,0,/a/0/4/1,170,121,,8792,8808,6436,6452,16,48487cd25fbcbbeeba185773acd573a4f283a96fbe68b0a83e166bd921d5d3a8,01010000096d5f6275696c30335f1101,,,,,False,,,,,,,,,,False,False
/a/0/4/1,/a/0/4/1!/member_00122,0,/a/0/4/1,170,122,,8808,8824,6452,6468,16,8f6b9284398239ed377831fb6701ceb5709866606807f0bd8f795903ce5c4763,01010000096d5f6275696c30345f1201,,,,,False,,,,,,,,,,False,False
/a/0/4/1,/a/0/4/1!/member_00123,0,/a/0/4/1,170,123,,8824,8840,6468,6484,16,a6e3e10b8f024b1961f1d873128fb7ef2d0311797c995074adf653af98b3769c,01010000096d5f6275696c30355f1301,,,,,False,,,,,,,,,,False,False
/a/0/4/1,/a/0/4/1!/member_00124,0,/a/0/4/1,170,124,,8840,8856,6484,6500,16,4158c40503fa578278838e3acbf1df4bae0221c870f21e901328075f3aea1c9d,01010000096d5f6275696c30365f1401,,,,,False,,,,,,,,,,False,False
/a/0/4/1,/a/0/4/1!/member_00125,0,/a/0/4/1,170,125,,8856,8872,6500,6516,16,7643d4aec6845d5255252f9a0d9468092ea472b89e9cece36ad7ebad7a174132,01010000096d5f73756d6930315f1501,,,,,False,,,,,,,,,,False,False
/a/0/4/1,/a/0/4/1!/member_00126,0,/a/0/4/1,170,126,,8872,8888,6516,6532,16,c0397892ca9e43c9d8b6d0771c5d773465e86629db5e756a5447b3601d3ef354,01010000096d5f6b61627530315fe400,,,,,False,,,,,,,,,,False,False
/a/0/4/1,/a/0/4/1!/member_00127,0,/a/0/4/1,170,127,,8888,8906,6532,6550,18,0c7deea09b8c1a147dba5fb2e00bd679f4af4f329e5da7a6ca3841cdfa0c36c5,010100000b6d5f67686f75736530315f,,,,,False,,,,,,,,,,False,False
/a/0/4/1,/a/0/4/1!/member_00128,0,/a/0/4/1,170,128,,8908,8926,6552,6570,18,feca8fa10f0410c6f183678a3c6c59ada1011aaa8065df0030c11e79b4d6be56,010100000b6d5f626f6b756a6f30315f,,,,,False,,,,,,,,,,False,False
/a/0/4/1,/a/0/4/1!/member_00129,0,/a/0/4/1,170,129,,8928,8944,6572,6588,16,6676136a5c148437a7486a21133591df8eb25b0497ea91be1238e38f821ac72e,01010000096d5f6e61796130315f1701,,,,,False,,,,,,,,,,False,False
/a/0/4/1,/a/0/4/1!/member_00130,0,/a/0/4/1,170,130,,8944,8960,6588,6604,16,1417d2730f607e539f43e6f525f2f63d2e254707a23bac60c62b499a5e3716ed,01010000096d5f73757a7530325fe600,,,,,False,,,,,,,,,,False,False
/a/0/4/1,/a/0/4/1!/member_00131,0,/a/0/4/1,170,131,,8960,8977,6604,6621,17,0b1cd0789ed7d6279974c44307ecf5b676912601f0dd134833e1414734c3b632,010100000a6d5f64756e323730375ff1,,,,,False,,,,,,,,,,False,False
/a/0/4/1,/a/0/4/1!/member_00132,0,/a/0/4/1,170,132,,8980,9003,6624,6647,23,0058779cc0abd9256dada95cc3f10cf74c388081cd60ba921e92ce3a602a37d9,020200000a6d5f64756e333930315f1d,,,,,False,,,,,,,,,,False,False
/a/0/4/1,/a/0/4/1!/member_00133,0,/a/0/4/1,170,133,,9004,9023,6648,6667,19,5cfaec57353fd4a5796d6aac1a6950e8df9ea73a5d81e441258884dfcd0bcd00,010200000a6d5f64756e333930325f21,,,,,False,,,,,,,,,,False,False
/a/0/4/1,/a/0/4/1!/member_00134,0,/a/0/4/1,170,134,,9024,9043,6668,6687,19,acecc3eea33db8dca7968bf2d1ba774e777aac2ade476602a1ece8f066595ce3,020100000a6d5f64756e333930335f23,,,,,False,,,,,,,,,,False,False
/a/0/4/1,/a/0/4/1!/member_00135,0,/a/0/4/1,170,135,,9044,9061,6688,6705,17,8081da7dd0337cf1b97fff3c52e9f96e6b5615f77a0e61bd46561532fc3896d2,010100000a6d5f64756e333930345f25,,,,,False,,,,,,,,,,False,False
/a/0/4/1,/a/0/4/1!/member_00136,0,/a/0/4/1,170,136,,9064,9080,6708,6724,16,df4e9063804de31710c29a58bad07c9135a1b0a821359ca63d2040de89f0329f,01010000096d5f7265737430315fe800,,,,,False,,,,,,,,,,False,False
/a/0/4/1,/a/0/4/1!/member_00137,0,/a/0/4/1,170,137,,9080,9096,6724,6740,16,98c0aa3afc4dcdc27f5faf2a1fc8a8e619d9e3c2a29b5f2f8002656d217c3f2a,01010000096d5f706f727430315fe900,,,,,False,,,,,,,,,,False,False
/a/0/4/1,/a/0/4/1!/member_00138,0,/a/0/4/1,170,138,,9096,9115,6740,6759,19,2ede4d77e6dc46661335c3c951e2841fc1546ec7c497240e26a7b9bb413897d1,010100000c6d5f70726573656e743031,,,,,False,,,,,,,,,,False,False
/a/0/4/1,/a/0/4/1!/member_00139,0,/a/0/4/1,170,139,,9116,9132,6760,6776,16,1454cc966ca187ef6c937300c3ff2d44423b29d307c059cffa988319701f024f,01010000096d5f6472756730315fea00,,,,,False,,,,,,,,,,False,False
/a/0/4/1,/a/0/4/1!/member_00140,0,/a/0/4/1,170,140,,9132,9148,6776,6792,16,2a87f4d6c7b3239ecb5d25acdd0498097024b1a298cbd9032a885d39269461cc,01010000096d5f6e616d6530315f1801,,,,,False,,,,,,,,,,False,False
/a/0/4/1,/a/0/4/1!/member_00141,0,/a/0/4/1,170,141,,9148,9171,6792,6815,23,5e961a807d3c6766ba82659dcec46e38ae4f51be8ac7a3447c4cf41543733ec1,020200000a6d5f64756e343030315f26,,,,,False,,,,,,,,,,False,False
/a/0/4/1,/a/0/4/1!/member_00142,0,/a/0/4/1,170,142,,9172,9199,6816,6843,27,d246fc5ae225099e94d046232712e93d6c2895ce90b7b89adba5343c51688902,030200000a6d5f64756e343030325f2a,,,,,False,,,,,,,,,,False,False
/a/0/4/1,/a/0/4/1!/member_00143,0,/a/0/4/1,170,143,,9200,9223,6844,6867,23,92e8727bde51fea188d0c334e862a026c4d86ab66756e35ac5baaf2223225a68,020200000a6d5f64756e343030345f31,,,,,False,,,,,,,,,,False,False
/a/0/4/1,/a/0/4/1!/member_00144,0,/a/0/4/1,170,144,,9224,9243,6868,6887,19,92ee625443278276396fa9eb1fe1c327c4cda76cfe81889bc87ca020dd77e9b2,010200000a6d5f64756e343030375f37,,,,,False,,,,,,,,,,False,False
/a/0/4/1,/a/0/4/1!/member_00145,0,/a/0/4/1,170,145,,9244,9261,6888,6905,17,336c9083ec3d3169518cfacf5bead744db06c6ad3e3ee10f609d8f12475491df,010100000a6d5f64756e343430315f66,,,,,False,,,,,,,,,,False,False
/a/0/4/1,/a/0/4/1!/member_00146,0,/a/0/4/1,170,146,,9264,9287,6908,6931,23,b3a6543a81c60c3a9309a635e955916e8dfcfce43dc43a84d919e134f4e84edc,020200000a6d5f64756e343430325f67,,,,,False,,,,,,,,,,False,False
/a/0/4/1,/a/0/4/1!/member_00147,0,/a/0/4/1,170,147,,9288,9304,6932,6948,16,4cfc070c39d4e74dfee4bdb6caaa7dc49653923e5f7264022a9e0f43d9d504b2,01010000096d5f7765656b30315f1901,,,,,False,,,,,,,,,,False,False
/a/0/4/1,/a/0/4/1!/member_00148,0,/a/0/4/1,170,148,,9304,9320,6948,6964,16,cbdb2bec7b8c5e68e96ac2163b530243360be90ad3156793fff29b84c2c8386c,01010000096d5f6c65616730315ff100,,,,,False,,,,,,,,,,False,False
/a/0/4/1,/a/0/4/1!/member_00149,0,/a/0/4/1,170,149,,9320,9338,6964,6982,18,036427c74ef76b5db78c38a955cf5981adefce146c688ea2321f619177206115,010100000b6d5f736872696e6530315f,,,,,False,,,,,,,,,,False,False
/a/0/4/1,/a/0/4/1!/member_00150,0,/a/0/4/1,170,150,,9340,9359,6984,7003,19,1e3a45d95827526f172d2021e7bcf288377f3700cdf44b21f9d034b6bd508d26,010100000c6d5f636f756e7465723031,,,,,False,,,,,,,,,,False,False
/a/0/4/1,/a/0/4/1!/member_00151,0,/a/0/4/1,170,151,,9360,9379,7004,7023,19,b253f0f4a3ce32bcad3e1545030e02852e63375fe1fb8d186fe63e88fbad055f,020100000a6d5f64756e343530315f6b,,,,,False,,,,,,,,,,False,False
/a/0/4/1,/a/0/4/1!/member_00152,0,/a/0/4/1,170,152,,9380,9403,7024,7047,23,8d696ab5b2b8c2f78d0d9358fef59f15e5b163eb64b0d28e59bfc3d9ecad7a2c,020200000a6d5f64756e343830315f7a,,,,,False,,,,,,,,,,False,False
/a/0/4/1,/a/0/4/1!/member_00153,0,/a/0/4/1,170,153,,9404,9427,7048,7071,23,fa95df52188c994c26d01c036929dd1e27105a4b87e9017b693d9d783b299418,020200000a6d5f64756e343930315f7e,,,,,False,,,,,,,,,,False,False
/a/0/4/1,/a/0/4/1!/member_00154,0,/a/0/4/1,170,154,,9428,9449,7072,7093,21,83a9c3429be465ef46afd32f4c231c142fd88f7558ab576641aeda10d42eac91,020100000c6d5f7073656e7472793031,,,,,False,,,,,,,,,,False,False
/a/0/4/1,/a/0/4/1!/member_00155,0,/a/0/4/1,170,155,,9452,9473,7096,7117,21,efe3503afae62f9a2dc5f9500425ef6369f24cac609d80452770ecf880634bb6,020100000c6d5f70737374616e643031,,,,,False,,,,,,,,,,False,False
/a/0/4/1,/a/0/4/1!/member_00156,0,/a/0/4/1,170,156,,9476,9493,7120,7137,17,a94418a87fc421b05af7c6db0f96b31d196eb15481c3fb3273363d41da1839ff,010100000a6d5f707377617930315f1e,,,,,False,,,,,,,,,,False,False
/a/0/4/1,/a/0/4/1!/member_00157,0,/a/0/4/1,170,157,,9496,9514,7140,7158,18,43a14f09b1e15faafd32acc583203d83545c75c1adb49507c238f7b1a904f34d,010100000b6d5f70736d75736530315f,,,,,False,,,,,,,,,,False,False
/a/0/4/1,/a/0/4/1!/member_00158,0,/a/0/4/1,170,158,,9516,9534,7160,7178,18,e6d7c9b8cbb701e8da85c08b80eac4effb816351671805e97e3e4e8f9c3ef92c,010100000b6d5f70736d75736530325f,,,,,False,,,,,,,,,,False,False
/a/0/4/1,/a/0/4/1!/member_00159,0,/a/0/4/1,170,159,,9536,9554,7180,7198,18,475d412fe680aeddfd6d9702cb2068b211b721f9a6d1f05952a56e7ddc256d2c,010100000b6d5f70736d75736530335f,,,,,False,,,,,,,,,,False,False
/a/0/4/1,/a/0/4/1!/member_00160,0,/a/0/4/1,170,160,,9556,9574,7200,7218,18,5c91086cc23bea94ab4f827c6644fabb4260e0bf70cb71ab3c6ed068d26818e2,010100000b6d5f70736d75736530345f,,,,,False,,,,,,,,,,False,False
/a/0/4/1,/a/0/4/1!/member_00161,0,/a/0/4/1,170,161,,9576,9599,7220,7243,23,d1d09a0408e779477a481e963916ce67c96e6f330bfd32d2ec358ae8c960c404,020200000a6d5f64756e343330315f5a,,,,,False,,,,,,,,,,False,False
/a/0/4/1,/a/0/4/1!/member_00162,0,/a/0/4/1,170,162,,9600,9623,7244,7267,23,6fadd19c979892a44c218c003a6e7d6f6327986199c296c26b16e1f0f8b892b5,020200000a6d5f64756e343330325f5e,,,,,False,,,,,,,,,,False,False
/a/0/4/1,/a/0/4/1!/member_00163,0,/a/0/4/1,170,163,,9624,9647,7268,7291,23,771126dda480c4b130b12c5868ca8f89bb14457823a5867f29c7025933ddafff,020200000a6d5f64756e343330335f62,,,,,False,,,,,,,,,,False,False
/a/0/4/1,/a/0/4/1!/member_00164,0,/a/0/4/1,170,164,,9648,9665,7292,7309,17,5eebcabb4b2a15ea75149ffae77340e61adf2f22b321601d6e78a54ec6256b04,010100000a6d5f64756e343530325f6d,,,,,False,,,,,,,,,,False,False
/a/0/4/1,/a/0/4/1!/member_00165,0,/a/0/4/1,170,165,,9668,9683,7312,7327,15,b30fc1b6c1b9e4622c763f4590819c75e22b7dcea0a694f4993da553dceeb221,01010000086d5f676f6630315f2301,,,,,False,,,,,,,,,,False,False
/a/0/4/1,/a/0/4/1!/member_00166,0,/a/0/4/1,170,166,,9684,9699,7328,7343,15,6449ba0739f9fc0eb97ca7c76652cd06694fe2b1bcbab71c333b89caf0b433c2,01010000086d5f676f6630325f2401,,,,,False,,,,,,,,,,False,False
/a/0/4/1,/a/0/4/1!/member_00167,0,/a/0/4/1,170,167,,9700,9715,7344,7359,15,faa38fab57895f5a86525fc60cbe787a9874cbba50eebfa6c0249578bec4bba6,01010000086d5f676f6630335f2501,,,,,False,,,,,,,,,,False,False
/a/0/4/1,/a/0/4/1!/member_00168,0,/a/0/4/1,170,168,,9716,9731,7360,7375,15,0ca4465816e8e9a860d6d8d0e34d0e46551858e5243ae005deea41f782df97a9,01010000086d5f676f6630345f2601,,,,,False,,,,,,,,,,False,False
/a/0/4/1,/a/0/4/1!/member_00169,0,/a/0/4/1,170,169,,9732,9749,7376,7393,17,8725078c9953b8aaa86bbd863d90d0eaed2965059d2b73cd3277d786695a8867,010100000a6d5f6368616d7030315f27,,,,,False,,,,,,,,,,False,False
/a/0/4/1,/a/0/4/1!/member_00170,0,/a/0/4/1,170,170,,9752,9767,7396,7411,15,a56aa19ec6ffb6c26e06bb2fb26a5b56eb9f7f69771fd0a00dfa6484a6baaf8d,01010000086d5f686f6630315f2801,,,,,False,,,,,,,,,,False,False
/a/0/4/1,/a/0/4/1!/member_00171,0,/a/0/4/1,170,171,,9768,9786,7412,7430,18,538256eae67622dd0b8723761db701921a6b93e7b0a855f85be77b8e813d740b,02010000096d5f6171756130315f8302,,,,,False,,,,,,,,,,False,False
/a/0/4/1,/a/0/4/1!/member_00172,0,/a/0/4/1,170,172,,9788,9804,7432,7448,16,bce6e8ecdcaed449945a2f7811c5f82bb85b3babfc7956157aee7b2b5204aea3,01010000096d5f6171756130325f8502,,,,,False,,,,,,,,,,False,False
/a/0/4/1,/a/0/4/1!/member_00173,0,/a/0/4/1,170,173,,9804,9820,7448,7464,16,85953c480c0cd2c839f8276833209713ac1c730a01f379eec66c0f965d9a239d,01010000096d5f6171756130335f8602,,,,,False,,,,,,,,,,False,False
/a/0/4/1,/a/0/4/1!/member_00174,0,/a/0/4/1,170,174,,9820,9836,7464,7480,16,b1982de00ff2f565944b9b531a09036db15714a94324ebe0b4a17001e8fc1451,01010000096d5f6171756130345f8702,,,,,False,,,,,,,,,,False,False
/a/0/4/1,/a/0/4/1!/member_00175,0,/a/0/4/1,170,175,,9836,9852,7480,7496,16,502858360f176703e1e86a65c19bdff99628d9c48ce0d49143536691faf9c543,01010000096d5f6171756130355f8802,,,,,False,,,,,,,,,,False,False
/a/0/4/1,/a/0/4/1!/member_00176,0,/a/0/4/1,170,176,,9852,9868,7496,7512,16,5547160b0d124ea1dcc421888a1c25c03b75dff264b272440ed1f072d825689a,01010000096d5f6171756130365f8902,,,,,False,,,,,,,,,,False,False
/a/0/4/1,/a/0/4/1!/member_00177,0,/a/0/4/1,170,177,,9868,9886,7512,7530,18,8936b976265766b43bdb7c3651022c2f85b2eb8572318e09a6cc21eaf8ee4405,02010000096d5f6171756130375f8a02,,,,,False,,,,,,,,,,False,False
/a/0/4/1,/a/0/4/1!/member_00178,0,/a/0/4/1,170,178,,9888,9906,7532,7550,18,590491941b9d3ace2475746382cfba2ec8a1c7983e540be67c3b33cb5d6a5ed6,02010000096d5f706f727430325f2901,,,,,False,,,,,,,,,,False,False
/a/0/4/1,/a/0/4/1!/member_00179,0,/a/0/4/1,170,179,,9908,9924,7552,7568,16,6f70a3ecb59e33e23a04ea2abf4d4ec1487f8a3aeada3eeb3d6d46a4f4725a21,01010000096d5f67726f7730315fe100,,,,,False,,,,,,,,,,False,False
/a/0/4/1,/a/0/4/1!/member_00180,0,/a/0/4/1,170,180,,9924,9941,7568,7585,17,5d7c0187a26c0b9136c51c8b915fc240f32fb494193c45628c14db3565ca4fdd,010100000a6d5f64756e323431305fdc,,,,,False,,,,,,,,,,False,False
/a/0/4/1,/a/0/4/1!/member_00181,0,/a/0/4/1,170,181,,9944,9961,7588,7605,17,abc5240f91b4cf5405a13fa8cbaed8a9d753058bb5789357b78e393aa248f263,010100000a6d5f64756e323431315fdd,,,,,False,,,,,,,,,,False,False
/a/0/4/1,/a/0/4/1!/member_00182,0,/a/0/4/1,170,182,,9964,9981,7608,7625,17,6887308e0108f14e8b6204f56fb817fe8367c4f29891be94841ef4edeeee8a35,010100000a6d5f64756e323431325fde,,,,,False,,,,,,,,,,False,False
/a/0/4/1,/a/0/4/1!/member_00183,0,/a/0/4/1,170,183,,9984,10001,7628,7645,17,17e413e725889d0ba0115339cc2fb9fc50a443313d632799e7c7348e80b06142,010100000a6d5f64756e313731325fc0,,,,,False,,,,,,,,,,False,False
/a/0/4/1,/a/0/4/1!/member_00184,0,/a/0/4/1,170,184,,10004,10021,7648,7665,17,0544e33448e3c60572225aee2e58efbea89c990aa8aef2e5d95b3aa9d34cd07a,010100000a6d5f64756e353030315f82,,,,,False,,,,,,,,,,False,False
/a/0/4/1,/a/0/4/1!/member_00185,0,/a/0/4/1,170,185,,10024,10040,7668,7684,16,c99dd955fd5fe09ee31c06990e8663dc6323e5589e36a2885d2a933643bebfd6,01010000096d5f6c6f766530315f2b01,,,,,False,,,,,,,,,,False,False
/a/0/4/1,/a/0/4/1!/member_00186,0,/a/0/4/1,170,186,,10040,10056,7684,7700,16,add4973ca51a9e865998bab0766da12c4b8ce69ba26c0b50dc5fe7192f86431f,01010000096d5f706f727430335f2c01,,,,,False,,,,,,,,,,False,False
/a/0/4/1,/a/0/4/1!/member_00187,0,/a/0/4/1,170,187,,10056,10075,7700,7719,19,d4cb652b6942db50f52e3cbd640a39b23d2f603cf1e0d39bc47302cb6527704c,010100000c6d5f73746174696f6e3033,,,,,False,,,,,,,,,,False,False
/a/0/4/1,/a/0/4/1!/member_00188,0,/a/0/4/1,170,188,,10076,10095,7720,7739,19,006ae9accd9e9072c3f192139d68818ed4cde91541ba02493be788d133e06889,010100000c6d5f73746174696f6e3034,,,,,False,,,,,,,,,,False,False
/a/0/4/1,/a/0/4/1!/member_00189,0,/a/0/4/1,170,189,,10096,10113,7740,7757,17,aa3e3c022c99f81571b203ab95d4f0cd7bb02756d3d276c60cf28e5df32b693f,010100000a6d5f73796c706830315f2f,,,,,False,,,,,,,,,,False,False
/a/0/4/1,/a/0/4/1!/member_00190,0,/a/0/4/1,170,190,,10116,10132,7760,7776,16,b27b03dac7ec0bc3e65337e6f6dbdea78f504ca7549138fe6fc3a6bc3a0a14a2,01010000096d5f6275696c30375f3001,,,,,False,,,,,,,,,,False,False
/a/0/4/1,/a/0/4/1!/member_00191,0,/a/0/4/1,170,191,,10132,10148,7776,7792,16,f57a187bee576388693e1e24299fc910bf6de2a0176c2f60b21e7770398a610c,01010000096d5f6275696c30385f3101,,,,,False,,,,,,,,,,False,False
/a/0/4/1,/a/0/4/1!/member_00192,0,/a/0/4/1,170,192,,10148,10165,7792,7809,17,d0526a98a64ebcfb536a9f1f26d36be7ce5dade94790107753a9bc0c5e1e77ca,010100000a6d5f666967687430315f32,,,,,False,,,,,,,,,,False,False
/a/0/4/1,/a/0/4/1!/member_00193,0,/a/0/4/1,170,193,,10168,10186,7812,7830,18,93bdfe1dcc736f6eba8b0b43f50a97fd3868d68a4aefd79074850b08bf70caca,010100000b6d5f70686f75736530315f,,,,,False,,,,,,,,,,False,False
/a/0/4/1,/a/0/4/1!/member_00194,0,/a/0/4/1,170,194,,10188,10204,7832,7848,16,fe65d4988c5adf9cbc7f6da409e6081f5165e6456fbabc50907d7b65f94c3933,01010000096d5f736f756c30315f3401,,,,,False,,,,,,,,,,False,False
/a/0/4/1,/a/0/4/1!/member_00195,0,/a/0/4/1,170,195,,10204,10221,7848,7865,17,65c772cb931fc1bd46aa6a554c5463a68c8d63d17b65734c5d25fe1f270e5a0d,010100000a6d5f726164696f30315f35,,,,,False,,,,,,,,,,False,False
/a/0/4/1,/a/0/4/1!/member_00196,0,/a/0/4/1,170,196,,10224,10242,7868,7886,18,05d7beeb5d6379bed3436b2507b2912d21a1025b3aa8f5670c078db44866f3ec,010100000b6d5f70736761746530315f,,,,,False,,,,,,,,,,False,False
/a/0/4/1,/a/0/4/1!/member_00197,0,/a/0/4/1,170,197,,10244,10259,7888,7903,15,63f3a2f0cb58428ed7c2fc845910b50fbd0c0809c3139475ac93bea4b6d36a2d,01010000086d5f73616630315f8c02,,,,,False,,,,,,,,,,False,False
/a/0/4/1,/a/0/4/1!/member_00198,0,/a/0/4/1,170,198,,10260,10275,7904,7919,15,0ab6d6c7cfb304e7a2925d9a9b1f310b3d59ba85a08e09b71c51ebe6d7c5ba7d,01010000086d5f73616630325f8d02,,,,,False,,,,,,,,,,False,False
/a/0/4/1,/a/0/4/1!/member_00199,0,/a/0/4/1,170,199,,10276,10291,7920,7935,15,4e71e1bb19a6ef4a2fe365078bcf1afcb4967f76b529ae7ff5248799cb0a85a4,01010000086d5f73616630335f8e02,,,,,False,,,,,,,,,,False,False
/a/0/4/1,/a/0/4/1!/member_00200,0,/a/0/4/1,170,200,,10292,10307,7936,7951,15,491c4417f7c8358dd4b198a9be824ea2532c51293662665cbfe7f21c8733a3ff,01010000086d5f73616630345f8f02,,,,,False,,,,,,,,,,False,False
/a/0/4/1,/a/0/4/1!/member_00201,0,/a/0/4/1,170,201,,10308,10323,7952,7967,15,68daece20b755b2698a774c2461048bc1bbe0c2d68a734d7f986099896ca5384,01010000086d5f73616630355f9002,,,,,False,,,,,,,,,,False,False
/a/0/4/1,/a/0/4/1!/member_00202,0,/a/0/4/1,170,202,,10324,10339,7968,7983,15,74344ebcb312b4052bbd809d9b091154127e165dfe8ea836a560f4935f477f28,01010000086d5f73616630365f9102,,,,,False,,,,,,,,,,False,False
/a/0/4/1,/a/0/4/1!/member_00203,0,/a/0/4/1,170,203,,10340,10355,7984,7999,15,1e21527c3ecca517df19efd081bbef4da14db783089be9f352d047a8844c5ad0,01010000086d5f73616630375f9202,,,,,False,,,,,,,,,,False,False
/a/0/4/1,/a/0/4/1!/member_00204,0,/a/0/4/1,170,204,,10356,10371,8000,8015,15,10e833ee69d21a32cb353833958549a15886e3387def2f0bf249b3e0dbd7c0d7,01010000086d5f73616630385f9302,,,,,False,,,,,,,,,,False,False
/a/0/4/1,/a/0/4/1!/member_00205,0,/a/0/4/1,170,205,,10372,10387,8016,8031,15,652c320221bbaefb877de31f662505a7c434a931aa8d643ec2f5abf873ffa2ff,01010000086d5f73616630395f9402,,,,,False,,,,,,,,,,False,False
/a/0/4/1,/a/0/4/1!/member_00206,0,/a/0/4/1,170,206,,10388,10403,8032,8047,15,611a03cb7eef1e167971ea34276bf9c3a914b106cbfd26ab3c08296f508bfcbc,01010000086d5f73616631305f9502,,,,,False,,,,,,,,,,False,False
/a/0/4/1,/a/0/4/1!/member_00207,0,/a/0/4/1,170,207,,10404,10419,8048,8063,15,57ba58575a615018575f562b2c64267a1e23902e06282a78ca49f0b95fa39496,01010000086d5f73616631315f9602,,,,,False,,,,,,,,,,False,False
/a/0/4/1,/a/0/4/1!/member_00208,0,/a/0/4/1,170,208,,10420,10435,8064,8079,15,d9969e3d8b72df7c957177d35766c6e11bba70954711a34c9007eebc0ce8702e,01010000086d5f73616631325f9702,,,,,False,,,,,,,,,,False,False
/a/0/4/1,/a/0/4/1!/member_00209,0,/a/0/4/1,170,209,,10436,10451,8080,8095,15,467af6a5370cfb3334a3c37e1fd54b8e753a53e224928badd3e0882bc7144915,01010000086d5f73616631335f9802,,,,,False,,,,,,,,,,False,False
/a/0/4/1,/a/0/4/1!/member_00210,0,/a/0/4/1,170,210,,10452,10467,8096,8111,15,b8bace6b16e1b8d10a4d09500e1320a4f3e246575b3de68aa286322acec58347,01010000086d5f73616631345f9902,,,,,False,,,,,,,,,,False,False
/a/0/4/1,/a/0/4/1!/member_00211,0,/a/0/4/1,170,211,,10468,10486,8112,8130,18,0dfcb386cf9b16762656a2a077571a5201b7fb55d28062f3f5cb6326f85e956a,02010000096d5f706f727430345f3701,,,,,False,,,,,,,,,,False,False
/a/0/4/1,/a/0/4/1!/member_00212,0,/a/0/4/1,170,212,,10488,10602,8132,8246,114,1a2beccf731759e2d7d1f76c967ef07ae4ae559b1788aa2274452523b28288a4,05040101096d5f7361666172695f0000,,,,,False,,,,,,,,,,False,False
/a/0/4/1,/a/0/4/1!/member_00213,0,/a/0/4/1,170,213,,10604,10620,8248,8264,16,f2c17bbfd672e589d7934d0da5167c0bd96b88ca0fd79ca35c31cee01ddd734a,01010000096d5f67616d6530325f4001,,,,,False,,,,,,,,,,False,False
/a/0/4/1,/a/0/4/1!/member_00214,0,/a/0/4/1,170,214,,10620,10636,8264,8280,16,0b75ede8590d0decb9cdfe8a3a2dc62cfe830049e84efc3aa62febed98e73d11,01010000096d5f67616d6530335f4101,,,,,False,,,,,,,,,,False,False
/a/0/4/1,/a/0/4/1!/member_00215,0,/a/0/4/1,170,215,,10636,10654,8280,8298,18,04c61a7c2a799f980f85cec7b247f4cde7b19829eb5ceac82056ee0a1821fb4c,010100000b6d5f64657061727431315f,,,,,False,,,,,,,,,,False,False
/a/0/4/1,/a/0/4/1!/member_00216,0,/a/0/4/1,170,216,,10656,10674,8300,8318,18,d4a6c159d31243dbac062825545a256627e5d1c89bd5e581b3b1d2441600f52a,010100000b6d5f64657061727431325f,,,,,False,,,,,,,,,,False,False
/a/0/4/1,/a/0/4/1!/member_00217,0,/a/0/4/1,170,217,,10676,10694,8320,8338,18,00b70000cca0f6b1d7088001d55944be857c1caf2246c609c7ebd5a2de8e08e6,010100000b6d5f64657061727431335f,,,,,False,,,,,,,,,,False,False
/a/0/4/1,/a/0/4/1!/member_00218,0,/a/0/4/1,170,218,,10696,10714,8340,8358,18,12aca028f9f8f784c4f107525ac7dd9bcc3ee6a7a8d915aa5b517222a64704a5,010100000b6d5f64657061727431345f,,,,,False,,,,,,,,,,False,False
/a/0/4/1,/a/0/4/1!/member_00219,0,/a/0/4/1,170,219,,10716,10734,8360,8378,18,c9ca87876b550fadfa95a1278194efd6312e1f4034134d6db8d0e4228079ca43,010100000b6d5f64657061727431355f,,,,,False,,,,,,,,,,False,False
/a/0/4/1,/a/0/4/1!/member_00220,0,/a/0/4/1,170,220,,10736,10754,8380,8398,18,946f6c342e70c5cb1abc087fd2fb633b270f5af062aafe2a8deaacdbe37d9a72,010100000b6d5f64657061727431365f,,,,,False,,,,,,,,,,False,False
/a/0/4/1,/a/0/4/1!/member_00221,0,/a/0/4/1,170,221,,10756,10772,8400,8416,16,bd235ba727089aa5378a0f8db2d7822cdd68f42bb5ac6860a5ea186b556636b3,01010000096d5f666c617430315f4801,,,,,False,,,,,,,,,,False,False
/a/0/4/1,/a/0/4/1!/member_00222,0,/a/0/4/1,170,222,,10772,10788,8416,8432,16,5c31c6de7adeb081e2b977c3131da0154c90179f81aedb9436e29ff199094a02,01010000096d5f666c617430325f4901,,,,,False,,,,,,,,,,False,False
/a/0/4/1,/a/0/4/1!/member_00223,0,/a/0/4/1,170,223,,10788,10804,8432,8448,16,31027bed9bb585933427b5a65be79dc897dbe5c673503ce9ebe8a988c52b29ca,01010000096d5f666c617430335f4a01,,,,,False,,,,,,,,,,False,False
/a/0/4/1,/a/0/4/1!/member_00224,0,/a/0/4/1,170,224,,10804,10820,8448,8464,16,6b127a1024d9d3f60fce8d39b409bf8d1b768ab2b69442fbe5d8197bd32a3db3,01010000096d5f666c617430345f4b01,,,,,False,,,,,,,,,,False,False
/a/0/4/1,/a/0/4/1!/member_00225,0,/a/0/4/1,170,225,,10820,10836,8464,8480,16,eb0cccb78201a790be2dd373ac8d3f24a201025e90976fd1343d73b15e5c0e66,01010000096d5f666c617430355f4c01,,,,,False,,,,,,,,,,False,False
/a/0/4/1,/a/0/4/1!/member_00226,0,/a/0/4/1,170,226,,10836,10852,8480,8496,16,325e790006f8f6a5a598be3b57fc7a01dec7285b32e8fcc21e57cfb9df92036a,01010000096d5f7265737430325f4d01,,,,,False,,,,,,,,,,False,False
/a/0/4/1,/a/0/4/1!/member_00227,0,/a/0/4/1,170,227,,10852,10871,8496,8515,19,ca86e1145ef7f44ed222983988dedff8a6f4e58ad144a1ef5279f70359e407a2,010100000c6d5f736166676174653031,,,,,False,,,,,,,,,,False,False
/a/0/4/1,/a/0/4/1!/member_00228,0,/a/0/4/1,170,228,,10872,10889,8516,8533,17,9445c6e2c551e63aa94a1e2570369faf7b58e080cd87fe563b5356581fc3fc10,010100000a6d5f67796d303730325f4f,,,,,False,,,,,,,,,,False,False
/a/0/4/1,/a/0/4/1!/member_00229,0,/a/0/4/1,170,229,,10892,10909,8536,8553,17,a9962f87837c55cbe0fc1e8c3dd0c0e0e5de25d1308db2e1bfde70373f5fde6a,010100000a6d5f67796d303730335f50,,,,,False,,,,,,,,,,False,False
/a/0/4/1,/a/0/4/1!/member_00230,0,/a/0/4/1,170,230,,10912,10945,8556,8589,33,e29287191996548382a586b0fa0ec67f84af59818fe357db0b9b6513a213891b,030300000a6d5f64756e333230315f51,,,,,False,,,,,,,,,,False,False
/a/0/4/1,/a/0/4/1!/member_00231,0,/a/0/4/1,170,231,,10948,10965,8592,8609,17,cb87f681ece165061475885459151c25760f162d15c23c1b63372a2918d4b47b,010100000a6d5f62666c6f6262795f52,,,,,False,,,,,,,,,,False,False
/a/0/4/1,/a/0/4/1!/member_00232,0,/a/0/4/1,170,232,,10968,10985,8612,8629,17,1d5c796c139061c5d5d1eaeb4b1f2cbbf69cd15921af600c13547a50e8bb3ec3,010100000a6d5f746f77657230315f53,,,,,False,,,,,,,,,,False,False
/a/0/4/1,/a/0/4/1!/member_00233,0,/a/0/4/1,170,233,,10988,11002,8632,8646,14,d28b789f8836475ad1552ec94685fc66a9844b2097a1b451e12f01eb79e9e497,01010000076d5f626630325f5401,,,,,False,,,,,,,,,,False,False
/a/0/4/1,/a/0/4/1!/member_00234,0,/a/0/4/1,170,234,,11004,11018,8648,8662,14,076875e784a07cf1d3014f2096b9854374d74f2746c441914b7291db2a0a5578,01010000076d5f626630335f5501,,,,,False,,,,,,,,,,False,False
/a/0/4/1,/a/0/4/1!/member_00235,0,/a/0/4/1,170,235,,11020,11034,8664,8678,14,771e51738181cad364d8db5b3614a217de4ee865d47ccc12d66ec042897a6586,01010000076d5f626630345f5601,,,,,False,,,,,,,,,,False,False
/a/0/4/1,/a/0/4/1!/member_00236,0,/a/0/4/1,170,236,,11036,11050,8680,8694,14,61608d432308cd5321ff1955ea3aa1daaa45fce6dd5eb0fe25512e98167291ed,01010000076d5f626630355f5701,,,,,False,,,,,,,,,,False,False
/a/0/4/1,/a/0/4/1!/member_00237,0,/a/0/4/1,170,237,,11052,11068,8696,8712,16,4260476eb4fd108599b9da1738f0d61d2afba0f30b9e52a2a23ad9965ff7621e,01010000096d5f7769666930315f5801,,,,,False,,,,,,,,,,False,False
/a/0/4/1,/a/0/4/1!/member_00238,0,/a/0/4/1,170,238,,11068,11084,8712,8728,16,e394cfb45d93e032c2b37567b920c0b092b31a4ee787bdfcfe551f9e86b754a0,01010000096d5f7769666930325f5901,,,,,False,,,,,,,,,,False,False
/a/0/4/1,/a/0/4/1!/member_00239,0,/a/0/4/1,170,239,,11084,11100,8728,8744,16,b14b134732f7f530ceb13fce65cf0dc3d0a73c29e98100ef45fabc6a000648be,01010000096d5f7769666930335f5a01,,,,,False,,,,,,,,,,False,False
/a/0/4/1,/a/0/4/1!/member_00240,0,/a/0/4/1,170,240,,11100,11119,8744,8763,19,b6e7154305b05e6980323cf8b87496d5bbbb8f5a10d49a7d88316131275eb014,010200000a6d5f64756e333230325f64,,,,,False,,,,,,,,,,False,False
/a/0/4/1,/a/0/4/1!/member_00241,0,/a/0/4/1,170,241,,11120,11137,8764,8781,17,e901ae6da74098c6d81f0a77cfb8d2a3a34b1b3fe7aa2b05b1b684b1520b75a9,010100000a6d5f73796c706830325f63,,,,,False,,,,,,,,,,False,False
/a/0/4/1,/a/0/4/1!/member_00242,0,/a/0/4/1,170,242,,11140,11158,8784,8802,18,cad0a32621200f3182d968b169b93a85d7500afb1766cf47afcda8b8c5deead9,010100000b6d5f6d757365756d30315f,,,,,False,,,,,,,,,,False,False
/a/0/4/1,/a/0/4/1!/member_00243,0,/a/0/4/1,170,243,,11160,11175,8804,8819,15,90147a9b9a68b8f2dacc011df72bd1c6566ae6576f27d99415579842ed97daa7,01010000086d5f70616c30315f6701,,,,,False,,,,,,,,,,False,False
/a/0/4/1,/a/0/4/1!/member_00244,0,/a/0/4/1,170,244,,11176,11194,8820,8838,18,a594f4c05cea8b1cc3047cd9b9c8838c4b3e09abf710379535d74b4b1c5e83d5,010100000b6d5f74686f75736530315f,,,,,False,,,,,,,,,,False,False
/a/0/4/1,/a/0/4/1!/member_00245,0,/a/0/4/1,170,245,,11196,11214,8840,8858,18,c04b79b6998f5964e08fee6dd23057317f951de13715d4e238568739c3db45aa,010100000b6d5f74686f75736530325f,,,,,False,,,,,,,,,,False,False
/a/0/4/1,/a/0/4/1!/member_00246,0,/a/0/4/1,170,246,,11216,11232,8860,8876,16,68d659b431d9b6ad72c018c435f0ccddd46ee75f787e0346fde2dee67d9b9550,01010000096d5f6868303330315f6a01,,,,,False,,,,,,,,,,False,False
/a/0/4/1,/a/0/4/1!/member_00247,0,/a/0/4/1,170,247,,11232,11248,8876,8892,16,9546ddcb2efa56c6bde856f80c2b6901c85e682bb2585c831a124a0e8cb682c1,01010000096d5f6868303330325f6b01,,,,,False,,,,,,,,,,False,False
/a/0/4/1,/a/0/4/1!/member_00248,0,/a/0/4/1,170,248,,11248,11264,8892,8908,16,7e703142a4527c4c06fddd5beecfb9fa7ef749065f3676981f49750e5cfc1480,01010000096d5f6868303430315f6c01,,,,,False,,,,,,,,,,False,False
/a/0/4/1,/a/0/4/1!/member_00249,0,/a/0/4/1,170,249,,11264,11280,8908,8924,16,fe27311e33bbcf83f578b9af730e533c6b3b16781e7472a50e38cbff258981d5,01010000096d5f6868303430325f6d01,,,,,False,,,,,,,,,,False,False
/a/0/4/1,/a/0/4/1!/member_00250,0,/a/0/4/1,170,250,,11280,11293,8924,8937,13,9a9ff0539fb6b1a6a124df012396b4f6d2a8a9ea5b1a3c4d3121d766f94c1d09,01010000066d5f6831305f6e01,,,,,False,,,,,,,,,,False,False
/a/0/4/1,/a/0/4/1!/member_00251,0,/a/0/4/1,170,251,,11296,11311,8940,8955,15,376e92da4b309fc84b0680eeeba3e65966bf4e46c1d6d700dfb06ea61dc1ae42,01010000086d5f706f7765725f6f01,,,,,False,,,,,,,,,,False,False
/a/0/4/1,/a/0/4/1!/member_00252,0,/a/0/4/1,170,252,,11312,11332,8956,8976,20,376dbe8eda55d80ef88e33689f170bf6482bd145e18e2308caff7e8d33dcc680,010200000b6d5f74756e6e656c30315f,,,,,False,,,,,,,,,,False,False
/a/0/4/1,/a/0/4/1!/member_00253,0,/a/0/4/1,170,253,,11332,11350,8976,8994,18,2d3f1c4efab58ec39fe62dd8d9571c994b6792681664a4c580417eb971fa57b9,010100000b6d5f74756e6e656c30325f,,,,,False,,,,,,,,,,False,False
/a/0/4/1,/a/0/4/1!/member_00254,0,/a/0/4/1,170,254,,11352,11368,8996,9012,16,efb73bebd9ca2a79ee62c014617e61edd9b4a26f5edce9e45a2d336e1901c0ca,01010000096d5f6d6973616b695f7201,,,,,False,,,,,,,,,,False,False
/a/0/4/1,/a/0/4/1!/member_00255,0,/a/0/4/1,170,255,,11368,11385,9012,9029,17,eab7244faca3a6d2a05243c460a293cd654b31228d79ff699e11398a642cfe11,010100000a6d5f67796d303930315f39,,,,,False,,,,,,,,,,False,False
/a/0/4/1,/a/0/4/1!/member_00256,0,/a/0/4/1,170,256,,11388,11405,9032,9049,17,ec2f0c034fdc310562b632e58787fb249d0d0142064f8c693bd6b205dfffea60,010100000a6d5f67796d313030315f3a,,,,,False,,,,,,,,,,False,False
/a/0/4/1,/a/0/4/1!/member_00257,0,/a/0/4/1,170,257,,11408,11425,9052,9069,17,2b451ba45861e85cb4ebee6a7df855157ebd1f3ae34cc7a55fe9cbb7224ce8da,010100000a6d5f67796d313130315f3b,,,,,False,,,,,,,,,,False,False
/a/0/4/1,/a/0/4/1!/member_00258,0,/a/0/4/1,170,258,,11428,11447,9072,9091,19,39e0044c0a3e9f02e7266754af25153dcf375d3aaf00bbae22c6fff7e7de675d,010200000a6d5f67796d313230315f3c,,,,,False,,,,,,,,,,False,False
/a/0/4/1,/a/0/4/1!/member_00259,0,/a/0/4/1,170,259,,11448,11465,9092,9109,17,1dd7d01b458d60a175d8c24f23cee3c5b33faa77658d624b630034a1ed3307e0,010100000a6d5f67796d313330315f3d,,,,,False,,,,,,,,,,False,False
/a/0/4/1,/a/0/4/1!/member_00260,0,/a/0/4/1,170,260,,11468,11485,9112,9129,17,b803d396e1ae3a7ea3c994463108aa6fe6125865912138921c9e73c2e5c081cd,010100000a6d5f67796d313430315f3e,,,,,False,,,,,,,,,,False,False
/a/0/4/1,/a/0/4/1!/member_00261,0,/a/0/4/1,170,261,,11488,11507,9132,9151,19,3e91b57ffc321f92a0c7aad4d37b31087a5eb21c1481e0860382e0314b4c73dd,010200000a6d5f67796d313530315f3f,,,,,False,,,,,,,,,,False,False
/a/0/4/1,/a/0/4/1!/member_00262,0,/a/0/4/1,170,262,,11508,11528,9152,9172,20,d1137c6f71b0350c81ba9047c907b8afa8c99492fbd171846b89f8e05ab22e60,010100000d6d5f656c657661746f7230,,,,,False,,,,,,,,,,False,False
/a/0/4/1,/a/0/4/1!/member_00263,0,/a/0/4/1,170,263,,11528,11545,9172,9189,17,8fd2d34511b37fc1c1e9463151f5586ca955f13cda3243861af95e98dfd7a6eb,010100000a6d5f746f77657230345f75,,,,,False,,,,,,,,,,False,False
/a/0/4/1,/a/0/4/1!/member_00264,0,/a/0/4/1,170,264,,11548,11565,9192,9209,17,c002b877badad3cb39fc7d408c86ff4cc14601a6baa70830e6aff90e3e99e4d3,010100000a6d5f64756e313130365fb0,,,,,False,,,,,,,,,,False,False
/a/0/4/1,/a/0/4/1!/member_00265,0,/a/0/4/1,170,265,,11568,11595,9212,9239,27,17a54cc44fe2c492fd02b88e8d97af9a68f29b8bb703707ce54223d29b572a77,020300000a6d5f64756e343130315f38,,,,,False,,,,,,,,,,False,False
/a/0/4/1,/a/0/4/1!/member_00266,0,/a/0/4/1,170,266,,11596,11619,9240,9263,23,b1eb85620d3321aa74a062df7daf58767672bdebd18c71f6e3151534b2f1802f,020200000a6d5f64756e343130325f3e,,,,,False,,,,,,,,,,False,False
/a/0/4/1,/a/0/4/1!/member_00267,0,/a/0/4/1,170,267,,11620,11643,9264,9287,23,843216f952ea7c6b071ca5df6243fbac6470d1a8c6495b3f1f95506523b8cf22,020200000a6d5f64756e343130335f42,,,,,False,,,,,,,,,,False,False
/a/0/4/1,/a/0/4/1!/member_00268,0,/a/0/4/1,170,268,,11644,11661,9288,9305,17,c1a0f9dacb29a857cab8d6f975fac1681753acc5cd296e5db8a8eee38495e25f,010100000a6d5f64756e343130345f46,,,,,False,,,,,,,,,,False,False
/a/0/4/1,/a/0/4/1!/member_00269,0,/a/0/4/1,170,269,,11664,11681,9308,9325,17,9e7e62b30a422e560bff656dbaba0645329abe3c0d4b0f23cd5569e0f4a3328a,010100000a6d5f64756e343130355f47,,,,,False,,,,,,,,,,False,False
/a/0/4/1,/a/0/4/1!/member_00270,0,/a/0/4/1,170,270,,11684,11707,9328,9351,23,4bda0c5695c2e1fdedff54c531e984bd44565e5b3ae93e2059fab71744229c75,020200000a6d5f64756e343130365f48,,,,,False,,,,,,,,,,False,False
/a/0/4/1,/a/0/4/1!/member_00271,0,/a/0/4/1,170,271,,11708,11727,9352,9371,19,bab39d52f28cd30dc933401fae92b17d07c28327d90f999be53af3988e92d87f,020100000a6d5f64756e343130375f4c,,,,,False,,,,,,,,,,False,False
/a/0/4/1,/a/0/4/1!/member_00272,0,/a/0/4/1,170,272,,11728,11751,9372,9395,23,d81060b46fd668ee29f9a7b6db024ac6a02c04fa8154d5b16bd4bbf980f274ae,020200000a6d5f64756e343130385f4e,,,,,False,,,,,,,,,,False,False
/a/0/4/1,/a/0/4/1!/member_00273,0,/a/0/4/1,170,273,,11752,11767,9396,9411,15,cba261ab5d1d0fb8b86db93479e4efa63f73cfd83cfcadb95f1e2fa02f988ef0,01010000086d5f616c6630315fee00,,,,,False,,,,,,,,,,False,False
/a/0/4/1,/a/0/4/1!/member_00274,0,/a/0/4/1,170,274,,11768,11784,9412,9428,16,20f74cb15939f2ae93fd7d985a736417cf88d9e17a9d4518c7f9716c692f6d99,01010000096d5f62696b6530325f7701,,,,,False,,,,,,,,,,False,False
/a/0/4/1,/a/0/4/1!/member_00275,0,/a/0/4/1,170,275,,11784,11801,9428,9445,17,e608fd731e7cf5ceed70faad821723901c989e4dfbc237ade5d70cd0ed4c8373,010100000a6d5f64756e343030365f36,,,,,False,,,,,,,,,,False,False
/a/0/4/1,/a/0/4/1!/member_00276,0,/a/0/4/1,170,276,,11804,11820,9448,9464,16,9ad28386216e4bbbf778f76db84f3953bb93b37ed1ec70ccd273c2d479ac1bc4,010100000973705f706f7765725f7801,,,,,False,,,,,,,,,,False,False
/a/0/4/1,/a/0/4/1!/member_00277,0,/a/0/4/1,170,277,,11820,11837,9464,9481,17,b78ff38afa36b6dee3ca48eb77c7e120360d65941fe7a820d696466e198a3f93,010100000a6d5f64756e353130315f9f,,,,,False,,,,,,,,,,False,False
/a/0/4/1,/a/0/4/1!/member_00278,0,/a/0/4/1,170,278,,11840,11857,9484,9501,17,62b9cd3b341d47d14077316b95eae53af0cf90c1b32035f42b223ab3b1379f99,010100000a6d5f64756e353130325fa0,,,,,False,,,,,,,,,,False,False
/a/0/4/1,/a/0/4/1!/member_00279,0,/a/0/4/1,170,279,,11860,11877,9504,9521,17,b7122b038573a5386a4ab312a90ac012fdab9e71068f0678f3cd7e3f01570c00,010100000a6d5f64756e353230315fa1,,,,,False,,,,,,,,,,False,False
/a/0/4/1,/a/0/4/1!/member_00280,0,/a/0/4/1,170,280,,11880,11898,9524,9542,18,12bd5c60b469e252ff7ff0d74747ab4bc1e5df95f56394c6ead56a9942668c3f,010100000b6d5f6869726f626130315f,,,,,False,,,,,,,,,,False,False
/a/0/4/1,/a/0/4/1!/member_00281,0,/a/0/4/1,170,281,,11900,11920,9544,9564,20,d6a98829a43101eb99213b61c39b9f9be2c311837e5cd5e23e1d69d08b7f5e28,020100000b73705f64756e303230335f,,,,,False,,,,,,,,,,False,False
/a/0/4/1,/a/0/4/1!/member_00282,0,/a/0/4/1,170,282,,11920,11940,9564,9584,20,b13be154c4ae720866af5bec037c033ed54f2c09760471ed73c0cbe781f51d49,010100000d73705f73746174696f6e30,,,,,False,,,,,,,,,,False,False
/a/0/4/1,/a/0/4/1!/member_00283,0,/a/0/4/1,170,283,,11940,11960,9584,9604,20,4543cdf558b2ab57d54ca418f7606d4accd19c244399485008e85d90e4f4dd37,010100000d73705f73746174696f6e30,,,,,False,,,,,,,,,,False,False
/a/0/4/1,/a/0/4/1!/member_00284,0,/a/0/4/1,170,284,,11960,11977,9604,9621,17,64cc1ccac620e822af0112a38edeaee2efe47e00fe74dee60a8c9c0e75e11481,010100000a6d5f64756e353230325fa2,,,,,False,,,,,,,,,,False,False
/a/0/4/1,/a/0/4/1!/member_00285,0,/a/0/4/1,170,285,,11980,11997,9624,9641,17,f7738dcbfebe5b71be5bdad39fe830995b80d686905be2883ec8ae38f23c638f,010100000a6d5f64756e353230335fa3,,,,,False,,,,,,,,,,False,False
/a/0/4/1,/a/0/4/1!/member_00286,0,/a/0/4/1,170,286,,12000,12017,9644,9661,17,438599fb16b600e2d42533aa1345b1c993b5760c34776dc76dd12556a1c362de,010100000a73705f67616d6530315f7d,,,,,False,,,,,,,,,,False,False
/a/0/4/1,/a/0/4/1!/member_00287,0,/a/0/4/1,170,287,,12020,12033,9664,9677,13,b1fbb933df28b24b95ebd369a4c336ea0fccb866edb2056b5e065e7afa76053e,01010000066d5f6830355f7e01,,,,,False,,,,,,,,,,False,False
/a/0/4/2,/a/0/4/2!/member_00000,0,/a/0/4/2,171,0,,900,908,0,8,8,e9df0fdad4f2554d64f2f8f2dd1d89ab4a407000699f925622c1c548524fac69,00000000ffff0101,,,,,False,,,,,,,,,,False,False
/a/0/4/2,/a/0/4/2!/member_00001,0,/a/0/4/2,171,1,,908,916,8,16,8,5d80057c3996a62b5e0f789d6df25792474cb0cef7eadcdd4a0863d9ef403c63,01000100ffff0000,,,,,False,,,,,,,,,,False,False
/a/0/4/2,/a/0/4/2!/member_00002,0,/a/0/4/2,171,2,,916,924,16,24,8,3195ab849ff6295a6cdec79e419acb4e7e48a9b41849c3345969f9d2ca8b06c0,0000020000000101,,,,,False,,,,,,,,,,False,False
/a/0/4/2,/a/0/4/2!/member_00003,0,/a/0/4/2,171,3,,924,932,24,32,8,294bdb4ff91aa51c208336e324b36317d2470699c2def0c2e25d867163991fa6,0200030000000101,,,,,False,,,,,,,,,,False,False
/a/0/4/2,/a/0/4/2!/member_00004,0,/a/0/4/2,171,4,,932,940,32,40,8,8c65a960d028403483443e0616279173dfe547c15cd0b0492a4481a05f44089d,0300040000000101,,,,,False,,,,,,,,,,False,False
/a/0/4/2,/a/0/4/2!/member_00005,0,/a/0/4/2,171,5,,940,948,40,48,8,025cc1d5633e011a8d44a120934c4b5479a4da988beb198f07e9c74a43949a45,0400050000000101,,,,,False,,,,,,,,,,False,False
/a/0/4/2,/a/0/4/2!/member_00006,0,/a/0/4/2,171,6,,948,956,48,56,8,3e9aaaae0ee788bc88511fbd63198f262586ac5c2d59136289ec2fc5cca18217,0500060000000101,,,,,False,,,,,,,,,,False,False
/a/0/4/2,/a/0/4/2!/member_00007,0,/a/0/4/2,171,7,,956,964,56,64,8,e1e77664eb25d949b8a7dca924cf57d43a8a1bbb328fdc6baf76595c7f8c03d6,0600070000000101,,,,,False,,,,,,,,,,False,False
/a/0/4/2,/a/0/4/2!/member_00008,0,/a/0/4/2,171,8,,964,972,64,72,8,8fa7f6e811d6040ecfd73840faa7324a40089031cad22d81c17600add3fb23d4,0700080000000101,,,,,False,,,,,,,,,,False,False
/a/0/4/2,/a/0/4/2!/member_00009,0,/a/0/4/2,171,9,,972,980,72,80,8,a96dc4ea0bce3e0a316f530a73f530e396fab5d2140fcc18edc39bbbb6bc3a7e,0800090000000101,,,,,False,,,,,,,,,,False,False
/a/0/4/2,/a/0/4/2!/member_00010,0,/a/0/4/2,171,10,,980,988,80,88,8,2db59d7caeacacc1671a363f32af656485230ed7d574f63f85387597f36725de,09000a0000000101,,,,,False,,,,,,,,,,False,False
/a/0/4/2,/a/0/4/2!/member_00011,0,/a/0/4/2,171,11,,988,996,88,96,8,ff64bf47b8ede6b0909bf8d92c8b0bb4c01bda3f62208b2fe4ce10b870201d0f,0a000b0000000101,,,,,False,,,,,,,,,,False,False
/a/0/4/2,/a/0/4/2!/member_00012,0,/a/0/4/2,171,12,,996,1004,96,104,8,a242fd2159981cc891a61418bbf7fed1e750f5d150fa257036fecfd3306a64e4,0b000c0000000101,,,,,False,,,,,,,,,,False,False
/a/0/4/2,/a/0/4/2!/member_00013,0,/a/0/4/2,171,13,,1004,1012,104,112,8,d3325752180b107d4a78bbe209890303306c2042e035fce0c8bcad979d64d7f0,0c000d0000000101,,,,,False,,,,,,,,,,False,False
/a/0/4/2,/a/0/4/2!/member_00014,0,/a/0/4/2,171,14,,1012,1020,112,120,8,5b30ae6f2aad02c6ac5e4484123adb8a4870d95af321b4632a0ecbc298b9fc20,0d000e0000000101,,,,,False,,,,,,,,,,False,False
/a/0/4/2,/a/0/4/2!/member_00015,0,/a/0/4/2,171,15,,1020,1028,120,128,8,48e98797e00c02a6d6d22ad05b882708e0a6ad8d139f2b3ae8633fb32d9e16dc,0e000f0000000101,,,,,False,,,,,,,,,,False,False
/a/0/4/2,/a/0/4/2!/member_00016,0,/a/0/4/2,171,16,,1028,1036,128,136,8,300be8de12d83f119291a298a9eb658b16362dcce0a11ccce5f2cea3bd218deb,0f00100000000101,,,,,False,,,,,,,,,,False,False
/a/0/4/2,/a/0/4/2!/member_00017,0,/a/0/4/2,171,17,,1036,1044,136,144,8,94e1b05afe5cbe6f8238281854812b078e21c782dfaa546019a20012bd80f7c3,1000110000000101,,Nintendo LZ10,Probable,,True,Nintendo LZ10,Probable,True,4352,False,,,,,False,False
/a/0/4/2,/a/0/4/2!/member_00018,0,/a/0/4/2,171,18,,1044,1052,144,152,8,3b0a9f06267d0c36f2780de0177583d9a725bc12c5076f80b7aad1b46dea7c21,1100120000000101,,Nintendo LZ11,Probable,,True,Nintendo LZ11,Probable,True,4608,False,,,,,False,False
/a/0/4/2,/a/0/4/2!/member_00019,0,/a/0/4/2,171,19,,1052,1060,152,160,8,8e4ff59fdc29569a5ca8678f123c04f2f0ceea25305361604ad7b6b4c3617077,1200130000000101,,,,,False,,,,,,,,,,False,False
/a/0/4/2,/a/0/4/2!/member_00020,0,/a/0/4/2,171,20,,1060,1068,160,168,8,dd955d2f118b33f6a94320ee87d834befc61a5212d3b5d9cfcb2e349d6d5adba,1300140000000101,,,,,False,,,,,,,,,,False,False
/a/0/4/2,/a/0/4/2!/member_00021,0,/a/0/4/2,171,21,,1068,1076,168,176,8,300a7d1d8c715d052d33513d4cf483b00c8dc79a38778b4c048f23d8ff8f1980,1400150000000101,,,,,False,,,,,,,,,,False,False
/a/0/4/2,/a/0/4/2!/member_00022,0,/a/0/4/2,171,22,,1076,1084,176,184,8,4e96ab729aff97945c192d5745893d6198a206880358dbc947b2d7dc68c8edca,1500160000000101,,,,,False,,,,,,,,,,False,False
/a/0/4/2,/a/0/4/2!/member_00023,0,/a/0/4/2,171,23,,1084,1092,184,192,8,8fd04aab8ff2143d7d65d3f9ad2a13122480eb4ecec4176cd3cf1e26fe0260e6,1600170000000101,,,,,False,,,,,,,,,,False,False
/a/0/4/2,/a/0/4/2!/member_00024,0,/a/0/4/2,171,24,,1092,1100,192,200,8,99fac991c9e76be0d2d53a6cce6cda97f6d0e3ee1abd62043f6ede8a4d3d76fb,1700180000000101,,,,,False,,,,,,,,,,False,False
/a/0/4/2,/a/0/4/2!/member_00025,0,/a/0/4/2,171,25,,1100,1108,200,208,8,d6f1fe5ba1ba2f083f5a357c79854dc7dbb322d2bd6cb7979ea4e51e4ef7074c,01001900ffff0000,,,,,False,,,,,,,,,,False,False
/a/0/4/2,/a/0/4/2!/member_00026,0,/a/0/4/2,171,26,,1108,1116,208,216,8,7b9c42d7fa36ba3d04bf1a9b0b08f7d261d218cd86621ac719fe03ef7fd4d30a,18001a00ffff0000,,,,,False,,,,,,,,,,False,False
/a/0/4/2,/a/0/4/2!/member_00027,0,/a/0/4/2,171,27,,1116,1124,216,224,8,eb7f514e2bb1c235401ae0cbe9a65a77febdddef41ba626a433c5f91626b2853,19001b00ffff0000,,,,,False,,,,,,,,,,False,False
/a/0/4/2,/a/0/4/2!/member_00028,0,/a/0/4/2,171,28,,1124,1132,224,232,8,f1ef4ee0e63873c0b37094ddc00bc88f67b36df3c08f237ebb3fa31655308123,1a001c00ffff0000,,,,,False,,,,,,,,,,False,False
/a/0/4/2,/a/0/4/2!/member_00029,0,/a/0/4/2,171,29,,1132,1140,232,240,8,dbdcd2e7cacf0577ddd506b639ef7502464d8f78dfab9af58bccca1650f1af92,1b001d00ffff0000,,,,,False,,,,,,,,,,False,False
/a/0/4/2,/a/0/4/2!/member_00030,0,/a/0/4/2,171,30,,1140,1148,240,248,8,3c66b9ba0ba5ecfef82cabd4cc87c95597e123fafef74cf2a8ea5fffa41fe83b,1c001e00ffff0000,,,,,False,,,,,,,,,,False,False
/a/0/4/2,/a/0/4/2!/member_00031,0,/a/0/4/2,171,31,,1148,1156,248,256,8,b914e26263f5579277fe86695051c263ba2afae501a7f81fbcd3ecd05e041e4f,1d001f00ffff0000,,,,,False,,,,,,,,,,False,False
/a/0/4/2,/a/0/4/2!/member_00032,0,/a/0/4/2,171,32,,1156,1164,256,264,8,9654d348d631ebd087fc0e640a6148991fc7a314cda98702dbc7a3e5dcb5f5ec,1e002000ffff0000,,,,,False,,,,,,,,,,False,False
/a/0/4/2,/a/0/4/2!/member_00033,0,/a/0/4/2,171,33,,1164,1172,264,272,8,2c6ac4e78f7b0168a1058a6b5d3deac1829ddd7c1c4d2de40dfa1c8b726cd637,1f002100ffff0000,,,,,False,,,,,,,,,,False,False
/a/0/4/2,/a/0/4/2!/member_00034,0,/a/0/4/2,171,34,,1172,1180,272,280,8,e3f6bf8a1fbeefefbda090cb4aa5842a9b84c48ba8fce6652da30ad79ef804ab,20002200ffff0000,,Nintendo Huffman,Probable,,True,Nintendo Huffman,Probable,False,8704,,,,,,False,False
/a/0/4/2,/a/0/4/2!/member_00035,0,/a/0/4/2,171,35,,1180,1188,280,288,8,fa140f50a5dc06b8c025c8ad91a4d4538baa46cea36616a0a2f2e031932a3229,21002300ffff0000,,,,,False,,,,,,,,,,False,False
/a/0/4/2,/a/0/4/2!/member_00036,0,/a/0/4/2,171,36,,1188,1196,288,296,8,fd2f25c5c4a9b0df6fa95a01779abf28540711c8e9a1f31003b11a52fa79cd20,22002400ffff0000,,,,,False,,,,,,,,,,False,False
/a/0/4/2,/a/0/4/2!/member_00037,0,/a/0/4/2,171,37,,1196,1204,296,304,8,249dbddf7b13a639e893578d7efe65d06e08e6b550108c6d11c3422f77241532,23002500ffff0000,,,,,False,,,,,,,,,,False,False
/a/0/4/2,/a/0/4/2!/member_00038,0,/a/0/4/2,171,38,,1204,1212,304,312,8,91b0c0f0efe7f9cafefad64c2613070e4951f012ba5dcd68f9425e22e2941c31,24002600ffff0000,,,,,True,Nintendo Huffman 4-bit,Probable,False,9728,,,,,,False,False
/a/0/4/2,/a/0/4/2!/member_00039,0,/a/0/4/2,171,39,,1212,1220,312,320,8,1b813d5e42a8c22d7ba240d3461c1d5c4713833889e99b3458c806e5d4a605cc,25002700ffff0000,,,,,False,,,,,,,,,,False,False
/a/0/4/2,/a/0/4/2!/member_00040,0,/a/0/4/2,171,40,,1220,1228,320,328,8,b2da3b8a72a63fdc83bbf83c0e410691c9f9927baaad0bb60ef2f43b46d8fab1,26002800ffff0000,,,,,False,,,,,,,,,,False,False
/a/0/4/2,/a/0/4/2!/member_00041,0,/a/0/4/2,171,41,,1228,1236,328,336,8,086fc5c26128842d3887f9e03c44e5b08227075efb26b9bb10be6003415c4b37,27002900ffff0000,,,,,False,,,,,,,,,,False,False
/a/0/4/2,/a/0/4/2!/member_00042,0,/a/0/4/2,171,42,,1236,1244,336,344,8,f0ce43e5cab216953fd0bafa550ac1877a490c65b5c0dfbd241fb66d410bd3c4,28002a00ffff0000,,,,,True,Nintendo Huffman 8-bit,Probable,False,10752,,,,,,False,False
/a/0/4/2,/a/0/4/2!/member_00043,0,/a/0/4/2,171,43,,1244,1252,344,352,8,191af20a7d072fc8af70f578def04c887a88e48e2b62ff19fdd3a65afd14538a,29002b00ffff0000,,,,,False,,,,,,,,,,False,False
/a/0/4/2,/a/0/4/2!/member_00044,0,/a/0/4/2,171,44,,1252,1260,352,360,8,66c46419aff3fcb6fd9ab0f21d0ea8d62d42655d4940907095f7667fd4274867,2a002c00ffff0000,,,,,False,,,,,,,,,,False,False
/a/0/4/2,/a/0/4/2!/member_00045,0,/a/0/4/2,171,45,,1260,1268,360,368,8,b05188e0067ad3dfbf4da6d481a9817dcd3424ef4051d99c683f39b1e35692b2,2b002d00ffff0000,,,,,False,,,,,,,,,,False,False
/a/0/4/2,/a/0/4/2!/member_00046,0,/a/0/4/2,171,46,,1268,1276,368,376,8,cdc2a41252e2aecabea769764b7911cc13895ba523034fe2bf71ff2c6bca04fe,2c002e00ffff0000,,,,,False,,,,,,,,,,False,False
/a/0/4/2,/a/0/4/2!/member_00047,0,/a/0/4/2,171,47,,1276,1284,376,384,8,9af41fa36eb1c0faa23126194fe7f7581dd739a1ae65fd913ea91541830886fa,2d002f00ffff0000,,,,,False,,,,,,,,,,False,False
/a/0/4/2,/a/0/4/2!/member_00048,0,/a/0/4/2,171,48,,1284,1292,384,392,8,67ac54014ad938f20eee0e3c37b303aa79cacb111b246259d8d389ecf903fd9a,2e003000ffff0000,,,,,False,,,,,,,,,,False,False
/a/0/4/2,/a/0/4/2!/member_00049,0,/a/0/4/2,171,49,,1292,1300,392,400,8,04c1e47f9c22a141d010cda045dbe9898bf69a5f44856af9d3f34a2981ba10f4,2f003100ffff0000,,,,,False,,,,,,,,,,False,False
/a/0/4/2,/a/0/4/2!/member_00050,0,/a/0/4/2,171,50,,1300,1308,400,408,8,9bd90e2b79e3f873e2dedda1845edce7a55f0fec126fa600ed18a193d4f47dc1,30003200ffff0000,,Nintendo RLE,Probable,,True,Nintendo RLE,Probable,False,12800,,,,,,False,False
/a/0/4/2,/a/0/4/2!/member_00051,0,/a/0/4/2,171,51,,1308,1316,408,416,8,23eba5b02aa4c2ca5ef460325fe3eba107de9e3e7b98092edc68ee66b7d4c938,31003300ffff0000,,,,,False,,,,,,,,,,False,False
/a/0/4/2,/a/0/4/2!/member_00052,0,/a/0/4/2,171,52,,1316,1324,416,424,8,d373f53976d86d0de3f101cee7340ee2ce7b2d303b9100e3778ba6ad19dc92ad,32003400ffff0000,,,,,False,,,,,,,,,,False,False
/a/0/4/2,/a/0/4/2!/member_00053,0,/a/0/4/2,171,53,,1324,1332,424,432,8,c74d2ac6c6d3603868b9d966b331c2178b4f40823653d79cfd724432f3e0314e,33003500ffff0000,,,,,False,,,,,,,,,,False,False
/a/0/4/2,/a/0/4/2!/member_00054,0,/a/0/4/2,171,54,,1332,1340,432,440,8,1f2ce14a5f79723bf4dfaaa6a36fe257f0998b9f028908321f479e8690953657,34003600ffff0000,,,,,False,,,,,,,,,,False,False
/a/0/4/2,/a/0/4/2!/member_00055,0,/a/0/4/2,171,55,,1340,1348,440,448,8,22fc74269b56f91c7f73d214e2ac0b4bd7abccb9e504bba46f05b307896cd771,35003700ffff0000,,,,,False,,,,,,,,,,False,False
/a/0/4/2,/a/0/4/2!/member_00056,0,/a/0/4/2,171,56,,1348,1356,448,456,8,90d40da979ea7862a029026ccd9bcb08cb9bfdcc7730657113b1927bf9383347,36003800ffff0000,,,,,False,,,,,,,,,,False,False
/a/0/4/2,/a/0/4/2!/member_00057,0,/a/0/4/2,171,57,,1356,1364,456,464,8,5f91ad15dc89f294f35be4d8f066776d63a04bf52ac530ddd447db4b55b0efe1,37003900ffff0000,,,,,False,,,,,,,,,,False,False
/a/0/4/2,/a/0/4/2!/member_00058,0,/a/0/4/2,171,58,,1364,1372,464,472,8,b2136b39769d5000f301a67e0ef3ab770afee27a5890839e0c9b4cf2963f0d21,38003a00ffff0000,,,,,False,,,,,,,,,,False,False
/a/0/4/2,/a/0/4/2!/member_00059,0,/a/0/4/2,171,59,,1372,1380,472,480,8,18d3cf6a096d9e47d2b79404ac91efe8a0184b88299c6557080b53ad9e0a8f24,39003b00ffff0000,,,,,False,,,,,,,,,,False,False
/a/0/4/2,/a/0/4/2!/member_00060,0,/a/0/4/2,171,60,,1380,1388,480,488,8,c4a22e4dc406bf1f7e8a323c95834f02945f07ae2736d8da43dc1e67ba5748b6,3a003c00ffff0000,,,,,False,,,,,,,,,,False,False
/a/0/4/2,/a/0/4/2!/member_00061,0,/a/0/4/2,171,61,,1388,1396,488,496,8,b0e693d2e35f421316c47c2c8e7262514868359cb1d116929e31d556eb8df41e,3b003d00ffff0000,,,,,False,,,,,,,,,,False,False
/a/0/4/2,/a/0/4/2!/member_00062,0,/a/0/4/2,171,62,,1396,1404,496,504,8,931c59d64b28573f41982b9f73111c7aa86a2100e1b483ad75a908eac55431e9,3c003e00ffff0000,,,,,False,,,,,,,,,,False,False
/a/0/4/2,/a/0/4/2!/member_00063,0,/a/0/4/2,171,63,,1404,1412,504,512,8,5dfb79128ed14ca44a5e3c26dd3cd3501c32e993a101119482fe734ef4976fe4,3d003f00ffff0000,,,,,False,,,,,,,,,,False,False
/a/0/4/2,/a/0/4/2!/member_00064,0,/a/0/4/2,171,64,,1412,1420,512,520,8,9f19858f265e6b59b464bd58d750b0ddb544e85ef2ab5c61c79616795c4f2aa2,3e004000ffff0000,,,,,False,,,,,,,,,,False,False
/a/0/4/2,/a/0/4/2!/member_00065,0,/a/0/4/2,171,65,,1420,1428,520,528,8,c001d024a5583f6b921f74010f44fa666cc5b8d9a06b0ec8b037b4b89edc1b2f,3f004100ffff0000,,,,,False,,,,,,,,,,False,False
/a/0/4/2,/a/0/4/2!/member_00066,0,/a/0/4/2,171,66,,1428,1436,528,536,8,8974ea1de4e76ab0f9f7d6d6259d5cbad84fd1024fac75d7f8764aef25b4d1c1,40004200ffff0000,,,,,False,,,,,,,,,,False,False
/a/0/4/2,/a/0/4/2!/member_00067,0,/a/0/4/2,171,67,,1436,1444,536,544,8,668a2c09868e6cef9fbd82d679a205d4fbf36df326afb810f8c36327d7caa039,41004300ffff0000,,,,,False,,,,,,,,,,False,False
/a/0/4/2,/a/0/4/2!/member_00068,0,/a/0/4/2,171,68,,1444,1452,544,552,8,37c8fc943b5ab9991cba80402b65e2b79460f765444df80695049ba168d6d036,42004400ffff0000,,,,,False,,,,,,,,,,False,False
/a/0/4/2,/a/0/4/2!/member_00069,0,/a/0/4/2,171,69,,1452,1460,552,560,8,92ee58438dc05f22d15c26a4f3187000a771957658c0949cdc65db54ff4081ac,43004500ffff0000,,,,,False,,,,,,,,,,False,False
/a/0/4/2,/a/0/4/2!/member_00070,0,/a/0/4/2,171,70,,1460,1468,560,568,8,ea199e606cf3fd5561be1a7c0c93b5c64d3fe31d8702f8e6fde9ce8f8e7fee1e,4400460001000100,,,,,False,,,,,,,,,,False,False
/a/0/4/2,/a/0/4/2!/member_00071,0,/a/0/4/2,171,71,,1468,1476,568,576,8,4a95e9072b057d7beb9035a8c9ce253b5f10f5a0c88ff7daba86401398a75c68,45004700ffff0101,,,,,False,,,,,,,,,,False,False
/a/0/4/2,/a/0/4/2!/member_00072,0,/a/0/4/2,171,72,,1476,1484,576,584,8,448ce043aa646b4bab1a88fb83254c8a199172811ce617e2c65f7fc9d6abb207,46004800ffff0100,,,,,False,,,,,,,,,,False,False
/a/0/4/2,/a/0/4/2!/member_00073,0,/a/0/4/2,171,73,,1484,1492,584,592,8,5e14ed4d7b94f48f1c0a0e1f582aa44c49fcddca0e20c4157d7f0084d05c226d,4700490001000100,,,,,False,,,,,,,,,,False,False
/a/0/4/2,/a/0/4/2!/member_00074,0,/a/0/4/2,171,74,,1492,1500,592,600,8,d36a3c5dc44926d3981b5b8a9c659c2b5df1597a0174937e652915000ee91042,48004a0000000101,,,,,False,,,,,,,,,,False,False
/a/0/4/2,/a/0/4/2!/member_00075,0,/a/0/4/2,171,75,,1500,1508,600,608,8,77d08b94e9d0570125880cd66755f604e6b836fec655f5ab737f92a37abb54fb,49004b0000000101,,,,,False,,,,,,,,,,False,False
/a/0/4/2,/a/0/4/2!/member_00076,0,/a/0/4/2,171,76,,1508,1516,608,616,8,e6546928d5c227c0220bb0cfaf5671bcc18ef581889810a7ca83c7e4ca69768b,4a004c00ffff0100,,,,,False,,,,,,,,,,False,False
/a/0/4/2,/a/0/4/2!/member_00077,0,/a/0/4/2,171,77,,1516,1524,616,624,8,af3a0deae1c90448677859a33a855c3d33e804c9eefaa9fd3951381bbf0b1cea,4b004d00ffff0100,,,,,False,,,,,,,,,,False,False
/a/0/4/2,/a/0/4/2!/member_00078,0,/a/0/4/2,171,78,,1524,1532,624,632,8,2aa0eed59b29a2415ac93243da8360ca6fe2bfd47af2f456df777ab7aec20d48,4c004e00ffff0100,,,,,False,,,,,,,,,,False,False
/a/0/4/2,/a/0/4/2!/member_00079,0,/a/0/4/2,171,79,,1532,1540,632,640,8,e075eb23fc998ce4e2906675e6a0ac0acfb818e3a8795ea2cc2b7569b41955e8,4d004f0001000100,,,,,False,,,,,,,,,,False,False
/a/0/4/2,/a/0/4/2!/member_00080,0,/a/0/4/2,171,80,,1540,1548,640,648,8,bb6c8a63c2e4e73903bd3a28f52a4d66e93d727587b271dea8c359aff75f0f1e,4e00500001000100,,,,,False,,,,,,,,,,False,False
/a/0/4/2,/a/0/4/2!/member_00081,0,/a/0/4/2,171,81,,1548,1556,648,656,8,018f197208018aa924209b835dddd41afe76582e91261aeca100dab47412f3c2,4f005100ffff0100,,,,,False,,,,,,,,,,False,False
/a/0/4/2,/a/0/4/2!/member_00082,0,/a/0/4/2,171,82,,1556,1564,656,664,8,bc07692679982c1b4d346e6ef56f8472e2e9d9f3ffb3b3d2cf09fc85c94efd34,50005200ffff0100,,,,,False,,,,,,,,,,False,False
/a/0/4/2,/a/0/4/2!/member_00083,0,/a/0/4/2,171,83,,1564,1572,664,672,8,236c280754858378aa4f596a77ac8165c4cc751afd1b5eb09fa5b6eb39428071,51005300ffff0100,,,,,False,,,,,,,,,,False,False
/a/0/4/2,/a/0/4/2!/member_00084,0,/a/0/4/2,171,84,,1572,1580,672,680,8,f108d5d5e98f31947a503ad39c48e23a0016d995330436f8ee1882862639a9d8,5200540001000100,,,,,False,,,,,,,,,,False,False
/a/0/4/2,/a/0/4/2!/member_00085,0,/a/0/4/2,171,85,,1580,1588,680,688,8,a005578b1df1304ef5b71d3d7b123e8e024369799f738a88d775545dad9eecb8,5300550001000100,,,,,False,,,,,,,,,,False,False
/a/0/4/2,/a/0/4/2!/member_00086,0,/a/0/4/2,171,86,,1588,1596,688,696,8,5a94c24878c96f44f815bdc285824806fc3162b0ca3f2b3f64bfef4cbf0a572a,5400560001000100,,,,,False,,,,,,,,,,False,False
/a/0/4/2,/a/0/4/2!/member_00087,0,/a/0/4/2,171,87,,1596,1604,696,704,8,bae44a28e0275c11ba901c7c3ce3bfeb51fdcccb7133d8156ac21d82bc95170a,5500570001000100,,,,,False,,,,,,,,,,False,False
/a/0/4/2,/a/0/4/2!/member_00088,0,/a/0/4/2,171,88,,1604,1612,704,712,8,e0da54b73704e3a7b9401c75cb03e8c9f8be95aeb935f65fc9d3e06a4fcc93e4,56005800ffff0101,,,,,False,,,,,,,,,,False,False
/a/0/4/2,/a/0/4/2!/member_00089,0,/a/0/4/2,171,89,,1612,1620,712,720,8,1e02a94c6263983cf2f116fb391341ee4e2e82a0440afa5ac58056f5f45ae653,57005900ffff0102,,,,,False,,,,,,,,,,False,False
/a/0/4/2,/a/0/4/2!/member_00090,0,/a/0/4/2,171,90,,1620,1628,720,728,8,a620808708df86229856ef1c5f7e116787164c709bd3a66eabd9f00a20c3f56d,58005a0000000101,,,,,False,,,,,,,,,,False,False
/a/0/4/2,/a/0/4/2!/member_00091,0,/a/0/4/2,171,91,,1628,1636,728,736,8,19a0a3be7e38ca1a4a11efb85f28eb22b87c9fcd51f1c92c61e15e1f4cc53c23,59005b00ffff0101,,,,,False,,,,,,,,,,False,False
/a/0/4/2,/a/0/4/2!/member_00092,0,/a/0/4/2,171,92,,1636,1644,736,744,8,b426ce4ea128158e7bdaa663fd04b219c886b9c362947114072cc2b9eb1a4364,5a005c0000000101,,,,,False,,,,,,,,,,False,False
/a/0/4/2,/a/0/4/2!/member_00093,0,/a/0/4/2,171,93,,1644,1652,744,752,8,e22dd2d282bce90ec20ae714db5ec47043d588af72cd40e157faacfa45f304aa,5b005d0000000101,,,,,False,,,,,,,,,,False,False
/a/0/4/2,/a/0/4/2!/member_00094,0,/a/0/4/2,171,94,,1652,1660,752,760,8,13a706581e4f209f3abd37481da26dc9301733339145eb3f4cbb747f8d5fc641,5c005e0000000101,,,,,False,,,,,,,,,,False,False
/a/0/4/2,/a/0/4/2!/member_00095,0,/a/0/4/2,171,95,,1660,1668,760,768,8,89948323df52a5abaf409864c7b5f1f4830c7b3d20d115ebb6f79de94f99501a,5d005f00ffff0101,,,,,False,,,,,,,,,,False,False
/a/0/4/2,/a/0/4/2!/member_00096,0,/a/0/4/2,171,96,,1668,1676,768,776,8,56630fcc22fcc12716247fe7bb06594fa97a58a19117be5dc2b7c731792cd739,5e00600000000101,,,,,False,,,,,,,,,,False,False
/a/0/4/2,/a/0/4/2!/member_00097,0,/a/0/4/2,171,97,,1676,1684,776,784,8,7b247ca48549e921222653d3cc250d7d7561f1602c81655dc7d1f4e96a85f494,5f00610000000101,,,,,False,,,,,,,,,,False,False
/a/0/4/2,/a/0/4/2!/member_00098,0,/a/0/4/2,171,98,,1684,1692,784,792,8,630f075e1f91ef0eec68b2725d74cae673a8218002c88510504c7b56d46d800c,6000620001000100,,,,,False,,,,,,,,,,False,False
/a/0/4/2,/a/0/4/2!/member_00099,0,/a/0/4/2,171,99,,1692,1700,792,800,8,4e691a56633473415c96c322af12d98d0a519496c019c5887f6802424935ab85,61006300ffff0100,,,,,False,,,,,,,,,,False,False
/a/0/4/2,/a/0/4/2!/member_00100,0,/a/0/4/2,171,100,,1700,1708,800,808,8,326ef5b5ce654ec86724c16f5502c85464ac3b7037f6b9ade9dc0d7f608eaa54,62006400ffff0101,,,,,False,,,,,,,,,,False,False
/a/0/4/2,/a/0/4/2!/member_00101,0,/a/0/4/2,171,101,,1708,1716,808,816,8,fdb74534aa0068aed9e74a6d2ae446e57d28aa67dc4ff60bb7481e78bdd75916,63006500ffff0100,,,,,False,,,,,,,,,,False,False
/a/0/4/2,/a/0/4/2!/member_00102,0,/a/0/4/2,171,102,,1716,1724,816,824,8,7bff20dbb3a019813be8c5067027dffcbace8e9c282a974ac00d14c12d49dc14,6400660000000101,,,,,False,,,,,,,,,,False,False
/a/0/4/2,/a/0/4/2!/member_00103,0,/a/0/4/2,171,103,,1724,1732,824,832,8,a945a7ce1c893f1171ec6701156c435cd4386a6981a2cddaf80627d87bfc5978,6500670000000101,,,,,False,,,,,,,,,,False,False
/a/0/4/2,/a/0/4/2!/member_00104,0,/a/0/4/2,171,104,,1732,1740,832,840,8,a389a48962ee2e2e46136f5035ed30685a3791651fcafc49b7934fe25e546176,6600680001000100,,,,,False,,,,,,,,,,False,False
/a/0/4/2,/a/0/4/2!/member_00105,0,/a/0/4/2,171,105,,1740,1748,840,848,8,276b35617c1e9d5356e9b919b78c7c20143df3892c3b826a6d30c716c88b3943,67006900ffff0100,,,,,False,,,,,,,,,,False,False
/a/0/4/3,/a/0/4/3!/member_00000,0,/a/0/4/3,172,0,,884,948,0,64,64,20cd60027ff3c495bd2fce671807bd839ac5ff369b557afb15e9e557aea265e8,1f001400150016001700180019001a00,,,,,False,,,,,,,,,,False,False
/a/0/4/3,/a/0/4/3!/member_00001,0,/a/0/4/3,172,1,,948,1066,64,182,118,46aeda75c2767ab0462878b5bae7cc95d8084f417a2a05b4f44bd669ac794cde,3a0001000200040059005a005b005c00,,,,,False,,,,,,,,,,False,False
/a/0/4/3,/a/0/4/3!/member_00002,0,/a/0/4/3,172,2,,1068,1116,184,232,48,74745d65f2dda5abd7c93a288fdd4f12ce9f48702325c020b80d981edd994e39,1700270028000f001d001e001f002000,,,,,False,,,,,,,,,,False,False
/a/0/4/3,/a/0/4/3!/member_00003,0,/a/0/4/3,172,3,,1116,1158,232,274,42,796e47b7ed74a8e849ea2cf3cb7ede1e5303237b97a59fd70ea74f4c69c2c9c9,1400270028000f001d001e001f002000,,,,,False,,,,,,,,,,False,False
/a/0/4/3,/a/0/4/3!/member_00004,0,/a/0/4/3,172,4,,1160,1224,276,340,64,a76e6ce4afb97a7686db5ade19108a83cfaa04d4c61f9d268f6b2732d17781ae,1f00270028000f001d001e001f002000,,,,,False,,,,,,,,,,False,False
/a/0/4/3,/a/0/4/3!/member_00005,0,/a/0/4/3,172,5,,1224,1282,340,398,58,82eb312ad8c48051074beb2005681c4b8e0724e52a786dc6aa96bd5e61b94958,1c000100020003000400050006000800,,,,,False,,,,,,,,,,False,False
/a/0/4/3,/a/0/4/3!/member_00006,0,/a/0/4/3,172,6,,1284,1356,400,472,72,baf9c146f6f84bb1e4669dc3f397eb53db235e85ba28e3846ab025e9275fdc9d,2300270028000f001d001e001f002000,,,,,False,,,,,,,,,,False,False
/a/0/4/3,/a/0/4/3!/member_00007,0,/a/0/4/3,172,7,,1356,1404,472,520,48,ab9e8a456915b71c7d1b512717d073bc6e071d415b01ab53a9bc46341fdbcebf,1700270028000f001d001e001f002000,,,,,False,,,,,,,,,,False,False
/a/0/4/3,/a/0/4/3!/member_00008,0,/a/0/4/3,172,8,,1404,1442,520,558,38,73b5caf7ba4ccce1d0f8dd6cc23a64e803a0e131e0e5004967ae55825bc9b19b,12001e001f0020002100220023002400,,,,,False,,,,,,,,,,False,False
/a/0/4/3,/a/0/4/3!/member_00009,0,/a/0/4/3,172,9,,1444,1496,560,612,52,ed21afd1690f929c151a19773e06fb338268319028b17040a429449cc94ebf8a,19001d001e001f00200021002200f600,,,,,False,,,,,,,,,,False,False
/a/0/4/3,/a/0/4/3!/member_00010,0,/a/0/4/3,172,10,,1496,1544,612,660,48,fa6d07223e874bda72ac8c0393567b036a4be2cdb0f36c20f544a3ada7a77d6f,17001d001e001f00200021002200f600,,,,,False,,,,,,,,,,False,False
/a/0/4/3,/a/0/4/3!/member_00011,0,/a/0/4/3,172,11,,1544,1596,660,712,52,852879d8c35baef76f2f6a7c91270c97cbc00bbe08cdb46cf6f86adc545be89e,19001d001e001f00200021002200f600,,,,,False,,,,,,,,,,False,False
/a/0/4/3,/a/0/4/3!/member_00012,0,/a/0/4/3,172,12,,1596,1644,712,760,48,2c5856bf28239de23e02af9c6a7fcf3b87efdb81959af748f171f74a05462c06,1700270028000f001d001e001f002000,,,,,False,,,,,,,,,,False,False
/a/0/4/3,/a/0/4/3!/member_00013,0,/a/0/4/3,172,13,,1644,1696,760,812,52,aec5937bf45c8b6e64128d8bbe29bf72a89f1f138f028fc990a4108acd448fe5,1900270028000f001d001e001f002000,,,,,False,,,,,,,,,,False,False
/a/0/4/3,/a/0/4/3!/member_00014,0,/a/0/4/3,172,14,,1696,1756,812,872,60,6de59c92b239073e082d24aa0e010431634e4c4a144ebc2e731aedfee1b7578e,1d001d001e001f00200021002200f600,,,,,False,,,,,,,,,,False,False
/a/0/4/3,/a/0/4/3!/member_00015,0,/a/0/4/3,172,15,,1756,1802,872,918,46,628219b09ca85ff6ea75871c200f77859ad202166ffb321ad495b86b1456b6ac,16001d001e001f00200021002200f600,,,,,False,,,,,,,,,,False,False
/a/0/4/3,/a/0/4/3!/member_00016,0,/a/0/4/3,172,16,,1804,1840,920,956,36,202e5167b55e5800cae09c0d1cb958c9199d6cd8d1aab35b111f310fb454dc44,11001d001e001f00200021002200f600,,Nintendo LZ11,Probable,,True,Nintendo LZ11,Probable,True,7424,False,,,,,False,False
/a/0/4/3,/a/0/4/3!/member_00017,0,/a/0/4/3,172,17,,1840,1874,956,990,34,355722e64be82eeb8070357d73c30b45621026d1c226145253be2e3f199e4170,10001d001e001f00200021002200f600,,Nintendo LZ10,Probable,,True,Nintendo LZ10,Probable,True,7424,False,,,,,False,False
/a/0/4/3,/a/0/4/3!/member_00018,0,/a/0/4/3,172,18,,1876,1918,992,1034,42,4159788b2fd4a81b8d271860dcaff95513c5b7a267be9557de28c7eafbaf6a00,14001d001e001f002000210022002300,,,,,False,,,,,,,,,,False,False
/a/0/4/3,/a/0/4/3!/member_00019,0,/a/0/4/3,172,19,,1920,1952,1036,1068,32,a095b0a951c33a6d8fd5f97cea1b61d51d8c39a550025cb59bb0126f39ad6475,0f0099009a009b009c009d009e009f00,,,,,False,,,,,,,,,,False,False
/a/0/4/3,/a/0/4/3!/member_00020,0,/a/0/4/3,172,20,,1952,1954,1068,1070,2,96a296d224f285c67bee93c30f8a309157f0daa35dc5b87e410b78630a09cfc7,0000,,,,,False,,,,,,,,,,False,False
/a/0/4/3,/a/0/4/3!/member_00021,0,/a/0/4/3,172,21,,1956,1958,1072,1074,2,96a296d224f285c67bee93c30f8a309157f0daa35dc5b87e410b78630a09cfc7,0000,,,,,False,,,,,,,,,,False,False
/a/0/4/3,/a/0/4/3!/member_00022,0,/a/0/4/3,172,22,,1960,1962,1076,1078,2,96a296d224f285c67bee93c30f8a309157f0daa35dc5b87e410b78630a09cfc7,0000,,,,,False,,,,,,,,,,False,False
/a/0/4/3,/a/0/4/3!/member_00023,0,/a/0/4/3,172,23,,1964,1966,1080,1082,2,96a296d224f285c67bee93c30f8a309157f0daa35dc5b87e410b78630a09cfc7,0000,,,,,False,,,,,,,,,,False,False
/a/0/4/3,/a/0/4/3!/member_00024,0,/a/0/4/3,172,24,,1968,2020,1084,1136,52,65c7d3161869c324958b3dd26641df99f0d119862c387f9eb6e95e5e67eb7121,19006b006c006d002100220023002400,,,,,False,,,,,,,,,,False,False
/a/0/4/3,/a/0/4/3!/member_00025,0,/a/0/4/3,172,25,,2020,2122,1136,1238,102,2d3da121803f00ac1e3f27093b7362773d3eaf36b4a46453556380db03d9e8d2,3200010002000400160017002d002e00,,,,,False,,,,,,,,,,False,False
/a/0/4/3,/a/0/4/3!/member_00026,0,/a/0/4/3,172,26,,2124,2134,1240,1250,10,1df7268a07d638d6b132672658ec49363ffeecfe39b1f66139caf8247b600eb9,040001004e006f007100,,,,,False,,,,,,,,,,False,False
/a/0/4/3,/a/0/4/3!/member_00027,0,/a/0/4/3,172,27,,2136,2154,1252,1270,18,34aaebbb93996ef7637266b6e10c4992ebe824262a65319c32d027c1a52c0157,080001004e007300740075007a007600,,,,,False,,,,,,,,,,False,False
/a/0/4/3,/a/0/4/3!/member_00028,0,/a/0/4/3,172,28,,2156,2164,1272,1280,8,6e7dfbcbb4be81164c29459256e2fbab54df253a75dc2808924286866daabd53,030001004e007b00,,,,,False,,,,,,,,,,False,False
/a/0/4/3,/a/0/4/3!/member_00029,0,/a/0/4/3,172,29,,2164,2186,1280,1302,22,af54150f40ca95ad4305597d82c87277032ae7d5b19905122200fc1bf81c8f15,0a0001004e007c007d007e007f008000,,,,,False,,,,,,,,,,False,False
/a/0/4/3,/a/0/4/3!/member_00030,0,/a/0/4/3,172,30,,2188,2194,1304,1310,6,85aed1d5d3dda4c076140441f930efe950491e57534429c2f288e8faf019703a,020001004e00,,,,,False,,,,,,,,,,False,False
/a/0/4/3,/a/0/4/3!/member_00031,0,/a/0/4/3,172,31,,2196,2210,1312,1326,14,fdec0e4826b22f52fdf85f16c862a32d94c37713c8c0ffa33c8fc8da60037b2a,060001004e00ac00ad00ae00af00,,,,,False,,,,,,,,,,False,False
/a/0/4/3,/a/0/4/3!/member_00032,0,/a/0/4/3,172,32,,2212,2222,1328,1338,10,26cb7a9512f4ab6d048741aa89ba0b904c6a817158239bd2247b623ac139c20f,040001004e00c500c600,,,,,False,,,,,,,,,,False,False
/a/0/4/3,/a/0/4/3!/member_00033,0,/a/0/4/3,172,33,,2224,2240,1340,1356,16,e5d476a015b0d90504ef200f626563b6c1b42b2f3d1ae8c7650f4b2254ce8673,070001004e00780079009a009b009c00,,,,,False,,,,,,,,,,False,False
/a/0/4/3,/a/0/4/3!/member_00034,0,/a/0/4/3,172,34,,2240,2378,1356,1494,138,09c5d089d6d88b6b07cfac112cca7484af8bdd403e64473e91615070a9985dc5,44000100020017007200860087008a00,,,,,False,,,,,,,,,,False,False
/a/0/4/3,/a/0/4/3!/member_00035,0,/a/0/4/3,172,35,,2380,2402,1496,1518,22,07656268ea68e5869b446e81eaff5b2469b859136742a2ceb424f5ef2dba3b34,0a00a500a60056000b000c000d000e00,,,,,False,,,,,,,,,,False,False
/a/0/4/3,/a/0/4/3!/member_00036,0,/a/0/4/3,172,36,,2404,2412,1520,1528,8,7cf0992b694e18c2e55058eb2cc12f2eeb8c6ba5ef350466f1bfc1223a62785e,0300ba0017003f00,,,,,False,,,,,,,,,,False,False
/a/0/4/3,/a/0/4/3!/member_00037,0,/a/0/4/3,172,37,,2412,2576,1528,1692,164,726b9fe147eb26484cd7d404ebb422e4e600d7e57e9b37023e001ee31b0c8be9,510001000200040059005a005b005c00,,,,,False,,,,,,,,,,False,False
/a/0/4/3,/a/0/4/3!/member_00038,0,/a/0/4/3,172,38,,2576,2684,1692,1800,108,64a97ca839818a7ce1768ee2c74f7a91083e7237d0282a812b5152852251e0bf,350001000200040059005a005b005c00,,,,,False,,,,,,,,,,False,False
/a/0/4/3,/a/0/4/3!/member_00039,0,/a/0/4/3,172,39,,2684,2698,1800,1814,14,4c64ceea1fef2e01f72228969f2d93fd1c275561081bfdba281bebaad61d0b9b,0600d600d700d800da00db002600,,,,,False,,,,,,,,,,False,False
/a/0/4/3,/a/0/4/3!/member_00040,0,/a/0/4/3,172,40,,2700,2834,1816,1950,134,28e608d7fd6951253f618db485e20f47df5218f1b28aad79c918a8bebff05529,420001000200040059005a005b005c00,,,,,False,,,,,,,,,,False,False
/a/0/4/3,/a/0/4/3!/member_00041,0,/a/0/4/3,172,41,,2836,2952,1952,2068,116,598fb103bd496f84733111ed938d3a2337a2e4976c15bc3e12eaa992a391e971,390001000200040059005a005b005c00,,,,,False,,,,,,,,,,False,False
/a/0/4/3,/a/0/4/3!/member_00042,0,/a/0/4/3,172,42,,2952,3072,2068,2188,120,35a9d3ee38da2710ea196a95c9cebbb0a378820208d6b61663ed72b73a7ad907,3b0001000200040059005a005b005c00,,,,,False,,,,,,,,,,False,False
/a/0/4/3,/a/0/4/3!/member_00043,0,/a/0/4/3,172,43,,3072,3116,2188,2232,44,3d4177cba275633b01217b41bb1c872c00a7fbc2561b664259d9a33e9baa407d,1500bc00bd00be00bf00c000c100c200,,,,,False,,,,,,,,,,False,False
/a/0/4/3,/a/0/4/3!/member_00044,0,/a/0/4/3,172,44,,3116,3132,2232,2248,16,02fb330d90caae36b90b879931e6b9356d910e230b241d635026f92a61eed0e7,0700b300b40019001a00160033003400,,,,,False,,,,,,,,,,False,False
/a/0/4/3,/a/0/4/3!/member_00045,0,/a/0/4/3,172,45,,3132,3148,2248,2264,16,4e04de1b229bee0cbbc82f5bbdf895609c6996fb6f7131541fa76e0c162e243d,07000100040017000f00900091003f00,,,,,False,,,,,,,,,,False,False
/a/0/4/3,/a/0/4/3!/member_00046,0,/a/0/4/3,172,46,,3148,3238,2264,2354,90,78e286af1fbc4c16f9896ac0d2ca4fcfd53c1c228413aa1d4e702b3b0a0493f6,2c0001000200040059005a005b005c00,,,,,False,,,,,,,,,,False,False
/a/0/4/3,/a/0/4/3!/member_00047,0,/a/0/4/3,172,47,,3240,3252,2356,2368,12,1ad1150469d7d9d95a1b09f5a8fc9674f801dd66b69a5c4d4de1c466f42956ee,0500010016004e00c700c800,,,,,False,,,,,,,,,,False,False
/a/0/4/3,/a/0/4/3!/member_00048,0,/a/0/4/3,172,48,,3252,3260,2368,2376,8,5b39ef310513123fd09db63205737961c79f3371a0e34db0a9e6fe4d3e11c962,030001004e00cc00,,,,,False,,,,,,,,,,False,False
/a/0/4/3,/a/0/4/3!/member_00049,0,/a/0/4/3,172,49,,3260,3268,2376,2384,8,41e4cb44115745f2bb74662b6bbfa763af9e23c9a62e1eae1fca9fd2875f4be4,030001004e00cd00,,,,,False,,,,,,,,,,False,False
/a/0/4/3,/a/0/4/3!/member_00050,0,/a/0/4/3,172,50,,3268,3276,2384,2392,8,f48513b3e47f590b35ee15dad2abebf00f2b7dc0875e3f8af0849772fcd1dcaf,030001004e00ca00,,,,,False,,,,,,,,,,False,False
/a/0/4/3,/a/0/4/3!/member_00051,0,/a/0/4/3,172,51,,3276,3282,2392,2398,6,85aed1d5d3dda4c076140441f930efe950491e57534429c2f288e8faf019703a,020001004e00,,,,,False,,,,,,,,,,False,False
/a/0/4/3,/a/0/4/3!/member_00052,0,/a/0/4/3,172,52,,3284,3290,2400,2406,6,85aed1d5d3dda4c076140441f930efe950491e57534429c2f288e8faf019703a,020001004e00,,,,,False,,,,,,,,,,False,False
/a/0/4/3,/a/0/4/3!/member_00053,0,/a/0/4/3,172,53,,3292,3298,2408,2414,6,85aed1d5d3dda4c076140441f930efe950491e57534429c2f288e8faf019703a,020001004e00,,,,,False,,,,,,,,,,False,False
/a/0/4/3,/a/0/4/3!/member_00054,0,/a/0/4/3,172,54,,3300,3324,2416,2440,24,2124d95faf5d851e8147ecfddf76d1afedada5e604487288e66e42993d71a33d,0b00ba00b800b900b400b30013000f00,,,,,False,,,,,,,,,,False,False
/a/0/4/3,/a/0/4/3!/member_00055,0,/a/0/4/3,172,55,,3324,3334,2440,2450,10,b4e0f2afbb8db7f46e5b97b3f4f99b0257123c3d1141670be4ac26d79ec1a4be,0400b500b2001300b700,,,,,False,,,,,,,,,,False,False
/a/0/4/3,/a/0/4/3!/member_00056,0,/a/0/4/3,172,56,,3336,3350,2452,2466,14,b944f4afa4ac9618821fa81a9e86194e07a0ad90f90f83a71452df1f23496e4b,0600b600130017008a00b2002000,,,,,False,,,,,,,,,,False,False
/a/0/4/3,/a/0/4/3!/member_00057,0,/a/0/4/3,172,57,,3352,3370,2468,2486,18,0a374e70f71f18cf7d35902f6d8069fbee71b0ffa5b3516c50abade4002d4d8a,080020005900130017008a00b200b600,,,,,False,,,,,,,,,,False,False
/a/0/4/3,/a/0/4/3!/member_00058,0,/a/0/4/3,172,58,,3372,3386,2488,2502,14,45e4c932397d7426766220adf4d700f6907c622c7818d57fc59e5f2f1201ef04,0600bb00b500b2008a0013001600,,,,,False,,,,,,,,,,False,False
/a/0/4/3,/a/0/4/3!/member_00059,0,/a/0/4/3,172,59,,3388,3502,2504,2618,114,0411e47bea3a8ce4e3d55db5cfcb82b1ba661829cf02551255b6b5b3faeb9c1e,380001000200040059005a005b005c00,,,,,False,,,,,,,,,,False,False
/a/0/4/3,/a/0/4/3!/member_00060,0,/a/0/4/3,172,60,,3504,3604,2620,2720,100,6cfbd5649c986ae78dd5efa4f7962b7e61272e615a25cca6b0d3438398ce5843,3100010002000400160017002d002e00,,,,,False,,,,,,,,,,False,False
/a/0/4/3,/a/0/4/3!/member_00061,0,/a/0/4/3,172,61,,3604,3744,2720,2860,140,192372cb6883b1e668bcfdd64af46359ee0755f8c18f1ca3e597dd938b830a7f,45000100020017007200860087008a00,,,,,False,,,,,,,,,,False,False
/a/0/4/3,/a/0/4/3!/member_00062,0,/a/0/4/3,172,62,,3744,3894,2860,3010,150,6281cb338c47c98034573991207465153437b0dd47ed7fad21afad970a579acc,4a000100020017007200860087008a00,,,,,False,,,,,,,,,,False,False
/a/0/4/3,/a/0/4/3!/member_00063,0,/a/0/4/3,172,63,,3896,3908,3012,3024,12,16ccf5476a162e0d26d5becf30937168c688ec2511af58578493d8409811e36f,0500d5004e00d90026006b00,,,,,False,,,,,,,,,,False,False
/a/0/4/3,/a/0/4/3!/member_00064,0,/a/0/4/3,172,64,,3908,3920,3024,3036,12,2422ca943806f8f20aa2552eabe5f7568df587d591ae36265695c2d9ee5934b1,05000100170086003c00dc00,,,,,False,,,,,,,,,,False,False
/a/0/4/3,/a/0/4/3!/member_00065,0,/a/0/4/3,172,65,,3920,3922,3036,3038,2,96a296d224f285c67bee93c30f8a309157f0daa35dc5b87e410b78630a09cfc7,0000,,,,,False,,,,,,,,,,False,False
/a/0/4/3,/a/0/4/3!/member_00066,0,/a/0/4/3,172,66,,3924,3926,3040,3042,2,96a296d224f285c67bee93c30f8a309157f0daa35dc5b87e410b78630a09cfc7,0000,,,,,False,,,,,,,,,,False,False
/a/0/4/3,/a/0/4/3!/member_00067,0,/a/0/4/3,172,67,,3928,3930,3044,3046,2,96a296d224f285c67bee93c30f8a309157f0daa35dc5b87e410b78630a09cfc7,0000,,,,,False,,,,,,,,,,False,False
/a/0/4/3,/a/0/4/3!/member_00068,0,/a/0/4/3,172,68,,3932,3942,3048,3058,10,b73ca6820c815c7ccf15d329834bb74393aefd52815245b920e8faea941aa994,04004500460090005201,,,,,False,,,,,,,,,,False,False
/a/0/4/3,/a/0/4/3!/member_00069,0,/a/0/4/3,172,69,,3944,3970,3060,3086,26,b3601ef5c045617ecbad61caaeadaa0a4ca3b5e33b897ded539cdf9fa8c125e2,0c001d001e001f002000210022002300,,,,,False,,,,,,,,,,False,False
/a/0/4/3,/a/0/4/3!/member_00070,0,/a/0/4/3,172,70,,3972,3978,3088,3094,6,9c517af003b5b6319b047eb65bdfe88f3700febcb571c24a369c82f02f405ffb,020045004600,,,,,False,,,,,,,,,,False,False
/a/0/4/3,/a/0/4/3!/member_00071,0,/a/0/4/3,172,71,,3980,3986,3096,3102,6,9c517af003b5b6319b047eb65bdfe88f3700febcb571c24a369c82f02f405ffb,020045004600,,,,,False,,,,,,,,,,False,False
/a/0/4/3,/a/0/4/3!/member_00072,0,/a/0/4/3,172,72,,3988,4014,3104,3130,26,6e208d11462adb87d231dc9bc8adc1e1026715f0cfb9c85134c40e3e6fe34b15,0c00230024002200470048007b00e400,,,,,False,,,,,,,,,,False,False
/a/0/4/3,/a/0/4/3!/member_00073,0,/a/0/4/3,172,73,,4016,4074,3132,3190,58,881d74bdf7baf2ca85ffa31e3a4b0127366f338459322b799000decf9f1d88a2,1c00bd00be00bf00c000c100c200c300,,,,,False,,,,,,,,,,False,False
/a/0/4/3,/a/0/4/3!/member_00074,0,/a/0/4/3,172,74,,4076,4082,3192,3198,6,9c517af003b5b6319b047eb65bdfe88f3700febcb571c24a369c82f02f405ffb,020045004600,,,,,False,,,,,,,,,,False,False
/a/0/4/3,/a/0/4/3!/member_00075,0,/a/0/4/3,172,75,,4084,4102,3200,3218,18,eaa7f768cd3d27bc6d146043d342a2f7e63d52f183c2a4154e48670b68c09ef3,080040004100420043004400a900b100,,,,,False,,,,,,,,,,False,False
/a/0/4/3,/a/0/4/3!/member_00076,0,/a/0/4/3,172,76,,4104,4112,3220,3228,8,774e2ec8858404302dbfac32444830b56835a3bfac067bcc3a1b510bb5602557,0300420043007500,,,,,False,,,,,,,,,,False,False
/a/0/4/3,/a/0/4/3!/member_00077,0,/a/0/4/3,172,77,,4112,4120,3228,3236,8,4737bb05a7ec3ad875b5edefabbd7c8e2b66bb67dc7e170a024b28263a6131c6,0300980045004600,,,,,False,,,,,,,,,,False,False
/a/0/4/3,/a/0/4/3!/member_00078,0,/a/0/4/3,172,78,,4120,4130,3236,3246,10,d9de3ccc78fb635386ccf22ca0443f5f81b13c0c91ecea87684256b5ec8223cf,0400450046003f014001,,,,,False,,,,,,,,,,False,False
/a/0/4/3,/a/0/4/3!/member_00079,0,/a/0/4/3,172,79,,4132,4140,3248,3256,8,7c35e831476c933c2cae748e9eded53adae128efebe2133560cffd21af1e1b59,0300450046005101,,,,,False,,,,,,,,,,False,False
/a/0/4/3,/a/0/4/3!/member_00080,0,/a/0/4/3,172,80,,4140,4146,3256,3262,6,9c517af003b5b6319b047eb65bdfe88f3700febcb571c24a369c82f02f405ffb,020045004600,,,,,False,,,,,,,,,,False,False
/a/0/4/3,/a/0/4/3!/member_00081,0,/a/0/4/3,172,81,,4148,4154,3264,3270,6,9c517af003b5b6319b047eb65bdfe88f3700febcb571c24a369c82f02f405ffb,020045004600,,,,,False,,,,,,,,,,False,False
/a/0/4/3,/a/0/4/3!/member_00082,0,/a/0/4/3,172,82,,4156,4164,3272,3280,8,7b96476a4dd0d68d92d7d212f1150a9c5545087485f26daa6ee91deb3543ea80,0300450046004900,,,,,False,,,,,,,,,,False,False
/a/0/4/3,/a/0/4/3!/member_00083,0,/a/0/4/3,172,83,,4164,4172,3280,3288,8,11c7fcb6480fb4db0879e62c633561c20a15c52528fcf22906f33e2fe53ccfb0,0300450046008300,,,,,False,,,,,,,,,,False,False
/a/0/4/3,/a/0/4/3!/member_00084,0,/a/0/4/3,172,84,,4172,4196,3288,3312,24,3a56e21ac752165ee27f69ccace9898ebedf0307d0f2468c733f3a98fabb754a,0b008c008d008300450046001d001e00,,,,,False,,,,,,,,,,False,False
/a/0/4/3,/a/0/4/3!/member_00085,0,/a/0/4/3,172,85,,4196,4198,3312,3314,2,96a296d224f285c67bee93c30f8a309157f0daa35dc5b87e410b78630a09cfc7,0000,,,,,False,,,,,,,,,,False,False
/a/0/4/3,/a/0/4/3!/member_00086,0,/a/0/4/3,172,86,,4200,4208,3316,3324,8,407becd6c0d4ab6ab42ec98c226abf13fb23cc71c36ed45755da680ea1d19854,0300070009001300,,,,,False,,,,,,,,,,False,False
/a/0/4/3,/a/0/4/3!/member_00087,0,/a/0/4/3,172,87,,4208,4214,3324,3330,6,bffbf37342e1847a737112312860bc0da32b912ea7cebf5731f01bfca193450e,02007a007c00,,,,,False,,,,,,,,,,False,False
/a/0/4/3,/a/0/4/3!/member_00088,0,/a/0/4/3,172,88,,4216,4240,3332,3356,24,837eef96f56a770ddddfc29c9c4ff512f783a49bbfeb5bb90ea52439d9d7c1e6,0b00b200b300b400b500b600b700b800,,,,,False,,,,,,,,,,False,False
/a/0/4/3,/a/0/4/3!/member_00089,0,/a/0/4/3,172,89,,4240,4246,3356,3362,6,b317b3f43e774512b127ec9db459b90c14c923d4697f3c21ddc3e7791bcddca8,0200bb003001,,,,,False,,,,,,,,,,False,False
/a/0/4/3,/a/0/4/3!/member_00090,0,/a/0/4/3,172,90,,4248,4280,3364,3396,32,509777cadc41674c61c0b75cb86814728514c4963126bde66c8a86c28bdb5170,0f001d001e001f002000210022000601,,,,,False,,,,,,,,,,False,False
/a/0/4/3,/a/0/4/3!/member_00091,0,/a/0/4/3,172,91,,4280,4312,3396,3428,32,15bca2509b81ac03e8ce5b322d3579bff0043d74f0d0085d91a02769e4536d4f,0f001d001e001f002000210022002300,,,,,False,,,,,,,,,,False,False
/a/0/4/3,/a/0/4/3!/member_00092,0,/a/0/4/3,172,92,,4312,4326,3428,3442,14,cc72caef65a43492e5c663500414ca2b31aba72ab714d315b110f450b5a6747b,06007700a700a800da00de00df00,,,,,False,,,,,,,,,,False,False
/a/0/4/3,/a/0/4/3!/member_00093,0,/a/0/4/3,172,93,,4328,4340,3444,3456,12,0e4e9957bade4dae3640b183da1482bbaddcbdc49d15521e45df5cd294e2a8ce,0500120113017b0047017c00,,,,,False,,,,,,,,,,False,False
/a/0/4/3,/a/0/4/3!/member_00094,0,/a/0/4/3,172,94,,4340,4344,3456,3460,4,fbce97f2694888109fbd6ce8dd21a2caf3bc30f12d8c9b9eeb028148f2b7b504,01004101,,,,,False,,,,,,,,,,False,False
/a/0/4/3,/a/0/4/3!/member_00095,0,/a/0/4/3,172,95,,4344,4354,3460,3470,10,2e23b3b33da55f4c767870ef519555677e4566ce483f9bfad80115ecfc71a89f,040024012d011f004201,,,,,False,,,,,,,,,,False,False
/a/0/4/3,/a/0/4/3!/member_00096,0,/a/0/4/3,172,96,,4356,4368,3472,3484,12,11b3904bad84c48020422e146705d208e347817a982d70afc02e62b13548385a,050045004600830028013101,,,,,False,,,,,,,,,,False,False
/a/0/4/3,/a/0/4/3!/member_00097,0,/a/0/4/3,172,97,,4368,4376,3484,3492,8,bff975f03512eed07347446f83cec9580bf0e7dc1f4d6c7f78e374fbc6573d83,0300440145014601,,,,,False,,,,,,,,,,False,False
/a/0/4/3,/a/0/4/3!/member_00098,0,/a/0/4/3,172,98,,4376,4394,3492,3510,18,df444c2fc288deeb2025e36480c176e23c40685052c296ca33486fff3eeea785,08004f0150011d001e001f0020002100,,,,,False,,,,,,,,,,False,False
/a/0/4/3,/a/0/4/3!/member_00099,0,/a/0/4/3,172,99,,4396,4398,3512,3514,2,96a296d224f285c67bee93c30f8a309157f0daa35dc5b87e410b78630a09cfc7,0000,,,,,False,,,,,,,,,,False,False
/a/0/4/3,/a/0/4/3!/member_00100,0,/a/0/4/3,172,100,,4400,4402,3516,3518,2,96a296d224f285c67bee93c30f8a309157f0daa35dc5b87e410b78630a09cfc7,0000,,,,,False,,,,,,,,,,False,False
/a/0/4/3,/a/0/4/3!/member_00101,0,/a/0/4/3,172,101,,4404,4418,3520,3534,14,eb7b429833ab9a5ce1b29ee5a9b21ffb1cf0e1a840f25dedf6bb81bef6f3cf1b,06001d001f0020002200f600f700,,,,,False,,,,,,,,,,False,False
/a/0/4/3,/a/0/4/3!/member_00102,0,/a/0/4/3,172,102,,4420,4428,3536,3544,8,096722d72dd7057cfdf7aaadd922037117ca887573b969ea5c49c9a4b2712945,0300450046004301,,,,,False,,,,,,,,,,False,False
/a/0/4/3,/a/0/4/3!/member_00103,0,/a/0/4/3,172,103,,4428,4434,3544,3550,6,9c517af003b5b6319b047eb65bdfe88f3700febcb571c24a369c82f02f405ffb,020045004600,,,,,False,,,,,,,,,,False,False
/a/0/4/4,/a/0/4/4!/member_00000,0,/a/0/4/4,173,0,,900,8904,0,8004,8004,73d9cb6773d336de035b33927d9cfee01b955d873b9b67293389abb3d9817932,42545830fffe0100441f000010000100,,NSBTX texture,Confirmed,True,False,,,,,,,,,,False,False
/a/0/4/4,/a/0/4/4!/member_00001,0,/a/0/4/4,173,1,,8904,16908,8004,16008,8004,73d9cb6773d336de035b33927d9cfee01b955d873b9b67293389abb3d9817932,42545830fffe0100441f000010000100,,NSBTX texture,Confirmed,True,False,,,,,,,,,,False,False
/a/0/4/4,/a/0/4/4!/member_00002,0,/a/0/4/4,173,2,,16908,54000,16008,53100,37092,bfecfce0640b92a69c32fe4339cafc5a77a088a668a66f67b12e6be8cf727de1,42545830fffe0100e490000010000100,,NSBTX texture,Confirmed,True,False,,,,,,,,,,False,False
/a/0/4/4,/a/0/4/4!/member_00003,0,/a/0/4/4,173,3,,54000,88624,53100,87724,34624,f72db12119d1dc86ea911ff90f9e0cbfa1f1ffe499e00cc2429975b3dd082d14,42545830fffe01004087000010000100,,NSBTX texture,Confirmed,True,False,,,,,,,,,,False,False
/a/0/4/4,/a/0/4/4!/member_00004,0,/a/0/4/4,173,4,,88624,105284,87724,104384,16660,2cebe6399e47d0aa80480a723f38cd7f0b3e9a64bc622ecd2de58104ffc810b2,42545830fffe01001441000010000100,,NSBTX texture,Confirmed,True,False,,,,,,,,,,False,False
/a/0/4/4,/a/0/4/4!/member_00005,0,/a/0/4/4,173,5,,105284,138328,104384,137428,33044,1c23d87e7a4fdd2546fb0878896b2483a2674177612a330ba5096b1777f67bd2,42545830fffe01001481000010000100,,NSBTX texture,Confirmed,True,False,,,,,,,,,,False,False
/a/0/4/4,/a/0/4/4!/member_00006,0,/a/0/4/4,173,6,,138328,188896,137428,187996,50568,af6b7c3934f7a7d6f48e7eb4f36e57f81f5a783410fe57181027ad26addd54ed,42545830fffe010088c5000010000100,,NSBTX texture,Confirmed,True,False,,,,,,,,,,False,False
/a/0/4/4,/a/0/4/4!/member_00007,0,/a/0/4/4,173,7,,188896,220708,187996,219808,31812,32f5cc5faccfc960c6a1051c599ac671848572d098af2f6450ce60922478f360,42545830fffe0100447c000010000100,,NSBTX texture,Confirmed,True,False,,,,,,,,,,False,False
/a/0/4/4,/a/0/4/4!/member_00008,0,/a/0/4/4,173,8,,220708,253792,219808,252892,33084,5a530245f31c5571f292b575aeef054d3160f15f600d5ee4d9942f70e85dff45,42545830fffe01003c81000010000100,,NSBTX texture,Confirmed,True,False,,,,,,,,,,False,False
/a/0/4/4,/a/0/4/4!/member_00009,0,/a/0/4/4,173,9,,253792,275068,252892,274168,21276,31d41b01074431cc440d5fe4ce8929ada773732ab1c5ece9b7f6fd3ec174098e,42545830fffe01001c53000010000100,,NSBTX texture,Confirmed,True,False,,,,,,,,,,False,False
/a/0/4/4,/a/0/4/4!/member_00010,0,/a/0/4/4,173,10,,275068,297792,274168,296892,22724,c8b71b9c5331a720f13201f9a6755163e6db0c0ece18fa12eb610c5f8e6fd380,42545830fffe0100c458000010000100,,NSBTX texture,Confirmed,True,False,,,,,,,,,,False,False
/a/0/4/4,/a/0/4/4!/member_00011,0,/a/0/4/4,173,11,,297792,332668,296892,331768,34876,36d620c28046b1eabfd3f61096b3e770d834f50e5b514f4847ab74e75bbe60b0,42545830fffe01003c88000010000100,,NSBTX texture,Confirmed,True,False,,,,,,,,,,False,False
/a/0/4/4,/a/0/4/4!/member_00012,0,/a/0/4/4,173,12,,332668,353608,331768,352708,20940,b2c93ae348d49be68080b5726388d6ed48b988cca79517cd54a23049e1fa0370,42545830fffe0100cc51000010000100,,NSBTX texture,Confirmed,True,False,,,,,,,,,,False,False
/a/0/4/4,/a/0/4/4!/member_00013,0,/a/0/4/4,173,13,,353608,384092,352708,383192,30484,e9d54b207b4dbaf6f55667ae3f21ecb224d1339e701a7d8624fab764c8d47399,42545830fffe01001477000010000100,,NSBTX texture,Confirmed,True,False,,,,,,,,,,False,False
/a/0/4/4,/a/0/4/4!/member_00014,0,/a/0/4/4,173,14,,384092,420508,383192,419608,36416,09c775f36fd12e02edacaafeed222042bf9918bc81dd6f1e066dd925490d966c,42545830fffe0100408e000010000100,,NSBTX texture,Confirmed,True,False,,,,,,,,,,False,False
/a/0/4/4,/a/0/4/4!/member_00015,0,/a/0/4/4,173,15,,420508,445848,419608,444948,25340,78144906aca3c2c56c6c41b211296f88f4ed8dd962bb5a6b8d1267056ebd6dca,42545830fffe0100fc62000010000100,,NSBTX texture,Confirmed,True,False,,,,,,,,,,False,False
/a/0/4/4,/a/0/4/4!/member_00016,0,/a/0/4/4,173,16,,445848,474972,444948,474072,29124,29e2c9e8a65b4528692363bde27ac76b63446181bf2f9d4d5270d1946e7e80b2,42545830fffe0100c471000010000100,,NSBTX texture,Confirmed,True,False,,,,,,,,,,False,False
/a/0/4/4,/a/0/4/4!/member_00017,0,/a/0/4/4,173,17,,474972,497140,474072,496240,22168,10487d81f538a97a329542cbcc875188e8ee84bac2c6a2e1badac4ddd3d95d3e,42545830fffe01009856000010000100,,NSBTX texture,Confirmed,True,False,,,,,,,,,,False,False
/a/0/4/4,/a/0/4/4!/member_00018,0,/a/0/4/4,173,18,,497140,519644,496240,518744,22504,b66dacd6627a0a56331ec814eb6a91a6a1004b7be6c4e978141e7f14c4b13ef0,42545830fffe0100e857000010000100,,NSBTX texture,Confirmed,True,False,,,,,,,,,,False,False
/a/0/4/4,/a/0/4/4!/member_00019,0,/a/0/4/4,173,19,,519644,541468,518744,540568,21824,76c19bcddf81e8944ce4d65bcb3955c6856326325982cd9a0c1b3314b913ee01,42545830fffe01004055000010000100,,NSBTX texture,Confirmed,True,False,,,,,,,,,,False,False
/a/0/4/4,/a/0/4/4!/member_00020,0,/a/0/4/4,173,20,,541468,560432,540568,559532,18964,20c9acce782ec135b12a5495c4a60a66a69d51df50bbaef35d4c5797ea7ebaec,42545830fffe0100144a000010000100,,NSBTX texture,Confirmed,True,False,,,,,,,,,,False,False
/a/0/4/4,/a/0/4/4!/member_00021,0,/a/0/4/4,173,21,,560432,569528,559532,568628,9096,0c816b1a653fe5672d27240d37d0a747d363447a2f6a9b54fcfe1bcebc5f105b,42545830fffe01008823000010000100,,NSBTX texture,Confirmed,True,False,,,,,,,,,,False,False
/a/0/4/4,/a/0/4/4!/member_00022,0,/a/0/4/4,173,22,,569528,578624,568628,577724,9096,e3d9df27b779123c283626f7213f3aa798d732b9e1ea29e1c071a27cfdc557c7,42545830fffe01008823000010000100,,NSBTX texture,Confirmed,True,False,,,,,,,,,,False,False
/a/0/4/4,/a/0/4/4!/member_00023,0,/a/0/4/4,173,23,,578624,587720,577724,586820,9096,0c816b1a653fe5672d27240d37d0a747d363447a2f6a9b54fcfe1bcebc5f105b,42545830fffe01008823000010000100,,NSBTX texture,Confirmed,True,False,,,,,,,,,,False,False
/a/0/4/4,/a/0/4/4!/member_00024,0,/a/0/4/4,173,24,,587720,596816,586820,595916,9096,0c816b1a653fe5672d27240d37d0a747d363447a2f6a9b54fcfe1bcebc5f105b,42545830fffe01008823000010000100,,NSBTX texture,Confirmed,True,False,,,,,,,,,,False,False
/a/0/4/4,/a/0/4/4!/member_00025,0,/a/0/4/4,173,25,,596816,605124,595916,604224,8308,9d7a2adcad68a20f245c8c68ac205c72ab55c38887a89f84d4a6fd1c02f45895,42545830fffe01007420000010000100,,NSBTX texture,Confirmed,True,False,,,,,,,,,,False,False
/a/0/4/4,/a/0/4/4!/member_00026,0,/a/0/4/4,173,26,,605124,628228,604224,627328,23104,d8e9fb3d92b975d7b9cc181a57e6f919c7fcb6edfe4ab5f9fd54d4df162797fe,42545830fffe0100405a000010000100,,NSBTX texture,Confirmed,True,False,,,,,,,,,,False,False
/a/0/4/4,/a/0/4/4!/member_00027,0,/a/0/4/4,173,27,,628228,659816,627328,658916,31588,ec5be1af86ef401d8af7321691ccc4e87d59a56adf35f3bc13b8d50692b5da12,42545830fffe0100647b000010000100,,NSBTX texture,Confirmed,True,False,,,,,,,,,,False,False
/a/0/4/4,/a/0/4/4!/member_00028,0,/a/0/4/4,173,28,,659816,674596,658916,673696,14780,7f7831fb95b81d3cfb6da127498d3f3d9056a70259020b70ae869f95db53c42b,42545830fffe0100bc39000010000100,,NSBTX texture,Confirmed,True,False,,,,,,,,,,False,False
/a/0/4/4,/a/0/4/4!/member_00029,0,/a/0/4/4,173,29,,674596,733300,673696,732400,58704,3fdef912a5d27a2f509054a9526d7d9fbf0e2fb63910042afb39e7ff8991b6e7,42545830fffe010050e5000010000100,,NSBTX texture,Confirmed,True,False,,,,,,,,,,False,False
/a/0/4/4,/a/0/4/4!/member_00030,0,/a/0/4/4,173,30,,733300,743208,732400,742308,9908,693a74a1677bcf0c19a28f6fa4d44a20ba2747fae7e619c27303331d95effc9a,42545830fffe0100b426000010000100,,NSBTX texture,Confirmed,True,False,,,,,,,,,,False,False
/a/0/4/4,/a/0/4/4!/member_00031,0,/a/0/4/4,173,31,,743208,748996,742308,748096,5788,bff5038b7eaece29e798d9847ce5619ea9564666b5984777ffe48d8834265c48,42545830fffe01009c16000010000100,,NSBTX texture,Confirmed,True,False,,,,,,,,,,False,False
/a/0/4/4,/a/0/4/4!/member_00032,0,/a/0/4/4,173,32,,748996,754260,748096,753360,5264,74a7b7494cba93c2e9dcc0131b6dc8fe18450f31b373206cc2991bae1392d2ff,42545830fffe01009014000010000100,,NSBTX texture,Confirmed,True,False,,,,,,,,,,False,False
/a/0/4/4,/a/0/4/4!/member_00033,0,/a/0/4/4,173,33,,754260,764084,753360,763184,9824,650b2fbc90a1fab6a3f48fc625b6d12ed02ce21459859c8e393cad16488b3f55,42545830fffe01006026000010000100,,NSBTX texture,Confirmed,True,False,,,,,,,,,,False,False
/a/0/4/4,/a/0/4/4!/member_00034,0,/a/0/4/4,173,34,,764084,772996,763184,772096,8912,23e6e2eb0e8dbdc293904aa85f7c9108f7ddd6477bbeb0064136d178f4a478f4,42545830fffe0100d022000010000100,,NSBTX texture,Confirmed,True,False,,,,,,,,,,False,False
/a/0/4/4,/a/0/4/4!/member_00035,0,/a/0/4/4,173,35,,772996,783892,772096,782992,10896,be58d818499559312e56e4fa2804b95153f18a31bb95aaccc1003f16dee0b267,42545830fffe0100902a000010000100,,NSBTX texture,Confirmed,True,False,,,,,,,,,,False,False
/a/0/4/4,/a/0/4/4!/member_00036,0,/a/0/4/4,173,36,,783892,798672,782992,797772,14780,19b2bb26ae7838f7829cf2c73490b9c2a1b4161fb76349347f15f5e03f7d3a8a,42545830fffe0100bc39000010000100,,NSBTX texture,Confirmed,True,False,,,,,,,,,,False,False
/a/0/4/4,/a/0/4/4!/member_00037,0,/a/0/4/4,173,37,,798672,814884,797772,813984,16212,e719e5f68d9eb05c1a36929b7f601a0bfc16c339e41a68312bc48079adbb632f,42545830fffe0100543f000010000100,,NSBTX texture,Confirmed,True,False,,,,,,,,,,False,False
/a/0/4/4,/a/0/4/4!/member_00038,0,/a/0/4/4,173,38,,814884,817312,813984,816412,2428,cb8e2f8de532c1b4d5d9a8f3e21d03e31a8fd8d906962ab0aea8b3a0aa98a529,42545830fffe01007c09000010000100,,NSBTX texture,Confirmed,True,False,,,,,,,,,,False,False
/a/0/4/4,/a/0/4/4!/member_00039,0,/a/0/4/4,173,39,,817312,851848,816412,850948,34536,c2a823a72d7671c435b4d0d64dfb33d41ab0ed5690ec078c3068a9f35db43812,42545830fffe0100e886000010000100,,NSBTX texture,Confirmed,True,False,,,,,,,,,,False,False
/a/0/4/4,/a/0/4/4!/member_00040,0,/a/0/4/4,173,40,,851848,873288,850948,872388,21440,e85705c0c9d7e027ce19a676985e173ce6d35edde22906f445ac9c7d78acbf49,42545830fffe0100c053000010000100,,NSBTX texture,Confirmed,True,False,,,,,,,,,,False,False
/a/0/4/4,/a/0/4/4!/member_00041,0,/a/0/4/4,173,41,,873288,918284,872388,917384,44996,be83698d5c7713dc6ffe1b16aef331221492fb27aadc15c23a70e8d76b170956,42545830fffe0100c4af000010000100,,NSBTX texture,Confirmed,True,False,,,,,,,,,,False,False
/a/0/4/4,/a/0/4/4!/member_00042,0,/a/0/4/4,173,42,,918284,968616,917384,967716,50332,971d44706c14e2b665e98ed879735cb35ad16763781ee4f4b43a23c9cc0d147f,42545830fffe01009cc4000010000100,,NSBTX texture,Confirmed,True,False,,,,,,,,,,False,False
/a/0/4/4,/a/0/4/4!/member_00043,0,/a/0/4/4,173,43,,968616,981820,967716,980920,13204,1d82a3a3ce15eecff795413f8263f130c343611372f59c427dc7f2b62f46c87f,42545830fffe01009433000010000100,,NSBTX texture,Confirmed,True,False,,,,,,,,,,False,False
/a/0/4/4,/a/0/4/4!/member_00044,0,/a/0/4/4,173,44,,981820,1005356,980920,1004456,23536,aab4548f259811333827cc44c3d5883e810ed89b42a83a45fc4e6772f6d64a37,42545830fffe0100f05b000010000100,,NSBTX texture,Confirmed,True,False,,,,,,,,,,False,False
/a/0/4/4,/a/0/4/4!/member_00045,0,/a/0/4/4,173,45,,1005356,1018728,1004456,1017828,13372,f2d1e6f8e83995d180e29d24b938804d5e01bc38ad8303cf100139b3994cc663,42545830fffe01003c34000010000100,,NSBTX texture,Confirmed,True,False,,,,,,,,,,False,False
/a/0/4/4,/a/0/4/4!/member_00046,0,/a/0/4/4,173,46,,1018728,1028108,1017828,1027208,9380,9bd295a1afaf6978ddf912a7f72183a08b4cd5f2926b19199bc99bab562eedb4,42545830fffe0100a424000010000100,,NSBTX texture,Confirmed,True,False,,,,,,,,,,False,False
/a/0/4/4,/a/0/4/4!/member_00047,0,/a/0/4/4,173,47,,1028108,1036296,1027208,1035396,8188,042660401a45a512c50e332b7e4d5cdf1b6a04683f81802ba264ba15bda0ad8f,42545830fffe0100fc1f000010000100,,NSBTX texture,Confirmed,True,False,,,,,,,,,,False,False
/a/0/4/4,/a/0/4/4!/member_00048,0,/a/0/4/4,173,48,,1036296,1059320,1035396,1058420,23024,f90a9cb1464f937ca7cf6eba63eb38b226805c7561fda3c7cdbbb4a772b1fdec,42545830fffe0100f059000010000100,,NSBTX texture,Confirmed,True,False,,,,,,,,,,False,False
/a/0/4/4,/a/0/4/4!/member_00049,0,/a/0/4/4,173,49,,1059320,1063580,1058420,1062680,4260,9b652d33acca5b6ddb5855fa76bfb034d413e128ff09febd1fd8233592833381,42545830fffe0100a410000010000100,,NSBTX texture,Confirmed,True,False,,,,,,,,,,False,False
/a/0/4/4,/a/0/4/4!/member_00050,0,/a/0/4/4,173,50,,1063580,1066272,1062680,1065372,2692,ec56dee030ef86944b60bcc23c9c62a84254be3f0183fd0b6d15f4b79ee8f0fa,42545830fffe0100840a000010000100,,NSBTX texture,Confirmed,True,False,,,,,,,,,,False,False
/a/0/4/4,/a/0/4/4!/member_00051,0,/a/0/4/4,173,51,,1066272,1073248,1065372,1072348,6976,3669c83aaa6a5ece42233057e77c7391c041150b12ca2209b685308047672b00,42545830fffe0100401b000010000100,,NSBTX texture,Confirmed,True,False,,,,,,,,,,False,False
/a/0/4/4,/a/0/4/4!/member_00052,0,/a/0/4/4,173,52,,1073248,1079868,1072348,1078968,6620,92b1b8954c948fd5238972057d778a850497978bbe2f252bd177a8ed1860c69c,42545830fffe0100dc19000010000100,,NSBTX texture,Confirmed,True,False,,,,,,,,,,False,False
/a/0/4/4,/a/0/4/4!/member_00053,0,/a/0/4/4,173,53,,1079868,1083004,1078968,1082104,3136,470c4cce40672906a4d6029d0e40a3972df12007fb5f37d5421e378f8830ea77,42545830fffe0100400c000010000100,,NSBTX texture,Confirmed,True,False,,,,,,,,,,False,False
/a/0/4/4,/a/0/4/4!/member_00054,0,/a/0/4/4,173,54,,1083004,1090780,1082104,1089880,7776,42716fd86844a96e066273192e6079b6201a11a4655cf1f75d5c0243fbe2132e,42545830fffe0100601e000010000100,,NSBTX texture,Confirmed,True,False,,,,,,,,,,False,False
/a/0/4/4,/a/0/4/4!/member_00055,0,/a/0/4/4,173,55,,1090780,1096436,1089880,1095536,5656,eca1ec510ef2f82fdfd884e55ff09f711d2b7bdb2be4d305444b7ecfe8bc3d4a,42545830fffe01001816000010000100,,NSBTX texture,Confirmed,True,False,,,,,,,,,,False,False
/a/0/4/4,/a/0/4/4!/member_00056,0,/a/0/4/4,173,56,,1096436,1108600,1095536,1107700,12164,14eb0c6a78b6ef4d0a0922e2af8217f8ddfdd3b58a4fe1598aa22a343712a350,42545830fffe0100842f000010000100,,NSBTX texture,Confirmed,True,False,,,,,,,,,,False,False
/a/0/4/4,/a/0/4/4!/member_00057,0,/a/0/4/4,173,57,,1108600,1110756,1107700,1109856,2156,37104951d37472e8e488fd0d687237c35b5e852c94118c5806267f2efec66b28,42545830fffe01006c08000010000100,,NSBTX texture,Confirmed,True,False,,,,,,,,,,False,False
/a/0/4/4,/a/0/4/4!/member_00058,0,/a/0/4/4,173,58,,1110756,1112892,1109856,1111992,2136,568ff00ec1ab490ab5d61ec9ee48ff1eb7deb7298b170ac1fb21b1c9e876a4bb,42545830fffe01005808000010000100,,NSBTX texture,Confirmed,True,False,,,,,,,,,,False,False
/a/0/4/4,/a/0/4/4!/member_00059,0,/a/0/4/4,173,59,,1112892,1119324,1111992,1118424,6432,6ac1a886f33d103a92476828db795323aebcd84ad94a40b5ab583c1c0f5bf55c,42545830fffe01002019000010000100,,NSBTX texture,Confirmed,True,False,,,,,,,,,,False,False
/a/0/4/4,/a/0/4/4!/member_00060,0,/a/0/4/4,173,60,,1119324,1124148,1118424,1123248,4824,33c0c03fc098a0c64a5e17509d03592483505191579ad65a524dbe815487332c,42545830fffe0100d812000010000100,,NSBTX texture,Confirmed,True,False,,,,,,,,,,False,False
/a/0/4/4,/a/0/4/4!/member_00061,0,/a/0/4/4,173,61,,1124148,1152432,1123248,1151532,28284,8f966740cd09ff392122f57cb9843d955861873e41c28bcdad4eced6f86ada66,42545830fffe01007c6e000010000100,,NSBTX texture,Confirmed,True,False,,,,,,,,,,False,False
/a/0/4/4,/a/0/4/4!/member_00062,0,/a/0/4/4,173,62,,1152432,1172984,1151532,1172084,20552,0b156468e869db77d2bcd62b2cb96fd7cc6f78b48bc999ad246a8a0b5a19c8a8,42545830fffe01004850000010000100,,NSBTX texture,Confirmed,True,False,,,,,,,,,,False,False
/a/0/4/4,/a/0/4/4!/member_00063,0,/a/0/4/4,173,63,,1172984,1199540,1172084,1198640,26556,0aef973583fe341aa6d2cef14fb42d1d2deb77a968c0734fc226dd20d6f06fbd,42545830fffe0100bc67000010000100,,NSBTX texture,Confirmed,True,False,,,,,,,,,,False,False
/a/0/4/4,/a/0/4/4!/member_00064,0,/a/0/4/4,173,64,,1199540,1209872,1198640,1208972,10332,b66622aecbbb66d8ff82ae196befb13c1aa2431fa2b3dbb76db5d15c8d92ccbd,42545830fffe01005c28000010000100,,NSBTX texture,Confirmed,True,False,,,,,,,,,,False,False
/a/0/4/4,/a/0/4/4!/member_00065,0,/a/0/4/4,173,65,,1209872,1224180,1208972,1223280,14308,678dba2552dee08394afb6b43c0dbcaa1518bab1b018e7c2aaaa88a88ba93626,42545830fffe0100e437000010000100,,NSBTX texture,Confirmed,True,False,,,,,,,,,,False,False
/a/0/4/4,/a/0/4/4!/member_00066,0,/a/0/4/4,173,66,,1224180,1229372,1223280,1228472,5192,0af0d629b878aca23130a5f1f33e50aab2e9f0ad29fb5188f9913b1979448a82,42545830fffe01004814000010000100,,NSBTX texture,Confirmed,True,False,,,,,,,,,,False,False
/a/0/4/4,/a/0/4/4!/member_00067,0,/a/0/4/4,173,67,,1229372,1230080,1228472,1229180,708,084fec6bbb4ae1ed8b4a943a4dab4d1d1a6d5b4f419a4124ea456b0461705c64,42545830fffe0100c402000010000100,,NSBTX texture,Confirmed,True,False,,,,,,,,,,False,False
/a/0/4/4,/a/0/4/4!/member_00068,0,/a/0/4/4,173,68,,1230080,1230788,1229180,1229888,708,084fec6bbb4ae1ed8b4a943a4dab4d1d1a6d5b4f419a4124ea456b0461705c64,42545830fffe0100c402000010000100,,NSBTX texture,Confirmed,True,False,,,,,,,,,,False,False
/a/0/4/4,/a/0/4/4!/member_00069,0,/a/0/4/4,173,69,,1230788,1231496,1229888,1230596,708,084fec6bbb4ae1ed8b4a943a4dab4d1d1a6d5b4f419a4124ea456b0461705c64,42545830fffe0100c402000010000100,,NSBTX texture,Confirmed,True,False,,,,,,,,,,False,False
/a/0/4/4,/a/0/4/4!/member_00070,0,/a/0/4/4,173,70,,1231496,1256948,1230596,1256048,25452,98883903da1b066f1d9e347ce7aa570583012a8c712e6294e16d1c9e1c005ba2,42545830fffe01006c63000010000100,,NSBTX texture,Confirmed,True,False,,,,,,,,,,False,False
/a/0/4/4,/a/0/4/4!/member_00071,0,/a/0/4/4,173,71,,1256948,1276340,1256048,1275440,19392,927e4aaaa6d5cd521d40e88395b5b8d2cc8095ee580d6f683ca4dd184fb85879,42545830fffe0100c04b000010000100,,NSBTX texture,Confirmed,True,False,,,,,,,,,,False,False
/a/0/4/4,/a/0/4/4!/member_00072,0,/a/0/4/4,173,72,,1276340,1286288,1275440,1285388,9948,353a129cf31a5449187d520b0a66bd44c47ae65d00a00b96f30773cab447a841,42545830fffe0100dc26000010000100,,NSBTX texture,Confirmed,True,False,,,,,,,,,,False,False
/a/0/4/4,/a/0/4/4!/member_00073,0,/a/0/4/4,173,73,,1286288,1298756,1285388,1297856,12468,db974a0396a6f20fc7cc0bb85551f94e4074e7d103c1d66a90ec24b00f9ab09a,42545830fffe0100b430000010000100,,NSBTX texture,Confirmed,True,False,,,,,,,,,,False,False
/a/0/4/4,/a/0/4/4!/member_00074,0,/a/0/4/4,173,74,,1298756,1324208,1297856,1323308,25452,a5084e796657f704fedd880056418716b52dc3e6244a2d7ca356a03540d9eac0,42545830fffe01006c63000010000100,,NSBTX texture,Confirmed,True,False,,,,,,,,,,False,False
/a/0/4/4,/a/0/4/4!/member_00075,0,/a/0/4/4,173,75,,1324208,1377352,1323308,1376452,53144,4f7f172cee64f171df55bc8b9ab0743cc75aab446d802bd35c97a7c026dd7445,42545830fffe010098cf000010000100,,NSBTX texture,Confirmed,True,False,,,,,,,,,,False,False
/a/0/4/4,/a/0/4/4!/member_00076,0,/a/0/4/4,173,76,,1377352,1392932,1376452,1392032,15580,6481128c431a2b571cb4c29447c214a757536452d3b549297dcd64f018bd7853,42545830fffe0100dc3c000010000100,,NSBTX texture,Confirmed,True,False,,,,,,,,,,False,False
/a/0/4/4,/a/0/4/4!/member_00077,0,/a/0/4/4,173,77,,1392932,1402892,1392032,1401992,9960,7fe94a0765082d001d1b6204258fb1c2363bde21c966ed6b077bfd235cea51ef,42545830fffe0100e826000010000100,,NSBTX texture,Confirmed,True,False,,,,,,,,,,False,False
/a/0/4/4,/a/0/4/4!/member_00078,0,/a/0/4/4,173,78,,1402892,1412332,1401992,1411432,9440,c93d63eca23aedff1bd71459e22fd445dbab0e5e5feb9c69d41fe125451ec1ce,42545830fffe0100e024000010000100,,NSBTX texture,Confirmed,True,False,,,,,,,,,,False,False
