container_chain,member_chain,depth,parent_narc_path,parent_file_id,member_index,name,container_relative_offset,container_relative_end,gmif_relative_offset,gmif_relative_end,size,sha256,signature_hex,extension,probable_format,format_evidence,structure_valid,compressed,compression,compression_evidence,decompression_supported,declared_decompressed_size,decompression_valid,decompressed_size,decompressed_sha256,decompressed_format,decompressed_format_evidence,nested_container,nested_after_decompression
/a/0/1/1,/a/0/1/1!/member_00431,0,/a/0/1/1,140,431,,10716,10732,6896,6912,16,6c91dcb9b7a44f9c4cfa6c6d9fa39f0e01663d6651ad2f70aebc7304d0e05658,4c00005a005514140000003312000000,,,,,False,,,,,,,,,,False,False
/a/0/1/1,/a/0/1/1!/member_00432,0,/a/0/1/1,140,432,,10732,10748,6912,6928,16,a6f96366d8c5789fd35b420d186a48d55278d36f58f94702f3c17ce555a61ca1,0201020002000f00000000120d010000,,,,,False,,,,,,,,,,False,False
/a/0/1/1,/a/0/1/1!/member_00433,0,/a/0/1/1,140,433,,10748,10764,6928,6944,16,555d58be9ae039f69c7a8b2badc177b9ed7784e1e0ec11951a86145a52599700,030102000e0005004000f9100e020000,,,,,False,,,,,,,,,,False,False
/a/0/1/1,/a/0/1/1!/member_00434,0,/a/0/1/1,140,434,,10764,10780,6944,6960,16,6fbdaf71f5e45acf4a1da0a17cfea3c5ef12dd5423bd69430e5987c203631a0e,cc00018c105a05640000003216030000,,,,,False,,,,,,,,,,False,False
/a/0/1/1,/a/0/1/1!/member_00435,0,/a/0/1/1,140,435,,10780,10796,6960,6976,16,39f2d5e627939f662789bdb45df1c5c74e728fb192670be4cfe49a4bcfa964d8,060001500d640f1e0800003211000000,,,,,False,,,,,,,,,,False,False
/a/0/1/1,/a/0/1/1!/member_00436,0,/a/0/1/1,140,436,,10796,10812,6976,6992,16,a86e053a6eeed9c83d5fbacd541e551dc558015960957a1bdea6bce11a081f4b,040001500a640f1e0800003211040000,,,,,False,,,,,,,,,,False,False
/a/0/1/1,/a/0/1/1!/member_00437,0,/a/0/1/1,140,437,,10812,10828,6992,7008,16,c3d0d1c9954ed4d6ea4ad14341847b02e2f77538845748060de1855760ff889e,cc00018c0c5a0564000000b216020000,,,,,False,,,,,,,,,,False,False
/a/0/1/1,/a/0/1/1!/member_00438,0,/a/0/1/1,140,438,,10828,10844,7008,7024,16,f1a2689eb4871558a07467d2cc1d9103e845013b04affc551c9a24852c779755,000000780c550a00000000b305010000,,,,,False,,,,,,,,,,False,False
/a/0/1/1,/a/0/1/1!/member_00439,0,/a/0/1/1,140,439,,10844,10860,7024,7040,16,3c0acbaa3cf469ecfde8c9a023851d9afb79a6106e5d69ba0d43e1c56a496e82,50000096055a0500000000b216040000,,,,,False,,,,,,,,,,False,False
/a/0/1/1,/a/0/1/1!/member_00440,0,/a/0/1/1,140,440,,10860,10876,7040,7056,16,b39dc64c312f7b27fc9446b8c6ad2c1e3d18c05da1fa89368910538455d54e6f,d10000460364140a0000003305000000,,,,,False,,,,,,,,,,False,False
/a/0/1/1,/a/0/1/1!/member_00441,0,/a/0/1/1,140,441,,10876,10892,7056,7072,16,187b63b7e1cfccda7607d5f6d74166da8460657982a12f52e4ac179e318d2f00,020000780346051e000000b205000000,,,,,False,,,,,,,,,,False,False
/a/0/1/1,/a/0/1/1!/member_00442,0,/a/0/1/1,140,442,,10892,10908,7072,7088,16,2ff1843b9e442d8b778030a807915994b9f211e3a576422ac509d0badc0d02a3,1f00005008640f1e0000003312040000,,,,,False,,,,,,,,,,False,False
/a/0/1/1,/a/0/1/1!/member_00443,0,/a/0/1/1,140,443,,10908,10924,7088,7104,16,e5f343f17dc8c7846b7512b3b6bdd18470221330fb7b07aeeed8b6f7f895d8e5,1100003c080014000000003205000000,,Nintendo LZ11,Probable,,True,Nintendo LZ11,Probable,True,3932160,False,,,,,False,False
/a/0/1/1,/a/0/1/1!/member_00444,0,/a/0/1/1,140,444,,10924,10940,7104,7120,16,940ccd7dbe7d85af4a67c44001a5e0755a26e926e1a3d2200a50a1c3a940445a,2b000064055005000000003204040000,,,,,False,,,,,,,,,,False,False
/a/0/1/1,/a/0/1/1!/member_00445,0,/a/0/1/1,140,445,,10940,10956,7120,7136,16,60e6c73482947e2030138453746e6561f4c982cf78cfd0b957da426905744267,09010200006414000400005613010000,,,,,False,,,,,,,,,,False,False
/a/0/1/1,/a/0/1/1!/member_00446,0,/a/0/1/1,140,446,,10956,10972,7136,7152,16,5cc2e93c97ba28d8a0ac806e120af68e686bb5da07bbd3b9ddee651b672f095d,0a01020005001400800000000d000000,,,,,False,,,,,,,,,,False,False
/a/0/1/1,/a/0/1/1!/member_00447,0,/a/0/1/1,140,447,,10972,10988,7152,7168,16,68777889aa565808bf6cccefd7dbce34389e18a6c7016f156835a442bdd74bc8,c40001010c6414000000007304030000,,,,,False,,,,,,,,,,False,False
/a/0/1/1,/a/0/1/1!/member_00448,0,/a/0/1/1,140,448,,10988,11004,7168,7184,16,a7e53e529f1b1e3cf363a25299d8fe877e6030bcd583018de9daace76b45eebb,0b01013c026414000000004217030000,,,,,False,,,,,,,,,,False,False
/a/0/1/1,/a/0/1/1!/member_00449,0,/a/0/1/1,140,449,,11004,11020,7184,7200,16,6588357aea688965b621b1b690c0df015ec699da1f0423335e241dff844995bc,0c01016400640a00000000320e030000,,,,,False,,,,,,,,,,False,False
/a/0/1/1,/a/0/1/1!/member_00450,0,/a/0/1/1,140,450,,11020,11036,7200,7216,16,32bcc1e955595a7909791b4484917c6b197f69cba974f93f1275bbf89fe3b9b9,e000003c06641400000000730c040000,,,,,False,,,,,,,,,,False,False
/a/0/1/1,/a/0/1/1!/member_00451,0,/a/0/1/1,140,451,,11036,11052,7216,7232,16,9083209f6ebead07e5858e89f7863696964748b87c858ecc5abf869e7a75451a,140101320d5a0a460000003211010000,,,,,False,,,,,,,,,,False,False
/a/0/1/1,/a/0/1/1!/member_00452,0,/a/0/1/1,140,452,,11052,11068,7232,7248,16,e9fe65e38f8b6eb84a7c5b268a7e29675f84932c74a36a842dae89aa4bee77f0,c60000780c640f000000003312040000,,,,,False,,,,,,,,,,False,False
/a/0/1/1,/a/0/1/1!/member_00453,0,/a/0/1/1,140,453,,11068,11084,7248,7264,16,9982ff93a982eb9e1f82ea34af8533776841651b49795d94f176e73b5898e224,670000280b6414000000013301010000,,,,,False,,,,,,,,,,False,False
/a/0/1/1,/a/0/1/1!/member_00454,0,/a/0/1/1,140,454,,11084,11100,7264,7280,16,1ace424d8c21ab5904633118021ab6af751f15ec97acd2e66e1e04a2b696f21f,2b00005a06640f000000003204030000,,,,,False,,,,,,,,,,False,False
/a/0/1/1,/a/0/1/1!/member_00455,0,/a/0/1/1,140,455,,11100,11116,7280,7296,16,2745d84cbe6f6ef2de3c7af9c2710d357ffe86e456ed118e8ca990b173618163,ce00020006000a00100000080b030000,,,,,False,,,,,,,,,,False,False
/a/0/1/1,/a/0/1/1!/member_00456,0,/a/0/1/1,140,456,,11116,11132,7296,7312,16,8674c0790cfa63907a92d1940ae5835030dccb130a3ca42c0a4639d09ec8ac66,2000020006000a001000000808030000,,Nintendo Huffman,Probable,,True,Nintendo Huffman,Probable,False,512,,,,,,False,False
/a/0/1/1,/a/0/1/1!/member_00457,0,/a/0/1/1,140,457,,11132,11148,7312,7328,16,a986048ac167672b9b19867c106e3edf2c6615d55d545e07d60ff8b78f2b7989,0d01009605500500000000b316040000,,,,,False,,,,,,,,,,False,False
/a/0/1/1,/a/0/1/1!/member_00458,0,/a/0/1/1,140,458,,11148,11164,7328,7344,16,28c46de50a7271fda675ca24f941cdac8944f1303fdd58353784b448a091f194,2c000023005a0a000000003307030000,,,,,False,,,,,,,,,,False,False
/a/0/1/1,/a/0/1/1!/member_00459,0,/a/0/1/1,140,459,,11164,11180,7344,7360,16,9efa55b99cff4d05a14f0310293706fb2c7d9b5dd01ff65c371c7de8981a28fa,50000196105a05000000003216000000,,,,,False,,,,,,,,,,False,False
/a/0/1/1,/a/0/1/1!/member_00460,0,/a/0/1/1,140,460,,11180,11196,7360,7376,16,9511e2774c3a392bb9dcb0deb35ddc8851fa12473160ae52042026e9ddc6bf2e,2b000164105f0500000000b204040000,,,,,False,,,,,,,,,,False,False
/a/0/1/1,/a/0/1/1!/member_00461,0,/a/0/1/1,140,461,,11196,11212,7376,7392,16,f59352c6bd6dae48d091651171f41710ab0c69bd98883cf9b56ed7cda8fe5084,0e0102000e000a001000008008010000,,,,,False,,,,,,,,,,False,False
/a/0/1/1,/a/0/1/1!/member_00462,0,/a/0/1/1,140,462,,11212,11228,7392,7408,16,d1d0d4ed923b885b86848b144ccc6dae3532a4125bbc4da5ff9133f1be7da14a,ed00000100640500000000330f040000,,,,,False,,,,,,,,,,False,False
/a/0/1/1,/a/0/1/1!/member_00463,0,/a/0/1/1,140,463,,11228,11244,7408,7424,16,331802f4857462536f11e24a44b2729d7da453097662153fb5d03c5ee49d392f,2a0001780a460500000000b207040000,,,,,False,,,,,,,,,,False,False
/a/0/1/1,/a/0/1/1!/member_00464,0,/a/0/1/1,140,464,,11244,11260,7424,7440,16,602661ea18510a797ca054311942fb5135a78202cc6669258986233dcf8ff423,0100020011500a000400009613030000,,,,,False,,,,,,,,,,False,False
/a/0/1/1,/a/0/1/1!/member_00465,0,/a/0/1/1,140,465,,11260,11276,7440,7456,16,32fef283403f10d948ff15d8e2f0a8333fc09b2047d1e1bce02923acae8821cc,0f0101780c550528000000b216000000,,,,,False,,,,,,,,,,False,False
/a/0/1/1,/a/0/1/1!/member_00466,0,/a/0/1/1,140,466,,11276,11292,7456,7472,16,4bfb4e9c94e119b7381c48ff08eeb39c9307f2b125e72dde941bbda6c31f1c46,8c00013c0764050a000000320b030000,,,,,False,,,,,,,,,,False,False
/a/0/1/1,/a/0/1/1!/member_00467,0,/a/0/1/1,140,467,,11292,11308,7472,7488,16,4ba24af115cb5a9cec32173df7f65e51c1d049c4f8485c08c52fed0458633062,10010078076405000000003116030000,,Nintendo LZ10,Probable,,True,Nintendo LZ10,Probable,True,7864321,False,,,,,False,False
/a/0/1/1,/a/0/1/1!/member_00468,0,/a/0/1/1,140,468,,11308,11324,7488,7504,16,32dc3d8fd4f81daa0463a2fbbc38b2322614becc0ab07c999cfcf1c9f66cd3d0,0000016400640a000000003210010000,,,,,False,,,,,,,,,,False,False
/a/0/1/1,/a/0/1/1!/member_00469,0,/a/0/1/1,140,469,,11324,11340,7504,7520,16,51a749e47670eb82ea3779dfaaecdd1838a0e7c17fbc33740659d817c8dffeff,0000016400640a000000003211020000,,,,,False,,,,,,,,,,False,False
/a/0/1/1,/a/0/1/1!/member_00470,0,/a/0/1/1,140,470,,11340,11356,7520,7536,16,ecc426597c558670337a07c39e35ed88b7d85f7ffc968ca11ac9045767f42a5d,0000016400640a000000003212030000,,,,,False,,,,,,,,,,False,False
/a/0/1/2,/a/0/1/2!/member_00000,0,/a/0/1/2,141,0,,7772,7880,0,108,108,f39d8e52500d12fdc87966d751899ea094bdf5e5b2a45dff12cf3c1aa73d232e,0a000000190000004000000013fd4900,,,,,False,,,,,,,,,,False,False
/a/0/1/2,/a/0/1/2!/member_00001,0,/a/0/1/2,141,1,,7880,8092,108,320,212,558beecdf0f9b5a33e9585985f7cc7b02d8d0a0f13903935d406cf6631027641,220000002f0000003c00000049000000,,,,,False,,,,,,,,,,False,False
/a/0/1/2,/a/0/1/2!/member_00002,0,/a/0/1/2,141,2,,8092,9088,320,1316,996,81d1ae41f621f59ec16ac00a2883d9b55ab9253d47358ebc14662a006036a806,0a000000200000003600000013fd2900,,,,,False,,,,,,,,,,False,False
/a/0/1/2,/a/0/1/2!/member_00003,0,/a/0/1/2,141,3,,9088,15084,1316,7312,5996,3b941ca9d661dcb4745f88c9df4948d001ff5497b6530dec3dc3ff2900ef7289,94040000e00400001601000074050000,,,,,False,,,,,,,,,,False,False
/a/0/1/2,/a/0/1/2!/member_00004,0,/a/0/1/2,141,4,,15084,19012,7312,11240,3928,6ddaf0ae4e954d4ec90cd783247ceb46a914a8f56d3184b86c75ef9f5cc208fb,46000000a0020000c90b00000b0c0000,,,,,False,,,,,,,,,,False,False
/a/0/1/2,/a/0/1/2!/member_00005,0,/a/0/1/2,141,5,,19012,19900,11240,12128,888,e5b25cf75674d01efc935291cba9525fab53cd7e6f5d1e21e6d1a44b71a893e1,0a000000000100005603000013fd2000,,,,,False,,,,,,,,,,False,False
/a/0/1/2,/a/0/1/2!/member_00006,0,/a/0/1/2,141,6,,19900,19964,12128,12192,64,e2095f54fdb266bd3ac3082a3e365c2935a2c0f003c0e44cef5850f74704a00c,290000000200000013fd4900dc056000,,,,,False,,,,,,,,,,False,False
/a/0/1/2,/a/0/1/2!/member_00007,0,/a/0/1/2,141,7,,19964,20212,12192,12440,248,36e1ae638a9942b73a575319929ce33d5886a26af898f3025fe76863d7a04144,0200000013fd1400ef075a0200005b02,,,,,False,,,,,,,,,,False,False
/a/0/1/2,/a/0/1/2!/member_00008,0,/a/0/1/2,141,8,,20212,20420,12440,12648,208,25768dd5db529e53a7717455f796bf393cdffcb1a064587d2ae56b8f1fc4018e,0200000013fd2000b50a1c00013c0000,,,,,False,,,,,,,,,,False,False
/a/0/1/2,/a/0/1/2!/member_00009,0,/a/0/1/2,141,9,,20420,20556,12648,12784,136,0e275c713058032b288da21a6b7cdf72c175606360a1af00731f941ba84379e5,5c0000006d0000000200000013fd7701,,,,,False,,,,,,,,,,False,False
/a/0/1/2,/a/0/1/2!/member_00010,0,/a/0/1/2,141,10,,20556,22748,12784,14976,2192,932ad6a7b1aead93bf7d8cf6a7c8b103dbd71bc3446dbf3641ee45d2c8f68f3a,16000000b807000037010000c5070000,,,,,False,,,,,,,,,,False,False
/a/0/1/2,/a/0/1/2!/member_00011,0,/a/0/1/2,141,11,,22748,22880,14976,15108,132,f54b2448765fda6b4ae039a908009c456966c8e60ed0801abd5a17788746c740,210000000200000013fd2000a4001c00,,,,,False,,,,,,,,,,False,False
/a/0/1/2,/a/0/1/2!/member_00012,0,/a/0/1/2,141,12,,22880,23392,15108,15620,512,7f5111ba88b11a3e78035750c6362d2d36871fb18c911e356b45ccb1077d8a5f,160000001800000079000000a1000000,,,,,False,,,,,,,,,,False,False
/a/0/1/2,/a/0/1/2!/member_00013,0,/a/0/1/2,141,13,,23392,23848,15620,16076,456,f669beefcd6c5720027e0236b8543f90afdf343e8822f72851abf606119448fb,410000000200000013fd200089011c00,,,,,False,,,,,,,,,,False,False
/a/0/1/2,/a/0/1/2!/member_00014,0,/a/0/1/2,141,14,,23848,23980,16076,16208,132,e9eae52a18a0f75e647b55ff5f68d319c916b0ecd7699ecb248a9bda49b1ec5f,210000000200000013fd2000a4001c00,,,,,False,,,,,,,,,,False,False
/a/0/1/2,/a/0/1/2!/member_00015,0,/a/0/1/2,141,15,,23980,25200,16208,17428,1220,a98bfac9dc347d951c7308f137f84a63a12c798e02fcd6abb0ff106c421b08ce,fa00000088040000c601000015020000,,,,,False,,,,,,,,,,False,False
/a/0/1/2,/a/0/1/2!/member_00016,0,/a/0/1/2,141,16,,25200,25300,17428,17528,100,d56e45a386dec246f28e687c05415569f6b12492510fd4fd0abdd2f2842144fb,12000000100000001f0000002e000000,,,,,False,,,,,,,,,,False,False
/a/0/1/2,/a/0/1/2!/member_00017,0,/a/0/1/2,141,17,,25300,25356,17528,17584,56,f8bd893ec5f483095b1ea7570b0511b927c4334ec9d59f391122ed92122636fc,0a000000080000001700000013fd0200,,,,,False,,,,,,,,,,False,False
/a/0/1/2,/a/0/1/2!/member_00018,0,/a/0/1/2,141,18,,25356,25780,17584,18008,424,9aa33b210a181a92713431233972923f1a323a690bb634b26f89ad6f0ca85b0d,0a0000001d0000003001000013fd1f00,,,,,False,,,,,,,,,,False,False
/a/0/1/2,/a/0/1/2!/member_00019,0,/a/0/1/2,141,19,,25780,26788,18008,19016,1008,bed5e8fc63eea8036381190604fb8e128570f0a68ae379517a672f8f595a1887,0a0000006c0000009502000013fd4900,,,,,False,,,,,,,,,,False,False
/a/0/1/2,/a/0/1/2!/member_00020,0,/a/0/1/2,141,20,,26788,26796,19016,19024,8,1c41889b5ca0b389bff2b87b597a76386e51e014486e52a57b44cf72e8bf3470,0200000013fd0200,,,,,False,,,,,,,,,,False,False
/a/0/1/2,/a/0/1/2!/member_00021,0,/a/0/1/2,141,21,,26796,29208,19024,21436,2412,c4e5da2d2f95cec31686b19d56bdde5ce823e74977f70aef05d53b4842c8a580,c1000000de0600001200000029000000,,,,,False,,,,,,,,,,False,False
/a/0/1/2,/a/0/1/2!/member_00022,0,/a/0/1/2,141,22,,29208,29672,21436,21900,464,754876abf3501a4e58f53868834554fb460dd5e4633e1023b1deae0c61f2e67f,06000000a300000013fd200089011c00,,,,,False,,,,,,,,,,False,False
/a/0/1/2,/a/0/1/2!/member_00023,0,/a/0/1/2,141,23,,29672,30052,21900,22280,380,4ac53088dad0e76010cd3f06524761f87e3e2db54768b4fe65e1c0ee0f009a45,140100003a0100005c01000002000000,,,,,False,,,,,,,,,,False,False
/a/0/1/2,/a/0/1/2!/member_00024,0,/a/0/1/2,141,24,,30052,30924,22280,23152,872,8132e129cb3b457c5ec06153e604d77c81d6c57b316faf2a8882562606791fea,25000000020300000200000013fd2000,,,,,False,,,,,,,,,,False,False
/a/0/1/2,/a/0/1/2!/member_00025,0,/a/0/1/2,141,25,,30924,32816,23152,25044,1892,3b63393e7f1a2f7011a867e3e43b2064715354e0353aaf520abc352642c7b6fd,3d0300008c0600009d060000ae060000,,,,,False,,,,,,,,,,False,False
/a/0/1/2,/a/0/1/2!/member_00026,0,/a/0/1/2,141,26,,32816,33104,25044,25332,288,d1b0902ecc9d125dffaa4d742c906604a6b31945c9dad5503fb945383e4742c4,dc000000ed000000fe00000026000000,,,,,False,,,,,,,,,,False,False
/a/0/1/2,/a/0/1/2!/member_00027,0,/a/0/1/2,141,27,,33104,33112,25332,25340,8,1c41889b5ca0b389bff2b87b597a76386e51e014486e52a57b44cf72e8bf3470,0200000013fd0200,,,,,False,,,,,,,,,,False,False
/a/0/1/2,/a/0/1/2!/member_00028,0,/a/0/1/2,141,28,,33112,33120,25340,25348,8,1c41889b5ca0b389bff2b87b597a76386e51e014486e52a57b44cf72e8bf3470,0200000013fd0200,,,,,False,,,,,,,,,,False,False
/a/0/1/2,/a/0/1/2!/member_00029,0,/a/0/1/2,141,29,,33120,36112,25348,28340,2992,517004b7356c6d0523163a5f1f65ea877770af77a29c1fe2495473a073036e05,890000005e090000f100000070020000,,,,,False,,,,,,,,,,False,False
/a/0/1/2,/a/0/1/2!/member_00030,0,/a/0/1/2,141,30,,36112,37748,28340,29976,1636,7a6de8fb2fc9bcd972fd9dd9d96f74282e158ff9fc035bc02c2e085019342ba0,81000000900000009f000000ae000000,,,,,False,,,,,,,,,,False,False
/a/0/1/2,/a/0/1/2!/member_00031,0,/a/0/1/2,141,31,,37748,38260,29976,30488,512,1ca4fe99aa85503e4d81bba5212a438f5d2f5bc45c10cbca0e46acb6a4b45a90,1e0000004c0000005b0000006a000000,,,,,False,,,,,,,,,,False,False
/a/0/1/2,/a/0/1/2!/member_00032,0,/a/0/1/2,141,32,,38260,38812,30488,31040,552,2c728a03f83c68224a2147455adc17db776360101e31ba43e98668292e30d657,220000008300000092000000a1000000,,,,,False,,,,,,,,,,False,False
/a/0/1/2,/a/0/1/2!/member_00033,0,/a/0/1/2,141,33,,38812,39680,31040,31908,868,e0a7a080f04a61bc58ee29964d77393039d5fdbc66fa0f9adbbfd6119e4b8b9f,0e000000270000004900000032000000,,,,,False,,,,,,,,,,False,False
/a/0/1/2,/a/0/1/2!/member_00034,0,/a/0/1/2,141,34,,39680,40528,31908,32756,848,66405ff7f7a5e6a2753742201608385f24a3473bd1c97a03f802201bb2f38cec,060000002700000013fd1e00b7011e00,,,,,False,,,,,,,,,,False,False
/a/0/1/2,/a/0/1/2!/member_00035,0,/a/0/1/2,141,35,,40528,40800,32756,33028,272,bc01ae1c65052e79e8e296e8838fe372444e4b7abb097b42d6ab0c234026ed84,0200000013fd61026000d9020c801100,,,,,False,,,,,,,,,,False,False
/a/0/1/2,/a/0/1/2!/member_00036,0,/a/0/1/2,141,36,,40800,40808,33028,33036,8,1c41889b5ca0b389bff2b87b597a76386e51e014486e52a57b44cf72e8bf3470,0200000013fd0200,,,,,False,,,,,,,,,,False,False
/a/0/1/2,/a/0/1/2!/member_00037,0,/a/0/1/2,141,37,,40808,42496,33036,34724,1688,a709492773e6991c0a8beb0c0bb8f8d1a7beb9e45c865fd594ab7e389f652f98,40060000510600006206000073060000,,,,,False,,,,,,,,,,False,False
/a/0/1/2,/a/0/1/2!/member_00038,0,/a/0/1/2,141,38,,42496,43528,34724,35756,1032,17155ffbbb68ff8b3e283fcd8ca9b8a0b4c6cdd510c811d2dffab20e2b3b7380,1c0000002401000062030000a3030000,,,,,False,,,,,,,,,,False,False
/a/0/1/2,/a/0/1/2!/member_00039,0,/a/0/1/2,141,39,,43528,44264,35756,36492,736,86301ce79bf50b2cf8ea1957d6615377da16980ad7169163d4e1468adb33a689,12000000480200004f020000a4020000,,,,,False,,,,,,,,,,False,False
/a/0/1/2,/a/0/1/2!/member_00040,0,/a/0/1/2,141,40,,44264,44912,36492,37140,648,e2a52f01589cc9bec0c2cc7900b2a01db4ea6841592ee675e46cb5d41e1bb09e,0a000000470000006000000013fd4900,,,,,False,,,,,,,,,,False,False
/a/0/1/2,/a/0/1/2!/member_00041,0,/a/0/1/2,141,41,,44912,45620,37140,37848,708,c3932e910f540b36fae15dcb828c805883bf659b1abe0e90da720bcb5819a74a,0e000000400200004702000033010000,,,,,False,,,,,,,,,,False,False
/a/0/1/2,/a/0/1/2!/member_00042,0,/a/0/1/2,141,42,,45620,46848,37848,39076,1228,e9d53345bd75856a7a46f3ed77ace96425003ee758d82bba2b0d9193e9e947b3,a3000000710100007404000081040000,,,,,False,,,,,,,,,,False,False
/a/0/1/2,/a/0/1/2!/member_00043,0,/a/0/1/2,141,43,,46848,47532,39076,39760,684,42ad07bffba782496ac6440911b3e7ee2fca21072b7a4dc2640547cedeace3d4,0e000000400200004702000033010000,,,,,False,,,,,,,,,,False,False
/a/0/1/2,/a/0/1/2!/member_00044,0,/a/0/1/2,141,44,,47532,48184,39760,40412,652,14df198d0d72a9f0565e86858e4d6f0036de5ba566e766e991b11b907da09296,0a000000470000006400000013fd4900,,,,,False,,,,,,,,,,False,False
/a/0/1/2,/a/0/1/2!/member_00045,0,/a/0/1/2,141,45,,48184,48856,40412,41084,672,c13e4160c3f37edb60356b82165ee71c6ad3253ab3b4426557f46761f11bbb09,0a0000003c0200003301000013fd4900,,,,,False,,,,,,,,,,False,False
/a/0/1/2,/a/0/1/2!/member_00046,0,/a/0/1/2,141,46,,48856,49504,41084,41732,648,02523c6660a5f0e6e5f32dbcb95baa574d7ee58a89ee631e0056caf6b640a077,0a000000470000006000000013fd4900,,,,,False,,,,,,,,,,False,False
/a/0/1/2,/a/0/1/2!/member_00047,0,/a/0/1/2,141,47,,49504,50152,41732,42380,648,01051a70ac78402bc8059cecccef8cda82bbd5a6792b4579d9ddf0977137371e,0a000000470000006000000013fd4900,,,,,False,,,,,,,,,,False,False
/a/0/1/2,/a/0/1/2!/member_00048,0,/a/0/1/2,141,48,,50152,51248,42380,43476,1096,e7004b8a072348f2a947ef22b842a5f034f345ca6ce17052d8dbe52a00fd1ea0,6d0000007a0000005c01000006000000,,,,,False,,,,,,,,,,False,False
/a/0/1/2,/a/0/1/2!/member_00049,0,/a/0/1/2,141,49,,51248,51616,43476,43844,368,894c5ea856c4990ec625725422190f4b0efb725736f30f68bf22c6984ff541a8,060000005401000013fd610260002900,,,,,False,,,,,,,,,,False,False
/a/0/1/2,/a/0/1/2!/member_00050,0,/a/0/1/2,141,50,,51616,51984,43844,44212,368,5493ce63b062946105541bcfdd4f0a88646d22f76d70b582207c63d8906f6d17,060000005401000013fd610260002900,,,,,False,,,,,,,,,,False,False
/a/0/1/2,/a/0/1/2!/member_00051,0,/a/0/1/2,141,51,,51984,52352,44212,44580,368,ba0e40a8453210cee0ec43ca8d81974c1892f262b586c2569835c29106919531,060000005401000013fd610260002900,,,,,False,,,,,,,,,,False,False
/a/0/1/2,/a/0/1/2!/member_00052,0,/a/0/1/2,141,52,,52352,52720,44580,44948,368,169f6c1c3cdec9a6888851679a462563dc7e13f09e2bfdea702caea4fc2fa78d,060000005401000013fd610260002900,,,,,False,,,,,,,,,,False,False
/a/0/1/2,/a/0/1/2!/member_00053,0,/a/0/1/2,141,53,,52720,53656,44948,45884,936,53cb53a4734081cfb4eb5c938ef518b6ae560b02b2489a48a58cedaa0f80e106,9003000097000000c001000058020000,,,,,False,,,,,,,,,,False,False
/a/0/1/2,/a/0/1/2!/member_00054,0,/a/0/1/2,141,54,,53656,54208,45884,46436,552,079d082a8439f0c0bbc0348a9a464895d806c13957c84dcbe844722d0f6ca00a,69000000760000000600000070000000,,,,,False,,,,,,,,,,False,False
/a/0/1/2,/a/0/1/2!/member_00055,0,/a/0/1/2,141,55,,54208,55144,46436,47372,936,310358b59b485ed3c52e20a034bfdece00dc34eeea64e84767d5878a53fb3208,9003000097000000c001000058020000,,,,,False,,,,,,,,,,False,False
/a/0/1/2,/a/0/1/2!/member_00056,0,/a/0/1/2,141,56,,55144,55152,47372,47380,8,1c41889b5ca0b389bff2b87b597a76386e51e014486e52a57b44cf72e8bf3470,0200000013fd0200,,,,,False,,,,,,,,,,False,False
/a/0/1/2,/a/0/1/2!/member_00057,0,/a/0/1/2,141,57,,55152,55160,47380,47388,8,1c41889b5ca0b389bff2b87b597a76386e51e014486e52a57b44cf72e8bf3470,0200000013fd0200,,,,,False,,,,,,,,,,False,False
/a/0/1/2,/a/0/1/2!/member_00058,0,/a/0/1/2,141,58,,55160,55312,47388,47540,152,090b012bbc51e97dbb08f8e3897a94ff4bb5fe50c0a4eaa2d528e0cc4d63aa1a,53000000380000000200000013fd2000,,,,,False,,,,,,,,,,False,False
/a/0/1/2,/a/0/1/2!/member_00059,0,/a/0/1/2,141,59,,55312,55820,47540,48048,508,ed3df4fee684076a05d8dd411d906c67f6e426a8d19875b18ac4ba5f3d3a377e,65000000770000000200000013fd2000,,,,,False,,,,,,,,,,False,False
/a/0/1/2,/a/0/1/2!/member_00060,0,/a/0/1/2,141,60,,55820,56328,48048,48556,508,fa398d25c9b7311fa84c7967236631f9589503b9d9fdc6362ae9f22c09c8faf6,0a000000190000004900000013fd4900,,,,,False,,,,,,,,,,False,False
/a/0/1/2,/a/0/1/2!/member_00061,0,/a/0/1/2,141,61,,56328,56432,48556,48660,104,97cefff0dd8a14f16b56769932e3fbd1060edecd4f9c92cc9401fce9911f6897,0200000013fd4900dc05600068002000,,,,,False,,,,,,,,,,False,False
/a/0/1/2,/a/0/1/2!/member_00062,0,/a/0/1/2,141,62,,56432,56492,48660,48720,60,2d32fa69cb3e9cf0a2bf4c67d0a7cde1f2f948e81accb721fc874bd5e112f6e3,12000000210000000200000013fd2900,,,,,False,,,,,,,,,,False,False
/a/0/1/2,/a/0/1/2!/member_00063,0,/a/0/1/2,141,63,,56492,56576,48720,48804,84,4f40020843c566d7d6c0333c57319f0ef4c170f42b861f447fd5ac4f5d6e19ff,060000003800000013fd490084085e00,,,,,False,,,,,,,,,,False,False
/a/0/1/2,/a/0/1/2!/member_00064,0,/a/0/1/2,141,64,,56576,56712,48804,48940,136,e640cdb5333be3e38a11fd1705d352fcb731d1ebae0939c0537a11e60832cd8f,0200000013fd610260002900a7400100,,,,,False,,,,,,,,,,False,False
/a/0/1/2,/a/0/1/2!/member_00065,0,/a/0/1/2,141,65,,56712,57108,48940,49336,396,ade00e6f1ed06444999beeba04633958d0cbc9d58ed65110da8060c996ed9437,410000000200000013fd200089011c00,,,,,False,,,,,,,,,,False,False
/a/0/1/2,/a/0/1/2!/member_00066,0,/a/0/1/2,141,66,,57108,57748,49336,49976,640,dd323369ed2e455fc70d3347502ce958801b97f7060eeb75720f1f6cdb3e948f,2b000000380200007002000006000000,,,,,False,,,,,,,,,,False,False
/a/0/1/2,/a/0/1/2!/member_00067,0,/a/0/1/2,141,67,,57748,58020,49976,50248,272,b0e39cadab4a5d855e77e709005d3f30c4c6b172c3a354ce5de8477199589133,0200000013fd61026000d9020c801100,,,,,False,,,,,,,,,,False,False
/a/0/1/2,/a/0/1/2!/member_00068,0,/a/0/1/2,141,68,,58020,58028,50248,50256,8,1c41889b5ca0b389bff2b87b597a76386e51e014486e52a57b44cf72e8bf3470,0200000013fd0200,,,,,False,,,,,,,,,,False,False
/a/0/1/2,/a/0/1/2!/member_00069,0,/a/0/1/2,141,69,,58028,63740,50256,55968,5712,cae4f19bc11361a970c683a678e9301642f3154b6d2ab1036c4d5710aa796dc8,55020000b70b0000b0080000a90f0000,,,,,False,,,,,,,,,,False,False
/a/0/1/2,/a/0/1/2!/member_00070,0,/a/0/1/2,141,70,,63740,64276,55968,56504,536,bc8bc40d61c18c3ca46027b1808711e29d9f999aa8b3ecad1319e69458695388,0e0000003e0100005201000066010000,,,,,False,,,,,,,,,,False,False
/a/0/1/2,/a/0/1/2!/member_00071,0,/a/0/1/2,141,71,,64276,64796,56504,57024,520,db356ebc9a26d8ab00d73a35533d8784bf8d7d2c871a90a1fb9eafb4fd47ba95,0a000000080000001900000013fd0200,,,,,False,,,,,,,,,,False,False
/a/0/1/2,/a/0/1/2!/member_00072,0,/a/0/1/2,141,72,,64796,64804,57024,57032,8,1c41889b5ca0b389bff2b87b597a76386e51e014486e52a57b44cf72e8bf3470,0200000013fd0200,,,,,False,,,,,,,,,,False,False
/a/0/1/2,/a/0/1/2!/member_00073,0,/a/0/1/2,141,73,,64804,64812,57032,57040,8,1c41889b5ca0b389bff2b87b597a76386e51e014486e52a57b44cf72e8bf3470,0200000013fd0200,,,,,False,,,,,,,,,,False,False
/a/0/1/2,/a/0/1/2!/member_00074,0,/a/0/1/2,141,74,,64812,64820,57040,57048,8,1c41889b5ca0b389bff2b87b597a76386e51e014486e52a57b44cf72e8bf3470,0200000013fd0200,,,,,False,,,,,,,,,,False,False
/a/0/1/2,/a/0/1/2!/member_00075,0,/a/0/1/2,141,75,,64820,66800,57048,59028,1980,783f9d959e3907b3e520cc15bddac3ecfe6e2715e91fa77e1e8c995d6d408074,730100003e020000c70200002e030000,,,,,False,,,,,,,,,,False,False
/a/0/1/2,/a/0/1/2!/member_00076,0,/a/0/1/2,141,76,,66800,71288,59028,63516,4488,5153d7cfdb5f20f95adda8e866e26a0fb408de7806e4f645da82d8b25984682a,8011000094020000a3020000b2020000,,,,,False,,,,,,,,,,False,False
/a/0/1/2,/a/0/1/2!/member_00077,0,/a/0/1/2,141,77,,71288,71400,63516,63628,112,32d83581b0e2f49d90a0b2d9ee9fe5876b6988158c097a4fd8c74acdd7c7ed07,0e000000260000003e0000004d000000,,,,,False,,,,,,,,,,False,False
/a/0/1/2,/a/0/1/2!/member_00078,0,/a/0/1/2,141,78,,71400,71500,63628,63728,100,2dfa3a059df4ce0746c29d5585fa36c94c6577548bfa3eb78f037f6f85023b75,1a000000220000003100000040000000,,,,,False,,,,,,,,,,False,False
/a/0/1/2,/a/0/1/2!/member_00079,0,/a/0/1/2,141,79,,71500,71508,63728,63736,8,1c41889b5ca0b389bff2b87b597a76386e51e014486e52a57b44cf72e8bf3470,0200000013fd0200,,,,,False,,,,,,,,,,False,False
/a/0/1/2,/a/0/1/2!/member_00080,0,/a/0/1/2,141,80,,71508,72520,63736,64748,1012,ea0d2eaf78f4360ab3f7695b18cb742e3d184397cf8ac4fbe2f05a16ef94100b,3a0000008500000072010000bb010000,,,,,False,,,,,,,,,,False,False
/a/0/1/2,/a/0/1/2!/member_00081,0,/a/0/1/2,141,81,,72520,73680,64748,65908,1160,0a677a2df3d539764bbf711130d466f9fbd9f9926d409df1193a33be389b11af,7a000000a10000001a0000002c020000,,,,,False,,,,,,,,,,False,False
/a/0/1/2,/a/0/1/2!/member_00082,0,/a/0/1/2,141,82,,73680,73756,65908,65984,76,3ca2a39303670a025232d8f145b172eebc30367bb49171add3a91a905e8d638d,16000000220000002e00000002000000,,,,,False,,,,,,,,,,False,False
/a/0/1/2,/a/0/1/2!/member_00083,0,/a/0/1/2,141,83,,73756,73776,65984,66004,20,6acad1c7ef84c2ae646e80fe3e22817c7fef4a266a16edd1209bb0fe4a49d7c4,0a000000080000000600000013fd0200,,,,,False,,,,,,,,,,False,False
/a/0/1/2,/a/0/1/2!/member_00084,0,/a/0/1/2,141,84,,73776,75668,66004,67896,1892,58b81ec69675b6e94a1611420f2d19d77006f6332de9796cbc9c7afd3a30ed84,38000000be050000f30500002e060000,,,,,False,,,,,,,,,,False,False
/a/0/1/2,/a/0/1/2!/member_00085,0,/a/0/1/2,141,85,,75668,79204,67896,71432,3536,2f5cbcfd5c9fd6d1aad4eb37ca49583afc2bd539ad70de66de2e4bf9cfce6e01,07020000aa080000df08000014090000,,,,,False,,,,,,,,,,False,False
/a/0/1/2,/a/0/1/2!/member_00086,0,/a/0/1/2,141,86,,79204,81364,71432,73592,2160,e84f085533d4716e1a5b5a983e233cd31938e2119d5ccc56e25a0420523a426a,38000000ce060000030700003c070000,,,,,False,,,,,,,,,,False,False
/a/0/1/2,/a/0/1/2!/member_00087,0,/a/0/1/2,141,87,,81364,83592,73592,75820,2228,23ab79ddf984c0388e35db2cb1137b6f2005b4fe12f4931c510848dc7042ea29,44000000e2060000170700004c070000,,,,,False,,,,,,,,,,False,False
/a/0/1/2,/a/0/1/2!/member_00088,0,/a/0/1/2,141,88,,83592,84964,75820,77192,1372,dc5f74bb47f86d8c38a14991603e47309b1fcb72c5df1a6272dc944f552054e2,ec02000022000000e802000017030000,,,,,False,,,,,,,,,,False,False
/a/0/1/2,/a/0/1/2!/member_00089,0,/a/0/1/2,141,89,,84964,89632,77192,81860,4668,edac27e8643397a10faa39c8d4a534be1fe40496aaab27af94a0dddf2e9cc445,79020000010c0000620d0000600d0000,,,,,False,,,,,,,,,,False,False
/a/0/1/2,/a/0/1/2!/member_00090,0,/a/0/1/2,141,90,,89632,92432,81860,84660,2800,beb23ec7f1fed8f09f7d6384b7c04d450f09af97f1e9987d3c5a5aafaa2fa585,290100005803000032000000b4030000,,,,,False,,,,,,,,,,False,False
/a/0/1/2,/a/0/1/2!/member_00091,0,/a/0/1/2,141,91,,92432,93852,84660,86080,1420,be53d286c96e370bda18e97ab8c4c674538478e957c2317511d583b6d2d3c878,ac01000072000000b7010000e0020000,,,,,False,,,,,,,,,,False,False
/a/0/1/2,/a/0/1/2!/member_00092,0,/a/0/1/2,141,92,,93852,102580,86080,94808,8728,3bd1e65971bd52d26ca9b14cd3a4e54d073bcafd52d479e07c0e727463a45df0,5a0000009b010000dc0e00007a040000,,,,,False,,,,,,,,,,False,False
/a/0/1/2,/a/0/1/2!/member_00093,0,/a/0/1/2,141,93,,102580,103784,94808,96012,1204,d0c03fb86e74351c87f703c9acdf8d95e49feff904217594fdefba653df8d725,03040000540400000c00000002000000,,,,,False,,,,,,,,,,False,False
/a/0/1/2,/a/0/1/2!/member_00094,0,/a/0/1/2,141,94,,103784,109268,96012,101496,5484,73475cd8166e074e4c0758d4d6ab0eef9dd27bd49125cff42e2fa1073d80e419,95010000b401000030030000d8040000,,,,,False,,,,,,,,,,False,False
/a/0/1/2,/a/0/1/2!/member_00095,0,/a/0/1/2,141,95,,109268,110576,101496,102804,1308,8f157f440a823a9c6405f9646a59f15ad862bcf52510bcd931f22a001c7a948d,77030000d4030000de04000002000000,,,,,False,,,,,,,,,,False,False
/a/0/1/2,/a/0/1/2!/member_00096,0,/a/0/1/2,141,96,,110576,112384,102804,104612,1808,b5d0e605ab14650c3e3a37913721e76a282797f63c7523cba60f702b376768ba,280400006c020000b000000085050000,,,,,True,Nintendo Huffman 8-bit,Probable,False,4,,,,,,False,False
/a/0/1/2,/a/0/1/2!/member_00097,0,/a/0/1/2,141,97,,112384,112492,104612,104720,108,ae7b980642149693bbda0d5ba35a5d067cf655eb47e367241cfee61e0254a38f,060000002100000013fd1e00b7011e00,,,,,False,,,,,,,,,,False,False
/a/0/1/2,/a/0/1/2!/member_00098,0,/a/0/1/2,141,98,,112492,112712,104720,104940,220,7fe682f6b180b44718e66c73a269559162f50ad45e0a361834c2446fe17ed3fe,0200000013fd4900dc05600068002000,,,,,False,,,,,,,,,,False,False
/a/0/1/2,/a/0/1/2!/member_00099,0,/a/0/1/2,141,99,,112712,113756,104940,105984,1044,89ea80d378307c94be96444f933f5aa85d090b3e8153a51cc663c48dc9d259cc,4d0000000e000000240100004c020000,,,,,False,,,,,,,,,,False,False
/a/0/1/2,/a/0/1/2!/member_00100,0,/a/0/1/2,141,100,,113756,114148,105984,106376,392,b8ea661533746e7596f0fd646bd26213ccbe7cc5b77f599bbbb7db30a773d9fd,0e0000001e0000002e0000003e000000,,,,,False,,,,,,,,,,False,False
/a/0/1/2,/a/0/1/2!/member_00101,0,/a/0/1/2,141,101,,114148,114256,106376,106484,108,14cfbe51cccadd5b6a795a2305efd2afbd488630ab1d04632b23321c1080a0c0,0a000000340000004c00000013fd4900,,,,,False,,,,,,,,,,False,False
/a/0/1/2,/a/0/1/2!/member_00102,0,/a/0/1/2,141,102,,114256,114264,106484,106492,8,1c41889b5ca0b389bff2b87b597a76386e51e014486e52a57b44cf72e8bf3470,0200000013fd0200,,,,,False,,,,,,,,,,False,False
/a/0/1/2,/a/0/1/2!/member_00103,0,/a/0/1/2,141,103,,114264,114644,106492,106872,380,bf3ae85cb5dbba5665e25af4ff052ee6323ebb5c4f7ea6f5502a71b0ba69c7e8,4a000000120000000c01000002000000,,,,,False,,,,,,,,,,False,False
/a/0/1/2,/a/0/1/2!/member_00104,0,/a/0/1/2,141,104,,114644,117676,106872,109904,3032,5e0957c14fb181b0dd768a5c422c0bd2e72f2f1e8742c8e5480e8eb8b89f5e05,f80000003c0b00001e0000009f0b0000,,,,,False,,,,,,,,,,False,False
/a/0/1/2,/a/0/1/2!/member_00105,0,/a/0/1/2,141,105,,117676,118176,109904,110404,500,49debe043bf6403429ebb2130367ac3ea4bc84e817a31f0c43dc4a2de1325d76,380000000200000013fd200089011c00,,,,,False,,,,,,,,,,False,False
/a/0/1/2,/a/0/1/2!/member_00106,0,/a/0/1/2,141,106,,118176,118308,110404,110536,132,caa150593083fe9b09d2b7e11eefcefb35beecca07ef40fe965f8c8691e18ac6,210000000200000013fd2000a4001c00,,,,,False,,,,,,,,,,False,False
/a/0/1/2,/a/0/1/2!/member_00107,0,/a/0/1/2,141,107,,118308,118544,110536,110772,236,bcd29febadf626819e01ffdf87be28a2da965c21e8680e5c7bce134c18f3e122,0200000013fd4900dc05600068002d00,,,,,False,,,,,,,,,,False,False
/a/0/1/2,/a/0/1/2!/member_00108,0,/a/0/1/2,141,108,,118544,118636,110772,110864,92,dac28e397eda8897a9aa4e4c286a205905d2266122377a4de8e22fc447e5759d,0200000013fd4900dc05600068002000,,,,,False,,,,,,,,,,False,False
/a/0/1/2,/a/0/1/2!/member_00109,0,/a/0/1/2,141,109,,118636,118716,110864,110944,80,e6fd319bdc6ae35817494dc256cc0a2f6b067850dd10a68c2418fb1985f14add,060000002a00000013fd490084085e00,,,,,False,,,,,,,,,,False,False
/a/0/1/2,/a/0/1/2!/member_00110,0,/a/0/1/2,141,110,,118716,119644,110944,111872,928,70e6ce95963e40fd798f0bd5b96852246e07be2240d918e91899178af41f0fc0,1a000000140200001202000020020000,,,,,False,,,,,,,,,,False,False
/a/0/1/2,/a/0/1/2!/member_00111,0,/a/0/1/2,141,111,,119644,121596,111872,113824,1952,20ca9aae2b7bf0284ce74e47f33a03198dff4e2f843c5ef5bda7f37dceda3be6,98010000100300000e0000003e030000,,,,,False,,,,,,,,,,False,False
/a/0/1/2,/a/0/1/2!/member_00112,0,/a/0/1/2,141,112,,121596,123436,113824,115664,1840,211231cb84c6af404ee791f9e5ef04153c7dbeb563e7c3201375529b112958c7,5404000048050000570500006b000000,,,,,False,,,,,,,,,,False,False
/a/0/1/2,/a/0/1/2!/member_00113,0,/a/0/1/2,141,113,,123436,123448,115664,115676,12,a7c62dde12049734475b6a8db118174972190bb8946df38ef8e9ebe800c07967,0200000013fd770100000200,,,,,False,,,,,,,,,,False,False
/a/0/1/2,/a/0/1/2!/member_00114,0,/a/0/1/2,141,114,,123448,124488,115676,116716,1040,03323c8a1c6387560a3cba005bf59a2ed51d3539b64c2efbe7f4b947f947cfc3,100000007100000006000000d4030000,,Nintendo LZ10,Probable,,True,Nintendo LZ10,Probable,True,113,False,,,,,False,False
/a/0/1/2,/a/0/1/2!/member_00115,0,/a/0/1/2,141,115,,124488,124720,116716,116948,232,ce84a342c9862cbc5a9fe11e1ec3c54a2c2971fa604b647ae5752e8c1fece447,490000000200000013fd930022000140,,,,,False,,,,,,,,,,False,False
/a/0/1/2,/a/0/1/2!/member_00116,0,/a/0/1/2,141,116,,124720,125680,116948,117908,960,08f4a89f6076dbf16a272ddf5834aca594ef87df6e9c200e9569586214b40fe3,7d0000008c0000009b000000aa000000,,,,,False,,,,,,,,,,False,False
/a/0/1/2,/a/0/1/2!/member_00117,0,/a/0/1/2,141,117,,125680,125744,117908,117972,64,0161279584abd69c59e2bfadaa8b20375a3f85eb313a7298268441c8024267da,0a000000120000002100000013fd2900,,,,,False,,,,,,,,,,False,False
/a/0/1/2,/a/0/1/2!/member_00118,0,/a/0/1/2,141,118,,125744,125752,117972,117980,8,1c41889b5ca0b389bff2b87b597a76386e51e014486e52a57b44cf72e8bf3470,0200000013fd0200,,,,,False,,,,,,,,,,False,False
/a/0/1/2,/a/0/1/2!/member_00119,0,/a/0/1/2,141,119,,125752,129616,117980,121844,3864,1036cfc48eb3a98894d746e7753fec3c3000614539e658e4b2217afbe8f97152,8c060000ea060000cc080000d7090000,,,,,False,,,,,,,,,,False,False
/a/0/1/2,/a/0/1/2!/member_00120,0,/a/0/1/2,141,120,,129616,129624,121844,121852,8,1c41889b5ca0b389bff2b87b597a76386e51e014486e52a57b44cf72e8bf3470,0200000013fd0200,,,,,False,,,,,,,,,,False,False
/a/0/1/2,/a/0/1/2!/member_00121,0,/a/0/1/2,141,121,,129624,130272,121852,122500,648,d00c07794697779471cd93b2bd86af2f2e4abaeff713b42c3b20800604851bd7,b8010000300200003f0200004e020000,,,,,False,,,,,,,,,,False,False
/a/0/1/2,/a/0/1/2!/member_00122,0,/a/0/1/2,141,122,,130272,134092,122500,126320,3820,8fa1c0f35623432c7ef9e35b021575d1f88d35ab115bbca2347ad904d3f20f63,d2000000e40600000e07000038070000,,,,,False,,,,,,,,,,False,False
/a/0/1/2,/a/0/1/2!/member_00123,0,/a/0/1/2,141,123,,134092,137416,126320,129644,3324,eefa0aa64b4f40a259b07ce19e74bf5ada9bb9584bb6653504a45b36f352f7bc,8400000048030000ff030000a9050000,,,,,False,,,,,,,,,,False,False
/a/0/1/2,/a/0/1/2!/member_00124,0,/a/0/1/2,141,124,,137416,139308,129644,131536,1892,c137f671eaf0c2d002560133360ec6cede8e14775baa24e9c8b6fa5b078e42b2,42000000e80300001604000044040000,,,,,False,,,,,,,,,,False,False
/a/0/1/2,/a/0/1/2!/member_00125,0,/a/0/1/2,141,125,,139308,139756,131536,131984,448,b94e973c38f3238eaeedbe48b40a81e2d97c4b8c0bef2cea27afc82071e56797,7200000081000000a6000000b5000000,,,,,False,,,,,,,,,,False,False
/a/0/1/2,/a/0/1/2!/member_00126,0,/a/0/1/2,141,126,,139756,140228,131984,132456,472,6054d312d9fb9d2a2f7a1d800145ab829ae2ef2bc7954f914c22b7e21167209d,7200000081000000a6000000b5000000,,,,,False,,,,,,,,,,False,False
/a/0/1/2,/a/0/1/2!/member_00127,0,/a/0/1/2,141,127,,140228,141468,132456,133696,1240,4bdcc73867d563cdd1b7d10fc43bf2b758a94821457daadfa868ae898d916102,5e0000006d00000092000000a9030000,,,,,False,,,,,,,,,,False,False
/a/0/1/2,/a/0/1/2!/member_00128,0,/a/0/1/2,141,128,,141468,142016,133696,134244,548,2cbd3a5cfd9d63813818b45455ae76756cf91b847e0ccf6a71aa3b35984f4c25,a0010000b2010000dc010000eb010000,,,,,False,,,,,,,,,,False,False
/a/0/1/2,/a/0/1/2!/member_00129,0,/a/0/1/2,141,129,,142016,142140,134244,134368,124,3de74364e364185cc1cc1ae2d942405f02bdbf777171bac66c96b4322185d568,620000000200000013fddd0102004011,,,,,False,,,,,,,,,,False,False
/a/0/1/2,/a/0/1/2!/member_00130,0,/a/0/1/2,141,130,,142140,142448,134368,134676,308,f877800c70b1e445a298dd38f29f8b7947c0d11e22950faba9a6af42c0757fe3,2b000000b0000000060000000c010000,,,,,False,,,,,,,,,,False,False
/a/0/1/2,/a/0/1/2!/member_00131,0,/a/0/1/2,141,131,,142448,145864,134676,138092,3416,b1c0c3250fb0a59b3b445e72c1b050606376b6ddb07eedc95f0408cf5e60a607,c8000000c60000001600000034040000,,,,,False,,,,,,,,,,False,False
/a/0/1/2,/a/0/1/2!/member_00132,0,/a/0/1/2,141,132,,145864,146800,138092,139028,936,2c4ac2147ac011189f8c8e98f16b2b3b973da830919e12818ae809adde85dd99,0e0000002c0200006d0200007c030000,,,,,False,,,,,,,,,,False,False
/a/0/1/2,/a/0/1/2!/member_00133,0,/a/0/1/2,141,133,,146800,147300,139028,139528,500,9bdd319274a91f35197d6de57f901f969ccdd3e5bd95fe7356f4f8843a49740d,95000000060000007200000013fd1100,,,,,False,,,,,,,,,,False,False
/a/0/1/2,/a/0/1/2!/member_00134,0,/a/0/1/2,141,134,,147300,147800,139528,140028,500,0b469f0d52b75ef23a267e9f35b404172cc9af3a40829a99bfcfdc8b55f702e5,95000000060000007200000013fd1100,,,,,False,,,,,,,,,,False,False
/a/0/1/2,/a/0/1/2!/member_00135,0,/a/0/1/2,141,135,,147800,148128,140028,140356,328,7faaf38c9065ad6dd03862486b78c0e059225f233dad9afe47d71ca6b39994a6,bc000000360000000600000019000000,,,,,False,,,,,,,,,,False,False
/a/0/1/2,/a/0/1/2!/member_00136,0,/a/0/1/2,141,136,,148128,148136,140356,140364,8,1c41889b5ca0b389bff2b87b597a76386e51e014486e52a57b44cf72e8bf3470,0200000013fd0200,,,,,False,,,,,,,,,,False,False
/a/0/1/2,/a/0/1/2!/member_00137,0,/a/0/1/2,141,137,,148136,148148,140364,140376,12,acc8c671376e1c526cd57b54349f1a0e5415d38fca4dde2c0fd909a4e9438ca3,0200000013fd1c0102000000,,,,,False,,,,,,,,,,False,False
/a/0/1/2,/a/0/1/2!/member_00138,0,/a/0/1/2,141,138,,148148,148160,140376,140388,12,0577e8ff66b072c7a2dae71324835dbdf2f59802eba6b9de6d36b2305fe854b9,0200000013fd1c0102000200,,,,,False,,,,,,,,,,False,False
/a/0/1/2,/a/0/1/2!/member_00139,0,/a/0/1/2,141,139,,148160,148168,140388,140396,8,1c41889b5ca0b389bff2b87b597a76386e51e014486e52a57b44cf72e8bf3470,0200000013fd0200,,,,,False,,,,,,,,,,False,False
/a/0/1/2,/a/0/1/2!/member_00140,0,/a/0/1/2,141,140,,148168,148176,140396,140404,8,1c41889b5ca0b389bff2b87b597a76386e51e014486e52a57b44cf72e8bf3470,0200000013fd0200,,,,,False,,,,,,,,,,False,False
/a/0/1/2,/a/0/1/2!/member_00141,0,/a/0/1/2,141,141,,148176,154784,140404,147012,6608,3662cd11f4f87ee2f645570927891fa909473fbf13d68c7620ba71e7f39426ad,fe0300000e0400001e0400002e040000,,,,,False,,,,,,,,,,False,False
/a/0/1/2,/a/0/1/2!/member_00142,0,/a/0/1/2,141,142,,154784,154792,147012,147020,8,1c41889b5ca0b389bff2b87b597a76386e51e014486e52a57b44cf72e8bf3470,0200000013fd0200,,,,,False,,,,,,,,,,False,False
/a/0/1/2,/a/0/1/2!/member_00143,0,/a/0/1/2,141,143,,154792,156204,147020,148432,1412,9087fbb5033ecea7fee18a2fccdb15dfa2b47c1fb9f61ff33231556e3da818d5,0200000013fd4900dc0560006800d101,,,,,False,,,,,,,,,,False,False
/a/0/1/2,/a/0/1/2!/member_00144,0,/a/0/1/2,141,144,,156204,156780,148432,149008,576,ea44d3690fe9930ff48718554c8348b7a5c88875736d68dd42596a081e86d05b,0e000000ac0000008001000050000000,,,,,False,,,,,,,,,,False,False
/a/0/1/2,/a/0/1/2!/member_00145,0,/a/0/1/2,141,145,,156780,158284,149008,150512,1504,43e211d1e0a66ddefbc92677f242b04a9809cb73616fb9407cbb554614394ccb,fe030000fa030000f6030000f2030000,,,,,False,,,,,,,,,,False,False
/a/0/1/2,/a/0/1/2!/member_00146,0,/a/0/1/2,141,146,,158284,161664,150512,153892,3380,17e9ec91bf130ca23f3f176c82d4b1253f1d121e183d075cb34245d418d9f62a,4a00000079020000ea04000028070000,,,,,False,,,,,,,,,,False,False
/a/0/1/2,/a/0/1/2!/member_00147,0,/a/0/1/2,141,147,,161664,162252,153892,154480,588,962953d6cf43826d353813558e3f9b813ab96214c04dd9c7c86177004d4b6250,0200000013fd610260007c0100800500,,,,,False,,,,,,,,,,False,False
/a/0/1/2,/a/0/1/2!/member_00148,0,/a/0/1/2,141,148,,162252,162652,154480,154880,400,4390fb5498cf999364a926b32f91a8ca90cc11722d0280e107d176c4759a24b7,060000000b00000013fd2d000f160006,,,,,False,,,,,,,,,,False,False
/a/0/1/2,/a/0/1/2!/member_00149,0,/a/0/1/2,141,149,,162652,163236,154880,155464,584,9a2053d7f07a506b4646ab70fa9a11256c45dfeba8f1d0c05f717a9fce60d887,0200000013fd1e009d011e00a4011e00,,,,,False,,,,,,,,,,False,False
/a/0/1/2,/a/0/1/2!/member_00150,0,/a/0/1/2,141,150,,163236,163400,155464,155628,164,50b8f2d37f9a313d1e254f0a823d5d4617e4ec798fb8bcd5d821039517010d34,0200000013fd4900dc05600068002d00,,,,,False,,,,,,,,,,False,False
/a/0/1/2,/a/0/1/2!/member_00151,0,/a/0/1/2,141,151,,163400,165520,155628,157748,2120,9d8aed18b95372a42968252673c321e90b5bdcaa9b3c2007a1070fc65ad8aa40,98000000ab000000be000000bc000000,,,,,False,,,,,,,,,,False,False
/a/0/1/2,/a/0/1/2!/member_00152,0,/a/0/1/2,141,152,,165520,166580,157748,158808,1060,dcb9a035d361ea043f7a401673b070b1995d92c2df8910745df0eccb76d2c252,340100000e00000025000000ec030000,,,,,False,,,,,,,,,,False,False
/a/0/1/2,/a/0/1/2!/member_00153,0,/a/0/1/2,141,153,,166580,167504,158808,159732,924,cfca104fbba7c1c5fa9839c4b118e98b056e971d97557816d7d566a5c45b1f8e,4801000016000000bb00000008010000,,,,,False,,,,,,,,,,False,False
/a/0/1/2,/a/0/1/2!/member_00154,0,/a/0/1/2,141,154,,167504,168028,159732,160256,524,0eb3e60a950f5c50df73ceeff95dab327d24efe8038ce800a58072dac22f53cd,2500000006000000ec01000013fdbd01,,,,,False,,,,,,,,,,False,False
/a/0/1/2,/a/0/1/2!/member_00155,0,/a/0/1/2,141,155,,168028,168452,160256,160680,424,3d2bc22b53570dd711f485b4c6e4dfa9992233fc06a0ab8845ef2a7e6e91568b,a00000004b0000002a00000002000000,,,,,False,,,,,,,,,,False,False
/a/0/1/2,/a/0/1/2!/member_00156,0,/a/0/1/2,141,156,,168452,169248,160680,161476,796,be1f7d657da62ca8f0ec11fd6917d74846658c9015d19a4ebbaa25064a4a9be3,c0000000d0020000f902000008030000,,,,,False,,,,,,,,,,False,False
/a/0/1/2,/a/0/1/2!/member_00157,0,/a/0/1/2,141,157,,169248,170112,161476,162340,864,bf72b2aac3082b3f93e47d81c4e48d9199d2e7c52368deb5fd8c76e610ce0222,1f000000cb0200000200000013fd1100,,,,,False,,,,,,,,,,False,False
/a/0/1/2,/a/0/1/2!/member_00158,0,/a/0/1/2,141,158,,170112,170832,162340,163060,720,9b5e7430d6c71bff36c5e9245d6fb92cec007ac2a9e3a710402a17c21e8971ef,06000000e801000013fd4900dc056000,,,,,False,,,,,,,,,,False,False
/a/0/1/2,/a/0/1/2!/member_00159,0,/a/0/1/2,141,159,,170832,170840,163060,163068,8,1c41889b5ca0b389bff2b87b597a76386e51e014486e52a57b44cf72e8bf3470,0200000013fd0200,,,,,False,,,,,,,,,,False,False
/a/0/1/2,/a/0/1/2!/member_00160,0,/a/0/1/2,141,160,,170840,170848,163068,163076,8,1c41889b5ca0b389bff2b87b597a76386e51e014486e52a57b44cf72e8bf3470,0200000013fd0200,,,,,False,,,,,,,,,,False,False
/a/0/1/2,/a/0/1/2!/member_00161,0,/a/0/1/2,141,161,,170848,171156,163076,163384,308,7cd6d119e3796d333e8724eaf29b73bcd29c2550f6e267badb1b1ed5a6a6615c,420000000a0000001401000088000000,,,,,False,,,,,,,,,,False,False
/a/0/1/2,/a/0/1/2!/member_00162,0,/a/0/1/2,141,162,,171156,171748,163384,163976,592,c1084d9525e7045b7341dcddf84ae8b3f57e632abede47458b6d4df1ffdd26ed,20010000270000000600000043010000,,Nintendo Huffman,Probable,,True,Nintendo Huffman,Probable,False,1,,,,,,False,False
/a/0/1/2,/a/0/1/2!/member_00163,0,/a/0/1/2,141,163,,171748,172300,163976,164528,552,96c499c47f7a4c0a94402915215d451088f336f2ce7b8a98955bf5306e2a923e,0200000013fd4900dc0560005902c702,,,,,False,,,,,,,,,,False,False
/a/0/1/2,/a/0/1/2!/member_00164,0,/a/0/1/2,141,164,,172300,174276,164528,166504,1976,87719929af05cd94df8aee86c2d96815d0520028a79f091103abe082a38ab3e3,1600000014010000d501000011050000,,,,,False,,,,,,,,,,False,False
/a/0/1/2,/a/0/1/2!/member_00165,0,/a/0/1/2,141,165,,174276,174536,166504,166764,260,1c31ccf57a4ea8cac5e2539ad3414cd28a6e8a702a817bd4d82df72698ceb5aa,0200000013fd61026000470301000300,,,,,False,,,,,,,,,,False,False
/a/0/1/2,/a/0/1/2!/member_00166,0,/a/0/1/2,141,166,,174536,177260,166764,169488,2724,34d3f32e520707fca004f3c2175ff19145685c070b57772721f95ffec109a996,32000000460000004400000044000000,,,,,False,,,,,,,,,,False,False
/a/0/1/2,/a/0/1/2!/member_00167,0,/a/0/1/2,141,167,,177260,181340,169488,173568,4080,7086e8eded04793c18a5cf21c929d9aed65d8f98e29c1c9047ce4ed3e0276291,0a0000001f0000003009000013fd4900,,,,,False,,,,,,,,,,False,False
/a/0/1/2,/a/0/1/2!/member_00168,0,/a/0/1/2,141,168,,181340,181856,173568,174084,516,948f85a900224307cca8b5bbcf4a95ea22034d7aa4ef234b803ac2e26a151f0f,5200000006000000e001000013fd2000,,,,,False,,,,,,,,,,False,False
/a/0/1/2,/a/0/1/2!/member_00169,0,/a/0/1/2,141,169,,181856,181888,174084,174116,32,8b3ba134c9e2cda87ec2988ae895395e648f2eedef6d6552c33c56d55ef8b5c1,0200000013fd3700000103000c803900,,,,,False,,,,,,,,,,False,False
/a/0/1/2,/a/0/1/2!/member_00170,0,/a/0/1/2,141,170,,181888,181916,174116,174144,28,6f48263158883240c8d68d1b0fb1bd5ba8f36810014ec3dc59fcbd06f26bed35,0200000013fd38000200003900033a00,,,,,False,,,,,,,,,,False,False
/a/0/1/2,/a/0/1/2!/member_00171,0,/a/0/1/2,141,171,,181916,182008,174144,174236,92,160ea2d27478d36c11978cf9cfb01bbf3cae0be8ec24d018659aeb9231366aae,0200000013fd4900dc05600068002000,,,,,False,,,,,,,,,,False,False
/a/0/1/2,/a/0/1/2!/member_00172,0,/a/0/1/2,141,172,,182008,182128,174236,174356,120,8a3d560c94f70a5d368059b94964a720a9a468e615fa68e2382b2666bb55d430,060000005a00000013fd4900dc056000,,,,,False,,,,,,,,,,False,False
/a/0/1/2,/a/0/1/2!/member_00173,0,/a/0/1/2,141,173,,182128,182156,174356,174384,28,e4762e14d5e779fdeed58a89389101e344c21f22600acdae984425dd468aba0d,0200000013fd4900dc05600068002d00,,,,,False,,,,,,,,,,False,False
/a/0/1/2,/a/0/1/2!/member_00174,0,/a/0/1/2,141,174,,182156,182184,174384,174412,28,e4762e14d5e779fdeed58a89389101e344c21f22600acdae984425dd468aba0d,0200000013fd4900dc05600068002d00,,,,,False,,,,,,,,,,False,False
/a/0/1/2,/a/0/1/2!/member_00175,0,/a/0/1/2,141,175,,182184,182952,174412,175180,768,05db317de219080dedb3fdc88150bff22950b33b333b221d901b8a5c649fe2d2,e60200000e000000c10000008b010000,,,,,False,,,,,,,,,,False,False
/a/0/1/2,/a/0/1/2!/member_00176,0,/a/0/1/2,141,176,,182952,183016,175180,175244,64,0161279584abd69c59e2bfadaa8b20375a3f85eb313a7298268441c8024267da,0a000000120000002100000013fd2900,,,,,False,,,,,,,,,,False,False
/a/0/1/2,/a/0/1/2!/member_00177,0,/a/0/1/2,141,177,,183016,183024,175244,175252,8,1c41889b5ca0b389bff2b87b597a76386e51e014486e52a57b44cf72e8bf3470,0200000013fd0200,,,,,False,,,,,,,,,,False,False
/a/0/1/2,/a/0/1/2!/member_00178,0,/a/0/1/2,141,178,,183024,183052,175252,175280,28,6f48263158883240c8d68d1b0fb1bd5ba8f36810014ec3dc59fcbd06f26bed35,0200000013fd38000200003900033a00,,,,,False,,,,,,,,,,False,False
/a/0/1/2,/a/0/1/2!/member_00179,0,/a/0/1/2,141,179,,183052,183104,175280,175332,52,8069e0bba68025f41096560a763b503e2fa25ed42595da32ba0894b3eac6f84b,060000001500000013fd4900dc056000,,,,,False,,,,,,,,,,False,False
/a/0/1/2,/a/0/1/2!/member_00180,0,/a/0/1/2,141,180,,183104,183132,175332,175360,28,e4762e14d5e779fdeed58a89389101e344c21f22600acdae984425dd468aba0d,0200000013fd4900dc05600068002d00,,,,,False,,,,,,,,,,False,False
/a/0/1/2,/a/0/1/2!/member_00181,0,/a/0/1/2,141,181,,183132,183396,175360,175624,264,d5906a9457e7ed5e94345649fe5a9a87b7c6a2e538e4e2036cb2a3239f294d7f,0e0000000200000013fd290000400000,,,,,False,,,,,,,,,,False,False
/a/0/1/2,/a/0/1/2!/member_00182,0,/a/0/1/2,141,182,,183396,183424,175624,175652,28,e4762e14d5e779fdeed58a89389101e344c21f22600acdae984425dd468aba0d,0200000013fd4900dc05600068002d00,,,,,False,,,,,,,,,,False,False
/a/0/1/2,/a/0/1/2!/member_00183,0,/a/0/1/2,141,183,,183424,183540,175652,175768,116,c82c8e3fdee7e0a963affcf5dab818ec389013e799cb2995b0532f1a15d10b24,060000005600000013fd4900dc056000,,,,,False,,,,,,,,,,False,False
/a/0/1/2,/a/0/1/2!/member_00184,0,/a/0/1/2,141,184,,183540,183592,175768,175820,52,8069e0bba68025f41096560a763b503e2fa25ed42595da32ba0894b3eac6f84b,060000001500000013fd4900dc056000,,,,,False,,,,,,,,,,False,False
/a/0/1/2,/a/0/1/2!/member_00185,0,/a/0/1/2,141,185,,183592,183640,175820,175868,48,ceb0e948d9e4c3d888c2cdd3e6ac3eed11439121192f35cb96d55ce13a1a78d0,0200000013fd4900dc05600068002000,,,,,False,,,,,,,,,,False,False
/a/0/1/2,/a/0/1/2!/member_00186,0,/a/0/1/2,141,186,,183640,183688,175868,175916,48,6c971e22796b141e4e75968084db39920396c4bc0039b9358cd6d1e56322b811,060000001700000013fd380002000039,,,,,False,,,,,,,,,,False,False
/a/0/1/2,/a/0/1/2!/member_00187,0,/a/0/1/2,141,187,,183688,183736,175916,175964,48,ceb0e948d9e4c3d888c2cdd3e6ac3eed11439121192f35cb96d55ce13a1a78d0,0200000013fd4900dc05600068002000,,,,,False,,,,,,,,,,False,False
/a/0/1/2,/a/0/1/2!/member_00188,0,/a/0/1/2,141,188,,183736,183784,175964,176012,48,e6d23ca7d291a22c0d7f160d9ebc739c2a025b6147a90fe25e888d76e606e9bc,060000001300000013fd4900dc056000,,,,,False,,,,,,,,,,False,False
/a/0/1/2,/a/0/1/2!/member_00189,0,/a/0/1/2,141,189,,183784,183812,176012,176040,28,e4762e14d5e779fdeed58a89389101e344c21f22600acdae984425dd468aba0d,0200000013fd4900dc05600068002d00,,,,,False,,,,,,,,,,False,False
/a/0/1/2,/a/0/1/2!/member_00190,0,/a/0/1/2,141,190,,183812,183844,176040,176072,32,f6769eccc9638a481605c72f9abe74464f14971a07336c8d9e974d958a56a29d,0200000013fd3700000101000c803900,,,,,False,,,,,,,,,,False,False
/a/0/1/2,/a/0/1/2!/member_00191,0,/a/0/1/2,141,191,,183844,184592,176072,176820,748,cc5442924eee3bc6861eca9acc17676d86268879d680890c0685141a7a88a6c2,9e01000031000000b500000051020000,,,,,False,,,,,,,,,,False,False
/a/0/1/2,/a/0/1/2!/member_00192,0,/a/0/1/2,141,192,,184592,184712,176820,176940,120,a183f5ed1af726cc663a1e0568b23a380b3cf473e2c45b37e967d31fccfeee86,0e000000160000002500000052000000,,,,,False,,,,,,,,,,False,False
/a/0/1/2,/a/0/1/2!/member_00193,0,/a/0/1/2,141,193,,184712,184720,176940,176948,8,1c41889b5ca0b389bff2b87b597a76386e51e014486e52a57b44cf72e8bf3470,0200000013fd0200,,,,,False,,,,,,,,,,False,False
/a/0/1/2,/a/0/1/2!/member_00194,0,/a/0/1/2,141,194,,184720,184752,176948,176980,32,8b3ba134c9e2cda87ec2988ae895395e648f2eedef6d6552c33c56d55ef8b5c1,0200000013fd3700000103000c803900,,,,,False,,,,,,,,,,False,False
/a/0/1/2,/a/0/1/2!/member_00195,0,/a/0/1/2,141,195,,184752,185116,176980,177344,364,9114987e1c337050e6eda8140317920dcfb724b3c048331e551ed3c2d8d47f7d,2200000031000000400000004f000000,,,,,False,,,,,,,,,,False,False
/a/0/1/2,/a/0/1/2!/member_00196,0,/a/0/1/2,141,196,,185116,185972,177344,178200,856,e9fb0ba0fb4fd75fa8e3528ba58cf978c1802a03e5dd17cd03cb8dd92b333072,04020000ee020000fd020000d3020000,,,,,False,,,,,,,,,,False,False
/a/0/1/2,/a/0/1/2!/member_00197,0,/a/0/1/2,141,197,,185972,186208,178200,178436,236,ddeac7e5ddc0164c16db3442bfbd363d54ef7fbba1784f46f770511cf5ff49c0,420000000a000000b4000000c7000000,,,,,False,,,,,,,,,,False,False
/a/0/1/2,/a/0/1/2!/member_00198,0,/a/0/1/2,141,198,,186208,186268,178436,178496,60,723166df831b0f6eaf6513b67ee29fc25e9da18de1a9fb418161b6f2f908da86,060000000a00000013fd290085400000,,,,,False,,,,,,,,,,False,False
/a/0/1/2,/a/0/1/2!/member_00199,0,/a/0/1/2,141,199,,186268,187016,178496,179244,748,0e6bc08f68d48a8d1784b9a7fe5eeddca2f20b2cddb495e4b4cdd7a898f0475a,8500000012000000b2020000c5020000,,,,,False,,,,,,,,,,False,False
/a/0/1/2,/a/0/1/2!/member_00200,0,/a/0/1/2,141,200,,187016,187116,179244,179344,100,1b70769511ba77d4bb157f42dfcabe14f3450450756ec660517f90727b273550,0200000013fd4900dc05600068009d02,,,,,False,,,,,,,,,,False,False
/a/0/1/2,/a/0/1/2!/member_00201,0,/a/0/1/2,141,201,,187116,187200,179344,179428,84,4daf2e843a3bd5b2d27463b427e9daea56eb19312628950b7cc3f586c05f59ff,0a0000001b0000002e00000013fd3800,,,,,False,,,,,,,,,,False,False
/a/0/1/2,/a/0/1/2!/member_00202,0,/a/0/1/2,141,202,,187200,188900,179428,181128,1700,ab21334b9fb82800555590cdafc9a8353ea7a2dca3b54a227a08a9280dd67397,51000000120000000402000088050000,,,,,False,,,,,,,,,,False,False
/a/0/1/2,/a/0/1/2!/member_00203,0,/a/0/1/2,141,203,,188900,188932,181128,181160,32,599f5e6deb4e13ff1f430cdb22374c57fc964c83c0e2b3cf1b34d0a47fdfd1a3,0200000013fd370000010a000c803900,,,,,False,,,,,,,,,,False,False
/a/0/1/2,/a/0/1/2!/member_00204,0,/a/0/1/2,141,204,,188932,188960,181160,181188,28,e4762e14d5e779fdeed58a89389101e344c21f22600acdae984425dd468aba0d,0200000013fd4900dc05600068002d00,,,,,False,,,,,,,,,,False,False
/a/0/1/2,/a/0/1/2!/member_00205,0,/a/0/1/2,141,205,,188960,189000,181188,181228,40,6ad3fde8f3f3c0703ea0a42d000b159e0f941153212d2a181141b9905fa2a1d1,060000000b00000013fdba00011e0049,,,,,False,,,,,,,,,,False,False
/a/0/1/2,/a/0/1/2!/member_00206,0,/a/0/1/2,141,206,,189000,189156,181228,181384,156,d835c1508b6dc4ec5ee46416f37c80af1f8f2881d4db42e19872ee69cd570fa3,850000000200000013fd4900dc056000,,,,,False,,,,,,,,,,False,False
/a/0/1/2,/a/0/1/2!/member_00207,0,/a/0/1/2,141,207,,189156,189344,181384,181572,188,536ef07bffa4da3c66ecde433ec81f8270a0c4673cf9d6a0ea74a01ce2ff6b61,a50000001c0000008800000002000000,,,,,False,,,,,,,,,,False,False
/a/0/1/2,/a/0/1/2!/member_00208,0,/a/0/1/2,141,208,,189344,189360,181572,181588,16,3a796dbd147de7d5345a6721ca2a3637f37bdf7a6fe3b5155c050f6ccad2bc2a,0200000013fd1f004901020002000000,,,,,False,,,,,,,,,,False,False
/a/0/1/2,/a/0/1/2!/member_00209,0,/a/0/1/2,141,209,,189360,189380,181588,181608,20,a13dda193b6b4597f3a2a18e48ca6ab20b23624a43161709094332789ac9dfd5,060000000700000013fdba00010200ba,,,,,False,,,,,,,,,,False,False
/a/0/1/2,/a/0/1/2!/member_00210,0,/a/0/1/2,141,210,,189380,189432,181608,181660,52,6a8b36c26e990f1b3b7993a17702816f6a2db12233f148a8f4f0fbbac5b5f177,060000001400000013fd200049011c00,,,,,False,,,,,,,,,,False,False
/a/0/1/2,/a/0/1/2!/member_00211,0,/a/0/1/2,141,211,,189432,189620,181660,181848,188,4ad2e66358c43f89556c5065e84c38387dac6e068b97307aafb45514056927ab,a50000000a0000001800000084000000,,,,,False,,,,,,,,,,False,False
/a/0/1/2,/a/0/1/2!/member_00212,0,/a/0/1/2,141,212,,189620,191200,181848,183428,1580,602737eed45933203a4ec0066107b3769f6490295db0680b3a79125311561640,580400000e0000000806000089000000,,,,,False,,,,,,,,,,False,False
/a/0/1/2,/a/0/1/2!/member_00213,0,/a/0/1/2,141,213,,191200,192684,183428,184912,1484,d5ab2a086f9336cf8b8c9950064e5ba3ebcf34663be67ad18f80caa983641f89,2e01000077010000050300005c010000,,,,,False,,,,,,,,,,False,False
/a/0/1/2,/a/0/1/2!/member_00214,0,/a/0/1/2,141,214,,192684,192692,184912,184920,8,1c41889b5ca0b389bff2b87b597a76386e51e014486e52a57b44cf72e8bf3470,0200000013fd0200,,,,,False,,,,,,,,,,False,False
/a/0/1/2,/a/0/1/2!/member_00215,0,/a/0/1/2,141,215,,192692,193264,184920,185492,572,93a50f73d83af216267cd0f6ccbf0ddad7dc688f8d481be77a8cc0742f4b27e5,90010000df010000b00000001d000000,,,,,False,,,,,,,,,,False,False
/a/0/1/2,/a/0/1/2!/member_00216,0,/a/0/1/2,141,216,,193264,195344,185492,187572,2080,139ff8e32161de2ea19e9484ac7108ef4dcaf811986f7400eec08c2af94d4fbb,38010000f3040000fc0700001a000000,,,,,False,,,,,,,,,,False,False
/a/0/1/2,/a/0/1/2!/member_00217,0,/a/0/1/2,141,217,,195344,196520,187572,188748,1176,96b166b6a9d0afefdc448d3260c258bb2ee3773ace70ac81e34a8451ec82bb70,0200000013fd4900dc05600068002000,,,,,False,,,,,,,,,,False,False
/a/0/1/2,/a/0/1/2!/member_00218,0,/a/0/1/2,141,218,,196520,197028,188748,189256,508,dfd2442f2b99f3b63f9fff4557f551d9789640948c181e8346360826de9f637e,490000000a000000c4010000d5010000,,,,,False,,,,,,,,,,False,False
/a/0/1/2,/a/0/1/2!/member_00219,0,/a/0/1/2,141,219,,197028,197120,189256,189348,92,50f316719f1c184588cb2ae995aad41b5d0d5ada57e5ef966eeee260127c1aea,060000003e00000013fd4900dc056000,,,,,False,,,,,,,,,,False,False
/a/0/1/2,/a/0/1/2!/member_00220,0,/a/0/1/2,141,220,,197120,197200,189348,189428,80,22e28bf8dd3ba316e06daebcf4546ef18d5ef8243b0995c763d8030962823641,0200000013fd4900dc05600068002d00,,,,,False,,,,,,,,,,False,False
/a/0/1/2,/a/0/1/2!/member_00221,0,/a/0/1/2,141,221,,197200,197452,189428,189680,252,8131d21d0c18e9f782464adaff6ad1aaeb051b088f98890e6db5311036c3ab6d,2400000033000000c400000006000000,,,,,True,Nintendo Huffman 4-bit,Probable,False,51,,,,,,False,False
/a/0/1/2,/a/0/1/2!/member_00222,0,/a/0/1/2,141,222,,197452,197580,189680,189808,128,c3435d58ab59180d106b54d41967c19603ebb252fd3d7275b3bb3406ce369047,0200000013fd4900dc05600068002000,,,,,False,,,,,,,,,,False,False
/a/0/1/2,/a/0/1/2!/member_00223,0,/a/0/1/2,141,223,,197580,197624,189808,189852,44,f25363e9a2af4327f869e5195c372bfe6a81f7c63f5bf8d7830079e733473f28,060000000a00000013fd290026410000,,,,,False,,,,,,,,,,False,False
/a/0/1/2,/a/0/1/2!/member_00224,0,/a/0/1/2,141,224,,197624,198020,189852,190248,396,f9eaa824206e07bfa4e11e9128476bc52b225b24d14da189d21a466dd1e11a3b,28000000680100000200000013fd5e00,,,,,True,Nintendo Huffman 8-bit,Probable,False,360,,,,,,False,False
/a/0/1/2,/a/0/1/2!/member_00225,0,/a/0/1/2,141,225,,198020,200600,190248,192828,2580,3ed238656dbe0c565a3c5ad8cafd29e1fea97d46ea70543c1aa4e4656f37aee6,22000000aa0100004809000054000000,,,,,False,,,,,,,,,,False,False
/a/0/1/2,/a/0/1/2!/member_00226,0,/a/0/1/2,141,226,,200600,200656,192828,192884,56,f8bd893ec5f483095b1ea7570b0511b927c4334ec9d59f391122ed92122636fc,0a000000080000001700000013fd0200,,,,,False,,,,,,,,,,False,False
/a/0/1/2,/a/0/1/2!/member_00227,0,/a/0/1/2,141,227,,200656,201420,192884,193648,764,3fbb9912b027b30860a037fb9954b4c32e748d0d7fe860d565a9fd105181a338,4c000000260000009400000014020000,,,,,False,,,,,,,,,,False,False
/a/0/1/2,/a/0/1/2!/member_00228,0,/a/0/1/2,141,228,,201420,201496,193648,193724,76,816a59cb926f4d30753de4c6b9f627bec014ba791150e8d7b4c28cdff0a8eb89,0200000013fd4900dc05600068002000,,,,,False,,,,,,,,,,False,False
/a/0/1/2,/a/0/1/2!/member_00229,0,/a/0/1/2,141,229,,201496,202612,193724,194840,1116,c6ae6535a05ace3b8a25deae6cd29695fc06186185281ebf54a0942027a41293,cb000000270000002802000002000000,,,,,False,,,,,,,,,,False,False
/a/0/1/2,/a/0/1/2!/member_00230,0,/a/0/1/2,141,230,,202612,203448,194840,195676,836,989516d5eee29a6ef7cf0ca9dadf1216d84af131ac2ed199d97f2ffe4ba4313b,1600000014000000d0020000e3020000,,,,,False,,,,,,,,,,False,False
/a/0/1/2,/a/0/1/2!/member_00231,0,/a/0/1/2,141,231,,203448,204632,195676,196860,1184,da69764ea24b76314985bbd27dac0e2392c2fe187264c4bb8672c00d6159a0a1,10000000060000008004000013fd9000,,Nintendo LZ10,Probable,,True,Nintendo LZ10,Probable,True,6,False,,,,,False,False
/a/0/1/2,/a/0/1/2!/member_00232,0,/a/0/1/2,141,232,,204632,206480,196860,198708,1848,99f28da152d0ddd58c273697206cd094d25bfc8148c4374afdc31b7208b04e38,f80100004802000024030000f4040000,,,,,False,,,,,,,,,,False,False
/a/0/1/2,/a/0/1/2!/member_00233,0,/a/0/1/2,141,233,,206480,206800,198708,199028,320,e599c9f30d6cb5eb0f3be567fb8475707deabe8d580f92839743f79602ae5111,0e00000016000000a00000001c010000,,,,,False,,,,,,,,,,False,False
/a/0/1/2,/a/0/1/2!/member_00234,0,/a/0/1/2,141,234,,206800,206808,199028,199036,8,1c41889b5ca0b389bff2b87b597a76386e51e014486e52a57b44cf72e8bf3470,0200000013fd0200,,,,,False,,,,,,,,,,False,False
/a/0/1/2,/a/0/1/2!/member_00235,0,/a/0/1/2,141,235,,206808,206888,199036,199116,80,34aad96005fc18d6bff6bba93cbe7e33113e84f5a2b97db387ea10c03321b108,0e0000000c0000001b0000002a000000,,,,,False,,,,,,,,,,False,False
/a/0/1/2,/a/0/1/2!/member_00236,0,/a/0/1/2,141,236,,206888,206940,199116,199168,52,da8b48c23c46ca0bc22c65a347bdc1e5e93c11cb0d9206081ebfd3c2200e0655,060000001500000013fd4900dc056000,,,,,False,,,,,,,,,,False,False
/a/0/1/2,/a/0/1/2!/member_00237,0,/a/0/1/2,141,237,,206940,209684,199168,201912,2744,2d3be9e32c9ebed34e979c677a926d1b8168ccf43f5b80426decb7c4d9e1448e,32000000d7000000e00500004c010000,,,,,False,,,,,,,,,,False,False
/a/0/1/2,/a/0/1/2!/member_00238,0,/a/0/1/2,141,238,,209684,210216,201912,202444,532,583a1889775f1e8cd5253f5ae8c419cbd04f8ee1aee2e14e9498582a370022b0,0c0200000200000013fd610260005a02,,,,,False,,,,,,,,,,False,False
/a/0/1/2,/a/0/1/2!/member_00239,0,/a/0/1/2,141,239,,210216,210368,202444,202596,152,cd373fcc53a9a5605db0d004ccfe2e3143440e5f18b1d95dab19f7206553b31a,0a000000620000007900000013fd4900,,,,,False,,,,,,,,,,False,False
/a/0/1/2,/a/0/1/2!/member_00240,0,/a/0/1/2,141,240,,210368,210964,202596,203192,596,82e5bfce2214ba088eda265ddf1d73d14bf47ebb06175c1143993e939f11b394,0c0200000e0000003202000082000000,,,,,False,,,,,,,,,,False,False
/a/0/1/2,/a/0/1/2!/member_00241,0,/a/0/1/2,141,241,,210964,211360,203192,203588,396,2a6b42049154fa3121672428525031db9c132ba5cda066f945955cbc9fd239e9,520000000200000013fd4900dc056000,,,,,False,,,,,,,,,,False,False
/a/0/1/2,/a/0/1/2!/member_00242,0,/a/0/1/2,141,242,,211360,213048,203588,205276,1688,fb34bbdf19a353745e2dda5e721d7cf1e1748b63f16816bee5a3dd12dd67909c,28030000370300006004000028060000,,,,,True,Nintendo Huffman 8-bit,Probable,False,3,,,,,,False,False
/a/0/1/2,/a/0/1/2!/member_00243,0,/a/0/1/2,141,243,,213048,214600,205276,206828,1552,c1afd3817539bbe366ac60e040d8b4d6f8a2f4f38aed79b8d2d1dcb271477a3a,66000000b403000022000000a9050000,,,,,False,,,,,,,,,,False,False
/a/0/1/2,/a/0/1/2!/member_00244,0,/a/0/1/2,141,244,,214600,214656,206828,206884,56,79a155d145679a28b9d310b6a060dbbc925dfe3a062676126b418398f91f1d03,0a000000080000001700000013fd0200,,,,,False,,,,,,,,,,False,False
/a/0/1/2,/a/0/1/2!/member_00245,0,/a/0/1/2,141,245,,214656,215272,206884,207500,616,868608ee5870c2bc741ea9ae7d6c414a53dc58ecc72875deb4f4245c6f4730c8,0a000000300100007c00000013fde401,,,,,False,,,,,,,,,,False,False
/a/0/1/2,/a/0/1/2!/member_00246,0,/a/0/1/2,141,246,,215272,215704,207500,207932,432,622819406c069a0235c3df9f8291c8a22a92c96388f89b1d61633b77c1897420,0e0000002b0000007501000088010000,,,,,False,,,,,,,,,,False,False
/a/0/1/2,/a/0/1/2!/member_00247,0,/a/0/1/2,141,247,,215704,215764,207932,207992,60,dec4fa2ccf7733d5d4fa278cdce1807be6fdbc4e5b1ba3b5f674826806e46fda,0a000000080000001b00000013fd0200,,,,,False,,,,,,,,,,False,False
/a/0/1/2,/a/0/1/2!/member_00248,0,/a/0/1/2,141,248,,215764,215796,207992,208024,32,23c2d186134d1e6f8465b3fab5746652e9c647258d6432b1c187cca10e719088,060000000400000013fd02004900dc05,,,,,False,,,,,,,,,,False,False
/a/0/1/2,/a/0/1/2!/member_00249,0,/a/0/1/2,141,249,,215796,217040,208024,209268,1244,c9191925f4b6072dbdab6bb9f6a565e5f399e67d9b40de75e43ecc302ba0641b,e50000001a000000f80000008b040000,,,,,False,,,,,,,,,,False,False
/a/0/1/2,/a/0/1/2!/member_00250,0,/a/0/1/2,141,250,,217040,217472,209268,209700,432,e93c5c56d2e3f84c574d1bde4f7285e7649376131e272fc65bed8d517cd1fd66,060000003201000013fd4900dc056000,,,,,False,,,,,,,,,,False,False
/a/0/1/2,/a/0/1/2!/member_00251,0,/a/0/1/2,141,251,,217472,218404,209700,210632,932,22761d04855fd009a83521dc7b9086c2d0dcbb25a22a99a659f311f5a032777a,49000000a70000002002000076030000,,,,,False,,,,,,,,,,False,False
/a/0/1/2,/a/0/1/2!/member_00252,0,/a/0/1/2,141,252,,218404,219340,210632,211568,936,bcef7ff5082d7f6004e5ea153ccf80d797d2d58b47d8380fde9a28de4693f1d3,16000000280200004403000057030000,,,,,False,,,,,,,,,,False,False
/a/0/1/2,/a/0/1/2!/member_00253,0,/a/0/1/2,141,253,,219340,219372,211568,211600,32,23c2d186134d1e6f8465b3fab5746652e9c647258d6432b1c187cca10e719088,060000000400000013fd02004900dc05,,,,,False,,,,,,,,,,False,False
/a/0/1/2,/a/0/1/2!/member_00254,0,/a/0/1/2,141,254,,219372,219460,211600,211688,88,de5020f79c8c96a7b2e485b5681658104bbaecc437079d3685a4e74918692668,0e0000000c0000001f00000030000000,,,,,False,,,,,,,,,,False,False
/a/0/1/2,/a/0/1/2!/member_00255,0,/a/0/1/2,141,255,,219460,219508,211688,211736,48,c8d20be8c24e06563b78d842df6083718ae5a6b9eece8a96865d2f0a9f17d317,0200000013fd4900dc05600068002000,,,,,False,,,,,,,,,,False,False
/a/0/1/2,/a/0/1/2!/member_00256,0,/a/0/1/2,141,256,,219508,220052,211736,212280,544,81187a87030b58631effa490f60eae9c6e8ca01bd470a269e4dfa4e6719fb9fb,b00100000a000000f1000000b7010000,,,,,False,,,,,,,,,,False,False
/a/0/1/2,/a/0/1/2!/member_00257,0,/a/0/1/2,141,257,,220052,220112,212280,212340,60,43df7b7515025511567132f84e9bfec7cc1229d29b9148ed6a287847c50d4201,0a000000080000001900000013fd0200,,,,,False,,,,,,,,,,False,False
/a/0/1/2,/a/0/1/2!/member_00258,0,/a/0/1/2,141,258,,220112,220584,212340,212812,472,33286326685aee1f75f3ca8f03b2c44d3cf951d5ae24db491874139a19b7ff08,a7010000490000000a00000088010000,,,,,False,,,,,,,,,,False,False
/a/0/1/2,/a/0/1/2!/member_00259,0,/a/0/1/2,141,259,,220584,220684,212812,212912,100,f512c15915a696c50b75c6b5c5905e38694652583054e2416b40ff877ab3678f,0a0000002f0000004200000013fd4900,,,,,False,,,,,,,,,,False,False
/a/0/1/2,/a/0/1/2!/member_00260,0,/a/0/1/2,141,260,,220684,221400,212912,213628,716,6996afa58b3913c3b03244a3ceac3bdb82d92e46e33ec982ca52638610e64050,12000000740100000001000099010000,,,,,False,,,,,,,,,,False,False
/a/0/1/2,/a/0/1/2!/member_00261,0,/a/0/1/2,141,261,,221400,221884,213628,214112,484,ca95a1ca420da70fb58542fa9984c93d6a8eafa9837e93d0d68efde31e2fe916,4500000006000000c001000013fd2000,,,,,False,,,,,,,,,,False,False
/a/0/1/2,/a/0/1/2!/member_00262,0,/a/0/1/2,141,262,,221884,222396,214112,214624,512,431d2cdcece6be6ae52ae4639589ce8df9b0ef46314a315274aa01ee558e5da4,1a000000b50000007501000088010000,,,,,False,,,,,,,,,,False,False
/a/0/1/2,/a/0/1/2!/member_00263,0,/a/0/1/2,141,263,,222396,223104,214624,215332,708,9aca00f341e552a0add14844685a71a1f7223e91080fb2edffe7d691f0485932,0200000013fd4900dc05600068001003,,,,,False,,,,,,,,,,False,False
/a/0/1/2,/a/0/1/2!/member_00264,0,/a/0/1/2,141,264,,223104,223704,215332,215932,600,6d762fb752478ea6d86f99866e871b064da5e9fcf33fadb3a1715e3f6f3408df,1600000060000000aa000000f4000000,,,,,False,,,,,,,,,,False,False
/a/0/1/2,/a/0/1/2!/member_00265,0,/a/0/1/2,141,265,,223704,225356,215932,217584,1652,b8d2f87d07adf6add141af913009e2f75cb9eb72e5228107f6043ada1467931c,060000002a02000013fd4900dc056000,,,,,False,,,,,,,,,,False,False
/a/0/1/2,/a/0/1/2!/member_00266,0,/a/0/1/2,141,266,,225356,225364,217584,217592,8,fb59317b8103f19f3850f0be3fe62db1aa481a9a7b31c590e6d243e98eacd375,0201000000000000,,,,,False,,,,,,,,,,False,False
/a/0/1/2,/a/0/1/2!/member_00267,0,/a/0/1/2,141,267,,225364,225368,217592,217596,4,df3f619804a92fdb4057192dc43dd748ea778adc52bc498ce80524c014b81119,00000000,,,,,False,,,,,,,,,,False,False
/a/0/1/2,/a/0/1/2!/member_00268,0,/a/0/1/2,141,268,,225368,225384,217596,217612,16,362b17210d46e8e02048a1bd9e463d76c90b01c2db6128d26fca61f2335468e8,010100000000f5400000010000000000,,,,,False,,,,,,,,,,False,False
/a/0/1/2,/a/0/1/2!/member_00269,0,/a/0/1/2,141,269,,225384,225392,217612,217620,8,d080319e19d938493a9c79f7e4407ccd23f555b9771ad0d5692a13ad06097ed3,0401000000000000,,,,,False,,,,,,,,,,False,False
/a/0/1/2,/a/0/1/2!/member_00270,0,/a/0/1/2,141,270,,225392,225400,217620,217628,8,f9093f473183db4f347c1520cdfb486df35a3cc66bfbfc134843b3eccfe02b6b,0303000000000000,,,,,False,,,,,,,,,,False,False
/a/0/1/2,/a/0/1/2!/member_00271,0,/a/0/1/2,141,271,,225400,225412,217628,217640,12,9e89dc0cb05ab464037da0f647698d5269649c624defb734e2863f3b987593fb,020100000004060000000000,,,,,False,,,,,,,,,,False,False
/a/0/1/2,/a/0/1/2!/member_00272,0,/a/0/1/2,141,272,,225412,225420,217640,217648,8,2601f99b26e489dc84957df77886d72827d882f5d71704920a5d9a07faf8db6e,0402000000000000,,,,,False,,,,,,,,,,False,False
/a/0/1/2,/a/0/1/2!/member_00273,0,/a/0/1/2,141,273,,225420,225440,217648,217668,20,dd273c20a8231316182047a8677ae48ec1c71d861482a1db25fef8e044dbde98,02010000000101000000002441000002,,,,,False,,,,,,,,,,False,False
/a/0/1/2,/a/0/1/2!/member_00274,0,/a/0/1/2,141,274,,225440,225448,217668,217676,8,db4a817e8f7bbf5a862d1ed461fc3b5e006753237cfd268fed6a16764761c033,0202000000000000,,,,,False,,,,,,,,,,False,False
/a/0/1/2,/a/0/1/2!/member_00275,0,/a/0/1/2,141,275,,225448,225456,217676,217684,8,2601f99b26e489dc84957df77886d72827d882f5d71704920a5d9a07faf8db6e,0402000000000000,,,,,False,,,,,,,,,,False,False
/a/0/1/2,/a/0/1/2!/member_00276,0,/a/0/1/2,141,276,,225456,225468,217684,217696,12,c591002508c64ddb5845e3347fceb89055a82ef0bf5f147c21157fddfb0f1248,0309000000020a0000000000,,,,,False,,,,,,,,,,False,False
/a/0/1/2,/a/0/1/2!/member_00277,0,/a/0/1/2,141,277,,225468,225472,217696,217700,4,df3f619804a92fdb4057192dc43dd748ea778adc52bc498ce80524c014b81119,00000000,,,,,False,,,,,,,,,,False,False
/a/0/1/2,/a/0/1/2!/member_00278,0,/a/0/1/2,141,278,,225472,225476,217700,217704,4,df3f619804a92fdb4057192dc43dd748ea778adc52bc498ce80524c014b81119,00000000,,,,,False,,,,,,,,,,False,False
/a/0/1/2,/a/0/1/2!/member_00279,0,/a/0/1/2,141,279,,225476,225484,217704,217712,8,fb59317b8103f19f3850f0be3fe62db1aa481a9a7b31c590e6d243e98eacd375,0201000000000000,,,,,False,,,,,,,,,,False,False
/a/0/1/2,/a/0/1/2!/member_00280,0,/a/0/1/2,141,280,,225484,225488,217712,217716,4,df3f619804a92fdb4057192dc43dd748ea778adc52bc498ce80524c014b81119,00000000,,,,,False,,,,,,,,,,False,False
/a/0/1/2,/a/0/1/2!/member_00281,0,/a/0/1/2,141,281,,225488,225496,217716,217724,8,fb59317b8103f19f3850f0be3fe62db1aa481a9a7b31c590e6d243e98eacd375,0201000000000000,,,,,False,,,,,,,,,,False,False
/a/0/1/2,/a/0/1/2!/member_00282,0,/a/0/1/2,141,282,,225496,225512,217724,217740,16,d53210d49b9fd03b4951cacec125bbb53b9c60f7d75c53ab9a65a4345415af1d,04030000000204000000030600000000,,,,,False,,,,,,,,,,False,False
/a/0/1/2,/a/0/1/2!/member_00283,0,/a/0/1/2,141,283,,225512,225520,217740,217748,8,fb59317b8103f19f3850f0be3fe62db1aa481a9a7b31c590e6d243e98eacd375,0201000000000000,,,,,False,,,,,,,,,,False,False
/a/0/1/2,/a/0/1/2!/member_00284,0,/a/0/1/2,141,284,,225520,225524,217748,217752,4,df3f619804a92fdb4057192dc43dd748ea778adc52bc498ce80524c014b81119,00000000,,,,,False,,,,,,,,,,False,False
/a/0/1/2,/a/0/1/2!/member_00285,0,/a/0/1/2,141,285,,225524,225532,217752,217760,8,4280f3230dc9e6c77a32c14f1f46a78828807857f811f106ad56df49d451048f,0403000000000000,,,,,False,,,,,,,,,,False,False
/a/0/1/2,/a/0/1/2!/member_00286,0,/a/0/1/2,141,286,,225532,225556,217760,217784,24,4b5c295b113ea6fa2268fc21b9c944ebc72e478724b9265c483ce9876e44ac40,010b000000030c000000021a00000000,,,,,False,,,,,,,,,,False,False
/a/0/1/2,/a/0/1/2!/member_00287,0,/a/0/1/2,141,287,,225556,225560,217784,217788,4,df3f619804a92fdb4057192dc43dd748ea778adc52bc498ce80524c014b81119,00000000,,,,,False,,,,,,,,,,False,False
/a/0/1/2,/a/0/1/2!/member_00288,0,/a/0/1/2,141,288,,225560,225564,217788,217792,4,df3f619804a92fdb4057192dc43dd748ea778adc52bc498ce80524c014b81119,00000000,,,,,False,,,,,,,,,,False,False
/a/0/1/2,/a/0/1/2!/member_00289,0,/a/0/1/2,141,289,,225564,225568,217792,217796,4,df3f619804a92fdb4057192dc43dd748ea778adc52bc498ce80524c014b81119,00000000,,,,,False,,,,,,,,,,False,False
/a/0/1/2,/a/0/1/2!/member_00290,0,/a/0/1/2,141,290,,225568,225576,217796,217804,8,138abcf64e584c0d6611136df0706f6e511ae39c58e8f88d68add1f7cf460925,0209000000000000,,,,,False,,,,,,,,,,False,False
/a/0/1/2,/a/0/1/2!/member_00291,0,/a/0/1/2,141,291,,225576,225588,217804,217816,12,071a460ce7e608f0d09c2e22d47b0d530d9ceebec982826bbb3605c37c545b5b,020800000003090000000000,,,,,False,,,,,,,,,,False,False
/a/0/1/2,/a/0/1/2!/member_00292,0,/a/0/1/2,141,292,,225588,225596,217816,217824,8,fb59317b8103f19f3850f0be3fe62db1aa481a9a7b31c590e6d243e98eacd375,0201000000000000,,,,,False,,,,,,,,,,False,False
/a/0/1/2,/a/0/1/2!/member_00293,0,/a/0/1/2,141,293,,225596,225608,217824,217836,12,42581b8a72c79c437998ea0278f54fecb3d602af61db536180ee83de3824d55e,020100000003090000000000,,,,,False,,,,,,,,,,False,False
/a/0/1/2,/a/0/1/2!/member_00294,0,/a/0/1/2,141,294,,225608,225616,217836,217844,8,fb59317b8103f19f3850f0be3fe62db1aa481a9a7b31c590e6d243e98eacd375,0201000000000000,,,,,False,,,,,,,,,,False,False
/a/0/1/2,/a/0/1/2!/member_00295,0,/a/0/1/2,141,295,,225616,225624,217844,217852,8,fb59317b8103f19f3850f0be3fe62db1aa481a9a7b31c590e6d243e98eacd375,0201000000000000,,,,,False,,,,,,,,,,False,False
/a/0/1/2,/a/0/1/2!/member_00296,0,/a/0/1/2,141,296,,225624,225640,217852,217868,16,a3be146ca7ac5c5d8132c0210c8ef3d24b98b217927b058edb6ec6477e12a20c,01010000000025410000010000000000,,,,,False,,,,,,,,,,False,False
/a/0/1/2,/a/0/1/2!/member_00297,0,/a/0/1/2,141,297,,225640,225644,217868,217872,4,df3f619804a92fdb4057192dc43dd748ea778adc52bc498ce80524c014b81119,00000000,,,,,False,,,,,,,,,,False,False
/a/0/1/2,/a/0/1/2!/member_00298,0,/a/0/1/2,141,298,,225644,225656,217872,217884,12,29ae53653937cec603feb40b621a28495f3e495d4e13af29567f675388f0bc97,020600000004070000000000,,,,,False,,,,,,,,,,False,False
/a/0/1/2,/a/0/1/2!/member_00299,0,/a/0/1/2,141,299,,225656,225664,217884,217892,8,8f6c5e3f97dac30229e34665e8a76933efc8e640baa13f24f33296c4eb8a5f7d,0206000000000000,,,,,False,,,,,,,,,,False,False
/a/0/1/2,/a/0/1/2!/member_00300,0,/a/0/1/2,141,300,,225664,225668,217892,217896,4,df3f619804a92fdb4057192dc43dd748ea778adc52bc498ce80524c014b81119,00000000,,,,,False,,,,,,,,,,False,False
/a/0/1/2,/a/0/1/2!/member_00301,0,/a/0/1/2,141,301,,225668,225688,217896,217916,20,ec7a0ccf7a9591e44d023261e462c793a01deaffdd005aafe965cb6d4c861db4,0106000000030200000000cd40010001,,,,,False,,,,,,,,,,False,False
/a/0/1/2,/a/0/1/2!/member_00302,0,/a/0/1/2,141,302,,225688,225692,217916,217920,4,df3f619804a92fdb4057192dc43dd748ea778adc52bc498ce80524c014b81119,00000000,,,,,False,,,,,,,,,,False,False
/a/0/1/2,/a/0/1/2!/member_00303,0,/a/0/1/2,141,303,,225692,225736,217920,217964,44,94b5cebff24649307ba0b77b18b76968c49330ff1bed6deeba943ebee8e902aa,010b0000000302000000020900000000,,,,,False,,,,,,,,,,False,False
/a/0/1/2,/a/0/1/2!/member_00304,0,/a/0/1/2,141,304,,225736,225740,217964,217968,4,df3f619804a92fdb4057192dc43dd748ea778adc52bc498ce80524c014b81119,00000000,,,,,False,,,,,,,,,,False,False
/a/0/1/2,/a/0/1/2!/member_00305,0,/a/0/1/2,141,305,,225740,225760,217968,217988,20,39c3ebf79e8d94355b4392de1c2bb104e3459dbb4ee9111a37eddb0267763ddb,0106000000030200000000d540010001,,,,,False,,,,,,,,,,False,False
/a/0/1/2,/a/0/1/2!/member_00306,0,/a/0/1/2,141,306,,225760,225764,217988,217992,4,df3f619804a92fdb4057192dc43dd748ea778adc52bc498ce80524c014b81119,00000000,,,,,False,,,,,,,,,,False,False
/a/0/1/2,/a/0/1/2!/member_00307,0,/a/0/1/2,141,307,,225764,225784,217992,218012,20,7b52f3a5bc94dd88743e4695ae6426e432e378e3739dfc7a66de82a4b0d77efc,0302000000010100000000d840010001,,,,,False,,,,,,,,,,False,False
/a/0/1/2,/a/0/1/2!/member_00308,0,/a/0/1/2,141,308,,225784,225804,218012,218032,20,5a7ca12cf1a1156cf53725bd34e3751916f4a4c321f1c6b59ab564c98de19d7d,0106000000030200000000d140010001,,,,,False,,,,,,,,,,False,False
/a/0/1/2,/a/0/1/2!/member_00309,0,/a/0/1/2,141,309,,225804,225812,218032,218040,8,4823ff34557b350562a800037eb14e533d39954d76cd142c23dbee263db4b4af,0204000000000000,,,,,False,,,,,,,,,,False,False
/a/0/1/2,/a/0/1/2!/member_00310,0,/a/0/1/2,141,310,,225812,225816,218040,218044,4,df3f619804a92fdb4057192dc43dd748ea778adc52bc498ce80524c014b81119,00000000,,,,,False,,,,,,,,,,False,False
/a/0/1/2,/a/0/1/2!/member_00311,0,/a/0/1/2,141,311,,225816,225820,218044,218048,4,df3f619804a92fdb4057192dc43dd748ea778adc52bc498ce80524c014b81119,00000000,,,,,False,,,,,,,,,,False,False
/a/0/1/2,/a/0/1/2!/member_00312,0,/a/0/1/2,141,312,,225820,225824,218048,218052,4,df3f619804a92fdb4057192dc43dd748ea778adc52bc498ce80524c014b81119,00000000,,,,,False,,,,,,,,,,False,False
/a/0/1/2,/a/0/1/2!/member_00313,0,/a/0/1/2,141,313,,225824,225828,218052,218056,4,df3f619804a92fdb4057192dc43dd748ea778adc52bc498ce80524c014b81119,00000000,,,,,False,,,,,,,,,,False,False
/a/0/1/2,/a/0/1/2!/member_00314,0,/a/0/1/2,141,314,,225828,225872,218056,218100,44,5f00179a352275bacb89b439636805c55272c05bebc331efb516ed45fd289910,010b0000000205000000030700000000,,,,,False,,,,,,,,,,False,False
/a/0/1/2,/a/0/1/2!/member_00315,0,/a/0/1/2,141,315,,225872,225880,218100,218108,8,c425a9ec3001a1411790d93f89815f2c52f5ba7771a4f0de13ade6fab1712b8f,0203000000000000,,,,,False,,,,,,,,,,False,False
/a/0/1/2,/a/0/1/2!/member_00316,0,/a/0/1/2,141,316,,225880,225924,218108,218152,44,789c034f191804da3c74a244202864d0aae017c628a1fea61dbcbb446b8b2c71,010b0000000205000000030600000000,,,,,False,,,,,,,,,,False,False
/a/0/1/2,/a/0/1/2!/member_00317,0,/a/0/1/2,141,317,,225924,225928,218152,218156,4,df3f619804a92fdb4057192dc43dd748ea778adc52bc498ce80524c014b81119,00000000,,,,,False,,,,,,,,,,False,False
/a/0/1/2,/a/0/1/2!/member_00318,0,/a/0/1/2,141,318,,225928,225932,218156,218160,4,df3f619804a92fdb4057192dc43dd748ea778adc52bc498ce80524c014b81119,00000000,,,,,False,,,,,,,,,,False,False
/a/0/1/2,/a/0/1/2!/member_00319,0,/a/0/1/2,141,319,,225932,225944,218160,218172,12,5e9a5d9827baedf205d3b7784f3669c089d042097083813e06fa11164add1679,020300000004020000000000,,,,,False,,,,,,,,,,False,False
/a/0/1/2,/a/0/1/2!/member_00320,0,/a/0/1/2,141,320,,225944,225952,218172,218180,8,c425a9ec3001a1411790d93f89815f2c52f5ba7771a4f0de13ade6fab1712b8f,0203000000000000,,,,,False,,,,,,,,,,False,False
/a/0/1/2,/a/0/1/2!/member_00321,0,/a/0/1/2,141,321,,225952,225956,218180,218184,4,df3f619804a92fdb4057192dc43dd748ea778adc52bc498ce80524c014b81119,00000000,,,,,False,,,,,,,,,,False,False
/a/0/1/2,/a/0/1/2!/member_00322,0,/a/0/1/2,141,322,,225956,225960,218184,218188,4,df3f619804a92fdb4057192dc43dd748ea778adc52bc498ce80524c014b81119,00000000,,,,,False,,,,,,,,,,False,False
/a/0/1/2,/a/0/1/2!/member_00323,0,/a/0/1/2,141,323,,225960,225968,218188,218196,8,c425a9ec3001a1411790d93f89815f2c52f5ba7771a4f0de13ade6fab1712b8f,0203000000000000,,,,,False,,,,,,,,,,False,False
/a/0/1/2,/a/0/1/2!/member_00324,0,/a/0/1/2,141,324,,225968,225988,218196,218216,20,e44dadbbd781277b4a590c136b29aa91c5f5a537064670eab1b035f78aaee802,0106000000030200000000a740010001,,,,,False,,,,,,,,,,False,False
/a/0/1/2,/a/0/1/2!/member_00325,0,/a/0/1/2,141,325,,225988,225992,218216,218220,4,df3f619804a92fdb4057192dc43dd748ea778adc52bc498ce80524c014b81119,00000000,,,,,False,,,,,,,,,,False,False
/a/0/1/2,/a/0/1/2!/member_00326,0,/a/0/1/2,141,326,,225992,226000,218220,218228,8,db4a817e8f7bbf5a862d1ed461fc3b5e006753237cfd268fed6a16764761c033,0202000000000000,,,,,False,,,,,,,,,,False,False
/a/0/1/2,/a/0/1/2!/member_00327,0,/a/0/1/2,141,327,,226000,226012,218228,218240,12,a1833fca94dfe72f9eb8f5559ccfc0a8244f654b076be393f6b581f4471b9905,020400000003050000000000,,,,,False,,,,,,,,,,False,False
/a/0/1/2,/a/0/1/2!/member_00328,0,/a/0/1/2,141,328,,226012,226028,218240,218256,16,a3be146ca7ac5c5d8132c0210c8ef3d24b98b217927b058edb6ec6477e12a20c,01010000000025410000010000000000,,,,,False,,,,,,,,,,False,False
/a/0/1/2,/a/0/1/2!/member_00329,0,/a/0/1/2,141,329,,226028,226032,218256,218260,4,df3f619804a92fdb4057192dc43dd748ea778adc52bc498ce80524c014b81119,00000000,,,,,False,,,,,,,,,,False,False
/a/0/1/2,/a/0/1/2!/member_00330,0,/a/0/1/2,141,330,,226032,226076,218260,218304,44,f10b74e4a063039d7949bd9cf8f74365ec87dcad6e2032320e3074013cace3b0,02160000000317000000010100000000,,,,,False,,,,,,,,,,False,False
/a/0/1/2,/a/0/1/2!/member_00331,0,/a/0/1/2,141,331,,226076,226108,218304,218336,32,1b8d4883570f0700df31129a657589df8984c36b08f2f714d64c89792f9835ff,02010000000101000000004d41010002,,,,,False,,,,,,,,,,False,False
/a/0/1/2,/a/0/1/2!/member_00332,0,/a/0/1/2,141,332,,226108,226132,218336,218360,24,195399a8ae327df196fa2a55deffc962e56c707ce4d1c639d4e7d0f1509e918a,02010000000302000000010100000000,,,,,False,,,,,,,,,,False,False
/a/0/1/2,/a/0/1/2!/member_00333,0,/a/0/1/2,141,333,,226132,226140,218360,218368,8,4adeb4453cb2e0d4f186667f3052bf6c34b102cf0fa25910f6964f4f8a55ab84,0101000000000000,,,,,False,,,,,,,,,,False,False
/a/0/1/2,/a/0/1/2!/member_00334,0,/a/0/1/2,141,334,,226140,226148,218368,218376,8,4adeb4453cb2e0d4f186667f3052bf6c34b102cf0fa25910f6964f4f8a55ab84,0101000000000000,,,,,False,,,,,,,,,,False,False
/a/0/1/2,/a/0/1/2!/member_00335,0,/a/0/1/2,141,335,,226148,226156,218376,218384,8,4adeb4453cb2e0d4f186667f3052bf6c34b102cf0fa25910f6964f4f8a55ab84,0101000000000000,,,,,False,,,,,,,,,,False,False
/a/0/1/2,/a/0/1/2!/member_00336,0,/a/0/1/2,141,336,,226156,226188,218384,218416,32,6ae352273df6ad67440fc9245021eff6ac3d339fe6bcd0edd5a90e9ca52cf7e5,02070000000308000000010100000000,,,,,False,,,,,,,,,,False,False
/a/0/1/2,/a/0/1/2!/member_00337,0,/a/0/1/2,141,337,,226188,226196,218416,218424,8,bfc1246c227b651b1e2b2aa8fb919853aa706e3f0f0ae7f475bacf95d1a6f003,0226000000000000,,,,,False,,,,,,,,,,False,False
/a/0/1/2,/a/0/1/2!/member_00338,0,/a/0/1/2,141,338,,226196,226204,218424,218432,8,064a4d7b0cacc9cb59eaf2652896c3adf278b50c470d0e3de5de72ff03fbc9dd,02db270000000000,,,,,False,,,,,,,,,,False,False
/a/0/1/2,/a/0/1/2!/member_00339,0,/a/0/1/2,141,339,,226204,226236,218432,218464,32,c07fab7d5b3ac65dcda93e7d211a759845d6c4db973e984aceb9617c971d710e,02050000000328230000010100000000,,,,,False,,,,,,,,,,False,False
/a/0/1/2,/a/0/1/2!/member_00340,0,/a/0/1/2,141,340,,226236,226264,218464,218492,28,b4490651facbf3cee5f6e27af25d8e2bd82c959ab649df562e489befd4edd4ba,010600000004f52300000017410000f0,,,,,False,,,,,,,,,,False,False
/a/0/1/2,/a/0/1/2!/member_00341,0,/a/0/1/2,141,341,,226264,226284,218492,218512,20,aa704121675635588b825741a99189a548d913fd0a7cfce0eed57d0ebb92f5bf,020c000000010100000000e640000001,,,,,False,,,,,,,,,,False,False
/a/0/1/2,/a/0/1/2!/member_00342,0,/a/0/1/2,141,342,,226284,226296,218512,218524,12,c2392ceda387a01c52d5e1989c10aa266fc073a05315182ce4cbfc553e486a92,030300000002050000000000,,,,,False,,,,,,,,,,False,False
/a/0/1/2,/a/0/1/2!/member_00343,0,/a/0/1/2,141,343,,226296,226304,218524,218532,8,4823ff34557b350562a800037eb14e533d39954d76cd142c23dbee263db4b4af,0204000000000000,,,,,False,,,,,,,,,,False,False
/a/0/1/2,/a/0/1/2!/member_00344,0,/a/0/1/2,141,344,,226304,226308,218532,218536,4,df3f619804a92fdb4057192dc43dd748ea778adc52bc498ce80524c014b81119,00000000,,,,,False,,,,,,,,,,False,False
/a/0/1/2,/a/0/1/2!/member_00345,0,/a/0/1/2,141,345,,226308,226348,218536,218576,40,65371ca468df36b2cf40d41bebb1bbdd9a09448844154678fc5f89d4dee91d2c,020e0000000101000000004241010004,,,,,False,,,,,,,,,,False,False
/a/0/1/2,/a/0/1/2!/member_00346,0,/a/0/1/2,141,346,,226348,226396,218576,218624,48,bfb7a76c80353fd410aecf72f94ce5f9199dd5a5e5ba56c223aa49965cbcc631,04150000000210000000031600000001,,,,,False,,,,,,,,,,False,False
/a/0/1/2,/a/0/1/2!/member_00347,0,/a/0/1/2,141,347,,226396,226436,218624,218664,40,b79c9a0139c1a6f59044babc36987b9aa5d178a6e757fd31225f1c3cd53ee405,020e0000000101000000004741010004,,,,,False,,,,,,,,,,False,False
/a/0/1/2,/a/0/1/2!/member_00348,0,/a/0/1/2,141,348,,226436,226476,218664,218704,40,4d45f0dd30251e55949ca01c410c22a5c5423cf0fe5d93ce8f9355f8f731c21f,020f0000000101000000004a41010004,,,,,False,,,,,,,,,,False,False
/a/0/1/2,/a/0/1/2!/member_00349,0,/a/0/1/2,141,349,,226476,226500,218704,218728,24,7326c7e8cb45386fb21e81ccf864adb1aab3303ffbf10c29d447fcc8a95d2b7c,03020000000409000000010100000000,,,,,False,,,,,,,,,,False,False
/a/0/1/2,/a/0/1/2!/member_00350,0,/a/0/1/2,141,350,,226500,226516,218728,218744,16,82b47be024aadcc41d96e4911b6069df1542a7d836c6643d75346ea8dc660f5d,031f0000000220000000042100000000,,,,,False,,,,,,,,,,False,False
/a/0/1/2,/a/0/1/2!/member_00351,0,/a/0/1/2,141,351,,226516,226540,218744,218768,24,4e694176e6bdedcec0fb8ea785b88a3654558648d6b0dfcfb7d69d6fafa3731d,03030000000408000000010100000000,,,,,False,,,,,,,,,,False,False
/a/0/1/2,/a/0/1/2!/member_00352,0,/a/0/1/2,141,352,,226540,226564,218768,218792,24,1b3e20436307ffd46390e4746c075ac313865cbc55c5284e7a23ef2f7ac94474,02070000000106000000030900000000,,,,,False,,,,,,,,,,False,False
/a/0/1/2,/a/0/1/2!/member_00353,0,/a/0/1/2,141,353,,226564,226588,218792,218816,24,46ef9bd7fd907c0c95f4fdc623931ce78a3260d046a98fe067332cb92410f4ca,02010000000316000000010100000000,,,,,False,,,,,,,,,,False,False
/a/0/1/2,/a/0/1/2!/member_00354,0,/a/0/1/2,141,354,,226588,226608,218816,218836,20,02a272848ee58c5711f99a11f11ac93bb12b51f38d0dcf7e80096283f51e1e42,0204000000010100000000f840000003,,,,,False,,,,,,,,,,False,False
/a/0/1/2,/a/0/1/2!/member_00355,0,/a/0/1/2,141,355,,226608,226616,218836,218844,8,138abcf64e584c0d6611136df0706f6e511ae39c58e8f88d68add1f7cf460925,0209000000000000,,,,,False,,,,,,,,,,False,False
/a/0/1/2,/a/0/1/2!/member_00356,0,/a/0/1/2,141,356,,226616,226624,218844,218852,8,f9751fd4483ce0da0890396ccad4b633f87dd89e9fa14bd5c7c1339314acc44c,0304000000000000,,,,,False,,,,,,,,,,False,False
/a/0/1/2,/a/0/1/2!/member_00357,0,/a/0/1/2,141,357,,226624,226636,218852,218864,12,192d9f2e2e7deaaccc8ade48e9d3066ba015ef14c02c9bb83ee41920055c6444,030600000002070000000000,,,,,False,,,,,,,,,,False,False
/a/0/1/2,/a/0/1/2!/member_00358,0,/a/0/1/2,141,358,,226636,226644,218864,218872,8,fb59317b8103f19f3850f0be3fe62db1aa481a9a7b31c590e6d243e98eacd375,0201000000000000,,,,,False,,,,,,,,,,False,False
/a/0/1/2,/a/0/1/2!/member_00359,0,/a/0/1/2,141,359,,226644,226648,218872,218876,4,df3f619804a92fdb4057192dc43dd748ea778adc52bc498ce80524c014b81119,00000000,,,,,False,,,,,,,,,,False,False
/a/0/1/2,/a/0/1/2!/member_00360,0,/a/0/1/2,141,360,,226648,226656,218876,218884,8,db4a817e8f7bbf5a862d1ed461fc3b5e006753237cfd268fed6a16764761c033,0202000000000000,,,,,False,,,,,,,,,,False,False
/a/0/1/2,/a/0/1/2!/member_00361,0,/a/0/1/2,141,361,,226656,226660,218884,218888,4,df3f619804a92fdb4057192dc43dd748ea778adc52bc498ce80524c014b81119,00000000,,,,,False,,,,,,,,,,False,False
/a/0/1/2,/a/0/1/2!/member_00362,0,/a/0/1/2,141,362,,226660,226680,218888,218908,20,8cb503055865eeaa939410cc4dd3525db85fdc48f55ccf5b7ce21ca43d2dc8e1,0106000000030200000000ab40010001,,,,,False,,,,,,,,,,False,False
/a/0/1/2,/a/0/1/2!/member_00363,0,/a/0/1/2,141,363,,226680,226684,218908,218912,4,df3f619804a92fdb4057192dc43dd748ea778adc52bc498ce80524c014b81119,00000000,,,,,False,,,,,,,,,,False,False
/a/0/1/2,/a/0/1/2!/member_00364,0,/a/0/1/2,141,364,,226684,226696,218912,218924,12,5da0291d3c6eab46fc3e4d3bb6e3e3dde78496eae4c77eadf39b909242a1f948,030200000002040000000000,,,,,False,,,,,,,,,,False,False
/a/0/1/2,/a/0/1/2!/member_00365,0,/a/0/1/2,141,365,,226696,226712,218924,218940,16,16925b5e5a68e38d26ef308c963ba1753c56848d7886c6baa84538547cdbb39e,04030000000305000000020700000000,,,,,False,,,,,,,,,,False,False
/a/0/1/2,/a/0/1/2!/member_00366,0,/a/0/1/2,141,366,,226712,226720,218940,218948,8,db4a817e8f7bbf5a862d1ed461fc3b5e006753237cfd268fed6a16764761c033,0202000000000000,,,,,False,,,,,,,,,,False,False
/a/0/1/2,/a/0/1/2!/member_00367,0,/a/0/1/2,141,367,,226720,226728,218948,218956,8,2601f99b26e489dc84957df77886d72827d882f5d71704920a5d9a07faf8db6e,0402000000000000,,,,,False,,,,,,,,,,False,False
/a/0/1/2,/a/0/1/2!/member_00368,0,/a/0/1/2,141,368,,226728,226732,218956,218960,4,df3f619804a92fdb4057192dc43dd748ea778adc52bc498ce80524c014b81119,00000000,,,,,False,,,,,,,,,,False,False
/a/0/1/2,/a/0/1/2!/member_00369,0,/a/0/1/2,141,369,,226732,226736,218960,218964,4,df3f619804a92fdb4057192dc43dd748ea778adc52bc498ce80524c014b81119,00000000,,,,,False,,,,,,,,,,False,False
/a/0/1/2,/a/0/1/2!/member_00370,0,/a/0/1/2,141,370,,226736,226756,218964,218984,20,2b0da4eb7a050ed49048e2915d3d186c9260f8110e7b84c61c84f69fe8f85c51,0106000000030200000000ca40010001,,,,,False,,,,,,,,,,False,False
/a/0/1/2,/a/0/1/2!/member_00371,0,/a/0/1/2,141,371,,226756,226760,218984,218988,4,df3f619804a92fdb4057192dc43dd748ea778adc52bc498ce80524c014b81119,00000000,,,,,False,,,,,,,,,,False,False
/a/0/1/2,/a/0/1/2!/member_00372,0,/a/0/1/2,141,372,,226760,226768,218988,218996,8,c425a9ec3001a1411790d93f89815f2c52f5ba7771a4f0de13ade6fab1712b8f,0203000000000000,,,,,False,,,,,,,,,,False,False
/a/0/1/2,/a/0/1/2!/member_00373,0,/a/0/1/2,141,373,,226768,226788,218996,219016,20,ddbaa1d2a6f7304e38ca6bc432f683c917cbe064f9ef178b03cc084fd59c9305,0106000000020500000000c340000004,,,,,False,,,,,,,,,,False,False
/a/0/1/2,/a/0/1/2!/member_00374,0,/a/0/1/2,141,374,,226788,226796,219016,219024,8,49c06ee2778aeeb2546ec20ecee4fe3fdad83788d882576d3ddc12266961387c,0301000000000000,,,,,False,,,,,,,,,,False,False
/a/0/1/2,/a/0/1/2!/member_00375,0,/a/0/1/2,141,375,,226796,226820,219024,219048,24,a84dddf6787b3b67e93348e926c6eaf69535ec58d44434f1abc5b4d5a7d5b9d7,03010000000403000000010100000000,,,,,False,,,,,,,,,,False,False
/a/0/1/2,/a/0/1/2!/member_00376,0,/a/0/1/2,141,376,,226820,226828,219048,219056,8,db4a817e8f7bbf5a862d1ed461fc3b5e006753237cfd268fed6a16764761c033,0202000000000000,,,,,False,,,,,,,,,,False,False
/a/0/1/2,/a/0/1/2!/member_00377,0,/a/0/1/2,141,377,,226828,226836,219056,219064,8,9cc11f17ef51ad3c0975fbf29bed6ce65001fcc6ef7b23b6b6bc1d3310446a6c,020f000000000000,,,,,False,,,,,,,,,,False,False
/a/0/1/2,/a/0/1/2!/member_00378,0,/a/0/1/2,141,378,,226836,226864,219064,219092,28,b7def59c6dcc16833654342364019f045467ec494b2d7287de01f29116205aa4,03282300000101000000003341020035,,,,,False,,,,,,,,,,False,False
/a/0/1/2,/a/0/1/2!/member_00379,0,/a/0/1/2,141,379,,226864,226892,219092,219120,28,b4490651facbf3cee5f6e27af25d8e2bd82c959ab649df562e489befd4edd4ba,010600000004f52300000017410000f0,,,,,False,,,,,,,,,,False,False
/a/0/1/2,/a/0/1/2!/member_00380,0,/a/0/1/2,141,380,,226892,226932,219120,219160,40,f5bd8c2a952de6df4c998137dce929e30ceb394caf9aced9627e734d6b98472b,010100000000e34001000700e3400300,,,,,False,,,,,,,,,,False,False
/a/0/1/2,/a/0/1/2!/member_00381,0,/a/0/1/2,141,381,,226932,226936,219160,219164,4,df3f619804a92fdb4057192dc43dd748ea778adc52bc498ce80524c014b81119,00000000,,,,,False,,,,,,,,,,False,False
/a/0/1/2,/a/0/1/2!/member_00382,0,/a/0/1/2,141,382,,226936,226960,219164,219188,24,db8c559116d8b8e090009af3e558103f44c9c06104f80cc7cbd54cac6667c4e9,010b0000000206000000030700000000,,,,,False,,,,,,,,,,False,False
/a/0/1/2,/a/0/1/2!/member_00383,0,/a/0/1/2,141,383,,226960,226968,219188,219196,8,363c38c8f84fbcaf0c63e2f99e02ddaa4546e6d48e8495f0014e7a3a39ca8c05,0213000000000000,,,,,False,,,,,,,,,,False,False
/a/0/1/2,/a/0/1/2!/member_00384,0,/a/0/1/2,141,384,,226968,226976,219196,219204,8,2a0a3fc1cfa55f09a0de080eab8a155c5603d82ba58c19e2f2f141ac583b66b8,0218000000000000,,,,,False,,,,,,,,,,False,False
/a/0/1/2,/a/0/1/2!/member_00385,0,/a/0/1/2,141,385,,226976,226980,219204,219208,4,df3f619804a92fdb4057192dc43dd748ea778adc52bc498ce80524c014b81119,00000000,,,,,False,,,,,,,,,,False,False
/a/0/1/2,/a/0/1/2!/member_00386,0,/a/0/1/2,141,386,,226980,226992,219208,219220,12,009092163276b01ee8ba87d86851d14dd472d7e0a91ddbb945b90f1329a56be5,030c000000020d0000000000,,,,,False,,,,,,,,,,False,False
/a/0/1/2,/a/0/1/2!/member_00387,0,/a/0/1/2,141,387,,226992,227004,219220,219232,12,009092163276b01ee8ba87d86851d14dd472d7e0a91ddbb945b90f1329a56be5,030c000000020d0000000000,,,,,False,,,,,,,,,,False,False
/a/0/1/2,/a/0/1/2!/member_00388,0,/a/0/1/2,141,388,,227004,227016,219232,219244,12,af00b5596eddfeb6890b48572fd197b5bf69b276b8cf31b83769401c4aaf58a9,030800000002090000000000,,,,,False,,,,,,,,,,False,False
/a/0/1/2,/a/0/1/2!/member_00389,0,/a/0/1/2,141,389,,227016,227040,219244,219268,24,f4e01a5b950cc45a4d8bae9bad14808800b97fa4509f5f948f2f28fcfb8fd91c,03070000000208000000010100000000,,,,,False,,,,,,,,,,False,False
/a/0/1/2,/a/0/1/2!/member_00390,0,/a/0/1/2,141,390,,227040,227048,219268,219276,8,04eb4ce13897eadb36ef5390d7e11cb3d2d3f53095502b8998fea446f75c62af,0302000000000000,,,,,False,,,,,,,,,,False,False
/a/0/1/2,/a/0/1/2!/member_00391,0,/a/0/1/2,141,391,,227048,227068,219276,219296,20,449ec8c565269ff88c6623510165bfdfdf364dec5315ffc513523dc87418c16f,0106000000030300000000fb40040001,,,,,False,,,,,,,,,,False,False
/a/0/1/2,/a/0/1/2!/member_00392,0,/a/0/1/2,141,392,,227068,227096,219296,219324,28,09daaf27eacd51b50222e6ddbbd74ef0954146673ed9841caeba08c40b989d41,0203000000010100000000fb40030007,,,,,False,,,,,,,,,,False,False
/a/0/1/2,/a/0/1/2!/member_00393,0,/a/0/1/2,141,393,,227096,227100,219324,219328,4,df3f619804a92fdb4057192dc43dd748ea778adc52bc498ce80524c014b81119,00000000,,,,,False,,,,,,,,,,False,False
/a/0/1/2,/a/0/1/2!/member_00394,0,/a/0/1/2,141,394,,227100,227112,219328,219340,12,59adf31bbec518e5377885a2e4091e99f6244f5f1ca9ff37bab8b354b0091b3f,020200000004030000000000,,,,,False,,,,,,,,,,False,False
/a/0/1/2,/a/0/1/2!/member_00395,0,/a/0/1/2,141,395,,227112,227124,219340,219352,12,59adf31bbec518e5377885a2e4091e99f6244f5f1ca9ff37bab8b354b0091b3f,020200000004030000000000,,,,,False,,,,,,,,,,False,False
/a/0/1/2,/a/0/1/2!/member_00396,0,/a/0/1/2,141,396,,227124,227148,219352,219376,24,d58c0a8b5bdf9bb72b3c5055c244c39673ea54022176151f5affb6691ae419fe,010b0000000403000000020400000000,,,,,False,,,,,,,,,,False,False
/a/0/1/2,/a/0/1/2!/member_00397,0,/a/0/1/2,141,397,,227148,227156,219376,219384,8,fb59317b8103f19f3850f0be3fe62db1aa481a9a7b31c590e6d243e98eacd375,0201000000000000,,,,,False,,,,,,,,,,False,False
/a/0/1/2,/a/0/1/2!/member_00398,0,/a/0/1/2,141,398,,227156,227164,219384,219392,8,fb59317b8103f19f3850f0be3fe62db1aa481a9a7b31c590e6d243e98eacd375,0201000000000000,,,,,False,,,,,,,,,,False,False
/a/0/1/2,/a/0/1/2!/member_00399,0,/a/0/1/2,141,399,,227164,227168,219392,219396,4,df3f619804a92fdb4057192dc43dd748ea778adc52bc498ce80524c014b81119,00000000,,,,,False,,,,,,,,,,False,False
/a/0/1/2,/a/0/1/2!/member_00400,0,/a/0/1/2,141,400,,227168,227184,219396,219412,16,31df3b7e536fb4f2210a8c32cc3a8b54182f74ae567abe5c4f9216dd70fe82b0,01010000000003400000010000000000,,,,,False,,,,,,,,,,False,False
/a/0/1/2,/a/0/1/2!/member_00401,0,/a/0/1/2,141,401,,227184,227188,219412,219416,4,df3f619804a92fdb4057192dc43dd748ea778adc52bc498ce80524c014b81119,00000000,,,,,False,,,,,,,,,,False,False
/a/0/1/2,/a/0/1/2!/member_00402,0,/a/0/1/2,141,402,,227188,227208,219416,219436,20,0376efae789ffbdb69ec71e3fe21524835419644583b97f3153d4b9a4913284f,02020000000101000000001a41010003,,,,,False,,,,,,,,,,False,False
/a/0/1/2,/a/0/1/2!/member_00403,0,/a/0/1/2,141,403,,227208,227232,219436,219460,24,7db00cb41a48ed579198412383c3f972a32623fd1dfa2622783c22f255a24daf,03020000000106000000020600000000,,,,,False,,,,,,,,,,False,False
/a/0/1/2,/a/0/1/2!/member_00404,0,/a/0/1/2,141,404,,227232,227240,219460,219468,8,db4a817e8f7bbf5a862d1ed461fc3b5e006753237cfd268fed6a16764761c033,0202000000000000,,,,,False,,,,,,,,,,False,False
/a/0/1/2,/a/0/1/2!/member_00405,0,/a/0/1/2,141,405,,227240,227264,219468,219492,24,a3ec9ee007aad7decd02426e814d8b73eb01fe13e36d360a2412eeb0a9d346ad,03030000000204000000010100000000,,,,,False,,,,,,,,,,False,False
/a/0/1/2,/a/0/1/2!/member_00406,0,/a/0/1/2,141,406,,227264,227296,219492,219524,32,c8e03936cce4bfa226f5da919069e25a7a8d9b56376752e197f7f6169e20fd22,03070000000208000000040900000001,,,,,False,,,,,,,,,,False,False
/a/0/1/2,/a/0/1/2!/member_00407,0,/a/0/1/2,141,407,,227296,227304,219524,219532,8,c425a9ec3001a1411790d93f89815f2c52f5ba7771a4f0de13ade6fab1712b8f,0203000000000000,,,,,False,,,,,,,,,,False,False
/a/0/1/2,/a/0/1/2!/member_00408,0,/a/0/1/2,141,408,,227304,227308,219532,219536,4,df3f619804a92fdb4057192dc43dd748ea778adc52bc498ce80524c014b81119,00000000,,,,,False,,,,,,,,,,False,False
/a/0/1/2,/a/0/1/2!/member_00409,0,/a/0/1/2,141,409,,227308,227316,219536,219544,8,d080319e19d938493a9c79f7e4407ccd23f555b9771ad0d5692a13ad06097ed3,0401000000000000,,,,,False,,,,,,,,,,False,False
/a/0/1/2,/a/0/1/2!/member_00410,0,/a/0/1/2,141,410,,227316,227320,219544,219548,4,df3f619804a92fdb4057192dc43dd748ea778adc52bc498ce80524c014b81119,00000000,,,,,False,,,,,,,,,,False,False
/a/0/1/2,/a/0/1/2!/member_00411,0,/a/0/1/2,141,411,,227320,227340,219548,219568,20,2184bb8a1d8d65f1fa83a98a56cdcc63c1ae9d106c5575597428bf6096dad32b,0202000000010100000000cb40050004,,,,,False,,,,,,,,,,False,False
/a/0/1/2,/a/0/1/2!/member_00412,0,/a/0/1/2,141,412,,227340,227348,219568,219576,8,c425a9ec3001a1411790d93f89815f2c52f5ba7771a4f0de13ade6fab1712b8f,0203000000000000,,,,,False,,,,,,,,,,False,False
/a/0/1/2,/a/0/1/2!/member_00413,0,/a/0/1/2,141,413,,227348,227356,219576,219584,8,db4a817e8f7bbf5a862d1ed461fc3b5e006753237cfd268fed6a16764761c033,0202000000000000,,,,,False,,,,,,,,,,False,False
/a/0/1/2,/a/0/1/2!/member_00414,0,/a/0/1/2,141,414,,227356,227360,219584,219588,4,df3f619804a92fdb4057192dc43dd748ea778adc52bc498ce80524c014b81119,00000000,,,,,False,,,,,,,,,,False,False
/a/0/1/2,/a/0/1/2!/member_00415,0,/a/0/1/2,141,415,,227360,227364,219588,219592,4,df3f619804a92fdb4057192dc43dd748ea778adc52bc498ce80524c014b81119,00000000,,,,,False,,,,,,,,,,False,False
/a/0/1/2,/a/0/1/2!/member_00416,0,/a/0/1/2,141,416,,227364,227368,219592,219596,4,df3f619804a92fdb4057192dc43dd748ea778adc52bc498ce80524c014b81119,00000000,,,,,False,,,,,,,,,,False,False
/a/0/1/2,/a/0/1/2!/member_00417,0,/a/0/1/2,141,417,,227368,227372,219596,219600,4,df3f619804a92fdb4057192dc43dd748ea778adc52bc498ce80524c014b81119,00000000,,,,,False,,,,,,,,,,False,False
/a/0/1/2,/a/0/1/2!/member_00418,0,/a/0/1/2,141,418,,227372,227376,219600,219604,4,df3f619804a92fdb4057192dc43dd748ea778adc52bc498ce80524c014b81119,00000000,,,,,False,,,,,,,,,,False,False
/a/0/1/2,/a/0/1/2!/member_00419,0,/a/0/1/2,141,419,,227376,227380,219604,219608,4,df3f619804a92fdb4057192dc43dd748ea778adc52bc498ce80524c014b81119,00000000,,,,,False,,,,,,,,,,False,False
/a/0/1/2,/a/0/1/2!/member_00420,0,/a/0/1/2,141,420,,227380,227384,219608,219612,4,df3f619804a92fdb4057192dc43dd748ea778adc52bc498ce80524c014b81119,00000000,,,,,False,,,,,,,,,,False,False
/a/0/1/2,/a/0/1/2!/member_00421,0,/a/0/1/2,141,421,,227384,227412,219612,219640,28,b7def59c6dcc16833654342364019f045467ec494b2d7287de01f29116205aa4,03282300000101000000003341020035,,,,,False,,,,,,,,,,False,False
/a/0/1/2,/a/0/1/2!/member_00422,0,/a/0/1/2,141,422,,227412,227440,219640,219668,28,b4490651facbf3cee5f6e27af25d8e2bd82c959ab649df562e489befd4edd4ba,010600000004f52300000017410000f0,,,,,False,,,,,,,,,,False,False
/a/0/1/2,/a/0/1/2!/member_00423,0,/a/0/1/2,141,423,,227440,227444,219668,219672,4,df3f619804a92fdb4057192dc43dd748ea778adc52bc498ce80524c014b81119,00000000,,,,,False,,,,,,,,,,False,False
/a/0/1/2,/a/0/1/2!/member_00424,0,/a/0/1/2,141,424,,227444,227448,219672,219676,4,df3f619804a92fdb4057192dc43dd748ea778adc52bc498ce80524c014b81119,00000000,,,,,False,,,,,,,,,,False,False
/a/0/1/2,/a/0/1/2!/member_00425,0,/a/0/1/2,141,425,,227448,227452,219676,219680,4,df3f619804a92fdb4057192dc43dd748ea778adc52bc498ce80524c014b81119,00000000,,,,,False,,,,,,,,,,False,False
/a/0/1/2,/a/0/1/2!/member_00426,0,/a/0/1/2,141,426,,227452,227460,219680,219688,8,db4a817e8f7bbf5a862d1ed461fc3b5e006753237cfd268fed6a16764761c033,0202000000000000,,,,,False,,,,,,,,,,False,False
/a/0/1/2,/a/0/1/2!/member_00427,0,/a/0/1/2,141,427,,227460,227464,219688,219692,4,df3f619804a92fdb4057192dc43dd748ea778adc52bc498ce80524c014b81119,00000000,,,,,False,,,,,,,,,,False,False
/a/0/1/2,/a/0/1/2!/member_00428,0,/a/0/1/2,141,428,,227464,227468,219692,219696,4,df3f619804a92fdb4057192dc43dd748ea778adc52bc498ce80524c014b81119,00000000,,,,,False,,,,,,,,,,False,False
/a/0/1/2,/a/0/1/2!/member_00429,0,/a/0/1/2,141,429,,227468,227472,219696,219700,4,df3f619804a92fdb4057192dc43dd748ea778adc52bc498ce80524c014b81119,00000000,,,,,False,,,,,,,,,,False,False
/a/0/1/2,/a/0/1/2!/member_00430,0,/a/0/1/2,141,430,,227472,227476,219700,219704,4,df3f619804a92fdb4057192dc43dd748ea778adc52bc498ce80524c014b81119,00000000,,,,,False,,,,,,,,,,False,False
/a/0/1/2,/a/0/1/2!/member_00431,0,/a/0/1/2,141,431,,227476,227480,219704,219708,4,df3f619804a92fdb4057192dc43dd748ea778adc52bc498ce80524c014b81119,00000000,,,,,False,,,,,,,,,,False,False
/a/0/1/2,/a/0/1/2!/member_00432,0,/a/0/1/2,141,432,,227480,227484,219708,219712,4,df3f619804a92fdb4057192dc43dd748ea778adc52bc498ce80524c014b81119,00000000,,,,,False,,,,,,,,,,False,False
/a/0/1/2,/a/0/1/2!/member_00433,0,/a/0/1/2,141,433,,227484,227488,219712,219716,4,df3f619804a92fdb4057192dc43dd748ea778adc52bc498ce80524c014b81119,00000000,,,,,False,,,,,,,,,,False,False
/a/0/1/2,/a/0/1/2!/member_00434,0,/a/0/1/2,141,434,,227488,227492,219716,219720,4,df3f619804a92fdb4057192dc43dd748ea778adc52bc498ce80524c014b81119,00000000,,,,,False,,,,,,,,,,False,False
/a/0/1/2,/a/0/1/2!/member_00435,0,/a/0/1/2,141,435,,227492,227496,219720,219724,4,df3f619804a92fdb4057192dc43dd748ea778adc52bc498ce80524c014b81119,00000000,,,,,False,,,,,,,,,,False,False
/a/0/1/2,/a/0/1/2!/member_00436,0,/a/0/1/2,141,436,,227496,227508,219724,219736,12,fe07d8b8c4750df76abea4b238a88fd1aa166c3fcf3a3019fdd1f290e16cb4c4,020200000004050000000000,,,,,False,,,,,,,,,,False,False
/a/0/1/2,/a/0/1/2!/member_00437,0,/a/0/1/2,141,437,,227508,227536,219736,219764,28,b7def59c6dcc16833654342364019f045467ec494b2d7287de01f29116205aa4,03282300000101000000003341020035,,,,,False,,,,,,,,,,False,False
/a/0/1/2,/a/0/1/2!/member_00438,0,/a/0/1/2,141,438,,227536,227564,219764,219792,28,b4490651facbf3cee5f6e27af25d8e2bd82c959ab649df562e489befd4edd4ba,010600000004f52300000017410000f0,,,,,False,,,,,,,,,,False,False
/a/0/1/2,/a/0/1/2!/member_00439,0,/a/0/1/2,141,439,,227564,227568,219792,219796,4,df3f619804a92fdb4057192dc43dd748ea778adc52bc498ce80524c014b81119,00000000,,,,,False,,,,,,,,,,False,False
/a/0/1/2,/a/0/1/2!/member_00440,0,/a/0/1/2,141,440,,227568,227572,219796,219800,4,df3f619804a92fdb4057192dc43dd748ea778adc52bc498ce80524c014b81119,00000000,,,,,False,,,,,,,,,,False,False
/a/0/1/2,/a/0/1/2!/member_00441,0,/a/0/1/2,141,441,,227572,227576,219800,219804,4,df3f619804a92fdb4057192dc43dd748ea778adc52bc498ce80524c014b81119,00000000,,,,,False,,,,,,,,,,False,False
/a/0/1/2,/a/0/1/2!/member_00442,0,/a/0/1/2,141,442,,227576,227584,219804,219812,8,2601f99b26e489dc84957df77886d72827d882f5d71704920a5d9a07faf8db6e,0402000000000000,,,,,False,,,,,,,,,,False,False
/a/0/1/2,/a/0/1/2!/member_00443,0,/a/0/1/2,141,443,,227584,227592,219812,219820,8,fb59317b8103f19f3850f0be3fe62db1aa481a9a7b31c590e6d243e98eacd375,0201000000000000,,,,,False,,,,,,,,,,False,False
/a/0/1/2,/a/0/1/2!/member_00444,0,/a/0/1/2,141,444,,227592,227604,219820,219832,12,fe07d8b8c4750df76abea4b238a88fd1aa166c3fcf3a3019fdd1f290e16cb4c4,020200000004050000000000,,,,,False,,,,,,,,,,False,False
/a/0/1/2,/a/0/1/2!/member_00445,0,/a/0/1/2,141,445,,227604,227608,219832,219836,4,df3f619804a92fdb4057192dc43dd748ea778adc52bc498ce80524c014b81119,00000000,,,,,False,,,,,,,,,,False,False
/a/0/1/2,/a/0/1/2!/member_00446,0,/a/0/1/2,141,446,,227608,227612,219836,219840,4,df3f619804a92fdb4057192dc43dd748ea778adc52bc498ce80524c014b81119,00000000,,,,,False,,,,,,,,,,False,False
/a/0/1/2,/a/0/1/2!/member_00447,0,/a/0/1/2,141,447,,227612,227620,219840,219848,8,db4a817e8f7bbf5a862d1ed461fc3b5e006753237cfd268fed6a16764761c033,0202000000000000,,,,,False,,,,,,,,,,False,False
/a/0/1/2,/a/0/1/2!/member_00448,0,/a/0/1/2,141,448,,227620,227624,219848,219852,4,df3f619804a92fdb4057192dc43dd748ea778adc52bc498ce80524c014b81119,00000000,,,,,False,,,,,,,,,,False,False
/a/0/1/2,/a/0/1/2!/member_00449,0,/a/0/1/2,141,449,,227624,227628,219852,219856,4,df3f619804a92fdb4057192dc43dd748ea778adc52bc498ce80524c014b81119,00000000,,,,,False,,,,,,,,,,False,False
/a/0/1/2,/a/0/1/2!/member_00450,0,/a/0/1/2,141,450,,227628,227636,219856,219864,8,49c06ee2778aeeb2546ec20ecee4fe3fdad83788d882576d3ddc12266961387c,0301000000000000,,,,,False,,,,,,,,,,False,False
/a/0/1/2,/a/0/1/2!/member_00451,0,/a/0/1/2,141,451,,227636,227640,219864,219868,4,df3f619804a92fdb4057192dc43dd748ea778adc52bc498ce80524c014b81119,00000000,,,,,False,,,,,,,,,,False,False
/a/0/1/2,/a/0/1/2!/member_00452,0,/a/0/1/2,141,452,,227640,227648,219868,219876,8,f9751fd4483ce0da0890396ccad4b633f87dd89e9fa14bd5c7c1339314acc44c,0304000000000000,,,,,False,,,,,,,,,,False,False
/a/0/1/2,/a/0/1/2!/member_00453,0,/a/0/1/2,141,453,,227648,227656,219876,219884,8,fb59317b8103f19f3850f0be3fe62db1aa481a9a7b31c590e6d243e98eacd375,0201000000000000,,,,,False,,,,,,,,,,False,False
/a/0/1/2,/a/0/1/2!/member_00454,0,/a/0/1/2,141,454,,227656,227668,219884,219896,12,0972cc7961c7a0c41820dec24c22a353f6ca08f2d820931a754682c4dd33fbde,020100000003020000000000,,,,,False,,,,,,,,,,False,False
/a/0/1/2,/a/0/1/2!/member_00455,0,/a/0/1/2,141,455,,227668,227676,219896,219904,8,49c06ee2778aeeb2546ec20ecee4fe3fdad83788d882576d3ddc12266961387c,0301000000000000,,,,,False,,,,,,,,,,False,False
/a/0/1/2,/a/0/1/2!/member_00456,0,/a/0/1/2,141,456,,227676,227684,219904,219912,8,04eb4ce13897eadb36ef5390d7e11cb3d2d3f53095502b8998fea446f75c62af,0302000000000000,,,,,False,,,,,,,,,,False,False
/a/0/1/2,/a/0/1/2!/member_00457,0,/a/0/1/2,141,457,,227684,227708,219912,219936,24,6314373bc72d7250ed8d214f50870ae5ac20afa03390daebb4e0b3707d7aeb09,02020000000305000000010100000000,,,,,False,,,,,,,,,,False,False
/a/0/1/2,/a/0/1/2!/member_00458,0,/a/0/1/2,141,458,,227708,227720,219936,219948,12,3fcb5922d09659af68b25768cc849b78eb898e908ae8fb65541d0d5ad97e8551,020800000003070000000000,,,,,False,,,,,,,,,,False,False
/a/0/1/2,/a/0/1/2!/member_00459,0,/a/0/1/2,141,459,,227720,227724,219948,219952,4,df3f619804a92fdb4057192dc43dd748ea778adc52bc498ce80524c014b81119,00000000,,,,,False,,,,,,,,,,False,False
/a/0/1/2,/a/0/1/2!/member_00460,0,/a/0/1/2,141,460,,227724,227732,219952,219960,8,95ab968b5e60a8ddd5cceb1f5477b84a1e13637c73a02f31663a27364af0690b,0205000000000000,,,,,False,,,,,,,,,,False,False
/a/0/1/2,/a/0/1/2!/member_00461,0,/a/0/1/2,141,461,,227732,227744,219960,219972,12,c4a4eefb8fb92bbf064a8d40f9df6d3b967223ac73acc5e7b300cc50ad4cdb84,020400000004090000000000,,,,,False,,,,,,,,,,False,False
/a/0/1/2,/a/0/1/2!/member_00462,0,/a/0/1/2,141,462,,227744,227748,219972,219976,4,df3f619804a92fdb4057192dc43dd748ea778adc52bc498ce80524c014b81119,00000000,,,,,False,,,,,,,,,,False,False
/a/0/1/2,/a/0/1/2!/member_00463,0,/a/0/1/2,141,463,,227748,227756,219976,219984,8,db4a817e8f7bbf5a862d1ed461fc3b5e006753237cfd268fed6a16764761c033,0202000000000000,,,,,False,,,,,,,,,,False,False
/a/0/1/2,/a/0/1/2!/member_00464,0,/a/0/1/2,141,464,,227756,227760,219984,219988,4,df3f619804a92fdb4057192dc43dd748ea778adc52bc498ce80524c014b81119,00000000,,,,,False,,,,,,,,,,False,False
/a/0/1/2,/a/0/1/2!/member_00465,0,/a/0/1/2,141,465,,227760,227764,219988,219992,4,df3f619804a92fdb4057192dc43dd748ea778adc52bc498ce80524c014b81119,00000000,,,,,False,,,,,,,,,,False,False
/a/0/1/2,/a/0/1/2!/member_00466,0,/a/0/1/2,141,466,,227764,227772,219992,220000,8,4823ff34557b350562a800037eb14e533d39954d76cd142c23dbee263db4b4af,0204000000000000,,,,,False,,,,,,,,,,False,False
/a/0/1/2,/a/0/1/2!/member_00467,0,/a/0/1/2,141,467,,227772,227776,220000,220004,4,df3f619804a92fdb4057192dc43dd748ea778adc52bc498ce80524c014b81119,00000000,,,,,False,,,,,,,,,,False,False
/a/0/1/2,/a/0/1/2!/member_00468,0,/a/0/1/2,141,468,,227776,227784,220004,220012,8,fb59317b8103f19f3850f0be3fe62db1aa481a9a7b31c590e6d243e98eacd375,0201000000000000,,,,,False,,,,,,,,,,False,False
/a/0/1/2,/a/0/1/2!/member_00469,0,/a/0/1/2,141,469,,227784,227800,220012,220028,16,4f84dcc66df9c04222b850ef7ecc126de0db81e4d49811b9ba3cf844643a8c9d,01010000000026410000030000000000,,,,,False,,,,,,,,,,False,False
/a/0/1/2,/a/0/1/2!/member_00470,0,/a/0/1/2,141,470,,227800,227808,220028,220036,8,fb59317b8103f19f3850f0be3fe62db1aa481a9a7b31c590e6d243e98eacd375,0201000000000000,,,,,False,,,,,,,,,,False,False
/a/0/1/2,/a/0/1/2!/member_00471,0,/a/0/1/2,141,471,,227808,227812,220036,220040,4,df3f619804a92fdb4057192dc43dd748ea778adc52bc498ce80524c014b81119,00000000,,,,,False,,,,,,,,,,False,False
/a/0/1/2,/a/0/1/2!/member_00472,0,/a/0/1/2,141,472,,227812,227828,220040,220056,16,c54951948b2cd95dd1b90b3d224e306b9a187892689b35e287295303a29b1973,0101000000008c400200020000000000,,,,,False,,,,,,,,,,False,False
/a/0/1/2,/a/0/1/2!/member_00473,0,/a/0/1/2,141,473,,227828,227832,220056,220060,4,df3f619804a92fdb4057192dc43dd748ea778adc52bc498ce80524c014b81119,00000000,,,,,False,,,,,,,,,,False,False
/a/0/1/2,/a/0/1/2!/member_00474,0,/a/0/1/2,141,474,,227832,227860,220060,220088,28,777668533190e2c616d25229d1904df5b1b1725848dd5eaa1adc8e85c45f1799,0106000000030400000000f940010003,,,,,False,,,,,,,,,,False,False
/a/0/1/2,/a/0/1/2!/member_00475,0,/a/0/1/2,141,475,,227860,227864,220088,220092,4,df3f619804a92fdb4057192dc43dd748ea778adc52bc498ce80524c014b81119,00000000,,,,,False,,,,,,,,,,False,False
/a/0/1/2,/a/0/1/2!/member_00476,0,/a/0/1/2,141,476,,227864,227872,220092,220100,8,db4a817e8f7bbf5a862d1ed461fc3b5e006753237cfd268fed6a16764761c033,0202000000000000,,,,,False,,,,,,,,,,False,False
/a/0/1/2,/a/0/1/2!/member_00477,0,/a/0/1/2,141,477,,227872,227880,220100,220108,8,95ab968b5e60a8ddd5cceb1f5477b84a1e13637c73a02f31663a27364af0690b,0205000000000000,,,,,False,,,,,,,,,,False,False
/a/0/1/2,/a/0/1/2!/member_00478,0,/a/0/1/2,141,478,,227880,227908,220108,220136,28,b7def59c6dcc16833654342364019f045467ec494b2d7287de01f29116205aa4,03282300000101000000003341020035,,,,,False,,,,,,,,,,False,False
/a/0/1/2,/a/0/1/2!/member_00479,0,/a/0/1/2,141,479,,227908,227936,220136,220164,28,b4490651facbf3cee5f6e27af25d8e2bd82c959ab649df562e489befd4edd4ba,010600000004f52300000017410000f0,,,,,False,,,,,,,,,,False,False
/a/0/1/2,/a/0/1/2!/member_00480,0,/a/0/1/2,141,480,,227936,227940,220164,220168,4,df3f619804a92fdb4057192dc43dd748ea778adc52bc498ce80524c014b81119,00000000,,,,,False,,,,,,,,,,False,False
/a/0/1/2,/a/0/1/2!/member_00481,0,/a/0/1/2,141,481,,227940,227944,220168,220172,4,df3f619804a92fdb4057192dc43dd748ea778adc52bc498ce80524c014b81119,00000000,,,,,False,,,,,,,,,,False,False
/a/0/1/2,/a/0/1/2!/member_00482,0,/a/0/1/2,141,482,,227944,227964,220172,220192,20,e2e2c41960e3357c721a7f6bfb40ee5bea6bee88455357ef9292c641d5454be2,02010000000101000000008e40020002,,,,,False,,,,,,,,,,False,False
/a/0/1/2,/a/0/1/2!/member_00483,0,/a/0/1/2,141,483,,227964,227984,220192,220212,20,699fac474fe38cea8fbef2fa65e8d432bc58e985cbf4969656cf8f06033b2a24,03010000000101000000008e40010002,,,,,False,,,,,,,,,,False,False
/a/0/1/2,/a/0/1/2!/member_00484,0,/a/0/1/2,141,484,,227984,227988,220212,220216,4,df3f619804a92fdb4057192dc43dd748ea778adc52bc498ce80524c014b81119,00000000,,,,,False,,,,,,,,,,False,False
/a/0/1/2,/a/0/1/2!/member_00485,0,/a/0/1/2,141,485,,227988,227996,220216,220224,8,db4a817e8f7bbf5a862d1ed461fc3b5e006753237cfd268fed6a16764761c033,0202000000000000,,,,,False,,,,,,,,,,False,False
/a/0/1/2,/a/0/1/2!/member_00486,0,/a/0/1/2,141,486,,227996,228000,220224,220228,4,df3f619804a92fdb4057192dc43dd748ea778adc52bc498ce80524c014b81119,00000000,,,,,False,,,,,,,,,,False,False
/a/0/1/2,/a/0/1/2!/member_00487,0,/a/0/1/2,141,487,,228000,228024,220228,220252,24,03b0861e4887202d9c47de6f2688c77f41f2f023cdc3d3f2bff112a003ef7945,010b000000030a000000020d00000000,,,,,False,,,,,,,,,,False,False
/a/0/1/2,/a/0/1/2!/member_00488,0,/a/0/1/2,141,488,,228024,228036,220252,220264,12,ca183cfe87f3186a80e9ba77ed2e008cc7a2544d2e17e81e417ec75250d26b57,040b00000002030000000000,,,,,False,,,,,,,,,,False,False
/a/0/1/2,/a/0/1/2!/member_00489,0,/a/0/1/2,141,489,,228036,228040,220264,220268,4,df3f619804a92fdb4057192dc43dd748ea778adc52bc498ce80524c014b81119,00000000,,,,,False,,,,,,,,,,False,False
/a/0/1/2,/a/0/1/2!/member_00490,0,/a/0/1/2,141,490,,228040,228060,220268,220288,20,0ec2bdcb977fc0f03593e00a267bbebf2205d603db27236ed058838d4ead834c,01060000000201000000001841010003,,,,,False,,,,,,,,,,False,False
/a/0/1/2,/a/0/1/2!/member_00491,0,/a/0/1/2,141,491,,228060,228068,220288,220296,8,fb59317b8103f19f3850f0be3fe62db1aa481a9a7b31c590e6d243e98eacd375,0201000000000000,,,,,False,,,,,,,,,,False,False
/a/0/1/2,/a/0/1/2!/member_00492,0,/a/0/1/2,141,492,,228068,228072,220296,220300,4,df3f619804a92fdb4057192dc43dd748ea778adc52bc498ce80524c014b81119,00000000,,,,,False,,,,,,,,,,False,False
/a/0/1/2,/a/0/1/2!/member_00493,0,/a/0/1/2,141,493,,228072,228076,220300,220304,4,df3f619804a92fdb4057192dc43dd748ea778adc52bc498ce80524c014b81119,00000000,,,,,False,,,,,,,,,,False,False
/a/0/1/2,/a/0/1/2!/member_00494,0,/a/0/1/2,141,494,,228076,228084,220304,220312,8,db4a817e8f7bbf5a862d1ed461fc3b5e006753237cfd268fed6a16764761c033,0202000000000000,,,,,False,,,,,,,,,,False,False
/a/0/1/2,/a/0/1/2!/member_00495,0,/a/0/1/2,141,495,,228084,228088,220312,220316,4,df3f619804a92fdb4057192dc43dd748ea778adc52bc498ce80524c014b81119,00000000,,,,,False,,,,,,,,,,False,False
/a/0/1/2,/a/0/1/2!/member_00496,0,/a/0/1/2,141,496,,228088,228096,220316,220324,8,95ab968b5e60a8ddd5cceb1f5477b84a1e13637c73a02f31663a27364af0690b,0205000000000000,,,,,False,,,,,,,,,,False,False
/a/0/1/2,/a/0/1/2!/member_00497,0,/a/0/1/2,141,497,,228096,228100,220324,220328,4,df3f619804a92fdb4057192dc43dd748ea778adc52bc498ce80524c014b81119,00000000,,,,,False,,,,,,,,,,False,False
/a/0/1/2,/a/0/1/2!/member_00498,0,/a/0/1/2,141,498,,228100,228104,220328,220332,4,df3f619804a92fdb4057192dc43dd748ea778adc52bc498ce80524c014b81119,00000000,,,,,False,,,,,,,,,,False,False
/a/0/1/2,/a/0/1/2!/member_00499,0,/a/0/1/2,141,499,,228104,228108,220332,220336,4,df3f619804a92fdb4057192dc43dd748ea778adc52bc498ce80524c014b81119,00000000,,,,,False,,,,,,,,,,False,False
/a/0/1/2,/a/0/1/2!/member_00500,0,/a/0/1/2,141,500,,228108,228112,220336,220340,4,df3f619804a92fdb4057192dc43dd748ea778adc52bc498ce80524c014b81119,00000000,,,,,False,,,,,,,,,,False,False
/a/0/1/2,/a/0/1/2!/member_00501,0,/a/0/1/2,141,501,,228112,228132,220340,220360,20,f5e814816ef863e1a2252ae35fc807ee4152223e13cf32655ce9c034afbfbfee,01060000000203000000000f41000002,,,,,False,,,,,,,,,,False,False
/a/0/1/2,/a/0/1/2!/member_00502,0,/a/0/1/2,141,502,,228132,228136,220360,220364,4,df3f619804a92fdb4057192dc43dd748ea778adc52bc498ce80524c014b81119,00000000,,,,,False,,,,,,,,,,False,False
/a/0/1/2,/a/0/1/2!/member_00503,0,/a/0/1/2,141,503,,228136,228144,220364,220372,8,c425a9ec3001a1411790d93f89815f2c52f5ba7771a4f0de13ade6fab1712b8f,0203000000000000,,,,,False,,,,,,,,,,False,False
/a/0/1/2,/a/0/1/2!/member_00504,0,/a/0/1/2,141,504,,228144,228148,220372,220376,4,df3f619804a92fdb4057192dc43dd748ea778adc52bc498ce80524c014b81119,00000000,,,,,False,,,,,,,,,,False,False
/a/0/1/2,/a/0/1/2!/member_00505,0,/a/0/1/2,141,505,,228148,228160,220376,220388,12,8e153dfa28883f4992b339ba1b9950803e3798f0ac792a0ebcd3107b781db0a0,020100000003030000000000,,,,,False,,,,,,,,,,False,False
/a/0/1/2,/a/0/1/2!/member_00506,0,/a/0/1/2,141,506,,228160,228168,220388,220396,8,db4a817e8f7bbf5a862d1ed461fc3b5e006753237cfd268fed6a16764761c033,0202000000000000,,,,,False,,,,,,,,,,False,False
/a/0/1/2,/a/0/1/2!/member_00507,0,/a/0/1/2,141,507,,228168,228172,220396,220400,4,df3f619804a92fdb4057192dc43dd748ea778adc52bc498ce80524c014b81119,00000000,,,,,False,,,,,,,,,,False,False
/a/0/1/2,/a/0/1/2!/member_00508,0,/a/0/1/2,141,508,,228172,228180,220400,220408,8,53aa3c1e3c40d0c9ed896248a829501c2f97e16634873fcc4bded2aca279ec64,0208000000000000,,,,,False,,,,,,,,,,False,False
/a/0/1/2,/a/0/1/2!/member_00509,0,/a/0/1/2,141,509,,228180,228184,220408,220412,4,df3f619804a92fdb4057192dc43dd748ea778adc52bc498ce80524c014b81119,00000000,,,,,False,,,,,,,,,,False,False
/a/0/1/2,/a/0/1/2!/member_00510,0,/a/0/1/2,141,510,,228184,228188,220412,220416,4,df3f619804a92fdb4057192dc43dd748ea778adc52bc498ce80524c014b81119,00000000,,,,,False,,,,,,,,,,False,False
/a/0/1/2,/a/0/1/2!/member_00511,0,/a/0/1/2,141,511,,228188,228192,220416,220420,4,df3f619804a92fdb4057192dc43dd748ea778adc52bc498ce80524c014b81119,00000000,,,,,False,,,,,,,,,,False,False
/a/0/1/2,/a/0/1/2!/member_00512,0,/a/0/1/2,141,512,,228192,228196,220420,220424,4,df3f619804a92fdb4057192dc43dd748ea778adc52bc498ce80524c014b81119,00000000,,,,,False,,,,,,,,,,False,False
/a/0/1/2,/a/0/1/2!/member_00513,0,/a/0/1/2,141,513,,228196,228216,220424,220444,20,2d238802f0dd4e410e9a085323f107a2ec5f33521239d46b6aff516802b998d1,020b0000000101000000003141010007,,,,,False,,,,,,,,,,False,False
/a/0/1/2,/a/0/1/2!/member_00514,0,/a/0/1/2,141,514,,228216,228236,220444,220464,20,5082fa01ebb454989510625ec89c39b5771240d1f6131a3331c5257072f659da,0209000000010100000000964001000c,,,,,False,,,,,,,,,,False,False
/a/0/1/2,/a/0/1/2!/member_00515,0,/a/0/1/2,141,515,,228236,228244,220464,220472,8,035ea31cde9b95c28a68cf2cc6d9b8d7f2d88802448304765460242fe729e294,02d8270000000000,,,,,False,,,,,,,,,,False,False
/a/0/1/2,/a/0/1/2!/member_00516,0,/a/0/1/2,141,516,,228244,228252,220472,220480,8,c425a9ec3001a1411790d93f89815f2c52f5ba7771a4f0de13ade6fab1712b8f,0203000000000000,,,,,False,,,,,,,,,,False,False
/a/0/1/2,/a/0/1/2!/member_00517,0,/a/0/1/2,141,517,,228252,228280,220480,220508,28,b7def59c6dcc16833654342364019f045467ec494b2d7287de01f29116205aa4,03282300000101000000003341020035,,,,,False,,,,,,,,,,False,False
/a/0/1/2,/a/0/1/2!/member_00518,0,/a/0/1/2,141,518,,228280,228308,220508,220536,28,b4490651facbf3cee5f6e27af25d8e2bd82c959ab649df562e489befd4edd4ba,010600000004f52300000017410000f0,,,,,False,,,,,,,,,,False,False
/a/0/1/2,/a/0/1/2!/member_00519,0,/a/0/1/2,141,519,,228308,228312,220536,220540,4,df3f619804a92fdb4057192dc43dd748ea778adc52bc498ce80524c014b81119,00000000,,,,,False,,,,,,,,,,False,False
/a/0/1/2,/a/0/1/2!/member_00520,0,/a/0/1/2,141,520,,228312,228316,220540,220544,4,df3f619804a92fdb4057192dc43dd748ea778adc52bc498ce80524c014b81119,00000000,,,,,False,,,,,,,,,,False,False
/a/0/1/2,/a/0/1/2!/member_00521,0,/a/0/1/2,141,521,,228316,228344,220544,220572,28,5909607908f3484e9cc0425fab21d27bc166baf09fe60879cd6a93e941c9df5f,026e2800000101000000002e41000003,,,,,False,,,,,,,,,,False,False
/a/0/1/2,/a/0/1/2!/member_00522,0,/a/0/1/2,141,522,,228344,228348,220572,220576,4,df3f619804a92fdb4057192dc43dd748ea778adc52bc498ce80524c014b81119,00000000,,,,,False,,,,,,,,,,False,False
/a/0/1/2,/a/0/1/2!/member_00523,0,/a/0/1/2,141,523,,228348,228380,220576,220608,32,1cbcf7e6518965c6f8ebb122420fd76021973974045b923c9fbce9158ffacae2,0209000000040e000000030c00000001,,,,,False,,,,,,,,,,False,False
/a/0/1/2,/a/0/1/2!/member_00524,0,/a/0/1/2,141,524,,228380,228388,220608,220616,8,035ea31cde9b95c28a68cf2cc6d9b8d7f2d88802448304765460242fe729e294,02d8270000000000,,,,,False,,,,,,,,,,False,False
/a/0/1/2,/a/0/1/2!/member_00525,0,/a/0/1/2,141,525,,228388,228396,220616,220624,8,4823ff34557b350562a800037eb14e533d39954d76cd142c23dbee263db4b4af,0204000000000000,,,,,False,,,,,,,,,,False,False
/a/0/1/2,/a/0/1/2!/member_00526,0,/a/0/1/2,141,526,,228396,228424,220624,220652,28,b7def59c6dcc16833654342364019f045467ec494b2d7287de01f29116205aa4,03282300000101000000003341020035,,,,,False,,,,,,,,,,False,False
/a/0/1/2,/a/0/1/2!/member_00527,0,/a/0/1/2,141,527,,228424,228452,220652,220680,28,b4490651facbf3cee5f6e27af25d8e2bd82c959ab649df562e489befd4edd4ba,010600000004f52300000017410000f0,,,,,False,,,,,,,,,,False,False
/a/0/1/2,/a/0/1/2!/member_00528,0,/a/0/1/2,141,528,,228452,228468,220680,220696,16,df5b0b38beb22e421f8de7a016f4322e826564ec015a92c489929916a0013981,020f0000000412000000031300000000,,,,,False,,,,,,,,,,False,False
/a/0/1/2,/a/0/1/2!/member_00529,0,/a/0/1/2,141,529,,228468,228472,220696,220700,4,df3f619804a92fdb4057192dc43dd748ea778adc52bc498ce80524c014b81119,00000000,,,,,False,,,,,,,,,,False,False
/a/0/1/2,/a/0/1/2!/member_00530,0,/a/0/1/2,141,530,,228472,228476,220700,220704,4,df3f619804a92fdb4057192dc43dd748ea778adc52bc498ce80524c014b81119,00000000,,,,,False,,,,,,,,,,False,False
/a/0/1/2,/a/0/1/2!/member_00531,0,/a/0/1/2,141,531,,228476,228484,220704,220712,8,977614f4afc0e6fe4d372373cc2a3bff683fbc6e6e1a357118f7f530cd9b21eb,020d000000000000,,,,,False,,,,,,,,,,False,False
/a/0/1/2,/a/0/1/2!/member_00532,0,/a/0/1/2,141,532,,228484,228492,220712,220720,8,035ea31cde9b95c28a68cf2cc6d9b8d7f2d88802448304765460242fe729e294,02d8270000000000,,,,,False,,,,,,,,,,False,False
/a/0/1/2,/a/0/1/2!/member_00533,0,/a/0/1/2,141,533,,228492,228516,220720,220744,24,93066c3a6486b01b8efe0386ca70a527ccda68852da14b908200ca6af5047431,010b0000000407000000020800000000,,,,,False,,,,,,,,,,False,False
/a/0/1/2,/a/0/1/2!/member_00534,0,/a/0/1/2,141,534,,228516,228544,220744,220772,28,b7def59c6dcc16833654342364019f045467ec494b2d7287de01f29116205aa4,03282300000101000000003341020035,,,,,False,,,,,,,,,,False,False
/a/0/1/2,/a/0/1/2!/member_00535,0,/a/0/1/2,141,535,,228544,228572,220772,220800,28,b4490651facbf3cee5f6e27af25d8e2bd82c959ab649df562e489befd4edd4ba,010600000004f52300000017410000f0,,,,,False,,,,,,,,,,False,False
/a/0/1/2,/a/0/1/2!/member_00536,0,/a/0/1/2,141,536,,228572,228576,220800,220804,4,df3f619804a92fdb4057192dc43dd748ea778adc52bc498ce80524c014b81119,00000000,,,,,False,,,,,,,,,,False,False
/a/0/1/2,/a/0/1/2!/member_00537,0,/a/0/1/2,141,537,,228576,228580,220804,220808,4,df3f619804a92fdb4057192dc43dd748ea778adc52bc498ce80524c014b81119,00000000,,,,,False,,,,,,,,,,False,False
/a/0/1/2,/a/0/1/2!/member_00538,0,/a/0/1/2,141,538,,228580,228584,220808,220812,4,df3f619804a92fdb4057192dc43dd748ea778adc52bc498ce80524c014b81119,00000000,,,,,False,,,,,,,,,,False,False
/a/0/1/2,/a/0/1/2!/member_00539,0,/a/0/1/2,141,539,,228584,228588,220812,220816,4,df3f619804a92fdb4057192dc43dd748ea778adc52bc498ce80524c014b81119,00000000,,,,,False,,,,,,,,,,False,False
/a/0/1/2,/a/0/1/2!/member_00540,0,/a/0/1/2,141,540,,228588,228592,220816,220820,4,df3f619804a92fdb4057192dc43dd748ea778adc52bc498ce80524c014b81119,00000000,,,,,False,,,,,,,,,,False,False
/a/0/1/2,/a/0/1/2!/member_00541,0,/a/0/1/2,141,541,,228592,228600,220820,220828,8,035ea31cde9b95c28a68cf2cc6d9b8d7f2d88802448304765460242fe729e294,02d8270000000000,,,,,False,,,,,,,,,,False,False
/a/0/1/2,/a/0/1/2!/member_00542,0,/a/0/1/2,141,542,,228600,228628,220828,220856,28,b7def59c6dcc16833654342364019f045467ec494b2d7287de01f29116205aa4,03282300000101000000003341020035,,,,,False,,,,,,,,,,False,False
/a/0/1/2,/a/0/1/2!/member_00543,0,/a/0/1/2,141,543,,228628,228656,220856,220884,28,b4490651facbf3cee5f6e27af25d8e2bd82c959ab649df562e489befd4edd4ba,010600000004f52300000017410000f0,,,,,False,,,,,,,,,,False,False
/a/0/1/2,/a/0/1/2!/member_00544,0,/a/0/1/2,141,544,,228656,228660,220884,220888,4,df3f619804a92fdb4057192dc43dd748ea778adc52bc498ce80524c014b81119,00000000,,,,,False,,,,,,,,,,False,False
/a/0/1/2,/a/0/1/2!/member_00545,0,/a/0/1/2,141,545,,228660,228664,220888,220892,4,df3f619804a92fdb4057192dc43dd748ea778adc52bc498ce80524c014b81119,00000000,,,,,False,,,,,,,,,,False,False
/a/0/1/2,/a/0/1/2!/member_00546,0,/a/0/1/2,141,546,,228664,228668,220892,220896,4,df3f619804a92fdb4057192dc43dd748ea778adc52bc498ce80524c014b81119,00000000,,,,,False,,,,,,,,,,False,False
/a/0/1/2,/a/0/1/2!/member_00547,0,/a/0/1/2,141,547,,228668,228672,220896,220900,4,df3f619804a92fdb4057192dc43dd748ea778adc52bc498ce80524c014b81119,00000000,,,,,False,,,,,,,,,,False,False
/a/0/1/2,/a/0/1/2!/member_00548,0,/a/0/1/2,141,548,,228672,228676,220900,220904,4,df3f619804a92fdb4057192dc43dd748ea778adc52bc498ce80524c014b81119,00000000,,,,,False,,,,,,,,,,False,False
/a/0/1/2,/a/0/1/2!/member_00549,0,/a/0/1/2,141,549,,228676,228696,220904,220924,20,ed8b7e57018c542dfd088c319ee38b02d2605d1a70ea7e93054a9c406a941d7f,020a000000010100000000304101000e,,,,,False,,,,,,,,,,False,False
/a/0/1/2,/a/0/1/2!/member_00550,0,/a/0/1/2,141,550,,228696,228704,220924,220932,8,035ea31cde9b95c28a68cf2cc6d9b8d7f2d88802448304765460242fe729e294,02d8270000000000,,,,,False,,,,,,,,,,False,False
/a/0/1/2,/a/0/1/2!/member_00551,0,/a/0/1/2,141,551,,228704,228716,220932,220944,12,c632b089a051855545de7146c0fac65e9bc273210753da368c0a144fcad6185e,021600000003170000000000,,,,,False,,,,,,,,,,False,False
/a/0/1/2,/a/0/1/2!/member_00552,0,/a/0/1/2,141,552,,228716,228744,220944,220972,28,b7def59c6dcc16833654342364019f045467ec494b2d7287de01f29116205aa4,03282300000101000000003341020035,,,,,False,,,,,,,,,,False,False
/a/0/1/2,/a/0/1/2!/member_00553,0,/a/0/1/2,141,553,,228744,228772,220972,221000,28,b4490651facbf3cee5f6e27af25d8e2bd82c959ab649df562e489befd4edd4ba,010600000004f52300000017410000f0,,,,,False,,,,,,,,,,False,False
/a/0/1/2,/a/0/1/2!/member_00554,0,/a/0/1/2,141,554,,228772,228776,221000,221004,4,df3f619804a92fdb4057192dc43dd748ea778adc52bc498ce80524c014b81119,00000000,,,,,False,,,,,,,,,,False,False
/a/0/1/2,/a/0/1/2!/member_00555,0,/a/0/1/2,141,555,,228776,228780,221004,221008,4,df3f619804a92fdb4057192dc43dd748ea778adc52bc498ce80524c014b81119,00000000,,,,,False,,,,,,,,,,False,False
/a/0/1/2,/a/0/1/2!/member_00556,0,/a/0/1/2,141,556,,228780,228784,221008,221012,4,df3f619804a92fdb4057192dc43dd748ea778adc52bc498ce80524c014b81119,00000000,,,,,False,,,,,,,,,,False,False
/a/0/1/2,/a/0/1/2!/member_00557,0,/a/0/1/2,141,557,,228784,228788,221012,221016,4,df3f619804a92fdb4057192dc43dd748ea778adc52bc498ce80524c014b81119,00000000,,,,,False,,,,,,,,,,False,False
/a/0/1/2,/a/0/1/2!/member_00558,0,/a/0/1/2,141,558,,228788,228796,221016,221024,8,f7899aad34505ab994f6b56ed2d08b3396575cf4e1482940ecb5ea8fa3b0e26f,0210000000000000,,,,,False,,,,,,,,,,False,False
/a/0/1/2,/a/0/1/2!/member_00559,0,/a/0/1/2,141,559,,228796,228804,221024,221032,8,c425a9ec3001a1411790d93f89815f2c52f5ba7771a4f0de13ade6fab1712b8f,0203000000000000,,,,,False,,,,,,,,,,False,False
/a/0/1/2,/a/0/1/2!/member_00560,0,/a/0/1/2,141,560,,228804,228832,221032,221060,28,b7def59c6dcc16833654342364019f045467ec494b2d7287de01f29116205aa4,03282300000101000000003341020035,,,,,False,,,,,,,,,,False,False
/a/0/1/2,/a/0/1/2!/member_00561,0,/a/0/1/2,141,561,,228832,228860,221060,221088,28,b4490651facbf3cee5f6e27af25d8e2bd82c959ab649df562e489befd4edd4ba,010600000004f52300000017410000f0,,,,,False,,,,,,,,,,False,False
/a/0/1/2,/a/0/1/2!/member_00562,0,/a/0/1/2,141,562,,228860,228868,221088,221096,8,035ea31cde9b95c28a68cf2cc6d9b8d7f2d88802448304765460242fe729e294,02d8270000000000,,,,,False,,,,,,,,,,False,False
/a/0/1/2,/a/0/1/2!/member_00563,0,/a/0/1/2,141,563,,228868,228876,221096,221104,8,60e37bc937e4e6271f69ff504af3c6a2b66260b1e2d23c1df3c1fb6605680d73,0207000000000000,,,,,False,,,,,,,,,,False,False
/a/0/1/2,/a/0/1/2!/member_00564,0,/a/0/1/2,141,564,,228876,228880,221104,221108,4,df3f619804a92fdb4057192dc43dd748ea778adc52bc498ce80524c014b81119,00000000,,,,,False,,,,,,,,,,False,False
/a/0/1/2,/a/0/1/2!/member_00565,0,/a/0/1/2,141,565,,228880,228888,221108,221116,8,95ab968b5e60a8ddd5cceb1f5477b84a1e13637c73a02f31663a27364af0690b,0205000000000000,,,,,False,,,,,,,,,,False,False
/a/0/1/2,/a/0/1/2!/member_00566,0,/a/0/1/2,141,566,,228888,228892,221116,221120,4,df3f619804a92fdb4057192dc43dd748ea778adc52bc498ce80524c014b81119,00000000,,,,,False,,,,,,,,,,False,False
/a/0/1/2,/a/0/1/2!/member_00567,0,/a/0/1/2,141,567,,228892,228896,221120,221124,4,df3f619804a92fdb4057192dc43dd748ea778adc52bc498ce80524c014b81119,00000000,,,,,False,,,,,,,,,,False,False
/a/0/1/2,/a/0/1/2!/member_00568,0,/a/0/1/2,141,568,,228896,228900,221124,221128,4,df3f619804a92fdb4057192dc43dd748ea778adc52bc498ce80524c014b81119,00000000,,,,,False,,,,,,,,,,False,False
/a/0/1/2,/a/0/1/2!/member_00569,0,/a/0/1/2,141,569,,228900,228908,221128,221136,8,8f6c5e3f97dac30229e34665e8a76933efc8e640baa13f24f33296c4eb8a5f7d,0206000000000000,,,,,False,,,,,,,,,,False,False
/a/0/1/2,/a/0/1/2!/member_00570,0,/a/0/1/2,141,570,,228908,228916,221136,221144,8,db4a817e8f7bbf5a862d1ed461fc3b5e006753237cfd268fed6a16764761c033,0202000000000000,,,,,False,,,,,,,,,,False,False
/a/0/1/2,/a/0/1/2!/member_00571,0,/a/0/1/2,141,571,,228916,228940,221144,221168,24,32dc59c24da305c16ba7dc03195e3c16d5ce670b8b08d948938ba3503182ce92,0209000000030c000000010100000000,,,,,False,,,,,,,,,,False,False
/a/0/1/2,/a/0/1/2!/member_00572,0,/a/0/1/2,141,572,,228940,228948,221168,221176,8,db4a817e8f7bbf5a862d1ed461fc3b5e006753237cfd268fed6a16764761c033,0202000000000000,,,,,False,,,,,,,,,,False,False
/a/0/1/2,/a/0/1/2!/member_00573,0,/a/0/1/2,141,573,,228948,228952,221176,221180,4,df3f619804a92fdb4057192dc43dd748ea778adc52bc498ce80524c014b81119,00000000,,,,,False,,,,,,,,,,False,False
/a/0/1/2,/a/0/1/2!/member_00574,0,/a/0/1/2,141,574,,228952,228968,221180,221196,16,a3be146ca7ac5c5d8132c0210c8ef3d24b98b217927b058edb6ec6477e12a20c,01010000000025410000010000000000,,,,,False,,,,,,,,,,False,False
/a/0/1/2,/a/0/1/2!/member_00575,0,/a/0/1/2,141,575,,228968,228984,221196,221212,16,a3be146ca7ac5c5d8132c0210c8ef3d24b98b217927b058edb6ec6477e12a20c,01010000000025410000010000000000,,,,,False,,,,,,,,,,False,False
/a/0/1/2,/a/0/1/2!/member_00576,0,/a/0/1/2,141,576,,228984,228988,221212,221216,4,df3f619804a92fdb4057192dc43dd748ea778adc52bc498ce80524c014b81119,00000000,,,,,False,,,,,,,,,,False,False
/a/0/1/2,/a/0/1/2!/member_00577,0,/a/0/1/2,141,577,,228988,228992,221216,221220,4,df3f619804a92fdb4057192dc43dd748ea778adc52bc498ce80524c014b81119,00000000,,,,,False,,,,,,,,,,False,False
/a/0/1/2,/a/0/1/2!/member_00578,0,/a/0/1/2,141,578,,228992,228996,221220,221224,4,df3f619804a92fdb4057192dc43dd748ea778adc52bc498ce80524c014b81119,00000000,,,,,False,,,,,,,,,,False,False
/a/0/1/2,/a/0/1/2!/member_00579,0,/a/0/1/2,141,579,,228996,229000,221224,221228,4,df3f619804a92fdb4057192dc43dd748ea778adc52bc498ce80524c014b81119,00000000,,,,,False,,,,,,,,,,False,False
/a/0/1/2,/a/0/1/2!/member_00580,0,/a/0/1/2,141,580,,229000,229008,221228,221236,8,53aa3c1e3c40d0c9ed896248a829501c2f97e16634873fcc4bded2aca279ec64,0208000000000000,,,,,False,,,,,,,,,,False,False
/a/0/1/2,/a/0/1/2!/member_00581,0,/a/0/1/2,141,581,,229008,229016,221236,221244,8,035ea31cde9b95c28a68cf2cc6d9b8d7f2d88802448304765460242fe729e294,02d8270000000000,,,,,False,,,,,,,,,,False,False
/a/0/1/2,/a/0/1/2!/member_00582,0,/a/0/1/2,141,582,,229016,229028,221244,221256,12,a411210bba624a254b31ba2852c3ab03eceb8686fa0f04fa35d8ed017dcbc7ad,020100000004090000000000,,,,,False,,,,,,,,,,False,False
/a/0/1/2,/a/0/1/2!/member_00583,0,/a/0/1/2,141,583,,229028,229056,221256,221284,28,b7def59c6dcc16833654342364019f045467ec494b2d7287de01f29116205aa4,03282300000101000000003341020035,,,,,False,,,,,,,,,,False,False
/a/0/1/2,/a/0/1/2!/member_00584,0,/a/0/1/2,141,584,,229056,229084,221284,221312,28,b4490651facbf3cee5f6e27af25d8e2bd82c959ab649df562e489befd4edd4ba,010600000004f52300000017410000f0,,,,,False,,,,,,,,,,False,False
/a/0/1/2,/a/0/1/2!/member_00585,0,/a/0/1/2,141,585,,229084,229112,221312,221340,28,a09f0e52da8834cd276a2e4845fa4a27a5d2b70d8f3df817db51d207acdf2453,02010000000101000000002441010002,,,,,False,,,,,,,,,,False,False
/a/0/1/2,/a/0/1/2!/member_00586,0,/a/0/1/2,141,586,,229112,229116,221340,221344,4,df3f619804a92fdb4057192dc43dd748ea778adc52bc498ce80524c014b81119,00000000,,,,,False,,,,,,,,,,False,False
/a/0/1/2,/a/0/1/2!/member_00587,0,/a/0/1/2,141,587,,229116,229120,221344,221348,4,df3f619804a92fdb4057192dc43dd748ea778adc52bc498ce80524c014b81119,00000000,,,,,False,,,,,,,,,,False,False
/a/0/1/2,/a/0/1/2!/member_00588,0,/a/0/1/2,141,588,,229120,229128,221348,221356,8,4823ff34557b350562a800037eb14e533d39954d76cd142c23dbee263db4b4af,0204000000000000,,,,,False,,,,,,,,,,False,False
/a/0/1/2,/a/0/1/2!/member_00589,0,/a/0/1/2,141,589,,229128,229156,221356,221384,28,b7def59c6dcc16833654342364019f045467ec494b2d7287de01f29116205aa4,03282300000101000000003341020035,,,,,False,,,,,,,,,,False,False
/a/0/1/2,/a/0/1/2!/member_00590,0,/a/0/1/2,141,590,,229156,229184,221384,221412,28,b4490651facbf3cee5f6e27af25d8e2bd82c959ab649df562e489befd4edd4ba,010600000004f52300000017410000f0,,,,,False,,,,,,,,,,False,False
/a/0/1/2,/a/0/1/2!/member_00591,0,/a/0/1/2,141,591,,229184,229188,221412,221416,4,df3f619804a92fdb4057192dc43dd748ea778adc52bc498ce80524c014b81119,00000000,,,,,False,,,,,,,,,,False,False
/a/0/1/2,/a/0/1/2!/member_00592,0,/a/0/1/2,141,592,,229188,229220,221416,221448,32,ec5d65d44312aa0f791a69d83522affda3fc7bce7dbf497b10344f24cdabc5a0,02060000000328230000010100000000,,,,,False,,,,,,,,,,False,False
/a/0/1/2,/a/0/1/2!/member_00593,0,/a/0/1/2,141,593,,229220,229240,221448,221468,20,e22fb6f7f7e33e7d7b992c29322df24664518f1ebd1258f8c4a3bbecb2370f8c,01060000000403000000000140000001,,,,,False,,,,,,,,,,False,False
/a/0/1/2,/a/0/1/2!/member_00594,0,/a/0/1/2,141,594,,229240,229260,221468,221488,20,e22fb6f7f7e33e7d7b992c29322df24664518f1ebd1258f8c4a3bbecb2370f8c,01060000000403000000000140000001,,,,,False,,,,,,,,,,False,False
/a/0/1/2,/a/0/1/2!/member_00595,0,/a/0/1/2,141,595,,229260,229280,221488,221508,20,e22fb6f7f7e33e7d7b992c29322df24664518f1ebd1258f8c4a3bbecb2370f8c,01060000000403000000000140000001,,,,,False,,,,,,,,,,False,False
/a/0/1/2,/a/0/1/2!/member_00596,0,/a/0/1/2,141,596,,229280,229300,221508,221528,20,e22fb6f7f7e33e7d7b992c29322df24664518f1ebd1258f8c4a3bbecb2370f8c,01060000000403000000000140000001,,,,,False,,,,,,,,,,False,False
/a/0/1/2,/a/0/1/2!/member_00597,0,/a/0/1/2,141,597,,229300,229320,221528,221548,20,76e56103e0a23457254c3458c3900f25058b1fcebbae757f426ae88a9dd819f2,0106000000020300000000c840000002,,,,,False,,,,,,,,,,False,False
/a/0/1/2,/a/0/1/2!/member_00598,0,/a/0/1/2,141,598,,229320,229340,221548,221568,20,17835421b001a6de82a80c1bbd1b6006efe209325f56cad1c015fdd7d96b5bab,01060000000402000000000140000001,,,,,False,,,,,,,,,,False,False
/a/0/1/2,/a/0/1/2!/member_00599,0,/a/0/1/2,141,599,,229340,229368,221568,221596,28,b4490651facbf3cee5f6e27af25d8e2bd82c959ab649df562e489befd4edd4ba,010600000004f52300000017410000f0,,,,,False,,,,,,,,,,False,False
/a/0/1/2,/a/0/1/2!/member_00600,0,/a/0/1/2,141,600,,229368,229376,221596,221604,8,d240293eee96a2f5e23857f9386db7d3ad61495fa57aec3f1dc2694a2b15625a,0211000000000000,,,,,False,,,,,,,,,,False,False
/a/0/1/2,/a/0/1/2!/member_00601,0,/a/0/1/2,141,601,,229376,229384,221604,221612,8,035ea31cde9b95c28a68cf2cc6d9b8d7f2d88802448304765460242fe729e294,02d8270000000000,,,,,False,,,,,,,,,,False,False
/a/0/1/2,/a/0/1/2!/member_00602,0,/a/0/1/2,141,602,,229384,229392,221612,221620,8,95ab968b5e60a8ddd5cceb1f5477b84a1e13637c73a02f31663a27364af0690b,0205000000000000,,,,,False,,,,,,,,,,False,False
/a/0/1/2,/a/0/1/2!/member_00603,0,/a/0/1/2,141,603,,229392,229420,221620,221648,28,b7def59c6dcc16833654342364019f045467ec494b2d7287de01f29116205aa4,03282300000101000000003341020035,,,,,False,,,,,,,,,,False,False
/a/0/1/2,/a/0/1/2!/member_00604,0,/a/0/1/2,141,604,,229420,229448,221648,221676,28,b4490651facbf3cee5f6e27af25d8e2bd82c959ab649df562e489befd4edd4ba,010600000004f52300000017410000f0,,,,,False,,,,,,,,,,False,False
/a/0/1/2,/a/0/1/2!/member_00605,0,/a/0/1/2,141,605,,229448,229456,221676,221684,8,4823ff34557b350562a800037eb14e533d39954d76cd142c23dbee263db4b4af,0204000000000000,,,,,False,,,,,,,,,,False,False
/a/0/1/2,/a/0/1/2!/member_00606,0,/a/0/1/2,141,606,,229456,229460,221684,221688,4,df3f619804a92fdb4057192dc43dd748ea778adc52bc498ce80524c014b81119,00000000,,,,,False,,,,,,,,,,False,False
/a/0/1/2,/a/0/1/2!/member_00607,0,/a/0/1/2,141,607,,229460,229472,221688,221700,12,192d9f2e2e7deaaccc8ade48e9d3066ba015ef14c02c9bb83ee41920055c6444,030600000002070000000000,,,,,False,,,,,,,,,,False,False
/a/0/1/2,/a/0/1/2!/member_00608,0,/a/0/1/2,141,608,,229472,229488,221700,221716,16,7e7bbd350e306beedd48fa46fabc09f0d77d044411e1aedd87662e1f551fdf14,0101000000001f410000010000000000,,,,,False,,,,,,,,,,False,False
/a/0/1/2,/a/0/1/2!/member_00609,0,/a/0/1/2,141,609,,229488,229504,221716,221732,16,e153f41d8957fe40769a27e67dd3e1cf5394be273797d9ee76d1f4e38617b92e,0101000000001f410100010000000000,,,,,False,,,,,,,,,,False,False
/a/0/1/2,/a/0/1/2!/member_00610,0,/a/0/1/2,141,610,,229504,229516,221732,221744,12,9a776130e9be63aab55f405c649952e81c0474eab7373da24d8919626ce4a42e,020300000003060000000000,,,,,False,,,,,,,,,,False,False
/a/0/1/2,/a/0/1/2!/member_00611,0,/a/0/1/2,141,611,,229516,229524,221744,221752,8,60e37bc937e4e6271f69ff504af3c6a2b66260b1e2d23c1df3c1fb6605680d73,0207000000000000,,,,,False,,,,,,,,,,False,False
/a/0/1/2,/a/0/1/2!/member_00612,0,/a/0/1/2,141,612,,229524,229540,221752,221768,16,e427eb4d0403f8d06775f1ed73c3905a62ba6ea536694dbb1ab10d18d89a1d8b,01010000000001400000010000000000,,,,,False,,,,,,,,,,False,False
/a/0/1/2,/a/0/1/2!/member_00613,0,/a/0/1/2,141,613,,229540,229544,221768,221772,4,df3f619804a92fdb4057192dc43dd748ea778adc52bc498ce80524c014b81119,00000000,,,,,False,,,,,,,,,,False,False
/a/0/1/2,/a/0/1/2!/member_00614,0,/a/0/1/2,141,614,,229544,229556,221772,221784,12,580d1da977da1443c7a642fd9e32ce76122592a6ae2e31373727ff67c77159c0,020500000003060000000000,,,,,False,,,,,,,,,,False,False
/a/0/1/2,/a/0/1/2!/member_00615,0,/a/0/1/2,141,615,,229556,229588,221784,221816,32,87622dc38240665ecf409a43ab16e4c2c8c1db64d5267d6fe16531ad9079eed9,010b0000000207000000030a00000000,,,,,False,,,,,,,,,,False,False
/a/0/1/2,/a/0/1/2!/member_00616,0,/a/0/1/2,141,616,,229588,229620,221816,221848,32,48f6dd9a157e1f73e0f315210ec8480d54388ad22815a3a76f26a95d1e28ae49,030b000000010100000000fc40020010,,,,,False,,,,,,,,,,False,False
/a/0/1/2,/a/0/1/2!/member_00617,0,/a/0/1/2,141,617,,229620,229624,221848,221852,4,df3f619804a92fdb4057192dc43dd748ea778adc52bc498ce80524c014b81119,00000000,,,,,False,,,,,,,,,,False,False
/a/0/1/2,/a/0/1/2!/member_00618,0,/a/0/1/2,141,618,,229624,229644,221852,221872,20,775a008f4c293d6acbaeeecebf3fdea65c4c58ca50c5b23991acc215d6ce32b5,01010000000006410300070006410000,,,,,False,,,,,,,,,,False,False
/a/0/1/2,/a/0/1/2!/member_00619,0,/a/0/1/2,141,619,,229644,229648,221872,221876,4,df3f619804a92fdb4057192dc43dd748ea778adc52bc498ce80524c014b81119,00000000,,,,,False,,,,,,,,,,False,False
/a/0/1/2,/a/0/1/2!/member_00620,0,/a/0/1/2,141,620,,229648,229652,221876,221880,4,df3f619804a92fdb4057192dc43dd748ea778adc52bc498ce80524c014b81119,00000000,,,,,False,,,,,,,,,,False,False
/a/0/1/2,/a/0/1/2!/member_00621,0,/a/0/1/2,141,621,,229652,229656,221880,221884,4,df3f619804a92fdb4057192dc43dd748ea778adc52bc498ce80524c014b81119,00000000,,,,,False,,,,,,,,,,False,False
/a/0/1/2,/a/0/1/2!/member_00622,0,/a/0/1/2,141,622,,229656,229664,221884,221892,8,c425a9ec3001a1411790d93f89815f2c52f5ba7771a4f0de13ade6fab1712b8f,0203000000000000,,,,,False,,,,,,,,,,False,False
/a/0/1/2,/a/0/1/2!/member_00623,0,/a/0/1/2,141,623,,229664,229672,221892,221900,8,ef70aa278262b8a7ae6c53aa99edee20fae3c40362bcc39211d11135ad1dc637,020b000000000000,,,,,False,,,,,,,,,,False,False
/a/0/1/2,/a/0/1/2!/member_00624,0,/a/0/1/2,141,624,,229672,229680,221900,221908,8,035ea31cde9b95c28a68cf2cc6d9b8d7f2d88802448304765460242fe729e294,02d8270000000000,,,,,False,,,,,,,,,,False,False
/a/0/1/2,/a/0/1/2!/member_00625,0,/a/0/1/2,141,625,,229680,229708,221908,221936,28,b7def59c6dcc16833654342364019f045467ec494b2d7287de01f29116205aa4,03282300000101000000003341020035,,,,,False,,,,,,,,,,False,False
/a/0/1/2,/a/0/1/2!/member_00626,0,/a/0/1/2,141,626,,229708,229736,221936,221964,28,b4490651facbf3cee5f6e27af25d8e2bd82c959ab649df562e489befd4edd4ba,010600000004f52300000017410000f0,,,,,False,,,,,,,,,,False,False
/a/0/1/2,/a/0/1/2!/member_00627,0,/a/0/1/2,141,627,,229736,229740,221964,221968,4,df3f619804a92fdb4057192dc43dd748ea778adc52bc498ce80524c014b81119,00000000,,,,,False,,,,,,,,,,False,False
/a/0/1/2,/a/0/1/2!/member_00628,0,/a/0/1/2,141,628,,229740,229744,221968,221972,4,df3f619804a92fdb4057192dc43dd748ea778adc52bc498ce80524c014b81119,00000000,,,,,False,,,,,,,,,,False,False
/a/0/1/2,/a/0/1/2!/member_00629,0,/a/0/1/2,141,629,,229744,229748,221972,221976,4,df3f619804a92fdb4057192dc43dd748ea778adc52bc498ce80524c014b81119,00000000,,,,,False,,,,,,,,,,False,False
/a/0/1/2,/a/0/1/2!/member_00630,0,/a/0/1/2,141,630,,229748,229768,221976,221996,20,e77c8fdbc55e043dc8b285e54d658c91d1399bfad4046be7477b1dd918df5c62,01010000000074400100010074400300,,,,,False,,,,,,,,,,False,False
/a/0/1/2,/a/0/1/2!/member_00631,0,/a/0/1/2,141,631,,229768,229776,221996,222004,8,035ea31cde9b95c28a68cf2cc6d9b8d7f2d88802448304765460242fe729e294,02d8270000000000,,,,,False,,,,,,,,,,False,False
/a/0/1/2,/a/0/1/2!/member_00632,0,/a/0/1/2,141,632,,229776,229784,222004,222012,8,fb59317b8103f19f3850f0be3fe62db1aa481a9a7b31c590e6d243e98eacd375,0201000000000000,,,,,False,,,,,,,,,,False,False
/a/0/1/2,/a/0/1/2!/member_00633,0,/a/0/1/2,141,633,,229784,229812,222012,222040,28,b7def59c6dcc16833654342364019f045467ec494b2d7287de01f29116205aa4,03282300000101000000003341020035,,,,,False,,,,,,,,,,False,False
/a/0/1/2,/a/0/1/2!/member_00634,0,/a/0/1/2,141,634,,229812,229840,222040,222068,28,b4490651facbf3cee5f6e27af25d8e2bd82c959ab649df562e489befd4edd4ba,010600000004f52300000017410000f0,,,,,False,,,,,,,,,,False,False
/a/0/1/2,/a/0/1/2!/member_00635,0,/a/0/1/2,141,635,,229840,229844,222068,222072,4,df3f619804a92fdb4057192dc43dd748ea778adc52bc498ce80524c014b81119,00000000,,,,,False,,,,,,,,,,False,False
/a/0/1/2,/a/0/1/2!/member_00636,0,/a/0/1/2,141,636,,229844,229848,222072,222076,4,df3f619804a92fdb4057192dc43dd748ea778adc52bc498ce80524c014b81119,00000000,,,,,False,,,,,,,,,,False,False
/a/0/1/2,/a/0/1/2!/member_00637,0,/a/0/1/2,141,637,,229848,229852,222076,222080,4,df3f619804a92fdb4057192dc43dd748ea778adc52bc498ce80524c014b81119,00000000,,,,,False,,,,,,,,,,False,False
/a/0/1/2,/a/0/1/2!/member_00638,0,/a/0/1/2,141,638,,229852,229856,222080,222084,4,df3f619804a92fdb4057192dc43dd748ea778adc52bc498ce80524c014b81119,00000000,,,,,False,,,,,,,,,,False,False
/a/0/1/2,/a/0/1/2!/member_00639,0,/a/0/1/2,141,639,,229856,229864,222084,222092,8,95ab968b5e60a8ddd5cceb1f5477b84a1e13637c73a02f31663a27364af0690b,0205000000000000,,,,,False,,,,,,,,,,False,False
/a/0/1/2,/a/0/1/2!/member_00640,0,/a/0/1/2,141,640,,229864,229872,222092,222100,8,035ea31cde9b95c28a68cf2cc6d9b8d7f2d88802448304765460242fe729e294,02d8270000000000,,,,,False,,,,,,,,,,False,False
/a/0/1/2,/a/0/1/2!/member_00641,0,/a/0/1/2,141,641,,229872,229876,222100,222104,4,df3f619804a92fdb4057192dc43dd748ea778adc52bc498ce80524c014b81119,00000000,,,,,False,,,,,,,,,,False,False
/a/0/1/2,/a/0/1/2!/member_00642,0,/a/0/1/2,141,642,,229876,229884,222104,222112,8,d240293eee96a2f5e23857f9386db7d3ad61495fa57aec3f1dc2694a2b15625a,0211000000000000,,,,,False,,,,,,,,,,False,False
/a/0/1/2,/a/0/1/2!/member_00643,0,/a/0/1/2,141,643,,229884,229912,222112,222140,28,b7def59c6dcc16833654342364019f045467ec494b2d7287de01f29116205aa4,03282300000101000000003341020035,,,,,False,,,,,,,,,,False,False
/a/0/1/2,/a/0/1/2!/member_00644,0,/a/0/1/2,141,644,,229912,229940,222140,222168,28,b4490651facbf3cee5f6e27af25d8e2bd82c959ab649df562e489befd4edd4ba,010600000004f52300000017410000f0,,,,,False,,,,,,,,,,False,False
/a/0/1/2,/a/0/1/2!/member_00645,0,/a/0/1/2,141,645,,229940,229944,222168,222172,4,df3f619804a92fdb4057192dc43dd748ea778adc52bc498ce80524c014b81119,00000000,,,,,False,,,,,,,,,,False,False
/a/0/1/2,/a/0/1/2!/member_00646,0,/a/0/1/2,141,646,,229944,229948,222172,222176,4,df3f619804a92fdb4057192dc43dd748ea778adc52bc498ce80524c014b81119,00000000,,,,,False,,,,,,,,,,False,False
/a/0/1/2,/a/0/1/2!/member_00647,0,/a/0/1/2,141,647,,229948,229968,222176,222196,20,7cd057ebd68f4003af7ded4f28c28495a76772e9b7b21a44ba5a43d2d455a6b8,02010000000101000000008040020006,,,,,False,,,,,,,,,,False,False
/a/0/1/2,/a/0/1/2!/member_00648,0,/a/0/1/2,141,648,,229968,229988,222196,222216,20,df287086d7bded74ae179c031dc36dc93d163d402d2b23a5e5819d55b71d517f,02060000000101000000001641010007,,,,,False,,,,,,,,,,False,False
/a/0/1/2,/a/0/1/2!/member_00649,0,/a/0/1/2,141,649,,229988,229996,222216,222224,8,035ea31cde9b95c28a68cf2cc6d9b8d7f2d88802448304765460242fe729e294,02d8270000000000,,,,,False,,,,,,,,,,False,False
/a/0/1/2,/a/0/1/2!/member_00650,0,/a/0/1/2,141,650,,229996,230004,222224,222232,8,db4a817e8f7bbf5a862d1ed461fc3b5e006753237cfd268fed6a16764761c033,0202000000000000,,,,,False,,,,,,,,,,False,False
/a/0/1/2,/a/0/1/2!/member_00651,0,/a/0/1/2,141,651,,230004,230032,222232,222260,28,b7def59c6dcc16833654342364019f045467ec494b2d7287de01f29116205aa4,03282300000101000000003341020035,,,,,False,,,,,,,,,,False,False
/a/0/1/2,/a/0/1/2!/member_00652,0,/a/0/1/2,141,652,,230032,230060,222260,222288,28,b4490651facbf3cee5f6e27af25d8e2bd82c959ab649df562e489befd4edd4ba,010600000004f52300000017410000f0,,,,,False,,,,,,,,,,False,False
/a/0/1/2,/a/0/1/2!/member_00653,0,/a/0/1/2,141,653,,230060,230064,222288,222292,4,df3f619804a92fdb4057192dc43dd748ea778adc52bc498ce80524c014b81119,00000000,,,,,False,,,,,,,,,,False,False
/a/0/1/2,/a/0/1/2!/member_00654,0,/a/0/1/2,141,654,,230064,230068,222292,222296,4,df3f619804a92fdb4057192dc43dd748ea778adc52bc498ce80524c014b81119,00000000,,,,,False,,,,,,,,,,False,False
/a/0/1/2,/a/0/1/2!/member_00655,0,/a/0/1/2,141,655,,230068,230072,222296,222300,4,df3f619804a92fdb4057192dc43dd748ea778adc52bc498ce80524c014b81119,00000000,,,,,False,,,,,,,,,,False,False
/a/0/1/2,/a/0/1/2!/member_00656,0,/a/0/1/2,141,656,,230072,230076,222300,222304,4,df3f619804a92fdb4057192dc43dd748ea778adc52bc498ce80524c014b81119,00000000,,,,,False,,,,,,,,,,False,False
/a/0/1/2,/a/0/1/2!/member_00657,0,/a/0/1/2,141,657,,230076,230080,222304,222308,4,df3f619804a92fdb4057192dc43dd748ea778adc52bc498ce80524c014b81119,00000000,,,,,False,,,,,,,,,,False,False
/a/0/1/2,/a/0/1/2!/member_00658,0,/a/0/1/2,141,658,,230080,230088,222308,222316,8,363c38c8f84fbcaf0c63e2f99e02ddaa4546e6d48e8495f0014e7a3a39ca8c05,0213000000000000,,,,,False,,,,,,,,,,False,False
/a/0/1/2,/a/0/1/2!/member_00659,0,/a/0/1/2,141,659,,230088,230096,222316,222324,8,95ab968b5e60a8ddd5cceb1f5477b84a1e13637c73a02f31663a27364af0690b,0205000000000000,,,,,False,,,,,,,,,,False,False
/a/0/1/2,/a/0/1/2!/member_00660,0,/a/0/1/2,141,660,,230096,230124,222324,222352,28,b7def59c6dcc16833654342364019f045467ec494b2d7287de01f29116205aa4,03282300000101000000003341020035,,,,,False,,,,,,,,,,False,False
/a/0/1/2,/a/0/1/2!/member_00661,0,/a/0/1/2,141,661,,230124,230152,222352,222380,28,b4490651facbf3cee5f6e27af25d8e2bd82c959ab649df562e489befd4edd4ba,010600000004f52300000017410000f0,,,,,False,,,,,,,,,,False,False
/a/0/1/2,/a/0/1/2!/member_00662,0,/a/0/1/2,141,662,,230152,230156,222380,222384,4,df3f619804a92fdb4057192dc43dd748ea778adc52bc498ce80524c014b81119,00000000,,,,,False,,,,,,,,,,False,False
/a/0/1/2,/a/0/1/2!/member_00663,0,/a/0/1/2,141,663,,230156,230160,222384,222388,4,df3f619804a92fdb4057192dc43dd748ea778adc52bc498ce80524c014b81119,00000000,,,,,False,,,,,,,,,,False,False
/a/0/1/2,/a/0/1/2!/member_00664,0,/a/0/1/2,141,664,,230160,230164,222388,222392,4,df3f619804a92fdb4057192dc43dd748ea778adc52bc498ce80524c014b81119,00000000,,,,,False,,,,,,,,,,False,False
/a/0/1/2,/a/0/1/2!/member_00665,0,/a/0/1/2,141,665,,230164,230168,222392,222396,4,df3f619804a92fdb4057192dc43dd748ea778adc52bc498ce80524c014b81119,00000000,,,,,False,,,,,,,,,,False,False
/a/0/1/2,/a/0/1/2!/member_00666,0,/a/0/1/2,141,666,,230168,230180,222396,222408,12,192d9f2e2e7deaaccc8ade48e9d3066ba015ef14c02c9bb83ee41920055c6444,030600000002070000000000,,,,,False,,,,,,,,,,False,False
/a/0/1/2,/a/0/1/2!/member_00667,0,/a/0/1/2,141,667,,230180,230196,222408,222424,16,9ec6293ca390bb76e45be051cdc1354058c0d3fdeb8b50cb0a84693c9d7e04b2,0101000000001e410000010000000000,,,,,False,,,,,,,,,,False,False
/a/0/1/2,/a/0/1/2!/member_00668,0,/a/0/1/2,141,668,,230196,230212,222424,222440,16,a39942f0ca73e39e3c65b06476bb5085e20e3d551f2a242d50da012eff5f7adc,0101000000001e410100010000000000,,,,,False,,,,,,,,,,False,False
/a/0/1/2,/a/0/1/2!/member_00669,0,/a/0/1/2,141,669,,230212,230232,222440,222460,20,596080a024c16c0f235e41259bff61e8596334f1a0a50a904f15fc7561039107,02030000000101000000008240010004,,,,,False,,,,,,,,,,False,False
/a/0/1/2,/a/0/1/2!/member_00670,0,/a/0/1/2,141,670,,230232,230236,222460,222464,4,df3f619804a92fdb4057192dc43dd748ea778adc52bc498ce80524c014b81119,00000000,,,,,False,,,,,,,,,,False,False
/a/0/1/2,/a/0/1/2!/member_00671,0,/a/0/1/2,141,671,,230236,230240,222464,222468,4,df3f619804a92fdb4057192dc43dd748ea778adc52bc498ce80524c014b81119,00000000,,,,,False,,,,,,,,,,False,False
/a/0/1/2,/a/0/1/2!/member_00672,0,/a/0/1/2,141,672,,230240,230248,222468,222476,8,035ea31cde9b95c28a68cf2cc6d9b8d7f2d88802448304765460242fe729e294,02d8270000000000,,,,,False,,,,,,,,,,False,False
/a/0/1/2,/a/0/1/2!/member_00673,0,/a/0/1/2,141,673,,230248,230252,222476,222480,4,df3f619804a92fdb4057192dc43dd748ea778adc52bc498ce80524c014b81119,00000000,,,,,False,,,,,,,,,,False,False
/a/0/1/2,/a/0/1/2!/member_00674,0,/a/0/1/2,141,674,,230252,230256,222480,222484,4,df3f619804a92fdb4057192dc43dd748ea778adc52bc498ce80524c014b81119,00000000,,,,,False,,,,,,,,,,False,False
/a/0/1/2,/a/0/1/2!/member_00675,0,/a/0/1/2,141,675,,230256,230260,222484,222488,4,df3f619804a92fdb4057192dc43dd748ea778adc52bc498ce80524c014b81119,00000000,,,,,False,,,,,,,,,,False,False
/a/0/1/2,/a/0/1/2!/member_00676,0,/a/0/1/2,141,676,,230260,230268,222488,222496,8,8f6c5e3f97dac30229e34665e8a76933efc8e640baa13f24f33296c4eb8a5f7d,0206000000000000,,,,,False,,,,,,,,,,False,False
/a/0/1/2,/a/0/1/2!/member_00677,0,/a/0/1/2,141,677,,230268,230276,222496,222504,8,60e37bc937e4e6271f69ff504af3c6a2b66260b1e2d23c1df3c1fb6605680d73,0207000000000000,,,,,False,,,,,,,,,,False,False
/a/0/1/2,/a/0/1/2!/member_00678,0,/a/0/1/2,141,678,,230276,230280,222504,222508,4,df3f619804a92fdb4057192dc43dd748ea778adc52bc498ce80524c014b81119,00000000,,,,,False,,,,,,,,,,False,False
/a/0/1/2,/a/0/1/2!/member_00679,0,/a/0/1/2,141,679,,230280,230288,222508,222516,8,cbd6992e313312ab4f8d1ef8edfa7258d74286af5b1fbb14b1ff0cdae4a50f60,0221000000000000,,,,,False,,,,,,,,,,False,False
/a/0/1/2,/a/0/1/2!/member_00680,0,/a/0/1/2,141,680,,230288,230308,222516,222536,20,f702438377e852d10750bb87eda3bfd13bebf3e09d9d5a9aad71cd7ca170f839,03020000000101000000003341060003,,,,,False,,,,,,,,,,False,False
/a/0/1/2,/a/0/1/2!/member_00681,0,/a/0/1/2,141,681,,230308,230312,222536,222540,4,df3f619804a92fdb4057192dc43dd748ea778adc52bc498ce80524c014b81119,00000000,,,,,False,,,,,,,,,,False,False
/a/0/1/2,/a/0/1/2!/member_00682,0,/a/0/1/2,141,682,,230312,230316,222540,222544,4,df3f619804a92fdb4057192dc43dd748ea778adc52bc498ce80524c014b81119,00000000,,,,,False,,,,,,,,,,False,False
/a/0/1/2,/a/0/1/2!/member_00683,0,/a/0/1/2,141,683,,230316,230320,222544,222548,4,df3f619804a92fdb4057192dc43dd748ea778adc52bc498ce80524c014b81119,00000000,,,,,False,,,,,,,,,,False,False
/a/0/1/2,/a/0/1/2!/member_00684,0,/a/0/1/2,141,684,,230320,230348,222548,222576,28,7ae8f4deee0ca785d698cbb3cbe027bbd9ea8954a05aa19c2230c5d41a7d4a1f,020d0000000101000000003441040003,,,,,False,,,,,,,,,,False,False
/a/0/1/2,/a/0/1/2!/member_00685,0,/a/0/1/2,141,685,,230348,230356,222576,222584,8,035ea31cde9b95c28a68cf2cc6d9b8d7f2d88802448304765460242fe729e294,02d8270000000000,,,,,False,,,,,,,,,,False,False
/a/0/1/2,/a/0/1/2!/member_00686,0,/a/0/1/2,141,686,,230356,230364,222584,222592,8,53aa3c1e3c40d0c9ed896248a829501c2f97e16634873fcc4bded2aca279ec64,0208000000000000,,,,,False,,,,,,,,,,False,False
/a/0/1/2,/a/0/1/2!/member_00687,0,/a/0/1/2,141,687,,230364,230392,222592,222620,28,b7def59c6dcc16833654342364019f045467ec494b2d7287de01f29116205aa4,03282300000101000000003341020035,,,,,False,,,,,,,,,,False,False
/a/0/1/2,/a/0/1/2!/member_00688,0,/a/0/1/2,141,688,,230392,230420,222620,222648,28,b4490651facbf3cee5f6e27af25d8e2bd82c959ab649df562e489befd4edd4ba,010600000004f52300000017410000f0,,,,,False,,,,,,,,,,False,False
/a/0/1/2,/a/0/1/2!/member_00689,0,/a/0/1/2,141,689,,230420,230424,222648,222652,4,df3f619804a92fdb4057192dc43dd748ea778adc52bc498ce80524c014b81119,00000000,,,,,False,,,,,,,,,,False,False
/a/0/1/2,/a/0/1/2!/member_00690,0,/a/0/1/2,141,690,,230424,230428,222652,222656,4,df3f619804a92fdb4057192dc43dd748ea778adc52bc498ce80524c014b81119,00000000,,,,,False,,,,,,,,,,False,False
/a/0/1/2,/a/0/1/2!/member_00691,0,/a/0/1/2,141,691,,230428,230432,222656,222660,4,df3f619804a92fdb4057192dc43dd748ea778adc52bc498ce80524c014b81119,00000000,,,,,False,,,,,,,,,,False,False
/a/0/1/2,/a/0/1/2!/member_00692,0,/a/0/1/2,141,692,,230432,230440,222660,222668,8,95ab968b5e60a8ddd5cceb1f5477b84a1e13637c73a02f31663a27364af0690b,0205000000000000,,,,,False,,,,,,,,,,False,False
/a/0/1/2,/a/0/1/2!/member_00693,0,/a/0/1/2,141,693,,230440,230464,222668,222692,24,c2ee74ef326f462bbed4c1cc54fa361d1945eb1c1be12b4b3fc1a6181e012ddb,03010000000210000000010100000000,,,,,False,,,,,,,,,,False,False
/a/0/1/2,/a/0/1/2!/member_00694,0,/a/0/1/2,141,694,,230464,230472,222692,222700,8,035ea31cde9b95c28a68cf2cc6d9b8d7f2d88802448304765460242fe729e294,02d8270000000000,,,,,False,,,,,,,,,,False,False
/a/0/1/2,/a/0/1/2!/member_00695,0,/a/0/1/2,141,695,,230472,230492,222700,222720,20,7230f13b39dc91cf7d46e8d7f13838d1d6c27c1d14f830e9bf5197f93bec4039,02010000000101000000007940000005,,,,,False,,,,,,,,,,False,False
/a/0/1/2,/a/0/1/2!/member_00696,0,/a/0/1/2,141,696,,230492,230524,222720,222752,32,5b6e41af656db47f43d0af4c82d148d2102e7558593788d163f385c607f5e3ec,03282300000101000000003341020035,,,,,False,,,,,,,,,,False,False
/a/0/1/2,/a/0/1/2!/member_00697,0,/a/0/1/2,141,697,,230524,230552,222752,222780,28,b4490651facbf3cee5f6e27af25d8e2bd82c959ab649df562e489befd4edd4ba,010600000004f52300000017410000f0,,,,,False,,,,,,,,,,False,False
/a/0/1/2,/a/0/1/2!/member_00698,0,/a/0/1/2,141,698,,230552,230556,222780,222784,4,df3f619804a92fdb4057192dc43dd748ea778adc52bc498ce80524c014b81119,00000000,,,,,False,,,,,,,,,,False,False
/a/0/1/2,/a/0/1/2!/member_00699,0,/a/0/1/2,141,699,,230556,230564,222784,222792,8,f9751fd4483ce0da0890396ccad4b633f87dd89e9fa14bd5c7c1339314acc44c,0304000000000000,,,,,False,,,,,,,,,,False,False
/a/0/1/2,/a/0/1/2!/member_00700,0,/a/0/1/2,141,700,,230564,230568,222792,222796,4,df3f619804a92fdb4057192dc43dd748ea778adc52bc498ce80524c014b81119,00000000,,,,,False,,,,,,,,,,False,False
/a/0/1/2,/a/0/1/2!/member_00701,0,/a/0/1/2,141,701,,230568,230596,222796,222824,28,ef4cd9d9d65dfa2b343dcba82e9eab0a64185df910434c9eaf4d2f6eb61ad6eb,030e0000000101000000000c41000010,,,,,False,,,,,,,,,,False,False
/a/0/1/2,/a/0/1/2!/member_00702,0,/a/0/1/2,141,702,,230596,230600,222824,222828,4,df3f619804a92fdb4057192dc43dd748ea778adc52bc498ce80524c014b81119,00000000,,,,,False,,,,,,,,,,False,False
/a/0/1/2,/a/0/1/2!/member_00703,0,/a/0/1/2,141,703,,230600,230616,222828,222844,16,bf33b3101c20761cce4bce4c70bc7eb7dd11f4c685bdb05317d04a7c6f50fa0c,01010000000034410400060000000000,,,,,False,,,,,,,,,,False,False
/a/0/1/2,/a/0/1/2!/member_00704,0,/a/0/1/2,141,704,,230616,230620,222844,222848,4,df3f619804a92fdb4057192dc43dd748ea778adc52bc498ce80524c014b81119,00000000,,,,,False,,,,,,,,,,False,False
/a/0/1/2,/a/0/1/2!/member_00705,0,/a/0/1/2,141,705,,230620,230628,222848,222856,8,db4a817e8f7bbf5a862d1ed461fc3b5e006753237cfd268fed6a16764761c033,0202000000000000,,,,,False,,,,,,,,,,False,False
/a/0/1/2,/a/0/1/2!/member_00706,0,/a/0/1/2,141,706,,230628,230632,222856,222860,4,df3f619804a92fdb4057192dc43dd748ea778adc52bc498ce80524c014b81119,00000000,,,,,False,,,,,,,,,,False,False
/a/0/1/2,/a/0/1/2!/member_00707,0,/a/0/1/2,141,707,,230632,230636,222860,222864,4,df3f619804a92fdb4057192dc43dd748ea778adc52bc498ce80524c014b81119,00000000,,,,,False,,,,,,,,,,False,False
/a/0/1/2,/a/0/1/2!/member_00708,0,/a/0/1/2,141,708,,230636,230664,222864,222892,28,b7def59c6dcc16833654342364019f045467ec494b2d7287de01f29116205aa4,03282300000101000000003341020035,,,,,False,,,,,,,,,,False,False
/a/0/1/2,/a/0/1/2!/member_00709,0,/a/0/1/2,141,709,,230664,230692,222892,222920,28,b4490651facbf3cee5f6e27af25d8e2bd82c959ab649df562e489befd4edd4ba,010600000004f52300000017410000f0,,,,,False,,,,,,,,,,False,False
/a/0/1/2,/a/0/1/2!/member_00710,0,/a/0/1/2,141,710,,230692,230696,222920,222924,4,df3f619804a92fdb4057192dc43dd748ea778adc52bc498ce80524c014b81119,00000000,,,,,False,,,,,,,,,,False,False
/a/0/1/2,/a/0/1/2!/member_00711,0,/a/0/1/2,141,711,,230696,230708,222924,222936,12,2ca78fa18a03df21ae8be7425f1eca24514d8b085110b0f17fd4e819df463a7b,040300000002010000000000,,,,,False,,,,,,,,,,False,False
/a/0/1/2,/a/0/1/2!/member_00712,0,/a/0/1/2,141,712,,230708,230712,222936,222940,4,df3f619804a92fdb4057192dc43dd748ea778adc52bc498ce80524c014b81119,00000000,,,,,False,,,,,,,,,,False,False
/a/0/1/2,/a/0/1/2!/member_00713,0,/a/0/1/2,141,713,,230712,230716,222940,222944,4,df3f619804a92fdb4057192dc43dd748ea778adc52bc498ce80524c014b81119,00000000,,,,,False,,,,,,,,,,False,False
/a/0/1/2,/a/0/1/2!/member_00714,0,/a/0/1/2,141,714,,230716,230736,222944,222964,20,6c524dd57d63218dc9f7b40913449fd5e30b7d23005e21cdda56d5baea8f4a70,02060000000101000000007b40010008,,,,,False,,,,,,,,,,False,False
/a/0/1/2,/a/0/1/2!/member_00715,0,/a/0/1/2,141,715,,230736,230744,222964,222972,8,035ea31cde9b95c28a68cf2cc6d9b8d7f2d88802448304765460242fe729e294,02d8270000000000,,,,,False,,,,,,,,,,False,False
/a/0/1/2,/a/0/1/2!/member_00716,0,/a/0/1/2,141,716,,230744,230752,222972,222980,8,db4a817e8f7bbf5a862d1ed461fc3b5e006753237cfd268fed6a16764761c033,0202000000000000,,,,,False,,,,,,,,,,False,False
/a/0/1/2,/a/0/1/2!/member_00717,0,/a/0/1/2,141,717,,230752,230780,222980,223008,28,b7def59c6dcc16833654342364019f045467ec494b2d7287de01f29116205aa4,03282300000101000000003341020035,,,,,False,,,,,,,,,,False,False
/a/0/1/2,/a/0/1/2!/member_00718,0,/a/0/1/2,141,718,,230780,230808,223008,223036,28,b4490651facbf3cee5f6e27af25d8e2bd82c959ab649df562e489befd4edd4ba,010600000004f52300000017410000f0,,,,,False,,,,,,,,,,False,False
/a/0/1/2,/a/0/1/2!/member_00719,0,/a/0/1/2,141,719,,230808,230812,223036,223040,4,df3f619804a92fdb4057192dc43dd748ea778adc52bc498ce80524c014b81119,00000000,,,,,False,,,,,,,,,,False,False
/a/0/1/2,/a/0/1/2!/member_00720,0,/a/0/1/2,141,720,,230812,230816,223040,223044,4,df3f619804a92fdb4057192dc43dd748ea778adc52bc498ce80524c014b81119,00000000,,,,,False,,,,,,,,,,False,False
/a/0/1/2,/a/0/1/2!/member_00721,0,/a/0/1/2,141,721,,230816,230820,223044,223048,4,df3f619804a92fdb4057192dc43dd748ea778adc52bc498ce80524c014b81119,00000000,,,,,False,,,,,,,,,,False,False
/a/0/1/2,/a/0/1/2!/member_00722,0,/a/0/1/2,141,722,,230820,230828,223048,223056,8,db4a817e8f7bbf5a862d1ed461fc3b5e006753237cfd268fed6a16764761c033,0202000000000000,,,,,False,,,,,,,,,,False,False
/a/0/1/2,/a/0/1/2!/member_00723,0,/a/0/1/2,141,723,,230828,230856,223056,223084,28,b7def59c6dcc16833654342364019f045467ec494b2d7287de01f29116205aa4,03282300000101000000003341020035,,,,,False,,,,,,,,,,False,False
/a/0/1/2,/a/0/1/2!/member_00724,0,/a/0/1/2,141,724,,230856,230884,223084,223112,28,b4490651facbf3cee5f6e27af25d8e2bd82c959ab649df562e489befd4edd4ba,010600000004f52300000017410000f0,,,,,False,,,,,,,,,,False,False
/a/0/1/2,/a/0/1/2!/member_00725,0,/a/0/1/2,141,725,,230884,230888,223112,223116,4,df3f619804a92fdb4057192dc43dd748ea778adc52bc498ce80524c014b81119,00000000,,,,,False,,,,,,,,,,False,False
/a/0/1/2,/a/0/1/2!/member_00726,0,/a/0/1/2,141,726,,230888,230904,223116,223132,16,5771b780e60aac11ff3a3d6339a2f3a6817bbadd6ea96abd9501d712600d3afa,02010000000402000000030300000000,,,,,False,,,,,,,,,,False,False
/a/0/1/2,/a/0/1/2!/member_00727,0,/a/0/1/2,141,727,,230904,230908,223132,223136,4,df3f619804a92fdb4057192dc43dd748ea778adc52bc498ce80524c014b81119,00000000,,,,,False,,,,,,,,,,False,False
/a/0/1/2,/a/0/1/2!/member_00728,0,/a/0/1/2,141,728,,230908,230912,223136,223140,4,df3f619804a92fdb4057192dc43dd748ea778adc52bc498ce80524c014b81119,00000000,,,,,False,,,,,,,,,,False,False
/a/0/1/2,/a/0/1/2!/member_00729,0,/a/0/1/2,141,729,,230912,230916,223140,223144,4,df3f619804a92fdb4057192dc43dd748ea778adc52bc498ce80524c014b81119,00000000,,,,,False,,,,,,,,,,False,False
/a/0/1/2,/a/0/1/2!/member_00730,0,/a/0/1/2,141,730,,230916,230924,223144,223152,8,db4a817e8f7bbf5a862d1ed461fc3b5e006753237cfd268fed6a16764761c033,0202000000000000,,,,,False,,,,,,,,,,False,False
/a/0/1/2,/a/0/1/2!/member_00731,0,/a/0/1/2,141,731,,230924,230932,223152,223160,8,fb59317b8103f19f3850f0be3fe62db1aa481a9a7b31c590e6d243e98eacd375,0201000000000000,,,,,False,,,,,,,,,,False,False
/a/0/1/2,/a/0/1/2!/member_00732,0,/a/0/1/2,141,732,,230932,230940,223160,223168,8,04eb4ce13897eadb36ef5390d7e11cb3d2d3f53095502b8998fea446f75c62af,0302000000000000,,,,,False,,,,,,,,,,False,False
/a/0/1/2,/a/0/1/2!/member_00733,0,/a/0/1/2,141,733,,230940,230944,223168,223172,4,df3f619804a92fdb4057192dc43dd748ea778adc52bc498ce80524c014b81119,00000000,,,,,False,,,,,,,,,,False,False
/a/0/1/2,/a/0/1/2!/member_00734,0,/a/0/1/2,141,734,,230944,230948,223172,223176,4,35968ba8adf945208e64045a6240384f19ccda960c7f3a2bbc9aeeac87068413,13fd0000,,,,,False,,,,,,,,,,False,False
/a/0/1/2,/a/0/1/2!/member_00735,0,/a/0/1/2,141,735,,230948,231644,223176,223872,696,30fc3b0cfe851781bd2d58c6bf74a3b581b44f6be772c9883250ed566ee2ea7f,38020000470200005602000069020000,,,,,False,,,,,,,,,,False,False
/a/0/1/2,/a/0/1/2!/member_00736,0,/a/0/1/2,141,736,,231644,231692,223872,223920,48,be14f9498778ad1670cdffad430cb2093cfa674a92b429761a94ea8bb7cb0072,060000001500000013fd4900dc056000,,,,,False,,,,,,,,,,False,False
/a/0/1/2,/a/0/1/2!/member_00737,0,/a/0/1/2,141,737,,231692,231736,223920,223964,44,743fb30e1bd83a2d1c4741338ce54802e0cb80540443f5a03a9dfffc62d988ec,060000001300000013fd4900dc056000,,,,,False,,,,,,,,,,False,False
/a/0/1/2,/a/0/1/2!/member_00738,0,/a/0/1/2,141,738,,231736,232180,223964,224408,444,de7fbd3366d3b37719694b4c19c706180bdd41ab8f927ddcf5cd339f0f879da5,0200000013fd4900dc0560006800ea01,,,,,False,,,,,,,,,,False,False
/a/0/1/2,/a/0/1/2!/member_00739,0,/a/0/1/2,141,739,,232180,232224,224408,224452,44,743fb30e1bd83a2d1c4741338ce54802e0cb80540443f5a03a9dfffc62d988ec,060000001300000013fd4900dc056000,,,,,False,,,,,,,,,,False,False
/a/0/1/2,/a/0/1/2!/member_00740,0,/a/0/1/2,141,740,,232224,234740,224452,226968,2516,06a28a69fc35db60a09fd67614ced099409216fbd5daa20059565d7c1ae44bb7,000100008805000097050000a9050000,,,,,False,,,,,,,,,,False,False
/a/0/1/2,/a/0/1/2!/member_00741,0,/a/0/1/2,141,741,,234740,235636,226968,227864,896,c6338cb914c82288a1baf8a51ebcb1c6ec03a67564d7dc8f21b486bd866a79cc,aa000000da000000fc00000004030000,,,,,False,,,,,,,,,,False,False
/a/0/1/2,/a/0/1/2!/member_00742,0,/a/0/1/2,141,742,,235636,235748,227864,227976,112,8afa0a46123afb9f2d5c9e89a3077f5f9b5fac8b54ca92c37f7c75fd06f0d75b,0e000000260000003e0000004d000000,,,,,False,,,,,,,,,,False,False
/a/0/1/2,/a/0/1/2!/member_00743,0,/a/0/1/2,141,743,,235748,236952,227976,229180,1204,0a56be3103c406ef326ef5f6d39eee503016ee2180bd5bbf7d0b7792e06983de,67000000450100000a00000081010000,,,,,False,,,,,,,,,,False,False
/a/0/1/2,/a/0/1/2!/member_00744,0,/a/0/1/2,141,744,,236952,237064,229180,229292,112,7c34adae28f230d355c0260c918e35ac2721f5330236fb56d62e9952f3bec22f,0e000000160000003b0000004a000000,,,,,False,,,,,,,,,,False,False
/a/0/1/2,/a/0/1/2!/member_00745,0,/a/0/1/2,141,745,,237064,237072,229292,229300,8,1c41889b5ca0b389bff2b87b597a76386e51e014486e52a57b44cf72e8bf3470,0200000013fd0200,,,,,False,,,,,,,,,,False,False
/a/0/1/2,/a/0/1/2!/member_00746,0,/a/0/1/2,141,746,,237072,237184,229300,229412,112,eac4e389ab07a37c1b11b2c2d1088a03bedec19bef6da5cd670ddb1635bb032a,0e0000001d0000002c00000043000000,,,,,False,,,,,,,,,,False,False
/a/0/1/2,/a/0/1/2!/member_00747,0,/a/0/1/2,141,747,,237184,237368,229412,229596,184,178fb206987a8841b0a0baa577928f3a7d3d03ad97b5c54356562cfd2b208ef9,1e0000002d0000003c0000004b000000,,,,,False,,,,,,,,,,False,False
/a/0/1/2,/a/0/1/2!/member_00748,0,/a/0/1/2,141,748,,237368,237764,229596,229992,396,d2b45055c43871351f4aed54fec7b15dcdf912b4bb9038117d2b62548ff63532,7c000000200100000600000070000000,,,,,False,,,,,,,,,,False,False
/a/0/1/2,/a/0/1/2!/member_00749,0,/a/0/1/2,141,749,,237764,237792,229992,230020,28,e4762e14d5e779fdeed58a89389101e344c21f22600acdae984425dd468aba0d,0200000013fd4900dc05600068002d00,,,,,False,,,,,,,,,,False,False
/a/0/1/2,/a/0/1/2!/member_00750,0,/a/0/1/2,141,750,,237792,239432,230020,231660,1640,5f60cad29b54bec9e50e37f01f74c8f6fefc439c6d1ebb4098dba3773f1e3856,770000008802000097020000a6020000,,,,,False,,,,,,,,,,False,False
/a/0/1/2,/a/0/1/2!/member_00751,0,/a/0/1/2,141,751,,239432,239544,231660,231772,112,583a89397d2db776ab85c60c01bec09f2dcee54fa3f6d2790aa89ccef2916d34,0e000000260000003e0000004d000000,,,,,False,,,,,,,,,,False,False
/a/0/1/2,/a/0/1/2!/member_00752,0,/a/0/1/2,141,752,,239544,240092,231772,232320,548,f3a53e3fa1a485eda75e3f5bebaabe1b7e8a0ed4e9e2ecd48d74403ab606253f,fd000000b6010000e301000002000000,,,,,False,,,,,,,,,,False,False
/a/0/1/2,/a/0/1/2!/member_00753,0,/a/0/1/2,141,753,,240092,240372,232320,232600,280,40cacf018ba8312942e0e08559dd7b7d0c8aa53910ded2ca48adf2108cef41d3,120000001a000000c8000000d7000000,,,,,False,,,,,,,,,,False,False
/a/0/1/2,/a/0/1/2!/member_00754,0,/a/0/1/2,141,754,,240372,240380,232600,232608,8,1c41889b5ca0b389bff2b87b597a76386e51e014486e52a57b44cf72e8bf3470,0200000013fd0200,,,,,False,,,,,,,,,,False,False
/a/0/1/2,/a/0/1/2!/member_00755,0,/a/0/1/2,141,755,,240380,243136,232608,235364,2756,513982513eb01479465917f15cb0154d4fbedb86efb5460b572805ca1dff262e,4301000052010000f4090000030a0000,,,,,False,,,,,,,,,,False,False
/a/0/1/2,/a/0/1/2!/member_00756,0,/a/0/1/2,141,756,,243136,243188,235364,235416,52,4bbb6c66f4bcd013764b977263cf1ae74b740f8a76dfeca7e63329f28d1b83ed,060000001300000013fd4900dc056000,,,,,False,,,,,,,,,,False,False
/a/0/1/2,/a/0/1/2!/member_00757,0,/a/0/1/2,141,757,,243188,243216,235416,235444,28,e4762e14d5e779fdeed58a89389101e344c21f22600acdae984425dd468aba0d,0200000013fd4900dc05600068002d00,,,,,False,,,,,,,,,,False,False
/a/0/1/2,/a/0/1/2!/member_00758,0,/a/0/1/2,141,758,,243216,244120,235444,236348,904,4084b77a3910599e04c19b6f9ba523b2bc69dacc2485825cf88059c8bad705d4,7100000096000000a5000000b4000000,,,,,False,,,,,,,,,,False,False
/a/0/1/2,/a/0/1/2!/member_00759,0,/a/0/1/2,141,759,,244120,244232,236348,236460,112,31abaa94ad0cceaecc8b467e695b1d94485fbc7bac64d0cdd483eabd5c3ff8d3,0e000000260000003e0000004d000000,,,,,False,,,,,,,,,,False,False
/a/0/1/2,/a/0/1/2!/member_00760,0,/a/0/1/2,141,760,,244232,245304,236460,237532,1072,cc03d54ce7aa96177e6d99c1b1c3f4199326d51e70d499fb0bc68188f2b857ff,82020000f603000064030000a6030000,,,,,False,,,,,,,,,,False,False
/a/0/1/2,/a/0/1/2!/member_00761,0,/a/0/1/2,141,761,,245304,245368,237532,237596,64,0161279584abd69c59e2bfadaa8b20375a3f85eb313a7298268441c8024267da,0a000000120000002100000013fd2900,,,,,False,,,,,,,,,,False,False
/a/0/1/2,/a/0/1/2!/member_00762,0,/a/0/1/2,141,762,,245368,245376,237596,237604,8,1c41889b5ca0b389bff2b87b597a76386e51e014486e52a57b44cf72e8bf3470,0200000013fd0200,,,,,False,,,,,,,,,,False,False
/a/0/1/2,/a/0/1/2!/member_00763,0,/a/0/1/2,141,763,,245376,245404,237604,237632,28,e4762e14d5e779fdeed58a89389101e344c21f22600acdae984425dd468aba0d,0200000013fd4900dc05600068002d00,,,,,False,,,,,,,,,,False,False
/a/0/1/2,/a/0/1/2!/member_00764,0,/a/0/1/2,141,764,,245404,245484,237632,237712,80,67ed4f4564a958b4f56ea1fd987f5494903bcb1c4cd4c47b1d0da462c405c2c5,0a000000190000002800000013fd4900,,,,,False,,,,,,,,,,False,False
/a/0/1/2,/a/0/1/2!/member_00765,0,/a/0/1/2,141,765,,245484,245596,237712,237824,112,4648a6e8cc905e7a786f5e2bbcca201fa92ea4fcc72b1a84a193ab8d3a5c5e8b,0e0000001d0000002c00000043000000,,,,,False,,,,,,,,,,False,False
/a/0/1/2,/a/0/1/2!/member_00766,0,/a/0/1/2,141,766,,245596,245624,237824,237852,28,e4762e14d5e779fdeed58a89389101e344c21f22600acdae984425dd468aba0d,0200000013fd4900dc05600068002d00,,,,,False,,,,,,,,,,False,False
/a/0/1/2,/a/0/1/2!/member_00767,0,/a/0/1/2,141,767,,245624,245820,237852,238048,196,169054eb6cff7a87d51d3781d6685b4fc4d4a7840b9e85b48e69888512ab994a,1e0000002d0000003c0000004b000000,,,,,False,,,,,,,,,,False,False
/a/0/1/2,/a/0/1/2!/member_00768,0,/a/0/1/2,141,768,,245820,245932,238048,238160,112,817ee18899b356f6b6b086896e8fcc01efce49c4ad95e2d4836806b83b90180f,0e000000260000003e0000004d000000,,,,,False,,,,,,,,,,False,False
/a/0/1/2,/a/0/1/2!/member_00769,0,/a/0/1/2,141,769,,245932,246020,238160,238248,88,2e85973a9e263a15dcacb5f26c88f30469d6cd9f79030671975d7f42ca17adac,0e000000160000002500000034000000,,,,,False,,,,,,,,,,False,False
/a/0/1/2,/a/0/1/2!/member_00770,0,/a/0/1/2,141,770,,246020,246028,238248,238256,8,1c41889b5ca0b389bff2b87b597a76386e51e014486e52a57b44cf72e8bf3470,0200000013fd0200,,,,,False,,,,,,,,,,False,False
/a/0/1/2,/a/0/1/2!/member_00771,0,/a/0/1/2,141,771,,246028,246172,238256,238400,144,287c46b38f27c875bd2b78e9d9962fd0fbbd19f1c82f6a3b27fcd7f0409ae721,12000000210000003000000047000000,,,,,False,,,,,,,,,,False,False
/a/0/1/2,/a/0/1/2!/member_00772,0,/a/0/1/2,141,772,,246172,246200,238400,238428,28,e4762e14d5e779fdeed58a89389101e344c21f22600acdae984425dd468aba0d,0200000013fd4900dc05600068002d00,,,,,False,,,,,,,,,,False,False
/a/0/1/2,/a/0/1/2!/member_00773,0,/a/0/1/2,141,773,,246200,246504,238428,238732,304,c24e7df3f2dfb32021019e581445bed422c211221516d418a34fa502b90e4056,0200000013fd4900dc05600068002d00,,,,,False,,,,,,,,,,False,False
/a/0/1/2,/a/0/1/2!/member_00774,0,/a/0/1/2,141,774,,246504,246600,238732,238828,96,9d91181b2f30c3d9c383b7a0cb7354e58b8699576f97a27c04117867d5f30f99,0e0000001d0000002c0000003b000000,,,,,False,,,,,,,,,,False,False
/a/0/1/2,/a/0/1/2!/member_00775,0,/a/0/1/2,141,775,,246600,246848,238828,239076,248,e2a3409d5ee54819d0264ce7bbf8c2663c4ab716cf5d73ead88e36374fdf8356,99000000a8000000b70000000e000000,,,,,False,,,,,,,,,,False,False
/a/0/1/2,/a/0/1/2!/member_00776,0,/a/0/1/2,141,776,,246848,249128,239076,241356,2280,c2beeb2590de85dbd6ede855251a553f4cd93c8b9f65f281316b2418f02c7079,9c010000b8060000c7060000d6060000,,,,,False,,,,,,,,,,False,False
/a/0/1/2,/a/0/1/2!/member_00777,0,/a/0/1/2,141,777,,249128,249240,241356,241468,112,586b7597316cac8b4f653d1e84e41fe54b5a09fded5cfa74296f24a7ed238ce4,0e000000260000003e0000004d000000,,,,,False,,,,,,,,,,False,False
/a/0/1/2,/a/0/1/2!/member_00778,0,/a/0/1/2,141,778,,249240,250336,241468,242564,1096,f1b7b2beab98ad9e1c71c66481e169ba3d3d78ed6cbdd7251fe74dfeb823623d,730100007c010000850100008e010000,,,,,False,,,,,,,,,,False,False
/a/0/1/2,/a/0/1/2!/member_00779,0,/a/0/1/2,141,779,,250336,250448,242564,242676,112,09fd277e716a655a99b8671b4d7993572ef2ba4f4b694bb3271e5b417e17dc2a,0e000000160000003b0000004a000000,,,,,False,,,,,,,,,,False,False
/a/0/1/2,/a/0/1/2!/member_00780,0,/a/0/1/2,141,780,,250448,250456,242676,242684,8,1c41889b5ca0b389bff2b87b597a76386e51e014486e52a57b44cf72e8bf3470,0200000013fd0200,,,,,False,,,,,,,,,,False,False
/a/0/1/2,/a/0/1/2!/member_00781,0,/a/0/1/2,141,781,,250456,250504,242684,242732,48,0cd8407e24ffbbb9915bdb912a70a7c545d61231491d51beae46ab6c36b0ae5c,060000001500000013fd4900dc056000,,,,,False,,,,,,,,,,False,False
/a/0/1/2,/a/0/1/2!/member_00782,0,/a/0/1/2,141,782,,250504,250952,242732,243180,448,a82c23a56173f6491f6d77216553817e01470c8f2a2a2186304fae3964b63b8e,1e000000a1000000b00000003c010000,,,,,False,,,,,,,,,,False,False
/a/0/1/2,/a/0/1/2!/member_00783,0,/a/0/1/2,141,783,,250952,251000,243180,243228,48,0cd8407e24ffbbb9915bdb912a70a7c545d61231491d51beae46ab6c36b0ae5c,060000001500000013fd4900dc056000,,,,,False,,,,,,,,,,False,False
/a/0/1/2,/a/0/1/2!/member_00784,0,/a/0/1/2,141,784,,251000,251028,243228,243256,28,e4762e14d5e779fdeed58a89389101e344c21f22600acdae984425dd468aba0d,0200000013fd4900dc05600068002d00,,,,,False,,,,,,,,,,False,False
/a/0/1/2,/a/0/1/2!/member_00785,0,/a/0/1/2,141,785,,251028,252768,243256,244996,1740,1fc4be7c3bd65a6e45ec58bf15d7414a8e5ce5808b65e176d70f65990fbcaca3,9e010000ad010000c4010000d3010000,,,,,False,,,,,,,,,,False,False
/a/0/1/2,/a/0/1/2!/member_00786,0,/a/0/1/2,141,786,,252768,253280,244996,245508,512,4aca14733d1d4ab49ca8e32c6b4ee7707cfeeb935f8879a38982b3bcdbaac6fc,09010000c30100000200000013fd8e00,,,,,False,,,,,,,,,,False,False
/a/0/1/2,/a/0/1/2!/member_00787,0,/a/0/1/2,141,787,,253280,253368,245508,245596,88,2e85973a9e263a15dcacb5f26c88f30469d6cd9f79030671975d7f42ca17adac,0e000000160000002500000034000000,,,,,False,,,,,,,,,,False,False
/a/0/1/2,/a/0/1/2!/member_00788,0,/a/0/1/2,141,788,,253368,253376,245596,245604,8,1c41889b5ca0b389bff2b87b597a76386e51e014486e52a57b44cf72e8bf3470,0200000013fd0200,,,,,False,,,,,,,,,,False,False
/a/0/1/2,/a/0/1/2!/member_00789,0,/a/0/1/2,141,789,,253376,253468,245604,245696,92,ad5c8e5f63a01a972fcf96485214a2daa495f6409973c9203d82a58ccf2af7cc,0e0000001d0000002c0000003b000000,,,,,False,,,,,,,,,,False,False
/a/0/1/2,/a/0/1/2!/member_00790,0,/a/0/1/2,141,790,,253468,254592,245696,246820,1124,f7e25fbbfc62c62635d4339cd3f3160516272c78b074c82bb336509873e46d40,5000000068000000200400002f040000,,,,,False,,,,,,,,,,False,False
/a/0/1/2,/a/0/1/2!/member_00791,0,/a/0/1/2,141,791,,254592,254740,246820,246968,148,560ad8db5101322d441e86c1accfbe252879086d76083367eea02b6fe59d9680,160000002e0000003d0000004c000000,,,,,False,,,,,,,,,,False,False
/a/0/1/2,/a/0/1/2!/member_00792,0,/a/0/1/2,141,792,,254740,255468,246968,247696,728,218fd17916104d112d382fe32ef6ea502c209211b1e643cd9d839f85ba4a1acf,8002000098020000a7020000b6020000,,,,,False,,,,,,,,,,False,False
/a/0/1/2,/a/0/1/2!/member_00793,0,/a/0/1/2,141,793,,255468,255624,247696,247852,156,dcbfffd6b6fa3346ad49568e1895614b81f44c158fe015610eaef149eac606df,32000000120000004600000055000000,,,,,False,,,,,,,,,,False,False
/a/0/1/2,/a/0/1/2!/member_00794,0,/a/0/1/2,141,794,,255624,256152,247852,248380,528,2323ecb7f570e402c39b2e8df60da5309f1e3dd06201749cd29dc43bf0e17269,0e0000001d0000002c00000039000000,,,,,False,,,,,,,,,,False,False
/a/0/1/2,/a/0/1/2!/member_00795,0,/a/0/1/2,141,795,,256152,257944,248380,250172,1792,51469957cab33985117af9667ea07eaa4eb25028bcbdc737554e8ef93ddecbe5,0200000013fd4900dc0560006800f100,,,,,False,,,,,,,,,,False,False
/a/0/1/2,/a/0/1/2!/member_00796,0,/a/0/1/2,141,796,,257944,258096,250172,250324,152,78a056e8ed680436afce3987a6299b883ac61d1ef56dc99f9a3948b9a8ed64aa,1e0000002d000000440000005b000000,,,,,False,,,,,,,,,,False,False
/a/0/1/2,/a/0/1/2!/member_00797,0,/a/0/1/2,141,797,,258096,258152,250324,250380,56,910174dc8cd0dba3342368311348841cae45b83967364e0f1637f54c9ccc1d5a,12000000060000001b00000013fd2900,,,,,False,,,,,,,,,,False,False
/a/0/1/2,/a/0/1/2!/member_00798,0,/a/0/1/2,141,798,,258152,259004,250380,251232,852,bdb7c770d1d1f3016e3ac69dcfc460abd9ead081e08cde036fc60f565ebdc976,94010000aa020000b9020000c8020000,,,,,False,,,,,,,,,,False,False
/a/0/1/2,/a/0/1/2!/member_00799,0,/a/0/1/2,141,799,,259004,259044,251232,251272,40,a92fdf3c17bd061ef7fbce705ad8bc9a25c8d39578f27fb34c0c5c94d16bef86,0e0000000200000013fd290025410000,,,,,False,,,,,,,,,,False,False
/a/0/1/2,/a/0/1/2!/member_00800,0,/a/0/1/2,141,800,,259044,259180,251272,251408,136,8d719020ab952f8518f5403e526c22231c1ac601e216184119b05b130cc133c7,0200000013fd4900dc05600068002000,,,,,False,,,,,,,,,,False,False
/a/0/1/2,/a/0/1/2!/member_00801,0,/a/0/1/2,141,801,,259180,260040,251408,252268,860,73cc885cd2c3382b006f0b7bc3c4644829ba861a2cdc7cfbe142bc8e3897cda9,0200000013fd61026000d9020c801100,,,,,False,,,,,,,,,,False,False
/a/0/1/2,/a/0/1/2!/member_00802,0,/a/0/1/2,141,802,,260040,260436,252268,252664,396,6f18a4e1a80e6a26cafe392f352c19292f6d0b16f27b41f9fb89a2e3abfc88bb,0200000013fd61026000d9020c801100,,,,,False,,,,,,,,,,False,False
/a/0/1/2,/a/0/1/2!/member_00803,0,/a/0/1/2,141,803,,260436,262064,252664,254292,1628,8de903bd63443b9c97695c152d2de3408bb84814c14f96659a437f072dbcaeeb,f9030000c0050000cf050000de050000,,,,,False,,,,,,,,,,False,False
/a/0/1/2,/a/0/1/2!/member_00804,0,/a/0/1/2,141,804,,262064,264756,254292,256984,2692,a0f02a6b6ab2d213439043fc06e60053b7f841286e001de4bafef51c2f88a868,5a0a0000690a00000a00000010010000,,,,,False,,,,,,,,,,False,False
/a/0/1/2,/a/0/1/2!/member_00805,0,/a/0/1/2,141,805,,264756,265024,256984,257252,268,3b62675a9d69ad521089902903d7a93bfd4cb291c10576f2f2e3629e269555ee,e40000007f00000096000000ad000000,,,,,False,,,,,,,,,,False,False
/a/0/1/2,/a/0/1/2!/member_00806,0,/a/0/1/2,141,806,,265024,265528,257252,257756,504,536a9bd602f78616f7a909eeebb66b463793c868f657e7eac9555d900c97aa73,0e000000db010000880000001a010000,,,,,False,,,,,,,,,,False,False
/a/0/1/2,/a/0/1/2!/member_00807,0,/a/0/1/2,141,807,,265528,267488,257756,259716,1960,54bdc658f5ef7ca5e0ff75393f36ef0fe08e629c3067d34df840685f38c31866,14070000230700003207000058070000,,,,,False,,,,,,,,,,False,False
/a/0/1/2,/a/0/1/2!/member_00808,0,/a/0/1/2,141,808,,267488,267600,259716,259828,112,3da94d64a8ec8beba193141e3647de258d1ace774ea4957c0351723ed174b2b8,0e000000260000003e0000004d000000,,,,,False,,,,,,,,,,False,False
/a/0/1/2,/a/0/1/2!/member_00809,0,/a/0/1/2,141,809,,267600,269652,259828,261880,2052,247054a09e4081693efa0bf994ad4ecb1e7a3af1dda7be2c945757347cc8f53c,22000000cc0600009207000068010000,,,,,False,,,,,,,,,,False,False
/a/0/1/2,/a/0/1/2!/member_00810,0,/a/0/1/2,141,810,,269652,269916,261880,262144,264,fe52f66fac818b32cea4cd8a014a8e712bf6e3b44311ab4bbf887cd34809661f,0e000000160000002500000034000000,,,,,False,,,,,,,,,,False,False
/a/0/1/2,/a/0/1/2!/member_00811,0,/a/0/1/2,141,811,,269916,269924,262144,262152,8,1c41889b5ca0b389bff2b87b597a76386e51e014486e52a57b44cf72e8bf3470,0200000013fd0200,,,,,False,,,,,,,,,,False,False
/a/0/1/2,/a/0/1/2!/member_00812,0,/a/0/1/2,141,812,,269924,272280,262152,264508,2356,6988e80af572cf319b58b3b83e1ca988e9ec50b9235982155f70ffad41d73f6e,26000000c40200009c02000073000000,,,,,False,,,,,,,,,,False,False
/a/0/1/2,/a/0/1/2!/member_00813,0,/a/0/1/2,141,813,,272280,272328,264508,264556,48,0cd8407e24ffbbb9915bdb912a70a7c545d61231491d51beae46ab6c36b0ae5c,060000001500000013fd4900dc056000,,,,,False,,,,,,,,,,False,False
/a/0/1/2,/a/0/1/2!/member_00814,0,/a/0/1/2,141,814,,272328,272448,264556,264676,120,d2c5b67009ce464a154fc090c251db1c6e22cbbfbb6f1fa08c2a01e0cc7f0648,0e0000001d000000340000004b000000,,,,,False,,,,,,,,,,False,False
/a/0/1/2,/a/0/1/2!/member_00815,0,/a/0/1/2,141,815,,272448,273676,264676,265904,1228,d769b5ab8151cf8fed7ba03b18504d1a77210245debc75fa9e3d5e77ab20cfc6,0401000098040000a904000006000000,,,,,False,,,,,,,,,,False,False
/a/0/1/2,/a/0/1/2!/member_00816,0,/a/0/1/2,141,816,,273676,273740,265904,265968,64,0161279584abd69c59e2bfadaa8b20375a3f85eb313a7298268441c8024267da,0a000000120000002100000013fd2900,,,,,False,,,,,,,,,,False,False
/a/0/1/2,/a/0/1/2!/member_00817,0,/a/0/1/2,141,817,,273740,273748,265968,265976,8,1c41889b5ca0b389bff2b87b597a76386e51e014486e52a57b44cf72e8bf3470,0200000013fd0200,,,,,False,,,,,,,,,,False,False
/a/0/1/2,/a/0/1/2!/member_00818,0,/a/0/1/2,141,818,,273748,273776,265976,266004,28,6f48263158883240c8d68d1b0fb1bd5ba8f36810014ec3dc59fcbd06f26bed35,0200000013fd38000200003900033a00,,,,,False,,,,,,,,,,False,False
/a/0/1/2,/a/0/1/2!/member_00819,0,/a/0/1/2,141,819,,273776,275204,266004,267432,1428,4825a4b7067dcc558f0e7fb06a8045951a8bf78e259f22e1cb9a5c5cd4d5ef48,18020000a6000000b5000000c4000000,,,,,False,,,,,,,,,,False,False
/a/0/1/2,/a/0/1/2!/member_00820,0,/a/0/1/2,141,820,,275204,275432,267432,267660,228,5b9cc37feb16a6cfd230e4e133977305b3bf8e143d341252588d66927f1b988b,21000000600000000200000013fd2000,,,,,False,,,,,,,,,,False,False
/a/0/1/2,/a/0/1/2!/member_00821,0,/a/0/1/2,141,821,,275432,275660,267660,267888,228,152461bc61240543e3a99de48682e724127620a2efa7abab61582f16067521ef,21000000600000000200000013fd2000,,,,,False,,,,,,,,,,False,False
/a/0/1/2,/a/0/1/2!/member_00822,0,/a/0/1/2,141,822,,275660,275892,267888,268120,232,3cbc2acc48997c302bc2f553f51c8bce8e1fa271b580aaccba24a190f8939db6,21000000600000000200000013fd2000,,,,,False,,,,,,,,,,False,False
/a/0/1/2,/a/0/1/2!/member_00823,0,/a/0/1/2,141,823,,275892,276124,268120,268352,232,d1f0d6a8a08db857f77bf3f66cc24af00bad08812b6ddb0443cbabac99701170,21000000600000000200000013fd2000,,,,,False,,,,,,,,,,False,False
/a/0/1/2,/a/0/1/2!/member_00824,0,/a/0/1/2,141,824,,276124,277104,268352,269332,980,a14416fabc90029e5461f248958e8d33f917afba191e29318bb17e9f9dca57d2,58000000060000004400000013fd6102,,,,,False,,,,,,,,,,False,False
/a/0/1/2,/a/0/1/2!/member_00825,0,/a/0/1/2,141,825,,277104,277768,269332,269996,664,22cae56d9f125040e6019e6eac62428d904c9e7d37cfcd0d60a2f69576bcdabf,0c0000000200000013fd510000000200,,,,,False,,,,,,,,,,False,False
/a/0/1/2,/a/0/1/2!/member_00826,0,/a/0/1/2,141,826,,277768,277776,269996,270004,8,1c41889b5ca0b389bff2b87b597a76386e51e014486e52a57b44cf72e8bf3470,0200000013fd0200,,,,,False,,,,,,,,,,False,False
/a/0/1/2,/a/0/1/2!/member_00827,0,/a/0/1/2,141,827,,277776,279008,270004,271236,1232,e7018ac34a4f8fa4b510f56019bdfb96ea99cf2285ab2aa2b389e8a86b86a8ad,c5030000d403000094030000df030000,,,,,False,,,,,,,,,,False,False
/a/0/1/2,/a/0/1/2!/member_00828,0,/a/0/1/2,141,828,,279008,279120,271236,271348,112,2523f06023f1e388b10a74c3ec035fd7c3fed1a90d312a3699050732a6fed431,0e000000260000003e0000004d000000,,,,,False,,,,,,,,,,False,False
/a/0/1/2,/a/0/1/2!/member_00829,0,/a/0/1/2,141,829,,279120,279700,271348,271928,580,f940aca3e0e28ec9a5511109f7762f7f21a67760be6195eca1b954796c0de769,8b0000005401000081010000af010000,,,,,False,,,,,,,,,,False,False
/a/0/1/2,/a/0/1/2!/member_00830,0,/a/0/1/2,141,830,,279700,279812,271928,272040,112,c39f077e72228291cb2f379ed1012a27f943e365775be1043acd7f226ee9027f,0e00000016000000250000004a000000,,,,,False,,,,,,,,,,False,False
/a/0/1/2,/a/0/1/2!/member_00831,0,/a/0/1/2,141,831,,279812,279820,272040,272048,8,1c41889b5ca0b389bff2b87b597a76386e51e014486e52a57b44cf72e8bf3470,0200000013fd0200,,,,,False,,,,,,,,,,False,False
/a/0/1/2,/a/0/1/2!/member_00832,0,/a/0/1/2,141,832,,279820,282096,272048,274324,2276,105723846a3517b8a6553f895771f9a4a283f54c7867016d5f9c2127f337594d,90080000b5080000c408000042000000,,,,,False,,,,,,,,,,False,False
/a/0/1/2,/a/0/1/2!/member_00833,0,/a/0/1/2,141,833,,282096,282188,274324,274416,92,597a708585db7d27648ebc49b3d463ccfb158f1a8d821e8cacac24f84132b7b2,0200000013fd4900dc05600068002000,,,,,False,,,,,,,,,,False,False
/a/0/1/2,/a/0/1/2!/member_00834,0,/a/0/1/2,141,834,,282188,282908,274416,275136,720,8d643259c0d71be7bb474b22f70671b5f45b586efa5271fef70aba19b939c4b6,97000000680200008d0200009c020000,,,,,False,,,,,,,,,,False,False
/a/0/1/2,/a/0/1/2!/member_00835,0,/a/0/1/2,141,835,,282908,283080,275136,275308,172,e0cdcdc7265afcde759810b17493350b5619e001ffd286f902e4e99b2e6677c8,0200000013fd610260005e00ff007600,,,,,False,,,,,,,,,,False,False
/a/0/1/2,/a/0/1/2!/member_00836,0,/a/0/1/2,141,836,,283080,283152,275308,275380,72,47e55db06ad10dc7e4d5396bba091856e5fa0737401c63a5e20d0d524f5a172a,0200000013fd610260005e00ff002600,,,,,False,,,,,,,,,,False,False
/a/0/1/2,/a/0/1/2!/member_00837,0,/a/0/1/2,141,837,,283152,284500,275380,276728,1348,a1e6e7805079838ad1a35be5bf0f42259c89b4a8d2ef55c4648a35e4970cc978,04010000130100000e00000020050000,,,,,False,,,,,,,,,,False,False
/a/0/1/2,/a/0/1/2!/member_00838,0,/a/0/1/2,141,838,,284500,286736,276728,278964,2236,5509281251bc5c7785abe1df93c855a1ac335baf2b157bfb02d0b6b9d5c60559,a40800009b000000ab000000bb000000,,,,,False,,,,,,,,,,False,False
/a/0/1/2,/a/0/1/2!/member_00839,0,/a/0/1/2,141,839,,286736,287336,278964,279564,600,e19a2c56ccd5ba90b071d003856f14191f63f9209b8522305210109d459156e0,0200000013fd61026000110200406201,,,,,False,,,,,,,,,,False,False
/a/0/1/2,/a/0/1/2!/member_00840,0,/a/0/1/2,141,840,,287336,287440,279564,279668,104,c64c8cf8231734e4ac4e8d40aa59f88ea403580b66098591146399283997166b,0a000000190000003e00000013fd4900,,,,,False,,,,,,,,,,False,False
/a/0/1/2,/a/0/1/2!/member_00841,0,/a/0/1/2,141,841,,287440,288536,279668,280764,1096,254f772d686ff45e62151e32823818e95b57ae5a51e6300988aa48a0e1c728e3,58000000d8030000e703000010030000,,,,,False,,,,,,,,,,False,False
/a/0/1/2,/a/0/1/2!/member_00842,0,/a/0/1/2,141,842,,288536,294500,280764,286728,5964,37e34e36e5d5170c2c941683938614515e1b3153d8f97b99637bd29910e87407,ca000000d802000043030000700d0000,,,,,False,,,,,,,,,,False,False
/a/0/1/2,/a/0/1/2!/member_00843,0,/a/0/1/2,141,843,,294500,298940,286728,291168,4440,25656a22ecf3f9127ed218eb62f6e0b3e030249cb42b1e7ee95a90b965f66733,980300007f0700008808000054060000,,,,,False,,,,,,,,,,False,False
/a/0/1/2,/a/0/1/2!/member_00844,0,/a/0/1/2,141,844,,298940,298992,291168,291220,52,6b0e478de463c354016631bae10663a9c9e10ea6957c3c66193a5081f0dd7155,060000001900000013fd4900dc056000,,,,,False,,,,,,,,,,False,False
/a/0/1/2,/a/0/1/2!/member_00845,0,/a/0/1/2,141,845,,298992,300160,291220,292388,1168,d4b62648c1a4d2a91ce5fa9a6ca9ce970d68acfbd6b940bee282c45618c4c275,1a0000001e0100003d0400004a040000,,,,,False,,,,,,,,,,False,False
/a/0/1/2,/a/0/1/2!/member_00846,0,/a/0/1/2,141,846,,300160,300264,292388,292492,104,59f89d5dbbb08e32934748e6e64d31b1c60ecf040070bdd4822293d0a44921f9,060000004e00000013fd610260004900,,,,,False,,,,,,,,,,False,False
/a/0/1/2,/a/0/1/2!/member_00847,0,/a/0/1/2,141,847,,300264,300292,292492,292520,28,e4762e14d5e779fdeed58a89389101e344c21f22600acdae984425dd468aba0d,0200000013fd4900dc05600068002d00,,,,,False,,,,,,,,,,False,False
/a/0/1/2,/a/0/1/2!/member_00848,0,/a/0/1/2,141,848,,300292,300376,292520,292604,84,a294d3d725018d00eea3844ee1c0f6dcd9b6ebf245326f95b028a201a9bc5689,0200000013fd4900dc05600068002000,,,,,False,,,,,,,,,,False,False
/a/0/1/2,/a/0/1/2!/member_00849,0,/a/0/1/2,141,849,,300376,300856,292604,293084,480,58075a4f4f66491dc2d9c9a27adf1d2782a538c8179a940ed383a8bf7e55df96,23000000990100000a000000ac010000,,,,,False,,,,,,,,,,False,False
/a/0/1/2,/a/0/1/2!/member_00850,0,/a/0/1/2,141,850,,300856,303720,293084,295948,2864,44576c2c82f81cfe5df4bea66e3a4ecb9972afef85e6441ef2fae6538c6394c6,850000008300000084050000a4060000,,,,,False,,,,,,,,,,False,False
/a/0/1/2,/a/0/1/2!/member_00851,0,/a/0/1/2,141,851,,303720,303856,295948,296084,136,4ef5ccdbedecf6cd2ff5434dfe0762f6416920c39f1ba8c493b01204aa2fe6c6,0e0000006b0000003e0000001e000000,,,,,False,,,,,,,,,,False,False
/a/0/1/2,/a/0/1/2!/member_00852,0,/a/0/1/2,141,852,,303856,304012,296084,296240,156,204e9a8af46683c0a9fb6c829ca2f8b1a11bd28a6c8aeb71bb3735b9921d9162,160000006d0000007c0000003c000000,,,,,False,,,,,,,,,,False,False
/a/0/1/2,/a/0/1/2!/member_00853,0,/a/0/1/2,141,853,,304012,304020,296240,296248,8,1c41889b5ca0b389bff2b87b597a76386e51e014486e52a57b44cf72e8bf3470,0200000013fd0200,,,,,False,,,,,,,,,,False,False
/a/0/1/2,/a/0/1/2!/member_00854,0,/a/0/1/2,141,854,,304020,304076,296248,296304,56,f8bd893ec5f483095b1ea7570b0511b927c4334ec9d59f391122ed92122636fc,0a000000080000001700000013fd0200,,,,,False,,,,,,,,,,False,False
/a/0/1/2,/a/0/1/2!/member_00855,0,/a/0/1/2,141,855,,304076,304108,296304,296336,32,23c2d186134d1e6f8465b3fab5746652e9c647258d6432b1c187cca10e719088,060000000400000013fd02004900dc05,,,,,False,,,,,,,,,,False,False
/a/0/1/2,/a/0/1/2!/member_00856,0,/a/0/1/2,141,856,,304108,304164,296336,296392,56,f8bd893ec5f483095b1ea7570b0511b927c4334ec9d59f391122ed92122636fc,0a000000080000001700000013fd0200,,,,,False,,,,,,,,,,False,False
/a/0/1/2,/a/0/1/2!/member_00857,0,/a/0/1/2,141,857,,304164,307408,296392,299636,3244,f0089297064986b7e8511801de587eff0a1bdfb6ffaf6ac4ecbed7c87596de96,3a00000053010000e80b00007c060000,,,,,False,,,,,,,,,,False,False
/a/0/1/2,/a/0/1/2!/member_00858,0,/a/0/1/2,141,858,,307408,307796,299636,300024,388,49a4c69f44e705139b78f982dd136c8d3959ae00df6dd58723dae13494bab455,120000002a000000420000004c010000,,,,,False,,,,,,,,,,False,False
/a/0/1/2,/a/0/1/2!/member_00859,0,/a/0/1/2,141,859,,307796,308312,300024,300540,516,5abff969bd83c4975cf0815c2f5c7c28d581cb2ecae994ca3049123918d41f9e,16000000a500000078010000b8010000,,,,,False,,,,,,,,,,False,False
/a/0/1/2,/a/0/1/2!/member_00860,0,/a/0/1/2,141,860,,308312,309200,300540,301428,888,bed1e5aee9945ce59a8bd8c9e0f147361a93b426cc7130507149803ac2f323b1,16000000360300004503000054030000,,,,,False,,,,,,,,,,False,False
/a/0/1/2,/a/0/1/2!/member_00861,0,/a/0/1/2,141,861,,309200,309208,301428,301436,8,1c41889b5ca0b389bff2b87b597a76386e51e014486e52a57b44cf72e8bf3470,0200000013fd0200,,,,,False,,,,,,,,,,False,False
/a/0/1/2,/a/0/1/2!/member_00862,0,/a/0/1/2,141,862,,309208,310152,301436,302380,944,3fd5ac28edeabbf024d500e314ed496d11776ab885297a1ed9a3f4943bedc77d,1e000000ec010000e1020000ca020000,,,,,False,,,,,,,,,,False,False
/a/0/1/2,/a/0/1/2!/member_00863,0,/a/0/1/2,141,863,,310152,310240,302380,302468,88,a11854218609e98831b2664d62253da09f2ed1ad89c85dedc8c7c3e9634570c5,0e000000270000003600000004000000,,,,,False,,,,,,,,,,False,False
/a/0/1/2,/a/0/1/2!/member_00864,0,/a/0/1/2,141,864,,310240,310460,302468,302688,220,885d21cc69372cf7fc8c0eee6989689024b3292113a7cfa1aa5ffc63f9dd9ba1,0a00000008000000bc00000013fd0200,,,,,False,,,,,,,,,,False,False
/a/0/1/2,/a/0/1/2!/member_00865,0,/a/0/1/2,141,865,,310460,310528,302688,302756,68,17d132117032e3a2b0fbff58ed364bf9da86ead66e6690096ff1af6a35ee4f81,060000002900000013fd4900dc056000,,,,,False,,,,,,,,,,False,False
/a/0/1/2,/a/0/1/2!/member_00866,0,/a/0/1/2,141,866,,310528,311688,302756,303916,1160,5e25955acb7430937c34e8f5f8603209572eb8091a459a5bf48b7bb812d75db1,5d0000006c00000086000000ec020000,,,,,False,,,,,,,,,,False,False
/a/0/1/2,/a/0/1/2!/member_00867,0,/a/0/1/2,141,867,,311688,311800,303916,304028,112,c55bb564b1a99dd3fbeeefaa7c792da422cdef8c214eb19f031f9dee37ccbea2,0e000000260000003e0000004d000000,,,,,False,,,,,,,,,,False,False
/a/0/1/2,/a/0/1/2!/member_00868,0,/a/0/1/2,141,868,,311800,311912,304028,304140,112,3f51ae915b0c232cdccb0d1d7091894a7019b53e1189fbaaf256395fbd4a1a1b,060000003300000013fd4900dc056000,,,,,False,,,,,,,,,,False,False
/a/0/1/2,/a/0/1/2!/member_00869,0,/a/0/1/2,141,869,,311912,312384,304140,304612,472,c127421a60d26f6ac23d311d6851152eeecf91bfc233e94eaa507e889eda653a,8c010000cb0000008601000087010000,,,,,False,,,,,,,,,,False,False
/a/0/1/2,/a/0/1/2!/member_00870,0,/a/0/1/2,141,870,,312384,312472,304612,304700,88,53b9947ff8b87386c1b6d882d7abe0f1b7384c6eb532b3917f133c4af59da694,0e000000160000002500000034000000,,,,,False,,,,,,,,,,False,False
/a/0/1/2,/a/0/1/2!/member_00871,0,/a/0/1/2,141,871,,312472,312480,304700,304708,8,1c41889b5ca0b389bff2b87b597a76386e51e014486e52a57b44cf72e8bf3470,0200000013fd0200,,,,,False,,,,,,,,,,False,False
/a/0/1/2,/a/0/1/2!/member_00872,0,/a/0/1/2,141,872,,312480,312536,304708,304764,56,f8bd893ec5f483095b1ea7570b0511b927c4334ec9d59f391122ed92122636fc,0a000000080000001700000013fd0200,,,,,False,,,,,,,,,,False,False
/a/0/1/2,/a/0/1/2!/member_00873,0,/a/0/1/2,141,873,,312536,312756,304764,304984,220,0e3243a150b696921d2e2e3515da913c2e93ce18b642fcebd27d2a38e48f2066,0a00000045000000b300000013fd4900,,,,,False,,,,,,,,,,False,False
/a/0/1/2,/a/0/1/2!/member_00874,0,/a/0/1/2,141,874,,312756,313780,304984,306008,1024,a642101464263fc8271bad7bf35f4f298bcb3c705a98657481b4da3c067e88a9,1a00000065000000080300006c030000,,,,,False,,,,,,,,,,False,False
/a/0/1/2,/a/0/1/2!/member_00875,0,/a/0/1/2,141,875,,313780,315212,306008,307440,1432,418d64b7903f32fa00612b4531b9462d70dcc92b7394f86b600b7018c354df56,3b02000034010000320100002d020000,,,,,False,,,,,,,,,,False,False
/a/0/1/2,/a/0/1/2!/member_00876,0,/a/0/1/2,141,876,,315212,315220,307440,307448,8,1c41889b5ca0b389bff2b87b597a76386e51e014486e52a57b44cf72e8bf3470,0200000013fd0200,,,,,False,,,,,,,,,,False,False
/a/0/1/2,/a/0/1/2!/member_00877,0,/a/0/1/2,141,877,,315220,315644,307448,307872,424,45abcd49f3a74c23ffde5eb0c33824ddc325a13471c7bae5fd05aaaf4c45c27f,160000000a0000000901000063010000,,,,,False,,,,,,,,,,False,False
/a/0/1/2,/a/0/1/2!/member_00878,0,/a/0/1/2,141,878,,315644,315936,307872,308164,292,667dc87d6ccbda68ccaf61c699dab3426b9e134b32bda40500f28cb9008f593f,0e0000001600000025000000df000000,,,,,False,,,,,,,,,,False,False
/a/0/1/2,/a/0/1/2!/member_00879,0,/a/0/1/2,141,879,,315936,315944,308164,308172,8,1c41889b5ca0b389bff2b87b597a76386e51e014486e52a57b44cf72e8bf3470,0200000013fd0200,,,,,False,,,,,,,,,,False,False
/a/0/1/2,/a/0/1/2!/member_00880,0,/a/0/1/2,141,880,,315944,316396,308172,308624,452,63dcf1d2213aca79272cc7350395d1e08d7d61911098791641056445b0419091,0200000013fd4900dc05600068002000,,,,,False,,,,,,,,,,False,False
/a/0/1/2,/a/0/1/2!/member_00881,0,/a/0/1/2,141,881,,316396,316572,308624,308800,176,10f37ed0b365c01a0a3c6853d0f4f514ea29140fabc3398f8e8514b186f5b598,0200000013fd2000b9001c0001130000,,,,,False,,,,,,,,,,False,False
/a/0/1/2,/a/0/1/2!/member_00882,0,/a/0/1/2,141,882,,316572,316600,308800,308828,28,e4762e14d5e779fdeed58a89389101e344c21f22600acdae984425dd468aba0d,0200000013fd4900dc05600068002d00,,,,,False,,,,,,,,,,False,False
/a/0/1/2,/a/0/1/2!/member_00883,0,/a/0/1/2,141,883,,316600,316672,308828,308900,72,e670d8903a77879731117d9681e04c97086f2343f6d7f4086fc3e12d205d184b,0a000000190000002800000013fd4900,,,,,False,,,,,,,,,,False,False
/a/0/1/2,/a/0/1/2!/member_00884,0,/a/0/1/2,141,884,,316672,316864,308900,309092,192,1f575bf24023addd5b14cc940fb753cfb5fe3a3b1d529d36eda830d0d684bb3f,0200000013fd4900dc0560006800ef01,,,,,False,,,,,,,,,,False,False
/a/0/1/2,/a/0/1/2!/member_00885,0,/a/0/1/2,141,885,,316864,319132,309092,311360,2268,055923b160c7d3ab493b0616393cc364dd17a3a9888bbe159fb9933c531a44df,180100004c0100007101000096010000,,,,,False,,,,,,,,,,False,False
/a/0/1/2,/a/0/1/2!/member_00886,0,/a/0/1/2,141,886,,319132,319876,311360,312104,744,abf9ce790f7e9552c110825602c7665a178f55fbf8b0324b3fe63466863bb2bd,080100001602000078020000a5020000,,,,,False,,,,,,,,,,False,False
/a/0/1/2,/a/0/1/2!/member_00887,0,/a/0/1/2,141,887,,319876,320032,312104,312260,156,01ae8093e26832f05dfdc7060e8e129a677624290143d52ae9772918d072614f,0e000000680000003b0000000e000000,,,,,False,,,,,,,,,,False,False
/a/0/1/2,/a/0/1/2!/member_00888,0,/a/0/1/2,141,888,,320032,320040,312260,312268,8,1c41889b5ca0b389bff2b87b597a76386e51e014486e52a57b44cf72e8bf3470,0200000013fd0200,,,,,False,,,,,,,,,,False,False
/a/0/1/2,/a/0/1/2!/member_00889,0,/a/0/1/2,141,889,,320040,320048,312268,312276,8,1c41889b5ca0b389bff2b87b597a76386e51e014486e52a57b44cf72e8bf3470,0200000013fd0200,,,,,False,,,,,,,,,,False,False
/a/0/1/2,/a/0/1/2!/member_00890,0,/a/0/1/2,141,890,,320048,320220,312276,312448,172,9555307ffaa34d14ef5d68a94a7279fcf7a9172de72e72e0af7cba2341395b12,060000009100000013fd4900dc056000,,,,,False,,,,,,,,,,False,False
/a/0/1/2,/a/0/1/2!/member_00891,0,/a/0/1/2,141,891,,320220,320432,312448,312660,212,8f05c98dbca8a0e60493ceb8707afd8cce47f0dd8bffc9a4826839d50900b604,0a000000a6000000b500000013fd4900,,,,,False,,,,,,,,,,False,False
/a/0/1/2,/a/0/1/2!/member_00892,0,/a/0/1/2,141,892,,320432,320856,312660,313084,424,d4c4a37a7a7437c06c7f101a2898cdf58fdd540ab1f0f21052c782d06030541a,0a000000ec0000001301000013fd4900,,,,,False,,,,,,,,,,False,False
/a/0/1/2,/a/0/1/2!/member_00893,0,/a/0/1/2,141,893,,320856,321212,313084,313440,356,773beb36c4fae87ea66fdcc5e11dfe05683e84c87e210142a08a8b81f4b549bf,56000000ac000000510100004f010000,,,,,False,,,,,,,,,,False,False
/a/0/1/2,/a/0/1/2!/member_00894,0,/a/0/1/2,141,894,,321212,321388,313440,313616,176,5a93c9f9abd7d467c3cdac90ffeec9fce74f7f297132f691e74c0bd28d9d453d,0200000013fd610260005e00ff007a00,,,,,False,,,,,,,,,,False,False
/a/0/1/2,/a/0/1/2!/member_00895,0,/a/0/1/2,141,895,,321388,321460,313616,313688,72,165b6dabc931619b6e18198837f6231dda7eb9d39edaec635538a13ac905293d,0200000013fd610260005e00ff002600,,,,,False,,,,,,,,,,False,False
/a/0/1/2,/a/0/1/2!/member_00896,0,/a/0/1/2,141,896,,321460,322732,313688,314960,1272,bdd760671bbbdea2c3abb08f891ea66bf01aa3e7272ed194bbc7a811c7fdb501,50010000ad030000060000004a000000,,,,,False,,,,,,,,,,False,False
/a/0/1/2,/a/0/1/2!/member_00897,0,/a/0/1/2,141,897,,322732,322780,314960,315008,48,0cd8407e24ffbbb9915bdb912a70a7c545d61231491d51beae46ab6c36b0ae5c,060000001500000013fd4900dc056000,,,,,False,,,,,,,,,,False,False
/a/0/1/2,/a/0/1/2!/member_00898,0,/a/0/1/2,141,898,,322780,323084,315008,315312,304,c24e7df3f2dfb32021019e581445bed422c211221516d418a34fa502b90e4056,0200000013fd4900dc05600068002d00,,,,,False,,,,,,,,,,False,False
/a/0/1/2,/a/0/1/2!/member_00899,0,/a/0/1/2,141,899,,323084,323268,315312,315496,184,9a12838d004d1d3a2d58a2efb235dc0db9f55ddfd61e5321f863086982abf71e,1200000021000000460000006b000000,,,,,False,,,,,,,,,,False,False
/a/0/1/2,/a/0/1/2!/member_00900,0,/a/0/1/2,141,900,,323268,323492,315496,315720,224,8bcd5ea32d28ceed898ac13c537186f4b3f7ba6d989ef58d14d510c0b49188e5,160000002e000000460000006b000000,,,,,False,,,,,,,,,,False,False
/a/0/1/2,/a/0/1/2!/member_00901,0,/a/0/1/2,141,901,,323492,323640,315720,315868,148,802d344f008b6851db3680e09b30e0da3d40f7e04eaf13a179a28a9d289d6fa4,0e000000260000004b00000070000000,,,,,False,,,,,,,,,,False,False
/a/0/1/2,/a/0/1/2!/member_00902,0,/a/0/1/2,141,902,,323640,323832,315868,316060,192,1b63782a024c1f64de022901a2ab29107d8f9f212d9cd76f2059dec0fedff179,120000002a0000004f00000074000000,,,,,False,,,,,,,,,,False,False
/a/0/1/2,/a/0/1/2!/member_00903,0,/a/0/1/2,141,903,,323832,324384,316060,316612,552,5316778f37682229358f61caa3ec522938954cc92881eda609704c21ddc1719d,480000006000000085000000aa000000,,,,,False,,,,,,,,,,False,False
/a/0/1/2,/a/0/1/2!/member_00904,0,/a/0/1/2,141,904,,324384,326632,316612,318860,2248,6f5ad9ff38467ae1acc19f2e4d79aa7de04562c06c6a8c0743e1e0c1a8af7e7e,760500009b050000e5060000f2060000,,,,,False,,,,,,,,,,False,False
/a/0/1/2,/a/0/1/2!/member_00905,0,/a/0/1/2,141,905,,326632,328864,318860,321092,2232,c973f793208bcb8bc26d84aed64a40654f6fec21a3eda403384c15a8601a2363,0200000013fd4900dc0560006800f100,,,,,False,,,,,,,,,,False,False
/a/0/1/2,/a/0/1/2!/member_00906,0,/a/0/1/2,141,906,,328864,333784,321092,326012,4920,8ef2a329c0b5b1b966d97fc961fb6a99323fa7afd5dbf675b6cce2f4dac8d0d4,6c060000ae070000860e000004120000,,,,,False,,,,,,,,,,False,False
/a/0/1/2,/a/0/1/2!/member_00907,0,/a/0/1/2,141,907,,333784,335560,326012,327788,1776,a58865195ccee8ac37e024dccd3fc115056cd9e22c17bc9699e58f65d34c7d17,1c0100004400000055000000c0030000,,,,,False,,,,,,,,,,False,False
/a/0/1/2,/a/0/1/2!/member_00908,0,/a/0/1/2,141,908,,335560,336132,327788,328360,572,150758223d063bfa6a44a7b3dcd877830b10c429287c05cbd83a9bb2fc4c72f6,3200000041000000500000005f000000,,,,,False,,,,,,,,,,False,False
/a/0/1/2,/a/0/1/2!/member_00909,0,/a/0/1/2,141,909,,336132,336544,328360,328772,412,b63a16cafe4d5f71f36d8eb17ac4ea5089987fcba57228c99723ff2d7e917dfa,2e0000003d0000004c0000005b000000,,,,,False,,,,,,,,,,False,False
/a/0/1/2,/a/0/1/2!/member_00910,0,/a/0/1/2,141,910,,336544,339668,328772,331896,3124,3c574c71d333b1179bfed90d5ff698d62fe1685fe8cb19ef00d5ae0fb18184a5,12000000900000000f010000c4010000,,,,,False,,,,,,,,,,False,False
/a/0/1/2,/a/0/1/2!/member_00911,0,/a/0/1/2,141,911,,339668,341264,331896,333492,1596,646fba0edb03b43979f49299e341dc787d4d16944e6262815da3d616e1df982c,f0000000ee0000002a00000065000000,,,,,False,,,,,,,,,,False,False
/a/0/1/2,/a/0/1/2!/member_00912,0,/a/0/1/2,141,912,,341264,341376,333492,333604,112,6f9199508ae1875595d4404dddde63e4fd94eeed557e6cfcdf78dec2f7e446c8,0e00000042000000510000001e000000,,,,,False,,,,,,,,,,False,False
/a/0/1/2,/a/0/1/2!/member_00913,0,/a/0/1/2,141,913,,341376,342864,333604,335092,1488,880316b8ec875d68e86781dac7e90a20adae34309c76c7ef44bdc20e7f9af1fc,5e0100008803000030040000c0040000,,,,,False,,,,,,,,,,False,False
/a/0/1/2,/a/0/1/2!/member_00914,0,/a/0/1/2,141,914,,342864,343192,335092,335420,328,0666f6b20952ed3d5aa5bed664e79d946f34c3a75b825b1ae162e86c00850e34,12000000040100001301000022010000,,,,,False,,,,,,,,,,False,False
/a/0/1/2,/a/0/1/2!/member_00915,0,/a/0/1/2,141,915,,343192,343200,335420,335428,8,1c41889b5ca0b389bff2b87b597a76386e51e014486e52a57b44cf72e8bf3470,0200000013fd0200,,,,,False,,,,,,,,,,False,False
/a/0/1/2,/a/0/1/2!/member_00916,0,/a/0/1/2,141,916,,343200,343392,335428,335620,192,24afbbcb9b393de16e9e89976845b5e9a7cae8f7f9a0a05fe126b469c2fccc55,0200000013fd4900dc05600068002000,,,,,False,,,,,,,,,,False,False
/a/0/1/2,/a/0/1/2!/member_00917,0,/a/0/1/2,141,917,,343392,343640,335620,335868,248,ecfb7705353d78cdbccf796a3522e9054529422160e363902c7778e52769ac35,0a000000190000002800000013fd4900,,,,,False,,,,,,,,,,False,False
/a/0/1/2,/a/0/1/2!/member_00918,0,/a/0/1/2,141,918,,343640,343796,335868,336024,156,51b6366149ac43b091f90eb97092de805c200603d0d48b9598d30f42b3d1e290,0200000013fd4900dc05600068002000,,,,,False,,,,,,,,,,False,False
/a/0/1/2,/a/0/1/2!/member_00919,0,/a/0/1/2,141,919,,343796,344824,336024,337052,1028,9a69b93cfb3aa0222db2d619beb03632df1d02a219388a6cb0a97ae65b3a5400,d8000000e5000000f400000003010000,,,,,False,,,,,,,,,,False,False
/a/0/1/2,/a/0/1/2!/member_00920,0,/a/0/1/2,141,920,,344824,346068,337052,338296,1244,229e646e15e4dad864b5a65e191e21c14017313a6030d1feef99cf752f59dc6c,42000000880300009b030000ac030000,,,,,False,,,,,,,,,,False,False
/a/0/1/2,/a/0/1/2!/member_00921,0,/a/0/1/2,141,921,,346068,346180,338296,338408,112,b878acde237e970cad9cfc19c47f30985105c3b9e7408c0c1a2b6850e1d2e64b,0e000000260000003e0000004d000000,,,,,False,,,,,,,,,,False,False
/a/0/1/2,/a/0/1/2!/member_00922,0,/a/0/1/2,141,922,,346180,346916,338408,339144,736,982a23aa2763d8d6d6fdd650b0555c5062495e534f70c4ad50d9b4d474d14b0e,1600000030010000e901000068020000,,,,,False,,,,,,,,,,False,False
/a/0/1/2,/a/0/1/2!/member_00923,0,/a/0/1/2,141,923,,346916,347180,339144,339408,264,baa6b008e6a4c87124e34a2139c9d37e0062c55fb66f539f80c5b81e4a14e6fb,120000001a000000c0000000cf000000,,,,,False,,,,,,,,,,False,False
/a/0/1/2,/a/0/1/2!/member_00924,0,/a/0/1/2,141,924,,347180,347188,339408,339416,8,1c41889b5ca0b389bff2b87b597a76386e51e014486e52a57b44cf72e8bf3470,0200000013fd0200,,,,,False,,,,,,,,,,False,False
/a/0/1/2,/a/0/1/2!/member_00925,0,/a/0/1/2,141,925,,347188,347192,339416,339420,4,35968ba8adf945208e64045a6240384f19ccda960c7f3a2bbc9aeeac87068413,13fd0000,,,,,False,,,,,,,,,,False,False
/a/0/1/2,/a/0/1/2!/member_00926,0,/a/0/1/2,141,926,,347192,347576,339420,339804,384,27781386ddc7cdd97e976ba59882711f0a8ad479004b33da36b6049b3a431a73,290000000c0100006101000002000000,,,,,False,,,,,,,,,,False,False
/a/0/1/2,/a/0/1/2!/member_00927,0,/a/0/1/2,141,927,,347576,347628,339804,339856,52,c5201f7193ad9c5d8399fee65425a58303f592cf31c9f3e9be18a6d6852fd9cd,080000001700000013fd02004900dc05,,,,,False,,,,,,,,,,False,False
/a/0/1/2,/a/0/1/2!/member_00928,0,/a/0/1/2,141,928,,347628,351136,339856,343364,3508,38ac063b13c733dbec5347ef8e10ce068b3e47a1d9b8bdb0422e6dfd06e0b688,7c050000f40500000b060000ec020000,,,,,False,,,,,,,,,,False,False
/a/0/1/2,/a/0/1/2!/member_00929,0,/a/0/1/2,141,929,,351136,351392,343364,343620,256,4182671f7bb791a5e5054585125261f842d6ccad7c76d4ba62a01a11dc5ac95b,060000009000000013fd4900dc056000,,,,,False,,,,,,,,,,False,False
/a/0/1/2,/a/0/1/2!/member_00930,0,/a/0/1/2,141,930,,351392,352268,343620,344496,876,efefb8062ec42991eb32ede74598228bc5929f3a087c9d7079074e99c95b3764,610000004a010000d0020000f5020000,,,,,False,,,,,,,,,,False,False
/a/0/1/2,/a/0/1/2!/member_00931,0,/a/0/1/2,141,931,,352268,352276,344496,344504,8,1c41889b5ca0b389bff2b87b597a76386e51e014486e52a57b44cf72e8bf3470,0200000013fd0200,,,,,False,,,,,,,,,,False,False
/a/0/1/2,/a/0/1/2!/member_00932,0,/a/0/1/2,141,932,,352276,352804,344504,345032,528,3306462725c4f0619e6f676494812b1ad95ec65ed9373ffaad4bd43d5a785701,ba0000000200000013fd200089011c00,,,,,False,,,,,,,,,,False,False
/a/0/1/2,/a/0/1/2!/member_00933,0,/a/0/1/2,141,933,,352804,352812,345032,345040,8,1c41889b5ca0b389bff2b87b597a76386e51e014486e52a57b44cf72e8bf3470,0200000013fd0200,,,,,False,,,,,,,,,,False,False
/a/0/1/2,/a/0/1/2!/member_00934,0,/a/0/1/2,141,934,,352812,352924,345040,345152,112,6373af01ccdaa7ec415e92da5938e1e5b4818a6a0a4cb285b4bbc82451e26e56,060000003300000013fd4900dc056000,,,,,False,,,,,,,,,,False,False
/a/0/1/2,/a/0/1/2!/member_00935,0,/a/0/1/2,141,935,,352924,353012,345152,345240,88,ffe59fb4d0728e67cee18cb02797c1918b54004c38988e1b745d27c01ba0b95e,0e000000160000002500000034000000,,,,,False,,,,,,,,,,False,False
/a/0/1/2,/a/0/1/2!/member_00936,0,/a/0/1/2,141,936,,353012,353020,345240,345248,8,1c41889b5ca0b389bff2b87b597a76386e51e014486e52a57b44cf72e8bf3470,0200000013fd0200,,,,,False,,,,,,,,,,False,False
/a/0/1/2,/a/0/1/2!/member_00937,0,/a/0/1/2,141,937,,353020,353104,345248,345332,84,e46ed267e62c668aa0bb195e9dc14bf389e045cdbd621e95b9a147fa30b197ea,060000001500000013fd4900dc056000,,,,,False,,,,,,,,,,False,False
/a/0/1/2,/a/0/1/2!/member_00938,0,/a/0/1/2,141,938,,353104,355064,345332,347292,1960,244a52e1cca68ef36305a68922905a197a9f8299a83c7e44c4ce21f599ceef5f,4a000000bb030000a70100006c040000,,,,,False,,,,,,,,,,False,False
/a/0/1/2,/a/0/1/2!/member_00939,0,/a/0/1/2,141,939,,355064,355192,347292,347420,128,87ff903b1b4dd4373b297ef6ab445a1e796a797ac2c97d4436b7fc8d7a1a0d3b,0200000013fd2000c7001c0001490000,,,,,False,,,,,,,,,,False,False
/a/0/1/2,/a/0/1/2!/member_00940,0,/a/0/1/2,141,940,,355192,355532,347420,347760,340,01d986193f4e5bc6b9e086926b3d63cbbfaeb3d6428fd90c9c4ba8b86eacd3c3,0200000013fd4900dc05600068002000,,,,,False,,,,,,,,,,False,False
/a/0/1/2,/a/0/1/2!/member_00941,0,/a/0/1/2,141,941,,355532,356784,347760,349012,1252,87699cbd433609f84f626300b9c449a8f51e1b47db29b3d765bf1805434f8d2e,2d0200003c0200006102000070020000,,,,,False,,,,,,,,,,False,False
/a/0/1/2,/a/0/1/2!/member_00942,0,/a/0/1/2,141,942,,356784,356896,349012,349124,112,32d83581b0e2f49d90a0b2d9ee9fe5876b6988158c097a4fd8c74acdd7c7ed07,0e000000260000003e0000004d000000,,,,,False,,,,,,,,,,False,False
/a/0/1/2,/a/0/1/2!/member_00943,0,/a/0/1/2,141,943,,356896,357940,349124,350168,1044,72cbcba5a495ffc24232fc328e8b0c32fd89b1fe6385e19c2d6fa82e0179501f,0e01000012000000d201000050020000,,,,,False,,,,,,,,,,False,False
/a/0/1/2,/a/0/1/2!/member_00944,0,/a/0/1/2,141,944,,357940,358028,350168,350256,88,f6cb727df2ed18c98db1bb40cf95b33f66226db2cde05f9fd103363c53dcae5f,0e000000160000002500000034000000,,,,,False,,,,,,,,,,False,False
/a/0/1/2,/a/0/1/2!/member_00945,0,/a/0/1/2,141,945,,358028,358036,350256,350264,8,1c41889b5ca0b389bff2b87b597a76386e51e014486e52a57b44cf72e8bf3470,0200000013fd0200,,,,,False,,,,,,,,,,False,False
/a/0/1/2,/a/0/1/2!/member_00946,0,/a/0/1/2,141,946,,358036,358092,350264,350320,56,576af62ed0380005e31da46248ba683da42a44a8517653bbb4db8bffa84b4ba5,060000001500000013fd4900dc056000,,,,,False,,,,,,,,,,False,False
/a/0/1/2,/a/0/1/2!/member_00947,0,/a/0/1/2,141,947,,358092,358520,350320,350748,428,1f9bbdfbed4d7c611f695870cc085eae0f80838d99ec5253ec30677b4dbb6d75,06000000cd00000013fd4900dc056000,,,,,False,,,,,,,,,,False,False
/a/0/1/2,/a/0/1/2!/member_00948,0,/a/0/1/2,141,948,,358520,360376,350748,352604,1856,27b356a55a8722fd77afbb6d174ecd9045c52f3f1cca90bda0b3a2992eb33d35,120000004d010000460200004d040000,,,,,False,,,,,,,,,,False,False
/a/0/1/2,/a/0/1/2!/member_00949,0,/a/0/1/2,141,949,,360376,360916,352604,353144,540,529d2937640dc094aa3e8e9edf88a9fab581722adc344f15cca506364e68b5d8,4500000006000000f801000013fd2000,,,,,False,,,,,,,,,,False,False
/a/0/1/2,/a/0/1/2!/member_00950,0,/a/0/1/2,141,950,,360916,360960,353144,353188,44,fbc15d11e780b68252973f6562a1869a80629cbb441098c5fd735d8f4ca2c2fd,060000000e00000013fd290007800000,,,,,False,,,,,,,,,,False,False
/a/0/1/2,/a/0/1/2!/member_00951,0,/a/0/1/2,141,951,,360960,360968,353188,353196,8,1c41889b5ca0b389bff2b87b597a76386e51e014486e52a57b44cf72e8bf3470,0200000013fd0200,,,,,False,,,,,,,,,,False,False
/a/0/1/2,/a/0/1/2!/member_00952,0,/a/0/1/2,141,952,,360968,361388,353196,353616,420,4a15b4a957d44a2307c5db54f0446c5be28f52646385e06d6b4dd0434aba2b39,2e00000076000000800000008a000000,,,,,False,,,,,,,,,,False,False
/a/0/1/2,/a/0/1/2!/member_00953,0,/a/0/1/2,141,953,,361388,365864,353616,358092,4476,959f4f863d3b373a86bbf396ea186a72633047f87041858030f44b2d87627f3a,8e0b00008a0b0000860b0000820b0000,,,,,False,,,,,,,,,,False,False
/a/0/1/2,/a/0/1/2!/member_00954,0,/a/0/1/2,141,954,,365864,365888,358092,358116,24,7f84899ac74e525cc9879e0f7d95475193f6059a9b5f7685d4e5fa4deb906742,0200000013fd4900dc0560002d002132,,,,,False,,,,,,,,,,False,False
/a/0/1/2,/a/0/1/2!/member_00955,0,/a/0/1/2,141,955,,365888,366252,358116,358480,364,33fe42b12977203a05abcfd671f2ffd83ed1d1c50400d6368c56c2059b8f8e34,4a000000520000005a00000062000000,,,,,False,,,,,,,,,,False,False
/a/0/1/2,/a/0/1/2!/member_00956,0,/a/0/1/2,141,956,,366252,366256,358480,358484,4,35968ba8adf945208e64045a6240384f19ccda960c7f3a2bbc9aeeac87068413,13fd0000,,,,,False,,,,,,,,,,False,False
/a/0/1/2,/a/0/1/2!/member_00957,0,/a/0/1/2,141,957,,366256,369764,358484,361992,3508,ac452677aa8e1b29c70fcc863478c2a16e0ac431ee7025bd3e83b1f3058749f2,1e0000001c0000001a0000001a000000,,,,,False,,,,,,,,,,False,False
/a/0/1/2,/a/0/1/2!/member_00958,0,/a/0/1/2,141,958,,369764,369912,361992,362140,148,7eba599c0fe0c58896f1d55328791442ba1e8ca09a2c58f2a3739e3ffc7137bc,16000000250000003400000043000000,,,,,False,,,,,,,,,,False,False
/a/0/1/2,/a/0/1/2!/member_00959,0,/a/0/1/2,141,959,,369912,369968,362140,362196,56,bf127f23b0ce54c5f1cb7bdfa694f1f089a325ea6981fdc49cab5b307d2ce4a1,0200000013fd4900dc05600068002601,,,,,False,,,,,,,,,,False,False
/a/0/1/2,/a/0/1/2!/member_00960,0,/a/0/1/2,141,960,,369968,370020,362196,362248,52,7784aa6a4f26a74f36af63cd5069c5b2820edd29cad4d14ecb626b03297c6f5c,060000001700000013fd380002000039,,,,,False,,,,,,,,,,False,False
/a/0/1/2,/a/0/1/2!/member_00961,0,/a/0/1/2,141,961,,370020,370480,362248,362708,460,bb3e12f3ed8072c30e608f70a0bf3be5c536ed98372d5cc445500725dba1303e,410000000200000013fd200089011c00,,,,,False,,,,,,,,,,False,False
/a/0/1/2,/a/0/1/2!/member_00962,0,/a/0/1/2,141,962,,370480,371496,362708,363724,1016,780b3cb6a1330a9fc2db1a9f150433cb6f9d8e88ee1d91d60b289ea9a4793eaf,2600000043000000730300009b030000,,,,,False,,,,,,,,,,False,False
/a/0/1/2,/a/0/1/2!/member_00963,0,/a/0/1/2,141,963,,371496,371772,363724,364000,276,47d87d789226aa78b06c93d8770a47324945bbaed74ceb8c851e17506c8111a0,3a00000006000000e000000013fd1100,,,,,False,,,,,,,,,,False,False
/a/0/1/2,/a/0/1/2!/member_00964,0,/a/0/1/2,141,964,,371772,372012,364000,364240,240,1a9fb6ceeb277d3898aafc9c94c8412b454316fc36888e869414f9da95109a77,2a000000280000003700000046000000,,,,,False,,,,,,,,,,False,False
/a/0/1/3,/a/0/1/3!/member_00000,0,/a/0/1/3,142,0,,180,2388,0,2208,2208,fbef739902a46e1a4a3fae63af1d684a8eac34e12fb6753b6268eb77b3dbb5e8,1a00000068000000ce00000004010000,,,,,False,,,,,,,,,,False,False
/a/0/1/3,/a/0/1/3!/member_00001,0,/a/0/1/3,142,1,,2388,2822,2208,2642,434,b4d9f0fab18b3ec08c7ffc2637830d060d698458c87167628f2da0ad6717dd46,030000000c0000008a00000008010000,,,,,False,,,,,,,,,,False,False
/a/0/1/3,/a/0/1/3!/member_00002,0,/a/0/1/3,142,2,,2824,2916,2644,2736,92,d83c0780b6696006205d05f6fdba253b50a9e17f21177d9021a6ccbada161520,01000000040000000b004d0016003f00,,,,,False,,,,,,,,,,False,False
/a/0/1/3,/a/0/1/3!/member_00003,0,/a/0/1/3,142,3,,2916,3520,2736,3340,604,8d40a504fbaabfb07d83239f250817838e8a9b540362ce7563e61dde84cf1ecc,0500000014000000b800000040010000,,,,,False,,,,,,,,,,False,False
/a/0/1/3,/a/0/1/3!/member_00004,0,/a/0/1/3,142,4,,3520,3784,3340,3604,264,5f4fc5961889acb785a064e626d9170e93928ef82529e5834fa25c45b9245903,02000000080000008600000014002f00,,,,,False,,,,,,,,,,False,False
/a/0/1/3,/a/0/1/3!/member_00005,0,/a/0/1/3,142,5,,3784,4010,3604,3830,226,ec616a1decd88fd8369f19dbc4e43ffc515e7076cf19da825608940018681121,030000000c00000074000000b6000000,,,,,False,,,,,,,,,,False,False
/a/0/1/3,/a/0/1/3!/member_00006,0,/a/0/1/3,142,6,,4012,4154,3832,3974,142,5add9a84487658658150ba2519d8955e2a499c4cf253c3bfe88129fc6f1b2709,02000000080000003e0000003f002200,,,,,False,,,,,,,,,,False,False
/a/0/1/3,/a/0/1/3!/member_00007,0,/a/0/1/3,142,7,,4156,4298,3976,4118,142,48ec6cb148e2404620d298785af794a502f2be9a6867ca2e6af3a3e8b4bc6458,010000000400000014002f0001006800,,,,,False,,,,,,,,,,False,False
/a/0/1/3,/a/0/1/3!/member_00008,0,/a/0/1/3,142,8,,4300,4450,4120,4270,150,e17052ce8ebc4e843de9a1b62cb69032f45ca908aa9d5fc57f9e45dca2f1ed9f,02000000080000003c00000045002400,,,,,False,,,,,,,,,,False,False
/a/0/1/3,/a/0/1/3!/member_00009,0,/a/0/1/3,142,9,,4452,4604,4272,4424,152,a5bfc9938dc3bb18ef271b0d47c3cf906b0b7d52dbbb557214fd49f4fb05ed27,0200000008000000360000000700e200,,,,,False,,,,,,,,,,False,False
/a/0/1/3,/a/0/1/3!/member_00010,0,/a/0/1/3,142,10,,4604,4944,4424,4764,340,c40f483426763210bf33f4ba501582b5045cdded55037e3ef023ba63382feb0f,030000000c0000006c000000a4000000,,,,,False,,,,,,,,,,False,False
/a/0/1/3,/a/0/1/3!/member_00011,0,/a/0/1/3,142,11,,4944,5082,4764,4902,138,fba043aed93dff5aa9770e96c99cb1e592a208d2889116df70cbfbc2681b8057,02000000080000003c00000003002900,,,,,False,,,,,,,,,,False,False
/a/0/1/3,/a/0/1/3!/member_00012,0,/a/0/1/3,142,12,,5084,5260,4904,5080,176,614f0ffd5a0917258a7407543552b385a6363d38c33e77c95588e237e6a39c08,01000000040000006400790087005e00,,,,,False,,,,,,,,,,False,False
/a/0/1/3,/a/0/1/3!/member_00013,0,/a/0/1/3,142,13,,5260,5308,5080,5128,48,680c82f1f350fa2ebb84e7707863926e51fdf8ee720bcbb799ff65e0946f7e3d,030000000c000000140000001a000000,,,,,False,,,,,,,,,,False,False
/a/0/1/3,/a/0/1/3!/member_00014,0,/a/0/1/3,142,14,,5308,5528,5128,5348,220,c80cf3d756ea319916f901fd9d7fd62c61466b7ce40205b6a90d3414e1d46fa7,030000000c0000005000000084000000,,,,,False,,,,,,,,,,False,False
/a/0/1/3,/a/0/1/3!/member_00015,0,/a/0/1/3,142,15,,5528,6748,5348,6568,1220,1b483407c08c855ea715fbbc35aebbc782a1013d9b2a4292d0351577db737c72,10000000400000008a000000ac000000,,Nintendo LZ10,Probable,,True,Nintendo LZ10,Probable,True,64,False,,,,,False,False
/a/0/1/4,/a/0/1/4!/member_00000,0,/a/0/1/4,143,0,,676,1228,0,552,552,d93807f0ba77aa1eb746ee08e00f629a18dac852520d9132a4dfa117d1c37562,524c434efffe00012802000010000100,,NCLR palette,Confirmed,True,False,,,,,,,,,,False,False
/a/0/1/4,/a/0/1/4!/member_00001,0,/a/0/1/4,143,1,,1228,1612,552,936,384,77864d3b60eb6bd5aa3e166155fdb64be32e761f7a92c37548604a7d62fe872a,10300a00005247434efffe010100300a,,Nintendo LZ10,Probable,,True,Nintendo LZ10,Confirmed,True,2608,True,2608,58fd6a604c7eeab3376c8b7e5a7130a8f55163a76cdba43fba9e68900943a22f,NCGR graphics,Confirmed,False,False
/a/0/1/4,/a/0/1/4!/member_00002,0,/a/0/1/4,143,2,,1612,1810,936,1134,198,83be4c61ab4db1da6ce4c3ead0540fec956ba3b5d3b0bdcafc9b46e96fa443af,10660100005245434efffe0001006601,,Nintendo LZ10,Probable,,True,Nintendo LZ10,Confirmed,True,358,True,358,60a678e2ad0a5cab42e1d8aecdbef630fb33d1277b4b97509cadefaf9fc6579d,NCER cell,Confirmed,False,False
/a/0/1/4,/a/0/1/4!/member_00003,0,/a/0/1/4,143,3,,1812,2057,1136,1381,245,07aa0797106e8d0e48d68b5131d8fff573aaa1d62daaa30a2154ac526297e7d4,10f2010000524e414efffe000100f201,,Nintendo LZ10,Probable,,True,Nintendo LZ10,Confirmed,True,498,True,498,4a2320aa135af27a1e6b7570dc4791c54555793637e1c27647721bd86ac1db05,NANR animation,Confirmed,False,False
/a/0/1/4,/a/0/1/4!/member_00004,0,/a/0/1/4,143,4,,2060,2190,1384,1514,130,45e96ebb391d3f7aa3aaa938a9a4ee116caf3a8c87659a70b2a716f8a2b9814c,10d80000005245434efffe000100d800,,Nintendo LZ10,Probable,,True,Nintendo LZ10,Confirmed,True,216,True,216,e84a33afd2caef65a72777e065f253d4678336028120af550aabfbb935832e12,NCER cell,Confirmed,False,False
/a/0/1/4,/a/0/1/4!/member_00005,0,/a/0/1/4,143,5,,2192,2446,1516,1770,254,f860da936aa352ae3b0204ac5e5adb97a5a71fa38390538e268ea15e7310d5ce,101c020000524e414efffe0001001c02,,Nintendo LZ10,Probable,,True,Nintendo LZ10,Confirmed,True,540,True,540,37f35e227a0fbf581c4d28e43dee68dec9c30185efe9d73ba0c9d28e107804a9,NANR animation,Confirmed,False,False
/a/0/1/4,/a/0/1/4!/member_00006,0,/a/0/1/4,143,6,,2448,2532,1772,1856,84,4bad6429a3652e9124dda5ef3cf477760d0894f70c0cccbaace9cb0fb420a266,10c00000005247434efffe010100c000,,Nintendo LZ10,Probable,,True,Nintendo LZ10,Confirmed,True,192,True,192,3bcc40c318f6e66d02e8dd9cca8b903c8e3444fee338c12c0aecff856a1b8f59,NCGR graphics,Confirmed,False,False
/a/0/1/4,/a/0/1/4!/member_00007,0,/a/0/1/4,143,7,,2532,3084,1856,2408,552,ce58674ce701d74371af2a42c96dc1e59fed466d84de0e66c35fdbd65e44656a,524c434efffe00012802000010000100,,NCLR palette,Confirmed,True,False,,,,,,,,,,False,False
/a/0/1/4,/a/0/1/4!/member_00008,0,/a/0/1/4,143,8,,3084,4181,2408,3505,1097,4249fcb74879f0b15c1da726344fd83002868b4a97c2815c8abef5eff65b1965,10401800005247434efffe0101004018,,Nintendo LZ10,Probable,,True,Nintendo LZ10,Confirmed,True,6208,True,6208,169d598e8864c46e1dc3fa460d3a7fad571d5131b93293ff272fee137a203e90,NCGR graphics,Confirmed,False,False
/a/0/1/4,/a/0/1/4!/member_00009,0,/a/0/1/4,143,9,,4184,4583,3508,3907,399,2ced68d22fe38e4e6ac34f64960187f657dde321a7f5ea72bd23c70c2333b7b2,10240800005243534efffe0001002408,,Nintendo LZ10,Probable,,True,Nintendo LZ10,Confirmed,True,2084,True,2084,6301c93dfd4fb5729ad26ce8294eef7482363a7f00d829aff9453cb5c29a8ff9,NSCR screen map,Confirmed,False,False
/a/0/1/4,/a/0/1/4!/member_00010,0,/a/0/1/4,143,10,,4584,5087,3908,4411,503,ea73f09ffe49a8302fb205306f5bf0e9f798709ecd6194a3ebd7f974b2ca3cec,10400800005247434efffe0101004008,,Nintendo LZ10,Probable,,True,Nintendo LZ10,Confirmed,True,2112,True,2112,1e96055996b2c2c2e3cd34626db1b5d9a926d6c0b183b88aae0c6d3a8f54457b,NCGR graphics,Confirmed,False,False
/a/0/1/4,/a/0/1/4!/member_00011,0,/a/0/1/4,143,11,,5088,5523,4412,4847,435,0d844dc969e9d2205089bc304ee4a9348b2cc0853aee659b016efd4e0764dc3d,10240600005243534efffe0001002406,,Nintendo LZ10,Probable,,True,Nintendo LZ10,Confirmed,True,1572,True,1572,24b76bd2f3997b45c012468152bbe0dfd4c99daef3442d4aac1be1f7a5fadf15,NSCR screen map,Confirmed,False,False
/a/0/1/4,/a/0/1/4!/member_00012,0,/a/0/1/4,143,12,,5524,6137,4848,5461,613,14d39c7c63a901540bb08d8f952036162d91e75aee4369828c8b265f6a9ba53c,10401000005247434efffe0101004010,,Nintendo LZ10,Probable,,True,Nintendo LZ10,Confirmed,True,4160,True,4160,13cfa92b8a089e5b8f466ec701d6829cf7e914703629703e1efd992f23610efd,NCGR graphics,Confirmed,False,False
/a/0/1/4,/a/0/1/4!/member_00013,0,/a/0/1/4,143,13,,6140,6391,5464,5715,251,d4e01f1489a291e5b9adb3760cee08d4905408eb20cb8bdc532265b23d78e980,10240600005243534efffe0001002406,,Nintendo LZ10,Probable,,True,Nintendo LZ10,Confirmed,True,1572,True,1572,469d4a7bb8f7cd51c75a6a4cb7bd350fe51f9ec86ec4524167c8a20e91dc4dca,NSCR screen map,Confirmed,False,False
/a/0/1/4,/a/0/1/4!/member_00014,0,/a/0/1/4,143,14,,6392,6944,5716,6268,552,b483d431f3880e911bb25ed06d79da8783b0408c95b061e07a27058be5f5ac63,524c434efffe00012802000010000100,,NCLR palette,Confirmed,True,False,,,,,,,,,,False,False
/a/0/1/4,/a/0/1/4!/member_00015,0,/a/0/1/4,143,15,,6944,7496,6268,6820,552,7c805fb7a8cd3d4dcdeb0282c1d9b0d3a1b1e9b3cf3df786fdf62401d63653ca,524c434efffe00012802000010000100,,NCLR palette,Confirmed,True,False,,,,,,,,,,False,False
/a/0/1/4,/a/0/1/4!/member_00016,0,/a/0/1/4,143,16,,7496,7723,6820,7047,227,bde6b3f7d54458788cef1581f0477370d60397ad84dbe42d3607ee5be3043501,10710100005245434efffe0001007101,,Nintendo LZ10,Probable,,True,Nintendo LZ10,Confirmed,True,369,True,369,41fa0a2d47804962953c75d397ee63ca8721c522bcdfbc5bc6b012773eac972c,NCER cell,Confirmed,False,False
/a/0/1/4,/a/0/1/4!/member_00017,0,/a/0/1/4,143,17,,7724,8097,7048,7421,373,981f646630e1fb8001ad30037406e52c7c26c7e735221d6fc71505d62f069807,105d030000524e414efffe0001005d03,,Nintendo LZ10,Probable,,True,Nintendo LZ10,Confirmed,True,861,True,861,8dfb03671837f6ed8122e67182d615765a2ff2d21a9afa10aef5220f3a0ffeca,NANR animation,Confirmed,False,False
/a/0/1/4,/a/0/1/4!/member_00018,0,/a/0/1/4,143,18,,8100,8422,7424,7746,322,cebff26c9daf1ddba8ef97f49f3bfeec5245baaa0f908012873c2f4fdbb90171,10b00200005247434efffe010100b002,,Nintendo LZ10,Probable,,True,Nintendo LZ10,Confirmed,True,688,True,688,a416a6e83bd168ddc616c8a361e0d8e7a8338f8ae53ac71ba055b8f98c071789,NCGR graphics,Confirmed,False,False
/a/0/1/4,/a/0/1/4!/member_00019,0,/a/0/1/4,143,19,,8424,8504,7748,7828,80,6333310c273d017e911756893cf6a15a918fc67d6cd346d526793fee2d751a5d,10670000005245434efffe0001006700,,Nintendo LZ10,Probable,,True,Nintendo LZ10,Confirmed,True,103,True,103,7ec961b713c2eea35c1a536fcbca3e2b6f37bc47f0274bb3a6a1ee0ecedae17c,NCER cell,Confirmed,False,False
/a/0/1/4,/a/0/1/4!/member_00020,0,/a/0/1/4,143,20,,8504,8593,7828,7917,89,a0b2f2d152c11df428055b6857537241ba3f6eb3d577800c235d80e407b8452e,106f000000524e414efffe0001006f00,,Nintendo LZ10,Probable,,True,Nintendo LZ10,Confirmed,True,111,True,111,30249884bd91f10bc9d4e13e7b1495f09991b6f488405a0cdbb61cfb402d10ca,NANR animation,Confirmed,False,False
/a/0/1/4,/a/0/1/4!/member_00021,0,/a/0/1/4,143,21,,8596,8917,7920,8241,321,f369dc39bc82fbe91af575e9d7c4a93151371af50f8fb40d0c670861ce957d49,10b00200005247434efffe010100b002,,Nintendo LZ10,Probable,,True,Nintendo LZ10,Confirmed,True,688,True,688,693a4c3a601d284704c4cab0b207f5e53a53f48e1dcbb006d0a342bcc2085b5c,NCGR graphics,Confirmed,False,False
/a/0/1/4,/a/0/1/4!/member_00022,0,/a/0/1/4,143,22,,8920,9000,8244,8324,80,6333310c273d017e911756893cf6a15a918fc67d6cd346d526793fee2d751a5d,10670000005245434efffe0001006700,,Nintendo LZ10,Probable,,True,Nintendo LZ10,Confirmed,True,103,True,103,7ec961b713c2eea35c1a536fcbca3e2b6f37bc47f0274bb3a6a1ee0ecedae17c,NCER cell,Confirmed,False,False
/a/0/1/4,/a/0/1/4!/member_00023,0,/a/0/1/4,143,23,,9000,9089,8324,8413,89,a0b2f2d152c11df428055b6857537241ba3f6eb3d577800c235d80e407b8452e,106f000000524e414efffe0001006f00,,Nintendo LZ10,Probable,,True,Nintendo LZ10,Confirmed,True,111,True,111,30249884bd91f10bc9d4e13e7b1495f09991b6f488405a0cdbb61cfb402d10ca,NANR animation,Confirmed,False,False
/a/0/1/4,/a/0/1/4!/member_00024,0,/a/0/1/4,143,24,,9092,9446,8416,8770,354,5935f0dd98a73526791ce7f2fd34c6b2ca68dbd1dd25fc537f47022cf6a21d28,10b00200005247434efffe010100b002,,Nintendo LZ10,Probable,,True,Nintendo LZ10,Confirmed,True,688,True,688,3a5f75214ec6cdd065a7d124691a30e20e6f1c23ad3c965eb7ab0944b6b35f60,NCGR graphics,Confirmed,False,False
/a/0/1/4,/a/0/1/4!/member_00025,0,/a/0/1/4,143,25,,9448,9528,8772,8852,80,6333310c273d017e911756893cf6a15a918fc67d6cd346d526793fee2d751a5d,10670000005245434efffe0001006700,,Nintendo LZ10,Probable,,True,Nintendo LZ10,Confirmed,True,103,True,103,7ec961b713c2eea35c1a536fcbca3e2b6f37bc47f0274bb3a6a1ee0ecedae17c,NCER cell,Confirmed,False,False
/a/0/1/4,/a/0/1/4!/member_00026,0,/a/0/1/4,143,26,,9528,9617,8852,8941,89,a0b2f2d152c11df428055b6857537241ba3f6eb3d577800c235d80e407b8452e,106f000000524e414efffe0001006f00,,Nintendo LZ10,Probable,,True,Nintendo LZ10,Confirmed,True,111,True,111,30249884bd91f10bc9d4e13e7b1495f09991b6f488405a0cdbb61cfb402d10ca,NANR animation,Confirmed,False,False
/a/0/1/4,/a/0/1/4!/member_00027,0,/a/0/1/4,143,27,,9620,9991,8944,9315,371,d21ccdb1ee6cf79bf768c8454cd4a9359d860dc59fb25818ebb4301e63ebc1b9,10b00200005247434efffe010100b002,,Nintendo LZ10,Probable,,True,Nintendo LZ10,Confirmed,True,688,True,688,98492e5b09463f32e3c4a64c9b072c2a26679f6e77cb2a192cd94b035161c200,NCGR graphics,Confirmed,False,False
/a/0/1/4,/a/0/1/4!/member_00028,0,/a/0/1/4,143,28,,9992,10072,9316,9396,80,6333310c273d017e911756893cf6a15a918fc67d6cd346d526793fee2d751a5d,10670000005245434efffe0001006700,,Nintendo LZ10,Probable,,True,Nintendo LZ10,Confirmed,True,103,True,103,7ec961b713c2eea35c1a536fcbca3e2b6f37bc47f0274bb3a6a1ee0ecedae17c,NCER cell,Confirmed,False,False
/a/0/1/4,/a/0/1/4!/member_00029,0,/a/0/1/4,143,29,,10072,10161,9396,9485,89,a0b2f2d152c11df428055b6857537241ba3f6eb3d577800c235d80e407b8452e,106f000000524e414efffe0001006f00,,Nintendo LZ10,Probable,,True,Nintendo LZ10,Confirmed,True,111,True,111,30249884bd91f10bc9d4e13e7b1495f09991b6f488405a0cdbb61cfb402d10ca,NANR animation,Confirmed,False,False
/a/0/1/4,/a/0/1/4!/member_00030,0,/a/0/1/4,143,30,,10164,10469,9488,9793,305,5dcc011988fa52d3c7bf9136e700553c8fc262b6861129fc10b97246a98b585a,10b00200005247434efffe010100b002,,Nintendo LZ10,Probable,,True,Nintendo LZ10,Confirmed,True,688,True,688,72f2d1b3ee931506a8e0df18ed7461e0bb6d2152221a71a48f342a5cb3d94535,NCGR graphics,Confirmed,False,False
/a/0/1/4,/a/0/1/4!/member_00031,0,/a/0/1/4,143,31,,10472,10552,9796,9876,80,6333310c273d017e911756893cf6a15a918fc67d6cd346d526793fee2d751a5d,10670000005245434efffe0001006700,,Nintendo LZ10,Probable,,True,Nintendo LZ10,Confirmed,True,103,True,103,7ec961b713c2eea35c1a536fcbca3e2b6f37bc47f0274bb3a6a1ee0ecedae17c,NCER cell,Confirmed,False,False
/a/0/1/4,/a/0/1/4!/member_00032,0,/a/0/1/4,143,32,,10552,10641,9876,9965,89,a0b2f2d152c11df428055b6857537241ba3f6eb3d577800c235d80e407b8452e,106f000000524e414efffe0001006f00,,Nintendo LZ10,Probable,,True,Nintendo LZ10,Confirmed,True,111,True,111,30249884bd91f10bc9d4e13e7b1495f09991b6f488405a0cdbb61cfb402d10ca,NANR animation,Confirmed,False,False
/a/0/1/4,/a/0/1/4!/member_00033,0,/a/0/1/4,143,33,,10644,10905,9968,10229,261,e6576fbe7fda58b4f6ae685acc872e0c50459edd3c1859da2eb91aa2e17d7de1,10b00200005247434efffe010100b002,,Nintendo LZ10,Probable,,True,Nintendo LZ10,Confirmed,True,688,True,688,15c23c69b0c17d50e11bc9b92840ec16b005325320b280c4f00503f62d47c013,NCGR graphics,Confirmed,False,False
/a/0/1/4,/a/0/1/4!/member_00034,0,/a/0/1/4,143,34,,10908,10988,10232,10312,80,6333310c273d017e911756893cf6a15a918fc67d6cd346d526793fee2d751a5d,10670000005245434efffe0001006700,,Nintendo LZ10,Probable,,True,Nintendo LZ10,Confirmed,True,103,True,103,7ec961b713c2eea35c1a536fcbca3e2b6f37bc47f0274bb3a6a1ee0ecedae17c,NCER cell,Confirmed,False,False
/a/0/1/4,/a/0/1/4!/member_00035,0,/a/0/1/4,143,35,,10988,11077,10312,10401,89,a0b2f2d152c11df428055b6857537241ba3f6eb3d577800c235d80e407b8452e,106f000000524e414efffe0001006f00,,Nintendo LZ10,Probable,,True,Nintendo LZ10,Confirmed,True,111,True,111,30249884bd91f10bc9d4e13e7b1495f09991b6f488405a0cdbb61cfb402d10ca,NANR animation,Confirmed,False,False
/a/0/1/4,/a/0/1/4!/member_00036,0,/a/0/1/4,143,36,,11080,11373,10404,10697,293,44719b704fcb23d106a3bbb05c47038ed462506f03521b6a27e00950bcc7879b,10b00200005247434efffe010100b002,,Nintendo LZ10,Probable,,True,Nintendo LZ10,Confirmed,True,688,True,688,2c51f48293a52d4a5569593880ed421018a5988b1d877541384f611eeedc4a1a,NCGR graphics,Confirmed,False,False
/a/0/1/4,/a/0/1/4!/member_00037,0,/a/0/1/4,143,37,,11376,11456,10700,10780,80,6333310c273d017e911756893cf6a15a918fc67d6cd346d526793fee2d751a5d,10670000005245434efffe0001006700,,Nintendo LZ10,Probable,,True,Nintendo LZ10,Confirmed,True,103,True,103,7ec961b713c2eea35c1a536fcbca3e2b6f37bc47f0274bb3a6a1ee0ecedae17c,NCER cell,Confirmed,False,False
/a/0/1/4,/a/0/1/4!/member_00038,0,/a/0/1/4,143,38,,11456,11545,10780,10869,89,a0b2f2d152c11df428055b6857537241ba3f6eb3d577800c235d80e407b8452e,106f000000524e414efffe0001006f00,,Nintendo LZ10,Probable,,True,Nintendo LZ10,Confirmed,True,111,True,111,30249884bd91f10bc9d4e13e7b1495f09991b6f488405a0cdbb61cfb402d10ca,NANR animation,Confirmed,False,False
/a/0/1/4,/a/0/1/4!/member_00039,0,/a/0/1/4,143,39,,11548,11844,10872,11168,296,59375bec77f29098877722c7ffde08b5fd957db1d8e8f36c084985ad28ed4f66,10b00200005247434efffe010100b002,,Nintendo LZ10,Probable,,True,Nintendo LZ10,Confirmed,True,688,True,688,3ee4f6ab5a089f4f2948c818def039e4c9d4cff3ea5723f946c66b8aee10640f,NCGR graphics,Confirmed,False,False
/a/0/1/4,/a/0/1/4!/member_00040,0,/a/0/1/4,143,40,,11844,11924,11168,11248,80,6333310c273d017e911756893cf6a15a918fc67d6cd346d526793fee2d751a5d,10670000005245434efffe0001006700,,Nintendo LZ10,Probable,,True,Nintendo LZ10,Confirmed,True,103,True,103,7ec961b713c2eea35c1a536fcbca3e2b6f37bc47f0274bb3a6a1ee0ecedae17c,NCER cell,Confirmed,False,False
/a/0/1/4,/a/0/1/4!/member_00041,0,/a/0/1/4,143,41,,11924,12013,11248,11337,89,a0b2f2d152c11df428055b6857537241ba3f6eb3d577800c235d80e407b8452e,106f000000524e414efffe0001006f00,,Nintendo LZ10,Probable,,True,Nintendo LZ10,Confirmed,True,111,True,111,30249884bd91f10bc9d4e13e7b1495f09991b6f488405a0cdbb61cfb402d10ca,NANR animation,Confirmed,False,False
/a/0/1/4,/a/0/1/4!/member_00042,0,/a/0/1/4,143,42,,12016,12335,11340,11659,319,427a40ae7971a34dc8f29bf4b3bd5505d9186f899aa8b8005400250d1c97b803,10b00200005247434efffe010100b002,,Nintendo LZ10,Probable,,True,Nintendo LZ10,Confirmed,True,688,True,688,7eefe070d864444a6d8d421fadfa280cad4918139434cfaf55e0111580da491f,NCGR graphics,Confirmed,False,False
/a/0/1/4,/a/0/1/4!/member_00043,0,/a/0/1/4,143,43,,12336,12416,11660,11740,80,6333310c273d017e911756893cf6a15a918fc67d6cd346d526793fee2d751a5d,10670000005245434efffe0001006700,,Nintendo LZ10,Probable,,True,Nintendo LZ10,Confirmed,True,103,True,103,7ec961b713c2eea35c1a536fcbca3e2b6f37bc47f0274bb3a6a1ee0ecedae17c,NCER cell,Confirmed,False,False
/a/0/1/4,/a/0/1/4!/member_00044,0,/a/0/1/4,143,44,,12416,12505,11740,11829,89,a0b2f2d152c11df428055b6857537241ba3f6eb3d577800c235d80e407b8452e,106f000000524e414efffe0001006f00,,Nintendo LZ10,Probable,,True,Nintendo LZ10,Confirmed,True,111,True,111,30249884bd91f10bc9d4e13e7b1495f09991b6f488405a0cdbb61cfb402d10ca,NANR animation,Confirmed,False,False
/a/0/1/4,/a/0/1/4!/member_00045,0,/a/0/1/4,143,45,,12508,12810,11832,12134,302,2b3e3ecd71fbcef04934ba45a6ce8d9f592764c564cbd87e6628f38d250fd69f,10b00200005247434efffe010100b002,,Nintendo LZ10,Probable,,True,Nintendo LZ10,Confirmed,True,688,True,688,de0843330c35f9e632fb76db336e1f843582c54da6a7277f1ecceea05ea62bb0,NCGR graphics,Confirmed,False,False
/a/0/1/4,/a/0/1/4!/member_00046,0,/a/0/1/4,143,46,,12812,12892,12136,12216,80,6333310c273d017e911756893cf6a15a918fc67d6cd346d526793fee2d751a5d,10670000005245434efffe0001006700,,Nintendo LZ10,Probable,,True,Nintendo LZ10,Confirmed,True,103,True,103,7ec961b713c2eea35c1a536fcbca3e2b6f37bc47f0274bb3a6a1ee0ecedae17c,NCER cell,Confirmed,False,False
/a/0/1/4,/a/0/1/4!/member_00047,0,/a/0/1/4,143,47,,12892,12981,12216,12305,89,a0b2f2d152c11df428055b6857537241ba3f6eb3d577800c235d80e407b8452e,106f000000524e414efffe0001006f00,,Nintendo LZ10,Probable,,True,Nintendo LZ10,Confirmed,True,111,True,111,30249884bd91f10bc9d4e13e7b1495f09991b6f488405a0cdbb61cfb402d10ca,NANR animation,Confirmed,False,False
/a/0/1/4,/a/0/1/4!/member_00048,0,/a/0/1/4,143,48,,12984,13206,12308,12530,222,0f95c1573d7fb305b7ca4c3bd43e65afdc0ee15538835e357de130d351e5ab23,10b00200005247434efffe010100b002,,Nintendo LZ10,Probable,,True,Nintendo LZ10,Confirmed,True,688,True,688,0d986a42375503ce0b8916846f74e686a3415429f8a3e27b4a411a8c162516b2,NCGR graphics,Confirmed,False,False
/a/0/1/4,/a/0/1/4!/member_00049,0,/a/0/1/4,143,49,,13208,13760,12532,13084,552,2b337fbbeee42d8e471378e126fa34c1a21239b33d217b018eff2eb2c1df6673,524c434efffe00012802000010000100,,NCLR palette,Confirmed,True,False,,,,,,,,,,False,False
/a/0/1/4,/a/0/1/4!/member_00050,0,/a/0/1/4,143,50,,13760,13834,13084,13158,74,8b76d679c4d9b88c5f638a67dd83c06e6c7e3495c61f7fe0da01ca3d6b2b01e0,10630000005245434efffe0001006300,,Nintendo LZ10,Probable,,True,Nintendo LZ10,Confirmed,True,99,True,99,f567aeab930bcf06c7e9e33c51190565a066807bc2150b9716653c4def79a4a1,NCER cell,Confirmed,False,False
/a/0/1/4,/a/0/1/4!/member_00051,0,/a/0/1/4,143,51,,13836,13925,13160,13249,89,a0b2f2d152c11df428055b6857537241ba3f6eb3d577800c235d80e407b8452e,106f000000524e414efffe0001006f00,,Nintendo LZ10,Probable,,True,Nintendo LZ10,Confirmed,True,111,True,111,30249884bd91f10bc9d4e13e7b1495f09991b6f488405a0cdbb61cfb402d10ca,NANR animation,Confirmed,False,False
/a/0/1/4,/a/0/1/4!/member_00052,0,/a/0/1/4,143,52,,13928,14245,13252,13569,317,a15c62605c694d4ad5341743f2e460e595a5c98847bca0a31a66f63aa041e117,10300200005247434efffe0101003002,,Nintendo LZ10,Probable,,True,Nintendo LZ10,Confirmed,True,560,True,560,b4b4babbd7f035942c38f50b11e6cf63a8206b739826a0aa2872f2cdd98b9aea,NCGR graphics,Confirmed,False,False
/a/0/1/4,/a/0/1/4!/member_00053,0,/a/0/1/4,143,53,,14248,14800,13572,14124,552,7b89d26816e7cb9acf49a213ecdbefe49bd36c2ff84befa07da8681a5ad17a58,524c434efffe00012802000010000100,,NCLR palette,Confirmed,True,False,,,,,,,,,,False,False
/a/0/1/4,/a/0/1/4!/member_00054,0,/a/0/1/4,143,54,,14800,14935,14124,14259,135,a55636b72e81994f85a17c5705c98e1c54745d529566e3cb026e5897cc60b067,10d40000005245434efffe000100d400,,Nintendo LZ10,Probable,,True,Nintendo LZ10,Confirmed,True,212,True,212,50115ce916254c59ed14ad87922dede5e0cce8dfb44cda7ac0ff0455e6e451d9,NCER cell,Confirmed,False,False
/a/0/1/4,/a/0/1/4!/member_00055,0,/a/0/1/4,143,55,,14936,15120,14260,14444,184,65d95bc003d64c8763e7a239a69d73a266aac4ea1963bdeb5a33a7ff4a8b6218,1080010000524e414efffe0001008001,,Nintendo LZ10,Probable,,True,Nintendo LZ10,Confirmed,True,384,True,384,f45f77d5d5dda6cd0fdbc60494fe0bd986c0554e9fc8e4a36e2018505078d353,NANR animation,Confirmed,False,False
/a/0/1/4,/a/0/1/4!/member_00056,0,/a/0/1/4,143,56,,15120,15339,14444,14663,219,4941444a55be7f2dcc9967ceea372755efed8df668be54657bc6911d91143e9c,10300200005247434efffe0101003002,,Nintendo LZ10,Probable,,True,Nintendo LZ10,Confirmed,True,560,True,560,c25b86e1c0ff3fd8c98669cd9449f23a8b6ce8c9fafbcbb19f0f946d8b7354a2,NCGR graphics,Confirmed,False,False
/a/0/1/4,/a/0/1/4!/member_00057,0,/a/0/1/4,143,57,,15340,15892,14664,15216,552,92731df0ff2d7e87ed88795780ce825b6c17eb10841cbaf2dad766a92810b109,524c434efffe00012802000010000100,,NCLR palette,Confirmed,True,False,,,,,,,,,,False,False
/a/0/1/4,/a/0/1/4!/member_00058,0,/a/0/1/4,143,58,,15892,15966,15216,15290,74,8b76d679c4d9b88c5f638a67dd83c06e6c7e3495c61f7fe0da01ca3d6b2b01e0,10630000005245434efffe0001006300,,Nintendo LZ10,Probable,,True,Nintendo LZ10,Confirmed,True,99,True,99,f567aeab930bcf06c7e9e33c51190565a066807bc2150b9716653c4def79a4a1,NCER cell,Confirmed,False,False
/a/0/1/4,/a/0/1/4!/member_00059,0,/a/0/1/4,143,59,,15968,16057,15292,15381,89,a0b2f2d152c11df428055b6857537241ba3f6eb3d577800c235d80e407b8452e,106f000000524e414efffe0001006f00,,Nintendo LZ10,Probable,,True,Nintendo LZ10,Confirmed,True,111,True,111,30249884bd91f10bc9d4e13e7b1495f09991b6f488405a0cdbb61cfb402d10ca,NANR animation,Confirmed,False,False
/a/0/1/4,/a/0/1/4!/member_00060,0,/a/0/1/4,143,60,,16060,16317,15384,15641,257,8c569524abcc40bfdd933c7cc5a1ee7db49f7f6a959e134663073da6a2b7541f,10300200005247434efffe0101003002,,Nintendo LZ10,Probable,,True,Nintendo LZ10,Confirmed,True,560,True,560,a96dcb734290ad5422200c877567fea0f9324c1e37b6973e64660d8436f92b53,NCGR graphics,Confirmed,False,False
/a/0/1/4,/a/0/1/4!/member_00061,0,/a/0/1/4,143,61,,16320,16872,15644,16196,552,7508806c67ee149aaac127b07cca892b3bc3f7be76f3ccf38972f0813f053d9c,524c434efffe00012802000010000100,,NCLR palette,Confirmed,True,False,,,,,,,,,,False,False
/a/0/1/4,/a/0/1/4!/member_00062,0,/a/0/1/4,143,62,,16872,16951,16196,16275,79,7204f1c1b55e3c500905d9d6cf204ef7fdfd04cf6653e9694c7e678a8f949f55,10630000005245434efffe0001006300,,Nintendo LZ10,Probable,,True,Nintendo LZ10,Confirmed,True,99,True,99,eb28204424ec898791be9b2500ac57c73615370f9be9a7cbc2284e967ae415e0,NCER cell,Confirmed,False,False
/a/0/1/4,/a/0/1/4!/member_00063,0,/a/0/1/4,143,63,,16952,17051,16276,16375,99,cd1c27ae4f1e5f1be8793b8db9e99cc0aa9a5136a45769602694f431828db4d8,1083000000524e414efffe0001008300,,Nintendo LZ10,Probable,,True,Nintendo LZ10,Confirmed,True,131,True,131,3754547de1f2f02f393f39302f69d9754b60ef43cdb6b1725fbf53205e368574,NANR animation,Confirmed,False,False
/a/0/1/4,/a/0/1/4!/member_00064,0,/a/0/1/4,143,64,,17052,17237,16376,16561,185,206dfd00fba679ed5f60365894abc01eefa859975867e41b77daf3b3e4ac0742,10300200005247434efffe0101003002,,Nintendo LZ10,Probable,,True,Nintendo LZ10,Confirmed,True,560,True,560,45c872607db0d170e6f09c9574a32026198229450683fc4c3d06c7cf5f94f362,NCGR graphics,Confirmed,False,False
/a/0/1/4,/a/0/1/4!/member_00065,0,/a/0/1/4,143,65,,17240,17375,16564,16699,135,49ca20c76b7fafc37a2351a1e1bf91db86cfe8c9ef38c32f5a5c79b9ac10d2f2,10aa0000005245434efffe000100aa00,,Nintendo LZ10,Probable,,True,Nintendo LZ10,Confirmed,True,170,True,170,e63263c2d4ddb3bf0557a5e9f8b6c324f82811beae35316fd1bdef550d827bb9,NCER cell,Confirmed,False,False
/a/0/1/4,/a/0/1/4!/member_00066,0,/a/0/1/4,143,66,,17376,17482,16700,16806,106,2fa2b6879a2b1dbaacea2a10eb0bd10f135fe4f124abcb651b02ebff15456908,109a000000524e414efffe0001009a00,,Nintendo LZ10,Probable,,True,Nintendo LZ10,Confirmed,True,154,True,154,2db7fb78dd747f600d608eae538a07457399a8d7d5d878debe6439464a1d543f,NANR animation,Confirmed,False,False
/a/0/1/4,/a/0/1/4!/member_00067,0,/a/0/1/4,143,67,,17484,18488,16808,17812,1004,4846235758e30826b4e41ccbaca6ce03e3ab2c3f3b9e18ae5633d791be346e15,10301300005247434efffe0101003013,,Nintendo LZ10,Probable,,True,Nintendo LZ10,Confirmed,True,4912,True,4912,d37d3b96582f74633e9641f3e16a653dca1c4e1c095fa05056d23577c478bd16,NCGR graphics,Confirmed,False,False
/a/0/1/4,/a/0/1/4!/member_00068,0,/a/0/1/4,143,68,,18488,18992,17812,18316,504,8e0545175d54afda78250ce6785a64fb6b033a7eace4b173a82fe21a4551c9a0,10260300005245434efffe0001002603,,Nintendo LZ10,Probable,,True,Nintendo LZ10,Confirmed,True,806,True,806,aaee9a6dc6b5292cc7f78ab28d70283d6eb7d3fbdf056e611eff2deeb0b2de47,NCER cell,Confirmed,False,False
/a/0/1/4,/a/0/1/4!/member_00069,0,/a/0/1/4,143,69,,18992,19302,18316,18626,310,0aea369597338d8ecaad93cd1bfb0cade2f99948479d18f850319dd1160afc57,108e020000524e414efffe0001008e02,,Nintendo LZ10,Probable,,True,Nintendo LZ10,Confirmed,True,654,True,654,5cd8411de82d02ce35a3918640c3d999ceebec3e7afffa2b67de736b48dde364,NANR animation,Confirmed,False,False
/a/0/1/4,/a/0/1/4!/member_00070,0,/a/0/1/4,143,70,,19304,21292,18628,20616,1988,7afe6e41ff8568e0a0d21b76af95aea74f19a6ed59188149b883945717c4f7d1,10302500005247434efffe0101003025,,Nintendo LZ10,Probable,,True,Nintendo LZ10,Confirmed,True,9520,True,9520,2ef0a5ebddc45235a218dfb19c34bcb46127793cd419d2991e5df9efa4c6c9d8,NCGR graphics,Confirmed,False,False
/a/0/1/4,/a/0/1/4!/member_00071,0,/a/0/1/4,143,71,,21292,21586,20616,20910,294,78ba479a36c024c1d0ed9d55dfbdd386f604ccb34b1f1faf2967b0b2cf7e4ea6,524c434efffe00012601000010000200,,NCLR palette,Confirmed,True,False,,,,,,,,,,False,False
/a/0/1/4,/a/0/1/4!/member_00072,0,/a/0/1/4,143,72,,21588,21712,20912,21036,124,260741469ba88ef0d3a5f3eee8fdd2c8b00867b353815f98624d69c4ebad93dc,524c434efffe00017c00000010000200,,NCLR palette,Confirmed,True,False,,,,,,,,,,False,False
/a/0/1/4,/a/0/1/4!/member_00073,0,/a/0/1/4,143,73,,21712,22997,21036,22321,1285,362d14caaea5385d0a4407cecac0d6ca2e70b35cff490fe1381e600d2d583efe,10401500005247434efffe0101004015,,Nintendo LZ10,Probable,,True,Nintendo LZ10,Confirmed,True,5440,True,5440,6535982f9e3c2e54c746f394c1a9ec6647ef79d2250ada87949ffaa617ca316d,NCGR graphics,Confirmed,False,False
/a/0/1/4,/a/0/1/4!/member_00074,0,/a/0/1/4,143,74,,23000,23369,22324,22693,369,d5a04f1d62fc3aa78aaa41a3719a8f68be784ea430516ffc8c2b2470114453f7,10240600005243534efffe0001002406,,Nintendo LZ10,Probable,,True,Nintendo LZ10,Confirmed,True,1572,True,1572,89f76f8450b645ef10c45f42790b81193ffd26f8a1ecc4b883f0ebe9315c9ce0,NSCR screen map,Confirmed,False,False
/a/0/1/4,/a/0/1/4!/member_00075,0,/a/0/1/4,143,75,,23372,23924,22696,23248,552,d3d8a19e60da14f145bd4ae1a2e3c4ea3003f6daf79badea5ef51668ec3da253,524c434efffe00012802000010000100,,NCLR palette,Confirmed,True,False,,,,,,,,,,False,False
/a/0/1/4,/a/0/1/4!/member_00076,0,/a/0/1/4,143,76,,23924,24596,23248,23920,672,4de7cbffb084cb48d1ead65555f15cd849dac8c37c3944a334a2cc189196ac5c,10401000005247434efffe0101004010,,Nintendo LZ10,Probable,,True,Nintendo LZ10,Confirmed,True,4160,True,4160,6d8f1fec5e5cecaf0c80431998109467b7d66d3772bbf0ad9f3d24d8f4f383f5,NCGR graphics,Confirmed,False,False
/a/0/1/4,/a/0/1/4!/member_00077,0,/a/0/1/4,143,77,,24596,24994,23920,24318,398,b627540dbe849b6c8be6fbc5d2a098942b9ae8726f56ec332c5331770c792032,10240800005243534efffe0001002408,,Nintendo LZ10,Probable,,True,Nintendo LZ10,Confirmed,True,2084,True,2084,334d3192ee6fd255f257ba70131242007d562a0f4664d095e9b54298ffcfd2df,NSCR screen map,Confirmed,False,False
/a/0/1/5,/a/0/1/5!/member_00000,0,/a/0/1/5,144,0,,812,2184,0,1372,1372,b3a43c514641d9e5f9d4a2f3c91abe8958ed1783cbf3cfdc48e1fd18eeb010b9,524e414efffe00015c05000010000300,,NANR animation,Confirmed,True,False,,,,,,,,,,False,False
/a/0/1/5,/a/0/1/5!/member_00001,0,/a/0/1/5,144,1,,2184,2612,1372,1800,428,ae07fa7828f5b974beaedea646965e32810649614394864ef83a1afc4086ba14,5245434efffe0001ac01000010000300,,NCER cell,Confirmed,True,False,,,,,,,,,,False,False
/a/0/1/5,/a/0/1/5!/member_00002,0,/a/0/1/5,144,2,,2612,19044,1800,18232,16432,0dcb9229d1efc239213284decc183ee8a06c1080c3bdf99734370b86f432c81d,5247434efffe01013040000010000100,,NCGR graphics,Confirmed,True,False,,,,,,,,,,False,False
/a/0/1/5,/a/0/1/5!/member_00003,0,/a/0/1/5,144,3,,19044,19596,18232,18784,552,513c61b74eedd0bc466468cd9c3b8aa35b184f5a4ea9ef96c90fb58907f29bf5,524c434efffe00012802000010000100,,NCLR palette,Confirmed,True,False,,,,,,,,,,False,False
/a/0/1/5,/a/0/1/5!/member_00004,0,/a/0/1/5,144,4,,19596,19836,18784,19024,240,2e7ff85f6b834e300940a7cabad31399c4804b33c0a96bb07787043cbbd857ab,524e414efffe0001f000000010000300,,NANR animation,Confirmed,True,False,,,,,,,,,,False,False
/a/0/1/5,/a/0/1/5!/member_00005,0,/a/0/1/5,144,5,,19836,20052,19024,19240,216,4fa3b583059451ea9b97bd4f28e0cc02485de0ef823f1f91f62e43ef03845153,5245434efffe0001d800000010000300,,NCER cell,Confirmed,True,False,,,,,,,,,,False,False
/a/0/1/5,/a/0/1/5!/member_00006,0,/a/0/1/5,144,6,,20052,20356,19240,19544,304,80557880d25d3c9582879f07bb295fdc72c354dbf747f42beb12897eb1fb16eb,5247434efffe01013001000010000100,,NCGR graphics,Confirmed,True,False,,,,,,,,,,False,False
/a/0/1/5,/a/0/1/5!/member_00007,0,/a/0/1/5,144,7,,20356,22468,19544,21656,2112,29696e0e020285b8b712970b3d361a7eda3dd1a8f6f45b4673e87cffdd40a150,5247434efffe01014008000010000200,,NCGR graphics,Confirmed,True,False,,,,,,,,,,False,False
/a/0/1/5,/a/0/1/5!/member_00008,0,/a/0/1/5,144,8,,22468,23020,21656,22208,552,1edd7a67533e597b3828c87d48a0797ffa8204d9657debc73c362252b19f62f7,524c434efffe00012802000010000100,,NCLR palette,Confirmed,True,False,,,,,,,,,,False,False
/a/0/1/5,/a/0/1/5!/member_00009,0,/a/0/1/5,144,9,,23020,25104,22208,24292,2084,fce6ca77284d99e9975d630a9e2888d620027b69b248d1515ca2dda4bf94f38d,5243534efffe00012408000010000100,,NSCR screen map,Confirmed,True,False,,,,,,,,,,False,False
/a/0/1/5,/a/0/1/5!/member_00010,0,/a/0/1/5,144,10,,25104,29264,24292,28452,4160,7ec7293420304b34216e4ae3c0afbac7de981ea1a4c56b2414a2c7794a238501,5247434efffe01014010000010000200,,NCGR graphics,Confirmed,True,False,,,,,,,,,,False,False
/a/0/1/5,/a/0/1/5!/member_00011,0,/a/0/1/5,144,11,,29264,29816,28452,29004,552,fd11ad904a708cab7965bcb2de4cb6caddbad1bf595a58e436235b95662f4637,524c434efffe00012802000010000100,,NCLR palette,Confirmed,True,False,,,,,,,,,,False,False
/a/0/1/5,/a/0/1/5!/member_00012,0,/a/0/1/5,144,12,,29816,31388,29004,30576,1572,d191281923361f2b79310df88decf920294e95d23e1ef3cf40ad402d4617b4a9,5243534efffe00012406000010000100,,NSCR screen map,Confirmed,True,False,,,,,,,,,,False,False
/a/0/1/5,/a/0/1/5!/member_00013,0,/a/0/1/5,144,13,,31388,31940,30576,31128,552,55513da5a8832dd3362b8b15ecb96104b838b588c1b5f6cdeb3b591f99404012,524c434efffe00012802000010000100,,NCLR palette,Confirmed,True,False,,,,,,,,,,False,False
/a/0/1/5,/a/0/1/5!/member_00014,0,/a/0/1/5,144,14,,31940,57924,31128,57112,25984,bc983ac534c34fd59a13824b07e3d78ed11d5ded60a4c2cd3186c5112b7a5ee0,5247434efffe01018065000010000200,,NCGR graphics,Confirmed,True,False,,,,,,,,,,False,False
/a/0/1/5,/a/0/1/5!/member_00015,0,/a/0/1/5,144,15,,57924,58476,57112,57664,552,c52e5695c39f0882977758e8cb8da49f3ea43351055056f698bc361cafe9a988,524c434efffe00012802000010000100,,NCLR palette,Confirmed,True,False,,,,,,,,,,False,False
/a/0/1/5,/a/0/1/5!/member_00016,0,/a/0/1/5,144,16,,58476,60588,57664,59776,2112,a06aabc6a975861028b7eee350e2351d6c026e89e8fa8dfb9d6ade9033ddb436,5247434efffe01014008000010000200,,NCGR graphics,Confirmed,True,False,,,,,,,,,,False,False
/a/0/1/5,/a/0/1/5!/member_00017,0,/a/0/1/5,144,17,,60588,61140,59776,60328,552,3d9b9966575f05fff18f2e8d7e4189851e72ad525c86c6af4c68ce16929000eb,524c434efffe00012802000010000100,,NCLR palette,Confirmed,True,False,,,,,,,,,,False,False
/a/0/1/5,/a/0/1/5!/member_00018,0,/a/0/1/5,144,18,,61140,61251,60328,60439,111,30249884bd91f10bc9d4e13e7b1495f09991b6f488405a0cdbb61cfb402d10ca,524e414efffe00016f00000010000300,,NANR animation,Confirmed,True,False,,,,,,,,,,False,False
/a/0/1/5,/a/0/1/5!/member_00019,0,/a/0/1/5,144,19,,61252,61359,60440,60547,107,cf1787e90933add36e347e91e44255574abc71a4a5562e69e744f4c3ef1a5962,5245434efffe00016b00000010000300,,NCER cell,Confirmed,True,False,,,,,,,,,,False,False
/a/0/1/5,/a/0/1/5!/member_00020,0,/a/0/1/5,144,20,,61360,61536,60548,60724,176,8b43da2231d3bee9c6a14a7eb18b18ff480a2aa7ede8a6a425e35a75fa0a6e9f,5247434efffe0101b000000010000100,,NCGR graphics,Confirmed,True,False,,,,,,,,,,False,False
/a/0/1/5,/a/0/1/5!/member_00021,0,/a/0/1/5,144,21,,61536,61647,60724,60835,111,30249884bd91f10bc9d4e13e7b1495f09991b6f488405a0cdbb61cfb402d10ca,524e414efffe00016f00000010000300,,NANR animation,Confirmed,True,False,,,,,,,,,,False,False
/a/0/1/5,/a/0/1/5!/member_00022,0,/a/0/1/5,144,22,,61648,61771,60836,60959,123,c95fb9c8b7a4f2424325992cceb528e6eeac84ec3025963564a483cbcff2860b,5245434efffe00017b00000010000300,,NCER cell,Confirmed,True,False,,,,,,,,,,False,False
/a/0/1/5,/a/0/1/5!/member_00023,0,/a/0/1/5,144,23,,61772,64252,60960,63440,2480,24b81c29eb62aa3e10e890c68c71d133e811bc926765b10c63866693bdb7c4be,5247434efffe0101b009000010000100,,NCGR graphics,Confirmed,True,False,,,,,,,,,,False,False
/a/0/1/5,/a/0/1/5!/member_00024,0,/a/0/1/5,144,24,,64252,64363,63440,63551,111,30249884bd91f10bc9d4e13e7b1495f09991b6f488405a0cdbb61cfb402d10ca,524e414efffe00016f00000010000300,,NANR animation,Confirmed,True,False,,,,,,,,,,False,False
/a/0/1/5,/a/0/1/5!/member_00025,0,/a/0/1/5,144,25,,64364,64495,63552,63683,131,f53df49fdd57186e79e287751dd0047d644dd24e7d6a8fee002291404de87e1e,5245434efffe00018300000010000300,,NCER cell,Confirmed,True,False,,,,,,,,,,False,False
/a/0/1/5,/a/0/1/5!/member_00026,0,/a/0/1/5,144,26,,64496,65696,63684,64884,1200,1fff5e67ee581a81bae88254f8d7cb01c4bb10352f6d4ba6d4fb2037da5337fe,5247434efffe0101b004000010000100,,NCGR graphics,Confirmed,True,False,,,,,,,,,,False,False
/a/0/1/5,/a/0/1/5!/member_00027,0,/a/0/1/5,144,27,,65696,65823,64884,65011,127,e719c5eedad655f4c76e43e76bc5b966821abd55d2638516360e71d769b0c0d0,524e414efffe00017f00000010000300,,NANR animation,Confirmed,True,False,,,,,,,,,,False,False
/a/0/1/5,/a/0/1/5!/member_00028,0,/a/0/1/5,144,28,,65824,65971,65012,65159,147,88d302ced02235827ec5a455ccc6c8c2d0feba3c226eaf88b1460e4391d5aca0,5245434efffe00019300000010000300,,NCER cell,Confirmed,True,False,,,,,,,,,,False,False
/a/0/1/5,/a/0/1/5!/member_00029,0,/a/0/1/5,144,29,,65972,72676,65160,71864,6704,051f14d967b0f3e359ae474b849edf646d78b05ed6c409baf4046583f2d06883,5247434efffe0101301a000010000100,,NCGR graphics,Confirmed,True,False,,,,,,,,,,False,False
/a/0/1/5,/a/0/1/5!/member_00030,0,/a/0/1/5,144,30,,72676,73228,71864,72416,552,3a4f33d23fac6c1bc72558615d9789f063050012328fc041ae4c83315407ebdc,524c434efffe00012802000010000100,,NCLR palette,Confirmed,True,False,,,,,,,,,,False,False
/a/0/1/5,/a/0/1/5!/member_00031,0,/a/0/1/5,144,31,,73228,74600,72416,73788,1372,b3a43c514641d9e5f9d4a2f3c91abe8958ed1783cbf3cfdc48e1fd18eeb010b9,524e414efffe00015c05000010000300,,NANR animation,Confirmed,True,False,,,,,,,,,,False,False
/a/0/1/5,/a/0/1/5!/member_00032,0,/a/0/1/5,144,32,,74600,75028,73788,74216,428,ae07fa7828f5b974beaedea646965e32810649614394864ef83a1afc4086ba14,5245434efffe0001ac01000010000300,,NCER cell,Confirmed,True,False,,,,,,,,,,False,False
/a/0/1/5,/a/0/1/5!/member_00033,0,/a/0/1/5,144,33,,75028,91460,74216,90648,16432,c69c08045ce79c395f91dbf969b336684a5e12b0f90c228214b50a3cb385c5c9,5247434efffe01013040000010000100,,NCGR graphics,Confirmed,True,False,,,,,,,,,,False,False
/a/0/1/5,/a/0/1/5!/member_00034,0,/a/0/1/5,144,34,,91460,92012,90648,91200,552,513c61b74eedd0bc466468cd9c3b8aa35b184f5a4ea9ef96c90fb58907f29bf5,524c434efffe00012802000010000100,,NCLR palette,Confirmed,True,False,,,,,,,,,,False,False
/a/0/1/5,/a/0/1/5!/member_00035,0,/a/0/1/5,144,35,,92012,93072,91200,92260,1060,d38e9ad768689d002dc3afca984ed4c3467a9e6cc1c5af0f897061403d9b9ed4,5243534efffe00012404000010000100,,NSCR screen map,Confirmed,True,False,,,,,,,,,,False,False
/a/0/1/5,/a/0/1/5!/member_00036,0,/a/0/1/5,144,36,,93072,98256,92260,97444,5184,c024a1a7b47d71079e891c6c66ee4222063b81eba4ff11df122d22eba9607f63,5247434efffe01014014000010000200,,NCGR graphics,Confirmed,True,False,,,,,,,,,,False,False
/a/0/1/5,/a/0/1/5!/member_00037,0,/a/0/1/5,144,37,,98256,99152,97444,98340,896,b70b8142a3d8d5ba5ad86de0d9d866c784391a7f3cf66bdb6533ee099817e221,5247434efffe01018003000010000200,,NCGR graphics,Confirmed,True,False,,,,,,,,,,False,False
/a/0/1/5,/a/0/1/5!/member_00038,0,/a/0/1/5,144,38,,99152,99704,98340,98892,552,a1384b572e73e6ad3c9bb734056e8e01aff15bd57d8ae7e90206996bc914c344,524c434efffe00012802000010000100,,NCLR palette,Confirmed,True,False,,,,,,,,,,False,False
/a/0/1/5,/a/0/1/5!/member_00039,0,/a/0/1/5,144,39,,99704,101788,98892,100976,2084,2ef11b9b6b8d1842255621a0051acfaf742697a1cbf4df94af846ea08d6452d2,5243534efffe00012408000010000100,,NSCR screen map,Confirmed,True,False,,,,,,,,,,False,False
/a/0/1/5,/a/0/1/5!/member_00040,0,/a/0/1/5,144,40,,101788,102340,100976,101528,552,7cb503557f8e9e87cab786c7c9dc5665271462d940d5fb26a34b549a3e48c303,524c434efffe00012802000010000100,,NCLR palette,Confirmed,True,False,,,,,,,,,,False,False
/a/0/1/5,/a/0/1/5!/member_00041,0,/a/0/1/5,144,41,,102340,102892,101528,102080,552,bc8c10b27931aa1a4c4bf658f7e838554129f54da405d95fa9209d8829f7dea1,524c434efffe00012802000010000100,,NCLR palette,Confirmed,True,False,,,,,,,,,,False,False
/a/0/1/5,/a/0/1/5!/member_00042,0,/a/0/1/5,144,42,,102892,104976,102080,104164,2084,a7fe824d67741a67d281a7b9366049a030dfe1b502a7ddbb984e44ef7d8ac199,5243534efffe00012408000010000100,,NSCR screen map,Confirmed,True,False,,,,,,,,,,False,False
/a/0/1/5,/a/0/1/5!/member_00043,0,/a/0/1/5,144,43,,104976,107060,104164,106248,2084,bd8c678c5a78f714c9b806ecb5b5816a86a6b981204700ec230efa7205544917,5243534efffe00012408000010000100,,NSCR screen map,Confirmed,True,False,,,,,,,,,,False,False
/a/0/1/5,/a/0/1/5!/member_00044,0,/a/0/1/5,144,44,,107060,109144,106248,108332,2084,e7aec91775793ae299cb83a09cf608d39d47c013ef0db9c44d248323c77ec2d1,5243534efffe00012408000010000100,,NSCR screen map,Confirmed,True,False,,,,,,,,,,False,False
/a/0/1/5,/a/0/1/5!/member_00045,0,/a/0/1/5,144,45,,109144,111228,108332,110416,2084,54cf567414fb18130707c29842a72d0a8b858bf6524a9c9f36554aa65e5eecd3,5243534efffe00012408000010000100,,NSCR screen map,Confirmed,True,False,,,,,,,,,,False,False
/a/0/1/5,/a/0/1/5!/member_00046,0,/a/0/1/5,144,46,,111228,119484,110416,118672,8256,d8b22bb476a80194d102d363150030d9deaa8e25c1ce383be6cc0c88959a2d61,5247434efffe01014020000010000200,,NCGR graphics,Confirmed,True,False,,,,,,,,,,False,False
/a/0/1/5,/a/0/1/5!/member_00047,0,/a/0/1/5,144,47,,119484,120036,118672,119224,552,1c57295da23b8fdefdbe3041aea3c24842b698e8d886c452e55ff990a36a0993,524c434efffe00012802000010000100,,NCLR palette,Confirmed,True,False,,,,,,,,,,False,False
/a/0/1/5,/a/0/1/5!/member_00048,0,/a/0/1/5,144,48,,120036,120588,119224,119776,552,e85bed242b7551431726669962ed7593c715bcde4b577ba3789478bc60458cd2,524c434efffe00012802000010000100,,NCLR palette,Confirmed,True,False,,,,,,,,,,False,False
/a/0/1/5,/a/0/1/5!/member_00049,0,/a/0/1/5,144,49,,120588,122486,119776,121674,1898,262866c95e0caa8007066fd454e7aa60e548a4669d6d9452223f8b40c6813d6d,5245434efffe00016a07000010000300,,NCER cell,Confirmed,True,False,,,,,,,,,,False,False
/a/0/1/5,/a/0/1/5!/member_00050,0,/a/0/1/5,144,50,,122488,124478,121676,123666,1990,cb6520d66c8d4734bc71536cd52cc8d10e5e5f4a143d3a151e80d56dfad5d40f,524e414efffe0001c607000010000300,,NANR animation,Confirmed,True,False,,,,,,,,,,False,False
/a/0/1/5,/a/0/1/5!/member_00051,0,/a/0/1/5,144,51,,124480,135088,123668,134276,10608,37d0fc57516492e41019a2de1378920f37586c0fc648736637b7818980d4f989,5247434efffe01017029000010000100,,NCGR graphics,Confirmed,True,False,,,,,,,,,,False,False
/a/0/1/5,/a/0/1/5!/member_00052,0,/a/0/1/5,144,52,,135088,137172,134276,136360,2084,be1fc5a88b8a5e1f21940b014897af59ddd186ca40637632e3196941c4b1a00c,5243534efffe00012408000010000100,,NSCR screen map,Confirmed,True,False,,,,,,,,,,False,False
/a/0/1/5,/a/0/1/5!/member_00053,0,/a/0/1/5,144,53,,137172,139256,136360,138444,2084,46b0bec963f4b8895baab7ca1e26c8ade55be70ca5ec2002e9ac5c2b158f4825,5243534efffe00012408000010000100,,NSCR screen map,Confirmed,True,False,,,,,,,,,,False,False
/a/0/1/5,/a/0/1/5!/member_00054,0,/a/0/1/5,144,54,,139256,141340,138444,140528,2084,b1821c825cc8e119d68e671c83b02977525351d3d0a8280982559fd82b857cd1,5243534efffe00012408000010000100,,NSCR screen map,Confirmed,True,False,,,,,,,,,,False,False
/a/0/1/5,/a/0/1/5!/member_00055,0,/a/0/1/5,144,55,,141340,191076,140528,190264,49736,d70f31585fcf91c9be4097c04a23b186b44726efbe86812a16acabd5a288f12c,424d4430fffe020048c2000010000200,,NSBMD model,Confirmed,True,False,,,,,,,,,,False,False
/a/0/1/5,/a/0/1/5!/member_00056,0,/a/0/1/5,144,56,,191076,191460,190264,190648,384,2a288b0224b413b0be6f5419639a814fe9ea25f1914d24682e8d84be9a7fd993,42545030fffe01008001000010000100,,NSBTP texture-pattern animation,Confirmed,True,False,,,,,,,,,,False,False
/a/0/1/5,/a/0/1/5!/member_00057,0,/a/0/1/5,144,57,,191460,191876,190648,191064,416,421999e8dd81d888fb083b60bef51ac533fe80656bbaef69a72740cfa6198275,42545030fffe0100a001000010000100,,NSBTP texture-pattern animation,Confirmed,True,False,,,,,,,,,,False,False
/a/0/1/5,/a/0/1/5!/member_00058,0,/a/0/1/5,144,58,,191876,192292,191064,191480,416,8721e54704fb95ab132fb36bb58098c5cb33bc8512bcdd129909c000c0aa6fd9,42545030fffe0100a001000010000100,,NSBTP texture-pattern animation,Confirmed,True,False,,,,,,,,,,False,False
/a/0/1/5,/a/0/1/5!/member_00059,0,/a/0/1/5,144,59,,192292,192708,191480,191896,416,99d9022710f75885182feb75d5c5c7ff34b92f2acf48c68e05f438e9a8574322,42545030fffe0100a001000010000100,,NSBTP texture-pattern animation,Confirmed,True,False,,,,,,,,,,False,False
/a/0/1/5,/a/0/1/5!/member_00060,0,/a/0/1/5,144,60,,192708,193124,191896,192312,416,c8a09e3bd9631394ecbda32c87c8f40aeeb8c2b5afb43fb9006d8146d0eb1dbc,42545030fffe0100a001000010000100,,NSBTP texture-pattern animation,Confirmed,True,False,,,,,,,,,,False,False
/a/0/1/5,/a/0/1/5!/member_00061,0,/a/0/1/5,144,61,,193124,193540,192312,192728,416,f6396263768cd6b62ed8e30f252ce9386e017e03aa57402b4e160f755c8aa760,42545030fffe0100a001000010000100,,NSBTP texture-pattern animation,Confirmed,True,False,,,,,,,,,,False,False
/a/0/1/5,/a/0/1/5!/member_00062,0,/a/0/1/5,144,62,,193540,193956,192728,193144,416,17843507aa1d233ec613b8e0a51399e645096415805f3a0312d82dfbb9b1adef,42545030fffe0100a001000010000100,,NSBTP texture-pattern animation,Confirmed,True,False,,,,,,,,,,False,False
/a/0/1/5,/a/0/1/5!/member_00063,0,/a/0/1/5,144,63,,193956,194372,193144,193560,416,e258f836ea5bf6d94b08c50b19a8273710d81486c860c83b484f8989bc21057d,42545030fffe0100a001000010000100,,NSBTP texture-pattern animation,Confirmed,True,False,,,,,,,,,,False,False
/a/0/1/5,/a/0/1/5!/member_00064,0,/a/0/1/5,144,64,,194372,194788,193560,193976,416,c9ed544857c21abeff6fc4b2bd32e03c696bc91508ed6bfd28c6caf78b9d3d37,42545030fffe0100a001000010000100,,NSBTP texture-pattern animation,Confirmed,True,False,,,,,,,,,,False,False
/a/0/1/5,/a/0/1/5!/member_00065,0,/a/0/1/5,144,65,,194788,195496,193976,194684,708,38681cd3a4e28e21c98df12147c1113eb6a2a146d2b50b7259e5f7548f40a476,42434130fffe0100c402000010000100,,NSBCA animation,Confirmed,True,False,,,,,,,,,,False,False
/a/0/1/5,/a/0/1/5!/member_00066,0,/a/0/1/5,144,66,,195496,196204,194684,195392,708,f58c27924a4eff691e068d30c35b5f7680ce1997c75b0e9799ed148df7dfd21f,42434130fffe0100c402000010000100,,NSBCA animation,Confirmed,True,False,,,,,,,,,,False,False
/a/0/1/5,/a/0/1/5!/member_00067,0,/a/0/1/5,144,67,,196204,196912,195392,196100,708,390fca7674d2d78b778faf4b571277e4357f2524875fe63da705726bb8e4761d,42434130fffe0100c402000010000100,,NSBCA animation,Confirmed,True,False,,,,,,,,,,False,False
/a/0/1/5,/a/0/1/5!/member_00068,0,/a/0/1/5,144,68,,196912,197620,196100,196808,708,0480eba16a714075d026667da150dc50a7cceb36f7ac3dc1cc663172afe6c57e,42434130fffe0100c402000010000100,,NSBCA animation,Confirmed,True,False,,,,,,,,,,False,False
/a/0/1/5,/a/0/1/5!/member_00069,0,/a/0/1/5,144,69,,197620,198328,196808,197516,708,4f489f258a56739bbb61a0817088d4475f029493173fdcc97bf121b2c9af5334,42434130fffe0100c402000010000100,,NSBCA animation,Confirmed,True,False,,,,,,,,,,False,False
/a/0/1/5,/a/0/1/5!/member_00070,0,/a/0/1/5,144,70,,198328,199036,197516,198224,708,963c5ba138005a7d345ba2a57a222089dd04b3c9298b0f2a4d45399dcf1ff10c,42434130fffe0100c402000010000100,,NSBCA animation,Confirmed,True,False,,,,,,,,,,False,False
/a/0/1/5,/a/0/1/5!/member_00071,0,/a/0/1/5,144,71,,199036,199744,198224,198932,708,200409f41df32ea948dc50537c12f2c481b834e5e101b899616b06125ae551d5,42434130fffe0100c402000010000100,,NSBCA animation,Confirmed,True,False,,,,,,,,,,False,False
/a/0/1/5,/a/0/1/5!/member_00072,0,/a/0/1/5,144,72,,199744,200452,198932,199640,708,60e79d412f91b50eb6177a3013efeba1b30d79a358a51af23b9f66f7f4cd213b,42434130fffe0100c402000010000100,,NSBCA animation,Confirmed,True,False,,,,,,,,,,False,False
/a/0/1/5,/a/0/1/5!/member_00073,0,/a/0/1/5,144,73,,200452,200684,199640,199872,232,15050d3f5ee00333ec1f2d5ff07ce2ad11befd2181462a379cbd0fd8a2a04b11,42544130fffe0100e800000010000100,,NSBTA texture animation,Confirmed,True,False,,,,,,,,,,False,False
/a/0/1/5,/a/0/1/5!/member_00074,0,/a/0/1/5,144,74,,200684,260120,199872,259308,59436,3efee4056d4564c4386f89f2ccabac103fbd0a838da6107747712a1e2a6b73d4,424d4430fffe02002ce8000010000200,,NSBMD model,Confirmed,True,False,,,,,,,,,,False,False
/a/0/1/5,/a/0/1/5!/member_00075,0,/a/0/1/5,144,75,,260120,260504,259308,259692,384,1a49bd564159a9e3f04b3275639668356a184df5a78942ddca6b1add4faa069c,42545030fffe01008001000010000100,,NSBTP texture-pattern animation,Confirmed,True,False,,,,,,,,,,False,False
/a/0/1/5,/a/0/1/5!/member_00076,0,/a/0/1/5,144,76,,260504,260952,259692,260140,448,e59f91d77366c258899da566cbdf24d38cea32c8b6e72ffb80f7007e4752f0a8,42545030fffe0100c001000010000100,,NSBTP texture-pattern animation,Confirmed,True,False,,,,,,,,,,False,False
/a/0/1/5,/a/0/1/5!/member_00077,0,/a/0/1/5,144,77,,260952,261400,260140,260588,448,4a30fae482b73c0deefb9926a9ea46c1e1ef0f3d8a0742d2b1728b4cec6d91b3,42545030fffe0100c001000010000100,,NSBTP texture-pattern animation,Confirmed,True,False,,,,,,,,,,False,False
/a/0/1/5,/a/0/1/5!/member_00078,0,/a/0/1/5,144,78,,261400,261848,260588,261036,448,da758f5dabad5e2b82bfe4f3fa8569f86f7ef4e0f214a575f45efedc390a4f33,42545030fffe0100c001000010000100,,NSBTP texture-pattern animation,Confirmed,True,False,,,,,,,,,,False,False
/a/0/1/5,/a/0/1/5!/member_00079,0,/a/0/1/5,144,79,,261848,262296,261036,261484,448,f8a56c4bb6b21800bdf56e74248f4ad5298622b8e522221e858773a3f827ed92,42545030fffe0100c001000010000100,,NSBTP texture-pattern animation,Confirmed,True,False,,,,,,,,,,False,False
/a/0/1/5,/a/0/1/5!/member_00080,0,/a/0/1/5,144,80,,262296,262744,261484,261932,448,96b26077585711d12ca8be81c6e630a31e751a25612dd3c9f1404e70780fa08e,42545030fffe0100c001000010000100,,NSBTP texture-pattern animation,Confirmed,True,False,,,,,,,,,,False,False
/a/0/1/5,/a/0/1/5!/member_00081,0,/a/0/1/5,144,81,,262744,263192,261932,262380,448,0cd2541ebc8439826b3e6a784689aed8c264465c017007788289ff672a27fd00,42545030fffe0100c001000010000100,,NSBTP texture-pattern animation,Confirmed,True,False,,,,,,,,,,False,False
/a/0/1/5,/a/0/1/5!/member_00082,0,/a/0/1/5,144,82,,263192,263640,262380,262828,448,0a098602747b4ea2536e469ae1f147ec4077c57ec23f1a2fc58e11a0e3bb9b0f,42545030fffe0100c001000010000100,,NSBTP texture-pattern animation,Confirmed,True,False,,,,,,,,,,False,False
/a/0/1/5,/a/0/1/5!/member_00083,0,/a/0/1/5,144,83,,263640,264088,262828,263276,448,6f071ad4a888cc8a2913fd1dd6801a8c61ae956e3b28e4ec2deaa59afa206c4f,42545030fffe0100c001000010000100,,NSBTP texture-pattern animation,Confirmed,True,False,,,,,,,,,,False,False
/a/0/1/5,/a/0/1/5!/member_00084,0,/a/0/1/5,144,84,,264088,264824,263276,264012,736,4531d3c768d1c02a2590b453dd89eab3f6f8334d7c01157275783a2c6a50fc3e,42434130fffe0100e002000010000100,,NSBCA animation,Confirmed,True,False,,,,,,,,,,False,False
/a/0/1/5,/a/0/1/5!/member_00085,0,/a/0/1/5,144,85,,264824,265560,264012,264748,736,30cadf568d5b8e7568623896cf756ba4f0aa332c9d6dfdf6a631463608ca5755,42434130fffe0100e002000010000100,,NSBCA animation,Confirmed,True,False,,,,,,,,,,False,False
/a/0/1/5,/a/0/1/5!/member_00086,0,/a/0/1/5,144,86,,265560,266296,264748,265484,736,542e64bb9dbdfae69a79a072dd92c6f37cae64674d7f927076e052361d5f0c94,42434130fffe0100e002000010000100,,NSBCA animation,Confirmed,True,False,,,,,,,,,,False,False
/a/0/1/5,/a/0/1/5!/member_00087,0,/a/0/1/5,144,87,,266296,267032,265484,266220,736,912d442eec5f343b2d5f79ac5e112183eb7fba97b124929474e362aab3f5f25c,42434130fffe0100e002000010000100,,NSBCA animation,Confirmed,True,False,,,,,,,,,,False,False
/a/0/1/5,/a/0/1/5!/member_00088,0,/a/0/1/5,144,88,,267032,267768,266220,266956,736,260d718a2c40996682ea445a4d6e5f58ceb094a378952937109273b8fbd85b6c,42434130fffe0100e002000010000100,,NSBCA animation,Confirmed,True,False,,,,,,,,,,False,False
/a/0/1/5,/a/0/1/5!/member_00089,0,/a/0/1/5,144,89,,267768,268504,266956,267692,736,a4e8c4f9527efe99fba5d01dc2a5e4b4aff132115cf1c6c3f4dcd31396fb5d7e,42434130fffe0100e002000010000100,,NSBCA animation,Confirmed,True,False,,,,,,,,,,False,False
/a/0/1/5,/a/0/1/5!/member_00090,0,/a/0/1/5,144,90,,268504,269240,267692,268428,736,124fe5ab3afb57ad869120abbb1f2082713a153b31d02f3f15639852da278dc4,42434130fffe0100e002000010000100,,NSBCA animation,Confirmed,True,False,,,,,,,,,,False,False
/a/0/1/5,/a/0/1/5!/member_00091,0,/a/0/1/5,144,91,,269240,269976,268428,269164,736,e07060556663210ca10a11d4cdbb644f12ab5de16279b6dcecab2bc68ba8aca4,42434130fffe0100e002000010000100,,NSBCA animation,Confirmed,True,False,,,,,,,,,,False,False
/a/0/1/5,/a/0/1/5!/member_00092,0,/a/0/1/5,144,92,,269976,270208,269164,269396,232,bc8c7a21b0a768587286d179952058ebbe768a6f97aea1829817fd9a37077534,42544130fffe0100e800000010000100,,NSBTA texture animation,Confirmed,True,False,,,,,,,,,,False,False
/a/0/1/5,/a/0/1/5!/member_00093,0,/a/0/1/5,144,93,,270208,272292,269396,271480,2084,b27047c003fa249fd2d96378e7e57fbf7ecbfd14c4dc22df9d5189020f1c85e8,5243534efffe00012408000010000100,,NSCR screen map,Confirmed,True,False,,,,,,,,,,False,False
/a/0/1/5,/a/0/1/5!/member_00094,0,/a/0/1/5,144,94,,272292,274376,271480,273564,2084,742d8355c441b04679baf7cc5328b12c9bdb9eaf36a1aa7bc5ad648df2026152,5243534efffe00012408000010000100,,NSCR screen map,Confirmed,True,False,,,,,,,,,,False,False
/a/0/1/6,/a/0/1/6!/member_00000,0,/a/0/1/6,145,0,,156,220873,0,220717,220717,6d536a2b7424ea56a509a73c58a4e174860b75f105cf36c94ee59f24875152b4,10000000105c0300700d000010100202,,Nintendo LZ10,Probable,,True,Nintendo LZ10,Probable,True,220176,False,,,,,False,False
/a/0/1/6,/a/0/1/6!/member_00001,0,/a/0/1/6,145,1,,220876,441593,220720,441437,220717,d2a15c00c619309813f0a13d9b728fbd3a2fe3dcf5c4a93f9ab80cf050f09f06,10000000105c0300700d000010100202,,Nintendo LZ10,Probable,,True,Nintendo LZ10,Probable,True,220176,False,,,,,False,False
/a/0/1/6,/a/0/1/6!/member_00002,0,/a/0/1/6,145,2,,441596,662313,441440,662157,220717,53b23fd62c59a38e18b938b1eab57ba09159256a42f9933f6d6c96287b19d6a2,10000000105c0300700d000010100202,,Nintendo LZ10,Probable,,True,Nintendo LZ10,Probable,True,220176,False,,,,,False,False
/a/0/1/6,/a/0/1/6!/member_00003,0,/a/0/1/6,145,3,,662316,695433,662160,695277,33117,40e9bdb43aa9e2d53955081a22b697f4db712740f75e03444aad3fbf62cc3161,10000000507f0000fd01000010100202,,Nintendo LZ10,Probable,,True,Nintendo LZ10,Probable,True,32592,False,,,,,False,False
/a/0/1/6,/a/0/1/6!/member_00004,0,/a/0/1/6,145,4,,695436,916153,695280,915997,220717,6063e7757ccef2f20908cffe7547bc8b3952fcc09695ae27cab87cf01090b484,10000000105c0300700d000010100202,,Nintendo LZ10,Probable,,True,Nintendo LZ10,Probable,True,220176,False,,,,,False,False
/a/0/1/6,/a/0/1/6!/member_00005,0,/a/0/1/6,145,5,,916156,916584,916000,916428,428,706c163426d4506122dcf9764a104668436626098460ae5bdcdf0c1b49a49cf2,10200300005247434efffe0101002003,,Nintendo LZ10,Probable,,True,Nintendo LZ10,Confirmed,True,800,True,800,b7295bdb9290af33c87ddde87001d42dab8928a3a8dd76ac0c39c670a373fffd,NCGR graphics,Confirmed,False,False
/a/0/1/6,/a/0/1/6!/member_00006,0,/a/0/1/6,145,6,,916584,918184,916428,918028,1600,c481f918ee468e8e0127f4fc5fd59e270e7d3520f6eedbdf32ebe9032b89e8b8,5247434efffe01014006000010000200,,NCGR graphics,Confirmed,True,False,,,,,,,,,,False,False
/a/0/1/6,/a/0/1/6!/member_00007,0,/a/0/1/6,145,7,,918184,918274,918028,918118,90,bda5804381c67de13cb4b0f0310346f4fdc9016231a3ebd088c2e37ada60de3b,524c434efffe00015a00000010000200,,NCLR palette,Confirmed,True,False,,,,,,,,,,False,False
/a/0/1/6,/a/0/1/6!/member_00008,0,/a/0/1/6,145,8,,918276,918366,918120,918210,90,d9437f0d4b95ee0283dd439f20d5071d1e3ba4923a68b00272597c71f60277c7,524c434efffe00015a00000010000200,,NCLR palette,Confirmed,True,False,,,,,,,,,,False,False
/a/0/1/6,/a/0/1/6!/member_00009,0,/a/0/1/6,145,9,,918368,918458,918212,918302,90,6d67d327a82ca3e368882400f6224ad9b9d11022b77e3fc71e67b1cb71f34d44,524c434efffe00015a00000010000200,,NCLR palette,Confirmed,True,False,,,,,,,,,,False,False
/a/0/1/6,/a/0/1/6!/member_00010,0,/a/0/1/6,145,10,,918460,1139177,918304,1139021,220717,67681b392ccbb2bb80e3a370ff43927e34a2b5498af45d67a931f0ae8aac9c65,10000000105c0300700d000010100202,,Nintendo LZ10,Probable,,True,Nintendo LZ10,Probable,True,220176,False,,,,,False,False
/a/0/1/6,/a/0/1/6!/member_00011,0,/a/0/1/6,145,11,,1139180,1168396,1139024,1168240,29216,372349e7bebbd6de29e380b9f6ea5f9e1475be9e554e0d24af42ee5f9f6fcde7,03000000fd0101001c00000000040000,,,,,False,,,,,,,,,,False,False
/a/0/1/6,/a/0/1/6!/member_00012,0,/a/0/1/6,145,12,,1168396,1201508,1168240,1201352,33112,5784847a82f7c273c9bfc2a27472564490db277268326c4717d4b9bc5a38b498,03000000fd0101001c00000000040000,,,,,False,,,,,,,,,,False,False
/a/0/1/7,/a/0/1/7!/member_00000,0,/a/0/1/7,146,0,,4164,4198,0,34,34,eb142b0cae0baa72a767ebc0823d1be94e14c5bfc52d8e417fc4302fceb6240c,00000000000000000000000000000000,,,,,False,,,,,,,,,,False,False
/a/0/1/7,/a/0/1/7!/member_00001,0,/a/0/1/7,146,1,,4200,4234,36,70,34,f94ad3dc75c8d0bd5c5b2571f7b901260afa7287581ec5b0b8e5c051d310b6ac,00000000000000001f09000100000000,,,,,False,,,,,,,,,,False,False
/a/0/1/7,/a/0/1/7!/member_00002,0,/a/0/1/7,146,2,,4236,4270,72,106,34,3c30cb822dcf9bd28f424581f96b653d5ef5dc49f1927c63fe1bd3236416fd63,b0040000000000001f09000100000100,,,,,False,,,,,,,,,,False,False
/a/0/1/7,/a/0/1/7!/member_00003,0,/a/0/1/7,146,3,,4272,4306,108,142,34,e1a4f93f384a846c7dd6e4d6c1244dfd5b147bf3f10404e9aa755039864370fc,58020000000000001f09000100000200,,,,,False,,,,,,,,,,False,False
/a/0/1/7,/a/0/1/7!/member_00004,0,/a/0/1/7,146,4,,4308,4342,144,178,34,2cbb6182dcae168eaddd51c16ac9f9210f80b768b79bd5801c4ab8e541d707cf,c8000000000000001f09000100000300,,,,,False,,,,,,,,,,False,False
/a/0/1/7,/a/0/1/7!/member_00005,0,/a/0/1/7,146,5,,4344,4378,180,214,34,d2f5cb3c7b3cbe61de3e857a1b57aa65d116e1bf3909010d05d7fac66c59c1fa,00000000000000001f09000100000400,,,,,False,,,,,,,,,,False,False
/a/0/1/7,/a/0/1/7!/member_00006,0,/a/0/1/7,146,6,,4380,4414,216,250,34,7f1458aac13ec6c173459529ddab108a299d43d184e43b4f21f3992f2c8ce3a4,e8030000000000001f09000100000500,,,,,False,,,,,,,,,,False,False
/a/0/1/7,/a/0/1/7!/member_00007,0,/a/0/1/7,146,7,,4416,4450,252,286,34,4852341a840ce36979aff0b3e52ed4ac582088f51c37747d17fef730a84f1c02,e8030000000000001f09000100000600,,,,,False,,,,,,,,,,False,False
/a/0/1/7,/a/0/1/7!/member_00008,0,/a/0/1/7,146,8,,4452,4486,288,322,34,732b56901cb8fa1d5e8cd0d0e5e8e5fa650b0acd9777da59e7cf9eceedb0cbaa,e8030000000000001f09000100000700,,,,,False,,,,,,,,,,False,False
/a/0/1/7,/a/0/1/7!/member_00009,0,/a/0/1/7,146,9,,4488,4522,324,358,34,e5dba6a50b25e3600f3bf03141e25d4e8deddac1a1cc24ed2ee51e3b7b64b815,e8030000000000001f09000100000800,,,,,False,,,,,,,,,,False,False
/a/0/1/7,/a/0/1/7!/member_00010,0,/a/0/1/7,146,10,,4524,4558,360,394,34,0ddbb5f08f1b400be4d3a1c94749df05e5ac8a40b42901735c35d4d973cf051f,e8030000000000001f09000100000900,,,,,False,,,,,,,,,,False,False
/a/0/1/7,/a/0/1/7!/member_00011,0,/a/0/1/7,146,11,,4560,4594,396,430,34,38916085f7fef348689ef531ad05b85f7d5a1a1529b3ca3c8d55f2c553198864,e8030000000000001f09000100000a00,,,,,False,,,,,,,,,,False,False
/a/0/1/7,/a/0/1/7!/member_00012,0,/a/0/1/7,146,12,,4596,4630,432,466,34,c9503e8021139ff7bc533c2fdc9f384fb12533a3a0f3d2b3c522126ca7543d42,c8000000000000001f09000100000b00,,,,,False,,,,,,,,,,False,False
/a/0/1/7,/a/0/1/7!/member_00013,0,/a/0/1/7,146,13,,4632,4666,468,502,34,19ef47027a0ffaa63846eb40abc66e14ef01507f4e5847d724ff467331d52718,e8030000000000001f09000100000c00,,,,,False,,,,,,,,,,False,False
/a/0/1/7,/a/0/1/7!/member_00014,0,/a/0/1/7,146,14,,4668,4702,504,538,34,8cb122d6ceb1ce589715fa39dcf4c74b7637c65a3a1ae6608cfada907c558887,2c010000000000001f09000100000d00,,,,,False,,,,,,,,,,False,False
/a/0/1/7,/a/0/1/7!/member_00015,0,/a/0/1/7,146,15,,4704,4738,540,574,34,8c6f6ff1bb1003dbbcf9afbc03a4344ce23aa1e7b2676d1b7df0f579c5181028,e8030000000000001f09000100000e00,,,,,False,,,,,,,,,,False,False
/a/0/1/7,/a/0/1/7!/member_00016,0,/a/0/1/7,146,16,,4740,4774,576,610,34,c00590c9f0e8bf35d1e8502db331af17dff2a69d83315f3e6a0783a987e27167,c8000000000000001f09000100000f00,,,,,False,,,,,,,,,,False,False
/a/0/1/7,/a/0/1/7!/member_00017,0,/a/0/1/7,146,17,,4776,4810,612,646,34,d6f4b438d23c54b6e466975a17946ba1c41c856f392bf7095df0a5e94beb5710,2c01001400001e009f20010201000000,,,,,False,,,,,,,,,,False,False
/a/0/1/7,/a/0/1/7!/member_00018,0,/a/0/1/7,146,18,,4812,4846,648,682,34,b33d1173cce7d54bc8263290b763abafac26edc6b6c8140c61d1573a8f23c1b8,6400000000001e009f40010201000200,,,,,False,,,,,,,,,,False,False
/a/0/1/7,/a/0/1/7!/member_00019,0,/a/0/1/7,146,19,,4848,4882,684,718,34,32e19cf9ed45da8ca6c153c21217d389ff75930c9b371df79ae7611a5332fa00,fa00000000001e009f40010201000400,,,,,False,,,,,,,,,,False,False
/a/0/1/7,/a/0/1/7!/member_00020,0,/a/0/1/7,146,20,,4884,4918,720,754,34,578fdc18de38c6719d3013c2aa669a67ae169d82903e8ab810120fef6b8a3ab0,fa00000000001e009f40010201000800,,,,,False,,,,,,,,,,False,False
/a/0/1/7,/a/0/1/7!/member_00021,0,/a/0/1/7,146,21,,4920,4954,756,790,34,eca9eb9eeac514c7a7c8a91cf9b974b91d7d707f4a16eb2e73b5f97f74c82437,fa00000000001e009f40010201000100,,,,,False,,,,,,,,,,False,False
/a/0/1/7,/a/0/1/7!/member_00022,0,/a/0/1/7,146,22,,4956,4990,792,826,34,5c69d155a4af110e547a31ebca3edeac073a333635c046c7d6fcfc12cab17689,c800000000001e009f40010201001000,,,,,False,,,,,,,,,,False,False
/a/0/1/7,/a/0/1/7!/member_00023,0,/a/0/1/7,146,23,,4992,5026,828,862,34,dde14edbc6948715f8d4726aefe966df4881c3295e2070c41d1d0bc30ac53fc7,b80b00ff00001e009f60010201003f00,,,,,False,,,,,,,,,,False,False
/a/0/1/7,/a/0/1/7!/member_00024,0,/a/0/1/7,146,24,,5028,5062,864,898,34,37dc8fb13935190260a7f57b18a258f41356b45a0806da98014cacb8a2651754,c40900ff00001e009f20010201000000,,,,,False,,,,,,,,,,False,False
/a/0/1/7,/a/0/1/7!/member_00025,0,/a/0/1/7,146,25,,5064,5098,900,934,34,d7d5eb6635e9c37b6a53e196ba42f57ce2f771f58b84437e4838b7bf19c5e0d0,b00400c800001e009f20010201000000,,,,,False,,,,,,,,,,False,False
/a/0/1/7,/a/0/1/7!/member_00026,0,/a/0/1/7,146,26,,5100,5134,936,970,34,aea305b08db974dd4a2c7f1ee8081cac4664caba4fa0b925305511db1c587a26,bc02003200001e009f20010201000000,,,,,False,,,,,,,,,,False,False
/a/0/1/7,/a/0/1/7!/member_00027,0,/a/0/1/7,146,27,,5136,5170,972,1006,34,c607fdb2a1d96fe97a258a4cc28fb6948fd0301f05277fe22640480c3bf26142,5802000000001e009f40010201003f00,,,,,False,,,,,,,,,,False,False
/a/0/1/7,/a/0/1/7!/member_00028,0,/a/0/1/7,146,28,,5172,5206,1008,1042,34,546908d774aa8d8a934dd54927177504223cc3b07c36d0b1ce63490cb07949cc,dc05000000001e009f40010201000001,,,,,False,,,,,,,,,,False,False
/a/0/1/7,/a/0/1/7!/member_00029,0,/a/0/1/7,146,29,,5208,5242,1044,1078,34,f1fff89086d5e8d59be3fbf4f52d11dd9fade5efb5ced62a9875a7cfa54d071c,a00f000000001e009f40010201000001,,,,,False,,,,,,,,,,False,False
/a/0/1/7,/a/0/1/7!/member_00030,0,/a/0/1/7,146,30,,5244,5278,1080,1114,34,46319cd5372d7ea29974baf7bcac6449d5e5eb6eeda1746ef6ea367ce9294bdb,c800003200001e009f20010201000000,,,,,False,,,,,,,,,,False,False
/a/0/1/7,/a/0/1/7!/member_00031,0,/a/0/1/7,146,31,,5280,5314,1116,1150,34,9f7a42ae6aded7ef88ae02ef5a7ccae9e7a732b7ba0399bfe21729a8fd8ddeeb,2c01003c00001e009f20010201000000,,,,,False,,,,,,,,,,False,False
/a/0/1/7,/a/0/1/7!/member_00032,0,/a/0/1/7,146,32,,5316,5350,1152,1186,34,2f8c527f67460486cc17c64f5fc65fc945a83110108d6234c04349867076b151,5e01005000001e009f20010201000000,,,,,False,,,,,,,,,,False,False
/a/0/1/7,/a/0/1/7!/member_00033,0,/a/0/1/7,146,33,,5352,5386,1188,1222,34,a4e92e9de247e62fbea9af900e38f3b8a63bb871ef4814fa0f0f1a7da6d10625,f401006400001e009f20010201000000,,,,,False,,,,,,,,,,False,False
/a/0/1/7,/a/0/1/7!/member_00034,0,/a/0/1/7,146,34,,5388,5422,1224,1258,34,8999f914a943addd4128124159cbfedf8bd256320e27072ad176c40db2a449d1,f401000000001e009f20010201000000,,,,,False,,,,,,,,,,False,False
/a/0/1/7,/a/0/1/7!/member_00035,0,/a/0/1/7,146,35,,5424,5458,1260,1294,34,1772f9470c26c2c19d1e207f40814b000e20bd9dea52b76e8bdf3904bb7991c8,2003000000001e009f20010201000000,,Nintendo Huffman,Probable,,True,Nintendo Huffman,Probable,False,3,,,,,,False,False
/a/0/1/7,/a/0/1/7!/member_00036,0,/a/0/1/7,146,36,,5460,5494,1296,1330,34,d420d53d393fec8f23b81378b7b6fc3ebd15daa7299130d36526fa0d29b83a3d,c201000000001e009f40010201003f00,,,,,False,,,,,,,,,,False,False
/a/0/1/7,/a/0/1/7!/member_00037,0,/a/0/1/7,146,37,,5496,5530,1332,1366,34,48d444570e5456e29472cacee75933cf83aa9d8ea9866b609f39f83ac21456ff,f00a000000001e009f40010201000001,,,,,False,,,,,,,,,,False,False
/a/0/1/7,/a/0/1/7!/member_00038,0,/a/0/1/7,146,38,,5532,5566,1368,1402,34,6cf3058405053bc8d73ca31e27c5c4f470b9956d52d93bf243b93ed192a02232,b004000a00001e009f80010201000000,,,,,False,,,,,,,,,,False,False
/a/0/1/7,/a/0/1/7!/member_00039,0,/a/0/1/7,146,39,,5568,5602,1404,1438,34,3c5a48d6f1fbf84ca1e74ea7e6be609dcd08db25beea718e9f0b50a0b39def45,d00700ff00001e009f80010201000000,,,,,False,,,,,,,,,,False,False
/a/0/1/7,/a/0/1/7!/member_00040,0,/a/0/1/7,146,40,,5604,5638,1440,1474,34,85024a78c3061b2ecc6123080507865bedde5d290bf3bba96edc78716759803b,b80b000a00001e009f80010201000000,,,,,False,,,,,,,,,,False,False
/a/0/1/7,/a/0/1/7!/member_00041,0,/a/0/1/7,146,41,,5640,5674,1476,1510,34,66a2bcf8d7cb540bd697245b1e5fef10464d8fec961010586dba193f737c0c9b,941100ff00001e009f80010201000000,,,,,False,,,,,,,,,,False,False
/a/0/1/7,/a/0/1/7!/member_00042,0,/a/0/1/7,146,42,,5676,5710,1512,1546,34,7a6b056061f3cd727df2154c47cdb6616437c5bfaf3fc475a7569cfbf8f1b4f8,c800000000001e009f40010201003f00,,,,,False,,,,,,,,,,False,False
/a/0/1/7,/a/0/1/7!/member_00043,0,/a/0/1/7,146,43,,5712,5746,1548,1582,34,47aeaedf03b47b9bc27e7dc4262d67f37199b9fe00f94fe3d7190dab670b65f7,6400011400001e009f20010201000000,,,,,False,,,,,,,,,,False,False
/a/0/1/7,/a/0/1/7!/member_00044,0,/a/0/1/7,146,44,,5748,5782,1584,1618,34,dc627b7036de8f34600b108dcd360023f5d93af299c50988383225dfdbcb186f,c800000000001e009f00010001000003,,,,,False,,,,,,,,,,False,False
/a/0/1/7,/a/0/1/7!/member_00045,0,/a/0/1/7,146,45,,5784,5818,1620,1654,34,351132419c7a7ad33fce06a71a01ffd958bdf90306fc1dde93e85616b2511371,4826000000001e009f00010001000000,,,,,False,,,,,,,,,,False,False
/a/0/1/7,/a/0/1/7!/member_00046,0,/a/0/1/7,146,46,,5820,5854,1656,1690,34,cda8cebfc01702db9b5ebe0745791a1159c01353225c16609558675a81e509dd,4826000000001e009f00010001000000,,,,,False,,,,,,,,,,False,False
/a/0/1/7,/a/0/1/7!/member_00047,0,/a/0/1/7,146,47,,5856,5890,1692,1726,34,5a9dfab190ca5d67466387300eba9f55642d532522c50d1251b4b4b335662317,4826000000001e009f00010001000000,,,,,False,,,,,,,,,,False,False
/a/0/1/7,/a/0/1/7!/member_00048,0,/a/0/1/7,146,48,,5892,5926,1728,1762,34,abd62fa50dfa301845c3b5ebd262157a24f4346663ff840ea38b04936c87fd2a,4826000000001e009f00010001000000,,,,,False,,,,,,,,,,False,False
/a/0/1/7,/a/0/1/7!/member_00049,0,/a/0/1/7,146,49,,5928,5962,1764,1798,34,8c59ef7eadc6dceb6dcfa5a98c31538bc51098224d7141ddc794b0379587d70c,4826000000001e009f00010001000000,,,,,False,,,,,,,,,,False,False
/a/0/1/7,/a/0/1/7!/member_00050,0,/a/0/1/7,146,50,,5964,5998,1800,1834,34,60fdc4574595c465a91aa999bb35ed33290f66fc74242de8ad35b5f7e429e0d7,c012000000001e009f00010001000005,,,,,False,,,,,,,,,,False,False
/a/0/1/7,/a/0/1/7!/member_00051,0,/a/0/1/7,146,51,,6000,6034,1836,1870,34,c06942282bcb06c24da686ae413d6eac1e7f8e2b8c1cce378033273e9f5438e3,4826000000001e009f00010001000000,,,,,False,,,,,,,,,,False,False
/a/0/1/7,/a/0/1/7!/member_00052,0,/a/0/1/7,146,52,,6036,6070,1872,1906,34,f3d89c4f8d79447030cd12b54175ea900c8ff79115be21df8508f08f7b566d9e,4826000000001e009f00010001000000,,,,,False,,,,,,,,,,False,False
/a/0/1/7,/a/0/1/7!/member_00053,0,/a/0/1/7,146,53,,6072,6106,1908,1942,34,2a7d422c3aeef5b6cd1ad336b7598a1cee5db3fcb5985493a515dacc14df0b8e,4826000000001e009f00010001000000,,,,,False,,,,,,,,,,False,False
/a/0/1/7,/a/0/1/7!/member_00054,0,/a/0/1/7,146,54,,6108,6142,1944,1978,34,7a6b056061f3cd727df2154c47cdb6616437c5bfaf3fc475a7569cfbf8f1b4f8,c800000000001e009f40010201003f00,,,,,False,,,,,,,,,,False,False
/a/0/1/7,/a/0/1/7!/member_00055,0,/a/0/1/7,146,55,,6144,6178,1980,2014,34,ef535fa49f34ccf1326f17959b563a533f54224b097e2e5c6f10d85e25f4748c,bc02000000001e001f13000001008000,,,,,False,,,,,,,,,,False,False
/a/0/1/7,/a/0/1/7!/member_00056,0,/a/0/1/7,146,56,,6180,6214,2016,2050,34,f37d4551cd4c455ea2746d58d4de6a3a91b8b735bbebf7f3c6cb13531faad29b,8a02000000001e001f13000001000000,,,,,False,,,,,,,,,,False,False
/a/0/1/7,/a/0/1/7!/member_00057,0,/a/0/1/7,146,57,,6216,6250,2052,2086,34,60efa092132069eec1a9a1b3749c6c5695472f3e91143a80698f08b10f5a313b,f401000000001e001f13000001000010,,,,,False,,,,,,,,,,False,False
/a/0/1/7,/a/0/1/7!/member_00058,0,/a/0/1/7,146,58,,6252,6286,2088,2122,34,9ad946698898cb789cbff1757e39aaab351e9c4c9a1a0bd2af05524606acc18c,2602000000001e001f13000001000000,,,,,False,,,,,,,,,,False,False
/a/0/1/7,/a/0/1/7!/member_00059,0,/a/0/1/7,146,59,,6288,6322,2124,2158,34,0b72a8b5d025ff83c03c6b3b66d5271ac9d2a1e7b734db962d9c6532ecb80a25,5e01000000001e001f13000001000000,,,,,False,,,,,,,,,,False,False
/a/0/1/7,/a/0/1/7!/member_00060,0,/a/0/1/7,146,60,,6324,6358,2160,2194,34,9f6ad86b6b7be5544bb3041aa74151aeda71c5b01703d788a7105cbeb532bf87,b603000000001e001f13000001000000,,,,,False,,,,,,,,,,False,False
/a/0/1/7,/a/0/1/7!/member_00061,0,/a/0/1/7,146,61,,6360,6394,2196,2230,34,0497116da8b2872ea1221ee12ddc3fb92285408563300dfff7b4f0c8567c4361,5e01000000001e001f13000001000000,,,,,False,,,,,,,,,,False,False
/a/0/1/7,/a/0/1/7!/member_00062,0,/a/0/1/7,146,62,,6396,6430,2232,2266,34,b2728fc5e784ffc27b9c228d56cb92e551410c74d163cf56e004b37c887384f8,5e01000000001e001f13000001000000,,,,,False,,,,,,,,,,False,False
/a/0/1/7,/a/0/1/7!/member_00063,0,/a/0/1/7,146,63,,6432,6466,2268,2302,34,5753445fa12da763c28a0c770ab886b0120f3eaf6ff230f917c88d4863ade8bc,e803000000001e001f13000301000000,,,,,False,,,,,,,,,,False,False
/a/0/1/7,/a/0/1/7!/member_00064,0,/a/0/1/7,146,64,,6468,6502,2304,2338,34,5753445fa12da763c28a0c770ab886b0120f3eaf6ff230f917c88d4863ade8bc,e803000000001e001f13000301000000,,,,,False,,,,,,,,,,False,False
/a/0/1/7,/a/0/1/7!/member_00065,0,/a/0/1/7,146,65,,6504,6538,2340,2374,34,cce262cc15aa9050b6e3e68e008613dbe184f681f839c33e31773ad68fe193eb,6400000000001e001f43000001000100,,,,,False,,,,,,,,,,False,False
/a/0/1/7,/a/0/1/7!/member_00066,0,/a/0/1/7,146,66,,6540,6574,2376,2410,34,aab966d86548f01a6d5701ead6fd6ac070e9eca6504b62e1de1b6595387202aa,c800000000001e001f43000001002000,,,,,False,,,,,,,,,,False,False
/a/0/1/7,/a/0/1/7!/member_00067,0,/a/0/1/7,146,67,,6576,6610,2412,2446,34,779fff71dd249895b31f3a5924c56e6173135aec50c57ffc8a89ae6787420b37,2c01000000001e001f43000001004000,,,,,False,,,,,,,,,,False,False
/a/0/1/7,/a/0/1/7!/member_00068,0,/a/0/1/7,146,68,,6612,6646,2448,2482,34,f1280fa9b73b014a805166c7fb6dbb9388af0e7b514a26db39e2e0260f7a7d56,9001003200001e001f00130001000000,,,,,False,,,,,,,,,,False,False
/a/0/1/7,/a/0/1/7!/member_00069,0,/a/0/1/7,146,69,,6648,6682,2484,2518,34,b3ac5f91076ab1c650c12fa4807cb4eccce98668667111462cd2150baef4d906,f401009600001e001f00130001000000,,,,,False,,,,,,,,,,False,False
/a/0/1/7,/a/0/1/7!/member_00070,0,/a/0/1/7,146,70,,6684,6718,2520,2554,34,89dc194dd36e3d4de98ff0f62363e958b8c4239d85d33335a2356efe8fddb420,1400000000001e001f00000001000000,,,,,False,,,,,,,,,,False,False
/a/0/1/7,/a/0/1/7!/member_00071,0,/a/0/1/7,146,71,,6720,6754,2556,2590,34,89dc194dd36e3d4de98ff0f62363e958b8c4239d85d33335a2356efe8fddb420,1400000000001e001f00000001000000,,,,,False,,,,,,,,,,False,False
/a/0/1/7,/a/0/1/7!/member_00072,0,/a/0/1/7,146,72,,6756,6790,2592,2626,34,6f963d52567f75fe6db9b9f32047811a990e73fcec9d86c6139d7f6381311686,c800000000001e001f00000001000000,,,,,False,,,,,,,,,,False,False
/a/0/1/7,/a/0/1/7!/member_00073,0,/a/0/1/7,146,73,,6792,6826,2628,2662,34,6f963d52567f75fe6db9b9f32047811a990e73fcec9d86c6139d7f6381311686,c800000000001e001f00000001000000,,,,,False,,,,,,,,,,False,False
/a/0/1/7,/a/0/1/7!/member_00074,0,/a/0/1/7,146,74,,6828,6862,2664,2698,34,6f963d52567f75fe6db9b9f32047811a990e73fcec9d86c6139d7f6381311686,c800000000001e001f00000001000000,,,,,False,,,,,,,,,,False,False
/a/0/1/7,/a/0/1/7!/member_00075,0,/a/0/1/7,146,75,,6864,6898,2700,2734,34,6f963d52567f75fe6db9b9f32047811a990e73fcec9d86c6139d7f6381311686,c800000000001e001f00000001000000,,,,,False,,,,,,,,,,False,False
/a/0/1/7,/a/0/1/7!/member_00076,0,/a/0/1/7,146,76,,6900,6934,2736,2770,34,693d5d0a17c09ab5ac605dad00d10f2151f47d9c49298a76a22a0c403bcd1368,f40100c800001e001f00130001000000,,,,,False,,,,,,,,,,False,False
/a/0/1/7,/a/0/1/7!/member_00077,0,/a/0/1/7,146,77,,6936,6970,2772,2806,34,105646d63fa6489b74e538efb123797c6f0015ed437192bc6f59c5fd8d545983,bc0200fa00001e001f00130001000000,,,,,False,,,,,,,,,,False,False
/a/0/1/7,/a/0/1/7!/member_00078,0,/a/0/1/7,146,78,,6972,7006,2808,2842,34,7b69796f911d725cd4eedabd3f89a66dbdedfbc19851d79e67a5b065b5b23a48,2602000000001e001f00150001000000,,,,,False,,,,,,,,,,False,False
/a/0/1/7,/a/0/1/7!/member_00079,0,/a/0/1/7,146,79,,7008,7042,2844,2878,34,794a00ce73527ea7dc281542600ee78a0c47a6539fe4a846368e3b7d0d455766,5e01006400001e001f00130001000000,,,,,False,,,,,,,,,,False,False
/a/0/1/7,/a/0/1/7!/member_00080,0,/a/0/1/7,146,80,,7044,7078,2880,2914,34,b5aab750576f96e4d4e39150f1ddbe984cdcbb4612bee0075a550e9610e13d57,3408000000001e001f00140001000008,,,,,False,,,,,,,,,,False,False
/a/0/1/7,/a/0/1/7!/member_00081,0,/a/0/1/7,146,81,,7080,7114,2916,2950,34,b5aab750576f96e4d4e39150f1ddbe984cdcbb4612bee0075a550e9610e13d57,3408000000001e001f00140001000008,,,,,False,,,,,,,,,,False,False
/a/0/1/7,/a/0/1/7!/member_00082,0,/a/0/1/7,146,82,,7116,7150,2952,2986,34,b5aab750576f96e4d4e39150f1ddbe984cdcbb4612bee0075a550e9610e13d57,3408000000001e001f00140001000008,,,,,False,,,,,,,,,,False,False
/a/0/1/7,/a/0/1/7!/member_00083,0,/a/0/1/7,146,83,,7152,7186,2988,3022,34,b5aab750576f96e4d4e39150f1ddbe984cdcbb4612bee0075a550e9610e13d57,3408000000001e001f00140001000008,,,,,False,,,,,,,,,,False,False
/a/0/1/7,/a/0/1/7!/member_00084,0,/a/0/1/7,146,84,,7188,7222,3024,3058,34,b5aab750576f96e4d4e39150f1ddbe984cdcbb4612bee0075a550e9610e13d57,3408000000001e001f00140001000008,,,,,False,,,,,,,,,,False,False
/a/0/1/7,/a/0/1/7!/member_00085,0,/a/0/1/7,146,85,,7224,7258,3060,3094,34,b5aab750576f96e4d4e39150f1ddbe984cdcbb4612bee0075a550e9610e13d57,3408000000001e001f00140001000008,,,,,False,,,,,,,,,,False,False
/a/0/1/7,/a/0/1/7!/member_00086,0,/a/0/1/7,146,86,,7260,7294,3096,3130,34,b6c56766edec8bc3c7b88963e9828a84ea9c740d9a02d442f759e6f82dad868b,f401000000001e001f00000001000000,,,,,False,,,,,,,,,,False,False
/a/0/1/7,/a/0/1/7!/member_00087,0,/a/0/1/7,146,87,,7296,7330,3132,3166,34,fe27152ed0ec73928a3a5767b5b81ea195d51207455f8522366eaf24e5fbaece,8813000000001e001f00000001000000,,,,,False,,,,,,,,,,False,False
/a/0/1/7,/a/0/1/7!/member_00088,0,/a/0/1/7,146,88,,7332,7366,3168,3202,34,e55ccc7fe95e573cb226f7a763151772f3e8050becd8c968e48f9ed4d59687a3,7805000000001e001f00000001000000,,,,,False,,,,,,,,,,False,False
/a/0/1/7,/a/0/1/7!/member_00089,0,/a/0/1/7,146,89,,7368,7402,3204,3238,34,9b5d19374416a1868c70d6bb71f76131f8748f5f634dedf58352fb443a10cad6,4c1d000000001e001f00000001000000,,,,,False,,,,,,,,,,False,False
/a/0/1/7,/a/0/1/7!/member_00090,0,/a/0/1/7,146,90,,7404,7438,3240,3274,34,1b18df8b5916cdfae286530edb3faaab8bb6ed2f2f9faa247a4084a8f72733b7,d007000000001e001f00000001000000,,,,,False,,,,,,,,,,False,False
/a/0/1/7,/a/0/1/7!/member_00091,0,/a/0/1/7,146,91,,7440,7474,3276,3310,34,aacedbcd727da304daa3ccf237dd747dc76e18baebc89900a2525aeee4e0da79,4826000000001e001f00000001000000,,,,,False,,,,,,,,,,False,False
/a/0/1/7,/a/0/1/7!/member_00092,0,/a/0/1/7,146,92,,7476,7510,3312,3346,34,d687d57f4a3dd3c17d2fd5ac4e620e21b39751162f4819c848917e8165684de4,1027000000001e001f00000001000000,,Nintendo LZ10,Probable,,True,Nintendo LZ10,Probable,True,39,False,,,,,False,False
/a/0/1/7,/a/0/1/7!/member_00093,0,/a/0/1/7,146,93,,7512,7546,3348,3382,34,1c1a864af4a3058c1c4bc6b51233f74a4d00680bdc10931d0dc7b472ee2d6643,6400000000001e001f00000001000000,,,,,False,,,,,,,,,,False,False
/a/0/1/7,/a/0/1/7!/member_00094,0,/a/0/1/7,146,94,,7548,7582,3384,3418,34,08a69e8ec4e98e49d3658876c3680c612d438039ca07ccbe340325648a0ae752,6400000000001e001f000e0001000000,,,,,False,,,,,,,,,,False,False
/a/0/1/7,/a/0/1/7!/member_00095,0,/a/0/1/7,146,95,,7584,7618,3420,3454,34,6f963d52567f75fe6db9b9f32047811a990e73fcec9d86c6139d7f6381311686,c800000000001e001f00000001000000,,,,,False,,,,,,,,,,False,False
/a/0/1/7,/a/0/1/7!/member_00096,0,/a/0/1/7,146,96,,7620,7654,3456,3490,34,6f963d52567f75fe6db9b9f32047811a990e73fcec9d86c6139d7f6381311686,c800000000001e001f00000001000000,,,,,False,,,,,,,,,,False,False
/a/0/1/7,/a/0/1/7!/member_00097,0,/a/0/1/7,146,97,,7656,7690,3492,3526,34,6f963d52567f75fe6db9b9f32047811a990e73fcec9d86c6139d7f6381311686,c800000000001e001f00000001000000,,,,,False,,,,,,,,,,False,False
/a/0/1/7,/a/0/1/7!/member_00098,0,/a/0/1/7,146,98,,7692,7726,3528,3562,34,6f963d52567f75fe6db9b9f32047811a990e73fcec9d86c6139d7f6381311686,c800000000001e001f00000001000000,,,,,False,,,,,,,,,,False,False
/a/0/1/7,/a/0/1/7!/member_00099,0,/a/0/1/7,146,99,,7728,7762,3564,3598,34,2758a47c7fac5f430f2cb5075535f7e8a7f4e86228da5be1a079bf9f3eb72633,e8030000000064001f00000001000000,,,,,False,,,,,,,,,,False,False
/a/0/1/7,/a/0/1/7!/member_00100,0,/a/0/1/7,146,100,,7764,7798,3600,3634,34,2758a47c7fac5f430f2cb5075535f7e8a7f4e86228da5be1a079bf9f3eb72633,e8030000000064001f00000001000000,,,,,False,,,,,,,,,,False,False
/a/0/1/7,/a/0/1/7!/member_00101,0,/a/0/1/7,146,101,,7800,7834,3636,3670,34,2758a47c7fac5f430f2cb5075535f7e8a7f4e86228da5be1a079bf9f3eb72633,e8030000000064001f00000001000000,,,,,False,,,,,,,,,,False,False
/a/0/1/7,/a/0/1/7!/member_00102,0,/a/0/1/7,146,102,,7836,7870,3672,3706,34,2758a47c7fac5f430f2cb5075535f7e8a7f4e86228da5be1a079bf9f3eb72633,e8030000000064001f00000001000000,,,,,False,,,,,,,,,,False,False
/a/0/1/7,/a/0/1/7!/member_00103,0,/a/0/1/7,146,103,,7872,7906,3708,3742,34,2758a47c7fac5f430f2cb5075535f7e8a7f4e86228da5be1a079bf9f3eb72633,e8030000000064001f00000001000000,,,,,False,,,,,,,,,,False,False
/a/0/1/7,/a/0/1/7!/member_00104,0,/a/0/1/7,146,104,,7908,7942,3744,3778,34,2758a47c7fac5f430f2cb5075535f7e8a7f4e86228da5be1a079bf9f3eb72633,e8030000000064001f00000001000000,,,,,False,,,,,,,,,,False,False
/a/0/1/7,/a/0/1/7!/member_00105,0,/a/0/1/7,146,105,,7944,7978,3780,3814,34,2758a47c7fac5f430f2cb5075535f7e8a7f4e86228da5be1a079bf9f3eb72633,e8030000000064001f00000001000000,,,,,False,,,,,,,,,,False,False
/a/0/1/7,/a/0/1/7!/member_00106,0,/a/0/1/7,146,106,,7980,8014,3816,3850,34,6215692ccab7060be802e599ae9d9637683dee3bcd5eae990729b8ee9d437b48,10270000000064001f00000001000000,,Nintendo LZ10,Probable,,True,Nintendo LZ10,Probable,True,39,False,,,,,False,False
/a/0/1/7,/a/0/1/7!/member_00107,0,/a/0/1/7,146,107,,8016,8050,3852,3886,34,7d1a3671167f8104227fc6253f79d9bab3a69e041c657d63d23aba1245e0190c,34080000000050001f00140001000008,,,,,False,,,,,,,,,,False,False
/a/0/1/7,/a/0/1/7!/member_00108,0,/a/0/1/7,146,108,,8052,8086,3888,3922,34,7d1a3671167f8104227fc6253f79d9bab3a69e041c657d63d23aba1245e0190c,34080000000050001f00140001000008,,,,,False,,,,,,,,,,False,False
/a/0/1/7,/a/0/1/7!/member_00109,0,/a/0/1/7,146,109,,8088,8122,3924,3958,34,7d1a3671167f8104227fc6253f79d9bab3a69e041c657d63d23aba1245e0190c,34080000000050001f00140001000008,,,,,False,,,,,,,,,,False,False
/a/0/1/7,/a/0/1/7!/member_00110,0,/a/0/1/7,146,110,,8124,8158,3960,3994,34,7d1a3671167f8104227fc6253f79d9bab3a69e041c657d63d23aba1245e0190c,34080000000050001f00140001000008,,,,,False,,,,,,,,,,False,False
/a/0/1/7,/a/0/1/7!/member_00111,0,/a/0/1/7,146,111,,8160,8194,3996,4030,34,a1cad37b44d3ee33d0422e7a655c0a8f0c5e5898c25db2e6fa1743db828cfd0a,34080000000050001f00000001000000,,,,,False,,,,,,,,,,False,False
/a/0/1/7,/a/0/1/7!/member_00112,0,/a/0/1/7,146,112,,8196,8230,4032,4066,34,8a2beb37c7581f9f656b7817820e01daf61ab40775a8123a66edba2118655aba,1027021400003c001f00000000000000,,Nintendo LZ10,Probable,,True,Nintendo LZ10,Probable,True,1311271,False,,,,,False,False
/a/0/1/7,/a/0/1/7!/member_00113,0,/a/0/1/7,146,113,,8232,8266,4068,4102,34,f56dd87064861def81267ed33a8664f3a758eb3ebbc68641117a04206b6ec3cd,1027031400003c001f00000000000000,,Nintendo LZ10,Probable,,True,Nintendo LZ10,Probable,True,1311527,False,,,,,False,False
/a/0/1/7,/a/0/1/7!/member_00114,0,/a/0/1/7,146,114,,8268,8302,4104,4138,34,151a156f053f24e26535de2789f63f2bc76d33369014e00d33e5c5bc655c6d3f,1027041400003c001f00000000000000,,Nintendo LZ10,Probable,,True,Nintendo LZ10,Probable,True,1311783,False,,,,,False,False
/a/0/1/7,/a/0/1/7!/member_00115,0,/a/0/1/7,146,115,,8304,8338,4140,4174,34,dedccb640c6b880e6810f08fc71513857fc448005cbdc0ae3cd322c8869c6cfa,32000000000000009f02070000000000,,,,,False,,,,,,,,,,False,False
/a/0/1/7,/a/0/1/7!/member_00116,0,/a/0/1/7,146,116,,8340,8374,4176,4210,34,ff475822bb08adec27ef2e34aa341388eafd8ca17ddcf26ee3bbe58233ab5407,32000000000000009f02070000000100,,,,,False,,,,,,,,,,False,False
/a/0/1/7,/a/0/1/7!/member_00117,0,/a/0/1/7,146,117,,8376,8410,4212,4246,34,f3bb93483043977409cb66516b652d57da2beb245c25019fc4065edc6c1056c5,32000000000000009f02070000000200,,,,,False,,,,,,,,,,False,False
/a/0/1/7,/a/0/1/7!/member_00118,0,/a/0/1/7,146,118,,8412,8446,4248,4282,34,e088fec1f5980111e002e16dd0025598c2e916f137ae657e57c76b554cddfd72,32000000000000009f02070000000300,,,,,False,,,,,,,,,,False,False
/a/0/1/7,/a/0/1/7!/member_00119,0,/a/0/1/7,146,119,,8448,8482,4284,4318,34,f4af0043079b8c09822dbd3f68d95b9d37e60bd218d006ae562a6f935b8509de,32000000000000009f02070000000400,,,,,False,,,,,,,,,,False,False
/a/0/1/7,/a/0/1/7!/member_00120,0,/a/0/1/7,146,120,,8484,8518,4320,4354,34,83c46e397ff6e0c7d55677c3fd79de279a0dd840fe361dd88c727b306a131ccd,32000000000000009f02070000000500,,,,,False,,,,,,,,,,False,False
/a/0/1/7,/a/0/1/7!/member_00121,0,/a/0/1/7,146,121,,8520,8554,4356,4390,34,92d064f656fa33b8c62a09c6889ea19da3e576635f465fd87496c1719c228ae8,32000000000000009f02070000000600,,,,,False,,,,,,,,,,False,False
/a/0/1/7,/a/0/1/7!/member_00122,0,/a/0/1/7,146,122,,8556,8590,4392,4426,34,477cc2a407ab4eafa61efd1800aa6767bd774dc14dc327591aa33faee4fb7a97,32000000000000009f02070000000700,,,,,False,,,,,,,,,,False,False
/a/0/1/7,/a/0/1/7!/member_00123,0,/a/0/1/7,146,123,,8592,8626,4428,4462,34,7d63951e6afa9937218fa88257f0a247c6c835d2d9bf85197354ec828e7f16d7,32000000000000009f02070000000800,,,,,False,,,,,,,,,,False,False
/a/0/1/7,/a/0/1/7!/member_00124,0,/a/0/1/7,146,124,,8628,8662,4464,4498,34,24e644ded037a87b3770d5328d5a82b1b9cc613807b54768721d0ad2e5289792,32000000000000009f02070000000900,,,,,False,,,,,,,,,,False,False
/a/0/1/7,/a/0/1/7!/member_00125,0,/a/0/1/7,146,125,,8664,8698,4500,4534,34,03f5cee5feba21ebb7b65b213131aae62a9af71ea7280b182d0f95c2706485d4,32000000000000009f02070000000a00,,,,,False,,,,,,,,,,False,False
/a/0/1/7,/a/0/1/7!/member_00126,0,/a/0/1/7,146,126,,8700,8734,4536,4570,34,b9fc216072e1883bbdd9f19d2b5910d4fe56771ba4a8e589097e6735d644cc38,32000000000000009f02070000000b00,,,,,False,,,,,,,,,,False,False
/a/0/1/7,/a/0/1/7!/member_00127,0,/a/0/1/7,146,127,,8736,8770,4572,4606,34,101c45dc24d6e470869e4d41986fa39ae0ec4815ee1eacf7e7a157484cab69c8,1400050001010a3c0a42080001001000,,,,,False,,,,,,,,,,False,False
/a/0/1/7,/a/0/1/7!/member_00128,0,/a/0/1/7,146,128,,8772,8806,4608,4642,34,f21a66379918eac7e9454d35d6d5d458a8a366b2d095887fae2bbb081a2fdca6,1400060002020a3c0b42080001000100,,,,,False,,,,,,,,,,False,False
/a/0/1/7,/a/0/1/7!/member_00129,0,/a/0/1/7,146,129,,8808,8842,4644,4678,34,f1065a8ffae959d486a85a576d2946511d088df6b04093f723a50edcf1b8f6f6,1400070003030a3c0d42080001000200,,,,,False,,,,,,,,,,False,False
/a/0/1/7,/a/0/1/7!/member_00130,0,/a/0/1/7,146,130,,8844,8878,4680,4714,34,0e293cdab888a1d5db0a12e52ea192c2a24de5f4f3ed8dd39cec01ebf9faaac4,1400080004040a3c0c42080001000400,,,,,False,,,,,,,,,,False,False
/a/0/1/7,/a/0/1/7!/member_00131,0,/a/0/1/7,146,131,,8880,8914,4716,4750,34,68e857f03480f9b34e8655a0a10cf2f778886bfba595c83df892637c4de750d0,1400090005050a3c0f42080001000800,,,,,False,,,,,,,,,,False,False
/a/0/1/7,/a/0/1/7!/member_00132,0,/a/0/1/7,146,132,,8916,8950,4752,4786,34,49cfdd7dace2d871fd34abbede2f4d30339df8014cd47e7f4f765f3921b39b0b,14000a0a06060a3c0182080001000000,,,,,False,,,,,,,,,,False,False
/a/0/1/7,/a/0/1/7!/member_00133,0,/a/0/1/7,146,133,,8952,8986,4788,4822,34,466b393e21a49bdcedd03b972feda715f009cf2e422aa427a97b4b3d78ceab92,1400010a07070a3c0322080001000000,,,,,False,,,,,,,,,,False,False
/a/0/1/7,/a/0/1/7!/member_00134,0,/a/0/1/7,146,134,,8988,9022,4824,4858,34,257228a8d067ae2940959cbc0ddd21d013e3440af7247fc167677f7dd91757c0,14000b0008080a3c0442080001002000,,,,,False,,,,,,,,,,False,False
/a/0/1/7,/a/0/1/7!/member_00135,0,/a/0/1/7,146,135,,9024,9058,4860,4894,34,d9657061686b4e07cd3e5cd17b401c1ea6d985f9cdc01883990d408f0f074adf,14000c0009090a3c0242080001003f00,,,,,False,,,,,,,,,,False,False
/a/0/1/7,/a/0/1/7!/member_00136,0,/a/0/1/7,146,136,,9060,9094,4896,4930,34,9fc4bf44a49c7fc44db45a5d7ebb1431c47733c5f18741dd2d4ff8d522a49946,14000d190a0a0a3c0e22080001000000,,,,,False,,,,,,,,,,False,False
/a/0/1/7,/a/0/1/7!/member_00137,0,/a/0/1/7,146,137,,9096,9130,4932,4966,34,3697707fc6750a98a43f48ab32e084db16f5648ff0c981876f2eefc48f48d261,14000e080b0b0a3c0602080001000000,,,,,False,,,,,,,,,,False,False
/a/0/1/7,/a/0/1/7!/member_00138,0,/a/0/1/7,146,138,,9132,9166,4968,5002,34,a08f8b6ff8d33fb43a6f46a719406590f99ce8e9244233ad33e93426925746cb,14000f080c0c0a3c0502080001000000,,,,,False,,,,,,,,,,False,False
/a/0/1/7,/a/0/1/7!/member_00139,0,/a/0/1/7,146,139,,9168,9202,5004,5038,34,b162cb2cc71045b5f2297872b767afda7a49bf7cf2fdcc581de2105338e2e96b,140010080d0d0a3c0702080001000000,,,,,False,,,,,,,,,,False,False
/a/0/1/7,/a/0/1/7!/member_00140,0,/a/0/1/7,146,140,,9204,9238,5040,5074,34,f8edada7e95e563a3345088bc6f791f30f9ed6c7350ea7d606bd47978f092a42,140011080e0e0a3c1002080001000000,,,,,False,,,,,,,,,,False,False
/a/0/1/7,/a/0/1/7!/member_00141,0,/a/0/1/7,146,141,,9240,9274,5076,5110,34,46bf28540815f38ba14e9b7b45f6e4ad65673596e63d017ba59fc7c4f78fcafe,140012080f0f0a3c1102080001000000,,,,,False,,,,,,,,,,False,False
/a/0/1/7,/a/0/1/7!/member_00142,0,/a/0/1/7,146,142,,9276,9310,5112,5146,34,dfcff7675bd9e8f63fd4afc36628b528f960262a2f7eceb3b33bbdb3962fd488,1400000000000a3c0802080001000000,,,,,False,,,,,,,,,,False,False
/a/0/1/7,/a/0/1/7!/member_00143,0,/a/0/1/7,146,143,,9312,9346,5148,5182,34,bd0dd79c9008f37baaa75acfef194540fbc9082bd7c335782917bfbc10e1de26,1400000000000a460a02080001000000,,,,,False,,,,,,,,,,False,False
/a/0/1/7,/a/0/1/7!/member_00144,0,/a/0/1/7,146,144,,9348,9382,5184,5218,34,d4af0c9520e1feee579585b1f3cef7a3447e9afe7effe734ef0f1cd3d932125a,1400000000000a460b02080001000000,,,,,False,,,,,,,,,,False,False
/a/0/1/7,/a/0/1/7!/member_00145,0,/a/0/1/7,146,145,,9384,9418,5220,5254,34,03104787d1d07b7430d635d45dae367a036153886e39eea915a6708d1cb27cf5,1400000000000a460d02080001000000,,,,,False,,,,,,,,,,False,False
/a/0/1/7,/a/0/1/7!/member_00146,0,/a/0/1/7,146,146,,9420,9454,5256,5290,34,294cc39c86409c445d8ff88e8f5161da0cee625c1614c9891657c1d3ea1fd386,1400000000000a460c02080001000000,,,,,False,,,,,,,,,,False,False
/a/0/1/7,/a/0/1/7!/member_00147,0,/a/0/1/7,146,147,,9456,9490,5292,5326,34,c586dfd5d8f7a6cd6bb3d270a2dfd79e5336cc56c7d966afe877eab179faf2e3,1400000000000a460f02080001000000,,,,,False,,,,,,,,,,False,False
/a/0/1/7,/a/0/1/7!/member_00148,0,/a/0/1/7,146,148,,9492,9526,5328,5362,34,cbf9e681a1a1a7dae97446b8421f34f4991948cb2ed35d7bf14021658539b7bf,1400000000000a460102080001000000,,,,,False,,,,,,,,,,False,False
/a/0/1/7,/a/0/1/7!/member_00149,0,/a/0/1/7,146,149,,9528,9562,5364,5398,34,47064399247865fcbf9c2dec822c9ab6be00709b68def48cb9b8b9429e1d160e,1400000000000a460302080001000000,,,,,False,,,,,,,,,,False,False
/a/0/1/7,/a/0/1/7!/member_00150,0,/a/0/1/7,146,150,,9564,9598,5400,5434,34,dbd699e32ed571802d186767699fa67201c8560cb89dcc4883fc46283aa9816c,1400000000000a460402080001000000,,,,,False,,,,,,,,,,False,False
/a/0/1/7,/a/0/1/7!/member_00151,0,/a/0/1/7,146,151,,9600,9634,5436,5470,34,91681f162c2455fbf4fbb97f63a836e9668f88e2ba9834715b9edee481aea9dd,1400000000000a460202080001000000,,,,,False,,,,,,,,,,False,False
/a/0/1/7,/a/0/1/7!/member_00152,0,/a/0/1/7,146,152,,9636,9670,5472,5506,34,1dbb9823eaac1d2659fe89a6645a0ae55538404de22fe5ff3f30cdcd3d210f06,1400000000000a460e02080001000000,,,,,False,,,,,,,,,,False,False
/a/0/1/7,/a/0/1/7!/member_00153,0,/a/0/1/7,146,153,,9672,9706,5508,5542,34,188c9c945a919fc07479e2a5de39843f25cfb324f0e951f59b9f1db9964e332b,1400000000000a460602080001000000,,,,,False,,,,,,,,,,False,False
/a/0/1/7,/a/0/1/7!/member_00154,0,/a/0/1/7,146,154,,9708,9742,5544,5578,34,f67b2356872205d0da1c5003cc3363a31192afc0ac6afed5a27421655c80f34f,1400000000000a460502080001000000,,,,,False,,,,,,,,,,False,False
/a/0/1/7,/a/0/1/7!/member_00155,0,/a/0/1/7,146,155,,9744,9778,5580,5614,34,3580ce0fafb370f1b15c79ded6628fc26f30983028835a3268501ab07124214c,1400000000000a460702080001000000,,,,,False,,,,,,,,,,False,False
/a/0/1/7,/a/0/1/7!/member_00156,0,/a/0/1/7,146,156,,9780,9814,5616,5650,34,a8e7600daa726cbfa7455cb16878fd4951fb44b173dd38facb08ae0b3a2b187a,1400000000000a461002080001000000,,,,,False,,,,,,,,,,False,False
/a/0/1/7,/a/0/1/7!/member_00157,0,/a/0/1/7,146,157,,9816,9850,5652,5686,34,c9c53c6fada17c39475b316574ad41a415594ebc96676dd29e2de6c61f3f0c58,1400000000000a461102080001000000,,,,,False,,,,,,,,,,False,False
/a/0/1/7,/a/0/1/7!/member_00158,0,/a/0/1/7,146,158,,9852,9886,5688,5722,34,5d2e2745c1ec42c9fda6fc6019b6c99adaf14e6af313a147b19088355ba90eb9,1400000000000a460802080001000000,,,,,False,,,,,,,,,,False,False
/a/0/1/7,/a/0/1/7!/member_00159,0,/a/0/1/7,146,159,,9888,9922,5724,5758,34,8e922788e799eb3b144add345286c2942068225474cd1184937eb63217b4b2c7,1400000000000a500a02080001000000,,,,,False,,,,,,,,,,False,False
/a/0/1/7,/a/0/1/7!/member_00160,0,/a/0/1/7,146,160,,9924,9958,5760,5794,34,196e5332755216ea6f136d702c924123807913e1ad82ceff4740eb46a84e7c74,1400000000000a500b02080001000000,,,,,False,,,,,,,,,,False,False
/a/0/1/7,/a/0/1/7!/member_00161,0,/a/0/1/7,146,161,,9960,9994,5796,5830,34,20e402bcd9bdd62fe2589b89f24b5bf0d5d5578cb0257975858c65e8a66780ea,1400000000000a500d02080001000000,,,,,False,,,,,,,,,,False,False
/a/0/1/7,/a/0/1/7!/member_00162,0,/a/0/1/7,146,162,,9996,10030,5832,5866,34,f2031c59aa0eb3b1e5ac6f200f2345a40d7617bce46a23e8abb4fa5fbc8a4714,1400130000000a3c0a02080001000000,,,,,False,,,,,,,,,,False,False
/a/0/1/7,/a/0/1/7!/member_00163,0,/a/0/1/7,146,163,,10032,10066,5868,5902,34,2687e28077ae1e2576aa6f2a8bc15adcc06e96aefc1b5889214553d54058b2ba,1400140000000a3c0b02080001000000,,,,,False,,,,,,,,,,False,False
/a/0/1/7,/a/0/1/7!/member_00164,0,/a/0/1/7,146,164,,10068,10102,5904,5938,34,bde4b631b2e937cec2d337fd2f8c6bf44ed71675f474c914ae74acf13a4da9ae,1400150000000a3c0d02080001000000,,,,,False,,,,,,,,,,False,False
/a/0/1/7,/a/0/1/7!/member_00165,0,/a/0/1/7,146,165,,10104,10138,5940,5974,34,3986e16e509050f255517587417c3f1fc23d03de54fa17408bb0712ac3c715ca,1400160000000a3c0c02080001000000,,,,,False,,,,,,,,,,False,False
/a/0/1/7,/a/0/1/7!/member_00166,0,/a/0/1/7,146,166,,10140,10174,5976,6010,34,9b54221e7efde035fd1d6cfba2f3c1f6b58a71d431084b6b71fdcb6f867786ba,1400170000000a3c0f02080001000000,,,,,False,,,,,,,,,,False,False
/a/0/1/7,/a/0/1/7!/member_00167,0,/a/0/1/7,146,167,,10176,10210,6012,6046,34,ec2682bda89f3a290156854c5e216d42d03337a791417e43793f2f90b78b7fb6,1400180000000a3c0102080001000000,,,,,False,,,,,,,,,,False,False
/a/0/1/7,/a/0/1/7!/member_00168,0,/a/0/1/7,146,168,,10212,10246,6048,6082,34,d2de43ce55e9b7c587b351c73217d39687783509ca743dfdf83f76f912da5963,1400190000000a3c0302080001000000,,,,,False,,,,,,,,,,False,False
/a/0/1/7,/a/0/1/7!/member_00169,0,/a/0/1/7,146,169,,10248,10282,6084,6118,34,26b45a8672e79a5ecc958b5dfd613db1976e96da98e28d2f68067d99355ffd02,14001a0000000a3c0402080001000000,,,,,False,,,,,,,,,,False,False
/a/0/1/7,/a/0/1/7!/member_00170,0,/a/0/1/7,146,170,,10284,10318,6120,6154,34,a5a1e0df3d4d7da48ba27006ae27a138b5e6ead0a427f9af521717020431fe5c,14001b0000000a3c0202080001000000,,,,,False,,,,,,,,,,False,False
/a/0/1/7,/a/0/1/7!/member_00171,0,/a/0/1/7,146,171,,10320,10354,6156,6190,34,07d075ed81f907ebcf87864c9247bdadad53e596f5a2a7952a56f9cc90218ad9,14001c0000000a3c0e02080001000000,,,,,False,,,,,,,,,,False,False
/a/0/1/7,/a/0/1/7!/member_00172,0,/a/0/1/7,146,172,,10356,10390,6192,6226,34,cf9aad94d4b2f0b952cf933f97784cce62f6b8ddf07a840c9ad181c71a15224d,14001d0000000a3c0602080001000000,,,,,False,,,,,,,,,,False,False
/a/0/1/7,/a/0/1/7!/member_00173,0,/a/0/1/7,146,173,,10392,10426,6228,6262,34,58da0afa890efc6b3d5add41199b1add76264ba4883f2f3c863fae8b8adfd918,14001e0000000a3c0502080001000000,,,,,False,,,,,,,,,,False,False
/a/0/1/7,/a/0/1/7!/member_00174,0,/a/0/1/7,146,174,,10428,10462,6264,6298,34,215b9d33950eebc20b65aae41d6573284b222175af2df1565863ed4fe0200865,14001f0000000a3c0702080001000000,,,,,False,,,,,,,,,,False,False
/a/0/1/7,/a/0/1/7!/member_00175,0,/a/0/1/7,146,175,,10464,10498,6300,6334,34,80d472910281a5e31673fa1b17701020ab1c3ff81102c1ac73dd61be4450881d,1400200000000a3c1002080001000000,,,,,False,,,,,,,,,,False,False
/a/0/1/7,/a/0/1/7!/member_00176,0,/a/0/1/7,146,176,,10500,10534,6336,6370,34,67c19c0de3649d519ab7e5b2fef80b93c82b23849701acb532675082d0d0aa71,1400210000000a3c1102080001000000,,,,,False,,,,,,,,,,False,False
/a/0/1/7,/a/0/1/7!/member_00177,0,/a/0/1/7,146,177,,10536,10570,6372,6406,34,352f8a188d02cd20098e68dffd0eab135d9f2e59fdcf1710255abfff121c5f76,1400220000000a3c0802080001000000,,,,,False,,,,,,,,,,False,False
/a/0/1/7,/a/0/1/7!/member_00178,0,/a/0/1/7,146,178,,10572,10606,6408,6442,34,ec2defdf3f77f3950c757623cd83e47fe626938f77a3dcf2740b17028c7ca605,1400230000000a3c0002080001000000,,,,,False,,,,,,,,,,False,False
/a/0/1/7,/a/0/1/7!/member_00179,0,/a/0/1/7,146,179,,10608,10642,6444,6478,34,c32faacbfa6088f94a3ac3c6ab55f08724340322ea0f5ede5509445eebcfebbf,1400240410100a500c02080001000000,,,,,False,,,,,,,,,,False,False
/a/0/1/7,/a/0/1/7!/member_00180,0,/a/0/1/7,146,180,,10644,10678,6480,6514,34,f73c484fe1e06bedbbcb8ed3eac2fd3d5a35e4b435051ff8587b426c5b7be1b9,1400250411110a500f02080001000000,,,,,False,,,,,,,,,,False,False
/a/0/1/7,/a/0/1/7!/member_00181,0,/a/0/1/7,146,181,,10680,10714,6516,6550,34,bad17aaeadad3e473b3bb9d134358b93cbbda79632b14a675c26fb5228e3df69,1400260412120a500102080001000000,,,,,False,,,,,,,,,,False,False
/a/0/1/7,/a/0/1/7!/member_00182,0,/a/0/1/7,146,182,,10716,10750,6552,6586,34,9ecfda4fb6b7ce591b4afdd7186566bd3d4353bdc891376216fff92c104ef826,1400270413130a500302080001000000,,,,,False,,,,,,,,,,False,False
/a/0/1/7,/a/0/1/7!/member_00183,0,/a/0/1/7,146,183,,10752,10786,6588,6622,34,75cb3a8803e96e7570a9ae0f01bd0416d4a4950ab0dbb8d5d2aec52bdf9a7c08,1400280414140a500402080001000000,,,,,False,,,,,,,,,,False,False
/a/0/1/7,/a/0/1/7!/member_00184,0,/a/0/1/7,146,184,,10788,10822,6624,6658,34,a7aa951e818c6330e88d0c77c5166af62016adc363df008bdef6912752982420,1400290415150a500202080001000000,,,,,False,,,,,,,,,,False,False
/a/0/1/7,/a/0/1/7!/member_00185,0,/a/0/1/7,146,185,,10824,10858,6660,6694,34,9d7676ae0ad0c17d19198c14c645c96060858459bff7bdb533d32b319bb56090,14002a0416160a500e02080001000000,,,,,False,,,,,,,,,,False,False
/a/0/1/7,/a/0/1/7!/member_00186,0,/a/0/1/7,146,186,,10860,10894,6696,6730,34,00bb514b86cf7f8ec11a919f7d4ec6b5da258700c45ce549e42c850615acad98,14002b0400000a500602080001000000,,,,,False,,,,,,,,,,False,False
/a/0/1/7,/a/0/1/7!/member_00187,0,/a/0/1/7,146,187,,10896,10930,6732,6766,34,0c2de142f43df873a82cd9984cc6667c6b6ae2963805606b8c6fa38a9601205f,14002c0417170a500502080001000000,,,,,False,,,,,,,,,,False,False
/a/0/1/7,/a/0/1/7!/member_00188,0,/a/0/1/7,146,188,,10932,10966,6768,6802,34,da487ae31801148c81a904390bf586836268e9d158a5f48dad3e964b1faaec33,14002d0400000a500702080001000000,,,,,False,,,,,,,,,,False,False
/a/0/1/7,/a/0/1/7!/member_00189,0,/a/0/1/7,146,189,,10968,11002,6804,6838,34,175b2504d80027fdb599023336a361146f5aaa5fe8f859248c3ac5fb59652fdd,14002e0800000a501002080001000000,,,,,False,,,,,,,,,,False,False
/a/0/1/7,/a/0/1/7!/member_00190,0,/a/0/1/7,146,190,,11004,11038,6840,6874,34,c723d56c51b7b7383d1c4f232fbe55c97360ea63e0c220feb03891a66f61aa06,14002f0800000a501102080001000000,,,,,False,,,,,,,,,,False,False
/a/0/1/7,/a/0/1/7!/member_00191,0,/a/0/1/7,146,191,,11040,11074,6876,6910,34,0311db604f856c844dd8b5b11173c010bb31a5a47c1af71db9c56896d78a88cf,0a00300a00000a001f00000000000000,,,,,False,,,,,,,,,,False,False
/a/0/1/7,/a/0/1/7!/member_00192,0,/a/0/1/7,146,192,,11076,11110,6912,6946,34,c37e98165f6ece3735407c87bcec4b063938baa6234e8de1c5691fd7c8b8c18f,6400310000180a001f00000000000000,,,,,False,,,,,,,,,,False,False
/a/0/1/7,/a/0/1/7!/member_00193,0,/a/0/1/7,146,193,,11112,11146,6948,6982,34,4ae587a7cfc2d1df313b9ac9d63a0a7b6cac51c13edb8bbb614666bc2300ec39,b80b320000003c001f00000000000000,,,,,False,,,,,,,,,,False,False
/a/0/1/7,/a/0/1/7!/member_00194,0,/a/0/1/7,146,194,,11148,11182,6984,7018,34,bc26d3c1dfda3346f2dd930ede93efe22f33d5bcd4f5ff1d2066d65b64b0ed25,b80b330000001e001f00000000000000,,,,,False,,,,,,,,,,False,False
/a/0/1/7,/a/0/1/7!/member_00195,0,/a/0/1/7,146,195,,11184,11218,7020,7054,34,e05cc57855aee0590de36004dac9b0f036c2af29b84d22191b43f085b83de069,64003414000050001f00000000000000,,,,,False,,,,,,,,,,False,False
/a/0/1/7,/a/0/1/7!/member_00196,0,/a/0/1/7,146,196,,11220,11254,7056,7090,34,b3ff4b39874a5de35ae1cc565832b84327401d7cd29cd104c8699c99c21608be,6400350000000a001f00000000000000,,,,,False,,,,,,,,,,False,False
/a/0/1/7,/a/0/1/7!/member_00197,0,/a/0/1/7,146,197,,11256,11290,7092,7126,34,56fdf96d65fde7a73a3a70397d5c6b95ce0417c15a9b992f81302cd2e03a4f24,6400360000190a001f00000000000000,,,,,False,,,,,,,,,,False,False
/a/0/1/7,/a/0/1/7!/member_00198,0,/a/0/1/7,146,198,,11292,11326,7128,7162,34,6f5a4e7d58c3ff1ed71e73fd38cd5ded5fd63c370c81fe9bd1e8202cdc6bdcd7,6400370000000a001f00000000000000,,,,,False,,,,,,,,,,False,False
/a/0/1/7,/a/0/1/7!/member_00199,0,/a/0/1/7,146,199,,11328,11362,7164,7198,34,07a0044cf9bba1e9c65d85d75a3ccdea0bc51e893fdaa93b71559b6cecc89630,6400380a001a1e001f00000000000000,,,,,False,,,,,,,,,,False,False
/a/0/1/7,/a/0/1/7!/member_00200,0,/a/0/1/7,146,200,,11364,11398,7200,7234,34,45985a1c928b6b1ca9329ab39c4d8eaeb51994fe2771850a54be7636f83e4b19,6400391400000a001f00000000000000,,,,,False,,,,,,,,,,False,False
/a/0/1/7,/a/0/1/7!/member_00201,0,/a/0/1/7,146,201,,11400,11434,7236,7270,34,6e41f5f5df34e4fce0415cd9e91bd4d33b608f2a58777e834ab4c0a3027efb57,64003a0a00001e001f00000000000000,,,,,False,,,,,,,,,,False,False
/a/0/1/7,/a/0/1/7!/member_00202,0,/a/0/1/7,146,202,,11436,11470,7272,7306,34,8a3a1eab04f6135c79552091448b14c00f5c2609f8ac4c476fac87efdf6dbf55,c8003b0000001e001f00000000000000,,,,,False,,,,,,,,,,False,False
/a/0/1/7,/a/0/1/7!/member_00203,0,/a/0/1/7,146,203,,11472,11506,7308,7342,34,ae5444fe2aec43276187f44ce14f98b1584cc655b4b86f46f7560bc954d405af,c8003c0000001e001f00000000000000,,,,,False,,,,,,,,,,False,False
/a/0/1/7,/a/0/1/7!/member_00204,0,/a/0/1/7,146,204,,11508,11542,7344,7378,34,0bbf367a543b7f4286e9b5fa1116a030f5bbecb6ada3ae10277c88420026d31d,c8003d0000005a001f00000000000000,,,,,False,,,,,,,,,,False,False
/a/0/1/7,/a/0/1/7!/member_00205,0,/a/0/1/7,146,205,,11544,11578,7380,7414,34,3d81729e36db1122ba4ad3c251b331d18aa1ffad16f436b1383f333a01c87e90,c8003e0000001e001f00000000000000,,,,,False,,,,,,,,,,False,False
/a/0/1/7,/a/0/1/7!/member_00206,0,/a/0/1/7,146,206,,11580,11614,7416,7450,34,2fd3e22c75275f13bf8a2055e8a78cfbb97a6e189c4d22fe7c6c39fe6c6e47f1,c8003f0000001e001f00000000000000,,,,,False,,,,,,,,,,False,False
/a/0/1/7,/a/0/1/7!/member_00207,0,/a/0/1/7,146,207,,11616,11650,7452,7486,34,825ff88cfad22eb0167ab635631249595fd7e33e5e382fe4b19708752f8249e1,c800400000001e001f00000000000000,,,,,False,,,,,,,,,,False,False
/a/0/1/7,/a/0/1/7!/member_00208,0,/a/0/1/7,146,208,,11652,11686,7488,7522,34,58926d0caca75acd10f6f6d3e3aafcba1619d1fc333eee4e77063a42ca64b4d6,c800410a00000a001f00000000000000,,,,,False,,,,,,,,,,False,False
/a/0/1/7,/a/0/1/7!/member_00209,0,/a/0/1/7,146,209,,11688,11722,7524,7558,34,e0f689df2c2ece7d5ee9b29c42ebf912031cf42f7f69e795494a98c2867c6ea0,c800420000001e001f00000000000000,,,,,False,,,,,,,,,,False,False
/a/0/1/7,/a/0/1/7!/member_00210,0,/a/0/1/7,146,210,,11724,11758,7560,7594,34,860f035fc0942a865718033575c2863bf3762abb8895a840ec440abe5583a118,c800430000001e001f00000000000000,,,,,False,,,,,,,,,,False,False
/a/0/1/7,/a/0/1/7!/member_00211,0,/a/0/1/7,146,211,,11760,11794,7596,7630,34,517022c553865b5bf24e82bce6dc34869b6bda5ebf09c45e400ff7da77e1f43f,6400441400001e001f00000000000000,,,,,False,,,,,,,,,,False,False
/a/0/1/7,/a/0/1/7!/member_00212,0,/a/0/1/7,146,212,,11796,11830,7632,7666,34,114da02444234f2e4403cd890c745f9d1a0e339c847624bec6b934baa81dc9e3,c800450a00000a001f00000000000000,,,,,False,,,,,,,,,,False,False
/a/0/1/7,/a/0/1/7!/member_00213,0,/a/0/1/7,146,213,,11832,11866,7668,7702,34,73d70b76c99d0b6936701383ed002e97653d182c300c90dc5d135e5dd3151b24,3408460a00001e001f00000000000000,,,,,False,,,,,,,,,,False,False
/a/0/1/7,/a/0/1/7!/member_00214,0,/a/0/1/7,146,214,,11868,11902,7704,7738,34,723d4a440a26d9de60dffd4cd191b5718db2fb61b29f63531dccc236098efb44,64004700001b1e001f00000000000000,,,,,False,,,,,,,,,,False,False
/a/0/1/7,/a/0/1/7!/member_00215,0,/a/0/1/7,146,215,,11904,11938,7740,7774,34,69b255c4532ba41565a837e3b28438c753329c85568e475867cb222c5af33dcd,6400481400000a001f00000000000000,,,,,False,,,,,,,,,,False,False
/a/0/1/7,/a/0/1/7!/member_00216,0,/a/0/1/7,146,216,,11940,11974,7776,7810,34,eb0c7fccdbe57f3a04b1d8808f61f1db915eb32bc32d44f3c516cb7468a48e5d,64004914000064001f00000000000000,,,,,False,,,,,,,,,,False,False
/a/0/1/7,/a/0/1/7!/member_00217,0,/a/0/1/7,146,217,,11976,12010,7812,7846,34,929049eeb7c71228a48689223d9d9fc910143f9ef8bd86fc5f120dc8f754f3b7,64004a1400001e001f00000000000000,,,,,False,,,,,,,,,,False,False
/a/0/1/7,/a/0/1/7!/member_00218,0,/a/0/1/7,146,218,,12012,12046,7848,7882,34,c401dd06dcde8a24c5a4593862e99ff2dba89d0efab30bd170e7db7ddb1310b6,64004b1400001e001f00000000000000,,,,,False,,,,,,,,,,False,False
/a/0/1/7,/a/0/1/7!/member_00219,0,/a/0/1/7,146,219,,12048,12082,7884,7918,34,06d2a9fc75e876eda3a9ef21049a9893545de58314a6b1474ad3fb1105c0098a,64004c1400001e001f00000000000000,,,,,False,,,,,,,,,,False,False
/a/0/1/7,/a/0/1/7!/member_00220,0,/a/0/1/7,146,220,,12084,12118,7920,7954,34,5eccf43a0249d84573f2d6fddb79bf58c121da66a73b9f7869732b2456eb1691,64004d1400001e001f00000000000000,,,,,False,,,,,,,,,,False,False
/a/0/1/7,/a/0/1/7!/member_00221,0,/a/0/1/7,146,221,,12120,12154,7956,7990,34,e23590e62c98ba09d64523a877d59f35b0fec691ac42a85bc96e3fdeb5c9f5ea,64004e1400001e001f00000000000000,,,,,False,,,,,,,,,,False,False
/a/0/1/7,/a/0/1/7!/member_00222,0,/a/0/1/7,146,222,,12156,12190,7992,8026,34,73d0489325ce07d6a64ac3dd980d5eb0e841c2f418909ff58227f5a17f40ea59,64004f14000032001f00000000000000,,,,,False,,,,,,,,,,False,False
/a/0/1/7,/a/0/1/7!/member_00223,0,/a/0/1/7,146,223,,12192,12226,8028,8062,34,96d24cf076ff681cdc2896cca2246a31c1400a1984d19a7aaec4944212665125,64005014001c46001f00000000000000,,,,,False,,,,,,,,,,False,False
/a/0/1/7,/a/0/1/7!/member_00224,0,/a/0/1/7,146,224,,12228,12262,8064,8098,34,5982cf137e8717cd9f14c1a3c96e4d3a8d2c8a8e441bb6a3d58e3dd12c277919,6400511400001e001f00000000000000,,,,,False,,,,,,,,,,False,False
/a/0/1/7,/a/0/1/7!/member_00225,0,/a/0/1/7,146,225,,12264,12298,8100,8134,34,9712fea794bafebb104b9ab6532c2252879a2fdc7f8ef62877c9ae667003bd94,6400521400001e001f00000000000000,,,,,False,,,,,,,,,,False,False
/a/0/1/7,/a/0/1/7!/member_00226,0,/a/0/1/7,146,226,,12300,12334,8136,8170,34,fe492e951997cea95c86e941585d801d99b4d25d75397fac230a34ed6b030ebd,6400531400001e001f00000000000000,,,,,False,,,,,,,,,,False,False
/a/0/1/7,/a/0/1/7!/member_00227,0,/a/0/1/7,146,227,,12336,12370,8172,8206,34,bd44af3cb1b5a94a505b29ed314d030e25226cebb8679cc4e0d26293863eb296,4826541400001e001f00000000000000,,,,,False,,,,,,,,,,False,False
/a/0/1/7,/a/0/1/7!/member_00228,0,/a/0/1/7,146,228,,12372,12406,8208,8242,34,4c30687a8ce08d378125e2c2779ff626fc9e969ad1858042103eaee59a7526b1,64005514000046001f00000000000000,,,,,False,,,,,,,,,,False,False
/a/0/1/7,/a/0/1/7!/member_00229,0,/a/0/1/7,146,229,,12408,12442,8244,8278,34,8fbfec5fcaa293d65789c08fddea4d173657cb8466cf6bc013c949ec18f47fef,6400561400000a001f00000000000000,,,,,False,,,,,,,,,,False,False
/a/0/1/7,/a/0/1/7!/member_00230,0,/a/0/1/7,146,230,,12444,12478,8280,8314,34,7f928a393ae6f82e96e3aa11f1fe1e2aadf2322929f1a11f12cb159952751186,3408570000001e001f00000000000000,,,,,False,,,,,,,,,,False,False
/a/0/1/7,/a/0/1/7!/member_00231,0,/a/0/1/7,146,231,,12480,12514,8316,8350,34,908a7f24f3f913a567fac9eb45d55b4493ab791c6f3e217345c883e8c4dc60d1,c800580800001e001f00000000000000,,,,,False,,,,,,,,,,False,False
/a/0/1/7,/a/0/1/7!/member_00232,0,/a/0/1/7,146,232,,12516,12550,8352,8386,34,e3312ce11853fee185661826b9a80d6232f45c6005a8c73b64c346626051e404,80254e1400000a001f00000000000000,,,,,False,,,,,,,,,,False,False
/a/0/1/7,/a/0/1/7!/member_00233,0,/a/0/1/7,146,233,,12552,12586,8388,8422,34,8688513c7ee3a2c6831619dfe616568ed7e443b8399781211a64c10d5a14c554,8025300a00000a001f00000000000000,,,,,False,,,,,,,,,,False,False
/a/0/1/7,/a/0/1/7!/member_00234,0,/a/0/1/7,146,234,,12588,12622,8424,8458,34,f4be9c6726eea8347963be8636d2825ed730b3ef77baed08774d1a332851c0f0,0a005900000028001f00000000000000,,,,,False,,,,,,,,,,False,False
/a/0/1/7,/a/0/1/7!/member_00235,0,/a/0/1/7,146,235,,12624,12658,8460,8494,34,858143624ea8b4f9fa6c54b6ca94c0d6813799a7170d5d78e88fa56e00eb3489,0a005a0000000a001f00000000000000,,,,,False,,,,,,,,,,False,False
/a/0/1/7,/a/0/1/7!/member_00236,0,/a/0/1/7,146,236,,12660,12694,8496,8530,34,4e6e4328c1a530e368c3cad4ab3c91ce29da2cdeb094536c9ce2c5e145be20ec,f4015b0000005a001f00000000000000,,,,,False,,,,,,,,,,False,False
/a/0/1/7,/a/0/1/7!/member_00237,0,/a/0/1/7,146,237,,12696,12730,8532,8566,34,a5fc84ca0eec51c85a1789bbc8044644f2bee72e4a9dcea8a50e39d7391832d9,c8005c0000003c001f00000000000000,,,,,False,,,,,,,,,,False,False
/a/0/1/7,/a/0/1/7!/member_00238,0,/a/0/1/7,146,238,,12732,12766,8568,8602,34,41ff7d9eb64b87a1bd9a6591a593e8e723b70ba63337e5fb6b8bc0e25127a1d0,6400000000000a001f00000000000000,,,,,False,,,,,,,,,,False,False
/a/0/1/7,/a/0/1/7!/member_00239,0,/a/0/1/7,146,239,,12768,12802,8604,8638,34,41ff7d9eb64b87a1bd9a6591a593e8e723b70ba63337e5fb6b8bc0e25127a1d0,6400000000000a001f00000000000000,,,,,False,,,,,,,,,,False,False
/a/0/1/7,/a/0/1/7!/member_00240,0,/a/0/1/7,146,240,,12804,12838,8640,8674,34,41ff7d9eb64b87a1bd9a6591a593e8e723b70ba63337e5fb6b8bc0e25127a1d0,6400000000000a001f00000000000000,,,,,False,,,,,,,,,,False,False
/a/0/1/7,/a/0/1/7!/member_00241,0,/a/0/1/7,146,241,,12840,12874,8676,8710,34,41ff7d9eb64b87a1bd9a6591a593e8e723b70ba63337e5fb6b8bc0e25127a1d0,6400000000000a001f00000000000000,,,,,False,,,,,,,,,,False,False
/a/0/1/7,/a/0/1/7!/member_00242,0,/a/0/1/7,146,242,,12876,12910,8712,8746,34,41ff7d9eb64b87a1bd9a6591a593e8e723b70ba63337e5fb6b8bc0e25127a1d0,6400000000000a001f00000000000000,,,,,False,,,,,,,,,,False,False
/a/0/1/7,/a/0/1/7!/member_00243,0,/a/0/1/7,146,243,,12912,12946,8748,8782,34,e99eca32882c781415a25b6f90c085845d769ba1f7dbfe286d326a0dbb8fe3bd,c8005d0a00000a001f00000000000000,,,,,False,,,,,,,,,,False,False
/a/0/1/7,/a/0/1/7!/member_00244,0,/a/0/1/7,146,244,,12948,12982,8784,8818,34,18ce093d9c334e1e9bc39868a63f299218e03d35a4abb664a67fff68265e6681,c8005e0a00000a001f00000000000000,,,,,False,,,,,,,,,,False,False
/a/0/1/7,/a/0/1/7!/member_00245,0,/a/0/1/7,146,245,,12984,13018,8820,8854,34,40c852f6729686897e005ececee5ff3fb10cf50e73f39b556aab6fd6a617694c,c8005f0a00000a001f00000000000000,,,,,False,,,,,,,,,,False,False
/a/0/1/7,/a/0/1/7!/member_00246,0,/a/0/1/7,146,246,,13020,13054,8856,8890,34,ac57b75616cccb8d76991483cfdd1d5534dd627658884f11544a93aef6d74f51,c800601400000a001f00000000000000,,,,,False,,,,,,,,,,False,False
/a/0/1/7,/a/0/1/7!/member_00247,0,/a/0/1/7,146,247,,13056,13090,8892,8926,34,6396f31fdf66a0ffb1b6a58c4acc72721632a8886d311e3859191620c8881eef,c800610300001e001f00000000000000,,,,,False,,,,,,,,,,False,False
/a/0/1/7,/a/0/1/7!/member_00248,0,/a/0/1/7,146,248,,13092,13126,8928,8962,34,3a230b070da80f2e8ae4a31eb7b13998803a4520aef12d2b86bd2d3965edd995,c800621e00001e001f00000000000000,,,,,False,,,,,,,,,,False,False
/a/0/1/7,/a/0/1/7!/member_00249,0,/a/0/1/7,146,249,,13128,13162,8964,8998,34,5d8e08004e15c2fa2c9995cb36625b142d9caeae6ec76b701307a1055fb93f2d,6400630000000a001f00000000000000,,,,,False,,,,,,,,,,False,False
/a/0/1/7,/a/0/1/7!/member_00250,0,/a/0/1/7,146,250,,13164,13198,9000,9034,34,7ef84d79654302e1b362764086a1973e24286790a21b58bd3bce3221c25d3177,64006400001d1e001f00000000000000,,,,,False,,,,,,,,,,False,False
/a/0/1/7,/a/0/1/7!/member_00251,0,/a/0/1/7,146,251,,13200,13234,9036,9070,34,3389a93782a2716ef70bc6e696375d8bd4a57705c41e6da1b98d0b4cc6bf23f5,64006500001e1e001f00000000000000,,,,,False,,,,,,,,,,False,False
/a/0/1/7,/a/0/1/7!/member_00252,0,/a/0/1/7,146,252,,13236,13270,9072,9106,34,5ced20284b82fe33ec2a0eb8bb68a7c2df079e70a98605995421c0cd44c4c2bf,0a00660000000a001f00000000000000,,,,,False,,,,,,,,,,False,False
/a/0/1/7,/a/0/1/7!/member_00253,0,/a/0/1/7,146,253,,13272,13306,9108,9142,34,531c6685c17f7b0b7f0e443683c01e0ea1c50255740c289581e785b6ac6f682e,c800670000000a001f00000000000000,,,,,False,,,,,,,,,,False,False
/a/0/1/7,/a/0/1/7!/member_00254,0,/a/0/1/7,146,254,,13308,13342,9144,9178,34,77228f551fe27f0396f0babd77b2af207caa43d328863661a81df88e98ee9bf0,c800681400000a001f00000000000000,,,,,False,,,,,,,,,,False,False
/a/0/1/7,/a/0/1/7!/member_00255,0,/a/0/1/7,146,255,,13344,13378,9180,9214,34,2e90664f5a1d319a1975229bdbc1a0af1f4c3622be90006f1ba25f5d4a509093,c800690a00001e001f00000000000000,,,,,False,,,,,,,,,,False,False
/a/0/1/7,/a/0/1/7!/member_00256,0,/a/0/1/7,146,256,,13380,13414,9216,9250,34,73ec8d247b49517df3364aa1ee55b1d8b74d50267f6c4ccf83d4029474d67d9b,c8006a00000082001f00000000000000,,,,,False,,,,,,,,,,False,False
/a/0/1/7,/a/0/1/7!/member_00257,0,/a/0/1/7,146,257,,13416,13450,9252,9286,34,effb3a815c017f57ad0d4b837bf80fb1caf3950c2f9d1a1399ba5e442bb4ff4e,c8006b0000000a001f00000000000000,,,,,False,,,,,,,,,,False,False
/a/0/1/7,/a/0/1/7!/member_00258,0,/a/0/1/7,146,258,,13452,13486,9288,9322,34,c39304c9b8a5f38f94ae9775f2fa75c8065a81464f5a1d2ec4d2e5de2c0c10c5,c8006c0000000a001f00000000000000,,,,,False,,,,,,,,,,False,False
/a/0/1/7,/a/0/1/7!/member_00259,0,/a/0/1/7,146,259,,13488,13522,9324,9358,34,942ea16a978e077231d9b65bb07ce3ec15d9a5d0f07cd4feffdb77147c5b44c0,c8006d1000001e001f00000000000000,,,,,False,,,,,,,,,,False,False
/a/0/1/7,/a/0/1/7!/member_00260,0,/a/0/1/7,146,260,,13524,13558,9360,9394,34,0d393b2d8018ca6e162186bdd52ae16973af12a2fd77827a325ab4b345872aff,c8006e03000028001f00000000000000,,,,,False,,,,,,,,,,False,False
/a/0/1/7,/a/0/1/7!/member_00261,0,/a/0/1/7,146,261,,13560,13594,9396,9430,34,16ce206626e9ed49d7cbf7518ac7bcae9e5a513d6f5ba1f094bdf5ba8468027a,c8006f0300000a001f00000000000000,,,,,False,,,,,,,,,,False,False
/a/0/1/7,/a/0/1/7!/member_00262,0,/a/0/1/7,146,262,,13596,13630,9432,9466,34,3c5006e7aa8d441df7baaf46a942ff54ea53dacfc92f280fe8c2f6be308b3214,c800700300003c001f00000000000000,,,,,False,,,,,,,,,,False,False
/a/0/1/7,/a/0/1/7!/member_00263,0,/a/0/1/7,146,263,,13632,13666,9468,9502,34,c58a08710854a26a4d5ccc397c91d51f5d7213d6f5abd77d5e9fca2164b3927c,c800710300003c001f00000000000000,,,,,False,,,,,,,,,,False,False
/a/0/1/7,/a/0/1/7!/member_00264,0,/a/0/1/7,146,264,,13668,13702,9504,9538,34,9994038fda3e122d32fc8361ab731e8b6aa96944ad9072cd9b4b8548690bc196,c800720000005a001f00000000000000,,,,,False,,,,,,,,,,False,False
/a/0/1/7,/a/0/1/7!/member_00265,0,/a/0/1/7,146,265,,13704,13738,9540,9574,34,0e662c61364dbb69ab46e1a05aaae36814e554469a746d7bf264030de637f1ca,c800730000000a001f00000000000000,,,,,False,,,,,,,,,,False,False
/a/0/1/7,/a/0/1/7!/member_00266,0,/a/0/1/7,146,266,,13740,13774,9576,9610,34,05d003027a02822d8b0d92ec521625aa542e467724216d83cd82756f582de3dd,c8007408000050001f00000000000000,,,,,False,,,,,,,,,,False,False
/a/0/1/7,/a/0/1/7!/member_00267,0,/a/0/1/7,146,267,,13776,13810,9612,9646,34,8b2a45e2eecd54cded724abe54a315e3b7fadf7fd4e07fb4782f83e8c07f8c8c,b80b7504000046001f00000000000000,,,,,False,,,,,,,,,,False,False
/a/0/1/7,/a/0/1/7!/member_00268,0,/a/0/1/7,146,268,,13812,13846,9648,9682,34,17fda149fdefd5e61a04f260aeb18bfd0fa829e09066eba6655f456ac078d8d8,b80b7604000046001f00000000000000,,,,,False,,,,,,,,,,False,False
/a/0/1/7,/a/0/1/7!/member_00269,0,/a/0/1/7,146,269,,13848,13882,9684,9718,34,f2ddd2746a79e27ac5e57e6e25cf41cbe5fa17b58cc088a98788f659948adf09,b80b7704000046001f00000000000000,,,,,False,,,,,,,,,,False,False
/a/0/1/7,/a/0/1/7!/member_00270,0,/a/0/1/7,146,270,,13884,13918,9720,9754,34,f78e791916e01e8d7f0d332e5efe477f7388503135bc18d7edc3d3f498a3437f,b80b7804000046001f00000000000000,,,,,False,,,,,,,,,,False,False
/a/0/1/7,/a/0/1/7!/member_00271,0,/a/0/1/7,146,271,,13920,13954,9756,9790,34,f60119c971369529fd043803fc6eced2363ec57295fe56b162120a9f3e00e98d,b80b7904000046001f00000000000000,,,,,False,,,,,,,,,,False,False
/a/0/1/7,/a/0/1/7!/member_00272,0,/a/0/1/7,146,272,,13956,13990,9792,9826,34,b73e1e76194a3f537095cd5e2a5ab3099806ccd9efd2eb6c77fedb4c1f14ac80,b80b7a04000046001f00000000000000,,,,,False,,,,,,,,,,False,False
/a/0/1/7,/a/0/1/7!/member_00273,0,/a/0/1/7,146,273,,13992,14026,9828,9862,34,4c70073e327930447fd4cb8826802a22510ed19608d9178dda1c74f37cdec5ed,64007b0000000a001f00000000000000,,,,,False,,,,,,,,,,False,False
/a/0/1/7,/a/0/1/7!/member_00274,0,/a/0/1/7,146,274,,14028,14062,9864,9898,34,e52a1118936d0b06307d4aa13626456e98c1e801aa64be34f28986acd0667a4d,c8007c1e00000a001f00000000000000,,,,,False,,,,,,,,,,False,False
/a/0/1/7,/a/0/1/7!/member_00275,0,/a/0/1/7,146,275,,14064,14098,9900,9934,34,0a20d5db731b4d693bc72e7e9c0067ad82eb2f8d5d151db15b5480abaa167101,c8007d0000000a001f00000000000000,,,,,False,,,,,,,,,,False,False
/a/0/1/7,/a/0/1/7!/member_00276,0,/a/0/1/7,146,276,,14100,14134,9936,9970,34,51832667a92c87c0d7840b0f6a17a4fc6b29e12f3e1ca7a124d6a319191ecb46,e8037e1400005a001f00000000000000,,,,,False,,,,,,,,,,False,False
/a/0/1/7,/a/0/1/7!/member_00277,0,/a/0/1/7,146,277,,14136,14170,9972,10006,34,edb155c8a2fe6cdd2d58f9cb82ba0cdee930aa51fc6de471af0a2602fd594427,e8037f1400005a001f00000000000000,,,,,False,,,,,,,,,,False,False
/a/0/1/7,/a/0/1/7!/member_00278,0,/a/0/1/7,146,278,,14172,14206,10008,10042,34,4c0a766f0e7e74b72f6b9f7b5fd06878b45250641cd86d0442a8fdbb3f22ccd8,e803801400005a001f00000000000000,,,,,False,,,,,,,,,,False,False
/a/0/1/7,/a/0/1/7!/member_00279,0,/a/0/1/7,146,279,,14208,14242,10044,10078,34,28e745a9beb6b777bf5894be7594f7c5c58134a5b098b893e0e0f0210a217706,e803811400005a001f00000000000000,,,,,False,,,,,,,,,,False,False
/a/0/1/7,/a/0/1/7!/member_00280,0,/a/0/1/7,146,280,,14244,14278,10080,10114,34,74623d82bf263e8041c74bcf1d60c690aee5edc1ba21a5814c01079a624653c7,e803821400005a001f00000000000000,,,,,False,,,,,,,,,,False,False
/a/0/1/7,/a/0/1/7!/member_00281,0,/a/0/1/7,146,281,,14280,14314,10116,10150,34,cd72cd708179795d9591133620ac3b12cd7ee880524b6ae4588cbe7b5954f210,e803831400005a001f00000000000000,,,,,False,,,,,,,,,,False,False
/a/0/1/7,/a/0/1/7!/member_00282,0,/a/0/1/7,146,282,,14316,14350,10152,10186,34,5037241863816ecb86121dd42023cf732c7d259f4aa8e22f1c82c32077f797fc,e803841400005a001f00000000000000,,,,,False,,,,,,,,,,False,False
/a/0/1/7,/a/0/1/7!/member_00283,0,/a/0/1/7,146,283,,14352,14386,10188,10222,34,493bf09ecd16f4b78e7e0b06dc9fb0c4df1f112c82df51ac94ed7cb16539420f,e803851400005a001f00000000000000,,,,,False,,,,,,,,,,False,False
/a/0/1/7,/a/0/1/7!/member_00284,0,/a/0/1/7,146,284,,14388,14422,10224,10258,34,9607e0f430730c5cb9e8e37e6a329760ee2451abb0096cdeba0102c5891e2006,e803861400005a001f00000000000000,,,,,False,,,,,,,,,,False,False
/a/0/1/7,/a/0/1/7!/member_00285,0,/a/0/1/7,146,285,,14424,14458,10260,10294,34,1ca177a8786b9562ef1a1db9c3384e1de3785be77e077f6326faf435649a45d9,e803871400005a001f00000000000000,,,,,False,,,,,,,,,,False,False
/a/0/1/7,/a/0/1/7!/member_00286,0,/a/0/1/7,146,286,,14460,14494,10296,10330,34,830f3324b7f2321e0614e7d9f05b5a34a04771aa4d5c0d9f1baf10ad8f7c0fc4,e803881400005a001f00000000000000,,,,,False,,,,,,,,,,False,False
/a/0/1/7,/a/0/1/7!/member_00287,0,/a/0/1/7,146,287,,14496,14530,10332,10366,34,9a041979a4729af5af37939b2630b86dfe45154e6aabd96f76c1f796f7740053,e803891400005a001f00000000000000,,,,,False,,,,,,,,,,False,False
/a/0/1/7,/a/0/1/7!/member_00288,0,/a/0/1/7,146,288,,14532,14566,10368,10402,34,4b658732cc27d39c75cd32ec01fb1f6606f2e60a1e900230a029335db7fe275a,e8038a1400005a001f00000000000000,,,,,False,,,,,,,,,,False,False
/a/0/1/7,/a/0/1/7!/member_00289,0,/a/0/1/7,146,289,,14568,14602,10404,10438,34,e2937ee1d48997f3e0023a23093588848803279e9a5cff4c476673bec78288fa,e8038b1400005a001f00000000000000,,,,,False,,,,,,,,,,False,False
/a/0/1/7,/a/0/1/7!/member_00290,0,/a/0/1/7,146,290,,14604,14638,10440,10474,34,60102b480bed7e646b220f474a4004843079839b1e0eabb84c0b79d5310727d9,e8038c1400005a001f00000000000000,,,,,False,,,,,,,,,,False,False
/a/0/1/7,/a/0/1/7!/member_00291,0,/a/0/1/7,146,291,,14640,14674,10476,10510,34,87fd8e14d82c24cd8b45e50bd784ccd264d5d45a931d9eadb911262d12b1b0a6,e8038d1400005a001f00000000000000,,,,,False,,,,,,,,,,False,False
/a/0/1/7,/a/0/1/7!/member_00292,0,/a/0/1/7,146,292,,14676,14710,10512,10546,34,ea5b5b06119ff525334f7cbdda98ab2fe7690f066b14ea4709635cb63aec19b4,8025531400000a001f00000000000000,,,,,False,,,,,,,,,,False,False
/a/0/1/7,/a/0/1/7!/member_00293,0,/a/0/1/7,146,293,,14712,14746,10548,10582,34,e87594d7572f6d5cf52bd68c5369893fe5128b280a97e8384b1a47fb988d9e2b,8025491400000a001f00000000000000,,,,,False,,,,,,,,,,False,False
/a/0/1/7,/a/0/1/7!/member_00294,0,/a/0/1/7,146,294,,14748,14782,10584,10618,34,39a1285fb4adaa361baea3007d19d40b6818f09bf4bd122c7a437ecf63cf6a5f,80256b0000000a001f00000000000000,,,,,False,,,,,,,,,,False,False
/a/0/1/7,/a/0/1/7!/member_00295,0,/a/0/1/7,146,295,,14784,14818,10620,10654,34,e3312ce11853fee185661826b9a80d6232f45c6005a8c73b64c346626051e404,80254e1400000a001f00000000000000,,,,,False,,,,,,,,,,False,False
/a/0/1/7,/a/0/1/7!/member_00296,0,/a/0/1/7,146,296,,14820,14854,10656,10690,34,e549811914f79ba16fa07d669237c53875533bcfe1d5a34c453895ed432c9474,80254a1400000a001f00000000000000,,,,,False,,,,,,,,,,False,False
/a/0/1/7,/a/0/1/7!/member_00297,0,/a/0/1/7,146,297,,14856,14890,10692,10726,34,84a1c93f2e8004d9e59de832e29a51be2d1ded1a533be8976afd376eeb4e924f,80253a0a00000a001f00000000000000,,,,,False,,,,,,,,,,False,False
/a/0/1/7,/a/0/1/7!/member_00298,0,/a/0/1/7,146,298,,14892,14926,10728,10762,34,c48d220ccba418385e89eb85798bd9af5d6f3aa1db913703799df5e9a1899726,80253b0000000a001f00000000000000,,,,,False,,,,,,,,,,False,False
/a/0/1/7,/a/0/1/7!/member_00299,0,/a/0/1/7,146,299,,14928,14962,10764,10798,34,f98b63637542c83fb76758ce6e3f8af4ced7e069680c67d3523536c13956909b,34088e00000050001f00000000000000,,,,,False,,,,,,,,,,False,False
/a/0/1/7,/a/0/1/7!/member_00300,0,/a/0/1/7,146,300,,14964,14998,10800,10834,34,f50c6fcfdba5fa4f354695f5ac803ce38d36973c9b66d1299889a2547a09b72e,34088f00000050001f00000000000000,,,,,False,,,,,,,,,,False,False
/a/0/1/7,/a/0/1/7!/member_00301,0,/a/0/1/7,146,301,,15000,15034,10836,10870,34,45548054a3d6b2fb631def1867c6e0d473189818f06692799c584db3ea23665d,34089000000050001f00000000000000,,,,,False,,,,,,,,,,False,False
/a/0/1/7,/a/0/1/7!/member_00302,0,/a/0/1/7,146,302,,15036,15070,10872,10906,34,ec1ec6d188ad561287080a362812d3f1f8fa24f498ffcf39033d34a66d053659,34089100000032001f00000000000000,,,,,False,,,,,,,,,,False,False
/a/0/1/7,/a/0/1/7!/member_00303,0,/a/0/1/7,146,303,,15072,15106,10908,10942,34,eaeeef5113c267f31db80d22d301a5caca415f93eaf712a8cba4cbaae4025fc9,3408920000000a001f00000000000000,,,,,False,,,,,,,,,,False,False
/a/0/1/7,/a/0/1/7!/member_00304,0,/a/0/1/7,146,304,,15108,15142,10944,10978,34,da91af5e68ee7bcc218d6c4fdd0191e9e4771234f5b9aee8a84ff664a4c16468,34084300000050001f00000000000000,,,,,False,,,,,,,,,,False,False
/a/0/1/7,/a/0/1/7!/member_00305,0,/a/0/1/7,146,305,,15144,15178,10980,11014,34,83f339e9ab19025843163fc0c8b7bf0c6d0fd0d47b3b584e8918d476a2163527,3408380a001a1e001f00000000000000,,,,,False,,,,,,,,,,False,False
/a/0/1/7,/a/0/1/7!/member_00306,0,/a/0/1/7,146,306,,15180,15214,11016,11050,34,0060795a160060ac784f1e922996cb0c542a7d172f5a5a166e3e2da4105a68a1,b80b0000000000009f01060000000000,,,,,False,,,,,,,,,,False,False
/a/0/1/7,/a/0/1/7!/member_00307,0,/a/0/1/7,146,307,,15216,15250,11052,11086,34,0060795a160060ac784f1e922996cb0c542a7d172f5a5a166e3e2da4105a68a1,b80b0000000000009f01060000000000,,,,,False,,,,,,,,,,False,False
/a/0/1/7,/a/0/1/7!/member_00308,0,/a/0/1/7,146,308,,15252,15286,11088,11122,34,0060795a160060ac784f1e922996cb0c542a7d172f5a5a166e3e2da4105a68a1,b80b0000000000009f01060000000000,,,,,False,,,,,,,,,,False,False
/a/0/1/7,/a/0/1/7!/member_00309,0,/a/0/1/7,146,309,,15288,15322,11124,11158,34,b85764ce34b5ed0e1681fa4ea8dcf64abec0fcb1dba0eef66c1a3e6a816bb713,dc050000000000009f01060000000000,,,,,False,,,,,,,,,,False,False
/a/0/1/7,/a/0/1/7!/member_00310,0,/a/0/1/7,146,310,,15324,15358,11160,11194,34,bd7a2eb25dc7af8aefe76199b2518e3d43c7d7e516de76591945b76c6e4e478b,e8030000000000009f01060000000000,,,,,False,,,,,,,,,,False,False
/a/0/1/7,/a/0/1/7!/member_00311,0,/a/0/1/7,146,311,,15360,15394,11196,11230,34,0060795a160060ac784f1e922996cb0c542a7d172f5a5a166e3e2da4105a68a1,b80b0000000000009f01060000000000,,,,,False,,,,,,,,,,False,False
/a/0/1/7,/a/0/1/7!/member_00312,0,/a/0/1/7,146,312,,15396,15430,11232,11266,34,b4c5fc03187f15579f7040bb98a0b44598f948b131dcf68887623f77b65d807c,d0070000000000009f01060000000000,,,,,False,,,,,,,,,,False,False
/a/0/1/7,/a/0/1/7!/member_00313,0,/a/0/1/7,146,313,,15432,15466,11268,11302,34,b85764ce34b5ed0e1681fa4ea8dcf64abec0fcb1dba0eef66c1a3e6a816bb713,dc050000000000009f01060000000000,,,,,False,,,,,,,,,,False,False
/a/0/1/7,/a/0/1/7!/member_00314,0,/a/0/1/7,146,314,,15468,15502,11304,11338,34,b4c5fc03187f15579f7040bb98a0b44598f948b131dcf68887623f77b65d807c,d0070000000000009f01060000000000,,,,,False,,,,,,,,,,False,False
/a/0/1/7,/a/0/1/7!/member_00315,0,/a/0/1/7,146,315,,15504,15538,11340,11374,34,b4c5fc03187f15579f7040bb98a0b44598f948b131dcf68887623f77b65d807c,d0070000000000009f01060000000000,,,,,False,,,,,,,,,,False,False
/a/0/1/7,/a/0/1/7!/member_00316,0,/a/0/1/7,146,316,,15540,15574,11376,11410,34,b4c5fc03187f15579f7040bb98a0b44598f948b131dcf68887623f77b65d807c,d0070000000000009f01060000000000,,,,,False,,,,,,,,,,False,False
/a/0/1/7,/a/0/1/7!/member_00317,0,/a/0/1/7,146,317,,15576,15610,11412,11446,34,b85764ce34b5ed0e1681fa4ea8dcf64abec0fcb1dba0eef66c1a3e6a816bb713,dc050000000000009f01060000000000,,,,,False,,,,,,,,,,False,False
/a/0/1/7,/a/0/1/7!/member_00318,0,/a/0/1/7,146,318,,15612,15646,11448,11482,34,0060795a160060ac784f1e922996cb0c542a7d172f5a5a166e3e2da4105a68a1,b80b0000000000009f01060000000000,,,,,False,,,,,,,,,,False,False
/a/0/1/7,/a/0/1/7!/member_00319,0,/a/0/1/7,146,319,,15648,15682,11484,11518,34,ee75aed08d4f8eafbd56d4956a21c35995046c8513e5b825decc6e514352ad69,7c150000000000009f01060000000000,,,,,False,,,,,,,,,,False,False
/a/0/1/7,/a/0/1/7!/member_00320,0,/a/0/1/7,146,320,,15684,15718,11520,11554,34,88b47a85d7378f8c60505f292e42d435b3089f328b46d3e719338bd4342d5d6d,4c1d0000000000009f01060000000000,,,,,False,,,,,,,,,,False,False
/a/0/1/7,/a/0/1/7!/member_00321,0,/a/0/1/7,146,321,,15720,15754,11556,11590,34,b4c5fc03187f15579f7040bb98a0b44598f948b131dcf68887623f77b65d807c,d0070000000000009f01060000000000,,,,,False,,,,,,,,,,False,False
/a/0/1/7,/a/0/1/7!/member_00322,0,/a/0/1/7,146,322,,15756,15790,11592,11626,34,b4c5fc03187f15579f7040bb98a0b44598f948b131dcf68887623f77b65d807c,d0070000000000009f01060000000000,,,,,False,,,,,,,,,,False,False
/a/0/1/7,/a/0/1/7!/member_00323,0,/a/0/1/7,146,323,,15792,15826,11628,11662,34,b4c5fc03187f15579f7040bb98a0b44598f948b131dcf68887623f77b65d807c,d0070000000000009f01060000000000,,,,,False,,,,,,,,,,False,False
/a/0/1/7,/a/0/1/7!/member_00324,0,/a/0/1/7,146,324,,15828,15862,11664,11698,34,0060795a160060ac784f1e922996cb0c542a7d172f5a5a166e3e2da4105a68a1,b80b0000000000009f01060000000000,,,,,False,,,,,,,,,,False,False
/a/0/1/7,/a/0/1/7!/member_00325,0,/a/0/1/7,146,325,,15864,15898,11700,11734,34,b4c5fc03187f15579f7040bb98a0b44598f948b131dcf68887623f77b65d807c,d0070000000000009f01060000000000,,,,,False,,,,,,,,,,False,False
/a/0/1/7,/a/0/1/7!/member_00326,0,/a/0/1/7,146,326,,15900,15934,11736,11770,34,bd7a2eb25dc7af8aefe76199b2518e3d43c7d7e516de76591945b76c6e4e478b,e8030000000000009f01060000000000,,,,,False,,,,,,,,,,False,False
/a/0/1/7,/a/0/1/7!/member_00327,0,/a/0/1/7,146,327,,15936,15970,11772,11806,34,0060795a160060ac784f1e922996cb0c542a7d172f5a5a166e3e2da4105a68a1,b80b0000000000009f01060000000000,,,,,False,,,,,,,,,,False,False
/a/0/1/7,/a/0/1/7!/member_00328,0,/a/0/1/7,146,328,,15972,16006,11808,11842,34,0060795a160060ac784f1e922996cb0c542a7d172f5a5a166e3e2da4105a68a1,b80b0000000000009f01060000000000,,,,,False,,,,,,,,,,False,False
/a/0/1/7,/a/0/1/7!/member_00329,0,/a/0/1/7,146,329,,16008,16042,11844,11878,34,0060795a160060ac784f1e922996cb0c542a7d172f5a5a166e3e2da4105a68a1,b80b0000000000009f01060000000000,,,,,False,,,,,,,,,,False,False
/a/0/1/7,/a/0/1/7!/member_00330,0,/a/0/1/7,146,330,,16044,16078,11880,11914,34,ee75aed08d4f8eafbd56d4956a21c35995046c8513e5b825decc6e514352ad69,7c150000000000009f01060000000000,,,,,False,,,,,,,,,,False,False
/a/0/1/7,/a/0/1/7!/member_00331,0,/a/0/1/7,146,331,,16080,16114,11916,11950,34,0060795a160060ac784f1e922996cb0c542a7d172f5a5a166e3e2da4105a68a1,b80b0000000000009f01060000000000,,,,,False,,,,,,,,,,False,False
/a/0/1/7,/a/0/1/7!/member_00332,0,/a/0/1/7,146,332,,16116,16150,11952,11986,34,bd7a2eb25dc7af8aefe76199b2518e3d43c7d7e516de76591945b76c6e4e478b,e8030000000000009f01060000000000,,,,,False,,,,,,,,,,False,False
/a/0/1/7,/a/0/1/7!/member_00333,0,/a/0/1/7,146,333,,16152,16186,11988,12022,34,b4c5fc03187f15579f7040bb98a0b44598f948b131dcf68887623f77b65d807c,d0070000000000009f01060000000000,,,,,False,,,,,,,,,,False,False
/a/0/1/7,/a/0/1/7!/member_00334,0,/a/0/1/7,146,334,,16188,16222,12024,12058,34,0060795a160060ac784f1e922996cb0c542a7d172f5a5a166e3e2da4105a68a1,b80b0000000000009f01060000000000,,,,,False,,,,,,,,,,False,False
/a/0/1/7,/a/0/1/7!/member_00335,0,/a/0/1/7,146,335,,16224,16258,12060,12094,34,0060795a160060ac784f1e922996cb0c542a7d172f5a5a166e3e2da4105a68a1,b80b0000000000009f01060000000000,,,,,False,,,,,,,,,,False,False
/a/0/1/7,/a/0/1/7!/member_00336,0,/a/0/1/7,146,336,,16260,16294,12096,12130,34,0060795a160060ac784f1e922996cb0c542a7d172f5a5a166e3e2da4105a68a1,b80b0000000000009f01060000000000,,,,,False,,,,,,,,,,False,False
/a/0/1/7,/a/0/1/7!/member_00337,0,/a/0/1/7,146,337,,16296,16330,12132,12166,34,bd7a2eb25dc7af8aefe76199b2518e3d43c7d7e516de76591945b76c6e4e478b,e8030000000000009f01060000000000,,,,,False,,,,,,,,,,False,False
/a/0/1/7,/a/0/1/7!/member_00338,0,/a/0/1/7,146,338,,16332,16366,12168,12202,34,b4c5fc03187f15579f7040bb98a0b44598f948b131dcf68887623f77b65d807c,d0070000000000009f01060000000000,,,,,False,,,,,,,,,,False,False
/a/0/1/7,/a/0/1/7!/member_00339,0,/a/0/1/7,146,339,,16368,16402,12204,12238,34,0060795a160060ac784f1e922996cb0c542a7d172f5a5a166e3e2da4105a68a1,b80b0000000000009f01060000000000,,,,,False,,,,,,,,,,False,False
/a/0/1/7,/a/0/1/7!/member_00340,0,/a/0/1/7,146,340,,16404,16438,12240,12274,34,0060795a160060ac784f1e922996cb0c542a7d172f5a5a166e3e2da4105a68a1,b80b0000000000009f01060000000000,,,,,False,,,,,,,,,,False,False
/a/0/1/7,/a/0/1/7!/member_00341,0,/a/0/1/7,146,341,,16440,16474,12276,12310,34,0060795a160060ac784f1e922996cb0c542a7d172f5a5a166e3e2da4105a68a1,b80b0000000000009f01060000000000,,,,,False,,,,,,,,,,False,False
/a/0/1/7,/a/0/1/7!/member_00342,0,/a/0/1/7,146,342,,16476,16510,12312,12346,34,b4c5fc03187f15579f7040bb98a0b44598f948b131dcf68887623f77b65d807c,d0070000000000009f01060000000000,,,,,False,,,,,,,,,,False,False
/a/0/1/7,/a/0/1/7!/member_00343,0,/a/0/1/7,146,343,,16512,16546,12348,12382,34,ee75aed08d4f8eafbd56d4956a21c35995046c8513e5b825decc6e514352ad69,7c150000000000009f01060000000000,,,,,False,,,,,,,,,,False,False
/a/0/1/7,/a/0/1/7!/member_00344,0,/a/0/1/7,146,344,,16548,16582,12384,12418,34,b4c5fc03187f15579f7040bb98a0b44598f948b131dcf68887623f77b65d807c,d0070000000000009f01060000000000,,,,,False,,,,,,,,,,False,False
/a/0/1/7,/a/0/1/7!/member_00345,0,/a/0/1/7,146,345,,16584,16618,12420,12454,34,0060795a160060ac784f1e922996cb0c542a7d172f5a5a166e3e2da4105a68a1,b80b0000000000009f01060000000000,,,,,False,,,,,,,,,,False,False
/a/0/1/7,/a/0/1/7!/member_00346,0,/a/0/1/7,146,346,,16620,16654,12456,12490,34,b85764ce34b5ed0e1681fa4ea8dcf64abec0fcb1dba0eef66c1a3e6a816bb713,dc050000000000009f01060000000000,,,,,False,,,,,,,,,,False,False
/a/0/1/7,/a/0/1/7!/member_00347,0,/a/0/1/7,146,347,,16656,16690,12492,12526,34,0060795a160060ac784f1e922996cb0c542a7d172f5a5a166e3e2da4105a68a1,b80b0000000000009f01060000000000,,,,,False,,,,,,,,,,False,False
/a/0/1/7,/a/0/1/7!/member_00348,0,/a/0/1/7,146,348,,16692,16726,12528,12562,34,b4c5fc03187f15579f7040bb98a0b44598f948b131dcf68887623f77b65d807c,d0070000000000009f01060000000000,,,,,False,,,,,,,,,,False,False
/a/0/1/7,/a/0/1/7!/member_00349,0,/a/0/1/7,146,349,,16728,16762,12564,12598,34,0060795a160060ac784f1e922996cb0c542a7d172f5a5a166e3e2da4105a68a1,b80b0000000000009f01060000000000,,,,,False,,,,,,,,,,False,False
/a/0/1/7,/a/0/1/7!/member_00350,0,/a/0/1/7,146,350,,16764,16798,12600,12634,34,0060795a160060ac784f1e922996cb0c542a7d172f5a5a166e3e2da4105a68a1,b80b0000000000009f01060000000000,,,,,False,,,,,,,,,,False,False
/a/0/1/7,/a/0/1/7!/member_00351,0,/a/0/1/7,146,351,,16800,16834,12636,12670,34,b4c5fc03187f15579f7040bb98a0b44598f948b131dcf68887623f77b65d807c,d0070000000000009f01060000000000,,,,,False,,,,,,,,,,False,False
/a/0/1/7,/a/0/1/7!/member_00352,0,/a/0/1/7,146,352,,16836,16870,12672,12706,34,0060795a160060ac784f1e922996cb0c542a7d172f5a5a166e3e2da4105a68a1,b80b0000000000009f01060000000000,,,,,False,,,,,,,,,,False,False
/a/0/1/7,/a/0/1/7!/member_00353,0,/a/0/1/7,146,353,,16872,16906,12708,12742,34,0060795a160060ac784f1e922996cb0c542a7d172f5a5a166e3e2da4105a68a1,b80b0000000000009f01060000000000,,,,,False,,,,,,,,,,False,False
/a/0/1/7,/a/0/1/7!/member_00354,0,/a/0/1/7,146,354,,16908,16942,12744,12778,34,b85764ce34b5ed0e1681fa4ea8dcf64abec0fcb1dba0eef66c1a3e6a816bb713,dc050000000000009f01060000000000,,,,,False,,,,,,,,,,False,False
/a/0/1/7,/a/0/1/7!/member_00355,0,/a/0/1/7,146,355,,16944,16978,12780,12814,34,ee75aed08d4f8eafbd56d4956a21c35995046c8513e5b825decc6e514352ad69,7c150000000000009f01060000000000,,,,,False,,,,,,,,,,False,False
/a/0/1/7,/a/0/1/7!/member_00356,0,/a/0/1/7,146,356,,16980,17014,12816,12850,34,b4c5fc03187f15579f7040bb98a0b44598f948b131dcf68887623f77b65d807c,d0070000000000009f01060000000000,,,,,False,,,,,,,,,,False,False
/a/0/1/7,/a/0/1/7!/member_00357,0,/a/0/1/7,146,357,,17016,17050,12852,12886,34,ee75aed08d4f8eafbd56d4956a21c35995046c8513e5b825decc6e514352ad69,7c150000000000009f01060000000000,,,,,False,,,,,,,,,,False,False
/a/0/1/7,/a/0/1/7!/member_00358,0,/a/0/1/7,146,358,,17052,17086,12888,12922,34,0060795a160060ac784f1e922996cb0c542a7d172f5a5a166e3e2da4105a68a1,b80b0000000000009f01060000000000,,,,,False,,,,,,,,,,False,False
/a/0/1/7,/a/0/1/7!/member_00359,0,/a/0/1/7,146,359,,17088,17122,12924,12958,34,b4c5fc03187f15579f7040bb98a0b44598f948b131dcf68887623f77b65d807c,d0070000000000009f01060000000000,,,,,False,,,,,,,,,,False,False
/a/0/1/7,/a/0/1/7!/member_00360,0,/a/0/1/7,146,360,,17124,17158,12960,12994,34,0060795a160060ac784f1e922996cb0c542a7d172f5a5a166e3e2da4105a68a1,b80b0000000000009f01060000000000,,,,,False,,,,,,,,,,False,False
/a/0/1/7,/a/0/1/7!/member_00361,0,/a/0/1/7,146,361,,17160,17194,12996,13030,34,b4c5fc03187f15579f7040bb98a0b44598f948b131dcf68887623f77b65d807c,d0070000000000009f01060000000000,,,,,False,,,,,,,,,,False,False
/a/0/1/7,/a/0/1/7!/member_00362,0,/a/0/1/7,146,362,,17196,17230,13032,13066,34,0060795a160060ac784f1e922996cb0c542a7d172f5a5a166e3e2da4105a68a1,b80b0000000000009f01060000000000,,,,,False,,,,,,,,,,False,False
/a/0/1/7,/a/0/1/7!/member_00363,0,/a/0/1/7,146,363,,17232,17266,13068,13102,34,b4c5fc03187f15579f7040bb98a0b44598f948b131dcf68887623f77b65d807c,d0070000000000009f01060000000000,,,,,False,,,,,,,,,,False,False
/a/0/1/7,/a/0/1/7!/member_00364,0,/a/0/1/7,146,364,,17268,17302,13104,13138,34,0060795a160060ac784f1e922996cb0c542a7d172f5a5a166e3e2da4105a68a1,b80b0000000000009f01060000000000,,,,,False,,,,,,,,,,False,False
/a/0/1/7,/a/0/1/7!/member_00365,0,/a/0/1/7,146,365,,17304,17338,13140,13174,34,0060795a160060ac784f1e922996cb0c542a7d172f5a5a166e3e2da4105a68a1,b80b0000000000009f01060000000000,,,,,False,,,,,,,,,,False,False
/a/0/1/7,/a/0/1/7!/member_00366,0,/a/0/1/7,146,366,,17340,17374,13176,13210,34,b4c5fc03187f15579f7040bb98a0b44598f948b131dcf68887623f77b65d807c,d0070000000000009f01060000000000,,,,,False,,,,,,,,,,False,False
/a/0/1/7,/a/0/1/7!/member_00367,0,/a/0/1/7,146,367,,17376,17410,13212,13246,34,0060795a160060ac784f1e922996cb0c542a7d172f5a5a166e3e2da4105a68a1,b80b0000000000009f01060000000000,,,,,False,,,,,,,,,,False,False
/a/0/1/7,/a/0/1/7!/member_00368,0,/a/0/1/7,146,368,,17412,17446,13248,13282,34,b4c5fc03187f15579f7040bb98a0b44598f948b131dcf68887623f77b65d807c,d0070000000000009f01060000000000,,,,,False,,,,,,,,,,False,False
/a/0/1/7,/a/0/1/7!/member_00369,0,/a/0/1/7,146,369,,17448,17482,13284,13318,34,88b47a85d7378f8c60505f292e42d435b3089f328b46d3e719338bd4342d5d6d,4c1d0000000000009f01060000000000,,,,,False,,,,,,,,,,False,False
/a/0/1/7,/a/0/1/7!/member_00370,0,/a/0/1/7,146,370,,17484,17518,13320,13354,34,0060795a160060ac784f1e922996cb0c542a7d172f5a5a166e3e2da4105a68a1,b80b0000000000009f01060000000000,,,,,False,,,,,,,,,,False,False
/a/0/1/7,/a/0/1/7!/member_00371,0,/a/0/1/7,146,371,,17520,17554,13356,13390,34,0060795a160060ac784f1e922996cb0c542a7d172f5a5a166e3e2da4105a68a1,b80b0000000000009f01060000000000,,,,,False,,,,,,,,,,False,False
/a/0/1/7,/a/0/1/7!/member_00372,0,/a/0/1/7,146,372,,17556,17590,13392,13426,34,bd7a2eb25dc7af8aefe76199b2518e3d43c7d7e516de76591945b76c6e4e478b,e8030000000000009f01060000000000,,,,,False,,,,,,,,,,False,False
/a/0/1/7,/a/0/1/7!/member_00373,0,/a/0/1/7,146,373,,17592,17626,13428,13462,34,88b47a85d7378f8c60505f292e42d435b3089f328b46d3e719338bd4342d5d6d,4c1d0000000000009f01060000000000,,,,,False,,,,,,,,,,False,False
/a/0/1/7,/a/0/1/7!/member_00374,0,/a/0/1/7,146,374,,17628,17662,13464,13498,34,b85764ce34b5ed0e1681fa4ea8dcf64abec0fcb1dba0eef66c1a3e6a816bb713,dc050000000000009f01060000000000,,,,,False,,,,,,,,,,False,False
/a/0/1/7,/a/0/1/7!/member_00375,0,/a/0/1/7,146,375,,17664,17698,13500,13534,34,bd7a2eb25dc7af8aefe76199b2518e3d43c7d7e516de76591945b76c6e4e478b,e8030000000000009f01060000000000,,,,,False,,,,,,,,,,False,False
/a/0/1/7,/a/0/1/7!/member_00376,0,/a/0/1/7,146,376,,17700,17734,13536,13570,34,0060795a160060ac784f1e922996cb0c542a7d172f5a5a166e3e2da4105a68a1,b80b0000000000009f01060000000000,,,,,False,,,,,,,,,,False,False
/a/0/1/7,/a/0/1/7!/member_00377,0,/a/0/1/7,146,377,,17736,17770,13572,13606,34,0060795a160060ac784f1e922996cb0c542a7d172f5a5a166e3e2da4105a68a1,b80b0000000000009f01060000000000,,,,,False,,,,,,,,,,False,False
/a/0/1/7,/a/0/1/7!/member_00378,0,/a/0/1/7,146,378,,17772,17806,13608,13642,34,b4c5fc03187f15579f7040bb98a0b44598f948b131dcf68887623f77b65d807c,d0070000000000009f01060000000000,,,,,False,,,,,,,,,,False,False
/a/0/1/7,/a/0/1/7!/member_00379,0,/a/0/1/7,146,379,,17808,17842,13644,13678,34,0060795a160060ac784f1e922996cb0c542a7d172f5a5a166e3e2da4105a68a1,b80b0000000000009f01060000000000,,,,,False,,,,,,,,,,False,False
/a/0/1/7,/a/0/1/7!/member_00380,0,/a/0/1/7,146,380,,17844,17878,13680,13714,34,b85764ce34b5ed0e1681fa4ea8dcf64abec0fcb1dba0eef66c1a3e6a816bb713,dc050000000000009f01060000000000,,,,,False,,,,,,,,,,False,False
/a/0/1/7,/a/0/1/7!/member_00381,0,/a/0/1/7,146,381,,17880,17914,13716,13750,34,b4c5fc03187f15579f7040bb98a0b44598f948b131dcf68887623f77b65d807c,d0070000000000009f01060000000000,,,,,False,,,,,,,,,,False,False
/a/0/1/7,/a/0/1/7!/member_00382,0,/a/0/1/7,146,382,,17916,17950,13752,13786,34,b85764ce34b5ed0e1681fa4ea8dcf64abec0fcb1dba0eef66c1a3e6a816bb713,dc050000000000009f01060000000000,,,,,False,,,,,,,,,,False,False
/a/0/1/7,/a/0/1/7!/member_00383,0,/a/0/1/7,146,383,,17952,17986,13788,13822,34,b85764ce34b5ed0e1681fa4ea8dcf64abec0fcb1dba0eef66c1a3e6a816bb713,dc050000000000009f01060000000000,,,,,False,,,,,,,,,,False,False
/a/0/1/7,/a/0/1/7!/member_00384,0,/a/0/1/7,146,384,,17988,18022,13824,13858,34,0060795a160060ac784f1e922996cb0c542a7d172f5a5a166e3e2da4105a68a1,b80b0000000000009f01060000000000,,,,,False,,,,,,,,,,False,False
/a/0/1/7,/a/0/1/7!/member_00385,0,/a/0/1/7,146,385,,18024,18058,13860,13894,34,0060795a160060ac784f1e922996cb0c542a7d172f5a5a166e3e2da4105a68a1,b80b0000000000009f01060000000000,,,,,False,,,,,,,,,,False,False
/a/0/1/7,/a/0/1/7!/member_00386,0,/a/0/1/7,146,386,,18060,18094,13896,13930,34,0060795a160060ac784f1e922996cb0c542a7d172f5a5a166e3e2da4105a68a1,b80b0000000000009f01060000000000,,,,,False,,,,,,,,,,False,False
/a/0/1/7,/a/0/1/7!/member_00387,0,/a/0/1/7,146,387,,18096,18130,13932,13966,34,bd7a2eb25dc7af8aefe76199b2518e3d43c7d7e516de76591945b76c6e4e478b,e8030000000000009f01060000000000,,,,,False,,,,,,,,,,False,False
/a/0/1/7,/a/0/1/7!/member_00388,0,/a/0/1/7,146,388,,18132,18166,13968,14002,34,b4c5fc03187f15579f7040bb98a0b44598f948b131dcf68887623f77b65d807c,d0070000000000009f01060000000000,,,,,False,,,,,,,,,,False,False
/a/0/1/7,/a/0/1/7!/member_00389,0,/a/0/1/7,146,389,,18168,18202,14004,14038,34,0060795a160060ac784f1e922996cb0c542a7d172f5a5a166e3e2da4105a68a1,b80b0000000000009f01060000000000,,,,,False,,,,,,,,,,False,False
/a/0/1/7,/a/0/1/7!/member_00390,0,/a/0/1/7,146,390,,18204,18238,14040,14074,34,0060795a160060ac784f1e922996cb0c542a7d172f5a5a166e3e2da4105a68a1,b80b0000000000009f01060000000000,,,,,False,,,,,,,,,,False,False
/a/0/1/7,/a/0/1/7!/member_00391,0,/a/0/1/7,146,391,,18240,18274,14076,14110,34,0060795a160060ac784f1e922996cb0c542a7d172f5a5a166e3e2da4105a68a1,b80b0000000000009f01060000000000,,,,,False,,,,,,,,,,False,False
/a/0/1/7,/a/0/1/7!/member_00392,0,/a/0/1/7,146,392,,18276,18310,14112,14146,34,b85764ce34b5ed0e1681fa4ea8dcf64abec0fcb1dba0eef66c1a3e6a816bb713,dc050000000000009f01060000000000,,,,,False,,,,,,,,,,False,False
/a/0/1/7,/a/0/1/7!/member_00393,0,/a/0/1/7,146,393,,18312,18346,14148,14182,34,0060795a160060ac784f1e922996cb0c542a7d172f5a5a166e3e2da4105a68a1,b80b0000000000009f01060000000000,,,,,False,,,,,,,,,,False,False
/a/0/1/7,/a/0/1/7!/member_00394,0,/a/0/1/7,146,394,,18348,18382,14184,14218,34,0060795a160060ac784f1e922996cb0c542a7d172f5a5a166e3e2da4105a68a1,b80b0000000000009f01060000000000,,,,,False,,,,,,,,,,False,False
/a/0/1/7,/a/0/1/7!/member_00395,0,/a/0/1/7,146,395,,18384,18418,14220,14254,34,b4c5fc03187f15579f7040bb98a0b44598f948b131dcf68887623f77b65d807c,d0070000000000009f01060000000000,,,,,False,,,,,,,,,,False,False
/a/0/1/7,/a/0/1/7!/member_00396,0,/a/0/1/7,146,396,,18420,18454,14256,14290,34,0060795a160060ac784f1e922996cb0c542a7d172f5a5a166e3e2da4105a68a1,b80b0000000000009f01060000000000,,,,,False,,,,,,,,,,False,False
/a/0/1/7,/a/0/1/7!/member_00397,0,/a/0/1/7,146,397,,18456,18490,14292,14326,34,ee75aed08d4f8eafbd56d4956a21c35995046c8513e5b825decc6e514352ad69,7c150000000000009f01060000000000,,,,,False,,,,,,,,,,False,False
/a/0/1/7,/a/0/1/7!/member_00398,0,/a/0/1/7,146,398,,18492,18526,14328,14362,34,5507d41081554bed521754a80670f0d247a00e85d0c0f092891c813ba12128cd,0000000000000000bf01060000000000,,,,,False,,,,,,,,,,False,False
/a/0/1/7,/a/0/1/7!/member_00399,0,/a/0/1/7,146,399,,18528,18562,14364,14398,34,5507d41081554bed521754a80670f0d247a00e85d0c0f092891c813ba12128cd,0000000000000000bf01060000000000,,,,,False,,,,,,,,,,False,False
/a/0/1/7,/a/0/1/7!/member_00400,0,/a/0/1/7,146,400,,18564,18598,14400,14434,34,5507d41081554bed521754a80670f0d247a00e85d0c0f092891c813ba12128cd,0000000000000000bf01060000000000,,,,,False,,,,,,,,,,False,False
/a/0/1/7,/a/0/1/7!/member_00401,0,/a/0/1/7,146,401,,18600,18634,14436,14470,34,5507d41081554bed521754a80670f0d247a00e85d0c0f092891c813ba12128cd,0000000000000000bf01060000000000,,,,,False,,,,,,,,,,False,False
/a/0/1/7,/a/0/1/7!/member_00402,0,/a/0/1/7,146,402,,18636,18670,14472,14506,34,5507d41081554bed521754a80670f0d247a00e85d0c0f092891c813ba12128cd,0000000000000000bf01060000000000,,,,,False,,,,,,,,,,False,False
/a/0/1/7,/a/0/1/7!/member_00403,0,/a/0/1/7,146,403,,18672,18706,14508,14542,34,5507d41081554bed521754a80670f0d247a00e85d0c0f092891c813ba12128cd,0000000000000000bf01060000000000,,,,,False,,,,,,,,,,False,False
/a/0/1/7,/a/0/1/7!/member_00404,0,/a/0/1/7,146,404,,18708,18742,14544,14578,34,5507d41081554bed521754a80670f0d247a00e85d0c0f092891c813ba12128cd,0000000000000000bf01060000000000,,,,,False,,,,,,,,,,False,False
/a/0/1/7,/a/0/1/7!/member_00405,0,/a/0/1/7,146,405,,18744,18778,14580,14614,34,5507d41081554bed521754a80670f0d247a00e85d0c0f092891c813ba12128cd,0000000000000000bf01060000000000,,,,,False,,,,,,,,,,False,False
/a/0/1/7,/a/0/1/7!/member_00406,0,/a/0/1/7,146,406,,18780,18814,14616,14650,34,a8362fe4a0998375f85e58e0f0df27df4d8033597bc7d129688ac90fb129145a,0000000000000000bf03000000000000,,,,,False,,,,,,,,,,False,False
/a/0/1/7,/a/0/1/7!/member_00407,0,/a/0/1/7,146,407,,18816,18850,14652,14686,34,a8362fe4a0998375f85e58e0f0df27df4d8033597bc7d129688ac90fb129145a,0000000000000000bf03000000000000,,,,,False,,,,,,,,,,False,False
/a/0/1/7,/a/0/1/7!/member_00408,0,/a/0/1/7,146,408,,18852,18886,14688,14722,34,11dd052df146d357c7777826f28fa3b6c0d87f24aab5ae2e2caf5c5e5d52b23c,0000000000000000ff030b0000000000,,,,,False,,,,,,,,,,False,False
/a/0/1/7,/a/0/1/7!/member_00409,0,/a/0/1/7,146,409,,18888,18922,14724,14758,34,835ab45ef15bdb9bff34fe0c8879e67787fca19044977ae99e867d56bae960c5,0000000000000000ff03130000000000,,,,,False,,,,,,,,,,False,False
/a/0/1/7,/a/0/1/7!/member_00410,0,/a/0/1/7,146,410,,18924,18958,14760,14794,34,763b06e5ed6a2321ba8cdddbca7e832c858bdd56ba3c9dd91605453ef4edeea5,0000000000000000ff03050000000000,,,,,False,,,,,,,,,,False,False
/a/0/1/7,/a/0/1/7!/member_00411,0,/a/0/1/7,146,411,,18960,18994,14796,14830,34,835ab45ef15bdb9bff34fe0c8879e67787fca19044977ae99e867d56bae960c5,0000000000000000ff03130000000000,,,,,False,,,,,,,,,,False,False
/a/0/1/7,/a/0/1/7!/member_00412,0,/a/0/1/7,146,412,,18996,19030,14832,14866,34,835ab45ef15bdb9bff34fe0c8879e67787fca19044977ae99e867d56bae960c5,0000000000000000ff03130000000000,,,,,False,,,,,,,,,,False,False
/a/0/1/7,/a/0/1/7!/member_00413,0,/a/0/1/7,146,413,,19032,19066,14868,14902,34,a8362fe4a0998375f85e58e0f0df27df4d8033597bc7d129688ac90fb129145a,0000000000000000bf03000000000000,,,,,False,,,,,,,,,,False,False
/a/0/1/7,/a/0/1/7!/member_00414,0,/a/0/1/7,146,414,,19068,19102,14904,14938,34,fed684f2fd90ba976b2f709dde2fd921acb367d641934b1f393869ef2ba77799,0000000000000000ff030a0000000000,,,,,False,,,,,,,,,,False,False
/a/0/1/7,/a/0/1/7!/member_00415,0,/a/0/1/7,146,415,,19104,19138,14940,14974,34,a8362fe4a0998375f85e58e0f0df27df4d8033597bc7d129688ac90fb129145a,0000000000000000bf03000000000000,,,,,False,,,,,,,,,,False,False
/a/0/1/7,/a/0/1/7!/member_00416,0,/a/0/1/7,146,416,,19140,19174,14976,15010,34,a8362fe4a0998375f85e58e0f0df27df4d8033597bc7d129688ac90fb129145a,0000000000000000bf03000000000000,,,,,False,,,,,,,,,,False,False
/a/0/1/7,/a/0/1/7!/member_00417,0,/a/0/1/7,146,417,,19176,19210,15012,15046,34,a8362fe4a0998375f85e58e0f0df27df4d8033597bc7d129688ac90fb129145a,0000000000000000bf03000000000000,,,,,False,,,,,,,,,,False,False
/a/0/1/7,/a/0/1/7!/member_00418,0,/a/0/1/7,146,418,,19212,19246,15048,15082,34,a8362fe4a0998375f85e58e0f0df27df4d8033597bc7d129688ac90fb129145a,0000000000000000bf03000000000000,,,,,False,,,,,,,,,,False,False
/a/0/1/7,/a/0/1/7!/member_00419,0,/a/0/1/7,146,419,,19248,19282,15084,15118,34,1f780e57f180525336733f5269aba230976fe752dc57c4b3093d56224b3709c7,0000000000000000ff03020000000000,,,,,False,,,,,,,,,,False,False
/a/0/1/7,/a/0/1/7!/member_00420,0,/a/0/1/7,146,420,,19284,19318,15120,15154,34,8197c66b854a5bc322688868880c368f0e9c03496d44aa281a235e87af77f100,0000000000000000ff030f0000000000,,,,,False,,,,,,,,,,False,False
/a/0/1/7,/a/0/1/7!/member_00421,0,/a/0/1/7,146,421,,19320,19354,15156,15190,34,835ab45ef15bdb9bff34fe0c8879e67787fca19044977ae99e867d56bae960c5,0000000000000000ff03130000000000,,,,,False,,,,,,,,,,False,False
/a/0/1/7,/a/0/1/7!/member_00422,0,/a/0/1/7,146,422,,19356,19390,15192,15226,34,f385161749c06934d35bf9e1b33ea46f19351e07d63118e84b4ca060519ed48f,0000000000000000ff03100000000000,,,,,False,,,,,,,,,,False,False
/a/0/1/7,/a/0/1/7!/member_00423,0,/a/0/1/7,146,423,,19392,19426,15228,15262,34,8b9cff975de7e6ba838fe839148184a83e17a1ac07aee6b3204e81aa4db63cd7,0000000000000000ff03110000000100,,,,,False,,,,,,,,,,False,False
/a/0/1/7,/a/0/1/7!/member_00424,0,/a/0/1/7,146,424,,19428,19462,15264,15298,34,76f4b4c7d78c5e6d6cbd30484ce7efc4652f5abd688086f1ed3cc1780d859535,0000000000000000ff03120000000200,,,,,False,,,,,,,,,,False,False
/a/0/1/7,/a/0/1/7!/member_00425,0,/a/0/1/7,146,425,,19464,19498,15300,15334,34,2cff1c2227a3e6b74e00570ff956594146ee3ec0b916873512c80ea2f2be3fbd,0000000000000000ff030c0000000000,,,,,False,,,,,,,,,,False,False
/a/0/1/7,/a/0/1/7!/member_00426,0,/a/0/1/7,146,426,,19500,19534,15336,15370,34,5c1b288db127891e2f7478ec47d82905c0a399cd5f3492470d524c4ab44ec2a8,0000000000000000ff03090000000000,,,,,False,,,,,,,,,,False,False
/a/0/1/7,/a/0/1/7!/member_00427,0,/a/0/1/7,146,427,,19536,19570,15372,15406,34,4af59e7533467895eb045a6a75546c6718b694ca02f9b05d653188bb8bf88abc,0000000000000000ff03040000000000,,,,,False,,,,,,,,,,False,False
/a/0/1/7,/a/0/1/7!/member_00428,0,/a/0/1/7,146,428,,19572,19606,15408,15442,34,a8362fe4a0998375f85e58e0f0df27df4d8033597bc7d129688ac90fb129145a,0000000000000000bf03000000000000,,,,,False,,,,,,,,,,False,False
/a/0/1/7,/a/0/1/7!/member_00429,0,/a/0/1/7,146,429,,19608,19642,15444,15478,34,a8362fe4a0998375f85e58e0f0df27df4d8033597bc7d129688ac90fb129145a,0000000000000000bf03000000000000,,,,,False,,,,,,,,,,False,False
/a/0/1/7,/a/0/1/7!/member_00430,0,/a/0/1/7,146,430,,19644,19678,15480,15514,34,a8362fe4a0998375f85e58e0f0df27df4d8033597bc7d129688ac90fb129145a,0000000000000000bf03000000000000,,,,,False,,,,,,,,,,False,False
/a/0/1/7,/a/0/1/7!/member_00431,0,/a/0/1/7,146,431,,19680,19714,15516,15550,34,a8362fe4a0998375f85e58e0f0df27df4d8033597bc7d129688ac90fb129145a,0000000000000000bf03000000000000,,,,,False,,,,,,,,,,False,False
/a/0/1/7,/a/0/1/7!/member_00432,0,/a/0/1/7,146,432,,19716,19750,15552,15586,34,dbde853120cd5e1d015476682c268b03259628adc03649b566da4169a4c38469,0000000000000000ff03160000000000,,,,,False,,,,,,,,,,False,False
/a/0/1/7,/a/0/1/7!/member_00433,0,/a/0/1/7,146,433,,19752,19786,15588,15622,34,a8362fe4a0998375f85e58e0f0df27df4d8033597bc7d129688ac90fb129145a,0000000000000000bf03000000000000,,,,,False,,,,,,,,,,False,False
/a/0/1/7,/a/0/1/7!/member_00434,0,/a/0/1/7,146,434,,19788,19822,15624,15658,34,a8362fe4a0998375f85e58e0f0df27df4d8033597bc7d129688ac90fb129145a,0000000000000000bf03000000000000,,,,,False,,,,,,,,,,False,False
/a/0/1/7,/a/0/1/7!/member_00435,0,/a/0/1/7,146,435,,19824,19858,15660,15694,34,a8362fe4a0998375f85e58e0f0df27df4d8033597bc7d129688ac90fb129145a,0000000000000000bf03000000000000,,,,,False,,,,,,,,,,False,False
/a/0/1/7,/a/0/1/7!/member_00436,0,/a/0/1/7,146,436,,19860,19894,15696,15730,34,a8362fe4a0998375f85e58e0f0df27df4d8033597bc7d129688ac90fb129145a,0000000000000000bf03000000000000,,,,,False,,,,,,,,,,False,False
/a/0/1/7,/a/0/1/7!/member_00437,0,/a/0/1/7,146,437,,19896,19930,15732,15766,34,a8362fe4a0998375f85e58e0f0df27df4d8033597bc7d129688ac90fb129145a,0000000000000000bf03000000000000,,,,,False,,,,,,,,,,False,False
/a/0/1/7,/a/0/1/7!/member_00438,0,/a/0/1/7,146,438,,19932,19966,15768,15802,34,a8362fe4a0998375f85e58e0f0df27df4d8033597bc7d129688ac90fb129145a,0000000000000000bf03000000000000,,,,,False,,,,,,,,,,False,False
/a/0/1/7,/a/0/1/7!/member_00439,0,/a/0/1/7,146,439,,19968,20002,15804,15838,34,a8362fe4a0998375f85e58e0f0df27df4d8033597bc7d129688ac90fb129145a,0000000000000000bf03000000000000,,,,,False,,,,,,,,,,False,False
/a/0/1/7,/a/0/1/7!/member_00440,0,/a/0/1/7,146,440,,20004,20038,15840,15874,34,a8362fe4a0998375f85e58e0f0df27df4d8033597bc7d129688ac90fb129145a,0000000000000000bf03000000000000,,,,,False,,,,,,,,,,False,False
/a/0/1/7,/a/0/1/7!/member_00441,0,/a/0/1/7,146,441,,20040,20074,15876,15910,34,a8362fe4a0998375f85e58e0f0df27df4d8033597bc7d129688ac90fb129145a,0000000000000000bf03000000000000,,,,,False,,,,,,,,,,False,False
/a/0/1/7,/a/0/1/7!/member_00442,0,/a/0/1/7,146,442,,20076,20110,15912,15946,34,400c4826722b8ce02ab7c08147dd0fefece607b2a948984c007a6696b3da7b37,0000000000000000ff031d0000000000,,,,,False,,,,,,,,,,False,False
/a/0/1/7,/a/0/1/7!/member_00443,0,/a/0/1/7,146,443,,20112,20146,15948,15982,34,a36cbb94fb34361f2ec9309475094a5ff4274d60383f4f6e6142fd2360fb9852,0000000000000000ff031c0000000000,,,,,False,,,,,,,,,,False,False
/a/0/1/7,/a/0/1/7!/member_00444,0,/a/0/1/7,146,444,,20148,20182,15984,16018,34,a8362fe4a0998375f85e58e0f0df27df4d8033597bc7d129688ac90fb129145a,0000000000000000bf03000000000000,,,,,False,,,,,,,,,,False,False
/a/0/1/7,/a/0/1/7!/member_00445,0,/a/0/1/7,146,445,,20184,20218,16020,16054,34,ea0cab0106770015860fc62b9fb372b2df2031d77f9353d120fdfa85b89611b6,0000000000000000ff03170000000000,,,,,False,,,,,,,,,,False,False
/a/0/1/7,/a/0/1/7!/member_00446,0,/a/0/1/7,146,446,,20220,20254,16056,16090,34,bfe33116d03284aa5d32bf0802c3b941657566318b99aeb7120b6bc63f068c29,0000000000000000ff03190000000000,,,,,False,,,,,,,,,,False,False
/a/0/1/7,/a/0/1/7!/member_00447,0,/a/0/1/7,146,447,,20256,20290,16092,16126,34,cda421d9a6be93b233c6b1f860e32f20a92f0f62b8908d2aa5f3cbfc7d076280,0000000000000000ff03180000000000,,,,,False,,,,,,,,,,False,False
/a/0/1/7,/a/0/1/7!/member_00448,0,/a/0/1/7,146,448,,20292,20326,16128,16162,34,1dc2594cd34fa2aae81d4c29c5a9a48421015ada3a84b23d34ffae2d94623320,0000000000000000ff031a0000000000,,,,,False,,,,,,,,,,False,False
/a/0/1/7,/a/0/1/7!/member_00449,0,/a/0/1/7,146,449,,20328,20362,16164,16198,34,a8362fe4a0998375f85e58e0f0df27df4d8033597bc7d129688ac90fb129145a,0000000000000000bf03000000000000,,,,,False,,,,,,,,,,False,False
/a/0/1/7,/a/0/1/7!/member_00450,0,/a/0/1/7,146,450,,20364,20398,16200,16234,34,a8362fe4a0998375f85e58e0f0df27df4d8033597bc7d129688ac90fb129145a,0000000000000000bf03000000000000,,,,,False,,,,,,,,,,False,False
/a/0/1/7,/a/0/1/7!/member_00451,0,/a/0/1/7,146,451,,20400,20434,16236,16270,34,a8362fe4a0998375f85e58e0f0df27df4d8033597bc7d129688ac90fb129145a,0000000000000000bf03000000000000,,,,,False,,,,,,,,,,False,False
/a/0/1/7,/a/0/1/7!/member_00452,0,/a/0/1/7,146,452,,20436,20470,16272,16306,34,a8362fe4a0998375f85e58e0f0df27df4d8033597bc7d129688ac90fb129145a,0000000000000000bf03000000000000,,,,,False,,,,,,,,,,False,False
/a/0/1/7,/a/0/1/7!/member_00453,0,/a/0/1/7,146,453,,20472,20506,16308,16342,34,a8362fe4a0998375f85e58e0f0df27df4d8033597bc7d129688ac90fb129145a,0000000000000000bf03000000000000,,,,,False,,,,,,,,,,False,False
/a/0/1/7,/a/0/1/7!/member_00454,0,/a/0/1/7,146,454,,20508,20542,16344,16378,34,a8362fe4a0998375f85e58e0f0df27df4d8033597bc7d129688ac90fb129145a,0000000000000000bf03000000000000,,,,,False,,,,,,,,,,False,False
/a/0/1/7,/a/0/1/7!/member_00455,0,/a/0/1/7,146,455,,20544,20578,16380,16414,34,a8362fe4a0998375f85e58e0f0df27df4d8033597bc7d129688ac90fb129145a,0000000000000000bf03000000000000,,,,,False,,,,,,,,,,False,False
/a/0/1/7,/a/0/1/7!/member_00456,0,/a/0/1/7,146,456,,20580,20614,16416,16450,34,a8362fe4a0998375f85e58e0f0df27df4d8033597bc7d129688ac90fb129145a,0000000000000000bf03000000000000,,,,,False,,,,,,,,,,False,False
/a/0/1/7,/a/0/1/7!/member_00457,0,/a/0/1/7,146,457,,20616,20650,16452,16486,34,a8362fe4a0998375f85e58e0f0df27df4d8033597bc7d129688ac90fb129145a,0000000000000000bf03000000000000,,,,,False,,,,,,,,,,False,False
/a/0/1/7,/a/0/1/7!/member_00458,0,/a/0/1/7,146,458,,20652,20686,16488,16522,34,a8362fe4a0998375f85e58e0f0df27df4d8033597bc7d129688ac90fb129145a,0000000000000000bf03000000000000,,,,,False,,,,,,,,,,False,False
/a/0/1/7,/a/0/1/7!/member_00459,0,/a/0/1/7,146,459,,20688,20722,16524,16558,34,a8362fe4a0998375f85e58e0f0df27df4d8033597bc7d129688ac90fb129145a,0000000000000000bf03000000000000,,,,,False,,,,,,,,,,False,False
/a/0/1/7,/a/0/1/7!/member_00460,0,/a/0/1/7,146,460,,20724,20758,16560,16594,34,a8362fe4a0998375f85e58e0f0df27df4d8033597bc7d129688ac90fb129145a,0000000000000000bf03000000000000,,,,,False,,,,,,,,,,False,False
/a/0/1/7,/a/0/1/7!/member_00461,0,/a/0/1/7,146,461,,20760,20794,16596,16630,34,a8362fe4a0998375f85e58e0f0df27df4d8033597bc7d129688ac90fb129145a,0000000000000000bf03000000000000,,,,,False,,,,,,,,,,False,False
/a/0/1/7,/a/0/1/7!/member_00462,0,/a/0/1/7,146,462,,20796,20830,16632,16666,34,86a08eb9b7a3403d0120b01cfee4b12c78d42fc5d7076565ed26f9e7c62d6f40,14000000000000003f00000000000000,,,,,False,,,,,,,,,,False,False
/a/0/1/7,/a/0/1/7!/member_00463,0,/a/0/1/7,146,463,,20832,20866,16668,16702,34,86a08eb9b7a3403d0120b01cfee4b12c78d42fc5d7076565ed26f9e7c62d6f40,14000000000000003f00000000000000,,,,,False,,,,,,,,,,False,False
/a/0/1/7,/a/0/1/7!/member_00464,0,/a/0/1/7,146,464,,20868,20902,16704,16738,34,86a08eb9b7a3403d0120b01cfee4b12c78d42fc5d7076565ed26f9e7c62d6f40,14000000000000003f00000000000000,,,,,False,,,,,,,,,,False,False
/a/0/1/7,/a/0/1/7!/member_00465,0,/a/0/1/7,146,465,,20904,20938,16740,16774,34,86a08eb9b7a3403d0120b01cfee4b12c78d42fc5d7076565ed26f9e7c62d6f40,14000000000000003f00000000000000,,,,,False,,,,,,,,,,False,False
/a/0/1/7,/a/0/1/7!/member_00466,0,/a/0/1/7,146,466,,20940,20974,16776,16810,34,86a08eb9b7a3403d0120b01cfee4b12c78d42fc5d7076565ed26f9e7c62d6f40,14000000000000003f00000000000000,,,,,False,,,,,,,,,,False,False
/a/0/1/7,/a/0/1/7!/member_00467,0,/a/0/1/7,146,467,,20976,21010,16812,16846,34,86a08eb9b7a3403d0120b01cfee4b12c78d42fc5d7076565ed26f9e7c62d6f40,14000000000000003f00000000000000,,,,,False,,,,,,,,,,False,False
/a/0/1/7,/a/0/1/7!/member_00468,0,/a/0/1/7,146,468,,21012,21046,16848,16882,34,86a08eb9b7a3403d0120b01cfee4b12c78d42fc5d7076565ed26f9e7c62d6f40,14000000000000003f00000000000000,,,,,False,,,,,,,,,,False,False
/a/0/1/7,/a/0/1/7!/member_00469,0,/a/0/1/7,146,469,,21048,21082,16884,16918,34,2358e040766cfd7defee709ed0ea34786624b09db996f55fea04873bbee377ea,2c010000000000001f09000100001000,,,,,False,,,,,,,,,,False,False
/a/0/1/7,/a/0/1/7!/member_00470,0,/a/0/1/7,146,470,,21084,21118,16920,16954,34,c8814c32030fc3fbe0d4906bda767aae506e6c5b864ae047a8d09a14914ccb29,2c010000000000001f09000100001100,,,,,False,,,,,,,,,,False,False
/a/0/1/7,/a/0/1/7!/member_00471,0,/a/0/1/7,146,471,,21120,21154,16956,16990,34,6137f6b1a205259e08f7810b45f1d900e40558e13ae93e48c6400a555a898841,2c010000000000001f09000100001200,,,,,False,,,,,,,,,,False,False
/a/0/1/7,/a/0/1/7!/member_00472,0,/a/0/1/7,146,472,,21156,21190,16992,17026,34,0607fee66b1963e82c79780cda63623b140929373668da3ff3630eb70e2a4bc1,2c010000000000001f09000100001300,,,,,False,,,,,,,,,,False,False
/a/0/1/7,/a/0/1/7!/member_00473,0,/a/0/1/7,146,473,,21192,21226,17028,17062,34,21220f5cc0772115a8c17d1161eb00bd792b619c1d627f7e675c74c4df2cf3ac,2c010000000000001f09000100001400,,,,,False,,,,,,,,,,False,False
/a/0/1/7,/a/0/1/7!/member_00474,0,/a/0/1/7,146,474,,21228,21262,17064,17098,34,32dc634e608be404409d5e3ba555023d9d824bad5094537616b7e8526300bd19,2c010000000000001f09000100001500,,,,,False,,,,,,,,,,False,False
/a/0/1/7,/a/0/1/7!/member_00475,0,/a/0/1/7,146,475,,21264,21298,17100,17134,34,3bcee2b448c9629acf79c50d26f4dd27f234cb94c65e1f8148630e9ae011b9ff,2c010000000000001f09000100001600,,,,,False,,,,,,,,,,False,False
/a/0/1/7,/a/0/1/7!/member_00476,0,/a/0/1/7,146,476,,21300,21334,17136,17170,34,dbe0e3a49052aa9d3a67be8a587de966557140373338f78aef38ed226dc9c887,2c010000000000001f09000100001700,,,,,False,,,,,,,,,,False,False
/a/0/1/7,/a/0/1/7!/member_00477,0,/a/0/1/7,146,477,,21336,21370,17172,17206,34,42899f106c91c9326b8825174ba552c98bb86b5a4846c004ee3a1dc10586c629,00000000000000001f09000000000000,,,,,False,,,,,,,,,,False,False
/a/0/1/7,/a/0/1/7!/member_00478,0,/a/0/1/7,146,478,,21372,21406,17208,17242,34,fdb8328ae0e454010cee858dd931ce46c3679fea5f546f9297411aca3796e6c7,0000000000000000ff03000000000000,,,,,False,,,,,,,,,,False,False
/a/0/1/7,/a/0/1/7!/member_00479,0,/a/0/1/7,146,479,,21408,21442,17244,17278,34,b1b5310bca0596367523b3d4f1794fc7fa6e4360fc6d357727a4c931eae081c5,0000000000000000ff031b0000000000,,,,,False,,,,,,,,,,False,False
/a/0/1/7,/a/0/1/7!/member_00480,0,/a/0/1/7,146,480,,21444,21478,17280,17314,34,a8362fe4a0998375f85e58e0f0df27df4d8033597bc7d129688ac90fb129145a,0000000000000000bf03000000000000,,,,,False,,,,,,,,,,False,False
/a/0/1/7,/a/0/1/7!/member_00481,0,/a/0/1/7,146,481,,21480,21514,17316,17350,34,a8362fe4a0998375f85e58e0f0df27df4d8033597bc7d129688ac90fb129145a,0000000000000000bf03000000000000,,,,,False,,,,,,,,,,False,False
/a/0/1/7,/a/0/1/7!/member_00482,0,/a/0/1/7,146,482,,21516,21550,17352,17386,34,4ed878465872ff4681a87eb0eb96254fa995595c47645d4242431de6dbf46c20,00000000000000003f00000000000000,,,,,False,,,,,,,,,,False,False
/a/0/1/7,/a/0/1/7!/member_00483,0,/a/0/1/7,146,483,,21552,21586,17388,17422,34,4ed878465872ff4681a87eb0eb96254fa995595c47645d4242431de6dbf46c20,00000000000000003f00000000000000,,,,,False,,,,,,,,,,False,False
/a/0/1/7,/a/0/1/7!/member_00484,0,/a/0/1/7,146,484,,21588,21622,17424,17458,34,4ed878465872ff4681a87eb0eb96254fa995595c47645d4242431de6dbf46c20,00000000000000003f00000000000000,,,,,False,,,,,,,,,,False,False
/a/0/1/7,/a/0/1/7!/member_00485,0,/a/0/1/7,146,485,,21624,21658,17460,17494,34,4ed878465872ff4681a87eb0eb96254fa995595c47645d4242431de6dbf46c20,00000000000000003f00000000000000,,,,,False,,,,,,,,,,False,False
/a/0/1/7,/a/0/1/7!/member_00486,0,/a/0/1/7,146,486,,21660,21694,17496,17530,34,4ed878465872ff4681a87eb0eb96254fa995595c47645d4242431de6dbf46c20,00000000000000003f00000000000000,,,,,False,,,,,,,,,,False,False
/a/0/1/7,/a/0/1/7!/member_00487,0,/a/0/1/7,146,487,,21696,21730,17532,17566,34,4ed878465872ff4681a87eb0eb96254fa995595c47645d4242431de6dbf46c20,00000000000000003f00000000000000,,,,,False,,,,,,,,,,False,False
/a/0/1/7,/a/0/1/7!/member_00488,0,/a/0/1/7,146,488,,21732,21766,17568,17602,34,4ed878465872ff4681a87eb0eb96254fa995595c47645d4242431de6dbf46c20,00000000000000003f00000000000000,,,,,False,,,,,,,,,,False,False
/a/0/1/7,/a/0/1/7!/member_00489,0,/a/0/1/7,146,489,,21768,21802,17604,17638,34,4ed878465872ff4681a87eb0eb96254fa995595c47645d4242431de6dbf46c20,00000000000000003f00000000000000,,,,,False,,,,,,,,,,False,False
/a/0/1/7,/a/0/1/7!/member_00490,0,/a/0/1/7,146,490,,21804,21838,17640,17674,34,4ed878465872ff4681a87eb0eb96254fa995595c47645d4242431de6dbf46c20,00000000000000003f00000000000000,,,,,False,,,,,,,,,,False,False
/a/0/1/7,/a/0/1/7!/member_00491,0,/a/0/1/7,146,491,,21840,21874,17676,17710,34,4ed878465872ff4681a87eb0eb96254fa995595c47645d4242431de6dbf46c20,00000000000000003f00000000000000,,,,,False,,,,,,,,,,False,False
/a/0/1/7,/a/0/1/7!/member_00492,0,/a/0/1/7,146,492,,21876,21910,17712,17746,34,4ed878465872ff4681a87eb0eb96254fa995595c47645d4242431de6dbf46c20,00000000000000003f00000000000000,,,,,False,,,,,,,,,,False,False
/a/0/1/7,/a/0/1/7!/member_00493,0,/a/0/1/7,146,493,,21912,21946,17748,17782,34,4ed878465872ff4681a87eb0eb96254fa995595c47645d4242431de6dbf46c20,00000000000000003f00000000000000,,,,,False,,,,,,,,,,False,False
/a/0/1/7,/a/0/1/7!/member_00494,0,/a/0/1/7,146,494,,21948,21982,17784,17818,34,4ed878465872ff4681a87eb0eb96254fa995595c47645d4242431de6dbf46c20,00000000000000003f00000000000000,,,,,False,,,,,,,,,,False,False
/a/0/1/7,/a/0/1/7!/member_00495,0,/a/0/1/7,146,495,,21984,22018,17820,17854,34,4ed878465872ff4681a87eb0eb96254fa995595c47645d4242431de6dbf46c20,00000000000000003f00000000000000,,,,,False,,,,,,,,,,False,False
/a/0/1/7,/a/0/1/7!/member_00496,0,/a/0/1/7,146,496,,22020,22054,17856,17890,34,4ed878465872ff4681a87eb0eb96254fa995595c47645d4242431de6dbf46c20,00000000000000003f00000000000000,,,,,False,,,,,,,,,,False,False
/a/0/1/7,/a/0/1/7!/member_00497,0,/a/0/1/7,146,497,,22056,22090,17892,17926,34,4ed878465872ff4681a87eb0eb96254fa995595c47645d4242431de6dbf46c20,00000000000000003f00000000000000,,,,,False,,,,,,,,,,False,False
/a/0/1/7,/a/0/1/7!/member_00498,0,/a/0/1/7,146,498,,22092,22126,17928,17962,34,4ed878465872ff4681a87eb0eb96254fa995595c47645d4242431de6dbf46c20,00000000000000003f00000000000000,,,,,False,,,,,,,,,,False,False
/a/0/1/7,/a/0/1/7!/member_00499,0,/a/0/1/7,146,499,,22128,22162,17964,17998,34,4ed878465872ff4681a87eb0eb96254fa995595c47645d4242431de6dbf46c20,00000000000000003f00000000000000,,,,,False,,,,,,,,,,False,False
/a/0/1/7,/a/0/1/7!/member_00500,0,/a/0/1/7,146,500,,22164,22198,18000,18034,34,4ed878465872ff4681a87eb0eb96254fa995595c47645d4242431de6dbf46c20,00000000000000003f00000000000000,,,,,False,,,,,,,,,,False,False
/a/0/1/7,/a/0/1/7!/member_00501,0,/a/0/1/7,146,501,,22200,22234,18036,18070,34,4ed878465872ff4681a87eb0eb96254fa995595c47645d4242431de6dbf46c20,00000000000000003f00000000000000,,,,,False,,,,,,,,,,False,False
/a/0/1/7,/a/0/1/7!/member_00502,0,/a/0/1/7,146,502,,22236,22270,18072,18106,34,4ed878465872ff4681a87eb0eb96254fa995595c47645d4242431de6dbf46c20,00000000000000003f00000000000000,,,,,False,,,,,,,,,,False,False
/a/0/1/7,/a/0/1/7!/member_00503,0,/a/0/1/7,146,503,,22272,22306,18108,18142,34,4ed878465872ff4681a87eb0eb96254fa995595c47645d4242431de6dbf46c20,00000000000000003f00000000000000,,,,,False,,,,,,,,,,False,False
/a/0/1/7,/a/0/1/7!/member_00504,0,/a/0/1/7,146,504,,22308,22342,18144,18178,34,4ed878465872ff4681a87eb0eb96254fa995595c47645d4242431de6dbf46c20,00000000000000003f00000000000000,,,,,False,,,,,,,,,,False,False
/a/0/1/7,/a/0/1/7!/member_00505,0,/a/0/1/7,146,505,,22344,22378,18180,18214,34,4ed878465872ff4681a87eb0eb96254fa995595c47645d4242431de6dbf46c20,00000000000000003f00000000000000,,,,,False,,,,,,,,,,False,False
/a/0/1/7,/a/0/1/7!/member_00506,0,/a/0/1/7,146,506,,22380,22414,18216,18250,34,4ed878465872ff4681a87eb0eb96254fa995595c47645d4242431de6dbf46c20,00000000000000003f00000000000000,,,,,False,,,,,,,,,,False,False
/a/0/1/7,/a/0/1/7!/member_00507,0,/a/0/1/7,146,507,,22416,22450,18252,18286,34,4ed878465872ff4681a87eb0eb96254fa995595c47645d4242431de6dbf46c20,00000000000000003f00000000000000,,,,,False,,,,,,,,,,False,False
/a/0/1/7,/a/0/1/7!/member_00508,0,/a/0/1/7,146,508,,22452,22486,18288,18322,34,4ed878465872ff4681a87eb0eb96254fa995595c47645d4242431de6dbf46c20,00000000000000003f00000000000000,,,,,False,,,,,,,,,,False,False
/a/0/1/7,/a/0/1/7!/member_00509,0,/a/0/1/7,146,509,,22488,22522,18324,18358,34,a8362fe4a0998375f85e58e0f0df27df4d8033597bc7d129688ac90fb129145a,0000000000000000bf03000000000000,,,,,False,,,,,,,,,,False,False
/a/0/1/7,/a/0/1/7!/member_00510,0,/a/0/1/7,146,510,,22524,22558,18360,18394,34,a8362fe4a0998375f85e58e0f0df27df4d8033597bc7d129688ac90fb129145a,0000000000000000bf03000000000000,,,,,False,,,,,,,,,,False,False
/a/0/1/7,/a/0/1/7!/member_00511,0,/a/0/1/7,146,511,,22560,22594,18396,18430,34,a8362fe4a0998375f85e58e0f0df27df4d8033597bc7d129688ac90fb129145a,0000000000000000bf03000000000000,,,,,False,,,,,,,,,,False,False
/a/0/1/7,/a/0/1/7!/member_00512,0,/a/0/1/7,146,512,,22596,22630,18432,18466,34,a8362fe4a0998375f85e58e0f0df27df4d8033597bc7d129688ac90fb129145a,0000000000000000bf03000000000000,,,,,False,,,,,,,,,,False,False
/a/0/1/7,/a/0/1/7!/member_00513,0,/a/0/1/7,146,513,,22632,22666,18468,18502,34,a8362fe4a0998375f85e58e0f0df27df4d8033597bc7d129688ac90fb129145a,0000000000000000bf03000000000000,,,,,False,,,,,,,,,,False,False
/a/0/1/8,/a/0/1/8!/member_00000,0,/a/0/1/8,147,0,,6428,6539,0,111,111,ca4fb76f05db368c396eb1886b1de7f86ac9d15577eac9a050aee2d0ddf7492b,524e414efffe00016f00000010000300,,NANR animation,Confirmed,True,False,,,,,,,,,,False,False
/a/0/1/8,/a/0/1/8!/member_00001,0,/a/0/1/8,147,1,,6540,6647,112,219,107,dc7e275467c4ae23635cde791bbf1268d8e7f10613324f118388d4694b83c3f8,5245434efffe00016b00000010000300,,NCER cell,Confirmed,True,False,,,,,,,,,,False,False
/a/0/1/8,/a/0/1/8!/member_00002,0,/a/0/1/8,147,2,,6648,7208,220,780,560,5dcd2c2910979cb4afd771156e97dafa099e1fd48e502c1a0decdb4d8209f461,5247434efffe01013002000010000100,,NCGR graphics,Confirmed,True,False,,,,,,,,,,False,False
/a/0/1/8,/a/0/1/8!/member_00003,0,/a/0/1/8,147,3,,7208,7760,780,1332,552,b21274a0a6f37d6e3357f0d899458a5d7028d8d2be4281b3e988e51df5c5e10c,524c434efffe00012802000010000100,,NCLR palette,Confirmed,True,False,,,,,,,,,,False,False
/a/0/1/8,/a/0/1/8!/member_00004,0,/a/0/1/8,147,4,,7760,8320,1332,1892,560,4d24e1d28e8fe03fbdfeb5afa3803e2b0a971c4d935b513f5f40da5fc72ef29c,5247434efffe01013002000010000100,,NCGR graphics,Confirmed,True,False,,,,,,,,,,False,False
/a/0/1/8,/a/0/1/8!/member_00005,0,/a/0/1/8,147,5,,8320,8872,1892,2444,552,f41068ff97977268ac197e1d12eec886c14eb8a8c1652551691eb48532d7c2d2,524c434efffe00012802000010000100,,NCLR palette,Confirmed,True,False,,,,,,,,,,False,False
/a/0/1/8,/a/0/1/8!/member_00006,0,/a/0/1/8,147,6,,8872,9432,2444,3004,560,ec28d4b3bd60abf669d411778265ce67687f8b299fbd89cfe251687f3ffe0d62,5247434efffe01013002000010000100,,NCGR graphics,Confirmed,True,False,,,,,,,,,,False,False
/a/0/1/8,/a/0/1/8!/member_00007,0,/a/0/1/8,147,7,,9432,9984,3004,3556,552,fbcfda443112ecaa4b1037a247087824f1ee255bf50c9baac9868b86d302bad6,524c434efffe00012802000010000100,,NCLR palette,Confirmed,True,False,,,,,,,,,,False,False
/a/0/1/8,/a/0/1/8!/member_00008,0,/a/0/1/8,147,8,,9984,10544,3556,4116,560,4257db8d1f3e35413932acfef27442a64ef897c902b1b5174419d78b9f81f131,5247434efffe01013002000010000100,,NCGR graphics,Confirmed,True,False,,,,,,,,,,False,False
/a/0/1/8,/a/0/1/8!/member_00009,0,/a/0/1/8,147,9,,10544,11096,4116,4668,552,a7f4e7767b55627eb667f874d4f838178eb60eb4f33cb5a94b5044a347d76a5f,524c434efffe00012802000010000100,,NCLR palette,Confirmed,True,False,,,,,,,,,,False,False
/a/0/1/8,/a/0/1/8!/member_00010,0,/a/0/1/8,147,10,,11096,11656,4668,5228,560,52ae0696fb488599c58cc6ef384369db6b0306558fcc4f8f65ffb9e1fad54fb5,5247434efffe01013002000010000100,,NCGR graphics,Confirmed,True,False,,,,,,,,,,False,False
/a/0/1/8,/a/0/1/8!/member_00011,0,/a/0/1/8,147,11,,11656,12208,5228,5780,552,854d06ae1b904bf724f61bf47d37259b919145b0a6b12921080a1c5dcd74885e,524c434efffe00012802000010000100,,NCLR palette,Confirmed,True,False,,,,,,,,,,False,False
/a/0/1/8,/a/0/1/8!/member_00012,0,/a/0/1/8,147,12,,12208,12768,5780,6340,560,6a33b6c6409ccccc4c8cb4f679bcb448273547ed1a4ea07fd32945f84d6bd2fb,5247434efffe01013002000010000100,,NCGR graphics,Confirmed,True,False,,,,,,,,,,False,False
/a/0/1/8,/a/0/1/8!/member_00013,0,/a/0/1/8,147,13,,12768,13320,6340,6892,552,83d106117f1cb8906e50d0c367f15b4c6776bc9006ecc2d793df5b1bc5017c0b,524c434efffe00012802000010000100,,NCLR palette,Confirmed,True,False,,,,,,,,,,False,False
/a/0/1/8,/a/0/1/8!/member_00014,0,/a/0/1/8,147,14,,13320,13880,6892,7452,560,c6aa082ce225652e387cd21312aaa2f044cab2739393b8680c0cce1a3b25bd3d,5247434efffe01013002000010000100,,NCGR graphics,Confirmed,True,False,,,,,,,,,,False,False
/a/0/1/8,/a/0/1/8!/member_00015,0,/a/0/1/8,147,15,,13880,14432,7452,8004,552,7adc0c85c046bd61557af33c11eb68f4bea5f2a0ceaeb4cb1bbad1bc90341940,524c434efffe00012802000010000100,,NCLR palette,Confirmed,True,False,,,,,,,,,,False,False
/a/0/1/8,/a/0/1/8!/member_00016,0,/a/0/1/8,147,16,,14432,14992,8004,8564,560,69b2f6b8ed6531d4738ec688c653739460bac41c56ac8d873d572f261e73f7b9,5247434efffe01013002000010000100,,NCGR graphics,Confirmed,True,False,,,,,,,,,,False,False
/a/0/1/8,/a/0/1/8!/member_00017,0,/a/0/1/8,147,17,,14992,15544,8564,9116,552,5182d14b877d287845d9c05795e4d64f122dded4cbc7c59f2018556a7cad0fd8,524c434efffe00012802000010000100,,NCLR palette,Confirmed,True,False,,,,,,,,,,False,False
/a/0/1/8,/a/0/1/8!/member_00018,0,/a/0/1/8,147,18,,15544,16104,9116,9676,560,7a5cd5d16e25b2e6edacc5488cd5f13ac06215a4dbe585cfff7fd393d3af2ea4,5247434efffe01013002000010000100,,NCGR graphics,Confirmed,True,False,,,,,,,,,,False,False
/a/0/1/8,/a/0/1/8!/member_00019,0,/a/0/1/8,147,19,,16104,16656,9676,10228,552,bc9789746ec33e7e07d10038f73ba10e142d9dbf60ac2cade4fd20d861c5f027,524c434efffe00012802000010000100,,NCLR palette,Confirmed,True,False,,,,,,,,,,False,False
/a/0/1/8,/a/0/1/8!/member_00020,0,/a/0/1/8,147,20,,16656,17216,10228,10788,560,52ce16adf085a4ff8953bcd1dc3536df71ac0b2d39695bb70b110feca2d5fb75,5247434efffe01013002000010000100,,NCGR graphics,Confirmed,True,False,,,,,,,,,,False,False
/a/0/1/8,/a/0/1/8!/member_00021,0,/a/0/1/8,147,21,,17216,17776,10788,11348,560,a9a7fd1c04776860f7d3e635019bd85a6f007e8713b2eb5885bc30033cf562dd,5247434efffe01013002000010000100,,NCGR graphics,Confirmed,True,False,,,,,,,,,,False,False
/a/0/1/8,/a/0/1/8!/member_00022,0,/a/0/1/8,147,22,,17776,18328,11348,11900,552,204c10fffd694ed122f2109924b55f9be0050071159bf4b7c87532f6628706f0,524c434efffe00012802000010000100,,NCLR palette,Confirmed,True,False,,,,,,,,,,False,False
/a/0/1/8,/a/0/1/8!/member_00023,0,/a/0/1/8,147,23,,18328,18888,11900,12460,560,db9de061ade6ce8708b226d02d2006c479c9a923e4ff94ef8a58fe7ac6201509,5247434efffe01013002000010000100,,NCGR graphics,Confirmed,True,False,,,,,,,,,,False,False
/a/0/1/8,/a/0/1/8!/member_00024,0,/a/0/1/8,147,24,,18888,19448,12460,13020,560,9558871ad3b432aa7d45a28065f2629f7b42fcbf1d9f7edf1d5d5413f4b8dac7,5247434efffe01013002000010000100,,NCGR graphics,Confirmed,True,False,,,,,,,,,,False,False
/a/0/1/8,/a/0/1/8!/member_00025,0,/a/0/1/8,147,25,,19448,20000,13020,13572,552,2423d5ab063c2d0177f25b2e69ba7a397e3a8eb5eb3dcfc84eb3bd27f026104c,524c434efffe00012802000010000100,,NCLR palette,Confirmed,True,False,,,,,,,,,,False,False
/a/0/1/8,/a/0/1/8!/member_00026,0,/a/0/1/8,147,26,,20000,20560,13572,14132,560,86b9d4c851019602645a2cfc947e8f04ab44de49af8f02cd8d009706f76fc791,5247434efffe01013002000010000100,,NCGR graphics,Confirmed,True,False,,,,,,,,,,False,False
/a/0/1/8,/a/0/1/8!/member_00027,0,/a/0/1/8,147,27,,20560,21112,14132,14684,552,3d3580d98e29f930833c719107dbd48a39aa3faaa8d643886a21a514c4bce196,524c434efffe00012802000010000100,,NCLR palette,Confirmed,True,False,,,,,,,,,,False,False
/a/0/1/8,/a/0/1/8!/member_00028,0,/a/0/1/8,147,28,,21112,21664,14684,15236,552,02a4a25e4062d7d433a8dad6cc789025cda0ac3ea00e4641cf96c240f5805a40,524c434efffe00012802000010000100,,NCLR palette,Confirmed,True,False,,,,,,,,,,False,False
/a/0/1/8,/a/0/1/8!/member_00029,0,/a/0/1/8,147,29,,21664,22216,15236,15788,552,22ddb0a06e3814b7466ebdc7e4cec99b475b9b6fe18025054b1c8b13ecbb00fd,524c434efffe00012802000010000100,,NCLR palette,Confirmed,True,False,,,,,,,,,,False,False
/a/0/1/8,/a/0/1/8!/member_00030,0,/a/0/1/8,147,30,,22216,22776,15788,16348,560,86b9d4c851019602645a2cfc947e8f04ab44de49af8f02cd8d009706f76fc791,5247434efffe01013002000010000100,,NCGR graphics,Confirmed,True,False,,,,,,,,,,False,False
/a/0/1/8,/a/0/1/8!/member_00031,0,/a/0/1/8,147,31,,22776,23328,16348,16900,552,38c635a1feb2f5591307f277fcacf610fd56330f076d6edfe3fb4cc6473e4ba0,524c434efffe00012802000010000100,,NCLR palette,Confirmed,True,False,,,,,,,,,,False,False
/a/0/1/8,/a/0/1/8!/member_00032,0,/a/0/1/8,147,32,,23328,23880,16900,17452,552,7d1a7507f0608cfc50d3627ab0cc6db3703046bff10087a30bdeebbaad30e611,524c434efffe00012802000010000100,,NCLR palette,Confirmed,True,False,,,,,,,,,,False,False
/a/0/1/8,/a/0/1/8!/member_00033,0,/a/0/1/8,147,33,,23880,24440,17452,18012,560,f43b8596836ebd6edf0228ca72e4941c6dea49fd53210e9871f9843f6a79bfc4,5247434efffe01013002000010000100,,NCGR graphics,Confirmed,True,False,,,,,,,,,,False,False
/a/0/1/8,/a/0/1/8!/member_00034,0,/a/0/1/8,147,34,,24440,24992,18012,18564,552,1fc64aa617b5ade7849fac592cfe09e2c4a11eef9dc12f1ebed2d8ae6983f068,524c434efffe00012802000010000100,,NCLR palette,Confirmed,True,False,,,,,,,,,,False,False
/a/0/1/8,/a/0/1/8!/member_00035,0,/a/0/1/8,147,35,,24992,25544,18564,19116,552,d72e387f35b83978b4908a048d668e00e3b59d695a49ef27072b88ec7dce54ac,524c434efffe00012802000010000100,,NCLR palette,Confirmed,True,False,,,,,,,,,,False,False
/a/0/1/8,/a/0/1/8!/member_00036,0,/a/0/1/8,147,36,,25544,26096,19116,19668,552,2f112e528103c80717f9b588f26d42e8b663bb4723b7b19a25d33ab397306ae7,524c434efffe00012802000010000100,,NCLR palette,Confirmed,True,False,,,,,,,,,,False,False
/a/0/1/8,/a/0/1/8!/member_00037,0,/a/0/1/8,147,37,,26096,26648,19668,20220,552,2dc713994e4d02fbdab89a205a824699a4ad1971841f4940a8575e547b165a5b,524c434efffe00012802000010000100,,NCLR palette,Confirmed,True,False,,,,,,,,,,False,False
/a/0/1/8,/a/0/1/8!/member_00038,0,/a/0/1/8,147,38,,26648,27208,20220,20780,560,9097c1812ae9553244210c4c92a9e2678e6703a7710fa49aa3c687d32af304ee,5247434efffe01013002000010000100,,NCGR graphics,Confirmed,True,False,,,,,,,,,,False,False
/a/0/1/8,/a/0/1/8!/member_00039,0,/a/0/1/8,147,39,,27208,27760,20780,21332,552,8700e3f7f0c0bde0045cc8697690cbcdfc294fdfe03b97f83fee65daedcd8da3,524c434efffe00012802000010000100,,NCLR palette,Confirmed,True,False,,,,,,,,,,False,False
/a/0/1/8,/a/0/1/8!/member_00040,0,/a/0/1/8,147,40,,27760,28320,21332,21892,560,4d34ca0e5291b68ce866e0636b9fc41b6160fe7add7f8bd830bb757b6be419b7,5247434efffe01013002000010000100,,NCGR graphics,Confirmed,True,False,,,,,,,,,,False,False
/a/0/1/8,/a/0/1/8!/member_00041,0,/a/0/1/8,147,41,,28320,28880,21892,22452,560,980bde2fbadf535ceb9de131866208a22b7c2067f70a99af5cdf383201e21b95,5247434efffe01013002000010000100,,NCGR graphics,Confirmed,True,False,,,,,,,,,,False,False
/a/0/1/8,/a/0/1/8!/member_00042,0,/a/0/1/8,147,42,,28880,29432,22452,23004,552,575b731528d78d0150b46b470853b1d483b2a8ec2969faa68ff90083b2727e45,524c434efffe00012802000010000100,,NCLR palette,Confirmed,True,False,,,,,,,,,,False,False
/a/0/1/8,/a/0/1/8!/member_00043,0,/a/0/1/8,147,43,,29432,29992,23004,23564,560,cf225c01c7c963842e10a564fde7e166f3d2e9bb08625aa1c29e6ef3e1d7ac78,5247434efffe01013002000010000100,,NCGR graphics,Confirmed,True,False,,,,,,,,,,False,False
/a/0/1/8,/a/0/1/8!/member_00044,0,/a/0/1/8,147,44,,29992,30544,23564,24116,552,b6cef31a504fd23513f7ebb3ce84ca0c3c4f3a935a31cd57d76cf7ad33ba0f1e,524c434efffe00012802000010000100,,NCLR palette,Confirmed,True,False,,,,,,,,,,False,False
/a/0/1/8,/a/0/1/8!/member_00045,0,/a/0/1/8,147,45,,30544,31104,24116,24676,560,5b673e73fabec73482cc719d5d327300514a30dd5a42c93f0a3b620f1560c728,5247434efffe01013002000010000100,,NCGR graphics,Confirmed,True,False,,,,,,,,,,False,False
/a/0/1/8,/a/0/1/8!/member_00046,0,/a/0/1/8,147,46,,31104,31656,24676,25228,552,0194ac7131cbd63f5dc363eaa2e46669c45c3e15856998af4a6cc0b62722139e,524c434efffe00012802000010000100,,NCLR palette,Confirmed,True,False,,,,,,,,,,False,False
/a/0/1/8,/a/0/1/8!/member_00047,0,/a/0/1/8,147,47,,31656,32216,25228,25788,560,fdccb85396e6f2c96cb5955d53d7e5df32af91833fd18d77a7771c39d7e6bf74,5247434efffe01013002000010000100,,NCGR graphics,Confirmed,True,False,,,,,,,,,,False,False
/a/0/1/8,/a/0/1/8!/member_00048,0,/a/0/1/8,147,48,,32216,32768,25788,26340,552,bc92ce080c9ba184918695aaa5018105a3c678af3385fce5f582319263372d47,524c434efffe00012802000010000100,,NCLR palette,Confirmed,True,False,,,,,,,,,,False,False
/a/0/1/8,/a/0/1/8!/member_00049,0,/a/0/1/8,147,49,,32768,33328,26340,26900,560,c94868aedf954084c2498569f64d421269591a23bbf60d9a8b44f99b786b315f,5247434efffe01013002000010000100,,NCGR graphics,Confirmed,True,False,,,,,,,,,,False,False
/a/0/1/8,/a/0/1/8!/member_00050,0,/a/0/1/8,147,50,,33328,33880,26900,27452,552,06734f0c6a2bcd2bfb85c91f10c78942c1ddc6ff94a3ad454db467e59c6b2b2d,524c434efffe00012802000010000100,,NCLR palette,Confirmed,True,False,,,,,,,,,,False,False
/a/0/1/8,/a/0/1/8!/member_00051,0,/a/0/1/8,147,51,,33880,34440,27452,28012,560,6cc1e17afc1868b61bac0b6b8bc4258e7fd4f7d07695777868f492997e12150d,5247434efffe01013002000010000100,,NCGR graphics,Confirmed,True,False,,,,,,,,,,False,False
/a/0/1/8,/a/0/1/8!/member_00052,0,/a/0/1/8,147,52,,34440,34992,28012,28564,552,1b653bf1b921f58d03a8a3385a1a6992770138410477a55cf4edc32133b0d969,524c434efffe00012802000010000100,,NCLR palette,Confirmed,True,False,,,,,,,,,,False,False
/a/0/1/8,/a/0/1/8!/member_00053,0,/a/0/1/8,147,53,,34992,35552,28564,29124,560,fbe192477a9c86e15399632e2ba4836a410f3de6a58a31e61e4b873acbba8649,5247434efffe01013002000010000100,,NCGR graphics,Confirmed,True,False,,,,,,,,,,False,False
/a/0/1/8,/a/0/1/8!/member_00054,0,/a/0/1/8,147,54,,35552,36104,29124,29676,552,14968ec091e5a492416b4841f3379929ded5d3db02bfca68e840831409fad381,524c434efffe00012802000010000100,,NCLR palette,Confirmed,True,False,,,,,,,,,,False,False
/a/0/1/8,/a/0/1/8!/member_00055,0,/a/0/1/8,147,55,,36104,36656,29676,30228,552,5576b21c787239664c095d81eceac4526ab77afdb82f01adba66c92800d7d974,524c434efffe00012802000010000100,,NCLR palette,Confirmed,True,False,,,,,,,,,,False,False
/a/0/1/8,/a/0/1/8!/member_00056,0,/a/0/1/8,147,56,,36656,37216,30228,30788,560,af74106d6fde110b4cc5f90610f57d7c09760fa393246007c1e760e1def7b16c,5247434efffe01013002000010000100,,NCGR graphics,Confirmed,True,False,,,,,,,,,,False,False
/a/0/1/8,/a/0/1/8!/member_00057,0,/a/0/1/8,147,57,,37216,37768,30788,31340,552,158f6e2b5bcec809ea23d94c4aa0123ca9a323ec2d33c3cfbfe8a303194ed2b6,524c434efffe00012802000010000100,,NCLR palette,Confirmed,True,False,,,,,,,,,,False,False
/a/0/1/8,/a/0/1/8!/member_00058,0,/a/0/1/8,147,58,,37768,38328,31340,31900,560,e3462443b7bf6312f9a5943a48d4802d477fc605b6377cc6da2fdb4d88da8954,5247434efffe01013002000010000100,,NCGR graphics,Confirmed,True,False,,,,,,,,,,False,False
/a/0/1/8,/a/0/1/8!/member_00059,0,/a/0/1/8,147,59,,38328,38880,31900,32452,552,eb638d6a7b876733a71ba0fe8e66434df04c454da40c472c598868e34eeb9910,524c434efffe00012802000010000100,,NCLR palette,Confirmed,True,False,,,,,,,,,,False,False
/a/0/1/8,/a/0/1/8!/member_00060,0,/a/0/1/8,147,60,,38880,39432,32452,33004,552,f42da9c2bfbc64d65592cbb575a86b50bc025670fd48822885ba88fd6c44a7e4,524c434efffe00012802000010000100,,NCLR palette,Confirmed,True,False,,,,,,,,,,False,False
/a/0/1/8,/a/0/1/8!/member_00061,0,/a/0/1/8,147,61,,39432,39984,33004,33556,552,2ede3edd12bb2ecc5333ef122659478a813ad9a4388fccdd9d9bad0a866acd8b,524c434efffe00012802000010000100,,NCLR palette,Confirmed,True,False,,,,,,,,,,False,False
/a/0/1/8,/a/0/1/8!/member_00062,0,/a/0/1/8,147,62,,39984,40536,33556,34108,552,e7ea807ddbcaef73e232c71d3b7d3a3293a0d94442f38754a1115ecc6a0abcba,524c434efffe00012802000010000100,,NCLR palette,Confirmed,True,False,,,,,,,,,,False,False
/a/0/1/8,/a/0/1/8!/member_00063,0,/a/0/1/8,147,63,,40536,41096,34108,34668,560,13ce9a37aeaf600af13af8a835b306ff0668be4cea9ef5276eebe20c41b30991,5247434efffe01013002000010000100,,NCGR graphics,Confirmed,True,False,,,,,,,,,,False,False
/a/0/1/8,/a/0/1/8!/member_00064,0,/a/0/1/8,147,64,,41096,41648,34668,35220,552,a84cab8960b38b19fec19cf7962e988fee650da83a39e3b3efb7476e2b2ce124,524c434efffe00012802000010000100,,NCLR palette,Confirmed,True,False,,,,,,,,,,False,False
/a/0/1/8,/a/0/1/8!/member_00065,0,/a/0/1/8,147,65,,41648,42208,35220,35780,560,6a3067b555d41f2df59c76575ed6696aa48b3e5b0474b8d2bc2e00b58d7de0fc,5247434efffe01013002000010000100,,NCGR graphics,Confirmed,True,False,,,,,,,,,,False,False
/a/0/1/8,/a/0/1/8!/member_00066,0,/a/0/1/8,147,66,,42208,42760,35780,36332,552,221b95c09299ab61efcc24660f236814b2d522a97651dfd05f5c64d0d32c9369,524c434efffe00012802000010000100,,NCLR palette,Confirmed,True,False,,,,,,,,,,False,False
/a/0/1/8,/a/0/1/8!/member_00067,0,/a/0/1/8,147,67,,42760,43312,36332,36884,552,0d19a21847df90dbb7c27b014c3352890c889d4800d66f912e5d95c2257efea7,524c434efffe00012802000010000100,,NCLR palette,Confirmed,True,False,,,,,,,,,,False,False
/a/0/1/8,/a/0/1/8!/member_00068,0,/a/0/1/8,147,68,,43312,43864,36884,37436,552,588aed528d45643ee2165930863f4c77d277b7f334659eb6223fca3d4d62ff81,524c434efffe00012802000010000100,,NCLR palette,Confirmed,True,False,,,,,,,,,,False,False
/a/0/1/8,/a/0/1/8!/member_00069,0,/a/0/1/8,147,69,,43864,44416,37436,37988,552,5828bc50f3d06451d9dbdbaffb0fcc3763851042df3ad20bea5828e33e194046,524c434efffe00012802000010000100,,NCLR palette,Confirmed,True,False,,,,,,,,,,False,False
/a/0/1/8,/a/0/1/8!/member_00070,0,/a/0/1/8,147,70,,44416,44968,37988,38540,552,6b4881d7e7f3c01d94d4777dc9f3314851fabe5dbff21eb876477559303361ae,524c434efffe00012802000010000100,,NCLR palette,Confirmed,True,False,,,,,,,,,,False,False
/a/0/1/8,/a/0/1/8!/member_00071,0,/a/0/1/8,147,71,,44968,45528,38540,39100,560,30beaa1f8bf9827ec8de8e63f24755c459b8078da20ac7c4480c0f50ef5c7269,5247434efffe01013002000010000100,,NCGR graphics,Confirmed,True,False,,,,,,,,,,False,False
/a/0/1/8,/a/0/1/8!/member_00072,0,/a/0/1/8,147,72,,45528,46080,39100,39652,552,af7db3449df1913160745c9141cd26ae04868e5389f738f8487b5e09e9537de3,524c434efffe00012802000010000100,,NCLR palette,Confirmed,True,False,,,,,,,,,,False,False
/a/0/1/8,/a/0/1/8!/member_00073,0,/a/0/1/8,147,73,,46080,46640,39652,40212,560,fcb18a95ad592e40b71adc4f7aaf128dadf2a7c76d60423fd2f9d4e2150e3cfd,5247434efffe01013002000010000100,,NCGR graphics,Confirmed,True,False,,,,,,,,,,False,False
/a/0/1/8,/a/0/1/8!/member_00074,0,/a/0/1/8,147,74,,46640,47192,40212,40764,552,ef0842b89695e6a310c9a901602af0cfa54f8c7a209bab11462c56ca87fd5b01,524c434efffe00012802000010000100,,NCLR palette,Confirmed,True,False,,,,,,,,,,False,False
/a/0/1/8,/a/0/1/8!/member_00075,0,/a/0/1/8,147,75,,47192,47744,40764,41316,552,50e9369c4b3eb6603d607e3ff251618c3b4563eed8e8d2da829bb58712d8b7b1,524c434efffe00012802000010000100,,NCLR palette,Confirmed,True,False,,,,,,,,,,False,False
/a/0/1/8,/a/0/1/8!/member_00076,0,/a/0/1/8,147,76,,47744,48304,41316,41876,560,f6722cd8004118f8eba684db772f55dae62753e0957260605a84d12e91caf98d,5247434efffe01013002000010000100,,NCGR graphics,Confirmed,True,False,,,,,,,,,,False,False
/a/0/1/8,/a/0/1/8!/member_00077,0,/a/0/1/8,147,77,,48304,48856,41876,42428,552,7b42d7d68278f84e2f234e07a90ecd97ebda2715a6237faa6ce7f90c839d1b47,524c434efffe00012802000010000100,,NCLR palette,Confirmed,True,False,,,,,,,,,,False,False
/a/0/1/8,/a/0/1/8!/member_00078,0,/a/0/1/8,147,78,,48856,49416,42428,42988,560,a0f12c8a25848ccbf194032f4aaa4774295af73eca08b4fa2ab87fd27e39be45,5247434efffe01013002000010000100,,NCGR graphics,Confirmed,True,False,,,,,,,,,,False,False
/a/0/1/8,/a/0/1/8!/member_00079,0,/a/0/1/8,147,79,,49416,49968,42988,43540,552,7299aeb99c302d3a1ce94e98647fd4aafaae351e16e531421d2ee169252507f4,524c434efffe00012802000010000100,,NCLR palette,Confirmed,True,False,,,,,,,,,,False,False
/a/0/1/8,/a/0/1/8!/member_00080,0,/a/0/1/8,147,80,,49968,50520,43540,44092,552,033efcccc20a784625d35fcbc8fb089d8462054319ec68afac20350107e3f742,524c434efffe00012802000010000100,,NCLR palette,Confirmed,True,False,,,,,,,,,,False,False
/a/0/1/8,/a/0/1/8!/member_00081,0,/a/0/1/8,147,81,,50520,51072,44092,44644,552,5b5afbfca9aebd56fe8b043775191061720d406aa579f5f00ac0a2c8a1bf82ce,524c434efffe00012802000010000100,,NCLR palette,Confirmed,True,False,,,,,,,,,,False,False
/a/0/1/8,/a/0/1/8!/member_00082,0,/a/0/1/8,147,82,,51072,51624,44644,45196,552,edd735f16248a708ad54b9e77563b9a3b3c97d9b84081d95fef9ad8538763fd4,524c434efffe00012802000010000100,,NCLR palette,Confirmed,True,False,,,,,,,,,,False,False
/a/0/1/8,/a/0/1/8!/member_00083,0,/a/0/1/8,147,83,,51624,52184,45196,45756,560,f9f80f7975a0757a12951635e59bff2432d6d34eeb1e6cb1a675c6988cd20743,5247434efffe01013002000010000100,,NCGR graphics,Confirmed,True,False,,,,,,,,,,False,False
/a/0/1/8,/a/0/1/8!/member_00084,0,/a/0/1/8,147,84,,52184,52736,45756,46308,552,79ade04b6e30a80c3ccef38fac67ae6375668ff5defb1d4bbc29a06ad0aa3aa6,524c434efffe00012802000010000100,,NCLR palette,Confirmed,True,False,,,,,,,,,,False,False
/a/0/1/8,/a/0/1/8!/member_00085,0,/a/0/1/8,147,85,,52736,53296,46308,46868,560,11b06a669a3249d770cc8f19c897f47cdca4f9c732f214cc87db51932417d4b0,5247434efffe01013002000010000100,,NCGR graphics,Confirmed,True,False,,,,,,,,,,False,False
/a/0/1/8,/a/0/1/8!/member_00086,0,/a/0/1/8,147,86,,53296,53848,46868,47420,552,f84f61ab707decb0103187b0074f3bae55edad6b10ded41b1cb7c231eec81290,524c434efffe00012802000010000100,,NCLR palette,Confirmed,True,False,,,,,,,,,,False,False
/a/0/1/8,/a/0/1/8!/member_00087,0,/a/0/1/8,147,87,,53848,54400,47420,47972,552,297e4becfe475fa4fb9eb4bd55f5e23e8b227ba545940d2aa05dd448dd04e7cd,524c434efffe00012802000010000100,,NCLR palette,Confirmed,True,False,,,,,,,,,,False,False
/a/0/1/8,/a/0/1/8!/member_00088,0,/a/0/1/8,147,88,,54400,54952,47972,48524,552,69eb20e68ec78808717fa00efe89bd1f281a305860abfab91326fabf06a03758,524c434efffe00012802000010000100,,NCLR palette,Confirmed,True,False,,,,,,,,,,False,False
/a/0/1/8,/a/0/1/8!/member_00089,0,/a/0/1/8,147,89,,54952,55504,48524,49076,552,0da516894c1eb66a6dc575d67758093f277a2a1ab44781186d8d89890325ef3e,524c434efffe00012802000010000100,,NCLR palette,Confirmed,True,False,,,,,,,,,,False,False
/a/0/1/8,/a/0/1/8!/member_00090,0,/a/0/1/8,147,90,,55504,56064,49076,49636,560,399f513e7d9bcefb2bf5d070e5e903f79ed0eb10405a8a156914323d472e7446,5247434efffe01013002000010000100,,NCGR graphics,Confirmed,True,False,,,,,,,,,,False,False
/a/0/1/8,/a/0/1/8!/member_00091,0,/a/0/1/8,147,91,,56064,56616,49636,50188,552,cc2d0a2c0c162e5339027fe8ba3f4344e512dc1ec96e1bad4a06cfbf10910627,524c434efffe00012802000010000100,,NCLR palette,Confirmed,True,False,,,,,,,,,,False,False
/a/0/1/8,/a/0/1/8!/member_00092,0,/a/0/1/8,147,92,,56616,57176,50188,50748,560,9b044c1a848aded4a9e8ee7036ab2cf3e78a70e58e3c427fce5301f2897b3465,5247434efffe01013002000010000100,,NCGR graphics,Confirmed,True,False,,,,,,,,,,False,False
/a/0/1/8,/a/0/1/8!/member_00093,0,/a/0/1/8,147,93,,57176,57728,50748,51300,552,a349a72fd415c16c217ed0342c0c1c27af9e8661692b66b85a9f2b05895ad8c1,524c434efffe00012802000010000100,,NCLR palette,Confirmed,True,False,,,,,,,,,,False,False
/a/0/1/8,/a/0/1/8!/member_00094,0,/a/0/1/8,147,94,,57728,58280,51300,51852,552,8f2bc91625c323d4e5d08fb0916bf9c0f6a41532e341f5e5b4028498cec56a7f,524c434efffe00012802000010000100,,NCLR palette,Confirmed,True,False,,,,,,,,,,False,False
/a/0/1/8,/a/0/1/8!/member_00095,0,/a/0/1/8,147,95,,58280,58840,51852,52412,560,8afc27d9855b0216cc9a8b001f13894812fb07d5f9d34d44b5e6dc2b648b391b,5247434efffe01013002000010000100,,NCGR graphics,Confirmed,True,False,,,,,,,,,,False,False
/a/0/1/8,/a/0/1/8!/member_00096,0,/a/0/1/8,147,96,,58840,59392,52412,52964,552,4ed75a5ee4058564b0c676f1e35e93598595d7d445ae06c886b0fde3ea737236,524c434efffe00012802000010000100,,NCLR palette,Confirmed,True,False,,,,,,,,,,False,False
/a/0/1/8,/a/0/1/8!/member_00097,0,/a/0/1/8,147,97,,59392,59944,52964,53516,552,4644c70c6381617b7a803eb66e9e166efaeab419517fa68af78867175273a33e,524c434efffe00012802000010000100,,NCLR palette,Confirmed,True,False,,,,,,,,,,False,False
/a/0/1/8,/a/0/1/8!/member_00098,0,/a/0/1/8,147,98,,59944,60496,53516,54068,552,d23ba198a5eb119297e5ac967ff6bd9ff8a37359ba36401ef97382f693c9fd50,524c434efffe00012802000010000100,,NCLR palette,Confirmed,True,False,,,,,,,,,,False,False
/a/0/1/8,/a/0/1/8!/member_00099,0,/a/0/1/8,147,99,,60496,61048,54068,54620,552,54a8ff852d8c1d1ad20d3379bfcc723403e5bad402183f325e86f427b142b641,524c434efffe00012802000010000100,,NCLR palette,Confirmed,True,False,,,,,,,,,,False,False
/a/0/1/8,/a/0/1/8!/member_00100,0,/a/0/1/8,147,100,,61048,61608,54620,55180,560,067dc8ba7e97b399cb740d77c342f32082eb1f0d1b9a378bf83a86386900ec2d,5247434efffe01013002000010000100,,NCGR graphics,Confirmed,True,False,,,,,,,,,,False,False
/a/0/1/8,/a/0/1/8!/member_00101,0,/a/0/1/8,147,101,,61608,62160,55180,55732,552,8e69e1ae2cc8fca819d02b73e68cb3323ef0bf069a61b060bdcabf49ecb3c133,524c434efffe00012802000010000100,,NCLR palette,Confirmed,True,False,,,,,,,,,,False,False
/a/0/1/8,/a/0/1/8!/member_00102,0,/a/0/1/8,147,102,,62160,62712,55732,56284,552,3cc52893f785b8a0a06d57df7a425de0747ea280bd9412b6a4c3bc9616b75657,524c434efffe00012802000010000100,,NCLR palette,Confirmed,True,False,,,,,,,,,,False,False
/a/0/1/8,/a/0/1/8!/member_00103,0,/a/0/1/8,147,103,,62712,63264,56284,56836,552,f40787ff3b9f8cdde9fc48b1cb5dc69000b0e45d49d4fcecbdb052cf7a0f550e,524c434efffe00012802000010000100,,NCLR palette,Confirmed,True,False,,,,,,,,,,False,False
/a/0/1/8,/a/0/1/8!/member_00104,0,/a/0/1/8,147,104,,63264,63816,56836,57388,552,cb59a33841161ef8fd4742e3e4fcbb97db93e7ccdb70b6e121444c49b27e2cc9,524c434efffe00012802000010000100,,NCLR palette,Confirmed,True,False,,,,,,,,,,False,False
/a/0/1/8,/a/0/1/8!/member_00105,0,/a/0/1/8,147,105,,63816,64376,57388,57948,560,176af332217e9b233fb08c3267ddf38c6405e3b26d54e70dadc980238754187e,5247434efffe01013002000010000100,,NCGR graphics,Confirmed,True,False,,,,,,,,,,False,False
/a/0/1/8,/a/0/1/8!/member_00106,0,/a/0/1/8,147,106,,64376,64928,57948,58500,552,3e34c45f298a8bca70608c488c1fe7abbd66b3f9ffa473feabdf810a73125805,524c434efffe00012802000010000100,,NCLR palette,Confirmed,True,False,,,,,,,,,,False,False
/a/0/1/8,/a/0/1/8!/member_00107,0,/a/0/1/8,147,107,,64928,65488,58500,59060,560,8ce3b726ac8cb92393da533a6824f41e45f818332d97050f73e5d7d01674ead7,5247434efffe01013002000010000100,,NCGR graphics,Confirmed,True,False,,,,,,,,,,False,False
/a/0/1/8,/a/0/1/8!/member_00108,0,/a/0/1/8,147,108,,65488,66040,59060,59612,552,3a4170ea65206577fd3ce9950a7f50f8f7016efd1077623c47d79516ba786daf,524c434efffe00012802000010000100,,NCLR palette,Confirmed,True,False,,,,,,,,,,False,False
/a/0/1/8,/a/0/1/8!/member_00109,0,/a/0/1/8,147,109,,66040,66600,59612,60172,560,1a92624419d1c89650961d579978e769a81944e9a15e4609a370c5988eac8941,5247434efffe01013002000010000100,,NCGR graphics,Confirmed,True,False,,,,,,,,,,False,False
/a/0/1/8,/a/0/1/8!/member_00110,0,/a/0/1/8,147,110,,66600,67152,60172,60724,552,c1f5a67d19930ab6d67632188d3ed4f7d19d42c8099856a9dc65ee50379cc82f,524c434efffe00012802000010000100,,NCLR palette,Confirmed,True,False,,,,,,,,,,False,False
/a/0/1/8,/a/0/1/8!/member_00111,0,/a/0/1/8,147,111,,67152,67704,60724,61276,552,680279ade97a9609a852f6265baa84c5b7d678b084c6a3eed4fc67d5e9b5edb0,524c434efffe00012802000010000100,,NCLR palette,Confirmed,True,False,,,,,,,,,,False,False
/a/0/1/8,/a/0/1/8!/member_00112,0,/a/0/1/8,147,112,,67704,68264,61276,61836,560,2a36af53f63cb6b6c3cf8bbde3b19d4f32fc7a71a552141f26b46669f6a22099,5247434efffe01013002000010000100,,NCGR graphics,Confirmed,True,False,,,,,,,,,,False,False
/a/0/1/8,/a/0/1/8!/member_00113,0,/a/0/1/8,147,113,,68264,68816,61836,62388,552,054b261fc61e2f82cd1480d79d02053ddd194a1203aa18d5caebc206a8158e3e,524c434efffe00012802000010000100,,NCLR palette,Confirmed,True,False,,,,,,,,,,False,False
/a/0/1/8,/a/0/1/8!/member_00114,0,/a/0/1/8,147,114,,68816,69368,62388,62940,552,6cac5bcee5363f3f2a9c96bb40a3941d9210e5cf4ce97e325d8c683a819b2272,524c434efffe00012802000010000100,,NCLR palette,Confirmed,True,False,,,,,,,,,,False,False
/a/0/1/8,/a/0/1/8!/member_00115,0,/a/0/1/8,147,115,,69368,69928,62940,63500,560,ac923803090c8f8de85d623e607eeaf49664d994c556f96da3cfbf05087f3e8b,5247434efffe01013002000010000100,,NCGR graphics,Confirmed,True,False,,,,,,,,,,False,False
/a/0/1/8,/a/0/1/8!/member_00116,0,/a/0/1/8,147,116,,69928,70480,63500,64052,552,6fe58b4cbd43023d41767f468c0199edeb0f2074dc20471fb11dab4e503174c3,524c434efffe00012802000010000100,,NCLR palette,Confirmed,True,False,,,,,,,,,,False,False
/a/0/1/8,/a/0/1/8!/member_00117,0,/a/0/1/8,147,117,,70480,71040,64052,64612,560,ad15749419c34aa5cec842daa05371f356385642ee71718b41ac886e9db7b6e5,5247434efffe01013002000010000100,,NCGR graphics,Confirmed,True,False,,,,,,,,,,False,False
/a/0/1/8,/a/0/1/8!/member_00118,0,/a/0/1/8,147,118,,71040,71592,64612,65164,552,96e36cdf9ffe6af90c52fbbf93401a570b2cd839bdb0397b1537fb2c626b6484,524c434efffe00012802000010000100,,NCLR palette,Confirmed,True,False,,,,,,,,,,False,False
/a/0/1/8,/a/0/1/8!/member_00119,0,/a/0/1/8,147,119,,71592,72152,65164,65724,560,4d755fb8f01cf37b8b9aa9931b590f012e74fd9ca008fd3fcf4e2f119feaba9e,5247434efffe01013002000010000100,,NCGR graphics,Confirmed,True,False,,,,,,,,,,False,False
/a/0/1/8,/a/0/1/8!/member_00120,0,/a/0/1/8,147,120,,72152,72704,65724,66276,552,beabc9019a481f1fe653accfd714b1732d7fbefe927fcb93c7fe767d3f47d156,524c434efffe00012802000010000100,,NCLR palette,Confirmed,True,False,,,,,,,,,,False,False
/a/0/1/8,/a/0/1/8!/member_00121,0,/a/0/1/8,147,121,,72704,73264,66276,66836,560,3af5cdff7725f8015d07814c88af9970fb23fa75069a13a9ea01d713a84dd5a1,5247434efffe01013002000010000100,,NCGR graphics,Confirmed,True,False,,,,,,,,,,False,False
/a/0/1/8,/a/0/1/8!/member_00122,0,/a/0/1/8,147,122,,73264,73816,66836,67388,552,dd904d8519b1cad10a6da4e488f8fcf49a455e3870c1d8d8d52c9ca511e4102d,524c434efffe00012802000010000100,,NCLR palette,Confirmed,True,False,,,,,,,,,,False,False
/a/0/1/8,/a/0/1/8!/member_00123,0,/a/0/1/8,147,123,,73816,74376,67388,67948,560,ed3d285768e1c045997d8b4cbb50308e2e57786c116491c89aaab73268d0e509,5247434efffe01013002000010000100,,NCGR graphics,Confirmed,True,False,,,,,,,,,,False,False
/a/0/1/8,/a/0/1/8!/member_00124,0,/a/0/1/8,147,124,,74376,74928,67948,68500,552,4e56f5564f763718c8709446b7cee98b19d62e8836b060429886929f355db61d,524c434efffe00012802000010000100,,NCLR palette,Confirmed,True,False,,,,,,,,,,False,False
/a/0/1/8,/a/0/1/8!/member_00125,0,/a/0/1/8,147,125,,74928,75488,68500,69060,560,4ef9e8c15c1da8d8f49b9652fc53ae1b7402a06cac896d312f16b7478d725bfd,5247434efffe01013002000010000100,,NCGR graphics,Confirmed,True,False,,,,,,,,,,False,False
/a/0/1/8,/a/0/1/8!/member_00126,0,/a/0/1/8,147,126,,75488,76040,69060,69612,552,e69275a3cc6f64ccdd71890efdead3a3d29f3d19aa0dc8c9899891dd7d7584b6,524c434efffe00012802000010000100,,NCLR palette,Confirmed,True,False,,,,,,,,,,False,False
/a/0/1/8,/a/0/1/8!/member_00127,0,/a/0/1/8,147,127,,76040,76600,69612,70172,560,5409faa3a80f15a079e3a7fe2d37d61c2e2b28df2f6d8f92380cd55a4c33af07,5247434efffe01013002000010000100,,NCGR graphics,Confirmed,True,False,,,,,,,,,,False,False
/a/0/1/8,/a/0/1/8!/member_00128,0,/a/0/1/8,147,128,,76600,77160,70172,70732,560,9da5b9893f3cd086fc5fb219dcce620de725b08a4f5d60cb4a3a88c508d91ced,5247434efffe01013002000010000100,,NCGR graphics,Confirmed,True,False,,,,,,,,,,False,False
/a/0/1/8,/a/0/1/8!/member_00129,0,/a/0/1/8,147,129,,77160,77712,70732,71284,552,6f015b6da21ab5dd6ad3a1b4dd6948f9ca8f0aab33b5d557253d4c95f40d1561,524c434efffe00012802000010000100,,NCLR palette,Confirmed,True,False,,,,,,,,,,False,False
/a/0/1/8,/a/0/1/8!/member_00130,0,/a/0/1/8,147,130,,77712,78272,71284,71844,560,8690e6442109365f354cdbbe3120da4ed74c8fd8c087466b74edd2a8770b300b,5247434efffe01013002000010000100,,NCGR graphics,Confirmed,True,False,,,,,,,,,,False,False
/a/0/1/8,/a/0/1/8!/member_00131,0,/a/0/1/8,147,131,,78272,78824,71844,72396,552,ee9b505d2750952fb91ea11abdadbff58d4558f56129db6d941836bf40ec98b3,524c434efffe00012802000010000100,,NCLR palette,Confirmed,True,False,,,,,,,,,,False,False
/a/0/1/8,/a/0/1/8!/member_00132,0,/a/0/1/8,147,132,,78824,79384,72396,72956,560,318da8b13dc5e59d9be6f52d296b44d4c29095ed36dcaac5dcff6dbd427da9f8,5247434efffe01013002000010000100,,NCGR graphics,Confirmed,True,False,,,,,,,,,,False,False
/a/0/1/8,/a/0/1/8!/member_00133,0,/a/0/1/8,147,133,,79384,79944,72956,73516,560,0faaf5e64a4fe4d426f908f4670d19fff1521a35787242fb0b5c0af110a7b002,5247434efffe01013002000010000100,,NCGR graphics,Confirmed,True,False,,,,,,,,,,False,False
/a/0/1/8,/a/0/1/8!/member_00134,0,/a/0/1/8,147,134,,79944,80496,73516,74068,552,a348ac1fce204685ade1f2124d57bf788c3a6805970d62fca89a133a9b07b499,524c434efffe00012802000010000100,,NCLR palette,Confirmed,True,False,,,,,,,,,,False,False
/a/0/1/8,/a/0/1/8!/member_00135,0,/a/0/1/8,147,135,,80496,81056,74068,74628,560,42d6cb06a27a230a73207ab290a1aa3d7985c9f3c5bfdf5546929a3d4ee4be76,5247434efffe01013002000010000100,,NCGR graphics,Confirmed,True,False,,,,,,,,,,False,False
/a/0/1/8,/a/0/1/8!/member_00136,0,/a/0/1/8,147,136,,81056,81616,74628,75188,560,af1a8802271ad020f46e2317ae99673a8f0f41a1c5cab92294b245fc4e280545,5247434efffe01013002000010000100,,NCGR graphics,Confirmed,True,False,,,,,,,,,,False,False
/a/0/1/8,/a/0/1/8!/member_00137,0,/a/0/1/8,147,137,,81616,82168,75188,75740,552,42f1630a6f79b165d88a7c1caa5b883a02c5d47be0e964c8bfcbd46210e81108,524c434efffe00012802000010000100,,NCLR palette,Confirmed,True,False,,,,,,,,,,False,False
/a/0/1/8,/a/0/1/8!/member_00138,0,/a/0/1/8,147,138,,82168,82728,75740,76300,560,eeda2b215abb16735043a56ab441d8fc247b088150c0120027224624e9492bb3,5247434efffe01013002000010000100,,NCGR graphics,Confirmed,True,False,,,,,,,,,,False,False
/a/0/1/8,/a/0/1/8!/member_00139,0,/a/0/1/8,147,139,,82728,83280,76300,76852,552,af3e429560d8cc7946b3604105d71801fcc7c928676021a04b35eee4bd6c862d,524c434efffe00012802000010000100,,NCLR palette,Confirmed,True,False,,,,,,,,,,False,False
/a/0/1/8,/a/0/1/8!/member_00140,0,/a/0/1/8,147,140,,83280,83840,76852,77412,560,d931b844b179bed45fa13bc51bcf44e3940a967a2c125cba7291982f17aadaba,5247434efffe01013002000010000100,,NCGR graphics,Confirmed,True,False,,,,,,,,,,False,False
/a/0/1/8,/a/0/1/8!/member_00141,0,/a/0/1/8,147,141,,83840,84392,77412,77964,552,977b8e40d03fe89c5a80d3157e2c730764194c7e3bb4f2acd612efebb90f83b9,524c434efffe00012802000010000100,,NCLR palette,Confirmed,True,False,,,,,,,,,,False,False
/a/0/1/8,/a/0/1/8!/member_00142,0,/a/0/1/8,147,142,,84392,84952,77964,78524,560,b08c6565894c727e84745147d4fc680f051de61a6582a575b17c8383eacdfece,5247434efffe01013002000010000100,,NCGR graphics,Confirmed,True,False,,,,,,,,,,False,False
/a/0/1/8,/a/0/1/8!/member_00143,0,/a/0/1/8,147,143,,84952,85504,78524,79076,552,a617baed24e827a68d16ea4c33a039d95ab8ddc45f3772f80e0f2726e87a99ea,524c434efffe00012802000010000100,,NCLR palette,Confirmed,True,False,,,,,,,,,,False,False
/a/0/1/8,/a/0/1/8!/member_00144,0,/a/0/1/8,147,144,,85504,86064,79076,79636,560,f6d14a85ecb7fc784be35ea3da934a67dc5b41df0c8501f1e49b4772e98bb100,5247434efffe01013002000010000100,,NCGR graphics,Confirmed,True,False,,,,,,,,,,False,False
/a/0/1/8,/a/0/1/8!/member_00145,0,/a/0/1/8,147,145,,86064,86616,79636,80188,552,c039e17256a44c9640ed0c606ee7a4a5185fb19e5f4267243178e822b26d72c0,524c434efffe00012802000010000100,,NCLR palette,Confirmed,True,False,,,,,,,,,,False,False
/a/0/1/8,/a/0/1/8!/member_00146,0,/a/0/1/8,147,146,,86616,87176,80188,80748,560,410f89bd4a104550a00a7efe0e5b09f475bf7c169b53b520511c4ddc90d989bf,5247434efffe01013002000010000100,,NCGR graphics,Confirmed,True,False,,,,,,,,,,False,False
/a/0/1/8,/a/0/1/8!/member_00147,0,/a/0/1/8,147,147,,87176,87728,80748,81300,552,6851b7dab2ee11fdbd6eabc0c67af23779b16f9fb527d30ff7752c3d55df9883,524c434efffe00012802000010000100,,NCLR palette,Confirmed,True,False,,,,,,,,,,False,False
/a/0/1/8,/a/0/1/8!/member_00148,0,/a/0/1/8,147,148,,87728,88288,81300,81860,560,2692128b4f7ddcc7d0d553bd2aaaf52280a452dfabe07df23bd72e48c6f59828,5247434efffe01013002000010000100,,NCGR graphics,Confirmed,True,False,,,,,,,,,,False,False
/a/0/1/8,/a/0/1/8!/member_00149,0,/a/0/1/8,147,149,,88288,88840,81860,82412,552,dc0de1dbf3c8ca98006d760dea767e51f601aa2f1e79ad7f21b6a108f011d79b,524c434efffe00012802000010000100,,NCLR palette,Confirmed,True,False,,,,,,,,,,False,False
/a/0/1/8,/a/0/1/8!/member_00150,0,/a/0/1/8,147,150,,88840,89400,82412,82972,560,361a1eaec5de604965527816a49f0c31a270147a6a3c4df2c95470fa2de21543,5247434efffe01013002000010000100,,NCGR graphics,Confirmed,True,False,,,,,,,,,,False,False
/a/0/1/8,/a/0/1/8!/member_00151,0,/a/0/1/8,147,151,,89400,89952,82972,83524,552,fb52ce8971871e2e1cf0ed35e6867e9a613eb5e2e0b6c93770dbf9f1b0c18281,524c434efffe00012802000010000100,,NCLR palette,Confirmed,True,False,,,,,,,,,,False,False
/a/0/1/8,/a/0/1/8!/member_00152,0,/a/0/1/8,147,152,,89952,90512,83524,84084,560,c7d38acc1be652aa8cd1d3c08fc37608df5fc98c75a2c003206e48a7183f0764,5247434efffe01013002000010000100,,NCGR graphics,Confirmed,True,False,,,,,,,,,,False,False
/a/0/1/8,/a/0/1/8!/member_00153,0,/a/0/1/8,147,153,,90512,91064,84084,84636,552,3217674ede6c51d401ab0f9545f15871312b2f823455e1b42a86d662c70d2909,524c434efffe00012802000010000100,,NCLR palette,Confirmed,True,False,,,,,,,,,,False,False
/a/0/1/8,/a/0/1/8!/member_00154,0,/a/0/1/8,147,154,,91064,91624,84636,85196,560,c8acca933fd6707a6b0f15c0c81cb666798d7d39e2a1b1d90f2c1f2f9d136d35,5247434efffe01013002000010000100,,NCGR graphics,Confirmed,True,False,,,,,,,,,,False,False
/a/0/1/8,/a/0/1/8!/member_00155,0,/a/0/1/8,147,155,,91624,92176,85196,85748,552,5bbed91b9b2422cbb9bb7be39ad925550b651a3d68c9063babc771fa47cea281,524c434efffe00012802000010000100,,NCLR palette,Confirmed,True,False,,,,,,,,,,False,False
/a/0/1/8,/a/0/1/8!/member_00156,0,/a/0/1/8,147,156,,92176,92736,85748,86308,560,fa9990d71f718d54bcf71119463bedb93f92a2da039481d1af98454daa68a6a0,5247434efffe01013002000010000100,,NCGR graphics,Confirmed,True,False,,,,,,,,,,False,False
/a/0/1/8,/a/0/1/8!/member_00157,0,/a/0/1/8,147,157,,92736,93288,86308,86860,552,ef94d43ba067b9216be0703f87ad9a4be240df538f107152c02c0de30ff55ff8,524c434efffe00012802000010000100,,NCLR palette,Confirmed,True,False,,,,,,,,,,False,False
/a/0/1/8,/a/0/1/8!/member_00158,0,/a/0/1/8,147,158,,93288,93848,86860,87420,560,07aece7c6243fc6f64c669a9891458ee0e4c93516808bc4fc94237025f93630b,5247434efffe01013002000010000100,,NCGR graphics,Confirmed,True,False,,,,,,,,,,False,False
/a/0/1/8,/a/0/1/8!/member_00159,0,/a/0/1/8,147,159,,93848,94400,87420,87972,552,0ef9aea252f572bb7ff40c0064086b0de355261b06697a6c8e9c673a4f7172e5,524c434efffe00012802000010000100,,NCLR palette,Confirmed,True,False,,,,,,,,,,False,False
/a/0/1/8,/a/0/1/8!/member_00160,0,/a/0/1/8,147,160,,94400,94960,87972,88532,560,e9ffbf7933aae2391d1634ceb6d4efcc3859ce24860872f2fc07894f39b8fbfb,5247434efffe01013002000010000100,,NCGR graphics,Confirmed,True,False,,,,,,,,,,False,False
/a/0/1/8,/a/0/1/8!/member_00161,0,/a/0/1/8,147,161,,94960,95512,88532,89084,552,5646013de2aa3fee50d01cf3b9e61f2581f0cd0d8da28458fde52275f4cd1a29,524c434efffe00012802000010000100,,NCLR palette,Confirmed,True,False,,,,,,,,,,False,False
/a/0/1/8,/a/0/1/8!/member_00162,0,/a/0/1/8,147,162,,95512,96072,89084,89644,560,d16c9785c6dec250ab0f2fb5690fb07b06e0e66f9a4e94a21f0fe751578341f7,5247434efffe01013002000010000100,,NCGR graphics,Confirmed,True,False,,,,,,,,,,False,False
/a/0/1/8,/a/0/1/8!/member_00163,0,/a/0/1/8,147,163,,96072,96624,89644,90196,552,1bcf096e3ea1c7467af2d0040d5b5aeb6de9261c4db6bd737720941f6b2cbb68,524c434efffe00012802000010000100,,NCLR palette,Confirmed,True,False,,,,,,,,,,False,False
/a/0/1/8,/a/0/1/8!/member_00164,0,/a/0/1/8,147,164,,96624,97184,90196,90756,560,420955e8f717785978285eeb3615293fbdd3e853b4ad5b3f54353f6d35950da2,5247434efffe01013002000010000100,,NCGR graphics,Confirmed,True,False,,,,,,,,,,False,False
/a/0/1/8,/a/0/1/8!/member_00165,0,/a/0/1/8,147,165,,97184,97736,90756,91308,552,b48bb6c81db7c3a9c0e718924191794ea2bc5ecb8fb482683e2d2ba3dc434db5,524c434efffe00012802000010000100,,NCLR palette,Confirmed,True,False,,,,,,,,,,False,False
/a/0/1/8,/a/0/1/8!/member_00166,0,/a/0/1/8,147,166,,97736,98296,91308,91868,560,61e0c050e0303a0ebdc06e894e6260fa5ef914a1b18cb8b6033b593711bdef73,5247434efffe01013002000010000100,,NCGR graphics,Confirmed,True,False,,,,,,,,,,False,False
/a/0/1/8,/a/0/1/8!/member_00167,0,/a/0/1/8,147,167,,98296,98848,91868,92420,552,5acd2464266bd1b83283e519a109cc4f6e80ed0e27cbeaab05e415637c4a7c50,524c434efffe00012802000010000100,,NCLR palette,Confirmed,True,False,,,,,,,,,,False,False
/a/0/1/8,/a/0/1/8!/member_00168,0,/a/0/1/8,147,168,,98848,99408,92420,92980,560,fe4ca2227a743930864e66d33d688034421d9d913d90dae26c5279ce6c526041,5247434efffe01013002000010000100,,NCGR graphics,Confirmed,True,False,,,,,,,,,,False,False
/a/0/1/8,/a/0/1/8!/member_00169,0,/a/0/1/8,147,169,,99408,99960,92980,93532,552,8c0dbb9cccb2984578b6684ca18bffb6d1a8db6a67287aedb3f86d817038faa4,524c434efffe00012802000010000100,,NCLR palette,Confirmed,True,False,,,,,,,,,,False,False
/a/0/1/8,/a/0/1/8!/member_00170,0,/a/0/1/8,147,170,,99960,100520,93532,94092,560,49834487f28cb9e5883c0fa1b13b20d6b6601c2b311dbd2cd497e3395a6ce4ac,5247434efffe01013002000010000100,,NCGR graphics,Confirmed,True,False,,,,,,,,,,False,False
/a/0/1/8,/a/0/1/8!/member_00171,0,/a/0/1/8,147,171,,100520,101072,94092,94644,552,c900e445b8305e910051d7a2b6f85e22f19ce0c23c2dcaeed43db25a86ca3b4a,524c434efffe00012802000010000100,,NCLR palette,Confirmed,True,False,,,,,,,,,,False,False
/a/0/1/8,/a/0/1/8!/member_00172,0,/a/0/1/8,147,172,,101072,101632,94644,95204,560,ba58764ff078579f5b584199230fd65cacae2733518719eee4510880b6079989,5247434efffe01013002000010000100,,NCGR graphics,Confirmed,True,False,,,,,,,,,,False,False
/a/0/1/8,/a/0/1/8!/member_00173,0,/a/0/1/8,147,173,,101632,102184,95204,95756,552,a6d6a6636f9576150b8ab5d978bb0a686a68c16f91b6f7d2adcc1c5079dc92af,524c434efffe00012802000010000100,,NCLR palette,Confirmed,True,False,,,,,,,,,,False,False
/a/0/1/8,/a/0/1/8!/member_00174,0,/a/0/1/8,147,174,,102184,102744,95756,96316,560,df4cbae22dbe6fc9586bd07a6a8fed9f91275a7e47bff3c5cc99a1adb31b8ecf,5247434efffe01013002000010000100,,NCGR graphics,Confirmed,True,False,,,,,,,,,,False,False
/a/0/1/8,/a/0/1/8!/member_00175,0,/a/0/1/8,147,175,,102744,103296,96316,96868,552,fff7d94a4186e759b97f657cb4c8c81d3982527a9bcb783310d0deb53a92a72c,524c434efffe00012802000010000100,,NCLR palette,Confirmed,True,False,,,,,,,,,,False,False
/a/0/1/8,/a/0/1/8!/member_00176,0,/a/0/1/8,147,176,,103296,103856,96868,97428,560,2ef11a9ee1b817c31bac0e169955fa29a3c863f5892875519f4630fde0db155a,5247434efffe01013002000010000100,,NCGR graphics,Confirmed,True,False,,,,,,,,,,False,False
/a/0/1/8,/a/0/1/8!/member_00177,0,/a/0/1/8,147,177,,103856,104408,97428,97980,552,76720957d1e2889885c2902096282cfbf07ea72fa3f157ba776c35cdd44c6029,524c434efffe00012802000010000100,,NCLR palette,Confirmed,True,False,,,,,,,,,,False,False
/a/0/1/8,/a/0/1/8!/member_00178,0,/a/0/1/8,147,178,,104408,104968,97980,98540,560,ca5f7bbd4b85e266b7e24b37145ffb3419ed9db2fd2078e43f604b37b0ea6371,5247434efffe01013002000010000100,,NCGR graphics,Confirmed,True,False,,,,,,,,,,False,False
/a/0/1/8,/a/0/1/8!/member_00179,0,/a/0/1/8,147,179,,104968,105520,98540,99092,552,ee1fd1b9846368813a7ff86815117362d6779e0f8b5c165863cd48a1e99571c9,524c434efffe00012802000010000100,,NCLR palette,Confirmed,True,False,,,,,,,,,,False,False
/a/0/1/8,/a/0/1/8!/member_00180,0,/a/0/1/8,147,180,,105520,106080,99092,99652,560,8a31a085562682a7d6bc65c1d8231e44694db122860abb5b814e476dd8dc2d88,5247434efffe01013002000010000100,,NCGR graphics,Confirmed,True,False,,,,,,,,,,False,False
/a/0/1/8,/a/0/1/8!/member_00181,0,/a/0/1/8,147,181,,106080,106632,99652,100204,552,48b874e826281e9a2cfc14ed832b754c454781811981e2ae7c06d6d4165d8caf,524c434efffe00012802000010000100,,NCLR palette,Confirmed,True,False,,,,,,,,,,False,False
/a/0/1/8,/a/0/1/8!/member_00182,0,/a/0/1/8,147,182,,106632,107192,100204,100764,560,7369dd5db227c7d49cec528c8621bc60742fe0ccdffdb5c22399d70d66356238,5247434efffe01013002000010000100,,NCGR graphics,Confirmed,True,False,,,,,,,,,,False,False
/a/0/1/8,/a/0/1/8!/member_00183,0,/a/0/1/8,147,183,,107192,107744,100764,101316,552,0be5fa83926282bee480c399bb28e6fb58123da18e9e770f50e7e6e4f4d94dfe,524c434efffe00012802000010000100,,NCLR palette,Confirmed,True,False,,,,,,,,,,False,False
/a/0/1/8,/a/0/1/8!/member_00184,0,/a/0/1/8,147,184,,107744,108304,101316,101876,560,3089375071626bde188cb3a31d9e327a5b663b6ff69acd2ba45075066f2a2f5a,5247434efffe01013002000010000100,,NCGR graphics,Confirmed,True,False,,,,,,,,,,False,False
/a/0/1/8,/a/0/1/8!/member_00185,0,/a/0/1/8,147,185,,108304,108856,101876,102428,552,9fdde1d4e71a84b3521a4410e00809f13263639e770fd32dd5b24e293dd5492c,524c434efffe00012802000010000100,,NCLR palette,Confirmed,True,False,,,,,,,,,,False,False
/a/0/1/8,/a/0/1/8!/member_00186,0,/a/0/1/8,147,186,,108856,109416,102428,102988,560,318780f8987051e71ee81f3efc9c1af942dccc6b82d1d9799a620b70fdd37ca1,5247434efffe01013002000010000100,,NCGR graphics,Confirmed,True,False,,,,,,,,,,False,False
/a/0/1/8,/a/0/1/8!/member_00187,0,/a/0/1/8,147,187,,109416,109968,102988,103540,552,b421cd40a6f17900e5acbb3d4c4d8fe2646b43cdce7d97e03ddcdaae27c0e339,524c434efffe00012802000010000100,,NCLR palette,Confirmed,True,False,,,,,,,,,,False,False
/a/0/1/8,/a/0/1/8!/member_00188,0,/a/0/1/8,147,188,,109968,110528,103540,104100,560,adf0ab8437a488e41d749f4283f3c1a78bfd798ae7b388112a8c2f731f44a8b7,5247434efffe01013002000010000100,,NCGR graphics,Confirmed,True,False,,,,,,,,,,False,False
/a/0/1/8,/a/0/1/8!/member_00189,0,/a/0/1/8,147,189,,110528,111080,104100,104652,552,a177728cc7e7cf33ad0ff3c3ca6fb2b13c0dcb22940fc2ef40d5d8dc3778b108,524c434efffe00012802000010000100,,NCLR palette,Confirmed,True,False,,,,,,,,,,False,False
/a/0/1/8,/a/0/1/8!/member_00190,0,/a/0/1/8,147,190,,111080,111640,104652,105212,560,896150be863ae17c80d11b547f6eab9f3ba8cda68ff375d9db7babed64978532,5247434efffe01013002000010000100,,NCGR graphics,Confirmed,True,False,,,,,,,,,,False,False
/a/0/1/8,/a/0/1/8!/member_00191,0,/a/0/1/8,147,191,,111640,112192,105212,105764,552,9c022423b337bcdfbc9408fcc7797ccac1f5fb1f8cb330448bb96faf1fe1ce23,524c434efffe00012802000010000100,,NCLR palette,Confirmed,True,False,,,,,,,,,,False,False
/a/0/1/8,/a/0/1/8!/member_00192,0,/a/0/1/8,147,192,,112192,112752,105764,106324,560,3a4a3e242d1904cad8c2344fc35056eb37638ab58f07a32df0ad7b39e03528e5,5247434efffe01013002000010000100,,NCGR graphics,Confirmed,True,False,,,,,,,,,,False,False
/a/0/1/8,/a/0/1/8!/member_00193,0,/a/0/1/8,147,193,,112752,113304,106324,106876,552,d34ecba6b75983f9953bfb4663f6869914c981f05a6ad213485f449fa65c9708,524c434efffe00012802000010000100,,NCLR palette,Confirmed,True,False,,,,,,,,,,False,False
/a/0/1/8,/a/0/1/8!/member_00194,0,/a/0/1/8,147,194,,113304,113864,106876,107436,560,8ca98da1463695de62216b911cd52aa49e2a899011ea266079ce68dd2603b6f3,5247434efffe01013002000010000100,,NCGR graphics,Confirmed,True,False,,,,,,,,,,False,False
/a/0/1/8,/a/0/1/8!/member_00195,0,/a/0/1/8,147,195,,113864,114416,107436,107988,552,b4b9774f22fee283189bbe0869060ebc4f968ebd4d19fb56b3f2dd30766556cb,524c434efffe00012802000010000100,,NCLR palette,Confirmed,True,False,,,,,,,,,,False,False
/a/0/1/8,/a/0/1/8!/member_00196,0,/a/0/1/8,147,196,,114416,114976,107988,108548,560,590f08894acea5e8cb1a1f368a136dc9c4d77abb2c6cac1d0e2039688de10fa2,5247434efffe01013002000010000100,,NCGR graphics,Confirmed,True,False,,,,,,,,,,False,False
/a/0/1/8,/a/0/1/8!/member_00197,0,/a/0/1/8,147,197,,114976,115528,108548,109100,552,0a0dd639a485fb9f86412ce6e0da3be61b86b40bf69f549ae77e2141fd178137,524c434efffe00012802000010000100,,NCLR palette,Confirmed,True,False,,,,,,,,,,False,False
/a/0/1/8,/a/0/1/8!/member_00198,0,/a/0/1/8,147,198,,115528,116088,109100,109660,560,93bd1eccac99fdee1223719dcbb8f427b52de22babe3eb917bd646aa8c7caf36,5247434efffe01013002000010000100,,NCGR graphics,Confirmed,True,False,,,,,,,,,,False,False
/a/0/1/8,/a/0/1/8!/member_00199,0,/a/0/1/8,147,199,,116088,116640,109660,110212,552,cdd4ce026c97de5fb5c5f7b782e87b04b9f7bbd3ca14ae85830a7f4ff8d878b8,524c434efffe00012802000010000100,,NCLR palette,Confirmed,True,False,,,,,,,,,,False,False
/a/0/1/8,/a/0/1/8!/member_00200,0,/a/0/1/8,147,200,,116640,117200,110212,110772,560,18dba90f0c2d369d976c337cbed23d2e2194a082bb4a87e7f22e682bdeda51ff,5247434efffe01013002000010000100,,NCGR graphics,Confirmed,True,False,,,,,,,,,,False,False
/a/0/1/8,/a/0/1/8!/member_00201,0,/a/0/1/8,147,201,,117200,117752,110772,111324,552,1b191cff4206852b273da3444f404526d603002f7c8fbc65c148cb633467ab1a,524c434efffe00012802000010000100,,NCLR palette,Confirmed,True,False,,,,,,,,,,False,False
/a/0/1/8,/a/0/1/8!/member_00202,0,/a/0/1/8,147,202,,117752,118312,111324,111884,560,2910aeb211dcf4950e10faff44027074777d3867142f135efeb7b8c083607cff,5247434efffe01013002000010000100,,NCGR graphics,Confirmed,True,False,,,,,,,,,,False,False
/a/0/1/8,/a/0/1/8!/member_00203,0,/a/0/1/8,147,203,,118312,118864,111884,112436,552,77b06da6fd7549c598498fece72fbe0df05ad0d788cf1c3ce30f0d7fd89d321f,524c434efffe00012802000010000100,,NCLR palette,Confirmed,True,False,,,,,,,,,,False,False
/a/0/1/8,/a/0/1/8!/member_00204,0,/a/0/1/8,147,204,,118864,119424,112436,112996,560,808af2b73c0a9cc3394eaea70290d77d4ea2d8fcc1efb442a0f92788d88f525e,5247434efffe01013002000010000100,,NCGR graphics,Confirmed,True,False,,,,,,,,,,False,False
/a/0/1/8,/a/0/1/8!/member_00205,0,/a/0/1/8,147,205,,119424,119976,112996,113548,552,816f21e579b5b35bfe195959da771b75bdf3bd11962e17bd675bb791eec134d7,524c434efffe00012802000010000100,,NCLR palette,Confirmed,True,False,,,,,,,,,,False,False
/a/0/1/8,/a/0/1/8!/member_00206,0,/a/0/1/8,147,206,,119976,120536,113548,114108,560,dfa199cc944635d79851b7fe76507626a3f1a2546d9531c0bbb99e9a8d5f8136,5247434efffe01013002000010000100,,NCGR graphics,Confirmed,True,False,,,,,,,,,,False,False
/a/0/1/8,/a/0/1/8!/member_00207,0,/a/0/1/8,147,207,,120536,121088,114108,114660,552,1282a7b29ca51b7f2f88644a7755c6f93334285cc6097994cc2daf46a1ad578e,524c434efffe00012802000010000100,,NCLR palette,Confirmed,True,False,,,,,,,,,,False,False
/a/0/1/8,/a/0/1/8!/member_00208,0,/a/0/1/8,147,208,,121088,121648,114660,115220,560,efd1cffe0b0e121cd3aa584b1fcb565469a47c63a61d254c951d2fb0bf6275f7,5247434efffe01013002000010000100,,NCGR graphics,Confirmed,True,False,,,,,,,,,,False,False
/a/0/1/8,/a/0/1/8!/member_00209,0,/a/0/1/8,147,209,,121648,122200,115220,115772,552,84a29c071ee0251efefa86735c8bd26d650c525eaa4a2a42139fe79957d6605c,524c434efffe00012802000010000100,,NCLR palette,Confirmed,True,False,,,,,,,,,,False,False
/a/0/1/8,/a/0/1/8!/member_00210,0,/a/0/1/8,147,210,,122200,122760,115772,116332,560,38ba5cca9c5527f55fb8fa57571320186a4ad10d8c84d4d8e36a305491021d88,5247434efffe01013002000010000100,,NCGR graphics,Confirmed,True,False,,,,,,,,,,False,False
/a/0/1/8,/a/0/1/8!/member_00211,0,/a/0/1/8,147,211,,122760,123312,116332,116884,552,8b43986117ab92322110c14873f73d88fd635b81a42b050f65176d359dc7cbe8,524c434efffe00012802000010000100,,NCLR palette,Confirmed,True,False,,,,,,,,,,False,False
/a/0/1/8,/a/0/1/8!/member_00212,0,/a/0/1/8,147,212,,123312,123872,116884,117444,560,cdb427d7e92ea4f35da7c733fa4015a354c688329c6357ce845033d6b8c95a53,5247434efffe01013002000010000100,,NCGR graphics,Confirmed,True,False,,,,,,,,,,False,False
/a/0/1/8,/a/0/1/8!/member_00213,0,/a/0/1/8,147,213,,123872,124424,117444,117996,552,6c697c70a6ebb230b68dfd3f2019904bb6f80e2092ab126dc5fbc4cd74ccf72b,524c434efffe00012802000010000100,,NCLR palette,Confirmed,True,False,,,,,,,,,,False,False
/a/0/1/8,/a/0/1/8!/member_00214,0,/a/0/1/8,147,214,,124424,124984,117996,118556,560,9ebf7a66e9e782b92afa73d2a99ddbfdf8539ea145952bbe89e6308ec40df5b6,5247434efffe01013002000010000100,,NCGR graphics,Confirmed,True,False,,,,,,,,,,False,False
/a/0/1/8,/a/0/1/8!/member_00215,0,/a/0/1/8,147,215,,124984,125536,118556,119108,552,33c2cbfe3c369aff1107fd1dd3d1e18da38fe47f930dbeb071a130cec0c521ee,524c434efffe00012802000010000100,,NCLR palette,Confirmed,True,False,,,,,,,,,,False,False
/a/0/1/8,/a/0/1/8!/member_00216,0,/a/0/1/8,147,216,,125536,126096,119108,119668,560,459ed8b328ea28aca51db3794adb52291b88c46f185fe89c21b7e7e3f992d315,5247434efffe01013002000010000100,,NCGR graphics,Confirmed,True,False,,,,,,,,,,False,False
/a/0/1/8,/a/0/1/8!/member_00217,0,/a/0/1/8,147,217,,126096,126648,119668,120220,552,6e4a1ee01eff001d09b8482969f2dbfb174bcb86a4896c5c628652a6b4267eaf,524c434efffe00012802000010000100,,NCLR palette,Confirmed,True,False,,,,,,,,,,False,False
/a/0/1/8,/a/0/1/8!/member_00218,0,/a/0/1/8,147,218,,126648,127208,120220,120780,560,76793d5764277f9cd861cb3893d919ca810a616888687c36f0e75a803b1a4807,5247434efffe01013002000010000100,,NCGR graphics,Confirmed,True,False,,,,,,,,,,False,False
/a/0/1/8,/a/0/1/8!/member_00219,0,/a/0/1/8,147,219,,127208,127760,120780,121332,552,d201a0522e6b9512d31238f30d7f46d5d0f891c782943c1a17d37cad6341e9e7,524c434efffe00012802000010000100,,NCLR palette,Confirmed,True,False,,,,,,,,,,False,False
/a/0/1/8,/a/0/1/8!/member_00220,0,/a/0/1/8,147,220,,127760,128320,121332,121892,560,c9f23d4cc8d5104b071ca3524a1e39f31cc52f0b476385db242a18ce2c8ab551,5247434efffe01013002000010000100,,NCGR graphics,Confirmed,True,False,,,,,,,,,,False,False
/a/0/1/8,/a/0/1/8!/member_00221,0,/a/0/1/8,147,221,,128320,128872,121892,122444,552,e383576400d12723f5f0a37dec10304152949695d24ad1dda03ff784b99cc113,524c434efffe00012802000010000100,,NCLR palette,Confirmed,True,False,,,,,,,,,,False,False
/a/0/1/8,/a/0/1/8!/member_00222,0,/a/0/1/8,147,222,,128872,129432,122444,123004,560,8f595a128583af377746c7337914b22f6979f0c78292bf9eec980a86e41a2a2e,5247434efffe01013002000010000100,,NCGR graphics,Confirmed,True,False,,,,,,,,,,False,False
/a/0/1/8,/a/0/1/8!/member_00223,0,/a/0/1/8,147,223,,129432,129984,123004,123556,552,4ad8440183d0350d229635d03e9aced2b3463f13a391db2a048ddf8d0fd36f81,524c434efffe00012802000010000100,,NCLR palette,Confirmed,True,False,,,,,,,,,,False,False
/a/0/1/8,/a/0/1/8!/member_00224,0,/a/0/1/8,147,224,,129984,130544,123556,124116,560,5b398b5b19754b0f4c0182b0b5802e007131a5b2b59c9d16ee93260cc6903834,5247434efffe01013002000010000100,,NCGR graphics,Confirmed,True,False,,,,,,,,,,False,False
/a/0/1/8,/a/0/1/8!/member_00225,0,/a/0/1/8,147,225,,130544,131096,124116,124668,552,78a457a05606da2441a346dc8c88c07fb8de15e007f590d1768c2f1cafd2cc7c,524c434efffe00012802000010000100,,NCLR palette,Confirmed,True,False,,,,,,,,,,False,False
/a/0/1/8,/a/0/1/8!/member_00226,0,/a/0/1/8,147,226,,131096,131656,124668,125228,560,9ee835c1d218f9a0be6f32d4b05c1129f077a24abe459103a556aa9ec8224642,5247434efffe01013002000010000100,,NCGR graphics,Confirmed,True,False,,,,,,,,,,False,False
/a/0/1/8,/a/0/1/8!/member_00227,0,/a/0/1/8,147,227,,131656,132208,125228,125780,552,8f7a2a9127aa1a9b1de09196d9bbc7df6a1d20337545688fda482d80cb1a5050,524c434efffe00012802000010000100,,NCLR palette,Confirmed,True,False,,,,,,,,,,False,False
/a/0/1/8,/a/0/1/8!/member_00228,0,/a/0/1/8,147,228,,132208,132768,125780,126340,560,e2e45ec5ac83cb4b5ae5893b8bc561f0cebf3a13612721adf07b0c21c134a640,5247434efffe01013002000010000100,,NCGR graphics,Confirmed,True,False,,,,,,,,,,False,False
/a/0/1/8,/a/0/1/8!/member_00229,0,/a/0/1/8,147,229,,132768,133320,126340,126892,552,ef095439460792b78e52cb6e0a211b06adc339b9f201240af219435e9833c8ef,524c434efffe00012802000010000100,,NCLR palette,Confirmed,True,False,,,,,,,,,,False,False
/a/0/1/8,/a/0/1/8!/member_00230,0,/a/0/1/8,147,230,,133320,133880,126892,127452,560,e556926232c05e9cf8fb1add8bc2aeb65daca9c3aa31c9250c8c28bd1f3462c5,5247434efffe01013002000010000100,,NCGR graphics,Confirmed,True,False,,,,,,,,,,False,False
/a/0/1/8,/a/0/1/8!/member_00231,0,/a/0/1/8,147,231,,133880,134432,127452,128004,552,bb15777963c6ca35f077959abec4edd326d9efd2cb28f4c6e1b2cc512005501b,524c434efffe00012802000010000100,,NCLR palette,Confirmed,True,False,,,,,,,,,,False,False
/a/0/1/8,/a/0/1/8!/member_00232,0,/a/0/1/8,147,232,,134432,134992,128004,128564,560,9409f8cb327126ec3596c927cdf8d48e3a47f82060d35b2856b1394901e60a75,5247434efffe01013002000010000100,,NCGR graphics,Confirmed,True,False,,,,,,,,,,False,False
/a/0/1/8,/a/0/1/8!/member_00233,0,/a/0/1/8,147,233,,134992,135544,128564,129116,552,076d42085110167405fd7ca9d067aa661177af1e14e6f3a7d175837c367b5272,524c434efffe00012802000010000100,,NCLR palette,Confirmed,True,False,,,,,,,,,,False,False
/a/0/1/8,/a/0/1/8!/member_00234,0,/a/0/1/8,147,234,,135544,136104,129116,129676,560,29b41f8b8b05a932b69bdf19b167be3246ec4be26a79ce004c5ec3a52eca1ea0,5247434efffe01013002000010000100,,NCGR graphics,Confirmed,True,False,,,,,,,,,,False,False
/a/0/1/8,/a/0/1/8!/member_00235,0,/a/0/1/8,147,235,,136104,136656,129676,130228,552,b7770bf1be93714b1ef8221fe461d92a0e557206a2dc4728ac8cb618b54da4ce,524c434efffe00012802000010000100,,NCLR palette,Confirmed,True,False,,,,,,,,,,False,False
/a/0/1/8,/a/0/1/8!/member_00236,0,/a/0/1/8,147,236,,136656,137216,130228,130788,560,30b60786d5eeb77b189ed09a5485734af83750080a5edfaf7d114a4c8b9dad22,5247434efffe01013002000010000100,,NCGR graphics,Confirmed,True,False,,,,,,,,,,False,False
/a/0/1/8,/a/0/1/8!/member_00237,0,/a/0/1/8,147,237,,137216,137768,130788,131340,552,3c06fb96daa31f42bf12de589045f99dd5feaf28948d8a70cc74b6b11258648a,524c434efffe00012802000010000100,,NCLR palette,Confirmed,True,False,,,,,,,,,,False,False
/a/0/1/8,/a/0/1/8!/member_00238,0,/a/0/1/8,147,238,,137768,138328,131340,131900,560,4c0b42b76c06d5a119a1a7c41a5ff4bd5eceac9f40f8817d0a8b78003b9d58b5,5247434efffe01013002000010000100,,NCGR graphics,Confirmed,True,False,,,,,,,,,,False,False
/a/0/1/8,/a/0/1/8!/member_00239,0,/a/0/1/8,147,239,,138328,138880,131900,132452,552,c41b7c29bb15fe9b9010d97981e185f4a367170a9ba29d7418ada807629a3d96,524c434efffe00012802000010000100,,NCLR palette,Confirmed,True,False,,,,,,,,,,False,False
/a/0/1/8,/a/0/1/8!/member_00240,0,/a/0/1/8,147,240,,138880,139440,132452,133012,560,fd305822936af51b17849f28a8b1d42ccbbdce56c360c42362f6bccd1c7bb6ea,5247434efffe01013002000010000100,,NCGR graphics,Confirmed,True,False,,,,,,,,,,False,False
/a/0/1/8,/a/0/1/8!/member_00241,0,/a/0/1/8,147,241,,139440,139992,133012,133564,552,d2f18e777e7817d7ce680e247083f14f3a41ffe79a57a00cdcd506aafb06d678,524c434efffe00012802000010000100,,NCLR palette,Confirmed,True,False,,,,,,,,,,False,False
/a/0/1/8,/a/0/1/8!/member_00242,0,/a/0/1/8,147,242,,139992,140552,133564,134124,560,8df04d00bcbc6c2517e7b96dd9034b87201a238be5402d5fcfc0488f2502b4ce,5247434efffe01013002000010000100,,NCGR graphics,Confirmed,True,False,,,,,,,,,,False,False
/a/0/1/8,/a/0/1/8!/member_00243,0,/a/0/1/8,147,243,,140552,141104,134124,134676,552,e160433c0560862dc854e789f1b3d52e51156ae78e2d6230a3b51b537714d02d,524c434efffe00012802000010000100,,NCLR palette,Confirmed,True,False,,,,,,,,,,False,False
/a/0/1/8,/a/0/1/8!/member_00244,0,/a/0/1/8,147,244,,141104,141664,134676,135236,560,91f28a66eac684643276fee8697b162ac9c306ffd4d868c39227aae82f35b102,5247434efffe01013002000010000100,,NCGR graphics,Confirmed,True,False,,,,,,,,,,False,False
/a/0/1/8,/a/0/1/8!/member_00245,0,/a/0/1/8,147,245,,141664,142216,135236,135788,552,12afd57acecff254c0680fcf296fee30d258f500316db271ffba3d32304611b8,524c434efffe00012802000010000100,,NCLR palette,Confirmed,True,False,,,,,,,,,,False,False
/a/0/1/8,/a/0/1/8!/member_00246,0,/a/0/1/8,147,246,,142216,142776,135788,136348,560,7cb0441ce88aa36b7f47fe212d61e6a0c4c589b53eec7c933fc8b4f5e40e0c67,5247434efffe01013002000010000100,,NCGR graphics,Confirmed,True,False,,,,,,,,,,False,False
/a/0/1/8,/a/0/1/8!/member_00247,0,/a/0/1/8,147,247,,142776,143328,136348,136900,552,faa969467417327cf49b49deb5a6406842592d4ed4d93a890bd1f1929b2ea1e5,524c434efffe00012802000010000100,,NCLR palette,Confirmed,True,False,,,,,,,,,,False,False
/a/0/1/8,/a/0/1/8!/member_00248,0,/a/0/1/8,147,248,,143328,143888,136900,137460,560,d9421332d3e58d34f57a871070e6684cc70714798b26b06360cac72b1bf32a5d,5247434efffe01013002000010000100,,NCGR graphics,Confirmed,True,False,,,,,,,,,,False,False
/a/0/1/8,/a/0/1/8!/member_00249,0,/a/0/1/8,147,249,,143888,144440,137460,138012,552,f5265cd7d5177114057d1a2e4c6b495434637c429ace5660b72ff6c51bdf4c41,524c434efffe00012802000010000100,,NCLR palette,Confirmed,True,False,,,,,,,,,,False,False
/a/0/1/8,/a/0/1/8!/member_00250,0,/a/0/1/8,147,250,,144440,145000,138012,138572,560,b886554151960edac052bf2a68f95e5734e97a50979f93b17c8036dd0f3da825,5247434efffe01013002000010000100,,NCGR graphics,Confirmed,True,False,,,,,,,,,,False,False
/a/0/1/8,/a/0/1/8!/member_00251,0,/a/0/1/8,147,251,,145000,145552,138572,139124,552,09193354661a9744a5aa7bfcea0b97f1452d7d9d1ec17db65c195ccc261dfa03,524c434efffe00012802000010000100,,NCLR palette,Confirmed,True,False,,,,,,,,,,False,False
/a/0/1/8,/a/0/1/8!/member_00252,0,/a/0/1/8,147,252,,145552,146112,139124,139684,560,a3a42bf1ffd198c0d4ac94f87428a2bd11027a73164f50247c52c89148531af6,5247434efffe01013002000010000100,,NCGR graphics,Confirmed,True,False,,,,,,,,,,False,False
/a/0/1/8,/a/0/1/8!/member_00253,0,/a/0/1/8,147,253,,146112,146664,139684,140236,552,e06677e4f27d1354d7627c9b9e82c968930e3ec2635d11d93031df96e3525eff,524c434efffe00012802000010000100,,NCLR palette,Confirmed,True,False,,,,,,,,,,False,False
/a/0/1/8,/a/0/1/8!/member_00254,0,/a/0/1/8,147,254,,146664,147224,140236,140796,560,ed21fed3ccd15ca3791ff3a1574c31a6ca7753ffaf4f27c2f1c82fa2c639f488,5247434efffe01013002000010000100,,NCGR graphics,Confirmed,True,False,,,,,,,,,,False,False
/a/0/1/8,/a/0/1/8!/member_00255,0,/a/0/1/8,147,255,,147224,147776,140796,141348,552,83abd3baa1ec42626d9f526af5af077577be0a2f5729ad369d25625697eaec34,524c434efffe00012802000010000100,,NCLR palette,Confirmed,True,False,,,,,,,,,,False,False
/a/0/1/8,/a/0/1/8!/member_00256,0,/a/0/1/8,147,256,,147776,148336,141348,141908,560,a30693e3eb78b5ff7ed75ce2c8549fdf5cc9ccb2be833c9cf45c2a83eaf3c939,5247434efffe01013002000010000100,,NCGR graphics,Confirmed,True,False,,,,,,,,,,False,False
/a/0/1/8,/a/0/1/8!/member_00257,0,/a/0/1/8,147,257,,148336,148888,141908,142460,552,b919825a4820147781ae117e083563cf8904bc078ba0f3c44e58b2c29fada632,524c434efffe00012802000010000100,,NCLR palette,Confirmed,True,False,,,,,,,,,,False,False
/a/0/1/8,/a/0/1/8!/member_00258,0,/a/0/1/8,147,258,,148888,149448,142460,143020,560,dc421ee71eb270a4a12d47e282c367595928105e29df3f985ee808da1a5a4d32,5247434efffe01013002000010000100,,NCGR graphics,Confirmed,True,False,,,,,,,,,,False,False
/a/0/1/8,/a/0/1/8!/member_00259,0,/a/0/1/8,147,259,,149448,150000,143020,143572,552,c9928e7cb863c2850939a2ad6256f24c263748cfd918b7015b24ba17d6c1cc5d,524c434efffe00012802000010000100,,NCLR palette,Confirmed,True,False,,,,,,,,,,False,False
/a/0/1/8,/a/0/1/8!/member_00260,0,/a/0/1/8,147,260,,150000,150560,143572,144132,560,f7e603be65a74f68e8b164f8de249439b8c891f4234b7f6787a4dacb77664c97,5247434efffe01013002000010000100,,NCGR graphics,Confirmed,True,False,,,,,,,,,,False,False
/a/0/1/8,/a/0/1/8!/member_00261,0,/a/0/1/8,147,261,,150560,151112,144132,144684,552,3231273c2e83cd207e4d52ea65c5d93802f0304f048b10b52f546f472520b3a1,524c434efffe00012802000010000100,,NCLR palette,Confirmed,True,False,,,,,,,,,,False,False
/a/0/1/8,/a/0/1/8!/member_00262,0,/a/0/1/8,147,262,,151112,151664,144684,145236,552,1439855b81acd8146f0045d670b191c62f75d52ac28b1989c26c9cf6b9f8190e,524c434efffe00012802000010000100,,NCLR palette,Confirmed,True,False,,,,,,,,,,False,False
/a/0/1/8,/a/0/1/8!/member_00263,0,/a/0/1/8,147,263,,151664,152224,145236,145796,560,117e6c7a70e9c85057008d1a7e3e37b09c7cdea13d3c37847883e8741f5888ea,5247434efffe01013002000010000100,,NCGR graphics,Confirmed,True,False,,,,,,,,,,False,False
/a/0/1/8,/a/0/1/8!/member_00264,0,/a/0/1/8,147,264,,152224,152776,145796,146348,552,bb6a92ae509cb7d9f30e4d6352021749bd5aebf9c5b8bfec4f085435c57a0646,524c434efffe00012802000010000100,,NCLR palette,Confirmed,True,False,,,,,,,,,,False,False
/a/0/1/8,/a/0/1/8!/member_00265,0,/a/0/1/8,147,265,,152776,153336,146348,146908,560,c166c14a0561373a3ce5336021bd0d14173b0d0ebad2042403f512d9d96cb075,5247434efffe01013002000010000100,,NCGR graphics,Confirmed,True,False,,,,,,,,,,False,False
/a/0/1/8,/a/0/1/8!/member_00266,0,/a/0/1/8,147,266,,153336,153888,146908,147460,552,e8e8eae62a0211874fe18b550a5fc7a6d47d4ac593ccf26aa8068b17163d607e,524c434efffe00012802000010000100,,NCLR palette,Confirmed,True,False,,,,,,,,,,False,False
/a/0/1/8,/a/0/1/8!/member_00267,0,/a/0/1/8,147,267,,153888,154448,147460,148020,560,66098c54ed20afb6f069956d65b6fc0ead45e5da7b4db131372bedf26ba72056,5247434efffe01013002000010000100,,NCGR graphics,Confirmed,True,False,,,,,,,,,,False,False
/a/0/1/8,/a/0/1/8!/member_00268,0,/a/0/1/8,147,268,,154448,155000,148020,148572,552,3169fc872b7b94c161ef5d482ae44333517bd58af09066e0d57c4f5f6bc4b411,524c434efffe00012802000010000100,,NCLR palette,Confirmed,True,False,,,,,,,,,,False,False
/a/0/1/8,/a/0/1/8!/member_00269,0,/a/0/1/8,147,269,,155000,155560,148572,149132,560,2f28cf6223ebe13e23ea97695e691a22a8be973aacadbb4b2b5f1c26d487a2e6,5247434efffe01013002000010000100,,NCGR graphics,Confirmed,True,False,,,,,,,,,,False,False
/a/0/1/8,/a/0/1/8!/member_00270,0,/a/0/1/8,147,270,,155560,156112,149132,149684,552,170254b2472f89a630d8e671a6084961fa333304f74273ee426640fb37ed9d83,524c434efffe00012802000010000100,,NCLR palette,Confirmed,True,False,,,,,,,,,,False,False
/a/0/1/8,/a/0/1/8!/member_00271,0,/a/0/1/8,147,271,,156112,156672,149684,150244,560,25e3279806ef2b43a7f1e8bec9ec642aff277447136ab30f51169fbd050cd380,5247434efffe01013002000010000100,,NCGR graphics,Confirmed,True,False,,,,,,,,,,False,False
/a/0/1/8,/a/0/1/8!/member_00272,0,/a/0/1/8,147,272,,156672,157224,150244,150796,552,44e5c16278e9733d7bb3a255decb7c0a0cfe8a90d289b96266db82cc30fbb820,524c434efffe00012802000010000100,,NCLR palette,Confirmed,True,False,,,,,,,,,,False,False
/a/0/1/8,/a/0/1/8!/member_00273,0,/a/0/1/8,147,273,,157224,157784,150796,151356,560,26626177376810e41a9dd12f2556013ef2570add81c323db34a603e8652983a1,5247434efffe01013002000010000100,,NCGR graphics,Confirmed,True,False,,,,,,,,,,False,False
/a/0/1/8,/a/0/1/8!/member_00274,0,/a/0/1/8,147,274,,157784,158336,151356,151908,552,3ccc9dda8672fc452abb6c5a4276df0daa8839715a0ac15395760de63a4a0fd1,524c434efffe00012802000010000100,,NCLR palette,Confirmed,True,False,,,,,,,,,,False,False
/a/0/1/8,/a/0/1/8!/member_00275,0,/a/0/1/8,147,275,,158336,158896,151908,152468,560,6b6b455f3bdde28f943d9843d66c9e95a1bd8422b27108dda0215f3fa188079c,5247434efffe01013002000010000100,,NCGR graphics,Confirmed,True,False,,,,,,,,,,False,False
/a/0/1/8,/a/0/1/8!/member_00276,0,/a/0/1/8,147,276,,158896,159448,152468,153020,552,1de8dbf1058ea83862ca50a90dc8a4c63a128305207b452cdd66e3619c1ce730,524c434efffe00012802000010000100,,NCLR palette,Confirmed,True,False,,,,,,,,,,False,False
/a/0/1/8,/a/0/1/8!/member_00277,0,/a/0/1/8,147,277,,159448,160008,153020,153580,560,e0e30e6bfea3c64b072cb3f2c0ca9dbfc8f9dcd086d1a3a1d00db21b67618634,5247434efffe01013002000010000100,,NCGR graphics,Confirmed,True,False,,,,,,,,,,False,False
/a/0/1/8,/a/0/1/8!/member_00278,0,/a/0/1/8,147,278,,160008,160560,153580,154132,552,c951e3c10ad89398fd3cdbb56aa266a483afcb0ffb176c2809b3530d2eab9558,524c434efffe00012802000010000100,,NCLR palette,Confirmed,True,False,,,,,,,,,,False,False
