container_chain,member_chain,depth,parent_narc_path,parent_file_id,member_index,name,container_relative_offset,container_relative_end,gmif_relative_offset,gmif_relative_end,size,sha256,signature_hex,extension,probable_format,format_evidence,structure_valid,compressed,compression,compression_evidence,decompression_supported,declared_decompressed_size,decompression_valid,decompressed_size,decompressed_sha256,decompressed_format,decompressed_format_evidence,nested_container,nested_after_decompression
/pbr/pst_gra.narc,/pbr/pst_gra.narc!/member_00114,0,/pbr/pst_gra.narc,504,114,,112316,112876,111168,111728,560,1ac61e692f4122ea6609e24bb5e044f44363ce4050c0c7dcdd006fe0b4e5445b,5247434efffe01013002000010000100,,NCGR graphics,Confirmed,True,False,,,,,,,,,,False,False
/pbr/pst_gra.narc,/pbr/pst_gra.narc!/member_00115,0,/pbr/pst_gra.narc,504,115,,112876,113436,111728,112288,560,1ac61e692f4122ea6609e24bb5e044f44363ce4050c0c7dcdd006fe0b4e5445b,5247434efffe01013002000010000100,,NCGR graphics,Confirmed,True,False,,,,,,,,,,False,False
/pbr/pst_gra.narc,/pbr/pst_gra.narc!/member_00116,0,/pbr/pst_gra.narc,504,116,,113436,113996,112288,112848,560,bf5de781a12fd3d32ddc9ccbd1e5eeefd10f26488ae8808ce8d83e557b414258,5247434efffe01013002000010000100,,NCGR graphics,Confirmed,True,False,,,,,,,,,,False,False
/pbr/pst_gra.narc,/pbr/pst_gra.narc!/member_00117,0,/pbr/pst_gra.narc,504,117,,113996,114556,112848,113408,560,b90f36947d468653eb8375234d66c887aff71490325a07ddb8830aada1f1c2d1,5247434efffe01013002000010000100,,NCGR graphics,Confirmed,True,False,,,,,,,,,,False,False
/pbr/pst_gra.narc,/pbr/pst_gra.narc!/member_00118,0,/pbr/pst_gra.narc,504,118,,114556,115116,113408,113968,560,d46e8183ec4ea10302e2b7ad8dbe532c520be67a2f08104cf772ac4b50d94e02,5247434efffe01013002000010000100,,NCGR graphics,Confirmed,True,False,,,,,,,,,,False,False
/pbr/pst_gra.narc,/pbr/pst_gra.narc!/member_00119,0,/pbr/pst_gra.narc,504,119,,115116,115676,113968,114528,560,c8e791b9b5cfbd65d755c94cad5a632204d144c4c0c877a04f0d806f3c57d9da,5247434efffe01013002000010000100,,NCGR graphics,Confirmed,True,False,,,,,,,,,,False,False
/pbr/pst_gra.narc,/pbr/pst_gra.narc!/member_00120,0,/pbr/pst_gra.narc,504,120,,115676,116876,114528,115728,1200,2fa9d3a006037f0ec383becd2fb64769c32dbd5e5ea694fda67f03a5cec6a67b,5247434efffe0101b004000010000100,,NCGR graphics,Confirmed,True,False,,,,,,,,,,False,False
/pbr/pst_gra.narc,/pbr/pst_gra.narc!/member_00121,0,/pbr/pst_gra.narc,504,121,,116876,117436,115728,116288,560,6ab21ae47a1aeccb1192153551817d2922958d9066900143fcae6a0146d7183a,5247434efffe01013002000010000100,,NCGR graphics,Confirmed,True,False,,,,,,,,,,False,False
/pbr/pst_gra.narc,/pbr/pst_gra.narc!/member_00122,0,/pbr/pst_gra.narc,504,122,,117436,117643,116288,116495,207,1486cc5b60b3411a6e97e42f429a2fbea9b40e3838881a4eaefb458b1719703f,524e414efffe0001cf00000010000300,,NANR animation,Confirmed,True,False,,,,,,,,,,False,False
/pbr/pst_gra.narc,/pbr/pst_gra.narc!/member_00123,0,/pbr/pst_gra.narc,504,123,,117644,117947,116496,116799,303,c7afc871d544945d14c846224c2bf53a65cb53add4f19b8de7ff254de2d315f0,5245434efffe00012f01000010000300,,NCER cell,Confirmed,True,False,,,,,,,,,,False,False
/pbr/pst_gra.narc,/pbr/pst_gra.narc!/member_00124,0,/pbr/pst_gra.narc,504,124,,117948,119276,116800,118128,1328,7f51d63f3bdfed9fa91f7ad841904c6a8d5c568080a5d9b0bfe22244004b01cd,5247434efffe01013005000010000100,,NCGR graphics,Confirmed,True,False,,,,,,,,,,False,False
/pbr/pst_gra.narc,/pbr/pst_gra.narc!/member_00125,0,/pbr/pst_gra.narc,504,125,,119276,119399,118128,118251,123,e9d904a68cccd8b057cfc2c4d17a4d754b2edb7ca7f00e6fd8fc98edae203650,5245434efffe00017b00000010000300,,NCER cell,Confirmed,True,False,,,,,,,,,,False,False
/pbr/pst_gra.narc,/pbr/pst_gra.narc!/member_00126,0,/pbr/pst_gra.narc,504,126,,119400,119511,118252,118363,111,30249884bd91f10bc9d4e13e7b1495f09991b6f488405a0cdbb61cfb402d10ca,524e414efffe00016f00000010000300,,NANR animation,Confirmed,True,False,,,,,,,,,,False,False
/pbr/pst_gra.narc,/pbr/pst_gra.narc!/member_00127,0,/pbr/pst_gra.narc,504,127,,119512,120274,118364,119126,762,9082bc82076e5ca6cafa3be64d0c5955946eb096953054bace937a17473ab9c8,524e414efffe0001fa02000010000300,,NANR animation,Confirmed,True,False,,,,,,,,,,False,False
/pbr/pst_gra.narc,/pbr/pst_gra.narc!/member_00128,0,/pbr/pst_gra.narc,504,128,,120276,120990,119128,119842,714,b19440cdfe6b9a8eca58a6d4d6fe26a4b16bd6f01e8c3a8e589fecade25adcb9,5245434efffe0001ca02000010000300,,NCER cell,Confirmed,True,False,,,,,,,,,,False,False
/pbr/pst_gra.narc,/pbr/pst_gra.narc!/member_00129,0,/pbr/pst_gra.narc,504,129,,120992,123600,119844,122452,2608,d6d3b91a7538f20f61ae26a0e88f5f579e9965874c95702d074f6b9f1dc22543,5247434efffe0101300a000010000100,,NCGR graphics,Confirmed,True,False,,,,,,,,,,False,False
/pbr/pst_gra.narc,/pbr/pst_gra.narc!/member_00130,0,/pbr/pst_gra.narc,504,130,,123600,123754,122452,122606,154,53d8003155752aef909e602429463b97160b13b7f7aaabfcc4e799503e41ab86,524e414efffe00019a00000010000300,,NANR animation,Confirmed,True,False,,,,,,,,,,False,False
/pbr/pst_gra.narc,/pbr/pst_gra.narc!/member_00131,0,/pbr/pst_gra.narc,504,131,,123756,123910,122608,122762,154,cf335a54bdc2a89a87d184d8cdd203fdae346d8dc6ebe9c7d05839ea2ea2512f,5245434efffe00019a00000010000300,,NCER cell,Confirmed,True,False,,,,,,,,,,False,False
/pbr/pst_gra.narc,/pbr/pst_gra.narc!/member_00132,0,/pbr/pst_gra.narc,504,132,,123912,126008,122764,124860,2096,940dc4dda347d3ea038b26738d8fb8942e65acada7e10b1f1a6ef72bf9cf4288,5247434efffe01013008000010000100,,NCGR graphics,Confirmed,True,False,,,,,,,,,,False,False
/pbr/pst_gra.narc,/pbr/pst_gra.narc!/member_00133,0,/pbr/pst_gra.narc,504,133,,126008,126119,124860,124971,111,ca4fb76f05db368c396eb1886b1de7f86ac9d15577eac9a050aee2d0ddf7492b,524e414efffe00016f00000010000300,,NANR animation,Confirmed,True,False,,,,,,,,,,False,False
/pbr/pst_gra.narc,/pbr/pst_gra.narc!/member_00134,0,/pbr/pst_gra.narc,504,134,,126120,126231,124972,125083,111,4c4641e134e5437376730cfa199544ce34ddabcd7720b086bae18e528ad4edd3,5245434efffe00016f00000010000300,,NCER cell,Confirmed,True,False,,,,,,,,,,False,False
/pbr/pst_gra.narc,/pbr/pst_gra.narc!/member_00135,0,/pbr/pst_gra.narc,504,135,,126232,126600,125084,125452,368,15f03f54e7a206628b7319ac9a80ed6a01883c297964c1f6503b655bacb18471,5247434efffe01017001000010000100,,NCGR graphics,Confirmed,True,False,,,,,,,,,,False,False
/pbr/pst_gra.narc,/pbr/pst_gra.narc!/member_00136,0,/pbr/pst_gra.narc,504,136,,126600,127152,125452,126004,552,131b2a5dde1eb71aa055bc895f21704a7fdd07b00760648e376fd02670cce1dc,524c434efffe00012802000010000100,,NCLR palette,Confirmed,True,False,,,,,,,,,,False,False
/pbr/waza_tbl.narc,/pbr/waza_tbl.narc!/member_00000,0,/pbr/waza_tbl.narc,506,0,,3820,3836,0,16,16,374708fff7719dd5979ec875d56cd2286f6d3cf7ec317a3b25632aab28ec37bb,00000000000000000000000000000000,,,,,False,,,,,,,,,,False,False
/pbr/waza_tbl.narc,/pbr/waza_tbl.narc!/member_00001,0,/pbr/waza_tbl.narc,506,1,,3836,3852,16,32,16,082e91ebc7f593f2a4e25fde618117e52927e2bb73a21325e834c0162b89ba20,00000028006423000000007305040000,,,,,False,,,,,,,,,,False,False
/pbr/waza_tbl.narc,/pbr/waza_tbl.narc!/member_00002,0,/pbr/waza_tbl.narc,506,2,,3852,3868,32,48,16,8ffdfc0409b9601323c09556e9075368514bdd10ea392f796b0400e6041f9e99,2b000032016419000000007305040000,,,,,False,,,,,,,,,,False,False
/pbr/waza_tbl.narc,/pbr/waza_tbl.narc!/member_00003,0,/pbr/waza_tbl.narc,506,3,,3868,3884,48,64,16,fe5f592c3b816d1338dd4d003e01723a5188440faa8f39c307ad85f496987eac,1d00000f00550a000000007307040000,,,,,False,,,,,,,,,,False,False
/pbr/waza_tbl.narc,/pbr/waza_tbl.narc!/member_00004,0,/pbr/waza_tbl.narc,506,4,,3884,3900,64,80,16,d75e8de76f1f41fcb93d74f3efeba7e4e145f595840a4bea46ce41e9c81a8a8e,1d00001200550f000000007307040000,,,,,False,,,,,,,,,,False,False
/pbr/waza_tbl.narc,/pbr/waza_tbl.narc!/member_00005,0,/pbr/waza_tbl.narc,506,5,,3900,3916,80,96,16,5a264f170519cf9f1b88660dbf6b7bc69fdb846921ac3eb07ad3eeb43e75dc1f,00000050005514000000003312040000,,,,,False,,,,,,,,,,False,False
/pbr/waza_tbl.narc,/pbr/waza_tbl.narc!/member_00006,0,/pbr/waza_tbl.narc,506,6,,3916,3932,96,112,16,37caf1bf14ad113a1aa3b9f7fc892fbb378e6ffaddf79b6c609538fd5e505503,22000028006414000000003217030000,,,,,False,,,,,,,,,,False,False
/pbr/waza_tbl.narc,/pbr/waza_tbl.narc!/member_00007,0,/pbr/waza_tbl.narc,506,7,,3932,3948,112,128,16,a4e6a20d643a7935ba7fa0066a7bb0b735086320fbc86fc54723e91042d4eff6,0400004b0a640f0a0000001311010000,,,,,False,,,,,,,,,,False,False
/pbr/waza_tbl.narc,/pbr/waza_tbl.narc!/member_00008,0,/pbr/waza_tbl.narc,506,8,,3948,3964,128,144,16,768d4693b1a0d2576a528845b87bcf24dc220d69427b0e2617219f6dd5a556c9,0500004b0f640f0a0000001311010000,,,,,False,,,,,,,,,,False,False
/pbr/waza_tbl.narc,/pbr/waza_tbl.narc!/member_00009,0,/pbr/waza_tbl.narc,506,9,,3964,3980,144,160,16,c9691d22c2f1be028a961efe867f7b806e75e339bee32af9ec14b13a895c5bdf,0600004b0d640f0a0000001311000000,,,,,False,,,,,,,,,,False,False
/pbr/waza_tbl.narc,/pbr/waza_tbl.narc!/member_00010,0,/pbr/waza_tbl.narc,506,10,,3980,3996,160,176,16,082e91ebc7f593f2a4e25fde618117e52927e2bb73a21325e834c0162b89ba20,00000028006423000000007305040000,,,,,False,,,,,,,,,,False,False
/pbr/waza_tbl.narc,/pbr/waza_tbl.narc!/member_00011,0,/pbr/waza_tbl.narc,506,11,,3996,4012,176,192,16,82a076f3fb599d90a5811ab1dcd745cc98b270fc1aa0cd4ce0591cef357fcbc2,0000003700641e000000003305040000,,,,,False,,,,,,,,,,False,False
/pbr/waza_tbl.narc,/pbr/waza_tbl.narc!/member_00012,0,/pbr/waza_tbl.narc,506,12,,4012,4028,192,208,16,47b1f6a5a65000d0a426e7b6c23edc10a57f969b84cac36e8886b9c4e95163dc,26000001001e05000000001309000000,,,,,False,,,,,,,,,,False,False
/pbr/waza_tbl.narc,/pbr/waza_tbl.narc!/member_00013,0,/pbr/waza_tbl.narc,506,13,,4028,4044,208,224,16,3c2f5a53c31f31523967bf9e8f50f56dd3767cf163dc4dde1e2943bfd227c34a,2700015000640a000400003206000000,,,,,False,,,,,,,,,,False,False
/pbr/waza_tbl.narc,/pbr/waza_tbl.narc!/member_00014,0,/pbr/waza_tbl.narc,506,14,,4044,4060,224,240,16,0e3a49ef2a67e55186196259a359d07c809044e785cb93144a2138b264353d2e,3200020000001e00100000480b010000,,,,,False,,,,,,,,,,False,False
/pbr/waza_tbl.narc,/pbr/waza_tbl.narc!/member_00015,0,/pbr/waza_tbl.narc,506,15,,4060,4076,240,256,16,4f6b56cab4eb8f9e255ab9d19a9d144a4ba66ae3cc5b3f93fb8dc80fc39b02c7,00000032005f1e000000007305000000,,,,,False,,,,,,,,,,False,False
/pbr/waza_tbl.narc,/pbr/waza_tbl.narc!/member_00016,0,/pbr/waza_tbl.narc,506,16,,4076,4092,256,272,16,88621023ad806488c308af61a593cc80d08f0b692d69fb8bb2fbc7b844dfec2f,95000128026423000000003205030000,,,,,False,,,,,,,,,,False,False
/pbr/waza_tbl.narc,/pbr/waza_tbl.narc!/member_00017,0,/pbr/waza_tbl.narc,506,17,,4092,4108,272,288,16,42bfd3c39c078eec1869f4bd0c9fa3d33a2bb7ffd8ac717589de4564c78a20a4,0000003c026423000000007305000000,,,,,False,,,,,,,,,,False,False
/pbr/waza_tbl.narc,/pbr/waza_tbl.narc!/member_00018,0,/pbr/waza_tbl.narc,506,18,,4108,4124,288,304,16,fda13d791dbac1fc15da9f11d3d4b73a021c180d13a54d3f24577262d54bdab6,1c000200006414000000fa5209030000,,,,,False,,,,,,,,,,False,False
/pbr/waza_tbl.narc,/pbr/waza_tbl.narc!/member_00019,0,/pbr/waza_tbl.narc,506,19,,4124,4140,304,320,16,a00918ecb24b501af98d906accfd1b2a3528a4a5913a160404245e787685fcd1,9b00005a025f0f00000000b306030000,,,,,False,,,,,,,,,,False,False
/pbr/waza_tbl.narc,/pbr/waza_tbl.narc!/member_00020,0,/pbr/waza_tbl.narc,506,20,,4140,4156,320,336,16,6566caff19f465ede8a3f3b25ae102e128cf3e2e75dd102d08069774623ce3e3,2a00000f004b14000000007315040000,,,,,False,,,,,,,,,,False,False
/pbr/waza_tbl.narc,/pbr/waza_tbl.narc!/member_00021,0,/pbr/waza_tbl.narc,506,21,,4156,4172,336,352,16,c9172a3386c7a4ecb79b614065edceafd8328ff5d65e4b8c2a60642258c44fe8,00000050004b14000000003305040000,,,,,False,,,,,,,,,,False,False
/pbr/waza_tbl.narc,/pbr/waza_tbl.narc!/member_00022,0,/pbr/waza_tbl.narc,506,22,,4172,4188,352,368,16,0d53d3a8cef7236deba1dd291e02269b11f72f4c067d543d3e0815680a0353fd,000000230c640f000000007305000000,,,,,False,,,,,,,,,,False,False
/pbr/waza_tbl.narc,/pbr/waza_tbl.narc!/member_00023,0,/pbr/waza_tbl.narc,506,23,,4188,4204,368,384,16,963c53a0de80330c523d320932d904aca7ace1ccf71f0142129c9c36d99e1dd9,960000410064141e0000005305040000,,,,,False,,,,,,,,,,False,False
/pbr/waza_tbl.narc,/pbr/waza_tbl.narc!/member_00024,0,/pbr/waza_tbl.narc,506,24,,4204,4220,384,400,16,b154b16e28c5b59089decbc1698b28cfac0ebda788a9a15ff2d82e7095218a48,2c00001e01641e000000007307000000,,,,,False,,,,,,,,,,False,False
/pbr/waza_tbl.narc,/pbr/waza_tbl.narc!/member_00025,0,/pbr/waza_tbl.narc,506,25,,4220,4236,400,416,16,35ccff9fb1a229eb1896fb765fe8a16fc838846f390d8532ec8a3781d656ada5,00000078004b0500000000b312000000,,,,,False,,,,,,,,,,False,False
/pbr/waza_tbl.narc,/pbr/waza_tbl.narc!/member_00026,0,/pbr/waza_tbl.narc,506,26,,4236,4252,416,432,16,47f2a784da287a106574399de3ddcca2457dd468e40c4fdb6cb7fc4693a3dd9e,2d000055015f19000000003305000000,,,,,False,,,,,,,,,,False,False
/pbr/waza_tbl.narc,/pbr/waza_tbl.narc!/member_00027,0,/pbr/waza_tbl.narc,506,27,,4252,4268,432,448,16,48d03ada963f5b271af11725ee82ff81300b2d05c89e7c02c9248db4fed2bfd9,1f00003c01550f1e0000003305000000,,,,,False,,,,,,,,,,False,False
/pbr/waza_tbl.narc,/pbr/waza_tbl.narc!/member_00028,0,/pbr/waza_tbl.narc,506,28,,4268,4284,448,464,16,3ae9b68be7b5dc4507c350ced6b07c098aa894df841842d2c48e2c139859516a,1700020004640f000000001613020000,,,,,False,,,,,,,,,,False,False
/pbr/waza_tbl.narc,/pbr/waza_tbl.narc!/member_00029,0,/pbr/waza_tbl.narc,506,29,,4284,4300,464,480,16,e479973863f1d736fa3585d704d239cd9df0e38e6aa3a313c6ce1df329e66334,1f00004600640f1e0000005305040000,,,,,False,,,,,,,,,,False,False
/pbr/waza_tbl.narc,/pbr/waza_tbl.narc!/member_00030,0,/pbr/waza_tbl.narc,506,30,,4300,4316,480,496,16,911f0ce802608729a9f457479ca542374bcf4d1649a02aae5278ee2358365963,00000041006419000000003305000000,,,,,False,,,,,,,,,,False,False
/pbr/waza_tbl.narc,/pbr/waza_tbl.narc!/member_00031,0,/pbr/waza_tbl.narc,506,31,,4316,4332,496,512,16,bd4bf18fff5363a524edff7787a9721039e2a90caf23d57f373304433dbd2cbf,1d00000f005514000000007307000000,,,,,False,,,,,,,,,,False,False
/pbr/waza_tbl.narc,/pbr/waza_tbl.narc!/member_00032,0,/pbr/waza_tbl.narc,506,32,,4332,4348,512,528,16,47b1f6a5a65000d0a426e7b6c23edc10a57f969b84cac36e8886b9c4e95163dc,26000001001e05000000001309000000,,,,,False,,,,,,,,,,False,False
/pbr/waza_tbl.narc,/pbr/waza_tbl.narc!/member_00033,0,/pbr/waza_tbl.narc,506,33,,4348,4364,528,544,16,d109c652da805ed1d78f1d866abc029c59060a3105b7f788dab31a819e04acb6,00000023005f23000000007305040000,,,,,False,,,,,,,,,,False,False
/pbr/waza_tbl.narc,/pbr/waza_tbl.narc!/member_00034,0,/pbr/waza_tbl.narc,506,34,,4364,4380,544,560,16,0d7fce5b69a08a7fd2b6fd9929e2d46db73adb8f50ef290f4d763202b2c1cd5d,0600005500640f1e0000005305040000,,,,,False,,,,,,,,,,False,False
/pbr/waza_tbl.narc,/pbr/waza_tbl.narc!/member_00035,0,/pbr/waza_tbl.narc,506,35,,4380,4396,560,576,16,e10fc677440861ab8eee1e8bd614edfcd6446eedb9b02782b980e11ff3738e5b,2a00000f005514000000003315040000,,,,,False,,,,,,,,,,False,False
/pbr/waza_tbl.narc,/pbr/waza_tbl.narc!/member_00036,0,/pbr/waza_tbl.narc,506,36,,4396,4412,576,592,16,e13b8de06146697fc1b16d4592f886f19f9b032ef4a46b52f657be5d4b2b81d3,3000005a005514000000003305040000,,Nintendo RLE,Probable,,True,Nintendo RLE,Probable,False,5898240,,,,,,False,False
/pbr/waza_tbl.narc,/pbr/waza_tbl.narc!/member_00037,0,/pbr/waza_tbl.narc,506,37,,4412,4428,592,608,16,8e97888c8091c2262a65fe31171070f6b3ea29a89b649dc5dfa18f0cbe7f4abd,1b00005a006414000200003307040000,,,,,False,,,,,,,,,,False,False
/pbr/waza_tbl.narc,/pbr/waza_tbl.narc!/member_00038,0,/pbr/waza_tbl.narc,506,38,,4428,4444,608,624,16,5c04ed0075ce15336235e95e1f943e55d59a84516d8bb90825c56da4a7c1562a,c600007800640f00000000b309040000,,,,,False,,,,,,,,,,False,False
/pbr/waza_tbl.narc,/pbr/waza_tbl.narc!/member_00039,0,/pbr/waza_tbl.narc,506,39,,4444,4460,624,640,16,9b724e189edac51fab145b64b5a26b257e33b7af19b30603549968044e42a360,1300020000641e000400005613020000,,,,,False,,,,,,,,,,False,False
/pbr/waza_tbl.narc,/pbr/waza_tbl.narc!/member_00040,0,/pbr/waza_tbl.narc,506,40,,4460,4476,640,656,16,1c5a7f6c5fb347709792d409ad167c971daf23a535e0825b4da1b287c354d1e4,0200000f0364231e0000001213030000,,,,,False,,,,,,,,,,False,False
/pbr/waza_tbl.narc,/pbr/waza_tbl.narc!/member_00041,0,/pbr/waza_tbl.narc,506,41,,4476,4492,656,672,16,04c5ba04494ca06fddc279668cfb0661bb0ee58ac7962a2398a3ed9930b5d232,4d000019066414140000005207000000,,,,,False,,,,,,,,,,False,False
/pbr/waza_tbl.narc,/pbr/waza_tbl.narc!/member_00042,0,/pbr/waza_tbl.narc,506,42,,4492,4508,672,688,16,badc9aa09c058f7dc2f8c4bea926045d877cc7a6e9d580738ff1c81fc21336f8,1d00000e065514000000007207000000,,,,,False,,,,,,,,,,False,False
/pbr/waza_tbl.narc,/pbr/waza_tbl.narc!/member_00043,0,/pbr/waza_tbl.narc,506,43,,4508,4524,688,704,16,115436643ffe32d6e64dd4dbf3dc9d293eaeb3acafeaf2ab9c12341d694693e0,1300020000641e000400001613000000,,,,,False,,,,,,,,,,False,False
/pbr/waza_tbl.narc,/pbr/waza_tbl.narc!/member_00044,0,/pbr/waza_tbl.narc,506,44,,4524,4540,704,720,16,0555be5e1f33c22835bc0c3584778f93bb059e21a2f77b4923d7ca4161926aa7,1f00003c1164191e0000001305040000,,,,,False,,,,,,,,,,False,False
/pbr/waza_tbl.narc,/pbr/waza_tbl.narc!/member_00045,0,/pbr/waza_tbl.narc,506,45,,4540,4556,720,736,16,c3b2938ed6c48a4c26c3ad21e1ab7231880deb66de2822935237bdd14a1f7347,12000200006428000400005613020000,,,,,False,,,,,,,,,,False,False
/pbr/waza_tbl.narc,/pbr/waza_tbl.narc!/member_00046,0,/pbr/waza_tbl.narc,506,46,,4556,4572,736,752,16,b6e4a4707e3d3176274dd9c740c14e55b6a54c659f14097d6936176f5ca54810,1c000200006414000000fa5213000000,,,,,False,,,,,,,,,,False,False
/pbr/waza_tbl.narc,/pbr/waza_tbl.narc!/member_00047,0,/pbr/waza_tbl.narc,506,47,,4572,4588,752,768,16,ff3d366aeca8add018d947ffba5a51388c03b117d1e084d680220fdbf72637a3,0100020000370f000000001613020000,,,,,False,,,,,,,,,,False,False
/pbr/waza_tbl.narc,/pbr/waza_tbl.narc!/member_00048,0,/pbr/waza_tbl.narc,506,48,,4588,4604,768,784,16,bf611fafb91af763dc6b4bd7164c61dff62f9d336589eed301f127ed3afb0173,31000200003714000000001613030000,,,,,False,,,,,,,,,,False,False
/pbr/waza_tbl.narc,/pbr/waza_tbl.narc!/member_00049,0,/pbr/waza_tbl.narc,506,49,,4604,4620,784,800,16,d3b716334dacedf8fbfc4a8a67ffde756af87bb2a31bac673ff743f3e0958df9,82000101005a14000000007205000000,,,,,False,,,,,,,,,,False,False
/pbr/waza_tbl.narc,/pbr/waza_tbl.narc!/member_00050,0,/pbr/waza_tbl.narc,506,50,,4620,4636,800,816,16,048537547620f27bdf91e1c6bfbc47aa8ec68f3cfbc9dc4cf6caebe9b20f914d,56000200005014000000001213030000,,,,,False,,,,,,,,,,False,False
/pbr/waza_tbl.narc,/pbr/waza_tbl.narc!/member_00051,0,/pbr/waza_tbl.narc,506,51,,4636,4652,816,832,16,f92313d87ac037ba599ad13c72cf25edd516d8d1eb3368ba4022f4a07e0e8a7c,4800012803641e0a0400001205030000,,,,,False,,,,,,,,,,False,False
/pbr/waza_tbl.narc,/pbr/waza_tbl.narc!/member_00052,0,/pbr/waza_tbl.narc,506,52,,4652,4668,832,848,16,a303310d36a772aad407c922e84941b11fb90c73811bdaf3c19806c00ad9988f,040001280a64190a0000005205010000,,,,,False,,,,,,,,,,False,False
/pbr/waza_tbl.narc,/pbr/waza_tbl.narc!/member_00053,0,/pbr/waza_tbl.narc,506,53,,4668,4684,848,864,16,40af2fcda57ff5b6dad3a9b93179c7072f2ff179af9c29dcdfc0dcca776b8c0e,0400015f0a640f0a0000001211010000,,,,,False,,,,,,,,,,False,False
/pbr/waza_tbl.narc,/pbr/waza_tbl.narc!/member_00054,0,/pbr/waza_tbl.narc,506,54,,4684,4700,864,880,16,dd47153e2db4d9db23a534efdbb0f7aa76ceff994830a41515e5d3191934d1bd,2e0002000f001e00200000080d010000,,,,,False,,,,,,,,,,False,False
/pbr/waza_tbl.narc,/pbr/waza_tbl.narc!/member_00055,0,/pbr/waza_tbl.narc,506,55,,4700,4716,880,896,16,02aded5506c26d71fc9bf37f8be99af1e84b44d4f8c363494d3d065f15835c17,000001280b6419000000003205020000,,,,,False,,,,,,,,,,False,False
/pbr/waza_tbl.narc,/pbr/waza_tbl.narc!/member_00056,0,/pbr/waza_tbl.narc,506,56,,4716,4732,896,912,16,2aa074630ff822b1dbec55fb0dd78745862e1df93574b7928af7bd8222d28be8,000001780b500500000000b211010000,,,,,False,,,,,,,,,,False,False
/pbr/waza_tbl.narc,/pbr/waza_tbl.narc!/member_00057,0,/pbr/waza_tbl.narc,506,57,,4732,4748,912,928,16,4d1930daf0d2746539822a131b9a88c279f4b4d588d2a02cf390279fd78e13f8,0101015f0b640f000800003211010000,,,,,False,,,,,,,,,,False,False
/pbr/waza_tbl.narc,/pbr/waza_tbl.narc!/member_00058,0,/pbr/waza_tbl.narc,506,58,,4748,4764,928,944,16,e2dba7d2b1f203dfa717a96fd559a40ce2395b5d7b4ffe9e8da39ab425a9269c,0500015f0f640a0a0000001211010000,,,,,False,,,,,,,,,,False,False
/pbr/waza_tbl.narc,/pbr/waza_tbl.narc!/member_00059,0,/pbr/waza_tbl.narc,506,59,,4764,4780,944,960,16,26d6cf7e06c3c5b67b06cc494f3fe4006e82c61f8fdec94938c08e75777cf259,040101780f46050a0400009211010000,,,,,False,,,,,,,,,,False,False
/pbr/waza_tbl.narc,/pbr/waza_tbl.narc!/member_00060,0,/pbr/waza_tbl.narc,506,60,,4780,4796,960,976,16,8abe2b948b49c9eae6753e9681699154f0fdccbd2959c589781fe56945957c31,4c0001410e64140a0000001211010000,,,,,False,,,,,,,,,,False,False
/pbr/waza_tbl.narc,/pbr/waza_tbl.narc!/member_00061,0,/pbr/waza_tbl.narc,506,61,,4796,4812,976,992,16,ec2b94efef996f36424f8d232f5bbb24d685a3456c77eaf54f9de45250d5d1c6,460001410b64140a0000001202010000,,,,,False,,,,,,,,,,False,False
/pbr/waza_tbl.narc,/pbr/waza_tbl.narc!/member_00062,0,/pbr/waza_tbl.narc,506,62,,4812,4828,992,1008,16,aba1f28f4dbf06500cd07e5ad4afb2487ecafd23f53f9b2ad31d724f9bbccf4f,440001410f64140a0000001211010000,,,,,False,,,,,,,,,,False,False
/pbr/waza_tbl.narc,/pbr/waza_tbl.narc!/member_00063,0,/pbr/waza_tbl.narc,506,63,,4828,4844,1008,1024,16,0454f320d277555db74440a9374b4e382a42bb2bef19da8997ecb01d9340f097,50000196005a0500000000b216000000,,,,,False,,,,,,,,,,False,False
/pbr/waza_tbl.narc,/pbr/waza_tbl.narc!/member_00064,0,/pbr/waza_tbl.narc,506,64,,4844,4860,1024,1040,16,8adf4384e6d6f8b5ca3c251b6723b20dfabaca90cc14d70fa65d005017270916,00000023026423000000007305000000,,,,,False,,,,,,,,,,False,False
/pbr/waza_tbl.narc,/pbr/waza_tbl.narc!/member_00065,0,/pbr/waza_tbl.narc,506,65,,4860,4876,1040,1056,16,bc9c47792f174f75ab641795bbef991902595b736675fe528d957999cfc75b21,00000050026414000000003305000000,,,,,False,,,,,,,,,,False,False
/pbr/waza_tbl.narc,/pbr/waza_tbl.narc!/member_00066,0,/pbr/waza_tbl.narc,506,66,,4876,4892,1056,1072,16,c25e740a96573d6e945089fb6998544f1c255a086e387a7de61d1a93b5e90fe6,30000050015019000000003305000000,,Nintendo RLE,Probable,,True,Nintendo RLE,Probable,False,5242880,,,,,,False,False
/pbr/waza_tbl.narc,/pbr/waza_tbl.narc!/member_00067,0,/pbr/waza_tbl.narc,506,67,,4892,4908,1072,1088,16,1d5707cf3d1030296e0dc6b1202230d83d6eb03d521e7061b5db4a4aa624ae5a,c4000001016414000000007305040000,,,,,False,,,,,,,,,,False,False
/pbr/waza_tbl.narc,/pbr/waza_tbl.narc!/member_00068,0,/pbr/waza_tbl.narc,506,68,,4908,4924,1088,1104,16,eb3dd584fbed3470e71e43fa6bfbf1554a89c18f997e62c8cf2b800c1b211578,59000001016414000100fb010f040000,,,,,False,,,,,,,,,,False,False
/pbr/waza_tbl.narc,/pbr/waza_tbl.narc!/member_00069,0,/pbr/waza_tbl.narc,506,69,,4924,4940,1104,1120,16,489d9d6a48bbaf0871e22c857c20692628043e5c5de10bed6601509ededcbee2,5700000101641400000000b305040000,,,,,False,,,,,,,,,,False,False
/pbr/waza_tbl.narc,/pbr/waza_tbl.narc!/member_00070,0,/pbr/waza_tbl.narc,506,70,,4940,4956,1120,1136,16,4fb48b07c48a5bed2a82e239a62759805cb67d341d055faad993f5faa5323691,0000005000640f000000003305040000,,,,,False,,,,,,,,,,False,False
/pbr/waza_tbl.narc,/pbr/waza_tbl.narc!/member_00071,0,/pbr/waza_tbl.narc,506,71,,4956,4972,1136,1152,16,afc27b3bd0fb123f5680ae1d5b50f946fc57360b8c7cc4d36d2ffc272b3b9cfe,030001140c6419000000001214030000,,,,,False,,,,,,,,,,False,False
/pbr/waza_tbl.narc,/pbr/waza_tbl.narc!/member_00072,0,/pbr/waza_tbl.narc,506,72,,4972,4988,1152,1168,16,8285ebc3bb12385fc9777b3f193b002cdc86ce26351b6dd1dc364c4debb597ab,030001280c640f000000001214030000,,,,,False,,,,,,,,,,False,False
/pbr/waza_tbl.narc,/pbr/waza_tbl.narc!/member_00073,0,/pbr/waza_tbl.narc,506,73,,4988,5004,1168,1184,16,146e644690cf825ac52c2210eb0663b49d36f8f0def03c4d69f69c9cea5b27ff,540002000c5a0a000000001615030000,,,,,False,,,,,,,,,,False,False
/pbr/waza_tbl.narc,/pbr/waza_tbl.narc!/member_00074,0,/pbr/waza_tbl.narc,506,74,,5004,5020,1184,1200,16,8b5a545122069d41995f6ccf20bacb8ad092c5de659655c01e6a40559c7aa0bb,0d00020000002800100000480b010000,,,,,False,,,,,,,,,,False,False
/pbr/waza_tbl.narc,/pbr/waza_tbl.narc!/member_00075,0,/pbr/waza_tbl.narc,506,75,,5020,5036,1200,1216,16,dd1819ba8162fa0d6382e7348bba42c45521c6f3533758e81ce81f3651a780a3,2b0000370c5f19000400003205000000,,,,,False,,,,,,,,,,False,False
/pbr/waza_tbl.narc,/pbr/waza_tbl.narc!/member_00076,0,/pbr/waza_tbl.narc,506,76,,5036,5052,1216,1232,16,3ba2a1a5f6e32a38005ab956ea30deaae57080e580e057f5ebad9f4b2138afd2,970001780c640a000000003206000000,,,,,False,,,,,,,,,,False,False
/pbr/waza_tbl.narc,/pbr/waza_tbl.narc!/member_00077,0,/pbr/waza_tbl.narc,506,77,,5052,5068,1232,1248,16,7808a932415f28a469c0f5ba1959a36c3d94b5d2ab3ffddcd7075d608650b467,42000200034b23000000005613030000,,,,,False,,,,,,,,,,False,False
/pbr/waza_tbl.narc,/pbr/waza_tbl.narc!/member_00078,0,/pbr/waza_tbl.narc,506,78,,5068,5084,1248,1264,16,e98b718798f4591045ef07a6fdb447104fc4cb57089832743b795a63f7ebf4dd,430002000c4b1e000000005613030000,,,,,False,,,,,,,,,,False,False
/pbr/waza_tbl.narc,/pbr/waza_tbl.narc!/member_00079,0,/pbr/waza_tbl.narc,506,79,,5084,5100,1264,1280,16,1fdd2cc1a73561e302c077d0ca95184e1af82a0da30e9ce07fdc914bee593262,010002000c4b0f000000005613030000,,,,,False,,,,,,,,,,False,False
/pbr/waza_tbl.narc,/pbr/waza_tbl.narc!/member_00080,0,/pbr/waza_tbl.narc,506,80,,5100,5116,1280,1296,16,d4736bf940b3320f1a9be9c3bff0682f549c8c9009f74b13b4b15e15ebafbc08,1b00015a0c6414000200003315010000,,,,,False,,,,,,,,,,False,False
/pbr/waza_tbl.narc,/pbr/waza_tbl.narc!/member_00081,0,/pbr/waza_tbl.narc,506,81,,5116,5132,1296,1312,16,f52b74843ed0b3379f0c2fa2b76cc4d17a96cb2490b9212e6b5fb37c930470c5,14000200065f28000400001613030000,,,,,False,,,,,,,,,,False,False
/pbr/waza_tbl.narc,/pbr/waza_tbl.narc!/member_00082,0,/pbr/waza_tbl.narc,506,82,,5132,5148,1312,1328,16,ccebdaf55aa54998f8e1efd4804ffcce07b96efbea94b89aa9ffa689285bdfa1,2900010110640a000000003205000000,,,,,False,,,,,,,,,,False,False
/pbr/waza_tbl.narc,/pbr/waza_tbl.narc!/member_00083,0,/pbr/waza_tbl.narc,506,83,,5148,5164,1328,1344,16,f0cc9f2675c97b79f0783a3dd9103af54266244741746f090b9bd5183942bd8e,2a00010f0a460f000000003215010000,,,,,False,,,,,,,,,,False,False
/pbr/waza_tbl.narc,/pbr/waza_tbl.narc!/member_00084,0,/pbr/waza_tbl.narc,506,84,,5164,5180,1344,1360,16,b6cea89f962563fc555d07ee9b4cdf3ce3475138f0daca713f84490f5c7dd2bb,060001280d641e0a0000001205000000,,,,,False,,,,,,,,,,False,False
/pbr/waza_tbl.narc,/pbr/waza_tbl.narc!/member_00085,0,/pbr/waza_tbl.narc,506,85,,5180,5196,1360,1376,16,c80a320bfcfee725b4f64730b3cf93b87558fb821c0105a7d18e0dcd361d6c3a,0600015f0d640f0a0000001211000000,,,,,False,,,,,,,,,,False,False
/pbr/waza_tbl.narc,/pbr/waza_tbl.narc!/member_00086,0,/pbr/waza_tbl.narc,506,86,,5196,5212,1376,1392,16,a609173bb1ec61200a8f79dc363d9fcdb79c363de1f082329405a33005cd9e58,430002000d6414000000001613000000,,,,,False,,,,,,,,,,False,False
/pbr/waza_tbl.narc,/pbr/waza_tbl.narc!/member_00087,0,/pbr/waza_tbl.narc,506,87,,5212,5228,1392,1408,16,cb7e1dab96b5a31a241a33e886ce80b5c79d0d2326124d12112b94e9753c9c2e,980001780d460a1e0000009211000000,,,,,False,,,,,,,,,,False,False
/pbr/waza_tbl.narc,/pbr/waza_tbl.narc!/member_00088,0,/pbr/waza_tbl.narc,506,88,,5228,5244,1408,1424,16,2d6f43ec2c525a90449c1789dbe935d5dc3ef57c0537b07bc7d5c315cb9e9c73,00000032055a0f000000003205040000,,,,,False,,,,,,,,,,False,False
/pbr/waza_tbl.narc,/pbr/waza_tbl.narc!/member_00089,0,/pbr/waza_tbl.narc,506,89,,5244,5260,1424,1440,16,421476e0cfd9af56650f89342f34c3abd8322bebc5b34c9425ce10bb9b7bceb6,9300006404640a000800003212040000,,,,,False,,,,,,,,,,False,False
/pbr/waza_tbl.narc,/pbr/waza_tbl.narc!/member_00090,0,/pbr/waza_tbl.narc,506,90,,5260,5276,1440,1456,16,88b01c83235dcef5be1c2d52ac27f99c5a9d388a5ded1439b18feaff0ae4f01d,26000001041e05000000009209040000,,,,,False,,,,,,,,,,False,False
/pbr/waza_tbl.narc,/pbr/waza_tbl.narc!/member_00091,0,/pbr/waza_tbl.narc,506,91,,5276,5292,1456,1472,16,0bdd27b56abbd5e40197127ec92033b046f9171bb77d55efb592b67ec460b2b9,0001005004640a000000003306030000,,,,,False,,,,,,,,,,False,False
/pbr/waza_tbl.narc,/pbr/waza_tbl.narc!/member_00092,0,/pbr/waza_tbl.narc,506,92,,5292,5308,1472,1488,16,1d88c76ff73523dc102ea44f65afd04c177cbe35fbc8109984699db548489978,2100020003550a000000001613030000,,,,,False,,,,,,,,,,False,False
/pbr/waza_tbl.narc,/pbr/waza_tbl.narc!/member_00093,0,/pbr/waza_tbl.narc,506,93,,5308,5324,1488,1504,16,241fe7b14ffa21fa5ae2ff34d875588b266b74a3960ca6fc66f6af11628786de,4c0001320e64190a0000001205030000,,,,,False,,,,,,,,,,False,False
/pbr/waza_tbl.narc,/pbr/waza_tbl.narc!/member_00094,0,/pbr/waza_tbl.narc,506,94,,5324,5340,1504,1520,16,f783a4e3f917a000cb0cf9f4d51bd994acdc86fa4c498e31e60c2c577a3dc888,4800015a0e640a0a0000001211030000,,,,,False,,,,,,,,,,False,False
/pbr/waza_tbl.narc,/pbr/waza_tbl.narc!/member_00095,0,/pbr/waza_tbl.narc,506,95,,5340,5356,1520,1536,16,753ba12f6aaa7b12bf2fe99f552eadc41cfa609cacb90e547626b1f86e38caef,010002000e4614000000001613030000,,,,,False,,,,,,,,,,False,False
/pbr/waza_tbl.narc,/pbr/waza_tbl.narc!/member_00096,0,/pbr/waza_tbl.narc,506,96,,5356,5372,1536,1552,16,b8cc0647fa39e7e8853fb991f1bfd90cd07551eeb1efada694ae5194508a00e8,0a0002000e002800100000080b010000,,,,,False,,,,,,,,,,False,False
/pbr/waza_tbl.narc,/pbr/waza_tbl.narc!/member_00097,0,/pbr/waza_tbl.narc,506,97,,5372,5388,1552,1568,16,c2eb49c39d0051a885f19f7da78a39a16097ec50fa63efb19ec93d8df1d1f91c,340002000e001e001000008801000000,,,,,False,,,,,,,,,,False,False
/pbr/waza_tbl.narc,/pbr/waza_tbl.narc!/member_00098,0,/pbr/waza_tbl.narc,506,98,,5388,5404,1568,1584,16,409df1c9ed29658d7c005a7b0c15bc1e47061bcb354b01394bc3a1db10815174,6700002800641e000000017301000000,,,,,False,,,,,,,,,,False,False
/pbr/waza_tbl.narc,/pbr/waza_tbl.narc!/member_00099,0,/pbr/waza_tbl.narc,506,99,,5404,5420,1584,1600,16,1942cdddedefe6d4daa3a3d9df77ba853dd72ae39c142311d13e854adcf85d5b,5100001400641400000000330b000000,,,,,False,,,,,,,,,,False,False
/pbr/waza_tbl.narc,/pbr/waza_tbl.narc!/member_00100,0,/pbr/waza_tbl.narc,506,100,,5420,5436,1600,1616,16,8720ed7d7ffa685613acdd9d5c26a8d1ccd8a5562931964b865ea2abc73a1a04,990002000e0014001000000001000000,,,,,False,,,,,,,,,,False,False
/pbr/waza_tbl.narc,/pbr/waza_tbl.narc!/member_00101,0,/pbr/waza_tbl.narc,506,101,,5436,5452,1616,1632,16,e190443ea1023158599da5312f9a10e9e20188bcd4d4fc529ada763d425837ff,5700010107640f000000003205030000,,,,,False,,,,,,,,,,False,False
/pbr/waza_tbl.narc,/pbr/waza_tbl.narc!/member_00102,0,/pbr/waza_tbl.narc,506,102,,5452,5468,1632,1648,16,6e0c769f8977a723341ace19187435d693a952839198563e3b5ff50469c8ed16,5200020000000a00000000020c020000,,,,,False,,,,,,,,,,False,False
/pbr/waza_tbl.narc,/pbr/waza_tbl.narc!/member_00103,0,/pbr/waza_tbl.narc,506,103,,5468,5484,1648,1664,16,e52fb5776eec826144f3d8f0cd636011b63b6bfb6a6238654cd21cd17eff08fa,3b00020000552800000000560a030000,,,,,False,,,,,,,,,,False,False
/pbr/waza_tbl.narc,/pbr/waza_tbl.narc!/member_00104,0,/pbr/waza_tbl.narc,506,104,,5484,5500,1664,1680,16,0ee70be94ecb5c47f6ccd1cf9aad9051045a9c0d74b29b3a08a158e31fdf377d,1000020000000f001000004801000000,,Nintendo LZ10,Probable,,True,Nintendo LZ10,Probable,True,512,False,,,,,False,False
/pbr/waza_tbl.narc,/pbr/waza_tbl.narc!/member_00105,0,/pbr/waza_tbl.narc,506,105,,5500,5516,1680,1696,16,9770b87564dc2db761745558ec9443ce14c1b46c4ef962946e94c63d503671c4,2000020000000a001000004808030000,,Nintendo Huffman,Probable,,True,Nintendo Huffman,Probable,False,512,,,,,,False,False
/pbr/waza_tbl.narc,/pbr/waza_tbl.narc!/member_00106,0,/pbr/waza_tbl.narc,506,106,,5516,5532,1696,1712,16,ee249cfc9f16863adc53db564899a0db792ea44bf632d327240ebd96e03403e9,0b00020000001e00100000480d040000,,,,,False,,,,,,,,,,False,False
/pbr/waza_tbl.narc,/pbr/waza_tbl.narc!/member_00107,0,/pbr/waza_tbl.narc,506,107,,5532,5548,1712,1728,16,4e7f60c2a53796795d1ca71f5fc079f49f517e4e6f82b79a7da190e9d1b221dc,6c00020000001400100000080d020000,,,,,False,,,,,,,,,,False,False
/pbr/waza_tbl.narc,/pbr/waza_tbl.narc!/member_00108,0,/pbr/waza_tbl.narc,506,108,,5548,5564,1728,1744,16,0d31c34c64aae98081565ff03ddb1a1d9dd447dc658c04107832ed13756d20a6,1700020000641400000000160a030000,,,,,False,,,,,,,,,,False,False
/pbr/waza_tbl.narc,/pbr/waza_tbl.narc!/member_00109,0,/pbr/waza_tbl.narc,506,109,,5564,5580,1744,1760,16,2dbb2ae8275b8b11eeca380c241adae26e7f0c8b91d20913683af4a38c73310e,3100020007640a00000000160a030000,,,,,False,,,,,,,,,,False,False
/pbr/waza_tbl.narc,/pbr/waza_tbl.narc!/member_00110,0,/pbr/waza_tbl.narc,506,110,,5580,5596,1760,1776,16,d973fe98df208a4c892ce4072a2b352539c800f881764286c24e079f4c1fe96b,0b0002000b002800100000480d020000,,,,,False,,,,,,,,,,False,False
/pbr/waza_tbl.narc,/pbr/waza_tbl.narc!/member_00111,0,/pbr/waza_tbl.narc,506,111,,5596,5612,1776,1792,16,e0ee888166f5c5f4238a431515bed0ef285410ad67414c817c1bf8de160e1d75,9c00020000002800100000480d020000,,,,,False,,,,,,,,,,False,False
/pbr/waza_tbl.narc,/pbr/waza_tbl.narc!/member_00112,0,/pbr/waza_tbl.narc,506,112,,5612,5628,1792,1808,16,fc99c98bba776ca4ae6e9faadfbebd0846e20e926b935f4bba445ffe3fb3ff91,330002000e001e00100000480d000000,,,,,False,,,,,,,,,,False,False
/pbr/waza_tbl.narc,/pbr/waza_tbl.narc!/member_00113,0,/pbr/waza_tbl.narc,506,113,,5628,5644,1808,1824,16,9e79c70d4affbda47f64381e4804a36af9653b454aa7b4028d78594452d80580,230002000e001e00200000480d010000,,,,,False,,,,,,,,,,False,False
/pbr/waza_tbl.narc,/pbr/waza_tbl.narc!/member_00114,0,/pbr/waza_tbl.narc,506,114,,5644,5660,1824,1840,16,5e1d68bc6f14d2da22aff11554be9c4c28f08e15e416990cdea09d82250753cd,190002000f001e00400000000d010000,,,,,False,,,,,,,,,,False,False
/pbr/waza_tbl.narc,/pbr/waza_tbl.narc!/member_00115,0,/pbr/waza_tbl.narc,506,115,,5660,5676,1840,1856,16,cf56841047cf9b6487d754ffcab0560abeb20afc9c771ead8065702adbf7a99c,410002000e001400200000480d030000,,,,,False,,,,,,,,,,False,False
/pbr/waza_tbl.narc,/pbr/waza_tbl.narc!/member_00116,0,/pbr/waza_tbl.narc,506,116,,5676,5692,1856,1872,16,d54e5cf7d9d8a0982e6899b8eaa1dcfb08a60e1b6378e0b4574125a8de7b9a37,2f00020000001e00100000480b000000,,,,,False,,,,,,,,,,False,False
/pbr/waza_tbl.narc,/pbr/waza_tbl.narc!/member_00117,0,/pbr/waza_tbl.narc,506,117,,5692,5708,1872,1888,16,73b2aa267faff7df579792cd60c180c8609fc909446092ff9794ba1de7ee1e48,1a00000100000a00100001630f040000,,,,,False,,,,,,,,,,False,False
/pbr/waza_tbl.narc,/pbr/waza_tbl.narc!/member_00118,0,/pbr/waza_tbl.narc,506,118,,5708,5724,1888,1904,16,db4b29d7a81fa0b800f5830196506a49c72f8d9e436cede29f7433330f123f84,5300020000000a00010000400e020000,,,,,False,,,,,,,,,,False,False
/pbr/waza_tbl.narc,/pbr/waza_tbl.narc!/member_00119,0,/pbr/waza_tbl.narc,506,119,,5724,5740,1904,1920,16,ec781033b50a698e940415267cfdd43b765098c0741a731de390cc0f0204a0d7,0900020002001400010000000f030000,,,,,False,,,,,,,,,,False,False
/pbr/waza_tbl.narc,/pbr/waza_tbl.narc!/member_00120,0,/pbr/waza_tbl.narc,506,120,,5740,5756,1920,1936,16,d2e65c37b48cf665770cf4f83f80b98239dfec1be8a9185176dc325a4ea668aa,070000c8006405000800003209010000,,,,,False,,,,,,,,,,False,False
/pbr/waza_tbl.narc,/pbr/waza_tbl.narc!/member_00121,0,/pbr/waza_tbl.narc,506,121,,5756,5772,1936,1952,16,a7fc6736831a7ef44c1a87880221cc896fdd109429ec762edc8c20dcf3849e5f,00000064004b0a000000003205040000,,,,,False,,,,,,,,,,False,False
/pbr/waza_tbl.narc,/pbr/waza_tbl.narc!/member_00122,0,/pbr/waza_tbl.narc,506,122,,5772,5788,1952,1968,16,68ed138bc74e809cba31086c7db406b6dba2540c1a5701e516f1a0f7c10153d6,0600001407641e1e0000005310040000,,,,,False,,,,,,,,,,False,False
/pbr/waza_tbl.narc,/pbr/waza_tbl.narc!/member_00123,0,/pbr/waza_tbl.narc,506,123,,5788,5804,1968,1984,16,f801f43e8d23da40292f30d6e5e90c612748b08001ba53339eb485286740950d,02000114034614280000001205040000,,,,,False,,,,,,,,,,False,False
/pbr/waza_tbl.narc,/pbr/waza_tbl.narc!/member_00124,0,/pbr/waza_tbl.narc,506,124,,5804,5820,1984,2000,16,b61678da98049bca01753d86c4ac69781ec436051c3be0068d844e3f188c66b5,020001410364141e0000001212040000,,,,,False,,,,,,,,,,False,False
/pbr/waza_tbl.narc,/pbr/waza_tbl.narc!/member_00125,0,/pbr/waza_tbl.narc,506,125,,5820,5836,2000,2016,16,c34ac76a977fbc808c40bcbaa2e86713635aaf508b54f44fc777e13fa48cef28,1f0000410455140a0000005205040000,,,,,False,,,,,,,,,,False,False
/pbr/waza_tbl.narc,/pbr/waza_tbl.narc!/member_00126,0,/pbr/waza_tbl.narc,506,126,,5836,5852,2016,2032,16,a32caa46bc091d50b621137f44d5a9e0d29aed08780dc4ae05dceddbc3a05b16,040001780a55050a0000009211010000,,,,,False,,,,,,,,,,False,False
/pbr/waza_tbl.narc,/pbr/waza_tbl.narc!/member_00127,0,/pbr/waza_tbl.narc,506,127,,5852,5868,2032,2048,16,425c625e05f8697805eaf95e3d073b08915b5311b720ccf51bc0bea6e3b92d44,1f0000500b640f14000000b305040000,,,,,False,,,,,,,,,,False,False
/pbr/waza_tbl.narc,/pbr/waza_tbl.narc!/member_00128,0,/pbr/waza_tbl.narc,506,128,,5868,5884,2048,2064,16,764b52a76ca4cfaf663b2654d51ccb999feaa41830d47e94b711ecf70c60c39b,2a0000230b4b0a000000003305040000,,,,,False,,,,,,,,,,False,False
/pbr/waza_tbl.narc,/pbr/waza_tbl.narc!/member_00129,0,/pbr/waza_tbl.narc,506,129,,5884,5900,2064,2080,16,3d19e968ce28212c91c30d1e2d1b921844015aa4c37959b68919b1adf8bb3ac0,1100013c000014000400003211000000,,Nintendo LZ11,Probable,,True,Nintendo LZ11,Probable,True,3932416,False,,,,,False,False
/pbr/waza_tbl.narc,/pbr/waza_tbl.narc!/member_00130,0,/pbr/waza_tbl.narc,506,130,,5900,5916,2080,2096,16,4ee57604ca0ce79dd27a1ea4e8f8f5c6a86d718e7777bbbc6def97696e014e42,9100006400640f640000003306040000,,,,,False,,,,,,,,,,False,False
/pbr/waza_tbl.narc,/pbr/waza_tbl.narc!/member_00131,0,/pbr/waza_tbl.narc,506,131,,5916,5932,2096,2112,16,a2d6c9ea64ff6b2ef71cc06ec676c5947be7997429bd4e1cf39d4732de64bd5b,1d00001400640f000000003207000000,,,,,False,,,,,,,,,,False,False
/pbr/waza_tbl.narc,/pbr/waza_tbl.narc!/member_00132,0,/pbr/waza_tbl.narc,506,132,,5932,5948,2112,2128,16,8779d0fcb8f880e81d3d043639c35e25a58a3dee0cc65b8185f461140e88fbe8,4600000a0064230a0000001315040000,,,,,False,,,,,,,,,,False,False
/pbr/waza_tbl.narc,/pbr/waza_tbl.narc!/member_00133,0,/pbr/waza_tbl.narc,506,133,,5948,5964,2128,2144,16,bc725a302f531a2c5356e8780d82c92de7008f2dd715ba887c07ca79cf012750,360002000e001400100000080b020000,,,,,False,,,,,,,,,,False,False
/pbr/waza_tbl.narc,/pbr/waza_tbl.narc!/member_00134,0,/pbr/waza_tbl.narc,506,134,,5964,5980,2144,2160,16,78c93fcd154fe42bf8c1cbd31c236c3296b55381e75ab65ea1cd18de4dc182f5,170002000e500f00000000560b030000,,,,,False,,,,,,,,,,False,False
/pbr/waza_tbl.narc,/pbr/waza_tbl.narc!/member_00135,0,/pbr/waza_tbl.narc,506,135,,5980,5996,2160,2176,16,d9b0138f3f86dd6dd860d62f80eb342ad43c64558f7d4f8fd35e0584b3ef341c,2000020000000a001000004808010000,,Nintendo Huffman,Probable,,True,Nintendo Huffman,Probable,False,512,,,,,,False,False
/pbr/waza_tbl.narc,/pbr/waza_tbl.narc!/member_00136,0,/pbr/waza_tbl.narc,506,136,,5996,6012,2176,2192,16,7fed2c6f81f9b9f996344e3b341eca18dcd51c125fa4a3af4d907306266aae9a,2d000064015a14000000003305000000,,,,,False,,,,,,,,,,False,False
/pbr/waza_tbl.narc,/pbr/waza_tbl.narc!/member_00137,0,/pbr/waza_tbl.narc,506,137,,6012,6028,2192,2208,16,1214fdcec01edc6638518bcdf268a0d875fa84799b92b7eac4aee28e54f04f55,43000200004b1e000000001613040000,,,,,False,,,,,,,,,,False,False
/pbr/waza_tbl.narc,/pbr/waza_tbl.narc!/member_00138,0,/pbr/waza_tbl.narc,506,138,,6028,6044,2208,2224,16,506cc1b6faafcada644566497e902fba5b7d205c48076384e57c5ab4a20a66ee,080001640e640f000000001214030000,,,,,False,,,,,,,,,,False,False
/pbr/waza_tbl.narc,/pbr/waza_tbl.narc!/member_00139,0,/pbr/waza_tbl.narc,506,139,,6044,6060,2224,2240,16,bc06818a25e31721accc64d53e8561d34920dc989e106955d27422c1cea209fd,42000200033728000000001605030000,,,,,False,,,,,,,,,,False,False
/pbr/waza_tbl.narc,/pbr/waza_tbl.narc!/member_00140,0,/pbr/waza_tbl.narc,506,140,,6060,6076,2240,2256,16,8438bd1f3bd3716b45b71d1dfc83c804e2d2d3ac4ce1707466b708f554d70529,1d00000f005514000000007207040000,,,,,False,,,,,,,,,,False,False
/pbr/waza_tbl.narc,/pbr/waza_tbl.narc!/member_00141,0,/pbr/waza_tbl.narc,506,141,,6076,6092,2256,2272,16,5a54ca27865d10cef3b784abcd3095231df370c49c57491c3d975405c956681d,0300001406640f000000001314030000,,,,,False,,,,,,,,,,False,False
/pbr/waza_tbl.narc,/pbr/waza_tbl.narc!/member_00142,0,/pbr/waza_tbl.narc,506,142,,6092,6108,2272,2288,16,8ff806b80f2a0cc8efa64948ef76d12e44ce53a17fd5d2984276593230ec1797,01000200004b0a000000001613010000,,,,,False,,,,,,,,,,False,False
/pbr/waza_tbl.narc,/pbr/waza_tbl.narc!/member_00143,0,/pbr/waza_tbl.narc,506,143,,6108,6124,2288,2304,16,769af1a45faaa051142b829473b3e417a5203cb86321f2f1f466d87cd4051812,4b00008c025a051e0000003206000000,,,,,False,,,,,,,,,,False,False
/pbr/waza_tbl.narc,/pbr/waza_tbl.narc!/member_00144,0,/pbr/waza_tbl.narc,506,144,,6124,6140,2304,2320,16,9879732cad9f2c257071afe2339de816fa1343b88ae84b224956b9cd65bd9bf0,3900020000000a000000004017030000,,,,,False,,,,,,,,,,False,False
/pbr/waza_tbl.narc,/pbr/waza_tbl.narc!/member_00145,0,/pbr/waza_tbl.narc,506,145,,6140,6156,2320,2336,16,cd2ff807c5ae3c72a0ef6b7b9886ca26a2b78540e8870659df5612b2bee8384f,460001140b641e0a0400001202020000,,,,,False,,,,,,,,,,False,False
/pbr/waza_tbl.narc,/pbr/waza_tbl.narc!/member_00146,0,/pbr/waza_tbl.narc,506,146,,6156,6172,2336,2352,16,efec43c2ca55572f9f5cb53e70fde6b2a5e529a7bfc6eee21ab9f9b4371e99bf,4c00004600640a140000001310000000,,,,,False,,,,,,,,,,False,False
/pbr/waza_tbl.narc,/pbr/waza_tbl.narc!/member_00147,0,/pbr/waza_tbl.narc,506,147,,6172,6188,2352,2368,16,f8bcdb9b595690b5331bf6e2cededeee5cf77af71b8145131c469e1a9928d6c7,010002000c640f00000000160a010000,,,,,False,,,,,,,,,,False,False
/pbr/waza_tbl.narc,/pbr/waza_tbl.narc!/member_00148,0,/pbr/waza_tbl.narc,506,148,,6188,6204,2368,2384,16,9d39e92a58eaa233a5e982fe6541ad24c771ce1d03860759597b77a1713d4a39,1700020000641400000000960a010000,,,,,False,,,,,,,,,,False,False
/pbr/waza_tbl.narc,/pbr/waza_tbl.narc!/member_00149,0,/pbr/waza_tbl.narc,506,149,,6204,6220,2384,2400,16,31457e4e59201d9f9b049ba5f025fdc9971d1bcb08da83856483e264fc71500d,580001010e500f000000003205030000,,,,,False,,,,,,,,,,False,False
/pbr/waza_tbl.narc,/pbr/waza_tbl.narc!/member_00150,0,/pbr/waza_tbl.narc,506,150,,6220,6236,2400,2416,16,5e520f204c1fd96e3286a24435fd83b1f1324af0e0a8f4d3695bf4ee189e65ae,55000200000028001000004010020000,,,,,False,,,,,,,,,,False,False
/pbr/waza_tbl.narc,/pbr/waza_tbl.narc!/member_00151,0,/pbr/waza_tbl.narc,506,151,,6236,6252,2416,2432,16,62948e8aa6a85971ff66f84a3e2a2704960b5f70a8c448f35fbdfa9d7dca603f,3300020003002800100000480b040000,,,,,False,,,,,,,,,,False,False
/pbr/waza_tbl.narc,/pbr/waza_tbl.narc!/member_00152,0,/pbr/waza_tbl.narc,506,152,,6252,6268,2432,2448,16,a07de9d169b0c15bb817983b85281c0ae0a108995ed0d5ba1d2e0f8673b0c563,2b00005a0b550a000000007312040000,,,,,False,,,,,,,,,,False,False
/pbr/waza_tbl.narc,/pbr/waza_tbl.narc!/member_00153,0,/pbr/waza_tbl.narc,506,153,,6268,6284,2448,2464,16,b01ed9b1fa107b66561b6441341d92ee5b1d5ad42d469c1984b805a1af9c7653,070000fa006405000800003209010000,,,,,False,,,,,,,,,,False,False
/pbr/waza_tbl.narc,/pbr/waza_tbl.narc!/member_00154,0,/pbr/waza_tbl.narc,506,154,,6284,6300,2464,2480,16,2ae57c917f00a1e4935ed0a98b4f5cdbffc2ca8fcbc52eeabfe25d1e98cc5e47,1d00001200500f000000007307040000,,,,,False,,,,,,,,,,False,False
/pbr/waza_tbl.narc,/pbr/waza_tbl.narc!/member_00155,0,/pbr/waza_tbl.narc,506,155,,6300,6316,2480,2496,16,314c581ff56ac858dc6e03b9b8df5ab1edeb6129743d76303c8e72677ebb5489,2c000032045a0a000000007207040000,,,,,False,,,,,,,,,,False,False
/pbr/waza_tbl.narc,/pbr/waza_tbl.narc!/member_00156,0,/pbr/waza_tbl.narc,506,156,,6316,6332,2496,2512,16,6bfc6c637cd5fe153c91080923b090fabe6bc8c1b86d0fb4a3c4bda704f0fb84,250002000e000a001000004808020000,,,,,False,,,,,,,,,,False,False
/pbr/waza_tbl.narc,/pbr/waza_tbl.narc!/member_00157,0,/pbr/waza_tbl.narc,506,157,,6332,6348,2512,2528,16,0f0c27e2dccf93e3c0a8fb413e2e4c0641e8b7f71c5d5a2ead0bd831dd90c2de,1f00004b055a0a1e0400001205040000,,,,,False,,,,,,,,,,False,False
/pbr/waza_tbl.narc,/pbr/waza_tbl.narc!/member_00158,0,/pbr/waza_tbl.narc,506,158,,6348,6364,2528,2544,16,f2912e14e402916fd090dc8a4b9c6eab28645eddc1e446b6624e733247f533dd,1f000050005a0f0a0000001312000000,,,,,False,,,,,,,,,,False,False
/pbr/waza_tbl.narc,/pbr/waza_tbl.narc!/member_00159,0,/pbr/waza_tbl.narc,506,159,,6364,6380,2544,2560,16,0dc7dbdd11edd1ed54bab34b6fddbff56744da3f44feedfa1ee28e89c72cc578,0a00020000001e00100000480b020000,,,,,False,,,,,,,,,,False,False
/pbr/waza_tbl.narc,/pbr/waza_tbl.narc!/member_00160,0,/pbr/waza_tbl.narc,506,160,,6380,6396,2560,2576,16,6ffce506665c774a52bbfb24345701f4b905bc0fe5385f948629a1f8808f3713,1e00020000001e001000004017010000,,,,,False,,,,,,,,,,False,False
/pbr/waza_tbl.narc,/pbr/waza_tbl.narc!/member_00161,0,/pbr/waza_tbl.narc,506,161,,6396,6412,2576,2592,16,95f04bf227d73b639558d418f74400da65ede0b24a6bd3ec715b6020524300f9,2400015000640a140000001205010000,,,,,True,Nintendo Huffman 4-bit,Probable,False,5243136,,,,,,False,False
/pbr/waza_tbl.narc,/pbr/waza_tbl.narc!/member_00162,0,/pbr/waza_tbl.narc,506,162,,6412,6428,2592,2608,16,d0b54e56d4c6f973526355b9117971e1f83cacb8d4f0c4e9622ea1e768148329,28000001005a0a000000005305040000,,,,,True,Nintendo Huffman 8-bit,Probable,False,65536,,,,,,False,False
/pbr/waza_tbl.narc,/pbr/waza_tbl.narc!/member_00163,0,/pbr/waza_tbl.narc,506,163,,6428,6444,2608,2624,16,dce1d7b0ce6809a68e100afec94d1512789c997db89282641714a9f7cd497aa5,2b000046006414000000007305000000,,,,,False,,,,,,,,,,False,False
/pbr/waza_tbl.narc,/pbr/waza_tbl.narc!/member_00164,0,/pbr/waza_tbl.narc,506,164,,6444,6460,2624,2640,16,47cb1c931de19a82879bf51635f58832f56746908bed98ddce3b309360adae02,4f00020000000a001000004817030000,,,,,False,,,,,,,,,,False,False
/pbr/waza_tbl.narc,/pbr/waza_tbl.narc!/member_00165,0,/pbr/waza_tbl.narc,506,165,,6460,6476,2640,2656,16,206e444af9c3960327bf008b9f501c2c5b1072f30aa30b101ba2644352e10e03,fe000032000001000000006305000000,,,,,False,,,,,,,,,,False,False
/pbr/waza_tbl.narc,/pbr/waza_tbl.narc!/member_00166,0,/pbr/waza_tbl.narc,506,166,,6476,6492,2656,2672,16,ff6cba1d1d17aa34015a7682db04d7088512b18cb2eaff7d6e135df84dc427e4,5f000200000001000000000017030000,,,,,False,,,,,,,,,,False,False
/pbr/waza_tbl.narc,/pbr/waza_tbl.narc!/member_00167,0,/pbr/waza_tbl.narc,506,167,,6492,6508,2672,2688,16,5d9ae8c1bf541dba2d186c719e397aced4164220813e17b61ea6c1dd17442cca,6800000a015a0a000000007307000000,,,,,False,,,,,,,,,,False,False
/pbr/waza_tbl.narc,/pbr/waza_tbl.narc!/member_00168,0,/pbr/waza_tbl.narc,506,168,,6508,6524,2688,2704,16,1a757f24cdfcc9c46080f868cd7763bf382facf1eecb7c1f44d1d89200ff6a43,6900002811640a00000000530c040000,,,,,False,,,,,,,,,,False,False
/pbr/waza_tbl.narc,/pbr/waza_tbl.narc!/member_00169,0,/pbr/waza_tbl.narc,506,169,,6524,6540,2704,2720,16,68eea80037f9fd86b4e3949d17e1de256662efd71b0818e2f13098fd2e42ac7f,6a00020006000a00000000160d030000,,,,,False,,,,,,,,,,False,False
/pbr/waza_tbl.narc,/pbr/waza_tbl.narc!/member_00170,0,/pbr/waza_tbl.narc,506,170,,6540,6556,2720,2736,16,0874794b8848e06abb59a6c697be6555e3f2c80c3de4bb971c2a46d935e21836,5e000200000005000000001214030000,,,,,False,,,,,,,,,,False,False
/pbr/waza_tbl.narc,/pbr/waza_tbl.narc!/member_00171,0,/pbr/waza_tbl.narc,506,171,,6556,6572,2736,2752,16,cd6416c97e91a0ac8dcd60d41a8986458652959e8209c9eaebc9240c6f562d5e,6b00020007640f000000001213030000,,,,,False,,,,,,,,,,False,False
/pbr/waza_tbl.narc,/pbr/waza_tbl.narc!/member_00172,0,/pbr/waza_tbl.narc,506,172,,6572,6588,2752,2768,16,e319e0e6cd18eddc0ff3814bb0a790204c88cf95cee444761b4227a6999d1090,7d00003c0a64190a0000001307010000,,,,,False,,,,,,,,,,False,False
/pbr/waza_tbl.narc,/pbr/waza_tbl.narc!/member_00173,0,/pbr/waza_tbl.narc,506,173,,6588,6604,2768,2784,16,5f01122a1508e65ef42e8db3fc20e3beb014cd2c18ca19127e31eb487b78873d,5c00012800640f1e0000003205020000,,,,,False,,,,,,,,,,False,False
/pbr/waza_tbl.narc,/pbr/waza_tbl.narc!/member_00174,0,/pbr/waza_tbl.narc,506,174,,6604,6620,2784,2800,16,b1850bd56b01726a418e6153337faded4d25fa38ba4d6a5f09578ebf9ea6854e,6d00020009000a000000004015040000,,,,,False,,,,,,,,,,False,False
/pbr/waza_tbl.narc,/pbr/waza_tbl.narc!/member_00175,0,/pbr/waza_tbl.narc,506,175,,6620,6636,2800,2816,16,3e729889025785e0b5a0c7e73b1e29be7fc458fd8fa23a7331c08bb969b48c13,6300000100640f00000000730f020000,,,,,False,,,,,,,,,,False,False
/pbr/waza_tbl.narc,/pbr/waza_tbl.narc!/member_00176,0,/pbr/waza_tbl.narc,506,176,,6636,6652,2816,2832,16,e5e6961f96ecba4e83c695bf581f3d9a718d96ba1a12f324ef5d42df01fe0772,5d00020000001e001000000017010000,,,,,False,,,,,,,,,,False,False
/pbr/waza_tbl.narc,/pbr/waza_tbl.narc!/member_00177,0,/pbr/waza_tbl.narc,506,177,,6652,6668,2832,2848,16,12b38062e7370a8981c7fad061625286e1201da0725e4695d330aa8479382406,2b000164025f0500000000b216000000,,,,,False,,,,,,,,,,False,False
/pbr/waza_tbl.narc,/pbr/waza_tbl.narc!/member_00178,0,/pbr/waza_tbl.narc,506,178,,6668,6684,2848,2864,16,431cc8757dc5322817681c824866640428a89a3876f514072799a1d86ff8de7d,3c0002000c5528000000005601010000,,,,,False,,,,,,,,,,False,False
/pbr/waza_tbl.narc,/pbr/waza_tbl.narc!/member_00179,0,/pbr/waza_tbl.narc,506,179,,6684,6700,2864,2880,16,672ce49a1a4fa8f0f57b2dbe3d7ea3e38118e156584263aadf51c8865456d74b,6300000101640f00000000730f000000,,,,,False,,,,,,,,,,False,False
/pbr/waza_tbl.narc,/pbr/waza_tbl.narc!/member_00180,0,/pbr/waza_tbl.narc,506,180,,6700,6716,2880,2896,16,6a79d560cb4310a0f57943db6e1cbff61d8bd4c393c955057af37309d78a1322,6400020007640a000000001213040000,,,,,False,,,,,,,,,,False,False
/pbr/waza_tbl.narc,/pbr/waza_tbl.narc!/member_00181,0,/pbr/waza_tbl.narc,506,181,,6716,6732,2896,2912,16,ecec5ef97e2d9cbc6b8c83680472682498c1fbae97c49f42fd8cc38c56d9c8dc,050001280f64190a0400001205010000,,,,,False,,,,,,,,,,False,False
/pbr/waza_tbl.narc,/pbr/waza_tbl.narc!/member_00182,0,/pbr/waza_tbl.narc,506,182,,6732,6748,2912,2928,16,b047b92c0e8f7862b0dff63843c953100e7aa1478e2f92015c82aea5f173ddd5,6f00020000000a001000030010020000,,,,,False,,,,,,,,,,False,False
/pbr/waza_tbl.narc,/pbr/waza_tbl.narc!/member_00183,0,/pbr/waza_tbl.narc,506,183,,6748,6764,2928,2944,16,bf40c8c8c190977a75c2a2caa10db5abd8c2d6c0656d413388d7ee3caccdae1a,6700002801641e000000017301000000,,,,,False,,,,,,,,,,False,False
/pbr/waza_tbl.narc,/pbr/waza_tbl.narc!/member_00184,0,/pbr/waza_tbl.narc,506,184,,6764,6780,2944,2960,16,3068abc618d7bd6ff664a08964c66cb7ac658f4c57104a23a61f895ceafe24f9,3c000200005a0a000000001602040000,,,,,False,,,,,,,,,,False,False
/pbr/waza_tbl.narc,/pbr/waza_tbl.narc!/member_00185,0,/pbr/waza_tbl.narc,506,185,,6780,6796,2960,2976,16,d55a181d7f997e9267957a091b3c08f69627404603fdfb405f5996fa1eac3e8d,1100003c110014000000003312030000,,Nintendo LZ11,Probable,,True,Nintendo LZ11,Probable,True,3932160,False,,,,,False,False
/pbr/waza_tbl.narc,/pbr/waza_tbl.narc!/member_00186,0,/pbr/waza_tbl.narc,506,186,,6796,6812,2976,2992,16,01f563dc2ea2d0bf1c8ff880eff75f5aa2502f4fa0d4437381f73b5efcf25399,31000200004b0a000000001613020000,,,,,False,,,,,,,,,,False,False
/pbr/waza_tbl.narc,/pbr/waza_tbl.narc!/member_00187,0,/pbr/waza_tbl.narc,506,187,,6812,6828,2992,3008,16,a850f8eb3bbf3f5d609df9f583c69c3b77e468256ee4d87a9c4d91be437cf299,8e00020000000a00100000480b020000,,,,,False,,,,,,,,,,False,False
/pbr/waza_tbl.narc,/pbr/waza_tbl.narc!/member_00188,0,/pbr/waza_tbl.narc,506,188,,6828,6844,3008,3024,16,aa3840c34ba8f6a418569841b46985daae4021445f1e6f773208dabd634bb9af,0200015a03640a1e0000001212040000,,,,,False,,,,,,,,,,False,False
/pbr/waza_tbl.narc,/pbr/waza_tbl.narc!/member_00189,0,/pbr/waza_tbl.narc,506,189,,6844,6860,3024,3040,16,22aac7bf7437c3141b372f6133624e12aa8e7b9d800ac4f072cece0624ffb87b,4900011404640a640000001205020000,,,,,False,,,,,,,,,,False,False
/pbr/waza_tbl.narc,/pbr/waza_tbl.narc!/member_00190,0,/pbr/waza_tbl.narc,506,190,,6860,6876,3040,3056,16,c322161d50a926238d56ca14cbca83ad32d12b4a1f8c188df13d1114e845f27b,490001410b550a320000001204040000,,,,,False,,,,,,,,,,False,False
/pbr/waza_tbl.narc,/pbr/waza_tbl.narc!/member_00191,0,/pbr/waza_tbl.narc,506,191,,6876,6892,3056,3072,16,9f1b507446c59f3c0c4ea5cf1d41659533ef361b6a36420b488db5c0c3899654,7000020004001400800000000d030000,,,,,False,,,,,,,,,,False,False
/pbr/waza_tbl.narc,/pbr/waza_tbl.narc!/member_00192,0,/pbr/waza_tbl.narc,506,192,,6892,6908,3072,3088,16,d0aabb98356418391101ad3c091cf62fec65981cb394c3c1dda4a7d5d039396c,060001780d3205640000009204000000,,,,,False,,,,,,,,,,False,False
/pbr/waza_tbl.narc,/pbr/waza_tbl.narc!/member_00193,0,/pbr/waza_tbl.narc,506,193,,6908,6924,3088,3104,16,d11fa1a56143268ff3941e87f88901b00cf7dc2e688dc1dd024a4049ffcab924,71000200000028000000005214030000,,,,,False,,,,,,,,,,False,False
/pbr/waza_tbl.narc,/pbr/waza_tbl.narc!/member_00194,0,/pbr/waza_tbl.narc,506,194,,6924,6940,3104,3120,16,e4eebf8fd9606984058c435e9c0c1724c9eeea83171e1c5c5edf8379a5a8c5f3,62000200070005001000000009030000,,,,,False,,,,,,,,,,False,False
/pbr/waza_tbl.narc,/pbr/waza_tbl.narc!/member_00195,0,/pbr/waza_tbl.narc,506,195,,6940,6956,3120,3136,16,0b6523ef302b9b48fcca2163d8db9ec9614609fe7f59ef911f1972f648343f65,7200020000000500400000800a010000,,,,,False,,,,,,,,,,False,False
/pbr/waza_tbl.narc,/pbr/waza_tbl.narc!/member_00196,0,/pbr/waza_tbl.narc,506,196,,6956,6972,3136,3152,16,a2d43fe3ed89eee83d31bfd3801dc816a11f6fae264009a25f8621679aec38a1,460001370f5f0f640400001202010000,,,,,False,,,,,,,,,,False,False
/pbr/waza_tbl.narc,/pbr/waza_tbl.narc!/member_00197,0,/pbr/waza_tbl.narc,506,197,,6972,6988,3152,3168,16,cebf27a69c4af6568204780182f4cdfd3120546ba1271b0b923e442ab176dacf,6f000200010005001000030010000000,,,,,False,,,,,,,,,,False,False
/pbr/waza_tbl.narc,/pbr/waza_tbl.narc!/member_00198,0,/pbr/waza_tbl.narc,506,198,,6988,7004,3168,3184,16,dcfc6e170fbcaa37dceed75381bd9d55eb7109f4b13f58b8d6e2dd1e6211fcc8,1d00001904500a000000007207040000,,,,,False,,,,,,,,,,False,False
/pbr/waza_tbl.narc,/pbr/waza_tbl.narc!/member_00199,0,/pbr/waza_tbl.narc,506,199,,7004,7020,3184,3200,16,0874794b8848e06abb59a6c697be6555e3f2c80c3de4bb971c2a46d935e21836,5e000200000005000000001214030000,,,,,False,,,,,,,,,,False,False
/pbr/waza_tbl.narc,/pbr/waza_tbl.narc!/member_00200,0,/pbr/waza_tbl.narc,506,200,,7020,7036,3200,3216,16,e02d26ac400db398bf395c223832eb7195ac2afa7891dba60fab1e3120afd553,1b00007810640f00020000b307000000,,,,,False,,,,,,,,,,False,False
/pbr/waza_tbl.narc,/pbr/waza_tbl.narc!/member_00201,0,/pbr/waza_tbl.narc,506,201,,7036,7052,3216,3232,16,e35446700ebd9f1c41261380127880760692e988c3bbfd87325fbb4abfe98cc1,7300020005000a00400000000d040000,,,,,False,,,,,,,,,,False,False
/pbr/waza_tbl.narc,/pbr/waza_tbl.narc!/member_00202,0,/pbr/waza_tbl.narc,506,202,,7052,7068,3232,3248,16,aa24dddbaba6bae8054fcd6b716a57f65e68c85dea809ed1c86553d4c6f1c155,0300013c0c640a000000001214030000,,,,,False,,,,,,,,,,False,False
/pbr/waza_tbl.narc,/pbr/waza_tbl.narc!/member_00203,0,/pbr/waza_tbl.narc,506,203,,7068,7084,3248,3264,16,25d39afe73ebdb5a1e557589618efad374364d971312e898b15e1b6de7ecded2,7400020000000a00100003400d040000,,,,,False,,,,,,,,,,False,False
/pbr/waza_tbl.narc,/pbr/waza_tbl.narc!/member_00204,0,/pbr/waza_tbl.narc,506,204,,7084,7100,3264,3280,16,a6f6c75517cd780386910fb244e3b6ff981d108179428f9ce35a717c4e54622b,3a000200006414000000005613020000,,,,,False,,,,,,,,,,False,False
/pbr/waza_tbl.narc,/pbr/waza_tbl.narc!/member_00205,0,/pbr/waza_tbl.narc,506,205,,7100,7116,3280,3296,16,dfdf1d934a6842198b7522e7dde011ce0d91d37a89371238b18c2a07bd42da24,7500001e055a14000000003307040000,,,,,False,,,,,,,,,,False,False
/pbr/waza_tbl.narc,/pbr/waza_tbl.narc!/member_00206,0,/pbr/waza_tbl.narc,506,206,,7116,7132,3296,3312,16,669e915f5f33bb55770ac12123ed374dd5936e7a2d204f0c18ea47406d79b611,65000028006428000000007310000000,,,,,False,,,,,,,,,,False,False
/pbr/waza_tbl.narc,/pbr/waza_tbl.narc!/member_00207,0,/pbr/waza_tbl.narc,506,207,,7132,7148,3312,3328,16,ff75adb232d92a408f4a2e6fb1e4b1e735ecad0ff829b777ee3aa0db92ad4608,76000200005a0f000000005613020000,,,,,False,,,,,,,,,,False,False
/pbr/waza_tbl.narc,/pbr/waza_tbl.narc!/member_00208,0,/pbr/waza_tbl.narc,506,208,,7148,7164,3328,3344,16,3775f43840f971e26e507e187250e5f1117c48e728d0f8805f20b1aa5d20ae1f,2000020000000a001000000808020000,,Nintendo Huffman,Probable,,True,Nintendo Huffman,Probable,False,512,,,,,,False,False
/pbr/waza_tbl.narc,/pbr/waza_tbl.narc!/member_00209,0,/pbr/waza_tbl.narc,506,209,,7164,7180,3344,3360,16,90c1769209e36c1e26c3571ff8c6f109b1f3730808ee382ff03ed4ae1404383f,060000410d64141e0000001305000000,,,,,False,,,,,,,,,,False,False
/pbr/waza_tbl.narc,/pbr/waza_tbl.narc!/member_00210,0,/pbr/waza_tbl.narc,506,210,,7180,7196,3360,3376,16,5ff1e40057a73d6e20cc5e018db25e5e7c63c761dee53112a2b69a6e71a51f8d,7700000a065f14000000007307000000,,,,,False,,,,,,,,,,False,False
/pbr/waza_tbl.narc,/pbr/waza_tbl.narc!/member_00211,0,/pbr/waza_tbl.narc,506,211,,7196,7212,3376,3392,16,5e4d47075b520ac3254a848bf0b4b75061ab0d2cad044b8fe2237133418fec70,8a000046085a190a0000003305000000,,,,,False,,,,,,,,,,False,False
/pbr/waza_tbl.narc,/pbr/waza_tbl.narc!/member_00212,0,/pbr/waza_tbl.narc,506,212,,7212,7228,3392,3408,16,3c5a3238ad0acde161e2a6a9dde21110d5875d86e35b265c7e413e7c306057e4,6a00020000000500000000160a010000,,,,,False,,,,,,,,,,False,False
/pbr/waza_tbl.narc,/pbr/waza_tbl.narc!/member_00213,0,/pbr/waza_tbl.narc,506,213,,7228,7244,3408,3424,16,76612c8eb3bb91135eb9e77d00327a639bc74572ba0d65aaa0689ff86b272542,7800020000640f000000001613020000,,,,,False,,,,,,,,,,False,False
/pbr/waza_tbl.narc,/pbr/waza_tbl.narc!/member_00214,0,/pbr/waza_tbl.narc,506,214,,7244,7260,3424,3440,16,2fad79344cccb4fe82ffbd5b1e576540732a9999f1851e7a789c276e0efd15aa,6100020000000a000100000005020000,,,,,False,,,,,,,,,,False,False
/pbr/waza_tbl.narc,/pbr/waza_tbl.narc!/member_00215,0,/pbr/waza_tbl.narc,506,215,,7260,7276,3440,3456,16,2f538666d5952eb844235564b83bf6596f4054bfd76b8c1f185273e88b9981bd,66000200000005002000004808010000,,,,,False,,,,,,,,,,False,False
/pbr/waza_tbl.narc,/pbr/waza_tbl.narc!/member_00216,0,/pbr/waza_tbl.narc,506,216,,7276,7292,3456,3472,16,28d465c8c3d9be0819dc9fdf76f7305d06510da75762d616cba554aa821ef559,79000001006414000000007311020000,,,,,False,,,,,,,,,,False,False
/pbr/waza_tbl.narc,/pbr/waza_tbl.narc!/member_00217,0,/pbr/waza_tbl.narc,506,217,,7292,7308,3472,3488,16,1d5a1ead1013f13bf9e213383c192d54526a8f57d81206d0b57563e1e5326b67,7a000001005a0f000000001210020000,,,,,False,,,,,,,,,,False,False
/pbr/waza_tbl.narc,/pbr/waza_tbl.narc!/member_00218,0,/pbr/waza_tbl.narc,506,218,,7308,7324,3488,3504,16,710f27f315192d467ce2f8690ea11685cd099cff032b90b461ce1cba542ea0c1,7b000001006414000000007312020000,,,,,False,,,,,,,,,,False,False
/pbr/waza_tbl.narc,/pbr/waza_tbl.narc!/member_00219,0,/pbr/waza_tbl.narc,506,219,,7324,7340,3504,3520,16,7b6ee397ab9f9300b74cce58d5bc7a32ab51a97b8036439dad80739bc85b4ecb,7c00020000001900200000480d010000,,,,,False,,,,,,,,,,False,False
/pbr/waza_tbl.narc,/pbr/waza_tbl.narc!/member_00220,0,/pbr/waza_tbl.narc,506,220,,7340,7356,3520,3536,16,9647e8f625f30033c2eca1a57176a1131aef03eba630481d2ed154d5e7e8941a,5b00020000001400000000120a030000,,,,,False,,,,,,,,,,False,False
/pbr/waza_tbl.narc,/pbr/waza_tbl.narc!/member_00221,0,/pbr/waza_tbl.narc,506,221,,7356,7372,3536,3552,16,f11aae203841c8c28b85db45dca6d2b143d3eb0852745be19d6d66d35365019f,7d0000640a5f05320000009216010000,,,,,False,,,,,,,,,,False,False
/pbr/waza_tbl.narc,/pbr/waza_tbl.narc!/member_00222,0,/pbr/waza_tbl.narc,506,222,,7372,7388,3552,3568,16,5c4dbabe9e619d94b66b1aff833f996ba14c48ec966b9bb391983cef291943a7,7e00000104641e000800003212040000,,,,,False,,,,,,,,,,False,False
/pbr/waza_tbl.narc,/pbr/waza_tbl.narc!/member_00223,0,/pbr/waza_tbl.narc,506,223,,7388,7404,3568,3584,16,1e8c38b7d70fa5f5cac13606da5fd84138f18f8f5741e15abd6f32f13fd29dba,4c000064013205640000009312000000,,,,,False,,,,,,,,,,False,False
/pbr/waza_tbl.narc,/pbr/waza_tbl.narc!/member_00224,0,/pbr/waza_tbl.narc,506,224,,7404,7420,3584,3600,16,b5225922aeba2ccaf11f60eacbd022d9eea84e9bd8e4a1af77636429f4e017f3,0000007806550a00000000b312000000,,,,,False,,,,,,,,,,False,False
/pbr/waza_tbl.narc,/pbr/waza_tbl.narc!/member_00225,0,/pbr/waza_tbl.narc,506,225,,7420,7436,3600,3616,16,0c2ca6c67f05a906a8e8df2814fab2d46e697aecb0d84fad7d4bcc80a591c9ed,0600013c1064141e0000003211000000,,,,,False,,,,,,,,,,False,False
/pbr/waza_tbl.narc,/pbr/waza_tbl.narc!/member_00226,0,/pbr/waza_tbl.narc,506,226,,7436,7452,3616,3632,16,b5044cb0942bd8cc838f21b582892dd05eb4cfa230175598c5df0d38280de815,7f000200000028001000000010020000,,,,,False,,,,,,,,,,False,False
/pbr/waza_tbl.narc,/pbr/waza_tbl.narc!/member_00227,0,/pbr/waza_tbl.narc,506,227,,7452,7468,3632,3648,16,47cba75584a1cd1ceddec95ece72af030bd5d4c73cb12751e3ef66409d8ca73e,5a000200006405000000001214020000,,,,,False,,,,,,,,,,False,False
/pbr/waza_tbl.narc,/pbr/waza_tbl.narc!/member_00228,0,/pbr/waza_tbl.narc,506,228,,7468,7484,3648,3664,16,fdb4d602976274fe2fae05c6e588f518f0bde50c4fb501efcd7c49e373c25ae2,80000028116414000000009314030000,,,,,False,,,,,,,,,,False,False
/pbr/waza_tbl.narc,/pbr/waza_tbl.narc!/member_00229,0,/pbr/waza_tbl.narc,506,229,,7484,7500,3664,3680,16,057c286ac83b56a52017208fb14ffaa0ae89a1801acb72bbe7aa516dfb90cc37,81000014006428000000003311000000,,,,,False,,,,,,,,,,False,False
/pbr/waza_tbl.narc,/pbr/waza_tbl.narc!/member_00230,0,/pbr/waza_tbl.narc,506,230,,7500,7516,3680,3696,16,d30e064724e3f212a9a6f87fe1f38200912fd8cba015fa061c192ab5eef7097c,18000200006414000400001613020000,,,,,False,,,,,,,,,,False,False
/pbr/waza_tbl.narc,/pbr/waza_tbl.narc!/member_00231,0,/pbr/waza_tbl.narc,506,231,,7516,7532,3696,3712,16,81ec604224379a9e39f8d8496a698fc791d8b7fab1d92493c75b464e93996ae3,45000064084b0f1e0000001312000000,,,,,False,,,,,,,,,,False,False
/pbr/waza_tbl.narc,/pbr/waza_tbl.narc!/member_00232,0,/pbr/waza_tbl.narc,506,232,,7532,7548,3712,3728,16,25da0cc0773530086cf3abb3b01b63a2ff662bd5fb2dee0dcd9b645671506ae0,8b000032085f230a0000001312000000,,,,,False,,,,,,,,,,False,False
/pbr/waza_tbl.narc,/pbr/waza_tbl.narc!/member_00233,0,/pbr/waza_tbl.narc,506,233,,7548,7564,3728,3744,16,1faba5004e3d06c384b8c100908526646f0acdb9f7243c70d74a133ee5ca5297,4e00004601000a000000ff3302000000,,,,,False,,,,,,,,,,False,False
/pbr/waza_tbl.narc,/pbr/waza_tbl.narc!/member_00234,0,/pbr/waza_tbl.narc,506,234,,7564,7580,3744,3760,16,aa676c3737a7a3c44d363537fd61efb2faa602112b595905b5c0b83fe2111cf9,84000200000005001000000808010000,,,,,False,,,,,,,,,,False,False
/pbr/waza_tbl.narc,/pbr/waza_tbl.narc!/member_00235,0,/pbr/waza_tbl.narc,506,235,,7580,7596,3760,3776,16,78a4a1757db24b830829d8d58edd2f87a3331814179acd06fdd187f04baf93e4,840002000c0005001000004808030000,,,,,False,,,,,,,,,,False,False
/pbr/waza_tbl.narc,/pbr/waza_tbl.narc!/member_00236,0,/pbr/waza_tbl.narc,506,236,,7596,7612,3776,3792,16,c0a0c8294c8a461988878823322067a405f9b4209493d2a9d648d258fde76584,84000200000005001000008808010000,,,,,False,,,,,,,,,,False,False
/pbr/waza_tbl.narc,/pbr/waza_tbl.narc!/member_00237,0,/pbr/waza_tbl.narc,506,237,,7612,7628,3792,3808,16,fc76c1bc3eba6f05fc9a9e6e7717455458289a4a5c00febc3a30135b18c07fca,8700010100640f000000003217030000,,,,,False,,,,,,,,,,False,False
/pbr/waza_tbl.narc,/pbr/waza_tbl.narc!/member_00238,0,/pbr/waza_tbl.narc,506,238,,7628,7644,3808,3824,16,021aea6fcccdbb9e17a9c876404660f76307951eb633e79ff6383154feed91c1,2b000064015005000000003312000000,,,,,False,,,,,,,,,,False,False
/pbr/waza_tbl.narc,/pbr/waza_tbl.narc!/member_00239,0,/pbr/waza_tbl.narc,506,239,,7644,7660,3824,3840,16,3c1855e88a6c9a647498559935d71332a25785b418e880e62de7d001f779ed91,92000128106414140400003205000000,,,,,False,,,,,,,,,,False,False
/pbr/waza_tbl.narc,/pbr/waza_tbl.narc!/member_00240,0,/pbr/waza_tbl.narc,506,240,,7660,7676,3840,3856,16,1152b1366eec28ff2eaf63416131c52751919d30deabaf3bfab9ed05385697a5,880002000b000500400000000d040000,,,,,False,,,,,,,,,,False,False
/pbr/waza_tbl.narc,/pbr/waza_tbl.narc!/member_00241,0,/pbr/waza_tbl.narc,506,241,,7676,7692,3856,3872,16,add7d46086c91de6710066475a9e555b5d257efce3e5546de17230428029a2e1,890002000a000500400000000d010000,,,,,False,,,,,,,,,,False,False
/pbr/waza_tbl.narc,/pbr/waza_tbl.narc!/member_00242,0,/pbr/waza_tbl.narc,506,242,,7692,7708,3872,3888,16,fdd39a6f3d75f29437907dec4cde5e9bc202498b615210e7b23925671c645ec7,4500005011640f140000001312040000,,,,,False,,,,,,,,,,False,False
/pbr/waza_tbl.narc,/pbr/waza_tbl.narc!/member_00243,0,/pbr/waza_tbl.narc,506,243,,7708,7724,3888,3904,16,d7e407fd5a62f79b5fc6be4eb935f7130790d7b400f82ace576ac8cda128bdf2,900001010e6414000100fb000f010000,,,,,False,,,,,,,,,,False,False
/pbr/waza_tbl.narc,/pbr/waza_tbl.narc!/member_00244,0,/pbr/waza_tbl.narc,506,244,,7724,7740,3904,3920,16,6fab7d61394c6308289eb20303c522f8a6e75c366a167fdd1098d71820f7d4cc,8f00020000000a00000000480b030000,,,,,False,,,,,,,,,,False,False
/pbr/waza_tbl.narc,/pbr/waza_tbl.narc!/member_00245,0,/pbr/waza_tbl.narc,506,245,,7740,7756,3920,3936,16,6a0d152e65af331287e39e135e7cb72348b452ff3ed8e4850b047b8fa04f97b0,6700005000640500000001b301000000,,,,,False,,,,,,,,,,False,False
/pbr/waza_tbl.narc,/pbr/waza_tbl.narc!/member_00246,0,/pbr/waza_tbl.narc,506,246,,7756,7772,3936,3952,16,13355b509625fa7dc7e8c90088c5ac8b03e2a5bd29cd3979b5ab7348f1c7c353,8c00013c0564050a0000001212040000,,,,,False,,,,,,,,,,False,False
/pbr/waza_tbl.narc,/pbr/waza_tbl.narc!/member_00247,0,/pbr/waza_tbl.narc,506,247,,7772,7788,3952,3968,16,6c59d399aba0f5cf6fab9f3f54026c0cf1ccc8ebf6e1280c3496745ddf7173f0,4800015007640f140000001211030000,,,,,False,,,,,,,,,,False,False
/pbr/waza_tbl.narc,/pbr/waza_tbl.narc!/member_00248,0,/pbr/waza_tbl.narc,506,248,,7788,7804,3968,3984,16,0815900c9039c49c65ee467c860470da15d24e0efdf76132fc6bf597b91bd22e,940001500e5a0f000000000011030000,,,,,False,,,,,,,,,,False,False
/pbr/waza_tbl.narc,/pbr/waza_tbl.narc!/member_00249,0,/pbr/waza_tbl.narc,506,249,,7804,7820,3984,4000,16,042ad2918653600ffa2ba984c137f5e566b8127a0c3c9d25a43befbb78592f1b,4500002801640f320000001312040000,,,,,False,,,,,,,,,,False,False
/pbr/waza_tbl.narc,/pbr/waza_tbl.narc!/member_00250,0,/pbr/waza_tbl.narc,506,250,,7820,7836,4000,4016,16,be3fd4326844e53b678f4ae840fb0a90be623aa351f973e1b7f795b740296b62,0501010f0b460f00000000b215010000,,,,,False,,,,,,,,,,False,False
/pbr/waza_tbl.narc,/pbr/waza_tbl.narc!/member_00251,0,/pbr/waza_tbl.narc,506,251,,7836,7852,4016,4032,16,d7d0543fd6c514035bbbc693fcc34c4259ed5fb257951ac0c40847d15d1f23a3,9a00000a11640a000000007207030000,,,,,False,,,,,,,,,,False,False
/pbr/waza_tbl.narc,/pbr/waza_tbl.narc!/member_00252,0,/pbr/waza_tbl.narc,506,252,,7852,7868,4032,4048,16,fe67d89bc8f0511dc06a20e4977dfbff2617a5ea7c6d4ebedf3882df4798aa4e,9e00002800640a640000011311020000,,,,,False,,,,,,,,,,False,False
/pbr/waza_tbl.narc,/pbr/waza_tbl.narc!/member_00253,0,/pbr/waza_tbl.narc,506,253,,7868,7884,4048,4064,16,595a9e572ab40b538cfe1f5c6ec7f5ec75def3ea8658fbd1565cfdd50d6ca40f,9f00013200640a00020000320a020000,,,,,False,,,,,,,,,,False,False
/pbr/waza_tbl.narc,/pbr/waza_tbl.narc!/member_00254,0,/pbr/waza_tbl.narc,506,254,,7884,7900,4064,4080,16,cff769b83d6e4078be52a499be566c912a6ed233c9baa51d3580bc4f984ac2f4,a000020000001400100000480b040000,,,,,False,,,,,,,,,,False,False
/pbr/waza_tbl.narc,/pbr/waza_tbl.narc!/member_00255,0,/pbr/waza_tbl.narc,506,255,,7900,7916,4080,4096,16,e890922a4ddbf6fb48a5a2516568bfdf5c5de0a3aaecee7881dc3edba986032f,a100010100640a000000002212040000,,,,,False,,,,,,,,,,False,False
/pbr/waza_tbl.narc,/pbr/waza_tbl.narc!/member_00256,0,/pbr/waza_tbl.narc,506,256,,7916,7932,4096,4112,16,325d65a81ecbefe8f084565334218447bccefef5944a27c7dd6c3f270d5c977a,a200020000000a001000004808040000,,,,,False,,,,,,,,,,False,False
/pbr/waza_tbl.narc,/pbr/waza_tbl.narc!/member_00257,0,/pbr/waza_tbl.narc,506,257,,7932,7948,4112,4128,16,1d743a09c3e782d51f32840299bf04c27770841aa569be7a794908bfcf61f11e,040001640a5a0a0a0400001211010000,,,,,False,,,,,,,,,,False,False
/pbr/waza_tbl.narc,/pbr/waza_tbl.narc!/member_00258,0,/pbr/waza_tbl.narc,506,258,,7948,7964,4128,4144,16,bdc9c282391bd28312af0991ac328cd9e4ebb6f28f8ab970b9979ead2c3a05bb,a40002000f000a00400000020d010000,,,,,False,,,,,,,,,,False,False
/pbr/waza_tbl.narc,/pbr/waza_tbl.narc!/member_00259,0,/pbr/waza_tbl.narc,506,259,,7964,7980,4144,4160,16,081909f9f9ae7fdd780bc8f38027c97337a91186addcb80f802e8ded074a3b5e,a500020011640f000000005210040000,,,,,False,,,,,,,,,,False,False
/pbr/waza_tbl.narc,/pbr/waza_tbl.narc!/member_00260,0,/pbr/waza_tbl.narc,506,260,,7980,7996,4160,4176,16,4919f3bb210b04dc52834dfd39c706ec6f1558f01f92931783db703886778e3d,a600020011640f000000001613030000,,,,,False,,,,,,,,,,False,False
/pbr/waza_tbl.narc,/pbr/waza_tbl.narc!/member_00261,0,/pbr/waza_tbl.narc,506,261,,7996,8012,4176,4192,16,2d633a94844cddd9a581ce6e5ece1d8d0373eabd7168510465b9bee3df2c5709,a70002000a4b0f000000001611010000,,,,,False,,,,,,,,,,False,False
/pbr/waza_tbl.narc,/pbr/waza_tbl.narc!/member_00262,0,/pbr/waza_tbl.narc,506,262,,8012,8028,4192,4208,16,ae650719aa05bd91b4abc4ea9a6be8d2e11900d4141adca42a7e5317fe6b83e2,a800020011640a000000001209040000,,,,,False,,,,,,,,,,False,False
/pbr/waza_tbl.narc,/pbr/waza_tbl.narc!/member_00263,0,/pbr/waza_tbl.narc,506,263,,8028,8044,4208,4224,16,765a4e4be94be6ced6fcd386c80421f5b814960150e09b585f85d30f2566b8d7,a900004600641400000000530f020000,,,,,False,,,,,,,,,,False,False
/pbr/waza_tbl.narc,/pbr/waza_tbl.narc!/member_00264,0,/pbr/waza_tbl.narc,506,264,,8044,8060,4224,4240,16,e240de0b64e096893a83a19902b1193233ba4190859ad18039350e6c8b98578e,aa000096016414000000fd8306040000,,,,,False,,,,,,,,,,False,False
/pbr/waza_tbl.narc,/pbr/waza_tbl.narc!/member_00265,0,/pbr/waza_tbl.narc,506,265,,8060,8076,4240,4256,16,34ae333e5d8cef5a06addabccfb73e14d47af495e2c8f488ac62d24d446a60fd,ab00003c00640a000000001310030000,,,,,False,,,,,,,,,,False,False
/pbr/waza_tbl.narc,/pbr/waza_tbl.narc!/member_00266,0,/pbr/waza_tbl.narc,506,266,,8076,8092,4256,4272,16,67f2f8020aaa277b34ae603c3ca953c578d46ffb55a0c631f16648ace4eaac47,ac00020000001400100003000e020000,,,,,False,,,,,,,,,,False,False
/pbr/waza_tbl.narc,/pbr/waza_tbl.narc!/member_00267,0,/pbr/waza_tbl.narc,506,267,,8092,8108,4272,4288,16,b176958431ea1ae293092061945fcf3c1025a49e8e286bd3eda936b7f8dfb826,ad00020000001400010000400e010000,,,,,False,,,,,,,,,,False,False
/pbr/waza_tbl.narc,/pbr/waza_tbl.narc!/member_00268,0,/pbr/waza_tbl.narc,506,268,,8108,8124,4288,4304,16,c4d86b595ee0b98da90dbde6453e0d02e081c5e67bf09f743a0d642ce8e7bfb2,ae0002000d001400100000080b030000,,,,,False,,,,,,,,,,False,False
/pbr/waza_tbl.narc,/pbr/waza_tbl.narc!/member_00269,0,/pbr/waza_tbl.narc,506,269,,8124,8140,4304,4320,16,d77888da3fc75466e45aaf2974b48ae6d0653f59b7a48b2e9d796fc7c99e0fc1,af000200116414000000005210030000,,,,,False,,,,,,,,,,False,False
/pbr/waza_tbl.narc,/pbr/waza_tbl.narc!/member_00270,0,/pbr/waza_tbl.narc,506,270,,8140,8156,4320,4336,16,953135b81b9bd52e8331d09fe9566d2ec0803ce039ab7bdd12a92189918fad41,b0000200000014000001050014030000,,,,,False,,,,,,,,,,False,False
/pbr/waza_tbl.narc,/pbr/waza_tbl.narc!/member_00271,0,/pbr/waza_tbl.narc,506,271,,8156,8172,4336,4352,16,fe2d6d45a95b020c2e25eed9d991d1a5bd59410fa784c422f16287388ffec128,b10002000e640a00000000120c030000,,,,,False,,,,,,,,,,False,False
/pbr/waza_tbl.narc,/pbr/waza_tbl.narc!/member_00272,0,/pbr/waza_tbl.narc,506,272,,8172,8188,4352,4368,16,82e720d5fc5c5edc4ea1db4c84ac557cc5ec079cc209e7d582c587c0bff6014d,b20002000e000a000000000017020000,,,,,False,,,,,,,,,,False,False
/pbr/waza_tbl.narc,/pbr/waza_tbl.narc!/member_00273,0,/pbr/waza_tbl.narc,506,273,,8188,8204,4368,4384,16,e69cf6e64c8158ab6466017f1afd019ee720c4db1b4fe57c9810e4dd0e445a86,b300020000000a001000008008020000,,,,,False,,,,,,,,,,False,False
/pbr/waza_tbl.narc,/pbr/waza_tbl.narc!/member_00274,0,/pbr/waza_tbl.narc,506,274,,8204,8220,4384,4400,16,4a87521ab442c3700cd6fc4c8bb1ecebd4547af31c26e96ee6823f240fb918d8,b400020000001400010000000e020000,,,,,False,,,,,,,,,,False,False
/pbr/waza_tbl.narc,/pbr/waza_tbl.narc!/member_00275,0,/pbr/waza_tbl.narc,506,275,,8220,8236,4400,4416,16,5650e5ad1e0c86dc098e19eeeecaffb552182b77c995d1b804df5234c6b70bf9,b50002000c0014001000004815030000,,,,,False,,,,,,,,,,False,False
/pbr/waza_tbl.narc,/pbr/waza_tbl.narc!/member_00276,0,/pbr/waza_tbl.narc,506,276,,8236,8252,4416,4432,16,ed9055b23c586ae9e77ba2c6a928aba87232932bb612955b67ade5030d96371d,b6000078016405000000009312040000,,,,,False,,,,,,,,,,False,False
/pbr/waza_tbl.narc,/pbr/waza_tbl.narc!/member_00277,0,/pbr/waza_tbl.narc,506,277,,8252,8268,4432,4448,16,87091c6499ee0c122c87fea040c4c10b07c59a2949b7efe649dc3cff652ac689,b70002000e000f00010004000f010000,,,,,False,,,,,,,,,,False,False
/pbr/waza_tbl.narc,/pbr/waza_tbl.narc!/member_00278,0,/pbr/waza_tbl.narc,506,278,,8268,8284,4448,4464,16,39eeb2deca6eae9501f79fa6a524a8a6d469edd9232c89970b40c03adb6d24c1,b800020000000a00100000400c030000,,,,,False,,,,,,,,,,False,False
/pbr/waza_tbl.narc,/pbr/waza_tbl.narc!/member_00279,0,/pbr/waza_tbl.narc,506,279,,8284,8300,4464,4480,16,dd60bba453e3f815dfff202b485404a5df100f60f2fe0b03765d5f5dddbf5563,b900003c01640a000000fc330f040000,,,,,False,,,,,,,,,,False,False
/pbr/waza_tbl.narc,/pbr/waza_tbl.narc!/member_00280,0,/pbr/waza_tbl.narc,506,280,,8300,8316,4480,4496,16,50f2a350b9939e173456e82516ab1c8ae766598aca9a177b841b3260cc6c810f,ba00004b01640f000000003305000000,,,,,False,,,,,,,,,,False,False
/pbr/waza_tbl.narc,/pbr/waza_tbl.narc!/member_00281,0,/pbr/waza_tbl.narc,506,281,,8316,8332,4496,4512,16,d336671abeafc179ab19b94c01ab96460990923239ddd88ee52c048ba8ab67c3,bb00020000000a000000001613020000,,,,,False,,,,,,,,,,False,False
/pbr/waza_tbl.narc,/pbr/waza_tbl.narc!/member_00282,0,/pbr/waza_tbl.narc,506,282,,8332,8348,4512,4528,16,ad3e76a558a02219377082234eedba11b629aeae0361db010ae3beb8bbae66d6,bc000014116414000000001305030000,,,,,False,,,,,,,,,,False,False
/pbr/waza_tbl.narc,/pbr/waza_tbl.narc!/member_00283,0,/pbr/waza_tbl.narc,506,283,,8348,8364,4528,4544,16,8e604ee8639a36257b8875dd664ae2931c86853e0aec6c50a38d3e4255c5cac9,bd00000100640500000000730f040000,,,,,False,,,,,,,,,,False,False
/pbr/waza_tbl.narc,/pbr/waza_tbl.narc!/member_00284,0,/pbr/waza_tbl.narc,506,284,,8364,8380,4544,4560,16,6ca9a81cdcc24acf9a1afbb7d8aab9af39068a3f98994f81322da85ddd30caf5,be0001960a6405000400003212010000,,,,,False,,,,,,,,,,False,False
/pbr/waza_tbl.narc,/pbr/waza_tbl.narc!/member_00285,0,/pbr/waza_tbl.narc,506,285,,8380,8396,4560,4576,16,b65cc09491f7fc02da4ad68ec778c8c3266baf8efb5ab329cadfe163619c900f,bf0002000e000a00000000120c030000,,,,,False,,,,,,,,,,False,False
/pbr/waza_tbl.narc,/pbr/waza_tbl.narc!/member_00286,0,/pbr/waza_tbl.narc,506,286,,8396,8412,4576,4592,16,40cef7bbf469a57a6cc90c71b77f5a54b909d01fb3ac80cedf0dca89d4f4ce5d,c00002000e000a001000000014030000,,,,,False,,,,,,,,,,False,False
/pbr/waza_tbl.narc,/pbr/waza_tbl.narc!/member_00287,0,/pbr/waza_tbl.narc,506,287,,8412,8428,4592,4608,16,929bbcd69ae283cfe0c8f957a3440cd47f0ef959d999fffbe4f1213a1273789f,c1000200000014001000000808020000,,,,,False,,,,,,,,,,False,False
/pbr/waza_tbl.narc,/pbr/waza_tbl.narc!/member_00288,0,/pbr/waza_tbl.narc,506,288,,8428,8444,4608,4624,16,4cb2355a128a9916d4a8cd0e948c886e60e38a434fb5e6660037082a9caeb08c,c200020007000500100000000a040000,,,,,False,,,,,,,,,,False,False
/pbr/waza_tbl.narc,/pbr/waza_tbl.narc!/member_00289,0,/pbr/waza_tbl.narc,506,289,,8444,8460,4624,4640,16,b4f578013ac178ecbb4d44ae774892245e746411b1c5789fa2f5beec3410a4fd,c300020011000a00010004000c030000,,,,,False,,,,,,,,,,False,False
/pbr/waza_tbl.narc,/pbr/waza_tbl.narc!/member_00290,0,/pbr/waza_tbl.narc,506,290,,8460,8476,4640,4656,16,9eda1fa057fa9b952f37acb1afd3819e4b882b18ff8d74a9aac3a0a5e909f69b,c50000460064141e000000120e030000,,,,,False,,,,,,,,,,False,False
/pbr/waza_tbl.narc,/pbr/waza_tbl.narc!/member_00291,0,/pbr/waza_tbl.narc,506,291,,8476,8492,4656,4672,16,22dbdb462b50c315f6460f1178a9d4e065326ea2e42283c91e6918f29eeec87a,ff0000500b640a000000003306010000,,,,,False,,,,,,,,,,False,False
/pbr/waza_tbl.narc,/pbr/waza_tbl.narc!/member_00292,0,/pbr/waza_tbl.narc,506,292,,8492,8508,4672,4688,16,9156cf5da8fd103143c77b8e2863699bdb01570a809711cebde5f2ca6c1ea627,1d00000f016414000000007307040000,,,,,False,,,,,,,,,,False,False
/pbr/waza_tbl.narc,/pbr/waza_tbl.narc!/member_00293,0,/pbr/waza_tbl.narc,506,293,,8508,8524,4688,4704,16,402fcfe9d0680da9d6c84762744d3b901c5798d5e2c9a57589f7869b03c346e9,d500020000001400100000480d030000,,,,,False,,,,,,,,,,False,False
/pbr/waza_tbl.narc,/pbr/waza_tbl.narc!/member_00294,0,/pbr/waza_tbl.narc,506,294,,8524,8540,4704,4720,16,35f824943bdb65359fe2e81a589f385ffff9de57797023ef87e29b7947bb8d1b,3500020006001400100000080b010000,,,,,False,,,,,,,,,,False,False
/pbr/waza_tbl.narc,/pbr/waza_tbl.narc!/member_00295,0,/pbr/waza_tbl.narc,506,295,,8540,8556,4720,4736,16,1498dcc496c5dd03e3ef0b9af852e91f2cc692b93b1186fc4046a51128a6d3e8,480001460e6405320000001216030000,,,,,False,,,,,,,,,,False,False
/pbr/waza_tbl.narc,/pbr/waza_tbl.narc!/member_00296,0,/pbr/waza_tbl.narc,506,296,,8556,8572,4736,4752,16,fc44053a0d3d475766b64db6907c6a04666746bf87789b2912def82171971856,470001460e6405320000009216030000,,,,,False,,,,,,,,,,False,False
/pbr/waza_tbl.narc,/pbr/waza_tbl.narc!/member_00297,0,/pbr/waza_tbl.narc,506,297,,8572,8588,4752,4768,16,4e07bce38abde8fe2be649de8ed078b1823a1be2cde04a24badd7d0469252504,3a00020002640f000000001613010000,,,,,False,,,,,,,,,,False,False
/pbr/waza_tbl.narc,/pbr/waza_tbl.narc!/member_00298,0,/pbr/waza_tbl.narc,506,298,,8588,8604,4768,4784,16,3cc2e676fa4ae7d1ee60426a948dfdef73667a17d0f27c2fc01d0982f7ad8df5,c700020000641400080000120e020000,,,,,False,,,,,,,,,,False,False
/pbr/waza_tbl.narc,/pbr/waza_tbl.narc!/member_00299,0,/pbr/waza_tbl.narc,506,299,,8604,8620,4784,4800,16,66d65b3fb4d9ed5b092b5ca76881672f5047618b29e5acfab9fac5279c65eff5,c80000550a5a0a0a0000001311010000,,,,,False,,,,,,,,,,False,False
/pbr/waza_tbl.narc,/pbr/waza_tbl.narc!/member_00300,0,/pbr/waza_tbl.narc,506,300,,8620,8636,4800,4816,16,e4800cc15f0b141fb9b5dae414666a1b75e4fcff2881aaa1434912952fa6a0e1,c900020004000f00400000000d020000,,,,,False,,,,,,,,,,False,False
/pbr/waza_tbl.narc,/pbr/waza_tbl.narc!/member_00301,0,/pbr/waza_tbl.narc,506,301,,8636,8652,4816,4832,16,ab1889ebb1e239caa0ce713cf8fb1ba5f6f632a0bb9b23aaaca87ef2428f7692,7500001e0f5a14000000003307010000,,,,,False,,,,,,,,,,False,False
/pbr/waza_tbl.narc,/pbr/waza_tbl.narc!/member_00302,0,/pbr/waza_tbl.narc,506,302,,8652,8668,4832,4848,16,3c6f335986411376c8264619bee81a501ebd9ed8e955e292bf03f8d76fe224a8,1f00003c0c640f1e0000001305030000,,,,,False,,,,,,,,,,False,False
/pbr/waza_tbl.narc,/pbr/waza_tbl.narc!/member_00303,0,/pbr/waza_tbl.narc,506,303,,8668,8684,4848,4864,16,3c21e77ad3691a185fd5e313202e5b39ddd6ea8f8154fb0385827fddc1fa97d4,2000020000000a001000004808020000,,Nintendo Huffman,Probable,,True,Nintendo Huffman,Probable,False,512,,,,,,False,False
/pbr/waza_tbl.narc,/pbr/waza_tbl.narc!/member_00304,0,/pbr/waza_tbl.narc,506,304,,8684,8700,4864,4880,16,62290d79628a46e138b12661fea818f767529916c9f560f0703df6181098b8b5,0000015a00640a000400001205000000,,,,,False,,,,,,,,,,False,False
/pbr/waza_tbl.narc,/pbr/waza_tbl.narc!/member_00305,0,/pbr/waza_tbl.narc,506,305,,8700,8716,4880,4896,16,e9349f833b3a1273907d988e5154a00aaa3d874facf3af41f29039f3a752aa7e,ca00003203640f1e0000001304030000,,,,,False,,,,,,,,,,False,False
/pbr/waza_tbl.narc,/pbr/waza_tbl.narc!/member_00306,0,/pbr/waza_tbl.narc,506,306,,8716,8732,4896,4912,16,f703b01514b6647450c45710a08b95e797abeaac84aa35a1d67e4050f3a1f0d2,4500004b005f0a320000001305000000,,,,,False,,,,,,,,,,False,False
/pbr/waza_tbl.narc,/pbr/waza_tbl.narc!/member_00307,0,/pbr/waza_tbl.narc,506,307,,8732,8748,4912,4928,16,407020aa055b1feb9f2900ebdafc861418e1c5d0fe6b37afa6a5ba12a3a2e124,500001960a5a05000000003216010000,,,,,False,,,,,,,,,,False,False
/pbr/waza_tbl.narc,/pbr/waza_tbl.narc!/member_00308,0,/pbr/waza_tbl.narc,506,308,,8748,8764,4928,4944,16,9f7c02fa303008d18a08fc50b45c4d37d462094d44eed04b71394456b05fac93,500001960b5a0500000000b216010000,,,,,False,,,,,,,,,,False,False
/pbr/waza_tbl.narc,/pbr/waza_tbl.narc!/member_00309,0,/pbr/waza_tbl.narc,506,309,,8764,8780,4944,4960,16,332f584fa070ba92d952eb84d2c7465975555451e9eb5cb3c5c364f6bf9769c1,8b00006408550a140000003312000000,,,,,False,,,,,,,,,,False,False
/pbr/waza_tbl.narc,/pbr/waza_tbl.narc!/member_00310,0,/pbr/waza_tbl.narc,506,310,,8780,8796,4960,4976,16,85ac8d2ffc1e263ba41dfed64ea9b07613bd3fe76e8a68ef13e93394179dc5c8,1f00001e07640f1e0000005305030000,,,,,False,,,,,,,,,,False,False
/pbr/waza_tbl.narc,/pbr/waza_tbl.narc!/member_00311,0,/pbr/waza_tbl.narc,506,311,,8796,8812,4976,4992,16,3adf4588e3b7f570a867b58fa18e528ee3e8deda4f52b65379f19392f9522523,cb00013200640a000000003204030000,,,,,False,,,,,,,,,,False,False
/pbr/waza_tbl.narc,/pbr/waza_tbl.narc!/member_00312,0,/pbr/waza_tbl.narc,506,312,,8812,8828,4992,5008,16,319c60464fa07be2aeb60b438ae7823ada09cc389e7ce927d9572b83572159ea,660002000c0005002000000808030000,,,,,False,,,,,,,,,,False,False
/pbr/waza_tbl.narc,/pbr/waza_tbl.narc!/member_00313,0,/pbr/waza_tbl.narc,506,313,,8828,8844,5008,5024,16,349bd63534d33ed78b877d6cacdaab137411a06e4f07fd9b2c4e6fe9747efadf,3e000200116414000000005613030000,,,,,False,,,,,,,,,,False,False
/pbr/waza_tbl.narc,/pbr/waza_tbl.narc!/member_00314,0,/pbr/waza_tbl.narc,506,314,,8844,8860,5024,5040,16,d423eab30f2125fa6645e2612742f621b0bccd7cefd8bdaa6c4907554bf011c4,2b000137025f19000400003205000000,,,,,False,,,,,,,,,,False,False
/pbr/waza_tbl.narc,/pbr/waza_tbl.narc!/member_00315,0,/pbr/waza_tbl.narc,506,315,,8860,8876,5040,5056,16,2fb86d3b9f5f63e02212b18f2b95588ee7b672f831c29763f6936d17d14e91a6,cc00018c0a5a0564000000b216010000,,,,,False,,,,,,,,,,False,False
/pbr/waza_tbl.narc,/pbr/waza_tbl.narc!/member_00316,0,/pbr/waza_tbl.narc,506,316,,8876,8892,5056,5072,16,d11fa1a56143268ff3941e87f88901b00cf7dc2e688dc1dd024a4049ffcab924,71000200000028000000005214030000,,,,,False,,,,,,,,,,False,False
/pbr/waza_tbl.narc,/pbr/waza_tbl.narc!/member_00317,0,/pbr/waza_tbl.narc,506,317,,8892,8908,5072,5088,16,1273a0144b1e49d897f184da2ab050662e9f85f6baec3e004df12674da4fe35d,4600003205500a640000001202030000,,,,,False,,,,,,,,,,False,False
/pbr/waza_tbl.narc,/pbr/waza_tbl.narc!/member_00318,0,/pbr/waza_tbl.narc,506,318,,8908,8924,5088,5104,16,b9c96a7a2d7303ade8f1375113dc816f0e11982e78a56826bd4b7318425d1544,8c00013c0664050a0000003204010000,,,,,False,,,,,,,,,,False,False
/pbr/waza_tbl.narc,/pbr/waza_tbl.narc!/member_00319,0,/pbr/waza_tbl.narc,506,319,,8924,8940,5104,5120,16,cb7017ae9091785eb859d4fa866c1bcd8c09f94b9474c36eb753e5fdb02d07d9,3e00020008552800000000160a030000,,,,,False,,,,,,,,,,False,False
/pbr/waza_tbl.narc,/pbr/waza_tbl.narc!/member_00320,0,/pbr/waza_tbl.narc,506,320,,8940,8956,5120,5136,16,f2f07bb3f0a96bc21135da1e9dd536820e57cc73ff9cfb8dd26131f0ab0c90d8,010002000c370f000000001613030000,,,,,False,,,,,,,,,,False,False
/pbr/waza_tbl.narc,/pbr/waza_tbl.narc!/member_00321,0,/pbr/waza_tbl.narc,506,321,,8956,8972,5136,5152,16,ed458e1eaf05679c51a63e7e03c9ee1c161083b6f30710a41980311503b67139,cd000200006414000000005613020000,,,,,False,,,,,,,,,,False,False
/pbr/waza_tbl.narc,/pbr/waza_tbl.narc!/member_00322,0,/pbr/waza_tbl.narc,506,322,,8972,8988,5152,5168,16,8aa0c7b859db01eeff35f5eb10e13b4ba673ded6884044a78946bd8864b79b6c,ce0002000e001400100000880b000000,,,,,False,,,,,,,,,,False,False
/pbr/waza_tbl.narc,/pbr/waza_tbl.narc!/member_00323,0,/pbr/waza_tbl.narc,506,323,,8988,9004,5168,5184,16,427953dfb1680c03b7fdaf334f8e50dbcc5d865ace9380cacf47fe90c611dda4,be0001960b6405000400001216010000,,,,,False,,,,,,,,,,False,False
/pbr/waza_tbl.narc,/pbr/waza_tbl.narc!/member_00324,0,/pbr/waza_tbl.narc,506,324,,9004,9020,5184,5200,16,5cc34de610c8bd924f8c2237c82694f579fad7e4991b6ad7caf28a4a915afe8f,4c00014b06640f0a0000003204010000,,,,,False,,,,,,,,,,False,False
/pbr/waza_tbl.narc,/pbr/waza_tbl.narc!/member_00325,0,/pbr/waza_tbl.narc,506,325,,9020,9036,5200,5216,16,f5f0db1386dfd64deb403527d0d66a77c5be4df1f6860dcbc7b4a8895f37e6f7,1100003c070014000000003311030000,,Nintendo LZ11,Probable,,True,Nintendo LZ11,Probable,True,3932160,False,,,,,False,False
/pbr/waza_tbl.narc,/pbr/waza_tbl.narc!/member_00326,0,/pbr/waza_tbl.narc,506,326,,9036,9052,5216,5232,16,802c19ac5de3f872a17b21b6ce7c9048b49160c0093205b494f57b7fe3b6b94e,1f0001500e641e0a0000001211000000,,,,,False,,,,,,,,,,False,False
/pbr/waza_tbl.narc,/pbr/waza_tbl.narc!/member_00327,0,/pbr/waza_tbl.narc,506,327,,9052,9068,5232,5248,16,6ae387cbb514b2cada08ad90f694662de27b348c59a066acbaea91be679c33d8,cf000055015a0f00000000b311000000,,,,,False,,,,,,,,,,False,False
/pbr/waza_tbl.narc,/pbr/waza_tbl.narc!/member_00328,0,/pbr/waza_tbl.narc,506,328,,9068,9084,5248,5264,16,9e2082ac85a5bcecae56ba627974754fc6d27810d8738cd257368b3d510856b8,2a00000f04460f000000003215030000,,,,,False,,,,,,,,,,False,False
/pbr/waza_tbl.narc,/pbr/waza_tbl.narc!/member_00329,0,/pbr/waza_tbl.narc,506,329,,9084,9100,5264,5280,16,2f82432981466ffb21c549e6620c0daf2c0bdf8e48cedd4b1a7444f9e732f50e,260001010f1e05000000001209010000,,,,,False,,,,,,,,,,False,False
/pbr/waza_tbl.narc,/pbr/waza_tbl.narc!/member_00330,0,/pbr/waza_tbl.narc,506,330,,9100,9116,5280,5296,16,eb8ce30a326743aa6fb84d78aeebf3ed0b46ecd5427e03f6769f60b539f50fb6,4900015f0b550a1e0400003212040000,,,,,False,,,,,,,,,,False,False
/pbr/waza_tbl.narc,/pbr/waza_tbl.narc!/member_00331,0,/pbr/waza_tbl.narc,506,331,,9116,9132,5296,5312,16,7a4be8a56ffd64dda058a32c405bfc9fd0bc93894be2008002bae5f9a722a192,1d00000a0c641e000000007207000000,,,,,False,,,,,,,,,,False,False
/pbr/waza_tbl.narc,/pbr/waza_tbl.narc!/member_00332,0,/pbr/waza_tbl.narc,506,332,,9132,9148,5312,5328,16,a187cd75ff27bec01fc6d8d8eaa26a1c528d4197c3d960886947f9db3a0b0eb2,1100003c020014000000003311000000,,Nintendo LZ11,Probable,,True,Nintendo LZ11,Probable,True,3932160,False,,,,,False,False
/pbr/waza_tbl.narc,/pbr/waza_tbl.narc!/member_00333,0,/pbr/waza_tbl.narc,506,333,,9148,9164,5328,5344,16,c66d9c9afe0629c194bba94556b79fe40cc2f3104c630a4a4ab54fbdf2ea9771,1d00000a0f641e000000007207010000,,,,,False,,,,,,,,,,False,False
/pbr/waza_tbl.narc,/pbr/waza_tbl.narc!/member_00334,0,/pbr/waza_tbl.narc,506,334,,9164,9180,5344,5360,16,84375b2cf5be5374369f655a35351176c84303fb23284cc994537230e89dd19c,3300020008000f00100000480d040000,,,,,False,,,,,,,,,,False,False
/pbr/waza_tbl.narc,/pbr/waza_tbl.narc!/member_00335,0,/pbr/waza_tbl.narc,506,335,,9180,9196,5360,5376,16,10222125078e832b1f845217dbfb5e1b6c492b21369191791fa91b8299c2bf4b,6a00020000000500000000160d020000,,,,,False,,,,,,,,,,False,False
/pbr/waza_tbl.narc,/pbr/waza_tbl.narc!/member_00336,0,/pbr/waza_tbl.narc,506,336,,9196,9212,5376,5392,16,284eb73917cb9b8a7a0c1bcf08147eb14093fe428f6a0dbf51f80c4a0cd3d442,0a00020000002800100000080b000000,,,,,False,,,,,,,,,,False,False
/pbr/waza_tbl.narc,/pbr/waza_tbl.narc!/member_00337,0,/pbr/waza_tbl.narc,506,337,,9212,9228,5392,5408,16,59c5051d1d7e0f8215cc42d2a43d9f9e10b372f14da715d50227774a7bf7755e,0000005010640f000000003311000000,,,,,False,,,,,,,,,,False,False
/pbr/waza_tbl.narc,/pbr/waza_tbl.narc!/member_00338,0,/pbr/waza_tbl.narc,506,338,,9228,9244,5408,5424,16,a9a08f5d0ee1689ee71e927f7d07fbef23c005b811f7b9d69725c410278458cb,500001960c5a0500000000b216000000,,,,,False,,,,,,,,,,False,False
/pbr/waza_tbl.narc,/pbr/waza_tbl.narc!/member_00339,0,/pbr/waza_tbl.narc,506,339,,9244,9260,5424,5440,16,362805e9303687d17dc8c503d90b7a54b0deb5a842333737f521c89f1956ec1b,d000020001001400100000480b010000,,,,,False,,,,,,,,,,False,False
/pbr/waza_tbl.narc,/pbr/waza_tbl.narc!/member_00340,0,/pbr/waza_tbl.narc,506,340,,9260,9276,5440,5456,16,8e96f30824518562b848f8afa481fb1731ea694ba719eabae5c265fddbdd5d08,070100550255051e0000003306020000,,,,,False,,,,,,,,,,False,False
/pbr/waza_tbl.narc,/pbr/waza_tbl.narc!/member_00341,0,/pbr/waza_tbl.narc,506,341,,9276,9292,5456,5472,16,e968f5a3136831171bc411870590aca685dbeccc7255e3143c305243bad93581,46000137045f0f640000003202040000,,,,,False,,,,,,,,,,False,False
/pbr/waza_tbl.narc,/pbr/waza_tbl.narc!/member_00342,0,/pbr/waza_tbl.narc,506,342,,9292,9308,5472,5488,16,4dd8a17e89533ef955faa9db146264d78eefe0130fa3259e719d8e032412820c,d10000320364190a0000003304030000,,,,,False,,,,,,,,,,False,False
/pbr/waza_tbl.narc,/pbr/waza_tbl.narc!/member_00343,0,/pbr/waza_tbl.narc,506,343,,9308,9324,5488,5504,16,17649195d42c2055373843848945059a75aea2bf0fb4bf53bb6db89c745921f2,6900002800642800000000130c020000,,,,,False,,,,,,,,,,False,False
/pbr/waza_tbl.narc,/pbr/waza_tbl.narc!/member_00344,0,/pbr/waza_tbl.narc,506,344,,9324,9340,5504,5520,16,2a41e13f9a54c17a6ac8116693b7cc6a0ef9ad3ab75225f50d1d6d0f62102eea,060100780d640f0a000000b316000000,,,,,False,,,,,,,,,,False,False
/pbr/waza_tbl.narc,/pbr/waza_tbl.narc!/member_00345,0,/pbr/waza_tbl.narc,506,345,,9340,9356,5520,5536,16,0c128bcec6d8b47c3fbebd95dd99f861c518b7d2b63c1e2dd64763c56d8d52ff,1100013c0c0014000000003211010000,,Nintendo LZ11,Probable,,True,Nintendo LZ11,Probable,True,3932416,False,,,,,False,False
/pbr/waza_tbl.narc,/pbr/waza_tbl.narc!/member_00346,0,/pbr/waza_tbl.narc,506,346,,9356,9372,5536,5552,16,4c6d6e4620b4d83a2502d89d994f88c4cbb56579ddb650e26ec8ca6a2979d033,d20002000b000f00400000000d020000,,,,,False,,,,,,,,,,False,False
/pbr/waza_tbl.narc,/pbr/waza_tbl.narc!/member_00347,0,/pbr/waza_tbl.narc,506,347,,9372,9388,5552,5568,16,81a8655e384cdb013ea862a4903f7a5d0dd54b7f8659fd60569591862421fed5,d30002000e001400100000080b030000,,,,,False,,,,,,,,,,False,False
/pbr/waza_tbl.narc,/pbr/waza_tbl.narc!/member_00348,0,/pbr/waza_tbl.narc,506,348,,9388,9404,5568,5584,16,b6a07bb9182ca903d9b5ec31b8b2e6117107dd8cde0f6dd0e898a3b5943deac4,2b00005a0c640f000000003311000000,,,,,False,,,,,,,,,,False,False
/pbr/waza_tbl.narc,/pbr/waza_tbl.narc!/member_00349,0,/pbr/waza_tbl.narc,506,349,,9404,9420,5584,5600,16,63b2549d6c3302a97b3c853a8ebc7d7296e6f245d440d9972efc46592c6000c3,d400020010001400100000080b000000,,,,,False,,,,,,,,,,False,False
/pbr/waza_tbl.narc,/pbr/waza_tbl.narc!/member_00350,0,/pbr/waza_tbl.narc,506,350,,9420,9436,5600,5616,16,8864d262290f055839b30ec4ac62bf9133b1bc056f6a94cdf2badaf9c7ea2d66,1d00001905500a000000003207040000,,,,,False,,,,,,,,,,False,False
/pbr/waza_tbl.narc,/pbr/waza_tbl.narc!/member_00351,0,/pbr/waza_tbl.narc,506,351,,9436,9452,5616,5632,16,d8316ac492acb733e7971f5c89a1cca6fe01794296c8a626ade5738aa14adc5d,1100013c0d0014000000003211000000,,Nintendo LZ11,Probable,,True,Nintendo LZ11,Probable,True,3932416,False,,,,,False,False
/pbr/waza_tbl.narc,/pbr/waza_tbl.narc!/member_00352,0,/pbr/waza_tbl.narc,506,352,,9452,9468,5632,5648,16,91baa561ac641080c30a8994aef95dd49645ceb00f0f509087f70ee08bfc2aea,4c00013c0b641414000000b211010000,,,,,False,,,,,,,,,,False,False
/pbr/waza_tbl.narc,/pbr/waza_tbl.narc!/member_00353,0,/pbr/waza_tbl.narc,506,353,,9468,9484,5648,5664,16,f7a97b207133d4bfa54ddea122e5659f5c6bc0d57342db1ab0ea6d3e0f35dd2b,94000178085505000000008011000000,,,,,False,,,,,,,,,,False,False
/pbr/waza_tbl.narc,/pbr/waza_tbl.narc!/member_00354,0,/pbr/waza_tbl.narc,506,354,,9484,9500,5664,5680,16,dd44fed3cd38b180e7d424d0e0559133e58f6d05e39fdf03c00cf55032564be9,cc00018c0e5a0564000000b216030000,,,,,False,,,,,,,,,,False,False
/pbr/waza_tbl.narc,/pbr/waza_tbl.narc!/member_00355,0,/pbr/waza_tbl.narc,506,355,,9500,9516,5680,5696,16,b7bc4cceca512a055b0a1bcb74dd0c121a08c4a357fcba07a345698b103b6105,d600020002000a001000004808000000,,,,,False,,,,,,,,,,False,False
/pbr/waza_tbl.narc,/pbr/waza_tbl.narc!/member_00356,0,/pbr/waza_tbl.narc,506,356,,9516,9532,5696,5712,16,e41967b60c0a30a3e73bfd2ff0e0db746a1899675d8b904c82362ca0ca87e474,d70002000e000500400000000d010000,,,,,False,,,,,,,,,,False,False
/pbr/waza_tbl.narc,/pbr/waza_tbl.narc!/member_00357,0,/pbr/waza_tbl.narc,506,357,,9532,9548,5712,5728,16,63769241a55830e02b48b4009874902680f4f1676660112d070f76e138d6d841,d80002000e0028000000001214020000,,,,,False,,,,,,,,,,False,False
/pbr/waza_tbl.narc,/pbr/waza_tbl.narc!/member_00358,0,/pbr/waza_tbl.narc,506,358,,9548,9564,5728,5744,16,89e50db9f4b3afc034c5ace04d74627ca3a8454399f261a97d78e81b24d8ab55,d900003c01640a000000003310030000,,,,,False,,,,,,,,,,False,False
/pbr/waza_tbl.narc,/pbr/waza_tbl.narc!/member_00359,0,/pbr/waza_tbl.narc,506,359,,9564,9580,5744,5760,16,b8af42e0f12e032abc5d82abe6d80b8b8f00301045557ffa02da62d082e195e5,da000064015a0a000000003302000000,,,,,False,,,,,,,,,,False,False
/pbr/waza_tbl.narc,/pbr/waza_tbl.narc!/member_00360,0,/pbr/waza_tbl.narc,506,360,,9580,9596,5760,5776,16,3dac60d98af45beedbfbcc2aadbfccdf463d3ff6dbcc6688f1a115485ce0a564,db00000108640500000000330f010000,,,,,False,,,,,,,,,,False,False
/pbr/waza_tbl.narc,/pbr/waza_tbl.narc!/member_00361,0,/pbr/waza_tbl.narc,506,361,,9596,9612,5776,5792,16,922847ff183222f7841ddd11eb0c4e9150605638aa5e1340c4f3f3f14e314266,dc0002000e000a001000000008020000,,,,,False,,,,,,,,,,False,False
/pbr/waza_tbl.narc,/pbr/waza_tbl.narc!/member_00362,0,/pbr/waza_tbl.narc,506,362,,9612,9628,5792,5808,16,6627055db28462cf16dc2b0ca60486fbb0a5a4f5682bfe991900e06d8c7d9546,dd0001410b640a000000003204030000,,,,,False,,,,,,,,,,False,False
/pbr/waza_tbl.narc,/pbr/waza_tbl.narc!/member_00363,0,/pbr/waza_tbl.narc,506,363,,9628,9644,5808,5824,16,0031f9a56a8c7fc100dff822dd784077cd16b33a207531c29da24bd55ded959c,de00000100640f000000005212000000,,,,,False,,,,,,,,,,False,False
/pbr/waza_tbl.narc,/pbr/waza_tbl.narc!/member_00364,0,/pbr/waza_tbl.narc,506,364,,9644,9660,5824,5840,16,d68f7e6aa931f486d239b693d51e5891d2ae3419dacb1846dfe61eb71883377a,df00003200640a000000020010010000,,,,,False,,,,,,,,,,False,False
/pbr/waza_tbl.narc,/pbr/waza_tbl.narc!/member_00365,0,/pbr/waza_tbl.narc,506,365,,9660,9676,5840,5856,16,78ecff45fc0aeab6a7b5896f5018f0468a6603284a9385b6b626fb72010d4239,e000003c02641400000000730c020000,,,,,False,,,,,,,,,,False,False
/pbr/waza_tbl.narc,/pbr/waza_tbl.narc!/member_00366,0,/pbr/waza_tbl.narc,506,366,,9676,9692,5856,5872,16,10fd1309aab9330c6c9ec32f99eaa5b8d095ed9cc1620c7b37d2ab822939cec7,e100020002001e002000000801030000,,,,,False,,,,,,,,,,False,False
/pbr/waza_tbl.narc,/pbr/waza_tbl.narc!/member_00367,0,/pbr/waza_tbl.narc,506,367,,9692,9708,5872,5888,16,a33abbede256f6433857767a7deebe4284e9ce4d5912765d6c39afc4a7d85566,e200020000001e00000200480b000000,,,,,False,,,,,,,,,,False,False
/pbr/waza_tbl.narc,/pbr/waza_tbl.narc!/member_00368,0,/pbr/waza_tbl.narc,506,368,,9708,9724,5888,5904,16,28fc44e0dc1cb0730a08574ea1390e8db5080d72a2c2c30a3703e4f82c213b4c,e300000108640a00010000100f010000,,,,,False,,,,,,,,,,False,False
/pbr/waza_tbl.narc,/pbr/waza_tbl.narc!/member_00369,0,/pbr/waza_tbl.narc,506,369,,9724,9740,5904,5920,16,7b1c0c00f499fecd0ce5ade2a65456001a3d92b895629d59c05dc3e25dcf79de,e4000046066414000000003310020000,,,,,False,,,,,,,,,,False,False
/pbr/waza_tbl.narc,/pbr/waza_tbl.narc!/member_00370,0,/pbr/waza_tbl.narc,506,370,,9740,9756,5920,5936,16,c3ed6ea78c7370fb5507be921e5ecd02d8cc083a22313f2b4572f6d7463b19ad,e500007801640500000000b316030000,,,,,False,,,,,,,,,,False,False
/pbr/waza_tbl.narc,/pbr/waza_tbl.narc!/member_00371,0,/pbr/waza_tbl.narc,506,371,,9756,9772,5936,5952,16,03dcf99bd6eabf2a49263dd83d4292a58b01e73b8fbf06b07bed879cedda4349,e600003211640a000000003306000000,,,,,False,,,,,,,,,,False,False
/pbr/waza_tbl.narc,/pbr/waza_tbl.narc!/member_00372,0,/pbr/waza_tbl.narc,506,372,,9772,9788,5952,5968,16,6bcec3bb9aa9bf0a21329b1eec236485ea9fcc95496d1fe5aac4929e52ac5ed7,e700003211640a00000000330f010000,,,,,False,,,,,,,,,,False,False
/pbr/waza_tbl.narc,/pbr/waza_tbl.narc!/member_00373,0,/pbr/waza_tbl.narc,506,373,,9788,9804,5968,5984,16,3c60c341b18296bbbeffea0a6ed44a37c2cd4a4cc4c2d6f1bedf962093ea86bb,e800020011640f00000000120d020000,,,,,False,,,,,,,,,,False,False
/pbr/waza_tbl.narc,/pbr/waza_tbl.narc!/member_00374,0,/pbr/waza_tbl.narc,506,374,,9804,9820,5984,6000,16,d28a68830fa86d6ad21d8c17d5de07ac3a16d23d56b9086668d4aeacf24f5f11,e900000111640a000000001217040000,,,,,False,,,,,,,,,,False,False
/pbr/waza_tbl.narc,/pbr/waza_tbl.narc!/member_00375,0,/pbr/waza_tbl.narc,506,375,,9820,9836,6000,6016,16,f3b5d81391d5ec3ad0d14c63a2f73cb4b5044f5e7d477a778f1dcc6d9812a171,ea0002000e5a0a000000001210000000,,,,,False,,,,,,,,,,False,False
/pbr/waza_tbl.narc,/pbr/waza_tbl.narc!/member_00376,0,/pbr/waza_tbl.narc,506,376,,9836,9852,6016,6032,16,d970181790ae8761984b28ee1cfcbae98705ad97b5c7673e3c6244464315c4b2,eb000101000005000000003315000000,,,,,False,,,,,,,,,,False,False
/pbr/waza_tbl.narc,/pbr/waza_tbl.narc!/member_00377,0,/pbr/waza_tbl.narc,506,377,,9852,9868,6032,6048,16,c0a26f5e30e8b40a0c531abbda611e96017a1240f986e4f60616e5cc611853d1,ec0002000e640f00040000120d020000,,,,,False,,,,,,,,,,False,False
/pbr/waza_tbl.narc,/pbr/waza_tbl.narc!/member_00378,0,/pbr/waza_tbl.narc,506,378,,9868,9884,6048,6064,16,9c95b05b9b73c163633380dedc56efccff069b55079cee63f1c5cb64ac72de51,ed000101006405000000003316030000,,,,,False,,,,,,,,,,False,False
/pbr/waza_tbl.narc,/pbr/waza_tbl.narc!/member_00379,0,/pbr/waza_tbl.narc,506,379,,9884,9900,6064,6080,16,e4fe92a467c2ead4d72376050ae500095174e4e79a94b05ea7bfdfb440ea0efa,ee0002000e000a001000004010000000,,,,,False,,,,,,,,,,False,False
/pbr/waza_tbl.narc,/pbr/waza_tbl.narc!/member_00380,0,/pbr/waza_tbl.narc,506,380,,9900,9916,6080,6096,16,ceb3b91bb1fd86dabf63fdb4652387245d7351217f730df536c025d543b14188,ef00020003640a00000000160d010000,,,,,False,,,,,,,,,,False,False
/pbr/waza_tbl.narc,/pbr/waza_tbl.narc!/member_00381,0,/pbr/waza_tbl.narc,506,381,,9916,9932,6096,6112,16,dc1e73963bbc6d07482b9e7f5620436095b46968cea4ef780071c9457f229911,f000020000001e00200000400d020000,,,,,False,,,,,,,,,,False,False
/pbr/waza_tbl.narc,/pbr/waza_tbl.narc!/member_00382,0,/pbr/waza_tbl.narc,506,382,,9932,9948,6112,6128,16,df6a38355c3393e24db8207f15ac27db09704a96793fd84986a1e0c5145c210a,f1000200000014000004000201020000,,,,,False,,,,,,,,,,False,False
/pbr/waza_tbl.narc,/pbr/waza_tbl.narc!/member_00383,0,/pbr/waza_tbl.narc,506,383,,9948,9964,6128,6144,16,e96e1971e484bcea4c22038fba11dcedf8233fc9a51afb40e8be5fbbf2249a9d,f200020000001400010000000c000000,,,,,False,,,,,,,,,,False,False
/pbr/waza_tbl.narc,/pbr/waza_tbl.narc!/member_00384,0,/pbr/waza_tbl.narc,506,384,,9964,9980,6144,6160,16,0028b608ae4970d0776ea14d50786ce1294ff1979a1f76870f9edb4e0040130f,f30002000e000a000000001210010000,,,,,False,,,,,,,,,,False,False
/pbr/waza_tbl.narc,/pbr/waza_tbl.narc!/member_00385,0,/pbr/waza_tbl.narc,506,385,,9980,9996,6160,6176,16,7770e9f2717f7ece82cced60aae4bd0afc60e7f9c1193548b6ec7b6b2fc4d8f6,f40002000e000a000000001210020000,,,,,False,,,,,,,,,,False,False
/pbr/waza_tbl.narc,/pbr/waza_tbl.narc!/member_00386,0,/pbr/waza_tbl.narc,506,386,,9996,10012,6176,6192,16,902058d7902b27381a8cc32b6358aec758845593774110c7b7429a3561f6a658,f5000001116405000000007317030000,,,,,False,,,,,,,,,,False,False
/pbr/waza_tbl.narc,/pbr/waza_tbl.narc!/member_00387,0,/pbr/waza_tbl.narc,506,387,,10012,10028,6192,6208,16,40db30ab20479139a60dc996a4030c16839de911b4e15952b0381b228f8d2dda,f6000082006405000000003315020000,,,,,False,,,,,,,,,,False,False
/pbr/waza_tbl.narc,/pbr/waza_tbl.narc!/member_00388,0,/pbr/waza_tbl.narc,506,388,,10028,10044,6208,6224,16,09661fe1deb42c1f369599c60a7e70fca26349de2bbf8be4c6888a89f2dba3cd,f70002000c640a000000001613010000,,,,,False,,,,,,,,,,False,False
/pbr/waza_tbl.narc,/pbr/waza_tbl.narc!/member_00389,0,/pbr/waza_tbl.narc,506,389,,10044,10060,6224,6240,16,dfe2f8acffec0c477cea1768bc13c82f6ea637ea7dde1281fcb1b9de267ea25c,f8000050116405000000017301030000,,,,,False,,,,,,,,,,False,False
/pbr/waza_tbl.narc,/pbr/waza_tbl.narc!/member_00390,0,/pbr/waza_tbl.narc,506,390,,10060,10076,6240,6256,16,5ce9a538b100de148fd6aef9951f03f464868f7c3170eb25f54b1270adffdbfc,f900020003001400800000400d030000,,,,,False,,,,,,,,,,False,False
/pbr/waza_tbl.narc,/pbr/waza_tbl.narc!/member_00391,0,/pbr/waza_tbl.narc,506,391,,10076,10092,6256,6272,16,ff72ac579a48de4a3c963f31dc6701e596edfa6465b5c44c8d52d2f381123808,fa0002000e000a000000001210000000,,,,,False,,,,,,,,,,False,False
/pbr/waza_tbl.narc,/pbr/waza_tbl.narc!/member_00392,0,/pbr/waza_tbl.narc,506,392,,10092,10108,6272,6288,16,83a851917c19ced19223374cb420bf5a0d47ff364b811fc1a9856ddce0f3bfeb,fb0002000b0014001000000008010000,,,,,False,,,,,,,,,,False,False
/pbr/waza_tbl.narc,/pbr/waza_tbl.narc!/member_00393,0,/pbr/waza_tbl.narc,506,393,,10108,10124,6288,6304,16,a0e920356c102690aa775af2430514c5c8fbc42ba65ff215a760a8fcc2deb3fd,fc0002000d000a00100000000d020000,,,,,False,,,,,,,,,,False,False
/pbr/waza_tbl.narc,/pbr/waza_tbl.narc!/member_00394,0,/pbr/waza_tbl.narc,506,394,,10124,10140,6304,6320,16,75a5d12cbe4469e53a22982ddef3e1171a71d21c4bef116322923193dccf89d7,fd0000780a640f0a0000009316030000,,,,,False,,,,,,,,,,False,False
/pbr/waza_tbl.narc,/pbr/waza_tbl.narc!/member_00395,0,/pbr/waza_tbl.narc,506,395,,10140,10156,6320,6336,16,3a4cd52dace268b40241e9764c95105fa73a44864599751b0b79d4f328de8221,0600003c01640a1e0000003312000000,,,,,False,,,,,,,,,,False,False
/pbr/waza_tbl.narc,/pbr/waza_tbl.narc!/member_00396,0,/pbr/waza_tbl.narc,506,396,,10156,10172,6336,6352,16,c23945ae7c78dc5cb8a9c04c6de9887ec082ae91d16b3fb1d3edacd142fb27de,1100015a01001400000000b211010000,,Nintendo LZ11,Probable,,True,Nintendo LZ11,Probable,True,5898496,False,,,,,False,False
/pbr/waza_tbl.narc,/pbr/waza_tbl.narc!/member_00397,0,/pbr/waza_tbl.narc,506,397,,10172,10188,6352,6368,16,c78c9cc2fbd9f7b5171a9678718fec81c782df9b4a95980135144a683d33b53a,34000200050014001000000801040000,,,,,False,,,,,,,,,,False,False
/pbr/waza_tbl.narc,/pbr/waza_tbl.narc!/member_00398,0,/pbr/waza_tbl.narc,506,398,,10188,10204,6368,6384,16,5fd9e84d5532badd4adac7e5172031f0a5ef7cb60385daaf5dfbf349f8acd454,020000500364141e0000003304030000,,,,,False,,,,,,,,,,False,False
/pbr/waza_tbl.narc,/pbr/waza_tbl.narc!/member_00399,0,/pbr/waza_tbl.narc,506,399,,10204,10220,6384,6400,16,510439affe21f343b578d0fd938794a371027460cf84430382e11c4fa7a983a9,1f00015011640f140000003211000000,,,,,False,,,,,,,,,,False,False
/pbr/waza_tbl.narc,/pbr/waza_tbl.narc!/member_00400,0,/pbr/waza_tbl.narc,506,400,,10220,10236,6400,6416,16,5f861411dfed2cff7f8ac24153b0cfe2c4a22b61bff38c0b5bf1576a41c08fc1,2b00004611640f000000003305010000,,,,,False,,,,,,,,,,False,False
/pbr/waza_tbl.narc,/pbr/waza_tbl.narc!/member_00401,0,/pbr/waza_tbl.narc,506,401,,10236,10252,6416,6432,16,99abd77456b01a5a5842e7a9fe96c333f0121dda176108c3c1f133f84453d1c2,0000005a0b5a0a000000003305020000,,,,,False,,,,,,,,,,False,False
/pbr/waza_tbl.narc,/pbr/waza_tbl.narc!/member_00402,0,/pbr/waza_tbl.narc,506,402,,10252,10268,6432,6448,16,61b56c717157f73760e32b1ddd72baddfc2ece976bb942758c99363e1999717d,000000500c640f000000003205030000,,,,,False,,,,,,,,,,False,False
/pbr/waza_tbl.narc,/pbr/waza_tbl.narc!/member_00403,0,/pbr/waza_tbl.narc,506,403,,10268,10284,6448,6464,16,fdb205785bac5dc657faf2134410a44e00a82216fad307cda4308006c8f6ffea,1f00014b025f141e0000003211000000,,,,,False,,,,,,,,,,False,False
/pbr/waza_tbl.narc,/pbr/waza_tbl.narc!/member_00404,0,/pbr/waza_tbl.narc,506,404,,10284,10300,6464,6480,16,9875d594f85c855c76ce5d260591e73658ece974cdd75b186321f7d70a2a759d,0000005006640f000000003311010000,,,,,False,,,,,,,,,,False,False
/pbr/waza_tbl.narc,/pbr/waza_tbl.narc!/member_00405,0,/pbr/waza_tbl.narc,506,405,,10300,10316,6480,6496,16,d2a71e78294ce9921f97edcebe85db139f3e1343a45836cade53554c9a69fd82,4800015a06640a0a0000001204020000,,,,,False,,,,,,,,,,False,False
/pbr/waza_tbl.narc,/pbr/waza_tbl.narc!/member_00406,0,/pbr/waza_tbl.narc,506,406,,10316,10332,6496,6512,16,532fd529e7c88344e82ddf1fe94a2d11462bb6aa88bc0c1c09048a7dfacddca7,0000015a10640a000000003204030000,,,,,False,,,,,,,,,,False,False
/pbr/waza_tbl.narc,/pbr/waza_tbl.narc!/member_00407,0,/pbr/waza_tbl.narc,506,407,,10332,10348,6512,6528,16,2394db77154126b9e37be07a87acbf69beffa27579883d0b3aca5d8321ec2dd7,1f000064104b0a140000003312000000,,,,,False,,,,,,,,,,False,False
/pbr/waza_tbl.narc,/pbr/waza_tbl.narc!/member_00408,0,/pbr/waza_tbl.narc,506,408,,10348,10364,6528,6544,16,c8c8d6caebb4823151666a5955b4524ef9dbe2475766747ab5cb49666924b976,00000146056414000000003205010000,,,,,False,,,,,,,,,,False,False
/pbr/waza_tbl.narc,/pbr/waza_tbl.narc!/member_00409,0,/pbr/waza_tbl.narc,506,409,,10364,10380,6544,6560,16,05ca31a2899f2b4448c5720ed7c9d5684bd7079f2c286d47892792b99a1a710d,0300003c016405000000003314010000,,,,,False,,,,,,,,,,False,False
/pbr/waza_tbl.narc,/pbr/waza_tbl.narc!/member_00410,0,/pbr/waza_tbl.narc,506,410,,10380,10396,6560,6576,16,0ec24d0050519e98c05a7dfe4ff5426bcbd0c99ed2bc52f73ac376c59338426a,6700012801641e000000013201030000,,,,,False,,,,,,,,,,False,False
/pbr/waza_tbl.narc,/pbr/waza_tbl.narc!/member_00411,0,/pbr/waza_tbl.narc,506,411,,10396,10412,6576,6592,16,cc51abedb0ce30223e8660ebc0e3e13f47a42b3567a46c33f199fe65e8d02004,480001780146050a0000009211000000,,,,,False,,,,,,,,,,False,False
/pbr/waza_tbl.narc,/pbr/waza_tbl.narc!/member_00412,0,/pbr/waza_tbl.narc,506,412,,10412,10428,6592,6608,16,dcecfc01b74593d597d8fceb040c17ab5add8abd692b887f74de9c5e66336ad5,480001500c640a0a0000001211010000,,,,,False,,,,,,,,,,False,False
/pbr/waza_tbl.narc,/pbr/waza_tbl.narc!/member_00413,0,/pbr/waza_tbl.narc,506,413,,10428,10444,6608,6624,16,d1415a4a43c890eeb3ea0f82e8cd6fea12b04965be1e19ecc41cd7b550a0349f,c600007802640f00000000b312020000,,,,,False,,,,,,,,,,False,False
/pbr/waza_tbl.narc,/pbr/waza_tbl.narc!/member_00414,0,/pbr/waza_tbl.narc,506,414,,10444,10460,6624,6640,16,cf2ef9bfe4912a328156741c45accc49d1df72a80a964762029d6cafde076018,4800015a04640a0a0000003212030000,,,,,False,,,,,,,,,,False,False
/pbr/waza_tbl.narc,/pbr/waza_tbl.narc!/member_00415,0,/pbr/waza_tbl.narc,506,415,,10460,10476,6640,6656,16,56bc78c3aaab05ef35ea1864384606c34eaca14b7721e5886e72dcb718a01097,b100020011640a00000000120c000000,,,,,False,,,,,,,,,,False,False
/pbr/waza_tbl.narc,/pbr/waza_tbl.narc!/member_00416,0,/pbr/waza_tbl.narc,506,416,,10476,10492,6656,6672,16,ff728f2c6320116d2d13f8e5049fd309bfdb3a77f30068f323912e04d5e8659e,50000096005a0500000000b316010000,,,,,False,,,,,,,,,,False,False
/pbr/waza_tbl.narc,/pbr/waza_tbl.narc!/member_00417,0,/pbr/waza_tbl.narc,506,417,,10492,10508,6672,6688,16,1a5260f86484184bc18a029e00646d672db5586a43f042997b9f9fecddf55fe5,3500020011001400100000480b020000,,,,,False,,,,,,,,,,False,False
/pbr/waza_tbl.narc,/pbr/waza_tbl.narc!/member_00418,0,/pbr/waza_tbl.narc,506,418,,10508,10524,6688,6704,16,c352f6f30943b17b002b0847f90b7b3e3b5afb00be50daac289f2e1aee93efa5,6700002808641e000000017301030000,,,,,False,,,,,,,,,,False,False
/pbr/waza_tbl.narc,/pbr/waza_tbl.narc!/member_00419,0,/pbr/waza_tbl.narc,506,419,,10524,10540,6704,6720,16,620141fdf55e70ded637530a860884746a6525bbcad5c14286b8f0b8510a87ed,b900003c0f640a000000fc330f000000,,,,,False,,,,,,,,,,False,False
/pbr/waza_tbl.narc,/pbr/waza_tbl.narc!/member_00420,0,/pbr/waza_tbl.narc,506,420,,10540,10556,6720,6736,16,f0a5acec9d6d34a4a726c027b0d81dc3aad611e0429d1f2f3fc86453b73cf093,670000280f641e000000013201010000,,,,,False,,,,,,,,,,False,False
/pbr/waza_tbl.narc,/pbr/waza_tbl.narc!/member_00421,0,/pbr/waza_tbl.narc,506,421,,10556,10572,6736,6752,16,e6d4398b19f1cc08cb39b98cf8b5a3ccfefaa7ab3b20cd746c795590c17733ac,2b00004607640f000000007311020000,,,,,False,,,,,,,,,,False,False
/pbr/waza_tbl.narc,/pbr/waza_tbl.narc!/member_00422,0,/pbr/waza_tbl.narc,506,422,,10572,10588,6752,6768,16,bfd95fcef57d12535226d2b01c45b233b0f560d8889a3dfbe7271a58aee2be2a,130100410d5f0f0a0000003305030000,,,,,False,,,,,,,,,,False,False
/pbr/waza_tbl.narc,/pbr/waza_tbl.narc!/member_00423,0,/pbr/waza_tbl.narc,506,423,,10588,10604,6768,6784,16,0e8ea26f120896f0b869f7aab9fdc538ec4b33a485ad8a41b8c96ff0f6289643,120100410f5f0f0a0000003305000000,,,,,False,,,,,,,,,,False,False
/pbr/waza_tbl.narc,/pbr/waza_tbl.narc!/member_00424,0,/pbr/waza_tbl.narc,506,424,,10604,10620,6784,6800,16,4821889c95800f015ede24d8fb6c2b46c2c813db4d536b4bc8b0a830b31b483c,110100410a5f0f0a0000003305010000,,Nintendo LZ11,Probable,,True,Nintendo LZ11,Probable,True,4259841,False,,,,,False,False
/pbr/waza_tbl.narc,/pbr/waza_tbl.narc!/member_00425,0,/pbr/waza_tbl.narc,506,425,,10620,10636,6800,6816,16,445735cbc0381234a4ca5792ed4130be290255da1ea1710cc4f54554f92281c0,6700002807641e000000013301030000,,,,,False,,,,,,,,,,False,False
/pbr/waza_tbl.narc,/pbr/waza_tbl.narc!/member_00426,0,/pbr/waza_tbl.narc,506,426,,10636,10652,6816,6832,16,ee7f5ea4a3e11e0996669b469664140ad40566944ffe7698d1ac95704006a892,4900014104550a1e0000003212030000,,,,,False,,,,,,,,,,False,False
/pbr/waza_tbl.narc,/pbr/waza_tbl.narc!/member_00427,0,/pbr/waza_tbl.narc,506,427,,10652,10668,6832,6848,16,322dae740265aad7d7eab624ae09151c8fcd7fd834c0c9f3e5bc08c1c4a58d0a,2b0000460e6414000000003211000000,,,,,False,,,,,,,,,,False,False
/pbr/waza_tbl.narc,/pbr/waza_tbl.narc!/member_00428,0,/pbr/waza_tbl.narc,506,428,,10668,10684,6848,6864,16,0ed6ae9dc85f896f8d3d6caecf6313cd355ac3c78e9b3ef1251abd115c9f3736,1f0000500e5a0f140000003312010000,,,,,False,,,,,,,,,,False,False
/pbr/waza_tbl.narc,/pbr/waza_tbl.narc!/member_00429,0,/pbr/waza_tbl.narc,506,429,,10684,10700,6864,6880,16,6e633a2a448d82c825cceceb3eb44fd1edd7b8726888e87fb899ddbfacdbb3ee,4900014108550a1e0000003211020000,,,,,False,,,,,,,,,,False,False
/pbr/waza_tbl.narc,/pbr/waza_tbl.narc!/member_00430,0,/pbr/waza_tbl.narc,506,430,,10700,10716,6880,6896,16,38fdfdd95503c4b5e3d75541e8c1f35de4fba5475ba2fe635b113e45aac199db,4800015008640a0a0000003211030000,,,,,False,,,,,,,,,,False,False
/pbr/waza_tbl.narc,/pbr/waza_tbl.narc!/member_00431,0,/pbr/waza_tbl.narc,506,431,,10716,10732,6896,6912,16,6c91dcb9b7a44f9c4cfa6c6d9fa39f0e01663d6651ad2f70aebc7304d0e05658,4c00005a005514140000003312000000,,,,,False,,,,,,,,,,False,False
/pbr/waza_tbl.narc,/pbr/waza_tbl.narc!/member_00432,0,/pbr/waza_tbl.narc,506,432,,10732,10748,6912,6928,16,a6f96366d8c5789fd35b420d186a48d55278d36f58f94702f3c17ce555a61ca1,0201020002000f00000000120d010000,,,,,False,,,,,,,,,,False,False
/pbr/waza_tbl.narc,/pbr/waza_tbl.narc!/member_00433,0,/pbr/waza_tbl.narc,506,433,,10748,10764,6928,6944,16,555d58be9ae039f69c7a8b2badc177b9ed7784e1e0ec11951a86145a52599700,030102000e0005004000f9100e020000,,,,,False,,,,,,,,,,False,False
/pbr/waza_tbl.narc,/pbr/waza_tbl.narc!/member_00434,0,/pbr/waza_tbl.narc,506,434,,10764,10780,6944,6960,16,6fbdaf71f5e45acf4a1da0a17cfea3c5ef12dd5423bd69430e5987c203631a0e,cc00018c105a05640000003216030000,,,,,False,,,,,,,,,,False,False
/pbr/waza_tbl.narc,/pbr/waza_tbl.narc!/member_00435,0,/pbr/waza_tbl.narc,506,435,,10780,10796,6960,6976,16,39f2d5e627939f662789bdb45df1c5c74e728fb192670be4cfe49a4bcfa964d8,060001500d640f1e0800003211000000,,,,,False,,,,,,,,,,False,False
/pbr/waza_tbl.narc,/pbr/waza_tbl.narc!/member_00436,0,/pbr/waza_tbl.narc,506,436,,10796,10812,6976,6992,16,a86e053a6eeed9c83d5fbacd541e551dc558015960957a1bdea6bce11a081f4b,040001500a640f1e0800003211040000,,,,,False,,,,,,,,,,False,False
/pbr/waza_tbl.narc,/pbr/waza_tbl.narc!/member_00437,0,/pbr/waza_tbl.narc,506,437,,10812,10828,6992,7008,16,c3d0d1c9954ed4d6ea4ad14341847b02e2f77538845748060de1855760ff889e,cc00018c0c5a0564000000b216020000,,,,,False,,,,,,,,,,False,False
/pbr/waza_tbl.narc,/pbr/waza_tbl.narc!/member_00438,0,/pbr/waza_tbl.narc,506,438,,10828,10844,7008,7024,16,f1a2689eb4871558a07467d2cc1d9103e845013b04affc551c9a24852c779755,000000780c550a00000000b305010000,,,,,False,,,,,,,,,,False,False
/pbr/waza_tbl.narc,/pbr/waza_tbl.narc!/member_00439,0,/pbr/waza_tbl.narc,506,439,,10844,10860,7024,7040,16,3c0acbaa3cf469ecfde8c9a023851d9afb79a6106e5d69ba0d43e1c56a496e82,50000096055a0500000000b216040000,,,,,False,,,,,,,,,,False,False
/pbr/waza_tbl.narc,/pbr/waza_tbl.narc!/member_00440,0,/pbr/waza_tbl.narc,506,440,,10860,10876,7040,7056,16,b39dc64c312f7b27fc9446b8c6ad2c1e3d18c05da1fa89368910538455d54e6f,d10000460364140a0000003305000000,,,,,False,,,,,,,,,,False,False
/pbr/waza_tbl.narc,/pbr/waza_tbl.narc!/member_00441,0,/pbr/waza_tbl.narc,506,441,,10876,10892,7056,7072,16,187b63b7e1cfccda7607d5f6d74166da8460657982a12f52e4ac179e318d2f00,020000780346051e000000b205000000,,,,,False,,,,,,,,,,False,False
/pbr/waza_tbl.narc,/pbr/waza_tbl.narc!/member_00442,0,/pbr/waza_tbl.narc,506,442,,10892,10908,7072,7088,16,2ff1843b9e442d8b778030a807915994b9f211e3a576422ac509d0badc0d02a3,1f00005008640f1e0000003312040000,,,,,False,,,,,,,,,,False,False
/pbr/waza_tbl.narc,/pbr/waza_tbl.narc!/member_00443,0,/pbr/waza_tbl.narc,506,443,,10908,10924,7088,7104,16,e5f343f17dc8c7846b7512b3b6bdd18470221330fb7b07aeeed8b6f7f895d8e5,1100003c080014000000003205000000,,Nintendo LZ11,Probable,,True,Nintendo LZ11,Probable,True,3932160,False,,,,,False,False
/pbr/waza_tbl.narc,/pbr/waza_tbl.narc!/member_00444,0,/pbr/waza_tbl.narc,506,444,,10924,10940,7104,7120,16,940ccd7dbe7d85af4a67c44001a5e0755a26e926e1a3d2200a50a1c3a940445a,2b000064055005000000003204040000,,,,,False,,,,,,,,,,False,False
/pbr/waza_tbl.narc,/pbr/waza_tbl.narc!/member_00445,0,/pbr/waza_tbl.narc,506,445,,10940,10956,7120,7136,16,60e6c73482947e2030138453746e6561f4c982cf78cfd0b957da426905744267,09010200006414000400005613010000,,,,,False,,,,,,,,,,False,False
/pbr/waza_tbl.narc,/pbr/waza_tbl.narc!/member_00446,0,/pbr/waza_tbl.narc,506,446,,10956,10972,7136,7152,16,5cc2e93c97ba28d8a0ac806e120af68e686bb5da07bbd3b9ddee651b672f095d,0a01020005001400800000000d000000,,,,,False,,,,,,,,,,False,False
/pbr/waza_tbl.narc,/pbr/waza_tbl.narc!/member_00447,0,/pbr/waza_tbl.narc,506,447,,10972,10988,7152,7168,16,68777889aa565808bf6cccefd7dbce34389e18a6c7016f156835a442bdd74bc8,c40001010c6414000000007304030000,,,,,False,,,,,,,,,,False,False
/pbr/waza_tbl.narc,/pbr/waza_tbl.narc!/member_00448,0,/pbr/waza_tbl.narc,506,448,,10988,11004,7168,7184,16,a7e53e529f1b1e3cf363a25299d8fe877e6030bcd583018de9daace76b45eebb,0b01013c026414000000004217030000,,,,,False,,,,,,,,,,False,False
/pbr/waza_tbl.narc,/pbr/waza_tbl.narc!/member_00449,0,/pbr/waza_tbl.narc,506,449,,11004,11020,7184,7200,16,6588357aea688965b621b1b690c0df015ec699da1f0423335e241dff844995bc,0c01016400640a00000000320e030000,,,,,False,,,,,,,,,,False,False
/pbr/waza_tbl.narc,/pbr/waza_tbl.narc!/member_00450,0,/pbr/waza_tbl.narc,506,450,,11020,11036,7200,7216,16,32bcc1e955595a7909791b4484917c6b197f69cba974f93f1275bbf89fe3b9b9,e000003c06641400000000730c040000,,,,,False,,,,,,,,,,False,False
/pbr/waza_tbl.narc,/pbr/waza_tbl.narc!/member_00451,0,/pbr/waza_tbl.narc,506,451,,11036,11052,7216,7232,16,9083209f6ebead07e5858e89f7863696964748b87c858ecc5abf869e7a75451a,140101320d5a0a460000003211010000,,,,,False,,,,,,,,,,False,False
/pbr/waza_tbl.narc,/pbr/waza_tbl.narc!/member_00452,0,/pbr/waza_tbl.narc,506,452,,11052,11068,7232,7248,16,e9fe65e38f8b6eb84a7c5b268a7e29675f84932c74a36a842dae89aa4bee77f0,c60000780c640f000000003312040000,,,,,False,,,,,,,,,,False,False
/pbr/waza_tbl.narc,/pbr/waza_tbl.narc!/member_00453,0,/pbr/waza_tbl.narc,506,453,,11068,11084,7248,7264,16,9982ff93a982eb9e1f82ea34af8533776841651b49795d94f176e73b5898e224,670000280b6414000000013301010000,,,,,False,,,,,,,,,,False,False
/pbr/waza_tbl.narc,/pbr/waza_tbl.narc!/member_00454,0,/pbr/waza_tbl.narc,506,454,,11084,11100,7264,7280,16,1ace424d8c21ab5904633118021ab6af751f15ec97acd2e66e1e04a2b696f21f,2b00005a06640f000000003204030000,,,,,False,,,,,,,,,,False,False
/pbr/waza_tbl.narc,/pbr/waza_tbl.narc!/member_00455,0,/pbr/waza_tbl.narc,506,455,,11100,11116,7280,7296,16,2745d84cbe6f6ef2de3c7af9c2710d357ffe86e456ed118e8ca990b173618163,ce00020006000a00100000080b030000,,,,,False,,,,,,,,,,False,False
/pbr/waza_tbl.narc,/pbr/waza_tbl.narc!/member_00456,0,/pbr/waza_tbl.narc,506,456,,11116,11132,7296,7312,16,8674c0790cfa63907a92d1940ae5835030dccb130a3ca42c0a4639d09ec8ac66,2000020006000a001000000808030000,,Nintendo Huffman,Probable,,True,Nintendo Huffman,Probable,False,512,,,,,,False,False
/pbr/waza_tbl.narc,/pbr/waza_tbl.narc!/member_00457,0,/pbr/waza_tbl.narc,506,457,,11132,11148,7312,7328,16,a986048ac167672b9b19867c106e3edf2c6615d55d545e07d60ff8b78f2b7989,0d01009605500500000000b316040000,,,,,False,,,,,,,,,,False,False
/pbr/waza_tbl.narc,/pbr/waza_tbl.narc!/member_00458,0,/pbr/waza_tbl.narc,506,458,,11148,11164,7328,7344,16,28c46de50a7271fda675ca24f941cdac8944f1303fdd58353784b448a091f194,2c000023005a0a000000003307030000,,,,,False,,,,,,,,,,False,False
/pbr/waza_tbl.narc,/pbr/waza_tbl.narc!/member_00459,0,/pbr/waza_tbl.narc,506,459,,11164,11180,7344,7360,16,9efa55b99cff4d05a14f0310293706fb2c7d9b5dd01ff65c371c7de8981a28fa,50000196105a05000000003216000000,,,,,False,,,,,,,,,,False,False
/pbr/waza_tbl.narc,/pbr/waza_tbl.narc!/member_00460,0,/pbr/waza_tbl.narc,506,460,,11180,11196,7360,7376,16,9511e2774c3a392bb9dcb0deb35ddc8851fa12473160ae52042026e9ddc6bf2e,2b000164105f0500000000b204040000,,,,,False,,,,,,,,,,False,False
/pbr/waza_tbl.narc,/pbr/waza_tbl.narc!/member_00461,0,/pbr/waza_tbl.narc,506,461,,11196,11212,7376,7392,16,f59352c6bd6dae48d091651171f41710ab0c69bd98883cf9b56ed7cda8fe5084,0e0102000e000a001000008008010000,,,,,False,,,,,,,,,,False,False
/pbr/waza_tbl.narc,/pbr/waza_tbl.narc!/member_00462,0,/pbr/waza_tbl.narc,506,462,,11212,11228,7392,7408,16,d1d0d4ed923b885b86848b144ccc6dae3532a4125bbc4da5ff9133f1be7da14a,ed00000100640500000000330f040000,,,,,False,,,,,,,,,,False,False
/pbr/waza_tbl.narc,/pbr/waza_tbl.narc!/member_00463,0,/pbr/waza_tbl.narc,506,463,,11228,11244,7408,7424,16,331802f4857462536f11e24a44b2729d7da453097662153fb5d03c5ee49d392f,2a0001780a460500000000b207040000,,,,,False,,,,,,,,,,False,False
/pbr/waza_tbl.narc,/pbr/waza_tbl.narc!/member_00464,0,/pbr/waza_tbl.narc,506,464,,11244,11260,7424,7440,16,602661ea18510a797ca054311942fb5135a78202cc6669258986233dcf8ff423,0100020011500a000400009613030000,,,,,False,,,,,,,,,,False,False
/pbr/waza_tbl.narc,/pbr/waza_tbl.narc!/member_00465,0,/pbr/waza_tbl.narc,506,465,,11260,11276,7440,7456,16,32fef283403f10d948ff15d8e2f0a8333fc09b2047d1e1bce02923acae8821cc,0f0101780c550528000000b216000000,,,,,False,,,,,,,,,,False,False
/pbr/waza_tbl.narc,/pbr/waza_tbl.narc!/member_00466,0,/pbr/waza_tbl.narc,506,466,,11276,11292,7456,7472,16,4bfb4e9c94e119b7381c48ff08eeb39c9307f2b125e72dde941bbda6c31f1c46,8c00013c0764050a000000320b030000,,,,,False,,,,,,,,,,False,False
/pbr/waza_tbl.narc,/pbr/waza_tbl.narc!/member_00467,0,/pbr/waza_tbl.narc,506,467,,11292,11308,7472,7488,16,4ba24af115cb5a9cec32173df7f65e51c1d049c4f8485c08c52fed0458633062,10010078076405000000003116030000,,Nintendo LZ10,Probable,,True,Nintendo LZ10,Probable,True,7864321,False,,,,,False,False
/pbr/waza_tbl.narc,/pbr/waza_tbl.narc!/member_00468,0,/pbr/waza_tbl.narc,506,468,,11308,11324,7488,7504,16,32dc3d8fd4f81daa0463a2fbbc38b2322614becc0ab07c999cfcf1c9f66cd3d0,0000016400640a000000003210010000,,,,,False,,,,,,,,,,False,False
/pbr/waza_tbl.narc,/pbr/waza_tbl.narc!/member_00469,0,/pbr/waza_tbl.narc,506,469,,11324,11340,7504,7520,16,51a749e47670eb82ea3779dfaaecdd1838a0e7c17fbc33740659d817c8dffeff,0000016400640a000000003211020000,,,,,False,,,,,,,,,,False,False
/pbr/waza_tbl.narc,/pbr/waza_tbl.narc!/member_00470,0,/pbr/waza_tbl.narc,506,470,,11340,11356,7520,7536,16,ecc426597c558670337a07c39e35ed88b7d85f7ffc968ca11ac9045767f42a5d,0000016400640a000000003212030000,,,,,False,,,,,,,,,,False,False
/pbr/winframe.narc,/pbr/winframe.narc!/member_00000,0,/pbr/winframe.narc,507,0,,452,804,0,352,352,b8066f0a1ad3fa4659a458e4972843ae545c4952725a7f71e7d4e5769c50b2eb,5247434efffe01016001000010000200,,NCGR graphics,Confirmed,True,False,,,,,,,,,,False,False
/pbr/winframe.narc,/pbr/winframe.narc!/member_00001,0,/pbr/winframe.narc,507,1,,804,1156,352,704,352,7627a03f68f5cd89bab4302327c758935c6a784bde9894f2b1048a4aa1127623,5247434efffe01016001000010000200,,NCGR graphics,Confirmed,True,False,,,,,,,,,,False,False
/pbr/winframe.narc,/pbr/winframe.narc!/member_00002,0,/pbr/winframe.narc,507,2,,1156,1796,704,1344,640,ec28c37b51bfc5977529ea1a4c8ca361585b57047ce9115b6ac8733a28849137,5247434efffe01018002000010000200,,NCGR graphics,Confirmed,True,False,,,,,,,,,,False,False
/pbr/winframe.narc,/pbr/winframe.narc!/member_00003,0,/pbr/winframe.narc,507,3,,1796,2436,1344,1984,640,fded97112e8f62759263434fe71ece7e0616f12f2a7670f18681e10654305c63,5247434efffe01018002000010000200,,NCGR graphics,Confirmed,True,False,,,,,,,,,,False,False
/pbr/winframe.narc,/pbr/winframe.narc!/member_00004,0,/pbr/winframe.narc,507,4,,2436,3076,1984,2624,640,7072f7d04bc73793d8cec46a6afde13355439440a35238b54b95c2ff8d0e15ba,5247434efffe01018002000010000200,,NCGR graphics,Confirmed,True,False,,,,,,,,,,False,False
/pbr/winframe.narc,/pbr/winframe.narc!/member_00005,0,/pbr/winframe.narc,507,5,,3076,3716,2624,3264,640,9a045f6c974c07096dd353b073d6dd4483d339418387c7715855aaf9396c16c1,5247434efffe01018002000010000200,,NCGR graphics,Confirmed,True,False,,,,,,,,,,False,False
/pbr/winframe.narc,/pbr/winframe.narc!/member_00006,0,/pbr/winframe.narc,507,6,,3716,4356,3264,3904,640,9a045f6c974c07096dd353b073d6dd4483d339418387c7715855aaf9396c16c1,5247434efffe01018002000010000200,,NCGR graphics,Confirmed,True,False,,,,,,,,,,False,False
/pbr/winframe.narc,/pbr/winframe.narc!/member_00007,0,/pbr/winframe.narc,507,7,,4356,4996,3904,4544,640,ec28c37b51bfc5977529ea1a4c8ca361585b57047ce9115b6ac8733a28849137,5247434efffe01018002000010000200,,NCGR graphics,Confirmed,True,False,,,,,,,,,,False,False
/pbr/winframe.narc,/pbr/winframe.narc!/member_00008,0,/pbr/winframe.narc,507,8,,4996,5636,4544,5184,640,ec28c37b51bfc5977529ea1a4c8ca361585b57047ce9115b6ac8733a28849137,5247434efffe01018002000010000200,,NCGR graphics,Confirmed,True,False,,,,,,,,,,False,False
/pbr/winframe.narc,/pbr/winframe.narc!/member_00009,0,/pbr/winframe.narc,507,9,,5636,6276,5184,5824,640,ec28c37b51bfc5977529ea1a4c8ca361585b57047ce9115b6ac8733a28849137,5247434efffe01018002000010000200,,NCGR graphics,Confirmed,True,False,,,,,,,,,,False,False
/pbr/winframe.narc,/pbr/winframe.narc!/member_00010,0,/pbr/winframe.narc,507,10,,6276,6916,5824,6464,640,ec28c37b51bfc5977529ea1a4c8ca361585b57047ce9115b6ac8733a28849137,5247434efffe01018002000010000200,,NCGR graphics,Confirmed,True,False,,,,,,,,,,False,False
/pbr/winframe.narc,/pbr/winframe.narc!/member_00011,0,/pbr/winframe.narc,507,11,,6916,7556,6464,7104,640,f9c7bf2970cccaf9f66f0a6ef85c50563dd7fd102d21103d42c692bebc20ec59,5247434efffe01018002000010000200,,NCGR graphics,Confirmed,True,False,,,,,,,,,,False,False
/pbr/winframe.narc,/pbr/winframe.narc!/member_00012,0,/pbr/winframe.narc,507,12,,7556,8196,7104,7744,640,f9c7bf2970cccaf9f66f0a6ef85c50563dd7fd102d21103d42c692bebc20ec59,5247434efffe01018002000010000200,,NCGR graphics,Confirmed,True,False,,,,,,,,,,False,False
/pbr/winframe.narc,/pbr/winframe.narc!/member_00013,0,/pbr/winframe.narc,507,13,,8196,8836,7744,8384,640,cae3bbf988d6b879a3ae1fbab416f04d84c3a19f9b512d1c360c4cab4e597250,5247434efffe01018002000010000200,,NCGR graphics,Confirmed,True,False,,,,,,,,,,False,False
/pbr/winframe.narc,/pbr/winframe.narc!/member_00014,0,/pbr/winframe.narc,507,14,,8836,9476,8384,9024,640,4b5c641415bb03dc48e3249cbb01e52677dfc61e304db724a60c7e5019b0754a,5247434efffe01018002000010000200,,NCGR graphics,Confirmed,True,False,,,,,,,,,,False,False
/pbr/winframe.narc,/pbr/winframe.narc!/member_00015,0,/pbr/winframe.narc,507,15,,9476,10116,9024,9664,640,4b5c641415bb03dc48e3249cbb01e52677dfc61e304db724a60c7e5019b0754a,5247434efffe01018002000010000200,,NCGR graphics,Confirmed,True,False,,,,,,,,,,False,False
/pbr/winframe.narc,/pbr/winframe.narc!/member_00016,0,/pbr/winframe.narc,507,16,,10116,10756,9664,10304,640,4b5c641415bb03dc48e3249cbb01e52677dfc61e304db724a60c7e5019b0754a,5247434efffe01018002000010000200,,NCGR graphics,Confirmed,True,False,,,,,,,,,,False,False
/pbr/winframe.narc,/pbr/winframe.narc!/member_00017,0,/pbr/winframe.narc,507,17,,10756,11396,10304,10944,640,bc3852b728c619a9e93b782db24d73658c08cb3d07433fe08ed6a55744e25b00,5247434efffe01018002000010000200,,NCGR graphics,Confirmed,True,False,,,,,,,,,,False,False
/pbr/winframe.narc,/pbr/winframe.narc!/member_00018,0,/pbr/winframe.narc,507,18,,11396,12036,10944,11584,640,c4b09123412dc5764a4dad8c2b2935da06a4d7ad7319fe56c22b6be7e91a01f0,5247434efffe01018002000010000200,,NCGR graphics,Confirmed,True,False,,,,,,,,,,False,False
/pbr/winframe.narc,/pbr/winframe.narc!/member_00019,0,/pbr/winframe.narc,507,19,,12036,12676,11584,12224,640,e515612f3ca9737fc08e00f8ab638148e1258af375a7b2cf537e5f815c83dcfb,5247434efffe01018002000010000200,,NCGR graphics,Confirmed,True,False,,,,,,,,,,False,False
/pbr/winframe.narc,/pbr/winframe.narc!/member_00020,0,/pbr/winframe.narc,507,20,,12676,13316,12224,12864,640,ba375249a06b09a41c4381d483b7d065cbba3fa8c784d4295a8b28f9185b800a,5247434efffe01018002000010000200,,NCGR graphics,Confirmed,True,False,,,,,,,,,,False,False
/pbr/winframe.narc,/pbr/winframe.narc!/member_00021,0,/pbr/winframe.narc,507,21,,13316,13956,12864,13504,640,568500fd82dacfbaed7a8232f88fc5be349862398edd2806856b9cea6e5f5718,5247434efffe01018002000010000200,,NCGR graphics,Confirmed,True,False,,,,,,,,,,False,False
/pbr/winframe.narc,/pbr/winframe.narc!/member_00022,0,/pbr/winframe.narc,507,22,,13956,14404,13504,13952,448,b1e1740570b27baa83bb31017c653b0bad3029e6ac84178fc962974d11fc3cca,5247434efffe0101c001000010000200,,NCGR graphics,Confirmed,True,False,,,,,,,,,,False,False
/pbr/winframe.narc,/pbr/winframe.narc!/member_00023,0,/pbr/winframe.narc,507,23,,14404,15492,13952,15040,1088,c492d18abffd2d2009db7cae12c3556e2a1b90e1ac208257880e9ab7bbfe9f26,5247434efffe01014004000010000200,,NCGR graphics,Confirmed,True,False,,,,,,,,,,False,False
/pbr/winframe.narc,/pbr/winframe.narc!/member_00024,0,/pbr/winframe.narc,507,24,,15492,16044,15040,15592,552,e79c4c14fc9757c145d436fed71189c2f055f314b71e5c03f6262c191f88e70a,524c434efffe00012802000010000100,,NCLR palette,Confirmed,True,False,,,,,,,,,,False,False
/pbr/winframe.narc,/pbr/winframe.narc!/member_00025,0,/pbr/winframe.narc,507,25,,16044,16596,15592,16144,552,e5227ded52167fcbd58a72e6b5b3228a71acf672c47d69cd4b129407a8d28229,524c434efffe00012802000010000100,,NCLR palette,Confirmed,True,False,,,,,,,,,,False,False
/pbr/winframe.narc,/pbr/winframe.narc!/member_00026,0,/pbr/winframe.narc,507,26,,16596,17148,16144,16696,552,5fcc7b07de681fc160454de1ad87ddba29ab3c35782781128e1c6386b0deb944,524c434efffe00012802000010000100,,NCLR palette,Confirmed,True,False,,,,,,,,,,False,False
/pbr/winframe.narc,/pbr/winframe.narc!/member_00027,0,/pbr/winframe.narc,507,27,,17148,17700,16696,17248,552,ef617b6313d63f509b5767125a0272b98a247dd2f339e0515cef8f732863cc85,524c434efffe00012802000010000100,,NCLR palette,Confirmed,True,False,,,,,,,,,,False,False
/pbr/winframe.narc,/pbr/winframe.narc!/member_00028,0,/pbr/winframe.narc,507,28,,17700,18252,17248,17800,552,3e3b04735b4569fac58a9d7bd363bf6d0fded9377f661bf3e2cf2f1851e9e9a0,524c434efffe00012802000010000100,,NCLR palette,Confirmed,True,False,,,,,,,,,,False,False
/pbr/winframe.narc,/pbr/winframe.narc!/member_00029,0,/pbr/winframe.narc,507,29,,18252,18804,17800,18352,552,8bb766ecae77790568dd9a8276ef7f0137a46c6b4e776c65437863c4340ed2dd,524c434efffe00012802000010000100,,NCLR palette,Confirmed,True,False,,,,,,,,,,False,False
/pbr/winframe.narc,/pbr/winframe.narc!/member_00030,0,/pbr/winframe.narc,507,30,,18804,19356,18352,18904,552,b146961eae66792c7628f8e4154a06f15e1632721eb9cb012cd601294c96fffa,524c434efffe00012802000010000100,,NCLR palette,Confirmed,True,False,,,,,,,,,,False,False
/pbr/winframe.narc,/pbr/winframe.narc!/member_00031,0,/pbr/winframe.narc,507,31,,19356,19908,18904,19456,552,5427a0608e2adcb2868f1423e1f3276ab39daedbdc70d517bf9647ea18464fd9,524c434efffe00012802000010000100,,NCLR palette,Confirmed,True,False,,,,,,,,,,False,False
/pbr/winframe.narc,/pbr/winframe.narc!/member_00032,0,/pbr/winframe.narc,507,32,,19908,20460,19456,20008,552,fafdbde5364f8e853f83140805eeff6ee6e9e749a0b026c10a4d2c98f4396af6,524c434efffe00012802000010000100,,NCLR palette,Confirmed,True,False,,,,,,,,,,False,False
/pbr/winframe.narc,/pbr/winframe.narc!/member_00033,0,/pbr/winframe.narc,507,33,,20460,21012,20008,20560,552,6c3ee370ceec01c2e6f450046b53b874115afd6b4fe3478298ab5345ab31109c,524c434efffe00012802000010000100,,NCLR palette,Confirmed,True,False,,,,,,,,,,False,False
/pbr/winframe.narc,/pbr/winframe.narc!/member_00034,0,/pbr/winframe.narc,507,34,,21012,21564,20560,21112,552,3002e79247c2b0dd3e910d59d8b5eb220828038d7e181ed977cce0404d1eca5f,524c434efffe00012802000010000100,,NCLR palette,Confirmed,True,False,,,,,,,,,,False,False
/pbr/winframe.narc,/pbr/winframe.narc!/member_00035,0,/pbr/winframe.narc,507,35,,21564,22116,21112,21664,552,7f6a09cdcd5ab01d51278b2f2af4b409003622952cbf4a1c52e33ece4449f027,524c434efffe00012802000010000100,,NCLR palette,Confirmed,True,False,,,,,,,,,,False,False
/pbr/winframe.narc,/pbr/winframe.narc!/member_00036,0,/pbr/winframe.narc,507,36,,22116,22668,21664,22216,552,eaad692cbd976a269b460c1040a244af1f999d4b0f6136b1961e4d5252b1ead3,524c434efffe00012802000010000100,,NCLR palette,Confirmed,True,False,,,,,,,,,,False,False
/pbr/winframe.narc,/pbr/winframe.narc!/member_00037,0,/pbr/winframe.narc,507,37,,22668,23220,22216,22768,552,9b68b322c29c56ee93ef31541de4fcb191548a28339dd929e6e8fe15f31f0feb,524c434efffe00012802000010000100,,NCLR palette,Confirmed,True,False,,,,,,,,,,False,False
/pbr/winframe.narc,/pbr/winframe.narc!/member_00038,0,/pbr/winframe.narc,507,38,,23220,23772,22768,23320,552,ffad829c2d3fffab79ae4e08d0286af42dafd916d7fce72ad85878f6d5bcba35,524c434efffe00012802000010000100,,NCLR palette,Confirmed,True,False,,,,,,,,,,False,False
/pbr/winframe.narc,/pbr/winframe.narc!/member_00039,0,/pbr/winframe.narc,507,39,,23772,24324,23320,23872,552,a9613452aaa91ace7cc26846083ded8f5d6cf61657c256de79653fcb8a01ca7c,524c434efffe00012802000010000100,,NCLR palette,Confirmed,True,False,,,,,,,,,,False,False
/pbr/winframe.narc,/pbr/winframe.narc!/member_00040,0,/pbr/winframe.narc,507,40,,24324,24876,23872,24424,552,b89dffa5eafcbc071cf58f23d024971d88dd32653738c831fa4efa6d386465b9,524c434efffe00012802000010000100,,NCLR palette,Confirmed,True,False,,,,,,,,,,False,False
/pbr/winframe.narc,/pbr/winframe.narc!/member_00041,0,/pbr/winframe.narc,507,41,,24876,25428,24424,24976,552,401f53f67fd79a7ebebe3f204ee3c545ff32f583d778939ed48cfb3499c07003,524c434efffe00012802000010000100,,NCLR palette,Confirmed,True,False,,,,,,,,,,False,False
/pbr/winframe.narc,/pbr/winframe.narc!/member_00042,0,/pbr/winframe.narc,507,42,,25428,25980,24976,25528,552,d7eccbffba7b32dac885237a7e078cd3ff2654a053f5b244f3e2b91bf62189f4,524c434efffe00012802000010000100,,NCLR palette,Confirmed,True,False,,,,,,,,,,False,False
/pbr/winframe.narc,/pbr/winframe.narc!/member_00043,0,/pbr/winframe.narc,507,43,,25980,26532,25528,26080,552,69a867e4c5ee16328c804eed6920cf153801f17547943e172b467a38af83ae9f,524c434efffe00012802000010000100,,NCLR palette,Confirmed,True,False,,,,,,,,,,False,False
/pbr/winframe.narc,/pbr/winframe.narc!/member_00044,0,/pbr/winframe.narc,507,44,,26532,27084,26080,26632,552,74d7c933036454d205f61be6d1e6dd9780536ec9ac9cd7e1cd10a713861b1336,524c434efffe00012802000010000100,,NCLR palette,Confirmed,True,False,,,,,,,,,,False,False
/pbr/winframe.narc,/pbr/winframe.narc!/member_00045,0,/pbr/winframe.narc,507,45,,27084,27636,26632,27184,552,556495ba57f5fa3f0ceabc9a33ea1ba3d58e2a45f149424bc314b857f8aecb1a,524c434efffe00012802000010000100,,NCLR palette,Confirmed,True,False,,,,,,,,,,False,False
/pbr/winframe.narc,/pbr/winframe.narc!/member_00046,0,/pbr/winframe.narc,507,46,,27636,27838,27184,27386,202,5a9ff7bde24113f823ff49a92b93b7e01f1246e576ea2216876361ab1f6dca50,524e414efffe0001ca00000010000300,,NANR animation,Confirmed,True,False,,,,,,,,,,False,False
/pbr/winframe.narc,/pbr/winframe.narc!/member_00047,0,/pbr/winframe.narc,507,47,,27840,28042,27388,27590,202,775c44235b045ea906cd4c16f5a2d052c61ff9dd098657a198605dece4989deb,5245434efffe0001ca00000010000300,,NCER cell,Confirmed,True,False,,,,,,,,,,False,False
/pbr/winframe.narc,/pbr/winframe.narc!/member_00048,0,/pbr/winframe.narc,507,48,,28044,34492,27592,34040,6448,775178f5ed54bac30a2a12e63cd8d70366cda64456c4e85abdfebd69cc098dbb,5247434efffe01013019000010000100,,NCGR graphics,Confirmed,True,False,,,,,,,,,,False,False
/pbr/winframe.narc,/pbr/winframe.narc!/member_00049,0,/pbr/winframe.narc,507,49,,34492,35044,34040,34592,552,2efc0034e138f1669a69475b1b88b788cb5600fbc357476c2dcbe9683f618029,524c434efffe00012802000010000100,,NCLR palette,Confirmed,True,False,,,,,,,,,,False,False
/pbr/zukan.narc,/pbr/zukan.narc!/member_00000,0,/pbr/zukan.narc,508,0,,1092,1644,0,552,552,1027599a298302b3d48500a8a4a6cac1cb9769155ae68aa6ff1576cfd49f97db,524c434efffe00012802000010000100,,NCLR palette,Confirmed,True,False,,,,,,,,,,False,False
/pbr/zukan.narc,/pbr/zukan.narc!/member_00001,0,/pbr/zukan.narc,508,1,,1644,2196,552,1104,552,ce26000d6602a19957ebddb66f0e986275a9d9dbfd9455bc6c751cdf42356f78,524c434efffe00012802000010000100,,NCLR palette,Confirmed,True,False,,,,,,,,,,False,False
/pbr/zukan.narc,/pbr/zukan.narc!/member_00002,0,/pbr/zukan.narc,508,2,,2196,2748,1104,1656,552,f2c1b34f41264506c3fdd896d5cfc49d8efccdd7396fcb9898a2efd51cb1974f,524c434efffe00012802000010000100,,NCLR palette,Confirmed,True,False,,,,,,,,,,False,False
/pbr/zukan.narc,/pbr/zukan.narc!/member_00003,0,/pbr/zukan.narc,508,3,,2748,3300,1656,2208,552,01104871db6c9212803c3c534344721a67de5087c7cbb0ac62f610b80382d6a1,524c434efffe00012802000010000100,,NCLR palette,Confirmed,True,False,,,,,,,,,,False,False
/pbr/zukan.narc,/pbr/zukan.narc!/member_00004,0,/pbr/zukan.narc,508,4,,3300,3852,2208,2760,552,f5482d21bed404a9d7e33a8bd0988e815f8100c04445fe44e0fc7ab95f83d962,524c434efffe00012802000010000100,,NCLR palette,Confirmed,True,False,,,,,,,,,,False,False
/pbr/zukan.narc,/pbr/zukan.narc!/member_00005,0,/pbr/zukan.narc,508,5,,3852,4404,2760,3312,552,41acca3d6fd58f17d217adf7cebfeceb5866025a4876d158599076c1f306f48c,524c434efffe00012802000010000100,,NCLR palette,Confirmed,True,False,,,,,,,,,,False,False
/pbr/zukan.narc,/pbr/zukan.narc!/member_00006,0,/pbr/zukan.narc,508,6,,4404,4956,3312,3864,552,f641cbd63f356c1b336e0b9afa38e530453b537a7e6318c56f973e70a60419ad,524c434efffe00012802000010000100,,NCLR palette,Confirmed,True,False,,,,,,,,,,False,False
/pbr/zukan.narc,/pbr/zukan.narc!/member_00007,0,/pbr/zukan.narc,508,7,,4956,5508,3864,4416,552,00002254c9ecaaad80abf2e9d923e932d77b80d9e6af06f7cf451e67b9edbb83,524c434efffe00012802000010000100,,NCLR palette,Confirmed,True,False,,,,,,,,,,False,False
/pbr/zukan.narc,/pbr/zukan.narc!/member_00008,0,/pbr/zukan.narc,508,8,,5508,6060,4416,4968,552,9a40e082b0e1dc3a3da86d95c361d1f8224c1e419e6dc180a94df61d8c6482f6,524c434efffe00012802000010000100,,NCLR palette,Confirmed,True,False,,,,,,,,,,False,False
/pbr/zukan.narc,/pbr/zukan.narc!/member_00009,0,/pbr/zukan.narc,508,9,,6060,6612,4968,5520,552,7a0735dd000c48c0cfd016b08302a994231afef0db4f541fada9a9e42465f4a3,524c434efffe00012802000010000100,,NCLR palette,Confirmed,True,False,,,,,,,,,,False,False
/pbr/zukan.narc,/pbr/zukan.narc!/member_00010,0,/pbr/zukan.narc,508,10,,6612,7164,5520,6072,552,00513766dbbb1053cd6846f1a59af3def694df52a86562f0cf97aa197ec320b7,524c434efffe00012802000010000100,,NCLR palette,Confirmed,True,False,,,,,,,,,,False,False
/pbr/zukan.narc,/pbr/zukan.narc!/member_00011,0,/pbr/zukan.narc,508,11,,7164,7716,6072,6624,552,285c5211d32fe221c5004584538ca33110e7e67cc0d551b921fa51f91218ab87,524c434efffe00012802000010000100,,NCLR palette,Confirmed,True,False,,,,,,,,,,False,False
/pbr/zukan.narc,/pbr/zukan.narc!/member_00012,0,/pbr/zukan.narc,508,12,,7716,8268,6624,7176,552,6a31cc370e3de580fede9f7dfa9912a34595917f049e16c81926a077373f6682,524c434efffe00012802000010000100,,NCLR palette,Confirmed,True,False,,,,,,,,,,False,False
/pbr/zukan.narc,/pbr/zukan.narc!/member_00013,0,/pbr/zukan.narc,508,13,,8268,8820,7176,7728,552,d4295aa673e98697a9a402469eae9e4a3a4a93071658acfab0e4c57007642f6e,524c434efffe00012802000010000100,,NCLR palette,Confirmed,True,False,,,,,,,,,,False,False
/pbr/zukan.narc,/pbr/zukan.narc!/member_00014,0,/pbr/zukan.narc,508,14,,8820,9372,7728,8280,552,1446ec28d947581ea8d46d7d3eede686bdf8ec2634af598359903061332ad21d,524c434efffe00012802000010000100,,NCLR palette,Confirmed,True,False,,,,,,,,,,False,False
/pbr/zukan.narc,/pbr/zukan.narc!/member_00015,0,/pbr/zukan.narc,508,15,,9372,9924,8280,8832,552,37c61b90457615e4316158257d619787aca66c1e5987073ffffa9dd081ac05c3,524c434efffe00012802000010000100,,NCLR palette,Confirmed,True,False,,,,,,,,,,False,False
/pbr/zukan.narc,/pbr/zukan.narc!/member_00016,0,/pbr/zukan.narc,508,16,,9924,10476,8832,9384,552,aaabfe10bca3a1e98be0e1751773e6df0c04e8c2d8084e7d27f4a8758e71d09a,524c434efffe00012802000010000100,,NCLR palette,Confirmed,True,False,,,,,,,,,,False,False
/pbr/zukan.narc,/pbr/zukan.narc!/member_00017,0,/pbr/zukan.narc,508,17,,10476,11028,9384,9936,552,9abc7f44704ca26b5dd35ffe4cb6be63f1b70bdbe7cd78cc8bf50ba9490333bd,524c434efffe00012802000010000100,,NCLR palette,Confirmed,True,False,,,,,,,,,,False,False
/pbr/zukan.narc,/pbr/zukan.narc!/member_00018,0,/pbr/zukan.narc,508,18,,11028,11580,9936,10488,552,b4380ce4e67dc0245d9217b220b18b9d78772dad3746a0df4a30a9f2748e32cc,524c434efffe00012802000010000100,,NCLR palette,Confirmed,True,False,,,,,,,,,,False,False
/pbr/zukan.narc,/pbr/zukan.narc!/member_00019,0,/pbr/zukan.narc,508,19,,11580,12132,10488,11040,552,e8eec3c38041017acfbf11c16840fcd37552da92972fc817455ef9d79a70de8b,524c434efffe00012802000010000100,,NCLR palette,Confirmed,True,False,,,,,,,,,,False,False
/pbr/zukan.narc,/pbr/zukan.narc!/member_00020,0,/pbr/zukan.narc,508,20,,12132,12684,11040,11592,552,17fbc52ceebdd52447c76a1040cd86fc64c96bce246713c1115ff4cb50f6cf2a,524c434efffe00012802000010000100,,NCLR palette,Confirmed,True,False,,,,,,,,,,False,False
/pbr/zukan.narc,/pbr/zukan.narc!/member_00021,0,/pbr/zukan.narc,508,21,,12684,13236,11592,12144,552,841d4268899626a67fb1bba47d8c560bc64d1f3b5a3e2eef72bbd5b064784b25,524c434efffe00012802000010000100,,NCLR palette,Confirmed,True,False,,,,,,,,,,False,False
/pbr/zukan.narc,/pbr/zukan.narc!/member_00022,0,/pbr/zukan.narc,508,22,,13236,13788,12144,12696,552,886cb45674265b232d78f487632d77fe85fad4bcbd47aaf3695a67a5b965df10,524c434efffe00012802000010000100,,NCLR palette,Confirmed,True,False,,,,,,,,,,False,False
/pbr/zukan.narc,/pbr/zukan.narc!/member_00023,0,/pbr/zukan.narc,508,23,,13788,14340,12696,13248,552,b21bd4a1cdab4dbb538473aa19cd64adcc2ca8d3528da0cf3ea8bd9590cfad0b,524c434efffe00012802000010000100,,NCLR palette,Confirmed,True,False,,,,,,,,,,False,False
/pbr/zukan.narc,/pbr/zukan.narc!/member_00024,0,/pbr/zukan.narc,508,24,,14340,14892,13248,13800,552,e1cbcdb98e4bd4410823fb16ae42f39fa6ddceaccb45ceebddb0eafa9037e3d3,524c434efffe00012802000010000100,,NCLR palette,Confirmed,True,False,,,,,,,,,,False,False
/pbr/zukan.narc,/pbr/zukan.narc!/member_00025,0,/pbr/zukan.narc,508,25,,14892,15444,13800,14352,552,bf1f00133d73b76583a004127b93d0a695dd65e36791e00652eb4d48292c887b,524c434efffe00012802000010000100,,NCLR palette,Confirmed,True,False,,,,,,,,,,False,False
/pbr/zukan.narc,/pbr/zukan.narc!/member_00026,0,/pbr/zukan.narc,508,26,,15444,15996,14352,14904,552,788070d8a42dbd52608e25369f463cff11c581d8b1f7b05e654aacf22daa38a0,524c434efffe00012802000010000100,,NCLR palette,Confirmed,True,False,,,,,,,,,,False,False
/pbr/zukan.narc,/pbr/zukan.narc!/member_00027,0,/pbr/zukan.narc,508,27,,15996,16704,14904,15612,708,057b2fc93304f5c4c32800b86141732380a68d50c569c9034343437f4fd61fcc,10401000005247434efffe0101004010,,Nintendo LZ10,Probable,,True,Nintendo LZ10,Confirmed,True,4160,True,4160,2a1974350f0b7f6ebd2cfc3ba6a016bb7b67a764a89d4e8be1f0319b7e4c7a96,NCGR graphics,Confirmed,False,False
/pbr/zukan.narc,/pbr/zukan.narc!/member_00028,0,/pbr/zukan.narc,508,28,,16704,18851,15612,17759,2147,d6171218bdc6b58d9423346aa6730cd8a553da9c6fb9aa6a1c84f2aa3a90af15,10402000005247434efffe0101004020,,Nintendo LZ10,Probable,,True,Nintendo LZ10,Confirmed,True,8256,True,8256,f75e3d0dac7e1cc998a00e12a8caef2846341deb4d5a0fd78a7d8dd5bc63f63a,NCGR graphics,Confirmed,False,False
/pbr/zukan.narc,/pbr/zukan.narc!/member_00029,0,/pbr/zukan.narc,508,29,,18852,19713,17760,18621,861,bdcd31bf57a46d49da39c1d003b31c52c6c9036c57309eb36725e5e7f9387c86,10400c00005247434efffe010100400c,,Nintendo LZ10,Probable,,True,Nintendo LZ10,Confirmed,True,3136,True,3136,bb6d1c831ef970dfaf49e9f13b06acb6f8963be86b999066eba27a0c490d9d22,NCGR graphics,Confirmed,False,False
/pbr/zukan.narc,/pbr/zukan.narc!/member_00030,0,/pbr/zukan.narc,508,30,,19716,20033,18624,18941,317,7c09e1a2513c5c782eeeb6b37fad7d86e9c09af84b2d7a08b13c548d65d109f6,10400400005247434efffe0101004004,,Nintendo LZ10,Probable,,True,Nintendo LZ10,Confirmed,True,1088,True,1088,c33dc8488bc6f659095d9eb6b948815f59c0e00ba207ee3fa21d15d71ff3331b,NCGR graphics,Confirmed,False,False
/pbr/zukan.narc,/pbr/zukan.narc!/member_00031,0,/pbr/zukan.narc,508,31,,20036,20353,18944,19261,317,2605fc4c1928754da556dc36b09ae3f9775c64de41c386c8b8da0f88c49c590a,10400400005247434efffe0101004004,,Nintendo LZ10,Probable,,True,Nintendo LZ10,Confirmed,True,1088,True,1088,c6bdb7fc4c05d0d3c313cf853b9e57846706c4d512951220514eebb702a791af,NCGR graphics,Confirmed,False,False
/pbr/zukan.narc,/pbr/zukan.narc!/member_00032,0,/pbr/zukan.narc,508,32,,20356,20553,19264,19461,197,e2028abe9e6abcfdb640639a5eba7ef3de6b412f32c51d6780256b5c94b845e3,10800100005247434efffe0101008001,,Nintendo LZ10,Probable,,True,Nintendo LZ10,Confirmed,True,384,True,384,8e3d29696afaa0cb895d44e91595e62c53d605a7ed688c881d981ac0ae8c6393,NCGR graphics,Confirmed,False,False
/pbr/zukan.narc,/pbr/zukan.narc!/member_00033,0,/pbr/zukan.narc,508,33,,20556,26058,19464,24966,5502,2cb02cb45ed221f490adc06bfd81c3bba8e49d241dc8da871a99da11e027821c,10404000005247434efffe0101004040,,Nintendo LZ10,Probable,,True,Nintendo LZ10,Confirmed,True,16448,True,16448,6543d4763ecc61a2b4be49eea08116e90fd0b19366b196954551dccad9703c48,NCGR graphics,Confirmed,False,False
/pbr/zukan.narc,/pbr/zukan.narc!/member_00034,0,/pbr/zukan.narc,508,34,,26060,30811,24968,29719,4751,89f691050e7d36c8a2b141875fe5a1430134ebb85cf8e1628175882d1c358bff,10403c00005247434efffe010100403c,,Nintendo LZ10,Probable,,True,Nintendo LZ10,Confirmed,True,15424,True,15424,134c9d7e124e53ca9f03e5e16ccf7bebbb6cd087bc80c4e61722010d704ad9bb,NCGR graphics,Confirmed,False,False
/pbr/zukan.narc,/pbr/zukan.narc!/member_00035,0,/pbr/zukan.narc,508,35,,30812,31801,29720,30709,989,5d5d80065ef540e1a1269c3eb241c912d391387c556f7bc23a30bcb445818f03,10401800005247434efffe0101004018,,Nintendo LZ10,Probable,,True,Nintendo LZ10,Confirmed,True,6208,True,6208,afe5a4a699b075e40ce1429afd178fdc5e87e96905c0105190a8f4e7f2577a33,NCGR graphics,Confirmed,False,False
/pbr/zukan.narc,/pbr/zukan.narc!/member_00036,0,/pbr/zukan.narc,508,36,,31804,32042,30712,30950,238,bdf36e312d22fe38011844010f72fb0c098a8108f4d0f937d506af35d325e28b,10400400005247434efffe0101004004,,Nintendo LZ10,Probable,,True,Nintendo LZ10,Confirmed,True,1088,True,1088,c41b44a25da69fb5a776227823cd622b9dddeb0d6523edfc2cca1f8bd3d1997b,NCGR graphics,Confirmed,False,False
/pbr/zukan.narc,/pbr/zukan.narc!/member_00037,0,/pbr/zukan.narc,508,37,,32044,32294,30952,31202,250,bd2a048671c6714f4a9f97501a0871fe932fb6fc3d81e32a8285a18a6f77492d,10240400005243534efffe0001002404,,Nintendo LZ10,Probable,,True,Nintendo LZ10,Confirmed,True,1060,True,1060,7216cc3ba76aa5bc47c0b023641d9d064c1ee01a05a6a62d4e5c5627f6ae6cea,NSCR screen map,Confirmed,False,False
/pbr/zukan.narc,/pbr/zukan.narc!/member_00038,0,/pbr/zukan.narc,508,38,,32296,32541,31204,31449,245,32f0e9965ef83b4133db1733c3d4a28eec4b03f96b841141808d1cd4fcf2c454,10240600005243534efffe0001002406,,Nintendo LZ10,Probable,,True,Nintendo LZ10,Confirmed,True,1572,True,1572,70822ce85c99ba193a2452acb45661c0892304a9243de8b951714daa7d76d754,NSCR screen map,Confirmed,False,False
/pbr/zukan.narc,/pbr/zukan.narc!/member_00039,0,/pbr/zukan.narc,508,39,,32544,32680,31452,31588,136,f05dabe2b7bde130da5e30d4aaf0d56013f4bfba3fee40e0b378e4cf7581ca78,10440100005243534efffe0001004401,,Nintendo LZ10,Probable,,True,Nintendo LZ10,Confirmed,True,324,True,324,f638e28c6ebaf4a16ab5b4b6b75e9c3371bb6dcfbfcf60f7b9fdfc2ca5532e31,NSCR screen map,Confirmed,False,False
/pbr/zukan.narc,/pbr/zukan.narc!/member_00040,0,/pbr/zukan.narc,508,40,,32680,33106,31588,32014,426,d13a8957a488b6bad191efa5ca4b0b69f7cc8dfa508020521940128a89f1ae6d,10240800005243534efffe0001002408,,Nintendo LZ10,Probable,,True,Nintendo LZ10,Confirmed,True,2084,True,2084,1564643afe600a1c43c2901049f5c9d291d5d9fe74682d333ffbaa4759907b4d,NSCR screen map,Confirmed,False,False
/pbr/zukan.narc,/pbr/zukan.narc!/member_00041,0,/pbr/zukan.narc,508,41,,33108,33513,32016,32421,405,0dbe9318c3d62b29d0b9875ec40c490c1c664d7118ac2767fdac244aa0e0cc61,10240600005243534efffe0001002406,,Nintendo LZ10,Probable,,True,Nintendo LZ10,Confirmed,True,1572,True,1572,980a70f45419fd250a987ce4923113674283265e1973c12ad5809c7e8f7a537e,NSCR screen map,Confirmed,False,False
/pbr/zukan.narc,/pbr/zukan.narc!/member_00042,0,/pbr/zukan.narc,508,42,,33516,33945,32424,32853,429,584c04206081db7b17e51608a4edbb7229baffb5a65727d3cef9446487b4f88f,10240800005243534efffe0001002408,,Nintendo LZ10,Probable,,True,Nintendo LZ10,Confirmed,True,2084,True,2084,2b3c9a23d6c9eb0cfe006676bbf075a91d9fea36cc5607f48abe2e2b1ab4081a,NSCR screen map,Confirmed,False,False
/pbr/zukan.narc,/pbr/zukan.narc!/member_00043,0,/pbr/zukan.narc,508,43,,33948,34334,32856,33242,386,67c433916b62e03681087790d580d0a04df1d2e3e02701308a8322832bfbdbcb,10240600005243534efffe0001002406,,Nintendo LZ10,Probable,,True,Nintendo LZ10,Confirmed,True,1572,True,1572,0269b319568faee89534cabbc3f821322b4ed2fb570c1148920b39d2dd496eee,NSCR screen map,Confirmed,False,False
/pbr/zukan.narc,/pbr/zukan.narc!/member_00044,0,/pbr/zukan.narc,508,44,,34336,34434,33244,33342,98,43705dd27526a33625d3c7123aee63bf5ea43f9f7e57876119f18e0a87d6909a,109c0000005243534efffe0001009c00,,Nintendo LZ10,Probable,,True,Nintendo LZ10,Confirmed,True,156,True,156,766ed6084ac6a04e4e5ea306d34eed50ec92dd9996510d403263f47f5b960064,NSCR screen map,Confirmed,False,False
/pbr/zukan.narc,/pbr/zukan.narc!/member_00045,0,/pbr/zukan.narc,508,45,,34436,34545,33344,33453,109,9a5e45f6d3095a9307461476c199ba5cb03f6b3c1685f803679b9f52397033d5,10c40000005243534efffe000100c400,,Nintendo LZ10,Probable,,True,Nintendo LZ10,Confirmed,True,196,True,196,c1b357d72f331d35b3d5a937a672a95ae71556dc5ec1ec573a6f4ed3a581b68e,NSCR screen map,Confirmed,False,False
/pbr/zukan.narc,/pbr/zukan.narc!/member_00046,0,/pbr/zukan.narc,508,46,,34548,34670,33456,33578,122,4b92fb74fe00583706ace116127ddc09e6c3438fd9a9a906e4c4f7a10d82e11f,10140100005243534efffe0001001401,,Nintendo LZ10,Probable,,True,Nintendo LZ10,Confirmed,True,276,True,276,2c01c5f7d519b1de68ec4492b46f0f010efdf26885e3710672a0bcc691bddade,NSCR screen map,Confirmed,False,False
/pbr/zukan.narc,/pbr/zukan.narc!/member_00047,0,/pbr/zukan.narc,508,47,,34672,34795,33580,33703,123,f1c4d2a71de33e25aa37c3ad4aa36b98f508bc6accbba98365fdaf01a5da2305,103c0100005243534efffe0001003c01,,Nintendo LZ10,Probable,,True,Nintendo LZ10,Confirmed,True,316,True,316,871d6f44ef73a14f1311611e8f03bea3ad1f3493f15f3364b10be1554e8e3d89,NSCR screen map,Confirmed,False,False
/pbr/zukan.narc,/pbr/zukan.narc!/member_00048,0,/pbr/zukan.narc,508,48,,34796,34866,33704,33774,70,f955ac92aebd83c0d5ebe676207ff92cadb628ba6c36b83f213ba86b5951b6cf,105c0000005243534efffe0001005c00,,Nintendo LZ10,Probable,,True,Nintendo LZ10,Confirmed,True,92,True,92,2708d210eaa80060022677d6cdf471fde7798b20d5c5288d7447cc4e6bf82f66,NSCR screen map,Confirmed,False,False
/pbr/zukan.narc,/pbr/zukan.narc!/member_00049,0,/pbr/zukan.narc,508,49,,34868,35125,33776,34033,257,8e9f41c5f1c4e3b7bb723be4ecbc039386c7c2aaf6e657ab7b85fde36219ea99,10240600005243534efffe0001002406,,Nintendo LZ10,Probable,,True,Nintendo LZ10,Confirmed,True,1572,True,1572,13d6adfc9e619de5ce3e2c025ccacac2949ec0063a688187d393e6321c9ce60b,NSCR screen map,Confirmed,False,False
/pbr/zukan.narc,/pbr/zukan.narc!/member_00050,0,/pbr/zukan.narc,508,50,,35128,35363,34036,34271,235,a72ec14d1c92e7574fa5ced7c78f327d5c959298535a512ab8929ba800e1038a,10240600005243534efffe0001002406,,Nintendo LZ10,Probable,,True,Nintendo LZ10,Confirmed,True,1572,True,1572,b94f586008b61cb4d64e58790e510ba73bff206621a9b15f4bbc6f9db278570a,NSCR screen map,Confirmed,False,False
/pbr/zukan.narc,/pbr/zukan.narc!/member_00051,0,/pbr/zukan.narc,508,51,,35364,35495,34272,34403,131,94a9152fceb60ab0f60eeff18b59a877401eec0708a294a52110474d99d71f73,10440100005243534efffe0001004401,,Nintendo LZ10,Probable,,True,Nintendo LZ10,Confirmed,True,324,True,324,0a8aaaecf089cd8f5356982e65ba9767993c45ee2628e8002194a2f473edea9e,NSCR screen map,Confirmed,False,False
/pbr/zukan.narc,/pbr/zukan.narc!/member_00052,0,/pbr/zukan.narc,508,52,,35496,35608,34404,34516,112,a63ea58f293de4c82f5956b01a985749364506c7d47830d9246439fc1cca26d6,106c0000005243534efffe0001006c00,,Nintendo LZ10,Probable,,True,Nintendo LZ10,Confirmed,True,108,True,108,fa333df6effcf0e4471b655867f6ef4e8045748a6d5f262e7c0deacd4fe6aa73,NSCR screen map,Confirmed,False,False
/pbr/zukan.narc,/pbr/zukan.narc!/member_00053,0,/pbr/zukan.narc,508,53,,35608,35758,34516,34666,150,015f304e31b10a58e38688b041e526233f354c9007dfb4b19cecf3b2a38e2735,10740100005243534efffe0001007401,,Nintendo LZ10,Probable,,True,Nintendo LZ10,Confirmed,True,372,True,372,61ecb577d91d606f7ceeb1fd4c1aaf53be23951a3a06f9c449f3e16c149f639d,NSCR screen map,Confirmed,False,False
/pbr/zukan.narc,/pbr/zukan.narc!/member_00054,0,/pbr/zukan.narc,508,54,,35760,35934,34668,34842,174,47df08f7fcaa8d357d1b6c4e4bacad0ada82393d402339aae11a32e5cc9fd629,10240200005243534efffe0001002402,,Nintendo LZ10,Probable,,True,Nintendo LZ10,Confirmed,True,548,True,548,598bcfb5b73ec7f32f48a5df8f950dcc59c1f9cc9b6dae16d1413d9624ac94fa,NSCR screen map,Confirmed,False,False
/pbr/zukan.narc,/pbr/zukan.narc!/member_00055,0,/pbr/zukan.narc,508,55,,35936,36073,34844,34981,137,09c971e4feeb509a95f98a08f121d0422f484e9ddd9ed347cb1fae8b04ddcf77,10240200005243534efffe0001002402,,Nintendo LZ10,Probable,,True,Nintendo LZ10,Confirmed,True,548,True,548,82f712727625469b21b97c9974de999a8a07fc28cf672321f0bbc16130e6192f,NSCR screen map,Confirmed,False,False
/pbr/zukan.narc,/pbr/zukan.narc!/member_00056,0,/pbr/zukan.narc,508,56,,36076,36227,34984,35135,151,2edd0ac7072bc9c1298334bf16b2c267612c55de39d33d5bfcdde738ba2e505c,10640100005243534efffe0001006401,,Nintendo LZ10,Probable,,True,Nintendo LZ10,Confirmed,True,356,True,356,14f9e8b6ac3dc70f5541f50629e1dae944bb1d1f5ee7a1a7930fda2c6c9f9ac9,NSCR screen map,Confirmed,False,False
/pbr/zukan.narc,/pbr/zukan.narc!/member_00057,0,/pbr/zukan.narc,508,57,,36228,36471,35136,35379,243,2d8161931585aed8fe5c0f93f9269ac208447f3d4e62f6ec23197ef15eca4089,10240600005243534efffe0001002406,,Nintendo LZ10,Probable,,True,Nintendo LZ10,Confirmed,True,1572,True,1572,4863640fe74da3a55d68ab51ac04fd511062b85cb6dccaf1153cc154af403b3b,NSCR screen map,Confirmed,False,False
/pbr/zukan.narc,/pbr/zukan.narc!/member_00058,0,/pbr/zukan.narc,508,58,,36472,36781,35380,35689,309,1ae0828d7ab66e87a611d62cd5649f34b282591ecb961674b0f265c8ae770098,10240600005243534efffe0001002406,,Nintendo LZ10,Probable,,True,Nintendo LZ10,Confirmed,True,1572,True,1572,444446e5d8810650fe8cef62bf46bedb3073adadec457396b68c682c71015949,NSCR screen map,Confirmed,False,False
/pbr/zukan.narc,/pbr/zukan.narc!/member_00059,0,/pbr/zukan.narc,508,59,,36784,37012,35692,35920,228,243a706dfa245466816270b582b52a812043a1bf12626f31d269817be2eade2f,10240600005243534efffe0001002406,,Nintendo LZ10,Probable,,True,Nintendo LZ10,Confirmed,True,1572,True,1572,fbd8508e056e84eabc6984da96bba0ab23b14707801271f61ce4dd9299048e94,NSCR screen map,Confirmed,False,False
/pbr/zukan.narc,/pbr/zukan.narc!/member_00060,0,/pbr/zukan.narc,508,60,,37012,37124,35920,36032,112,979af873e10e9ea717baf2dbf0b4ed01c5b74145f45067db8ca19231296e4453,10ec0000005243534efffe000100ec00,,Nintendo LZ10,Probable,,True,Nintendo LZ10,Confirmed,True,236,True,236,6ed29d3bef73e3c74afab70f6a1ea653b379fd09b2204f3fc0f5dab3a9b6bcd1,NSCR screen map,Confirmed,False,False
/pbr/zukan.narc,/pbr/zukan.narc!/member_00061,0,/pbr/zukan.narc,508,61,,37124,37468,36032,36376,344,e73bd7fef263baf27465237996d8e81cdf89a55106d1cfbb11c921b1b32f3400,10240600005243534efffe0001002406,,Nintendo LZ10,Probable,,True,Nintendo LZ10,Confirmed,True,1572,True,1572,33eef254fee1d213bef398e498bcec7a1cd829408f7da3c30d6725f80a60c3de,NSCR screen map,Confirmed,False,False
/pbr/zukan.narc,/pbr/zukan.narc!/member_00062,0,/pbr/zukan.narc,508,62,,37468,37699,36376,36607,231,aa0a11306208862fb05dceb8e79fd9825f2adec10009d6099f34de544f04f6f6,10240600005243534efffe0001002406,,Nintendo LZ10,Probable,,True,Nintendo LZ10,Confirmed,True,1572,True,1572,950bb022fdc81f9bbc43d2106b6a080adb723fe643cd70ebff50176500e2d6c5,NSCR screen map,Confirmed,False,False
/pbr/zukan.narc,/pbr/zukan.narc!/member_00063,0,/pbr/zukan.narc,508,63,,37700,37812,36608,36720,112,8ec56c61bb36ea17c6b713a2ec226b35989c1d923bb508f78b4813a49663b764,10ec0000005243534efffe000100ec00,,Nintendo LZ10,Probable,,True,Nintendo LZ10,Confirmed,True,236,True,236,f87d2483501d6adf64b9c9fd36a1d5e6a9a19f131cc59911d0fce9557ac1bf0c,NSCR screen map,Confirmed,False,False
/pbr/zukan.narc,/pbr/zukan.narc!/member_00064,0,/pbr/zukan.narc,508,64,,37812,38717,36720,37625,905,c206a743c345b5676c63c19152d8a0802c685a8c1adccd5333f0a5a3073cb4f5,10240600005243534efffe0001002406,,Nintendo LZ10,Probable,,True,Nintendo LZ10,Confirmed,True,1572,True,1572,d32a98364412ab557d635485ca31bba6f74c752a953467b3e27a35aa9ad96336,NSCR screen map,Confirmed,False,False
/pbr/zukan.narc,/pbr/zukan.narc!/member_00065,0,/pbr/zukan.narc,508,65,,38720,38767,37628,37675,47,23e3c8cc7324d97013784b4945c6740c033be89ac5fafb79971a9b36e2d8dd68,102c0000005243534efffe0001002c00,,Nintendo LZ10,Probable,,True,Nintendo LZ10,Confirmed,True,44,True,44,b3620ba66a1ac507aa730dfce315918da5d6d5a5792989946ef186ee76a4a837,NSCR screen map,Confirmed,False,False
/pbr/zukan.narc,/pbr/zukan.narc!/member_00066,0,/pbr/zukan.narc,508,66,,38768,38840,37676,37748,72,b0d8c28fb47ffad816d71ea9b143fd31570febef67c3febc2fd1946c00fd65c5,10500000005243534efffe0001005000,,Nintendo LZ10,Probable,,True,Nintendo LZ10,Confirmed,True,80,True,80,20c4976b95417d82edc4ea47e68fbfacb10713af7976b91d0f43562befd2039b,NSCR screen map,Confirmed,False,False
/pbr/zukan.narc,/pbr/zukan.narc!/member_00067,0,/pbr/zukan.narc,508,67,,38840,38887,37748,37795,47,94e5db46eca9cdcad66fccb2c702ba8506d0dc51f4307517014958634dc3b692,102c0000005243534efffe0001002c00,,Nintendo LZ10,Probable,,True,Nintendo LZ10,Confirmed,True,44,True,44,28ade279fe5aae1b1c2a1e1f90024dd0696fdf2d79a03bd7933d6d05fd607655,NSCR screen map,Confirmed,False,False
/pbr/zukan.narc,/pbr/zukan.narc!/member_00068,0,/pbr/zukan.narc,508,68,,38888,38939,37796,37847,51,9f2875745552322b42041a47f12756f43db878b9f963dd5a9ea982949c51db79,10300000005243534efffe0001003000,,Nintendo LZ10,Probable,,True,Nintendo LZ10,Confirmed,True,48,True,48,446028683b20fd0359aca1850249433b72b46ac4fc8fcd346615ca55fa6c84f6,NSCR screen map,Confirmed,False,False
/pbr/zukan.narc,/pbr/zukan.narc!/member_00069,0,/pbr/zukan.narc,508,69,,38940,39492,37848,38400,552,4cb3041eb80e5327de20fdb070bd8ddba137b13b37314074e7c20f9abbeb60b5,10240600005243534efffe0001002406,,Nintendo LZ10,Probable,,True,Nintendo LZ10,Confirmed,True,1572,True,1572,89ae982662c0f71f61d95bb72ceafc83294da4eacd0dfaa1db952d1b309f28ac,NSCR screen map,Confirmed,False,False
/pbr/zukan.narc,/pbr/zukan.narc!/member_00070,0,/pbr/zukan.narc,508,70,,39492,39759,38400,38667,267,855f0e7a52813344b4fce7972caa3579923092c6543265f0107a2c4dff918641,10240600005243534efffe0001002406,,Nintendo LZ10,Probable,,True,Nintendo LZ10,Confirmed,True,1572,True,1572,a6a61cd18e815b00d4c2cdba2bc1e9f6917a4c8bad48d07942f3fede69d62f76,NSCR screen map,Confirmed,False,False
/pbr/zukan.narc,/pbr/zukan.narc!/member_00071,0,/pbr/zukan.narc,508,71,,39760,40776,38668,39684,1016,a9d09341eb98b8bf4a92b058d3d3f5c2164aa7cf1d07c1a39848fe6823065f9a,10240600005243534efffe0001002406,,Nintendo LZ10,Probable,,True,Nintendo LZ10,Confirmed,True,1572,True,1572,9e9e7925d05d834732cc1c91093e825d65ff716e201e0a0972d7aa774f946faf,NSCR screen map,Confirmed,False,False
/pbr/zukan.narc,/pbr/zukan.narc!/member_00072,0,/pbr/zukan.narc,508,72,,40776,41082,39684,39990,306,75111be2f6ade8e8e1ce327b80842d1b5b71c179aa6c22c3546ea4d79624d595,10240400005243534efffe0001002404,,Nintendo LZ10,Probable,,True,Nintendo LZ10,Confirmed,True,1060,True,1060,c62b6faa405da5fc62bce90ea7092b111497bcd40f7624b47591c91f922f6d9b,NSCR screen map,Confirmed,False,False
/pbr/zukan.narc,/pbr/zukan.narc!/member_00073,0,/pbr/zukan.narc,508,73,,41084,41425,39992,40333,341,73cc1f82a10b5a8aff99cb5af8c79099947faa576d17a3eba9cd7469edf63d6c,10240600005243534efffe0001002406,,Nintendo LZ10,Probable,,True,Nintendo LZ10,Confirmed,True,1572,True,1572,5ed6a295cc1f6fc7785c0bd0aa1c862da375ae85acb8b2316360ecf11066bce7,NSCR screen map,Confirmed,False,False
/pbr/zukan.narc,/pbr/zukan.narc!/member_00074,0,/pbr/zukan.narc,508,74,,41428,41769,40336,40677,341,48d7f162e17a1afe06101179adc56b015ee02e3e2584f976f83f17ae1b6eabbe,10240600005243534efffe0001002406,,Nintendo LZ10,Probable,,True,Nintendo LZ10,Confirmed,True,1572,True,1572,fddae3dbbbfae76af2aaf06d0a05d1a2873e2d8f27590e7607f8098c6e1a56f4,NSCR screen map,Confirmed,False,False
/pbr/zukan.narc,/pbr/zukan.narc!/member_00075,0,/pbr/zukan.narc,508,75,,41772,42021,40680,40929,249,8298602ceaa769da3e32ece0f1203ac78dd4e0b7ce466ea2effe9a834768baba,10240600005243534efffe0001002406,,Nintendo LZ10,Probable,,True,Nintendo LZ10,Confirmed,True,1572,True,1572,749745c77d92f45a86e9c17d17c25b236b5da00183e8189d0d7cacf4db37f865,NSCR screen map,Confirmed,False,False
/pbr/zukan.narc,/pbr/zukan.narc!/member_00076,0,/pbr/zukan.narc,508,76,,42024,42153,40932,41061,129,4e5cbdfbd23050121362e5d9f77bb370788b2b3f92204a2bd353b162a3353d97,10960000005245434efffe0001009600,,Nintendo LZ10,Probable,,True,Nintendo LZ10,Confirmed,True,150,True,150,fda9eb3b8298dd9d0320e30df1f4375c73eb97d91a4a3e5a7dcea45d0a736bb0,NCER cell,Confirmed,False,False
/pbr/zukan.narc,/pbr/zukan.narc!/member_00077,0,/pbr/zukan.narc,508,77,,42156,42262,41064,41170,106,2fa2b6879a2b1dbaacea2a10eb0bd10f135fe4f124abcb651b02ebff15456908,109a000000524e414efffe0001009a00,,Nintendo LZ10,Probable,,True,Nintendo LZ10,Confirmed,True,154,True,154,2db7fb78dd747f600d608eae538a07457399a8d7d5d878debe6439464a1d543f,NANR animation,Confirmed,False,False
/pbr/zukan.narc,/pbr/zukan.narc!/member_00078,0,/pbr/zukan.narc,508,78,,42264,42780,41172,41688,516,f48ef4ec5f61250df6293d4aec91abaaac410426998913f50d9225174136d978,10300a00005247434efffe010100300a,,Nintendo LZ10,Probable,,True,Nintendo LZ10,Confirmed,True,2608,True,2608,4523bd255f9839a817c3063b4197cc7078e60e6c867eadb52b77956ce304fe2c,NCGR graphics,Confirmed,False,False
/pbr/zukan.narc,/pbr/zukan.narc!/member_00079,0,/pbr/zukan.narc,508,79,,42780,43150,41688,42058,370,7389fc6c43b653d7f9ae7137f087567e5e9a3ef9884655f43cc7ad64d1cef4e9,10ee0200005245434efffe000100ee02,,Nintendo LZ10,Probable,,True,Nintendo LZ10,Confirmed,True,750,True,750,ab3f37902b094763515ab048a001edbddb7535434ca2f5e12dc49c33b7e0659b,NCER cell,Confirmed,False,False
/pbr/zukan.narc,/pbr/zukan.narc!/member_00080,0,/pbr/zukan.narc,508,80,,43152,43527,42060,42435,375,972ad5334678bb680c6d57e1d01c2b3df0424c38349e0b6974995668fc10f72f,1052030000524e414efffe0001005203,,Nintendo LZ10,Probable,,True,Nintendo LZ10,Confirmed,True,850,True,850,c1b5e5893d6921bdaa22f8b85e7fe7dbb8280cd20f6dc3a9174eb346273c774b,NANR animation,Confirmed,False,False
/pbr/zukan.narc,/pbr/zukan.narc!/member_00081,0,/pbr/zukan.narc,508,81,,43528,45835,42436,44743,2307,e7b4a8508d423470d18c5ad69827536d16c87b6931bf5bd22cce6698c9ffe3c2,10b02e00005247434efffe010100b02e,,Nintendo LZ10,Probable,,True,Nintendo LZ10,Confirmed,True,11952,True,11952,8362ca13ad7cc226e751548be21fc4bc2fd6a48f65ab4241e250371c8f4f71d4,NCGR graphics,Confirmed,False,False
/pbr/zukan.narc,/pbr/zukan.narc!/member_00082,0,/pbr/zukan.narc,508,82,,45836,46678,44744,45586,842,c3ae2fb677541e533483409c4ee4dbf04727428fe44775512c8df9ea7cdcdcd9,105e0600005245434efffe0001005e06,,Nintendo LZ10,Probable,,True,Nintendo LZ10,Confirmed,True,1630,True,1630,806c5a2cf48d05f94c1e645ee707687c4c6605e15bdf1c5ba65655641404ddc7,NCER cell,Confirmed,False,False
/pbr/zukan.narc,/pbr/zukan.narc!/member_00083,0,/pbr/zukan.narc,508,83,,46680,46933,45588,45841,253,12f27507d282f986af6536e62e6a6c3d7614e62ddd2fc4c1ffe901496f9e3dd9,10d2010000524e414efffe000100d201,,Nintendo LZ10,Probable,,True,Nintendo LZ10,Confirmed,True,466,True,466,5ac219ed0252630985c4bfcccd8a68bdcbdfaaa445bdd9554142cdfa862f9d66,NANR animation,Confirmed,False,False
/pbr/zukan.narc,/pbr/zukan.narc!/member_00084,0,/pbr/zukan.narc,508,84,,46936,49097,45844,48005,2161,cd7fa58008b34d25735ee84de3fef5c6659410add299356126ea4d60b0acaec3,10b02500005247434efffe010100b025,,Nintendo LZ10,Probable,,True,Nintendo LZ10,Confirmed,True,9648,True,9648,4c2a07166a36271eaf937ad9aadefa2cac7292d70e96e2f87f56eb1c5b0f9148,NCGR graphics,Confirmed,False,False
/pbr/zukan.narc,/pbr/zukan.narc!/member_00085,0,/pbr/zukan.narc,508,85,,49100,49192,48008,48100,92,86936947c9acaf7320b2590ee8f802fdac9a875b4c2753d56ff73e0d7635e292,106c0000005245434efffe0001006c00,,Nintendo LZ10,Probable,,True,Nintendo LZ10,Confirmed,True,108,True,108,2db8c429cbafa8cb7333937c088cb7eaec4499f038cbc5c2cfc141a1afbca75e,NCER cell,Confirmed,False,False
/pbr/zukan.narc,/pbr/zukan.narc!/member_00086,0,/pbr/zukan.narc,508,86,,49192,49283,48100,48191,91,d46c281a121beba08a2a731e7ad06d001fe6b9bf00cfb35b1250b6dde02d531f,1070000000524e414efffe0001007000,,Nintendo LZ10,Probable,,True,Nintendo LZ10,Confirmed,True,112,True,112,f75f89e4840358d32cad95a877b9f97eb4674eaace3c8aabb5073d988ba4f7e3,NANR animation,Confirmed,False,False
/pbr/zukan.narc,/pbr/zukan.narc!/member_00087,0,/pbr/zukan.narc,508,87,,49284,49384,48192,48292,100,684d45e34f361d778fd5d09533854ee258d568335ad68fc0dce54104d371861c,10b00000005247434efffe010100b000,,Nintendo LZ10,Probable,,True,Nintendo LZ10,Confirmed,True,176,True,176,e770976de0d85b19a5bd100792f8f200745a33d3b5dea9439e273f53c031177e,NCGR graphics,Confirmed,False,False
/pbr/zukan.narc,/pbr/zukan.narc!/member_00088,0,/pbr/zukan.narc,508,88,,49384,49820,48292,48728,436,9ed58c1e73201428df1ecf284a44fcaf60398c2737ab08650322b4533bfcf4ac,106a0300005245434efffe0001006a03,,Nintendo LZ10,Probable,,True,Nintendo LZ10,Confirmed,True,874,True,874,b813c06c160aefe527acee667f07247f543f5f8dab56dd49d4c2e8fc5f9cc891,NCER cell,Confirmed,False,False
/pbr/zukan.narc,/pbr/zukan.narc!/member_00089,0,/pbr/zukan.narc,508,89,,49820,50195,48728,49103,375,f99ca70bb2829392ea187898878caed7b2ca42146508b020b32fa83190a83390,1052030000524e414efffe0001005203,,Nintendo LZ10,Probable,,True,Nintendo LZ10,Confirmed,True,850,True,850,06fcf4eb4eebfea4c80eb10add5f0f58252d856e064c38cb210218f8ba177411,NANR animation,Confirmed,False,False
/pbr/zukan.narc,/pbr/zukan.narc!/member_00090,0,/pbr/zukan.narc,508,90,,50196,52503,49104,51411,2307,754ab0f12e082777be84dd2892992de98b1de25077dd2b9c886c8638373ed0d6,10b02300005247434efffe010100b023,,Nintendo LZ10,Probable,,True,Nintendo LZ10,Confirmed,True,9136,True,9136,1eafbce8ce94823a7f783acee0dffb292cae269bee7ca2f4769d4a65053db3d9,NCGR graphics,Confirmed,False,False
/pbr/zukan.narc,/pbr/zukan.narc!/member_00091,0,/pbr/zukan.narc,508,91,,52504,52753,51412,51661,249,fc45ca069b8c1ddb476fc6bcc1ac0385896a4a1a11d1a0a58978801accac339b,10680100005245434efffe0001006801,,Nintendo LZ10,Probable,,True,Nintendo LZ10,Confirmed,True,360,True,360,a9b6b88cc38fabc2da4bda776956df50682bf0977b1f086c416f3578dc1b9300,NCER cell,Confirmed,False,False
/pbr/zukan.narc,/pbr/zukan.narc!/member_00092,0,/pbr/zukan.narc,508,92,,52756,52947,51664,51855,191,d781d4d3ac30e6062d6934e370b514e9d8590a48a15844197303dcd3c24480e6,1078010000524e414efffe0001007801,,Nintendo LZ10,Probable,,True,Nintendo LZ10,Confirmed,True,376,True,376,a6e041953b8246ae7aee1c5216b7eecc19a74fd95b5432aca2b47324cf16b79c,NANR animation,Confirmed,False,False
/pbr/zukan.narc,/pbr/zukan.narc!/member_00093,0,/pbr/zukan.narc,508,93,,52948,54850,51856,53758,1902,030a0a2b96eee87a2ffb8468854b2f275f201a79f06ed25dfb14cb116e720526,10b02300005247434efffe010100b023,,Nintendo LZ10,Probable,,True,Nintendo LZ10,Confirmed,True,9136,True,9136,a5569772174716c5108f377ccc3c85f0eaf7e99086ae8dd419549d4825e62e74,NCGR graphics,Confirmed,False,False
/pbr/zukan.narc,/pbr/zukan.narc!/member_00094,0,/pbr/zukan.narc,508,94,,54852,55206,53760,54114,354,173a64cefd3d566f367d90b5678cbfceeb876a2640bbeca10127a8740750de1d,10ce0300005245434efffe000100ce03,,Nintendo LZ10,Probable,,True,Nintendo LZ10,Confirmed,True,974,True,974,b996f32d907e2aeaf28585381084edd5ce8c4870604fdd23b8c64898c1eba5bb,NCER cell,Confirmed,False,False
/pbr/zukan.narc,/pbr/zukan.narc!/member_00095,0,/pbr/zukan.narc,508,95,,55208,55471,54116,54379,263,41e001629bf5b7a8a1573038d22f0f6334e915c0536a7260a16bd43dcff98cf5,10ee010000524e414efffe000100ee01,,Nintendo LZ10,Probable,,True,Nintendo LZ10,Confirmed,True,494,True,494,8aa2e01c923752e5f20f05a4b19dc2e3f1561fcd417e6dc9e2a0f61678a61128,NANR animation,Confirmed,False,False
/pbr/zukan.narc,/pbr/zukan.narc!/member_00096,0,/pbr/zukan.narc,508,96,,55472,56404,54380,55312,932,9dc38b0c1a02fe37462b34e107b7a1d4649f83647226d2f879a0fc619ac0662a,10300b00005247434efffe010100300b,,Nintendo LZ10,Probable,,True,Nintendo LZ10,Confirmed,True,2864,True,2864,f7c9dd8ee919198e8773199e3cb3cd11d230f9efea1f45f4598743883951d472,NCGR graphics,Confirmed,False,False
/pbr/zukan.narc,/pbr/zukan.narc!/member_00097,0,/pbr/zukan.narc,508,97,,56404,56741,55312,55649,337,92b4a65e94c126d138b3ac243d97f06abfefe32f81a02082232a26da82753d9c,101a0300005245434efffe0001001a03,,Nintendo LZ10,Probable,,True,Nintendo LZ10,Confirmed,True,794,True,794,2dbeff413beb0721c556f79aa80edd3a34e4fe4a1de45cbd1e725ead084929df,NCER cell,Confirmed,False,False
/pbr/zukan.narc,/pbr/zukan.narc!/member_00098,0,/pbr/zukan.narc,508,98,,56744,57146,55652,56054,402,0ef784b4d727b59768df23f9dc3c42b3032983e0668d596ba1179a8c06c33ca1,1062030000524e414efffe0001006203,,Nintendo LZ10,Probable,,True,Nintendo LZ10,Confirmed,True,866,True,866,19a3bed2d22a05d6991c3129db2d533be71f4f902aa8f8292f8df10dbebbbec7,NANR animation,Confirmed,False,False
/pbr/zukan.narc,/pbr/zukan.narc!/member_00099,0,/pbr/zukan.narc,508,99,,57148,57751,56056,56659,603,557fd476c6ba465faae12e5f8e83d4fbe5f39a1721eea5405f972d2b063b5122,10b00900005247434efffe010100b009,,Nintendo LZ10,Probable,,True,Nintendo LZ10,Confirmed,True,2480,True,2480,e66fbce584d2d8824ae0a6f9d6e9fae36c0934c9113720726287f8170197d87f,NCGR graphics,Confirmed,False,False
/pbr/zukan.narc,/pbr/zukan.narc!/member_00100,0,/pbr/zukan.narc,508,100,,57752,58153,56660,57061,401,52304c48de5f89df041a322f1df50aaa323fc25dcd624e3866887fc59f4175a8,10550200005245434efffe0001005502,,Nintendo LZ10,Probable,,True,Nintendo LZ10,Confirmed,True,597,True,597,2a3d8926b2e56ed99472f6b07b38f23c9d49c48a75d78a8e177cb73f603d5880,NCER cell,Confirmed,False,False
/pbr/zukan.narc,/pbr/zukan.narc!/member_00101,0,/pbr/zukan.narc,508,101,,58156,58320,57064,57228,164,539584320580b05a1f6c9f95587e3753ea88bda160aa89320da1fab7121f787b,1019010000524e414efffe0001001901,,Nintendo LZ10,Probable,,True,Nintendo LZ10,Confirmed,True,281,True,281,e22c27148e58575c5afd86b316c6b2de319c8f531b82b525342cef7455964d6a,NANR animation,Confirmed,False,False
/pbr/zukan.narc,/pbr/zukan.narc!/member_00102,0,/pbr/zukan.narc,508,102,,58320,59461,57228,58369,1141,686a2a7f89ec6df57bc629f52dc024a591e549d95a0cae657c54ef2213663110,10302000005247434efffe0101003020,,Nintendo LZ10,Probable,,True,Nintendo LZ10,Confirmed,True,8240,True,8240,df93c7288efff85f21228a0cfd6ae987486661c4d0d5182387ea4d5cab7e46f1,NCGR graphics,Confirmed,False,False
/pbr/zukan.narc,/pbr/zukan.narc!/member_00103,0,/pbr/zukan.narc,508,103,,59464,59586,58372,58494,122,a7068b9d452e7672aec1795ab00f63d7cbc791efa3975f1d24daa52ccf8dc615,10b50000005245434efffe000100b500,,Nintendo LZ10,Probable,,True,Nintendo LZ10,Confirmed,True,181,True,181,920bc92724bfc9368d0bf2fb8ceac4eb503ef508c23c3ae38936382ec7f7d481,NCER cell,Confirmed,False,False
/pbr/zukan.narc,/pbr/zukan.narc!/member_00104,0,/pbr/zukan.narc,508,104,,59588,59711,58496,58619,123,01366887d45214da73baa9d7965b8e556ae0e907e989c021a387aaf015a60684,10c5000000524e414efffe000100c500,,Nintendo LZ10,Probable,,True,Nintendo LZ10,Confirmed,True,197,True,197,ed5ce074ce5202c2cc7d4dc9bdd0bb36b9a4a732e0579868616ef1b2fdfc5c23,NANR animation,Confirmed,False,False
/pbr/zukan.narc,/pbr/zukan.narc!/member_00105,0,/pbr/zukan.narc,508,105,,59712,61479,58620,60387,1767,10bcdb1c2bc458ba4ae833c22475e6dae389afee1ab7a36a0ca420c27ca2e630,10301800005247434efffe0101003018,,Nintendo LZ10,Probable,,True,Nintendo LZ10,Confirmed,True,6192,True,6192,e6e5add3f7d2874d362cad712a64908faa855e2a6974e2af8593350f01113081,NCGR graphics,Confirmed,False,False
/pbr/zukan.narc,/pbr/zukan.narc!/member_00106,0,/pbr/zukan.narc,508,106,,61480,61692,60388,60600,212,3c4f430e352ccb8b7f87f7de19c873bccea45c87d1f67eef27ebc53a23778b52,103a0100005245434efffe0001003a01,,Nintendo LZ10,Probable,,True,Nintendo LZ10,Confirmed,True,314,True,314,221f6649851a25273273804bd04153303e211ebe0550a6701255ff4745dcd498,NCER cell,Confirmed,False,False
/pbr/zukan.narc,/pbr/zukan.narc!/member_00107,0,/pbr/zukan.narc,508,107,,61692,61869,60600,60777,177,18148007586a0ef135b41343f980d8ca6ef8b647e9ce69519aca5b8780d1b010,1046010000524e414efffe0001004601,,Nintendo LZ10,Probable,,True,Nintendo LZ10,Confirmed,True,326,True,326,42e7128518b34422cfcc5f730fb0ec43e7b1e7a6ae8ba9f1acd666388c5af05e,NANR animation,Confirmed,False,False
/pbr/zukan.narc,/pbr/zukan.narc!/member_00108,0,/pbr/zukan.narc,508,108,,61872,62054,60780,60962,182,22484e489849e358708ea69f5c2632563ab7d031bfe53edc0c60ab3014b56f05,10300300005247434efffe0101003003,,Nintendo LZ10,Probable,,True,Nintendo LZ10,Confirmed,True,816,True,816,95f8540f5c19d17d47d634a12cbcf8f99fa0803d70d200283c43e8ccbf3b42f6,NCGR graphics,Confirmed,False,False
/pbr/zukan.narc,/pbr/zukan.narc!/member_00109,0,/pbr/zukan.narc,508,109,,62056,62148,60964,61056,92,8c008a2a85b19447f52732d83345aa5399d26e3bf4f0af6e7ea89155b29da371,106b0000005245434efffe0001006b00,,Nintendo LZ10,Probable,,True,Nintendo LZ10,Confirmed,True,107,True,107,28e8f84b990c02ece56e7a99f1ca539c54a255d27a3505bd4f5e8971a5b1fa9f,NCER cell,Confirmed,False,False
/pbr/zukan.narc,/pbr/zukan.narc!/member_00110,0,/pbr/zukan.narc,508,110,,62148,62237,61056,61145,89,a0b2f2d152c11df428055b6857537241ba3f6eb3d577800c235d80e407b8452e,106f000000524e414efffe0001006f00,,Nintendo LZ10,Probable,,True,Nintendo LZ10,Confirmed,True,111,True,111,30249884bd91f10bc9d4e13e7b1495f09991b6f488405a0cdbb61cfb402d10ca,NANR animation,Confirmed,False,False
/pbr/zukan.narc,/pbr/zukan.narc!/member_00111,0,/pbr/zukan.narc,508,111,,62240,62938,61148,61846,698,f323a6c6ac4476bb5e60e46cf8383f080213d4e6a7d94e71bf61d80c2a48a71b,10300800005247434efffe0101003008,,Nintendo LZ10,Probable,,True,Nintendo LZ10,Confirmed,True,2096,True,2096,7aebfaffda6111ece12382cadd4b6bc8d10a3a374886057fea8be9708b5465b4,NCGR graphics,Confirmed,False,False
/pbr/zukan.narc,/pbr/zukan.narc!/member_00112,0,/pbr/zukan.narc,508,112,,62940,63265,61848,62173,325,842cbdb57cd215a61771a8ad48a0d03507622dc982acdaa94f0fdab72a510f83,10a8020000524e414efffe000100a802,,Nintendo LZ10,Probable,,True,Nintendo LZ10,Confirmed,True,680,True,680,e1ed8ab66c51a5744d11d4861cd1a594ea1259d3a24fedd7ffece232010cae5e,NANR animation,Confirmed,False,False
/pbr/zukan.narc,/pbr/zukan.narc!/member_00113,0,/pbr/zukan.narc,508,113,,63268,65845,62176,64753,2577,6e43077d3822460d90828b0ecb689a7c3e906e35c8710e8516fb9a85b7d9affa,10301f00005247434efffe010100301f,,Nintendo LZ10,Probable,,True,Nintendo LZ10,Confirmed,True,7984,True,7984,e7a985b26f5ddc806ba26ff1e6ae531bcce40648301803460f757f53cc1583dc,NCGR graphics,Confirmed,False,False
/pbr/zukan.narc,/pbr/zukan.narc!/member_00114,0,/pbr/zukan.narc,508,114,,65848,66246,64756,65154,398,10f73a83f45f6ab78c32e27a8b939d0088f60d8f64062d523ee7eb54f7744733,10dc0200005245434efffe000100dc02,,Nintendo LZ10,Probable,,True,Nintendo LZ10,Confirmed,True,732,True,732,eaa575b4805c89373dba43108fc061e87c44b838988ea5537e36f897607d9664,NCER cell,Confirmed,False,False
/pbr/zukan.narc,/pbr/zukan.narc!/member_00115,0,/pbr/zukan.narc,508,115,,66248,66354,65156,65262,106,dfd319f9b3fb0f63060774087984216ccc8fb2bb7249e15bb21de07e944cf63f,109a000000524e414efffe0001009a00,,Nintendo LZ10,Probable,,True,Nintendo LZ10,Confirmed,True,154,True,154,49d7bb5f6af6acbdf42fc87d1d8147207d9cf67c7b687408b3452b389bb40bcb,NANR animation,Confirmed,False,False
/pbr/zukan.narc,/pbr/zukan.narc!/member_00116,0,/pbr/zukan.narc,508,116,,66356,66466,65264,65374,110,dd15c296439b15637ef1edda40c345da5c328ca248968fc93c58c30a37278b8d,10300100005247434efffe0101003001,,Nintendo LZ10,Probable,,True,Nintendo LZ10,Confirmed,True,304,True,304,8edaac41d29f4c5aee8865074047b5f4f0e9ae94ca95bd50a4294a3cd338e6fd,NCGR graphics,Confirmed,False,False
/pbr/zukan.narc,/pbr/zukan.narc!/member_00117,0,/pbr/zukan.narc,508,117,,66468,66562,65376,65470,94,a7276a4b959eb10e2f4d2947519b5f17c2140caaff218ff04477d092cf00afc1,108e0000005245434efffe0001008e00,,Nintendo LZ10,Probable,,True,Nintendo LZ10,Confirmed,True,142,True,142,958e79557d59bd8ad873fa3b4bd011423535ff9b614eb6079f38ad69676e63df,NCER cell,Confirmed,False,False
/pbr/zukan.narc,/pbr/zukan.narc!/member_00118,0,/pbr/zukan.narc,508,118,,66564,66783,65472,65691,219,bc9e8be50832533c7776efebd37a151377aedf342e5855d568acec5f9681135f,10a0010000524e414efffe000100a001,,Nintendo LZ10,Probable,,True,Nintendo LZ10,Confirmed,True,416,True,416,921355637995a8c99f2472839d2ceff2f1fe3c067fe0f1b92f454dfb329b5c5a,NANR animation,Confirmed,False,False
/pbr/zukan.narc,/pbr/zukan.narc!/member_00119,0,/pbr/zukan.narc,508,119,,66784,66875,65692,65783,91,7612f9a945ad3054f148c590626a83009601177f3344108a83dfb77f80664d28,10b00000005247434efffe010100b000,,Nintendo LZ10,Probable,,True,Nintendo LZ10,Confirmed,True,176,True,176,9c056c84f296c6d9ffe77138a72de5a1abf11265e2cfba559fa5956f9590b62f,NCGR graphics,Confirmed,False,False
/pbr/zukan.narc,/pbr/zukan.narc!/member_00120,0,/pbr/zukan.narc,508,120,,66876,67013,65784,65921,137,bbdab1de92e7e702fb8733e3aa25ffe369d66f1daf62995a5e771842ab398fbf,10d80000005245434efffe000100d800,,Nintendo LZ10,Probable,,True,Nintendo LZ10,Confirmed,True,216,True,216,775b42bd7a268f1dff6a78ed6094ef1bc6ef975bfbd34088d439d6da5e8bf959,NCER cell,Confirmed,False,False
/pbr/zukan.narc,/pbr/zukan.narc!/member_00121,0,/pbr/zukan.narc,508,121,,67016,67164,65924,66072,148,2ed11f09e3cc7337e8f9e1f404ffd3282ae1c272d00375977d3bf457b82c2abe,10f1000000524e414efffe000100f100,,Nintendo LZ10,Probable,,True,Nintendo LZ10,Confirmed,True,241,True,241,10eb3e53bd25c0cd6b7294a0c895da6a9d56c12219e2faba476d40c44bb4e596,NANR animation,Confirmed,False,False
/pbr/zukan.narc,/pbr/zukan.narc!/member_00122,0,/pbr/zukan.narc,508,122,,67164,69048,66072,67956,1884,1e1eeb31ce58291b929a10e5b88a88d6b7ea49762870827530ac976095b2de62,10b03200005247434efffe010100b032,,Nintendo LZ10,Probable,,True,Nintendo LZ10,Confirmed,True,12976,True,12976,81415c452c033044304b523d84f90be1161a557691b427233cc05aa72efb75f5,NCGR graphics,Confirmed,False,False
/pbr/zukan.narc,/pbr/zukan.narc!/member_00123,0,/pbr/zukan.narc,508,123,,69048,69320,67956,68228,272,9f6b9b3110c8e97f131e92599a0c6817815e4625061878a7c18c1a5fa74dfc25,105d0100005245434efffe0001005d01,,Nintendo LZ10,Probable,,True,Nintendo LZ10,Confirmed,True,349,True,349,96ef9c1cae3ddd04c85e043dc4871db54aa353a47fbffa078ac3c6f77686a378,NCER cell,Confirmed,False,False
/pbr/zukan.narc,/pbr/zukan.narc!/member_00124,0,/pbr/zukan.narc,508,124,,69320,69605,68228,68513,285,50dd65879d7e6aa2626b2369c2327a5cf97600fb6c78533be74c5ff860691792,1033020000524e414efffe0001003302,,Nintendo LZ10,Probable,,True,Nintendo LZ10,Confirmed,True,563,True,563,542f78d9878edf37ec97393381c07d9c8e2b6532f2472ecb7886ea546865278f,NANR animation,Confirmed,False,False
/pbr/zukan.narc,/pbr/zukan.narc!/member_00125,0,/pbr/zukan.narc,508,125,,69608,70604,68516,69512,996,66f534294ba910deedf95990ea8686cc820a3528b9ff6899d5dc6f2569198ab7,10301300005247434efffe0101003013,,Nintendo LZ10,Probable,,True,Nintendo LZ10,Confirmed,True,4912,True,4912,b716c175a2c021ba6dc4d3d63f0926e634078d8978660a4c7b5c8ecface4cd7a,NCGR graphics,Confirmed,False,False
/pbr/zukan.narc,/pbr/zukan.narc!/member_00126,0,/pbr/zukan.narc,508,126,,70604,71115,69512,70023,511,62202f3c49ffa22987b858972eb64627d9ad6bb6fc2505500dec7d114c027f07,10f30300005245434efffe000100f303,,Nintendo LZ10,Probable,,True,Nintendo LZ10,Confirmed,True,1011,True,1011,aaa77ac3b456486d40282ee882b2042a01e3feb1350378d63726caf7144f5e1b,NCER cell,Confirmed,False,False
/pbr/zukan.narc,/pbr/zukan.narc!/member_00127,0,/pbr/zukan.narc,508,127,,71116,71634,70024,70542,518,1b6bc9e2ed84b361d3bd09741649ce9da709e02a17bb5c55b3705a076be34281,102f040000524e414efffe0001002f04,,Nintendo LZ10,Probable,,True,Nintendo LZ10,Confirmed,True,1071,True,1071,f872fd6af447c194a37c39248cf7ffe28abe34a45db908ad120506065eb61f2f,NANR animation,Confirmed,False,False
/pbr/zukan.narc,/pbr/zukan.narc!/member_00128,0,/pbr/zukan.narc,508,128,,71636,72502,70544,71410,866,06e50ddbab6ac2c34b1ae04c00634116efcfd6fd3f0ac0b6d07161d42944a5b7,10700e00005247434efffe010100700e,,Nintendo LZ10,Probable,,True,Nintendo LZ10,Confirmed,True,3696,True,3696,57aa43bdb6524bd4de18e80f0687df7738c4f64792ce35a28c4969d749434b92,NCGR graphics,Confirmed,False,False
/pbr/zukan.narc,/pbr/zukan.narc!/member_00129,0,/pbr/zukan.narc,508,129,,72504,73533,71412,72441,1029,ebc7ec29d74f1c1bda191b3c6e83c5502a830c42b08409335e1bc7f3ad65c581,10f70600005245434efffe000100f706,,Nintendo LZ10,Probable,,True,Nintendo LZ10,Confirmed,True,1783,True,1783,073b165e610defaa282dc1563535b9d7f38df1bb765d500c57eff5316fe759e0,NCER cell,Confirmed,False,False
