container_chain,member_chain,depth,parent_narc_path,parent_file_id,member_index,name,container_relative_offset,container_relative_end,gmif_relative_offset,gmif_relative_end,size,sha256,signature_hex,extension,probable_format,format_evidence,structure_valid,compressed,compression,compression_evidence,decompression_supported,declared_decompressed_size,decompression_valid,decompressed_size,decompressed_sha256,decompressed_format,decompressed_format_evidence,nested_container,nested_after_decompression
/pbr/pokegra.narc,/pbr/pokegra.narc!/member_01205,0,/pbr/pokegra.narc,501,1205,,4914428,4914500,4890664,4890736,72,4dbaa1a9d8ccf33e7564db14f9e796e2963895ad577bd17c55ac1229cc1dbbd3,524c434efffe00014800000010000100,,NCLR palette,Confirmed,True,False,,,,,,,,,,False,False
/pbr/pokegra.narc,/pbr/pokegra.narc!/member_01206,0,/pbr/pokegra.narc,501,1206,,4914500,4914500,4890736,4890736,0,e3b0c44298fc1c149afbf4c8996fb92427ae41e4649b934ca495991b7852b855,,,,,,False,,,,,,,,,,False,False
/pbr/pokegra.narc,/pbr/pokegra.narc!/member_01207,0,/pbr/pokegra.narc,501,1207,,4914500,4920948,4890736,4897184,6448,0301aeb47550fdd63b7cab927cb5ae69b203a8b57df9334abcd03f238e2a14c9,5247434efffe00013019000010000100,,NCGR graphics,Confirmed,True,False,,,,,,,,,,False,False
/pbr/pokegra.narc,/pbr/pokegra.narc!/member_01208,0,/pbr/pokegra.narc,501,1208,,4920948,4920948,4897184,4897184,0,e3b0c44298fc1c149afbf4c8996fb92427ae41e4649b934ca495991b7852b855,,,,,,False,,,,,,,,,,False,False
/pbr/pokegra.narc,/pbr/pokegra.narc!/member_01209,0,/pbr/pokegra.narc,501,1209,,4920948,4927396,4897184,4903632,6448,7e61f8f070a239d3f0b6daa440264363405f75372d26c1adb8daec56195a24e8,5247434efffe00013019000010000100,,NCGR graphics,Confirmed,True,False,,,,,,,,,,False,False
/pbr/pokegra.narc,/pbr/pokegra.narc!/member_01210,0,/pbr/pokegra.narc,501,1210,,4927396,4927468,4903632,4903704,72,2d2c5c7f0ba92ddb7769337542f876027c5f57fedc46cb3c20fec0b681d62448,524c434efffe00014800000010000100,,NCLR palette,Confirmed,True,False,,,,,,,,,,False,False
/pbr/pokegra.narc,/pbr/pokegra.narc!/member_01211,0,/pbr/pokegra.narc,501,1211,,4927468,4927540,4903704,4903776,72,76720f1b285e445d7f451270d4d7081537021664e245d6d99e6a7d2f70fea7a3,524c434efffe00014800000010000100,,NCLR palette,Confirmed,True,False,,,,,,,,,,False,False
/pbr/pokegra.narc,/pbr/pokegra.narc!/member_01212,0,/pbr/pokegra.narc,501,1212,,4927540,4933988,4903776,4910224,6448,3a42f5152325c9a16163c5d4a35d5ab6bde716d48133008905c81552da7b3819,5247434efffe00013019000010000100,,NCGR graphics,Confirmed,True,False,,,,,,,,,,False,False
/pbr/pokegra.narc,/pbr/pokegra.narc!/member_01213,0,/pbr/pokegra.narc,501,1213,,4933988,4940436,4910224,4916672,6448,4fb24e8449de1cb764aeb889817ac778d64a2d5665d77fbb1610317e646e9778,5247434efffe00013019000010000100,,NCGR graphics,Confirmed,True,False,,,,,,,,,,False,False
/pbr/pokegra.narc,/pbr/pokegra.narc!/member_01214,0,/pbr/pokegra.narc,501,1214,,4940436,4946884,4916672,4923120,6448,54b107b3bbf43d99bd89ff85e827e101e3adbb0f623d293bb71f661c14a8ce11,5247434efffe00013019000010000100,,NCGR graphics,Confirmed,True,False,,,,,,,,,,False,False
/pbr/pokegra.narc,/pbr/pokegra.narc!/member_01215,0,/pbr/pokegra.narc,501,1215,,4946884,4953332,4923120,4929568,6448,968da248705122f7a8d93791ef3c1412172bb148e40977ae1a01e51090a3d25c,5247434efffe00013019000010000100,,NCGR graphics,Confirmed,True,False,,,,,,,,,,False,False
/pbr/pokegra.narc,/pbr/pokegra.narc!/member_01216,0,/pbr/pokegra.narc,501,1216,,4953332,4953404,4929568,4929640,72,286c7413d3e6af95f2fa08a4da8dc99b337a452be512a4b5351789326ecb7315,524c434efffe00014800000010000100,,NCLR palette,Confirmed,True,False,,,,,,,,,,False,False
/pbr/pokegra.narc,/pbr/pokegra.narc!/member_01217,0,/pbr/pokegra.narc,501,1217,,4953404,4953476,4929640,4929712,72,15e8989f59c94f257d2add4a2b60a7bc9efd83b53dc2f09573d74fba4733cadf,524c434efffe00014800000010000100,,NCLR palette,Confirmed,True,False,,,,,,,,,,False,False
/pbr/pokegra.narc,/pbr/pokegra.narc!/member_01218,0,/pbr/pokegra.narc,501,1218,,4953476,4959924,4929712,4936160,6448,e1ad26360fa105a89e6e933315004e935bb0263ddfea92f7edb0fc5856add2ba,5247434efffe00013019000010000100,,NCGR graphics,Confirmed,True,False,,,,,,,,,,False,False
/pbr/pokegra.narc,/pbr/pokegra.narc!/member_01219,0,/pbr/pokegra.narc,501,1219,,4959924,4966372,4936160,4942608,6448,2249770e2a8fedb089057c3430575452aeede6cb95a11b04896dbb1620778d0f,5247434efffe00013019000010000100,,NCGR graphics,Confirmed,True,False,,,,,,,,,,False,False
/pbr/pokegra.narc,/pbr/pokegra.narc!/member_01220,0,/pbr/pokegra.narc,501,1220,,4966372,4972820,4942608,4949056,6448,f7d47986b2885c52c6590a5bc6637bac03629626d9bb013c8bbccf65151d3e31,5247434efffe00013019000010000100,,NCGR graphics,Confirmed,True,False,,,,,,,,,,False,False
/pbr/pokegra.narc,/pbr/pokegra.narc!/member_01221,0,/pbr/pokegra.narc,501,1221,,4972820,4979268,4949056,4955504,6448,449affb709af41039884e00dd74b9fbbb8cb634f95470ced52022e63003d044f,5247434efffe00013019000010000100,,NCGR graphics,Confirmed,True,False,,,,,,,,,,False,False
/pbr/pokegra.narc,/pbr/pokegra.narc!/member_01222,0,/pbr/pokegra.narc,501,1222,,4979268,4979340,4955504,4955576,72,70fd5f1d06edda74ddae014d9b3263092eb53fcbe252cf3c3af35e3036571ab9,524c434efffe00014800000010000100,,NCLR palette,Confirmed,True,False,,,,,,,,,,False,False
/pbr/pokegra.narc,/pbr/pokegra.narc!/member_01223,0,/pbr/pokegra.narc,501,1223,,4979340,4979412,4955576,4955648,72,e7f59a4e71c69d57df0fd51d766658d28ae2835b1b59157aaf6b0aa693d93fba,524c434efffe00014800000010000100,,NCLR palette,Confirmed,True,False,,,,,,,,,,False,False
/pbr/pokegra.narc,/pbr/pokegra.narc!/member_01224,0,/pbr/pokegra.narc,501,1224,,4979412,4985860,4955648,4962096,6448,7c703bc222b317786a72f0501d4b7b7fb908ce62a2747b96baf07915c35080a3,5247434efffe00013019000010000100,,NCGR graphics,Confirmed,True,False,,,,,,,,,,False,False
/pbr/pokegra.narc,/pbr/pokegra.narc!/member_01225,0,/pbr/pokegra.narc,501,1225,,4985860,4992308,4962096,4968544,6448,7c703bc222b317786a72f0501d4b7b7fb908ce62a2747b96baf07915c35080a3,5247434efffe00013019000010000100,,NCGR graphics,Confirmed,True,False,,,,,,,,,,False,False
/pbr/pokegra.narc,/pbr/pokegra.narc!/member_01226,0,/pbr/pokegra.narc,501,1226,,4992308,4998756,4968544,4974992,6448,716551c2e3b2e8c37273b211cd264f7194f86d91e63a563e7968fb8ffe7229a0,5247434efffe00013019000010000100,,NCGR graphics,Confirmed,True,False,,,,,,,,,,False,False
/pbr/pokegra.narc,/pbr/pokegra.narc!/member_01227,0,/pbr/pokegra.narc,501,1227,,4998756,5005204,4974992,4981440,6448,716551c2e3b2e8c37273b211cd264f7194f86d91e63a563e7968fb8ffe7229a0,5247434efffe00013019000010000100,,NCGR graphics,Confirmed,True,False,,,,,,,,,,False,False
/pbr/pokegra.narc,/pbr/pokegra.narc!/member_01228,0,/pbr/pokegra.narc,501,1228,,5005204,5005276,4981440,4981512,72,1de029297171d9c819c2f492971b6b9ba75f1e87b3f33cb2b575a4d31c629835,524c434efffe00014800000010000100,,NCLR palette,Confirmed,True,False,,,,,,,,,,False,False
/pbr/pokegra.narc,/pbr/pokegra.narc!/member_01229,0,/pbr/pokegra.narc,501,1229,,5005276,5005348,4981512,4981584,72,b0cc3576fff594fa82a7041629de7f4feafba915ad50db9efcc212c5d1afd0e8,524c434efffe00014800000010000100,,NCLR palette,Confirmed,True,False,,,,,,,,,,False,False
/pbr/pokegra.narc,/pbr/pokegra.narc!/member_01230,0,/pbr/pokegra.narc,501,1230,,5005348,5011796,4981584,4988032,6448,b84a4badc946bdf9406dde59cf9fb239df1ea406b652edd8983c72f57230810a,5247434efffe00013019000010000100,,NCGR graphics,Confirmed,True,False,,,,,,,,,,False,False
/pbr/pokegra.narc,/pbr/pokegra.narc!/member_01231,0,/pbr/pokegra.narc,501,1231,,5011796,5018244,4988032,4994480,6448,b84a4badc946bdf9406dde59cf9fb239df1ea406b652edd8983c72f57230810a,5247434efffe00013019000010000100,,NCGR graphics,Confirmed,True,False,,,,,,,,,,False,False
/pbr/pokegra.narc,/pbr/pokegra.narc!/member_01232,0,/pbr/pokegra.narc,501,1232,,5018244,5024692,4994480,5000928,6448,b304c611c60996f9a9cadfc51fe00a2b381272f541d791dc90b532076a0d7253,5247434efffe00013019000010000100,,NCGR graphics,Confirmed,True,False,,,,,,,,,,False,False
/pbr/pokegra.narc,/pbr/pokegra.narc!/member_01233,0,/pbr/pokegra.narc,501,1233,,5024692,5031140,5000928,5007376,6448,b304c611c60996f9a9cadfc51fe00a2b381272f541d791dc90b532076a0d7253,5247434efffe00013019000010000100,,NCGR graphics,Confirmed,True,False,,,,,,,,,,False,False
/pbr/pokegra.narc,/pbr/pokegra.narc!/member_01234,0,/pbr/pokegra.narc,501,1234,,5031140,5031212,5007376,5007448,72,7210a4b6e8cd54724cefa6ce43c2603d35c9198e8fe491d5cadc1e61f4f30194,524c434efffe00014800000010000100,,NCLR palette,Confirmed,True,False,,,,,,,,,,False,False
/pbr/pokegra.narc,/pbr/pokegra.narc!/member_01235,0,/pbr/pokegra.narc,501,1235,,5031212,5031284,5007448,5007520,72,b6b9559bae83230ab8a4545800f448fe1e7a00d5aa7729887ca0b3361b70fff1,524c434efffe00014800000010000100,,NCLR palette,Confirmed,True,False,,,,,,,,,,False,False
/pbr/pokegra.narc,/pbr/pokegra.narc!/member_01236,0,/pbr/pokegra.narc,501,1236,,5031284,5037732,5007520,5013968,6448,35b71196e21d44fee53c09b3ac585f541a7e5bbdb78b7f23e966a5d257b2ff05,5247434efffe00013019000010000100,,NCGR graphics,Confirmed,True,False,,,,,,,,,,False,False
/pbr/pokegra.narc,/pbr/pokegra.narc!/member_01237,0,/pbr/pokegra.narc,501,1237,,5037732,5044180,5013968,5020416,6448,35b71196e21d44fee53c09b3ac585f541a7e5bbdb78b7f23e966a5d257b2ff05,5247434efffe00013019000010000100,,NCGR graphics,Confirmed,True,False,,,,,,,,,,False,False
/pbr/pokegra.narc,/pbr/pokegra.narc!/member_01238,0,/pbr/pokegra.narc,501,1238,,5044180,5050628,5020416,5026864,6448,29fe6d9d41dcafa55b06e609dd43a43848607c15447c549292452fb52c614b67,5247434efffe00013019000010000100,,NCGR graphics,Confirmed,True,False,,,,,,,,,,False,False
/pbr/pokegra.narc,/pbr/pokegra.narc!/member_01239,0,/pbr/pokegra.narc,501,1239,,5050628,5057076,5026864,5033312,6448,29fe6d9d41dcafa55b06e609dd43a43848607c15447c549292452fb52c614b67,5247434efffe00013019000010000100,,NCGR graphics,Confirmed,True,False,,,,,,,,,,False,False
/pbr/pokegra.narc,/pbr/pokegra.narc!/member_01240,0,/pbr/pokegra.narc,501,1240,,5057076,5057148,5033312,5033384,72,b940f0637cc11e0bfe57d262cc5f3f079681fadd922a165380526907cdcd7b79,524c434efffe00014800000010000100,,NCLR palette,Confirmed,True,False,,,,,,,,,,False,False
/pbr/pokegra.narc,/pbr/pokegra.narc!/member_01241,0,/pbr/pokegra.narc,501,1241,,5057148,5057220,5033384,5033456,72,adca99b0836931bb5a3f531f0fc115d03c32eceb0dafe29e9171e863b93a0353,524c434efffe00014800000010000100,,NCLR palette,Confirmed,True,False,,,,,,,,,,False,False
/pbr/pokegra.narc,/pbr/pokegra.narc!/member_01242,0,/pbr/pokegra.narc,501,1242,,5057220,5063668,5033456,5039904,6448,cbc132765a96a3b031574618cacab57e1e2fa28976b7c27c2ddf6600bdd97dcf,5247434efffe00013019000010000100,,NCGR graphics,Confirmed,True,False,,,,,,,,,,False,False
/pbr/pokegra.narc,/pbr/pokegra.narc!/member_01243,0,/pbr/pokegra.narc,501,1243,,5063668,5070116,5039904,5046352,6448,cbc132765a96a3b031574618cacab57e1e2fa28976b7c27c2ddf6600bdd97dcf,5247434efffe00013019000010000100,,NCGR graphics,Confirmed,True,False,,,,,,,,,,False,False
/pbr/pokegra.narc,/pbr/pokegra.narc!/member_01244,0,/pbr/pokegra.narc,501,1244,,5070116,5076564,5046352,5052800,6448,7d14a53e43f28569a29c0503beaebdd307eea13b8dbc89bc690f97888c467b9b,5247434efffe00013019000010000100,,NCGR graphics,Confirmed,True,False,,,,,,,,,,False,False
/pbr/pokegra.narc,/pbr/pokegra.narc!/member_01245,0,/pbr/pokegra.narc,501,1245,,5076564,5083012,5052800,5059248,6448,504a9ce3f546eb55f6590b6a66e0b7321d1063982979519849b4b4494e68d91b,5247434efffe00013019000010000100,,NCGR graphics,Confirmed,True,False,,,,,,,,,,False,False
/pbr/pokegra.narc,/pbr/pokegra.narc!/member_01246,0,/pbr/pokegra.narc,501,1246,,5083012,5083084,5059248,5059320,72,e476b134e2c8a8499d978924ea0f9a02f5785f90e9c6854349a2dc033fefee24,524c434efffe00014800000010000100,,NCLR palette,Confirmed,True,False,,,,,,,,,,False,False
/pbr/pokegra.narc,/pbr/pokegra.narc!/member_01247,0,/pbr/pokegra.narc,501,1247,,5083084,5083156,5059320,5059392,72,a638c4a8fb8c24b113a44506c60624d93cbd0e6700088e099a8c544b63abe34b,524c434efffe00014800000010000100,,NCLR palette,Confirmed,True,False,,,,,,,,,,False,False
/pbr/pokegra.narc,/pbr/pokegra.narc!/member_01248,0,/pbr/pokegra.narc,501,1248,,5083156,5089604,5059392,5065840,6448,a91a70d846ca0a9a6d668f1fa8ad23e1cb728314eb3234192977aa54f6750b45,5247434efffe00013019000010000100,,NCGR graphics,Confirmed,True,False,,,,,,,,,,False,False
/pbr/pokegra.narc,/pbr/pokegra.narc!/member_01249,0,/pbr/pokegra.narc,501,1249,,5089604,5096052,5065840,5072288,6448,a5e8443f1d0cc00261fbc3de3381417072117c7f438b41e352bdf0f800929261,5247434efffe00013019000010000100,,NCGR graphics,Confirmed,True,False,,,,,,,,,,False,False
/pbr/pokegra.narc,/pbr/pokegra.narc!/member_01250,0,/pbr/pokegra.narc,501,1250,,5096052,5102500,5072288,5078736,6448,be12431ae202f1ed5303105675e52e6f7199365973ef8f7032ab23d4cfbebb81,5247434efffe00013019000010000100,,NCGR graphics,Confirmed,True,False,,,,,,,,,,False,False
/pbr/pokegra.narc,/pbr/pokegra.narc!/member_01251,0,/pbr/pokegra.narc,501,1251,,5102500,5108948,5078736,5085184,6448,fb0b55d66dc0bf1e53a78877397dc6a9342b2e14ede947e335eff5fe0c9f8e82,5247434efffe00013019000010000100,,NCGR graphics,Confirmed,True,False,,,,,,,,,,False,False
/pbr/pokegra.narc,/pbr/pokegra.narc!/member_01252,0,/pbr/pokegra.narc,501,1252,,5108948,5109020,5085184,5085256,72,6a784b72c5e2705312c05161cf00fe08c218ffcfc4027aa3eebf96d48c6069a0,524c434efffe00014800000010000100,,NCLR palette,Confirmed,True,False,,,,,,,,,,False,False
/pbr/pokegra.narc,/pbr/pokegra.narc!/member_01253,0,/pbr/pokegra.narc,501,1253,,5109020,5109092,5085256,5085328,72,99aaab444aa0a0dcbfb8cd388e5daea540ccaa665c50030c4e095e768619a7db,524c434efffe00014800000010000100,,NCLR palette,Confirmed,True,False,,,,,,,,,,False,False
/pbr/pokegra.narc,/pbr/pokegra.narc!/member_01254,0,/pbr/pokegra.narc,501,1254,,5109092,5115540,5085328,5091776,6448,b7d8acdd5b2c4f78b131950493ac8ad71ba10cb3e25083aa73c6daf319b2559e,5247434efffe00013019000010000100,,NCGR graphics,Confirmed,True,False,,,,,,,,,,False,False
/pbr/pokegra.narc,/pbr/pokegra.narc!/member_01255,0,/pbr/pokegra.narc,501,1255,,5115540,5121988,5091776,5098224,6448,b7d8acdd5b2c4f78b131950493ac8ad71ba10cb3e25083aa73c6daf319b2559e,5247434efffe00013019000010000100,,NCGR graphics,Confirmed,True,False,,,,,,,,,,False,False
/pbr/pokegra.narc,/pbr/pokegra.narc!/member_01256,0,/pbr/pokegra.narc,501,1256,,5121988,5128436,5098224,5104672,6448,915ace8a6a1cb157e9c9bb614e07e36cf62e92ecb5b2039dee8875c4a087606b,5247434efffe00013019000010000100,,NCGR graphics,Confirmed,True,False,,,,,,,,,,False,False
/pbr/pokegra.narc,/pbr/pokegra.narc!/member_01257,0,/pbr/pokegra.narc,501,1257,,5128436,5134884,5104672,5111120,6448,915ace8a6a1cb157e9c9bb614e07e36cf62e92ecb5b2039dee8875c4a087606b,5247434efffe00013019000010000100,,NCGR graphics,Confirmed,True,False,,,,,,,,,,False,False
/pbr/pokegra.narc,/pbr/pokegra.narc!/member_01258,0,/pbr/pokegra.narc,501,1258,,5134884,5134956,5111120,5111192,72,3f669c1d8fc4c6d91daf0d6bd57dde2881668771f08fc162fa09770717b50c58,524c434efffe00014800000010000100,,NCLR palette,Confirmed,True,False,,,,,,,,,,False,False
/pbr/pokegra.narc,/pbr/pokegra.narc!/member_01259,0,/pbr/pokegra.narc,501,1259,,5134956,5135028,5111192,5111264,72,8302b447acd1826f0895b86d236c17a6c68149524a18fd4f389fa93311bad0aa,524c434efffe00014800000010000100,,NCLR palette,Confirmed,True,False,,,,,,,,,,False,False
/pbr/pokegra.narc,/pbr/pokegra.narc!/member_01260,0,/pbr/pokegra.narc,501,1260,,5135028,5141476,5111264,5117712,6448,0752f334a4dae0de5dbd92d792f418acab43cd7325c475a640d753b5c9a73416,5247434efffe00013019000010000100,,NCGR graphics,Confirmed,True,False,,,,,,,,,,False,False
/pbr/pokegra.narc,/pbr/pokegra.narc!/member_01261,0,/pbr/pokegra.narc,501,1261,,5141476,5147924,5117712,5124160,6448,0752f334a4dae0de5dbd92d792f418acab43cd7325c475a640d753b5c9a73416,5247434efffe00013019000010000100,,NCGR graphics,Confirmed,True,False,,,,,,,,,,False,False
/pbr/pokegra.narc,/pbr/pokegra.narc!/member_01262,0,/pbr/pokegra.narc,501,1262,,5147924,5154372,5124160,5130608,6448,2b6f5ec4fe8a5dd3a5c2f5c51effe518ceef8839a6d972ce8dfa7b2b5466d8ad,5247434efffe00013019000010000100,,NCGR graphics,Confirmed,True,False,,,,,,,,,,False,False
/pbr/pokegra.narc,/pbr/pokegra.narc!/member_01263,0,/pbr/pokegra.narc,501,1263,,5154372,5160820,5130608,5137056,6448,2b6f5ec4fe8a5dd3a5c2f5c51effe518ceef8839a6d972ce8dfa7b2b5466d8ad,5247434efffe00013019000010000100,,NCGR graphics,Confirmed,True,False,,,,,,,,,,False,False
/pbr/pokegra.narc,/pbr/pokegra.narc!/member_01264,0,/pbr/pokegra.narc,501,1264,,5160820,5160892,5137056,5137128,72,c40699e3561c8f17c9b59967112c542b5d124a0029135970aa4d70332931e718,524c434efffe00014800000010000100,,NCLR palette,Confirmed,True,False,,,,,,,,,,False,False
/pbr/pokegra.narc,/pbr/pokegra.narc!/member_01265,0,/pbr/pokegra.narc,501,1265,,5160892,5160964,5137128,5137200,72,d6883e2fc454e82831e2f7dcf1ce2ef2f9e48a90e20e13a21c4a70d4233bd65d,524c434efffe00014800000010000100,,NCLR palette,Confirmed,True,False,,,,,,,,,,False,False
/pbr/pokegra.narc,/pbr/pokegra.narc!/member_01266,0,/pbr/pokegra.narc,501,1266,,5160964,5167412,5137200,5143648,6448,9347231df4a41531e5514345ee3d969ef39803c8769efd0ee48baa8a07c579f0,5247434efffe00013019000010000100,,NCGR graphics,Confirmed,True,False,,,,,,,,,,False,False
/pbr/pokegra.narc,/pbr/pokegra.narc!/member_01267,0,/pbr/pokegra.narc,501,1267,,5167412,5173860,5143648,5150096,6448,9347231df4a41531e5514345ee3d969ef39803c8769efd0ee48baa8a07c579f0,5247434efffe00013019000010000100,,NCGR graphics,Confirmed,True,False,,,,,,,,,,False,False
/pbr/pokegra.narc,/pbr/pokegra.narc!/member_01268,0,/pbr/pokegra.narc,501,1268,,5173860,5180308,5150096,5156544,6448,a1dfc5ba4858b2887582aad58cac1308b678ba091a244b41bb7605b6723e747c,5247434efffe00013019000010000100,,NCGR graphics,Confirmed,True,False,,,,,,,,,,False,False
/pbr/pokegra.narc,/pbr/pokegra.narc!/member_01269,0,/pbr/pokegra.narc,501,1269,,5180308,5186756,5156544,5162992,6448,a1dfc5ba4858b2887582aad58cac1308b678ba091a244b41bb7605b6723e747c,5247434efffe00013019000010000100,,NCGR graphics,Confirmed,True,False,,,,,,,,,,False,False
/pbr/pokegra.narc,/pbr/pokegra.narc!/member_01270,0,/pbr/pokegra.narc,501,1270,,5186756,5186828,5162992,5163064,72,4cc55fc9273a4a71b054f251233171e5bf0675d3aa04ab1c88e18c15cd774c11,524c434efffe00014800000010000100,,NCLR palette,Confirmed,True,False,,,,,,,,,,False,False
/pbr/pokegra.narc,/pbr/pokegra.narc!/member_01271,0,/pbr/pokegra.narc,501,1271,,5186828,5186900,5163064,5163136,72,f7914807e1e444aab72defd91489ad3b1267e2dc2e61651bb7ec71f1430f7f11,524c434efffe00014800000010000100,,NCLR palette,Confirmed,True,False,,,,,,,,,,False,False
/pbr/pokegra.narc,/pbr/pokegra.narc!/member_01272,0,/pbr/pokegra.narc,501,1272,,5186900,5193348,5163136,5169584,6448,80d2b4a9d2d217ae084079f7307172077ea345650f2875e79c227a824debc8c2,5247434efffe00013019000010000100,,NCGR graphics,Confirmed,True,False,,,,,,,,,,False,False
/pbr/pokegra.narc,/pbr/pokegra.narc!/member_01273,0,/pbr/pokegra.narc,501,1273,,5193348,5199796,5169584,5176032,6448,80d2b4a9d2d217ae084079f7307172077ea345650f2875e79c227a824debc8c2,5247434efffe00013019000010000100,,NCGR graphics,Confirmed,True,False,,,,,,,,,,False,False
/pbr/pokegra.narc,/pbr/pokegra.narc!/member_01274,0,/pbr/pokegra.narc,501,1274,,5199796,5206244,5176032,5182480,6448,f09af753bb55d932de99982c7eaae6dc79001162139fb0819ce76d4ba4f4047c,5247434efffe00013019000010000100,,NCGR graphics,Confirmed,True,False,,,,,,,,,,False,False
/pbr/pokegra.narc,/pbr/pokegra.narc!/member_01275,0,/pbr/pokegra.narc,501,1275,,5206244,5212692,5182480,5188928,6448,49ee8bd1963efaf7c979c35a146adff3100628138e3749c1a577858ee4d294bb,5247434efffe00013019000010000100,,NCGR graphics,Confirmed,True,False,,,,,,,,,,False,False
/pbr/pokegra.narc,/pbr/pokegra.narc!/member_01276,0,/pbr/pokegra.narc,501,1276,,5212692,5212764,5188928,5189000,72,578a5271d2fd1be8a3991dcb590873963380e33080c26173bb8c4bdb8c35de91,524c434efffe00014800000010000100,,NCLR palette,Confirmed,True,False,,,,,,,,,,False,False
/pbr/pokegra.narc,/pbr/pokegra.narc!/member_01277,0,/pbr/pokegra.narc,501,1277,,5212764,5212836,5189000,5189072,72,45aa11551fe3bc6ae1ac36e929d772dfd54e8c265ec0172dba5c539b54336eb1,524c434efffe00014800000010000100,,NCLR palette,Confirmed,True,False,,,,,,,,,,False,False
/pbr/pokegra.narc,/pbr/pokegra.narc!/member_01278,0,/pbr/pokegra.narc,501,1278,,5212836,5219284,5189072,5195520,6448,3a579a954bd71a3513c0c5a1155bf0a345555d56e8a9a95e6edf6912a5594da1,5247434efffe00013019000010000100,,NCGR graphics,Confirmed,True,False,,,,,,,,,,False,False
/pbr/pokegra.narc,/pbr/pokegra.narc!/member_01279,0,/pbr/pokegra.narc,501,1279,,5219284,5225732,5195520,5201968,6448,3a579a954bd71a3513c0c5a1155bf0a345555d56e8a9a95e6edf6912a5594da1,5247434efffe00013019000010000100,,NCGR graphics,Confirmed,True,False,,,,,,,,,,False,False
/pbr/pokegra.narc,/pbr/pokegra.narc!/member_01280,0,/pbr/pokegra.narc,501,1280,,5225732,5232180,5201968,5208416,6448,7077a71cf70331aae25e6ea043ac054b0b1ab0fe5770d5834e566ab57eb3c41b,5247434efffe00013019000010000100,,NCGR graphics,Confirmed,True,False,,,,,,,,,,False,False
/pbr/pokegra.narc,/pbr/pokegra.narc!/member_01281,0,/pbr/pokegra.narc,501,1281,,5232180,5238628,5208416,5214864,6448,7077a71cf70331aae25e6ea043ac054b0b1ab0fe5770d5834e566ab57eb3c41b,5247434efffe00013019000010000100,,NCGR graphics,Confirmed,True,False,,,,,,,,,,False,False
/pbr/pokegra.narc,/pbr/pokegra.narc!/member_01282,0,/pbr/pokegra.narc,501,1282,,5238628,5238700,5214864,5214936,72,250c3518d40d63f4b99f5386368c5e53a5164d3b066402a54122e5af99ff7357,524c434efffe00014800000010000100,,NCLR palette,Confirmed,True,False,,,,,,,,,,False,False
/pbr/pokegra.narc,/pbr/pokegra.narc!/member_01283,0,/pbr/pokegra.narc,501,1283,,5238700,5238772,5214936,5215008,72,48f22b3c779689ffca45bf286527f6fe779cba1885ae93fc13108adf31fb00ef,524c434efffe00014800000010000100,,NCLR palette,Confirmed,True,False,,,,,,,,,,False,False
/pbr/pokegra.narc,/pbr/pokegra.narc!/member_01284,0,/pbr/pokegra.narc,501,1284,,5238772,5245220,5215008,5221456,6448,c71adfc016665d291c366b3893642b835f2bcb5e60b0842948f32d00a1f4efad,5247434efffe00013019000010000100,,NCGR graphics,Confirmed,True,False,,,,,,,,,,False,False
/pbr/pokegra.narc,/pbr/pokegra.narc!/member_01285,0,/pbr/pokegra.narc,501,1285,,5245220,5251668,5221456,5227904,6448,3b8f3323a7c8c828493dea9a9567c6b81b7b8882a7b41da48c3356656ef04f2e,5247434efffe00013019000010000100,,NCGR graphics,Confirmed,True,False,,,,,,,,,,False,False
/pbr/pokegra.narc,/pbr/pokegra.narc!/member_01286,0,/pbr/pokegra.narc,501,1286,,5251668,5258116,5227904,5234352,6448,d5d3adb4109427405d8bcf548f543626b226162117f23b1b9de0bdb8df43a177,5247434efffe00013019000010000100,,NCGR graphics,Confirmed,True,False,,,,,,,,,,False,False
/pbr/pokegra.narc,/pbr/pokegra.narc!/member_01287,0,/pbr/pokegra.narc,501,1287,,5258116,5264564,5234352,5240800,6448,6d03422e5086e017279a59d3d3184a0cb11c657c5eb72093a5f26038fe51cbb7,5247434efffe00013019000010000100,,NCGR graphics,Confirmed,True,False,,,,,,,,,,False,False
/pbr/pokegra.narc,/pbr/pokegra.narc!/member_01288,0,/pbr/pokegra.narc,501,1288,,5264564,5264636,5240800,5240872,72,06fe95e7330851e92b24141d9beb0ac584ce8d407ae0636c3c188efb14591510,524c434efffe00014800000010000100,,NCLR palette,Confirmed,True,False,,,,,,,,,,False,False
/pbr/pokegra.narc,/pbr/pokegra.narc!/member_01289,0,/pbr/pokegra.narc,501,1289,,5264636,5264708,5240872,5240944,72,dd47feb0d1c67da4bc32a771a99dcadc137aba656a4ed54a74769dd6a35290c9,524c434efffe00014800000010000100,,NCLR palette,Confirmed,True,False,,,,,,,,,,False,False
/pbr/pokegra.narc,/pbr/pokegra.narc!/member_01290,0,/pbr/pokegra.narc,501,1290,,5264708,5271156,5240944,5247392,6448,6003a5634cadd323b6595d00c188124225d6ea8962e98b6ed9e67349a4112e1e,5247434efffe00013019000010000100,,NCGR graphics,Confirmed,True,False,,,,,,,,,,False,False
/pbr/pokegra.narc,/pbr/pokegra.narc!/member_01291,0,/pbr/pokegra.narc,501,1291,,5271156,5277604,5247392,5253840,6448,95585c224122e806cc32dc2d0f416d966b84a7f82817dd9166c7f5179f7186ac,5247434efffe00013019000010000100,,NCGR graphics,Confirmed,True,False,,,,,,,,,,False,False
/pbr/pokegra.narc,/pbr/pokegra.narc!/member_01292,0,/pbr/pokegra.narc,501,1292,,5277604,5284052,5253840,5260288,6448,f84d9be9ef587193e945abdf227432cfd87eafadd08632fc72f64a4fbeebeb20,5247434efffe00013019000010000100,,NCGR graphics,Confirmed,True,False,,,,,,,,,,False,False
/pbr/pokegra.narc,/pbr/pokegra.narc!/member_01293,0,/pbr/pokegra.narc,501,1293,,5284052,5290500,5260288,5266736,6448,27eb11a07d9a8d3f2d9d570740a4e06ff8bf4c041abbde1ada88f92dfbed3b17,5247434efffe00013019000010000100,,NCGR graphics,Confirmed,True,False,,,,,,,,,,False,False
/pbr/pokegra.narc,/pbr/pokegra.narc!/member_01294,0,/pbr/pokegra.narc,501,1294,,5290500,5290572,5266736,5266808,72,58a8d36126028f3339c90d3ec658417f0b23bea51be3162643693f7ebb1fe8b3,524c434efffe00014800000010000100,,NCLR palette,Confirmed,True,False,,,,,,,,,,False,False
/pbr/pokegra.narc,/pbr/pokegra.narc!/member_01295,0,/pbr/pokegra.narc,501,1295,,5290572,5290644,5266808,5266880,72,3070c7d94f3bb375d22a3f8cfcebf2a37c0f842d469a18e1731858d40b860b5e,524c434efffe00014800000010000100,,NCLR palette,Confirmed,True,False,,,,,,,,,,False,False
/pbr/pokegra.narc,/pbr/pokegra.narc!/member_01296,0,/pbr/pokegra.narc,501,1296,,5290644,5297092,5266880,5273328,6448,b658823843abcc92de2d4601b767a2ef952fc189918310179263d0b51b172ff6,5247434efffe00013019000010000100,,NCGR graphics,Confirmed,True,False,,,,,,,,,,False,False
/pbr/pokegra.narc,/pbr/pokegra.narc!/member_01297,0,/pbr/pokegra.narc,501,1297,,5297092,5303540,5273328,5279776,6448,b658823843abcc92de2d4601b767a2ef952fc189918310179263d0b51b172ff6,5247434efffe00013019000010000100,,NCGR graphics,Confirmed,True,False,,,,,,,,,,False,False
/pbr/pokegra.narc,/pbr/pokegra.narc!/member_01298,0,/pbr/pokegra.narc,501,1298,,5303540,5309988,5279776,5286224,6448,b67ede3c5b285379ef731cf94981e1e766de3da66f5ed2e76c781dad105e420e,5247434efffe00013019000010000100,,NCGR graphics,Confirmed,True,False,,,,,,,,,,False,False
/pbr/pokegra.narc,/pbr/pokegra.narc!/member_01299,0,/pbr/pokegra.narc,501,1299,,5309988,5316436,5286224,5292672,6448,b67ede3c5b285379ef731cf94981e1e766de3da66f5ed2e76c781dad105e420e,5247434efffe00013019000010000100,,NCGR graphics,Confirmed,True,False,,,,,,,,,,False,False
/pbr/pokegra.narc,/pbr/pokegra.narc!/member_01300,0,/pbr/pokegra.narc,501,1300,,5316436,5316508,5292672,5292744,72,21ccdf5f21e9742b2ecc2ac7343060b4796cf3be1481b036451fcb5889272cb3,524c434efffe00014800000010000100,,NCLR palette,Confirmed,True,False,,,,,,,,,,False,False
/pbr/pokegra.narc,/pbr/pokegra.narc!/member_01301,0,/pbr/pokegra.narc,501,1301,,5316508,5316580,5292744,5292816,72,3004d31de41fb4116c029f28069cdd9f7325a13ddaa8032d91e01ebe5358a91e,524c434efffe00014800000010000100,,NCLR palette,Confirmed,True,False,,,,,,,,,,False,False
/pbr/pokegra.narc,/pbr/pokegra.narc!/member_01302,0,/pbr/pokegra.narc,501,1302,,5316580,5323028,5292816,5299264,6448,d37811443f2f0d18ca50ea53bc32ccd133d104601f3f54b02ae2fc6b98a6db25,5247434efffe00013019000010000100,,NCGR graphics,Confirmed,True,False,,,,,,,,,,False,False
/pbr/pokegra.narc,/pbr/pokegra.narc!/member_01303,0,/pbr/pokegra.narc,501,1303,,5323028,5329476,5299264,5305712,6448,67e53c5965ec60febbfa1fdd04593f3d6356a99e66673fe38c31208db1f15496,5247434efffe00013019000010000100,,NCGR graphics,Confirmed,True,False,,,,,,,,,,False,False
/pbr/pokegra.narc,/pbr/pokegra.narc!/member_01304,0,/pbr/pokegra.narc,501,1304,,5329476,5335924,5305712,5312160,6448,fa69552c21b93df5d49e95e4b9e6d5079c45554de9116d9fd14dffed21118994,5247434efffe00013019000010000100,,NCGR graphics,Confirmed,True,False,,,,,,,,,,False,False
/pbr/pokegra.narc,/pbr/pokegra.narc!/member_01305,0,/pbr/pokegra.narc,501,1305,,5335924,5342372,5312160,5318608,6448,a7e026955024baf294984f9bbb2db5e4306fbe58c643dce885d273bdc4892f6a,5247434efffe00013019000010000100,,NCGR graphics,Confirmed,True,False,,,,,,,,,,False,False
/pbr/pokegra.narc,/pbr/pokegra.narc!/member_01306,0,/pbr/pokegra.narc,501,1306,,5342372,5342444,5318608,5318680,72,22f055e5d6f30d7f38825263fda74d31b34fe5944290b0ebe5656634a93c8f7e,524c434efffe00014800000010000100,,NCLR palette,Confirmed,True,False,,,,,,,,,,False,False
/pbr/pokegra.narc,/pbr/pokegra.narc!/member_01307,0,/pbr/pokegra.narc,501,1307,,5342444,5342516,5318680,5318752,72,1e722a38621e747fbf32a666f97d4380aa62887c695a0b5641be6b17f6a3bfa4,524c434efffe00014800000010000100,,NCLR palette,Confirmed,True,False,,,,,,,,,,False,False
/pbr/pokegra.narc,/pbr/pokegra.narc!/member_01308,0,/pbr/pokegra.narc,501,1308,,5342516,5348964,5318752,5325200,6448,d0be42939a2d83cca621a61b17d8211f791e5e82610c390963a5c0b68d3f1fb2,5247434efffe00013019000010000100,,NCGR graphics,Confirmed,True,False,,,,,,,,,,False,False
/pbr/pokegra.narc,/pbr/pokegra.narc!/member_01309,0,/pbr/pokegra.narc,501,1309,,5348964,5355412,5325200,5331648,6448,d0be42939a2d83cca621a61b17d8211f791e5e82610c390963a5c0b68d3f1fb2,5247434efffe00013019000010000100,,NCGR graphics,Confirmed,True,False,,,,,,,,,,False,False
/pbr/pokegra.narc,/pbr/pokegra.narc!/member_01310,0,/pbr/pokegra.narc,501,1310,,5355412,5361860,5331648,5338096,6448,f897bb3b5a96828645651b0e9dab5606fae64303a58e36575fefa8087a65db3b,5247434efffe00013019000010000100,,NCGR graphics,Confirmed,True,False,,,,,,,,,,False,False
/pbr/pokegra.narc,/pbr/pokegra.narc!/member_01311,0,/pbr/pokegra.narc,501,1311,,5361860,5368308,5338096,5344544,6448,f897bb3b5a96828645651b0e9dab5606fae64303a58e36575fefa8087a65db3b,5247434efffe00013019000010000100,,NCGR graphics,Confirmed,True,False,,,,,,,,,,False,False
/pbr/pokegra.narc,/pbr/pokegra.narc!/member_01312,0,/pbr/pokegra.narc,501,1312,,5368308,5368380,5344544,5344616,72,0f74b2820efca1aa38b2dcfc2ec6c520eb7cb20d090e752ce7672c1a26d837de,524c434efffe00014800000010000100,,NCLR palette,Confirmed,True,False,,,,,,,,,,False,False
/pbr/pokegra.narc,/pbr/pokegra.narc!/member_01313,0,/pbr/pokegra.narc,501,1313,,5368380,5368452,5344616,5344688,72,3a2614997c4c90bb4c18f4467bfe4d92d9005ba5991998583a194f470e90a891,524c434efffe00014800000010000100,,NCLR palette,Confirmed,True,False,,,,,,,,,,False,False
/pbr/pokegra.narc,/pbr/pokegra.narc!/member_01314,0,/pbr/pokegra.narc,501,1314,,5368452,5374900,5344688,5351136,6448,0512be0e3ca759027920cb42aded791437d8ca7c50eaad6007201c1ec60bb211,5247434efffe00013019000010000100,,NCGR graphics,Confirmed,True,False,,,,,,,,,,False,False
/pbr/pokegra.narc,/pbr/pokegra.narc!/member_01315,0,/pbr/pokegra.narc,501,1315,,5374900,5381348,5351136,5357584,6448,0512be0e3ca759027920cb42aded791437d8ca7c50eaad6007201c1ec60bb211,5247434efffe00013019000010000100,,NCGR graphics,Confirmed,True,False,,,,,,,,,,False,False
/pbr/pokegra.narc,/pbr/pokegra.narc!/member_01316,0,/pbr/pokegra.narc,501,1316,,5381348,5387796,5357584,5364032,6448,5712298fc59617710b6436ad2d082a53a14b57f549f2046124c8788b564695c1,5247434efffe00013019000010000100,,NCGR graphics,Confirmed,True,False,,,,,,,,,,False,False
/pbr/pokegra.narc,/pbr/pokegra.narc!/member_01317,0,/pbr/pokegra.narc,501,1317,,5387796,5394244,5364032,5370480,6448,5712298fc59617710b6436ad2d082a53a14b57f549f2046124c8788b564695c1,5247434efffe00013019000010000100,,NCGR graphics,Confirmed,True,False,,,,,,,,,,False,False
/pbr/pokegra.narc,/pbr/pokegra.narc!/member_01318,0,/pbr/pokegra.narc,501,1318,,5394244,5394316,5370480,5370552,72,4e93ef238576f8520c0d23242e044a5ca561e11d69f245d63bb618a7c49d5b58,524c434efffe00014800000010000100,,NCLR palette,Confirmed,True,False,,,,,,,,,,False,False
/pbr/pokegra.narc,/pbr/pokegra.narc!/member_01319,0,/pbr/pokegra.narc,501,1319,,5394316,5394388,5370552,5370624,72,732948b4d06efd26f271b6538a28d11a830623f0ec61ee55115712eb21283fc4,524c434efffe00014800000010000100,,NCLR palette,Confirmed,True,False,,,,,,,,,,False,False
/pbr/pokegra.narc,/pbr/pokegra.narc!/member_01320,0,/pbr/pokegra.narc,501,1320,,5394388,5400836,5370624,5377072,6448,75722419c70b091f8275f6fa3207d5e951946858dad4c8803328cecef91e5321,5247434efffe00013019000010000100,,NCGR graphics,Confirmed,True,False,,,,,,,,,,False,False
/pbr/pokegra.narc,/pbr/pokegra.narc!/member_01321,0,/pbr/pokegra.narc,501,1321,,5400836,5407284,5377072,5383520,6448,75722419c70b091f8275f6fa3207d5e951946858dad4c8803328cecef91e5321,5247434efffe00013019000010000100,,NCGR graphics,Confirmed,True,False,,,,,,,,,,False,False
/pbr/pokegra.narc,/pbr/pokegra.narc!/member_01322,0,/pbr/pokegra.narc,501,1322,,5407284,5413732,5383520,5389968,6448,ae8c9fd04e9bea315a94f3a2dcf058e140f53818112a979cb41dd314067213d6,5247434efffe00013019000010000100,,NCGR graphics,Confirmed,True,False,,,,,,,,,,False,False
/pbr/pokegra.narc,/pbr/pokegra.narc!/member_01323,0,/pbr/pokegra.narc,501,1323,,5413732,5420180,5389968,5396416,6448,ae8c9fd04e9bea315a94f3a2dcf058e140f53818112a979cb41dd314067213d6,5247434efffe00013019000010000100,,NCGR graphics,Confirmed,True,False,,,,,,,,,,False,False
/pbr/pokegra.narc,/pbr/pokegra.narc!/member_01324,0,/pbr/pokegra.narc,501,1324,,5420180,5420252,5396416,5396488,72,f8d18993d1a8b18739fd736a2dde4af7fa0ab09232132f133be4005678a640de,524c434efffe00014800000010000100,,NCLR palette,Confirmed,True,False,,,,,,,,,,False,False
/pbr/pokegra.narc,/pbr/pokegra.narc!/member_01325,0,/pbr/pokegra.narc,501,1325,,5420252,5420324,5396488,5396560,72,cf4fd848e5c849b045e113931cc8a71c4c6ced06ea54a7a2d310a15e9efdcc86,524c434efffe00014800000010000100,,NCLR palette,Confirmed,True,False,,,,,,,,,,False,False
/pbr/pokegra.narc,/pbr/pokegra.narc!/member_01326,0,/pbr/pokegra.narc,501,1326,,5420324,5426772,5396560,5403008,6448,7244213eb77a1807c27c1b960e54afb5aad5c46384078d475aacd265246fbc0c,5247434efffe00013019000010000100,,NCGR graphics,Confirmed,True,False,,,,,,,,,,False,False
/pbr/pokegra.narc,/pbr/pokegra.narc!/member_01327,0,/pbr/pokegra.narc,501,1327,,5426772,5433220,5403008,5409456,6448,cebf37d991f1279171a5a801fbae821dcb96ce26282e9110a808d835113b446c,5247434efffe00013019000010000100,,NCGR graphics,Confirmed,True,False,,,,,,,,,,False,False
/pbr/pokegra.narc,/pbr/pokegra.narc!/member_01328,0,/pbr/pokegra.narc,501,1328,,5433220,5439668,5409456,5415904,6448,ee57efbfc06ae9b4fcf2c72b2f62a0b3229e081b895b37a8c104f40668be9b24,5247434efffe00013019000010000100,,NCGR graphics,Confirmed,True,False,,,,,,,,,,False,False
/pbr/pokegra.narc,/pbr/pokegra.narc!/member_01329,0,/pbr/pokegra.narc,501,1329,,5439668,5446116,5415904,5422352,6448,ab94e24c7ce40d6a8dcf5e5992226510ffc2bdce927505870f7a7cce27ee51f3,5247434efffe00013019000010000100,,NCGR graphics,Confirmed,True,False,,,,,,,,,,False,False
/pbr/pokegra.narc,/pbr/pokegra.narc!/member_01330,0,/pbr/pokegra.narc,501,1330,,5446116,5446188,5422352,5422424,72,1c41bc844d33d371b9ecc68871e3cdf0030c46b4734eda41daef1024ac63e89e,524c434efffe00014800000010000100,,NCLR palette,Confirmed,True,False,,,,,,,,,,False,False
/pbr/pokegra.narc,/pbr/pokegra.narc!/member_01331,0,/pbr/pokegra.narc,501,1331,,5446188,5446260,5422424,5422496,72,2b5cee1489e3531e0a56df35f6aea000611d9a3271d66d9ab470d8e8af75cbce,524c434efffe00014800000010000100,,NCLR palette,Confirmed,True,False,,,,,,,,,,False,False
/pbr/pokegra.narc,/pbr/pokegra.narc!/member_01332,0,/pbr/pokegra.narc,501,1332,,5446260,5452708,5422496,5428944,6448,7721eecfa4bbaa7a20a6de7da0f7ca9a87634a68c2f622143cb2dbf354c1bd71,5247434efffe00013019000010000100,,NCGR graphics,Confirmed,True,False,,,,,,,,,,False,False
/pbr/pokegra.narc,/pbr/pokegra.narc!/member_01333,0,/pbr/pokegra.narc,501,1333,,5452708,5459156,5428944,5435392,6448,7721eecfa4bbaa7a20a6de7da0f7ca9a87634a68c2f622143cb2dbf354c1bd71,5247434efffe00013019000010000100,,NCGR graphics,Confirmed,True,False,,,,,,,,,,False,False
/pbr/pokegra.narc,/pbr/pokegra.narc!/member_01334,0,/pbr/pokegra.narc,501,1334,,5459156,5465604,5435392,5441840,6448,33d16ab28adf76b3ded8b8cf6774f60c928a058ecb6c025b16695148fedd90ab,5247434efffe00013019000010000100,,NCGR graphics,Confirmed,True,False,,,,,,,,,,False,False
/pbr/pokegra.narc,/pbr/pokegra.narc!/member_01335,0,/pbr/pokegra.narc,501,1335,,5465604,5472052,5441840,5448288,6448,33d16ab28adf76b3ded8b8cf6774f60c928a058ecb6c025b16695148fedd90ab,5247434efffe00013019000010000100,,NCGR graphics,Confirmed,True,False,,,,,,,,,,False,False
/pbr/pokegra.narc,/pbr/pokegra.narc!/member_01336,0,/pbr/pokegra.narc,501,1336,,5472052,5472124,5448288,5448360,72,6d56fca6bc05a20d029837611ee7a22e779abc13e98b85b53f249d01f101157b,524c434efffe00014800000010000100,,NCLR palette,Confirmed,True,False,,,,,,,,,,False,False
/pbr/pokegra.narc,/pbr/pokegra.narc!/member_01337,0,/pbr/pokegra.narc,501,1337,,5472124,5472196,5448360,5448432,72,028e53db5c95157431a17e0136d5c3c3c242d1a7c42f5e91ab9584a047facf21,524c434efffe00014800000010000100,,NCLR palette,Confirmed,True,False,,,,,,,,,,False,False
/pbr/pokegra.narc,/pbr/pokegra.narc!/member_01338,0,/pbr/pokegra.narc,501,1338,,5472196,5478644,5448432,5454880,6448,4b5368c722b3c306b27aff3068812f761a2b0ebdc9e461f3864d84c3d153614d,5247434efffe00013019000010000100,,NCGR graphics,Confirmed,True,False,,,,,,,,,,False,False
/pbr/pokegra.narc,/pbr/pokegra.narc!/member_01339,0,/pbr/pokegra.narc,501,1339,,5478644,5485092,5454880,5461328,6448,4b5368c722b3c306b27aff3068812f761a2b0ebdc9e461f3864d84c3d153614d,5247434efffe00013019000010000100,,NCGR graphics,Confirmed,True,False,,,,,,,,,,False,False
/pbr/pokegra.narc,/pbr/pokegra.narc!/member_01340,0,/pbr/pokegra.narc,501,1340,,5485092,5491540,5461328,5467776,6448,b1cbebc03c4ed69e03eebbf91afac2d4a84718b10b3ead910c7edcebc5c159e8,5247434efffe00013019000010000100,,NCGR graphics,Confirmed,True,False,,,,,,,,,,False,False
/pbr/pokegra.narc,/pbr/pokegra.narc!/member_01341,0,/pbr/pokegra.narc,501,1341,,5491540,5497988,5467776,5474224,6448,b1cbebc03c4ed69e03eebbf91afac2d4a84718b10b3ead910c7edcebc5c159e8,5247434efffe00013019000010000100,,NCGR graphics,Confirmed,True,False,,,,,,,,,,False,False
/pbr/pokegra.narc,/pbr/pokegra.narc!/member_01342,0,/pbr/pokegra.narc,501,1342,,5497988,5498060,5474224,5474296,72,fec16f1caf71c8e9a208ca770a3a5b1de7317170fdd8d4132bfaa68732cdfd96,524c434efffe00014800000010000100,,NCLR palette,Confirmed,True,False,,,,,,,,,,False,False
/pbr/pokegra.narc,/pbr/pokegra.narc!/member_01343,0,/pbr/pokegra.narc,501,1343,,5498060,5498132,5474296,5474368,72,5bd5b9008ce48e8ad38f81041c24268c845e2b1cc9ed2a3a74f842c8377a2314,524c434efffe00014800000010000100,,NCLR palette,Confirmed,True,False,,,,,,,,,,False,False
/pbr/pokegra.narc,/pbr/pokegra.narc!/member_01344,0,/pbr/pokegra.narc,501,1344,,5498132,5504580,5474368,5480816,6448,fdbc51612b27951061a197dec77a34512c9eff0be14d39e264f955495a3b1a43,5247434efffe00013019000010000100,,NCGR graphics,Confirmed,True,False,,,,,,,,,,False,False
/pbr/pokegra.narc,/pbr/pokegra.narc!/member_01345,0,/pbr/pokegra.narc,501,1345,,5504580,5511028,5480816,5487264,6448,a1d19636a74eb2e6d0a7b82a4567ac0b03482af30cab4a74492756e1c9dce692,5247434efffe00013019000010000100,,NCGR graphics,Confirmed,True,False,,,,,,,,,,False,False
/pbr/pokegra.narc,/pbr/pokegra.narc!/member_01346,0,/pbr/pokegra.narc,501,1346,,5511028,5517476,5487264,5493712,6448,23ff51662f5b6ab08ca07be5bd83361e8db3eb441d2359977794fb7f389d72f3,5247434efffe00013019000010000100,,NCGR graphics,Confirmed,True,False,,,,,,,,,,False,False
/pbr/pokegra.narc,/pbr/pokegra.narc!/member_01347,0,/pbr/pokegra.narc,501,1347,,5517476,5523924,5493712,5500160,6448,7ff4d54df20530d19f5e87ae03d64b515d25099f90601d59a305253a39b6e668,5247434efffe00013019000010000100,,NCGR graphics,Confirmed,True,False,,,,,,,,,,False,False
/pbr/pokegra.narc,/pbr/pokegra.narc!/member_01348,0,/pbr/pokegra.narc,501,1348,,5523924,5523996,5500160,5500232,72,eb16696d41acfc852eb30de836ad5b2a542b28bcc2d0178e6b7fe5216867ea11,524c434efffe00014800000010000100,,NCLR palette,Confirmed,True,False,,,,,,,,,,False,False
/pbr/pokegra.narc,/pbr/pokegra.narc!/member_01349,0,/pbr/pokegra.narc,501,1349,,5523996,5524068,5500232,5500304,72,a3a2618408ac322ca58e536c7b2cbc95d9c32db325fc9cbd0284c15340c1ec8e,524c434efffe00014800000010000100,,NCLR palette,Confirmed,True,False,,,,,,,,,,False,False
/pbr/pokegra.narc,/pbr/pokegra.narc!/member_01350,0,/pbr/pokegra.narc,501,1350,,5524068,5530516,5500304,5506752,6448,4240f9c309340537c33364d28e93723edec6d41f64272815e546deb243a4b9a3,5247434efffe00013019000010000100,,NCGR graphics,Confirmed,True,False,,,,,,,,,,False,False
/pbr/pokegra.narc,/pbr/pokegra.narc!/member_01351,0,/pbr/pokegra.narc,501,1351,,5530516,5536964,5506752,5513200,6448,4240f9c309340537c33364d28e93723edec6d41f64272815e546deb243a4b9a3,5247434efffe00013019000010000100,,NCGR graphics,Confirmed,True,False,,,,,,,,,,False,False
/pbr/pokegra.narc,/pbr/pokegra.narc!/member_01352,0,/pbr/pokegra.narc,501,1352,,5536964,5543412,5513200,5519648,6448,571d4a88f2832ccb1ebfcb5cba4294ffa813ea8c74f086bccf208d2ec2655efa,5247434efffe00013019000010000100,,NCGR graphics,Confirmed,True,False,,,,,,,,,,False,False
/pbr/pokegra.narc,/pbr/pokegra.narc!/member_01353,0,/pbr/pokegra.narc,501,1353,,5543412,5549860,5519648,5526096,6448,571d4a88f2832ccb1ebfcb5cba4294ffa813ea8c74f086bccf208d2ec2655efa,5247434efffe00013019000010000100,,NCGR graphics,Confirmed,True,False,,,,,,,,,,False,False
/pbr/pokegra.narc,/pbr/pokegra.narc!/member_01354,0,/pbr/pokegra.narc,501,1354,,5549860,5549932,5526096,5526168,72,1d0e50fe3997c489bb62f71a158783f6b3bfd5aae7fa2060e3fb8528b4c22ba7,524c434efffe00014800000010000100,,NCLR palette,Confirmed,True,False,,,,,,,,,,False,False
/pbr/pokegra.narc,/pbr/pokegra.narc!/member_01355,0,/pbr/pokegra.narc,501,1355,,5549932,5550004,5526168,5526240,72,059f386c96e247445dc65653401c999a1cf2e52341468ca7b305e663d2fa719f,524c434efffe00014800000010000100,,NCLR palette,Confirmed,True,False,,,,,,,,,,False,False
/pbr/pokegra.narc,/pbr/pokegra.narc!/member_01356,0,/pbr/pokegra.narc,501,1356,,5550004,5556452,5526240,5532688,6448,cb1fe910d9550230514045694bc58123317f3f9d4a559d68a631934f67cfae72,5247434efffe00013019000010000100,,NCGR graphics,Confirmed,True,False,,,,,,,,,,False,False
/pbr/pokegra.narc,/pbr/pokegra.narc!/member_01357,0,/pbr/pokegra.narc,501,1357,,5556452,5562900,5532688,5539136,6448,cb1fe910d9550230514045694bc58123317f3f9d4a559d68a631934f67cfae72,5247434efffe00013019000010000100,,NCGR graphics,Confirmed,True,False,,,,,,,,,,False,False
/pbr/pokegra.narc,/pbr/pokegra.narc!/member_01358,0,/pbr/pokegra.narc,501,1358,,5562900,5569348,5539136,5545584,6448,a0e3bfebe10a991fc07d3a673364f3d45dff0e1909916632e2a6d51beef782ce,5247434efffe00013019000010000100,,NCGR graphics,Confirmed,True,False,,,,,,,,,,False,False
/pbr/pokegra.narc,/pbr/pokegra.narc!/member_01359,0,/pbr/pokegra.narc,501,1359,,5569348,5575796,5545584,5552032,6448,a0e3bfebe10a991fc07d3a673364f3d45dff0e1909916632e2a6d51beef782ce,5247434efffe00013019000010000100,,NCGR graphics,Confirmed,True,False,,,,,,,,,,False,False
/pbr/pokegra.narc,/pbr/pokegra.narc!/member_01360,0,/pbr/pokegra.narc,501,1360,,5575796,5575868,5552032,5552104,72,8f04bf90465cb1fa9cc1d8a887efd5cd9fbd7ff21587c8e0d506be0d124ef179,524c434efffe00014800000010000100,,NCLR palette,Confirmed,True,False,,,,,,,,,,False,False
/pbr/pokegra.narc,/pbr/pokegra.narc!/member_01361,0,/pbr/pokegra.narc,501,1361,,5575868,5575940,5552104,5552176,72,5c97208dd1e939251245ae8854bdbf7a83b307ad8a05a722c35a130955c7c2e2,524c434efffe00014800000010000100,,NCLR palette,Confirmed,True,False,,,,,,,,,,False,False
/pbr/pokegra.narc,/pbr/pokegra.narc!/member_01362,0,/pbr/pokegra.narc,501,1362,,5575940,5582388,5552176,5558624,6448,4adb2d05635f1f207bb9d55db8dad09dcb3b4e7063e5723e58608e3bfa7201c0,5247434efffe00013019000010000100,,NCGR graphics,Confirmed,True,False,,,,,,,,,,False,False
/pbr/pokegra.narc,/pbr/pokegra.narc!/member_01363,0,/pbr/pokegra.narc,501,1363,,5582388,5588836,5558624,5565072,6448,4adb2d05635f1f207bb9d55db8dad09dcb3b4e7063e5723e58608e3bfa7201c0,5247434efffe00013019000010000100,,NCGR graphics,Confirmed,True,False,,,,,,,,,,False,False
/pbr/pokegra.narc,/pbr/pokegra.narc!/member_01364,0,/pbr/pokegra.narc,501,1364,,5588836,5595284,5565072,5571520,6448,29d322c717f9cce2f010c59ef3dfab5a40d5c6540247df7f35f1cc6ef9345f2f,5247434efffe00013019000010000100,,NCGR graphics,Confirmed,True,False,,,,,,,,,,False,False
/pbr/pokegra.narc,/pbr/pokegra.narc!/member_01365,0,/pbr/pokegra.narc,501,1365,,5595284,5601732,5571520,5577968,6448,29d322c717f9cce2f010c59ef3dfab5a40d5c6540247df7f35f1cc6ef9345f2f,5247434efffe00013019000010000100,,NCGR graphics,Confirmed,True,False,,,,,,,,,,False,False
/pbr/pokegra.narc,/pbr/pokegra.narc!/member_01366,0,/pbr/pokegra.narc,501,1366,,5601732,5601804,5577968,5578040,72,4e4f47982b258c0758967c84f490116780c4625df7a7fe559368dfe8380eef1e,524c434efffe00014800000010000100,,NCLR palette,Confirmed,True,False,,,,,,,,,,False,False
/pbr/pokegra.narc,/pbr/pokegra.narc!/member_01367,0,/pbr/pokegra.narc,501,1367,,5601804,5601876,5578040,5578112,72,43ffe4a4f9edb9b979d5bfafbaf8313dd21dad818ecd52d37c142aadc2db09ec,524c434efffe00014800000010000100,,NCLR palette,Confirmed,True,False,,,,,,,,,,False,False
/pbr/pokegra.narc,/pbr/pokegra.narc!/member_01368,0,/pbr/pokegra.narc,501,1368,,5601876,5608324,5578112,5584560,6448,5ae33d4cfbcef99b0246d812f148b0232b930a11a68be285f6e605b15192afc7,5247434efffe00013019000010000100,,NCGR graphics,Confirmed,True,False,,,,,,,,,,False,False
/pbr/pokegra.narc,/pbr/pokegra.narc!/member_01369,0,/pbr/pokegra.narc,501,1369,,5608324,5614772,5584560,5591008,6448,5ae33d4cfbcef99b0246d812f148b0232b930a11a68be285f6e605b15192afc7,5247434efffe00013019000010000100,,NCGR graphics,Confirmed,True,False,,,,,,,,,,False,False
/pbr/pokegra.narc,/pbr/pokegra.narc!/member_01370,0,/pbr/pokegra.narc,501,1370,,5614772,5621220,5591008,5597456,6448,52e9eec481de736608df2d20a344003336f07522043ed2f1bc08a903519cd753,5247434efffe00013019000010000100,,NCGR graphics,Confirmed,True,False,,,,,,,,,,False,False
/pbr/pokegra.narc,/pbr/pokegra.narc!/member_01371,0,/pbr/pokegra.narc,501,1371,,5621220,5627668,5597456,5603904,6448,52e9eec481de736608df2d20a344003336f07522043ed2f1bc08a903519cd753,5247434efffe00013019000010000100,,NCGR graphics,Confirmed,True,False,,,,,,,,,,False,False
/pbr/pokegra.narc,/pbr/pokegra.narc!/member_01372,0,/pbr/pokegra.narc,501,1372,,5627668,5627740,5603904,5603976,72,abc7a2cc705297f4c3f21b806453b43c7e7ae76ec37970e2c8d6f482e543eaf7,524c434efffe00014800000010000100,,NCLR palette,Confirmed,True,False,,,,,,,,,,False,False
/pbr/pokegra.narc,/pbr/pokegra.narc!/member_01373,0,/pbr/pokegra.narc,501,1373,,5627740,5627812,5603976,5604048,72,a05460d6a0b03e6588424c1846e22c2d2ca48976f802eb26c27ac109b1e40447,524c434efffe00014800000010000100,,NCLR palette,Confirmed,True,False,,,,,,,,,,False,False
/pbr/pokegra.narc,/pbr/pokegra.narc!/member_01374,0,/pbr/pokegra.narc,501,1374,,5627812,5634260,5604048,5610496,6448,bdf52519116319cf144fdaa2a2f5993acf31bcd83773ee21d4773e0d46d72326,5247434efffe00013019000010000100,,NCGR graphics,Confirmed,True,False,,,,,,,,,,False,False
/pbr/pokegra.narc,/pbr/pokegra.narc!/member_01375,0,/pbr/pokegra.narc,501,1375,,5634260,5640708,5610496,5616944,6448,3d031e08f15fe7a3b9603ccb7c6cf079d1f038cf5678e488f475e47e887034f6,5247434efffe00013019000010000100,,NCGR graphics,Confirmed,True,False,,,,,,,,,,False,False
/pbr/pokegra.narc,/pbr/pokegra.narc!/member_01376,0,/pbr/pokegra.narc,501,1376,,5640708,5647156,5616944,5623392,6448,84cff8d0b9d7c8c4a46b051a100a62d62fde7dd01f94108ce768602520d350b9,5247434efffe00013019000010000100,,NCGR graphics,Confirmed,True,False,,,,,,,,,,False,False
/pbr/pokegra.narc,/pbr/pokegra.narc!/member_01377,0,/pbr/pokegra.narc,501,1377,,5647156,5653604,5623392,5629840,6448,d7635cd99e86352a0568dbb8aa85465b6a95eb069af2fd6d93253ab4034bcf7d,5247434efffe00013019000010000100,,NCGR graphics,Confirmed,True,False,,,,,,,,,,False,False
/pbr/pokegra.narc,/pbr/pokegra.narc!/member_01378,0,/pbr/pokegra.narc,501,1378,,5653604,5653676,5629840,5629912,72,5e96853438490ef06a177f44351f4bcecfd493ab8e8356ef5313526b9347e338,524c434efffe00014800000010000100,,NCLR palette,Confirmed,True,False,,,,,,,,,,False,False
/pbr/pokegra.narc,/pbr/pokegra.narc!/member_01379,0,/pbr/pokegra.narc,501,1379,,5653676,5653748,5629912,5629984,72,b8d38ab975fcf578a0c2bd2ee79c4b967757d28379eda5744919090bd313e25b,524c434efffe00014800000010000100,,NCLR palette,Confirmed,True,False,,,,,,,,,,False,False
/pbr/pokegra.narc,/pbr/pokegra.narc!/member_01380,0,/pbr/pokegra.narc,501,1380,,5653748,5660196,5629984,5636432,6448,0a212fbad477bd9d5306fffa08ea5f33cbfa3202c5887af4798c83794ce46b66,5247434efffe00013019000010000100,,NCGR graphics,Confirmed,True,False,,,,,,,,,,False,False
/pbr/pokegra.narc,/pbr/pokegra.narc!/member_01381,0,/pbr/pokegra.narc,501,1381,,5660196,5666644,5636432,5642880,6448,0a212fbad477bd9d5306fffa08ea5f33cbfa3202c5887af4798c83794ce46b66,5247434efffe00013019000010000100,,NCGR graphics,Confirmed,True,False,,,,,,,,,,False,False
/pbr/pokegra.narc,/pbr/pokegra.narc!/member_01382,0,/pbr/pokegra.narc,501,1382,,5666644,5673092,5642880,5649328,6448,c8fb9df7dc7161e68d5e35c0a4bca501781c9b54681608cd33c97ecf61a6303e,5247434efffe00013019000010000100,,NCGR graphics,Confirmed,True,False,,,,,,,,,,False,False
/pbr/pokegra.narc,/pbr/pokegra.narc!/member_01383,0,/pbr/pokegra.narc,501,1383,,5673092,5679540,5649328,5655776,6448,c8fb9df7dc7161e68d5e35c0a4bca501781c9b54681608cd33c97ecf61a6303e,5247434efffe00013019000010000100,,NCGR graphics,Confirmed,True,False,,,,,,,,,,False,False
/pbr/pokegra.narc,/pbr/pokegra.narc!/member_01384,0,/pbr/pokegra.narc,501,1384,,5679540,5679612,5655776,5655848,72,6c7672a239439cefe5290e951a42ff899ccccc6e754a74bc9308ff33f1c99d85,524c434efffe00014800000010000100,,NCLR palette,Confirmed,True,False,,,,,,,,,,False,False
/pbr/pokegra.narc,/pbr/pokegra.narc!/member_01385,0,/pbr/pokegra.narc,501,1385,,5679612,5679684,5655848,5655920,72,2ee6f633a26cfd2e585a20edc7694dd73b2727e6d6ef22ab11fed33a32f088d1,524c434efffe00014800000010000100,,NCLR palette,Confirmed,True,False,,,,,,,,,,False,False
/pbr/pokegra.narc,/pbr/pokegra.narc!/member_01386,0,/pbr/pokegra.narc,501,1386,,5679684,5686132,5655920,5662368,6448,d61e64d5cfba112647be80b305f795d380d422c668be131d5b20010b65328e86,5247434efffe00013019000010000100,,NCGR graphics,Confirmed,True,False,,,,,,,,,,False,False
/pbr/pokegra.narc,/pbr/pokegra.narc!/member_01387,0,/pbr/pokegra.narc,501,1387,,5686132,5692580,5662368,5668816,6448,d61e64d5cfba112647be80b305f795d380d422c668be131d5b20010b65328e86,5247434efffe00013019000010000100,,NCGR graphics,Confirmed,True,False,,,,,,,,,,False,False
/pbr/pokegra.narc,/pbr/pokegra.narc!/member_01388,0,/pbr/pokegra.narc,501,1388,,5692580,5699028,5668816,5675264,6448,64ec7567387cde50a613ea451e585118090b1ee896aad9c6466693f2c2fd4845,5247434efffe00013019000010000100,,NCGR graphics,Confirmed,True,False,,,,,,,,,,False,False
/pbr/pokegra.narc,/pbr/pokegra.narc!/member_01389,0,/pbr/pokegra.narc,501,1389,,5699028,5705476,5675264,5681712,6448,64ec7567387cde50a613ea451e585118090b1ee896aad9c6466693f2c2fd4845,5247434efffe00013019000010000100,,NCGR graphics,Confirmed,True,False,,,,,,,,,,False,False
/pbr/pokegra.narc,/pbr/pokegra.narc!/member_01390,0,/pbr/pokegra.narc,501,1390,,5705476,5705548,5681712,5681784,72,ceccc30b3c970143656e087ed3c03740b033f467377d53c2b8f8f4ed38acc1fe,524c434efffe00014800000010000100,,NCLR palette,Confirmed,True,False,,,,,,,,,,False,False
/pbr/pokegra.narc,/pbr/pokegra.narc!/member_01391,0,/pbr/pokegra.narc,501,1391,,5705548,5705620,5681784,5681856,72,d76a5002117a04fd8052db0d837d7a74c6ab507a0132014881c110d2a24f422b,524c434efffe00014800000010000100,,NCLR palette,Confirmed,True,False,,,,,,,,,,False,False
/pbr/pokegra.narc,/pbr/pokegra.narc!/member_01392,0,/pbr/pokegra.narc,501,1392,,5705620,5712068,5681856,5688304,6448,4e86ef6c3d1d3f02ac3caa25786b2faebc338f2a7410c29d0d927f9f040460b0,5247434efffe00013019000010000100,,NCGR graphics,Confirmed,True,False,,,,,,,,,,False,False
/pbr/pokegra.narc,/pbr/pokegra.narc!/member_01393,0,/pbr/pokegra.narc,501,1393,,5712068,5718516,5688304,5694752,6448,6f07f7bc4c19279dc0886cd86a8361940db4c98050d5cea4c9b74201ad713a00,5247434efffe00013019000010000100,,NCGR graphics,Confirmed,True,False,,,,,,,,,,False,False
/pbr/pokegra.narc,/pbr/pokegra.narc!/member_01394,0,/pbr/pokegra.narc,501,1394,,5718516,5724964,5694752,5701200,6448,aaf28ad325b448e3e2849bc707d42ad2b376b3d0c6a97235b306a16c35e7aa34,5247434efffe00013019000010000100,,NCGR graphics,Confirmed,True,False,,,,,,,,,,False,False
/pbr/pokegra.narc,/pbr/pokegra.narc!/member_01395,0,/pbr/pokegra.narc,501,1395,,5724964,5731412,5701200,5707648,6448,e595f26222f353f5de564cc70b529b2cd022a4d95a1309ba98ea474cbbd4b39d,5247434efffe00013019000010000100,,NCGR graphics,Confirmed,True,False,,,,,,,,,,False,False
/pbr/pokegra.narc,/pbr/pokegra.narc!/member_01396,0,/pbr/pokegra.narc,501,1396,,5731412,5731484,5707648,5707720,72,9b20b071cbf81f33628ac6bacfdbf84c48bccb75917543ce586abd48c4a181c4,524c434efffe00014800000010000100,,NCLR palette,Confirmed,True,False,,,,,,,,,,False,False
/pbr/pokegra.narc,/pbr/pokegra.narc!/member_01397,0,/pbr/pokegra.narc,501,1397,,5731484,5731556,5707720,5707792,72,da883572a0fbcff9579925875187c644b8f1de3c1f67d6272a33e8650bca0dbd,524c434efffe00014800000010000100,,NCLR palette,Confirmed,True,False,,,,,,,,,,False,False
/pbr/pokegra.narc,/pbr/pokegra.narc!/member_01398,0,/pbr/pokegra.narc,501,1398,,5731556,5731556,5707792,5707792,0,e3b0c44298fc1c149afbf4c8996fb92427ae41e4649b934ca495991b7852b855,,,,,,False,,,,,,,,,,False,False
/pbr/pokegra.narc,/pbr/pokegra.narc!/member_01399,0,/pbr/pokegra.narc,501,1399,,5731556,5738004,5707792,5714240,6448,6122f6c66d687d67b7f5bab1413893dbdae70d7830068802a2a53e3b29e562eb,5247434efffe00013019000010000100,,NCGR graphics,Confirmed,True,False,,,,,,,,,,False,False
/pbr/pokegra.narc,/pbr/pokegra.narc!/member_01400,0,/pbr/pokegra.narc,501,1400,,5738004,5738004,5714240,5714240,0,e3b0c44298fc1c149afbf4c8996fb92427ae41e4649b934ca495991b7852b855,,,,,,False,,,,,,,,,,False,False
/pbr/pokegra.narc,/pbr/pokegra.narc!/member_01401,0,/pbr/pokegra.narc,501,1401,,5738004,5744452,5714240,5720688,6448,a00ce09a352f3b5fbc0ce303e0aa2555fe7aa4753eb81cfc4ed12d170b2cf8f7,5247434efffe00013019000010000100,,NCGR graphics,Confirmed,True,False,,,,,,,,,,False,False
/pbr/pokegra.narc,/pbr/pokegra.narc!/member_01402,0,/pbr/pokegra.narc,501,1402,,5744452,5744524,5720688,5720760,72,c4d6b61e0544ac94eaa307b0a664fcddd6171d8b31e756cc5ad0d2ef3a506708,524c434efffe00014800000010000100,,NCLR palette,Confirmed,True,False,,,,,,,,,,False,False
/pbr/pokegra.narc,/pbr/pokegra.narc!/member_01403,0,/pbr/pokegra.narc,501,1403,,5744524,5744596,5720760,5720832,72,1b1ba150eab82a94f45c3263b376e36f55ca5ef5da73303af75dc1f4e7e26f7e,524c434efffe00014800000010000100,,NCLR palette,Confirmed,True,False,,,,,,,,,,False,False
/pbr/pokegra.narc,/pbr/pokegra.narc!/member_01404,0,/pbr/pokegra.narc,501,1404,,5744596,5751044,5720832,5727280,6448,9073b3bac475c1047af81367d81d4b0020ac01868800818938da3c9fc1864531,5247434efffe00013019000010000100,,NCGR graphics,Confirmed,True,False,,,,,,,,,,False,False
/pbr/pokegra.narc,/pbr/pokegra.narc!/member_01405,0,/pbr/pokegra.narc,501,1405,,5751044,5757492,5727280,5733728,6448,9073b3bac475c1047af81367d81d4b0020ac01868800818938da3c9fc1864531,5247434efffe00013019000010000100,,NCGR graphics,Confirmed,True,False,,,,,,,,,,False,False
/pbr/pokegra.narc,/pbr/pokegra.narc!/member_01406,0,/pbr/pokegra.narc,501,1406,,5757492,5763940,5733728,5740176,6448,7dbda5133c7ae0296a2289b78f2a7ef230d5f46275805e7147059f0e3f76f2fc,5247434efffe00013019000010000100,,NCGR graphics,Confirmed,True,False,,,,,,,,,,False,False
/pbr/pokegra.narc,/pbr/pokegra.narc!/member_01407,0,/pbr/pokegra.narc,501,1407,,5763940,5770388,5740176,5746624,6448,7dbda5133c7ae0296a2289b78f2a7ef230d5f46275805e7147059f0e3f76f2fc,5247434efffe00013019000010000100,,NCGR graphics,Confirmed,True,False,,,,,,,,,,False,False
/pbr/pokegra.narc,/pbr/pokegra.narc!/member_01408,0,/pbr/pokegra.narc,501,1408,,5770388,5770460,5746624,5746696,72,ad744ce1f204cb4bdc921fe2bca9865f357c45cda8c9c172ffd3f634bb98c949,524c434efffe00014800000010000100,,NCLR palette,Confirmed,True,False,,,,,,,,,,False,False
/pbr/pokegra.narc,/pbr/pokegra.narc!/member_01409,0,/pbr/pokegra.narc,501,1409,,5770460,5770532,5746696,5746768,72,61a4668a083fe041fd4e742dc1ebc52e894b065d9e6ffd60b749deb989311474,524c434efffe00014800000010000100,,NCLR palette,Confirmed,True,False,,,,,,,,,,False,False
/pbr/pokegra.narc,/pbr/pokegra.narc!/member_01410,0,/pbr/pokegra.narc,501,1410,,5770532,5776980,5746768,5753216,6448,6046846c213c8b7be4ade2de4c8891f2dab2bec195f5156aae04619132f40883,5247434efffe00013019000010000100,,NCGR graphics,Confirmed,True,False,,,,,,,,,,False,False
/pbr/pokegra.narc,/pbr/pokegra.narc!/member_01411,0,/pbr/pokegra.narc,501,1411,,5776980,5783428,5753216,5759664,6448,6046846c213c8b7be4ade2de4c8891f2dab2bec195f5156aae04619132f40883,5247434efffe00013019000010000100,,NCGR graphics,Confirmed,True,False,,,,,,,,,,False,False
/pbr/pokegra.narc,/pbr/pokegra.narc!/member_01412,0,/pbr/pokegra.narc,501,1412,,5783428,5789876,5759664,5766112,6448,866430aceaad23f42a5f4ae01ab49aca41b5e7426e403567f18420cf70bbbaef,5247434efffe00013019000010000100,,NCGR graphics,Confirmed,True,False,,,,,,,,,,False,False
/pbr/pokegra.narc,/pbr/pokegra.narc!/member_01413,0,/pbr/pokegra.narc,501,1413,,5789876,5796324,5766112,5772560,6448,866430aceaad23f42a5f4ae01ab49aca41b5e7426e403567f18420cf70bbbaef,5247434efffe00013019000010000100,,NCGR graphics,Confirmed,True,False,,,,,,,,,,False,False
/pbr/pokegra.narc,/pbr/pokegra.narc!/member_01414,0,/pbr/pokegra.narc,501,1414,,5796324,5796396,5772560,5772632,72,9b5e09adc18638a5035b81e0256496caf512b1ffc8b8f74cf719da8a90d05ad4,524c434efffe00014800000010000100,,NCLR palette,Confirmed,True,False,,,,,,,,,,False,False
/pbr/pokegra.narc,/pbr/pokegra.narc!/member_01415,0,/pbr/pokegra.narc,501,1415,,5796396,5796468,5772632,5772704,72,107d217c7e95f2d07bec9f98319f81987a8ddca393dbfd023b8ac8edf905cfea,524c434efffe00014800000010000100,,NCLR palette,Confirmed,True,False,,,,,,,,,,False,False
/pbr/pokegra.narc,/pbr/pokegra.narc!/member_01416,0,/pbr/pokegra.narc,501,1416,,5796468,5796468,5772704,5772704,0,e3b0c44298fc1c149afbf4c8996fb92427ae41e4649b934ca495991b7852b855,,,,,,False,,,,,,,,,,False,False
/pbr/pokegra.narc,/pbr/pokegra.narc!/member_01417,0,/pbr/pokegra.narc,501,1417,,5796468,5802916,5772704,5779152,6448,a643019af2c03c86ff4c31525177dfa6073fd83bfd3eefd1eb7c0db25d0e401a,5247434efffe00013019000010000100,,NCGR graphics,Confirmed,True,False,,,,,,,,,,False,False
/pbr/pokegra.narc,/pbr/pokegra.narc!/member_01418,0,/pbr/pokegra.narc,501,1418,,5802916,5802916,5779152,5779152,0,e3b0c44298fc1c149afbf4c8996fb92427ae41e4649b934ca495991b7852b855,,,,,,False,,,,,,,,,,False,False
/pbr/pokegra.narc,/pbr/pokegra.narc!/member_01419,0,/pbr/pokegra.narc,501,1419,,5802916,5809364,5779152,5785600,6448,5e45d03bf4337f82ef85f14bc0c0a54ebf04e602be0ad628530840522e7e1106,5247434efffe00013019000010000100,,NCGR graphics,Confirmed,True,False,,,,,,,,,,False,False
/pbr/pokegra.narc,/pbr/pokegra.narc!/member_01420,0,/pbr/pokegra.narc,501,1420,,5809364,5809436,5785600,5785672,72,cf025f1b8931f51eeb7ec7f2b3e70a64fded5e43d26ef35f8a7c0a4e955492f6,524c434efffe00014800000010000100,,NCLR palette,Confirmed,True,False,,,,,,,,,,False,False
/pbr/pokegra.narc,/pbr/pokegra.narc!/member_01421,0,/pbr/pokegra.narc,501,1421,,5809436,5809508,5785672,5785744,72,b3d16fe26d50ac8936bc02ac0c0f11a0852b7b5b88c2c7e9bdf358789bda2a7d,524c434efffe00014800000010000100,,NCLR palette,Confirmed,True,False,,,,,,,,,,False,False
/pbr/pokegra.narc,/pbr/pokegra.narc!/member_01422,0,/pbr/pokegra.narc,501,1422,,5809508,5809508,5785744,5785744,0,e3b0c44298fc1c149afbf4c8996fb92427ae41e4649b934ca495991b7852b855,,,,,,False,,,,,,,,,,False,False
/pbr/pokegra.narc,/pbr/pokegra.narc!/member_01423,0,/pbr/pokegra.narc,501,1423,,5809508,5815956,5785744,5792192,6448,01e359d565c403510cb32b5fd60fde2da927366e5d067db2a4866a56570c6ff2,5247434efffe00013019000010000100,,NCGR graphics,Confirmed,True,False,,,,,,,,,,False,False
/pbr/pokegra.narc,/pbr/pokegra.narc!/member_01424,0,/pbr/pokegra.narc,501,1424,,5815956,5815956,5792192,5792192,0,e3b0c44298fc1c149afbf4c8996fb92427ae41e4649b934ca495991b7852b855,,,,,,False,,,,,,,,,,False,False
/pbr/pokegra.narc,/pbr/pokegra.narc!/member_01425,0,/pbr/pokegra.narc,501,1425,,5815956,5822404,5792192,5798640,6448,01ce1529dfafb7e8e07fda1f7e275b22d11afa0db2f138fa258bd4452b074fd4,5247434efffe00013019000010000100,,NCGR graphics,Confirmed,True,False,,,,,,,,,,False,False
/pbr/pokegra.narc,/pbr/pokegra.narc!/member_01426,0,/pbr/pokegra.narc,501,1426,,5822404,5822476,5798640,5798712,72,2f26b0a2e2628515fb8cd1dcf162f0c9c09f76b991017f45d2a1385590656ae1,524c434efffe00014800000010000100,,NCLR palette,Confirmed,True,False,,,,,,,,,,False,False
/pbr/pokegra.narc,/pbr/pokegra.narc!/member_01427,0,/pbr/pokegra.narc,501,1427,,5822476,5822548,5798712,5798784,72,eb4dfc8ff98ac632e08c4493f0581efc6b43813dc91fa3c3c97c0db615452e4d,524c434efffe00014800000010000100,,NCLR palette,Confirmed,True,False,,,,,,,,,,False,False
/pbr/pokegra.narc,/pbr/pokegra.narc!/member_01428,0,/pbr/pokegra.narc,501,1428,,5822548,5828996,5798784,5805232,6448,a579c42f91cbc929a53bebaaa8e6b9f4bf1385b6d9d01726c747bcca1696bfd3,5247434efffe00013019000010000100,,NCGR graphics,Confirmed,True,False,,,,,,,,,,False,False
/pbr/pokegra.narc,/pbr/pokegra.narc!/member_01429,0,/pbr/pokegra.narc,501,1429,,5828996,5828996,5805232,5805232,0,e3b0c44298fc1c149afbf4c8996fb92427ae41e4649b934ca495991b7852b855,,,,,,False,,,,,,,,,,False,False
/pbr/pokegra.narc,/pbr/pokegra.narc!/member_01430,0,/pbr/pokegra.narc,501,1430,,5828996,5835444,5805232,5811680,6448,d6518c2eeb226583c6aa511a1add50a0bee37265f431aa5dd633522162db37c5,5247434efffe00013019000010000100,,NCGR graphics,Confirmed,True,False,,,,,,,,,,False,False
/pbr/pokegra.narc,/pbr/pokegra.narc!/member_01431,0,/pbr/pokegra.narc,501,1431,,5835444,5835444,5811680,5811680,0,e3b0c44298fc1c149afbf4c8996fb92427ae41e4649b934ca495991b7852b855,,,,,,False,,,,,,,,,,False,False
/pbr/pokegra.narc,/pbr/pokegra.narc!/member_01432,0,/pbr/pokegra.narc,501,1432,,5835444,5835516,5811680,5811752,72,d8a387865e509478989212655e2695f199c750eba189d12f4dbc1c304adfaddf,524c434efffe00014800000010000100,,NCLR palette,Confirmed,True,False,,,,,,,,,,False,False
/pbr/pokegra.narc,/pbr/pokegra.narc!/member_01433,0,/pbr/pokegra.narc,501,1433,,5835516,5835588,5811752,5811824,72,cb173a99e1048f8e56256de80a5c0e71fcb83fbbbbf71e52552090a625551ab5,524c434efffe00014800000010000100,,NCLR palette,Confirmed,True,False,,,,,,,,,,False,False
/pbr/pokegra.narc,/pbr/pokegra.narc!/member_01434,0,/pbr/pokegra.narc,501,1434,,5835588,5842036,5811824,5818272,6448,e1a650f05fb3b65eb47ec037df1eea26faf9c83d39f70dd4a7235ff4ea1b00bb,5247434efffe00013019000010000100,,NCGR graphics,Confirmed,True,False,,,,,,,,,,False,False
/pbr/pokegra.narc,/pbr/pokegra.narc!/member_01435,0,/pbr/pokegra.narc,501,1435,,5842036,5848484,5818272,5824720,6448,e1a650f05fb3b65eb47ec037df1eea26faf9c83d39f70dd4a7235ff4ea1b00bb,5247434efffe00013019000010000100,,NCGR graphics,Confirmed,True,False,,,,,,,,,,False,False
/pbr/pokegra.narc,/pbr/pokegra.narc!/member_01436,0,/pbr/pokegra.narc,501,1436,,5848484,5854932,5824720,5831168,6448,154235e65e8bb84850304fad988ed4c607581db1f8c164bd9adfec24bfabf943,5247434efffe00013019000010000100,,NCGR graphics,Confirmed,True,False,,,,,,,,,,False,False
/pbr/pokegra.narc,/pbr/pokegra.narc!/member_01437,0,/pbr/pokegra.narc,501,1437,,5854932,5861380,5831168,5837616,6448,154235e65e8bb84850304fad988ed4c607581db1f8c164bd9adfec24bfabf943,5247434efffe00013019000010000100,,NCGR graphics,Confirmed,True,False,,,,,,,,,,False,False
/pbr/pokegra.narc,/pbr/pokegra.narc!/member_01438,0,/pbr/pokegra.narc,501,1438,,5861380,5861452,5837616,5837688,72,2e3786ac79dbb2bae429a68824473192850b910b9e446470cee50c51eec9976d,524c434efffe00014800000010000100,,NCLR palette,Confirmed,True,False,,,,,,,,,,False,False
/pbr/pokegra.narc,/pbr/pokegra.narc!/member_01439,0,/pbr/pokegra.narc,501,1439,,5861452,5861524,5837688,5837760,72,487f155ebb48d97340849df9ddb135c210de4c8836c26401db70b78cf5ea3803,524c434efffe00014800000010000100,,NCLR palette,Confirmed,True,False,,,,,,,,,,False,False
/pbr/pokegra.narc,/pbr/pokegra.narc!/member_01440,0,/pbr/pokegra.narc,501,1440,,5861524,5867972,5837760,5844208,6448,4762ff67dd6616aec55f28f9ca3cf39a7fe18ae7453af62e765a0bc9a9a96254,5247434efffe00013019000010000100,,NCGR graphics,Confirmed,True,False,,,,,,,,,,False,False
/pbr/pokegra.narc,/pbr/pokegra.narc!/member_01441,0,/pbr/pokegra.narc,501,1441,,5867972,5874420,5844208,5850656,6448,4762ff67dd6616aec55f28f9ca3cf39a7fe18ae7453af62e765a0bc9a9a96254,5247434efffe00013019000010000100,,NCGR graphics,Confirmed,True,False,,,,,,,,,,False,False
/pbr/pokegra.narc,/pbr/pokegra.narc!/member_01442,0,/pbr/pokegra.narc,501,1442,,5874420,5880868,5850656,5857104,6448,2ee74c9af8a888fe6b09da84a61e49ad74a5c8e8f71334590b7e629942b25840,5247434efffe00013019000010000100,,NCGR graphics,Confirmed,True,False,,,,,,,,,,False,False
/pbr/pokegra.narc,/pbr/pokegra.narc!/member_01443,0,/pbr/pokegra.narc,501,1443,,5880868,5887316,5857104,5863552,6448,2ee74c9af8a888fe6b09da84a61e49ad74a5c8e8f71334590b7e629942b25840,5247434efffe00013019000010000100,,NCGR graphics,Confirmed,True,False,,,,,,,,,,False,False
/pbr/pokegra.narc,/pbr/pokegra.narc!/member_01444,0,/pbr/pokegra.narc,501,1444,,5887316,5887388,5863552,5863624,72,656867a62b41d12311c5a90346e0d546f0d3394911f97d910a13a8fc98855d9e,524c434efffe00014800000010000100,,NCLR palette,Confirmed,True,False,,,,,,,,,,False,False
/pbr/pokegra.narc,/pbr/pokegra.narc!/member_01445,0,/pbr/pokegra.narc,501,1445,,5887388,5887460,5863624,5863696,72,bd3462dffe2d2f2300c8f3ab0c64e33d7b591a0f3b47900b112941d07b679f74,524c434efffe00014800000010000100,,NCLR palette,Confirmed,True,False,,,,,,,,,,False,False
/pbr/pokegra.narc,/pbr/pokegra.narc!/member_01446,0,/pbr/pokegra.narc,501,1446,,5887460,5893908,5863696,5870144,6448,75937ec77b21446f357feb344e02cffb25da24847dbdde8adb80a4ac0aa7ed6c,5247434efffe00013019000010000100,,NCGR graphics,Confirmed,True,False,,,,,,,,,,False,False
/pbr/pokegra.narc,/pbr/pokegra.narc!/member_01447,0,/pbr/pokegra.narc,501,1447,,5893908,5893908,5870144,5870144,0,e3b0c44298fc1c149afbf4c8996fb92427ae41e4649b934ca495991b7852b855,,,,,,False,,,,,,,,,,False,False
/pbr/pokegra.narc,/pbr/pokegra.narc!/member_01448,0,/pbr/pokegra.narc,501,1448,,5893908,5900356,5870144,5876592,6448,030ae7530f179cf5e932831c02e4aa10e7fceb727cbef69d536741a906803539,5247434efffe00013019000010000100,,NCGR graphics,Confirmed,True,False,,,,,,,,,,False,False
/pbr/pokegra.narc,/pbr/pokegra.narc!/member_01449,0,/pbr/pokegra.narc,501,1449,,5900356,5900356,5876592,5876592,0,e3b0c44298fc1c149afbf4c8996fb92427ae41e4649b934ca495991b7852b855,,,,,,False,,,,,,,,,,False,False
/pbr/pokegra.narc,/pbr/pokegra.narc!/member_01450,0,/pbr/pokegra.narc,501,1450,,5900356,5900428,5876592,5876664,72,ae605a80d02bf1bc08907ec0666f07179cfd73aeb1d43e0dc7579676c7884a7c,524c434efffe00014800000010000100,,NCLR palette,Confirmed,True,False,,,,,,,,,,False,False
/pbr/pokegra.narc,/pbr/pokegra.narc!/member_01451,0,/pbr/pokegra.narc,501,1451,,5900428,5900500,5876664,5876736,72,b99eeac51f607dce2fe934e92d13a4d57e5c017f84b953953c29ceb718ef0734,524c434efffe00014800000010000100,,NCLR palette,Confirmed,True,False,,,,,,,,,,False,False
/pbr/pokegra.narc,/pbr/pokegra.narc!/member_01452,0,/pbr/pokegra.narc,501,1452,,5900500,5906948,5876736,5883184,6448,b937d8d10a207552f65c245e6f784608aeb3737224da87e4bb7c05068a01a083,5247434efffe00013019000010000100,,NCGR graphics,Confirmed,True,False,,,,,,,,,,False,False
/pbr/pokegra.narc,/pbr/pokegra.narc!/member_01453,0,/pbr/pokegra.narc,501,1453,,5906948,5906948,5883184,5883184,0,e3b0c44298fc1c149afbf4c8996fb92427ae41e4649b934ca495991b7852b855,,,,,,False,,,,,,,,,,False,False
/pbr/pokegra.narc,/pbr/pokegra.narc!/member_01454,0,/pbr/pokegra.narc,501,1454,,5906948,5913396,5883184,5889632,6448,96449efc8cee49c0723c45d654931a3da688da1c83526641c195c03b7edb59f8,5247434efffe00013019000010000100,,NCGR graphics,Confirmed,True,False,,,,,,,,,,False,False
/pbr/pokegra.narc,/pbr/pokegra.narc!/member_01455,0,/pbr/pokegra.narc,501,1455,,5913396,5913396,5889632,5889632,0,e3b0c44298fc1c149afbf4c8996fb92427ae41e4649b934ca495991b7852b855,,,,,,False,,,,,,,,,,False,False
/pbr/pokegra.narc,/pbr/pokegra.narc!/member_01456,0,/pbr/pokegra.narc,501,1456,,5913396,5913468,5889632,5889704,72,00f72a1e2b6647fff67c5b6fbcac2ab24a6fd8a03a242068233f8013d834a0c9,524c434efffe00014800000010000100,,NCLR palette,Confirmed,True,False,,,,,,,,,,False,False
/pbr/pokegra.narc,/pbr/pokegra.narc!/member_01457,0,/pbr/pokegra.narc,501,1457,,5913468,5913540,5889704,5889776,72,92b1666a1139b59fff7b94c4d2894c25260ff0025006f6e7ab6252638d000cc2,524c434efffe00014800000010000100,,NCLR palette,Confirmed,True,False,,,,,,,,,,False,False
/pbr/pokegra.narc,/pbr/pokegra.narc!/member_01458,0,/pbr/pokegra.narc,501,1458,,5913540,5913540,5889776,5889776,0,e3b0c44298fc1c149afbf4c8996fb92427ae41e4649b934ca495991b7852b855,,,,,,False,,,,,,,,,,False,False
/pbr/pokegra.narc,/pbr/pokegra.narc!/member_01459,0,/pbr/pokegra.narc,501,1459,,5913540,5919988,5889776,5896224,6448,37f135231f5f4ca8a12c7e5a7b5532c69a5c2e8d530a762ccaa79c734339418c,5247434efffe00013019000010000100,,NCGR graphics,Confirmed,True,False,,,,,,,,,,False,False
/pbr/pokegra.narc,/pbr/pokegra.narc!/member_01460,0,/pbr/pokegra.narc,501,1460,,5919988,5919988,5896224,5896224,0,e3b0c44298fc1c149afbf4c8996fb92427ae41e4649b934ca495991b7852b855,,,,,,False,,,,,,,,,,False,False
/pbr/pokegra.narc,/pbr/pokegra.narc!/member_01461,0,/pbr/pokegra.narc,501,1461,,5919988,5926436,5896224,5902672,6448,793624c65eab8e6365398b236cbaf5ad89e4db1dc0bacb2ae4200ca5e807a636,5247434efffe00013019000010000100,,NCGR graphics,Confirmed,True,False,,,,,,,,,,False,False
/pbr/pokegra.narc,/pbr/pokegra.narc!/member_01462,0,/pbr/pokegra.narc,501,1462,,5926436,5926508,5902672,5902744,72,801eee6e2e96bedbed1d7ed4ca68135fe5b7d831b4f7e1ee396b4f9c49a9e6da,524c434efffe00014800000010000100,,NCLR palette,Confirmed,True,False,,,,,,,,,,False,False
/pbr/pokegra.narc,/pbr/pokegra.narc!/member_01463,0,/pbr/pokegra.narc,501,1463,,5926508,5926580,5902744,5902816,72,9406fc186bc940e562bd7b028d1e83866881dfdf98abd2fa93eeb6887d189ea9,524c434efffe00014800000010000100,,NCLR palette,Confirmed,True,False,,,,,,,,,,False,False
/pbr/pokegra.narc,/pbr/pokegra.narc!/member_01464,0,/pbr/pokegra.narc,501,1464,,5926580,5926580,5902816,5902816,0,e3b0c44298fc1c149afbf4c8996fb92427ae41e4649b934ca495991b7852b855,,,,,,False,,,,,,,,,,False,False
/pbr/pokegra.narc,/pbr/pokegra.narc!/member_01465,0,/pbr/pokegra.narc,501,1465,,5926580,5933028,5902816,5909264,6448,1afc2f4f1f81e05187eed709a49d522b7861ab768c2690a0fb2c7b5c1e9adddb,5247434efffe00013019000010000100,,NCGR graphics,Confirmed,True,False,,,,,,,,,,False,False
/pbr/pokegra.narc,/pbr/pokegra.narc!/member_01466,0,/pbr/pokegra.narc,501,1466,,5933028,5933028,5909264,5909264,0,e3b0c44298fc1c149afbf4c8996fb92427ae41e4649b934ca495991b7852b855,,,,,,False,,,,,,,,,,False,False
/pbr/pokegra.narc,/pbr/pokegra.narc!/member_01467,0,/pbr/pokegra.narc,501,1467,,5933028,5939476,5909264,5915712,6448,f533250c87dae5daf14df33cc607b6ad0645681fca23080d4cd1665f5269f94d,5247434efffe00013019000010000100,,NCGR graphics,Confirmed,True,False,,,,,,,,,,False,False
/pbr/pokegra.narc,/pbr/pokegra.narc!/member_01468,0,/pbr/pokegra.narc,501,1468,,5939476,5939548,5915712,5915784,72,4e270a1304fdbef141691683fb1b74060ff94bc5508d2ae430d4ce81d79b3a2c,524c434efffe00014800000010000100,,NCLR palette,Confirmed,True,False,,,,,,,,,,False,False
/pbr/pokegra.narc,/pbr/pokegra.narc!/member_01469,0,/pbr/pokegra.narc,501,1469,,5939548,5939620,5915784,5915856,72,13966168c4984609545816d6cb5537983da86a9dbdb7fb00b5347cbbe94622aa,524c434efffe00014800000010000100,,NCLR palette,Confirmed,True,False,,,,,,,,,,False,False
/pbr/pokegra.narc,/pbr/pokegra.narc!/member_01470,0,/pbr/pokegra.narc,501,1470,,5939620,5939620,5915856,5915856,0,e3b0c44298fc1c149afbf4c8996fb92427ae41e4649b934ca495991b7852b855,,,,,,False,,,,,,,,,,False,False
/pbr/pokegra.narc,/pbr/pokegra.narc!/member_01471,0,/pbr/pokegra.narc,501,1471,,5939620,5946068,5915856,5922304,6448,bc73d77fc4faced6416c61401d3483092e4b4499fe767e9ad3afe41b685afb96,5247434efffe00013019000010000100,,NCGR graphics,Confirmed,True,False,,,,,,,,,,False,False
/pbr/pokegra.narc,/pbr/pokegra.narc!/member_01472,0,/pbr/pokegra.narc,501,1472,,5946068,5946068,5922304,5922304,0,e3b0c44298fc1c149afbf4c8996fb92427ae41e4649b934ca495991b7852b855,,,,,,False,,,,,,,,,,False,False
/pbr/pokegra.narc,/pbr/pokegra.narc!/member_01473,0,/pbr/pokegra.narc,501,1473,,5946068,5952516,5922304,5928752,6448,d366dad03b4e90c435ae2b5f0abe41cf227b7e0ea649af1e8b1a8a5fb7cd18fc,5247434efffe00013019000010000100,,NCGR graphics,Confirmed,True,False,,,,,,,,,,False,False
/pbr/pokegra.narc,/pbr/pokegra.narc!/member_01474,0,/pbr/pokegra.narc,501,1474,,5952516,5952588,5928752,5928824,72,4db2db6cc2fd0a97c48564cf336081966369d0e48a3c0159764addb4392d3a90,524c434efffe00014800000010000100,,NCLR palette,Confirmed,True,False,,,,,,,,,,False,False
/pbr/pokegra.narc,/pbr/pokegra.narc!/member_01475,0,/pbr/pokegra.narc,501,1475,,5952588,5952660,5928824,5928896,72,ab94cf322372baeaaefaee059c69def3cbf3be311f65bf5aced5677554917db0,524c434efffe00014800000010000100,,NCLR palette,Confirmed,True,False,,,,,,,,,,False,False
/pbr/pokegra.narc,/pbr/pokegra.narc!/member_01476,0,/pbr/pokegra.narc,501,1476,,5952660,5959108,5928896,5935344,6448,8247f07154e7b2472fe0a872b8506747c4529392930a91b3c52fc010e10e5617,5247434efffe00013019000010000100,,NCGR graphics,Confirmed,True,False,,,,,,,,,,False,False
/pbr/pokegra.narc,/pbr/pokegra.narc!/member_01477,0,/pbr/pokegra.narc,501,1477,,5959108,5965556,5935344,5941792,6448,8247f07154e7b2472fe0a872b8506747c4529392930a91b3c52fc010e10e5617,5247434efffe00013019000010000100,,NCGR graphics,Confirmed,True,False,,,,,,,,,,False,False
/pbr/pokegra.narc,/pbr/pokegra.narc!/member_01478,0,/pbr/pokegra.narc,501,1478,,5965556,5972004,5941792,5948240,6448,3b0ccd1b0e3a464d044be78229a26f50461eadb071917df2ecdc7b62f8078beb,5247434efffe00013019000010000100,,NCGR graphics,Confirmed,True,False,,,,,,,,,,False,False
/pbr/pokegra.narc,/pbr/pokegra.narc!/member_01479,0,/pbr/pokegra.narc,501,1479,,5972004,5978452,5948240,5954688,6448,3b0ccd1b0e3a464d044be78229a26f50461eadb071917df2ecdc7b62f8078beb,5247434efffe00013019000010000100,,NCGR graphics,Confirmed,True,False,,,,,,,,,,False,False
/pbr/pokegra.narc,/pbr/pokegra.narc!/member_01480,0,/pbr/pokegra.narc,501,1480,,5978452,5978524,5954688,5954760,72,afc8b8490a79b0851bcaace1da2f1c2eb5a1e444c853d09ddfce4809da5363ea,524c434efffe00014800000010000100,,NCLR palette,Confirmed,True,False,,,,,,,,,,False,False
/pbr/pokegra.narc,/pbr/pokegra.narc!/member_01481,0,/pbr/pokegra.narc,501,1481,,5978524,5978596,5954760,5954832,72,d7999e52b2e42f673d554539df762ebf95ed67e25d16874872b78747657eb755,524c434efffe00014800000010000100,,NCLR palette,Confirmed,True,False,,,,,,,,,,False,False
/pbr/pokegra.narc,/pbr/pokegra.narc!/member_01482,0,/pbr/pokegra.narc,501,1482,,5978596,5985044,5954832,5961280,6448,60720a6bfd5f82e5f86690ae7bd39826f6ab2ac9e4494997d5dfc548b859f045,5247434efffe00013019000010000100,,NCGR graphics,Confirmed,True,False,,,,,,,,,,False,False
/pbr/pokegra.narc,/pbr/pokegra.narc!/member_01483,0,/pbr/pokegra.narc,501,1483,,5985044,5991492,5961280,5967728,6448,60720a6bfd5f82e5f86690ae7bd39826f6ab2ac9e4494997d5dfc548b859f045,5247434efffe00013019000010000100,,NCGR graphics,Confirmed,True,False,,,,,,,,,,False,False
/pbr/pokegra.narc,/pbr/pokegra.narc!/member_01484,0,/pbr/pokegra.narc,501,1484,,5991492,5997940,5967728,5974176,6448,e132a7ff96a719eac1ded8632aef140404590ec6ef6db92f084f37d8000a1037,5247434efffe00013019000010000100,,NCGR graphics,Confirmed,True,False,,,,,,,,,,False,False
/pbr/pokegra.narc,/pbr/pokegra.narc!/member_01485,0,/pbr/pokegra.narc,501,1485,,5997940,6004388,5974176,5980624,6448,e132a7ff96a719eac1ded8632aef140404590ec6ef6db92f084f37d8000a1037,5247434efffe00013019000010000100,,NCGR graphics,Confirmed,True,False,,,,,,,,,,False,False
/pbr/pokegra.narc,/pbr/pokegra.narc!/member_01486,0,/pbr/pokegra.narc,501,1486,,6004388,6004460,5980624,5980696,72,02a88b0313f2a7b4acfdfe5aba9769ec32c49d3fa39a0f5200be3b86696b664b,524c434efffe00014800000010000100,,NCLR palette,Confirmed,True,False,,,,,,,,,,False,False
/pbr/pokegra.narc,/pbr/pokegra.narc!/member_01487,0,/pbr/pokegra.narc,501,1487,,6004460,6004532,5980696,5980768,72,9321e9ca213233cc047181e56fc164d935352a264d385dcf10fb0b1e02750178,524c434efffe00014800000010000100,,NCLR palette,Confirmed,True,False,,,,,,,,,,False,False
/pbr/pokegra.narc,/pbr/pokegra.narc!/member_01488,0,/pbr/pokegra.narc,501,1488,,6004532,6010980,5980768,5987216,6448,7aa8eb3e335068651bfccaa224f9e5a07533f0d6ef5173386cde42676d1a5d16,5247434efffe00013019000010000100,,NCGR graphics,Confirmed,True,False,,,,,,,,,,False,False
/pbr/pokegra.narc,/pbr/pokegra.narc!/member_01489,0,/pbr/pokegra.narc,501,1489,,6010980,6017428,5987216,5993664,6448,7aa8eb3e335068651bfccaa224f9e5a07533f0d6ef5173386cde42676d1a5d16,5247434efffe00013019000010000100,,NCGR graphics,Confirmed,True,False,,,,,,,,,,False,False
/pbr/pokegra.narc,/pbr/pokegra.narc!/member_01490,0,/pbr/pokegra.narc,501,1490,,6017428,6023876,5993664,6000112,6448,8fd64626ed6c5e98e37d8fd19e88d028d1244731073d92d03c3f600dedfdf7fa,5247434efffe00013019000010000100,,NCGR graphics,Confirmed,True,False,,,,,,,,,,False,False
/pbr/pokegra.narc,/pbr/pokegra.narc!/member_01491,0,/pbr/pokegra.narc,501,1491,,6023876,6030324,6000112,6006560,6448,8fd64626ed6c5e98e37d8fd19e88d028d1244731073d92d03c3f600dedfdf7fa,5247434efffe00013019000010000100,,NCGR graphics,Confirmed,True,False,,,,,,,,,,False,False
/pbr/pokegra.narc,/pbr/pokegra.narc!/member_01492,0,/pbr/pokegra.narc,501,1492,,6030324,6030396,6006560,6006632,72,aa03b87a11f6042d8ca81213e6bd44227ed2a60b9c22bc1cbd50eae98efab873,524c434efffe00014800000010000100,,NCLR palette,Confirmed,True,False,,,,,,,,,,False,False
/pbr/pokegra.narc,/pbr/pokegra.narc!/member_01493,0,/pbr/pokegra.narc,501,1493,,6030396,6030468,6006632,6006704,72,d47d387445414e0f3ac724f0f56f30a04b18df0ca2fb41c5cdeeb6b61c6e5a92,524c434efffe00014800000010000100,,NCLR palette,Confirmed,True,False,,,,,,,,,,False,False
/pbr/pokegra.narc,/pbr/pokegra.narc!/member_01494,0,/pbr/pokegra.narc,501,1494,,6030468,6030468,6006704,6006704,0,e3b0c44298fc1c149afbf4c8996fb92427ae41e4649b934ca495991b7852b855,,,,,,False,,,,,,,,,,False,False
/pbr/pokegra.narc,/pbr/pokegra.narc!/member_01495,0,/pbr/pokegra.narc,501,1495,,6030468,6036916,6006704,6013152,6448,60f0b00ff5dd588e8cc4726498728516516774edd7c088cd885c2e317e47034e,5247434efffe00013019000010000100,,NCGR graphics,Confirmed,True,False,,,,,,,,,,False,False
/pbr/pokegra.narc,/pbr/pokegra.narc!/member_01496,0,/pbr/pokegra.narc,501,1496,,6036916,6036916,6013152,6013152,0,e3b0c44298fc1c149afbf4c8996fb92427ae41e4649b934ca495991b7852b855,,,,,,False,,,,,,,,,,False,False
/pbr/pokegra.narc,/pbr/pokegra.narc!/member_01497,0,/pbr/pokegra.narc,501,1497,,6036916,6043364,6013152,6019600,6448,e927d3eb83ce8424317e36198bce8035704e558030d81ca74d5e329527b2f40d,5247434efffe00013019000010000100,,NCGR graphics,Confirmed,True,False,,,,,,,,,,False,False
/pbr/pokegra.narc,/pbr/pokegra.narc!/member_01498,0,/pbr/pokegra.narc,501,1498,,6043364,6043436,6019600,6019672,72,74ee34ee09cadc37e412c5f67a0f1f0f21d263ec191e6812591eeee8bfd2984a,524c434efffe00014800000010000100,,NCLR palette,Confirmed,True,False,,,,,,,,,,False,False
/pbr/pokegra.narc,/pbr/pokegra.narc!/member_01499,0,/pbr/pokegra.narc,501,1499,,6043436,6043508,6019672,6019744,72,04cdccdd8b95182d096881f48f5f0d9b93f093a2375a2675a5689eed5dca7dc4,524c434efffe00014800000010000100,,NCLR palette,Confirmed,True,False,,,,,,,,,,False,False
/pbr/pokegra.narc,/pbr/pokegra.narc!/member_01500,0,/pbr/pokegra.narc,501,1500,,6043508,6043508,6019744,6019744,0,e3b0c44298fc1c149afbf4c8996fb92427ae41e4649b934ca495991b7852b855,,,,,,False,,,,,,,,,,False,False
/pbr/pokegra.narc,/pbr/pokegra.narc!/member_01501,0,/pbr/pokegra.narc,501,1501,,6043508,6049956,6019744,6026192,6448,378188ea5e1a9bb55905b35574bb97d9f0b4a669628caaf578904ea2ce2872a2,5247434efffe00013019000010000100,,NCGR graphics,Confirmed,True,False,,,,,,,,,,False,False
/pbr/pokegra.narc,/pbr/pokegra.narc!/member_01502,0,/pbr/pokegra.narc,501,1502,,6049956,6049956,6026192,6026192,0,e3b0c44298fc1c149afbf4c8996fb92427ae41e4649b934ca495991b7852b855,,,,,,False,,,,,,,,,,False,False
/pbr/pokegra.narc,/pbr/pokegra.narc!/member_01503,0,/pbr/pokegra.narc,501,1503,,6049956,6056404,6026192,6032640,6448,03d27327437231ce2317a8f80a6601e920735b26bcd58b9bceaeddda01b1ed64,5247434efffe00013019000010000100,,NCGR graphics,Confirmed,True,False,,,,,,,,,,False,False
/pbr/pokegra.narc,/pbr/pokegra.narc!/member_01504,0,/pbr/pokegra.narc,501,1504,,6056404,6056476,6032640,6032712,72,4cd01f8162b5cd0bf1f6975cd0c44d0f672d141365df2f7a3ecdd438097989b7,524c434efffe00014800000010000100,,NCLR palette,Confirmed,True,False,,,,,,,,,,False,False
/pbr/pokegra.narc,/pbr/pokegra.narc!/member_01505,0,/pbr/pokegra.narc,501,1505,,6056476,6056548,6032712,6032784,72,66e58c3983ae5be563bc5eb8a5d849a6609567466e0402bb61af0287c4a2e1c2,524c434efffe00014800000010000100,,NCLR palette,Confirmed,True,False,,,,,,,,,,False,False
/pbr/pokegra.narc,/pbr/pokegra.narc!/member_01506,0,/pbr/pokegra.narc,501,1506,,6056548,6056548,6032784,6032784,0,e3b0c44298fc1c149afbf4c8996fb92427ae41e4649b934ca495991b7852b855,,,,,,False,,,,,,,,,,False,False
/pbr/pokegra.narc,/pbr/pokegra.narc!/member_01507,0,/pbr/pokegra.narc,501,1507,,6056548,6062996,6032784,6039232,6448,cc2928245c4eca1a6ffd6f94c6cf2ee8875326e5d77cd5bc25926da0f034286e,5247434efffe00013019000010000100,,NCGR graphics,Confirmed,True,False,,,,,,,,,,False,False
/pbr/pokegra.narc,/pbr/pokegra.narc!/member_01508,0,/pbr/pokegra.narc,501,1508,,6062996,6062996,6039232,6039232,0,e3b0c44298fc1c149afbf4c8996fb92427ae41e4649b934ca495991b7852b855,,,,,,False,,,,,,,,,,False,False
/pbr/pokegra.narc,/pbr/pokegra.narc!/member_01509,0,/pbr/pokegra.narc,501,1509,,6062996,6069444,6039232,6045680,6448,8710d5a4d10dbcf406e232f1a013b95a0e0285abfda63b62d4ee98de9bfc60f6,5247434efffe00013019000010000100,,NCGR graphics,Confirmed,True,False,,,,,,,,,,False,False
/pbr/pokegra.narc,/pbr/pokegra.narc!/member_01510,0,/pbr/pokegra.narc,501,1510,,6069444,6069516,6045680,6045752,72,6801bd04347aab4c84aa9afd7ed7a0a4652cd91916641014faa1bc617795e6e1,524c434efffe00014800000010000100,,NCLR palette,Confirmed,True,False,,,,,,,,,,False,False
/pbr/pokegra.narc,/pbr/pokegra.narc!/member_01511,0,/pbr/pokegra.narc,501,1511,,6069516,6069588,6045752,6045824,72,95eae032c61957407e057fbe997305c1dc6c8a32bd797be808511e0c2bfe7367,524c434efffe00014800000010000100,,NCLR palette,Confirmed,True,False,,,,,,,,,,False,False
/pbr/pokegra.narc,/pbr/pokegra.narc!/member_01512,0,/pbr/pokegra.narc,501,1512,,6069588,6076036,6045824,6052272,6448,56b3d19eefc2f3882e9cd56f776abb42c5a43c8485eb478a2b4dc24465f97df1,5247434efffe00013019000010000100,,NCGR graphics,Confirmed,True,False,,,,,,,,,,False,False
/pbr/pokegra.narc,/pbr/pokegra.narc!/member_01513,0,/pbr/pokegra.narc,501,1513,,6076036,6082484,6052272,6058720,6448,56b3d19eefc2f3882e9cd56f776abb42c5a43c8485eb478a2b4dc24465f97df1,5247434efffe00013019000010000100,,NCGR graphics,Confirmed,True,False,,,,,,,,,,False,False
/pbr/pokegra.narc,/pbr/pokegra.narc!/member_01514,0,/pbr/pokegra.narc,501,1514,,6082484,6088932,6058720,6065168,6448,bf7546bd2334458fbe1cc0f9b0cd6c8974a74b30bac328bc7e34038f21cb9036,5247434efffe00013019000010000100,,NCGR graphics,Confirmed,True,False,,,,,,,,,,False,False
/pbr/pokegra.narc,/pbr/pokegra.narc!/member_01515,0,/pbr/pokegra.narc,501,1515,,6088932,6095380,6065168,6071616,6448,bf7546bd2334458fbe1cc0f9b0cd6c8974a74b30bac328bc7e34038f21cb9036,5247434efffe00013019000010000100,,NCGR graphics,Confirmed,True,False,,,,,,,,,,False,False
/pbr/pokegra.narc,/pbr/pokegra.narc!/member_01516,0,/pbr/pokegra.narc,501,1516,,6095380,6095452,6071616,6071688,72,15132cbb4f998b9c1cce7ffba151dc273daf9af0831c755d7c70a7933adb974d,524c434efffe00014800000010000100,,NCLR palette,Confirmed,True,False,,,,,,,,,,False,False
/pbr/pokegra.narc,/pbr/pokegra.narc!/member_01517,0,/pbr/pokegra.narc,501,1517,,6095452,6095524,6071688,6071760,72,4c51b73b64946bbd6dbd8be42283ed492fea3168b9758d846b86334e876d0087,524c434efffe00014800000010000100,,NCLR palette,Confirmed,True,False,,,,,,,,,,False,False
/pbr/pokegra.narc,/pbr/pokegra.narc!/member_01518,0,/pbr/pokegra.narc,501,1518,,6095524,6101972,6071760,6078208,6448,c2cd25fe05e4aa56c9b19d3d6968c85126460e879494daab9bf808cef2222f02,5247434efffe00013019000010000100,,NCGR graphics,Confirmed,True,False,,,,,,,,,,False,False
/pbr/pokegra.narc,/pbr/pokegra.narc!/member_01519,0,/pbr/pokegra.narc,501,1519,,6101972,6108420,6078208,6084656,6448,c2cd25fe05e4aa56c9b19d3d6968c85126460e879494daab9bf808cef2222f02,5247434efffe00013019000010000100,,NCGR graphics,Confirmed,True,False,,,,,,,,,,False,False
/pbr/pokegra.narc,/pbr/pokegra.narc!/member_01520,0,/pbr/pokegra.narc,501,1520,,6108420,6114868,6084656,6091104,6448,9d9bc46ff1a3d1cfa5aa766097eb97879d7d39df621b27cda252054e7697b289,5247434efffe00013019000010000100,,NCGR graphics,Confirmed,True,False,,,,,,,,,,False,False
/pbr/pokegra.narc,/pbr/pokegra.narc!/member_01521,0,/pbr/pokegra.narc,501,1521,,6114868,6121316,6091104,6097552,6448,9d9bc46ff1a3d1cfa5aa766097eb97879d7d39df621b27cda252054e7697b289,5247434efffe00013019000010000100,,NCGR graphics,Confirmed,True,False,,,,,,,,,,False,False
/pbr/pokegra.narc,/pbr/pokegra.narc!/member_01522,0,/pbr/pokegra.narc,501,1522,,6121316,6121388,6097552,6097624,72,588bde3931cc317c2b516ccf3ecafa68a2e1fc9abd83798ca5e7012779e9f79c,524c434efffe00014800000010000100,,NCLR palette,Confirmed,True,False,,,,,,,,,,False,False
/pbr/pokegra.narc,/pbr/pokegra.narc!/member_01523,0,/pbr/pokegra.narc,501,1523,,6121388,6121460,6097624,6097696,72,de9132cd3b97a3d8ac2b593e4fec47f2e0ae6228ec4228912f10b9dac4bb11d3,524c434efffe00014800000010000100,,NCLR palette,Confirmed,True,False,,,,,,,,,,False,False
/pbr/pokegra.narc,/pbr/pokegra.narc!/member_01524,0,/pbr/pokegra.narc,501,1524,,6121460,6127908,6097696,6104144,6448,6243bc981b16b00cf5fd0f6a8871352740a589abefbe746a4e7dce5fe0631d20,5247434efffe00013019000010000100,,NCGR graphics,Confirmed,True,False,,,,,,,,,,False,False
/pbr/pokegra.narc,/pbr/pokegra.narc!/member_01525,0,/pbr/pokegra.narc,501,1525,,6127908,6134356,6104144,6110592,6448,6243bc981b16b00cf5fd0f6a8871352740a589abefbe746a4e7dce5fe0631d20,5247434efffe00013019000010000100,,NCGR graphics,Confirmed,True,False,,,,,,,,,,False,False
/pbr/pokegra.narc,/pbr/pokegra.narc!/member_01526,0,/pbr/pokegra.narc,501,1526,,6134356,6140804,6110592,6117040,6448,da3bef20dfa1404f5fa73544ddaa1488b29e61852cf2be2a00b9aa4757fd44f6,5247434efffe00013019000010000100,,NCGR graphics,Confirmed,True,False,,,,,,,,,,False,False
/pbr/pokegra.narc,/pbr/pokegra.narc!/member_01527,0,/pbr/pokegra.narc,501,1527,,6140804,6147252,6117040,6123488,6448,da3bef20dfa1404f5fa73544ddaa1488b29e61852cf2be2a00b9aa4757fd44f6,5247434efffe00013019000010000100,,NCGR graphics,Confirmed,True,False,,,,,,,,,,False,False
/pbr/pokegra.narc,/pbr/pokegra.narc!/member_01528,0,/pbr/pokegra.narc,501,1528,,6147252,6147324,6123488,6123560,72,33fa6c2ccdeff3a61152b1def268285a514e2167d0b6b5c72ca654224b3c6fbe,524c434efffe00014800000010000100,,NCLR palette,Confirmed,True,False,,,,,,,,,,False,False
/pbr/pokegra.narc,/pbr/pokegra.narc!/member_01529,0,/pbr/pokegra.narc,501,1529,,6147324,6147396,6123560,6123632,72,8a25320315f787de5f7ab725e8e232abe3db96c388b96978103a28d63e709911,524c434efffe00014800000010000100,,NCLR palette,Confirmed,True,False,,,,,,,,,,False,False
/pbr/pokegra.narc,/pbr/pokegra.narc!/member_01530,0,/pbr/pokegra.narc,501,1530,,6147396,6153844,6123632,6130080,6448,da59426fc25ab6a03834f3e329d8e42c8cae55a8763d568abe1c8d8bb2b0a77a,5247434efffe00013019000010000100,,NCGR graphics,Confirmed,True,False,,,,,,,,,,False,False
/pbr/pokegra.narc,/pbr/pokegra.narc!/member_01531,0,/pbr/pokegra.narc,501,1531,,6153844,6160292,6130080,6136528,6448,0c4a6365b7472f3408395a2ea289d150fac78c84d3053d7fff2a472a35cca31e,5247434efffe00013019000010000100,,NCGR graphics,Confirmed,True,False,,,,,,,,,,False,False
/pbr/pokegra.narc,/pbr/pokegra.narc!/member_01532,0,/pbr/pokegra.narc,501,1532,,6160292,6166740,6136528,6142976,6448,99dd721d979a58d27f5e9e6ebf9e0ccb682c9e3d4d1399c2aea425c845f27756,5247434efffe00013019000010000100,,NCGR graphics,Confirmed,True,False,,,,,,,,,,False,False
/pbr/pokegra.narc,/pbr/pokegra.narc!/member_01533,0,/pbr/pokegra.narc,501,1533,,6166740,6173188,6142976,6149424,6448,99dd721d979a58d27f5e9e6ebf9e0ccb682c9e3d4d1399c2aea425c845f27756,5247434efffe00013019000010000100,,NCGR graphics,Confirmed,True,False,,,,,,,,,,False,False
/pbr/pokegra.narc,/pbr/pokegra.narc!/member_01534,0,/pbr/pokegra.narc,501,1534,,6173188,6173260,6149424,6149496,72,cfcc691590b33b2b1963de21142bee069cdc8fa5a9cce27d2ee61a8f8c170c76,524c434efffe00014800000010000100,,NCLR palette,Confirmed,True,False,,,,,,,,,,False,False
/pbr/pokegra.narc,/pbr/pokegra.narc!/member_01535,0,/pbr/pokegra.narc,501,1535,,6173260,6173332,6149496,6149568,72,7ed3ee5292b20339611cc669c5f02b84ac28a7614812022d57f6393ba05bd81f,524c434efffe00014800000010000100,,NCLR palette,Confirmed,True,False,,,,,,,,,,False,False
/pbr/pokegra.narc,/pbr/pokegra.narc!/member_01536,0,/pbr/pokegra.narc,501,1536,,6173332,6179780,6149568,6156016,6448,d716e17b1801970f336ed59da2be6b790a879faf742f147a3c3ca2305e8ceaa7,5247434efffe00013019000010000100,,NCGR graphics,Confirmed,True,False,,,,,,,,,,False,False
/pbr/pokegra.narc,/pbr/pokegra.narc!/member_01537,0,/pbr/pokegra.narc,501,1537,,6179780,6186228,6156016,6162464,6448,b50fb0cdd32f43226017f32249d68d160dc9205772427f41c85a59ed6b1ebb7f,5247434efffe00013019000010000100,,NCGR graphics,Confirmed,True,False,,,,,,,,,,False,False
/pbr/pokegra.narc,/pbr/pokegra.narc!/member_01538,0,/pbr/pokegra.narc,501,1538,,6186228,6192676,6162464,6168912,6448,a9d05f58105e75e2357b8ccc3c4df828712e0f2e8a9732c944900c88995d03ea,5247434efffe00013019000010000100,,NCGR graphics,Confirmed,True,False,,,,,,,,,,False,False
/pbr/pokegra.narc,/pbr/pokegra.narc!/member_01539,0,/pbr/pokegra.narc,501,1539,,6192676,6199124,6168912,6175360,6448,c8132f93f9207b09c129027a12f569ec918ccb8588b9050735d270b85c6982fb,5247434efffe00013019000010000100,,NCGR graphics,Confirmed,True,False,,,,,,,,,,False,False
/pbr/pokegra.narc,/pbr/pokegra.narc!/member_01540,0,/pbr/pokegra.narc,501,1540,,6199124,6199196,6175360,6175432,72,5b81a4d1b411b9de4ac65c431f1938852a8e9029d33b98e6a2fba6948cf50415,524c434efffe00014800000010000100,,NCLR palette,Confirmed,True,False,,,,,,,,,,False,False
/pbr/pokegra.narc,/pbr/pokegra.narc!/member_01541,0,/pbr/pokegra.narc,501,1541,,6199196,6199268,6175432,6175504,72,531e5582e89150d2533a323cf21ca1a1ddacac4ca89b217cffbeab6ad467351d,524c434efffe00014800000010000100,,NCLR palette,Confirmed,True,False,,,,,,,,,,False,False
/pbr/pokegra.narc,/pbr/pokegra.narc!/member_01542,0,/pbr/pokegra.narc,501,1542,,6199268,6205716,6175504,6181952,6448,71e80ce3cd3b5b3c51f9b4423551b3e04aec5331343554bd1efd0a575f5e5ba1,5247434efffe00013019000010000100,,NCGR graphics,Confirmed,True,False,,,,,,,,,,False,False
/pbr/pokegra.narc,/pbr/pokegra.narc!/member_01543,0,/pbr/pokegra.narc,501,1543,,6205716,6212164,6181952,6188400,6448,875b07d09e0fbb5593c7381d40a705e2b6fad6a3b0eb79320efb96853837dd94,5247434efffe00013019000010000100,,NCGR graphics,Confirmed,True,False,,,,,,,,,,False,False
/pbr/pokegra.narc,/pbr/pokegra.narc!/member_01544,0,/pbr/pokegra.narc,501,1544,,6212164,6218612,6188400,6194848,6448,74838690795dcb1542993405c47c99a899c6e21a74b7564948bd138899d87437,5247434efffe00013019000010000100,,NCGR graphics,Confirmed,True,False,,,,,,,,,,False,False
/pbr/pokegra.narc,/pbr/pokegra.narc!/member_01545,0,/pbr/pokegra.narc,501,1545,,6218612,6225060,6194848,6201296,6448,c91dbd98a3f9ef666653e3ba748fb02b9b90ad7413510bd227b93ea89da2d53a,5247434efffe00013019000010000100,,NCGR graphics,Confirmed,True,False,,,,,,,,,,False,False
/pbr/pokegra.narc,/pbr/pokegra.narc!/member_01546,0,/pbr/pokegra.narc,501,1546,,6225060,6225132,6201296,6201368,72,911746871c3957aab05cdc8892beafac8f9592786ecf0a48a31bac999fe6436f,524c434efffe00014800000010000100,,NCLR palette,Confirmed,True,False,,,,,,,,,,False,False
/pbr/pokegra.narc,/pbr/pokegra.narc!/member_01547,0,/pbr/pokegra.narc,501,1547,,6225132,6225204,6201368,6201440,72,c92c03f60bad7b3404685c584ea429a4c5e3e72e39c38173730f19027c4aabb2,524c434efffe00014800000010000100,,NCLR palette,Confirmed,True,False,,,,,,,,,,False,False
/pbr/pokegra.narc,/pbr/pokegra.narc!/member_01548,0,/pbr/pokegra.narc,501,1548,,6225204,6231652,6201440,6207888,6448,9cf6aef78f13389041236700867e044d3d96c6564e0af7258d904bebf6f7bcbe,5247434efffe00013019000010000100,,NCGR graphics,Confirmed,True,False,,,,,,,,,,False,False
/pbr/pokegra.narc,/pbr/pokegra.narc!/member_01549,0,/pbr/pokegra.narc,501,1549,,6231652,6238100,6207888,6214336,6448,9cf6aef78f13389041236700867e044d3d96c6564e0af7258d904bebf6f7bcbe,5247434efffe00013019000010000100,,NCGR graphics,Confirmed,True,False,,,,,,,,,,False,False
/pbr/pokegra.narc,/pbr/pokegra.narc!/member_01550,0,/pbr/pokegra.narc,501,1550,,6238100,6244548,6214336,6220784,6448,664b76f83fd3cef461b38253261d1aa7f71d5e954a4f448b45b69c9507d34c48,5247434efffe00013019000010000100,,NCGR graphics,Confirmed,True,False,,,,,,,,,,False,False
/pbr/pokegra.narc,/pbr/pokegra.narc!/member_01551,0,/pbr/pokegra.narc,501,1551,,6244548,6250996,6220784,6227232,6448,664b76f83fd3cef461b38253261d1aa7f71d5e954a4f448b45b69c9507d34c48,5247434efffe00013019000010000100,,NCGR graphics,Confirmed,True,False,,,,,,,,,,False,False
/pbr/pokegra.narc,/pbr/pokegra.narc!/member_01552,0,/pbr/pokegra.narc,501,1552,,6250996,6251068,6227232,6227304,72,3990833408906475ba49e0b4bb0f8e609fe080af6e0a58e5fcb454e995ac0998,524c434efffe00014800000010000100,,NCLR palette,Confirmed,True,False,,,,,,,,,,False,False
/pbr/pokegra.narc,/pbr/pokegra.narc!/member_01553,0,/pbr/pokegra.narc,501,1553,,6251068,6251140,6227304,6227376,72,3084f1d2c45e219ca88d7ffe529b0ca865daaff5fcf5cb3eb2a85d49a8af9ec7,524c434efffe00014800000010000100,,NCLR palette,Confirmed,True,False,,,,,,,,,,False,False
/pbr/pokegra.narc,/pbr/pokegra.narc!/member_01554,0,/pbr/pokegra.narc,501,1554,,6251140,6257588,6227376,6233824,6448,f7422093950b23c6311715c547775be52ecf6eca0f788e48c8687f6115597f0f,5247434efffe00013019000010000100,,NCGR graphics,Confirmed,True,False,,,,,,,,,,False,False
/pbr/pokegra.narc,/pbr/pokegra.narc!/member_01555,0,/pbr/pokegra.narc,501,1555,,6257588,6264036,6233824,6240272,6448,f7422093950b23c6311715c547775be52ecf6eca0f788e48c8687f6115597f0f,5247434efffe00013019000010000100,,NCGR graphics,Confirmed,True,False,,,,,,,,,,False,False
/pbr/pokegra.narc,/pbr/pokegra.narc!/member_01556,0,/pbr/pokegra.narc,501,1556,,6264036,6270484,6240272,6246720,6448,3ab07bc9f369f52adff1e5a6cb7fd3f270d5dcdb1e1c52e8745449003c965f45,5247434efffe00013019000010000100,,NCGR graphics,Confirmed,True,False,,,,,,,,,,False,False
/pbr/pokegra.narc,/pbr/pokegra.narc!/member_01557,0,/pbr/pokegra.narc,501,1557,,6270484,6276932,6246720,6253168,6448,3ab07bc9f369f52adff1e5a6cb7fd3f270d5dcdb1e1c52e8745449003c965f45,5247434efffe00013019000010000100,,NCGR graphics,Confirmed,True,False,,,,,,,,,,False,False
/pbr/pokegra.narc,/pbr/pokegra.narc!/member_01558,0,/pbr/pokegra.narc,501,1558,,6276932,6277004,6253168,6253240,72,8d419bd65841f9fa6982daaee151e3284963f9ee6af437d8af679fecaae1d233,524c434efffe00014800000010000100,,NCLR palette,Confirmed,True,False,,,,,,,,,,False,False
/pbr/pokegra.narc,/pbr/pokegra.narc!/member_01559,0,/pbr/pokegra.narc,501,1559,,6277004,6277076,6253240,6253312,72,a7ec9844c0a17f58fa7fb3b8ce4b717b5b12626833e3037a56a0335eef320e1f,524c434efffe00014800000010000100,,NCLR palette,Confirmed,True,False,,,,,,,,,,False,False
/pbr/pokegra.narc,/pbr/pokegra.narc!/member_01560,0,/pbr/pokegra.narc,501,1560,,6277076,6283524,6253312,6259760,6448,88ef1fc58ba81e853da71d3556495534a30f8699c16ad2b7a23ca5973399b23e,5247434efffe00013019000010000100,,NCGR graphics,Confirmed,True,False,,,,,,,,,,False,False
/pbr/pokegra.narc,/pbr/pokegra.narc!/member_01561,0,/pbr/pokegra.narc,501,1561,,6283524,6289972,6259760,6266208,6448,88ef1fc58ba81e853da71d3556495534a30f8699c16ad2b7a23ca5973399b23e,5247434efffe00013019000010000100,,NCGR graphics,Confirmed,True,False,,,,,,,,,,False,False
/pbr/pokegra.narc,/pbr/pokegra.narc!/member_01562,0,/pbr/pokegra.narc,501,1562,,6289972,6296420,6266208,6272656,6448,a20918fea4990b5bfed86616b3587d17d37cc17dd66a316a98af1f0a1bb99371,5247434efffe00013019000010000100,,NCGR graphics,Confirmed,True,False,,,,,,,,,,False,False
/pbr/pokegra.narc,/pbr/pokegra.narc!/member_01563,0,/pbr/pokegra.narc,501,1563,,6296420,6302868,6272656,6279104,6448,a20918fea4990b5bfed86616b3587d17d37cc17dd66a316a98af1f0a1bb99371,5247434efffe00013019000010000100,,NCGR graphics,Confirmed,True,False,,,,,,,,,,False,False
/pbr/pokegra.narc,/pbr/pokegra.narc!/member_01564,0,/pbr/pokegra.narc,501,1564,,6302868,6302940,6279104,6279176,72,f28c2e8a18c7ec6ac6ed3894b4592111a81cbecffc4e28bfa99f21ec09e3ee73,524c434efffe00014800000010000100,,NCLR palette,Confirmed,True,False,,,,,,,,,,False,False
/pbr/pokegra.narc,/pbr/pokegra.narc!/member_01565,0,/pbr/pokegra.narc,501,1565,,6302940,6303012,6279176,6279248,72,39e9a8e4d69ec9cada19973f9ed699a10e990083068ebc415b1ccec224709442,524c434efffe00014800000010000100,,NCLR palette,Confirmed,True,False,,,,,,,,,,False,False
/pbr/pokegra.narc,/pbr/pokegra.narc!/member_01566,0,/pbr/pokegra.narc,501,1566,,6303012,6309460,6279248,6285696,6448,b978de3253b16ce60fbabb0e4ddeef529c5ed4a6a32a7bd1f714fbceb79a4c37,5247434efffe00013019000010000100,,NCGR graphics,Confirmed,True,False,,,,,,,,,,False,False
/pbr/pokegra.narc,/pbr/pokegra.narc!/member_01567,0,/pbr/pokegra.narc,501,1567,,6309460,6315908,6285696,6292144,6448,b978de3253b16ce60fbabb0e4ddeef529c5ed4a6a32a7bd1f714fbceb79a4c37,5247434efffe00013019000010000100,,NCGR graphics,Confirmed,True,False,,,,,,,,,,False,False
/pbr/pokegra.narc,/pbr/pokegra.narc!/member_01568,0,/pbr/pokegra.narc,501,1568,,6315908,6322356,6292144,6298592,6448,3fb2f9c7a9dbf2c5eab23dcfb47882571ca998ad81c4647d67ae1d0389b1f40d,5247434efffe00013019000010000100,,NCGR graphics,Confirmed,True,False,,,,,,,,,,False,False
/pbr/pokegra.narc,/pbr/pokegra.narc!/member_01569,0,/pbr/pokegra.narc,501,1569,,6322356,6328804,6298592,6305040,6448,3fb2f9c7a9dbf2c5eab23dcfb47882571ca998ad81c4647d67ae1d0389b1f40d,5247434efffe00013019000010000100,,NCGR graphics,Confirmed,True,False,,,,,,,,,,False,False
/pbr/pokegra.narc,/pbr/pokegra.narc!/member_01570,0,/pbr/pokegra.narc,501,1570,,6328804,6328876,6305040,6305112,72,d2917f899767c8569b554c38750ab3ef6969bfb955a3caf36826df24a9b81d5d,524c434efffe00014800000010000100,,NCLR palette,Confirmed,True,False,,,,,,,,,,False,False
/pbr/pokegra.narc,/pbr/pokegra.narc!/member_01571,0,/pbr/pokegra.narc,501,1571,,6328876,6328948,6305112,6305184,72,5000847654d7ccaabe6a48c11ef55c6aeb53a743917c72b37bf49df73118ad48,524c434efffe00014800000010000100,,NCLR palette,Confirmed,True,False,,,,,,,,,,False,False
/pbr/pokegra.narc,/pbr/pokegra.narc!/member_01572,0,/pbr/pokegra.narc,501,1572,,6328948,6335396,6305184,6311632,6448,65744f73e4879c3cf2d88ecb43c82449af77a8bd78e6a75571e811028d1a8100,5247434efffe00013019000010000100,,NCGR graphics,Confirmed,True,False,,,,,,,,,,False,False
/pbr/pokegra.narc,/pbr/pokegra.narc!/member_01573,0,/pbr/pokegra.narc,501,1573,,6335396,6341844,6311632,6318080,6448,65744f73e4879c3cf2d88ecb43c82449af77a8bd78e6a75571e811028d1a8100,5247434efffe00013019000010000100,,NCGR graphics,Confirmed,True,False,,,,,,,,,,False,False
/pbr/pokegra.narc,/pbr/pokegra.narc!/member_01574,0,/pbr/pokegra.narc,501,1574,,6341844,6348292,6318080,6324528,6448,8f58b4dac213ad2bf8fc64be83d4f7090c5764ea2f1e57721370a5c145c7703c,5247434efffe00013019000010000100,,NCGR graphics,Confirmed,True,False,,,,,,,,,,False,False
/pbr/pokegra.narc,/pbr/pokegra.narc!/member_01575,0,/pbr/pokegra.narc,501,1575,,6348292,6354740,6324528,6330976,6448,8f58b4dac213ad2bf8fc64be83d4f7090c5764ea2f1e57721370a5c145c7703c,5247434efffe00013019000010000100,,NCGR graphics,Confirmed,True,False,,,,,,,,,,False,False
/pbr/pokegra.narc,/pbr/pokegra.narc!/member_01576,0,/pbr/pokegra.narc,501,1576,,6354740,6354812,6330976,6331048,72,d0222b31c925cd354cd0cd368b42c77e7d6120afea302639932970851a0686f0,524c434efffe00014800000010000100,,NCLR palette,Confirmed,True,False,,,,,,,,,,False,False
/pbr/pokegra.narc,/pbr/pokegra.narc!/member_01577,0,/pbr/pokegra.narc,501,1577,,6354812,6354884,6331048,6331120,72,766ac0788e36c607d8ccc695116d9c5be1c8dd8582c1db129c7452dd055190b7,524c434efffe00014800000010000100,,NCLR palette,Confirmed,True,False,,,,,,,,,,False,False
/pbr/pokegra.narc,/pbr/pokegra.narc!/member_01578,0,/pbr/pokegra.narc,501,1578,,6354884,6361332,6331120,6337568,6448,ab05db20ce512910b92995ea53cea11debd9e23712fd2f91912ddbac9785f267,5247434efffe00013019000010000100,,NCGR graphics,Confirmed,True,False,,,,,,,,,,False,False
/pbr/pokegra.narc,/pbr/pokegra.narc!/member_01579,0,/pbr/pokegra.narc,501,1579,,6361332,6367780,6337568,6344016,6448,ab05db20ce512910b92995ea53cea11debd9e23712fd2f91912ddbac9785f267,5247434efffe00013019000010000100,,NCGR graphics,Confirmed,True,False,,,,,,,,,,False,False
/pbr/pokegra.narc,/pbr/pokegra.narc!/member_01580,0,/pbr/pokegra.narc,501,1580,,6367780,6374228,6344016,6350464,6448,d3a54866dac4ab5b494b8ce35bb7e04ba2d17267414af6c251edb4d6f29fa3a8,5247434efffe00013019000010000100,,NCGR graphics,Confirmed,True,False,,,,,,,,,,False,False
/pbr/pokegra.narc,/pbr/pokegra.narc!/member_01581,0,/pbr/pokegra.narc,501,1581,,6374228,6380676,6350464,6356912,6448,d3a54866dac4ab5b494b8ce35bb7e04ba2d17267414af6c251edb4d6f29fa3a8,5247434efffe00013019000010000100,,NCGR graphics,Confirmed,True,False,,,,,,,,,,False,False
/pbr/pokegra.narc,/pbr/pokegra.narc!/member_01582,0,/pbr/pokegra.narc,501,1582,,6380676,6380748,6356912,6356984,72,b37117bb3f0126a434b792424f0930fd29eeb9ace7824acfed15efa9e75c604e,524c434efffe00014800000010000100,,NCLR palette,Confirmed,True,False,,,,,,,,,,False,False
/pbr/pokegra.narc,/pbr/pokegra.narc!/member_01583,0,/pbr/pokegra.narc,501,1583,,6380748,6380820,6356984,6357056,72,6d52013cf63f8bd098a2cc43389ca7f01e66581785907424144a59825758ce2b,524c434efffe00014800000010000100,,NCLR palette,Confirmed,True,False,,,,,,,,,,False,False
/pbr/pokegra.narc,/pbr/pokegra.narc!/member_01584,0,/pbr/pokegra.narc,501,1584,,6380820,6387268,6357056,6363504,6448,71e0e2378d14184f936184390454005e83206ff176f1e1d46cf67ff3ab6f51e2,5247434efffe00013019000010000100,,NCGR graphics,Confirmed,True,False,,,,,,,,,,False,False
/pbr/pokegra.narc,/pbr/pokegra.narc!/member_01585,0,/pbr/pokegra.narc,501,1585,,6387268,6393716,6363504,6369952,6448,71e0e2378d14184f936184390454005e83206ff176f1e1d46cf67ff3ab6f51e2,5247434efffe00013019000010000100,,NCGR graphics,Confirmed,True,False,,,,,,,,,,False,False
/pbr/pokegra.narc,/pbr/pokegra.narc!/member_01586,0,/pbr/pokegra.narc,501,1586,,6393716,6400164,6369952,6376400,6448,9bbf252e548a27a12286264f9bf12bab51f6eb3144fbce87d47bf5b6328a8560,5247434efffe00013019000010000100,,NCGR graphics,Confirmed,True,False,,,,,,,,,,False,False
/pbr/pokegra.narc,/pbr/pokegra.narc!/member_01587,0,/pbr/pokegra.narc,501,1587,,6400164,6406612,6376400,6382848,6448,9bbf252e548a27a12286264f9bf12bab51f6eb3144fbce87d47bf5b6328a8560,5247434efffe00013019000010000100,,NCGR graphics,Confirmed,True,False,,,,,,,,,,False,False
/pbr/pokegra.narc,/pbr/pokegra.narc!/member_01588,0,/pbr/pokegra.narc,501,1588,,6406612,6406684,6382848,6382920,72,8523a1662b0133d6151c56103c6e2fce0d3e329660d101edf082b57bcd7a3b5e,524c434efffe00014800000010000100,,NCLR palette,Confirmed,True,False,,,,,,,,,,False,False
/pbr/pokegra.narc,/pbr/pokegra.narc!/member_01589,0,/pbr/pokegra.narc,501,1589,,6406684,6406756,6382920,6382992,72,708bdb3b5326ba23777655f5f1a292c24a646661a93de16857c8f567c4099fe1,524c434efffe00014800000010000100,,NCLR palette,Confirmed,True,False,,,,,,,,,,False,False
/pbr/pokegra.narc,/pbr/pokegra.narc!/member_01590,0,/pbr/pokegra.narc,501,1590,,6406756,6413204,6382992,6389440,6448,0511a5d7aec16a5d8e5322e47f4098d940088007950000fa2bcf9809528d09b8,5247434efffe00013019000010000100,,NCGR graphics,Confirmed,True,False,,,,,,,,,,False,False
/pbr/pokegra.narc,/pbr/pokegra.narc!/member_01591,0,/pbr/pokegra.narc,501,1591,,6413204,6419652,6389440,6395888,6448,0511a5d7aec16a5d8e5322e47f4098d940088007950000fa2bcf9809528d09b8,5247434efffe00013019000010000100,,NCGR graphics,Confirmed,True,False,,,,,,,,,,False,False
/pbr/pokegra.narc,/pbr/pokegra.narc!/member_01592,0,/pbr/pokegra.narc,501,1592,,6419652,6426100,6395888,6402336,6448,8e0e92c7531d3e0c838e8212c0e43dac4365e91e256b6af76c0840514c63e7f3,5247434efffe00013019000010000100,,NCGR graphics,Confirmed,True,False,,,,,,,,,,False,False
/pbr/pokegra.narc,/pbr/pokegra.narc!/member_01593,0,/pbr/pokegra.narc,501,1593,,6426100,6432548,6402336,6408784,6448,8e0e92c7531d3e0c838e8212c0e43dac4365e91e256b6af76c0840514c63e7f3,5247434efffe00013019000010000100,,NCGR graphics,Confirmed,True,False,,,,,,,,,,False,False
/pbr/pokegra.narc,/pbr/pokegra.narc!/member_01594,0,/pbr/pokegra.narc,501,1594,,6432548,6432620,6408784,6408856,72,d5e1fd1089895e633ad07b084b8796344114563c50572c7fb2fb4a6142f77668,524c434efffe00014800000010000100,,NCLR palette,Confirmed,True,False,,,,,,,,,,False,False
/pbr/pokegra.narc,/pbr/pokegra.narc!/member_01595,0,/pbr/pokegra.narc,501,1595,,6432620,6432692,6408856,6408928,72,a143472febdb4261c77fc5fce94576aff7c0cac3cdd1bac074078e76e326ad74,524c434efffe00014800000010000100,,NCLR palette,Confirmed,True,False,,,,,,,,,,False,False
/pbr/pokegra.narc,/pbr/pokegra.narc!/member_01596,0,/pbr/pokegra.narc,501,1596,,6432692,6439140,6408928,6415376,6448,dd54b20d38511cd588a875c03a98b8dfb584e2ddbfed2a60219f67bc6cb1a98f,5247434efffe00013019000010000100,,NCGR graphics,Confirmed,True,False,,,,,,,,,,False,False
/pbr/pokegra.narc,/pbr/pokegra.narc!/member_01597,0,/pbr/pokegra.narc,501,1597,,6439140,6445588,6415376,6421824,6448,dd54b20d38511cd588a875c03a98b8dfb584e2ddbfed2a60219f67bc6cb1a98f,5247434efffe00013019000010000100,,NCGR graphics,Confirmed,True,False,,,,,,,,,,False,False
/pbr/pokegra.narc,/pbr/pokegra.narc!/member_01598,0,/pbr/pokegra.narc,501,1598,,6445588,6452036,6421824,6428272,6448,71eb27f6e5856a9cb235046944e77d132940da2493e664a235aad21b56770fc5,5247434efffe00013019000010000100,,NCGR graphics,Confirmed,True,False,,,,,,,,,,False,False
/pbr/pokegra.narc,/pbr/pokegra.narc!/member_01599,0,/pbr/pokegra.narc,501,1599,,6452036,6458484,6428272,6434720,6448,71eb27f6e5856a9cb235046944e77d132940da2493e664a235aad21b56770fc5,5247434efffe00013019000010000100,,NCGR graphics,Confirmed,True,False,,,,,,,,,,False,False
/pbr/pokegra.narc,/pbr/pokegra.narc!/member_01600,0,/pbr/pokegra.narc,501,1600,,6458484,6458556,6434720,6434792,72,69c22211f785540b4059fc21ec42710de6bfd15cbe0105956c85ee1fe87275c0,524c434efffe00014800000010000100,,NCLR palette,Confirmed,True,False,,,,,,,,,,False,False
/pbr/pokegra.narc,/pbr/pokegra.narc!/member_01601,0,/pbr/pokegra.narc,501,1601,,6458556,6458628,6434792,6434864,72,d5c3957103ebc8d965dacf994fa228dd82737785e6adf1e08c617933806b7ee6,524c434efffe00014800000010000100,,NCLR palette,Confirmed,True,False,,,,,,,,,,False,False
/pbr/pokegra.narc,/pbr/pokegra.narc!/member_01602,0,/pbr/pokegra.narc,501,1602,,6458628,6465076,6434864,6441312,6448,27272928d7d1ab4ec21f56af559bd2f92890ae4bc8f51b4fe69d0547e9f6af9d,5247434efffe00013019000010000100,,NCGR graphics,Confirmed,True,False,,,,,,,,,,False,False
/pbr/pokegra.narc,/pbr/pokegra.narc!/member_01603,0,/pbr/pokegra.narc,501,1603,,6465076,6471524,6441312,6447760,6448,521c03161799cb24a84e12c9f5894637c276e869c90c755f88ccd6732757daf8,5247434efffe00013019000010000100,,NCGR graphics,Confirmed,True,False,,,,,,,,,,False,False
/pbr/pokegra.narc,/pbr/pokegra.narc!/member_01604,0,/pbr/pokegra.narc,501,1604,,6471524,6477972,6447760,6454208,6448,3b692acfb7620ded2f099bd59247e789f715ce306256a2b77086347b1c6c72d1,5247434efffe00013019000010000100,,NCGR graphics,Confirmed,True,False,,,,,,,,,,False,False
/pbr/pokegra.narc,/pbr/pokegra.narc!/member_01605,0,/pbr/pokegra.narc,501,1605,,6477972,6484420,6454208,6460656,6448,a2c9c8b5557b2e3ec4fd488bbf8058a9d8e5b78173efe7f16c57306bb6774534,5247434efffe00013019000010000100,,NCGR graphics,Confirmed,True,False,,,,,,,,,,False,False
/pbr/pokegra.narc,/pbr/pokegra.narc!/member_01606,0,/pbr/pokegra.narc,501,1606,,6484420,6484492,6460656,6460728,72,8aafbd5e02e4fd950f0a29da61ab469edbbe72102a14f6cd6bf9d060c1e4da85,524c434efffe00014800000010000100,,NCLR palette,Confirmed,True,False,,,,,,,,,,False,False
/pbr/pokegra.narc,/pbr/pokegra.narc!/member_01607,0,/pbr/pokegra.narc,501,1607,,6484492,6484564,6460728,6460800,72,cc32351bf94213e7a39bd45ee49d06f94d8b8699a4e9e779fa1805a1ebfa82ed,524c434efffe00014800000010000100,,NCLR palette,Confirmed,True,False,,,,,,,,,,False,False
/pbr/pokegra.narc,/pbr/pokegra.narc!/member_01608,0,/pbr/pokegra.narc,501,1608,,6484564,6491012,6460800,6467248,6448,6a63e0f951c6c0bc8b0edde3d58e9b69eb241ff698260db12a35a853a08e69ff,5247434efffe00013019000010000100,,NCGR graphics,Confirmed,True,False,,,,,,,,,,False,False
/pbr/pokegra.narc,/pbr/pokegra.narc!/member_01609,0,/pbr/pokegra.narc,501,1609,,6491012,6497460,6467248,6473696,6448,6a63e0f951c6c0bc8b0edde3d58e9b69eb241ff698260db12a35a853a08e69ff,5247434efffe00013019000010000100,,NCGR graphics,Confirmed,True,False,,,,,,,,,,False,False
/pbr/pokegra.narc,/pbr/pokegra.narc!/member_01610,0,/pbr/pokegra.narc,501,1610,,6497460,6503908,6473696,6480144,6448,8ecc122d52a85aeaf87c3c287d0f28752cf477d59b215f303fccc9ec2f4b5447,5247434efffe00013019000010000100,,NCGR graphics,Confirmed,True,False,,,,,,,,,,False,False
/pbr/pokegra.narc,/pbr/pokegra.narc!/member_01611,0,/pbr/pokegra.narc,501,1611,,6503908,6510356,6480144,6486592,6448,8ecc122d52a85aeaf87c3c287d0f28752cf477d59b215f303fccc9ec2f4b5447,5247434efffe00013019000010000100,,NCGR graphics,Confirmed,True,False,,,,,,,,,,False,False
/pbr/pokegra.narc,/pbr/pokegra.narc!/member_01612,0,/pbr/pokegra.narc,501,1612,,6510356,6510428,6486592,6486664,72,b5cbc81a03491ea1f66c102c08a746f6b434f0b33d6ba1fe3626d90b987f7062,524c434efffe00014800000010000100,,NCLR palette,Confirmed,True,False,,,,,,,,,,False,False
/pbr/pokegra.narc,/pbr/pokegra.narc!/member_01613,0,/pbr/pokegra.narc,501,1613,,6510428,6510500,6486664,6486736,72,0c45b50c7c1863f76c083f7b66d2f63336802dc85d0b9961dd0f84c6f0a1188b,524c434efffe00014800000010000100,,NCLR palette,Confirmed,True,False,,,,,,,,,,False,False
/pbr/pokegra.narc,/pbr/pokegra.narc!/member_01614,0,/pbr/pokegra.narc,501,1614,,6510500,6516948,6486736,6493184,6448,4f192eeaeed885865795acdb4ad24b2e3740e71970533f6af0fcaeda4ec15ecf,5247434efffe00013019000010000100,,NCGR graphics,Confirmed,True,False,,,,,,,,,,False,False
/pbr/pokegra.narc,/pbr/pokegra.narc!/member_01615,0,/pbr/pokegra.narc,501,1615,,6516948,6523396,6493184,6499632,6448,c00b6eddd82bfc5c26ac6694daa432423046bfb8c58da55072e2ff499a41ff26,5247434efffe00013019000010000100,,NCGR graphics,Confirmed,True,False,,,,,,,,,,False,False
/pbr/pokegra.narc,/pbr/pokegra.narc!/member_01616,0,/pbr/pokegra.narc,501,1616,,6523396,6529844,6499632,6506080,6448,64a11a4bb918d5e782b35e44bab9317c06953ea059c1d40454f03a0699ea27d6,5247434efffe00013019000010000100,,NCGR graphics,Confirmed,True,False,,,,,,,,,,False,False
/pbr/pokegra.narc,/pbr/pokegra.narc!/member_01617,0,/pbr/pokegra.narc,501,1617,,6529844,6536292,6506080,6512528,6448,9c8b6e64871ae3b60194fdda5cf5720cdbfaaca75ba002f90143eee86778a2cf,5247434efffe00013019000010000100,,NCGR graphics,Confirmed,True,False,,,,,,,,,,False,False
/pbr/pokegra.narc,/pbr/pokegra.narc!/member_01618,0,/pbr/pokegra.narc,501,1618,,6536292,6536364,6512528,6512600,72,08a3e0deaa3cfdd5a2060878197b95859175947c8582b8b8c09477c8e17412eb,524c434efffe00014800000010000100,,NCLR palette,Confirmed,True,False,,,,,,,,,,False,False
/pbr/pokegra.narc,/pbr/pokegra.narc!/member_01619,0,/pbr/pokegra.narc,501,1619,,6536364,6536436,6512600,6512672,72,ce29e7c8d434c0b13a479e2fc9cc685cb3697f6373927dbc7136ec4199db54e0,524c434efffe00014800000010000100,,NCLR palette,Confirmed,True,False,,,,,,,,,,False,False
/pbr/pokegra.narc,/pbr/pokegra.narc!/member_01620,0,/pbr/pokegra.narc,501,1620,,6536436,6542884,6512672,6519120,6448,b57c0d479f5204fb29f6e1aaed9e10e032f64c098f9258a563a44bfa639a672e,5247434efffe00013019000010000100,,NCGR graphics,Confirmed,True,False,,,,,,,,,,False,False
/pbr/pokegra.narc,/pbr/pokegra.narc!/member_01621,0,/pbr/pokegra.narc,501,1621,,6542884,6549332,6519120,6525568,6448,b57c0d479f5204fb29f6e1aaed9e10e032f64c098f9258a563a44bfa639a672e,5247434efffe00013019000010000100,,NCGR graphics,Confirmed,True,False,,,,,,,,,,False,False
/pbr/pokegra.narc,/pbr/pokegra.narc!/member_01622,0,/pbr/pokegra.narc,501,1622,,6549332,6555780,6525568,6532016,6448,9ab991893c5142d951ba769f1e89fdf94625589ea341c5f99859cfb106a6f370,5247434efffe00013019000010000100,,NCGR graphics,Confirmed,True,False,,,,,,,,,,False,False
/pbr/pokegra.narc,/pbr/pokegra.narc!/member_01623,0,/pbr/pokegra.narc,501,1623,,6555780,6562228,6532016,6538464,6448,9ab991893c5142d951ba769f1e89fdf94625589ea341c5f99859cfb106a6f370,5247434efffe00013019000010000100,,NCGR graphics,Confirmed,True,False,,,,,,,,,,False,False
/pbr/pokegra.narc,/pbr/pokegra.narc!/member_01624,0,/pbr/pokegra.narc,501,1624,,6562228,6562300,6538464,6538536,72,1e2a1280b177bdc177f1ccc1be6d207a5083c96ac1c6da3dded75a93baab5f06,524c434efffe00014800000010000100,,NCLR palette,Confirmed,True,False,,,,,,,,,,False,False
/pbr/pokegra.narc,/pbr/pokegra.narc!/member_01625,0,/pbr/pokegra.narc,501,1625,,6562300,6562372,6538536,6538608,72,294464a1c2e410dafe1ddd5149a7519b9a2713c011e004629cd37a0b1d4ac2fa,524c434efffe00014800000010000100,,NCLR palette,Confirmed,True,False,,,,,,,,,,False,False
/pbr/pokegra.narc,/pbr/pokegra.narc!/member_01626,0,/pbr/pokegra.narc,501,1626,,6562372,6568820,6538608,6545056,6448,9b6bf277ac270ea53f19c6b26c171f2f4186eb71e89d76c37eac895d77c49d5e,5247434efffe00013019000010000100,,NCGR graphics,Confirmed,True,False,,,,,,,,,,False,False
/pbr/pokegra.narc,/pbr/pokegra.narc!/member_01627,0,/pbr/pokegra.narc,501,1627,,6568820,6575268,6545056,6551504,6448,9b6bf277ac270ea53f19c6b26c171f2f4186eb71e89d76c37eac895d77c49d5e,5247434efffe00013019000010000100,,NCGR graphics,Confirmed,True,False,,,,,,,,,,False,False
/pbr/pokegra.narc,/pbr/pokegra.narc!/member_01628,0,/pbr/pokegra.narc,501,1628,,6575268,6581716,6551504,6557952,6448,3151ba1a8be42c09b95d3dae303debdd4534840ce9d53a48092b2aafc163cbaa,5247434efffe00013019000010000100,,NCGR graphics,Confirmed,True,False,,,,,,,,,,False,False
/pbr/pokegra.narc,/pbr/pokegra.narc!/member_01629,0,/pbr/pokegra.narc,501,1629,,6581716,6588164,6557952,6564400,6448,3151ba1a8be42c09b95d3dae303debdd4534840ce9d53a48092b2aafc163cbaa,5247434efffe00013019000010000100,,NCGR graphics,Confirmed,True,False,,,,,,,,,,False,False
/pbr/pokegra.narc,/pbr/pokegra.narc!/member_01630,0,/pbr/pokegra.narc,501,1630,,6588164,6588236,6564400,6564472,72,f80ee704e0b1d2039f98c971b9343cbdb390af5f6a5eb0c17b307cb25c30bcce,524c434efffe00014800000010000100,,NCLR palette,Confirmed,True,False,,,,,,,,,,False,False
/pbr/pokegra.narc,/pbr/pokegra.narc!/member_01631,0,/pbr/pokegra.narc,501,1631,,6588236,6588308,6564472,6564544,72,49d03d94ae9bf284f2ed2a35749be1a91c9c42d23b1a7fa8ccf9741eba0e455a,524c434efffe00014800000010000100,,NCLR palette,Confirmed,True,False,,,,,,,,,,False,False
/pbr/pokegra.narc,/pbr/pokegra.narc!/member_01632,0,/pbr/pokegra.narc,501,1632,,6588308,6594756,6564544,6570992,6448,f33603d8c804496e32d265e750c4507e9d3597d5bf8f518a273fe9db73a76dee,5247434efffe00013019000010000100,,NCGR graphics,Confirmed,True,False,,,,,,,,,,False,False
/pbr/pokegra.narc,/pbr/pokegra.narc!/member_01633,0,/pbr/pokegra.narc,501,1633,,6594756,6601204,6570992,6577440,6448,6a133e468554065738313410ce4682cfcda6d398ba066992e294dad644c28a45,5247434efffe00013019000010000100,,NCGR graphics,Confirmed,True,False,,,,,,,,,,False,False
/pbr/pokegra.narc,/pbr/pokegra.narc!/member_01634,0,/pbr/pokegra.narc,501,1634,,6601204,6607652,6577440,6583888,6448,7782f703e5d6907c2de198831ab062f51090a6e09b8401ee20a5ac9b87020c8c,5247434efffe00013019000010000100,,NCGR graphics,Confirmed,True,False,,,,,,,,,,False,False
/pbr/pokegra.narc,/pbr/pokegra.narc!/member_01635,0,/pbr/pokegra.narc,501,1635,,6607652,6614100,6583888,6590336,6448,e3118715e4b8d307f46401721831198888626368e4c722a22f1a330355fa99bf,5247434efffe00013019000010000100,,NCGR graphics,Confirmed,True,False,,,,,,,,,,False,False
/pbr/pokegra.narc,/pbr/pokegra.narc!/member_01636,0,/pbr/pokegra.narc,501,1636,,6614100,6614172,6590336,6590408,72,a61e2e67d3b97f0d0bdbab6324d9c237de39aa2c0393ff1f19165f1e29d96561,524c434efffe00014800000010000100,,NCLR palette,Confirmed,True,False,,,,,,,,,,False,False
/pbr/pokegra.narc,/pbr/pokegra.narc!/member_01637,0,/pbr/pokegra.narc,501,1637,,6614172,6614244,6590408,6590480,72,4bd8a28f432290d8517bd12beb089935522dde145428a66029041b2744f61cd2,524c434efffe00014800000010000100,,NCLR palette,Confirmed,True,False,,,,,,,,,,False,False
/pbr/pokegra.narc,/pbr/pokegra.narc!/member_01638,0,/pbr/pokegra.narc,501,1638,,6614244,6620692,6590480,6596928,6448,628ad9db47a3f24afe6d79a2185dc9a46c7c2cea8827a57b233296031c63ffcb,5247434efffe00013019000010000100,,NCGR graphics,Confirmed,True,False,,,,,,,,,,False,False
/pbr/pokegra.narc,/pbr/pokegra.narc!/member_01639,0,/pbr/pokegra.narc,501,1639,,6620692,6627140,6596928,6603376,6448,628ad9db47a3f24afe6d79a2185dc9a46c7c2cea8827a57b233296031c63ffcb,5247434efffe00013019000010000100,,NCGR graphics,Confirmed,True,False,,,,,,,,,,False,False
/pbr/pokegra.narc,/pbr/pokegra.narc!/member_01640,0,/pbr/pokegra.narc,501,1640,,6627140,6633588,6603376,6609824,6448,4b1bd243ac398ba91358428a38a217d60fd9679f344b60b0a7740fde8f092c76,5247434efffe00013019000010000100,,NCGR graphics,Confirmed,True,False,,,,,,,,,,False,False
/pbr/pokegra.narc,/pbr/pokegra.narc!/member_01641,0,/pbr/pokegra.narc,501,1641,,6633588,6640036,6609824,6616272,6448,4b1bd243ac398ba91358428a38a217d60fd9679f344b60b0a7740fde8f092c76,5247434efffe00013019000010000100,,NCGR graphics,Confirmed,True,False,,,,,,,,,,False,False
/pbr/pokegra.narc,/pbr/pokegra.narc!/member_01642,0,/pbr/pokegra.narc,501,1642,,6640036,6640108,6616272,6616344,72,17b0ba6042a37e801b1129ba89f92105f5a2bd788a22379933066d03de2a3a93,524c434efffe00014800000010000100,,NCLR palette,Confirmed,True,False,,,,,,,,,,False,False
/pbr/pokegra.narc,/pbr/pokegra.narc!/member_01643,0,/pbr/pokegra.narc,501,1643,,6640108,6640180,6616344,6616416,72,f8a3d0aaf191d1e9de125e31b82f7527a8f9897b6717f3efb5d1ad96c20c945e,524c434efffe00014800000010000100,,NCLR palette,Confirmed,True,False,,,,,,,,,,False,False
/pbr/pokegra.narc,/pbr/pokegra.narc!/member_01644,0,/pbr/pokegra.narc,501,1644,,6640180,6646628,6616416,6622864,6448,8611c5171381629ae98b9fa3330e208960ad19b2e1e5146365a1698658bff5b7,5247434efffe00013019000010000100,,NCGR graphics,Confirmed,True,False,,,,,,,,,,False,False
/pbr/pokegra.narc,/pbr/pokegra.narc!/member_01645,0,/pbr/pokegra.narc,501,1645,,6646628,6653076,6622864,6629312,6448,fd8b3b6b85f130628bd99e4c4bd1a087fa6e0a3b93d8d8c7433099ba84acf608,5247434efffe00013019000010000100,,NCGR graphics,Confirmed,True,False,,,,,,,,,,False,False
/pbr/pokegra.narc,/pbr/pokegra.narc!/member_01646,0,/pbr/pokegra.narc,501,1646,,6653076,6659524,6629312,6635760,6448,99b2e9d28fb83bd0bcc93ede539dffc0e403d79d8ac53a6e636e3d7d2645a3a2,5247434efffe00013019000010000100,,NCGR graphics,Confirmed,True,False,,,,,,,,,,False,False
/pbr/pokegra.narc,/pbr/pokegra.narc!/member_01647,0,/pbr/pokegra.narc,501,1647,,6659524,6665972,6635760,6642208,6448,1777a7cda0c684586599176ede21d9619ef0a11e9c941a40089618b7ec0b892e,5247434efffe00013019000010000100,,NCGR graphics,Confirmed,True,False,,,,,,,,,,False,False
/pbr/pokegra.narc,/pbr/pokegra.narc!/member_01648,0,/pbr/pokegra.narc,501,1648,,6665972,6666044,6642208,6642280,72,8fdfe7f479b2ad545b093c7b9a5e894e2d1cd8d55a4b76ec308817bde1658a14,524c434efffe00014800000010000100,,NCLR palette,Confirmed,True,False,,,,,,,,,,False,False
/pbr/pokegra.narc,/pbr/pokegra.narc!/member_01649,0,/pbr/pokegra.narc,501,1649,,6666044,6666116,6642280,6642352,72,16b4aeb0709c210debe02a5a87b27a450c8803ff53d8fea44e3f35edcc801c08,524c434efffe00014800000010000100,,NCLR palette,Confirmed,True,False,,,,,,,,,,False,False
/pbr/pokegra.narc,/pbr/pokegra.narc!/member_01650,0,/pbr/pokegra.narc,501,1650,,6666116,6672564,6642352,6648800,6448,28351a59f77df5921a94b3660a9752c80736edd59c495b30f5c44b732dd7f156,5247434efffe00013019000010000100,,NCGR graphics,Confirmed,True,False,,,,,,,,,,False,False
/pbr/pokegra.narc,/pbr/pokegra.narc!/member_01651,0,/pbr/pokegra.narc,501,1651,,6672564,6679012,6648800,6655248,6448,904c340a47b3a4169d2e824cc0457a9379c2200be5a1aec6a1a79cd0a14576d5,5247434efffe00013019000010000100,,NCGR graphics,Confirmed,True,False,,,,,,,,,,False,False
/pbr/pokegra.narc,/pbr/pokegra.narc!/member_01652,0,/pbr/pokegra.narc,501,1652,,6679012,6685460,6655248,6661696,6448,974931d94d63f362f2bc9d91d63d3fbeb00e97006beebcaa463eff6a3854c401,5247434efffe00013019000010000100,,NCGR graphics,Confirmed,True,False,,,,,,,,,,False,False
/pbr/pokegra.narc,/pbr/pokegra.narc!/member_01653,0,/pbr/pokegra.narc,501,1653,,6685460,6691908,6661696,6668144,6448,02298d8cab85cdc7dc1989449df5c37bc8974ecf11f779cd89d5631a53c32e60,5247434efffe00013019000010000100,,NCGR graphics,Confirmed,True,False,,,,,,,,,,False,False
/pbr/pokegra.narc,/pbr/pokegra.narc!/member_01654,0,/pbr/pokegra.narc,501,1654,,6691908,6691980,6668144,6668216,72,9e451b413062a33c256c449a8ee5e94ced36d7aae4820c1adb46cbde32194bb9,524c434efffe00014800000010000100,,NCLR palette,Confirmed,True,False,,,,,,,,,,False,False
/pbr/pokegra.narc,/pbr/pokegra.narc!/member_01655,0,/pbr/pokegra.narc,501,1655,,6691980,6692052,6668216,6668288,72,e38ef394aa1a40c86df9a0376beb7722a2885cb67e8765a4f72b0c982043d4d3,524c434efffe00014800000010000100,,NCLR palette,Confirmed,True,False,,,,,,,,,,False,False
/pbr/pokegra.narc,/pbr/pokegra.narc!/member_01656,0,/pbr/pokegra.narc,501,1656,,6692052,6698500,6668288,6674736,6448,131ce520d7c01472bb7b492b3e5b0e43f80ec7eb0dabc856b9aa8bb566f683ae,5247434efffe00013019000010000100,,NCGR graphics,Confirmed,True,False,,,,,,,,,,False,False
/pbr/pokegra.narc,/pbr/pokegra.narc!/member_01657,0,/pbr/pokegra.narc,501,1657,,6698500,6704948,6674736,6681184,6448,131ce520d7c01472bb7b492b3e5b0e43f80ec7eb0dabc856b9aa8bb566f683ae,5247434efffe00013019000010000100,,NCGR graphics,Confirmed,True,False,,,,,,,,,,False,False
/pbr/pokegra.narc,/pbr/pokegra.narc!/member_01658,0,/pbr/pokegra.narc,501,1658,,6704948,6711396,6681184,6687632,6448,640c4c79f9498f279f97ef606774c08e743e8746f96ede9d00026c471127f19d,5247434efffe00013019000010000100,,NCGR graphics,Confirmed,True,False,,,,,,,,,,False,False
/pbr/pokegra.narc,/pbr/pokegra.narc!/member_01659,0,/pbr/pokegra.narc,501,1659,,6711396,6717844,6687632,6694080,6448,640c4c79f9498f279f97ef606774c08e743e8746f96ede9d00026c471127f19d,5247434efffe00013019000010000100,,NCGR graphics,Confirmed,True,False,,,,,,,,,,False,False
/pbr/pokegra.narc,/pbr/pokegra.narc!/member_01660,0,/pbr/pokegra.narc,501,1660,,6717844,6717916,6694080,6694152,72,fc13e7bf073aa8f7750ac99e72121231a6eb4604ec9c594ef0971bee6b97af8f,524c434efffe00014800000010000100,,NCLR palette,Confirmed,True,False,,,,,,,,,,False,False
/pbr/pokegra.narc,/pbr/pokegra.narc!/member_01661,0,/pbr/pokegra.narc,501,1661,,6717916,6717988,6694152,6694224,72,805545a2b7617b60fd53a0e989d4dd60a788d457a4682b6c35419ee3ba11502e,524c434efffe00014800000010000100,,NCLR palette,Confirmed,True,False,,,,,,,,,,False,False
/pbr/pokegra.narc,/pbr/pokegra.narc!/member_01662,0,/pbr/pokegra.narc,501,1662,,6717988,6724436,6694224,6700672,6448,f838896caffe79460bcf1d65400c482ae8050f5806c6abe6faae4581fcf3f2ac,5247434efffe00013019000010000100,,NCGR graphics,Confirmed,True,False,,,,,,,,,,False,False
/pbr/pokegra.narc,/pbr/pokegra.narc!/member_01663,0,/pbr/pokegra.narc,501,1663,,6724436,6730884,6700672,6707120,6448,f838896caffe79460bcf1d65400c482ae8050f5806c6abe6faae4581fcf3f2ac,5247434efffe00013019000010000100,,NCGR graphics,Confirmed,True,False,,,,,,,,,,False,False
/pbr/pokegra.narc,/pbr/pokegra.narc!/member_01664,0,/pbr/pokegra.narc,501,1664,,6730884,6737332,6707120,6713568,6448,cfa9c41769051e1a836f959ee8f5a8c7257f1ecba3663a51b9624a8cb4025dc8,5247434efffe00013019000010000100,,NCGR graphics,Confirmed,True,False,,,,,,,,,,False,False
/pbr/pokegra.narc,/pbr/pokegra.narc!/member_01665,0,/pbr/pokegra.narc,501,1665,,6737332,6743780,6713568,6720016,6448,cfa9c41769051e1a836f959ee8f5a8c7257f1ecba3663a51b9624a8cb4025dc8,5247434efffe00013019000010000100,,NCGR graphics,Confirmed,True,False,,,,,,,,,,False,False
/pbr/pokegra.narc,/pbr/pokegra.narc!/member_01666,0,/pbr/pokegra.narc,501,1666,,6743780,6743852,6720016,6720088,72,3cc5c414bdf123a8a7d7e84589f6840f5d797f8c572c942a13c5b3f6efe595b8,524c434efffe00014800000010000100,,NCLR palette,Confirmed,True,False,,,,,,,,,,False,False
/pbr/pokegra.narc,/pbr/pokegra.narc!/member_01667,0,/pbr/pokegra.narc,501,1667,,6743852,6743924,6720088,6720160,72,e26724342f5a3cd47afb91a2ce475a5844d9c3eb5e0edf3b130bf259415e3c8c,524c434efffe00014800000010000100,,NCLR palette,Confirmed,True,False,,,,,,,,,,False,False
/pbr/pokegra.narc,/pbr/pokegra.narc!/member_01668,0,/pbr/pokegra.narc,501,1668,,6743924,6750372,6720160,6726608,6448,f1e0ea11ee8127501491a220c18fb2cc44bc749296ae73ea2c6b0536fedccf17,5247434efffe00013019000010000100,,NCGR graphics,Confirmed,True,False,,,,,,,,,,False,False
/pbr/pokegra.narc,/pbr/pokegra.narc!/member_01669,0,/pbr/pokegra.narc,501,1669,,6750372,6756820,6726608,6733056,6448,f1e0ea11ee8127501491a220c18fb2cc44bc749296ae73ea2c6b0536fedccf17,5247434efffe00013019000010000100,,NCGR graphics,Confirmed,True,False,,,,,,,,,,False,False
/pbr/pokegra.narc,/pbr/pokegra.narc!/member_01670,0,/pbr/pokegra.narc,501,1670,,6756820,6763268,6733056,6739504,6448,300a2cc0b8f63b36679a1f27da20cb6adf109f0f2df600e601963cd05f031736,5247434efffe00013019000010000100,,NCGR graphics,Confirmed,True,False,,,,,,,,,,False,False
/pbr/pokegra.narc,/pbr/pokegra.narc!/member_01671,0,/pbr/pokegra.narc,501,1671,,6763268,6769716,6739504,6745952,6448,300a2cc0b8f63b36679a1f27da20cb6adf109f0f2df600e601963cd05f031736,5247434efffe00013019000010000100,,NCGR graphics,Confirmed,True,False,,,,,,,,,,False,False
/pbr/pokegra.narc,/pbr/pokegra.narc!/member_01672,0,/pbr/pokegra.narc,501,1672,,6769716,6769788,6745952,6746024,72,af4b041764fed0ca1d5a1aa8f9544f2d86cf58ffec5257b7c6d3348bc27e03f7,524c434efffe00014800000010000100,,NCLR palette,Confirmed,True,False,,,,,,,,,,False,False
/pbr/pokegra.narc,/pbr/pokegra.narc!/member_01673,0,/pbr/pokegra.narc,501,1673,,6769788,6769860,6746024,6746096,72,c1abdc5bd17a2cd1acfcb797ec311382bdabf2d35eb7faa3cf0e57e46dc27e3b,524c434efffe00014800000010000100,,NCLR palette,Confirmed,True,False,,,,,,,,,,False,False
/pbr/pokegra.narc,/pbr/pokegra.narc!/member_01674,0,/pbr/pokegra.narc,501,1674,,6769860,6776308,6746096,6752544,6448,406a2af2dae479b9b6741bbb92b6ae0fd40980e76be7329b8a646549f97741c1,5247434efffe00013019000010000100,,NCGR graphics,Confirmed,True,False,,,,,,,,,,False,False
/pbr/pokegra.narc,/pbr/pokegra.narc!/member_01675,0,/pbr/pokegra.narc,501,1675,,6776308,6782756,6752544,6758992,6448,406a2af2dae479b9b6741bbb92b6ae0fd40980e76be7329b8a646549f97741c1,5247434efffe00013019000010000100,,NCGR graphics,Confirmed,True,False,,,,,,,,,,False,False
/pbr/pokegra.narc,/pbr/pokegra.narc!/member_01676,0,/pbr/pokegra.narc,501,1676,,6782756,6789204,6758992,6765440,6448,43c6deb7a35d21a7a546adc71289a6ecb9daf6319391d3ac697e13387f925c88,5247434efffe00013019000010000100,,NCGR graphics,Confirmed,True,False,,,,,,,,,,False,False
/pbr/pokegra.narc,/pbr/pokegra.narc!/member_01677,0,/pbr/pokegra.narc,501,1677,,6789204,6795652,6765440,6771888,6448,43c6deb7a35d21a7a546adc71289a6ecb9daf6319391d3ac697e13387f925c88,5247434efffe00013019000010000100,,NCGR graphics,Confirmed,True,False,,,,,,,,,,False,False
/pbr/pokegra.narc,/pbr/pokegra.narc!/member_01678,0,/pbr/pokegra.narc,501,1678,,6795652,6795724,6771888,6771960,72,86d6b2a9aa8ac0ee80b1656377ff3d9a9f378b6b66bd0816590dd4f1f702705c,524c434efffe00014800000010000100,,NCLR palette,Confirmed,True,False,,,,,,,,,,False,False
/pbr/pokegra.narc,/pbr/pokegra.narc!/member_01679,0,/pbr/pokegra.narc,501,1679,,6795724,6795796,6771960,6772032,72,c169be264ad8d17311b208bc8205599822cdc0bb94077fd77a8c56c345b60c98,524c434efffe00014800000010000100,,NCLR palette,Confirmed,True,False,,,,,,,,,,False,False
/pbr/pokegra.narc,/pbr/pokegra.narc!/member_01680,0,/pbr/pokegra.narc,501,1680,,6795796,6802244,6772032,6778480,6448,fec9ee93fb65e11ae5caa945009bb3696dc1af0641ae2219566ec550061c5c93,5247434efffe00013019000010000100,,NCGR graphics,Confirmed,True,False,,,,,,,,,,False,False
/pbr/pokegra.narc,/pbr/pokegra.narc!/member_01681,0,/pbr/pokegra.narc,501,1681,,6802244,6808692,6778480,6784928,6448,fec9ee93fb65e11ae5caa945009bb3696dc1af0641ae2219566ec550061c5c93,5247434efffe00013019000010000100,,NCGR graphics,Confirmed,True,False,,,,,,,,,,False,False
/pbr/pokegra.narc,/pbr/pokegra.narc!/member_01682,0,/pbr/pokegra.narc,501,1682,,6808692,6815140,6784928,6791376,6448,32609e8038da0c6e6d0baf1fd96a78c61589e4c4f0fef195960924368115ae88,5247434efffe00013019000010000100,,NCGR graphics,Confirmed,True,False,,,,,,,,,,False,False
/pbr/pokegra.narc,/pbr/pokegra.narc!/member_01683,0,/pbr/pokegra.narc,501,1683,,6815140,6821588,6791376,6797824,6448,32609e8038da0c6e6d0baf1fd96a78c61589e4c4f0fef195960924368115ae88,5247434efffe00013019000010000100,,NCGR graphics,Confirmed,True,False,,,,,,,,,,False,False
/pbr/pokegra.narc,/pbr/pokegra.narc!/member_01684,0,/pbr/pokegra.narc,501,1684,,6821588,6821660,6797824,6797896,72,5ffc478b6da8b760f52e0cc2830473667ca7408d8bb22ebe4b04a1c04c669202,524c434efffe00014800000010000100,,NCLR palette,Confirmed,True,False,,,,,,,,,,False,False
/pbr/pokegra.narc,/pbr/pokegra.narc!/member_01685,0,/pbr/pokegra.narc,501,1685,,6821660,6821732,6797896,6797968,72,5ed86cb50ada9c5b8140d57b280d34496b29c60cfa9f142a2649d9c52f0fbe0e,524c434efffe00014800000010000100,,NCLR palette,Confirmed,True,False,,,,,,,,,,False,False
/pbr/pokegra.narc,/pbr/pokegra.narc!/member_01686,0,/pbr/pokegra.narc,501,1686,,6821732,6828180,6797968,6804416,6448,24ddf93943679795be848a69f8dd5783dcdd51653de89d1b220da6fbd7933eb0,5247434efffe00013019000010000100,,NCGR graphics,Confirmed,True,False,,,,,,,,,,False,False
/pbr/pokegra.narc,/pbr/pokegra.narc!/member_01687,0,/pbr/pokegra.narc,501,1687,,6828180,6834628,6804416,6810864,6448,24ddf93943679795be848a69f8dd5783dcdd51653de89d1b220da6fbd7933eb0,5247434efffe00013019000010000100,,NCGR graphics,Confirmed,True,False,,,,,,,,,,False,False
/pbr/pokegra.narc,/pbr/pokegra.narc!/member_01688,0,/pbr/pokegra.narc,501,1688,,6834628,6841076,6810864,6817312,6448,c2861f03963c2f6cb4f0bef1395c759bbe1ec5bde81a01cf450af04a1587c157,5247434efffe00013019000010000100,,NCGR graphics,Confirmed,True,False,,,,,,,,,,False,False
/pbr/pokegra.narc,/pbr/pokegra.narc!/member_01689,0,/pbr/pokegra.narc,501,1689,,6841076,6847524,6817312,6823760,6448,c2861f03963c2f6cb4f0bef1395c759bbe1ec5bde81a01cf450af04a1587c157,5247434efffe00013019000010000100,,NCGR graphics,Confirmed,True,False,,,,,,,,,,False,False
/pbr/pokegra.narc,/pbr/pokegra.narc!/member_01690,0,/pbr/pokegra.narc,501,1690,,6847524,6847596,6823760,6823832,72,82307f0b151de95b9dbf148dc1fe77334dabd3da5270d44d37a969352a048ca7,524c434efffe00014800000010000100,,NCLR palette,Confirmed,True,False,,,,,,,,,,False,False
/pbr/pokegra.narc,/pbr/pokegra.narc!/member_01691,0,/pbr/pokegra.narc,501,1691,,6847596,6847668,6823832,6823904,72,594a14f2fd887e6b7e9a39a2c36d0f43dbf2cbbc1a60ed2c89cc8c09c2fa02e8,524c434efffe00014800000010000100,,NCLR palette,Confirmed,True,False,,,,,,,,,,False,False
/pbr/pokegra.narc,/pbr/pokegra.narc!/member_01692,0,/pbr/pokegra.narc,501,1692,,6847668,6854116,6823904,6830352,6448,d907ef3612214a8f7c635d4ff026f23e35ed0d4d2a8ab791dc3afebca5f4f705,5247434efffe00013019000010000100,,NCGR graphics,Confirmed,True,False,,,,,,,,,,False,False
/pbr/pokegra.narc,/pbr/pokegra.narc!/member_01693,0,/pbr/pokegra.narc,501,1693,,6854116,6860564,6830352,6836800,6448,d907ef3612214a8f7c635d4ff026f23e35ed0d4d2a8ab791dc3afebca5f4f705,5247434efffe00013019000010000100,,NCGR graphics,Confirmed,True,False,,,,,,,,,,False,False
/pbr/pokegra.narc,/pbr/pokegra.narc!/member_01694,0,/pbr/pokegra.narc,501,1694,,6860564,6867012,6836800,6843248,6448,7cb5858369617afbd6c225d31c434b74e732f7af0de6daac6cb7a62e4ca6c89f,5247434efffe00013019000010000100,,NCGR graphics,Confirmed,True,False,,,,,,,,,,False,False
/pbr/pokegra.narc,/pbr/pokegra.narc!/member_01695,0,/pbr/pokegra.narc,501,1695,,6867012,6873460,6843248,6849696,6448,7cb5858369617afbd6c225d31c434b74e732f7af0de6daac6cb7a62e4ca6c89f,5247434efffe00013019000010000100,,NCGR graphics,Confirmed,True,False,,,,,,,,,,False,False
/pbr/pokegra.narc,/pbr/pokegra.narc!/member_01696,0,/pbr/pokegra.narc,501,1696,,6873460,6873532,6849696,6849768,72,8f8801bca360e34efc9aa6475c2619aeae32fbdc041dbbdffa083cf37d3d87d5,524c434efffe00014800000010000100,,NCLR palette,Confirmed,True,False,,,,,,,,,,False,False
/pbr/pokegra.narc,/pbr/pokegra.narc!/member_01697,0,/pbr/pokegra.narc,501,1697,,6873532,6873604,6849768,6849840,72,79985efcff332c98ec182fc99545e475262f671a6bf7164dc99893f04d1cb4ce,524c434efffe00014800000010000100,,NCLR palette,Confirmed,True,False,,,,,,,,,,False,False
/pbr/pokegra.narc,/pbr/pokegra.narc!/member_01698,0,/pbr/pokegra.narc,501,1698,,6873604,6880052,6849840,6856288,6448,e101f69d128303bd2c6d329668fcf43e3c82bd838ff473935715aa8573c4c675,5247434efffe00013019000010000100,,NCGR graphics,Confirmed,True,False,,,,,,,,,,False,False
/pbr/pokegra.narc,/pbr/pokegra.narc!/member_01699,0,/pbr/pokegra.narc,501,1699,,6880052,6886500,6856288,6862736,6448,e101f69d128303bd2c6d329668fcf43e3c82bd838ff473935715aa8573c4c675,5247434efffe00013019000010000100,,NCGR graphics,Confirmed,True,False,,,,,,,,,,False,False
/pbr/pokegra.narc,/pbr/pokegra.narc!/member_01700,0,/pbr/pokegra.narc,501,1700,,6886500,6892948,6862736,6869184,6448,cdb805a62bc2fefab67074413799a68b2ddbe00b4ce4dd0214bc06c22f358e95,5247434efffe00013019000010000100,,NCGR graphics,Confirmed,True,False,,,,,,,,,,False,False
/pbr/pokegra.narc,/pbr/pokegra.narc!/member_01701,0,/pbr/pokegra.narc,501,1701,,6892948,6899396,6869184,6875632,6448,cdb805a62bc2fefab67074413799a68b2ddbe00b4ce4dd0214bc06c22f358e95,5247434efffe00013019000010000100,,NCGR graphics,Confirmed,True,False,,,,,,,,,,False,False
/pbr/pokegra.narc,/pbr/pokegra.narc!/member_01702,0,/pbr/pokegra.narc,501,1702,,6899396,6899468,6875632,6875704,72,50011f2b173cc43f5e0d5233b87e76aa21db3a3d1d8bfbae1cc7fd89b8df3663,524c434efffe00014800000010000100,,NCLR palette,Confirmed,True,False,,,,,,,,,,False,False
/pbr/pokegra.narc,/pbr/pokegra.narc!/member_01703,0,/pbr/pokegra.narc,501,1703,,6899468,6899540,6875704,6875776,72,01f1b1b4537393f96870b6a3b7906ff0dc78b88d743f18e91ad6270b51f38120,524c434efffe00014800000010000100,,NCLR palette,Confirmed,True,False,,,,,,,,,,False,False
/pbr/pokegra.narc,/pbr/pokegra.narc!/member_01704,0,/pbr/pokegra.narc,501,1704,,6899540,6905988,6875776,6882224,6448,cb83364908d85bc0610b47cae1d298b71410afd07c20770f2b5e2e0a1090412f,5247434efffe00013019000010000100,,NCGR graphics,Confirmed,True,False,,,,,,,,,,False,False
/pbr/pokegra.narc,/pbr/pokegra.narc!/member_01705,0,/pbr/pokegra.narc,501,1705,,6905988,6912436,6882224,6888672,6448,cb83364908d85bc0610b47cae1d298b71410afd07c20770f2b5e2e0a1090412f,5247434efffe00013019000010000100,,NCGR graphics,Confirmed,True,False,,,,,,,,,,False,False
/pbr/pokegra.narc,/pbr/pokegra.narc!/member_01706,0,/pbr/pokegra.narc,501,1706,,6912436,6918884,6888672,6895120,6448,b676f41a9547ca67a05dea9f1fc319cdcf61825a2019f66b9c10e91e4ad0aa56,5247434efffe00013019000010000100,,NCGR graphics,Confirmed,True,False,,,,,,,,,,False,False
/pbr/pokegra.narc,/pbr/pokegra.narc!/member_01707,0,/pbr/pokegra.narc,501,1707,,6918884,6925332,6895120,6901568,6448,b676f41a9547ca67a05dea9f1fc319cdcf61825a2019f66b9c10e91e4ad0aa56,5247434efffe00013019000010000100,,NCGR graphics,Confirmed,True,False,,,,,,,,,,False,False
/pbr/pokegra.narc,/pbr/pokegra.narc!/member_01708,0,/pbr/pokegra.narc,501,1708,,6925332,6925404,6901568,6901640,72,69438e4dc3eae6fe9b73badcbedd9a4dc981337890c70da5e0486183252f8ae7,524c434efffe00014800000010000100,,NCLR palette,Confirmed,True,False,,,,,,,,,,False,False
/pbr/pokegra.narc,/pbr/pokegra.narc!/member_01709,0,/pbr/pokegra.narc,501,1709,,6925404,6925476,6901640,6901712,72,9f97f937ee45c3397702b41dc77ee21e12032cf87b8364745631441b8318ad4b,524c434efffe00014800000010000100,,NCLR palette,Confirmed,True,False,,,,,,,,,,False,False
/pbr/pokegra.narc,/pbr/pokegra.narc!/member_01710,0,/pbr/pokegra.narc,501,1710,,6925476,6931924,6901712,6908160,6448,fd187c0ed88f0fae6c85710d643ac647808d44c8597c1ba2c36c781ac7287ea6,5247434efffe00013019000010000100,,NCGR graphics,Confirmed,True,False,,,,,,,,,,False,False
/pbr/pokegra.narc,/pbr/pokegra.narc!/member_01711,0,/pbr/pokegra.narc,501,1711,,6931924,6938372,6908160,6914608,6448,fd187c0ed88f0fae6c85710d643ac647808d44c8597c1ba2c36c781ac7287ea6,5247434efffe00013019000010000100,,NCGR graphics,Confirmed,True,False,,,,,,,,,,False,False
/pbr/pokegra.narc,/pbr/pokegra.narc!/member_01712,0,/pbr/pokegra.narc,501,1712,,6938372,6944820,6914608,6921056,6448,881e61fac3783d492207078924a84a5a289c33c2c6ac6e765baa3d49d97781ca,5247434efffe00013019000010000100,,NCGR graphics,Confirmed,True,False,,,,,,,,,,False,False
/pbr/pokegra.narc,/pbr/pokegra.narc!/member_01713,0,/pbr/pokegra.narc,501,1713,,6944820,6951268,6921056,6927504,6448,881e61fac3783d492207078924a84a5a289c33c2c6ac6e765baa3d49d97781ca,5247434efffe00013019000010000100,,NCGR graphics,Confirmed,True,False,,,,,,,,,,False,False
/pbr/pokegra.narc,/pbr/pokegra.narc!/member_01714,0,/pbr/pokegra.narc,501,1714,,6951268,6951340,6927504,6927576,72,c9ca2c3203c0dc2718e1d58e6cafa04b53d4fed03fc541b2eebfa5973e6a3db0,524c434efffe00014800000010000100,,NCLR palette,Confirmed,True,False,,,,,,,,,,False,False
/pbr/pokegra.narc,/pbr/pokegra.narc!/member_01715,0,/pbr/pokegra.narc,501,1715,,6951340,6951412,6927576,6927648,72,ee61386bc4fdc6b2b69ff8896dc0bf319a8dceec87754cae07aa440b8e53a053,524c434efffe00014800000010000100,,NCLR palette,Confirmed,True,False,,,,,,,,,,False,False
/pbr/pokegra.narc,/pbr/pokegra.narc!/member_01716,0,/pbr/pokegra.narc,501,1716,,6951412,6957860,6927648,6934096,6448,c10ac4050353dcebc88dd3b19c48cdca09af0ca54d8f3fc602838d9447a5b623,5247434efffe00013019000010000100,,NCGR graphics,Confirmed,True,False,,,,,,,,,,False,False
/pbr/pokegra.narc,/pbr/pokegra.narc!/member_01717,0,/pbr/pokegra.narc,501,1717,,6957860,6964308,6934096,6940544,6448,c10ac4050353dcebc88dd3b19c48cdca09af0ca54d8f3fc602838d9447a5b623,5247434efffe00013019000010000100,,NCGR graphics,Confirmed,True,False,,,,,,,,,,False,False
/pbr/pokegra.narc,/pbr/pokegra.narc!/member_01718,0,/pbr/pokegra.narc,501,1718,,6964308,6970756,6940544,6946992,6448,447f83c9c346e8f971942354e2ca82b1d094e2a356e82836019bbcd8f027095a,5247434efffe00013019000010000100,,NCGR graphics,Confirmed,True,False,,,,,,,,,,False,False
/pbr/pokegra.narc,/pbr/pokegra.narc!/member_01719,0,/pbr/pokegra.narc,501,1719,,6970756,6977204,6946992,6953440,6448,447f83c9c346e8f971942354e2ca82b1d094e2a356e82836019bbcd8f027095a,5247434efffe00013019000010000100,,NCGR graphics,Confirmed,True,False,,,,,,,,,,False,False
/pbr/pokegra.narc,/pbr/pokegra.narc!/member_01720,0,/pbr/pokegra.narc,501,1720,,6977204,6977276,6953440,6953512,72,5e5a52965bc15b5f763b8c1fb88cd99774faf5e53d05524c9bda24589e677f14,524c434efffe00014800000010000100,,NCLR palette,Confirmed,True,False,,,,,,,,,,False,False
/pbr/pokegra.narc,/pbr/pokegra.narc!/member_01721,0,/pbr/pokegra.narc,501,1721,,6977276,6977348,6953512,6953584,72,b3ffd640d4244f7d5bf166f93322acd6283ea7f84dc1ae6baa861b1082d54991,524c434efffe00014800000010000100,,NCLR palette,Confirmed,True,False,,,,,,,,,,False,False
/pbr/pokegra.narc,/pbr/pokegra.narc!/member_01722,0,/pbr/pokegra.narc,501,1722,,6977348,6983796,6953584,6960032,6448,f79357c9b76eb80228296c22e2ccc0fbf586ac9d6e7978dd1e6aab7e819726b3,5247434efffe00013019000010000100,,NCGR graphics,Confirmed,True,False,,,,,,,,,,False,False
/pbr/pokegra.narc,/pbr/pokegra.narc!/member_01723,0,/pbr/pokegra.narc,501,1723,,6983796,6990244,6960032,6966480,6448,f79357c9b76eb80228296c22e2ccc0fbf586ac9d6e7978dd1e6aab7e819726b3,5247434efffe00013019000010000100,,NCGR graphics,Confirmed,True,False,,,,,,,,,,False,False
/pbr/pokegra.narc,/pbr/pokegra.narc!/member_01724,0,/pbr/pokegra.narc,501,1724,,6990244,6996692,6966480,6972928,6448,fa2133782630095bbfd51bb6c3fd274ed9c8953eb5584ac93c2d32eea6366ac7,5247434efffe00013019000010000100,,NCGR graphics,Confirmed,True,False,,,,,,,,,,False,False
/pbr/pokegra.narc,/pbr/pokegra.narc!/member_01725,0,/pbr/pokegra.narc,501,1725,,6996692,7003140,6972928,6979376,6448,fa2133782630095bbfd51bb6c3fd274ed9c8953eb5584ac93c2d32eea6366ac7,5247434efffe00013019000010000100,,NCGR graphics,Confirmed,True,False,,,,,,,,,,False,False
/pbr/pokegra.narc,/pbr/pokegra.narc!/member_01726,0,/pbr/pokegra.narc,501,1726,,7003140,7003212,6979376,6979448,72,14e710d00a68ce688cb43d1a3e3e1f332e2003b7d2083bc7a9de26d1847e8bbd,524c434efffe00014800000010000100,,NCLR palette,Confirmed,True,False,,,,,,,,,,False,False
/pbr/pokegra.narc,/pbr/pokegra.narc!/member_01727,0,/pbr/pokegra.narc,501,1727,,7003212,7003284,6979448,6979520,72,47d44089a6afc22d9e9e77ab71631479432b1e75e62fef1204c6ab3983c94373,524c434efffe00014800000010000100,,NCLR palette,Confirmed,True,False,,,,,,,,,,False,False
/pbr/pokegra.narc,/pbr/pokegra.narc!/member_01728,0,/pbr/pokegra.narc,501,1728,,7003284,7009732,6979520,6985968,6448,a7146b18b95b5243b0453fd7c63c7ab3e035a2b262b3830b852bb610729a9a5a,5247434efffe00013019000010000100,,NCGR graphics,Confirmed,True,False,,,,,,,,,,False,False
/pbr/pokegra.narc,/pbr/pokegra.narc!/member_01729,0,/pbr/pokegra.narc,501,1729,,7009732,7016180,6985968,6992416,6448,a7146b18b95b5243b0453fd7c63c7ab3e035a2b262b3830b852bb610729a9a5a,5247434efffe00013019000010000100,,NCGR graphics,Confirmed,True,False,,,,,,,,,,False,False
/pbr/pokegra.narc,/pbr/pokegra.narc!/member_01730,0,/pbr/pokegra.narc,501,1730,,7016180,7022628,6992416,6998864,6448,7a45ad298c626e90a0e827e02d683bee98c163b0600a6c9e789e58220d916cca,5247434efffe00013019000010000100,,NCGR graphics,Confirmed,True,False,,,,,,,,,,False,False
/pbr/pokegra.narc,/pbr/pokegra.narc!/member_01731,0,/pbr/pokegra.narc,501,1731,,7022628,7029076,6998864,7005312,6448,7a45ad298c626e90a0e827e02d683bee98c163b0600a6c9e789e58220d916cca,5247434efffe00013019000010000100,,NCGR graphics,Confirmed,True,False,,,,,,,,,,False,False
/pbr/pokegra.narc,/pbr/pokegra.narc!/member_01732,0,/pbr/pokegra.narc,501,1732,,7029076,7029148,7005312,7005384,72,4acc8d79f6f25369e5d82243e2783bc1ea7ecd08de58e3929abc76f3b611f233,524c434efffe00014800000010000100,,NCLR palette,Confirmed,True,False,,,,,,,,,,False,False
/pbr/pokegra.narc,/pbr/pokegra.narc!/member_01733,0,/pbr/pokegra.narc,501,1733,,7029148,7029220,7005384,7005456,72,284528fa6f11485cb9fa06efeea8b5a3ad5f70aa91a9cfc643ac33dc140f3c80,524c434efffe00014800000010000100,,NCLR palette,Confirmed,True,False,,,,,,,,,,False,False
/pbr/pokegra.narc,/pbr/pokegra.narc!/member_01734,0,/pbr/pokegra.narc,501,1734,,7029220,7035668,7005456,7011904,6448,bdde35830de77ba342b7bebb3d489cc0ad410c86b409760576051d74f09a8cf1,5247434efffe00013019000010000100,,NCGR graphics,Confirmed,True,False,,,,,,,,,,False,False
/pbr/pokegra.narc,/pbr/pokegra.narc!/member_01735,0,/pbr/pokegra.narc,501,1735,,7035668,7042116,7011904,7018352,6448,bdde35830de77ba342b7bebb3d489cc0ad410c86b409760576051d74f09a8cf1,5247434efffe00013019000010000100,,NCGR graphics,Confirmed,True,False,,,,,,,,,,False,False
/pbr/pokegra.narc,/pbr/pokegra.narc!/member_01736,0,/pbr/pokegra.narc,501,1736,,7042116,7048564,7018352,7024800,6448,f9fc68d267bfa8b3f8832cd6ddddd4d7cab3ad591e71b8495e9b3e55a1609b98,5247434efffe00013019000010000100,,NCGR graphics,Confirmed,True,False,,,,,,,,,,False,False
/pbr/pokegra.narc,/pbr/pokegra.narc!/member_01737,0,/pbr/pokegra.narc,501,1737,,7048564,7055012,7024800,7031248,6448,f9fc68d267bfa8b3f8832cd6ddddd4d7cab3ad591e71b8495e9b3e55a1609b98,5247434efffe00013019000010000100,,NCGR graphics,Confirmed,True,False,,,,,,,,,,False,False
/pbr/pokegra.narc,/pbr/pokegra.narc!/member_01738,0,/pbr/pokegra.narc,501,1738,,7055012,7055084,7031248,7031320,72,cdb6d68759bcc989efbd16ec8ccf4e1b9cfa8272ccdfb2edc361aebcf6b1df5b,524c434efffe00014800000010000100,,NCLR palette,Confirmed,True,False,,,,,,,,,,False,False
/pbr/pokegra.narc,/pbr/pokegra.narc!/member_01739,0,/pbr/pokegra.narc,501,1739,,7055084,7055156,7031320,7031392,72,60c8f1c00f509d7c9eb347f54fa2216ef8ce15e1344da3e095053f7a89c6815d,524c434efffe00014800000010000100,,NCLR palette,Confirmed,True,False,,,,,,,,,,False,False
/pbr/pokegra.narc,/pbr/pokegra.narc!/member_01740,0,/pbr/pokegra.narc,501,1740,,7055156,7061604,7031392,7037840,6448,75fb224701d496b443fcc842d82dd6d1ee3c86dd6e3697e9d81d7bb35870eb96,5247434efffe00013019000010000100,,NCGR graphics,Confirmed,True,False,,,,,,,,,,False,False
/pbr/pokegra.narc,/pbr/pokegra.narc!/member_01741,0,/pbr/pokegra.narc,501,1741,,7061604,7068052,7037840,7044288,6448,75fb224701d496b443fcc842d82dd6d1ee3c86dd6e3697e9d81d7bb35870eb96,5247434efffe00013019000010000100,,NCGR graphics,Confirmed,True,False,,,,,,,,,,False,False
/pbr/pokegra.narc,/pbr/pokegra.narc!/member_01742,0,/pbr/pokegra.narc,501,1742,,7068052,7074500,7044288,7050736,6448,13b93aa745eb2f562b1656b3a17020cf6b45cbab755e76c6437bccbca6244a11,5247434efffe00013019000010000100,,NCGR graphics,Confirmed,True,False,,,,,,,,,,False,False
/pbr/pokegra.narc,/pbr/pokegra.narc!/member_01743,0,/pbr/pokegra.narc,501,1743,,7074500,7080948,7050736,7057184,6448,13b93aa745eb2f562b1656b3a17020cf6b45cbab755e76c6437bccbca6244a11,5247434efffe00013019000010000100,,NCGR graphics,Confirmed,True,False,,,,,,,,,,False,False
/pbr/pokegra.narc,/pbr/pokegra.narc!/member_01744,0,/pbr/pokegra.narc,501,1744,,7080948,7081020,7057184,7057256,72,d451f32e33b70c9889ef23c7a0e28565ab81daa03e045c9ff25bef6fcd96a70e,524c434efffe00014800000010000100,,NCLR palette,Confirmed,True,False,,,,,,,,,,False,False
/pbr/pokegra.narc,/pbr/pokegra.narc!/member_01745,0,/pbr/pokegra.narc,501,1745,,7081020,7081092,7057256,7057328,72,6cf0619bf5251dc46be82ace000965a44379bb9c88348b685caa5f8fc2bac180,524c434efffe00014800000010000100,,NCLR palette,Confirmed,True,False,,,,,,,,,,False,False
/pbr/pokegra.narc,/pbr/pokegra.narc!/member_01746,0,/pbr/pokegra.narc,501,1746,,7081092,7087540,7057328,7063776,6448,d78498f8f8908a7f3fd00749c64ade8dfbe86ecb86872c29270fff684095cbba,5247434efffe00013019000010000100,,NCGR graphics,Confirmed,True,False,,,,,,,,,,False,False
/pbr/pokegra.narc,/pbr/pokegra.narc!/member_01747,0,/pbr/pokegra.narc,501,1747,,7087540,7093988,7063776,7070224,6448,d78498f8f8908a7f3fd00749c64ade8dfbe86ecb86872c29270fff684095cbba,5247434efffe00013019000010000100,,NCGR graphics,Confirmed,True,False,,,,,,,,,,False,False
/pbr/pokegra.narc,/pbr/pokegra.narc!/member_01748,0,/pbr/pokegra.narc,501,1748,,7093988,7100436,7070224,7076672,6448,4688dda5df1833a44018df19df42aa8c0b1fae97fdd303c03a57f0e92a4dba48,5247434efffe00013019000010000100,,NCGR graphics,Confirmed,True,False,,,,,,,,,,False,False
/pbr/pokegra.narc,/pbr/pokegra.narc!/member_01749,0,/pbr/pokegra.narc,501,1749,,7100436,7106884,7076672,7083120,6448,4688dda5df1833a44018df19df42aa8c0b1fae97fdd303c03a57f0e92a4dba48,5247434efffe00013019000010000100,,NCGR graphics,Confirmed,True,False,,,,,,,,,,False,False
/pbr/pokegra.narc,/pbr/pokegra.narc!/member_01750,0,/pbr/pokegra.narc,501,1750,,7106884,7106956,7083120,7083192,72,3ba8651dd2ef8aab6e9527bacda6b33043345cce3846149a946f377eb1be9dfc,524c434efffe00014800000010000100,,NCLR palette,Confirmed,True,False,,,,,,,,,,False,False
/pbr/pokegra.narc,/pbr/pokegra.narc!/member_01751,0,/pbr/pokegra.narc,501,1751,,7106956,7107028,7083192,7083264,72,109e7190ba0ae78c04f8d0db4e47d0485337ad33cfd4541caa920a2726f4cfb5,524c434efffe00014800000010000100,,NCLR palette,Confirmed,True,False,,,,,,,,,,False,False
/pbr/pokegra.narc,/pbr/pokegra.narc!/member_01752,0,/pbr/pokegra.narc,501,1752,,7107028,7107028,7083264,7083264,0,e3b0c44298fc1c149afbf4c8996fb92427ae41e4649b934ca495991b7852b855,,,,,,False,,,,,,,,,,False,False
/pbr/pokegra.narc,/pbr/pokegra.narc!/member_01753,0,/pbr/pokegra.narc,501,1753,,7107028,7113476,7083264,7089712,6448,fd2d03e79097ffaf9115d5d5e2e2d1102751f6bef9072c5061fed1925f5ee677,5247434efffe00013019000010000100,,NCGR graphics,Confirmed,True,False,,,,,,,,,,False,False
/pbr/pokegra.narc,/pbr/pokegra.narc!/member_01754,0,/pbr/pokegra.narc,501,1754,,7113476,7113476,7089712,7089712,0,e3b0c44298fc1c149afbf4c8996fb92427ae41e4649b934ca495991b7852b855,,,,,,False,,,,,,,,,,False,False
/pbr/pokegra.narc,/pbr/pokegra.narc!/member_01755,0,/pbr/pokegra.narc,501,1755,,7113476,7119924,7089712,7096160,6448,c4181832c5b17e6db4a6bb6352b1956a449d5c32c1115658a87af6d824c5d6f8,5247434efffe00013019000010000100,,NCGR graphics,Confirmed,True,False,,,,,,,,,,False,False
/pbr/pokegra.narc,/pbr/pokegra.narc!/member_01756,0,/pbr/pokegra.narc,501,1756,,7119924,7119996,7096160,7096232,72,256b9cc83079845ba5265aedbbf6bdda94ad0fec356e2d7f3d34b1e2dcb6c69f,524c434efffe00014800000010000100,,NCLR palette,Confirmed,True,False,,,,,,,,,,False,False
/pbr/pokegra.narc,/pbr/pokegra.narc!/member_01757,0,/pbr/pokegra.narc,501,1757,,7119996,7120068,7096232,7096304,72,83629652b9068dfcb0200c1bf8ae197ef9251520fa4854c0ff8e5d8f056a532c,524c434efffe00014800000010000100,,NCLR palette,Confirmed,True,False,,,,,,,,,,False,False
/pbr/pokegra.narc,/pbr/pokegra.narc!/member_01758,0,/pbr/pokegra.narc,501,1758,,7120068,7126516,7096304,7102752,6448,362b5b2224a047cb36cd16068a2263aabcd98baa636a9350e5f419e4e78d2572,5247434efffe00013019000010000100,,NCGR graphics,Confirmed,True,False,,,,,,,,,,False,False
/pbr/pokegra.narc,/pbr/pokegra.narc!/member_01759,0,/pbr/pokegra.narc,501,1759,,7126516,7132964,7102752,7109200,6448,362b5b2224a047cb36cd16068a2263aabcd98baa636a9350e5f419e4e78d2572,5247434efffe00013019000010000100,,NCGR graphics,Confirmed,True,False,,,,,,,,,,False,False
/pbr/pokegra.narc,/pbr/pokegra.narc!/member_01760,0,/pbr/pokegra.narc,501,1760,,7132964,7139412,7109200,7115648,6448,4d3044e323db203ad2df8fd076d87b496a5a519056cf9e928b8b3c6d21c72908,5247434efffe00013019000010000100,,NCGR graphics,Confirmed,True,False,,,,,,,,,,False,False
/pbr/pokegra.narc,/pbr/pokegra.narc!/member_01761,0,/pbr/pokegra.narc,501,1761,,7139412,7145860,7115648,7122096,6448,4d3044e323db203ad2df8fd076d87b496a5a519056cf9e928b8b3c6d21c72908,5247434efffe00013019000010000100,,NCGR graphics,Confirmed,True,False,,,,,,,,,,False,False
/pbr/pokegra.narc,/pbr/pokegra.narc!/member_01762,0,/pbr/pokegra.narc,501,1762,,7145860,7145932,7122096,7122168,72,8be2034082b3be9139f5083955d082f63adcfb88238bb8816c2d9953cdf8ff79,524c434efffe00014800000010000100,,NCLR palette,Confirmed,True,False,,,,,,,,,,False,False
/pbr/pokegra.narc,/pbr/pokegra.narc!/member_01763,0,/pbr/pokegra.narc,501,1763,,7145932,7146004,7122168,7122240,72,54170d27ad95c175d9826ff89bbd64b5fdefa69d98b215138efc3813a2655432,524c434efffe00014800000010000100,,NCLR palette,Confirmed,True,False,,,,,,,,,,False,False
/pbr/pokegra.narc,/pbr/pokegra.narc!/member_01764,0,/pbr/pokegra.narc,501,1764,,7146004,7152452,7122240,7128688,6448,ce253c11c02dc1796dcf5ab412dc279a40f6d82453db5e793124cb0b2053dcf2,5247434efffe00013019000010000100,,NCGR graphics,Confirmed,True,False,,,,,,,,,,False,False
/pbr/pokegra.narc,/pbr/pokegra.narc!/member_01765,0,/pbr/pokegra.narc,501,1765,,7152452,7158900,7128688,7135136,6448,ce253c11c02dc1796dcf5ab412dc279a40f6d82453db5e793124cb0b2053dcf2,5247434efffe00013019000010000100,,NCGR graphics,Confirmed,True,False,,,,,,,,,,False,False
/pbr/pokegra.narc,/pbr/pokegra.narc!/member_01766,0,/pbr/pokegra.narc,501,1766,,7158900,7165348,7135136,7141584,6448,923c378fdd6fcc6c24c2b994e21eaec33fd495a0dc627ab185a92797a676f255,5247434efffe00013019000010000100,,NCGR graphics,Confirmed,True,False,,,,,,,,,,False,False
/pbr/pokegra.narc,/pbr/pokegra.narc!/member_01767,0,/pbr/pokegra.narc,501,1767,,7165348,7171796,7141584,7148032,6448,923c378fdd6fcc6c24c2b994e21eaec33fd495a0dc627ab185a92797a676f255,5247434efffe00013019000010000100,,NCGR graphics,Confirmed,True,False,,,,,,,,,,False,False
/pbr/pokegra.narc,/pbr/pokegra.narc!/member_01768,0,/pbr/pokegra.narc,501,1768,,7171796,7171868,7148032,7148104,72,ac4fdb7fea2bb44779ac4bdd3b806f074498fc0514686e97e8b4586fb4f02dd4,524c434efffe00014800000010000100,,NCLR palette,Confirmed,True,False,,,,,,,,,,False,False
/pbr/pokegra.narc,/pbr/pokegra.narc!/member_01769,0,/pbr/pokegra.narc,501,1769,,7171868,7171940,7148104,7148176,72,e8d78a41822936bf47780a21a5d65a31b74acaa12b81b01fe61938dda736afc6,524c434efffe00014800000010000100,,NCLR palette,Confirmed,True,False,,,,,,,,,,False,False
/pbr/pokegra.narc,/pbr/pokegra.narc!/member_01770,0,/pbr/pokegra.narc,501,1770,,7171940,7178388,7148176,7154624,6448,f04820ef229e4864a9d04b937bc42eea4b3c24fdc36b662cf31cbe7e6f48f040,5247434efffe00013019000010000100,,NCGR graphics,Confirmed,True,False,,,,,,,,,,False,False
/pbr/pokegra.narc,/pbr/pokegra.narc!/member_01771,0,/pbr/pokegra.narc,501,1771,,7178388,7184836,7154624,7161072,6448,f04820ef229e4864a9d04b937bc42eea4b3c24fdc36b662cf31cbe7e6f48f040,5247434efffe00013019000010000100,,NCGR graphics,Confirmed,True,False,,,,,,,,,,False,False
/pbr/pokegra.narc,/pbr/pokegra.narc!/member_01772,0,/pbr/pokegra.narc,501,1772,,7184836,7191284,7161072,7167520,6448,590894c210199f382973aaa7b2e83d7d8ed6881e6bf990f53a6cccd23ce02949,5247434efffe00013019000010000100,,NCGR graphics,Confirmed,True,False,,,,,,,,,,False,False
/pbr/pokegra.narc,/pbr/pokegra.narc!/member_01773,0,/pbr/pokegra.narc,501,1773,,7191284,7197732,7167520,7173968,6448,590894c210199f382973aaa7b2e83d7d8ed6881e6bf990f53a6cccd23ce02949,5247434efffe00013019000010000100,,NCGR graphics,Confirmed,True,False,,,,,,,,,,False,False
/pbr/pokegra.narc,/pbr/pokegra.narc!/member_01774,0,/pbr/pokegra.narc,501,1774,,7197732,7197804,7173968,7174040,72,92b28e18330f7a0c69e784c5fd5742b4669c2ad8deb0419d3f4e7cf5ee7d4240,524c434efffe00014800000010000100,,NCLR palette,Confirmed,True,False,,,,,,,,,,False,False
/pbr/pokegra.narc,/pbr/pokegra.narc!/member_01775,0,/pbr/pokegra.narc,501,1775,,7197804,7197876,7174040,7174112,72,7db597a21163f62aeef16623091fd925a4d71ad6f888d1cff4a08b41e999953b,524c434efffe00014800000010000100,,NCLR palette,Confirmed,True,False,,,,,,,,,,False,False
/pbr/pokegra.narc,/pbr/pokegra.narc!/member_01776,0,/pbr/pokegra.narc,501,1776,,7197876,7204324,7174112,7180560,6448,f79f2a94d94215916d0167f9a7cd699c315bc8f651a72d9585d03535d41b72d7,5247434efffe00013019000010000100,,NCGR graphics,Confirmed,True,False,,,,,,,,,,False,False
/pbr/pokegra.narc,/pbr/pokegra.narc!/member_01777,0,/pbr/pokegra.narc,501,1777,,7204324,7210772,7180560,7187008,6448,f79f2a94d94215916d0167f9a7cd699c315bc8f651a72d9585d03535d41b72d7,5247434efffe00013019000010000100,,NCGR graphics,Confirmed,True,False,,,,,,,,,,False,False
/pbr/pokegra.narc,/pbr/pokegra.narc!/member_01778,0,/pbr/pokegra.narc,501,1778,,7210772,7217220,7187008,7193456,6448,52c5797ca03e9a7e0e5d4859d7881d8a7c93cb08e3b29df61309036fd831512f,5247434efffe00013019000010000100,,NCGR graphics,Confirmed,True,False,,,,,,,,,,False,False
/pbr/pokegra.narc,/pbr/pokegra.narc!/member_01779,0,/pbr/pokegra.narc,501,1779,,7217220,7223668,7193456,7199904,6448,52c5797ca03e9a7e0e5d4859d7881d8a7c93cb08e3b29df61309036fd831512f,5247434efffe00013019000010000100,,NCGR graphics,Confirmed,True,False,,,,,,,,,,False,False
/pbr/pokegra.narc,/pbr/pokegra.narc!/member_01780,0,/pbr/pokegra.narc,501,1780,,7223668,7223740,7199904,7199976,72,57e41fdd43ef46939a9eedbe443f5393c92dcf6d2daab54124a17c92f9317f64,524c434efffe00014800000010000100,,NCLR palette,Confirmed,True,False,,,,,,,,,,False,False
/pbr/pokegra.narc,/pbr/pokegra.narc!/member_01781,0,/pbr/pokegra.narc,501,1781,,7223740,7223812,7199976,7200048,72,31879d730c0f3d64999c663eddd293de7373295b7903ed82e8d580cf27172b28,524c434efffe00014800000010000100,,NCLR palette,Confirmed,True,False,,,,,,,,,,False,False
/pbr/pokegra.narc,/pbr/pokegra.narc!/member_01782,0,/pbr/pokegra.narc,501,1782,,7223812,7230260,7200048,7206496,6448,b76148dec829badcbbe13b7716c703dc3358e3e3e36e34154cd576eea51c4a61,5247434efffe00013019000010000100,,NCGR graphics,Confirmed,True,False,,,,,,,,,,False,False
/pbr/pokegra.narc,/pbr/pokegra.narc!/member_01783,0,/pbr/pokegra.narc,501,1783,,7230260,7236708,7206496,7212944,6448,b76148dec829badcbbe13b7716c703dc3358e3e3e36e34154cd576eea51c4a61,5247434efffe00013019000010000100,,NCGR graphics,Confirmed,True,False,,,,,,,,,,False,False
/pbr/pokegra.narc,/pbr/pokegra.narc!/member_01784,0,/pbr/pokegra.narc,501,1784,,7236708,7243156,7212944,7219392,6448,97ebff6673101f536989dc84f2d444b745ce282775a0c81c7255583c27ee13bf,5247434efffe00013019000010000100,,NCGR graphics,Confirmed,True,False,,,,,,,,,,False,False
/pbr/pokegra.narc,/pbr/pokegra.narc!/member_01785,0,/pbr/pokegra.narc,501,1785,,7243156,7249604,7219392,7225840,6448,97ebff6673101f536989dc84f2d444b745ce282775a0c81c7255583c27ee13bf,5247434efffe00013019000010000100,,NCGR graphics,Confirmed,True,False,,,,,,,,,,False,False
/pbr/pokegra.narc,/pbr/pokegra.narc!/member_01786,0,/pbr/pokegra.narc,501,1786,,7249604,7249676,7225840,7225912,72,5cdb4dcde7884ee627bf74a33d9dea4797cdedf67665e31693f69777cbb6b5a8,524c434efffe00014800000010000100,,NCLR palette,Confirmed,True,False,,,,,,,,,,False,False
/pbr/pokegra.narc,/pbr/pokegra.narc!/member_01787,0,/pbr/pokegra.narc,501,1787,,7249676,7249748,7225912,7225984,72,23a13092ad24e812bb53cbecc773ec975676bf164fd37e536fa4623341bac8df,524c434efffe00014800000010000100,,NCLR palette,Confirmed,True,False,,,,,,,,,,False,False
/pbr/pokegra.narc,/pbr/pokegra.narc!/member_01788,0,/pbr/pokegra.narc,501,1788,,7249748,7256196,7225984,7232432,6448,d61294b611d507bf830de879e4f1df8478e6ebf8dfc650fd38db249c88159827,5247434efffe00013019000010000100,,NCGR graphics,Confirmed,True,False,,,,,,,,,,False,False
/pbr/pokegra.narc,/pbr/pokegra.narc!/member_01789,0,/pbr/pokegra.narc,501,1789,,7256196,7262644,7232432,7238880,6448,d61294b611d507bf830de879e4f1df8478e6ebf8dfc650fd38db249c88159827,5247434efffe00013019000010000100,,NCGR graphics,Confirmed,True,False,,,,,,,,,,False,False
/pbr/pokegra.narc,/pbr/pokegra.narc!/member_01790,0,/pbr/pokegra.narc,501,1790,,7262644,7269092,7238880,7245328,6448,3bb7c741c25f40959a0ea8077b49baa34350279f4dc27921ba65bf34294219fa,5247434efffe00013019000010000100,,NCGR graphics,Confirmed,True,False,,,,,,,,,,False,False
/pbr/pokegra.narc,/pbr/pokegra.narc!/member_01791,0,/pbr/pokegra.narc,501,1791,,7269092,7275540,7245328,7251776,6448,3bb7c741c25f40959a0ea8077b49baa34350279f4dc27921ba65bf34294219fa,5247434efffe00013019000010000100,,NCGR graphics,Confirmed,True,False,,,,,,,,,,False,False
/pbr/pokegra.narc,/pbr/pokegra.narc!/member_01792,0,/pbr/pokegra.narc,501,1792,,7275540,7275612,7251776,7251848,72,62da2955ce3a70ca624a25dbabbc819678458aab58da97d40257d122124de6c7,524c434efffe00014800000010000100,,NCLR palette,Confirmed,True,False,,,,,,,,,,False,False
/pbr/pokegra.narc,/pbr/pokegra.narc!/member_01793,0,/pbr/pokegra.narc,501,1793,,7275612,7275684,7251848,7251920,72,6f922380ee29783e7cd710483f868a474d2c5c0b296a81f592862f92363dfa0c,524c434efffe00014800000010000100,,NCLR palette,Confirmed,True,False,,,,,,,,,,False,False
/pbr/pokegra.narc,/pbr/pokegra.narc!/member_01794,0,/pbr/pokegra.narc,501,1794,,7275684,7282132,7251920,7258368,6448,4fb43bd09b3b2e643ed36521eb6209c4c89ea7843d006f369f8955f86004997e,5247434efffe00013019000010000100,,NCGR graphics,Confirmed,True,False,,,,,,,,,,False,False
/pbr/pokegra.narc,/pbr/pokegra.narc!/member_01795,0,/pbr/pokegra.narc,501,1795,,7282132,7288580,7258368,7264816,6448,4fb43bd09b3b2e643ed36521eb6209c4c89ea7843d006f369f8955f86004997e,5247434efffe00013019000010000100,,NCGR graphics,Confirmed,True,False,,,,,,,,,,False,False
/pbr/pokegra.narc,/pbr/pokegra.narc!/member_01796,0,/pbr/pokegra.narc,501,1796,,7288580,7295028,7264816,7271264,6448,fc1cc32443a175b57e093de6b5e5bf0e084c372813014fab2dd05f41725b1fb8,5247434efffe00013019000010000100,,NCGR graphics,Confirmed,True,False,,,,,,,,,,False,False
/pbr/pokegra.narc,/pbr/pokegra.narc!/member_01797,0,/pbr/pokegra.narc,501,1797,,7295028,7301476,7271264,7277712,6448,fc1cc32443a175b57e093de6b5e5bf0e084c372813014fab2dd05f41725b1fb8,5247434efffe00013019000010000100,,NCGR graphics,Confirmed,True,False,,,,,,,,,,False,False
/pbr/pokegra.narc,/pbr/pokegra.narc!/member_01798,0,/pbr/pokegra.narc,501,1798,,7301476,7301548,7277712,7277784,72,7177979fd4f40c9bd3d6b42a8b3bbc381e69f9542d1fed9c5058ee4202588ac6,524c434efffe00014800000010000100,,NCLR palette,Confirmed,True,False,,,,,,,,,,False,False
/pbr/pokegra.narc,/pbr/pokegra.narc!/member_01799,0,/pbr/pokegra.narc,501,1799,,7301548,7301620,7277784,7277856,72,4a1c7dea6809daccd0b91b6d660ea317a572e63d41139c84afcd74316dfac0d6,524c434efffe00014800000010000100,,NCLR palette,Confirmed,True,False,,,,,,,,,,False,False
/pbr/pokegra.narc,/pbr/pokegra.narc!/member_01800,0,/pbr/pokegra.narc,501,1800,,7301620,7308068,7277856,7284304,6448,a17c6018ce7abefe2b0973470a6277c97549f08127a743c679db463f2cdff008,5247434efffe00013019000010000100,,NCGR graphics,Confirmed,True,False,,,,,,,,,,False,False
/pbr/pokegra.narc,/pbr/pokegra.narc!/member_01801,0,/pbr/pokegra.narc,501,1801,,7308068,7314516,7284304,7290752,6448,a17c6018ce7abefe2b0973470a6277c97549f08127a743c679db463f2cdff008,5247434efffe00013019000010000100,,NCGR graphics,Confirmed,True,False,,,,,,,,,,False,False
/pbr/pokegra.narc,/pbr/pokegra.narc!/member_01802,0,/pbr/pokegra.narc,501,1802,,7314516,7320964,7290752,7297200,6448,593a5d6ead08487ee66827541eb2e4c42619772204cba1f731d573f9b2fe26b3,5247434efffe00013019000010000100,,NCGR graphics,Confirmed,True,False,,,,,,,,,,False,False
/pbr/pokegra.narc,/pbr/pokegra.narc!/member_01803,0,/pbr/pokegra.narc,501,1803,,7320964,7327412,7297200,7303648,6448,593a5d6ead08487ee66827541eb2e4c42619772204cba1f731d573f9b2fe26b3,5247434efffe00013019000010000100,,NCGR graphics,Confirmed,True,False,,,,,,,,,,False,False
/pbr/pokegra.narc,/pbr/pokegra.narc!/member_01804,0,/pbr/pokegra.narc,501,1804,,7327412,7327484,7303648,7303720,72,dd24535fc2bba65398c5fd561769a5ead875b43e4aa99156e7fb5c6c496c4411,524c434efffe00014800000010000100,,NCLR palette,Confirmed,True,False,,,,,,,,,,False,False
/pbr/pokegra.narc,/pbr/pokegra.narc!/member_01805,0,/pbr/pokegra.narc,501,1805,,7327484,7327556,7303720,7303792,72,9590bb8d481cbeed4215205d91b244b0a2853f814fa0cfbac8d2187d079e857b,524c434efffe00014800000010000100,,NCLR palette,Confirmed,True,False,,,,,,,,,,False,False
/pbr/pokegra.narc,/pbr/pokegra.narc!/member_01806,0,/pbr/pokegra.narc,501,1806,,7327556,7334004,7303792,7310240,6448,8f1995b626f6fee51c73395e51eff3cd8a5b778621d35a5221800d94dc3201ab,5247434efffe00013019000010000100,,NCGR graphics,Confirmed,True,False,,,,,,,,,,False,False
/pbr/pokegra.narc,/pbr/pokegra.narc!/member_01807,0,/pbr/pokegra.narc,501,1807,,7334004,7340452,7310240,7316688,6448,8f1995b626f6fee51c73395e51eff3cd8a5b778621d35a5221800d94dc3201ab,5247434efffe00013019000010000100,,NCGR graphics,Confirmed,True,False,,,,,,,,,,False,False
/pbr/pokegra.narc,/pbr/pokegra.narc!/member_01808,0,/pbr/pokegra.narc,501,1808,,7340452,7346900,7316688,7323136,6448,ce96a0668bfcac66f636a4859b6361f98a6f0ea03acfadbbd2b99b27c9e58537,5247434efffe00013019000010000100,,NCGR graphics,Confirmed,True,False,,,,,,,,,,False,False
/pbr/pokegra.narc,/pbr/pokegra.narc!/member_01809,0,/pbr/pokegra.narc,501,1809,,7346900,7353348,7323136,7329584,6448,ce96a0668bfcac66f636a4859b6361f98a6f0ea03acfadbbd2b99b27c9e58537,5247434efffe00013019000010000100,,NCGR graphics,Confirmed,True,False,,,,,,,,,,False,False
/pbr/pokegra.narc,/pbr/pokegra.narc!/member_01810,0,/pbr/pokegra.narc,501,1810,,7353348,7353420,7329584,7329656,72,de9defb5cfa72b1d8e5df821f9fa16b626f653901f61b74d7834f6418f0efede,524c434efffe00014800000010000100,,NCLR palette,Confirmed,True,False,,,,,,,,,,False,False
/pbr/pokegra.narc,/pbr/pokegra.narc!/member_01811,0,/pbr/pokegra.narc,501,1811,,7353420,7353492,7329656,7329728,72,05636b1130cdaab985126e639a9629a152ba70f1988aeb37d19070b6fe15ea13,524c434efffe00014800000010000100,,NCLR palette,Confirmed,True,False,,,,,,,,,,False,False
/pbr/pokegra.narc,/pbr/pokegra.narc!/member_01812,0,/pbr/pokegra.narc,501,1812,,7353492,7359940,7329728,7336176,6448,786ef29ccbdfd0943c128dae687c67e047cdde6309b35a174585ddf0a903c577,5247434efffe00013019000010000100,,NCGR graphics,Confirmed,True,False,,,,,,,,,,False,False
/pbr/pokegra.narc,/pbr/pokegra.narc!/member_01813,0,/pbr/pokegra.narc,501,1813,,7359940,7366388,7336176,7342624,6448,786ef29ccbdfd0943c128dae687c67e047cdde6309b35a174585ddf0a903c577,5247434efffe00013019000010000100,,NCGR graphics,Confirmed,True,False,,,,,,,,,,False,False
/pbr/pokegra.narc,/pbr/pokegra.narc!/member_01814,0,/pbr/pokegra.narc,501,1814,,7366388,7372836,7342624,7349072,6448,d686ad04e518fdf094b8de493b66af23566dd395cdb0fc5065cb16581825529c,5247434efffe00013019000010000100,,NCGR graphics,Confirmed,True,False,,,,,,,,,,False,False
/pbr/pokegra.narc,/pbr/pokegra.narc!/member_01815,0,/pbr/pokegra.narc,501,1815,,7372836,7379284,7349072,7355520,6448,d686ad04e518fdf094b8de493b66af23566dd395cdb0fc5065cb16581825529c,5247434efffe00013019000010000100,,NCGR graphics,Confirmed,True,False,,,,,,,,,,False,False
/pbr/pokegra.narc,/pbr/pokegra.narc!/member_01816,0,/pbr/pokegra.narc,501,1816,,7379284,7379356,7355520,7355592,72,1774dd5247c98e29c0b91df58b9b877bff11e0bf53fb177a85554b7298aee353,524c434efffe00014800000010000100,,NCLR palette,Confirmed,True,False,,,,,,,,,,False,False
/pbr/pokegra.narc,/pbr/pokegra.narc!/member_01817,0,/pbr/pokegra.narc,501,1817,,7379356,7379428,7355592,7355664,72,d481c242ffb78c4cdc8c6e669b6c8a533276cbee4294e84bf2e44331b623ae57,524c434efffe00014800000010000100,,NCLR palette,Confirmed,True,False,,,,,,,,,,False,False
/pbr/pokegra.narc,/pbr/pokegra.narc!/member_01818,0,/pbr/pokegra.narc,501,1818,,7379428,7385876,7355664,7362112,6448,a7bb835682476cfc4761c484bd7751e713e1b47dffa3cc92efa01feae1098470,5247434efffe00013019000010000100,,NCGR graphics,Confirmed,True,False,,,,,,,,,,False,False
/pbr/pokegra.narc,/pbr/pokegra.narc!/member_01819,0,/pbr/pokegra.narc,501,1819,,7385876,7392324,7362112,7368560,6448,a7bb835682476cfc4761c484bd7751e713e1b47dffa3cc92efa01feae1098470,5247434efffe00013019000010000100,,NCGR graphics,Confirmed,True,False,,,,,,,,,,False,False
/pbr/pokegra.narc,/pbr/pokegra.narc!/member_01820,0,/pbr/pokegra.narc,501,1820,,7392324,7398772,7368560,7375008,6448,418408934c5be7f27c9e805dfb0762c1a3555f79622d96d823bb618886afb26f,5247434efffe00013019000010000100,,NCGR graphics,Confirmed,True,False,,,,,,,,,,False,False
/pbr/pokegra.narc,/pbr/pokegra.narc!/member_01821,0,/pbr/pokegra.narc,501,1821,,7398772,7405220,7375008,7381456,6448,418408934c5be7f27c9e805dfb0762c1a3555f79622d96d823bb618886afb26f,5247434efffe00013019000010000100,,NCGR graphics,Confirmed,True,False,,,,,,,,,,False,False
/pbr/pokegra.narc,/pbr/pokegra.narc!/member_01822,0,/pbr/pokegra.narc,501,1822,,7405220,7405292,7381456,7381528,72,7babb6f4e752257ff3d84601759040b6b6ec5be1c2b94ef6d650a25e5b07bd3c,524c434efffe00014800000010000100,,NCLR palette,Confirmed,True,False,,,,,,,,,,False,False
/pbr/pokegra.narc,/pbr/pokegra.narc!/member_01823,0,/pbr/pokegra.narc,501,1823,,7405292,7405364,7381528,7381600,72,008debf6d66224fb9c3a5166d8e68963da511b4a848e8b2d0e02943e39b0f937,524c434efffe00014800000010000100,,NCLR palette,Confirmed,True,False,,,,,,,,,,False,False
/pbr/pokegra.narc,/pbr/pokegra.narc!/member_01824,0,/pbr/pokegra.narc,501,1824,,7405364,7411812,7381600,7388048,6448,730610c9ed1464e1c125749a0cee23b2233099c193baf54641be9e1028b78fe9,5247434efffe00013019000010000100,,NCGR graphics,Confirmed,True,False,,,,,,,,,,False,False
/pbr/pokegra.narc,/pbr/pokegra.narc!/member_01825,0,/pbr/pokegra.narc,501,1825,,7411812,7418260,7388048,7394496,6448,730610c9ed1464e1c125749a0cee23b2233099c193baf54641be9e1028b78fe9,5247434efffe00013019000010000100,,NCGR graphics,Confirmed,True,False,,,,,,,,,,False,False
/pbr/pokegra.narc,/pbr/pokegra.narc!/member_01826,0,/pbr/pokegra.narc,501,1826,,7418260,7424708,7394496,7400944,6448,de37b2a624711679e653aabace7ba7c43df1da7e0c1f1a9d2934c5ae8e6a2be8,5247434efffe00013019000010000100,,NCGR graphics,Confirmed,True,False,,,,,,,,,,False,False
/pbr/pokegra.narc,/pbr/pokegra.narc!/member_01827,0,/pbr/pokegra.narc,501,1827,,7424708,7431156,7400944,7407392,6448,de37b2a624711679e653aabace7ba7c43df1da7e0c1f1a9d2934c5ae8e6a2be8,5247434efffe00013019000010000100,,NCGR graphics,Confirmed,True,False,,,,,,,,,,False,False
/pbr/pokegra.narc,/pbr/pokegra.narc!/member_01828,0,/pbr/pokegra.narc,501,1828,,7431156,7431228,7407392,7407464,72,5d1ad214f1330dc2e8e00f8b3cfc32ee7adf3758c103a61a9e61e1471697c25c,524c434efffe00014800000010000100,,NCLR palette,Confirmed,True,False,,,,,,,,,,False,False
/pbr/pokegra.narc,/pbr/pokegra.narc!/member_01829,0,/pbr/pokegra.narc,501,1829,,7431228,7431300,7407464,7407536,72,4d341e843f3c8fa959ed4b1d5823644e9ac791c814465067c86ad17068876360,524c434efffe00014800000010000100,,NCLR palette,Confirmed,True,False,,,,,,,,,,False,False
/pbr/pokegra.narc,/pbr/pokegra.narc!/member_01830,0,/pbr/pokegra.narc,501,1830,,7431300,7437748,7407536,7413984,6448,fa760d1be771c5e6d2b2e6d60a2d243756acf555897844912dfa5de0af8d78e0,5247434efffe00013019000010000100,,NCGR graphics,Confirmed,True,False,,,,,,,,,,False,False
/pbr/pokegra.narc,/pbr/pokegra.narc!/member_01831,0,/pbr/pokegra.narc,501,1831,,7437748,7444196,7413984,7420432,6448,fa760d1be771c5e6d2b2e6d60a2d243756acf555897844912dfa5de0af8d78e0,5247434efffe00013019000010000100,,NCGR graphics,Confirmed,True,False,,,,,,,,,,False,False
/pbr/pokegra.narc,/pbr/pokegra.narc!/member_01832,0,/pbr/pokegra.narc,501,1832,,7444196,7450644,7420432,7426880,6448,a32962b05d9571af8a5ee267b1569722841b66bb6f1f65730958f127d1a10a91,5247434efffe00013019000010000100,,NCGR graphics,Confirmed,True,False,,,,,,,,,,False,False
/pbr/pokegra.narc,/pbr/pokegra.narc!/member_01833,0,/pbr/pokegra.narc,501,1833,,7450644,7457092,7426880,7433328,6448,a32962b05d9571af8a5ee267b1569722841b66bb6f1f65730958f127d1a10a91,5247434efffe00013019000010000100,,NCGR graphics,Confirmed,True,False,,,,,,,,,,False,False
/pbr/pokegra.narc,/pbr/pokegra.narc!/member_01834,0,/pbr/pokegra.narc,501,1834,,7457092,7457164,7433328,7433400,72,82ee505f8fa73a8b89082dd38ff164b3399cc32a1e76fc15c8a3c8ca14aaa162,524c434efffe00014800000010000100,,NCLR palette,Confirmed,True,False,,,,,,,,,,False,False
/pbr/pokegra.narc,/pbr/pokegra.narc!/member_01835,0,/pbr/pokegra.narc,501,1835,,7457164,7457236,7433400,7433472,72,c9b5994d745dfe7b02cd160ab7ac40c6479305645312cf2ec51176d9666687e3,524c434efffe00014800000010000100,,NCLR palette,Confirmed,True,False,,,,,,,,,,False,False
/pbr/pokegra.narc,/pbr/pokegra.narc!/member_01836,0,/pbr/pokegra.narc,501,1836,,7457236,7463684,7433472,7439920,6448,e99ed08867da18da7e21491051456943dcb73e7b755aefd961381a5565493ad9,5247434efffe00013019000010000100,,NCGR graphics,Confirmed,True,False,,,,,,,,,,False,False
/pbr/pokegra.narc,/pbr/pokegra.narc!/member_01837,0,/pbr/pokegra.narc,501,1837,,7463684,7470132,7439920,7446368,6448,e99ed08867da18da7e21491051456943dcb73e7b755aefd961381a5565493ad9,5247434efffe00013019000010000100,,NCGR graphics,Confirmed,True,False,,,,,,,,,,False,False
/pbr/pokegra.narc,/pbr/pokegra.narc!/member_01838,0,/pbr/pokegra.narc,501,1838,,7470132,7476580,7446368,7452816,6448,74acd0f55914d043862db0115416f6b67922708a9213ca199ee7bc94ae9e97c1,5247434efffe00013019000010000100,,NCGR graphics,Confirmed,True,False,,,,,,,,,,False,False
/pbr/pokegra.narc,/pbr/pokegra.narc!/member_01839,0,/pbr/pokegra.narc,501,1839,,7476580,7483028,7452816,7459264,6448,74acd0f55914d043862db0115416f6b67922708a9213ca199ee7bc94ae9e97c1,5247434efffe00013019000010000100,,NCGR graphics,Confirmed,True,False,,,,,,,,,,False,False
/pbr/pokegra.narc,/pbr/pokegra.narc!/member_01840,0,/pbr/pokegra.narc,501,1840,,7483028,7483100,7459264,7459336,72,96d0472db20c33e9a457ec956906c7d7049d3f7f553487f4c33b240a9b1a0707,524c434efffe00014800000010000100,,NCLR palette,Confirmed,True,False,,,,,,,,,,False,False
/pbr/pokegra.narc,/pbr/pokegra.narc!/member_01841,0,/pbr/pokegra.narc,501,1841,,7483100,7483172,7459336,7459408,72,750cabf4f61808aafbeb8ccb2a8c6ed53932091ce57149e4bf025a8854b30bee,524c434efffe00014800000010000100,,NCLR palette,Confirmed,True,False,,,,,,,,,,False,False
/pbr/pokegra.narc,/pbr/pokegra.narc!/member_01842,0,/pbr/pokegra.narc,501,1842,,7483172,7489620,7459408,7465856,6448,dd514b7d491b83b953767961065af5c8005f50859c3b378fe85c05672b5e99d4,5247434efffe00013019000010000100,,NCGR graphics,Confirmed,True,False,,,,,,,,,,False,False
/pbr/pokegra.narc,/pbr/pokegra.narc!/member_01843,0,/pbr/pokegra.narc,501,1843,,7489620,7496068,7465856,7472304,6448,9847d0f278deac9373a60aaf4bb3eb09479d533bc7823bb3cbd32a210324ba2b,5247434efffe00013019000010000100,,NCGR graphics,Confirmed,True,False,,,,,,,,,,False,False
/pbr/pokegra.narc,/pbr/pokegra.narc!/member_01844,0,/pbr/pokegra.narc,501,1844,,7496068,7502516,7472304,7478752,6448,b16cb641df3410a1ef1448bd1ef41d51b28a98225293dcc3747b6a3c3d4cf750,5247434efffe00013019000010000100,,NCGR graphics,Confirmed,True,False,,,,,,,,,,False,False
/pbr/pokegra.narc,/pbr/pokegra.narc!/member_01845,0,/pbr/pokegra.narc,501,1845,,7502516,7508964,7478752,7485200,6448,7857719d8841820336d5b8a7cbe1d7930c55ab20651eaddd1bc11b92d9ff17d8,5247434efffe00013019000010000100,,NCGR graphics,Confirmed,True,False,,,,,,,,,,False,False
/pbr/pokegra.narc,/pbr/pokegra.narc!/member_01846,0,/pbr/pokegra.narc,501,1846,,7508964,7509036,7485200,7485272,72,164ba3ac5c37cb518e58c2ab82fbcad0e0e3fd88ee26e75fa547fa833d2574ec,524c434efffe00014800000010000100,,NCLR palette,Confirmed,True,False,,,,,,,,,,False,False
/pbr/pokegra.narc,/pbr/pokegra.narc!/member_01847,0,/pbr/pokegra.narc,501,1847,,7509036,7509108,7485272,7485344,72,9c5dbdfd8dba2026967adb8054ebe58025f607f1a4ac95ae4c74dcf107b42d79,524c434efffe00014800000010000100,,NCLR palette,Confirmed,True,False,,,,,,,,,,False,False
/pbr/pokegra.narc,/pbr/pokegra.narc!/member_01848,0,/pbr/pokegra.narc,501,1848,,7509108,7515556,7485344,7491792,6448,fbf238363bbcd55e0b27def093632e3a92eeb6856ff1dc17f1add2f64abe5fbc,5247434efffe00013019000010000100,,NCGR graphics,Confirmed,True,False,,,,,,,,,,False,False
/pbr/pokegra.narc,/pbr/pokegra.narc!/member_01849,0,/pbr/pokegra.narc,501,1849,,7515556,7522004,7491792,7498240,6448,6c43a6afb0bc0a9139b206b5ccfd73b684fe72f75b9550e13947da9651d39898,5247434efffe00013019000010000100,,NCGR graphics,Confirmed,True,False,,,,,,,,,,False,False
/pbr/pokegra.narc,/pbr/pokegra.narc!/member_01850,0,/pbr/pokegra.narc,501,1850,,7522004,7528452,7498240,7504688,6448,8137d9324d33cfdd85120e834e97abd264fd39023b6923cc37d3e7bcb57318cc,5247434efffe00013019000010000100,,NCGR graphics,Confirmed,True,False,,,,,,,,,,False,False
/pbr/pokegra.narc,/pbr/pokegra.narc!/member_01851,0,/pbr/pokegra.narc,501,1851,,7528452,7534900,7504688,7511136,6448,a554a977c1460bd4d108dbff98248207cbe1eec94f3d4c6da9c65a539d6bbfa3,5247434efffe00013019000010000100,,NCGR graphics,Confirmed,True,False,,,,,,,,,,False,False
/pbr/pokegra.narc,/pbr/pokegra.narc!/member_01852,0,/pbr/pokegra.narc,501,1852,,7534900,7534972,7511136,7511208,72,08b1383880d97c6eb4542efc5c74053f635a1a227c386b32be28a84d54211356,524c434efffe00014800000010000100,,NCLR palette,Confirmed,True,False,,,,,,,,,,False,False
/pbr/pokegra.narc,/pbr/pokegra.narc!/member_01853,0,/pbr/pokegra.narc,501,1853,,7534972,7535044,7511208,7511280,72,6893891b217544e4e6a2b33097ab69685cd2fefaa80840feb9be24dd2be97811,524c434efffe00014800000010000100,,NCLR palette,Confirmed,True,False,,,,,,,,,,False,False
/pbr/pokegra.narc,/pbr/pokegra.narc!/member_01854,0,/pbr/pokegra.narc,501,1854,,7535044,7541492,7511280,7517728,6448,6a0a0c5c5903ef211b50a9344b8c540f2ec05186e58dea70daf3310d413bce05,5247434efffe00013019000010000100,,NCGR graphics,Confirmed,True,False,,,,,,,,,,False,False
/pbr/pokegra.narc,/pbr/pokegra.narc!/member_01855,0,/pbr/pokegra.narc,501,1855,,7541492,7547940,7517728,7524176,6448,6a0a0c5c5903ef211b50a9344b8c540f2ec05186e58dea70daf3310d413bce05,5247434efffe00013019000010000100,,NCGR graphics,Confirmed,True,False,,,,,,,,,,False,False
/pbr/pokegra.narc,/pbr/pokegra.narc!/member_01856,0,/pbr/pokegra.narc,501,1856,,7547940,7554388,7524176,7530624,6448,6fe48d47b025dd075b5bef67004e7bfe46d63d5bf37596872123e699ba6022ef,5247434efffe00013019000010000100,,NCGR graphics,Confirmed,True,False,,,,,,,,,,False,False
/pbr/pokegra.narc,/pbr/pokegra.narc!/member_01857,0,/pbr/pokegra.narc,501,1857,,7554388,7560836,7530624,7537072,6448,6fe48d47b025dd075b5bef67004e7bfe46d63d5bf37596872123e699ba6022ef,5247434efffe00013019000010000100,,NCGR graphics,Confirmed,True,False,,,,,,,,,,False,False
/pbr/pokegra.narc,/pbr/pokegra.narc!/member_01858,0,/pbr/pokegra.narc,501,1858,,7560836,7560908,7537072,7537144,72,dfeb08f9f22b0be51d9e52549f9ab8a53cec98a37b746f260e897f590d22dae8,524c434efffe00014800000010000100,,NCLR palette,Confirmed,True,False,,,,,,,,,,False,False
/pbr/pokegra.narc,/pbr/pokegra.narc!/member_01859,0,/pbr/pokegra.narc,501,1859,,7560908,7560980,7537144,7537216,72,ae16514665d95dd5d9100a12ab01fb72c2486cdc032bad6ba5e1575ba2e83e66,524c434efffe00014800000010000100,,NCLR palette,Confirmed,True,False,,,,,,,,,,False,False
/pbr/pokegra.narc,/pbr/pokegra.narc!/member_01860,0,/pbr/pokegra.narc,501,1860,,7560980,7567428,7537216,7543664,6448,0953a9bde317a339329ec7fa8fbd7cdaf2e53156f65d12b4e8f5210dfd59e340,5247434efffe00013019000010000100,,NCGR graphics,Confirmed,True,False,,,,,,,,,,False,False
/pbr/pokegra.narc,/pbr/pokegra.narc!/member_01861,0,/pbr/pokegra.narc,501,1861,,7567428,7573876,7543664,7550112,6448,0953a9bde317a339329ec7fa8fbd7cdaf2e53156f65d12b4e8f5210dfd59e340,5247434efffe00013019000010000100,,NCGR graphics,Confirmed,True,False,,,,,,,,,,False,False
/pbr/pokegra.narc,/pbr/pokegra.narc!/member_01862,0,/pbr/pokegra.narc,501,1862,,7573876,7580324,7550112,7556560,6448,317a9df37b0a7592bf562ce8e097012d495bc9e41c4c582ae7ba84f7f57ccd0f,5247434efffe00013019000010000100,,NCGR graphics,Confirmed,True,False,,,,,,,,,,False,False
/pbr/pokegra.narc,/pbr/pokegra.narc!/member_01863,0,/pbr/pokegra.narc,501,1863,,7580324,7586772,7556560,7563008,6448,317a9df37b0a7592bf562ce8e097012d495bc9e41c4c582ae7ba84f7f57ccd0f,5247434efffe00013019000010000100,,NCGR graphics,Confirmed,True,False,,,,,,,,,,False,False
/pbr/pokegra.narc,/pbr/pokegra.narc!/member_01864,0,/pbr/pokegra.narc,501,1864,,7586772,7586844,7563008,7563080,72,3502ccc2dd3503bb85d0267fa24279d00daf55b694e982b84fc954d99c358c3b,524c434efffe00014800000010000100,,NCLR palette,Confirmed,True,False,,,,,,,,,,False,False
/pbr/pokegra.narc,/pbr/pokegra.narc!/member_01865,0,/pbr/pokegra.narc,501,1865,,7586844,7586916,7563080,7563152,72,56d57453bab0e1764f1baaf67c2237186a6d7c05ba1bdd44890735c967885ebe,524c434efffe00014800000010000100,,NCLR palette,Confirmed,True,False,,,,,,,,,,False,False
/pbr/pokegra.narc,/pbr/pokegra.narc!/member_01866,0,/pbr/pokegra.narc,501,1866,,7586916,7593364,7563152,7569600,6448,3c0fabc131eb5a13cdb165ccf1fd331023a076e8b85dee5a4dfe3bd8d51b1f71,5247434efffe00013019000010000100,,NCGR graphics,Confirmed,True,False,,,,,,,,,,False,False
/pbr/pokegra.narc,/pbr/pokegra.narc!/member_01867,0,/pbr/pokegra.narc,501,1867,,7593364,7599812,7569600,7576048,6448,3c0fabc131eb5a13cdb165ccf1fd331023a076e8b85dee5a4dfe3bd8d51b1f71,5247434efffe00013019000010000100,,NCGR graphics,Confirmed,True,False,,,,,,,,,,False,False
/pbr/pokegra.narc,/pbr/pokegra.narc!/member_01868,0,/pbr/pokegra.narc,501,1868,,7599812,7606260,7576048,7582496,6448,4692c228a0a6d52b1d01fb24558651d8a88045d67087ccc922ee9127753b591a,5247434efffe00013019000010000100,,NCGR graphics,Confirmed,True,False,,,,,,,,,,False,False
/pbr/pokegra.narc,/pbr/pokegra.narc!/member_01869,0,/pbr/pokegra.narc,501,1869,,7606260,7612708,7582496,7588944,6448,4692c228a0a6d52b1d01fb24558651d8a88045d67087ccc922ee9127753b591a,5247434efffe00013019000010000100,,NCGR graphics,Confirmed,True,False,,,,,,,,,,False,False
/pbr/pokegra.narc,/pbr/pokegra.narc!/member_01870,0,/pbr/pokegra.narc,501,1870,,7612708,7612780,7588944,7589016,72,d064c73d6e77a3a0beb6dd34c68dd4bcee93e09964f19f34e9daf3565cff079c,524c434efffe00014800000010000100,,NCLR palette,Confirmed,True,False,,,,,,,,,,False,False
/pbr/pokegra.narc,/pbr/pokegra.narc!/member_01871,0,/pbr/pokegra.narc,501,1871,,7612780,7612852,7589016,7589088,72,2925d75df8a0621104d0e21da856711771db9758652d9a926aafd0f5a3c8bb93,524c434efffe00014800000010000100,,NCLR palette,Confirmed,True,False,,,,,,,,,,False,False
/pbr/pokegra.narc,/pbr/pokegra.narc!/member_01872,0,/pbr/pokegra.narc,501,1872,,7612852,7619300,7589088,7595536,6448,adc7e971272fd4a25a894eb14f49a6dbc209beb3be823ab02acd7cb1f46b973b,5247434efffe00013019000010000100,,NCGR graphics,Confirmed,True,False,,,,,,,,,,False,False
/pbr/pokegra.narc,/pbr/pokegra.narc!/member_01873,0,/pbr/pokegra.narc,501,1873,,7619300,7625748,7595536,7601984,6448,adc7e971272fd4a25a894eb14f49a6dbc209beb3be823ab02acd7cb1f46b973b,5247434efffe00013019000010000100,,NCGR graphics,Confirmed,True,False,,,,,,,,,,False,False
/pbr/pokegra.narc,/pbr/pokegra.narc!/member_01874,0,/pbr/pokegra.narc,501,1874,,7625748,7632196,7601984,7608432,6448,4b1a4892486050ed80559b9fb6a42ca529a72578b5fe591d2ea9f80a6573100d,5247434efffe00013019000010000100,,NCGR graphics,Confirmed,True,False,,,,,,,,,,False,False
/pbr/pokegra.narc,/pbr/pokegra.narc!/member_01875,0,/pbr/pokegra.narc,501,1875,,7632196,7638644,7608432,7614880,6448,4b1a4892486050ed80559b9fb6a42ca529a72578b5fe591d2ea9f80a6573100d,5247434efffe00013019000010000100,,NCGR graphics,Confirmed,True,False,,,,,,,,,,False,False
/pbr/pokegra.narc,/pbr/pokegra.narc!/member_01876,0,/pbr/pokegra.narc,501,1876,,7638644,7638716,7614880,7614952,72,b08cd456c7ece76f27d51c43b4fa569c6587c50549db70a1dd64ba7e7ee52905,524c434efffe00014800000010000100,,NCLR palette,Confirmed,True,False,,,,,,,,,,False,False
/pbr/pokegra.narc,/pbr/pokegra.narc!/member_01877,0,/pbr/pokegra.narc,501,1877,,7638716,7638788,7614952,7615024,72,7a75175323cfe0bf4961960f73973d4b8c1cbe7f8cd21c36c004981798a3a0bc,524c434efffe00014800000010000100,,NCLR palette,Confirmed,True,False,,,,,,,,,,False,False
/pbr/pokegra.narc,/pbr/pokegra.narc!/member_01878,0,/pbr/pokegra.narc,501,1878,,7638788,7638788,7615024,7615024,0,e3b0c44298fc1c149afbf4c8996fb92427ae41e4649b934ca495991b7852b855,,,,,,False,,,,,,,,,,False,False
/pbr/pokegra.narc,/pbr/pokegra.narc!/member_01879,0,/pbr/pokegra.narc,501,1879,,7638788,7645236,7615024,7621472,6448,1292a629c35f70bfa1f20b507aae22d127bbf773114ca6e07f17701986f639af,5247434efffe00013019000010000100,,NCGR graphics,Confirmed,True,False,,,,,,,,,,False,False
/pbr/pokegra.narc,/pbr/pokegra.narc!/member_01880,0,/pbr/pokegra.narc,501,1880,,7645236,7645236,7621472,7621472,0,e3b0c44298fc1c149afbf4c8996fb92427ae41e4649b934ca495991b7852b855,,,,,,False,,,,,,,,,,False,False
/pbr/pokegra.narc,/pbr/pokegra.narc!/member_01881,0,/pbr/pokegra.narc,501,1881,,7645236,7651684,7621472,7627920,6448,1ba27ea3672fab3b5e22e55303ed64835590babbab536d6eb01ccca6fdb3dc60,5247434efffe00013019000010000100,,NCGR graphics,Confirmed,True,False,,,,,,,,,,False,False
/pbr/pokegra.narc,/pbr/pokegra.narc!/member_01882,0,/pbr/pokegra.narc,501,1882,,7651684,7651756,7627920,7627992,72,12a62491f1e56305fcc7d5715f13f6b5c43b411d287a453ce4fb55af2ad5ff4b,524c434efffe00014800000010000100,,NCLR palette,Confirmed,True,False,,,,,,,,,,False,False
/pbr/pokegra.narc,/pbr/pokegra.narc!/member_01883,0,/pbr/pokegra.narc,501,1883,,7651756,7651828,7627992,7628064,72,9af1305e33aa1cc3f335e3048ba603503af202f169d15f2c056078644091b914,524c434efffe00014800000010000100,,NCLR palette,Confirmed,True,False,,,,,,,,,,False,False
/pbr/pokegra.narc,/pbr/pokegra.narc!/member_01884,0,/pbr/pokegra.narc,501,1884,,7651828,7658276,7628064,7634512,6448,fee5663a2673a7aef1f3eda7e3256a398b4513516fba313af95772c69f846a32,5247434efffe00013019000010000100,,NCGR graphics,Confirmed,True,False,,,,,,,,,,False,False
/pbr/pokegra.narc,/pbr/pokegra.narc!/member_01885,0,/pbr/pokegra.narc,501,1885,,7658276,7658276,7634512,7634512,0,e3b0c44298fc1c149afbf4c8996fb92427ae41e4649b934ca495991b7852b855,,,,,,False,,,,,,,,,,False,False
/pbr/pokegra.narc,/pbr/pokegra.narc!/member_01886,0,/pbr/pokegra.narc,501,1886,,7658276,7664724,7634512,7640960,6448,e5c2009726a00381e5a14f10fa60c57263e073c73fe7cad07c0fbb668e0a6907,5247434efffe00013019000010000100,,NCGR graphics,Confirmed,True,False,,,,,,,,,,False,False
/pbr/pokegra.narc,/pbr/pokegra.narc!/member_01887,0,/pbr/pokegra.narc,501,1887,,7664724,7664724,7640960,7640960,0,e3b0c44298fc1c149afbf4c8996fb92427ae41e4649b934ca495991b7852b855,,,,,,False,,,,,,,,,,False,False
/pbr/pokegra.narc,/pbr/pokegra.narc!/member_01888,0,/pbr/pokegra.narc,501,1888,,7664724,7664796,7640960,7641032,72,a90408c74d44308c0fe40ee3a3b4d07812ec0d3f307fc0f9199aedc59a8e6ad7,524c434efffe00014800000010000100,,NCLR palette,Confirmed,True,False,,,,,,,,,,False,False
/pbr/pokegra.narc,/pbr/pokegra.narc!/member_01889,0,/pbr/pokegra.narc,501,1889,,7664796,7664868,7641032,7641104,72,897a83c3900aaf2bcb10723e67937552bd15bb5d093500aaa02b784e1a3b6b7c,524c434efffe00014800000010000100,,NCLR palette,Confirmed,True,False,,,,,,,,,,False,False
/pbr/pokegra.narc,/pbr/pokegra.narc!/member_01890,0,/pbr/pokegra.narc,501,1890,,7664868,7671316,7641104,7647552,6448,6b8960705a79f03363ea65fa129f3593aa442fb27e345b8ad6c31c5f19541a74,5247434efffe00013019000010000100,,NCGR graphics,Confirmed,True,False,,,,,,,,,,False,False
/pbr/pokegra.narc,/pbr/pokegra.narc!/member_01891,0,/pbr/pokegra.narc,501,1891,,7671316,7677764,7647552,7654000,6448,f88a3e82a08c1adb1eefc0d0b7d8b7f39fb863ad696712b2779f5e49d3e36a4e,5247434efffe00013019000010000100,,NCGR graphics,Confirmed,True,False,,,,,,,,,,False,False
/pbr/pokegra.narc,/pbr/pokegra.narc!/member_01892,0,/pbr/pokegra.narc,501,1892,,7677764,7684212,7654000,7660448,6448,b3ee27360b638ff537120c7dd85669d36f912c5da8a26bd0c21c9e4555997ed3,5247434efffe00013019000010000100,,NCGR graphics,Confirmed,True,False,,,,,,,,,,False,False
/pbr/pokegra.narc,/pbr/pokegra.narc!/member_01893,0,/pbr/pokegra.narc,501,1893,,7684212,7690660,7660448,7666896,6448,b987fbcf10a68798f10d19936faa8e97e7781cdfea29f63af885c6dc84fb48d5,5247434efffe00013019000010000100,,NCGR graphics,Confirmed,True,False,,,,,,,,,,False,False
/pbr/pokegra.narc,/pbr/pokegra.narc!/member_01894,0,/pbr/pokegra.narc,501,1894,,7690660,7690732,7666896,7666968,72,a5d929f3713304a0665f805524294ff76e2cc6f44df31661dc92a415f1352a2f,524c434efffe00014800000010000100,,NCLR palette,Confirmed,True,False,,,,,,,,,,False,False
/pbr/pokegra.narc,/pbr/pokegra.narc!/member_01895,0,/pbr/pokegra.narc,501,1895,,7690732,7690804,7666968,7667040,72,c64c8c0bbe6f4c9afe88df0d0bfcc0a4cd59ea61b3d8b784951d3f3d610ec12f,524c434efffe00014800000010000100,,NCLR palette,Confirmed,True,False,,,,,,,,,,False,False
/pbr/pokegra.narc,/pbr/pokegra.narc!/member_01896,0,/pbr/pokegra.narc,501,1896,,7690804,7697252,7667040,7673488,6448,5da32455e558670fbf02e3c0f66db588a8ebef8b5af915903021ee8bfe8460cf,5247434efffe00013019000010000100,,NCGR graphics,Confirmed,True,False,,,,,,,,,,False,False
/pbr/pokegra.narc,/pbr/pokegra.narc!/member_01897,0,/pbr/pokegra.narc,501,1897,,7697252,7703700,7673488,7679936,6448,88521c0421d36bcb2601189b0c477dd7d67f978bc098e11a7d28210f2cfea3e8,5247434efffe00013019000010000100,,NCGR graphics,Confirmed,True,False,,,,,,,,,,False,False
/pbr/pokegra.narc,/pbr/pokegra.narc!/member_01898,0,/pbr/pokegra.narc,501,1898,,7703700,7710148,7679936,7686384,6448,fa09904197a9680183fefa43b363184a1d7cb80117c02f6b37b37fd83c41a87f,5247434efffe00013019000010000100,,NCGR graphics,Confirmed,True,False,,,,,,,,,,False,False
/pbr/pokegra.narc,/pbr/pokegra.narc!/member_01899,0,/pbr/pokegra.narc,501,1899,,7710148,7716596,7686384,7692832,6448,f948c0d3e5755185ff624e2578428d895c093b1a5511d87834b5af9c9c364a06,5247434efffe00013019000010000100,,NCGR graphics,Confirmed,True,False,,,,,,,,,,False,False
/pbr/pokegra.narc,/pbr/pokegra.narc!/member_01900,0,/pbr/pokegra.narc,501,1900,,7716596,7716668,7692832,7692904,72,6e13396de7083ea989e39c1496bf11563b73a89dbc1ae8b3fed74fcf8a626436,524c434efffe00014800000010000100,,NCLR palette,Confirmed,True,False,,,,,,,,,,False,False
/pbr/pokegra.narc,/pbr/pokegra.narc!/member_01901,0,/pbr/pokegra.narc,501,1901,,7716668,7716740,7692904,7692976,72,8e7cd3446c32674722fc2673238f2dd43230e881430cd0cb730f4034ce846984,524c434efffe00014800000010000100,,NCLR palette,Confirmed,True,False,,,,,,,,,,False,False
/pbr/pokegra.narc,/pbr/pokegra.narc!/member_01902,0,/pbr/pokegra.narc,501,1902,,7716740,7723188,7692976,7699424,6448,24d590080fa0d80d2fa9e715d22c27322afc22e41ca64b878790be128e14a7e2,5247434efffe00013019000010000100,,NCGR graphics,Confirmed,True,False,,,,,,,,,,False,False
/pbr/pokegra.narc,/pbr/pokegra.narc!/member_01903,0,/pbr/pokegra.narc,501,1903,,7723188,7729636,7699424,7705872,6448,062dc1795652fa23478b73bc51f1fd108f5e63bdad10e4986ef0747eecff0628,5247434efffe00013019000010000100,,NCGR graphics,Confirmed,True,False,,,,,,,,,,False,False
/pbr/pokegra.narc,/pbr/pokegra.narc!/member_01904,0,/pbr/pokegra.narc,501,1904,,7729636,7736084,7705872,7712320,6448,0fdada5839d7bf5913ed8a636814aed10def9fba9ae0bb94e97a352732036abf,5247434efffe00013019000010000100,,NCGR graphics,Confirmed,True,False,,,,,,,,,,False,False
/pbr/pokegra.narc,/pbr/pokegra.narc!/member_01905,0,/pbr/pokegra.narc,501,1905,,7736084,7742532,7712320,7718768,6448,3152a7b8b24290dbce6e20a3966a55baf9763482b8336f5d2d076c81c4a16f50,5247434efffe00013019000010000100,,NCGR graphics,Confirmed,True,False,,,,,,,,,,False,False
/pbr/pokegra.narc,/pbr/pokegra.narc!/member_01906,0,/pbr/pokegra.narc,501,1906,,7742532,7742604,7718768,7718840,72,187882c38735c64fbe5b3f171b157dbe9afa72d2cdbd94774f057b25d3fb5c75,524c434efffe00014800000010000100,,NCLR palette,Confirmed,True,False,,,,,,,,,,False,False
/pbr/pokegra.narc,/pbr/pokegra.narc!/member_01907,0,/pbr/pokegra.narc,501,1907,,7742604,7742676,7718840,7718912,72,dc4d689951e07b4aa61eb6f900af88c8dbbf4f83f10f48f10b877654b61fe462,524c434efffe00014800000010000100,,NCLR palette,Confirmed,True,False,,,,,,,,,,False,False
/pbr/pokegra.narc,/pbr/pokegra.narc!/member_01908,0,/pbr/pokegra.narc,501,1908,,7742676,7749124,7718912,7725360,6448,36160860ffdcc9c9af35e11be177283d5ba5ad4a4e8c03863123a695394a8880,5247434efffe00013019000010000100,,NCGR graphics,Confirmed,True,False,,,,,,,,,,False,False
/pbr/pokegra.narc,/pbr/pokegra.narc!/member_01909,0,/pbr/pokegra.narc,501,1909,,7749124,7755572,7725360,7731808,6448,36160860ffdcc9c9af35e11be177283d5ba5ad4a4e8c03863123a695394a8880,5247434efffe00013019000010000100,,NCGR graphics,Confirmed,True,False,,,,,,,,,,False,False
/pbr/pokegra.narc,/pbr/pokegra.narc!/member_01910,0,/pbr/pokegra.narc,501,1910,,7755572,7762020,7731808,7738256,6448,a1a8f3f7df282b3c8c76d382acfee947c5e20d2856827475f347873c07749a21,5247434efffe00013019000010000100,,NCGR graphics,Confirmed,True,False,,,,,,,,,,False,False
/pbr/pokegra.narc,/pbr/pokegra.narc!/member_01911,0,/pbr/pokegra.narc,501,1911,,7762020,7768468,7738256,7744704,6448,a1a8f3f7df282b3c8c76d382acfee947c5e20d2856827475f347873c07749a21,5247434efffe00013019000010000100,,NCGR graphics,Confirmed,True,False,,,,,,,,,,False,False
/pbr/pokegra.narc,/pbr/pokegra.narc!/member_01912,0,/pbr/pokegra.narc,501,1912,,7768468,7768540,7744704,7744776,72,c7c68bc6b45260cdec58fe415d408521b3f048f18ecb59da2392b685161c9b8d,524c434efffe00014800000010000100,,NCLR palette,Confirmed,True,False,,,,,,,,,,False,False
/pbr/pokegra.narc,/pbr/pokegra.narc!/member_01913,0,/pbr/pokegra.narc,501,1913,,7768540,7768612,7744776,7744848,72,f206e1526537ad8b041b29261cae5fbf8e9000db660d07002a95bb064a292e76,524c434efffe00014800000010000100,,NCLR palette,Confirmed,True,False,,,,,,,,,,False,False
/pbr/pokegra.narc,/pbr/pokegra.narc!/member_01914,0,/pbr/pokegra.narc,501,1914,,7768612,7775060,7744848,7751296,6448,b5f214c3b222fbfde6deb478166229bcff1119d5be5b534ee0ca150b13af5e6a,5247434efffe00013019000010000100,,NCGR graphics,Confirmed,True,False,,,,,,,,,,False,False
/pbr/pokegra.narc,/pbr/pokegra.narc!/member_01915,0,/pbr/pokegra.narc,501,1915,,7775060,7781508,7751296,7757744,6448,b5f214c3b222fbfde6deb478166229bcff1119d5be5b534ee0ca150b13af5e6a,5247434efffe00013019000010000100,,NCGR graphics,Confirmed,True,False,,,,,,,,,,False,False
/pbr/pokegra.narc,/pbr/pokegra.narc!/member_01916,0,/pbr/pokegra.narc,501,1916,,7781508,7787956,7757744,7764192,6448,f09be68008361d05b7e39ba374146d4e134e7d139a4ebd79c762d589336b0744,5247434efffe00013019000010000100,,NCGR graphics,Confirmed,True,False,,,,,,,,,,False,False
/pbr/pokegra.narc,/pbr/pokegra.narc!/member_01917,0,/pbr/pokegra.narc,501,1917,,7787956,7794404,7764192,7770640,6448,f09be68008361d05b7e39ba374146d4e134e7d139a4ebd79c762d589336b0744,5247434efffe00013019000010000100,,NCGR graphics,Confirmed,True,False,,,,,,,,,,False,False
/pbr/pokegra.narc,/pbr/pokegra.narc!/member_01918,0,/pbr/pokegra.narc,501,1918,,7794404,7794476,7770640,7770712,72,e41cb9bd5adf6cffef3c0f3e8105a006fcf353e7e88b9182d62eb635a3a35ef4,524c434efffe00014800000010000100,,NCLR palette,Confirmed,True,False,,,,,,,,,,False,False
/pbr/pokegra.narc,/pbr/pokegra.narc!/member_01919,0,/pbr/pokegra.narc,501,1919,,7794476,7794548,7770712,7770784,72,866e432185cdf9276c2d103e482a8d005ab739784aa1b79427285b18cf1a3649,524c434efffe00014800000010000100,,NCLR palette,Confirmed,True,False,,,,,,,,,,False,False
/pbr/pokegra.narc,/pbr/pokegra.narc!/member_01920,0,/pbr/pokegra.narc,501,1920,,7794548,7800996,7770784,7777232,6448,abd0035464c226b68e135dea83185d8c6fc543be33a00ef6c57e2cb19b42d1a3,5247434efffe00013019000010000100,,NCGR graphics,Confirmed,True,False,,,,,,,,,,False,False
/pbr/pokegra.narc,/pbr/pokegra.narc!/member_01921,0,/pbr/pokegra.narc,501,1921,,7800996,7807444,7777232,7783680,6448,abd0035464c226b68e135dea83185d8c6fc543be33a00ef6c57e2cb19b42d1a3,5247434efffe00013019000010000100,,NCGR graphics,Confirmed,True,False,,,,,,,,,,False,False
/pbr/pokegra.narc,/pbr/pokegra.narc!/member_01922,0,/pbr/pokegra.narc,501,1922,,7807444,7813892,7783680,7790128,6448,1aed056b979df4a269d6bfb752f11b4413b36710e69463883ca104062654a027,5247434efffe00013019000010000100,,NCGR graphics,Confirmed,True,False,,,,,,,,,,False,False
/pbr/pokegra.narc,/pbr/pokegra.narc!/member_01923,0,/pbr/pokegra.narc,501,1923,,7813892,7820340,7790128,7796576,6448,1aed056b979df4a269d6bfb752f11b4413b36710e69463883ca104062654a027,5247434efffe00013019000010000100,,NCGR graphics,Confirmed,True,False,,,,,,,,,,False,False
/pbr/pokegra.narc,/pbr/pokegra.narc!/member_01924,0,/pbr/pokegra.narc,501,1924,,7820340,7820412,7796576,7796648,72,c4920663f6a204a266d7e6834ccdd21894f37e9d084e123c1fc4ada090acf554,524c434efffe00014800000010000100,,NCLR palette,Confirmed,True,False,,,,,,,,,,False,False
/pbr/pokegra.narc,/pbr/pokegra.narc!/member_01925,0,/pbr/pokegra.narc,501,1925,,7820412,7820484,7796648,7796720,72,8d46d8fc3a0b42a171d35e046a6858a742cfcde105208e5b1bb4f19feee9f138,524c434efffe00014800000010000100,,NCLR palette,Confirmed,True,False,,,,,,,,,,False,False
/pbr/pokegra.narc,/pbr/pokegra.narc!/member_01926,0,/pbr/pokegra.narc,501,1926,,7820484,7826932,7796720,7803168,6448,a3f34663b9c610e00ec17043870cfb9ca25573cd5e6ef56b897541aad37742b4,5247434efffe00013019000010000100,,NCGR graphics,Confirmed,True,False,,,,,,,,,,False,False
/pbr/pokegra.narc,/pbr/pokegra.narc!/member_01927,0,/pbr/pokegra.narc,501,1927,,7826932,7833380,7803168,7809616,6448,a3f34663b9c610e00ec17043870cfb9ca25573cd5e6ef56b897541aad37742b4,5247434efffe00013019000010000100,,NCGR graphics,Confirmed,True,False,,,,,,,,,,False,False
/pbr/pokegra.narc,/pbr/pokegra.narc!/member_01928,0,/pbr/pokegra.narc,501,1928,,7833380,7839828,7809616,7816064,6448,9c46f03752f8129ea7dc647bc34d1360fcc738ff3bcbca622050aac9ac2929b9,5247434efffe00013019000010000100,,NCGR graphics,Confirmed,True,False,,,,,,,,,,False,False
/pbr/pokegra.narc,/pbr/pokegra.narc!/member_01929,0,/pbr/pokegra.narc,501,1929,,7839828,7846276,7816064,7822512,6448,9c46f03752f8129ea7dc647bc34d1360fcc738ff3bcbca622050aac9ac2929b9,5247434efffe00013019000010000100,,NCGR graphics,Confirmed,True,False,,,,,,,,,,False,False
/pbr/pokegra.narc,/pbr/pokegra.narc!/member_01930,0,/pbr/pokegra.narc,501,1930,,7846276,7846348,7822512,7822584,72,2be345c990d71adf50d83ddb10516dc5d77280e1b015ba81599aec9df7f1a0ec,524c434efffe00014800000010000100,,NCLR palette,Confirmed,True,False,,,,,,,,,,False,False
/pbr/pokegra.narc,/pbr/pokegra.narc!/member_01931,0,/pbr/pokegra.narc,501,1931,,7846348,7846420,7822584,7822656,72,3d9ec1abd5e3ff4aa273e4cd845b1f063576f6f8e97469c799b352e2f6fe3b2c,524c434efffe00014800000010000100,,NCLR palette,Confirmed,True,False,,,,,,,,,,False,False
/pbr/pokegra.narc,/pbr/pokegra.narc!/member_01932,0,/pbr/pokegra.narc,501,1932,,7846420,7852868,7822656,7829104,6448,a2ec93a7da5841cd754a2113c0409386d1f8ecfef4ba131b8974acbf21ddda68,5247434efffe00013019000010000100,,NCGR graphics,Confirmed,True,False,,,,,,,,,,False,False
/pbr/pokegra.narc,/pbr/pokegra.narc!/member_01933,0,/pbr/pokegra.narc,501,1933,,7852868,7859316,7829104,7835552,6448,2629bc084442281611ad0cb4cf3af8abacd52f04d2ee30bd6357c63916978970,5247434efffe00013019000010000100,,NCGR graphics,Confirmed,True,False,,,,,,,,,,False,False
/pbr/pokegra.narc,/pbr/pokegra.narc!/member_01934,0,/pbr/pokegra.narc,501,1934,,7859316,7865764,7835552,7842000,6448,20287e705b7006a0ce86192aa25aaa894ce6f4fe0b0395a1d5692ae88b98f1f2,5247434efffe00013019000010000100,,NCGR graphics,Confirmed,True,False,,,,,,,,,,False,False
/pbr/pokegra.narc,/pbr/pokegra.narc!/member_01935,0,/pbr/pokegra.narc,501,1935,,7865764,7872212,7842000,7848448,6448,d1ad1150c47831b988593138ee33da092767994622f5e28a330ece631e3dabad,5247434efffe00013019000010000100,,NCGR graphics,Confirmed,True,False,,,,,,,,,,False,False
/pbr/pokegra.narc,/pbr/pokegra.narc!/member_01936,0,/pbr/pokegra.narc,501,1936,,7872212,7872284,7848448,7848520,72,f2b3c84fd4246a19ee87114097a973eec6cc56a502b3aafbc2618c1be40c9f74,524c434efffe00014800000010000100,,NCLR palette,Confirmed,True,False,,,,,,,,,,False,False
/pbr/pokegra.narc,/pbr/pokegra.narc!/member_01937,0,/pbr/pokegra.narc,501,1937,,7872284,7872356,7848520,7848592,72,c9d18cde398484314e8f1b5d5cb000be1b1c0096d4612a8fd2dce2a24137c705,524c434efffe00014800000010000100,,NCLR palette,Confirmed,True,False,,,,,,,,,,False,False
/pbr/pokegra.narc,/pbr/pokegra.narc!/member_01938,0,/pbr/pokegra.narc,501,1938,,7872356,7878804,7848592,7855040,6448,932eddb902eea09495a3ca7e10c84c62f99c6cd44773e2347d8c4620363013fc,5247434efffe00013019000010000100,,NCGR graphics,Confirmed,True,False,,,,,,,,,,False,False
/pbr/pokegra.narc,/pbr/pokegra.narc!/member_01939,0,/pbr/pokegra.narc,501,1939,,7878804,7885252,7855040,7861488,6448,e016354d05355d338a26313ea0a005dacad0a254506d623f715e8423f9edbd39,5247434efffe00013019000010000100,,NCGR graphics,Confirmed,True,False,,,,,,,,,,False,False
/pbr/pokegra.narc,/pbr/pokegra.narc!/member_01940,0,/pbr/pokegra.narc,501,1940,,7885252,7891700,7861488,7867936,6448,c27e9153cd44ec2899f7f3d9526be13a5bf3e823d31b8ddb4e0fe808f7ae886e,5247434efffe00013019000010000100,,NCGR graphics,Confirmed,True,False,,,,,,,,,,False,False
/pbr/pokegra.narc,/pbr/pokegra.narc!/member_01941,0,/pbr/pokegra.narc,501,1941,,7891700,7898148,7867936,7874384,6448,c26c922d1636d27a6615ff17ad964352ece0e747e4f00bb32c2fd2789cdee1ff,5247434efffe00013019000010000100,,NCGR graphics,Confirmed,True,False,,,,,,,,,,False,False
/pbr/pokegra.narc,/pbr/pokegra.narc!/member_01942,0,/pbr/pokegra.narc,501,1942,,7898148,7898220,7874384,7874456,72,1633820096c18d7e4cdebd11d124d201deacb83a191b714d297e403afb9be3e8,524c434efffe00014800000010000100,,NCLR palette,Confirmed,True,False,,,,,,,,,,False,False
/pbr/pokegra.narc,/pbr/pokegra.narc!/member_01943,0,/pbr/pokegra.narc,501,1943,,7898220,7898292,7874456,7874528,72,81516ac7327b1a094663906ddd41aa751cb2b3ffb95e5cf42117d9ea068f0a44,524c434efffe00014800000010000100,,NCLR palette,Confirmed,True,False,,,,,,,,,,False,False
/pbr/pokegra.narc,/pbr/pokegra.narc!/member_01944,0,/pbr/pokegra.narc,501,1944,,7898292,7904740,7874528,7880976,6448,f7e039bd8a1bd31ff017d72183be98fadc1284df5c42f9d254c64f9ed47f45ac,5247434efffe00013019000010000100,,NCGR graphics,Confirmed,True,False,,,,,,,,,,False,False
/pbr/pokegra.narc,/pbr/pokegra.narc!/member_01945,0,/pbr/pokegra.narc,501,1945,,7904740,7911188,7880976,7887424,6448,f7e039bd8a1bd31ff017d72183be98fadc1284df5c42f9d254c64f9ed47f45ac,5247434efffe00013019000010000100,,NCGR graphics,Confirmed,True,False,,,,,,,,,,False,False
/pbr/pokegra.narc,/pbr/pokegra.narc!/member_01946,0,/pbr/pokegra.narc,501,1946,,7911188,7917636,7887424,7893872,6448,1b61487fb971ee14b9a49252849a5e33616cc0a38e59bf0e784fdb0e7d45d19b,5247434efffe00013019000010000100,,NCGR graphics,Confirmed,True,False,,,,,,,,,,False,False
/pbr/pokegra.narc,/pbr/pokegra.narc!/member_01947,0,/pbr/pokegra.narc,501,1947,,7917636,7924084,7893872,7900320,6448,1b61487fb971ee14b9a49252849a5e33616cc0a38e59bf0e784fdb0e7d45d19b,5247434efffe00013019000010000100,,NCGR graphics,Confirmed,True,False,,,,,,,,,,False,False
/pbr/pokegra.narc,/pbr/pokegra.narc!/member_01948,0,/pbr/pokegra.narc,501,1948,,7924084,7924156,7900320,7900392,72,938c51d9ec8975200f2f354881a8d9c5e5402a08717ddc5fc432ec9f6b6419c6,524c434efffe00014800000010000100,,NCLR palette,Confirmed,True,False,,,,,,,,,,False,False
/pbr/pokegra.narc,/pbr/pokegra.narc!/member_01949,0,/pbr/pokegra.narc,501,1949,,7924156,7924228,7900392,7900464,72,a7e5e6337205cc2ab7ac4e9d0827bdb3be950eef8d87de56245902f4062d558b,524c434efffe00014800000010000100,,NCLR palette,Confirmed,True,False,,,,,,,,,,False,False
/pbr/pokegra.narc,/pbr/pokegra.narc!/member_01950,0,/pbr/pokegra.narc,501,1950,,7924228,7930676,7900464,7906912,6448,eefadf34b493e4e0325f0b5e2b07a0864c9b1a6841115d6a08e9d48ea3fc7093,5247434efffe00013019000010000100,,NCGR graphics,Confirmed,True,False,,,,,,,,,,False,False
/pbr/pokegra.narc,/pbr/pokegra.narc!/member_01951,0,/pbr/pokegra.narc,501,1951,,7930676,7937124,7906912,7913360,6448,eefadf34b493e4e0325f0b5e2b07a0864c9b1a6841115d6a08e9d48ea3fc7093,5247434efffe00013019000010000100,,NCGR graphics,Confirmed,True,False,,,,,,,,,,False,False
/pbr/pokegra.narc,/pbr/pokegra.narc!/member_01952,0,/pbr/pokegra.narc,501,1952,,7937124,7943572,7913360,7919808,6448,25734c1b2d1827dd05df6f1ab0b3e2a35ed088c6e7b2b25453b3247447f39831,5247434efffe00013019000010000100,,NCGR graphics,Confirmed,True,False,,,,,,,,,,False,False
/pbr/pokegra.narc,/pbr/pokegra.narc!/member_01953,0,/pbr/pokegra.narc,501,1953,,7943572,7950020,7919808,7926256,6448,25734c1b2d1827dd05df6f1ab0b3e2a35ed088c6e7b2b25453b3247447f39831,5247434efffe00013019000010000100,,NCGR graphics,Confirmed,True,False,,,,,,,,,,False,False
/pbr/pokegra.narc,/pbr/pokegra.narc!/member_01954,0,/pbr/pokegra.narc,501,1954,,7950020,7950092,7926256,7926328,72,8a0211e99914336add3c2983875df627cae6b6b4efa42324f285aeb370cd90ba,524c434efffe00014800000010000100,,NCLR palette,Confirmed,True,False,,,,,,,,,,False,False
/pbr/pokegra.narc,/pbr/pokegra.narc!/member_01955,0,/pbr/pokegra.narc,501,1955,,7950092,7950164,7926328,7926400,72,08bff051043a2b4aae45d66fd0b4e3e2e7d9e44df8f0aacc31bb1bb18d7cf261,524c434efffe00014800000010000100,,NCLR palette,Confirmed,True,False,,,,,,,,,,False,False
/pbr/pokegra.narc,/pbr/pokegra.narc!/member_01956,0,/pbr/pokegra.narc,501,1956,,7950164,7956612,7926400,7932848,6448,859ae003b5b333bea13ebe2f2781ef5fa03f17125e55aa55e23b812faa471bfe,5247434efffe00013019000010000100,,NCGR graphics,Confirmed,True,False,,,,,,,,,,False,False
/pbr/pokegra.narc,/pbr/pokegra.narc!/member_01957,0,/pbr/pokegra.narc,501,1957,,7956612,7963060,7932848,7939296,6448,859ae003b5b333bea13ebe2f2781ef5fa03f17125e55aa55e23b812faa471bfe,5247434efffe00013019000010000100,,NCGR graphics,Confirmed,True,False,,,,,,,,,,False,False
/pbr/pokegra.narc,/pbr/pokegra.narc!/member_01958,0,/pbr/pokegra.narc,501,1958,,7963060,7969508,7939296,7945744,6448,58034d9106efc9b2551b19bc08100cbb0738758c14be5a1e19e7f7e1310c0ee3,5247434efffe00013019000010000100,,NCGR graphics,Confirmed,True,False,,,,,,,,,,False,False
/pbr/pokegra.narc,/pbr/pokegra.narc!/member_01959,0,/pbr/pokegra.narc,501,1959,,7969508,7975956,7945744,7952192,6448,58034d9106efc9b2551b19bc08100cbb0738758c14be5a1e19e7f7e1310c0ee3,5247434efffe00013019000010000100,,NCGR graphics,Confirmed,True,False,,,,,,,,,,False,False
/pbr/pokegra.narc,/pbr/pokegra.narc!/member_01960,0,/pbr/pokegra.narc,501,1960,,7975956,7976028,7952192,7952264,72,16534471628917826762b15bc2554acc642a1422b8ecdd0d03ae5573ea55beb1,524c434efffe00014800000010000100,,NCLR palette,Confirmed,True,False,,,,,,,,,,False,False
/pbr/pokegra.narc,/pbr/pokegra.narc!/member_01961,0,/pbr/pokegra.narc,501,1961,,7976028,7976100,7952264,7952336,72,6db8da5f36ed31e9f6359c0c1b29fea22b10f996ec75d34bcf5ab104e713fd8e,524c434efffe00014800000010000100,,NCLR palette,Confirmed,True,False,,,,,,,,,,False,False
/pbr/pokegra.narc,/pbr/pokegra.narc!/member_01962,0,/pbr/pokegra.narc,501,1962,,7976100,7982548,7952336,7958784,6448,40bad53964c08119b6ed1018b67fbff61c15900dede3d7e3aaef8704631a70c2,5247434efffe00013019000010000100,,NCGR graphics,Confirmed,True,False,,,,,,,,,,False,False
/pbr/pokegra.narc,/pbr/pokegra.narc!/member_01963,0,/pbr/pokegra.narc,501,1963,,7982548,7988996,7958784,7965232,6448,40bad53964c08119b6ed1018b67fbff61c15900dede3d7e3aaef8704631a70c2,5247434efffe00013019000010000100,,NCGR graphics,Confirmed,True,False,,,,,,,,,,False,False
/pbr/pokegra.narc,/pbr/pokegra.narc!/member_01964,0,/pbr/pokegra.narc,501,1964,,7988996,7995444,7965232,7971680,6448,34bc7ec48f934e8279a16db30f4f6c19f97eb1506f672221ac45c20b854b50bd,5247434efffe00013019000010000100,,NCGR graphics,Confirmed,True,False,,,,,,,,,,False,False
/pbr/pokegra.narc,/pbr/pokegra.narc!/member_01965,0,/pbr/pokegra.narc,501,1965,,7995444,8001892,7971680,7978128,6448,34bc7ec48f934e8279a16db30f4f6c19f97eb1506f672221ac45c20b854b50bd,5247434efffe00013019000010000100,,NCGR graphics,Confirmed,True,False,,,,,,,,,,False,False
/pbr/pokegra.narc,/pbr/pokegra.narc!/member_01966,0,/pbr/pokegra.narc,501,1966,,8001892,8001964,7978128,7978200,72,1c523d886264e604c34e717ada1585a0fa4f5a8097fa08ac936df92ebbee4570,524c434efffe00014800000010000100,,NCLR palette,Confirmed,True,False,,,,,,,,,,False,False
/pbr/pokegra.narc,/pbr/pokegra.narc!/member_01967,0,/pbr/pokegra.narc,501,1967,,8001964,8002036,7978200,7978272,72,647624b3164099fc8761b3c4333e57358aac1011ba8167d0af0d071a273ad7c7,524c434efffe00014800000010000100,,NCLR palette,Confirmed,True,False,,,,,,,,,,False,False
/pbr/pokegra.narc,/pbr/pokegra.narc!/member_01968,0,/pbr/pokegra.narc,501,1968,,8002036,8008484,7978272,7984720,6448,fa15b450ce5c5e4fa8520ceecfd8011a2765b3bcf9e62ddbc807e6e5d89d1fbb,5247434efffe00013019000010000100,,NCGR graphics,Confirmed,True,False,,,,,,,,,,False,False
/pbr/pokegra.narc,/pbr/pokegra.narc!/member_01969,0,/pbr/pokegra.narc,501,1969,,8008484,8014932,7984720,7991168,6448,fa15b450ce5c5e4fa8520ceecfd8011a2765b3bcf9e62ddbc807e6e5d89d1fbb,5247434efffe00013019000010000100,,NCGR graphics,Confirmed,True,False,,,,,,,,,,False,False
/pbr/pokegra.narc,/pbr/pokegra.narc!/member_01970,0,/pbr/pokegra.narc,501,1970,,8014932,8021380,7991168,7997616,6448,cd327652895dd0b64c2340b18d5570e191451101109e7636a18337f0abd05984,5247434efffe00013019000010000100,,NCGR graphics,Confirmed,True,False,,,,,,,,,,False,False
/pbr/pokegra.narc,/pbr/pokegra.narc!/member_01971,0,/pbr/pokegra.narc,501,1971,,8021380,8027828,7997616,8004064,6448,cd327652895dd0b64c2340b18d5570e191451101109e7636a18337f0abd05984,5247434efffe00013019000010000100,,NCGR graphics,Confirmed,True,False,,,,,,,,,,False,False
/pbr/pokegra.narc,/pbr/pokegra.narc!/member_01972,0,/pbr/pokegra.narc,501,1972,,8027828,8027900,8004064,8004136,72,5050fb35a993b853ed67bf2bb9c8ec3ca0c2ef1840eb68b9912960008d14044e,524c434efffe00014800000010000100,,NCLR palette,Confirmed,True,False,,,,,,,,,,False,False
/pbr/pokegra.narc,/pbr/pokegra.narc!/member_01973,0,/pbr/pokegra.narc,501,1973,,8027900,8027972,8004136,8004208,72,e09a754ed643134eefee2d25a0c9c2b61ac270fe8963fbd6c72ab2ce558ada97,524c434efffe00014800000010000100,,NCLR palette,Confirmed,True,False,,,,,,,,,,False,False
/pbr/pokegra.narc,/pbr/pokegra.narc!/member_01974,0,/pbr/pokegra.narc,501,1974,,8027972,8034420,8004208,8010656,6448,4521eaf53b3a95665b4d07f6bb053c9bf95c0c738b54df555654058a1e8b625b,5247434efffe00013019000010000100,,NCGR graphics,Confirmed,True,False,,,,,,,,,,False,False
/pbr/pokegra.narc,/pbr/pokegra.narc!/member_01975,0,/pbr/pokegra.narc,501,1975,,8034420,8040868,8010656,8017104,6448,4521eaf53b3a95665b4d07f6bb053c9bf95c0c738b54df555654058a1e8b625b,5247434efffe00013019000010000100,,NCGR graphics,Confirmed,True,False,,,,,,,,,,False,False
/pbr/pokegra.narc,/pbr/pokegra.narc!/member_01976,0,/pbr/pokegra.narc,501,1976,,8040868,8047316,8017104,8023552,6448,0011ad69416bdc602124cce8c43a10694c4f4109b2e5dbb4a8cce58bf2be1258,5247434efffe00013019000010000100,,NCGR graphics,Confirmed,True,False,,,,,,,,,,False,False
/pbr/pokegra.narc,/pbr/pokegra.narc!/member_01977,0,/pbr/pokegra.narc,501,1977,,8047316,8053764,8023552,8030000,6448,0011ad69416bdc602124cce8c43a10694c4f4109b2e5dbb4a8cce58bf2be1258,5247434efffe00013019000010000100,,NCGR graphics,Confirmed,True,False,,,,,,,,,,False,False
/pbr/pokegra.narc,/pbr/pokegra.narc!/member_01978,0,/pbr/pokegra.narc,501,1978,,8053764,8053836,8030000,8030072,72,75f1ba6a3ce2f8ae31aabf58ce43fc390fc9162a2af048f9e5a28ef638f6cf94,524c434efffe00014800000010000100,,NCLR palette,Confirmed,True,False,,,,,,,,,,False,False
/pbr/pokegra.narc,/pbr/pokegra.narc!/member_01979,0,/pbr/pokegra.narc,501,1979,,8053836,8053908,8030072,8030144,72,587320e8d31ba657a027140d0775f396fb66ceaa5eb3875ab1070e22749f2250,524c434efffe00014800000010000100,,NCLR palette,Confirmed,True,False,,,,,,,,,,False,False
/pbr/pokegra.narc,/pbr/pokegra.narc!/member_01980,0,/pbr/pokegra.narc,501,1980,,8053908,8060356,8030144,8036592,6448,099dba6a46680dde4ee1315d59e86f6a8115d21fca2d03e2e07778d24352b415,5247434efffe00013019000010000100,,NCGR graphics,Confirmed,True,False,,,,,,,,,,False,False
/pbr/pokegra.narc,/pbr/pokegra.narc!/member_01981,0,/pbr/pokegra.narc,501,1981,,8060356,8066804,8036592,8043040,6448,099dba6a46680dde4ee1315d59e86f6a8115d21fca2d03e2e07778d24352b415,5247434efffe00013019000010000100,,NCGR graphics,Confirmed,True,False,,,,,,,,,,False,False
/pbr/pokegra.narc,/pbr/pokegra.narc!/member_01982,0,/pbr/pokegra.narc,501,1982,,8066804,8073252,8043040,8049488,6448,d0c38e580c98cac02d0fd2129f6bb848fb829d9ef8cff8e4e193f143fbb631d7,5247434efffe00013019000010000100,,NCGR graphics,Confirmed,True,False,,,,,,,,,,False,False
/pbr/pokegra.narc,/pbr/pokegra.narc!/member_01983,0,/pbr/pokegra.narc,501,1983,,8073252,8079700,8049488,8055936,6448,d0c38e580c98cac02d0fd2129f6bb848fb829d9ef8cff8e4e193f143fbb631d7,5247434efffe00013019000010000100,,NCGR graphics,Confirmed,True,False,,,,,,,,,,False,False
/pbr/pokegra.narc,/pbr/pokegra.narc!/member_01984,0,/pbr/pokegra.narc,501,1984,,8079700,8079772,8055936,8056008,72,59002d9b8ad3b971903081fb417f25e0971fe8d58aa4e8ec27ff08a318f40830,524c434efffe00014800000010000100,,NCLR palette,Confirmed,True,False,,,,,,,,,,False,False
/pbr/pokegra.narc,/pbr/pokegra.narc!/member_01985,0,/pbr/pokegra.narc,501,1985,,8079772,8079844,8056008,8056080,72,43d47b34edd82b0692cdb0ce4979932174ee1598e333d87127880010021dead8,524c434efffe00014800000010000100,,NCLR palette,Confirmed,True,False,,,,,,,,,,False,False
/pbr/pokegra.narc,/pbr/pokegra.narc!/member_01986,0,/pbr/pokegra.narc,501,1986,,8079844,8086292,8056080,8062528,6448,b06f44c2c0048040bcb712f3d3541e8bbc681c71c783dd811b8a168b0e65328a,5247434efffe00013019000010000100,,NCGR graphics,Confirmed,True,False,,,,,,,,,,False,False
/pbr/pokegra.narc,/pbr/pokegra.narc!/member_01987,0,/pbr/pokegra.narc,501,1987,,8086292,8092740,8062528,8068976,6448,b06f44c2c0048040bcb712f3d3541e8bbc681c71c783dd811b8a168b0e65328a,5247434efffe00013019000010000100,,NCGR graphics,Confirmed,True,False,,,,,,,,,,False,False
/pbr/pokegra.narc,/pbr/pokegra.narc!/member_01988,0,/pbr/pokegra.narc,501,1988,,8092740,8099188,8068976,8075424,6448,6512d8e2daebc9038a904228810f1a6496acdc6d810434483f30e7ffdcd57add,5247434efffe00013019000010000100,,NCGR graphics,Confirmed,True,False,,,,,,,,,,False,False
/pbr/pokegra.narc,/pbr/pokegra.narc!/member_01989,0,/pbr/pokegra.narc,501,1989,,8099188,8105636,8075424,8081872,6448,6512d8e2daebc9038a904228810f1a6496acdc6d810434483f30e7ffdcd57add,5247434efffe00013019000010000100,,NCGR graphics,Confirmed,True,False,,,,,,,,,,False,False
/pbr/pokegra.narc,/pbr/pokegra.narc!/member_01990,0,/pbr/pokegra.narc,501,1990,,8105636,8105708,8081872,8081944,72,edec36e48ee1c315b0ae0e2dff678a0704583dbd48a9227aabfb2516f01f765c,524c434efffe00014800000010000100,,NCLR palette,Confirmed,True,False,,,,,,,,,,False,False
/pbr/pokegra.narc,/pbr/pokegra.narc!/member_01991,0,/pbr/pokegra.narc,501,1991,,8105708,8105780,8081944,8082016,72,5f7f951d4e5fa73bc72cef45aa45648b9be4e714ddab79d4a13022cc4df514ce,524c434efffe00014800000010000100,,NCLR palette,Confirmed,True,False,,,,,,,,,,False,False
/pbr/pokegra.narc,/pbr/pokegra.narc!/member_01992,0,/pbr/pokegra.narc,501,1992,,8105780,8112228,8082016,8088464,6448,ea91366aaa9dfbd2119aed0f884c8224be0312f0989c5896be89b8d14c4bc954,5247434efffe00013019000010000100,,NCGR graphics,Confirmed,True,False,,,,,,,,,,False,False
/pbr/pokegra.narc,/pbr/pokegra.narc!/member_01993,0,/pbr/pokegra.narc,501,1993,,8112228,8118676,8088464,8094912,6448,ea91366aaa9dfbd2119aed0f884c8224be0312f0989c5896be89b8d14c4bc954,5247434efffe00013019000010000100,,NCGR graphics,Confirmed,True,False,,,,,,,,,,False,False
/pbr/pokegra.narc,/pbr/pokegra.narc!/member_01994,0,/pbr/pokegra.narc,501,1994,,8118676,8125124,8094912,8101360,6448,4ca202a2297ebb0252dab1d14fa1e5acd9d6ec49e49b7a8be1d8beb9e02f919a,5247434efffe00013019000010000100,,NCGR graphics,Confirmed,True,False,,,,,,,,,,False,False
/pbr/pokegra.narc,/pbr/pokegra.narc!/member_01995,0,/pbr/pokegra.narc,501,1995,,8125124,8131572,8101360,8107808,6448,7de0ffe721277bbc6b95e0f0929f00ebe451d45d283a7232e147a8a807c17c9d,5247434efffe00013019000010000100,,NCGR graphics,Confirmed,True,False,,,,,,,,,,False,False
/pbr/pokegra.narc,/pbr/pokegra.narc!/member_01996,0,/pbr/pokegra.narc,501,1996,,8131572,8131644,8107808,8107880,72,9485e2f828bda4b0592b5b99af67d193af55d84a38900a9211d39b2a97a76fba,524c434efffe00014800000010000100,,NCLR palette,Confirmed,True,False,,,,,,,,,,False,False
/pbr/pokegra.narc,/pbr/pokegra.narc!/member_01997,0,/pbr/pokegra.narc,501,1997,,8131644,8131716,8107880,8107952,72,b0c47159da0bdfc563caab33ecf79354d0771ff5e300a0b76213827c28affc3d,524c434efffe00014800000010000100,,NCLR palette,Confirmed,True,False,,,,,,,,,,False,False
/pbr/pokegra.narc,/pbr/pokegra.narc!/member_01998,0,/pbr/pokegra.narc,501,1998,,8131716,8138164,8107952,8114400,6448,7dae972e87ab7e5d167755fc3485ff03875da563a48babb0e7015a0ee7392f8a,5247434efffe00013019000010000100,,NCGR graphics,Confirmed,True,False,,,,,,,,,,False,False
/pbr/pokegra.narc,/pbr/pokegra.narc!/member_01999,0,/pbr/pokegra.narc,501,1999,,8138164,8144612,8114400,8120848,6448,7dae972e87ab7e5d167755fc3485ff03875da563a48babb0e7015a0ee7392f8a,5247434efffe00013019000010000100,,NCGR graphics,Confirmed,True,False,,,,,,,,,,False,False
/pbr/pokegra.narc,/pbr/pokegra.narc!/member_02000,0,/pbr/pokegra.narc,501,2000,,8144612,8151060,8120848,8127296,6448,6b5778cb6032eb54cfc14f5bc52c733a6ade27caaa576f311b74e4c953fb150d,5247434efffe00013019000010000100,,NCGR graphics,Confirmed,True,False,,,,,,,,,,False,False
/pbr/pokegra.narc,/pbr/pokegra.narc!/member_02001,0,/pbr/pokegra.narc,501,2001,,8151060,8157508,8127296,8133744,6448,6b5778cb6032eb54cfc14f5bc52c733a6ade27caaa576f311b74e4c953fb150d,5247434efffe00013019000010000100,,NCGR graphics,Confirmed,True,False,,,,,,,,,,False,False
/pbr/pokegra.narc,/pbr/pokegra.narc!/member_02002,0,/pbr/pokegra.narc,501,2002,,8157508,8157580,8133744,8133816,72,702385741bf9bea64aefec561f3ff00f49cfea4df164d2adef7aa2c53369f612,524c434efffe00014800000010000100,,NCLR palette,Confirmed,True,False,,,,,,,,,,False,False
/pbr/pokegra.narc,/pbr/pokegra.narc!/member_02003,0,/pbr/pokegra.narc,501,2003,,8157580,8157652,8133816,8133888,72,e4d7a7db3b3a35f9b5144cf40e1281692436f09dba9b499ba7d34a8a85a57fe0,524c434efffe00014800000010000100,,NCLR palette,Confirmed,True,False,,,,,,,,,,False,False
/pbr/pokegra.narc,/pbr/pokegra.narc!/member_02004,0,/pbr/pokegra.narc,501,2004,,8157652,8164100,8133888,8140336,6448,865b9e37769acabeea23e7922ca151c82d87332fe3e7e7a69cb85492eec535cb,5247434efffe00013019000010000100,,NCGR graphics,Confirmed,True,False,,,,,,,,,,False,False
/pbr/pokegra.narc,/pbr/pokegra.narc!/member_02005,0,/pbr/pokegra.narc,501,2005,,8164100,8170548,8140336,8146784,6448,865b9e37769acabeea23e7922ca151c82d87332fe3e7e7a69cb85492eec535cb,5247434efffe00013019000010000100,,NCGR graphics,Confirmed,True,False,,,,,,,,,,False,False
/pbr/pokegra.narc,/pbr/pokegra.narc!/member_02006,0,/pbr/pokegra.narc,501,2006,,8170548,8176996,8146784,8153232,6448,dfbe10cd2a96f3d01e76c19e899f26128d07fd5d2ce65947f601ac9a564924e7,5247434efffe00013019000010000100,,NCGR graphics,Confirmed,True,False,,,,,,,,,,False,False
/pbr/pokegra.narc,/pbr/pokegra.narc!/member_02007,0,/pbr/pokegra.narc,501,2007,,8176996,8183444,8153232,8159680,6448,dfbe10cd2a96f3d01e76c19e899f26128d07fd5d2ce65947f601ac9a564924e7,5247434efffe00013019000010000100,,NCGR graphics,Confirmed,True,False,,,,,,,,,,False,False
/pbr/pokegra.narc,/pbr/pokegra.narc!/member_02008,0,/pbr/pokegra.narc,501,2008,,8183444,8183516,8159680,8159752,72,06edc32f1dfe4d6389ea6f56a58c340bf53ab2d8f0853edc0526456a1e72009a,524c434efffe00014800000010000100,,NCLR palette,Confirmed,True,False,,,,,,,,,,False,False
/pbr/pokegra.narc,/pbr/pokegra.narc!/member_02009,0,/pbr/pokegra.narc,501,2009,,8183516,8183588,8159752,8159824,72,9dac8bf3490ff9edec17b62e869e14a302465672c15d0edc3d211986781f4f72,524c434efffe00014800000010000100,,NCLR palette,Confirmed,True,False,,,,,,,,,,False,False
/pbr/pokegra.narc,/pbr/pokegra.narc!/member_02010,0,/pbr/pokegra.narc,501,2010,,8183588,8190036,8159824,8166272,6448,cbbd0dfa42a1c4a8eab408cc8ead11140da65ff81307aa7164b45e851967dc22,5247434efffe00013019000010000100,,NCGR graphics,Confirmed,True,False,,,,,,,,,,False,False
/pbr/pokegra.narc,/pbr/pokegra.narc!/member_02011,0,/pbr/pokegra.narc,501,2011,,8190036,8196484,8166272,8172720,6448,cbbd0dfa42a1c4a8eab408cc8ead11140da65ff81307aa7164b45e851967dc22,5247434efffe00013019000010000100,,NCGR graphics,Confirmed,True,False,,,,,,,,,,False,False
/pbr/pokegra.narc,/pbr/pokegra.narc!/member_02012,0,/pbr/pokegra.narc,501,2012,,8196484,8202932,8172720,8179168,6448,edeaade8ce0b6230a708bb56fd5c1977168e8ee93226af2b2abfa07c244fba29,5247434efffe00013019000010000100,,NCGR graphics,Confirmed,True,False,,,,,,,,,,False,False
/pbr/pokegra.narc,/pbr/pokegra.narc!/member_02013,0,/pbr/pokegra.narc,501,2013,,8202932,8209380,8179168,8185616,6448,edeaade8ce0b6230a708bb56fd5c1977168e8ee93226af2b2abfa07c244fba29,5247434efffe00013019000010000100,,NCGR graphics,Confirmed,True,False,,,,,,,,,,False,False
/pbr/pokegra.narc,/pbr/pokegra.narc!/member_02014,0,/pbr/pokegra.narc,501,2014,,8209380,8209452,8185616,8185688,72,d46362ca25cb6d54aba759036b963f33252ca4711f6daf70e8ef87d4078357c7,524c434efffe00014800000010000100,,NCLR palette,Confirmed,True,False,,,,,,,,,,False,False
/pbr/pokegra.narc,/pbr/pokegra.narc!/member_02015,0,/pbr/pokegra.narc,501,2015,,8209452,8209524,8185688,8185760,72,bb91ee1440e9b4c08cc4b54760a97467f5ee607165a6603b265e46d79ff96972,524c434efffe00014800000010000100,,NCLR palette,Confirmed,True,False,,,,,,,,,,False,False
/pbr/pokegra.narc,/pbr/pokegra.narc!/member_02016,0,/pbr/pokegra.narc,501,2016,,8209524,8215972,8185760,8192208,6448,4614eacda1ed3a86fc8bd42d2a502669a396ffb6612767677fdd1637381eaf97,5247434efffe00013019000010000100,,NCGR graphics,Confirmed,True,False,,,,,,,,,,False,False
/pbr/pokegra.narc,/pbr/pokegra.narc!/member_02017,0,/pbr/pokegra.narc,501,2017,,8215972,8222420,8192208,8198656,6448,4614eacda1ed3a86fc8bd42d2a502669a396ffb6612767677fdd1637381eaf97,5247434efffe00013019000010000100,,NCGR graphics,Confirmed,True,False,,,,,,,,,,False,False
/pbr/pokegra.narc,/pbr/pokegra.narc!/member_02018,0,/pbr/pokegra.narc,501,2018,,8222420,8228868,8198656,8205104,6448,bd455231543e125f9ef73ec8ebe3c7c6c85786c4215832eef4a2d44d46b98072,5247434efffe00013019000010000100,,NCGR graphics,Confirmed,True,False,,,,,,,,,,False,False
/pbr/pokegra.narc,/pbr/pokegra.narc!/member_02019,0,/pbr/pokegra.narc,501,2019,,8228868,8235316,8205104,8211552,6448,bd455231543e125f9ef73ec8ebe3c7c6c85786c4215832eef4a2d44d46b98072,5247434efffe00013019000010000100,,NCGR graphics,Confirmed,True,False,,,,,,,,,,False,False
/pbr/pokegra.narc,/pbr/pokegra.narc!/member_02020,0,/pbr/pokegra.narc,501,2020,,8235316,8235388,8211552,8211624,72,d422f26b9d4eb3512ea8a1d8aba3ab4f452445e66ef666b37f4b9939bd50f567,524c434efffe00014800000010000100,,NCLR palette,Confirmed,True,False,,,,,,,,,,False,False
/pbr/pokegra.narc,/pbr/pokegra.narc!/member_02021,0,/pbr/pokegra.narc,501,2021,,8235388,8235460,8211624,8211696,72,220e06796462ccd0ca659e7ed873b17ce70cc09527bd20a40a32d0af31e3c3f5,524c434efffe00014800000010000100,,NCLR palette,Confirmed,True,False,,,,,,,,,,False,False
/pbr/pokegra.narc,/pbr/pokegra.narc!/member_02022,0,/pbr/pokegra.narc,501,2022,,8235460,8235460,8211696,8211696,0,e3b0c44298fc1c149afbf4c8996fb92427ae41e4649b934ca495991b7852b855,,,,,,False,,,,,,,,,,False,False
/pbr/pokegra.narc,/pbr/pokegra.narc!/member_02023,0,/pbr/pokegra.narc,501,2023,,8235460,8241908,8211696,8218144,6448,941c297d8a009350025f9568384c8aef1b3be38ec1448f31c0b22ef2f841d199,5247434efffe00013019000010000100,,NCGR graphics,Confirmed,True,False,,,,,,,,,,False,False
/pbr/pokegra.narc,/pbr/pokegra.narc!/member_02024,0,/pbr/pokegra.narc,501,2024,,8241908,8241908,8218144,8218144,0,e3b0c44298fc1c149afbf4c8996fb92427ae41e4649b934ca495991b7852b855,,,,,,False,,,,,,,,,,False,False
/pbr/pokegra.narc,/pbr/pokegra.narc!/member_02025,0,/pbr/pokegra.narc,501,2025,,8241908,8248356,8218144,8224592,6448,51c64cceab1ad5c1d28ce56546fe084117b9321212c4605f97136ba0a6c6d355,5247434efffe00013019000010000100,,NCGR graphics,Confirmed,True,False,,,,,,,,,,False,False
/pbr/pokegra.narc,/pbr/pokegra.narc!/member_02026,0,/pbr/pokegra.narc,501,2026,,8248356,8248428,8224592,8224664,72,4fa7bb1c8b2f013289966ce8f2bc282312e5360ff52d521fc7aeaf903aa0f8a9,524c434efffe00014800000010000100,,NCLR palette,Confirmed,True,False,,,,,,,,,,False,False
/pbr/pokegra.narc,/pbr/pokegra.narc!/member_02027,0,/pbr/pokegra.narc,501,2027,,8248428,8248500,8224664,8224736,72,e2e57ef216511b6303147939dcd493633481754f1f4aadf93966af4b92309c68,524c434efffe00014800000010000100,,NCLR palette,Confirmed,True,False,,,,,,,,,,False,False
/pbr/pokegra.narc,/pbr/pokegra.narc!/member_02028,0,/pbr/pokegra.narc,501,2028,,8248500,8248500,8224736,8224736,0,e3b0c44298fc1c149afbf4c8996fb92427ae41e4649b934ca495991b7852b855,,,,,,False,,,,,,,,,,False,False
/pbr/pokegra.narc,/pbr/pokegra.narc!/member_02029,0,/pbr/pokegra.narc,501,2029,,8248500,8254948,8224736,8231184,6448,1f7602405523c35299c769b0e10264650174e78ba65d0ad4e44efba5b36a4c15,5247434efffe00013019000010000100,,NCGR graphics,Confirmed,True,False,,,,,,,,,,False,False
/pbr/pokegra.narc,/pbr/pokegra.narc!/member_02030,0,/pbr/pokegra.narc,501,2030,,8254948,8254948,8231184,8231184,0,e3b0c44298fc1c149afbf4c8996fb92427ae41e4649b934ca495991b7852b855,,,,,,False,,,,,,,,,,False,False
/pbr/pokegra.narc,/pbr/pokegra.narc!/member_02031,0,/pbr/pokegra.narc,501,2031,,8254948,8261396,8231184,8237632,6448,5177082f19f18f2ee90d2f607e3e9c1c9bdfd5c45c3fab9f946aa506892330c9,5247434efffe00013019000010000100,,NCGR graphics,Confirmed,True,False,,,,,,,,,,False,False
/pbr/pokegra.narc,/pbr/pokegra.narc!/member_02032,0,/pbr/pokegra.narc,501,2032,,8261396,8261468,8237632,8237704,72,75bd5a20755253245f46d8aa68f117723a47c9624fa6d7538afbb620b006dd28,524c434efffe00014800000010000100,,NCLR palette,Confirmed,True,False,,,,,,,,,,False,False
/pbr/pokegra.narc,/pbr/pokegra.narc!/member_02033,0,/pbr/pokegra.narc,501,2033,,8261468,8261540,8237704,8237776,72,fa1934a9f3d0f3fc4c0395f502cdb14d94b1b1f3a7fcbf1b97dd2be591763513,524c434efffe00014800000010000100,,NCLR palette,Confirmed,True,False,,,,,,,,,,False,False
/pbr/pokegra.narc,/pbr/pokegra.narc!/member_02034,0,/pbr/pokegra.narc,501,2034,,8261540,8267988,8237776,8244224,6448,e314f7048fbc8739278eb71a2cf5432322cc44588080f4bf4a6f64d0c9e20997,5247434efffe00013019000010000100,,NCGR graphics,Confirmed,True,False,,,,,,,,,,False,False
/pbr/pokegra.narc,/pbr/pokegra.narc!/member_02035,0,/pbr/pokegra.narc,501,2035,,8267988,8274436,8244224,8250672,6448,e314f7048fbc8739278eb71a2cf5432322cc44588080f4bf4a6f64d0c9e20997,5247434efffe00013019000010000100,,NCGR graphics,Confirmed,True,False,,,,,,,,,,False,False
/pbr/pokegra.narc,/pbr/pokegra.narc!/member_02036,0,/pbr/pokegra.narc,501,2036,,8274436,8280884,8250672,8257120,6448,c1e655d9c06e94d21a0f3f8c873c83170df6b312478abb3241106f9cca2369fb,5247434efffe00013019000010000100,,NCGR graphics,Confirmed,True,False,,,,,,,,,,False,False
/pbr/pokegra.narc,/pbr/pokegra.narc!/member_02037,0,/pbr/pokegra.narc,501,2037,,8280884,8287332,8257120,8263568,6448,c1e655d9c06e94d21a0f3f8c873c83170df6b312478abb3241106f9cca2369fb,5247434efffe00013019000010000100,,NCGR graphics,Confirmed,True,False,,,,,,,,,,False,False
/pbr/pokegra.narc,/pbr/pokegra.narc!/member_02038,0,/pbr/pokegra.narc,501,2038,,8287332,8287404,8263568,8263640,72,6059df1c97c2e0710828f619ca675f5698fbc2fc152d25f3bc5dbfe7da896342,524c434efffe00014800000010000100,,NCLR palette,Confirmed,True,False,,,,,,,,,,False,False
/pbr/pokegra.narc,/pbr/pokegra.narc!/member_02039,0,/pbr/pokegra.narc,501,2039,,8287404,8287476,8263640,8263712,72,fdcc41f4955ac5efa1f0f2c944f1d8e97db13cc4b1c7aa6199af312e9e5e3170,524c434efffe00014800000010000100,,NCLR palette,Confirmed,True,False,,,,,,,,,,False,False
/pbr/pokegra.narc,/pbr/pokegra.narc!/member_02040,0,/pbr/pokegra.narc,501,2040,,8287476,8293924,8263712,8270160,6448,cfdcc3a4e19830eab9f60ceb9fdd19d7b1e718c72463088cef3ef4faef06c11d,5247434efffe00013019000010000100,,NCGR graphics,Confirmed,True,False,,,,,,,,,,False,False
/pbr/pokegra.narc,/pbr/pokegra.narc!/member_02041,0,/pbr/pokegra.narc,501,2041,,8293924,8300372,8270160,8276608,6448,cfdcc3a4e19830eab9f60ceb9fdd19d7b1e718c72463088cef3ef4faef06c11d,5247434efffe00013019000010000100,,NCGR graphics,Confirmed,True,False,,,,,,,,,,False,False
/pbr/pokegra.narc,/pbr/pokegra.narc!/member_02042,0,/pbr/pokegra.narc,501,2042,,8300372,8306820,8276608,8283056,6448,c1731efb826dffee85664cc78e8e582ca79b385192caa59cd9a35cced2da7481,5247434efffe00013019000010000100,,NCGR graphics,Confirmed,True,False,,,,,,,,,,False,False
/pbr/pokegra.narc,/pbr/pokegra.narc!/member_02043,0,/pbr/pokegra.narc,501,2043,,8306820,8313268,8283056,8289504,6448,c1731efb826dffee85664cc78e8e582ca79b385192caa59cd9a35cced2da7481,5247434efffe00013019000010000100,,NCGR graphics,Confirmed,True,False,,,,,,,,,,False,False
/pbr/pokegra.narc,/pbr/pokegra.narc!/member_02044,0,/pbr/pokegra.narc,501,2044,,8313268,8313340,8289504,8289576,72,44e6fecbb16cea3ed4e3fbe8bfbc5e3e4422fb6b4860649931aeb61156644a69,524c434efffe00014800000010000100,,NCLR palette,Confirmed,True,False,,,,,,,,,,False,False
/pbr/pokegra.narc,/pbr/pokegra.narc!/member_02045,0,/pbr/pokegra.narc,501,2045,,8313340,8313412,8289576,8289648,72,f6bba11094c24887dc9eb820d06ce100ab1c2620036dd4374aba9e022f15fa5b,524c434efffe00014800000010000100,,NCLR palette,Confirmed,True,False,,,,,,,,,,False,False
/pbr/pokegra.narc,/pbr/pokegra.narc!/member_02046,0,/pbr/pokegra.narc,501,2046,,8313412,8319860,8289648,8296096,6448,b17ae72ba5789b8562fe381ecc4e55e3ffa4243d4374a60d23434ef891f47da9,5247434efffe00013019000010000100,,NCGR graphics,Confirmed,True,False,,,,,,,,,,False,False
/pbr/pokegra.narc,/pbr/pokegra.narc!/member_02047,0,/pbr/pokegra.narc,501,2047,,8319860,8326308,8296096,8302544,6448,b17ae72ba5789b8562fe381ecc4e55e3ffa4243d4374a60d23434ef891f47da9,5247434efffe00013019000010000100,,NCGR graphics,Confirmed,True,False,,,,,,,,,,False,False
/pbr/pokegra.narc,/pbr/pokegra.narc!/member_02048,0,/pbr/pokegra.narc,501,2048,,8326308,8332756,8302544,8308992,6448,a146d05948c598dca1f83e862bee971c28e98a04305c873b470b398cad1ec11b,5247434efffe00013019000010000100,,NCGR graphics,Confirmed,True,False,,,,,,,,,,False,False
/pbr/pokegra.narc,/pbr/pokegra.narc!/member_02049,0,/pbr/pokegra.narc,501,2049,,8332756,8339204,8308992,8315440,6448,a146d05948c598dca1f83e862bee971c28e98a04305c873b470b398cad1ec11b,5247434efffe00013019000010000100,,NCGR graphics,Confirmed,True,False,,,,,,,,,,False,False
/pbr/pokegra.narc,/pbr/pokegra.narc!/member_02050,0,/pbr/pokegra.narc,501,2050,,8339204,8339276,8315440,8315512,72,eff03943a8f36b71dacc322e87113de1c525cffcf1d729b3d95f241a753b8daa,524c434efffe00014800000010000100,,NCLR palette,Confirmed,True,False,,,,,,,,,,False,False
/pbr/pokegra.narc,/pbr/pokegra.narc!/member_02051,0,/pbr/pokegra.narc,501,2051,,8339276,8339348,8315512,8315584,72,eb173e7c41a2167e62f8c83c1719abdd6905b1b67e1bdf516dfca2131aeee939,524c434efffe00014800000010000100,,NCLR palette,Confirmed,True,False,,,,,,,,,,False,False
/pbr/pokegra.narc,/pbr/pokegra.narc!/member_02052,0,/pbr/pokegra.narc,501,2052,,8339348,8345796,8315584,8322032,6448,80c490f5d3acb088fcaed626c8e241037cb4770236b3ac47638f771f345e289a,5247434efffe00013019000010000100,,NCGR graphics,Confirmed,True,False,,,,,,,,,,False,False
/pbr/pokegra.narc,/pbr/pokegra.narc!/member_02053,0,/pbr/pokegra.narc,501,2053,,8345796,8352244,8322032,8328480,6448,80c490f5d3acb088fcaed626c8e241037cb4770236b3ac47638f771f345e289a,5247434efffe00013019000010000100,,NCGR graphics,Confirmed,True,False,,,,,,,,,,False,False
/pbr/pokegra.narc,/pbr/pokegra.narc!/member_02054,0,/pbr/pokegra.narc,501,2054,,8352244,8358692,8328480,8334928,6448,136d22c2189065267a09e1b4bfeb5c6bf0c82530936e8dacf389fcad0727d4e6,5247434efffe00013019000010000100,,NCGR graphics,Confirmed,True,False,,,,,,,,,,False,False
/pbr/pokegra.narc,/pbr/pokegra.narc!/member_02055,0,/pbr/pokegra.narc,501,2055,,8358692,8365140,8334928,8341376,6448,136d22c2189065267a09e1b4bfeb5c6bf0c82530936e8dacf389fcad0727d4e6,5247434efffe00013019000010000100,,NCGR graphics,Confirmed,True,False,,,,,,,,,,False,False
/pbr/pokegra.narc,/pbr/pokegra.narc!/member_02056,0,/pbr/pokegra.narc,501,2056,,8365140,8365212,8341376,8341448,72,7ae575d3cd55d97a40d2ff9abf97b70aaa9b702d06c3d7c3a706b32a3e0bc510,524c434efffe00014800000010000100,,NCLR palette,Confirmed,True,False,,,,,,,,,,False,False
/pbr/pokegra.narc,/pbr/pokegra.narc!/member_02057,0,/pbr/pokegra.narc,501,2057,,8365212,8365284,8341448,8341520,72,0f0bec18406331b7223dbb1eb13ee063ac1994194c67d60377790f4338eb1e12,524c434efffe00014800000010000100,,NCLR palette,Confirmed,True,False,,,,,,,,,,False,False
/pbr/pokegra.narc,/pbr/pokegra.narc!/member_02058,0,/pbr/pokegra.narc,501,2058,,8365284,8365284,8341520,8341520,0,e3b0c44298fc1c149afbf4c8996fb92427ae41e4649b934ca495991b7852b855,,,,,,False,,,,,,,,,,False,False
/pbr/pokegra.narc,/pbr/pokegra.narc!/member_02059,0,/pbr/pokegra.narc,501,2059,,8365284,8371732,8341520,8347968,6448,708098d862c1a85c26ebf9ec1e129af842ec6e8c65e893ffeefcf881332e31d7,5247434efffe00013019000010000100,,NCGR graphics,Confirmed,True,False,,,,,,,,,,False,False
/pbr/pokegra.narc,/pbr/pokegra.narc!/member_02060,0,/pbr/pokegra.narc,501,2060,,8371732,8371732,8347968,8347968,0,e3b0c44298fc1c149afbf4c8996fb92427ae41e4649b934ca495991b7852b855,,,,,,False,,,,,,,,,,False,False
/pbr/pokegra.narc,/pbr/pokegra.narc!/member_02061,0,/pbr/pokegra.narc,501,2061,,8371732,8378180,8347968,8354416,6448,ce30b60c394c404f4716e5e500a4fe56297e65a48704231e88dcc3ec808036ad,5247434efffe00013019000010000100,,NCGR graphics,Confirmed,True,False,,,,,,,,,,False,False
/pbr/pokegra.narc,/pbr/pokegra.narc!/member_02062,0,/pbr/pokegra.narc,501,2062,,8378180,8378252,8354416,8354488,72,574ca6adee8d506253ab7d2c711ece423e763d62af8ac749b44a1a90099617e1,524c434efffe00014800000010000100,,NCLR palette,Confirmed,True,False,,,,,,,,,,False,False
/pbr/pokegra.narc,/pbr/pokegra.narc!/member_02063,0,/pbr/pokegra.narc,501,2063,,8378252,8378324,8354488,8354560,72,e8fc98004be836987ca8765960a2e7975040bf6ca396be2fe43292d9a7aa84c0,524c434efffe00014800000010000100,,NCLR palette,Confirmed,True,False,,,,,,,,,,False,False
/pbr/pokegra.narc,/pbr/pokegra.narc!/member_02064,0,/pbr/pokegra.narc,501,2064,,8378324,8378324,8354560,8354560,0,e3b0c44298fc1c149afbf4c8996fb92427ae41e4649b934ca495991b7852b855,,,,,,False,,,,,,,,,,False,False
/pbr/pokegra.narc,/pbr/pokegra.narc!/member_02065,0,/pbr/pokegra.narc,501,2065,,8378324,8384772,8354560,8361008,6448,4a9f2e64f1e15bc3fd1dc09dabf87e6d28f15674c858e5c1649fa2ae32f46c6f,5247434efffe00013019000010000100,,NCGR graphics,Confirmed,True,False,,,,,,,,,,False,False
/pbr/pokegra.narc,/pbr/pokegra.narc!/member_02066,0,/pbr/pokegra.narc,501,2066,,8384772,8384772,8361008,8361008,0,e3b0c44298fc1c149afbf4c8996fb92427ae41e4649b934ca495991b7852b855,,,,,,False,,,,,,,,,,False,False
/pbr/pokegra.narc,/pbr/pokegra.narc!/member_02067,0,/pbr/pokegra.narc,501,2067,,8384772,8391220,8361008,8367456,6448,6f192ea3c94c7bc1b58a7d68c3f0695e14f776fbe174f4f8e8379cbdf3f4a3f6,5247434efffe00013019000010000100,,NCGR graphics,Confirmed,True,False,,,,,,,,,,False,False
/pbr/pokegra.narc,/pbr/pokegra.narc!/member_02068,0,/pbr/pokegra.narc,501,2068,,8391220,8391292,8367456,8367528,72,e64cffc0b2769818929d2e8069a9f21df80bc4548c53a1213f831c7c91fea938,524c434efffe00014800000010000100,,NCLR palette,Confirmed,True,False,,,,,,,,,,False,False
/pbr/pokegra.narc,/pbr/pokegra.narc!/member_02069,0,/pbr/pokegra.narc,501,2069,,8391292,8391364,8367528,8367600,72,b969ed0574baa1b863d8f2cef187a2d885a30fcb66d0bb7dbcd97d7103d76a7f,524c434efffe00014800000010000100,,NCLR palette,Confirmed,True,False,,,,,,,,,,False,False
/pbr/pokegra.narc,/pbr/pokegra.narc!/member_02070,0,/pbr/pokegra.narc,501,2070,,8391364,8397812,8367600,8374048,6448,1cada5a1ab6080a5caa074fc994cc16cb9633c4d21d06ff1cf8b10bf22912842,5247434efffe00013019000010000100,,NCGR graphics,Confirmed,True,False,,,,,,,,,,False,False
/pbr/pokegra.narc,/pbr/pokegra.narc!/member_02071,0,/pbr/pokegra.narc,501,2071,,8397812,8404260,8374048,8380496,6448,1cada5a1ab6080a5caa074fc994cc16cb9633c4d21d06ff1cf8b10bf22912842,5247434efffe00013019000010000100,,NCGR graphics,Confirmed,True,False,,,,,,,,,,False,False
/pbr/pokegra.narc,/pbr/pokegra.narc!/member_02072,0,/pbr/pokegra.narc,501,2072,,8404260,8410708,8380496,8386944,6448,efbb1e6121d1d992e6c29046ccef5ee6d117d5148f11172748b8dd626d1d66fa,5247434efffe00013019000010000100,,NCGR graphics,Confirmed,True,False,,,,,,,,,,False,False
/pbr/pokegra.narc,/pbr/pokegra.narc!/member_02073,0,/pbr/pokegra.narc,501,2073,,8410708,8417156,8386944,8393392,6448,efbb1e6121d1d992e6c29046ccef5ee6d117d5148f11172748b8dd626d1d66fa,5247434efffe00013019000010000100,,NCGR graphics,Confirmed,True,False,,,,,,,,,,False,False
/pbr/pokegra.narc,/pbr/pokegra.narc!/member_02074,0,/pbr/pokegra.narc,501,2074,,8417156,8417228,8393392,8393464,72,f2ed7b036aa56a5582db90416ebf95103add89d49a36eed585a8145c5cf49252,524c434efffe00014800000010000100,,NCLR palette,Confirmed,True,False,,,,,,,,,,False,False
/pbr/pokegra.narc,/pbr/pokegra.narc!/member_02075,0,/pbr/pokegra.narc,501,2075,,8417228,8417300,8393464,8393536,72,a2855c3de391f09ae2dd764203dd8af0e7455639fcfc428bf7d83323d793b460,524c434efffe00014800000010000100,,NCLR palette,Confirmed,True,False,,,,,,,,,,False,False
/pbr/pokegra.narc,/pbr/pokegra.narc!/member_02076,0,/pbr/pokegra.narc,501,2076,,8417300,8423748,8393536,8399984,6448,4a2705c33cd535ce23976e726de4d9e761133800f4e50f787ec2166c2aabe2b4,5247434efffe00013019000010000100,,NCGR graphics,Confirmed,True,False,,,,,,,,,,False,False
/pbr/pokegra.narc,/pbr/pokegra.narc!/member_02077,0,/pbr/pokegra.narc,501,2077,,8423748,8430196,8399984,8406432,6448,4a2705c33cd535ce23976e726de4d9e761133800f4e50f787ec2166c2aabe2b4,5247434efffe00013019000010000100,,NCGR graphics,Confirmed,True,False,,,,,,,,,,False,False
/pbr/pokegra.narc,/pbr/pokegra.narc!/member_02078,0,/pbr/pokegra.narc,501,2078,,8430196,8436644,8406432,8412880,6448,b0e3d890331bf25ef5f9f38c00c4118bb808e61bf7db36cad0c31280618d0c29,5247434efffe00013019000010000100,,NCGR graphics,Confirmed,True,False,,,,,,,,,,False,False
/pbr/pokegra.narc,/pbr/pokegra.narc!/member_02079,0,/pbr/pokegra.narc,501,2079,,8436644,8443092,8412880,8419328,6448,b0e3d890331bf25ef5f9f38c00c4118bb808e61bf7db36cad0c31280618d0c29,5247434efffe00013019000010000100,,NCGR graphics,Confirmed,True,False,,,,,,,,,,False,False
/pbr/pokegra.narc,/pbr/pokegra.narc!/member_02080,0,/pbr/pokegra.narc,501,2080,,8443092,8443164,8419328,8419400,72,982e87c37cad6f48dae2a37567356706746b0e9069c53955ee4a6a47e885e918,524c434efffe00014800000010000100,,NCLR palette,Confirmed,True,False,,,,,,,,,,False,False
/pbr/pokegra.narc,/pbr/pokegra.narc!/member_02081,0,/pbr/pokegra.narc,501,2081,,8443164,8443236,8419400,8419472,72,546f029e5b5f4f115c8b0f85dad38c776b7ddb14943b8a2fa31ed91ce25807b0,524c434efffe00014800000010000100,,NCLR palette,Confirmed,True,False,,,,,,,,,,False,False
/pbr/pokegra.narc,/pbr/pokegra.narc!/member_02082,0,/pbr/pokegra.narc,501,2082,,8443236,8449684,8419472,8425920,6448,411be030ad4424020d33ab47462c093906b50dabf64a9de395aeba236122c342,5247434efffe00013019000010000100,,NCGR graphics,Confirmed,True,False,,,,,,,,,,False,False
/pbr/pokegra.narc,/pbr/pokegra.narc!/member_02083,0,/pbr/pokegra.narc,501,2083,,8449684,8456132,8425920,8432368,6448,411be030ad4424020d33ab47462c093906b50dabf64a9de395aeba236122c342,5247434efffe00013019000010000100,,NCGR graphics,Confirmed,True,False,,,,,,,,,,False,False
/pbr/pokegra.narc,/pbr/pokegra.narc!/member_02084,0,/pbr/pokegra.narc,501,2084,,8456132,8462580,8432368,8438816,6448,dda10f08eab6dad2c08f42a61b3e9afd55b3c7d2fceca45cb6cff002472722dc,5247434efffe00013019000010000100,,NCGR graphics,Confirmed,True,False,,,,,,,,,,False,False
/pbr/pokegra.narc,/pbr/pokegra.narc!/member_02085,0,/pbr/pokegra.narc,501,2085,,8462580,8469028,8438816,8445264,6448,dda10f08eab6dad2c08f42a61b3e9afd55b3c7d2fceca45cb6cff002472722dc,5247434efffe00013019000010000100,,NCGR graphics,Confirmed,True,False,,,,,,,,,,False,False
/pbr/pokegra.narc,/pbr/pokegra.narc!/member_02086,0,/pbr/pokegra.narc,501,2086,,8469028,8469100,8445264,8445336,72,865c7a7c7f243cf3eefcb2304e5d8b75baec0a28a21159ac30873a02005e39e8,524c434efffe00014800000010000100,,NCLR palette,Confirmed,True,False,,,,,,,,,,False,False
/pbr/pokegra.narc,/pbr/pokegra.narc!/member_02087,0,/pbr/pokegra.narc,501,2087,,8469100,8469172,8445336,8445408,72,3b9f7f331da697dd8801499d1b07488d35eb810b3e94d1899793b1f9ed7ab8d9,524c434efffe00014800000010000100,,NCLR palette,Confirmed,True,False,,,,,,,,,,False,False
/pbr/pokegra.narc,/pbr/pokegra.narc!/member_02088,0,/pbr/pokegra.narc,501,2088,,8469172,8475620,8445408,8451856,6448,531d245d2d0d39f32f19cf49aa4303ac2b2b85c7fef8678117e6d8b66d60fda7,5247434efffe00013019000010000100,,NCGR graphics,Confirmed,True,False,,,,,,,,,,False,False
/pbr/pokegra.narc,/pbr/pokegra.narc!/member_02089,0,/pbr/pokegra.narc,501,2089,,8475620,8482068,8451856,8458304,6448,531d245d2d0d39f32f19cf49aa4303ac2b2b85c7fef8678117e6d8b66d60fda7,5247434efffe00013019000010000100,,NCGR graphics,Confirmed,True,False,,,,,,,,,,False,False
/pbr/pokegra.narc,/pbr/pokegra.narc!/member_02090,0,/pbr/pokegra.narc,501,2090,,8482068,8488516,8458304,8464752,6448,db891c8a8f972edb0be6c5a2b243b28c8b405cd74165aa02678da9cdb04707df,5247434efffe00013019000010000100,,NCGR graphics,Confirmed,True,False,,,,,,,,,,False,False
/pbr/pokegra.narc,/pbr/pokegra.narc!/member_02091,0,/pbr/pokegra.narc,501,2091,,8488516,8494964,8464752,8471200,6448,db891c8a8f972edb0be6c5a2b243b28c8b405cd74165aa02678da9cdb04707df,5247434efffe00013019000010000100,,NCGR graphics,Confirmed,True,False,,,,,,,,,,False,False
/pbr/pokegra.narc,/pbr/pokegra.narc!/member_02092,0,/pbr/pokegra.narc,501,2092,,8494964,8495036,8471200,8471272,72,cdb5b51e537f9b9135150c27eab750e56d6a335d4ee2720b5f2915a07bba3cd2,524c434efffe00014800000010000100,,NCLR palette,Confirmed,True,False,,,,,,,,,,False,False
/pbr/pokegra.narc,/pbr/pokegra.narc!/member_02093,0,/pbr/pokegra.narc,501,2093,,8495036,8495108,8471272,8471344,72,9e9e0af6b4d982705968c97259bb21e6967820c320ccabd785aab57c770c7fc0,524c434efffe00014800000010000100,,NCLR palette,Confirmed,True,False,,,,,,,,,,False,False
/pbr/pokegra.narc,/pbr/pokegra.narc!/member_02094,0,/pbr/pokegra.narc,501,2094,,8495108,8501556,8471344,8477792,6448,285641c351e5516ca29863ea44c892cb4a9cc637a96d6dce1b83a3c25863e05e,5247434efffe00013019000010000100,,NCGR graphics,Confirmed,True,False,,,,,,,,,,False,False
/pbr/pokegra.narc,/pbr/pokegra.narc!/member_02095,0,/pbr/pokegra.narc,501,2095,,8501556,8508004,8477792,8484240,6448,285641c351e5516ca29863ea44c892cb4a9cc637a96d6dce1b83a3c25863e05e,5247434efffe00013019000010000100,,NCGR graphics,Confirmed,True,False,,,,,,,,,,False,False
/pbr/pokegra.narc,/pbr/pokegra.narc!/member_02096,0,/pbr/pokegra.narc,501,2096,,8508004,8514452,8484240,8490688,6448,7b7155adc91a26f58e66aad3baee5225c5d0912a245b6b49fcec2bcde52233fa,5247434efffe00013019000010000100,,NCGR graphics,Confirmed,True,False,,,,,,,,,,False,False
/pbr/pokegra.narc,/pbr/pokegra.narc!/member_02097,0,/pbr/pokegra.narc,501,2097,,8514452,8520900,8490688,8497136,6448,7b7155adc91a26f58e66aad3baee5225c5d0912a245b6b49fcec2bcde52233fa,5247434efffe00013019000010000100,,NCGR graphics,Confirmed,True,False,,,,,,,,,,False,False
/pbr/pokegra.narc,/pbr/pokegra.narc!/member_02098,0,/pbr/pokegra.narc,501,2098,,8520900,8520972,8497136,8497208,72,4ffa65931993f16768c9271981207075be0bd8e84842f22c1785982430618d92,524c434efffe00014800000010000100,,NCLR palette,Confirmed,True,False,,,,,,,,,,False,False
/pbr/pokegra.narc,/pbr/pokegra.narc!/member_02099,0,/pbr/pokegra.narc,501,2099,,8520972,8521044,8497208,8497280,72,35730ae83bdf3b5f181432954c70be49df0c23e324768b8c3817f01f79e92675,524c434efffe00014800000010000100,,NCLR palette,Confirmed,True,False,,,,,,,,,,False,False
/pbr/pokegra.narc,/pbr/pokegra.narc!/member_02100,0,/pbr/pokegra.narc,501,2100,,8521044,8527492,8497280,8503728,6448,ba5fd3256684f755376f8567d1b93331384f3bba582524c6e8205a1719e1ac31,5247434efffe00013019000010000100,,NCGR graphics,Confirmed,True,False,,,,,,,,,,False,False
/pbr/pokegra.narc,/pbr/pokegra.narc!/member_02101,0,/pbr/pokegra.narc,501,2101,,8527492,8533940,8503728,8510176,6448,231e59d4ee6f52ef8657995ac4febab9fac053f4bccbb175aafa184ab971fd02,5247434efffe00013019000010000100,,NCGR graphics,Confirmed,True,False,,,,,,,,,,False,False
/pbr/pokegra.narc,/pbr/pokegra.narc!/member_02102,0,/pbr/pokegra.narc,501,2102,,8533940,8540388,8510176,8516624,6448,3427f33a8f126c067356e56c7606bcb7f8a8d4890af01d4d0a4e311516dfacd4,5247434efffe00013019000010000100,,NCGR graphics,Confirmed,True,False,,,,,,,,,,False,False
/pbr/pokegra.narc,/pbr/pokegra.narc!/member_02103,0,/pbr/pokegra.narc,501,2103,,8540388,8546836,8516624,8523072,6448,140d8e72ec1504a7689495ab04cb2879bd247a536cc4c082444aaf08416e4d8c,5247434efffe00013019000010000100,,NCGR graphics,Confirmed,True,False,,,,,,,,,,False,False
/pbr/pokegra.narc,/pbr/pokegra.narc!/member_02104,0,/pbr/pokegra.narc,501,2104,,8546836,8546908,8523072,8523144,72,59a4ca0df12a98bb290d00f32077f0469e02a5cbd8b7ad338c992175445c649f,524c434efffe00014800000010000100,,NCLR palette,Confirmed,True,False,,,,,,,,,,False,False
/pbr/pokegra.narc,/pbr/pokegra.narc!/member_02105,0,/pbr/pokegra.narc,501,2105,,8546908,8546980,8523144,8523216,72,00225d9437ff00575bcf587f2d6b9745af1587afc6a1309424d3d07197ea5415,524c434efffe00014800000010000100,,NCLR palette,Confirmed,True,False,,,,,,,,,,False,False
/pbr/pokegra.narc,/pbr/pokegra.narc!/member_02106,0,/pbr/pokegra.narc,501,2106,,8546980,8553428,8523216,8529664,6448,9dbd7780c685e253d7e544d52971d9793521a8835ce52effed80307d1d6aa947,5247434efffe00013019000010000100,,NCGR graphics,Confirmed,True,False,,,,,,,,,,False,False
/pbr/pokegra.narc,/pbr/pokegra.narc!/member_02107,0,/pbr/pokegra.narc,501,2107,,8553428,8559876,8529664,8536112,6448,9dbd7780c685e253d7e544d52971d9793521a8835ce52effed80307d1d6aa947,5247434efffe00013019000010000100,,NCGR graphics,Confirmed,True,False,,,,,,,,,,False,False
/pbr/pokegra.narc,/pbr/pokegra.narc!/member_02108,0,/pbr/pokegra.narc,501,2108,,8559876,8566324,8536112,8542560,6448,a4794fbb9fd4ba0761a65e7cdbfed5586cf1b19998a27975e1b690cee062dffc,5247434efffe00013019000010000100,,NCGR graphics,Confirmed,True,False,,,,,,,,,,False,False
/pbr/pokegra.narc,/pbr/pokegra.narc!/member_02109,0,/pbr/pokegra.narc,501,2109,,8566324,8572772,8542560,8549008,6448,a4794fbb9fd4ba0761a65e7cdbfed5586cf1b19998a27975e1b690cee062dffc,5247434efffe00013019000010000100,,NCGR graphics,Confirmed,True,False,,,,,,,,,,False,False
/pbr/pokegra.narc,/pbr/pokegra.narc!/member_02110,0,/pbr/pokegra.narc,501,2110,,8572772,8572844,8549008,8549080,72,efb0b7d986772d111c070285389eb152cb5ec72da2e96de09aa15731c73e8e3d,524c434efffe00014800000010000100,,NCLR palette,Confirmed,True,False,,,,,,,,,,False,False
/pbr/pokegra.narc,/pbr/pokegra.narc!/member_02111,0,/pbr/pokegra.narc,501,2111,,8572844,8572916,8549080,8549152,72,17e04dad9dc7431405c6ab4f0339cae013f7fcc39b538233cc610cc88cbebcbb,524c434efffe00014800000010000100,,NCLR palette,Confirmed,True,False,,,,,,,,,,False,False
/pbr/pokegra.narc,/pbr/pokegra.narc!/member_02112,0,/pbr/pokegra.narc,501,2112,,8572916,8579364,8549152,8555600,6448,badf160478019a31582347f694af2b020c603ca6b5f40876eec95d752fbb4984,5247434efffe00013019000010000100,,NCGR graphics,Confirmed,True,False,,,,,,,,,,False,False
/pbr/pokegra.narc,/pbr/pokegra.narc!/member_02113,0,/pbr/pokegra.narc,501,2113,,8579364,8585812,8555600,8562048,6448,badf160478019a31582347f694af2b020c603ca6b5f40876eec95d752fbb4984,5247434efffe00013019000010000100,,NCGR graphics,Confirmed,True,False,,,,,,,,,,False,False
/pbr/pokegra.narc,/pbr/pokegra.narc!/member_02114,0,/pbr/pokegra.narc,501,2114,,8585812,8592260,8562048,8568496,6448,b7f26dd7ed8d6aca49c010a611568e83ce10cffc8cfd12552501c1ec4ce6085b,5247434efffe00013019000010000100,,NCGR graphics,Confirmed,True,False,,,,,,,,,,False,False
/pbr/pokegra.narc,/pbr/pokegra.narc!/member_02115,0,/pbr/pokegra.narc,501,2115,,8592260,8598708,8568496,8574944,6448,b7f26dd7ed8d6aca49c010a611568e83ce10cffc8cfd12552501c1ec4ce6085b,5247434efffe00013019000010000100,,NCGR graphics,Confirmed,True,False,,,,,,,,,,False,False
/pbr/pokegra.narc,/pbr/pokegra.narc!/member_02116,0,/pbr/pokegra.narc,501,2116,,8598708,8598780,8574944,8575016,72,c894744522be1c2bd2b4ffb7a928e911c815c97a3779413deaed4b501aefeed2,524c434efffe00014800000010000100,,NCLR palette,Confirmed,True,False,,,,,,,,,,False,False
/pbr/pokegra.narc,/pbr/pokegra.narc!/member_02117,0,/pbr/pokegra.narc,501,2117,,8598780,8598852,8575016,8575088,72,c272865f4ccb3077551da637ee27ec231bb4c14a3772eea41c309294b4753313,524c434efffe00014800000010000100,,NCLR palette,Confirmed,True,False,,,,,,,,,,False,False
/pbr/pokegra.narc,/pbr/pokegra.narc!/member_02118,0,/pbr/pokegra.narc,501,2118,,8598852,8605300,8575088,8581536,6448,29e90017729fe853e1a220e2df188629c753c763d9fa441b6dacbb7e3c1638e0,5247434efffe00013019000010000100,,NCGR graphics,Confirmed,True,False,,,,,,,,,,False,False
/pbr/pokegra.narc,/pbr/pokegra.narc!/member_02119,0,/pbr/pokegra.narc,501,2119,,8605300,8611748,8581536,8587984,6448,29e90017729fe853e1a220e2df188629c753c763d9fa441b6dacbb7e3c1638e0,5247434efffe00013019000010000100,,NCGR graphics,Confirmed,True,False,,,,,,,,,,False,False
/pbr/pokegra.narc,/pbr/pokegra.narc!/member_02120,0,/pbr/pokegra.narc,501,2120,,8611748,8618196,8587984,8594432,6448,46d8fca8ebe56458192d1ee67b910bd922c173db9f9db8c04a4ed60078d0799b,5247434efffe00013019000010000100,,NCGR graphics,Confirmed,True,False,,,,,,,,,,False,False
/pbr/pokegra.narc,/pbr/pokegra.narc!/member_02121,0,/pbr/pokegra.narc,501,2121,,8618196,8624644,8594432,8600880,6448,46d8fca8ebe56458192d1ee67b910bd922c173db9f9db8c04a4ed60078d0799b,5247434efffe00013019000010000100,,NCGR graphics,Confirmed,True,False,,,,,,,,,,False,False
/pbr/pokegra.narc,/pbr/pokegra.narc!/member_02122,0,/pbr/pokegra.narc,501,2122,,8624644,8624716,8600880,8600952,72,d67631184edb868205189e4a32dff5a896176a857f7e5419c9cd66583686a86c,524c434efffe00014800000010000100,,NCLR palette,Confirmed,True,False,,,,,,,,,,False,False
/pbr/pokegra.narc,/pbr/pokegra.narc!/member_02123,0,/pbr/pokegra.narc,501,2123,,8624716,8624788,8600952,8601024,72,894427038def2fb8e4ace369efb9d4b4bdcb563429f1c0d5af8536d9534bb193,524c434efffe00014800000010000100,,NCLR palette,Confirmed,True,False,,,,,,,,,,False,False
/pbr/pokegra.narc,/pbr/pokegra.narc!/member_02124,0,/pbr/pokegra.narc,501,2124,,8624788,8631236,8601024,8607472,6448,8fa774289603a7b4f14d4cc364b67561ecf03e2ec55033d6f6c81764394a4bbb,5247434efffe00013019000010000100,,NCGR graphics,Confirmed,True,False,,,,,,,,,,False,False
/pbr/pokegra.narc,/pbr/pokegra.narc!/member_02125,0,/pbr/pokegra.narc,501,2125,,8631236,8637684,8607472,8613920,6448,8fa774289603a7b4f14d4cc364b67561ecf03e2ec55033d6f6c81764394a4bbb,5247434efffe00013019000010000100,,NCGR graphics,Confirmed,True,False,,,,,,,,,,False,False
/pbr/pokegra.narc,/pbr/pokegra.narc!/member_02126,0,/pbr/pokegra.narc,501,2126,,8637684,8644132,8613920,8620368,6448,8330ee0db3753436dbd425dc1438f92150f530b0deacdf869e065d6be5273e90,5247434efffe00013019000010000100,,NCGR graphics,Confirmed,True,False,,,,,,,,,,False,False
/pbr/pokegra.narc,/pbr/pokegra.narc!/member_02127,0,/pbr/pokegra.narc,501,2127,,8644132,8650580,8620368,8626816,6448,8330ee0db3753436dbd425dc1438f92150f530b0deacdf869e065d6be5273e90,5247434efffe00013019000010000100,,NCGR graphics,Confirmed,True,False,,,,,,,,,,False,False
/pbr/pokegra.narc,/pbr/pokegra.narc!/member_02128,0,/pbr/pokegra.narc,501,2128,,8650580,8650652,8626816,8626888,72,59abc89718d487e0eefc3c981b268b1f7ac098f6447adb7abc5bfc7f515792be,524c434efffe00014800000010000100,,NCLR palette,Confirmed,True,False,,,,,,,,,,False,False
/pbr/pokegra.narc,/pbr/pokegra.narc!/member_02129,0,/pbr/pokegra.narc,501,2129,,8650652,8650724,8626888,8626960,72,e757d050dd426a024a31f433127f5978572dfd3303e114bc9d5346d589b857f2,524c434efffe00014800000010000100,,NCLR palette,Confirmed,True,False,,,,,,,,,,False,False
/pbr/pokegra.narc,/pbr/pokegra.narc!/member_02130,0,/pbr/pokegra.narc,501,2130,,8650724,8657172,8626960,8633408,6448,1d019a445e0848217cf5d1e0e5e697b2553bd04958f0590c1b2f4064a2b8bce2,5247434efffe00013019000010000100,,NCGR graphics,Confirmed,True,False,,,,,,,,,,False,False
/pbr/pokegra.narc,/pbr/pokegra.narc!/member_02131,0,/pbr/pokegra.narc,501,2131,,8657172,8663620,8633408,8639856,6448,1d019a445e0848217cf5d1e0e5e697b2553bd04958f0590c1b2f4064a2b8bce2,5247434efffe00013019000010000100,,NCGR graphics,Confirmed,True,False,,,,,,,,,,False,False
/pbr/pokegra.narc,/pbr/pokegra.narc!/member_02132,0,/pbr/pokegra.narc,501,2132,,8663620,8670068,8639856,8646304,6448,ab2933648352e9d8c2059f8b86a8440080f56376b1d07acd6e13b04575985148,5247434efffe00013019000010000100,,NCGR graphics,Confirmed,True,False,,,,,,,,,,False,False
/pbr/pokegra.narc,/pbr/pokegra.narc!/member_02133,0,/pbr/pokegra.narc,501,2133,,8670068,8676516,8646304,8652752,6448,ab2933648352e9d8c2059f8b86a8440080f56376b1d07acd6e13b04575985148,5247434efffe00013019000010000100,,NCGR graphics,Confirmed,True,False,,,,,,,,,,False,False
/pbr/pokegra.narc,/pbr/pokegra.narc!/member_02134,0,/pbr/pokegra.narc,501,2134,,8676516,8676588,8652752,8652824,72,32767239b9025776754a50ae6fd9b2a468ee7f321a519e77039cf222270f5a93,524c434efffe00014800000010000100,,NCLR palette,Confirmed,True,False,,,,,,,,,,False,False
/pbr/pokegra.narc,/pbr/pokegra.narc!/member_02135,0,/pbr/pokegra.narc,501,2135,,8676588,8676660,8652824,8652896,72,1a4b837458effe862e7f23cf7df05cc851f150f2961ae2a98d4bbf8d87ad77a7,524c434efffe00014800000010000100,,NCLR palette,Confirmed,True,False,,,,,,,,,,False,False
/pbr/pokegra.narc,/pbr/pokegra.narc!/member_02136,0,/pbr/pokegra.narc,501,2136,,8676660,8683108,8652896,8659344,6448,d89c03f2de004bdc25fc59368d0bff6f3266d2c0fdb00045421ca82b90a052e8,5247434efffe00013019000010000100,,NCGR graphics,Confirmed,True,False,,,,,,,,,,False,False
/pbr/pokegra.narc,/pbr/pokegra.narc!/member_02137,0,/pbr/pokegra.narc,501,2137,,8683108,8689556,8659344,8665792,6448,d89c03f2de004bdc25fc59368d0bff6f3266d2c0fdb00045421ca82b90a052e8,5247434efffe00013019000010000100,,NCGR graphics,Confirmed,True,False,,,,,,,,,,False,False
/pbr/pokegra.narc,/pbr/pokegra.narc!/member_02138,0,/pbr/pokegra.narc,501,2138,,8689556,8696004,8665792,8672240,6448,fb59d57fb214e46a20869a1c0ccb84e46fdc02f964a02bc869001570668b0712,5247434efffe00013019000010000100,,NCGR graphics,Confirmed,True,False,,,,,,,,,,False,False
/pbr/pokegra.narc,/pbr/pokegra.narc!/member_02139,0,/pbr/pokegra.narc,501,2139,,8696004,8702452,8672240,8678688,6448,fb59d57fb214e46a20869a1c0ccb84e46fdc02f964a02bc869001570668b0712,5247434efffe00013019000010000100,,NCGR graphics,Confirmed,True,False,,,,,,,,,,False,False
/pbr/pokegra.narc,/pbr/pokegra.narc!/member_02140,0,/pbr/pokegra.narc,501,2140,,8702452,8702524,8678688,8678760,72,cd7c4d55b629640b52f80772ed987df89e08b7b4aa86f4e849886e3ab22257d4,524c434efffe00014800000010000100,,NCLR palette,Confirmed,True,False,,,,,,,,,,False,False
/pbr/pokegra.narc,/pbr/pokegra.narc!/member_02141,0,/pbr/pokegra.narc,501,2141,,8702524,8702596,8678760,8678832,72,75a20e484813fa921137f34d293bf090eb92d920da6ddfb00aa5fa0d13c130f2,524c434efffe00014800000010000100,,NCLR palette,Confirmed,True,False,,,,,,,,,,False,False
/pbr/pokegra.narc,/pbr/pokegra.narc!/member_02142,0,/pbr/pokegra.narc,501,2142,,8702596,8709044,8678832,8685280,6448,93b91f42f4edbdcda5f314918cf86a417168111b0e0015cd9e23413cfe11c7df,5247434efffe00013019000010000100,,NCGR graphics,Confirmed,True,False,,,,,,,,,,False,False
/pbr/pokegra.narc,/pbr/pokegra.narc!/member_02143,0,/pbr/pokegra.narc,501,2143,,8709044,8715492,8685280,8691728,6448,93b91f42f4edbdcda5f314918cf86a417168111b0e0015cd9e23413cfe11c7df,5247434efffe00013019000010000100,,NCGR graphics,Confirmed,True,False,,,,,,,,,,False,False
/pbr/pokegra.narc,/pbr/pokegra.narc!/member_02144,0,/pbr/pokegra.narc,501,2144,,8715492,8721940,8691728,8698176,6448,b5173be1c962307f820e82a6c4c30f89336ae34b780dc91473d5c5a5fdb63690,5247434efffe00013019000010000100,,NCGR graphics,Confirmed,True,False,,,,,,,,,,False,False
/pbr/pokegra.narc,/pbr/pokegra.narc!/member_02145,0,/pbr/pokegra.narc,501,2145,,8721940,8728388,8698176,8704624,6448,b5173be1c962307f820e82a6c4c30f89336ae34b780dc91473d5c5a5fdb63690,5247434efffe00013019000010000100,,NCGR graphics,Confirmed,True,False,,,,,,,,,,False,False
/pbr/pokegra.narc,/pbr/pokegra.narc!/member_02146,0,/pbr/pokegra.narc,501,2146,,8728388,8728460,8704624,8704696,72,3cdcff791c663a964b6f37fb5d6dd5ce856f10751d56fbdb58ed2a199b1b94ea,524c434efffe00014800000010000100,,NCLR palette,Confirmed,True,False,,,,,,,,,,False,False
/pbr/pokegra.narc,/pbr/pokegra.narc!/member_02147,0,/pbr/pokegra.narc,501,2147,,8728460,8728532,8704696,8704768,72,7b1a62c4f26e30ea8f71ab52c76b21c60e2305b28c193e9adc693097b71f909c,524c434efffe00014800000010000100,,NCLR palette,Confirmed,True,False,,,,,,,,,,False,False
/pbr/pokegra.narc,/pbr/pokegra.narc!/member_02148,0,/pbr/pokegra.narc,501,2148,,8728532,8734980,8704768,8711216,6448,52f58b769d12d5611f53f53c5547bd20f4430fab2f0d8d09b6561e9f960f020c,5247434efffe00013019000010000100,,NCGR graphics,Confirmed,True,False,,,,,,,,,,False,False
/pbr/pokegra.narc,/pbr/pokegra.narc!/member_02149,0,/pbr/pokegra.narc,501,2149,,8734980,8741428,8711216,8717664,6448,52f58b769d12d5611f53f53c5547bd20f4430fab2f0d8d09b6561e9f960f020c,5247434efffe00013019000010000100,,NCGR graphics,Confirmed,True,False,,,,,,,,,,False,False
/pbr/pokegra.narc,/pbr/pokegra.narc!/member_02150,0,/pbr/pokegra.narc,501,2150,,8741428,8747876,8717664,8724112,6448,0dc785bf6a1beec67d2b81e941523205d7f5387f91338c619b3b5bbf96d595be,5247434efffe00013019000010000100,,NCGR graphics,Confirmed,True,False,,,,,,,,,,False,False
/pbr/pokegra.narc,/pbr/pokegra.narc!/member_02151,0,/pbr/pokegra.narc,501,2151,,8747876,8754324,8724112,8730560,6448,0dc785bf6a1beec67d2b81e941523205d7f5387f91338c619b3b5bbf96d595be,5247434efffe00013019000010000100,,NCGR graphics,Confirmed,True,False,,,,,,,,,,False,False
/pbr/pokegra.narc,/pbr/pokegra.narc!/member_02152,0,/pbr/pokegra.narc,501,2152,,8754324,8754396,8730560,8730632,72,50565de2eac2cc8a3c2b33ce142f4d2a423118042d152a2be726454b3741ea64,524c434efffe00014800000010000100,,NCLR palette,Confirmed,True,False,,,,,,,,,,False,False
/pbr/pokegra.narc,/pbr/pokegra.narc!/member_02153,0,/pbr/pokegra.narc,501,2153,,8754396,8754468,8730632,8730704,72,ba066841e227599f2a584195d3cab5dcb98066637abe4e8cbdd736ec002d68ce,524c434efffe00014800000010000100,,NCLR palette,Confirmed,True,False,,,,,,,,,,False,False
/pbr/pokegra.narc,/pbr/pokegra.narc!/member_02154,0,/pbr/pokegra.narc,501,2154,,8754468,8760916,8730704,8737152,6448,e9c91e64d29a29e92650067b560aef5b387fde5b7217da4a5d4579bcb0561cb9,5247434efffe00013019000010000100,,NCGR graphics,Confirmed,True,False,,,,,,,,,,False,False
/pbr/pokegra.narc,/pbr/pokegra.narc!/member_02155,0,/pbr/pokegra.narc,501,2155,,8760916,8767364,8737152,8743600,6448,e9c91e64d29a29e92650067b560aef5b387fde5b7217da4a5d4579bcb0561cb9,5247434efffe00013019000010000100,,NCGR graphics,Confirmed,True,False,,,,,,,,,,False,False
/pbr/pokegra.narc,/pbr/pokegra.narc!/member_02156,0,/pbr/pokegra.narc,501,2156,,8767364,8773812,8743600,8750048,6448,7cc60b46640ac177e48c46636bfcd1c1dfcb7d866d476e4f5b7bc69f668e0bac,5247434efffe00013019000010000100,,NCGR graphics,Confirmed,True,False,,,,,,,,,,False,False
/pbr/pokegra.narc,/pbr/pokegra.narc!/member_02157,0,/pbr/pokegra.narc,501,2157,,8773812,8780260,8750048,8756496,6448,7cc60b46640ac177e48c46636bfcd1c1dfcb7d866d476e4f5b7bc69f668e0bac,5247434efffe00013019000010000100,,NCGR graphics,Confirmed,True,False,,,,,,,,,,False,False
/pbr/pokegra.narc,/pbr/pokegra.narc!/member_02158,0,/pbr/pokegra.narc,501,2158,,8780260,8780332,8756496,8756568,72,94999bdac447b6fecf7812d8b7b59ba553349126176be98c4ce8b4c5ad225ca4,524c434efffe00014800000010000100,,NCLR palette,Confirmed,True,False,,,,,,,,,,False,False
/pbr/pokegra.narc,/pbr/pokegra.narc!/member_02159,0,/pbr/pokegra.narc,501,2159,,8780332,8780404,8756568,8756640,72,e0a7ff02fc5539b01e8df9b0765803f41d2888cce268989e2aea6ba70e317ca6,524c434efffe00014800000010000100,,NCLR palette,Confirmed,True,False,,,,,,,,,,False,False
/pbr/pokegra.narc,/pbr/pokegra.narc!/member_02160,0,/pbr/pokegra.narc,501,2160,,8780404,8786852,8756640,8763088,6448,8e705ea9ef0177444e3b63dbeaad9dee24e5756c62e2e2b89bc4c9d00746ec26,5247434efffe00013019000010000100,,NCGR graphics,Confirmed,True,False,,,,,,,,,,False,False
/pbr/pokegra.narc,/pbr/pokegra.narc!/member_02161,0,/pbr/pokegra.narc,501,2161,,8786852,8793300,8763088,8769536,6448,8e705ea9ef0177444e3b63dbeaad9dee24e5756c62e2e2b89bc4c9d00746ec26,5247434efffe00013019000010000100,,NCGR graphics,Confirmed,True,False,,,,,,,,,,False,False
/pbr/pokegra.narc,/pbr/pokegra.narc!/member_02162,0,/pbr/pokegra.narc,501,2162,,8793300,8799748,8769536,8775984,6448,de1f129a615d2893c09e94963a5423d90fb73597c06a16577cf0a26218dc8627,5247434efffe00013019000010000100,,NCGR graphics,Confirmed,True,False,,,,,,,,,,False,False
/pbr/pokegra.narc,/pbr/pokegra.narc!/member_02163,0,/pbr/pokegra.narc,501,2163,,8799748,8806196,8775984,8782432,6448,de1f129a615d2893c09e94963a5423d90fb73597c06a16577cf0a26218dc8627,5247434efffe00013019000010000100,,NCGR graphics,Confirmed,True,False,,,,,,,,,,False,False
/pbr/pokegra.narc,/pbr/pokegra.narc!/member_02164,0,/pbr/pokegra.narc,501,2164,,8806196,8806268,8782432,8782504,72,8e5ecb89e0bc4bfd15b568d2a19b2c218f46f582de588fdf12a57217e54fc32d,524c434efffe00014800000010000100,,NCLR palette,Confirmed,True,False,,,,,,,,,,False,False
/pbr/pokegra.narc,/pbr/pokegra.narc!/member_02165,0,/pbr/pokegra.narc,501,2165,,8806268,8806340,8782504,8782576,72,3e344e69609ed25354aa2e6f372afdd8ff6416292a071b5a5ccfe1439dcd1cd1,524c434efffe00014800000010000100,,NCLR palette,Confirmed,True,False,,,,,,,,,,False,False
/pbr/pokegra.narc,/pbr/pokegra.narc!/member_02166,0,/pbr/pokegra.narc,501,2166,,8806340,8812788,8782576,8789024,6448,ab1c0e5b2bc8ceb84e4b10035b68d6ae5c7a3d8fa9746320f8b9dada27c2e01e,5247434efffe00013019000010000100,,NCGR graphics,Confirmed,True,False,,,,,,,,,,False,False
/pbr/pokegra.narc,/pbr/pokegra.narc!/member_02167,0,/pbr/pokegra.narc,501,2167,,8812788,8819236,8789024,8795472,6448,ab1c0e5b2bc8ceb84e4b10035b68d6ae5c7a3d8fa9746320f8b9dada27c2e01e,5247434efffe00013019000010000100,,NCGR graphics,Confirmed,True,False,,,,,,,,,,False,False
/pbr/pokegra.narc,/pbr/pokegra.narc!/member_02168,0,/pbr/pokegra.narc,501,2168,,8819236,8825684,8795472,8801920,6448,20c87a92a33f10ebeb8cb6a4693c6bff5f928c1bf527684d839932e2c9fcafb3,5247434efffe00013019000010000100,,NCGR graphics,Confirmed,True,False,,,,,,,,,,False,False
/pbr/pokegra.narc,/pbr/pokegra.narc!/member_02169,0,/pbr/pokegra.narc,501,2169,,8825684,8832132,8801920,8808368,6448,20c87a92a33f10ebeb8cb6a4693c6bff5f928c1bf527684d839932e2c9fcafb3,5247434efffe00013019000010000100,,NCGR graphics,Confirmed,True,False,,,,,,,,,,False,False
/pbr/pokegra.narc,/pbr/pokegra.narc!/member_02170,0,/pbr/pokegra.narc,501,2170,,8832132,8832204,8808368,8808440,72,2091f795fc10d8bd9ab79bfd58f8a0680c571e06d2c83aff2db07766ec62f77f,524c434efffe00014800000010000100,,NCLR palette,Confirmed,True,False,,,,,,,,,,False,False
/pbr/pokegra.narc,/pbr/pokegra.narc!/member_02171,0,/pbr/pokegra.narc,501,2171,,8832204,8832276,8808440,8808512,72,79458574d0adb96f397af69db1ca23406b70d00fc3123f114e3f009b33f22e7e,524c434efffe00014800000010000100,,NCLR palette,Confirmed,True,False,,,,,,,,,,False,False
/pbr/pokegra.narc,/pbr/pokegra.narc!/member_02172,0,/pbr/pokegra.narc,501,2172,,8832276,8838724,8808512,8814960,6448,d92d99157761e765dd2ff20a6b55cca5499d71d1e5ec3e318888ce212f9238a9,5247434efffe00013019000010000100,,NCGR graphics,Confirmed,True,False,,,,,,,,,,False,False
/pbr/pokegra.narc,/pbr/pokegra.narc!/member_02173,0,/pbr/pokegra.narc,501,2173,,8838724,8845172,8814960,8821408,6448,d92d99157761e765dd2ff20a6b55cca5499d71d1e5ec3e318888ce212f9238a9,5247434efffe00013019000010000100,,NCGR graphics,Confirmed,True,False,,,,,,,,,,False,False
/pbr/pokegra.narc,/pbr/pokegra.narc!/member_02174,0,/pbr/pokegra.narc,501,2174,,8845172,8851620,8821408,8827856,6448,5c7bb857aebe80edf60aa347aebce60f28a8895ffa75ffc5c9cbe44673505f32,5247434efffe00013019000010000100,,NCGR graphics,Confirmed,True,False,,,,,,,,,,False,False
/pbr/pokegra.narc,/pbr/pokegra.narc!/member_02175,0,/pbr/pokegra.narc,501,2175,,8851620,8858068,8827856,8834304,6448,5c7bb857aebe80edf60aa347aebce60f28a8895ffa75ffc5c9cbe44673505f32,5247434efffe00013019000010000100,,NCGR graphics,Confirmed,True,False,,,,,,,,,,False,False
/pbr/pokegra.narc,/pbr/pokegra.narc!/member_02176,0,/pbr/pokegra.narc,501,2176,,8858068,8858140,8834304,8834376,72,9bf0520057d856d5323125def66224f773296b58414cc9c6a6150621438b13d4,524c434efffe00014800000010000100,,NCLR palette,Confirmed,True,False,,,,,,,,,,False,False
/pbr/pokegra.narc,/pbr/pokegra.narc!/member_02177,0,/pbr/pokegra.narc,501,2177,,8858140,8858212,8834376,8834448,72,b6f6b00edb54701a6dd5e216026b72bfc13be5878cf10b88f68f68377fa3da18,524c434efffe00014800000010000100,,NCLR palette,Confirmed,True,False,,,,,,,,,,False,False
/pbr/pokegra.narc,/pbr/pokegra.narc!/member_02178,0,/pbr/pokegra.narc,501,2178,,8858212,8864660,8834448,8840896,6448,43f008cbdbbacab2f361b3f8cf5b4f3040266e83144b131acabe2ad78d29fb24,5247434efffe00013019000010000100,,NCGR graphics,Confirmed,True,False,,,,,,,,,,False,False
/pbr/pokegra.narc,/pbr/pokegra.narc!/member_02179,0,/pbr/pokegra.narc,501,2179,,8864660,8871108,8840896,8847344,6448,43f008cbdbbacab2f361b3f8cf5b4f3040266e83144b131acabe2ad78d29fb24,5247434efffe00013019000010000100,,NCGR graphics,Confirmed,True,False,,,,,,,,,,False,False
/pbr/pokegra.narc,/pbr/pokegra.narc!/member_02180,0,/pbr/pokegra.narc,501,2180,,8871108,8877556,8847344,8853792,6448,be16b48244ee289d62a2bc98475c791ce9f1b501d9c40e48f2a3985dc1cffcd5,5247434efffe00013019000010000100,,NCGR graphics,Confirmed,True,False,,,,,,,,,,False,False
/pbr/pokegra.narc,/pbr/pokegra.narc!/member_02181,0,/pbr/pokegra.narc,501,2181,,8877556,8884004,8853792,8860240,6448,be16b48244ee289d62a2bc98475c791ce9f1b501d9c40e48f2a3985dc1cffcd5,5247434efffe00013019000010000100,,NCGR graphics,Confirmed,True,False,,,,,,,,,,False,False
/pbr/pokegra.narc,/pbr/pokegra.narc!/member_02182,0,/pbr/pokegra.narc,501,2182,,8884004,8884076,8860240,8860312,72,27a44af87e254d8bff6019ab54be79a9ff6b35c116d48f37b3be3b12a93c9dc7,524c434efffe00014800000010000100,,NCLR palette,Confirmed,True,False,,,,,,,,,,False,False
/pbr/pokegra.narc,/pbr/pokegra.narc!/member_02183,0,/pbr/pokegra.narc,501,2183,,8884076,8884148,8860312,8860384,72,81ce0ed219cfba43b17f1924c58227f2a8cc96f99f5865f806b36db36f6ec7bf,524c434efffe00014800000010000100,,NCLR palette,Confirmed,True,False,,,,,,,,,,False,False
/pbr/pokegra.narc,/pbr/pokegra.narc!/member_02184,0,/pbr/pokegra.narc,501,2184,,8884148,8890596,8860384,8866832,6448,10633bededb8ad6c6069ae83346e45edb064c63989e02017f0791651c55f6b93,5247434efffe00013019000010000100,,NCGR graphics,Confirmed,True,False,,,,,,,,,,False,False
/pbr/pokegra.narc,/pbr/pokegra.narc!/member_02185,0,/pbr/pokegra.narc,501,2185,,8890596,8897044,8866832,8873280,6448,10633bededb8ad6c6069ae83346e45edb064c63989e02017f0791651c55f6b93,5247434efffe00013019000010000100,,NCGR graphics,Confirmed,True,False,,,,,,,,,,False,False
/pbr/pokegra.narc,/pbr/pokegra.narc!/member_02186,0,/pbr/pokegra.narc,501,2186,,8897044,8903492,8873280,8879728,6448,3879152f94db863bb7841f1cd598640754d0743998245eee71ec60a91307b7ef,5247434efffe00013019000010000100,,NCGR graphics,Confirmed,True,False,,,,,,,,,,False,False
/pbr/pokegra.narc,/pbr/pokegra.narc!/member_02187,0,/pbr/pokegra.narc,501,2187,,8903492,8909940,8879728,8886176,6448,3879152f94db863bb7841f1cd598640754d0743998245eee71ec60a91307b7ef,5247434efffe00013019000010000100,,NCGR graphics,Confirmed,True,False,,,,,,,,,,False,False
/pbr/pokegra.narc,/pbr/pokegra.narc!/member_02188,0,/pbr/pokegra.narc,501,2188,,8909940,8910012,8886176,8886248,72,90a29e128d9a6449324d6b23c13f6fbde554b033b60e7542a7f5d58582437484,524c434efffe00014800000010000100,,NCLR palette,Confirmed,True,False,,,,,,,,,,False,False
/pbr/pokegra.narc,/pbr/pokegra.narc!/member_02189,0,/pbr/pokegra.narc,501,2189,,8910012,8910084,8886248,8886320,72,1e53dc1b047e81fa27301f375b6aa8b64914925483fbe856e39a05782cc6cc92,524c434efffe00014800000010000100,,NCLR palette,Confirmed,True,False,,,,,,,,,,False,False
/pbr/pokegra.narc,/pbr/pokegra.narc!/member_02190,0,/pbr/pokegra.narc,501,2190,,8910084,8916532,8886320,8892768,6448,5b7a49fc193f682081c1bc67f6253a9e7b2d8023fbdf684082119ec3a563448f,5247434efffe00013019000010000100,,NCGR graphics,Confirmed,True,False,,,,,,,,,,False,False
/pbr/pokegra.narc,/pbr/pokegra.narc!/member_02191,0,/pbr/pokegra.narc,501,2191,,8916532,8922980,8892768,8899216,6448,5b7a49fc193f682081c1bc67f6253a9e7b2d8023fbdf684082119ec3a563448f,5247434efffe00013019000010000100,,NCGR graphics,Confirmed,True,False,,,,,,,,,,False,False
/pbr/pokegra.narc,/pbr/pokegra.narc!/member_02192,0,/pbr/pokegra.narc,501,2192,,8922980,8929428,8899216,8905664,6448,b101ba3464a4db10ada8f110250c31d75e33a6688de563a88f5cd3b72881ac41,5247434efffe00013019000010000100,,NCGR graphics,Confirmed,True,False,,,,,,,,,,False,False
/pbr/pokegra.narc,/pbr/pokegra.narc!/member_02193,0,/pbr/pokegra.narc,501,2193,,8929428,8935876,8905664,8912112,6448,b101ba3464a4db10ada8f110250c31d75e33a6688de563a88f5cd3b72881ac41,5247434efffe00013019000010000100,,NCGR graphics,Confirmed,True,False,,,,,,,,,,False,False
/pbr/pokegra.narc,/pbr/pokegra.narc!/member_02194,0,/pbr/pokegra.narc,501,2194,,8935876,8935948,8912112,8912184,72,d454ea63021ef0785f9ffb48fb2c978b38d5a17159bcc6d11cc1d48f74f21172,524c434efffe00014800000010000100,,NCLR palette,Confirmed,True,False,,,,,,,,,,False,False
/pbr/pokegra.narc,/pbr/pokegra.narc!/member_02195,0,/pbr/pokegra.narc,501,2195,,8935948,8936020,8912184,8912256,72,264e64b5c8825d7d21d3ccd473658e6880f34ea32f58660e6517101d9c322b85,524c434efffe00014800000010000100,,NCLR palette,Confirmed,True,False,,,,,,,,,,False,False
/pbr/pokegra.narc,/pbr/pokegra.narc!/member_02196,0,/pbr/pokegra.narc,501,2196,,8936020,8942468,8912256,8918704,6448,af73fc51f76fe83c001922e50025a998df8e7678300e41e5e81837113dec120e,5247434efffe00013019000010000100,,NCGR graphics,Confirmed,True,False,,,,,,,,,,False,False
/pbr/pokegra.narc,/pbr/pokegra.narc!/member_02197,0,/pbr/pokegra.narc,501,2197,,8942468,8948916,8918704,8925152,6448,af73fc51f76fe83c001922e50025a998df8e7678300e41e5e81837113dec120e,5247434efffe00013019000010000100,,NCGR graphics,Confirmed,True,False,,,,,,,,,,False,False
/pbr/pokegra.narc,/pbr/pokegra.narc!/member_02198,0,/pbr/pokegra.narc,501,2198,,8948916,8955364,8925152,8931600,6448,fa42dfa0794f3c1fd4a73d3e944b7c44d9e45c5ebf00732cc719167f927080b0,5247434efffe00013019000010000100,,NCGR graphics,Confirmed,True,False,,,,,,,,,,False,False
/pbr/pokegra.narc,/pbr/pokegra.narc!/member_02199,0,/pbr/pokegra.narc,501,2199,,8955364,8961812,8931600,8938048,6448,fa42dfa0794f3c1fd4a73d3e944b7c44d9e45c5ebf00732cc719167f927080b0,5247434efffe00013019000010000100,,NCGR graphics,Confirmed,True,False,,,,,,,,,,False,False
/pbr/pokegra.narc,/pbr/pokegra.narc!/member_02200,0,/pbr/pokegra.narc,501,2200,,8961812,8961884,8938048,8938120,72,789ab61b4044ca38de1544d5e2253b14e20884dddb6f6439c447e3a01f29b41d,524c434efffe00014800000010000100,,NCLR palette,Confirmed,True,False,,,,,,,,,,False,False
/pbr/pokegra.narc,/pbr/pokegra.narc!/member_02201,0,/pbr/pokegra.narc,501,2201,,8961884,8961956,8938120,8938192,72,54b850a0369e1c08daa72d5baef04ac6342f8d5403f3046a9405f958914f96ff,524c434efffe00014800000010000100,,NCLR palette,Confirmed,True,False,,,,,,,,,,False,False
/pbr/pokegra.narc,/pbr/pokegra.narc!/member_02202,0,/pbr/pokegra.narc,501,2202,,8961956,8968404,8938192,8944640,6448,b96b40fe5d7cee68017a8bd6aa89321e5baee57957ed03ab94f30c0fa6fb67fa,5247434efffe00013019000010000100,,NCGR graphics,Confirmed,True,False,,,,,,,,,,False,False
/pbr/pokegra.narc,/pbr/pokegra.narc!/member_02203,0,/pbr/pokegra.narc,501,2203,,8968404,8974852,8944640,8951088,6448,b96b40fe5d7cee68017a8bd6aa89321e5baee57957ed03ab94f30c0fa6fb67fa,5247434efffe00013019000010000100,,NCGR graphics,Confirmed,True,False,,,,,,,,,,False,False
/pbr/pokegra.narc,/pbr/pokegra.narc!/member_02204,0,/pbr/pokegra.narc,501,2204,,8974852,8981300,8951088,8957536,6448,77726b7d8c87036c67fdfb8650771a81d51611862400b1e21115695bb61f45d6,5247434efffe00013019000010000100,,NCGR graphics,Confirmed,True,False,,,,,,,,,,False,False
/pbr/pokegra.narc,/pbr/pokegra.narc!/member_02205,0,/pbr/pokegra.narc,501,2205,,8981300,8987748,8957536,8963984,6448,77726b7d8c87036c67fdfb8650771a81d51611862400b1e21115695bb61f45d6,5247434efffe00013019000010000100,,NCGR graphics,Confirmed,True,False,,,,,,,,,,False,False
/pbr/pokegra.narc,/pbr/pokegra.narc!/member_02206,0,/pbr/pokegra.narc,501,2206,,8987748,8987820,8963984,8964056,72,92f5dd29f118f14b07fc4f935bd08a8de8bea0ccbc950a54c387ae2d4f39dd63,524c434efffe00014800000010000100,,NCLR palette,Confirmed,True,False,,,,,,,,,,False,False
/pbr/pokegra.narc,/pbr/pokegra.narc!/member_02207,0,/pbr/pokegra.narc,501,2207,,8987820,8987892,8964056,8964128,72,7f613e1941762b18db1b59abd560eb054e7e5e0d7575c15da15b7fa3ee8459c5,524c434efffe00014800000010000100,,NCLR palette,Confirmed,True,False,,,,,,,,,,False,False
/pbr/pokegra.narc,/pbr/pokegra.narc!/member_02208,0,/pbr/pokegra.narc,501,2208,,8987892,8994340,8964128,8970576,6448,fa9877daec8930fa63146823b54accbaee030f88345aa3f41762eff4bd9fe8d8,5247434efffe00013019000010000100,,NCGR graphics,Confirmed,True,False,,,,,,,,,,False,False
/pbr/pokegra.narc,/pbr/pokegra.narc!/member_02209,0,/pbr/pokegra.narc,501,2209,,8994340,9000788,8970576,8977024,6448,fa9877daec8930fa63146823b54accbaee030f88345aa3f41762eff4bd9fe8d8,5247434efffe00013019000010000100,,NCGR graphics,Confirmed,True,False,,,,,,,,,,False,False
/pbr/pokegra.narc,/pbr/pokegra.narc!/member_02210,0,/pbr/pokegra.narc,501,2210,,9000788,9007236,8977024,8983472,6448,f0e81e0fe781e3a07955ecc22da1b6edb5f0c0dded21f0bcf0a4d35abce47bf3,5247434efffe00013019000010000100,,NCGR graphics,Confirmed,True,False,,,,,,,,,,False,False
/pbr/pokegra.narc,/pbr/pokegra.narc!/member_02211,0,/pbr/pokegra.narc,501,2211,,9007236,9013684,8983472,8989920,6448,f0e81e0fe781e3a07955ecc22da1b6edb5f0c0dded21f0bcf0a4d35abce47bf3,5247434efffe00013019000010000100,,NCGR graphics,Confirmed,True,False,,,,,,,,,,False,False
/pbr/pokegra.narc,/pbr/pokegra.narc!/member_02212,0,/pbr/pokegra.narc,501,2212,,9013684,9013756,8989920,8989992,72,9e1a0e439fa16b830310928727e76fc03283e73c882291f0049f9f7befc7cd24,524c434efffe00014800000010000100,,NCLR palette,Confirmed,True,False,,,,,,,,,,False,False
/pbr/pokegra.narc,/pbr/pokegra.narc!/member_02213,0,/pbr/pokegra.narc,501,2213,,9013756,9013828,8989992,8990064,72,3dab8b349f619e563026903b87ee63f585038b3a6c55196179d359094dcdd3b7,524c434efffe00014800000010000100,,NCLR palette,Confirmed,True,False,,,,,,,,,,False,False
/pbr/pokegra.narc,/pbr/pokegra.narc!/member_02214,0,/pbr/pokegra.narc,501,2214,,9013828,9020276,8990064,8996512,6448,163a85d94a6901175586bb8356f03fb7cdd6f90622ea19ab2b6f110d9a121aa8,5247434efffe00013019000010000100,,NCGR graphics,Confirmed,True,False,,,,,,,,,,False,False
/pbr/pokegra.narc,/pbr/pokegra.narc!/member_02215,0,/pbr/pokegra.narc,501,2215,,9020276,9026724,8996512,9002960,6448,adafe702cf5f41e4e34e17b69caf0d3c78067950ed85e2a85100b84679c1d1c5,5247434efffe00013019000010000100,,NCGR graphics,Confirmed,True,False,,,,,,,,,,False,False
/pbr/pokegra.narc,/pbr/pokegra.narc!/member_02216,0,/pbr/pokegra.narc,501,2216,,9026724,9033172,9002960,9009408,6448,99dbc6d153c5cacbaa4c8323fb16900de117f6d9d81080b217f633baa748d20d,5247434efffe00013019000010000100,,NCGR graphics,Confirmed,True,False,,,,,,,,,,False,False
/pbr/pokegra.narc,/pbr/pokegra.narc!/member_02217,0,/pbr/pokegra.narc,501,2217,,9033172,9039620,9009408,9015856,6448,a05c4713e439c97a2681fa825fef42c18450763964f1dc0aa6f25dc569857dae,5247434efffe00013019000010000100,,NCGR graphics,Confirmed,True,False,,,,,,,,,,False,False
/pbr/pokegra.narc,/pbr/pokegra.narc!/member_02218,0,/pbr/pokegra.narc,501,2218,,9039620,9039692,9015856,9015928,72,ce29787c626bc007e2fdd9a8118e290944753f2a90a3d6ca1e238bfcf47b6f20,524c434efffe00014800000010000100,,NCLR palette,Confirmed,True,False,,,,,,,,,,False,False
/pbr/pokegra.narc,/pbr/pokegra.narc!/member_02219,0,/pbr/pokegra.narc,501,2219,,9039692,9039764,9015928,9016000,72,bab418696be69de0cfa135026cffbbab6b0bb6790dd60d93fd2eb512c2fd5ad9,524c434efffe00014800000010000100,,NCLR palette,Confirmed,True,False,,,,,,,,,,False,False
/pbr/pokegra.narc,/pbr/pokegra.narc!/member_02220,0,/pbr/pokegra.narc,501,2220,,9039764,9046212,9016000,9022448,6448,f4e07ab6afd98fcba0ae9c2ee0200f49af18337f80bcee3870582e6d4474241f,5247434efffe00013019000010000100,,NCGR graphics,Confirmed,True,False,,,,,,,,,,False,False
/pbr/pokegra.narc,/pbr/pokegra.narc!/member_02221,0,/pbr/pokegra.narc,501,2221,,9046212,9052660,9022448,9028896,6448,f4e07ab6afd98fcba0ae9c2ee0200f49af18337f80bcee3870582e6d4474241f,5247434efffe00013019000010000100,,NCGR graphics,Confirmed,True,False,,,,,,,,,,False,False
/pbr/pokegra.narc,/pbr/pokegra.narc!/member_02222,0,/pbr/pokegra.narc,501,2222,,9052660,9059108,9028896,9035344,6448,dd177de69bd7be1c8fbd02af20b7469738dfbdda7ed3db7c141b054a1eb6608d,5247434efffe00013019000010000100,,NCGR graphics,Confirmed,True,False,,,,,,,,,,False,False
/pbr/pokegra.narc,/pbr/pokegra.narc!/member_02223,0,/pbr/pokegra.narc,501,2223,,9059108,9065556,9035344,9041792,6448,dd177de69bd7be1c8fbd02af20b7469738dfbdda7ed3db7c141b054a1eb6608d,5247434efffe00013019000010000100,,NCGR graphics,Confirmed,True,False,,,,,,,,,,False,False
/pbr/pokegra.narc,/pbr/pokegra.narc!/member_02224,0,/pbr/pokegra.narc,501,2224,,9065556,9065628,9041792,9041864,72,3f62b7dbccced72f0a227499df5cc6ccf73346897c4d472bd3c5a66f16ee0ae2,524c434efffe00014800000010000100,,NCLR palette,Confirmed,True,False,,,,,,,,,,False,False
/pbr/pokegra.narc,/pbr/pokegra.narc!/member_02225,0,/pbr/pokegra.narc,501,2225,,9065628,9065700,9041864,9041936,72,bd2badd9edb508295f5d46eb784d288e92de0cd9dbd05b998571610f46c6962b,524c434efffe00014800000010000100,,NCLR palette,Confirmed,True,False,,,,,,,,,,False,False
/pbr/pokegra.narc,/pbr/pokegra.narc!/member_02226,0,/pbr/pokegra.narc,501,2226,,9065700,9072148,9041936,9048384,6448,6529f3b04b858d99a47d12d65c678b15b384bd2228a3d32d70bd60b9e30da954,5247434efffe00013019000010000100,,NCGR graphics,Confirmed,True,False,,,,,,,,,,False,False
/pbr/pokegra.narc,/pbr/pokegra.narc!/member_02227,0,/pbr/pokegra.narc,501,2227,,9072148,9078596,9048384,9054832,6448,6529f3b04b858d99a47d12d65c678b15b384bd2228a3d32d70bd60b9e30da954,5247434efffe00013019000010000100,,NCGR graphics,Confirmed,True,False,,,,,,,,,,False,False
/pbr/pokegra.narc,/pbr/pokegra.narc!/member_02228,0,/pbr/pokegra.narc,501,2228,,9078596,9085044,9054832,9061280,6448,5712acf63d47282f0ed83e2ae0c1e1eacd635d5f7afef1fc8259f101ed7cbb6b,5247434efffe00013019000010000100,,NCGR graphics,Confirmed,True,False,,,,,,,,,,False,False
/pbr/pokegra.narc,/pbr/pokegra.narc!/member_02229,0,/pbr/pokegra.narc,501,2229,,9085044,9091492,9061280,9067728,6448,5712acf63d47282f0ed83e2ae0c1e1eacd635d5f7afef1fc8259f101ed7cbb6b,5247434efffe00013019000010000100,,NCGR graphics,Confirmed,True,False,,,,,,,,,,False,False
/pbr/pokegra.narc,/pbr/pokegra.narc!/member_02230,0,/pbr/pokegra.narc,501,2230,,9091492,9091564,9067728,9067800,72,ac5b4d9d60635ce561524095ae13796a2bedf582534f2ad34a85276cdc39b2a4,524c434efffe00014800000010000100,,NCLR palette,Confirmed,True,False,,,,,,,,,,False,False
/pbr/pokegra.narc,/pbr/pokegra.narc!/member_02231,0,/pbr/pokegra.narc,501,2231,,9091564,9091636,9067800,9067872,72,1bc2c751712a1c8dad609c40e2af2e72ed56ddfcd1895195959b9b02ba892e7c,524c434efffe00014800000010000100,,NCLR palette,Confirmed,True,False,,,,,,,,,,False,False
/pbr/pokegra.narc,/pbr/pokegra.narc!/member_02232,0,/pbr/pokegra.narc,501,2232,,9091636,9098084,9067872,9074320,6448,a5ecdaeb6d6ba1de243bcbb9b5033df7536a096d27d27c3f7f33b02e151691d7,5247434efffe00013019000010000100,,NCGR graphics,Confirmed,True,False,,,,,,,,,,False,False
/pbr/pokegra.narc,/pbr/pokegra.narc!/member_02233,0,/pbr/pokegra.narc,501,2233,,9098084,9104532,9074320,9080768,6448,a5ecdaeb6d6ba1de243bcbb9b5033df7536a096d27d27c3f7f33b02e151691d7,5247434efffe00013019000010000100,,NCGR graphics,Confirmed,True,False,,,,,,,,,,False,False
/pbr/pokegra.narc,/pbr/pokegra.narc!/member_02234,0,/pbr/pokegra.narc,501,2234,,9104532,9110980,9080768,9087216,6448,063ccc79b12ca794fd84270e64a24af366f2af2983cdbc154d07c711587a4907,5247434efffe00013019000010000100,,NCGR graphics,Confirmed,True,False,,,,,,,,,,False,False
/pbr/pokegra.narc,/pbr/pokegra.narc!/member_02235,0,/pbr/pokegra.narc,501,2235,,9110980,9117428,9087216,9093664,6448,063ccc79b12ca794fd84270e64a24af366f2af2983cdbc154d07c711587a4907,5247434efffe00013019000010000100,,NCGR graphics,Confirmed,True,False,,,,,,,,,,False,False
/pbr/pokegra.narc,/pbr/pokegra.narc!/member_02236,0,/pbr/pokegra.narc,501,2236,,9117428,9117500,9093664,9093736,72,a0a15a124d04450ecdecaf59f5e0f1a945512f367c881526dde7aa96e0f7760c,524c434efffe00014800000010000100,,NCLR palette,Confirmed,True,False,,,,,,,,,,False,False
/pbr/pokegra.narc,/pbr/pokegra.narc!/member_02237,0,/pbr/pokegra.narc,501,2237,,9117500,9117572,9093736,9093808,72,625db283b72d560ec21f0649df45e4139100bc4a27c0d8d8c8e34512bdf8ca4e,524c434efffe00014800000010000100,,NCLR palette,Confirmed,True,False,,,,,,,,,,False,False
/pbr/pokegra.narc,/pbr/pokegra.narc!/member_02238,0,/pbr/pokegra.narc,501,2238,,9117572,9124020,9093808,9100256,6448,902ece05617ab2aa7d8f21fe2053fc7b3fd5dc228c9784ffd47ca06df71d5e50,5247434efffe00013019000010000100,,NCGR graphics,Confirmed,True,False,,,,,,,,,,False,False
/pbr/pokegra.narc,/pbr/pokegra.narc!/member_02239,0,/pbr/pokegra.narc,501,2239,,9124020,9130468,9100256,9106704,6448,902ece05617ab2aa7d8f21fe2053fc7b3fd5dc228c9784ffd47ca06df71d5e50,5247434efffe00013019000010000100,,NCGR graphics,Confirmed,True,False,,,,,,,,,,False,False
/pbr/pokegra.narc,/pbr/pokegra.narc!/member_02240,0,/pbr/pokegra.narc,501,2240,,9130468,9136916,9106704,9113152,6448,40b8ffee48e23d90aa1deb34e49601889ce7c0011ea3d1827700c7cbe33ebc5e,5247434efffe00013019000010000100,,NCGR graphics,Confirmed,True,False,,,,,,,,,,False,False
/pbr/pokegra.narc,/pbr/pokegra.narc!/member_02241,0,/pbr/pokegra.narc,501,2241,,9136916,9143364,9113152,9119600,6448,40b8ffee48e23d90aa1deb34e49601889ce7c0011ea3d1827700c7cbe33ebc5e,5247434efffe00013019000010000100,,NCGR graphics,Confirmed,True,False,,,,,,,,,,False,False
/pbr/pokegra.narc,/pbr/pokegra.narc!/member_02242,0,/pbr/pokegra.narc,501,2242,,9143364,9143436,9119600,9119672,72,2bc2b9860bf12c655d0e7ceb6c8f93cb11a81f4348dcbb2c45340f1a8bb50807,524c434efffe00014800000010000100,,NCLR palette,Confirmed,True,False,,,,,,,,,,False,False
/pbr/pokegra.narc,/pbr/pokegra.narc!/member_02243,0,/pbr/pokegra.narc,501,2243,,9143436,9143508,9119672,9119744,72,a24ee0e6ed4656b28a6510cfe0beafef1f7a64c3a63c299a2773db8f0489cd6d,524c434efffe00014800000010000100,,NCLR palette,Confirmed,True,False,,,,,,,,,,False,False
/pbr/pokegra.narc,/pbr/pokegra.narc!/member_02244,0,/pbr/pokegra.narc,501,2244,,9143508,9143508,9119744,9119744,0,e3b0c44298fc1c149afbf4c8996fb92427ae41e4649b934ca495991b7852b855,,,,,,False,,,,,,,,,,False,False
/pbr/pokegra.narc,/pbr/pokegra.narc!/member_02245,0,/pbr/pokegra.narc,501,2245,,9143508,9149956,9119744,9126192,6448,ffe490e637adf52ceaf209f689f909b244525c354946e5f25f062119e030bbe8,5247434efffe00013019000010000100,,NCGR graphics,Confirmed,True,False,,,,,,,,,,False,False
/pbr/pokegra.narc,/pbr/pokegra.narc!/member_02246,0,/pbr/pokegra.narc,501,2246,,9149956,9149956,9126192,9126192,0,e3b0c44298fc1c149afbf4c8996fb92427ae41e4649b934ca495991b7852b855,,,,,,False,,,,,,,,,,False,False
/pbr/pokegra.narc,/pbr/pokegra.narc!/member_02247,0,/pbr/pokegra.narc,501,2247,,9149956,9156404,9126192,9132640,6448,d231c17dbc480a9b0461564df5c243c8ddb9b17e9ab07990b398a39427757294,5247434efffe00013019000010000100,,NCGR graphics,Confirmed,True,False,,,,,,,,,,False,False
/pbr/pokegra.narc,/pbr/pokegra.narc!/member_02248,0,/pbr/pokegra.narc,501,2248,,9156404,9156476,9132640,9132712,72,b550b31d99e515a304eda7b78c119323ef14417e7de8d08ca938eee93e72b0b5,524c434efffe00014800000010000100,,NCLR palette,Confirmed,True,False,,,,,,,,,,False,False
/pbr/pokegra.narc,/pbr/pokegra.narc!/member_02249,0,/pbr/pokegra.narc,501,2249,,9156476,9156548,9132712,9132784,72,5972cddf0e3368ebb88d21fd5f56d57bceb3888588c5ee7d8721fbeb43fc9e66,524c434efffe00014800000010000100,,NCLR palette,Confirmed,True,False,,,,,,,,,,False,False
/pbr/pokegra.narc,/pbr/pokegra.narc!/member_02250,0,/pbr/pokegra.narc,501,2250,,9156548,9156548,9132784,9132784,0,e3b0c44298fc1c149afbf4c8996fb92427ae41e4649b934ca495991b7852b855,,,,,,False,,,,,,,,,,False,False
/pbr/pokegra.narc,/pbr/pokegra.narc!/member_02251,0,/pbr/pokegra.narc,501,2251,,9156548,9162996,9132784,9139232,6448,3522ce5db2adcc30b54cbde665474473338f8fe9fd9958d923064030a837269a,5247434efffe00013019000010000100,,NCGR graphics,Confirmed,True,False,,,,,,,,,,False,False
/pbr/pokegra.narc,/pbr/pokegra.narc!/member_02252,0,/pbr/pokegra.narc,501,2252,,9162996,9162996,9139232,9139232,0,e3b0c44298fc1c149afbf4c8996fb92427ae41e4649b934ca495991b7852b855,,,,,,False,,,,,,,,,,False,False
/pbr/pokegra.narc,/pbr/pokegra.narc!/member_02253,0,/pbr/pokegra.narc,501,2253,,9162996,9169444,9139232,9145680,6448,709286c2aa96b88d2fb3e7160b5fa0fb860d0e7b0be62718d78994195db8a739,5247434efffe00013019000010000100,,NCGR graphics,Confirmed,True,False,,,,,,,,,,False,False
/pbr/pokegra.narc,/pbr/pokegra.narc!/member_02254,0,/pbr/pokegra.narc,501,2254,,9169444,9169516,9145680,9145752,72,64d629799578100f7d8b37e95c9d3c69270c2b70f31c21b6bd94d25e3fe659cd,524c434efffe00014800000010000100,,NCLR palette,Confirmed,True,False,,,,,,,,,,False,False
/pbr/pokegra.narc,/pbr/pokegra.narc!/member_02255,0,/pbr/pokegra.narc,501,2255,,9169516,9169588,9145752,9145824,72,9b06e8329eb44366ae28eb4c67b6a9ae657187e4c1ae36c252d378637b2f2b27,524c434efffe00014800000010000100,,NCLR palette,Confirmed,True,False,,,,,,,,,,False,False
/pbr/pokegra.narc,/pbr/pokegra.narc!/member_02256,0,/pbr/pokegra.narc,501,2256,,9169588,9169588,9145824,9145824,0,e3b0c44298fc1c149afbf4c8996fb92427ae41e4649b934ca495991b7852b855,,,,,,False,,,,,,,,,,False,False
/pbr/pokegra.narc,/pbr/pokegra.narc!/member_02257,0,/pbr/pokegra.narc,501,2257,,9169588,9176036,9145824,9152272,6448,189a03a10fa2f93708956212f9d95d331cdca9464acb814194d3a0153c3cd705,5247434efffe00013019000010000100,,NCGR graphics,Confirmed,True,False,,,,,,,,,,False,False
/pbr/pokegra.narc,/pbr/pokegra.narc!/member_02258,0,/pbr/pokegra.narc,501,2258,,9176036,9176036,9152272,9152272,0,e3b0c44298fc1c149afbf4c8996fb92427ae41e4649b934ca495991b7852b855,,,,,,False,,,,,,,,,,False,False
/pbr/pokegra.narc,/pbr/pokegra.narc!/member_02259,0,/pbr/pokegra.narc,501,2259,,9176036,9182484,9152272,9158720,6448,3696a5d08e3df5afec8dd55b556bde5e3854312ba592d140f993c7d5ba6e550d,5247434efffe00013019000010000100,,NCGR graphics,Confirmed,True,False,,,,,,,,,,False,False
/pbr/pokegra.narc,/pbr/pokegra.narc!/member_02260,0,/pbr/pokegra.narc,501,2260,,9182484,9182556,9158720,9158792,72,9725b12723f1112f374b4a51069096c0633a4d1d268ea3ab00a9ffff044b8c75,524c434efffe00014800000010000100,,NCLR palette,Confirmed,True,False,,,,,,,,,,False,False
/pbr/pokegra.narc,/pbr/pokegra.narc!/member_02261,0,/pbr/pokegra.narc,501,2261,,9182556,9182628,9158792,9158864,72,acecb71ad7b82b60cc45d008a07bc348b70da0b09af52c118adbf2ba5ea1c5ec,524c434efffe00014800000010000100,,NCLR palette,Confirmed,True,False,,,,,,,,,,False,False
/pbr/pokegra.narc,/pbr/pokegra.narc!/member_02262,0,/pbr/pokegra.narc,501,2262,,9182628,9182628,9158864,9158864,0,e3b0c44298fc1c149afbf4c8996fb92427ae41e4649b934ca495991b7852b855,,,,,,False,,,,,,,,,,False,False
/pbr/pokegra.narc,/pbr/pokegra.narc!/member_02263,0,/pbr/pokegra.narc,501,2263,,9182628,9189076,9158864,9165312,6448,300569cbff3da5bb25bec4689273e2bfcd2291b21c472cdb90b3dc55f97ec72e,5247434efffe00013019000010000100,,NCGR graphics,Confirmed,True,False,,,,,,,,,,False,False
/pbr/pokegra.narc,/pbr/pokegra.narc!/member_02264,0,/pbr/pokegra.narc,501,2264,,9189076,9189076,9165312,9165312,0,e3b0c44298fc1c149afbf4c8996fb92427ae41e4649b934ca495991b7852b855,,,,,,False,,,,,,,,,,False,False
/pbr/pokegra.narc,/pbr/pokegra.narc!/member_02265,0,/pbr/pokegra.narc,501,2265,,9189076,9195524,9165312,9171760,6448,07ef4fe100d0f58432b630d2403c35efd4cd0d18dc2fe09ca1bfccdc370fc78e,5247434efffe00013019000010000100,,NCGR graphics,Confirmed,True,False,,,,,,,,,,False,False
/pbr/pokegra.narc,/pbr/pokegra.narc!/member_02266,0,/pbr/pokegra.narc,501,2266,,9195524,9195596,9171760,9171832,72,76b982b5a5d808b6c446a6a8d536bcd4f32686b367afd0311d2b93b511d3393d,524c434efffe00014800000010000100,,NCLR palette,Confirmed,True,False,,,,,,,,,,False,False
/pbr/pokegra.narc,/pbr/pokegra.narc!/member_02267,0,/pbr/pokegra.narc,501,2267,,9195596,9195668,9171832,9171904,72,7dea1ab95dd07e645624ecba882662a460227bef0b51431df32728e63b7e7be8,524c434efffe00014800000010000100,,NCLR palette,Confirmed,True,False,,,,,,,,,,False,False
/pbr/pokegra.narc,/pbr/pokegra.narc!/member_02268,0,/pbr/pokegra.narc,501,2268,,9195668,9195668,9171904,9171904,0,e3b0c44298fc1c149afbf4c8996fb92427ae41e4649b934ca495991b7852b855,,,,,,False,,,,,,,,,,False,False
/pbr/pokegra.narc,/pbr/pokegra.narc!/member_02269,0,/pbr/pokegra.narc,501,2269,,9195668,9202116,9171904,9178352,6448,4d0ab75f4b81401726a94708c0540e1d9d5626ae7d37521dcd82612b73c43e6e,5247434efffe00013019000010000100,,NCGR graphics,Confirmed,True,False,,,,,,,,,,False,False
/pbr/pokegra.narc,/pbr/pokegra.narc!/member_02270,0,/pbr/pokegra.narc,501,2270,,9202116,9202116,9178352,9178352,0,e3b0c44298fc1c149afbf4c8996fb92427ae41e4649b934ca495991b7852b855,,,,,,False,,,,,,,,,,False,False
/pbr/pokegra.narc,/pbr/pokegra.narc!/member_02271,0,/pbr/pokegra.narc,501,2271,,9202116,9208564,9178352,9184800,6448,a9e94ad40c1e1a90380c5ecf5e59daf972c86e9991a2fd0a8a169151f14d7209,5247434efffe00013019000010000100,,NCGR graphics,Confirmed,True,False,,,,,,,,,,False,False
/pbr/pokegra.narc,/pbr/pokegra.narc!/member_02272,0,/pbr/pokegra.narc,501,2272,,9208564,9208636,9184800,9184872,72,1cff0cfaa09c94e4ab1b28d8b8e1244c77b80d91ff34c3e6871b5c240785f377,524c434efffe00014800000010000100,,NCLR palette,Confirmed,True,False,,,,,,,,,,False,False
/pbr/pokegra.narc,/pbr/pokegra.narc!/member_02273,0,/pbr/pokegra.narc,501,2273,,9208636,9208708,9184872,9184944,72,9ba26571f0dfb035713f9ffe2ce73c2ed798468d778b215d7abc5befa4300ea0,524c434efffe00014800000010000100,,NCLR palette,Confirmed,True,False,,,,,,,,,,False,False
/pbr/pokegra.narc,/pbr/pokegra.narc!/member_02274,0,/pbr/pokegra.narc,501,2274,,9208708,9208708,9184944,9184944,0,e3b0c44298fc1c149afbf4c8996fb92427ae41e4649b934ca495991b7852b855,,,,,,False,,,,,,,,,,False,False
/pbr/pokegra.narc,/pbr/pokegra.narc!/member_02275,0,/pbr/pokegra.narc,501,2275,,9208708,9215156,9184944,9191392,6448,d15d2a5b928e0f96772829d19653ac3feb4879b3b11885700111d4d04be38dc6,5247434efffe00013019000010000100,,NCGR graphics,Confirmed,True,False,,,,,,,,,,False,False
/pbr/pokegra.narc,/pbr/pokegra.narc!/member_02276,0,/pbr/pokegra.narc,501,2276,,9215156,9215156,9191392,9191392,0,e3b0c44298fc1c149afbf4c8996fb92427ae41e4649b934ca495991b7852b855,,,,,,False,,,,,,,,,,False,False
/pbr/pokegra.narc,/pbr/pokegra.narc!/member_02277,0,/pbr/pokegra.narc,501,2277,,9215156,9221604,9191392,9197840,6448,81647fe562006a2cae9694a940072226376bd26891087ef9fab211aad07a1679,5247434efffe00013019000010000100,,NCGR graphics,Confirmed,True,False,,,,,,,,,,False,False
/pbr/pokegra.narc,/pbr/pokegra.narc!/member_02278,0,/pbr/pokegra.narc,501,2278,,9221604,9221676,9197840,9197912,72,8811ab56741a40ad8eeb87facb17e0ee49b0c1d51669299cb12c5c06e427c3d3,524c434efffe00014800000010000100,,NCLR palette,Confirmed,True,False,,,,,,,,,,False,False
/pbr/pokegra.narc,/pbr/pokegra.narc!/member_02279,0,/pbr/pokegra.narc,501,2279,,9221676,9221748,9197912,9197984,72,5c132a16c2b13777459140956bc8947ecfabcb3857ea3cfac76f800635971ff8,524c434efffe00014800000010000100,,NCLR palette,Confirmed,True,False,,,,,,,,,,False,False
/pbr/pokegra.narc,/pbr/pokegra.narc!/member_02280,0,/pbr/pokegra.narc,501,2280,,9221748,9228196,9197984,9204432,6448,5022cc3ed596c42d568c7c4d45290337208e28415aedf6ca6363cb050fded66e,5247434efffe00013019000010000100,,NCGR graphics,Confirmed,True,False,,,,,,,,,,False,False
/pbr/pokegra.narc,/pbr/pokegra.narc!/member_02281,0,/pbr/pokegra.narc,501,2281,,9228196,9228196,9204432,9204432,0,e3b0c44298fc1c149afbf4c8996fb92427ae41e4649b934ca495991b7852b855,,,,,,False,,,,,,,,,,False,False
/pbr/pokegra.narc,/pbr/pokegra.narc!/member_02282,0,/pbr/pokegra.narc,501,2282,,9228196,9234644,9204432,9210880,6448,0631a8a9901839d6efdc93aa4ffaa34d86c8a934ae9a4bdce0ec7c4ff580cf00,5247434efffe00013019000010000100,,NCGR graphics,Confirmed,True,False,,,,,,,,,,False,False
/pbr/pokegra.narc,/pbr/pokegra.narc!/member_02283,0,/pbr/pokegra.narc,501,2283,,9234644,9234644,9210880,9210880,0,e3b0c44298fc1c149afbf4c8996fb92427ae41e4649b934ca495991b7852b855,,,,,,False,,,,,,,,,,False,False
/pbr/pokegra.narc,/pbr/pokegra.narc!/member_02284,0,/pbr/pokegra.narc,501,2284,,9234644,9234716,9210880,9210952,72,496a65bdb5a2ef8c0800e241e11b8f53700a9c382e387fb53d787b9e1f833b63,524c434efffe00014800000010000100,,NCLR palette,Confirmed,True,False,,,,,,,,,,False,False
/pbr/pokegra.narc,/pbr/pokegra.narc!/member_02285,0,/pbr/pokegra.narc,501,2285,,9234716,9234788,9210952,9211024,72,4e8461aaf320f6109cf91031db5f964c967f58cf8d0ce422e63fee84e61a3128,524c434efffe00014800000010000100,,NCLR palette,Confirmed,True,False,,,,,,,,,,False,False
/pbr/pokegra.narc,/pbr/pokegra.narc!/member_02286,0,/pbr/pokegra.narc,501,2286,,9234788,9234788,9211024,9211024,0,e3b0c44298fc1c149afbf4c8996fb92427ae41e4649b934ca495991b7852b855,,,,,,False,,,,,,,,,,False,False
/pbr/pokegra.narc,/pbr/pokegra.narc!/member_02287,0,/pbr/pokegra.narc,501,2287,,9234788,9241236,9211024,9217472,6448,2f6a8068e1594ade0c5dc64b923afe0357bf42b3009d915e0361c13975c00808,5247434efffe00013019000010000100,,NCGR graphics,Confirmed,True,False,,,,,,,,,,False,False
/pbr/pokegra.narc,/pbr/pokegra.narc!/member_02288,0,/pbr/pokegra.narc,501,2288,,9241236,9241236,9217472,9217472,0,e3b0c44298fc1c149afbf4c8996fb92427ae41e4649b934ca495991b7852b855,,,,,,False,,,,,,,,,,False,False
/pbr/pokegra.narc,/pbr/pokegra.narc!/member_02289,0,/pbr/pokegra.narc,501,2289,,9241236,9247684,9217472,9223920,6448,3943c8dd042591f6559d225e5ab49119f3beb0d667d4e647ba31abc6477e55a0,5247434efffe00013019000010000100,,NCGR graphics,Confirmed,True,False,,,,,,,,,,False,False
/pbr/pokegra.narc,/pbr/pokegra.narc!/member_02290,0,/pbr/pokegra.narc,501,2290,,9247684,9247756,9223920,9223992,72,6cd0635667a03fd3d73cecc90c85b8e81a84031e84e50fb49d4dad218c942f6d,524c434efffe00014800000010000100,,NCLR palette,Confirmed,True,False,,,,,,,,,,False,False
/pbr/pokegra.narc,/pbr/pokegra.narc!/member_02291,0,/pbr/pokegra.narc,501,2291,,9247756,9247828,9223992,9224064,72,37c0a715985d3551ce10151b9f01c6b20472314bcbd6de133ff807e2d67a6251,524c434efffe00014800000010000100,,NCLR palette,Confirmed,True,False,,,,,,,,,,False,False
/pbr/pokegra.narc,/pbr/pokegra.narc!/member_02292,0,/pbr/pokegra.narc,501,2292,,9247828,9247828,9224064,9224064,0,e3b0c44298fc1c149afbf4c8996fb92427ae41e4649b934ca495991b7852b855,,,,,,False,,,,,,,,,,False,False
/pbr/pokegra.narc,/pbr/pokegra.narc!/member_02293,0,/pbr/pokegra.narc,501,2293,,9247828,9254276,9224064,9230512,6448,fbfff11d8d856a968f1c617949ff243b5f88fb2d8d804cb4be2d80738af26323,5247434efffe00013019000010000100,,NCGR graphics,Confirmed,True,False,,,,,,,,,,False,False
/pbr/pokegra.narc,/pbr/pokegra.narc!/member_02294,0,/pbr/pokegra.narc,501,2294,,9254276,9254276,9230512,9230512,0,e3b0c44298fc1c149afbf4c8996fb92427ae41e4649b934ca495991b7852b855,,,,,,False,,,,,,,,,,False,False
/pbr/pokegra.narc,/pbr/pokegra.narc!/member_02295,0,/pbr/pokegra.narc,501,2295,,9254276,9260724,9230512,9236960,6448,6f53906ba99cb59d9850f57c2bd82a1555a71b50241ec1e16ae591dd49bf234d,5247434efffe00013019000010000100,,NCGR graphics,Confirmed,True,False,,,,,,,,,,False,False
/pbr/pokegra.narc,/pbr/pokegra.narc!/member_02296,0,/pbr/pokegra.narc,501,2296,,9260724,9260796,9236960,9237032,72,ddfd395603450a0aea872988bbcbef54a112f39ce39d3474ef59715ef7a385fc,524c434efffe00014800000010000100,,NCLR palette,Confirmed,True,False,,,,,,,,,,False,False
/pbr/pokegra.narc,/pbr/pokegra.narc!/member_02297,0,/pbr/pokegra.narc,501,2297,,9260796,9260868,9237032,9237104,72,a82ab0a9fbc5b3d357a1f4227ccdf33605f009f02650a309d7a7166558974f1a,524c434efffe00014800000010000100,,NCLR palette,Confirmed,True,False,,,,,,,,,,False,False
/pbr/pokegra.narc,/pbr/pokegra.narc!/member_02298,0,/pbr/pokegra.narc,501,2298,,9260868,9260868,9237104,9237104,0,e3b0c44298fc1c149afbf4c8996fb92427ae41e4649b934ca495991b7852b855,,,,,,False,,,,,,,,,,False,False
/pbr/pokegra.narc,/pbr/pokegra.narc!/member_02299,0,/pbr/pokegra.narc,501,2299,,9260868,9267316,9237104,9243552,6448,d5483c43c98e94bc7d65a91f96da5901ae3fb3af4ac5777a4f65d2488dce6326,5247434efffe00013019000010000100,,NCGR graphics,Confirmed,True,False,,,,,,,,,,False,False
/pbr/pokegra.narc,/pbr/pokegra.narc!/member_02300,0,/pbr/pokegra.narc,501,2300,,9267316,9267316,9243552,9243552,0,e3b0c44298fc1c149afbf4c8996fb92427ae41e4649b934ca495991b7852b855,,,,,,False,,,,,,,,,,False,False
/pbr/pokegra.narc,/pbr/pokegra.narc!/member_02301,0,/pbr/pokegra.narc,501,2301,,9267316,9273764,9243552,9250000,6448,c878093765c40e70ae01865b3aeb4bf67922ecc606a8a91eda30fb7ee48c2a15,5247434efffe00013019000010000100,,NCGR graphics,Confirmed,True,False,,,,,,,,,,False,False
/pbr/pokegra.narc,/pbr/pokegra.narc!/member_02302,0,/pbr/pokegra.narc,501,2302,,9273764,9273836,9250000,9250072,72,f73677a66ab2e8e9400d539742fe91a5a820a6d687afe9f4ed19ab1a62fb52ab,524c434efffe00014800000010000100,,NCLR palette,Confirmed,True,False,,,,,,,,,,False,False
/pbr/pokegra.narc,/pbr/pokegra.narc!/member_02303,0,/pbr/pokegra.narc,501,2303,,9273836,9273908,9250072,9250144,72,8330a282ddd4d5010e3a06a1f8b77aad21391c73f4c01e51d6f03af8ddf4af4b,524c434efffe00014800000010000100,,NCLR palette,Confirmed,True,False,,,,,,,,,,False,False
/pbr/pokegra.narc,/pbr/pokegra.narc!/member_02304,0,/pbr/pokegra.narc,501,2304,,9273908,9273908,9250144,9250144,0,e3b0c44298fc1c149afbf4c8996fb92427ae41e4649b934ca495991b7852b855,,,,,,False,,,,,,,,,,False,False
/pbr/pokegra.narc,/pbr/pokegra.narc!/member_02305,0,/pbr/pokegra.narc,501,2305,,9273908,9280356,9250144,9256592,6448,4502db113b93269606b21e38784df7f54f755c8a96662eb5a1d3751a24b37478,5247434efffe00013019000010000100,,NCGR graphics,Confirmed,True,False,,,,,,,,,,False,False
/pbr/pokegra.narc,/pbr/pokegra.narc!/member_02306,0,/pbr/pokegra.narc,501,2306,,9280356,9280356,9256592,9256592,0,e3b0c44298fc1c149afbf4c8996fb92427ae41e4649b934ca495991b7852b855,,,,,,False,,,,,,,,,,False,False
/pbr/pokegra.narc,/pbr/pokegra.narc!/member_02307,0,/pbr/pokegra.narc,501,2307,,9280356,9286804,9256592,9263040,6448,f1fa8b1a7bee7eaf6f84e7cc272e777e8d001b8792b5dd3bc0815947495774c8,5247434efffe00013019000010000100,,NCGR graphics,Confirmed,True,False,,,,,,,,,,False,False
/pbr/pokegra.narc,/pbr/pokegra.narc!/member_02308,0,/pbr/pokegra.narc,501,2308,,9286804,9286876,9263040,9263112,72,1e824bab48574f6fdb277f443eb0b614a4c29376b6eed66942f21fedbb8f08cf,524c434efffe00014800000010000100,,NCLR palette,Confirmed,True,False,,,,,,,,,,False,False
/pbr/pokegra.narc,/pbr/pokegra.narc!/member_02309,0,/pbr/pokegra.narc,501,2309,,9286876,9286948,9263112,9263184,72,0e77af7692933a8de757cd08c9be1506e2d474cb15a2caa460d40ae97537e32b,524c434efffe00014800000010000100,,NCLR palette,Confirmed,True,False,,,,,,,,,,False,False
/pbr/pokegra.narc,/pbr/pokegra.narc!/member_02310,0,/pbr/pokegra.narc,501,2310,,9286948,9286948,9263184,9263184,0,e3b0c44298fc1c149afbf4c8996fb92427ae41e4649b934ca495991b7852b855,,,,,,False,,,,,,,,,,False,False
/pbr/pokegra.narc,/pbr/pokegra.narc!/member_02311,0,/pbr/pokegra.narc,501,2311,,9286948,9293396,9263184,9269632,6448,14d59652784d310b4084a87976cba4023ccbf3317def0474bf611e7650adfd22,5247434efffe00013019000010000100,,NCGR graphics,Confirmed,True,False,,,,,,,,,,False,False
/pbr/pokegra.narc,/pbr/pokegra.narc!/member_02312,0,/pbr/pokegra.narc,501,2312,,9293396,9293396,9269632,9269632,0,e3b0c44298fc1c149afbf4c8996fb92427ae41e4649b934ca495991b7852b855,,,,,,False,,,,,,,,,,False,False
/pbr/pokegra.narc,/pbr/pokegra.narc!/member_02313,0,/pbr/pokegra.narc,501,2313,,9293396,9299844,9269632,9276080,6448,3aa2e45740a60c80ce78d5f1364c9f641344e2762eeb9cb488f123577958ce5c,5247434efffe00013019000010000100,,NCGR graphics,Confirmed,True,False,,,,,,,,,,False,False
/pbr/pokegra.narc,/pbr/pokegra.narc!/member_02314,0,/pbr/pokegra.narc,501,2314,,9299844,9299916,9276080,9276152,72,d05948a66fde8de35b8cae5578196151132c78674a5ee96aaa718dfd88c939fa,524c434efffe00014800000010000100,,NCLR palette,Confirmed,True,False,,,,,,,,,,False,False
/pbr/pokegra.narc,/pbr/pokegra.narc!/member_02315,0,/pbr/pokegra.narc,501,2315,,9299916,9299988,9276152,9276224,72,6556b239e124cc973665c010b50cd438c2706db38352b65ada39c9ba37de81cc,524c434efffe00014800000010000100,,NCLR palette,Confirmed,True,False,,,,,,,,,,False,False
/pbr/pokegra.narc,/pbr/pokegra.narc!/member_02316,0,/pbr/pokegra.narc,501,2316,,9299988,9299988,9276224,9276224,0,e3b0c44298fc1c149afbf4c8996fb92427ae41e4649b934ca495991b7852b855,,,,,,False,,,,,,,,,,False,False
/pbr/pokegra.narc,/pbr/pokegra.narc!/member_02317,0,/pbr/pokegra.narc,501,2317,,9299988,9306436,9276224,9282672,6448,ade9c0b459478c426cc58f3752d25b96b074cd52ce5d355f8d24414cf824882d,5247434efffe00013019000010000100,,NCGR graphics,Confirmed,True,False,,,,,,,,,,False,False
/pbr/pokegra.narc,/pbr/pokegra.narc!/member_02318,0,/pbr/pokegra.narc,501,2318,,9306436,9306436,9282672,9282672,0,e3b0c44298fc1c149afbf4c8996fb92427ae41e4649b934ca495991b7852b855,,,,,,False,,,,,,,,,,False,False
/pbr/pokegra.narc,/pbr/pokegra.narc!/member_02319,0,/pbr/pokegra.narc,501,2319,,9306436,9312884,9282672,9289120,6448,a6511980b675cf94c589c486a00c0a174025242784653ff566d953fac0fa41ee,5247434efffe00013019000010000100,,NCGR graphics,Confirmed,True,False,,,,,,,,,,False,False
/pbr/pokegra.narc,/pbr/pokegra.narc!/member_02320,0,/pbr/pokegra.narc,501,2320,,9312884,9312956,9289120,9289192,72,0a0bc79ef136c9cdaf44d0d89e5e23853cce786ad1f6399b6dc494c591a6ee0e,524c434efffe00014800000010000100,,NCLR palette,Confirmed,True,False,,,,,,,,,,False,False
/pbr/pokegra.narc,/pbr/pokegra.narc!/member_02321,0,/pbr/pokegra.narc,501,2321,,9312956,9313028,9289192,9289264,72,b2a3ac5a0099f44ad1a0338aab8c97a37c77d2f23a4ef13fc05f05c6081d8be7,524c434efffe00014800000010000100,,NCLR palette,Confirmed,True,False,,,,,,,,,,False,False
/pbr/pokegra.narc,/pbr/pokegra.narc!/member_02322,0,/pbr/pokegra.narc,501,2322,,9313028,9319476,9289264,9295712,6448,e11dd6897fb05c197a9adc8f30f5258d7691aede34cf4cf82a5d021b2b9371e0,5247434efffe00013019000010000100,,NCGR graphics,Confirmed,True,False,,,,,,,,,,False,False
/pbr/pokegra.narc,/pbr/pokegra.narc!/member_02323,0,/pbr/pokegra.narc,501,2323,,9319476,9325924,9295712,9302160,6448,e11dd6897fb05c197a9adc8f30f5258d7691aede34cf4cf82a5d021b2b9371e0,5247434efffe00013019000010000100,,NCGR graphics,Confirmed,True,False,,,,,,,,,,False,False
/pbr/pokegra.narc,/pbr/pokegra.narc!/member_02324,0,/pbr/pokegra.narc,501,2324,,9325924,9332372,9302160,9308608,6448,24e93ddf52820c2d11706020aab822904132be07c9111cd5ce1b3e7a88e5ea10,5247434efffe00013019000010000100,,NCGR graphics,Confirmed,True,False,,,,,,,,,,False,False
/pbr/pokegra.narc,/pbr/pokegra.narc!/member_02325,0,/pbr/pokegra.narc,501,2325,,9332372,9338820,9308608,9315056,6448,24e93ddf52820c2d11706020aab822904132be07c9111cd5ce1b3e7a88e5ea10,5247434efffe00013019000010000100,,NCGR graphics,Confirmed,True,False,,,,,,,,,,False,False
/pbr/pokegra.narc,/pbr/pokegra.narc!/member_02326,0,/pbr/pokegra.narc,501,2326,,9338820,9338892,9315056,9315128,72,527af2146867f3f958f13bc23a5728fa7e26e6e60b14ae134ad5c500a185c220,524c434efffe00014800000010000100,,NCLR palette,Confirmed,True,False,,,,,,,,,,False,False
/pbr/pokegra.narc,/pbr/pokegra.narc!/member_02327,0,/pbr/pokegra.narc,501,2327,,9338892,9338964,9315128,9315200,72,125067f3cb4bc5ddf90607a9d27621437865f90902a11cdce9588f36ae9c3e32,524c434efffe00014800000010000100,,NCLR palette,Confirmed,True,False,,,,,,,,,,False,False
/pbr/pokegra.narc,/pbr/pokegra.narc!/member_02328,0,/pbr/pokegra.narc,501,2328,,9338964,9345412,9315200,9321648,6448,79afc567789c88ab76e101722062699dc1ad69b0440991a451f64f1d39fef736,5247434efffe00013019000010000100,,NCGR graphics,Confirmed,True,False,,,,,,,,,,False,False
/pbr/pokegra.narc,/pbr/pokegra.narc!/member_02329,0,/pbr/pokegra.narc,501,2329,,9345412,9351860,9321648,9328096,6448,79afc567789c88ab76e101722062699dc1ad69b0440991a451f64f1d39fef736,5247434efffe00013019000010000100,,NCGR graphics,Confirmed,True,False,,,,,,,,,,False,False
/pbr/pokegra.narc,/pbr/pokegra.narc!/member_02330,0,/pbr/pokegra.narc,501,2330,,9351860,9358308,9328096,9334544,6448,71e2f018d13215cd64bacd21c32d51672c39ab4ae21610c685a9e533ca129888,5247434efffe00013019000010000100,,NCGR graphics,Confirmed,True,False,,,,,,,,,,False,False
/pbr/pokegra.narc,/pbr/pokegra.narc!/member_02331,0,/pbr/pokegra.narc,501,2331,,9358308,9364756,9334544,9340992,6448,71e2f018d13215cd64bacd21c32d51672c39ab4ae21610c685a9e533ca129888,5247434efffe00013019000010000100,,NCGR graphics,Confirmed,True,False,,,,,,,,,,False,False
/pbr/pokegra.narc,/pbr/pokegra.narc!/member_02332,0,/pbr/pokegra.narc,501,2332,,9364756,9364828,9340992,9341064,72,0ee9abac53a7e4f252068d11a198a97af72fe01effb1278cce10f85ca172720c,524c434efffe00014800000010000100,,NCLR palette,Confirmed,True,False,,,,,,,,,,False,False
/pbr/pokegra.narc,/pbr/pokegra.narc!/member_02333,0,/pbr/pokegra.narc,501,2333,,9364828,9364900,9341064,9341136,72,84c68323ffae752fd3e11aadaad7b46beab2287faf98cb052645c87675cb5639,524c434efffe00014800000010000100,,NCLR palette,Confirmed,True,False,,,,,,,,,,False,False
/pbr/pokegra.narc,/pbr/pokegra.narc!/member_02334,0,/pbr/pokegra.narc,501,2334,,9364900,9371348,9341136,9347584,6448,b9839b0bcd58c1434ac20f2486bb604faa499d906b21d659a2d06dc88ff7e551,5247434efffe00013019000010000100,,NCGR graphics,Confirmed,True,False,,,,,,,,,,False,False
/pbr/pokegra.narc,/pbr/pokegra.narc!/member_02335,0,/pbr/pokegra.narc,501,2335,,9371348,9377796,9347584,9354032,6448,b9839b0bcd58c1434ac20f2486bb604faa499d906b21d659a2d06dc88ff7e551,5247434efffe00013019000010000100,,NCGR graphics,Confirmed,True,False,,,,,,,,,,False,False
/pbr/pokegra.narc,/pbr/pokegra.narc!/member_02336,0,/pbr/pokegra.narc,501,2336,,9377796,9384244,9354032,9360480,6448,7efba3afd0d02f58900f6e9cb14201f422e8f9fdb13adfea45137eafa58a7b41,5247434efffe00013019000010000100,,NCGR graphics,Confirmed,True,False,,,,,,,,,,False,False
/pbr/pokegra.narc,/pbr/pokegra.narc!/member_02337,0,/pbr/pokegra.narc,501,2337,,9384244,9390692,9360480,9366928,6448,7efba3afd0d02f58900f6e9cb14201f422e8f9fdb13adfea45137eafa58a7b41,5247434efffe00013019000010000100,,NCGR graphics,Confirmed,True,False,,,,,,,,,,False,False
/pbr/pokegra.narc,/pbr/pokegra.narc!/member_02338,0,/pbr/pokegra.narc,501,2338,,9390692,9390764,9366928,9367000,72,b4f3b9678480bb4f10cefba7ae41b0c34ebc0a27616d20dac046240c9b0bd9e8,524c434efffe00014800000010000100,,NCLR palette,Confirmed,True,False,,,,,,,,,,False,False
/pbr/pokegra.narc,/pbr/pokegra.narc!/member_02339,0,/pbr/pokegra.narc,501,2339,,9390764,9390836,9367000,9367072,72,0adb2ad7553b322cde593d945c7e4593b3df93c4dd3a98bfa5864ef5d196dfdc,524c434efffe00014800000010000100,,NCLR palette,Confirmed,True,False,,,,,,,,,,False,False
/pbr/pokegra.narc,/pbr/pokegra.narc!/member_02340,0,/pbr/pokegra.narc,501,2340,,9390836,9397284,9367072,9373520,6448,263136fea64e32b42fc9da9ba6c8cea3474517f4ec5c459e3f7c38766908ad45,5247434efffe00013019000010000100,,NCGR graphics,Confirmed,True,False,,,,,,,,,,False,False
/pbr/pokegra.narc,/pbr/pokegra.narc!/member_02341,0,/pbr/pokegra.narc,501,2341,,9397284,9403732,9373520,9379968,6448,263136fea64e32b42fc9da9ba6c8cea3474517f4ec5c459e3f7c38766908ad45,5247434efffe00013019000010000100,,NCGR graphics,Confirmed,True,False,,,,,,,,,,False,False
/pbr/pokegra.narc,/pbr/pokegra.narc!/member_02342,0,/pbr/pokegra.narc,501,2342,,9403732,9410180,9379968,9386416,6448,813ac615296dd666dc018d1d0f65a5fbd4f3c8192dfd0504c4f851ab87204a54,5247434efffe00013019000010000100,,NCGR graphics,Confirmed,True,False,,,,,,,,,,False,False
/pbr/pokegra.narc,/pbr/pokegra.narc!/member_02343,0,/pbr/pokegra.narc,501,2343,,9410180,9416628,9386416,9392864,6448,813ac615296dd666dc018d1d0f65a5fbd4f3c8192dfd0504c4f851ab87204a54,5247434efffe00013019000010000100,,NCGR graphics,Confirmed,True,False,,,,,,,,,,False,False
/pbr/pokegra.narc,/pbr/pokegra.narc!/member_02344,0,/pbr/pokegra.narc,501,2344,,9416628,9416700,9392864,9392936,72,1f850e20f3a6227db7253f5561927821cf029a46c80fdb3ff91afbdca289747a,524c434efffe00014800000010000100,,NCLR palette,Confirmed,True,False,,,,,,,,,,False,False
/pbr/pokegra.narc,/pbr/pokegra.narc!/member_02345,0,/pbr/pokegra.narc,501,2345,,9416700,9416772,9392936,9393008,72,e7c0d6f9646e6d2de2906bbc3fc5bb2d0e8d3423129b745704412c711f878661,524c434efffe00014800000010000100,,NCLR palette,Confirmed,True,False,,,,,,,,,,False,False
/pbr/pokegra.narc,/pbr/pokegra.narc!/member_02346,0,/pbr/pokegra.narc,501,2346,,9416772,9423220,9393008,9399456,6448,66599d07fb196dfd9ab3417807faac01fb0a176e4215da48eef75c16684f5886,5247434efffe00013019000010000100,,NCGR graphics,Confirmed,True,False,,,,,,,,,,False,False
/pbr/pokegra.narc,/pbr/pokegra.narc!/member_02347,0,/pbr/pokegra.narc,501,2347,,9423220,9429668,9399456,9405904,6448,66599d07fb196dfd9ab3417807faac01fb0a176e4215da48eef75c16684f5886,5247434efffe00013019000010000100,,NCGR graphics,Confirmed,True,False,,,,,,,,,,False,False
/pbr/pokegra.narc,/pbr/pokegra.narc!/member_02348,0,/pbr/pokegra.narc,501,2348,,9429668,9436116,9405904,9412352,6448,ab8097994d94a35c7294876c4d7f9161329c001e2c7e42377ebd8bee8975d29c,5247434efffe00013019000010000100,,NCGR graphics,Confirmed,True,False,,,,,,,,,,False,False
/pbr/pokegra.narc,/pbr/pokegra.narc!/member_02349,0,/pbr/pokegra.narc,501,2349,,9436116,9442564,9412352,9418800,6448,ab8097994d94a35c7294876c4d7f9161329c001e2c7e42377ebd8bee8975d29c,5247434efffe00013019000010000100,,NCGR graphics,Confirmed,True,False,,,,,,,,,,False,False
/pbr/pokegra.narc,/pbr/pokegra.narc!/member_02350,0,/pbr/pokegra.narc,501,2350,,9442564,9442636,9418800,9418872,72,172098c5a730a527165c01ea7cc5d7e5e22b8f73208101a41d48792306db7bbe,524c434efffe00014800000010000100,,NCLR palette,Confirmed,True,False,,,,,,,,,,False,False
/pbr/pokegra.narc,/pbr/pokegra.narc!/member_02351,0,/pbr/pokegra.narc,501,2351,,9442636,9442708,9418872,9418944,72,efd8aa047ee910777597a827a2cbac7d6bf7d420b2cb5db323ba411d7db6b083,524c434efffe00014800000010000100,,NCLR palette,Confirmed,True,False,,,,,,,,,,False,False
/pbr/pokegra.narc,/pbr/pokegra.narc!/member_02352,0,/pbr/pokegra.narc,501,2352,,9442708,9449156,9418944,9425392,6448,b9bff31a522399661cbc21a3c052b3e4f49b7d6a6c5c6c1ed619e8636760a127,5247434efffe00013019000010000100,,NCGR graphics,Confirmed,True,False,,,,,,,,,,False,False
/pbr/pokegra.narc,/pbr/pokegra.narc!/member_02353,0,/pbr/pokegra.narc,501,2353,,9449156,9455604,9425392,9431840,6448,b9bff31a522399661cbc21a3c052b3e4f49b7d6a6c5c6c1ed619e8636760a127,5247434efffe00013019000010000100,,NCGR graphics,Confirmed,True,False,,,,,,,,,,False,False
/pbr/pokegra.narc,/pbr/pokegra.narc!/member_02354,0,/pbr/pokegra.narc,501,2354,,9455604,9462052,9431840,9438288,6448,26207afc56b104cbe353baf0848d3912914c530c4db11a5ab6fcb4e9c8a113f5,5247434efffe00013019000010000100,,NCGR graphics,Confirmed,True,False,,,,,,,,,,False,False
/pbr/pokegra.narc,/pbr/pokegra.narc!/member_02355,0,/pbr/pokegra.narc,501,2355,,9462052,9468500,9438288,9444736,6448,26207afc56b104cbe353baf0848d3912914c530c4db11a5ab6fcb4e9c8a113f5,5247434efffe00013019000010000100,,NCGR graphics,Confirmed,True,False,,,,,,,,,,False,False
/pbr/pokegra.narc,/pbr/pokegra.narc!/member_02356,0,/pbr/pokegra.narc,501,2356,,9468500,9468572,9444736,9444808,72,809af070906893f7a54731de1b3f6906290841963ce82170b241222921362e82,524c434efffe00014800000010000100,,NCLR palette,Confirmed,True,False,,,,,,,,,,False,False
/pbr/pokegra.narc,/pbr/pokegra.narc!/member_02357,0,/pbr/pokegra.narc,501,2357,,9468572,9468644,9444808,9444880,72,1baf8be69d3382f0d5b8e0ce01240901580b36d99f0c399697b2078da5110ac0,524c434efffe00014800000010000100,,NCLR palette,Confirmed,True,False,,,,,,,,,,False,False
/pbr/pokegra.narc,/pbr/pokegra.narc!/member_02358,0,/pbr/pokegra.narc,501,2358,,9468644,9475092,9444880,9451328,6448,faf008ebd0d0ab2a683008ea56eea7639f82b14211b65652a0f3d80cdf27c24b,5247434efffe00013019000010000100,,NCGR graphics,Confirmed,True,False,,,,,,,,,,False,False
/pbr/pokegra.narc,/pbr/pokegra.narc!/member_02359,0,/pbr/pokegra.narc,501,2359,,9475092,9481540,9451328,9457776,6448,faf008ebd0d0ab2a683008ea56eea7639f82b14211b65652a0f3d80cdf27c24b,5247434efffe00013019000010000100,,NCGR graphics,Confirmed,True,False,,,,,,,,,,False,False
/pbr/pokegra.narc,/pbr/pokegra.narc!/member_02360,0,/pbr/pokegra.narc,501,2360,,9481540,9487988,9457776,9464224,6448,505c5a5fdeea361ad207025f98fb92ed963055bd890637f44dd0b70005b1dc5d,5247434efffe00013019000010000100,,NCGR graphics,Confirmed,True,False,,,,,,,,,,False,False
/pbr/pokegra.narc,/pbr/pokegra.narc!/member_02361,0,/pbr/pokegra.narc,501,2361,,9487988,9494436,9464224,9470672,6448,505c5a5fdeea361ad207025f98fb92ed963055bd890637f44dd0b70005b1dc5d,5247434efffe00013019000010000100,,NCGR graphics,Confirmed,True,False,,,,,,,,,,False,False
/pbr/pokegra.narc,/pbr/pokegra.narc!/member_02362,0,/pbr/pokegra.narc,501,2362,,9494436,9494508,9470672,9470744,72,9cd05a39ffd5a89d1f29258d19e8bd4954995e837ba431759e9390b41d6029cf,524c434efffe00014800000010000100,,NCLR palette,Confirmed,True,False,,,,,,,,,,False,False
/pbr/pokegra.narc,/pbr/pokegra.narc!/member_02363,0,/pbr/pokegra.narc,501,2363,,9494508,9494580,9470744,9470816,72,e4a266537c64798277a9395fbce6a793fab85cd21c75e2788273c331bd5a3491,524c434efffe00014800000010000100,,NCLR palette,Confirmed,True,False,,,,,,,,,,False,False
/pbr/pokegra.narc,/pbr/pokegra.narc!/member_02364,0,/pbr/pokegra.narc,501,2364,,9494580,9501028,9470816,9477264,6448,4d3bfbcbd6bf0ce5fc7de033cc156a021892d93243bde61bfc8f9e30b641c5d3,5247434efffe00013019000010000100,,NCGR graphics,Confirmed,True,False,,,,,,,,,,False,False
/pbr/pokegra.narc,/pbr/pokegra.narc!/member_02365,0,/pbr/pokegra.narc,501,2365,,9501028,9507476,9477264,9483712,6448,4d3bfbcbd6bf0ce5fc7de033cc156a021892d93243bde61bfc8f9e30b641c5d3,5247434efffe00013019000010000100,,NCGR graphics,Confirmed,True,False,,,,,,,,,,False,False
/pbr/pokegra.narc,/pbr/pokegra.narc!/member_02366,0,/pbr/pokegra.narc,501,2366,,9507476,9513924,9483712,9490160,6448,f9b711141be2105ad1797d3b44ab609870a6ba6dae4d6d5b2dd2b11e42676835,5247434efffe00013019000010000100,,NCGR graphics,Confirmed,True,False,,,,,,,,,,False,False
/pbr/pokegra.narc,/pbr/pokegra.narc!/member_02367,0,/pbr/pokegra.narc,501,2367,,9513924,9520372,9490160,9496608,6448,f9b711141be2105ad1797d3b44ab609870a6ba6dae4d6d5b2dd2b11e42676835,5247434efffe00013019000010000100,,NCGR graphics,Confirmed,True,False,,,,,,,,,,False,False
/pbr/pokegra.narc,/pbr/pokegra.narc!/member_02368,0,/pbr/pokegra.narc,501,2368,,9520372,9520444,9496608,9496680,72,9d5a02d1edca535dfa6536f3480c90ed5e13b606566587551a533e3f3761e741,524c434efffe00014800000010000100,,NCLR palette,Confirmed,True,False,,,,,,,,,,False,False
/pbr/pokegra.narc,/pbr/pokegra.narc!/member_02369,0,/pbr/pokegra.narc,501,2369,,9520444,9520516,9496680,9496752,72,3485cf49ae0730fd238bbac9a12a46e87dfc74b79dd63571336da7706686dad2,524c434efffe00014800000010000100,,NCLR palette,Confirmed,True,False,,,,,,,,,,False,False
/pbr/pokegra.narc,/pbr/pokegra.narc!/member_02370,0,/pbr/pokegra.narc,501,2370,,9520516,9526964,9496752,9503200,6448,7fad40498a703f9fc3c84cb0a6e2615fd198df78a154011d6730886b7d113987,5247434efffe00013019000010000100,,NCGR graphics,Confirmed,True,False,,,,,,,,,,False,False
/pbr/pokegra.narc,/pbr/pokegra.narc!/member_02371,0,/pbr/pokegra.narc,501,2371,,9526964,9533412,9503200,9509648,6448,7fad40498a703f9fc3c84cb0a6e2615fd198df78a154011d6730886b7d113987,5247434efffe00013019000010000100,,NCGR graphics,Confirmed,True,False,,,,,,,,,,False,False
/pbr/pokegra.narc,/pbr/pokegra.narc!/member_02372,0,/pbr/pokegra.narc,501,2372,,9533412,9539860,9509648,9516096,6448,7e76d742fff7de43e6fad083f7b94813465f15be7a89faad96c6df3745752990,5247434efffe00013019000010000100,,NCGR graphics,Confirmed,True,False,,,,,,,,,,False,False
/pbr/pokegra.narc,/pbr/pokegra.narc!/member_02373,0,/pbr/pokegra.narc,501,2373,,9539860,9546308,9516096,9522544,6448,7e76d742fff7de43e6fad083f7b94813465f15be7a89faad96c6df3745752990,5247434efffe00013019000010000100,,NCGR graphics,Confirmed,True,False,,,,,,,,,,False,False
/pbr/pokegra.narc,/pbr/pokegra.narc!/member_02374,0,/pbr/pokegra.narc,501,2374,,9546308,9546380,9522544,9522616,72,96ae0032dfc982df7e2f1ec3183242adafcfa11b57b1d09471e4ac08c47c6ed6,524c434efffe00014800000010000100,,NCLR palette,Confirmed,True,False,,,,,,,,,,False,False
/pbr/pokegra.narc,/pbr/pokegra.narc!/member_02375,0,/pbr/pokegra.narc,501,2375,,9546380,9546452,9522616,9522688,72,070f97ad8f7718b459f8a04f119889f4ee3fe9996d50310d93ffc8a5563cba06,524c434efffe00014800000010000100,,NCLR palette,Confirmed,True,False,,,,,,,,,,False,False
/pbr/pokegra.narc,/pbr/pokegra.narc!/member_02376,0,/pbr/pokegra.narc,501,2376,,9546452,9552900,9522688,9529136,6448,1e9becdeaf9195c431e6b66f7b3383870a16e31bb9cdc2a2c6bcb48c5d2ba69f,5247434efffe00013019000010000100,,NCGR graphics,Confirmed,True,False,,,,,,,,,,False,False
/pbr/pokegra.narc,/pbr/pokegra.narc!/member_02377,0,/pbr/pokegra.narc,501,2377,,9552900,9559348,9529136,9535584,6448,c086620354c4bc92011f32b9249311a753f74c059fce4fecaff3ca055d1a3bb1,5247434efffe00013019000010000100,,NCGR graphics,Confirmed,True,False,,,,,,,,,,False,False
/pbr/pokegra.narc,/pbr/pokegra.narc!/member_02378,0,/pbr/pokegra.narc,501,2378,,9559348,9565796,9535584,9542032,6448,e770f53bdeccd31e3f8b40e0ba44f72eb822e52ca4d9673bd8eedab6893715cc,5247434efffe00013019000010000100,,NCGR graphics,Confirmed,True,False,,,,,,,,,,False,False
/pbr/pokegra.narc,/pbr/pokegra.narc!/member_02379,0,/pbr/pokegra.narc,501,2379,,9565796,9572244,9542032,9548480,6448,97d24b331d74f728b3fd5ad9e220bf66a1ad938b54a8fd7b890ae033f42cd22c,5247434efffe00013019000010000100,,NCGR graphics,Confirmed,True,False,,,,,,,,,,False,False
/pbr/pokegra.narc,/pbr/pokegra.narc!/member_02380,0,/pbr/pokegra.narc,501,2380,,9572244,9572316,9548480,9548552,72,7b9abd053574b20cddfbd56145e57bf6f788762d266183cbd00626aa7b0b5422,524c434efffe00014800000010000100,,NCLR palette,Confirmed,True,False,,,,,,,,,,False,False
/pbr/pokegra.narc,/pbr/pokegra.narc!/member_02381,0,/pbr/pokegra.narc,501,2381,,9572316,9572388,9548552,9548624,72,1c4a5060f51a35086b6724e2ef555d5ac4a68e6c030a5aa5eefdc09ce08b0e23,524c434efffe00014800000010000100,,NCLR palette,Confirmed,True,False,,,,,,,,,,False,False
/pbr/pokegra.narc,/pbr/pokegra.narc!/member_02382,0,/pbr/pokegra.narc,501,2382,,9572388,9578836,9548624,9555072,6448,ec09d016598fe7bbf453e74c707b547dc1cf79fb74a60503fe55d84a7d043f25,5247434efffe00013019000010000100,,NCGR graphics,Confirmed,True,False,,,,,,,,,,False,False
/pbr/pokegra.narc,/pbr/pokegra.narc!/member_02383,0,/pbr/pokegra.narc,501,2383,,9578836,9585284,9555072,9561520,6448,7427713770ec06244a054ab11af36e1e72dc2a8b9c974405a746f8615a2c18de,5247434efffe00013019000010000100,,NCGR graphics,Confirmed,True,False,,,,,,,,,,False,False
/pbr/pokegra.narc,/pbr/pokegra.narc!/member_02384,0,/pbr/pokegra.narc,501,2384,,9585284,9591732,9561520,9567968,6448,4a41062d9c7a6d86ba79719f8140c0390379488bb2c9c2301059eebc9a92ab86,5247434efffe00013019000010000100,,NCGR graphics,Confirmed,True,False,,,,,,,,,,False,False
/pbr/pokegra.narc,/pbr/pokegra.narc!/member_02385,0,/pbr/pokegra.narc,501,2385,,9591732,9598180,9567968,9574416,6448,33efb1a8ad170de91c7efd0574ba94445d481b6992a8233a677ddc3072317f68,5247434efffe00013019000010000100,,NCGR graphics,Confirmed,True,False,,,,,,,,,,False,False
/pbr/pokegra.narc,/pbr/pokegra.narc!/member_02386,0,/pbr/pokegra.narc,501,2386,,9598180,9598252,9574416,9574488,72,6604901e362847a629e0ebf4afcfffba39b752732013a8cbbb255b64677f48e5,524c434efffe00014800000010000100,,NCLR palette,Confirmed,True,False,,,,,,,,,,False,False
/pbr/pokegra.narc,/pbr/pokegra.narc!/member_02387,0,/pbr/pokegra.narc,501,2387,,9598252,9598324,9574488,9574560,72,13ca7e53d2443742746ee76164beb6ced1f5b614e0c66b965b3fe451040c37d1,524c434efffe00014800000010000100,,NCLR palette,Confirmed,True,False,,,,,,,,,,False,False
/pbr/pokegra.narc,/pbr/pokegra.narc!/member_02388,0,/pbr/pokegra.narc,501,2388,,9598324,9604772,9574560,9581008,6448,a526a2a0e272a712692fcdc7ca49ba204da94fd653bc65b411486dc09ce8f8e7,5247434efffe00013019000010000100,,NCGR graphics,Confirmed,True,False,,,,,,,,,,False,False
/pbr/pokegra.narc,/pbr/pokegra.narc!/member_02389,0,/pbr/pokegra.narc,501,2389,,9604772,9611220,9581008,9587456,6448,a526a2a0e272a712692fcdc7ca49ba204da94fd653bc65b411486dc09ce8f8e7,5247434efffe00013019000010000100,,NCGR graphics,Confirmed,True,False,,,,,,,,,,False,False
/pbr/pokegra.narc,/pbr/pokegra.narc!/member_02390,0,/pbr/pokegra.narc,501,2390,,9611220,9617668,9587456,9593904,6448,3bd2a17605cd58d78ad246a46574f5ef1d3a48be1864d2ce7fba72a59ece9af7,5247434efffe00013019000010000100,,NCGR graphics,Confirmed,True,False,,,,,,,,,,False,False
/pbr/pokegra.narc,/pbr/pokegra.narc!/member_02391,0,/pbr/pokegra.narc,501,2391,,9617668,9624116,9593904,9600352,6448,e22457e6463c78584e40ad0313071719661e1d301ae7f427c82d1268c5e58a72,5247434efffe00013019000010000100,,NCGR graphics,Confirmed,True,False,,,,,,,,,,False,False
/pbr/pokegra.narc,/pbr/pokegra.narc!/member_02392,0,/pbr/pokegra.narc,501,2392,,9624116,9624188,9600352,9600424,72,7d544ad40ea4506ec117126131f722d3f44f60d52ffd09bd12c262d36ca37deb,524c434efffe00014800000010000100,,NCLR palette,Confirmed,True,False,,,,,,,,,,False,False
/pbr/pokegra.narc,/pbr/pokegra.narc!/member_02393,0,/pbr/pokegra.narc,501,2393,,9624188,9624260,9600424,9600496,72,05ece06816718fabe76891b48993923f0898405287f8d12d7a448f65f387bf31,524c434efffe00014800000010000100,,NCLR palette,Confirmed,True,False,,,,,,,,,,False,False
/pbr/pokegra.narc,/pbr/pokegra.narc!/member_02394,0,/pbr/pokegra.narc,501,2394,,9624260,9630708,9600496,9606944,6448,f927410d1c8e7774206ff6579e088a05c68b22106d326083c3b151be8c8a6a87,5247434efffe00013019000010000100,,NCGR graphics,Confirmed,True,False,,,,,,,,,,False,False
/pbr/pokegra.narc,/pbr/pokegra.narc!/member_02395,0,/pbr/pokegra.narc,501,2395,,9630708,9637156,9606944,9613392,6448,e4bd3e64929683d3996623b5061a6149a33968b487844ef60af1dd9971c0fbe5,5247434efffe00013019000010000100,,NCGR graphics,Confirmed,True,False,,,,,,,,,,False,False
/pbr/pokegra.narc,/pbr/pokegra.narc!/member_02396,0,/pbr/pokegra.narc,501,2396,,9637156,9643604,9613392,9619840,6448,9c85a38bb9cdec6e5a15e0714a939ceb46cebed05998b25f4e288c8f020fb53f,5247434efffe00013019000010000100,,NCGR graphics,Confirmed,True,False,,,,,,,,,,False,False
/pbr/pokegra.narc,/pbr/pokegra.narc!/member_02397,0,/pbr/pokegra.narc,501,2397,,9643604,9650052,9619840,9626288,6448,822a803ab3575ed94300247c231fdeb0c9e03888e355da31e1b37a7b26492c32,5247434efffe00013019000010000100,,NCGR graphics,Confirmed,True,False,,,,,,,,,,False,False
/pbr/pokegra.narc,/pbr/pokegra.narc!/member_02398,0,/pbr/pokegra.narc,501,2398,,9650052,9650124,9626288,9626360,72,1b7198c5dd65c97401d351810eef67849c3ed34d4db27b3e5cadc272975ba5b3,524c434efffe00014800000010000100,,NCLR palette,Confirmed,True,False,,,,,,,,,,False,False
/pbr/pokegra.narc,/pbr/pokegra.narc!/member_02399,0,/pbr/pokegra.narc,501,2399,,9650124,9650196,9626360,9626432,72,7b321a95d93dba4a84243d5fc040569445b87d49e2e53a28f3aeae6947e0eda8,524c434efffe00014800000010000100,,NCLR palette,Confirmed,True,False,,,,,,,,,,False,False
/pbr/pokegra.narc,/pbr/pokegra.narc!/member_02400,0,/pbr/pokegra.narc,501,2400,,9650196,9656644,9626432,9632880,6448,ae01c365e32538d92c7fb0a23d358ae6f1dd0fd1174e0287f9ce73edd1d4a757,5247434efffe00013019000010000100,,NCGR graphics,Confirmed,True,False,,,,,,,,,,False,False
/pbr/pokegra.narc,/pbr/pokegra.narc!/member_02401,0,/pbr/pokegra.narc,501,2401,,9656644,9663092,9632880,9639328,6448,ae01c365e32538d92c7fb0a23d358ae6f1dd0fd1174e0287f9ce73edd1d4a757,5247434efffe00013019000010000100,,NCGR graphics,Confirmed,True,False,,,,,,,,,,False,False
/pbr/pokegra.narc,/pbr/pokegra.narc!/member_02402,0,/pbr/pokegra.narc,501,2402,,9663092,9669540,9639328,9645776,6448,0dd1b39d8c57f827b225c2135e2562c897cc745be994bc9a1466a54694f103a6,5247434efffe00013019000010000100,,NCGR graphics,Confirmed,True,False,,,,,,,,,,False,False
/pbr/pokegra.narc,/pbr/pokegra.narc!/member_02403,0,/pbr/pokegra.narc,501,2403,,9669540,9675988,9645776,9652224,6448,55e3d22b33f8fb51153499d6c2a1a5f7c7e03dcabf7f4289fb26c6450edb152d,5247434efffe00013019000010000100,,NCGR graphics,Confirmed,True,False,,,,,,,,,,False,False
/pbr/pokegra.narc,/pbr/pokegra.narc!/member_02404,0,/pbr/pokegra.narc,501,2404,,9675988,9676060,9652224,9652296,72,e91898655b45c00be9259b722dd2b43cc33a1f11ee94b7ffe506a75a1e84866b,524c434efffe00014800000010000100,,NCLR palette,Confirmed,True,False,,,,,,,,,,False,False
/pbr/pokegra.narc,/pbr/pokegra.narc!/member_02405,0,/pbr/pokegra.narc,501,2405,,9676060,9676132,9652296,9652368,72,789d3cd71b5dff4d9ae03326576d1e177a82aec2f79634a8b1519561e952a6f7,524c434efffe00014800000010000100,,NCLR palette,Confirmed,True,False,,,,,,,,,,False,False
/pbr/pokegra.narc,/pbr/pokegra.narc!/member_02406,0,/pbr/pokegra.narc,501,2406,,9676132,9682580,9652368,9658816,6448,4af4a729541ce284c58fe5824815f6abbbda0f04e69dbf6ad28233612a055534,5247434efffe00013019000010000100,,NCGR graphics,Confirmed,True,False,,,,,,,,,,False,False
/pbr/pokegra.narc,/pbr/pokegra.narc!/member_02407,0,/pbr/pokegra.narc,501,2407,,9682580,9689028,9658816,9665264,6448,0d7412c92f654879d6385b10e89c983330342502365aec61d1f2a4d07dd13523,5247434efffe00013019000010000100,,NCGR graphics,Confirmed,True,False,,,,,,,,,,False,False
/pbr/pokegra.narc,/pbr/pokegra.narc!/member_02408,0,/pbr/pokegra.narc,501,2408,,9689028,9695476,9665264,9671712,6448,89533b53df440f3d5191a8ce85766355f94cc050d567a2d672e278cdfe7d8502,5247434efffe00013019000010000100,,NCGR graphics,Confirmed,True,False,,,,,,,,,,False,False
/pbr/pokegra.narc,/pbr/pokegra.narc!/member_02409,0,/pbr/pokegra.narc,501,2409,,9695476,9701924,9671712,9678160,6448,f7ca689217ca49612b148b862c42f997608656c3aaab138b61b6ec48919fb55e,5247434efffe00013019000010000100,,NCGR graphics,Confirmed,True,False,,,,,,,,,,False,False
/pbr/pokegra.narc,/pbr/pokegra.narc!/member_02410,0,/pbr/pokegra.narc,501,2410,,9701924,9701996,9678160,9678232,72,b98d666202078c3b9c57ae49c0029690f63461c426c607d247c1086709bfe911,524c434efffe00014800000010000100,,NCLR palette,Confirmed,True,False,,,,,,,,,,False,False
/pbr/pokegra.narc,/pbr/pokegra.narc!/member_02411,0,/pbr/pokegra.narc,501,2411,,9701996,9702068,9678232,9678304,72,0427e4e3d72abc412ed2c83783fc81fcaca5c7065e8331b780e72c501a0e8905,524c434efffe00014800000010000100,,NCLR palette,Confirmed,True,False,,,,,,,,,,False,False
/pbr/pokegra.narc,/pbr/pokegra.narc!/member_02412,0,/pbr/pokegra.narc,501,2412,,9702068,9708516,9678304,9684752,6448,109dec7269cfa3935e83840b723a6a254eb8e976d994d35a93b708b1f78b4e04,5247434efffe00013019000010000100,,NCGR graphics,Confirmed,True,False,,,,,,,,,,False,False
/pbr/pokegra.narc,/pbr/pokegra.narc!/member_02413,0,/pbr/pokegra.narc,501,2413,,9708516,9714964,9684752,9691200,6448,969d4b3ff7bf0aee594e89e57ca4788916e87e80dffe9d4cba174889fe0116e8,5247434efffe00013019000010000100,,NCGR graphics,Confirmed,True,False,,,,,,,,,,False,False
/pbr/pokegra.narc,/pbr/pokegra.narc!/member_02414,0,/pbr/pokegra.narc,501,2414,,9714964,9721412,9691200,9697648,6448,a908577a7b1e0ba0a69c5a2157fe34850c70adc1c833a928d7431719bd964125,5247434efffe00013019000010000100,,NCGR graphics,Confirmed,True,False,,,,,,,,,,False,False
/pbr/pokegra.narc,/pbr/pokegra.narc!/member_02415,0,/pbr/pokegra.narc,501,2415,,9721412,9727860,9697648,9704096,6448,2d289c38f4772339296295f8b0214c42882907c5cdbeedc5d8f75ff8b6faaf67,5247434efffe00013019000010000100,,NCGR graphics,Confirmed,True,False,,,,,,,,,,False,False
/pbr/pokegra.narc,/pbr/pokegra.narc!/member_02416,0,/pbr/pokegra.narc,501,2416,,9727860,9727932,9704096,9704168,72,2985d484c1e12dc338a3f807e751d8ce191f1b9b0add9ec2990c299cf4cd5303,524c434efffe00014800000010000100,,NCLR palette,Confirmed,True,False,,,,,,,,,,False,False
/pbr/pokegra.narc,/pbr/pokegra.narc!/member_02417,0,/pbr/pokegra.narc,501,2417,,9727932,9728004,9704168,9704240,72,6813211bbd8ce9e148c422bcc0b4b7c547747d621dcd2bfae8a9f1573a02dd05,524c434efffe00014800000010000100,,NCLR palette,Confirmed,True,False,,,,,,,,,,False,False
/pbr/pokegra.narc,/pbr/pokegra.narc!/member_02418,0,/pbr/pokegra.narc,501,2418,,9728004,9734452,9704240,9710688,6448,1752aa8fbe1726bdca6fef53f952095f254448856cd27837c54bbba3974566a8,5247434efffe00013019000010000100,,NCGR graphics,Confirmed,True,False,,,,,,,,,,False,False
/pbr/pokegra.narc,/pbr/pokegra.narc!/member_02419,0,/pbr/pokegra.narc,501,2419,,9734452,9740900,9710688,9717136,6448,ac4fb8555a6cad8465837b3d224b6975e108b29ee023681f41f3c0d98d03c1a8,5247434efffe00013019000010000100,,NCGR graphics,Confirmed,True,False,,,,,,,,,,False,False
/pbr/pokegra.narc,/pbr/pokegra.narc!/member_02420,0,/pbr/pokegra.narc,501,2420,,9740900,9747348,9717136,9723584,6448,72122e438bf1feca0e1bba8d14b7dd0845c9ee05c58f8aa1c88627067ff38dcd,5247434efffe00013019000010000100,,NCGR graphics,Confirmed,True,False,,,,,,,,,,False,False
/pbr/pokegra.narc,/pbr/pokegra.narc!/member_02421,0,/pbr/pokegra.narc,501,2421,,9747348,9753796,9723584,9730032,6448,adef518601504c4b3a5698c29c44bb858d5f5ebd1667ae5190e8bcf1eeb32aa9,5247434efffe00013019000010000100,,NCGR graphics,Confirmed,True,False,,,,,,,,,,False,False
/pbr/pokegra.narc,/pbr/pokegra.narc!/member_02422,0,/pbr/pokegra.narc,501,2422,,9753796,9753868,9730032,9730104,72,ddda1fc1b3b2b51492c8b5ce6df0f31e53a0d8c2dd8cc69a84dce8f4580026d0,524c434efffe00014800000010000100,,NCLR palette,Confirmed,True,False,,,,,,,,,,False,False
/pbr/pokegra.narc,/pbr/pokegra.narc!/member_02423,0,/pbr/pokegra.narc,501,2423,,9753868,9753940,9730104,9730176,72,fff4afa26400dfd3fc6066d672e919d92b0948a44676a02b9f15f9451ccf578c,524c434efffe00014800000010000100,,NCLR palette,Confirmed,True,False,,,,,,,,,,False,False
/pbr/pokegra.narc,/pbr/pokegra.narc!/member_02424,0,/pbr/pokegra.narc,501,2424,,9753940,9760388,9730176,9736624,6448,e4f803681b50256e4d720474804f8f3b086cb1ce6e0241c9f8aaf72031222069,5247434efffe00013019000010000100,,NCGR graphics,Confirmed,True,False,,,,,,,,,,False,False
/pbr/pokegra.narc,/pbr/pokegra.narc!/member_02425,0,/pbr/pokegra.narc,501,2425,,9760388,9766836,9736624,9743072,6448,33739000514ae613cb38cb5ac5ea765d7aa24d6007a89b53d688fe914346dd55,5247434efffe00013019000010000100,,NCGR graphics,Confirmed,True,False,,,,,,,,,,False,False
/pbr/pokegra.narc,/pbr/pokegra.narc!/member_02426,0,/pbr/pokegra.narc,501,2426,,9766836,9773284,9743072,9749520,6448,90a527d73c82a8241540ed5339833165ef59320b6e62008a981db29dd92542a8,5247434efffe00013019000010000100,,NCGR graphics,Confirmed,True,False,,,,,,,,,,False,False
/pbr/pokegra.narc,/pbr/pokegra.narc!/member_02427,0,/pbr/pokegra.narc,501,2427,,9773284,9779732,9749520,9755968,6448,75bc84ecefb47bea06442888d4da91808e6b86075fd9c5f8e1c3a747664b52b1,5247434efffe00013019000010000100,,NCGR graphics,Confirmed,True,False,,,,,,,,,,False,False
/pbr/pokegra.narc,/pbr/pokegra.narc!/member_02428,0,/pbr/pokegra.narc,501,2428,,9779732,9779804,9755968,9756040,72,e4ea332be0055299e1d02aa80325c053aa930c2c6e10045262f7f3042f778a62,524c434efffe00014800000010000100,,NCLR palette,Confirmed,True,False,,,,,,,,,,False,False
/pbr/pokegra.narc,/pbr/pokegra.narc!/member_02429,0,/pbr/pokegra.narc,501,2429,,9779804,9779876,9756040,9756112,72,d6ada7562c441c02af094afcf8684b564d01f77464bb61a2ddd6d9d4ac29efc0,524c434efffe00014800000010000100,,NCLR palette,Confirmed,True,False,,,,,,,,,,False,False
/pbr/pokegra.narc,/pbr/pokegra.narc!/member_02430,0,/pbr/pokegra.narc,501,2430,,9779876,9786324,9756112,9762560,6448,70c153013147c006071bd0fe3259538fbe1db2211701292f6bc17e7056c121b4,5247434efffe00013019000010000100,,NCGR graphics,Confirmed,True,False,,,,,,,,,,False,False
/pbr/pokegra.narc,/pbr/pokegra.narc!/member_02431,0,/pbr/pokegra.narc,501,2431,,9786324,9792772,9762560,9769008,6448,3c4f60f9fd4d816d68dfac40c225a0f56f3c7a99d0b01c16e752a01108e7630c,5247434efffe00013019000010000100,,NCGR graphics,Confirmed,True,False,,,,,,,,,,False,False
/pbr/pokegra.narc,/pbr/pokegra.narc!/member_02432,0,/pbr/pokegra.narc,501,2432,,9792772,9799220,9769008,9775456,6448,70080a20a4cef0655bb734dcdf369e68f9929b45b1d075443f3eb812bcb12bf5,5247434efffe00013019000010000100,,NCGR graphics,Confirmed,True,False,,,,,,,,,,False,False
/pbr/pokegra.narc,/pbr/pokegra.narc!/member_02433,0,/pbr/pokegra.narc,501,2433,,9799220,9805668,9775456,9781904,6448,aa53f520e1ce411f92468130c4a1e14a5dab72c5b4574151fbb8bef832d06a12,5247434efffe00013019000010000100,,NCGR graphics,Confirmed,True,False,,,,,,,,,,False,False
/pbr/pokegra.narc,/pbr/pokegra.narc!/member_02434,0,/pbr/pokegra.narc,501,2434,,9805668,9805740,9781904,9781976,72,e4ea332be0055299e1d02aa80325c053aa930c2c6e10045262f7f3042f778a62,524c434efffe00014800000010000100,,NCLR palette,Confirmed,True,False,,,,,,,,,,False,False
/pbr/pokegra.narc,/pbr/pokegra.narc!/member_02435,0,/pbr/pokegra.narc,501,2435,,9805740,9805812,9781976,9782048,72,4dddb8fcfc66b856bf8747a79e0826f7aeb6704a9f1a4a5cc949a08dac7acead,524c434efffe00014800000010000100,,NCLR palette,Confirmed,True,False,,,,,,,,,,False,False
/pbr/pokegra.narc,/pbr/pokegra.narc!/member_02436,0,/pbr/pokegra.narc,501,2436,,9805812,9812260,9782048,9788496,6448,5a8b789f9b4614e3de0c90cc15541f8dea3bd40740e20c91bb5823c1eaf8be89,5247434efffe00013019000010000100,,NCGR graphics,Confirmed,True,False,,,,,,,,,,False,False
/pbr/pokegra.narc,/pbr/pokegra.narc!/member_02437,0,/pbr/pokegra.narc,501,2437,,9812260,9818708,9788496,9794944,6448,5a8b789f9b4614e3de0c90cc15541f8dea3bd40740e20c91bb5823c1eaf8be89,5247434efffe00013019000010000100,,NCGR graphics,Confirmed,True,False,,,,,,,,,,False,False
/pbr/pokegra.narc,/pbr/pokegra.narc!/member_02438,0,/pbr/pokegra.narc,501,2438,,9818708,9825156,9794944,9801392,6448,43bafbec366c5d58e68edb7de3ed5365cc9fcbcd24a4eed5d8bc6ed02a730bfb,5247434efffe00013019000010000100,,NCGR graphics,Confirmed,True,False,,,,,,,,,,False,False
/pbr/pokegra.narc,/pbr/pokegra.narc!/member_02439,0,/pbr/pokegra.narc,501,2439,,9825156,9831604,9801392,9807840,6448,43bafbec366c5d58e68edb7de3ed5365cc9fcbcd24a4eed5d8bc6ed02a730bfb,5247434efffe00013019000010000100,,NCGR graphics,Confirmed,True,False,,,,,,,,,,False,False
/pbr/pokegra.narc,/pbr/pokegra.narc!/member_02440,0,/pbr/pokegra.narc,501,2440,,9831604,9831676,9807840,9807912,72,2555499bdb4a3f614a5c07aebb88a2ddf9a0d2db6a5f83e94bb65447d7845d34,524c434efffe00014800000010000100,,NCLR palette,Confirmed,True,False,,,,,,,,,,False,False
/pbr/pokegra.narc,/pbr/pokegra.narc!/member_02441,0,/pbr/pokegra.narc,501,2441,,9831676,9831748,9807912,9807984,72,2c6496cb39120365e8b042ada08b26adcb18e9d49511fe65d72314706114483f,524c434efffe00014800000010000100,,NCLR palette,Confirmed,True,False,,,,,,,,,,False,False
/pbr/pokegra.narc,/pbr/pokegra.narc!/member_02442,0,/pbr/pokegra.narc,501,2442,,9831748,9838196,9807984,9814432,6448,14cf759b677c2ce41ccbfaeefe5614cb5cae054a5575b61e5e50b8f0bc93c336,5247434efffe00013019000010000100,,NCGR graphics,Confirmed,True,False,,,,,,,,,,False,False
/pbr/pokegra.narc,/pbr/pokegra.narc!/member_02443,0,/pbr/pokegra.narc,501,2443,,9838196,9844644,9814432,9820880,6448,14cf759b677c2ce41ccbfaeefe5614cb5cae054a5575b61e5e50b8f0bc93c336,5247434efffe00013019000010000100,,NCGR graphics,Confirmed,True,False,,,,,,,,,,False,False
/pbr/pokegra.narc,/pbr/pokegra.narc!/member_02444,0,/pbr/pokegra.narc,501,2444,,9844644,9851092,9820880,9827328,6448,d42208e051e67306e8e780e3c822f0444031c1a53f425b11843f3dd50f9eacf2,5247434efffe00013019000010000100,,NCGR graphics,Confirmed,True,False,,,,,,,,,,False,False
/pbr/pokegra.narc,/pbr/pokegra.narc!/member_02445,0,/pbr/pokegra.narc,501,2445,,9851092,9857540,9827328,9833776,6448,a92d79385fa6b7f1405a5f4b5561c202ebacd95172211abee6e351b53f4c54a1,5247434efffe00013019000010000100,,NCGR graphics,Confirmed,True,False,,,,,,,,,,False,False
/pbr/pokegra.narc,/pbr/pokegra.narc!/member_02446,0,/pbr/pokegra.narc,501,2446,,9857540,9857612,9833776,9833848,72,ecb56c737792d4776851b08f4d5bc5199cb92926363e3c7b8eb9f1763f3631b6,524c434efffe00014800000010000100,,NCLR palette,Confirmed,True,False,,,,,,,,,,False,False
/pbr/pokegra.narc,/pbr/pokegra.narc!/member_02447,0,/pbr/pokegra.narc,501,2447,,9857612,9857684,9833848,9833920,72,6ca2a08bf83ee4887ab901d98df14f504b15163f1e7d3e50017e8f525cd5b5fa,524c434efffe00014800000010000100,,NCLR palette,Confirmed,True,False,,,,,,,,,,False,False
/pbr/pokegra.narc,/pbr/pokegra.narc!/member_02448,0,/pbr/pokegra.narc,501,2448,,9857684,9864132,9833920,9840368,6448,3232c5293f016c89b6827ddb823f262470ab6ffad5b2270dc6e54ae63a0a596e,5247434efffe00013019000010000100,,NCGR graphics,Confirmed,True,False,,,,,,,,,,False,False
/pbr/pokegra.narc,/pbr/pokegra.narc!/member_02449,0,/pbr/pokegra.narc,501,2449,,9864132,9870580,9840368,9846816,6448,3232c5293f016c89b6827ddb823f262470ab6ffad5b2270dc6e54ae63a0a596e,5247434efffe00013019000010000100,,NCGR graphics,Confirmed,True,False,,,,,,,,,,False,False
/pbr/pokegra.narc,/pbr/pokegra.narc!/member_02450,0,/pbr/pokegra.narc,501,2450,,9870580,9877028,9846816,9853264,6448,fb611cf1cea544d6886dcd39d2b9c3e48ff955204b89221a7b6e495669532460,5247434efffe00013019000010000100,,NCGR graphics,Confirmed,True,False,,,,,,,,,,False,False
/pbr/pokegra.narc,/pbr/pokegra.narc!/member_02451,0,/pbr/pokegra.narc,501,2451,,9877028,9883476,9853264,9859712,6448,fb611cf1cea544d6886dcd39d2b9c3e48ff955204b89221a7b6e495669532460,5247434efffe00013019000010000100,,NCGR graphics,Confirmed,True,False,,,,,,,,,,False,False
/pbr/pokegra.narc,/pbr/pokegra.narc!/member_02452,0,/pbr/pokegra.narc,501,2452,,9883476,9883548,9859712,9859784,72,c625a9b70ecda35955aabcf7d7af952651d83d3842f226ef70e5fc24a2c0f9c8,524c434efffe00014800000010000100,,NCLR palette,Confirmed,True,False,,,,,,,,,,False,False
/pbr/pokegra.narc,/pbr/pokegra.narc!/member_02453,0,/pbr/pokegra.narc,501,2453,,9883548,9883620,9859784,9859856,72,72c406f232aecf453eddfbb515ebc80808ee46ecdaffcbe92be80f16ebb6e899,524c434efffe00014800000010000100,,NCLR palette,Confirmed,True,False,,,,,,,,,,False,False
/pbr/pokegra.narc,/pbr/pokegra.narc!/member_02454,0,/pbr/pokegra.narc,501,2454,,9883620,9890068,9859856,9866304,6448,d80bfb3069443807859ead0fb57fd2366f2e81a7338d95b86d9a0b59095efb7a,5247434efffe00013019000010000100,,NCGR graphics,Confirmed,True,False,,,,,,,,,,False,False
/pbr/pokegra.narc,/pbr/pokegra.narc!/member_02455,0,/pbr/pokegra.narc,501,2455,,9890068,9896516,9866304,9872752,6448,d80bfb3069443807859ead0fb57fd2366f2e81a7338d95b86d9a0b59095efb7a,5247434efffe00013019000010000100,,NCGR graphics,Confirmed,True,False,,,,,,,,,,False,False
/pbr/pokegra.narc,/pbr/pokegra.narc!/member_02456,0,/pbr/pokegra.narc,501,2456,,9896516,9902964,9872752,9879200,6448,a863db89067e366a0b52c4df961c8a29249f81badaf8bdcbf37046819115e4c9,5247434efffe00013019000010000100,,NCGR graphics,Confirmed,True,False,,,,,,,,,,False,False
/pbr/pokegra.narc,/pbr/pokegra.narc!/member_02457,0,/pbr/pokegra.narc,501,2457,,9902964,9909412,9879200,9885648,6448,a863db89067e366a0b52c4df961c8a29249f81badaf8bdcbf37046819115e4c9,5247434efffe00013019000010000100,,NCGR graphics,Confirmed,True,False,,,,,,,,,,False,False
/pbr/pokegra.narc,/pbr/pokegra.narc!/member_02458,0,/pbr/pokegra.narc,501,2458,,9909412,9909484,9885648,9885720,72,2af7f666229ae774f0a08716fe70aed21b9013057cb6fac1a15f1d617d70ed2c,524c434efffe00014800000010000100,,NCLR palette,Confirmed,True,False,,,,,,,,,,False,False
/pbr/pokegra.narc,/pbr/pokegra.narc!/member_02459,0,/pbr/pokegra.narc,501,2459,,9909484,9909556,9885720,9885792,72,ac1fe9afc00944c0003f9d43aab8045162b507ee70fbda79bc20a913d5f53a87,524c434efffe00014800000010000100,,NCLR palette,Confirmed,True,False,,,,,,,,,,False,False
/pbr/pokegra.narc,/pbr/pokegra.narc!/member_02460,0,/pbr/pokegra.narc,501,2460,,9909556,9916004,9885792,9892240,6448,95f8a3053db0c9ad7a1a6fc5e79c0411ec0496ab8938b87c0e6d69e93391c1c8,5247434efffe00013019000010000100,,NCGR graphics,Confirmed,True,False,,,,,,,,,,False,False
/pbr/pokegra.narc,/pbr/pokegra.narc!/member_02461,0,/pbr/pokegra.narc,501,2461,,9916004,9922452,9892240,9898688,6448,95f8a3053db0c9ad7a1a6fc5e79c0411ec0496ab8938b87c0e6d69e93391c1c8,5247434efffe00013019000010000100,,NCGR graphics,Confirmed,True,False,,,,,,,,,,False,False
/pbr/pokegra.narc,/pbr/pokegra.narc!/member_02462,0,/pbr/pokegra.narc,501,2462,,9922452,9928900,9898688,9905136,6448,ffc0c5dfad437b684216d3e61db74f6c20d85dff66c55198c3ee89e5f01cb161,5247434efffe00013019000010000100,,NCGR graphics,Confirmed,True,False,,,,,,,,,,False,False
/pbr/pokegra.narc,/pbr/pokegra.narc!/member_02463,0,/pbr/pokegra.narc,501,2463,,9928900,9935348,9905136,9911584,6448,ffc0c5dfad437b684216d3e61db74f6c20d85dff66c55198c3ee89e5f01cb161,5247434efffe00013019000010000100,,NCGR graphics,Confirmed,True,False,,,,,,,,,,False,False
/pbr/pokegra.narc,/pbr/pokegra.narc!/member_02464,0,/pbr/pokegra.narc,501,2464,,9935348,9935420,9911584,9911656,72,1856350d2a96d4e2c4b2c4c83dc783db7371a79a41cfbf92dabb711840455c58,524c434efffe00014800000010000100,,NCLR palette,Confirmed,True,False,,,,,,,,,,False,False
/pbr/pokegra.narc,/pbr/pokegra.narc!/member_02465,0,/pbr/pokegra.narc,501,2465,,9935420,9935492,9911656,9911728,72,320739a69a2d7bd94ec086a5e0bbb03a79e69179b221f3cf6068f8ae8f097cf4,524c434efffe00014800000010000100,,NCLR palette,Confirmed,True,False,,,,,,,,,,False,False
/pbr/pokegra.narc,/pbr/pokegra.narc!/member_02466,0,/pbr/pokegra.narc,501,2466,,9935492,9941940,9911728,9918176,6448,620cd7f2be6909312b25865c775445ef6e999d359de33c5b3c5149bcfcca1c75,5247434efffe00013019000010000100,,NCGR graphics,Confirmed,True,False,,,,,,,,,,False,False
/pbr/pokegra.narc,/pbr/pokegra.narc!/member_02467,0,/pbr/pokegra.narc,501,2467,,9941940,9948388,9918176,9924624,6448,620cd7f2be6909312b25865c775445ef6e999d359de33c5b3c5149bcfcca1c75,5247434efffe00013019000010000100,,NCGR graphics,Confirmed,True,False,,,,,,,,,,False,False
/pbr/pokegra.narc,/pbr/pokegra.narc!/member_02468,0,/pbr/pokegra.narc,501,2468,,9948388,9954836,9924624,9931072,6448,d6eb5b67c3d8c374f7481dd28fbb77c7e5de28be9816871bac89bd3a1975341b,5247434efffe00013019000010000100,,NCGR graphics,Confirmed,True,False,,,,,,,,,,False,False
/pbr/pokegra.narc,/pbr/pokegra.narc!/member_02469,0,/pbr/pokegra.narc,501,2469,,9954836,9961284,9931072,9937520,6448,d6eb5b67c3d8c374f7481dd28fbb77c7e5de28be9816871bac89bd3a1975341b,5247434efffe00013019000010000100,,NCGR graphics,Confirmed,True,False,,,,,,,,,,False,False
/pbr/pokegra.narc,/pbr/pokegra.narc!/member_02470,0,/pbr/pokegra.narc,501,2470,,9961284,9961356,9937520,9937592,72,c391ef65a5f60ec9efeffa734510d85e80401e76be729c0a316748eb8f085f61,524c434efffe00014800000010000100,,NCLR palette,Confirmed,True,False,,,,,,,,,,False,False
/pbr/pokegra.narc,/pbr/pokegra.narc!/member_02471,0,/pbr/pokegra.narc,501,2471,,9961356,9961428,9937592,9937664,72,13f8e8317c8768fdae3fcfbcc493be1e797759e7c108f2b0ec3ac05978cfba6b,524c434efffe00014800000010000100,,NCLR palette,Confirmed,True,False,,,,,,,,,,False,False
/pbr/pokegra.narc,/pbr/pokegra.narc!/member_02472,0,/pbr/pokegra.narc,501,2472,,9961428,9967876,9937664,9944112,6448,462cfa63571517f59ea9afb1e82bbd491657f8a1584255e71776edd5b57960cc,5247434efffe00013019000010000100,,NCGR graphics,Confirmed,True,False,,,,,,,,,,False,False
/pbr/pokegra.narc,/pbr/pokegra.narc!/member_02473,0,/pbr/pokegra.narc,501,2473,,9967876,9974324,9944112,9950560,6448,462cfa63571517f59ea9afb1e82bbd491657f8a1584255e71776edd5b57960cc,5247434efffe00013019000010000100,,NCGR graphics,Confirmed,True,False,,,,,,,,,,False,False
/pbr/pokegra.narc,/pbr/pokegra.narc!/member_02474,0,/pbr/pokegra.narc,501,2474,,9974324,9980772,9950560,9957008,6448,32e93bcbe1314dc5b0ca19388152d61ec645c6ce910edfa1c29dffc4036cdc44,5247434efffe00013019000010000100,,NCGR graphics,Confirmed,True,False,,,,,,,,,,False,False
/pbr/pokegra.narc,/pbr/pokegra.narc!/member_02475,0,/pbr/pokegra.narc,501,2475,,9980772,9987220,9957008,9963456,6448,32e93bcbe1314dc5b0ca19388152d61ec645c6ce910edfa1c29dffc4036cdc44,5247434efffe00013019000010000100,,NCGR graphics,Confirmed,True,False,,,,,,,,,,False,False
/pbr/pokegra.narc,/pbr/pokegra.narc!/member_02476,0,/pbr/pokegra.narc,501,2476,,9987220,9987292,9963456,9963528,72,889e2bd7f247b41e9bf5b7df330f316cc50104ec210eb6a6a604093cd7b8ebf4,524c434efffe00014800000010000100,,NCLR palette,Confirmed,True,False,,,,,,,,,,False,False
/pbr/pokegra.narc,/pbr/pokegra.narc!/member_02477,0,/pbr/pokegra.narc,501,2477,,9987292,9987364,9963528,9963600,72,889e2bd7f247b41e9bf5b7df330f316cc50104ec210eb6a6a604093cd7b8ebf4,524c434efffe00014800000010000100,,NCLR palette,Confirmed,True,False,,,,,,,,,,False,False
/pbr/pokegra.narc,/pbr/pokegra.narc!/member_02478,0,/pbr/pokegra.narc,501,2478,,9987364,9993812,9963600,9970048,6448,19171f8db44c392800f2fc5ba57ed0c670aba62fd64fc7b3940cce4401076f20,5247434efffe00013019000010000100,,NCGR graphics,Confirmed,True,False,,,,,,,,,,False,False
/pbr/pokegra.narc,/pbr/pokegra.narc!/member_02479,0,/pbr/pokegra.narc,501,2479,,9993812,9993812,9970048,9970048,0,e3b0c44298fc1c149afbf4c8996fb92427ae41e4649b934ca495991b7852b855,,,,,,False,,,,,,,,,,False,False
/pbr/pokegra.narc,/pbr/pokegra.narc!/member_02480,0,/pbr/pokegra.narc,501,2480,,9993812,10000260,9970048,9976496,6448,a76e1051ecff263cf7add9edf4c5720fdcfc10689aa128ce0d77692bd5e77dd3,5247434efffe00013019000010000100,,NCGR graphics,Confirmed,True,False,,,,,,,,,,False,False
/pbr/pokegra.narc,/pbr/pokegra.narc!/member_02481,0,/pbr/pokegra.narc,501,2481,,10000260,10000260,9976496,9976496,0,e3b0c44298fc1c149afbf4c8996fb92427ae41e4649b934ca495991b7852b855,,,,,,False,,,,,,,,,,False,False
/pbr/pokegra.narc,/pbr/pokegra.narc!/member_02482,0,/pbr/pokegra.narc,501,2482,,10000260,10000332,9976496,9976568,72,d262d2fbc33f76eed89a6856d3d4677f0220ca2765a64a98dda793b27e41fb15,524c434efffe00014800000010000100,,NCLR palette,Confirmed,True,False,,,,,,,,,,False,False
/pbr/pokegra.narc,/pbr/pokegra.narc!/member_02483,0,/pbr/pokegra.narc,501,2483,,10000332,10000404,9976568,9976640,72,d262d2fbc33f76eed89a6856d3d4677f0220ca2765a64a98dda793b27e41fb15,524c434efffe00014800000010000100,,NCLR palette,Confirmed,True,False,,,,,,,,,,False,False
/pbr/pokegra.narc,/pbr/pokegra.narc!/member_02484,0,/pbr/pokegra.narc,501,2484,,10000404,10000404,9976640,9976640,0,e3b0c44298fc1c149afbf4c8996fb92427ae41e4649b934ca495991b7852b855,,,,,,False,,,,,,,,,,False,False
/pbr/pokegra.narc,/pbr/pokegra.narc!/member_02485,0,/pbr/pokegra.narc,501,2485,,10000404,10006852,9976640,9983088,6448,8afc05d2b9bf67c263b0a5957cf92d78515c4b62fba751c8b5a9e42373604f45,5247434efffe00013019000010000100,,NCGR graphics,Confirmed,True,False,,,,,,,,,,False,False
/pbr/pokegra.narc,/pbr/pokegra.narc!/member_02486,0,/pbr/pokegra.narc,501,2486,,10006852,10006852,9983088,9983088,0,e3b0c44298fc1c149afbf4c8996fb92427ae41e4649b934ca495991b7852b855,,,,,,False,,,,,,,,,,False,False
/pbr/pokegra.narc,/pbr/pokegra.narc!/member_02487,0,/pbr/pokegra.narc,501,2487,,10006852,10013300,9983088,9989536,6448,8e7d6505ed6c7a852b923d67afbcb5fa3c9e2cedbc2fa09581536a05dd292a83,5247434efffe00013019000010000100,,NCGR graphics,Confirmed,True,False,,,,,,,,,,False,False
/pbr/pokegra.narc,/pbr/pokegra.narc!/member_02488,0,/pbr/pokegra.narc,501,2488,,10013300,10013372,9989536,9989608,72,5c30a0df650c3a3d7812ca29fa208342d26945dc80e7c719f8e1430a16ba079d,524c434efffe00014800000010000100,,NCLR palette,Confirmed,True,False,,,,,,,,,,False,False
/pbr/pokegra.narc,/pbr/pokegra.narc!/member_02489,0,/pbr/pokegra.narc,501,2489,,10013372,10013444,9989608,9989680,72,44f30345c10a140b903c1eca508135ca0f2be35646218e6bc31304aa8fa65ac1,524c434efffe00014800000010000100,,NCLR palette,Confirmed,True,False,,,,,,,,,,False,False
/pbr/pokegra.narc,/pbr/pokegra.narc!/member_02490,0,/pbr/pokegra.narc,501,2490,,10013444,10019892,9989680,9996128,6448,0e0f5483c2c98b9919b4e227a155434cbb08cf379989f2936991b7a3fe9c0ac2,5247434efffe00013019000010000100,,NCGR graphics,Confirmed,True,False,,,,,,,,,,False,False
/pbr/pokegra.narc,/pbr/pokegra.narc!/member_02491,0,/pbr/pokegra.narc,501,2491,,10019892,10026340,9996128,10002576,6448,0e0f5483c2c98b9919b4e227a155434cbb08cf379989f2936991b7a3fe9c0ac2,5247434efffe00013019000010000100,,NCGR graphics,Confirmed,True,False,,,,,,,,,,False,False
/pbr/pokegra.narc,/pbr/pokegra.narc!/member_02492,0,/pbr/pokegra.narc,501,2492,,10026340,10032788,10002576,10009024,6448,f5ba70f536ce23a086705fd4713fee5274c4a51bce855ef7227aa27e34a8efec,5247434efffe00013019000010000100,,NCGR graphics,Confirmed,True,False,,,,,,,,,,False,False
/pbr/pokegra.narc,/pbr/pokegra.narc!/member_02493,0,/pbr/pokegra.narc,501,2493,,10032788,10039236,10009024,10015472,6448,a3e1ad7b274aba3de903bddea0c6aba034793f37903ef4a0ddff3ddf64a898e2,5247434efffe00013019000010000100,,NCGR graphics,Confirmed,True,False,,,,,,,,,,False,False
/pbr/pokegra.narc,/pbr/pokegra.narc!/member_02494,0,/pbr/pokegra.narc,501,2494,,10039236,10039308,10015472,10015544,72,ea465e4517f820026e3ecbcc29cadc5ffbf237bda83be9bf6b8aa22a47df922b,524c434efffe00014800000010000100,,NCLR palette,Confirmed,True,False,,,,,,,,,,False,False
/pbr/pokegra.narc,/pbr/pokegra.narc!/member_02495,0,/pbr/pokegra.narc,501,2495,,10039308,10039380,10015544,10015616,72,077ed612dd86b238232947b260667de667aebf7ee9903bca279fb0d56aae5cbf,524c434efffe00014800000010000100,,NCLR palette,Confirmed,True,False,,,,,,,,,,False,False
/pbr/pokegra.narc,/pbr/pokegra.narc!/member_02496,0,/pbr/pokegra.narc,501,2496,,10039380,10045828,10015616,10022064,6448,76598d30e205e9417da409208bd325e67f47248e9ab6d7f1c7d87028eade1bc5,5247434efffe00013019000010000100,,NCGR graphics,Confirmed,True,False,,,,,,,,,,False,False
/pbr/pokegra.narc,/pbr/pokegra.narc!/member_02497,0,/pbr/pokegra.narc,501,2497,,10045828,10045828,10022064,10022064,0,e3b0c44298fc1c149afbf4c8996fb92427ae41e4649b934ca495991b7852b855,,,,,,False,,,,,,,,,,False,False
/pbr/pokegra.narc,/pbr/pokegra.narc!/member_02498,0,/pbr/pokegra.narc,501,2498,,10045828,10052276,10022064,10028512,6448,8bd2f351872ca63b917f2e2096097813fdb80a1dd29d5a07db4ed08bc009411d,5247434efffe00013019000010000100,,NCGR graphics,Confirmed,True,False,,,,,,,,,,False,False
/pbr/pokegra.narc,/pbr/pokegra.narc!/member_02499,0,/pbr/pokegra.narc,501,2499,,10052276,10052276,10028512,10028512,0,e3b0c44298fc1c149afbf4c8996fb92427ae41e4649b934ca495991b7852b855,,,,,,False,,,,,,,,,,False,False
/pbr/pokegra.narc,/pbr/pokegra.narc!/member_02500,0,/pbr/pokegra.narc,501,2500,,10052276,10052348,10028512,10028584,72,157c013f2cfd8cc52934f37220b154383a6af1ceec59b3d52d2695b0be14f74c,524c434efffe00014800000010000100,,NCLR palette,Confirmed,True,False,,,,,,,,,,False,False
/pbr/pokegra.narc,/pbr/pokegra.narc!/member_02501,0,/pbr/pokegra.narc,501,2501,,10052348,10052420,10028584,10028656,72,d0caf9d215bf928b27ac012634c7f97d9462e13ee0bb11a9d270c1f13e007dcb,524c434efffe00014800000010000100,,NCLR palette,Confirmed,True,False,,,,,,,,,,False,False
/pbr/pokegra.narc,/pbr/pokegra.narc!/member_02502,0,/pbr/pokegra.narc,501,2502,,10052420,10058868,10028656,10035104,6448,cea749f2137c30f5ed02b3c3029da657c8aa67da386ce3445375501f87f7252e,5247434efffe00013019000010000100,,NCGR graphics,Confirmed,True,False,,,,,,,,,,False,False
/pbr/pokegra.narc,/pbr/pokegra.narc!/member_02503,0,/pbr/pokegra.narc,501,2503,,10058868,10065316,10035104,10041552,6448,cea749f2137c30f5ed02b3c3029da657c8aa67da386ce3445375501f87f7252e,5247434efffe00013019000010000100,,NCGR graphics,Confirmed,True,False,,,,,,,,,,False,False
/pbr/pokegra.narc,/pbr/pokegra.narc!/member_02504,0,/pbr/pokegra.narc,501,2504,,10065316,10071764,10041552,10048000,6448,2501d37856730e91e986beca8bc146746d019d68fa1457b6a8b7d1673847c790,5247434efffe00013019000010000100,,NCGR graphics,Confirmed,True,False,,,,,,,,,,False,False
/pbr/pokegra.narc,/pbr/pokegra.narc!/member_02505,0,/pbr/pokegra.narc,501,2505,,10071764,10078212,10048000,10054448,6448,ea174f8334b9c419c7bf5d060d76094c68671d0a39f7b92a32000d5b746249a8,5247434efffe00013019000010000100,,NCGR graphics,Confirmed,True,False,,,,,,,,,,False,False
/pbr/pokegra.narc,/pbr/pokegra.narc!/member_02506,0,/pbr/pokegra.narc,501,2506,,10078212,10078284,10054448,10054520,72,584f6985a64f77bc50879e73f0067d46ff1c5899344ce997d2d1c4da6659b321,524c434efffe00014800000010000100,,NCLR palette,Confirmed,True,False,,,,,,,,,,False,False
/pbr/pokegra.narc,/pbr/pokegra.narc!/member_02507,0,/pbr/pokegra.narc,501,2507,,10078284,10078356,10054520,10054592,72,91e1ee1bae7ff0f4c94d136bda0ecddb6d7f549aae504182a4cf203592b4b07c,524c434efffe00014800000010000100,,NCLR palette,Confirmed,True,False,,,,,,,,,,False,False
/pbr/pokegra.narc,/pbr/pokegra.narc!/member_02508,0,/pbr/pokegra.narc,501,2508,,10078356,10084804,10054592,10061040,6448,58ad69f3ec8e14a0776175ad947bf2ea9c92a33ece9ac1a2b02c1d8c72df0016,5247434efffe00013019000010000100,,NCGR graphics,Confirmed,True,False,,,,,,,,,,False,False
/pbr/pokegra.narc,/pbr/pokegra.narc!/member_02509,0,/pbr/pokegra.narc,501,2509,,10084804,10091252,10061040,10067488,6448,6105cff95418b3c48da716d224d8de445cec0be757f1530f5bd5a8a340e66b47,5247434efffe00013019000010000100,,NCGR graphics,Confirmed,True,False,,,,,,,,,,False,False
/pbr/pokegra.narc,/pbr/pokegra.narc!/member_02510,0,/pbr/pokegra.narc,501,2510,,10091252,10097700,10067488,10073936,6448,61a8b260b8d7a27c69baf2d0a794df6e15604dfaf9b0f11223038e8bdce5e390,5247434efffe00013019000010000100,,NCGR graphics,Confirmed,True,False,,,,,,,,,,False,False
/pbr/pokegra.narc,/pbr/pokegra.narc!/member_02511,0,/pbr/pokegra.narc,501,2511,,10097700,10104148,10073936,10080384,6448,61a8b260b8d7a27c69baf2d0a794df6e15604dfaf9b0f11223038e8bdce5e390,5247434efffe00013019000010000100,,NCGR graphics,Confirmed,True,False,,,,,,,,,,False,False
/pbr/pokegra.narc,/pbr/pokegra.narc!/member_02512,0,/pbr/pokegra.narc,501,2512,,10104148,10104220,10080384,10080456,72,c99af57cd6aa7a0b71ede1bf16e923bf4e0d16dce0f31e099824b10c9a456537,524c434efffe00014800000010000100,,NCLR palette,Confirmed,True,False,,,,,,,,,,False,False
/pbr/pokegra.narc,/pbr/pokegra.narc!/member_02513,0,/pbr/pokegra.narc,501,2513,,10104220,10104292,10080456,10080528,72,82770a1f8dea3034b7315d0ccdcf8f11e5c29cef83c909388a0f43296ce7efbd,524c434efffe00014800000010000100,,NCLR palette,Confirmed,True,False,,,,,,,,,,False,False
/pbr/pokegra.narc,/pbr/pokegra.narc!/member_02514,0,/pbr/pokegra.narc,501,2514,,10104292,10110740,10080528,10086976,6448,2bd6eee4082101073e2bf822061b4192c8c13e7bbc6062ee2eda6192a977ade2,5247434efffe00013019000010000100,,NCGR graphics,Confirmed,True,False,,,,,,,,,,False,False
/pbr/pokegra.narc,/pbr/pokegra.narc!/member_02515,0,/pbr/pokegra.narc,501,2515,,10110740,10117188,10086976,10093424,6448,d794257caec061da93e5a5456e744785ac7b44078d1d2bef4f67b07d39a9f9cf,5247434efffe00013019000010000100,,NCGR graphics,Confirmed,True,False,,,,,,,,,,False,False
/pbr/pokegra.narc,/pbr/pokegra.narc!/member_02516,0,/pbr/pokegra.narc,501,2516,,10117188,10123636,10093424,10099872,6448,1a01dde474ace003cdb790cd59f768170181af388ac4260f8c198acce2adfeb0,5247434efffe00013019000010000100,,NCGR graphics,Confirmed,True,False,,,,,,,,,,False,False
/pbr/pokegra.narc,/pbr/pokegra.narc!/member_02517,0,/pbr/pokegra.narc,501,2517,,10123636,10130084,10099872,10106320,6448,1a01dde474ace003cdb790cd59f768170181af388ac4260f8c198acce2adfeb0,5247434efffe00013019000010000100,,NCGR graphics,Confirmed,True,False,,,,,,,,,,False,False
/pbr/pokegra.narc,/pbr/pokegra.narc!/member_02518,0,/pbr/pokegra.narc,501,2518,,10130084,10130156,10106320,10106392,72,d9452bab178ce863be92c12b39e87af6e47d275722736d79aecd76c05bfb4d36,524c434efffe00014800000010000100,,NCLR palette,Confirmed,True,False,,,,,,,,,,False,False
/pbr/pokegra.narc,/pbr/pokegra.narc!/member_02519,0,/pbr/pokegra.narc,501,2519,,10130156,10130228,10106392,10106464,72,a96b558a9bb2233884b2570a749594ca47db6517436e76a2e9f7a1cebf9cb42d,524c434efffe00014800000010000100,,NCLR palette,Confirmed,True,False,,,,,,,,,,False,False
/pbr/pokegra.narc,/pbr/pokegra.narc!/member_02520,0,/pbr/pokegra.narc,501,2520,,10130228,10136676,10106464,10112912,6448,5b674c8e25011b0919d46eed6d49ec58605d7a689d2fa260d6a58ba0c3a4151d,5247434efffe00013019000010000100,,NCGR graphics,Confirmed,True,False,,,,,,,,,,False,False
/pbr/pokegra.narc,/pbr/pokegra.narc!/member_02521,0,/pbr/pokegra.narc,501,2521,,10136676,10143124,10112912,10119360,6448,5b674c8e25011b0919d46eed6d49ec58605d7a689d2fa260d6a58ba0c3a4151d,5247434efffe00013019000010000100,,NCGR graphics,Confirmed,True,False,,,,,,,,,,False,False
/pbr/pokegra.narc,/pbr/pokegra.narc!/member_02522,0,/pbr/pokegra.narc,501,2522,,10143124,10149572,10119360,10125808,6448,829cb36761acada2a984427b77330c5e5c9e5c01710a45c05871a6c83974ee77,5247434efffe00013019000010000100,,NCGR graphics,Confirmed,True,False,,,,,,,,,,False,False
/pbr/pokegra.narc,/pbr/pokegra.narc!/member_02523,0,/pbr/pokegra.narc,501,2523,,10149572,10156020,10125808,10132256,6448,829cb36761acada2a984427b77330c5e5c9e5c01710a45c05871a6c83974ee77,5247434efffe00013019000010000100,,NCGR graphics,Confirmed,True,False,,,,,,,,,,False,False
/pbr/pokegra.narc,/pbr/pokegra.narc!/member_02524,0,/pbr/pokegra.narc,501,2524,,10156020,10156092,10132256,10132328,72,6b36541573991142a18ca1cc7d679f9e1d1984c2bec020dd97bc1575f1b5ba60,524c434efffe00014800000010000100,,NCLR palette,Confirmed,True,False,,,,,,,,,,False,False
/pbr/pokegra.narc,/pbr/pokegra.narc!/member_02525,0,/pbr/pokegra.narc,501,2525,,10156092,10156164,10132328,10132400,72,db29ba161dd2a81e13d3f716f4d7ad858a5a6b04e44dc9e56f8388389f4b144a,524c434efffe00014800000010000100,,NCLR palette,Confirmed,True,False,,,,,,,,,,False,False
/pbr/pokegra.narc,/pbr/pokegra.narc!/member_02526,0,/pbr/pokegra.narc,501,2526,,10156164,10162612,10132400,10138848,6448,d090dfb95a9ff223d41cdad06e1961eb47b7298dbe030e542cfd8fed0d270820,5247434efffe00013019000010000100,,NCGR graphics,Confirmed,True,False,,,,,,,,,,False,False
/pbr/pokegra.narc,/pbr/pokegra.narc!/member_02527,0,/pbr/pokegra.narc,501,2527,,10162612,10169060,10138848,10145296,6448,d090dfb95a9ff223d41cdad06e1961eb47b7298dbe030e542cfd8fed0d270820,5247434efffe00013019000010000100,,NCGR graphics,Confirmed,True,False,,,,,,,,,,False,False
/pbr/pokegra.narc,/pbr/pokegra.narc!/member_02528,0,/pbr/pokegra.narc,501,2528,,10169060,10175508,10145296,10151744,6448,6f3409906e8cf5bdf6fc9928260344f4d91f451967033f0598ebc80a9cd3fc86,5247434efffe00013019000010000100,,NCGR graphics,Confirmed,True,False,,,,,,,,,,False,False
/pbr/pokegra.narc,/pbr/pokegra.narc!/member_02529,0,/pbr/pokegra.narc,501,2529,,10175508,10181956,10151744,10158192,6448,6f3409906e8cf5bdf6fc9928260344f4d91f451967033f0598ebc80a9cd3fc86,5247434efffe00013019000010000100,,NCGR graphics,Confirmed,True,False,,,,,,,,,,False,False
/pbr/pokegra.narc,/pbr/pokegra.narc!/member_02530,0,/pbr/pokegra.narc,501,2530,,10181956,10182028,10158192,10158264,72,20a103cdfeda226e2c5887f8b00860523546d950f3996e286e3e5bcaac17a69f,524c434efffe00014800000010000100,,NCLR palette,Confirmed,True,False,,,,,,,,,,False,False
/pbr/pokegra.narc,/pbr/pokegra.narc!/member_02531,0,/pbr/pokegra.narc,501,2531,,10182028,10182100,10158264,10158336,72,ecb7972773a5d87078bd89dc3bfd86f752fc01f8e3bf96bbd9eed6890ac3b295,524c434efffe00014800000010000100,,NCLR palette,Confirmed,True,False,,,,,,,,,,False,False
/pbr/pokegra.narc,/pbr/pokegra.narc!/member_02532,0,/pbr/pokegra.narc,501,2532,,10182100,10188548,10158336,10164784,6448,469a821b0058ef63b4844a9bb4d18a5db2b8ae078e66b0bcbdc203054e9868bc,5247434efffe00013019000010000100,,NCGR graphics,Confirmed,True,False,,,,,,,,,,False,False
/pbr/pokegra.narc,/pbr/pokegra.narc!/member_02533,0,/pbr/pokegra.narc,501,2533,,10188548,10194996,10164784,10171232,6448,469a821b0058ef63b4844a9bb4d18a5db2b8ae078e66b0bcbdc203054e9868bc,5247434efffe00013019000010000100,,NCGR graphics,Confirmed,True,False,,,,,,,,,,False,False
/pbr/pokegra.narc,/pbr/pokegra.narc!/member_02534,0,/pbr/pokegra.narc,501,2534,,10194996,10201444,10171232,10177680,6448,3d10d2fd1626434c7ccf99b737cfd05bf8856ee05b1b97d62a35eee9d537779f,5247434efffe00013019000010000100,,NCGR graphics,Confirmed,True,False,,,,,,,,,,False,False
/pbr/pokegra.narc,/pbr/pokegra.narc!/member_02535,0,/pbr/pokegra.narc,501,2535,,10201444,10207892,10177680,10184128,6448,3d10d2fd1626434c7ccf99b737cfd05bf8856ee05b1b97d62a35eee9d537779f,5247434efffe00013019000010000100,,NCGR graphics,Confirmed,True,False,,,,,,,,,,False,False
/pbr/pokegra.narc,/pbr/pokegra.narc!/member_02536,0,/pbr/pokegra.narc,501,2536,,10207892,10207964,10184128,10184200,72,bddf822fb65aad7f13c45348c47085d699b2d54b0b6af658cc4ed705ea66b0f8,524c434efffe00014800000010000100,,NCLR palette,Confirmed,True,False,,,,,,,,,,False,False
/pbr/pokegra.narc,/pbr/pokegra.narc!/member_02537,0,/pbr/pokegra.narc,501,2537,,10207964,10208036,10184200,10184272,72,bddf822fb65aad7f13c45348c47085d699b2d54b0b6af658cc4ed705ea66b0f8,524c434efffe00014800000010000100,,NCLR palette,Confirmed,True,False,,,,,,,,,,False,False
/pbr/pokegra.narc,/pbr/pokegra.narc!/member_02538,0,/pbr/pokegra.narc,501,2538,,10208036,10214484,10184272,10190720,6448,21a2ed8932b891319a011306f2ebdee8cc843a1d042ac34e91e322dfc2b88aa7,5247434efffe00013019000010000100,,NCGR graphics,Confirmed,True,False,,,,,,,,,,False,False
/pbr/pokegra.narc,/pbr/pokegra.narc!/member_02539,0,/pbr/pokegra.narc,501,2539,,10214484,10220932,10190720,10197168,6448,21a2ed8932b891319a011306f2ebdee8cc843a1d042ac34e91e322dfc2b88aa7,5247434efffe00013019000010000100,,NCGR graphics,Confirmed,True,False,,,,,,,,,,False,False
/pbr/pokegra.narc,/pbr/pokegra.narc!/member_02540,0,/pbr/pokegra.narc,501,2540,,10220932,10227380,10197168,10203616,6448,c52a03ae6b92d7c4e9ab281c65208579137069595666962d9f37f1289bbdd635,5247434efffe00013019000010000100,,NCGR graphics,Confirmed,True,False,,,,,,,,,,False,False
/pbr/pokegra.narc,/pbr/pokegra.narc!/member_02541,0,/pbr/pokegra.narc,501,2541,,10227380,10233828,10203616,10210064,6448,c52a03ae6b92d7c4e9ab281c65208579137069595666962d9f37f1289bbdd635,5247434efffe00013019000010000100,,NCGR graphics,Confirmed,True,False,,,,,,,,,,False,False
/pbr/pokegra.narc,/pbr/pokegra.narc!/member_02542,0,/pbr/pokegra.narc,501,2542,,10233828,10233900,10210064,10210136,72,c219979716d856ef3625c070bfefc49ff3da7d5d198931f56297987b5800583d,524c434efffe00014800000010000100,,NCLR palette,Confirmed,True,False,,,,,,,,,,False,False
/pbr/pokegra.narc,/pbr/pokegra.narc!/member_02543,0,/pbr/pokegra.narc,501,2543,,10233900,10233972,10210136,10210208,72,c219979716d856ef3625c070bfefc49ff3da7d5d198931f56297987b5800583d,524c434efffe00014800000010000100,,NCLR palette,Confirmed,True,False,,,,,,,,,,False,False
/pbr/pokegra.narc,/pbr/pokegra.narc!/member_02544,0,/pbr/pokegra.narc,501,2544,,10233972,10240420,10210208,10216656,6448,f6c31b38b5f6d02aad1a33a3f6b41d966055ac518f6d77240ec29cccb5437f3c,5247434efffe00013019000010000100,,NCGR graphics,Confirmed,True,False,,,,,,,,,,False,False
/pbr/pokegra.narc,/pbr/pokegra.narc!/member_02545,0,/pbr/pokegra.narc,501,2545,,10240420,10246868,10216656,10223104,6448,bc8accf3f10b57eb811d25a99f35f6aad5efda70acc1a6f6e24c6a50d518a4f5,5247434efffe00013019000010000100,,NCGR graphics,Confirmed,True,False,,,,,,,,,,False,False
/pbr/pokegra.narc,/pbr/pokegra.narc!/member_02546,0,/pbr/pokegra.narc,501,2546,,10246868,10253316,10223104,10229552,6448,d9e5eff41d92940fe17481bce0dbaef7cd4a3d5025af1064f02c7bfd6b69f9ec,5247434efffe00013019000010000100,,NCGR graphics,Confirmed,True,False,,,,,,,,,,False,False
/pbr/pokegra.narc,/pbr/pokegra.narc!/member_02547,0,/pbr/pokegra.narc,501,2547,,10253316,10259764,10229552,10236000,6448,3df0415c6dc63d765756ca615168b697f3a80c200460cc9952e5d6f42491180c,5247434efffe00013019000010000100,,NCGR graphics,Confirmed,True,False,,,,,,,,,,False,False
/pbr/pokegra.narc,/pbr/pokegra.narc!/member_02548,0,/pbr/pokegra.narc,501,2548,,10259764,10259836,10236000,10236072,72,579d0337446f70ca414dcb3c220aaada17a1a5550c20291bc19a62a8de52218b,524c434efffe00014800000010000100,,NCLR palette,Confirmed,True,False,,,,,,,,,,False,False
/pbr/pokegra.narc,/pbr/pokegra.narc!/member_02549,0,/pbr/pokegra.narc,501,2549,,10259836,10259908,10236072,10236144,72,d4be33a1f081c3b9b02912c013d213571946eee9176bc7acda69d9b046cfbd42,524c434efffe00014800000010000100,,NCLR palette,Confirmed,True,False,,,,,,,,,,False,False
/pbr/pokegra.narc,/pbr/pokegra.narc!/member_02550,0,/pbr/pokegra.narc,501,2550,,10259908,10266356,10236144,10242592,6448,5322614cfccd6259849ab6bcaab1c0b3fb36c66f8c05d6ab9572b829bdd81550,5247434efffe00013019000010000100,,NCGR graphics,Confirmed,True,False,,,,,,,,,,False,False
/pbr/pokegra.narc,/pbr/pokegra.narc!/member_02551,0,/pbr/pokegra.narc,501,2551,,10266356,10272804,10242592,10249040,6448,5322614cfccd6259849ab6bcaab1c0b3fb36c66f8c05d6ab9572b829bdd81550,5247434efffe00013019000010000100,,NCGR graphics,Confirmed,True,False,,,,,,,,,,False,False
/pbr/pokegra.narc,/pbr/pokegra.narc!/member_02552,0,/pbr/pokegra.narc,501,2552,,10272804,10279252,10249040,10255488,6448,c5e7e51c30ed14741dfb1672e44910ac81b6a28d5025e3d293eb608036aca062,5247434efffe00013019000010000100,,NCGR graphics,Confirmed,True,False,,,,,,,,,,False,False
/pbr/pokegra.narc,/pbr/pokegra.narc!/member_02553,0,/pbr/pokegra.narc,501,2553,,10279252,10285700,10255488,10261936,6448,c5e7e51c30ed14741dfb1672e44910ac81b6a28d5025e3d293eb608036aca062,5247434efffe00013019000010000100,,NCGR graphics,Confirmed,True,False,,,,,,,,,,False,False
/pbr/pokegra.narc,/pbr/pokegra.narc!/member_02554,0,/pbr/pokegra.narc,501,2554,,10285700,10285772,10261936,10262008,72,ec2480758bb5e4a3b677e2c1728919a58d45fb7188e39ad43a4fda2815ec20d0,524c434efffe00014800000010000100,,NCLR palette,Confirmed,True,False,,,,,,,,,,False,False
/pbr/pokegra.narc,/pbr/pokegra.narc!/member_02555,0,/pbr/pokegra.narc,501,2555,,10285772,10285844,10262008,10262080,72,c5fae0764fd28c661a677b5c7d3c1bc8764ab73a4b84ce37c20f1327df189ec6,524c434efffe00014800000010000100,,NCLR palette,Confirmed,True,False,,,,,,,,,,False,False
/pbr/pokegra.narc,/pbr/pokegra.narc!/member_02556,0,/pbr/pokegra.narc,501,2556,,10285844,10292292,10262080,10268528,6448,b1843fdfb33d9410da3dfc672ceb4ed34661c99a2b045c54fc4cae010a43a79e,5247434efffe00013019000010000100,,NCGR graphics,Confirmed,True,False,,,,,,,,,,False,False
/pbr/pokegra.narc,/pbr/pokegra.narc!/member_02557,0,/pbr/pokegra.narc,501,2557,,10292292,10298740,10268528,10274976,6448,b1843fdfb33d9410da3dfc672ceb4ed34661c99a2b045c54fc4cae010a43a79e,5247434efffe00013019000010000100,,NCGR graphics,Confirmed,True,False,,,,,,,,,,False,False
/pbr/pokegra.narc,/pbr/pokegra.narc!/member_02558,0,/pbr/pokegra.narc,501,2558,,10298740,10305188,10274976,10281424,6448,37ae989a9d0150fd0ea60606127e2313c6f582b472ec32d5aa2abb9c09bc1016,5247434efffe00013019000010000100,,NCGR graphics,Confirmed,True,False,,,,,,,,,,False,False
/pbr/pokegra.narc,/pbr/pokegra.narc!/member_02559,0,/pbr/pokegra.narc,501,2559,,10305188,10311636,10281424,10287872,6448,37ae989a9d0150fd0ea60606127e2313c6f582b472ec32d5aa2abb9c09bc1016,5247434efffe00013019000010000100,,NCGR graphics,Confirmed,True,False,,,,,,,,,,False,False
/pbr/pokegra.narc,/pbr/pokegra.narc!/member_02560,0,/pbr/pokegra.narc,501,2560,,10311636,10311708,10287872,10287944,72,4f5107bacc32f90bd85d307127d0888340a436f202d3fedb5577d74c57f4fc23,524c434efffe00014800000010000100,,NCLR palette,Confirmed,True,False,,,,,,,,,,False,False
/pbr/pokegra.narc,/pbr/pokegra.narc!/member_02561,0,/pbr/pokegra.narc,501,2561,,10311708,10311780,10287944,10288016,72,e8f0948ef97ca1b4df9083f8c358007bd70a9d8aad44ea84fc212d7c9773f569,524c434efffe00014800000010000100,,NCLR palette,Confirmed,True,False,,,,,,,,,,False,False
/pbr/pokegra.narc,/pbr/pokegra.narc!/member_02562,0,/pbr/pokegra.narc,501,2562,,10311780,10318228,10288016,10294464,6448,d9f82d989bbbbbee3801e32a4cb586803da37e2c2a170cd42b7c50f1078fc1b7,5247434efffe00013019000010000100,,NCGR graphics,Confirmed,True,False,,,,,,,,,,False,False
/pbr/pokegra.narc,/pbr/pokegra.narc!/member_02563,0,/pbr/pokegra.narc,501,2563,,10318228,10324676,10294464,10300912,6448,d9f82d989bbbbbee3801e32a4cb586803da37e2c2a170cd42b7c50f1078fc1b7,5247434efffe00013019000010000100,,NCGR graphics,Confirmed,True,False,,,,,,,,,,False,False
/pbr/pokegra.narc,/pbr/pokegra.narc!/member_02564,0,/pbr/pokegra.narc,501,2564,,10324676,10331124,10300912,10307360,6448,d5fb6ed668a379440317e86543f6c543f4bf13c32de7dcb3400afae6872fde80,5247434efffe00013019000010000100,,NCGR graphics,Confirmed,True,False,,,,,,,,,,False,False
/pbr/pokegra.narc,/pbr/pokegra.narc!/member_02565,0,/pbr/pokegra.narc,501,2565,,10331124,10337572,10307360,10313808,6448,d5fb6ed668a379440317e86543f6c543f4bf13c32de7dcb3400afae6872fde80,5247434efffe00013019000010000100,,NCGR graphics,Confirmed,True,False,,,,,,,,,,False,False
/pbr/pokegra.narc,/pbr/pokegra.narc!/member_02566,0,/pbr/pokegra.narc,501,2566,,10337572,10337644,10313808,10313880,72,2e94bc2a7077f33c662f9bebc34b8e88ebe901e27e76d6faaae0001e82b5b489,524c434efffe00014800000010000100,,NCLR palette,Confirmed,True,False,,,,,,,,,,False,False
/pbr/pokegra.narc,/pbr/pokegra.narc!/member_02567,0,/pbr/pokegra.narc,501,2567,,10337644,10337716,10313880,10313952,72,caa6b0f5b8cc3d6ca5e857d3b5a605cc58e5defcef075246e66cd1bf2aed89dc,524c434efffe00014800000010000100,,NCLR palette,Confirmed,True,False,,,,,,,,,,False,False
/pbr/pokegra.narc,/pbr/pokegra.narc!/member_02568,0,/pbr/pokegra.narc,501,2568,,10337716,10344164,10313952,10320400,6448,6cdd6ce45c35bf01068ccbc3e5d9f9b607727a2fc80b668c48e9ba764cb7673d,5247434efffe00013019000010000100,,NCGR graphics,Confirmed,True,False,,,,,,,,,,False,False
/pbr/pokegra.narc,/pbr/pokegra.narc!/member_02569,0,/pbr/pokegra.narc,501,2569,,10344164,10350612,10320400,10326848,6448,6cdd6ce45c35bf01068ccbc3e5d9f9b607727a2fc80b668c48e9ba764cb7673d,5247434efffe00013019000010000100,,NCGR graphics,Confirmed,True,False,,,,,,,,,,False,False
/pbr/pokegra.narc,/pbr/pokegra.narc!/member_02570,0,/pbr/pokegra.narc,501,2570,,10350612,10357060,10326848,10333296,6448,05ea210f628997ce87729174d7f69d03168bcff912131e73e2b989a393f1a087,5247434efffe00013019000010000100,,NCGR graphics,Confirmed,True,False,,,,,,,,,,False,False
/pbr/pokegra.narc,/pbr/pokegra.narc!/member_02571,0,/pbr/pokegra.narc,501,2571,,10357060,10363508,10333296,10339744,6448,05ea210f628997ce87729174d7f69d03168bcff912131e73e2b989a393f1a087,5247434efffe00013019000010000100,,NCGR graphics,Confirmed,True,False,,,,,,,,,,False,False
/pbr/pokegra.narc,/pbr/pokegra.narc!/member_02572,0,/pbr/pokegra.narc,501,2572,,10363508,10363580,10339744,10339816,72,0189ed5ef8e09c2c86329e46e75ad4bcada165d79cf3e6b5681f40998c3e6458,524c434efffe00014800000010000100,,NCLR palette,Confirmed,True,False,,,,,,,,,,False,False
/pbr/pokegra.narc,/pbr/pokegra.narc!/member_02573,0,/pbr/pokegra.narc,501,2573,,10363580,10363652,10339816,10339888,72,f067baf5095dc5c95ea5901b15d18587afc843f1d73e6638c8a6c93af0e3e628,524c434efffe00014800000010000100,,NCLR palette,Confirmed,True,False,,,,,,,,,,False,False
/pbr/pokegra.narc,/pbr/pokegra.narc!/member_02574,0,/pbr/pokegra.narc,501,2574,,10363652,10370100,10339888,10346336,6448,8867e0b6425fe1f703663423b3921458941209d734581558692b5ef8f13f4b2e,5247434efffe00013019000010000100,,NCGR graphics,Confirmed,True,False,,,,,,,,,,False,False
/pbr/pokegra.narc,/pbr/pokegra.narc!/member_02575,0,/pbr/pokegra.narc,501,2575,,10370100,10376548,10346336,10352784,6448,8867e0b6425fe1f703663423b3921458941209d734581558692b5ef8f13f4b2e,5247434efffe00013019000010000100,,NCGR graphics,Confirmed,True,False,,,,,,,,,,False,False
/pbr/pokegra.narc,/pbr/pokegra.narc!/member_02576,0,/pbr/pokegra.narc,501,2576,,10376548,10382996,10352784,10359232,6448,5b46f88ee469408a53201619554f2c1d212797fa074cbfa2f44bdeb1f0f6fef6,5247434efffe00013019000010000100,,NCGR graphics,Confirmed,True,False,,,,,,,,,,False,False
/pbr/pokegra.narc,/pbr/pokegra.narc!/member_02577,0,/pbr/pokegra.narc,501,2577,,10382996,10389444,10359232,10365680,6448,5b46f88ee469408a53201619554f2c1d212797fa074cbfa2f44bdeb1f0f6fef6,5247434efffe00013019000010000100,,NCGR graphics,Confirmed,True,False,,,,,,,,,,False,False
/pbr/pokegra.narc,/pbr/pokegra.narc!/member_02578,0,/pbr/pokegra.narc,501,2578,,10389444,10389516,10365680,10365752,72,90c80fc05ca057ad8e57dccd4ee1dcb1b2ea3b2dfb7907f8d675ec06c76bdfbb,524c434efffe00014800000010000100,,NCLR palette,Confirmed,True,False,,,,,,,,,,False,False
/pbr/pokegra.narc,/pbr/pokegra.narc!/member_02579,0,/pbr/pokegra.narc,501,2579,,10389516,10389588,10365752,10365824,72,07000e28ffaa8d521233c084e51334c88462728997a6886de60ae0dbae0a3228,524c434efffe00014800000010000100,,NCLR palette,Confirmed,True,False,,,,,,,,,,False,False
/pbr/pokegra.narc,/pbr/pokegra.narc!/member_02580,0,/pbr/pokegra.narc,501,2580,,10389588,10396036,10365824,10372272,6448,9681aedca32d9d927852be09176cfb8a142786ac8f8f72061372d44c57197e00,5247434efffe00013019000010000100,,NCGR graphics,Confirmed,True,False,,,,,,,,,,False,False
/pbr/pokegra.narc,/pbr/pokegra.narc!/member_02581,0,/pbr/pokegra.narc,501,2581,,10396036,10402484,10372272,10378720,6448,9681aedca32d9d927852be09176cfb8a142786ac8f8f72061372d44c57197e00,5247434efffe00013019000010000100,,NCGR graphics,Confirmed,True,False,,,,,,,,,,False,False
/pbr/pokegra.narc,/pbr/pokegra.narc!/member_02582,0,/pbr/pokegra.narc,501,2582,,10402484,10408932,10378720,10385168,6448,736558bb9d9d3b5864166b4a66de9121f5aee4761f699b8e550e0aa4008e5bbb,5247434efffe00013019000010000100,,NCGR graphics,Confirmed,True,False,,,,,,,,,,False,False
/pbr/pokegra.narc,/pbr/pokegra.narc!/member_02583,0,/pbr/pokegra.narc,501,2583,,10408932,10415380,10385168,10391616,6448,736558bb9d9d3b5864166b4a66de9121f5aee4761f699b8e550e0aa4008e5bbb,5247434efffe00013019000010000100,,NCGR graphics,Confirmed,True,False,,,,,,,,,,False,False
/pbr/pokegra.narc,/pbr/pokegra.narc!/member_02584,0,/pbr/pokegra.narc,501,2584,,10415380,10415452,10391616,10391688,72,6f986f8e8e89348750466f848749d039ede62f00d10ad4a01598ac85b3f5e424,524c434efffe00014800000010000100,,NCLR palette,Confirmed,True,False,,,,,,,,,,False,False
/pbr/pokegra.narc,/pbr/pokegra.narc!/member_02585,0,/pbr/pokegra.narc,501,2585,,10415452,10415524,10391688,10391760,72,9794726a9e6e6b62e21cea23a23485c6532a03e6fc3f1faa84ae02cd582ac7ea,524c434efffe00014800000010000100,,NCLR palette,Confirmed,True,False,,,,,,,,,,False,False
/pbr/pokegra.narc,/pbr/pokegra.narc!/member_02586,0,/pbr/pokegra.narc,501,2586,,10415524,10421972,10391760,10398208,6448,c6eeda4cbe0eb34b6fdd4590d1f531cf9cd3cfc784ebc44a0cbf16840b5c0bd2,5247434efffe00013019000010000100,,NCGR graphics,Confirmed,True,False,,,,,,,,,,False,False
/pbr/pokegra.narc,/pbr/pokegra.narc!/member_02587,0,/pbr/pokegra.narc,501,2587,,10421972,10428420,10398208,10404656,6448,c6eeda4cbe0eb34b6fdd4590d1f531cf9cd3cfc784ebc44a0cbf16840b5c0bd2,5247434efffe00013019000010000100,,NCGR graphics,Confirmed,True,False,,,,,,,,,,False,False
/pbr/pokegra.narc,/pbr/pokegra.narc!/member_02588,0,/pbr/pokegra.narc,501,2588,,10428420,10434868,10404656,10411104,6448,f07202f5bda45110fafb055f300f0de5fa3d3d4d9ab33749c489722920990cf6,5247434efffe00013019000010000100,,NCGR graphics,Confirmed,True,False,,,,,,,,,,False,False
/pbr/pokegra.narc,/pbr/pokegra.narc!/member_02589,0,/pbr/pokegra.narc,501,2589,,10434868,10441316,10411104,10417552,6448,f07202f5bda45110fafb055f300f0de5fa3d3d4d9ab33749c489722920990cf6,5247434efffe00013019000010000100,,NCGR graphics,Confirmed,True,False,,,,,,,,,,False,False
/pbr/pokegra.narc,/pbr/pokegra.narc!/member_02590,0,/pbr/pokegra.narc,501,2590,,10441316,10441388,10417552,10417624,72,144ec8859fb71ca41dda02795898fb8a8b67137b859dd71289967fb98171341d,524c434efffe00014800000010000100,,NCLR palette,Confirmed,True,False,,,,,,,,,,False,False
/pbr/pokegra.narc,/pbr/pokegra.narc!/member_02591,0,/pbr/pokegra.narc,501,2591,,10441388,10441460,10417624,10417696,72,065e6357c0d6179985cc0cfdf6c35f7432e1197c103f46748129fabccb70faa7,524c434efffe00014800000010000100,,NCLR palette,Confirmed,True,False,,,,,,,,,,False,False
/pbr/pokegra.narc,/pbr/pokegra.narc!/member_02592,0,/pbr/pokegra.narc,501,2592,,10441460,10447908,10417696,10424144,6448,524cc218e02ce14f633c114206815a325042fda0c5c92ef9d253ab1c57ed9d49,5247434efffe00013019000010000100,,NCGR graphics,Confirmed,True,False,,,,,,,,,,False,False
/pbr/pokegra.narc,/pbr/pokegra.narc!/member_02593,0,/pbr/pokegra.narc,501,2593,,10447908,10454356,10424144,10430592,6448,524cc218e02ce14f633c114206815a325042fda0c5c92ef9d253ab1c57ed9d49,5247434efffe00013019000010000100,,NCGR graphics,Confirmed,True,False,,,,,,,,,,False,False
/pbr/pokegra.narc,/pbr/pokegra.narc!/member_02594,0,/pbr/pokegra.narc,501,2594,,10454356,10460804,10430592,10437040,6448,444d029e633d2c4949487f52a539e6db8c56924641a146793d2cc7c77d89cccc,5247434efffe00013019000010000100,,NCGR graphics,Confirmed,True,False,,,,,,,,,,False,False
/pbr/pokegra.narc,/pbr/pokegra.narc!/member_02595,0,/pbr/pokegra.narc,501,2595,,10460804,10467252,10437040,10443488,6448,444d029e633d2c4949487f52a539e6db8c56924641a146793d2cc7c77d89cccc,5247434efffe00013019000010000100,,NCGR graphics,Confirmed,True,False,,,,,,,,,,False,False
/pbr/pokegra.narc,/pbr/pokegra.narc!/member_02596,0,/pbr/pokegra.narc,501,2596,,10467252,10467324,10443488,10443560,72,8f9d3de8fcaf30e2d3202f1e225a01dc1fd0716003201df2fd0d12c7b6394443,524c434efffe00014800000010000100,,NCLR palette,Confirmed,True,False,,,,,,,,,,False,False
/pbr/pokegra.narc,/pbr/pokegra.narc!/member_02597,0,/pbr/pokegra.narc,501,2597,,10467324,10467396,10443560,10443632,72,5e5ad8725fff454d111ee22938409af1f098b391eda290ba428c9a2145f7966e,524c434efffe00014800000010000100,,NCLR palette,Confirmed,True,False,,,,,,,,,,False,False
/pbr/pokegra.narc,/pbr/pokegra.narc!/member_02598,0,/pbr/pokegra.narc,501,2598,,10467396,10473844,10443632,10450080,6448,8bc18b6dcf83f02860577ea0836c3b391c1f7c96941af304e3346a244cbce358,5247434efffe00013019000010000100,,NCGR graphics,Confirmed,True,False,,,,,,,,,,False,False
/pbr/pokegra.narc,/pbr/pokegra.narc!/member_02599,0,/pbr/pokegra.narc,501,2599,,10473844,10480292,10450080,10456528,6448,8bc18b6dcf83f02860577ea0836c3b391c1f7c96941af304e3346a244cbce358,5247434efffe00013019000010000100,,NCGR graphics,Confirmed,True,False,,,,,,,,,,False,False
/pbr/pokegra.narc,/pbr/pokegra.narc!/member_02600,0,/pbr/pokegra.narc,501,2600,,10480292,10486740,10456528,10462976,6448,51f58d7da6a95b9b183e5ecbd2458cbdd4e754d871c3b40979a975cc14218e60,5247434efffe00013019000010000100,,NCGR graphics,Confirmed,True,False,,,,,,,,,,False,False
/pbr/pokegra.narc,/pbr/pokegra.narc!/member_02601,0,/pbr/pokegra.narc,501,2601,,10486740,10493188,10462976,10469424,6448,51f58d7da6a95b9b183e5ecbd2458cbdd4e754d871c3b40979a975cc14218e60,5247434efffe00013019000010000100,,NCGR graphics,Confirmed,True,False,,,,,,,,,,False,False
/pbr/pokegra.narc,/pbr/pokegra.narc!/member_02602,0,/pbr/pokegra.narc,501,2602,,10493188,10493260,10469424,10469496,72,5a989e6f63a89a9c36cc47ee88807f083164880f178de34f43b88a36882d7a22,524c434efffe00014800000010000100,,NCLR palette,Confirmed,True,False,,,,,,,,,,False,False
/pbr/pokegra.narc,/pbr/pokegra.narc!/member_02603,0,/pbr/pokegra.narc,501,2603,,10493260,10493332,10469496,10469568,72,6fff09b68fad1684d64e19738a96474e244127c0075a2eab855ab28024309274,524c434efffe00014800000010000100,,NCLR palette,Confirmed,True,False,,,,,,,,,,False,False
/pbr/pokegra.narc,/pbr/pokegra.narc!/member_02604,0,/pbr/pokegra.narc,501,2604,,10493332,10499780,10469568,10476016,6448,dd81af9e7dd050f5c30b270d521acbf74d9f87bbdb97b4629390cdae6f18a619,5247434efffe00013019000010000100,,NCGR graphics,Confirmed,True,False,,,,,,,,,,False,False
/pbr/pokegra.narc,/pbr/pokegra.narc!/member_02605,0,/pbr/pokegra.narc,501,2605,,10499780,10506228,10476016,10482464,6448,dd81af9e7dd050f5c30b270d521acbf74d9f87bbdb97b4629390cdae6f18a619,5247434efffe00013019000010000100,,NCGR graphics,Confirmed,True,False,,,,,,,,,,False,False
/pbr/pokegra.narc,/pbr/pokegra.narc!/member_02606,0,/pbr/pokegra.narc,501,2606,,10506228,10512676,10482464,10488912,6448,5b4cf8b7d30b7c5a5d873a3bd059bf1555dd1d209e5badbbe772586717ba08bc,5247434efffe00013019000010000100,,NCGR graphics,Confirmed,True,False,,,,,,,,,,False,False
/pbr/pokegra.narc,/pbr/pokegra.narc!/member_02607,0,/pbr/pokegra.narc,501,2607,,10512676,10519124,10488912,10495360,6448,5b4cf8b7d30b7c5a5d873a3bd059bf1555dd1d209e5badbbe772586717ba08bc,5247434efffe00013019000010000100,,NCGR graphics,Confirmed,True,False,,,,,,,,,,False,False
/pbr/pokegra.narc,/pbr/pokegra.narc!/member_02608,0,/pbr/pokegra.narc,501,2608,,10519124,10519196,10495360,10495432,72,328096fa87cb97102d2daaa0e68b13f9a0dc9359913cc8c6dde0d38a81a4d7df,524c434efffe00014800000010000100,,NCLR palette,Confirmed,True,False,,,,,,,,,,False,False
/pbr/pokegra.narc,/pbr/pokegra.narc!/member_02609,0,/pbr/pokegra.narc,501,2609,,10519196,10519268,10495432,10495504,72,23af15684b2dde67a2badcdfb5d1c4bee7d9b9bee06f8fafa2dad7cef149bb03,524c434efffe00014800000010000100,,NCLR palette,Confirmed,True,False,,,,,,,,,,False,False
/pbr/pokegra.narc,/pbr/pokegra.narc!/member_02610,0,/pbr/pokegra.narc,501,2610,,10519268,10525716,10495504,10501952,6448,43ceffaad0a33ca1d4620e7aa8781c374fdc0f625425b16e9e3ed8c3f2d9b552,5247434efffe00013019000010000100,,NCGR graphics,Confirmed,True,False,,,,,,,,,,False,False
/pbr/pokegra.narc,/pbr/pokegra.narc!/member_02611,0,/pbr/pokegra.narc,501,2611,,10525716,10532164,10501952,10508400,6448,43ceffaad0a33ca1d4620e7aa8781c374fdc0f625425b16e9e3ed8c3f2d9b552,5247434efffe00013019000010000100,,NCGR graphics,Confirmed,True,False,,,,,,,,,,False,False
/pbr/pokegra.narc,/pbr/pokegra.narc!/member_02612,0,/pbr/pokegra.narc,501,2612,,10532164,10538612,10508400,10514848,6448,baca6a26c0de5bc85f94799e240b5bbbc9e0fa1e789d63a4d720071b45da25c7,5247434efffe00013019000010000100,,NCGR graphics,Confirmed,True,False,,,,,,,,,,False,False
/pbr/pokegra.narc,/pbr/pokegra.narc!/member_02613,0,/pbr/pokegra.narc,501,2613,,10538612,10545060,10514848,10521296,6448,baca6a26c0de5bc85f94799e240b5bbbc9e0fa1e789d63a4d720071b45da25c7,5247434efffe00013019000010000100,,NCGR graphics,Confirmed,True,False,,,,,,,,,,False,False
/pbr/pokegra.narc,/pbr/pokegra.narc!/member_02614,0,/pbr/pokegra.narc,501,2614,,10545060,10545132,10521296,10521368,72,328096fa87cb97102d2daaa0e68b13f9a0dc9359913cc8c6dde0d38a81a4d7df,524c434efffe00014800000010000100,,NCLR palette,Confirmed,True,False,,,,,,,,,,False,False
/pbr/pokegra.narc,/pbr/pokegra.narc!/member_02615,0,/pbr/pokegra.narc,501,2615,,10545132,10545204,10521368,10521440,72,23af15684b2dde67a2badcdfb5d1c4bee7d9b9bee06f8fafa2dad7cef149bb03,524c434efffe00014800000010000100,,NCLR palette,Confirmed,True,False,,,,,,,,,,False,False
/pbr/pokegra.narc,/pbr/pokegra.narc!/member_02616,0,/pbr/pokegra.narc,501,2616,,10545204,10545204,10521440,10521440,0,e3b0c44298fc1c149afbf4c8996fb92427ae41e4649b934ca495991b7852b855,,,,,,False,,,,,,,,,,False,False
/pbr/pokegra.narc,/pbr/pokegra.narc!/member_02617,0,/pbr/pokegra.narc,501,2617,,10545204,10551652,10521440,10527888,6448,cf295703a1ee1c5240292e59601d8987214f519e6e273c117645c8c2f9018752,5247434efffe00013019000010000100,,NCGR graphics,Confirmed,True,False,,,,,,,,,,False,False
/pbr/pokegra.narc,/pbr/pokegra.narc!/member_02618,0,/pbr/pokegra.narc,501,2618,,10551652,10551652,10527888,10527888,0,e3b0c44298fc1c149afbf4c8996fb92427ae41e4649b934ca495991b7852b855,,,,,,False,,,,,,,,,,False,False
/pbr/pokegra.narc,/pbr/pokegra.narc!/member_02619,0,/pbr/pokegra.narc,501,2619,,10551652,10558100,10527888,10534336,6448,b7d24089c7168224c365aa285eb09708d584ab63ec5cfe215f6c808b5137cb5a,5247434efffe00013019000010000100,,NCGR graphics,Confirmed,True,False,,,,,,,,,,False,False
/pbr/pokegra.narc,/pbr/pokegra.narc!/member_02620,0,/pbr/pokegra.narc,501,2620,,10558100,10558172,10534336,10534408,72,4adc736935a67c31902bbc5ee52f2a5f3e6c8aa454c2c4040c096f818db480d3,524c434efffe00014800000010000100,,NCLR palette,Confirmed,True,False,,,,,,,,,,False,False
/pbr/pokegra.narc,/pbr/pokegra.narc!/member_02621,0,/pbr/pokegra.narc,501,2621,,10558172,10558244,10534408,10534480,72,b785a777df74cb0678e9ec63eb23fa2baa6b536c041580d69b492310b9454785,524c434efffe00014800000010000100,,NCLR palette,Confirmed,True,False,,,,,,,,,,False,False
/pbr/pokegra.narc,/pbr/pokegra.narc!/member_02622,0,/pbr/pokegra.narc,501,2622,,10558244,10558244,10534480,10534480,0,e3b0c44298fc1c149afbf4c8996fb92427ae41e4649b934ca495991b7852b855,,,,,,False,,,,,,,,,,False,False
/pbr/pokegra.narc,/pbr/pokegra.narc!/member_02623,0,/pbr/pokegra.narc,501,2623,,10558244,10564692,10534480,10540928,6448,03236f338a7aa527ba6a18211446d47f99feeb2395f24322514784221d2a2bc5,5247434efffe00013019000010000100,,NCGR graphics,Confirmed,True,False,,,,,,,,,,False,False
/pbr/pokegra.narc,/pbr/pokegra.narc!/member_02624,0,/pbr/pokegra.narc,501,2624,,10564692,10564692,10540928,10540928,0,e3b0c44298fc1c149afbf4c8996fb92427ae41e4649b934ca495991b7852b855,,,,,,False,,,,,,,,,,False,False
/pbr/pokegra.narc,/pbr/pokegra.narc!/member_02625,0,/pbr/pokegra.narc,501,2625,,10564692,10571140,10540928,10547376,6448,fd78d3751ced643f89aff1ce9a433d71350c704c7998a64ab7858f1c10143cc2,5247434efffe00013019000010000100,,NCGR graphics,Confirmed,True,False,,,,,,,,,,False,False
/pbr/pokegra.narc,/pbr/pokegra.narc!/member_02626,0,/pbr/pokegra.narc,501,2626,,10571140,10571212,10547376,10547448,72,58d821df06f062de0e0f9c10ccb9458172dd62f5b637caeb1c3525e98fde16e9,524c434efffe00014800000010000100,,NCLR palette,Confirmed,True,False,,,,,,,,,,False,False
/pbr/pokegra.narc,/pbr/pokegra.narc!/member_02627,0,/pbr/pokegra.narc,501,2627,,10571212,10571284,10547448,10547520,72,dfbc04bc895c6888db2e48aa26678564bde156e023e815eabbd2c79d5235edec,524c434efffe00014800000010000100,,NCLR palette,Confirmed,True,False,,,,,,,,,,False,False
/pbr/pokegra.narc,/pbr/pokegra.narc!/member_02628,0,/pbr/pokegra.narc,501,2628,,10571284,10577732,10547520,10553968,6448,8be8c8d0dea7e6380037f5313dc685c7247ad64bb85204b6ec08f6f69829caff,5247434efffe00013019000010000100,,NCGR graphics,Confirmed,True,False,,,,,,,,,,False,False
/pbr/pokegra.narc,/pbr/pokegra.narc!/member_02629,0,/pbr/pokegra.narc,501,2629,,10577732,10584180,10553968,10560416,6448,8be8c8d0dea7e6380037f5313dc685c7247ad64bb85204b6ec08f6f69829caff,5247434efffe00013019000010000100,,NCGR graphics,Confirmed,True,False,,,,,,,,,,False,False
/pbr/pokegra.narc,/pbr/pokegra.narc!/member_02630,0,/pbr/pokegra.narc,501,2630,,10584180,10590628,10560416,10566864,6448,6102f541ca8545ea5d69e8bb060bc001a8a9314bc3c21f6ba001d1aa445b5786,5247434efffe00013019000010000100,,NCGR graphics,Confirmed,True,False,,,,,,,,,,False,False
/pbr/pokegra.narc,/pbr/pokegra.narc!/member_02631,0,/pbr/pokegra.narc,501,2631,,10590628,10597076,10566864,10573312,6448,6102f541ca8545ea5d69e8bb060bc001a8a9314bc3c21f6ba001d1aa445b5786,5247434efffe00013019000010000100,,NCGR graphics,Confirmed,True,False,,,,,,,,,,False,False
/pbr/pokegra.narc,/pbr/pokegra.narc!/member_02632,0,/pbr/pokegra.narc,501,2632,,10597076,10597148,10573312,10573384,72,459239f5e0d0e8c7739dd0349ace6ef204bb29dd647b7b53af79bf948a518de6,524c434efffe00014800000010000100,,NCLR palette,Confirmed,True,False,,,,,,,,,,False,False
/pbr/pokegra.narc,/pbr/pokegra.narc!/member_02633,0,/pbr/pokegra.narc,501,2633,,10597148,10597220,10573384,10573456,72,35b2063b9d2e23cdd38fff46d9e4954ca2a301e31483a0998cc5c70037b04065,524c434efffe00014800000010000100,,NCLR palette,Confirmed,True,False,,,,,,,,,,False,False
/pbr/pokegra.narc,/pbr/pokegra.narc!/member_02634,0,/pbr/pokegra.narc,501,2634,,10597220,10603668,10573456,10579904,6448,eb581ded84bc139e5fe3c62e45dfafdf37b48ac9bcb0487b36986491def1e5a0,5247434efffe00013019000010000100,,NCGR graphics,Confirmed,True,False,,,,,,,,,,False,False
/pbr/pokegra.narc,/pbr/pokegra.narc!/member_02635,0,/pbr/pokegra.narc,501,2635,,10603668,10610116,10579904,10586352,6448,eb581ded84bc139e5fe3c62e45dfafdf37b48ac9bcb0487b36986491def1e5a0,5247434efffe00013019000010000100,,NCGR graphics,Confirmed,True,False,,,,,,,,,,False,False
/pbr/pokegra.narc,/pbr/pokegra.narc!/member_02636,0,/pbr/pokegra.narc,501,2636,,10610116,10616564,10586352,10592800,6448,062c02c45818758b90a91d477a35bca7e4ab729a734b89b02b3c8ccc797d9c2e,5247434efffe00013019000010000100,,NCGR graphics,Confirmed,True,False,,,,,,,,,,False,False
/pbr/pokegra.narc,/pbr/pokegra.narc!/member_02637,0,/pbr/pokegra.narc,501,2637,,10616564,10623012,10592800,10599248,6448,062c02c45818758b90a91d477a35bca7e4ab729a734b89b02b3c8ccc797d9c2e,5247434efffe00013019000010000100,,NCGR graphics,Confirmed,True,False,,,,,,,,,,False,False
/pbr/pokegra.narc,/pbr/pokegra.narc!/member_02638,0,/pbr/pokegra.narc,501,2638,,10623012,10623084,10599248,10599320,72,2675a105052164678fc39beab9fde63b990e1a22842e1ec3a8ecdea3ae7c8134,524c434efffe00014800000010000100,,NCLR palette,Confirmed,True,False,,,,,,,,,,False,False
/pbr/pokegra.narc,/pbr/pokegra.narc!/member_02639,0,/pbr/pokegra.narc,501,2639,,10623084,10623156,10599320,10599392,72,8df902c8748f32e3ab65071237d48cccd2fad70139bc433015ce9a0e20a29bde,524c434efffe00014800000010000100,,NCLR palette,Confirmed,True,False,,,,,,,,,,False,False
/pbr/pokegra.narc,/pbr/pokegra.narc!/member_02640,0,/pbr/pokegra.narc,501,2640,,10623156,10629604,10599392,10605840,6448,0ac5f879cbfb0bcf2f63db35b138b946b46a01ed62908bc0abebf48a4a3dadd4,5247434efffe00013019000010000100,,NCGR graphics,Confirmed,True,False,,,,,,,,,,False,False
/pbr/pokegra.narc,/pbr/pokegra.narc!/member_02641,0,/pbr/pokegra.narc,501,2641,,10629604,10629604,10605840,10605840,0,e3b0c44298fc1c149afbf4c8996fb92427ae41e4649b934ca495991b7852b855,,,,,,False,,,,,,,,,,False,False
/pbr/pokegra.narc,/pbr/pokegra.narc!/member_02642,0,/pbr/pokegra.narc,501,2642,,10629604,10636052,10605840,10612288,6448,25a092c1c4fa351ccc57630151635f2b8dc09c77c4f52662c6dd45feabb4f5e5,5247434efffe00013019000010000100,,NCGR graphics,Confirmed,True,False,,,,,,,,,,False,False
/pbr/pokegra.narc,/pbr/pokegra.narc!/member_02643,0,/pbr/pokegra.narc,501,2643,,10636052,10636052,10612288,10612288,0,e3b0c44298fc1c149afbf4c8996fb92427ae41e4649b934ca495991b7852b855,,,,,,False,,,,,,,,,,False,False
/pbr/pokegra.narc,/pbr/pokegra.narc!/member_02644,0,/pbr/pokegra.narc,501,2644,,10636052,10636124,10612288,10612360,72,43a9b3117549c98129a84cc784db93541bb015325795dbcc799bc5fc7a480e52,524c434efffe00014800000010000100,,NCLR palette,Confirmed,True,False,,,,,,,,,,False,False
/pbr/pokegra.narc,/pbr/pokegra.narc!/member_02645,0,/pbr/pokegra.narc,501,2645,,10636124,10636196,10612360,10612432,72,dd59fcba8a87990ce59e98e1ce85048481846040d67a4fa7faefce7e6dbf0c48,524c434efffe00014800000010000100,,NCLR palette,Confirmed,True,False,,,,,,,,,,False,False
/pbr/pokegra.narc,/pbr/pokegra.narc!/member_02646,0,/pbr/pokegra.narc,501,2646,,10636196,10642644,10612432,10618880,6448,a82dcfa908172d670973d650dc7f9a1321af20f0fb76a230f26f0bec37b3b18d,5247434efffe00013019000010000100,,NCGR graphics,Confirmed,True,False,,,,,,,,,,False,False
/pbr/pokegra.narc,/pbr/pokegra.narc!/member_02647,0,/pbr/pokegra.narc,501,2647,,10642644,10649092,10618880,10625328,6448,a82dcfa908172d670973d650dc7f9a1321af20f0fb76a230f26f0bec37b3b18d,5247434efffe00013019000010000100,,NCGR graphics,Confirmed,True,False,,,,,,,,,,False,False
/pbr/pokegra.narc,/pbr/pokegra.narc!/member_02648,0,/pbr/pokegra.narc,501,2648,,10649092,10655540,10625328,10631776,6448,2c2b5b0f9ff33d87fa6238de043a271941d87f85bdab06a651a35c9db593dbe9,5247434efffe00013019000010000100,,NCGR graphics,Confirmed,True,False,,,,,,,,,,False,False
/pbr/pokegra.narc,/pbr/pokegra.narc!/member_02649,0,/pbr/pokegra.narc,501,2649,,10655540,10661988,10631776,10638224,6448,2c2b5b0f9ff33d87fa6238de043a271941d87f85bdab06a651a35c9db593dbe9,5247434efffe00013019000010000100,,NCGR graphics,Confirmed,True,False,,,,,,,,,,False,False
/pbr/pokegra.narc,/pbr/pokegra.narc!/member_02650,0,/pbr/pokegra.narc,501,2650,,10661988,10662060,10638224,10638296,72,178f3c6fd4640ae6a660055b15710736852064ecec4e8fb2fc6980782aa02d7e,524c434efffe00014800000010000100,,NCLR palette,Confirmed,True,False,,,,,,,,,,False,False
/pbr/pokegra.narc,/pbr/pokegra.narc!/member_02651,0,/pbr/pokegra.narc,501,2651,,10662060,10662132,10638296,10638368,72,da8d07ff15fe702cca12c65112c9d15eee04df58b906d05aa9e52340a2451e08,524c434efffe00014800000010000100,,NCLR palette,Confirmed,True,False,,,,,,,,,,False,False
/pbr/pokegra.narc,/pbr/pokegra.narc!/member_02652,0,/pbr/pokegra.narc,501,2652,,10662132,10668580,10638368,10644816,6448,a40ccb43a11063568a3281aa38d56fbe89e9e0b361b8efebf8954aade95d22cd,5247434efffe00013019000010000100,,NCGR graphics,Confirmed,True,False,,,,,,,,,,False,False
/pbr/pokegra.narc,/pbr/pokegra.narc!/member_02653,0,/pbr/pokegra.narc,501,2653,,10668580,10675028,10644816,10651264,6448,a40ccb43a11063568a3281aa38d56fbe89e9e0b361b8efebf8954aade95d22cd,5247434efffe00013019000010000100,,NCGR graphics,Confirmed,True,False,,,,,,,,,,False,False
/pbr/pokegra.narc,/pbr/pokegra.narc!/member_02654,0,/pbr/pokegra.narc,501,2654,,10675028,10681476,10651264,10657712,6448,ef58cc93a5a11019fabcf5db6917d2c9284d16a4a3d857d39ff7b78e170625f1,5247434efffe00013019000010000100,,NCGR graphics,Confirmed,True,False,,,,,,,,,,False,False
/pbr/pokegra.narc,/pbr/pokegra.narc!/member_02655,0,/pbr/pokegra.narc,501,2655,,10681476,10687924,10657712,10664160,6448,ef58cc93a5a11019fabcf5db6917d2c9284d16a4a3d857d39ff7b78e170625f1,5247434efffe00013019000010000100,,NCGR graphics,Confirmed,True,False,,,,,,,,,,False,False
/pbr/pokegra.narc,/pbr/pokegra.narc!/member_02656,0,/pbr/pokegra.narc,501,2656,,10687924,10687996,10664160,10664232,72,4777349149e3e24b0bd8906d0bbc5fae424a672f3c4f387531caf6702e3f3c8d,524c434efffe00014800000010000100,,NCLR palette,Confirmed,True,False,,,,,,,,,,False,False
/pbr/pokegra.narc,/pbr/pokegra.narc!/member_02657,0,/pbr/pokegra.narc,501,2657,,10687996,10688068,10664232,10664304,72,2505eb0b0603640d34feb69baff7396bbf955e4b749991a059345a7ef7d7310c,524c434efffe00014800000010000100,,NCLR palette,Confirmed,True,False,,,,,,,,,,False,False
/pbr/pokegra.narc,/pbr/pokegra.narc!/member_02658,0,/pbr/pokegra.narc,501,2658,,10688068,10694516,10664304,10670752,6448,91a2075ed300f96e2012f3933d0036edbc97fa572071f2a32b949f210de09f3b,5247434efffe00013019000010000100,,NCGR graphics,Confirmed,True,False,,,,,,,,,,False,False
/pbr/pokegra.narc,/pbr/pokegra.narc!/member_02659,0,/pbr/pokegra.narc,501,2659,,10694516,10700964,10670752,10677200,6448,f4c6dfdd4890db77f70e897e86f4751e14a85227538c6ec1714ba54dc51d5109,5247434efffe00013019000010000100,,NCGR graphics,Confirmed,True,False,,,,,,,,,,False,False
/pbr/pokegra.narc,/pbr/pokegra.narc!/member_02660,0,/pbr/pokegra.narc,501,2660,,10700964,10707412,10677200,10683648,6448,fbeb8395dcda87e1700908ef73dde1ae0f323f4eee126c4551cca2720aec9ef3,5247434efffe00013019000010000100,,NCGR graphics,Confirmed,True,False,,,,,,,,,,False,False
/pbr/pokegra.narc,/pbr/pokegra.narc!/member_02661,0,/pbr/pokegra.narc,501,2661,,10707412,10713860,10683648,10690096,6448,d2d874d53cf619249bd0cc69555848d881435cffbb268a17c3ef3d357a22670f,5247434efffe00013019000010000100,,NCGR graphics,Confirmed,True,False,,,,,,,,,,False,False
/pbr/pokegra.narc,/pbr/pokegra.narc!/member_02662,0,/pbr/pokegra.narc,501,2662,,10713860,10713932,10690096,10690168,72,30d1702c05d4fed485f8390ce8840034c672c3b457bc7ee331f303fa9a0d1f6b,524c434efffe00014800000010000100,,NCLR palette,Confirmed,True,False,,,,,,,,,,False,False
/pbr/pokegra.narc,/pbr/pokegra.narc!/member_02663,0,/pbr/pokegra.narc,501,2663,,10713932,10714004,10690168,10690240,72,eb0aceba890684078b600c0383626961e978af3bf8504ab6ff85a954cd8962f5,524c434efffe00014800000010000100,,NCLR palette,Confirmed,True,False,,,,,,,,,,False,False
/pbr/pokegra.narc,/pbr/pokegra.narc!/member_02664,0,/pbr/pokegra.narc,501,2664,,10714004,10720452,10690240,10696688,6448,38b1f05623a54395f443536f90c5460bc1f09c548a8eb69b628030b3e09d4fe7,5247434efffe00013019000010000100,,NCGR graphics,Confirmed,True,False,,,,,,,,,,False,False
/pbr/pokegra.narc,/pbr/pokegra.narc!/member_02665,0,/pbr/pokegra.narc,501,2665,,10720452,10726900,10696688,10703136,6448,4e270f661ee8e547704c6e2e280799b140825b5ebc29453bb5d7af8a95b8c9a0,5247434efffe00013019000010000100,,NCGR graphics,Confirmed,True,False,,,,,,,,,,False,False
/pbr/pokegra.narc,/pbr/pokegra.narc!/member_02666,0,/pbr/pokegra.narc,501,2666,,10726900,10733348,10703136,10709584,6448,865e278ebd510fc0b5f1a1c23fa5af7d347205051863302d7e70ede199d010b9,5247434efffe00013019000010000100,,NCGR graphics,Confirmed,True,False,,,,,,,,,,False,False
/pbr/pokegra.narc,/pbr/pokegra.narc!/member_02667,0,/pbr/pokegra.narc,501,2667,,10733348,10739796,10709584,10716032,6448,406ef0c6bfaba06e3b4372726ed159f7729dac89f556cf8f5a0060f5c26566e0,5247434efffe00013019000010000100,,NCGR graphics,Confirmed,True,False,,,,,,,,,,False,False
/pbr/pokegra.narc,/pbr/pokegra.narc!/member_02668,0,/pbr/pokegra.narc,501,2668,,10739796,10739868,10716032,10716104,72,c04835f0a13620d0988975da6634c41d1eb156e4d4c6112f27c94c8afacd3323,524c434efffe00014800000010000100,,NCLR palette,Confirmed,True,False,,,,,,,,,,False,False
/pbr/pokegra.narc,/pbr/pokegra.narc!/member_02669,0,/pbr/pokegra.narc,501,2669,,10739868,10739940,10716104,10716176,72,1700bbed47daffbb5e07b52fa76f731b5f31a9da86d2d9d61c6724b0198a43d6,524c434efffe00014800000010000100,,NCLR palette,Confirmed,True,False,,,,,,,,,,False,False
/pbr/pokegra.narc,/pbr/pokegra.narc!/member_02670,0,/pbr/pokegra.narc,501,2670,,10739940,10746388,10716176,10722624,6448,bb9164217631eaf8536d1c357158209f8743fee183bb70c30cb8557b1ad4a622,5247434efffe00013019000010000100,,NCGR graphics,Confirmed,True,False,,,,,,,,,,False,False
/pbr/pokegra.narc,/pbr/pokegra.narc!/member_02671,0,/pbr/pokegra.narc,501,2671,,10746388,10752836,10722624,10729072,6448,bb9164217631eaf8536d1c357158209f8743fee183bb70c30cb8557b1ad4a622,5247434efffe00013019000010000100,,NCGR graphics,Confirmed,True,False,,,,,,,,,,False,False
/pbr/pokegra.narc,/pbr/pokegra.narc!/member_02672,0,/pbr/pokegra.narc,501,2672,,10752836,10759284,10729072,10735520,6448,ba1cc40ad4ba490cc96dd25bafd6a0556d01a73a2eb1475b693d1f4639233398,5247434efffe00013019000010000100,,NCGR graphics,Confirmed,True,False,,,,,,,,,,False,False
/pbr/pokegra.narc,/pbr/pokegra.narc!/member_02673,0,/pbr/pokegra.narc,501,2673,,10759284,10765732,10735520,10741968,6448,13f521625aaa2d038e686c345e2aaefbe39a9da26ad278e652a90b79068b6513,5247434efffe00013019000010000100,,NCGR graphics,Confirmed,True,False,,,,,,,,,,False,False
/pbr/pokegra.narc,/pbr/pokegra.narc!/member_02674,0,/pbr/pokegra.narc,501,2674,,10765732,10765804,10741968,10742040,72,db7abca661f6a94e6119d3a5440fd42d5fc2741a0c3e036826bc9b13eeb39593,524c434efffe00014800000010000100,,NCLR palette,Confirmed,True,False,,,,,,,,,,False,False
/pbr/pokegra.narc,/pbr/pokegra.narc!/member_02675,0,/pbr/pokegra.narc,501,2675,,10765804,10765876,10742040,10742112,72,13c61491dba276e9315afd872dee70120439454d81120f0dfe0e2ac520961720,524c434efffe00014800000010000100,,NCLR palette,Confirmed,True,False,,,,,,,,,,False,False
/pbr/pokegra.narc,/pbr/pokegra.narc!/member_02676,0,/pbr/pokegra.narc,501,2676,,10765876,10772324,10742112,10748560,6448,10cff4e66eefecf925e7679b18bb582b1477d92e2674055fa1d63de5c1609986,5247434efffe00013019000010000100,,NCGR graphics,Confirmed,True,False,,,,,,,,,,False,False
/pbr/pokegra.narc,/pbr/pokegra.narc!/member_02677,0,/pbr/pokegra.narc,501,2677,,10772324,10778772,10748560,10755008,6448,10cff4e66eefecf925e7679b18bb582b1477d92e2674055fa1d63de5c1609986,5247434efffe00013019000010000100,,NCGR graphics,Confirmed,True,False,,,,,,,,,,False,False
/pbr/pokegra.narc,/pbr/pokegra.narc!/member_02678,0,/pbr/pokegra.narc,501,2678,,10778772,10785220,10755008,10761456,6448,78a9ab054b260354acf3295199208e43d09199a62e28aa32c943f6fa3f28349f,5247434efffe00013019000010000100,,NCGR graphics,Confirmed,True,False,,,,,,,,,,False,False
/pbr/pokegra.narc,/pbr/pokegra.narc!/member_02679,0,/pbr/pokegra.narc,501,2679,,10785220,10791668,10761456,10767904,6448,78a9ab054b260354acf3295199208e43d09199a62e28aa32c943f6fa3f28349f,5247434efffe00013019000010000100,,NCGR graphics,Confirmed,True,False,,,,,,,,,,False,False
/pbr/pokegra.narc,/pbr/pokegra.narc!/member_02680,0,/pbr/pokegra.narc,501,2680,,10791668,10791740,10767904,10767976,72,00055250c041cd4bea0dd94c790f06dc472b4d808f9835eec6879a5f7c96969c,524c434efffe00014800000010000100,,NCLR palette,Confirmed,True,False,,,,,,,,,,False,False
/pbr/pokegra.narc,/pbr/pokegra.narc!/member_02681,0,/pbr/pokegra.narc,501,2681,,10791740,10791812,10767976,10768048,72,f823fa1f839e6aeee4b320e5287abab998c0d7df4780d05f9969ea23069467cb,524c434efffe00014800000010000100,,NCLR palette,Confirmed,True,False,,,,,,,,,,False,False
/pbr/pokegra.narc,/pbr/pokegra.narc!/member_02682,0,/pbr/pokegra.narc,501,2682,,10791812,10798260,10768048,10774496,6448,08fc1283910d2a23bfebdea1cc19de42ce5053f2c3623a63721ffd2be8f31970,5247434efffe00013019000010000100,,NCGR graphics,Confirmed,True,False,,,,,,,,,,False,False
/pbr/pokegra.narc,/pbr/pokegra.narc!/member_02683,0,/pbr/pokegra.narc,501,2683,,10798260,10804708,10774496,10780944,6448,08fc1283910d2a23bfebdea1cc19de42ce5053f2c3623a63721ffd2be8f31970,5247434efffe00013019000010000100,,NCGR graphics,Confirmed,True,False,,,,,,,,,,False,False
/pbr/pokegra.narc,/pbr/pokegra.narc!/member_02684,0,/pbr/pokegra.narc,501,2684,,10804708,10811156,10780944,10787392,6448,dcd68a3eedc4b952e1ac16bc88ff65c88f61285be88af7179980452a866c808a,5247434efffe00013019000010000100,,NCGR graphics,Confirmed,True,False,,,,,,,,,,False,False
/pbr/pokegra.narc,/pbr/pokegra.narc!/member_02685,0,/pbr/pokegra.narc,501,2685,,10811156,10817604,10787392,10793840,6448,dcd68a3eedc4b952e1ac16bc88ff65c88f61285be88af7179980452a866c808a,5247434efffe00013019000010000100,,NCGR graphics,Confirmed,True,False,,,,,,,,,,False,False
/pbr/pokegra.narc,/pbr/pokegra.narc!/member_02686,0,/pbr/pokegra.narc,501,2686,,10817604,10817676,10793840,10793912,72,529378bd51385d7938aa6738aae61b7ac5d0c9b9825c331327eb7901583964d4,524c434efffe00014800000010000100,,NCLR palette,Confirmed,True,False,,,,,,,,,,False,False
/pbr/pokegra.narc,/pbr/pokegra.narc!/member_02687,0,/pbr/pokegra.narc,501,2687,,10817676,10817748,10793912,10793984,72,082e957fc4dc2720b963c3634f012746b34691f47e04922e8ecd5540f8d1e07b,524c434efffe00014800000010000100,,NCLR palette,Confirmed,True,False,,,,,,,,,,False,False
/pbr/pokegra.narc,/pbr/pokegra.narc!/member_02688,0,/pbr/pokegra.narc,501,2688,,10817748,10824196,10793984,10800432,6448,f34cfbc6b05495755b994f6f0281d53f3439f6c24bfda48aa24b4526b34ffd1a,5247434efffe00013019000010000100,,NCGR graphics,Confirmed,True,False,,,,,,,,,,False,False
/pbr/pokegra.narc,/pbr/pokegra.narc!/member_02689,0,/pbr/pokegra.narc,501,2689,,10824196,10830644,10800432,10806880,6448,f34cfbc6b05495755b994f6f0281d53f3439f6c24bfda48aa24b4526b34ffd1a,5247434efffe00013019000010000100,,NCGR graphics,Confirmed,True,False,,,,,,,,,,False,False
/pbr/pokegra.narc,/pbr/pokegra.narc!/member_02690,0,/pbr/pokegra.narc,501,2690,,10830644,10837092,10806880,10813328,6448,3a3d8e25ec9cc318293242fbc56fd0ba796e5bbedeaee089d3cf9e0af72aa900,5247434efffe00013019000010000100,,NCGR graphics,Confirmed,True,False,,,,,,,,,,False,False
/pbr/pokegra.narc,/pbr/pokegra.narc!/member_02691,0,/pbr/pokegra.narc,501,2691,,10837092,10843540,10813328,10819776,6448,3a3d8e25ec9cc318293242fbc56fd0ba796e5bbedeaee089d3cf9e0af72aa900,5247434efffe00013019000010000100,,NCGR graphics,Confirmed,True,False,,,,,,,,,,False,False
/pbr/pokegra.narc,/pbr/pokegra.narc!/member_02692,0,/pbr/pokegra.narc,501,2692,,10843540,10843612,10819776,10819848,72,db0c2ce39022efd43656994780f30ed847da483fe96ebb24a762d4cbfb6159aa,524c434efffe00014800000010000100,,NCLR palette,Confirmed,True,False,,,,,,,,,,False,False
/pbr/pokegra.narc,/pbr/pokegra.narc!/member_02693,0,/pbr/pokegra.narc,501,2693,,10843612,10843684,10819848,10819920,72,eca0d51085c58fa8f925f71cf5bdf9cc0f81e04e81dd577d155e35fa25f54dbb,524c434efffe00014800000010000100,,NCLR palette,Confirmed,True,False,,,,,,,,,,False,False
/pbr/pokegra.narc,/pbr/pokegra.narc!/member_02694,0,/pbr/pokegra.narc,501,2694,,10843684,10850132,10819920,10826368,6448,bd9d2f5ea604bf282d82545baa29fcd08e3605aae62e048906b8fae45c94f11e,5247434efffe00013019000010000100,,NCGR graphics,Confirmed,True,False,,,,,,,,,,False,False
/pbr/pokegra.narc,/pbr/pokegra.narc!/member_02695,0,/pbr/pokegra.narc,501,2695,,10850132,10856580,10826368,10832816,6448,8f680747417ad0455e484f2a913d38a1a9d057ab3ae055aacaa8def932287e23,5247434efffe00013019000010000100,,NCGR graphics,Confirmed,True,False,,,,,,,,,,False,False
/pbr/pokegra.narc,/pbr/pokegra.narc!/member_02696,0,/pbr/pokegra.narc,501,2696,,10856580,10863028,10832816,10839264,6448,89585abd17996be5d9335960d370972722850828acbb9b806c7853289014ad7c,5247434efffe00013019000010000100,,NCGR graphics,Confirmed,True,False,,,,,,,,,,False,False
/pbr/pokegra.narc,/pbr/pokegra.narc!/member_02697,0,/pbr/pokegra.narc,501,2697,,10863028,10869476,10839264,10845712,6448,9c6ba500bda50dfd70f67d0eb5de5cf47f7a6da6ecb4f78ecbcfaf13dc755c5d,5247434efffe00013019000010000100,,NCGR graphics,Confirmed,True,False,,,,,,,,,,False,False
/pbr/pokegra.narc,/pbr/pokegra.narc!/member_02698,0,/pbr/pokegra.narc,501,2698,,10869476,10869548,10845712,10845784,72,64f059e7bb30f58c11addecb2d7c159beca0b6aec3e4c06af0f0aba33ffaa8fb,524c434efffe00014800000010000100,,NCLR palette,Confirmed,True,False,,,,,,,,,,False,False
/pbr/pokegra.narc,/pbr/pokegra.narc!/member_02699,0,/pbr/pokegra.narc,501,2699,,10869548,10869620,10845784,10845856,72,4d5f688ef3c4525df25319099386703418999d9bf7bfd12c7baedfd5b7994348,524c434efffe00014800000010000100,,NCLR palette,Confirmed,True,False,,,,,,,,,,False,False
/pbr/pokegra.narc,/pbr/pokegra.narc!/member_02700,0,/pbr/pokegra.narc,501,2700,,10869620,10876068,10845856,10852304,6448,e3085184040bc65520440a3f8d8f250ccaa3de51a6f82e25f773595ef2e1e20e,5247434efffe00013019000010000100,,NCGR graphics,Confirmed,True,False,,,,,,,,,,False,False
/pbr/pokegra.narc,/pbr/pokegra.narc!/member_02701,0,/pbr/pokegra.narc,501,2701,,10876068,10882516,10852304,10858752,6448,776b5338b738d29029c6b08ffaf574826794e62009906f6f937c1c5a72a3b81d,5247434efffe00013019000010000100,,NCGR graphics,Confirmed,True,False,,,,,,,,,,False,False
/pbr/pokegra.narc,/pbr/pokegra.narc!/member_02702,0,/pbr/pokegra.narc,501,2702,,10882516,10888964,10858752,10865200,6448,c3ac7cb9202f4f2276a8ca23b2fc082575fed5a32a46122a86cfe79ff00c3122,5247434efffe00013019000010000100,,NCGR graphics,Confirmed,True,False,,,,,,,,,,False,False
/pbr/pokegra.narc,/pbr/pokegra.narc!/member_02703,0,/pbr/pokegra.narc,501,2703,,10888964,10895412,10865200,10871648,6448,017bddf6b95929f1f1ac059c8fd7251b312d64acf864d8e722ab3ac5ad733f12,5247434efffe00013019000010000100,,NCGR graphics,Confirmed,True,False,,,,,,,,,,False,False
/pbr/pokegra.narc,/pbr/pokegra.narc!/member_02704,0,/pbr/pokegra.narc,501,2704,,10895412,10895484,10871648,10871720,72,5c12577a14928a466c4f38f20b8ff2adc617841afe8522265fbfd98aa7d0d66b,524c434efffe00014800000010000100,,NCLR palette,Confirmed,True,False,,,,,,,,,,False,False
/pbr/pokegra.narc,/pbr/pokegra.narc!/member_02705,0,/pbr/pokegra.narc,501,2705,,10895484,10895556,10871720,10871792,72,4c8ce11e819c1e8312af1df2ccf569fc70d6cd63cca78044675c614a084130e8,524c434efffe00014800000010000100,,NCLR palette,Confirmed,True,False,,,,,,,,,,False,False
/pbr/pokegra.narc,/pbr/pokegra.narc!/member_02706,0,/pbr/pokegra.narc,501,2706,,10895556,10902004,10871792,10878240,6448,2029294df7fb67065c64ccf99638a9f6b9ea89558c10dda1ae21f716bc346bc1,5247434efffe00013019000010000100,,NCGR graphics,Confirmed,True,False,,,,,,,,,,False,False
/pbr/pokegra.narc,/pbr/pokegra.narc!/member_02707,0,/pbr/pokegra.narc,501,2707,,10902004,10908452,10878240,10884688,6448,2029294df7fb67065c64ccf99638a9f6b9ea89558c10dda1ae21f716bc346bc1,5247434efffe00013019000010000100,,NCGR graphics,Confirmed,True,False,,,,,,,,,,False,False
/pbr/pokegra.narc,/pbr/pokegra.narc!/member_02708,0,/pbr/pokegra.narc,501,2708,,10908452,10914900,10884688,10891136,6448,c84bb73c0d9b5b3fdb59e1af86574dd13b2d5932eacbfda371c8c14361a3e92d,5247434efffe00013019000010000100,,NCGR graphics,Confirmed,True,False,,,,,,,,,,False,False
/pbr/pokegra.narc,/pbr/pokegra.narc!/member_02709,0,/pbr/pokegra.narc,501,2709,,10914900,10921348,10891136,10897584,6448,c84bb73c0d9b5b3fdb59e1af86574dd13b2d5932eacbfda371c8c14361a3e92d,5247434efffe00013019000010000100,,NCGR graphics,Confirmed,True,False,,,,,,,,,,False,False
/pbr/pokegra.narc,/pbr/pokegra.narc!/member_02710,0,/pbr/pokegra.narc,501,2710,,10921348,10921420,10897584,10897656,72,9e84271e0485cbbda987c8cc95f70f34c3a17dd2bf119e9bf59d4cb05c246db7,524c434efffe00014800000010000100,,NCLR palette,Confirmed,True,False,,,,,,,,,,False,False
/pbr/pokegra.narc,/pbr/pokegra.narc!/member_02711,0,/pbr/pokegra.narc,501,2711,,10921420,10921492,10897656,10897728,72,43249384c75d72582c1608d7684ee27afc28520885efe67bea41919b66e2c118,524c434efffe00014800000010000100,,NCLR palette,Confirmed,True,False,,,,,,,,,,False,False
/pbr/pokegra.narc,/pbr/pokegra.narc!/member_02712,0,/pbr/pokegra.narc,501,2712,,10921492,10927940,10897728,10904176,6448,272965e646a5152b5e6afcf807553b9ced678c10ab6ba45aeb001a3776f7ce72,5247434efffe00013019000010000100,,NCGR graphics,Confirmed,True,False,,,,,,,,,,False,False
/pbr/pokegra.narc,/pbr/pokegra.narc!/member_02713,0,/pbr/pokegra.narc,501,2713,,10927940,10934388,10904176,10910624,6448,272965e646a5152b5e6afcf807553b9ced678c10ab6ba45aeb001a3776f7ce72,5247434efffe00013019000010000100,,NCGR graphics,Confirmed,True,False,,,,,,,,,,False,False
/pbr/pokegra.narc,/pbr/pokegra.narc!/member_02714,0,/pbr/pokegra.narc,501,2714,,10934388,10940836,10910624,10917072,6448,02a29274d9143f4e6c7aad223dd9c705f3c9466444953ed08b87edf229ecde2f,5247434efffe00013019000010000100,,NCGR graphics,Confirmed,True,False,,,,,,,,,,False,False
/pbr/pokegra.narc,/pbr/pokegra.narc!/member_02715,0,/pbr/pokegra.narc,501,2715,,10940836,10947284,10917072,10923520,6448,02a29274d9143f4e6c7aad223dd9c705f3c9466444953ed08b87edf229ecde2f,5247434efffe00013019000010000100,,NCGR graphics,Confirmed,True,False,,,,,,,,,,False,False
/pbr/pokegra.narc,/pbr/pokegra.narc!/member_02716,0,/pbr/pokegra.narc,501,2716,,10947284,10947356,10923520,10923592,72,304d3335ba82c9ce9736903fedeee0f3f8399d97c85daf4b8745ad0ce514c3b2,524c434efffe00014800000010000100,,NCLR palette,Confirmed,True,False,,,,,,,,,,False,False
/pbr/pokegra.narc,/pbr/pokegra.narc!/member_02717,0,/pbr/pokegra.narc,501,2717,,10947356,10947428,10923592,10923664,72,7872c9617b2d2b080f517e30f4d08a1d1f9d1d55444e1057cc23d9965d0eb8be,524c434efffe00014800000010000100,,NCLR palette,Confirmed,True,False,,,,,,,,,,False,False
/pbr/pokegra.narc,/pbr/pokegra.narc!/member_02718,0,/pbr/pokegra.narc,501,2718,,10947428,10953876,10923664,10930112,6448,e6a604d9e3a5be1893253b7ccf64539c8bb0200b4be47c55664d83848b57a8a1,5247434efffe00013019000010000100,,NCGR graphics,Confirmed,True,False,,,,,,,,,,False,False
/pbr/pokegra.narc,/pbr/pokegra.narc!/member_02719,0,/pbr/pokegra.narc,501,2719,,10953876,10960324,10930112,10936560,6448,97f202ec04a750e6941aa17aa81b8531fd6c6fca0a8a67e85c0f072835a338d2,5247434efffe00013019000010000100,,NCGR graphics,Confirmed,True,False,,,,,,,,,,False,False
/pbr/pokegra.narc,/pbr/pokegra.narc!/member_02720,0,/pbr/pokegra.narc,501,2720,,10960324,10966772,10936560,10943008,6448,6c78fe418759f2e0daf2cf72ab8a57250c926fbbf93c5f5873b45a11f2ede8e1,5247434efffe00013019000010000100,,NCGR graphics,Confirmed,True,False,,,,,,,,,,False,False
/pbr/pokegra.narc,/pbr/pokegra.narc!/member_02721,0,/pbr/pokegra.narc,501,2721,,10966772,10973220,10943008,10949456,6448,0816b014a01e25b1baba984472c5e84d6413521cc06decd9ffe353ecf05d7ca8,5247434efffe00013019000010000100,,NCGR graphics,Confirmed,True,False,,,,,,,,,,False,False
/pbr/pokegra.narc,/pbr/pokegra.narc!/member_02722,0,/pbr/pokegra.narc,501,2722,,10973220,10973292,10949456,10949528,72,a161112e8cb210501a774d04c51b06c4b07b8373a11fd02d058d8122102a69cf,524c434efffe00014800000010000100,,NCLR palette,Confirmed,True,False,,,,,,,,,,False,False
/pbr/pokegra.narc,/pbr/pokegra.narc!/member_02723,0,/pbr/pokegra.narc,501,2723,,10973292,10973364,10949528,10949600,72,03232b8caa89045a88df7300a2d22ff3f880edf900721507e1f0150283beb4d3,524c434efffe00014800000010000100,,NCLR palette,Confirmed,True,False,,,,,,,,,,False,False
/pbr/pokegra.narc,/pbr/pokegra.narc!/member_02724,0,/pbr/pokegra.narc,501,2724,,10973364,10979812,10949600,10956048,6448,830b11ec5a229b548ef047f6b6ff6bd2405a551723e3b2da41c10584eee395e9,5247434efffe00013019000010000100,,NCGR graphics,Confirmed,True,False,,,,,,,,,,False,False
/pbr/pokegra.narc,/pbr/pokegra.narc!/member_02725,0,/pbr/pokegra.narc,501,2725,,10979812,10986260,10956048,10962496,6448,12e0c01af52ce4447880b46268f813fd26e2f40e29fbaf80ef5a1c1f5abe0067,5247434efffe00013019000010000100,,NCGR graphics,Confirmed,True,False,,,,,,,,,,False,False
/pbr/pokegra.narc,/pbr/pokegra.narc!/member_02726,0,/pbr/pokegra.narc,501,2726,,10986260,10992708,10962496,10968944,6448,4d876abe49662419fd1c8bc04419a4f6df17d90b69d514bd64118915886d0910,5247434efffe00013019000010000100,,NCGR graphics,Confirmed,True,False,,,,,,,,,,False,False
/pbr/pokegra.narc,/pbr/pokegra.narc!/member_02727,0,/pbr/pokegra.narc,501,2727,,10992708,10999156,10968944,10975392,6448,053fb727782c29e4cc4ea7fddecb551c07426b88c35861dc020e66d30b6acc3c,5247434efffe00013019000010000100,,NCGR graphics,Confirmed,True,False,,,,,,,,,,False,False
/pbr/pokegra.narc,/pbr/pokegra.narc!/member_02728,0,/pbr/pokegra.narc,501,2728,,10999156,10999228,10975392,10975464,72,a161112e8cb210501a774d04c51b06c4b07b8373a11fd02d058d8122102a69cf,524c434efffe00014800000010000100,,NCLR palette,Confirmed,True,False,,,,,,,,,,False,False
/pbr/pokegra.narc,/pbr/pokegra.narc!/member_02729,0,/pbr/pokegra.narc,501,2729,,10999228,10999300,10975464,10975536,72,f636ec8cae0725938df8df9914ff7509a027b6d7d0be35361cd76b0606db9080,524c434efffe00014800000010000100,,NCLR palette,Confirmed,True,False,,,,,,,,,,False,False
/pbr/pokegra.narc,/pbr/pokegra.narc!/member_02730,0,/pbr/pokegra.narc,501,2730,,10999300,11005748,10975536,10981984,6448,ee271178b0ea611beb874e061d67565af5bab054696a62c6db088cc2ba792382,5247434efffe00013019000010000100,,NCGR graphics,Confirmed,True,False,,,,,,,,,,False,False
/pbr/pokegra.narc,/pbr/pokegra.narc!/member_02731,0,/pbr/pokegra.narc,501,2731,,11005748,11012196,10981984,10988432,6448,ee271178b0ea611beb874e061d67565af5bab054696a62c6db088cc2ba792382,5247434efffe00013019000010000100,,NCGR graphics,Confirmed,True,False,,,,,,,,,,False,False
/pbr/pokegra.narc,/pbr/pokegra.narc!/member_02732,0,/pbr/pokegra.narc,501,2732,,11012196,11018644,10988432,10994880,6448,67dd5d923f216641cb2342c4e18b1bf411a0b5efc999e96c591082617567dfa3,5247434efffe00013019000010000100,,NCGR graphics,Confirmed,True,False,,,,,,,,,,False,False
/pbr/pokegra.narc,/pbr/pokegra.narc!/member_02733,0,/pbr/pokegra.narc,501,2733,,11018644,11025092,10994880,11001328,6448,67dd5d923f216641cb2342c4e18b1bf411a0b5efc999e96c591082617567dfa3,5247434efffe00013019000010000100,,NCGR graphics,Confirmed,True,False,,,,,,,,,,False,False
/pbr/pokegra.narc,/pbr/pokegra.narc!/member_02734,0,/pbr/pokegra.narc,501,2734,,11025092,11025164,11001328,11001400,72,2edb307c51c6f0e206b730ceda2781fc408e329be2ca7c8c10ed97234942be8b,524c434efffe00014800000010000100,,NCLR palette,Confirmed,True,False,,,,,,,,,,False,False
/pbr/pokegra.narc,/pbr/pokegra.narc!/member_02735,0,/pbr/pokegra.narc,501,2735,,11025164,11025236,11001400,11001472,72,3b283971b787e58baf1cc5b12fdef35ee53226609912d5329c4976456e0fc050,524c434efffe00014800000010000100,,NCLR palette,Confirmed,True,False,,,,,,,,,,False,False
/pbr/pokegra.narc,/pbr/pokegra.narc!/member_02736,0,/pbr/pokegra.narc,501,2736,,11025236,11031684,11001472,11007920,6448,4889677d6c7338ed0c10443df681eb8ea7641b556c33018efa40e6ba776ee32f,5247434efffe00013019000010000100,,NCGR graphics,Confirmed,True,False,,,,,,,,,,False,False
/pbr/pokegra.narc,/pbr/pokegra.narc!/member_02737,0,/pbr/pokegra.narc,501,2737,,11031684,11038132,11007920,11014368,6448,c250d9df8be2c60ad6c4aa8a67f0dd07a50dce7d02b62086d2ca6b7ce55ded10,5247434efffe00013019000010000100,,NCGR graphics,Confirmed,True,False,,,,,,,,,,False,False
/pbr/pokegra.narc,/pbr/pokegra.narc!/member_02738,0,/pbr/pokegra.narc,501,2738,,11038132,11044580,11014368,11020816,6448,9a74f3f9dfd780d180920d1f70ff1aa69edb032a74da224e81a90bd52111ecf3,5247434efffe00013019000010000100,,NCGR graphics,Confirmed,True,False,,,,,,,,,,False,False
/pbr/pokegra.narc,/pbr/pokegra.narc!/member_02739,0,/pbr/pokegra.narc,501,2739,,11044580,11051028,11020816,11027264,6448,1df1ccd642e9aad7695a070b9984eeca42139b383da47390ee0899d2a648d436,5247434efffe00013019000010000100,,NCGR graphics,Confirmed,True,False,,,,,,,,,,False,False
/pbr/pokegra.narc,/pbr/pokegra.narc!/member_02740,0,/pbr/pokegra.narc,501,2740,,11051028,11051100,11027264,11027336,72,b1f37a347bdfffed3578ad3724531e91fa432ec917a17fb332bab308f4628310,524c434efffe00014800000010000100,,NCLR palette,Confirmed,True,False,,,,,,,,,,False,False
/pbr/pokegra.narc,/pbr/pokegra.narc!/member_02741,0,/pbr/pokegra.narc,501,2741,,11051100,11051172,11027336,11027408,72,e09e433828126c0ac18ce48dd965aa91e2c48b0296b24c4f3f175768a56db8c4,524c434efffe00014800000010000100,,NCLR palette,Confirmed,True,False,,,,,,,,,,False,False
/pbr/pokegra.narc,/pbr/pokegra.narc!/member_02742,0,/pbr/pokegra.narc,501,2742,,11051172,11057620,11027408,11033856,6448,018a5c7204b820ac7488ab6ad514d13c1e389a65b7370cb330212ccf25b37c15,5247434efffe00013019000010000100,,NCGR graphics,Confirmed,True,False,,,,,,,,,,False,False
/pbr/pokegra.narc,/pbr/pokegra.narc!/member_02743,0,/pbr/pokegra.narc,501,2743,,11057620,11064068,11033856,11040304,6448,96882015eed1ecf10f0b2d83ecd9c2c3b8d0e2c29c1f60f6084634ffccdc168a,5247434efffe00013019000010000100,,NCGR graphics,Confirmed,True,False,,,,,,,,,,False,False
/pbr/pokegra.narc,/pbr/pokegra.narc!/member_02744,0,/pbr/pokegra.narc,501,2744,,11064068,11070516,11040304,11046752,6448,630cafcc0bffd4a5217cc747d1032b9054e59d87d14dbb74b0e1ab20d093ad98,5247434efffe00013019000010000100,,NCGR graphics,Confirmed,True,False,,,,,,,,,,False,False
/pbr/pokegra.narc,/pbr/pokegra.narc!/member_02745,0,/pbr/pokegra.narc,501,2745,,11070516,11076964,11046752,11053200,6448,aa09ee01449433f98bb9a7c31e5353f1288e429a139a5969af252321f94904c7,5247434efffe00013019000010000100,,NCGR graphics,Confirmed,True,False,,,,,,,,,,False,False
/pbr/pokegra.narc,/pbr/pokegra.narc!/member_02746,0,/pbr/pokegra.narc,501,2746,,11076964,11077036,11053200,11053272,72,b1f37a347bdfffed3578ad3724531e91fa432ec917a17fb332bab308f4628310,524c434efffe00014800000010000100,,NCLR palette,Confirmed,True,False,,,,,,,,,,False,False
/pbr/pokegra.narc,/pbr/pokegra.narc!/member_02747,0,/pbr/pokegra.narc,501,2747,,11077036,11077108,11053272,11053344,72,e09e433828126c0ac18ce48dd965aa91e2c48b0296b24c4f3f175768a56db8c4,524c434efffe00014800000010000100,,NCLR palette,Confirmed,True,False,,,,,,,,,,False,False
/pbr/pokegra.narc,/pbr/pokegra.narc!/member_02748,0,/pbr/pokegra.narc,501,2748,,11077108,11083556,11053344,11059792,6448,b101d264c7bda5640be543f3d4727e590723aaed7753fa1a0619bcbe259118fa,5247434efffe00013019000010000100,,NCGR graphics,Confirmed,True,False,,,,,,,,,,False,False
/pbr/pokegra.narc,/pbr/pokegra.narc!/member_02749,0,/pbr/pokegra.narc,501,2749,,11083556,11090004,11059792,11066240,6448,b101d264c7bda5640be543f3d4727e590723aaed7753fa1a0619bcbe259118fa,5247434efffe00013019000010000100,,NCGR graphics,Confirmed,True,False,,,,,,,,,,False,False
/pbr/pokegra.narc,/pbr/pokegra.narc!/member_02750,0,/pbr/pokegra.narc,501,2750,,11090004,11096452,11066240,11072688,6448,a2978aeb35521c7bd385d450203ac05c2c77c196228f7ba1cd66343658628d93,5247434efffe00013019000010000100,,NCGR graphics,Confirmed,True,False,,,,,,,,,,False,False
/pbr/pokegra.narc,/pbr/pokegra.narc!/member_02751,0,/pbr/pokegra.narc,501,2751,,11096452,11102900,11072688,11079136,6448,a2978aeb35521c7bd385d450203ac05c2c77c196228f7ba1cd66343658628d93,5247434efffe00013019000010000100,,NCGR graphics,Confirmed,True,False,,,,,,,,,,False,False
/pbr/pokegra.narc,/pbr/pokegra.narc!/member_02752,0,/pbr/pokegra.narc,501,2752,,11102900,11102972,11079136,11079208,72,ba211067324c019ebb020bcb938854142d70a872d7e9591dd3e8783a147ff248,524c434efffe00014800000010000100,,NCLR palette,Confirmed,True,False,,,,,,,,,,False,False
/pbr/pokegra.narc,/pbr/pokegra.narc!/member_02753,0,/pbr/pokegra.narc,501,2753,,11102972,11103044,11079208,11079280,72,4fe9868f44cfaaf91271e815c57d08b70c3ab82768027ba74930792de733cabc,524c434efffe00014800000010000100,,NCLR palette,Confirmed,True,False,,,,,,,,,,False,False
/pbr/pokegra.narc,/pbr/pokegra.narc!/member_02754,0,/pbr/pokegra.narc,501,2754,,11103044,11109492,11079280,11085728,6448,a768430829d15d629d8605235a3dd2f83a31f417d8e57fac70503b5a0e23feac,5247434efffe00013019000010000100,,NCGR graphics,Confirmed,True,False,,,,,,,,,,False,False
/pbr/pokegra.narc,/pbr/pokegra.narc!/member_02755,0,/pbr/pokegra.narc,501,2755,,11109492,11115940,11085728,11092176,6448,50856554b690c734d43dbf4b003127705f129281ac0b21e835cd7e3e95d4eef0,5247434efffe00013019000010000100,,NCGR graphics,Confirmed,True,False,,,,,,,,,,False,False
/pbr/pokegra.narc,/pbr/pokegra.narc!/member_02756,0,/pbr/pokegra.narc,501,2756,,11115940,11122388,11092176,11098624,6448,b7d6aa5037cbd28b453c3596f5e21dfe978e6a808c42dec8d46eb90fbfc1123d,5247434efffe00013019000010000100,,NCGR graphics,Confirmed,True,False,,,,,,,,,,False,False
/pbr/pokegra.narc,/pbr/pokegra.narc!/member_02757,0,/pbr/pokegra.narc,501,2757,,11122388,11128836,11098624,11105072,6448,19e0845c1ab3fcd293c81f84ca9ecb9328db448111858dd662f18a9eecc8c716,5247434efffe00013019000010000100,,NCGR graphics,Confirmed,True,False,,,,,,,,,,False,False
/pbr/pokegra.narc,/pbr/pokegra.narc!/member_02758,0,/pbr/pokegra.narc,501,2758,,11128836,11128908,11105072,11105144,72,e3d1b2b15d7db60ed38888a10c730f56b372c03a283ab3b5723a007e6be61c28,524c434efffe00014800000010000100,,NCLR palette,Confirmed,True,False,,,,,,,,,,False,False
/pbr/pokegra.narc,/pbr/pokegra.narc!/member_02759,0,/pbr/pokegra.narc,501,2759,,11128908,11128980,11105144,11105216,72,59f60bb32132f0309d5626556ded59281df42f2d46ac1ff6144a5ab3ebb39ba0,524c434efffe00014800000010000100,,NCLR palette,Confirmed,True,False,,,,,,,,,,False,False
/pbr/pokegra.narc,/pbr/pokegra.narc!/member_02760,0,/pbr/pokegra.narc,501,2760,,11128980,11135428,11105216,11111664,6448,52a020a2ff716f29f91fbda3bd4114807bdea7bef3bc02619735253c580ec2f5,5247434efffe00013019000010000100,,NCGR graphics,Confirmed,True,False,,,,,,,,,,False,False
/pbr/pokegra.narc,/pbr/pokegra.narc!/member_02761,0,/pbr/pokegra.narc,501,2761,,11135428,11141876,11111664,11118112,6448,52a020a2ff716f29f91fbda3bd4114807bdea7bef3bc02619735253c580ec2f5,5247434efffe00013019000010000100,,NCGR graphics,Confirmed,True,False,,,,,,,,,,False,False
/pbr/pokegra.narc,/pbr/pokegra.narc!/member_02762,0,/pbr/pokegra.narc,501,2762,,11141876,11148324,11118112,11124560,6448,fc642429a1db395e01fc967110b1260f36c03e132e74f63cfe8a0e948e2df9a2,5247434efffe00013019000010000100,,NCGR graphics,Confirmed,True,False,,,,,,,,,,False,False
/pbr/pokegra.narc,/pbr/pokegra.narc!/member_02763,0,/pbr/pokegra.narc,501,2763,,11148324,11154772,11124560,11131008,6448,789aad77a3ffa380f3d5bb258e7b96b48b5970804ba71dcc7907b61026d53416,5247434efffe00013019000010000100,,NCGR graphics,Confirmed,True,False,,,,,,,,,,False,False
/pbr/pokegra.narc,/pbr/pokegra.narc!/member_02764,0,/pbr/pokegra.narc,501,2764,,11154772,11154844,11131008,11131080,72,452a1fe6b43ea9f48efeef4b6dcb07eb2701b2bfd3bde4d4d661ac8f81bf40f6,524c434efffe00014800000010000100,,NCLR palette,Confirmed,True,False,,,,,,,,,,False,False
/pbr/pokegra.narc,/pbr/pokegra.narc!/member_02765,0,/pbr/pokegra.narc,501,2765,,11154844,11154916,11131080,11131152,72,55fa9b2937eb7c28227784e9a19203d6b4781ce40491894f4fb63093c2a72540,524c434efffe00014800000010000100,,NCLR palette,Confirmed,True,False,,,,,,,,,,False,False
/pbr/pokegra.narc,/pbr/pokegra.narc!/member_02766,0,/pbr/pokegra.narc,501,2766,,11154916,11161364,11131152,11137600,6448,1d6a93dd3ffe2e68379478e2065a3673a6a888b15699ec7c1e97904f1ecb8c40,5247434efffe00013019000010000100,,NCGR graphics,Confirmed,True,False,,,,,,,,,,False,False
/pbr/pokegra.narc,/pbr/pokegra.narc!/member_02767,0,/pbr/pokegra.narc,501,2767,,11161364,11167812,11137600,11144048,6448,fed31e82f4fa35422479f417a1843d53318ed7cdaf2fe4a58f919efd478e29e8,5247434efffe00013019000010000100,,NCGR graphics,Confirmed,True,False,,,,,,,,,,False,False
/pbr/pokegra.narc,/pbr/pokegra.narc!/member_02768,0,/pbr/pokegra.narc,501,2768,,11167812,11174260,11144048,11150496,6448,8e147e75902c5d09c90da61eba4ab01703f303d68c717b0c0563c20c1196fad7,5247434efffe00013019000010000100,,NCGR graphics,Confirmed,True,False,,,,,,,,,,False,False
/pbr/pokegra.narc,/pbr/pokegra.narc!/member_02769,0,/pbr/pokegra.narc,501,2769,,11174260,11180708,11150496,11156944,6448,3dc3ca2c03c64be81d72a2b594140d71106c489c4a370a9553487034857770a6,5247434efffe00013019000010000100,,NCGR graphics,Confirmed,True,False,,,,,,,,,,False,False
/pbr/pokegra.narc,/pbr/pokegra.narc!/member_02770,0,/pbr/pokegra.narc,501,2770,,11180708,11180780,11156944,11157016,72,0011acbab041fd55ced6cc3836e81a5e6cc0027ccdceee944b12413a837235b0,524c434efffe00014800000010000100,,NCLR palette,Confirmed,True,False,,,,,,,,,,False,False
/pbr/pokegra.narc,/pbr/pokegra.narc!/member_02771,0,/pbr/pokegra.narc,501,2771,,11180780,11180852,11157016,11157088,72,46ae465f27231f24591f7013eaff1433326c52337346288a2eb2f65adb46495d,524c434efffe00014800000010000100,,NCLR palette,Confirmed,True,False,,,,,,,,,,False,False
/pbr/pokegra.narc,/pbr/pokegra.narc!/member_02772,0,/pbr/pokegra.narc,501,2772,,11180852,11180852,11157088,11157088,0,e3b0c44298fc1c149afbf4c8996fb92427ae41e4649b934ca495991b7852b855,,,,,,False,,,,,,,,,,False,False
/pbr/pokegra.narc,/pbr/pokegra.narc!/member_02773,0,/pbr/pokegra.narc,501,2773,,11180852,11187300,11157088,11163536,6448,08066aeb54d4a4a36ae4dabfef9907b7a6d5e755b76dbf2f99b10e491eedc36e,5247434efffe00013019000010000100,,NCGR graphics,Confirmed,True,False,,,,,,,,,,False,False
/pbr/pokegra.narc,/pbr/pokegra.narc!/member_02774,0,/pbr/pokegra.narc,501,2774,,11187300,11187300,11163536,11163536,0,e3b0c44298fc1c149afbf4c8996fb92427ae41e4649b934ca495991b7852b855,,,,,,False,,,,,,,,,,False,False
/pbr/pokegra.narc,/pbr/pokegra.narc!/member_02775,0,/pbr/pokegra.narc,501,2775,,11187300,11193748,11163536,11169984,6448,eecce4ca32ee228b6a1e95e9e905aec6a4f89e36dd2c2b2fa1356e92feb3b6ec,5247434efffe00013019000010000100,,NCGR graphics,Confirmed,True,False,,,,,,,,,,False,False
/pbr/pokegra.narc,/pbr/pokegra.narc!/member_02776,0,/pbr/pokegra.narc,501,2776,,11193748,11193820,11169984,11170056,72,3921ed2c7c7e37fc8c2974eaf7a1bef7f14658837228f67b40ff667cf03b4384,524c434efffe00014800000010000100,,NCLR palette,Confirmed,True,False,,,,,,,,,,False,False
/pbr/pokegra.narc,/pbr/pokegra.narc!/member_02777,0,/pbr/pokegra.narc,501,2777,,11193820,11193892,11170056,11170128,72,2c870793468bd7907ae0b454aedd5094d380a3a91b3533f8be66b09bff66c849,524c434efffe00014800000010000100,,NCLR palette,Confirmed,True,False,,,,,,,,,,False,False
/pbr/pokegra.narc,/pbr/pokegra.narc!/member_02778,0,/pbr/pokegra.narc,501,2778,,11193892,11200340,11170128,11176576,6448,29a5182bb7607a914d7d0e1385f8101ed3930f576d6439f83c5665232bd03a72,5247434efffe00013019000010000100,,NCGR graphics,Confirmed,True,False,,,,,,,,,,False,False
/pbr/pokegra.narc,/pbr/pokegra.narc!/member_02779,0,/pbr/pokegra.narc,501,2779,,11200340,11206788,11176576,11183024,6448,29a5182bb7607a914d7d0e1385f8101ed3930f576d6439f83c5665232bd03a72,5247434efffe00013019000010000100,,NCGR graphics,Confirmed,True,False,,,,,,,,,,False,False
/pbr/pokegra.narc,/pbr/pokegra.narc!/member_02780,0,/pbr/pokegra.narc,501,2780,,11206788,11213236,11183024,11189472,6448,aba5bda1cfc8ae1d2eab1035272c720bc6b5afa70ca18848f8e99cc7c48e8820,5247434efffe00013019000010000100,,NCGR graphics,Confirmed,True,False,,,,,,,,,,False,False
/pbr/pokegra.narc,/pbr/pokegra.narc!/member_02781,0,/pbr/pokegra.narc,501,2781,,11213236,11219684,11189472,11195920,6448,aba5bda1cfc8ae1d2eab1035272c720bc6b5afa70ca18848f8e99cc7c48e8820,5247434efffe00013019000010000100,,NCGR graphics,Confirmed,True,False,,,,,,,,,,False,False
/pbr/pokegra.narc,/pbr/pokegra.narc!/member_02782,0,/pbr/pokegra.narc,501,2782,,11219684,11219756,11195920,11195992,72,29713ee3e6cc5e5381cda605599723eeb42f899df1d400a1e4d500ebc61a8bd0,524c434efffe00014800000010000100,,NCLR palette,Confirmed,True,False,,,,,,,,,,False,False
/pbr/pokegra.narc,/pbr/pokegra.narc!/member_02783,0,/pbr/pokegra.narc,501,2783,,11219756,11219828,11195992,11196064,72,be9c62a2ef9fd744ed708d71468d4d7e372c9c601bf1661477de9013bee33fb6,524c434efffe00014800000010000100,,NCLR palette,Confirmed,True,False,,,,,,,,,,False,False
/pbr/pokegra.narc,/pbr/pokegra.narc!/member_02784,0,/pbr/pokegra.narc,501,2784,,11219828,11226276,11196064,11202512,6448,a539030921465f027b1632b15086eba16fcd325745ecfffe15637781599b482f,5247434efffe00013019000010000100,,NCGR graphics,Confirmed,True,False,,,,,,,,,,False,False
/pbr/pokegra.narc,/pbr/pokegra.narc!/member_02785,0,/pbr/pokegra.narc,501,2785,,11226276,11232724,11202512,11208960,6448,2e1d38c6481cfcce7a1de7aa72367fe5540efafc332f164eccffa61fa7240967,5247434efffe00013019000010000100,,NCGR graphics,Confirmed,True,False,,,,,,,,,,False,False
/pbr/pokegra.narc,/pbr/pokegra.narc!/member_02786,0,/pbr/pokegra.narc,501,2786,,11232724,11239172,11208960,11215408,6448,aaa8695a2abfa30005853790f719cd3aae250283b87477ce57d3bb9c2c7bf57d,5247434efffe00013019000010000100,,NCGR graphics,Confirmed,True,False,,,,,,,,,,False,False
/pbr/pokegra.narc,/pbr/pokegra.narc!/member_02787,0,/pbr/pokegra.narc,501,2787,,11239172,11245620,11215408,11221856,6448,430da38a5c8dcc92dd44d33223b8db534a7d63dc51a55dbea17021fe5e7b7f4b,5247434efffe00013019000010000100,,NCGR graphics,Confirmed,True,False,,,,,,,,,,False,False
/pbr/pokegra.narc,/pbr/pokegra.narc!/member_02788,0,/pbr/pokegra.narc,501,2788,,11245620,11245692,11221856,11221928,72,070c86d1ab31673fe87354ca81bfa822f708d057dbb94da742b90e69e4be76d5,524c434efffe00014800000010000100,,NCLR palette,Confirmed,True,False,,,,,,,,,,False,False
/pbr/pokegra.narc,/pbr/pokegra.narc!/member_02789,0,/pbr/pokegra.narc,501,2789,,11245692,11245764,11221928,11222000,72,1393a722d7ae12107f4cce4a49b8f8e71dac8d93131035eeca0c216fb1c1f0e7,524c434efffe00014800000010000100,,NCLR palette,Confirmed,True,False,,,,,,,,,,False,False
/pbr/pokegra.narc,/pbr/pokegra.narc!/member_02790,0,/pbr/pokegra.narc,501,2790,,11245764,11252212,11222000,11228448,6448,5c117eb4f1ac79528b0170b36dfe7edabc0f4e85a1c284ff431d2e5ed3d83029,5247434efffe00013019000010000100,,NCGR graphics,Confirmed,True,False,,,,,,,,,,False,False
/pbr/pokegra.narc,/pbr/pokegra.narc!/member_02791,0,/pbr/pokegra.narc,501,2791,,11252212,11258660,11228448,11234896,6448,5c117eb4f1ac79528b0170b36dfe7edabc0f4e85a1c284ff431d2e5ed3d83029,5247434efffe00013019000010000100,,NCGR graphics,Confirmed,True,False,,,,,,,,,,False,False
/pbr/pokegra.narc,/pbr/pokegra.narc!/member_02792,0,/pbr/pokegra.narc,501,2792,,11258660,11265108,11234896,11241344,6448,3a63befe51fbcd7135e86c9efba084f7821fcd4d0a971e82fd3936b339aeb7f0,5247434efffe00013019000010000100,,NCGR graphics,Confirmed,True,False,,,,,,,,,,False,False
/pbr/pokegra.narc,/pbr/pokegra.narc!/member_02793,0,/pbr/pokegra.narc,501,2793,,11265108,11271556,11241344,11247792,6448,727529e1721e21d847e593fb75d329ee6ecdc6fef31f97094a49daa9b68b06f2,5247434efffe00013019000010000100,,NCGR graphics,Confirmed,True,False,,,,,,,,,,False,False
/pbr/pokegra.narc,/pbr/pokegra.narc!/member_02794,0,/pbr/pokegra.narc,501,2794,,11271556,11271628,11247792,11247864,72,af408527be0c18782ac61d4b83906dce29d6b8440ab4cf4d7bd3581fca86ba86,524c434efffe00014800000010000100,,NCLR palette,Confirmed,True,False,,,,,,,,,,False,False
/pbr/pokegra.narc,/pbr/pokegra.narc!/member_02795,0,/pbr/pokegra.narc,501,2795,,11271628,11271700,11247864,11247936,72,88a14102b20b5df8d5b5e09bc7f99bd60e59086445a3dddc072a3966dd6a4f2c,524c434efffe00014800000010000100,,NCLR palette,Confirmed,True,False,,,,,,,,,,False,False
/pbr/pokegra.narc,/pbr/pokegra.narc!/member_02796,0,/pbr/pokegra.narc,501,2796,,11271700,11278148,11247936,11254384,6448,2a08ae3d312fc5d3757f042929d8ebedea001a7362ca27d8aa1fcba70d5d38f0,5247434efffe00013019000010000100,,NCGR graphics,Confirmed,True,False,,,,,,,,,,False,False
/pbr/pokegra.narc,/pbr/pokegra.narc!/member_02797,0,/pbr/pokegra.narc,501,2797,,11278148,11284596,11254384,11260832,6448,2a08ae3d312fc5d3757f042929d8ebedea001a7362ca27d8aa1fcba70d5d38f0,5247434efffe00013019000010000100,,NCGR graphics,Confirmed,True,False,,,,,,,,,,False,False
/pbr/pokegra.narc,/pbr/pokegra.narc!/member_02798,0,/pbr/pokegra.narc,501,2798,,11284596,11291044,11260832,11267280,6448,106cf72f88a9d0048cfda668b5bab83867e5244418e4fef7fa452be1e7a13437,5247434efffe00013019000010000100,,NCGR graphics,Confirmed,True,False,,,,,,,,,,False,False
/pbr/pokegra.narc,/pbr/pokegra.narc!/member_02799,0,/pbr/pokegra.narc,501,2799,,11291044,11297492,11267280,11273728,6448,106cf72f88a9d0048cfda668b5bab83867e5244418e4fef7fa452be1e7a13437,5247434efffe00013019000010000100,,NCGR graphics,Confirmed,True,False,,,,,,,,,,False,False
/pbr/pokegra.narc,/pbr/pokegra.narc!/member_02800,0,/pbr/pokegra.narc,501,2800,,11297492,11297564,11273728,11273800,72,a86c48a798f277bd0212036c92d9e649584ce7aca3b58e135ff0a19cb06e528b,524c434efffe00014800000010000100,,NCLR palette,Confirmed,True,False,,,,,,,,,,False,False
/pbr/pokegra.narc,/pbr/pokegra.narc!/member_02801,0,/pbr/pokegra.narc,501,2801,,11297564,11297636,11273800,11273872,72,ff36fde3f2ab0e706081294738d9a010c0b4368eef4feb44fe128b3ef6c137e6,524c434efffe00014800000010000100,,NCLR palette,Confirmed,True,False,,,,,,,,,,False,False
/pbr/pokegra.narc,/pbr/pokegra.narc!/member_02802,0,/pbr/pokegra.narc,501,2802,,11297636,11304084,11273872,11280320,6448,80918dfa5992c2adc2473a09d1da9f768143bebe51a0b59f9143cb8100432f5c,5247434efffe00013019000010000100,,NCGR graphics,Confirmed,True,False,,,,,,,,,,False,False
/pbr/pokegra.narc,/pbr/pokegra.narc!/member_02803,0,/pbr/pokegra.narc,501,2803,,11304084,11310532,11280320,11286768,6448,80918dfa5992c2adc2473a09d1da9f768143bebe51a0b59f9143cb8100432f5c,5247434efffe00013019000010000100,,NCGR graphics,Confirmed,True,False,,,,,,,,,,False,False
/pbr/pokegra.narc,/pbr/pokegra.narc!/member_02804,0,/pbr/pokegra.narc,501,2804,,11310532,11316980,11286768,11293216,6448,4613e0d9300a45ad281f0fc7b9795d59ff5b42175434be5f7e7f667f06181d40,5247434efffe00013019000010000100,,NCGR graphics,Confirmed,True,False,,,,,,,,,,False,False
/pbr/pokegra.narc,/pbr/pokegra.narc!/member_02805,0,/pbr/pokegra.narc,501,2805,,11316980,11323428,11293216,11299664,6448,4613e0d9300a45ad281f0fc7b9795d59ff5b42175434be5f7e7f667f06181d40,5247434efffe00013019000010000100,,NCGR graphics,Confirmed,True,False,,,,,,,,,,False,False
/pbr/pokegra.narc,/pbr/pokegra.narc!/member_02806,0,/pbr/pokegra.narc,501,2806,,11323428,11323500,11299664,11299736,72,27dc8699555e143568e53146371e7e738dde659e7a353fddf6df3dfacb740644,524c434efffe00014800000010000100,,NCLR palette,Confirmed,True,False,,,,,,,,,,False,False
/pbr/pokegra.narc,/pbr/pokegra.narc!/member_02807,0,/pbr/pokegra.narc,501,2807,,11323500,11323572,11299736,11299808,72,e43c2fd050a428f095311e0dba254919b965192920abcea6323d3e77064f07a1,524c434efffe00014800000010000100,,NCLR palette,Confirmed,True,False,,,,,,,,,,False,False
/pbr/pokegra.narc,/pbr/pokegra.narc!/member_02808,0,/pbr/pokegra.narc,501,2808,,11323572,11330020,11299808,11306256,6448,ce32ff7d2d9e5e7656cd0e2f48ff96a792320003d6b592bbcbe83c0678375f63,5247434efffe00013019000010000100,,NCGR graphics,Confirmed,True,False,,,,,,,,,,False,False
/pbr/pokegra.narc,/pbr/pokegra.narc!/member_02809,0,/pbr/pokegra.narc,501,2809,,11330020,11336468,11306256,11312704,6448,ce32ff7d2d9e5e7656cd0e2f48ff96a792320003d6b592bbcbe83c0678375f63,5247434efffe00013019000010000100,,NCGR graphics,Confirmed,True,False,,,,,,,,,,False,False
/pbr/pokegra.narc,/pbr/pokegra.narc!/member_02810,0,/pbr/pokegra.narc,501,2810,,11336468,11342916,11312704,11319152,6448,2df0a58e9680c9ee2084f27aca4ee1de0b0c2149e31e3c656b7d82020e6539b5,5247434efffe00013019000010000100,,NCGR graphics,Confirmed,True,False,,,,,,,,,,False,False
/pbr/pokegra.narc,/pbr/pokegra.narc!/member_02811,0,/pbr/pokegra.narc,501,2811,,11342916,11349364,11319152,11325600,6448,2df0a58e9680c9ee2084f27aca4ee1de0b0c2149e31e3c656b7d82020e6539b5,5247434efffe00013019000010000100,,NCGR graphics,Confirmed,True,False,,,,,,,,,,False,False
/pbr/pokegra.narc,/pbr/pokegra.narc!/member_02812,0,/pbr/pokegra.narc,501,2812,,11349364,11349436,11325600,11325672,72,304a3905c4f76860f739f02d802be7342c2aca0970370c31393a17dd2a784e51,524c434efffe00014800000010000100,,NCLR palette,Confirmed,True,False,,,,,,,,,,False,False
/pbr/pokegra.narc,/pbr/pokegra.narc!/member_02813,0,/pbr/pokegra.narc,501,2813,,11349436,11349508,11325672,11325744,72,e2a0cff8f770280ab254585f3897ec7d9d6d6ce0eb6fcfa7070216e2db9c333a,524c434efffe00014800000010000100,,NCLR palette,Confirmed,True,False,,,,,,,,,,False,False
/pbr/pokegra.narc,/pbr/pokegra.narc!/member_02814,0,/pbr/pokegra.narc,501,2814,,11349508,11355956,11325744,11332192,6448,15ab705f179906eb8c3bdc9162a65c1db4f1f6c0ebed9bcac200c477106141dd,5247434efffe00013019000010000100,,NCGR graphics,Confirmed,True,False,,,,,,,,,,False,False
/pbr/pokegra.narc,/pbr/pokegra.narc!/member_02815,0,/pbr/pokegra.narc,501,2815,,11355956,11362404,11332192,11338640,6448,15ab705f179906eb8c3bdc9162a65c1db4f1f6c0ebed9bcac200c477106141dd,5247434efffe00013019000010000100,,NCGR graphics,Confirmed,True,False,,,,,,,,,,False,False
/pbr/pokegra.narc,/pbr/pokegra.narc!/member_02816,0,/pbr/pokegra.narc,501,2816,,11362404,11368852,11338640,11345088,6448,f2dafd77e7e22d41b5e0e4814eaf756bb7b94b640acfbd3e4e02eb0aedf1516c,5247434efffe00013019000010000100,,NCGR graphics,Confirmed,True,False,,,,,,,,,,False,False
/pbr/pokegra.narc,/pbr/pokegra.narc!/member_02817,0,/pbr/pokegra.narc,501,2817,,11368852,11375300,11345088,11351536,6448,f2dafd77e7e22d41b5e0e4814eaf756bb7b94b640acfbd3e4e02eb0aedf1516c,5247434efffe00013019000010000100,,NCGR graphics,Confirmed,True,False,,,,,,,,,,False,False
/pbr/pokegra.narc,/pbr/pokegra.narc!/member_02818,0,/pbr/pokegra.narc,501,2818,,11375300,11375372,11351536,11351608,72,8c258e52fd7bc8d97c396d925214010e9307bcca6412b6d9f7953b852235e81d,524c434efffe00014800000010000100,,NCLR palette,Confirmed,True,False,,,,,,,,,,False,False
/pbr/pokegra.narc,/pbr/pokegra.narc!/member_02819,0,/pbr/pokegra.narc,501,2819,,11375372,11375444,11351608,11351680,72,b06377f1ebf8de7dff0b0997067f59855c0ac090235010327f6e4f2c8c0227b9,524c434efffe00014800000010000100,,NCLR palette,Confirmed,True,False,,,,,,,,,,False,False
/pbr/pokegra.narc,/pbr/pokegra.narc!/member_02820,0,/pbr/pokegra.narc,501,2820,,11375444,11381892,11351680,11358128,6448,f02eb4d8e0e41cbb0c81b7deba166f683b68d85a1663b6c86716ea755e6c8327,5247434efffe00013019000010000100,,NCGR graphics,Confirmed,True,False,,,,,,,,,,False,False
/pbr/pokegra.narc,/pbr/pokegra.narc!/member_02821,0,/pbr/pokegra.narc,501,2821,,11381892,11388340,11358128,11364576,6448,f02eb4d8e0e41cbb0c81b7deba166f683b68d85a1663b6c86716ea755e6c8327,5247434efffe00013019000010000100,,NCGR graphics,Confirmed,True,False,,,,,,,,,,False,False
/pbr/pokegra.narc,/pbr/pokegra.narc!/member_02822,0,/pbr/pokegra.narc,501,2822,,11388340,11394788,11364576,11371024,6448,686cb72d896f382555866bfe1e05aea0ee0fe6e695213e89b3db0cfb7fd66097,5247434efffe00013019000010000100,,NCGR graphics,Confirmed,True,False,,,,,,,,,,False,False
/pbr/pokegra.narc,/pbr/pokegra.narc!/member_02823,0,/pbr/pokegra.narc,501,2823,,11394788,11401236,11371024,11377472,6448,686cb72d896f382555866bfe1e05aea0ee0fe6e695213e89b3db0cfb7fd66097,5247434efffe00013019000010000100,,NCGR graphics,Confirmed,True,False,,,,,,,,,,False,False
/pbr/pokegra.narc,/pbr/pokegra.narc!/member_02824,0,/pbr/pokegra.narc,501,2824,,11401236,11401308,11377472,11377544,72,be4485080dc6096a308698c508de0f2ea49f110194e725490ea32412325ce71b,524c434efffe00014800000010000100,,NCLR palette,Confirmed,True,False,,,,,,,,,,False,False
/pbr/pokegra.narc,/pbr/pokegra.narc!/member_02825,0,/pbr/pokegra.narc,501,2825,,11401308,11401380,11377544,11377616,72,fbf1592194faf76d3a7e61316df52e73b17c797c3516c3f2a816d047b537befd,524c434efffe00014800000010000100,,NCLR palette,Confirmed,True,False,,,,,,,,,,False,False
/pbr/pokegra.narc,/pbr/pokegra.narc!/member_02826,0,/pbr/pokegra.narc,501,2826,,11401380,11407828,11377616,11384064,6448,71622cfed60792707fd27a264b8de793c687ad1ac12a83872969675cf8b6ffd9,5247434efffe00013019000010000100,,NCGR graphics,Confirmed,True,False,,,,,,,,,,False,False
/pbr/pokegra.narc,/pbr/pokegra.narc!/member_02827,0,/pbr/pokegra.narc,501,2827,,11407828,11414276,11384064,11390512,6448,71622cfed60792707fd27a264b8de793c687ad1ac12a83872969675cf8b6ffd9,5247434efffe00013019000010000100,,NCGR graphics,Confirmed,True,False,,,,,,,,,,False,False
/pbr/pokegra.narc,/pbr/pokegra.narc!/member_02828,0,/pbr/pokegra.narc,501,2828,,11414276,11420724,11390512,11396960,6448,fcc12e523e5432dc3f209a952a6c2696bd3e6cf33b6915c1ea8093b79c54a408,5247434efffe00013019000010000100,,NCGR graphics,Confirmed,True,False,,,,,,,,,,False,False
/pbr/pokegra.narc,/pbr/pokegra.narc!/member_02829,0,/pbr/pokegra.narc,501,2829,,11420724,11427172,11396960,11403408,6448,fcc12e523e5432dc3f209a952a6c2696bd3e6cf33b6915c1ea8093b79c54a408,5247434efffe00013019000010000100,,NCGR graphics,Confirmed,True,False,,,,,,,,,,False,False
/pbr/pokegra.narc,/pbr/pokegra.narc!/member_02830,0,/pbr/pokegra.narc,501,2830,,11427172,11427244,11403408,11403480,72,755d95a3567a7589f125e08628ec5817a7cd1812ba18f67cb4ad9557e9c595e4,524c434efffe00014800000010000100,,NCLR palette,Confirmed,True,False,,,,,,,,,,False,False
/pbr/pokegra.narc,/pbr/pokegra.narc!/member_02831,0,/pbr/pokegra.narc,501,2831,,11427244,11427316,11403480,11403552,72,dd35dd74ffbc1ed5c46850f5cd3021eb35987b067c9417808caeb0bc06ce97c8,524c434efffe00014800000010000100,,NCLR palette,Confirmed,True,False,,,,,,,,,,False,False
/pbr/pokegra.narc,/pbr/pokegra.narc!/member_02832,0,/pbr/pokegra.narc,501,2832,,11427316,11433764,11403552,11410000,6448,2f3d140e340e5580e7b988e3dd01c7898c032f19411b05ef8dd215aaf04d82e7,5247434efffe00013019000010000100,,NCGR graphics,Confirmed,True,False,,,,,,,,,,False,False
/pbr/pokegra.narc,/pbr/pokegra.narc!/member_02833,0,/pbr/pokegra.narc,501,2833,,11433764,11440212,11410000,11416448,6448,2f3d140e340e5580e7b988e3dd01c7898c032f19411b05ef8dd215aaf04d82e7,5247434efffe00013019000010000100,,NCGR graphics,Confirmed,True,False,,,,,,,,,,False,False
/pbr/pokegra.narc,/pbr/pokegra.narc!/member_02834,0,/pbr/pokegra.narc,501,2834,,11440212,11446660,11416448,11422896,6448,cf85c78ed2ee5405a811dd18425c65303ca4daf10a774002ee9b9a108d4cc8f8,5247434efffe00013019000010000100,,NCGR graphics,Confirmed,True,False,,,,,,,,,,False,False
/pbr/pokegra.narc,/pbr/pokegra.narc!/member_02835,0,/pbr/pokegra.narc,501,2835,,11446660,11453108,11422896,11429344,6448,cf85c78ed2ee5405a811dd18425c65303ca4daf10a774002ee9b9a108d4cc8f8,5247434efffe00013019000010000100,,NCGR graphics,Confirmed,True,False,,,,,,,,,,False,False
/pbr/pokegra.narc,/pbr/pokegra.narc!/member_02836,0,/pbr/pokegra.narc,501,2836,,11453108,11453180,11429344,11429416,72,5815e14221cf8667c20164822bb8e6dff75a2d3ae258324173d0897766b385c1,524c434efffe00014800000010000100,,NCLR palette,Confirmed,True,False,,,,,,,,,,False,False
/pbr/pokegra.narc,/pbr/pokegra.narc!/member_02837,0,/pbr/pokegra.narc,501,2837,,11453180,11453252,11429416,11429488,72,afa3f34be063addc7bc99851ae6b233e3504cea81167f14767d5d1ecdbcdf01a,524c434efffe00014800000010000100,,NCLR palette,Confirmed,True,False,,,,,,,,,,False,False
/pbr/pokegra.narc,/pbr/pokegra.narc!/member_02838,0,/pbr/pokegra.narc,501,2838,,11453252,11459700,11429488,11435936,6448,7e17aea4ddf7bcc0e95b2e50c78b5da3d33777d58620846ead1e19d567dadbc0,5247434efffe00013019000010000100,,NCGR graphics,Confirmed,True,False,,,,,,,,,,False,False
/pbr/pokegra.narc,/pbr/pokegra.narc!/member_02839,0,/pbr/pokegra.narc,501,2839,,11459700,11466148,11435936,11442384,6448,7e17aea4ddf7bcc0e95b2e50c78b5da3d33777d58620846ead1e19d567dadbc0,5247434efffe00013019000010000100,,NCGR graphics,Confirmed,True,False,,,,,,,,,,False,False
/pbr/pokegra.narc,/pbr/pokegra.narc!/member_02840,0,/pbr/pokegra.narc,501,2840,,11466148,11472596,11442384,11448832,6448,bee84f2aa21f1bf5c4a088bcea409d07455f9030ea765c5c89dd5257d687917b,5247434efffe00013019000010000100,,NCGR graphics,Confirmed,True,False,,,,,,,,,,False,False
/pbr/pokegra.narc,/pbr/pokegra.narc!/member_02841,0,/pbr/pokegra.narc,501,2841,,11472596,11479044,11448832,11455280,6448,58795a38244489be23d26e9815e3600aac54a7e3b5f88554010a822f113c1b70,5247434efffe00013019000010000100,,NCGR graphics,Confirmed,True,False,,,,,,,,,,False,False
/pbr/pokegra.narc,/pbr/pokegra.narc!/member_02842,0,/pbr/pokegra.narc,501,2842,,11479044,11479116,11455280,11455352,72,0b0aa868a9382b5debb064ae1967df88bf9a8435ea291620e377453a93be712a,524c434efffe00014800000010000100,,NCLR palette,Confirmed,True,False,,,,,,,,,,False,False
/pbr/pokegra.narc,/pbr/pokegra.narc!/member_02843,0,/pbr/pokegra.narc,501,2843,,11479116,11479188,11455352,11455424,72,4cc292347e3a3f8acedbf78b74ec54504da4651f7ccefed4bf49cde9a20bd9c9,524c434efffe00014800000010000100,,NCLR palette,Confirmed,True,False,,,,,,,,,,False,False
/pbr/pokegra.narc,/pbr/pokegra.narc!/member_02844,0,/pbr/pokegra.narc,501,2844,,11479188,11479188,11455424,11455424,0,e3b0c44298fc1c149afbf4c8996fb92427ae41e4649b934ca495991b7852b855,,,,,,False,,,,,,,,,,False,False
/pbr/pokegra.narc,/pbr/pokegra.narc!/member_02845,0,/pbr/pokegra.narc,501,2845,,11479188,11485636,11455424,11461872,6448,2bd2186aa24463e2720020308a0ff079770df3a28495cde24623462fa2dd928d,5247434efffe00013019000010000100,,NCGR graphics,Confirmed,True,False,,,,,,,,,,False,False
/pbr/pokegra.narc,/pbr/pokegra.narc!/member_02846,0,/pbr/pokegra.narc,501,2846,,11485636,11485636,11461872,11461872,0,e3b0c44298fc1c149afbf4c8996fb92427ae41e4649b934ca495991b7852b855,,,,,,False,,,,,,,,,,False,False
/pbr/pokegra.narc,/pbr/pokegra.narc!/member_02847,0,/pbr/pokegra.narc,501,2847,,11485636,11492084,11461872,11468320,6448,19e0c138eb13379f1f00b4773bd8bc6caaa0814ae7a9d62f722f9e3b6df7eb8b,5247434efffe00013019000010000100,,NCGR graphics,Confirmed,True,False,,,,,,,,,,False,False
/pbr/pokegra.narc,/pbr/pokegra.narc!/member_02848,0,/pbr/pokegra.narc,501,2848,,11492084,11492156,11468320,11468392,72,2ef629ea725060ae50edc88aadc7e8eac904638a37db35ca0799697876aac40b,524c434efffe00014800000010000100,,NCLR palette,Confirmed,True,False,,,,,,,,,,False,False
/pbr/pokegra.narc,/pbr/pokegra.narc!/member_02849,0,/pbr/pokegra.narc,501,2849,,11492156,11492228,11468392,11468464,72,b002e643a9585a1970b3c95234c4e2e37655d2eee9f03175c38d7e559690c469,524c434efffe00014800000010000100,,NCLR palette,Confirmed,True,False,,,,,,,,,,False,False
/pbr/pokegra.narc,/pbr/pokegra.narc!/member_02850,0,/pbr/pokegra.narc,501,2850,,11492228,11492228,11468464,11468464,0,e3b0c44298fc1c149afbf4c8996fb92427ae41e4649b934ca495991b7852b855,,,,,,False,,,,,,,,,,False,False
/pbr/pokegra.narc,/pbr/pokegra.narc!/member_02851,0,/pbr/pokegra.narc,501,2851,,11492228,11498676,11468464,11474912,6448,d701a98b596a79353b25bf5f2f3833073348f43f686754042c6472baf42cd7cf,5247434efffe00013019000010000100,,NCGR graphics,Confirmed,True,False,,,,,,,,,,False,False
/pbr/pokegra.narc,/pbr/pokegra.narc!/member_02852,0,/pbr/pokegra.narc,501,2852,,11498676,11498676,11474912,11474912,0,e3b0c44298fc1c149afbf4c8996fb92427ae41e4649b934ca495991b7852b855,,,,,,False,,,,,,,,,,False,False
/pbr/pokegra.narc,/pbr/pokegra.narc!/member_02853,0,/pbr/pokegra.narc,501,2853,,11498676,11505124,11474912,11481360,6448,194ce7bbff85b6f6b07f46b928abbc2cf59deee2378a5bf149b7eaf5c9386c63,5247434efffe00013019000010000100,,NCGR graphics,Confirmed,True,False,,,,,,,,,,False,False
/pbr/pokegra.narc,/pbr/pokegra.narc!/member_02854,0,/pbr/pokegra.narc,501,2854,,11505124,11505196,11481360,11481432,72,f2e19a6287769fe96de6b19cecbbb837736cf6cf4b47724b5412a2d963ffc98e,524c434efffe00014800000010000100,,NCLR palette,Confirmed,True,False,,,,,,,,,,False,False
/pbr/pokegra.narc,/pbr/pokegra.narc!/member_02855,0,/pbr/pokegra.narc,501,2855,,11505196,11505268,11481432,11481504,72,259ff28c376a66af942aa8a2cc673d88196c8f02f2bbb61f50e00e43968ca6c4,524c434efffe00014800000010000100,,NCLR palette,Confirmed,True,False,,,,,,,,,,False,False
/pbr/pokegra.narc,/pbr/pokegra.narc!/member_02856,0,/pbr/pokegra.narc,501,2856,,11505268,11511716,11481504,11487952,6448,40dcec00b3089f578046a609ad2fbe241295008874c48bed90b0f38795cc1b66,5247434efffe00013019000010000100,,NCGR graphics,Confirmed,True,False,,,,,,,,,,False,False
/pbr/pokegra.narc,/pbr/pokegra.narc!/member_02857,0,/pbr/pokegra.narc,501,2857,,11511716,11518164,11487952,11494400,6448,40dcec00b3089f578046a609ad2fbe241295008874c48bed90b0f38795cc1b66,5247434efffe00013019000010000100,,NCGR graphics,Confirmed,True,False,,,,,,,,,,False,False
/pbr/pokegra.narc,/pbr/pokegra.narc!/member_02858,0,/pbr/pokegra.narc,501,2858,,11518164,11524612,11494400,11500848,6448,152e1447df57f2b3b488a9b77e4dc32001449ec79cf6b82e0cc7d0627750debd,5247434efffe00013019000010000100,,NCGR graphics,Confirmed,True,False,,,,,,,,,,False,False
/pbr/pokegra.narc,/pbr/pokegra.narc!/member_02859,0,/pbr/pokegra.narc,501,2859,,11524612,11531060,11500848,11507296,6448,152e1447df57f2b3b488a9b77e4dc32001449ec79cf6b82e0cc7d0627750debd,5247434efffe00013019000010000100,,NCGR graphics,Confirmed,True,False,,,,,,,,,,False,False
/pbr/pokegra.narc,/pbr/pokegra.narc!/member_02860,0,/pbr/pokegra.narc,501,2860,,11531060,11531132,11507296,11507368,72,18a3d90d2257b72e6c675c65271147de29df3808384307cd03974ac7362dbadc,524c434efffe00014800000010000100,,NCLR palette,Confirmed,True,False,,,,,,,,,,False,False
/pbr/pokegra.narc,/pbr/pokegra.narc!/member_02861,0,/pbr/pokegra.narc,501,2861,,11531132,11531204,11507368,11507440,72,4436a6407ed7d8cb151d8831055dd886960dd7ef7f3e3042c6f38fa468d952d6,524c434efffe00014800000010000100,,NCLR palette,Confirmed,True,False,,,,,,,,,,False,False
/pbr/pokegra.narc,/pbr/pokegra.narc!/member_02862,0,/pbr/pokegra.narc,501,2862,,11531204,11537652,11507440,11513888,6448,cfff9097ce11e0700b3c0ce97616e0fe8eeb17845cc7e07078f1bae5d626e5b1,5247434efffe00013019000010000100,,NCGR graphics,Confirmed,True,False,,,,,,,,,,False,False
/pbr/pokegra.narc,/pbr/pokegra.narc!/member_02863,0,/pbr/pokegra.narc,501,2863,,11537652,11544100,11513888,11520336,6448,cfff9097ce11e0700b3c0ce97616e0fe8eeb17845cc7e07078f1bae5d626e5b1,5247434efffe00013019000010000100,,NCGR graphics,Confirmed,True,False,,,,,,,,,,False,False
/pbr/pokegra.narc,/pbr/pokegra.narc!/member_02864,0,/pbr/pokegra.narc,501,2864,,11544100,11550548,11520336,11526784,6448,94956ac70def9d5732cac2da3c76a71beaa8cdcebdc9baabc533b71e65416592,5247434efffe00013019000010000100,,NCGR graphics,Confirmed,True,False,,,,,,,,,,False,False
/pbr/pokegra.narc,/pbr/pokegra.narc!/member_02865,0,/pbr/pokegra.narc,501,2865,,11550548,11556996,11526784,11533232,6448,94956ac70def9d5732cac2da3c76a71beaa8cdcebdc9baabc533b71e65416592,5247434efffe00013019000010000100,,NCGR graphics,Confirmed,True,False,,,,,,,,,,False,False
/pbr/pokegra.narc,/pbr/pokegra.narc!/member_02866,0,/pbr/pokegra.narc,501,2866,,11556996,11557068,11533232,11533304,72,4154544d220bd4a738b1b7ff58022ab92db9420bc804013e29855aca0a5b91c7,524c434efffe00014800000010000100,,NCLR palette,Confirmed,True,False,,,,,,,,,,False,False
/pbr/pokegra.narc,/pbr/pokegra.narc!/member_02867,0,/pbr/pokegra.narc,501,2867,,11557068,11557140,11533304,11533376,72,8a591a5691df9165253950999e14461da15aad3e6eb2d27436e11f3d45cdd365,524c434efffe00014800000010000100,,NCLR palette,Confirmed,True,False,,,,,,,,,,False,False
/pbr/pokegra.narc,/pbr/pokegra.narc!/member_02868,0,/pbr/pokegra.narc,501,2868,,11557140,11563588,11533376,11539824,6448,d832e9109f0f78fea7b987202a177a43287f7200b41c30696a5e2577cbd7bde6,5247434efffe00013019000010000100,,NCGR graphics,Confirmed,True,False,,,,,,,,,,False,False
/pbr/pokegra.narc,/pbr/pokegra.narc!/member_02869,0,/pbr/pokegra.narc,501,2869,,11563588,11563588,11539824,11539824,0,e3b0c44298fc1c149afbf4c8996fb92427ae41e4649b934ca495991b7852b855,,,,,,False,,,,,,,,,,False,False
/pbr/pokegra.narc,/pbr/pokegra.narc!/member_02870,0,/pbr/pokegra.narc,501,2870,,11563588,11570036,11539824,11546272,6448,7debb697e1ad7c82bf560a0ab515bcc5d2357e8b956d05545516372158d50235,5247434efffe00013019000010000100,,NCGR graphics,Confirmed,True,False,,,,,,,,,,False,False
/pbr/pokegra.narc,/pbr/pokegra.narc!/member_02871,0,/pbr/pokegra.narc,501,2871,,11570036,11570036,11546272,11546272,0,e3b0c44298fc1c149afbf4c8996fb92427ae41e4649b934ca495991b7852b855,,,,,,False,,,,,,,,,,False,False
/pbr/pokegra.narc,/pbr/pokegra.narc!/member_02872,0,/pbr/pokegra.narc,501,2872,,11570036,11570108,11546272,11546344,72,ae4434084c25d63c16815c6139fd3081269baba4d5d4b323bf01faf17bfe34e2,524c434efffe00014800000010000100,,NCLR palette,Confirmed,True,False,,,,,,,,,,False,False
/pbr/pokegra.narc,/pbr/pokegra.narc!/member_02873,0,/pbr/pokegra.narc,501,2873,,11570108,11570180,11546344,11546416,72,c9a86dbe9da33f173c7b22ebdfed3c7f22101195995f53fb2336f2efdb02d1c4,524c434efffe00014800000010000100,,NCLR palette,Confirmed,True,False,,,,,,,,,,False,False
/pbr/pokegra.narc,/pbr/pokegra.narc!/member_02874,0,/pbr/pokegra.narc,501,2874,,11570180,11570180,11546416,11546416,0,e3b0c44298fc1c149afbf4c8996fb92427ae41e4649b934ca495991b7852b855,,,,,,False,,,,,,,,,,False,False
/pbr/pokegra.narc,/pbr/pokegra.narc!/member_02875,0,/pbr/pokegra.narc,501,2875,,11570180,11576628,11546416,11552864,6448,ed30cdfc79e91ba660509f7934a0bb07a18aedcf3a30e0df59704378fa3323e2,5247434efffe00013019000010000100,,NCGR graphics,Confirmed,True,False,,,,,,,,,,False,False
/pbr/pokegra.narc,/pbr/pokegra.narc!/member_02876,0,/pbr/pokegra.narc,501,2876,,11576628,11576628,11552864,11552864,0,e3b0c44298fc1c149afbf4c8996fb92427ae41e4649b934ca495991b7852b855,,,,,,False,,,,,,,,,,False,False
/pbr/pokegra.narc,/pbr/pokegra.narc!/member_02877,0,/pbr/pokegra.narc,501,2877,,11576628,11583076,11552864,11559312,6448,ee12c888142f4b47d55ceddf41fe801e46f89f300de963b380246959390397b4,5247434efffe00013019000010000100,,NCGR graphics,Confirmed,True,False,,,,,,,,,,False,False
/pbr/pokegra.narc,/pbr/pokegra.narc!/member_02878,0,/pbr/pokegra.narc,501,2878,,11583076,11583148,11559312,11559384,72,09f0d0cabfa4b2dbea5d6deea2aaa08afcb3a019831f404b2e342375e018d565,524c434efffe00014800000010000100,,NCLR palette,Confirmed,True,False,,,,,,,,,,False,False
/pbr/pokegra.narc,/pbr/pokegra.narc!/member_02879,0,/pbr/pokegra.narc,501,2879,,11583148,11583220,11559384,11559456,72,dbad656a1bd48861d23ecc209b9f8db97a1f8d83a62606b6b02670f36619df5e,524c434efffe00014800000010000100,,NCLR palette,Confirmed,True,False,,,,,,,,,,False,False
/pbr/pokegra.narc,/pbr/pokegra.narc!/member_02880,0,/pbr/pokegra.narc,501,2880,,11583220,11583220,11559456,11559456,0,e3b0c44298fc1c149afbf4c8996fb92427ae41e4649b934ca495991b7852b855,,,,,,False,,,,,,,,,,False,False
/pbr/pokegra.narc,/pbr/pokegra.narc!/member_02881,0,/pbr/pokegra.narc,501,2881,,11583220,11589668,11559456,11565904,6448,f4b22dcb170838a966b674034c94e43467c0a457b949035bc6135d515aab8c37,5247434efffe00013019000010000100,,NCGR graphics,Confirmed,True,False,,,,,,,,,,False,False
/pbr/pokegra.narc,/pbr/pokegra.narc!/member_02882,0,/pbr/pokegra.narc,501,2882,,11589668,11589668,11565904,11565904,0,e3b0c44298fc1c149afbf4c8996fb92427ae41e4649b934ca495991b7852b855,,,,,,False,,,,,,,,,,False,False
/pbr/pokegra.narc,/pbr/pokegra.narc!/member_02883,0,/pbr/pokegra.narc,501,2883,,11589668,11596116,11565904,11572352,6448,b80cf451b071bbf6ad0dc341a2c84ee107ceedd1b7aab7c2fa6d354a73860a0b,5247434efffe00013019000010000100,,NCGR graphics,Confirmed,True,False,,,,,,,,,,False,False
/pbr/pokegra.narc,/pbr/pokegra.narc!/member_02884,0,/pbr/pokegra.narc,501,2884,,11596116,11596188,11572352,11572424,72,0fe6227337013055a9237fa47cc6810c9e80a07012a7ff4127ff7b9238544729,524c434efffe00014800000010000100,,NCLR palette,Confirmed,True,False,,,,,,,,,,False,False
/pbr/pokegra.narc,/pbr/pokegra.narc!/member_02885,0,/pbr/pokegra.narc,501,2885,,11596188,11596260,11572424,11572496,72,4db435181f6cc3bf8cdd4b78742ea224e037873eca1ba1004f1ea4f676234ab7,524c434efffe00014800000010000100,,NCLR palette,Confirmed,True,False,,,,,,,,,,False,False
/pbr/pokegra.narc,/pbr/pokegra.narc!/member_02886,0,/pbr/pokegra.narc,501,2886,,11596260,11596260,11572496,11572496,0,e3b0c44298fc1c149afbf4c8996fb92427ae41e4649b934ca495991b7852b855,,,,,,False,,,,,,,,,,False,False
/pbr/pokegra.narc,/pbr/pokegra.narc!/member_02887,0,/pbr/pokegra.narc,501,2887,,11596260,11602708,11572496,11578944,6448,37528c234cb1b950326311a96bb03964d13831f4e249246721a2a5491438ef07,5247434efffe00013019000010000100,,NCGR graphics,Confirmed,True,False,,,,,,,,,,False,False
/pbr/pokegra.narc,/pbr/pokegra.narc!/member_02888,0,/pbr/pokegra.narc,501,2888,,11602708,11602708,11578944,11578944,0,e3b0c44298fc1c149afbf4c8996fb92427ae41e4649b934ca495991b7852b855,,,,,,False,,,,,,,,,,False,False
/pbr/pokegra.narc,/pbr/pokegra.narc!/member_02889,0,/pbr/pokegra.narc,501,2889,,11602708,11609156,11578944,11585392,6448,5b52515992b18fa915d573d8797a6f69f508d864d0cefbd2b24327ea588d7e4b,5247434efffe00013019000010000100,,NCGR graphics,Confirmed,True,False,,,,,,,,,,False,False
/pbr/pokegra.narc,/pbr/pokegra.narc!/member_02890,0,/pbr/pokegra.narc,501,2890,,11609156,11609228,11585392,11585464,72,c2b8b1a808995e9e61d52c5acee45f60d4537cf9086d428b29b15e6292bd2733,524c434efffe00014800000010000100,,NCLR palette,Confirmed,True,False,,,,,,,,,,False,False
/pbr/pokegra.narc,/pbr/pokegra.narc!/member_02891,0,/pbr/pokegra.narc,501,2891,,11609228,11609300,11585464,11585536,72,92b5d726c6288cc6692ad86137858e647f95cd94890cb689dc6af748c1d28a48,524c434efffe00014800000010000100,,NCLR palette,Confirmed,True,False,,,,,,,,,,False,False
/pbr/pokegra.narc,/pbr/pokegra.narc!/member_02892,0,/pbr/pokegra.narc,501,2892,,11609300,11609300,11585536,11585536,0,e3b0c44298fc1c149afbf4c8996fb92427ae41e4649b934ca495991b7852b855,,,,,,False,,,,,,,,,,False,False
/pbr/pokegra.narc,/pbr/pokegra.narc!/member_02893,0,/pbr/pokegra.narc,501,2893,,11609300,11615748,11585536,11591984,6448,bb0383ad949f87346f7563b3466fbf5e0df0df0087645f2c7b120938c019d6e5,5247434efffe00013019000010000100,,NCGR graphics,Confirmed,True,False,,,,,,,,,,False,False
/pbr/pokegra.narc,/pbr/pokegra.narc!/member_02894,0,/pbr/pokegra.narc,501,2894,,11615748,11615748,11591984,11591984,0,e3b0c44298fc1c149afbf4c8996fb92427ae41e4649b934ca495991b7852b855,,,,,,False,,,,,,,,,,False,False
/pbr/pokegra.narc,/pbr/pokegra.narc!/member_02895,0,/pbr/pokegra.narc,501,2895,,11615748,11622196,11591984,11598432,6448,fab205046210a452ae93a8fe1cd7730824dffbedc25e2bd046465cca628456a5,5247434efffe00013019000010000100,,NCGR graphics,Confirmed,True,False,,,,,,,,,,False,False
/pbr/pokegra.narc,/pbr/pokegra.narc!/member_02896,0,/pbr/pokegra.narc,501,2896,,11622196,11622268,11598432,11598504,72,9110ac22ae49f614b500f291c036cb4975fd972487119e58d9854cae95f3b6c7,524c434efffe00014800000010000100,,NCLR palette,Confirmed,True,False,,,,,,,,,,False,False
/pbr/pokegra.narc,/pbr/pokegra.narc!/member_02897,0,/pbr/pokegra.narc,501,2897,,11622268,11622340,11598504,11598576,72,39f0757d3581b3ac8c2ed2cdc89e42167452b4c5b58b9923afa3e4427f2eee4e,524c434efffe00014800000010000100,,NCLR palette,Confirmed,True,False,,,,,,,,,,False,False
/pbr/pokegra.narc,/pbr/pokegra.narc!/member_02898,0,/pbr/pokegra.narc,501,2898,,11622340,11622340,11598576,11598576,0,e3b0c44298fc1c149afbf4c8996fb92427ae41e4649b934ca495991b7852b855,,,,,,False,,,,,,,,,,False,False
/pbr/pokegra.narc,/pbr/pokegra.narc!/member_02899,0,/pbr/pokegra.narc,501,2899,,11622340,11628788,11598576,11605024,6448,45223ca9f942e72bae3b5937db898c9c20aa222ac759d07790d4369e8577aef8,5247434efffe00013019000010000100,,NCGR graphics,Confirmed,True,False,,,,,,,,,,False,False
/pbr/pokegra.narc,/pbr/pokegra.narc!/member_02900,0,/pbr/pokegra.narc,501,2900,,11628788,11628788,11605024,11605024,0,e3b0c44298fc1c149afbf4c8996fb92427ae41e4649b934ca495991b7852b855,,,,,,False,,,,,,,,,,False,False
/pbr/pokegra.narc,/pbr/pokegra.narc!/member_02901,0,/pbr/pokegra.narc,501,2901,,11628788,11635236,11605024,11611472,6448,2e964d4c766047bbafe38da5c8f7aecaddc942c5aa8b7f7b50d7c41ed347f282,5247434efffe00013019000010000100,,NCGR graphics,Confirmed,True,False,,,,,,,,,,False,False
/pbr/pokegra.narc,/pbr/pokegra.narc!/member_02902,0,/pbr/pokegra.narc,501,2902,,11635236,11635308,11611472,11611544,72,81e733cf474e98933a314d1a7cb40ec07119624017ff19dff6674596ac6acccc,524c434efffe00014800000010000100,,NCLR palette,Confirmed,True,False,,,,,,,,,,False,False
/pbr/pokegra.narc,/pbr/pokegra.narc!/member_02903,0,/pbr/pokegra.narc,501,2903,,11635308,11635380,11611544,11611616,72,2801f88093ae3a25b7d479256be35474c572ca712d55435ed9377f5ec79c9615,524c434efffe00014800000010000100,,NCLR palette,Confirmed,True,False,,,,,,,,,,False,False
/pbr/pokegra.narc,/pbr/pokegra.narc!/member_02904,0,/pbr/pokegra.narc,501,2904,,11635380,11635380,11611616,11611616,0,e3b0c44298fc1c149afbf4c8996fb92427ae41e4649b934ca495991b7852b855,,,,,,False,,,,,,,,,,False,False
/pbr/pokegra.narc,/pbr/pokegra.narc!/member_02905,0,/pbr/pokegra.narc,501,2905,,11635380,11641828,11611616,11618064,6448,29262a638ba764c5489f58090d56c20f8c31d4d159605be35b211fe7c964a225,5247434efffe00013019000010000100,,NCGR graphics,Confirmed,True,False,,,,,,,,,,False,False
/pbr/pokegra.narc,/pbr/pokegra.narc!/member_02906,0,/pbr/pokegra.narc,501,2906,,11641828,11641828,11618064,11618064,0,e3b0c44298fc1c149afbf4c8996fb92427ae41e4649b934ca495991b7852b855,,,,,,False,,,,,,,,,,False,False
/pbr/pokegra.narc,/pbr/pokegra.narc!/member_02907,0,/pbr/pokegra.narc,501,2907,,11641828,11648276,11618064,11624512,6448,6606274c25718ccb7b9f51701a3c24f68fb696a9be94bca7c47148e84db4ab4c,5247434efffe00013019000010000100,,NCGR graphics,Confirmed,True,False,,,,,,,,,,False,False
/pbr/pokegra.narc,/pbr/pokegra.narc!/member_02908,0,/pbr/pokegra.narc,501,2908,,11648276,11648348,11624512,11624584,72,fa65d0228c6d1e4f2428194c1924d9382c58d13b2b600e3d724133785e3471cc,524c434efffe00014800000010000100,,NCLR palette,Confirmed,True,False,,,,,,,,,,False,False
/pbr/pokegra.narc,/pbr/pokegra.narc!/member_02909,0,/pbr/pokegra.narc,501,2909,,11648348,11648420,11624584,11624656,72,62b2d09846ec668e47c25b3d8da15e91d9569c21d8d767db68f74f2f923db4bd,524c434efffe00014800000010000100,,NCLR palette,Confirmed,True,False,,,,,,,,,,False,False
/pbr/pokegra.narc,/pbr/pokegra.narc!/member_02910,0,/pbr/pokegra.narc,501,2910,,11648420,11654868,11624656,11631104,6448,8d29c25057505f588956ce70859551a82751f63e0eb03094cdc01022faced408,5247434efffe00013019000010000100,,NCGR graphics,Confirmed,True,False,,,,,,,,,,False,False
/pbr/pokegra.narc,/pbr/pokegra.narc!/member_02911,0,/pbr/pokegra.narc,501,2911,,11654868,11661316,11631104,11637552,6448,8d29c25057505f588956ce70859551a82751f63e0eb03094cdc01022faced408,5247434efffe00013019000010000100,,NCGR graphics,Confirmed,True,False,,,,,,,,,,False,False
/pbr/pokegra.narc,/pbr/pokegra.narc!/member_02912,0,/pbr/pokegra.narc,501,2912,,11661316,11667764,11637552,11644000,6448,aea74016fbc406312486a9dd2f07b52be860ea746d6ebde820ea49b740a4468b,5247434efffe00013019000010000100,,NCGR graphics,Confirmed,True,False,,,,,,,,,,False,False
/pbr/pokegra.narc,/pbr/pokegra.narc!/member_02913,0,/pbr/pokegra.narc,501,2913,,11667764,11674212,11644000,11650448,6448,aea74016fbc406312486a9dd2f07b52be860ea746d6ebde820ea49b740a4468b,5247434efffe00013019000010000100,,NCGR graphics,Confirmed,True,False,,,,,,,,,,False,False
/pbr/pokegra.narc,/pbr/pokegra.narc!/member_02914,0,/pbr/pokegra.narc,501,2914,,11674212,11674284,11650448,11650520,72,490f31a2478843acc87b8327cca19bf9580492aa9ed1db43cdf8f72078837904,524c434efffe00014800000010000100,,NCLR palette,Confirmed,True,False,,,,,,,,,,False,False
/pbr/pokegra.narc,/pbr/pokegra.narc!/member_02915,0,/pbr/pokegra.narc,501,2915,,11674284,11674356,11650520,11650592,72,843797a54c36254f23a40bebc09a0b9089e1e018a375c2cde3ce9233993ff7be,524c434efffe00014800000010000100,,NCLR palette,Confirmed,True,False,,,,,,,,,,False,False
/pbr/pokegra.narc,/pbr/pokegra.narc!/member_02916,0,/pbr/pokegra.narc,501,2916,,11674356,11674356,11650592,11650592,0,e3b0c44298fc1c149afbf4c8996fb92427ae41e4649b934ca495991b7852b855,,,,,,False,,,,,,,,,,False,False
/pbr/pokegra.narc,/pbr/pokegra.narc!/member_02917,0,/pbr/pokegra.narc,501,2917,,11674356,11680804,11650592,11657040,6448,30906d89381952019939e1aed5e3789514da9787c41d09b9fb9e040334379e29,5247434efffe00013019000010000100,,NCGR graphics,Confirmed,True,False,,,,,,,,,,False,False
/pbr/pokegra.narc,/pbr/pokegra.narc!/member_02918,0,/pbr/pokegra.narc,501,2918,,11680804,11680804,11657040,11657040,0,e3b0c44298fc1c149afbf4c8996fb92427ae41e4649b934ca495991b7852b855,,,,,,False,,,,,,,,,,False,False
/pbr/pokegra.narc,/pbr/pokegra.narc!/member_02919,0,/pbr/pokegra.narc,501,2919,,11680804,11687252,11657040,11663488,6448,44219e8e7836ea71791c4443314c369cfda30f45290515e62ab0fbdd6234842b,5247434efffe00013019000010000100,,NCGR graphics,Confirmed,True,False,,,,,,,,,,False,False
/pbr/pokegra.narc,/pbr/pokegra.narc!/member_02920,0,/pbr/pokegra.narc,501,2920,,11687252,11687324,11663488,11663560,72,33b1f7265df19d019b607616b9569282a53e5098a6c2d9afdc8d73dc84d76562,524c434efffe00014800000010000100,,NCLR palette,Confirmed,True,False,,,,,,,,,,False,False
/pbr/pokegra.narc,/pbr/pokegra.narc!/member_02921,0,/pbr/pokegra.narc,501,2921,,11687324,11687396,11663560,11663632,72,80dd8f4ec320b1b69e145ee1b6b2729250892f00e449b7bd9d514bbecf9e6cbd,524c434efffe00014800000010000100,,NCLR palette,Confirmed,True,False,,,,,,,,,,False,False
/pbr/pokegra.narc,/pbr/pokegra.narc!/member_02922,0,/pbr/pokegra.narc,501,2922,,11687396,11687396,11663632,11663632,0,e3b0c44298fc1c149afbf4c8996fb92427ae41e4649b934ca495991b7852b855,,,,,,False,,,,,,,,,,False,False
/pbr/pokegra.narc,/pbr/pokegra.narc!/member_02923,0,/pbr/pokegra.narc,501,2923,,11687396,11693844,11663632,11670080,6448,98c458ae2867b54caece6084c5df9cb0d0572cbf2e9f48edc89ea9eabcf1b60b,5247434efffe00013019000010000100,,NCGR graphics,Confirmed,True,False,,,,,,,,,,False,False
/pbr/pokegra.narc,/pbr/pokegra.narc!/member_02924,0,/pbr/pokegra.narc,501,2924,,11693844,11693844,11670080,11670080,0,e3b0c44298fc1c149afbf4c8996fb92427ae41e4649b934ca495991b7852b855,,,,,,False,,,,,,,,,,False,False
/pbr/pokegra.narc,/pbr/pokegra.narc!/member_02925,0,/pbr/pokegra.narc,501,2925,,11693844,11700292,11670080,11676528,6448,23537071e51a62ddbcadf4386fee71d5bb991fa9c9ba3ea72968173e44365ca6,5247434efffe00013019000010000100,,NCGR graphics,Confirmed,True,False,,,,,,,,,,False,False
/pbr/pokegra.narc,/pbr/pokegra.narc!/member_02926,0,/pbr/pokegra.narc,501,2926,,11700292,11700364,11676528,11676600,72,d2adfe44d673f9e74cdfed05e64024cb7e8e62e106eba5d9418205622cfaba97,524c434efffe00014800000010000100,,NCLR palette,Confirmed,True,False,,,,,,,,,,False,False
/pbr/pokegra.narc,/pbr/pokegra.narc!/member_02927,0,/pbr/pokegra.narc,501,2927,,11700364,11700436,11676600,11676672,72,c3f286051029ffa80d0f80697c610ddaeca722d4efe2285225353ca14dee00fb,524c434efffe00014800000010000100,,NCLR palette,Confirmed,True,False,,,,,,,,,,False,False
/pbr/pokegra.narc,/pbr/pokegra.narc!/member_02928,0,/pbr/pokegra.narc,501,2928,,11700436,11706884,11676672,11683120,6448,1ed9bec7515020d855600937a248ba0533d2830e54351b7a9a86c9188f41f104,5247434efffe00013019000010000100,,NCGR graphics,Confirmed,True,False,,,,,,,,,,False,False
/pbr/pokegra.narc,/pbr/pokegra.narc!/member_02929,0,/pbr/pokegra.narc,501,2929,,11706884,11706884,11683120,11683120,0,e3b0c44298fc1c149afbf4c8996fb92427ae41e4649b934ca495991b7852b855,,,,,,False,,,,,,,,,,False,False
/pbr/pokegra.narc,/pbr/pokegra.narc!/member_02930,0,/pbr/pokegra.narc,501,2930,,11706884,11713332,11683120,11689568,6448,26ec35b6d0a01aea8747035babcbeec76d1c9fe8b01cabf07308ecfea2989a9b,5247434efffe00013019000010000100,,NCGR graphics,Confirmed,True,False,,,,,,,,,,False,False
/pbr/pokegra.narc,/pbr/pokegra.narc!/member_02931,0,/pbr/pokegra.narc,501,2931,,11713332,11713332,11689568,11689568,0,e3b0c44298fc1c149afbf4c8996fb92427ae41e4649b934ca495991b7852b855,,,,,,False,,,,,,,,,,False,False
/pbr/pokegra.narc,/pbr/pokegra.narc!/member_02932,0,/pbr/pokegra.narc,501,2932,,11713332,11713404,11689568,11689640,72,fb2b4c007b0382cc7123ce4733e7d955dc3003d090b273661ea76c2811b2b59b,524c434efffe00014800000010000100,,NCLR palette,Confirmed,True,False,,,,,,,,,,False,False
/pbr/pokegra.narc,/pbr/pokegra.narc!/member_02933,0,/pbr/pokegra.narc,501,2933,,11713404,11713476,11689640,11689712,72,3a84863d85f7bf1d648441aa2c85c9799f3100ae672e50b8441ba9f07475116e,524c434efffe00014800000010000100,,NCLR palette,Confirmed,True,False,,,,,,,,,,False,False
/pbr/pokegra.narc,/pbr/pokegra.narc!/member_02934,0,/pbr/pokegra.narc,501,2934,,11713476,11713476,11689712,11689712,0,e3b0c44298fc1c149afbf4c8996fb92427ae41e4649b934ca495991b7852b855,,,,,,False,,,,,,,,,,False,False
/pbr/pokegra.narc,/pbr/pokegra.narc!/member_02935,0,/pbr/pokegra.narc,501,2935,,11713476,11719924,11689712,11696160,6448,235110f0c21ecc677fa5a674382c2bac82d4aea10529a1f1ab7fed3bbd050cc3,5247434efffe00013019000010000100,,NCGR graphics,Confirmed,True,False,,,,,,,,,,False,False
/pbr/pokegra.narc,/pbr/pokegra.narc!/member_02936,0,/pbr/pokegra.narc,501,2936,,11719924,11719924,11696160,11696160,0,e3b0c44298fc1c149afbf4c8996fb92427ae41e4649b934ca495991b7852b855,,,,,,False,,,,,,,,,,False,False
/pbr/pokegra.narc,/pbr/pokegra.narc!/member_02937,0,/pbr/pokegra.narc,501,2937,,11719924,11726372,11696160,11702608,6448,d78eb4275a21d81ad40ebf007b5493b4982621b0d7b60f0ceed7027abd2c085b,5247434efffe00013019000010000100,,NCGR graphics,Confirmed,True,False,,,,,,,,,,False,False
/pbr/pokegra.narc,/pbr/pokegra.narc!/member_02938,0,/pbr/pokegra.narc,501,2938,,11726372,11726444,11702608,11702680,72,5e29c3bb630cd137aaa46eff769ed022ad1ce4e6f5541e9cb7b220a527512a94,524c434efffe00014800000010000100,,NCLR palette,Confirmed,True,False,,,,,,,,,,False,False
/pbr/pokegra.narc,/pbr/pokegra.narc!/member_02939,0,/pbr/pokegra.narc,501,2939,,11726444,11726516,11702680,11702752,72,2c96ab4a6d7175ad9f31ee33555b592e34df4578e5942d02821d533c8a73bf97,524c434efffe00014800000010000100,,NCLR palette,Confirmed,True,False,,,,,,,,,,False,False
/pbr/pokegra.narc,/pbr/pokegra.narc!/member_02940,0,/pbr/pokegra.narc,501,2940,,11726516,11726516,11702752,11702752,0,e3b0c44298fc1c149afbf4c8996fb92427ae41e4649b934ca495991b7852b855,,,,,,False,,,,,,,,,,False,False
/pbr/pokegra.narc,/pbr/pokegra.narc!/member_02941,0,/pbr/pokegra.narc,501,2941,,11726516,11732964,11702752,11709200,6448,1a604a011a486d971d0928c2b7710fe42ba1fcd682369e2bcdd90f1510de2249,5247434efffe00013019000010000100,,NCGR graphics,Confirmed,True,False,,,,,,,,,,False,False
/pbr/pokegra.narc,/pbr/pokegra.narc!/member_02942,0,/pbr/pokegra.narc,501,2942,,11732964,11732964,11709200,11709200,0,e3b0c44298fc1c149afbf4c8996fb92427ae41e4649b934ca495991b7852b855,,,,,,False,,,,,,,,,,False,False
/pbr/pokegra.narc,/pbr/pokegra.narc!/member_02943,0,/pbr/pokegra.narc,501,2943,,11732964,11739412,11709200,11715648,6448,072e5a33c0a46373b024396a30fd4c2b1424bc42d9024de4b51bea9267d02ca9,5247434efffe00013019000010000100,,NCGR graphics,Confirmed,True,False,,,,,,,,,,False,False
/pbr/pokegra.narc,/pbr/pokegra.narc!/member_02944,0,/pbr/pokegra.narc,501,2944,,11739412,11739484,11715648,11715720,72,da42482825296b5c60551528fb096032289c10b3c05cb1d1ef7b9a486cffc69a,524c434efffe00014800000010000100,,NCLR palette,Confirmed,True,False,,,,,,,,,,False,False
/pbr/pokegra.narc,/pbr/pokegra.narc!/member_02945,0,/pbr/pokegra.narc,501,2945,,11739484,11739556,11715720,11715792,72,7ffb6e3cac9e3b6b91f01b1e2a27109b17c872e1afe0e19dd20416ca10de8091,524c434efffe00014800000010000100,,NCLR palette,Confirmed,True,False,,,,,,,,,,False,False
/pbr/pokegra.narc,/pbr/pokegra.narc!/member_02946,0,/pbr/pokegra.narc,501,2946,,11739556,11739556,11715792,11715792,0,e3b0c44298fc1c149afbf4c8996fb92427ae41e4649b934ca495991b7852b855,,,,,,False,,,,,,,,,,False,False
/pbr/pokegra.narc,/pbr/pokegra.narc!/member_02947,0,/pbr/pokegra.narc,501,2947,,11739556,11746004,11715792,11722240,6448,f8ffa21f4998ead816547f242aaa0c3a0ce89d2be6dd46654a2a62edcb35a205,5247434efffe00013019000010000100,,NCGR graphics,Confirmed,True,False,,,,,,,,,,False,False
/pbr/pokegra.narc,/pbr/pokegra.narc!/member_02948,0,/pbr/pokegra.narc,501,2948,,11746004,11746004,11722240,11722240,0,e3b0c44298fc1c149afbf4c8996fb92427ae41e4649b934ca495991b7852b855,,,,,,False,,,,,,,,,,False,False
/pbr/pokegra.narc,/pbr/pokegra.narc!/member_02949,0,/pbr/pokegra.narc,501,2949,,11746004,11752452,11722240,11728688,6448,d43c831218e459ecb56532eb64f42eaf923386e7717094c27eb23b66585f652f,5247434efffe00013019000010000100,,NCGR graphics,Confirmed,True,False,,,,,,,,,,False,False
/pbr/pokegra.narc,/pbr/pokegra.narc!/member_02950,0,/pbr/pokegra.narc,501,2950,,11752452,11752524,11728688,11728760,72,36efb5097f8528e26e30766b8ec4733153d4e9ad8c6221ee44c729a1d46ffa16,524c434efffe00014800000010000100,,NCLR palette,Confirmed,True,False,,,,,,,,,,False,False
/pbr/pokegra.narc,/pbr/pokegra.narc!/member_02951,0,/pbr/pokegra.narc,501,2951,,11752524,11752596,11728760,11728832,72,0fa32e4de92b8d9a32cf24d260e1b4129932721f5ce2d8b05748290cbbe40f6c,524c434efffe00014800000010000100,,NCLR palette,Confirmed,True,False,,,,,,,,,,False,False
/pbr/pokegra.narc,/pbr/pokegra.narc!/member_02952,0,/pbr/pokegra.narc,501,2952,,11752596,11752596,11728832,11728832,0,e3b0c44298fc1c149afbf4c8996fb92427ae41e4649b934ca495991b7852b855,,,,,,False,,,,,,,,,,False,False
/pbr/pokegra.narc,/pbr/pokegra.narc!/member_02953,0,/pbr/pokegra.narc,501,2953,,11752596,11759044,11728832,11735280,6448,51238f22b730e1e7d04c07b8f0021c433aaf4d9247f27c5cef7681d14055b459,5247434efffe00013019000010000100,,NCGR graphics,Confirmed,True,False,,,,,,,,,,False,False
/pbr/pokegra.narc,/pbr/pokegra.narc!/member_02954,0,/pbr/pokegra.narc,501,2954,,11759044,11759044,11735280,11735280,0,e3b0c44298fc1c149afbf4c8996fb92427ae41e4649b934ca495991b7852b855,,,,,,False,,,,,,,,,,False,False
/pbr/pokegra.narc,/pbr/pokegra.narc!/member_02955,0,/pbr/pokegra.narc,501,2955,,11759044,11765492,11735280,11741728,6448,9f321c734438701560180a182ba09b79b50920153d163c5b208bd6bcd68e82ea,5247434efffe00013019000010000100,,NCGR graphics,Confirmed,True,False,,,,,,,,,,False,False
/pbr/pokegra.narc,/pbr/pokegra.narc!/member_02956,0,/pbr/pokegra.narc,501,2956,,11765492,11765564,11741728,11741800,72,f445e59e46f9fa99d2b75bc8935754d02f76f89b76ad6982b574b22a21091aea,524c434efffe00014800000010000100,,NCLR palette,Confirmed,True,False,,,,,,,,,,False,False
/pbr/pokegra.narc,/pbr/pokegra.narc!/member_02957,0,/pbr/pokegra.narc,501,2957,,11765564,11765636,11741800,11741872,72,5f05ca29bea97cc635381d83befe56cc9e31074cae20907ed170932fd720a762,524c434efffe00014800000010000100,,NCLR palette,Confirmed,True,False,,,,,,,,,,False,False
/pbr/pokegra.narc,/pbr/pokegra.narc!/member_02958,0,/pbr/pokegra.narc,501,2958,,11765636,11765636,11741872,11741872,0,e3b0c44298fc1c149afbf4c8996fb92427ae41e4649b934ca495991b7852b855,,,,,,False,,,,,,,,,,False,False
/pbr/pokegra.narc,/pbr/pokegra.narc!/member_02959,0,/pbr/pokegra.narc,501,2959,,11765636,11772084,11741872,11748320,6448,08fda85b505c16d0586fc3e2d34e5d8baf53352822830ea1c39a11f1399cab92,5247434efffe00013019000010000100,,NCGR graphics,Confirmed,True,False,,,,,,,,,,False,False
/pbr/pokegra.narc,/pbr/pokegra.narc!/member_02960,0,/pbr/pokegra.narc,501,2960,,11772084,11772084,11748320,11748320,0,e3b0c44298fc1c149afbf4c8996fb92427ae41e4649b934ca495991b7852b855,,,,,,False,,,,,,,,,,False,False
/pbr/pokegra.narc,/pbr/pokegra.narc!/member_02961,0,/pbr/pokegra.narc,501,2961,,11772084,11778532,11748320,11754768,6448,2ad4ed6154cea13f6409560a3c528d9dc50d9e04125283837ba88d71b5ccf5c9,5247434efffe00013019000010000100,,NCGR graphics,Confirmed,True,False,,,,,,,,,,False,False
/pbr/pokegra.narc,/pbr/pokegra.narc!/member_02962,0,/pbr/pokegra.narc,501,2962,,11778532,11778604,11754768,11754840,72,4b167b4f577e236d1773660fbf5496c58a54405f4bb36048b810618fd556870d,524c434efffe00014800000010000100,,NCLR palette,Confirmed,True,False,,,,,,,,,,False,False
/pbr/pokegra.narc,/pbr/pokegra.narc!/member_02963,0,/pbr/pokegra.narc,501,2963,,11778604,11778676,11754840,11754912,72,b29f793e9293e75b522139ded1515c04b0dfd74b759ed6bf49ca27fb750ae071,524c434efffe00014800000010000100,,NCLR palette,Confirmed,True,False,,,,,,,,,,False,False
/pbr/poketch.narc,/pbr/poketch.narc!/member_00000,0,/pbr/poketch.narc,502,0,,1060,1612,0,552,552,d93807f0ba77aa1eb746ee08e00f629a18dac852520d9132a4dfa117d1c37562,524c434efffe00012802000010000100,,NCLR palette,Confirmed,True,False,,,,,,,,,,False,False
/pbr/poketch.narc,/pbr/poketch.narc!/member_00001,0,/pbr/poketch.narc,502,1,,1612,2164,552,1104,552,d93807f0ba77aa1eb746ee08e00f629a18dac852520d9132a4dfa117d1c37562,524c434efffe00012802000010000100,,NCLR palette,Confirmed,True,False,,,,,,,,,,False,False
/pbr/poketch.narc,/pbr/poketch.narc!/member_00002,0,/pbr/poketch.narc,502,2,,2164,2548,1104,1488,384,77864d3b60eb6bd5aa3e166155fdb64be32e761f7a92c37548604a7d62fe872a,10300a00005247434efffe010100300a,,Nintendo LZ10,Probable,,True,Nintendo LZ10,Confirmed,True,2608,True,2608,58fd6a604c7eeab3376c8b7e5a7130a8f55163a76cdba43fba9e68900943a22f,NCGR graphics,Confirmed,False,False
/pbr/poketch.narc,/pbr/poketch.narc!/member_00003,0,/pbr/poketch.narc,502,3,,2548,2746,1488,1686,198,83be4c61ab4db1da6ce4c3ead0540fec956ba3b5d3b0bdcafc9b46e96fa443af,10660100005245434efffe0001006601,,Nintendo LZ10,Probable,,True,Nintendo LZ10,Confirmed,True,358,True,358,60a678e2ad0a5cab42e1d8aecdbef630fb33d1277b4b97509cadefaf9fc6579d,NCER cell,Confirmed,False,False
/pbr/poketch.narc,/pbr/poketch.narc!/member_00004,0,/pbr/poketch.narc,502,4,,2748,2993,1688,1933,245,07aa0797106e8d0e48d68b5131d8fff573aaa1d62daaa30a2154ac526297e7d4,10f2010000524e414efffe000100f201,,Nintendo LZ10,Probable,,True,Nintendo LZ10,Confirmed,True,498,True,498,4a2320aa135af27a1e6b7570dc4791c54555793637e1c27647721bd86ac1db05,NANR animation,Confirmed,False,False
/pbr/poketch.narc,/pbr/poketch.narc!/member_00005,0,/pbr/poketch.narc,502,5,,2996,3126,1936,2066,130,45e96ebb391d3f7aa3aaa938a9a4ee116caf3a8c87659a70b2a716f8a2b9814c,10d80000005245434efffe000100d800,,Nintendo LZ10,Probable,,True,Nintendo LZ10,Confirmed,True,216,True,216,e84a33afd2caef65a72777e065f253d4678336028120af550aabfbb935832e12,NCER cell,Confirmed,False,False
/pbr/poketch.narc,/pbr/poketch.narc!/member_00006,0,/pbr/poketch.narc,502,6,,3128,3382,2068,2322,254,f860da936aa352ae3b0204ac5e5adb97a5a71fa38390538e268ea15e7310d5ce,101c020000524e414efffe0001001c02,,Nintendo LZ10,Probable,,True,Nintendo LZ10,Confirmed,True,540,True,540,37f35e227a0fbf581c4d28e43dee68dec9c30185efe9d73ba0c9d28e107804a9,NANR animation,Confirmed,False,False
/pbr/poketch.narc,/pbr/poketch.narc!/member_00007,0,/pbr/poketch.narc,502,7,,3384,3468,2324,2408,84,4bad6429a3652e9124dda5ef3cf477760d0894f70c0cccbaace9cb0fb420a266,10c00000005247434efffe010100c000,,Nintendo LZ10,Probable,,True,Nintendo LZ10,Confirmed,True,192,True,192,3bcc40c318f6e66d02e8dd9cca8b903c8e3444fee338c12c0aecff856a1b8f59,NCGR graphics,Confirmed,False,False
/pbr/poketch.narc,/pbr/poketch.narc!/member_00008,0,/pbr/poketch.narc,502,8,,3468,5580,2408,4520,2112,b8674b9144df4a9434a3154581bbb976583f413dfc3bcc0d2294326d95caf174,5247434efffe01014008000010000200,,NCGR graphics,Confirmed,True,False,,,,,,,,,,False,False
/pbr/poketch.narc,/pbr/poketch.narc!/member_00009,0,/pbr/poketch.narc,502,9,,5580,6180,4520,5120,600,ca7d3009832306204e27a0eacff9ff84263ceb054eadbf50be4c5397d0c2c0cb,524c434efffe00015802000010000200,,NCLR palette,Confirmed,True,False,,,,,,,,,,False,False
/pbr/poketch.narc,/pbr/poketch.narc!/member_00010,0,/pbr/poketch.narc,502,10,,6180,6681,5120,5621,501,82109a4dc40c4b3d3bce58d8a4d1cbbef6eb0ef503d08bc4a89fab4bdfd7f911,10400800005247434efffe0101004008,,Nintendo LZ10,Probable,,True,Nintendo LZ10,Confirmed,True,2112,True,2112,f43939ad1c086503920700df9d20af4c5768ec5c718d692a2b37d3828eeeb863,NCGR graphics,Confirmed,False,False
/pbr/poketch.narc,/pbr/poketch.narc!/member_00011,0,/pbr/poketch.narc,502,11,,6684,7119,5624,6059,435,0d844dc969e9d2205089bc304ee4a9348b2cc0853aee659b016efd4e0764dc3d,10240600005243534efffe0001002406,,Nintendo LZ10,Probable,,True,Nintendo LZ10,Confirmed,True,1572,True,1572,24b76bd2f3997b45c012468152bbe0dfd4c99daef3442d4aac1be1f7a5fadf15,NSCR screen map,Confirmed,False,False
/pbr/poketch.narc,/pbr/poketch.narc!/member_00012,0,/pbr/poketch.narc,502,12,,7120,7210,6060,6150,90,7efbbb7a54fa3952f1a3d29d68fc25006ae4de405adbde50d6fb4248a71a837d,524c434efffe00015a00000010000200,,NCLR palette,Confirmed,True,False,,,,,,,,,,False,False
/pbr/poketch.narc,/pbr/poketch.narc!/member_00013,0,/pbr/poketch.narc,502,13,,7212,7336,6152,6276,124,65ad614b09dbddf545f9ba3abf8330c42a00e091f0c29cd5fca287bf5b9c2846,524c434efffe00017c00000010000200,,NCLR palette,Confirmed,True,False,,,,,,,,,,False,False
/pbr/poketch.narc,/pbr/poketch.narc!/member_00014,0,/pbr/poketch.narc,502,14,,7336,8586,6276,7526,1250,6e59d514db25b2e95543c1594441a3d7ab764ace4e6f1ef35aefe43f2373edfb,10401800005247434efffe0101004018,,Nintendo LZ10,Probable,,True,Nintendo LZ10,Confirmed,True,6208,True,6208,9f1392425c98a2c221ab3ace5099c4beeaa496f52c10d94d4163b5a106d25117,NCGR graphics,Confirmed,False,False
/pbr/poketch.narc,/pbr/poketch.narc!/member_00015,0,/pbr/poketch.narc,502,15,,8588,9080,7528,8020,492,d63fd1969faf8316e36fbf3f02772d4d5a374ff2feafa7c8c47adecba0a6f9c1,10240600005243534efffe0001002406,,Nintendo LZ10,Probable,,True,Nintendo LZ10,Confirmed,True,1572,True,1572,3a661597bff1d00541e59f34f38fa38f1e6e6c7742f116ea7ce4238413a423b7,NSCR screen map,Confirmed,False,False
/pbr/poketch.narc,/pbr/poketch.narc!/member_00016,0,/pbr/poketch.narc,502,16,,9080,10767,8020,9707,1687,27b429fb83ea0b1e0b573e7c55fb1a74a3415d13a3ba56349c8082c2b9a92d7c,10402d00005247434efffe010100402d,,Nintendo LZ10,Probable,,True,Nintendo LZ10,Confirmed,True,11584,True,11584,aa3658ee1e88f71f828108390ebd3e32a5febabd95fd004b1cdcc8248b6fb639,NCGR graphics,Confirmed,False,False
/pbr/poketch.narc,/pbr/poketch.narc!/member_00017,0,/pbr/poketch.narc,502,17,,10768,11321,9708,10261,553,abe24f1e5e458719c7e32f4dfd8e3f843004729bd1e50fb864c07bbd725fdbad,10240800005243534efffe0001002408,,Nintendo LZ10,Probable,,True,Nintendo LZ10,Confirmed,True,2084,True,2084,5bb0814b38d1bc0c4ec5d6335b116f0bbe570da86956d760d824bb45bdf858ab,NSCR screen map,Confirmed,False,False
/pbr/poketch.narc,/pbr/poketch.narc!/member_00018,0,/pbr/poketch.narc,502,18,,11324,11961,10264,10901,637,0ce2f0f8df9d9e716b22c9625914f61bd9f58d2814fe10ee25152cf2009e3358,10f60300005245434efffe000100f603,,Nintendo LZ10,Probable,,True,Nintendo LZ10,Confirmed,True,1014,True,1014,16d8bcc0cbb25a151392e2d90cea567f10860783700af98580a7d16ee9cb2db0,NCER cell,Confirmed,False,False
/pbr/poketch.narc,/pbr/poketch.narc!/member_00019,0,/pbr/poketch.narc,502,19,,11964,12374,10904,11314,410,35efcc141416f6a58eca4ae7efd3f3c530ed62ab67a0448263703a2f9839c511,1076030000524e414efffe0001007603,,Nintendo LZ10,Probable,,True,Nintendo LZ10,Confirmed,True,886,True,886,1ee23d953992f2434c04d65d34666deda8ce106e415b66320910ce436964239b,NANR animation,Confirmed,False,False
/pbr/poketch.narc,/pbr/poketch.narc!/member_00020,0,/pbr/poketch.narc,502,20,,12376,12928,11316,11868,552,be8f55089bbbd05788ebe3ee3dbe9020df0c782051c3c2eda1bda1cbf54e4117,10240800005243534efffe0001002408,,Nintendo LZ10,Probable,,True,Nintendo LZ10,Confirmed,True,2084,True,2084,b4935fa22a7563f0007073813f5a6a9916542f07e9a65198a32f9883573f9b44,NSCR screen map,Confirmed,False,False
/pbr/poketch.narc,/pbr/poketch.narc!/member_00021,0,/pbr/poketch.narc,502,21,,12928,14786,11868,13726,1858,eddd83c0a970ac09568a712689337d6cab38b073734674080a72f38933c4aae8,10203300005247434efffe0101002033,,Nintendo LZ10,Probable,,True,Nintendo LZ10,Confirmed,True,13088,True,13088,e84a59a76fbfe80f20007567a4c75e99a847e2f4c646e8f8861f3f5813e53b53,NCGR graphics,Confirmed,False,False
/pbr/poketch.narc,/pbr/poketch.narc!/member_00022,0,/pbr/poketch.narc,502,22,,14788,16500,13728,15440,1712,f8029225fe6fc26541c6c2218f7e16203ab7ff071bf87fd69dcb704c7dcaca09,10b02b00005247434efffe010100b02b,,Nintendo LZ10,Probable,,True,Nintendo LZ10,Confirmed,True,11184,True,11184,408141ff6b497a9212d42b678b61780ecd1139b3fb258fe97dfe6589062ce938,NCGR graphics,Confirmed,False,False
/pbr/poketch.narc,/pbr/poketch.narc!/member_00023,0,/pbr/poketch.narc,502,23,,16500,16812,15440,15752,312,14b71478f40c7b2607264977888fb37852e7e64778166a2927f2943eae146843,10400600005247434efffe0101004006,,Nintendo LZ10,Probable,,True,Nintendo LZ10,Confirmed,True,1600,True,1600,dac08523e3b32c6d31ccdfdcc3b388e80c8c7eb3cd1f0bb5187a5d9b8781d7a4,NCGR graphics,Confirmed,False,False
/pbr/poketch.narc,/pbr/poketch.narc!/member_00024,0,/pbr/poketch.narc,502,24,,16812,17131,15752,16071,319,600b596c6f7a00e03c7fa2f2a42889a67bbe5233f47fc8d428971a0ce9b02d48,10240600005243534efffe0001002406,,Nintendo LZ10,Probable,,True,Nintendo LZ10,Confirmed,True,1572,True,1572,306ce717d061e14add374ddd09c8196a85038d8fc8308fcf4d62308b3297fd78,NSCR screen map,Confirmed,False,False
/pbr/poketch.narc,/pbr/poketch.narc!/member_00025,0,/pbr/poketch.narc,502,25,,17132,17296,16072,16236,164,20ec0a85f2b97ce509569cc2dc99bc88738d539ac9aecc810fd2fbfd0cff1457,10f40200005243534efffe000100f402,,Nintendo LZ10,Probable,,True,Nintendo LZ10,Confirmed,True,756,True,756,2fd23e7b62f2bba63ea135cd45588cfcbaebce2018240665491f743d0e253cc5,NSCR screen map,Confirmed,False,False
/pbr/poketch.narc,/pbr/poketch.narc!/member_00026,0,/pbr/poketch.narc,502,26,,17296,17524,16236,16464,228,ea1941d85c241447a0eb568bfcf347a4d283fed8c5f715a403700ca38e0ed9f3,10240600005243534efffe0001002406,,Nintendo LZ10,Probable,,True,Nintendo LZ10,Confirmed,True,1572,True,1572,5eddd4f062ff46f4a844368792a5c014ae7d89d38dd96a9c21e84864e65f10cf,NSCR screen map,Confirmed,False,False
/pbr/poketch.narc,/pbr/poketch.narc!/member_00027,0,/pbr/poketch.narc,502,27,,17524,20215,16464,19155,2691,6eeb3b2ed825d67ffcae56b5dd0d17c4e5dfd5f96c3a6b8f45336b9e4e9818c5,105f1e00005245434efffe0001005f1e,,Nintendo LZ10,Probable,,True,Nintendo LZ10,Confirmed,True,7775,True,7775,3029b45b97ba98186c39f84db484b5ec0527dad1b0e2905548af581e2322b460,NCER cell,Confirmed,False,False
/pbr/poketch.narc,/pbr/poketch.narc!/member_00028,0,/pbr/poketch.narc,502,28,,20216,27140,19156,26080,6924,ed6e85d2760bd873d32326523ca480ec8c23a5b0c257ee7a4d10ec8d301ac71b,10cb5f0000524e414efffe000100cb5f,,Nintendo LZ10,Probable,,True,Nintendo LZ10,Confirmed,True,24523,True,24523,8d546023a7375f94e28713e815a59e5082ada56adc5c270dc53024bbe0bb8401,NANR animation,Confirmed,False,False
/pbr/poketch.narc,/pbr/poketch.narc!/member_00029,0,/pbr/poketch.narc,502,29,,27140,27379,26080,26319,239,9844ca7c26089e7417fa748f7c678c0226b2c485c97b9ed257b7fafcc10280db,10300600005247434efffe0101003006,,Nintendo LZ10,Probable,,True,Nintendo LZ10,Confirmed,True,1584,True,1584,2348ea350cb35c0358ad35ca1dab0505192099a9e68f4025cc7cdbd4774bff7d,NCGR graphics,Confirmed,False,False
/pbr/poketch.narc,/pbr/poketch.narc!/member_00030,0,/pbr/poketch.narc,502,30,,27380,27500,26320,26440,120,7d21b894f7182d982ac51dd669589fad511461357128b30511d5043717d41681,10800100005247434efffe0101008001,,Nintendo LZ10,Probable,,True,Nintendo LZ10,Confirmed,True,384,True,384,94c9af79f3dbea83186103bb8ca087b94871205eb8fc8998edeb0e60696b72ce,NCGR graphics,Confirmed,False,False
/pbr/poketch.narc,/pbr/poketch.narc!/member_00031,0,/pbr/poketch.narc,502,31,,27500,27796,26440,26736,296,f98b88ec32ad94c07cce183e91578e3726f6a69b48e41b4c772f58e105e4080e,10240800005243534efffe0001002408,,Nintendo LZ10,Probable,,True,Nintendo LZ10,Confirmed,True,2084,True,2084,32e916b67f9de67894911947dff46f1ae4b840dfbe7d46d00c40c0d51c35d77d,NSCR screen map,Confirmed,False,False
/pbr/poketch.narc,/pbr/poketch.narc!/member_00032,0,/pbr/poketch.narc,502,32,,27796,28556,26736,27496,760,21d6e54c4728d659afd4f5547e70cd2b8c426a009d6df79cc0888bbfe57c689e,10301400005247434efffe0101003014,,Nintendo LZ10,Probable,,True,Nintendo LZ10,Confirmed,True,5168,True,5168,77db2c743959f4f0f2a5085ad97f54c74381eb189f522004dbabb96b7dfb342b,NCGR graphics,Confirmed,False,False
/pbr/poketch.narc,/pbr/poketch.narc!/member_00033,0,/pbr/poketch.narc,502,33,,28556,28690,27496,27630,134,4db5111ca1629eb3b6cc812cbe434233e51a7dfe647c6b7c1047bf63b17057e1,10d00000005245434efffe000100d000,,Nintendo LZ10,Probable,,True,Nintendo LZ10,Confirmed,True,208,True,208,0b583d0ce8a14a13d082d6d10d9ca8c6807162c90f7c0b5efd8521b2587b0ddb,NCER cell,Confirmed,False,False
/pbr/poketch.narc,/pbr/poketch.narc!/member_00034,0,/pbr/poketch.narc,502,34,,28692,28833,27632,27773,141,48b559ee76cfeecf6d4aff2bbc0d2cb572fe5674928aa2fa923a968a6f939f38,10f0000000524e414efffe000100f000,,Nintendo LZ10,Probable,,True,Nintendo LZ10,Confirmed,True,240,True,240,8996069ba6a4ef3108a4e468673369d719def6d17df3994d17a8d5ef75bc032d,NANR animation,Confirmed,False,False
/pbr/poketch.narc,/pbr/poketch.narc!/member_00035,0,/pbr/poketch.narc,502,35,,28836,29046,27776,27986,210,0638ce0b8980788eae7e387e1da617204c3ef06dc4aa0f7ec7881bbe1c0b1c3c,10300400005247434efffe0101003004,,Nintendo LZ10,Probable,,True,Nintendo LZ10,Confirmed,True,1072,True,1072,5a2e11b9b4b6b6b0c4cf38c63205da9ed018f9c008f2081e75100ba6af7dee9c,NCGR graphics,Confirmed,False,False
/pbr/poketch.narc,/pbr/poketch.narc!/member_00036,0,/pbr/poketch.narc,502,36,,29048,29197,27988,28137,149,f87522a313056f54908aed6feb4e97e941fd5e1359ae9b2ad18181a97dfc40d1,10cc0000005245434efffe000100cc00,,Nintendo LZ10,Probable,,True,Nintendo LZ10,Confirmed,True,204,True,204,bf402331aabc055ea7a1c69c0c8e1647e91c4c44acc27e54a89666330b3bb23a,NCER cell,Confirmed,False,False
/pbr/poketch.narc,/pbr/poketch.narc!/member_00037,0,/pbr/poketch.narc,502,37,,29200,29363,28140,28303,163,248ab1021a506ef0874c663e117cf3117f0f769ebbd5f6bc2299c65f8cd365a0,1020010000524e414efffe0001002001,,Nintendo LZ10,Probable,,True,Nintendo LZ10,Confirmed,True,288,True,288,de0bb9b8a3892261dcb8058cde3ae958333b56a12b8f0d9314c1f10646b5d13c,NANR animation,Confirmed,False,False
/pbr/poketch.narc,/pbr/poketch.narc!/member_00038,0,/pbr/poketch.narc,502,38,,29364,29764,28304,28704,400,c604bb56faa21a7a41768660c20bb4e284de934f84413171cbac903511b6db33,10240800005243534efffe0001002408,,Nintendo LZ10,Probable,,True,Nintendo LZ10,Confirmed,True,2084,True,2084,53d724ced5562e3e13ef72e302cf156737b27efc046e7b73660cb37dda6a9d77,NSCR screen map,Confirmed,False,False
/pbr/poketch.narc,/pbr/poketch.narc!/member_00039,0,/pbr/poketch.narc,502,39,,29764,30147,28704,29087,383,e30ba74f2fa7c28fc8b1b45262c6121756ff5e9e13af17759e725ceeae669c25,10400800005247434efffe0101004008,,Nintendo LZ10,Probable,,True,Nintendo LZ10,Confirmed,True,2112,True,2112,3557c90e1f84fa4bc2465a5e02356f962e53b4ea95072e29f83ae24d46a39338,NCGR graphics,Confirmed,False,False
/pbr/poketch.narc,/pbr/poketch.narc!/member_00040,0,/pbr/poketch.narc,502,40,,30148,30330,29088,29270,182,82de68fd1a8db37dc28576fe27137120598f1c719830ed56078acbc0666e71f2,10140100005245434efffe0001001401,,Nintendo LZ10,Probable,,True,Nintendo LZ10,Confirmed,True,276,True,276,a735d691a5a85c6b8a52f50ed002679e338e3323262d31b98fc2ab2a64bbb172,NCER cell,Confirmed,False,False
/pbr/poketch.narc,/pbr/poketch.narc!/member_00041,0,/pbr/poketch.narc,502,41,,30332,30661,29272,29601,329,89ce1697b11815403369fd643a224c4a34842e2f6c5e2c40fdd3452897bcfe6a,10cc020000524e414efffe000100cc02,,Nintendo LZ10,Probable,,True,Nintendo LZ10,Confirmed,True,716,True,716,295c242105f58bf17a6b9e56bfbb01441748960ad5c35bf55e9353b74469c3bd,NANR animation,Confirmed,False,False
/pbr/poketch.narc,/pbr/poketch.narc!/member_00042,0,/pbr/poketch.narc,502,42,,30664,31284,29604,30224,620,91e4e388df2d67ad401c972560741142c2d2ca5550832120f57b94201f0b7ad6,10d00c00005247434efffe010100d00c,,Nintendo LZ10,Probable,,True,Nintendo LZ10,Confirmed,True,3280,True,3280,471539ac732b979d80988855925a8f8dea4a9ac9fd9bbd46518eb66ce420fbce,NCGR graphics,Confirmed,False,False
/pbr/poketch.narc,/pbr/poketch.narc!/member_00043,0,/pbr/poketch.narc,502,43,,31284,31586,30224,30526,302,41ad8f96040d6bf4b08794c37900166f05de25428d5058f086dfd9bc4b0bd0b3,10240800005243534efffe0001002408,,Nintendo LZ10,Probable,,True,Nintendo LZ10,Confirmed,True,2084,True,2084,00d11263b68b057d2206fd481476a1e80e4dba8f3e0eaeb13fc4268251d0bf4a,NSCR screen map,Confirmed,False,False
/pbr/poketch.narc,/pbr/poketch.narc!/member_00044,0,/pbr/poketch.narc,502,44,,31588,31685,30528,30625,97,f292dad01ff121b5d84b31ef148ab3eccbea1dc706d4044adcc23e8141166835,10000100005247434efffe0101000001,,Nintendo LZ10,Probable,,True,Nintendo LZ10,Confirmed,True,256,True,256,12789101aa642699a5bc9c95ad573b92ab04fad57edefd607d460b4ac44529ee,NCGR graphics,Confirmed,False,False
/pbr/poketch.narc,/pbr/poketch.narc!/member_00045,0,/pbr/poketch.narc,502,45,,31688,31780,30628,30720,92,61adcb53201f589f586d5d211c1e118dd1c592d6fe90b7e24f1ca55dc68586c7,107e0000005245434efffe0001007e00,,Nintendo LZ10,Probable,,True,Nintendo LZ10,Confirmed,True,126,True,126,f7699662acac538f81c44372597e8c9885975c0a831a996c8725e93c180f6380,NCER cell,Confirmed,False,False
/pbr/poketch.narc,/pbr/poketch.narc!/member_00046,0,/pbr/poketch.narc,502,46,,31780,31884,30720,30824,104,6e497c47cf53d8c5d20094a664374bf41305351b7b248c73aa1588ced3f9314d,109a000000524e414efffe0001009a00,,Nintendo LZ10,Probable,,True,Nintendo LZ10,Confirmed,True,154,True,154,53d8003155752aef909e602429463b97160b13b7f7aaabfcc4e799503e41ab86,NANR animation,Confirmed,False,False
/pbr/poketch.narc,/pbr/poketch.narc!/member_00047,0,/pbr/poketch.narc,502,47,,31884,32487,30824,31427,603,6ee8991d361a17d20bdc88dfdaa0abc2b1aa442f185f154ff256af917b7aab53,10301000005247434efffe0101003010,,Nintendo LZ10,Probable,,True,Nintendo LZ10,Confirmed,True,4144,True,4144,312b27335adc715006441706aa52039bcd53fb1ea53817e035c74ce6364e44fa,NCGR graphics,Confirmed,False,False
/pbr/poketch.narc,/pbr/poketch.narc!/member_00048,0,/pbr/poketch.narc,502,48,,32488,32815,31428,31755,327,6031ea2fba0f9b4a3101c39b15e7eeb2aa4018c802f415421681aca4fc5fba52,10240800005243534efffe0001002408,,Nintendo LZ10,Probable,,True,Nintendo LZ10,Confirmed,True,2084,True,2084,9bbbe4fd7cbd94347e520878eccec743db99ed966f5f98fec36048f4cf21da95,NSCR screen map,Confirmed,False,False
/pbr/poketch.narc,/pbr/poketch.narc!/member_00049,0,/pbr/poketch.narc,502,49,,32816,32919,31756,31859,103,d07959c5888eadc6970ee0fefa737a8833189e2b527ed8c2e3e025d1525abd3e,10400100005247434efffe0101004001,,Nintendo LZ10,Probable,,True,Nintendo LZ10,Confirmed,True,320,True,320,a057f152f97a9f08a3495d91871a7b484ec1c750185d6d145a5c4f8fe61d490c,NCGR graphics,Confirmed,False,False
/pbr/poketch.narc,/pbr/poketch.narc!/member_00050,0,/pbr/poketch.narc,502,50,,32920,33012,31860,31952,92,f7dfb64590b613c0ace93313996fb489ec7ff8801317677ed4a5c39291447542,108a0000005245434efffe0001008a00,,Nintendo LZ10,Probable,,True,Nintendo LZ10,Confirmed,True,138,True,138,70ceb44879f943db948dcef04deb55357154dbcc9d4a90d496b82df672a10ab9,NCER cell,Confirmed,False,False
/pbr/poketch.narc,/pbr/poketch.narc!/member_00051,0,/pbr/poketch.narc,502,51,,33012,33118,31952,32058,106,dfd319f9b3fb0f63060774087984216ccc8fb2bb7249e15bb21de07e944cf63f,109a000000524e414efffe0001009a00,,Nintendo LZ10,Probable,,True,Nintendo LZ10,Confirmed,True,154,True,154,49d7bb5f6af6acbdf42fc87d1d8147207d9cf67c7b687408b3452b389bb40bcb,NANR animation,Confirmed,False,False
/pbr/poketch.narc,/pbr/poketch.narc!/member_00052,0,/pbr/poketch.narc,502,52,,33120,33765,32060,32705,645,a15666ca1a09e3a9520df921b252d350ae90f5aaf6c830b4f76c7c95aec1eebe,10301000005247434efffe0101003010,,Nintendo LZ10,Probable,,True,Nintendo LZ10,Confirmed,True,4144,True,4144,5cc5d943692030f2905e672dced53f5616cd89757b1933d245c264c36deb188d,NCGR graphics,Confirmed,False,False
/pbr/poketch.narc,/pbr/poketch.narc!/member_00053,0,/pbr/poketch.narc,502,53,,33768,34057,32708,32997,289,5267221e472a0b2b55b760418b277408703aa016511ce42bb7d862560afce8c2,10240800005243534efffe0001002408,,Nintendo LZ10,Probable,,True,Nintendo LZ10,Confirmed,True,2084,True,2084,8c540b89b766f6040e2b2fdaad26c94553201798a971772e24c81e7c9cb0d0f4,NSCR screen map,Confirmed,False,False
/pbr/poketch.narc,/pbr/poketch.narc!/member_00054,0,/pbr/poketch.narc,502,54,,34060,34187,33000,33127,127,cf1f55b90d82a8f195b2e1c110e7c6ed0fc49bbac7131a10fe3e10199e0e2a9d,10400200005247434efffe0101004002,,Nintendo LZ10,Probable,,True,Nintendo LZ10,Confirmed,True,576,True,576,da158a28d96b3289b8c4fa1240189b571557e69a0cadc383e963cbee1de3959e,NCGR graphics,Confirmed,False,False
/pbr/poketch.narc,/pbr/poketch.narc!/member_00055,0,/pbr/poketch.narc,502,55,,34188,34293,33128,33233,105,1254aa96fe5d3a4b0acbb2883d75f18e6b3997f74961b5993815f86c1e3db048,109d0000005245434efffe0001009d00,,Nintendo LZ10,Probable,,True,Nintendo LZ10,Confirmed,True,157,True,157,1785d3a2afa777dac1825ffc4e0ffc7a2981b951ad26eb6f7791f61cdd919ce8,NCER cell,Confirmed,False,False
/pbr/poketch.narc,/pbr/poketch.narc!/member_00056,0,/pbr/poketch.narc,502,56,,34296,34423,33236,33363,127,3c285c3d1b75a374154d401bcb057d8754008e45880e3e2d648ff9fc4e363730,10d9000000524e414efffe000100d900,,Nintendo LZ10,Probable,,True,Nintendo LZ10,Confirmed,True,217,True,217,92645c9bce21ba60c85674f572d87b82dec90351b3083c1ce5a34847add6d02d,NANR animation,Confirmed,False,False
/pbr/poketch.narc,/pbr/poketch.narc!/member_00057,0,/pbr/poketch.narc,502,57,,34424,35494,33364,34434,1070,ca5eaaadcd61c96f4527839e30cf94c08a3823cce9cadf35b932f42b6d20bf3e,10301800005247434efffe0101003018,,Nintendo LZ10,Probable,,True,Nintendo LZ10,Confirmed,True,6192,True,6192,426159cea254b6fcd600a7e3b0e3156252dbe469fdf13f54f4bce6b16a957484,NCGR graphics,Confirmed,False,False
/pbr/poketch.narc,/pbr/poketch.narc!/member_00058,0,/pbr/poketch.narc,502,58,,35496,35842,34436,34782,346,2f6004e6b6508eb9b8d8b98934764127b5b3ee50ca1c14bad1028bf6b6ef1212,10240800005243534efffe0001002408,,Nintendo LZ10,Probable,,True,Nintendo LZ10,Confirmed,True,2084,True,2084,80a9b61f846244d6105ec6eb4c6bbe72729a2968c71711c67f951f53cf1c5c1c,NSCR screen map,Confirmed,False,False
/pbr/poketch.narc,/pbr/poketch.narc!/member_00059,0,/pbr/poketch.narc,502,59,,35844,37978,34784,36918,2134,c678a4b24f7b04281740cdbabf0c077c7d519401cac319a2a052f8ae743182f3,10403f00005247434efffe010100403f,,Nintendo LZ10,Probable,,True,Nintendo LZ10,Confirmed,True,16192,True,16192,29a9eadeb17e12e07a43c2e4636dc58ed8cfea71eecacc864714056663201acc,NCGR graphics,Confirmed,False,False
/pbr/poketch.narc,/pbr/poketch.narc!/member_00060,0,/pbr/poketch.narc,502,60,,37980,38419,36920,37359,439,e54e4da6286203fe2c5f16bcdbe03a523b17b08b26dda08ecf362c7a8ced37d7,10240800005243534efffe0001002408,,Nintendo LZ10,Probable,,True,Nintendo LZ10,Confirmed,True,2084,True,2084,9802bcdcce58f28fb5f9d60b453f181be30cee548abcdc0fe26d0b4d87c16b45,NSCR screen map,Confirmed,False,False
/pbr/poketch.narc,/pbr/poketch.narc!/member_00061,0,/pbr/poketch.narc,502,61,,38420,38732,37360,37672,312,11f4b4f09f1589c5e13bab8ce011e62dc2f11f75e12a932cbd027bcad2a5a94d,10a00600005247434efffe010100a006,,Nintendo LZ10,Probable,,True,Nintendo LZ10,Confirmed,True,1696,True,1696,87f8a451a8d1cf2ef05fbbcfcf1b969213f134aea19e16a1f785dccf84babc52,NCGR graphics,Confirmed,False,False
/pbr/poketch.narc,/pbr/poketch.narc!/member_00062,0,/pbr/poketch.narc,502,62,,38732,38907,37672,37847,175,09c407226116159ede94462d1537e04adc072b5e82223218cfa9467e3b217fb0,10120100005245434efffe0001001201,,Nintendo LZ10,Probable,,True,Nintendo LZ10,Confirmed,True,274,True,274,287c125f4e1068a6fa2cbbeca76465249356c45a11d92a3e648155632866c6bf,NCER cell,Confirmed,False,False
/pbr/poketch.narc,/pbr/poketch.narc!/member_00063,0,/pbr/poketch.narc,502,63,,38908,39085,37848,38025,177,76f6c8d7440e09e874a991b36e998b3c787c4ba31f48a252b91b50c3240701b1,1046010000524e414efffe0001004601,,Nintendo LZ10,Probable,,True,Nintendo LZ10,Confirmed,True,326,True,326,3685e47698532617d7871662cc9c9f6cde06df2b3e970b00617f3e1696f2e55c,NANR animation,Confirmed,False,False
/pbr/poketch.narc,/pbr/poketch.narc!/member_00064,0,/pbr/poketch.narc,502,64,,39088,39323,38028,38263,235,26eb0fed62a244a0d9b60eab253df45ccb9e65c28e320318c6225f7b59a8c8e9,10300400005247434efffe0101003004,,Nintendo LZ10,Probable,,True,Nintendo LZ10,Confirmed,True,1072,True,1072,a1de52ed73ad899bfea057da4b3e3e6321ff03458634691fc6aab7bbb961a7b1,NCGR graphics,Confirmed,False,False
/pbr/poketch.narc,/pbr/poketch.narc!/member_00065,0,/pbr/poketch.narc,502,65,,39324,39827,38264,38767,503,bcd35ea6f0310466c9194057c3772ea3be2be4a48738c2274ac0bdc511935267,10240600005243534efffe0001002406,,Nintendo LZ10,Probable,,True,Nintendo LZ10,Confirmed,True,1572,True,1572,c3136360da8b9a81e3a91243f3c3da3db50a135c8e29526f2499247596a7e674,NSCR screen map,Confirmed,False,False
/pbr/poketch.narc,/pbr/poketch.narc!/member_00066,0,/pbr/poketch.narc,502,66,,39828,40338,38768,39278,510,a7ff66706e8e49d7f719d3b3f44da2cd3e05e56e109b73fe1d9056bc888f040d,10400c00005247434efffe010100400c,,Nintendo LZ10,Probable,,True,Nintendo LZ10,Confirmed,True,3136,True,3136,58934cdee001ed70184d90ebfd066b4c09b71c92157141ca16cfd59fcdbebed9,NCGR graphics,Confirmed,False,False
/pbr/poketch.narc,/pbr/poketch.narc!/member_00067,0,/pbr/poketch.narc,502,67,,40340,40419,39280,39359,79,fff368ad8fbff9060f64adcfbcdf460b6c61a3026312e8e8d6dd60b5889d3763,10630000005245434efffe0001006300,,Nintendo LZ10,Probable,,True,Nintendo LZ10,Confirmed,True,99,True,99,247043d90eb019110e5ade6422db54b50da2fced27e618b42fec61a5aab684fa,NCER cell,Confirmed,False,False
/pbr/poketch.narc,/pbr/poketch.narc!/member_00068,0,/pbr/poketch.narc,502,68,,40420,40510,39360,39450,90,0fc29c9a52929550960f55d56f45ebc819228da7e81845234bc06edd8685bd75,106f000000524e414efffe0001006f00,,Nintendo LZ10,Probable,,True,Nintendo LZ10,Confirmed,True,111,True,111,02501a6a5ce892afbfaf7aaf1ac388045db6e55ade71548a00cc3a91b7fb3f37,NANR animation,Confirmed,False,False
/pbr/poketch.narc,/pbr/poketch.narc!/member_00069,0,/pbr/poketch.narc,502,69,,40512,40649,39452,39589,137,9a1d0d4e5821977d8f746f94c6027cfc414eca5bbe776435eb7d5f95d12b2c73,10300200005247434efffe0101003002,,Nintendo LZ10,Probable,,True,Nintendo LZ10,Confirmed,True,560,True,560,43d8430961f4a90ea7fa9fc8a9a2a938c437ca13fbcf92c6e0f461ed66930ae3,NCGR graphics,Confirmed,False,False
/pbr/poketch.narc,/pbr/poketch.narc!/member_00070,0,/pbr/poketch.narc,502,70,,40652,40976,39592,39916,324,5d08225a635942bfc6eefd6d011b8148312a57a05d9c3b1334bc003f695d85ce,10240800005243534efffe0001002408,,Nintendo LZ10,Probable,,True,Nintendo LZ10,Confirmed,True,2084,True,2084,cc3fa6cb87e5206424d5aeca8ce8bebd2f3527d465d4652ee7f68dade6d7ec14,NSCR screen map,Confirmed,False,False
/pbr/poketch.narc,/pbr/poketch.narc!/member_00071,0,/pbr/poketch.narc,502,71,,40976,41121,39916,40061,145,e3c25ff77559a535c47f234c3964a046850b97aab66a4db65d1f004d29d85a16,10400200005247434efffe0101004002,,Nintendo LZ10,Probable,,True,Nintendo LZ10,Confirmed,True,576,True,576,45510620eacfe03f0aaafddcaa3380728f32c47eca8834b42ff7391263699439,NCGR graphics,Confirmed,False,False
/pbr/poketch.narc,/pbr/poketch.narc!/member_00072,0,/pbr/poketch.narc,502,72,,41124,41395,40064,40335,271,8e11a1fb4bed2ba6eb44b1b20621893ab2f69cb96ba73dd5496337dabb8ed6e0,10ea0100005245434efffe000100ea01,,Nintendo LZ10,Probable,,True,Nintendo LZ10,Confirmed,True,490,True,490,a2a3aa02d3b97d9306e5ea865aad9a213915f9b2d1b2399c2850dc05370e0221,NCER cell,Confirmed,False,False
/pbr/poketch.narc,/pbr/poketch.narc!/member_00073,0,/pbr/poketch.narc,502,73,,41396,41850,40336,40790,454,3da76b6b383c3a2c6f7f795e42d0e6beea2da3881ca607c2a2bbef7af46fec1e,102e040000524e414efffe0001002e04,,Nintendo LZ10,Probable,,True,Nintendo LZ10,Confirmed,True,1070,True,1070,d2a510fa9f138d3cd5a6943bd8f02f03ad05b59c3942c813e7068b3f5a1cae92,NANR animation,Confirmed,False,False
/pbr/poketch.narc,/pbr/poketch.narc!/member_00074,0,/pbr/poketch.narc,502,74,,41852,42512,40792,41452,660,453f012af04b1da7b511d73cc3c206d87d367d7fe9a20d7d9facea794aa7d4ad,10b00f00005247434efffe010100b00f,,Nintendo LZ10,Probable,,True,Nintendo LZ10,Confirmed,True,4016,True,4016,35595c92c824718f92a06c8876e011d821a298bc41009aef6520c5161fa99741,NCGR graphics,Confirmed,False,False
/pbr/poketch.narc,/pbr/poketch.narc!/member_00075,0,/pbr/poketch.narc,502,75,,42512,43026,41452,41966,514,555a13dd52d39ec3fdf0bd0e6ebfe7054e134bee6e5108a405ef128b0c05030a,10240800005243534efffe0001002408,,Nintendo LZ10,Probable,,True,Nintendo LZ10,Confirmed,True,2084,True,2084,d4b12be7c06646e662f5acebc3447a8b3886ba1a70f39d821b1ee249fa8ab20a,NSCR screen map,Confirmed,False,False
/pbr/poketch.narc,/pbr/poketch.narc!/member_00076,0,/pbr/poketch.narc,502,76,,43028,43497,41968,42437,469,832e7150ac92c2e9a3ba5a25ad7644fee65eeee6f69c38b961968a393a7e5141,10400c00005247434efffe010100400c,,Nintendo LZ10,Probable,,True,Nintendo LZ10,Confirmed,True,3136,True,3136,b015584a974081bdbed38e87d384feb672a9ff2c5cbb12d650f1d0b630c309e4,NCGR graphics,Confirmed,False,False
/pbr/poketch.narc,/pbr/poketch.narc!/member_00077,0,/pbr/poketch.narc,502,77,,43500,43682,42440,42622,182,832c6c324b2a5d0e49d8780623fb1feb77e4500071747458e6b004f1ec5115e7,10250100005245434efffe0001002501,,Nintendo LZ10,Probable,,True,Nintendo LZ10,Confirmed,True,293,True,293,443f27009f021d3fa7a221c0d395cf227adce292054f6ee4619e8c69887abb28,NCER cell,Confirmed,False,False
/pbr/poketch.narc,/pbr/poketch.narc!/member_00078,0,/pbr/poketch.narc,502,78,,43684,43891,42624,42831,207,16e6b7e2fd79b1b8aeec642ab17497c40c26567a752e6a27b7c6c08307ca01a2,1081010000524e414efffe0001008101,,Nintendo LZ10,Probable,,True,Nintendo LZ10,Confirmed,True,385,True,385,ec4be1088843e3c93d49a2aefc68ea69dad5874e9f76873f4ccd19839b344cea,NANR animation,Confirmed,False,False
/pbr/poketch.narc,/pbr/poketch.narc!/member_00079,0,/pbr/poketch.narc,502,79,,43892,44901,42832,43841,1009,989c8f57e1816533709d136f4c31b44fe8d889eaa3108c6163e4c86dba2cde29,10301a00005247434efffe010100301a,,Nintendo LZ10,Probable,,True,Nintendo LZ10,Confirmed,True,6704,True,6704,9eca4530478a860251f43e515f0d9aae55fac28fae2fb57cd9791640adc11625,NCGR graphics,Confirmed,False,False
/pbr/poketch.narc,/pbr/poketch.narc!/member_00080,0,/pbr/poketch.narc,502,80,,44904,45164,43844,44104,260,934e2e1a4f65f84dd4008d820e33f33a1420a0cd96157e32da5b58d31ed7cbfb,10240600005243534efffe0001002406,,Nintendo LZ10,Probable,,True,Nintendo LZ10,Confirmed,True,1572,True,1572,df35493dd3a6d33504cb172ed8c07e235c8d337a892576792ec303fa87c33a57,NSCR screen map,Confirmed,False,False
/pbr/poketch.narc,/pbr/poketch.narc!/member_00081,0,/pbr/poketch.narc,502,81,,45164,45303,44104,44243,139,8bd082acd04b9a314e340e229e4356940ac221dadd466175d456fb6b0a249ba7,10400200005247434efffe0101004002,,Nintendo LZ10,Probable,,True,Nintendo LZ10,Confirmed,True,576,True,576,ad797f35e709149554e3b35d712029b74e99170af5d7cd24409c745d9fa71f02,NCGR graphics,Confirmed,False,False
/pbr/poketch.narc,/pbr/poketch.narc!/member_00082,0,/pbr/poketch.narc,502,82,,45304,45535,44244,44475,231,266ac1f74b1d697a039a2a8d875a8656ccfe0c1e1baa8de8feb98f73b8892c52,10ba0100005245434efffe000100ba01,,Nintendo LZ10,Probable,,True,Nintendo LZ10,Confirmed,True,442,True,442,5252161e102ea47ea4248cae1d64b08b643176ccc574ae279e38829f529962b5,NCER cell,Confirmed,False,False
/pbr/poketch.narc,/pbr/poketch.narc!/member_00083,0,/pbr/poketch.narc,502,83,,45536,45826,44476,44766,290,2dde818b8a840336692fae5e8332427c752c1d110fcbae626c1366e093cc48dd,1076020000524e414efffe0001007602,,Nintendo LZ10,Probable,,True,Nintendo LZ10,Confirmed,True,630,True,630,33208fc4cb74480dae8ec2e96a711fdb9440173b00ce16736f2b0a989f923435,NANR animation,Confirmed,False,False
/pbr/poketch.narc,/pbr/poketch.narc!/member_00084,0,/pbr/poketch.narc,502,84,,45828,46097,44768,45037,269,60d13ee325188e6542324d12a9e3cdee77786b9b991c30668a5a80f9a848999f,10300600005247434efffe0101003006,,Nintendo LZ10,Probable,,True,Nintendo LZ10,Confirmed,True,1584,True,1584,3ad226a759634072555fb44b1e64ca5103dc4d5b9b1ef590853e50279cadc926,NCGR graphics,Confirmed,False,False
/pbr/poketch.narc,/pbr/poketch.narc!/member_00085,0,/pbr/poketch.narc,502,85,,46100,46571,45040,45511,471,b44b76d248b77e1d811f0b5637dc15dbe8995e954529fc4acdaeb0c201f563e7,10240800005243534efffe0001002408,,Nintendo LZ10,Probable,,True,Nintendo LZ10,Confirmed,True,2084,True,2084,c5508e0ee931913d6fa9396b6aee5dcd59d3e4e0b8cb47809a8cfc50d2c32174,NSCR screen map,Confirmed,False,False
/pbr/poketch.narc,/pbr/poketch.narc!/member_00086,0,/pbr/poketch.narc,502,86,,46572,46847,45512,45787,275,e299cecaae819c26bb77cc7220293b492f8cebff7c6e3949036e9f5326a86b35,10400500005247434efffe0101004005,,Nintendo LZ10,Probable,,True,Nintendo LZ10,Confirmed,True,1344,True,1344,428b7e71bf28140882ed712063992baac25d733a1612203da863e118f63e09b6,NCGR graphics,Confirmed,False,False
/pbr/poketch.narc,/pbr/poketch.narc!/member_00087,0,/pbr/poketch.narc,502,87,,46848,47082,45788,46022,234,d3caf677d325bde5e3c9a7be3b7ed60c345c82b638c81b1860e912773acee5f7,107d0100005245434efffe0001007d01,,Nintendo LZ10,Probable,,True,Nintendo LZ10,Confirmed,True,381,True,381,324d8d7c2a3a7f78a77ca2e5559c7e74fe78b0740cffb2869362eeb2106377b1,NCER cell,Confirmed,False,False
/pbr/poketch.narc,/pbr/poketch.narc!/member_00088,0,/pbr/poketch.narc,502,88,,47084,47278,46024,46218,194,eda147842762c7dbe801457399de4e52dd2c61e5a234c74cbf48f14d9fd0ee62,1071010000524e414efffe0001007101,,Nintendo LZ10,Probable,,True,Nintendo LZ10,Confirmed,True,369,True,369,58f1d97e75d1811b83ebb4777054aa348b6769832c23c44571cc080ba5997e0e,NANR animation,Confirmed,False,False
/pbr/poketch.narc,/pbr/poketch.narc!/member_00089,0,/pbr/poketch.narc,502,89,,47280,48091,46220,47031,811,75893e994737b8941ad82747fce9cfde978d23505feee6d1e4750cf12b477e6c,10f01400005247434efffe010100f014,,Nintendo LZ10,Probable,,True,Nintendo LZ10,Confirmed,True,5360,True,5360,b579b02f1f6455cd13be53c1ce188a36d7b60b525fd5fa816a4b4de785fccb90,NCGR graphics,Confirmed,False,False
/pbr/poketch.narc,/pbr/poketch.narc!/member_00090,0,/pbr/poketch.narc,502,90,,48092,48557,47032,47497,465,53fdfc180f115884a052ff9495a85696a43da005cc5abebdd05a9d28e8ae4804,10240600005243534efffe0001002406,,Nintendo LZ10,Probable,,True,Nintendo LZ10,Confirmed,True,1572,True,1572,7c29af889139075a07bc450df0141e0e163f5fcc42481678456ba75d689ac47c,NSCR screen map,Confirmed,False,False
/pbr/poketch.narc,/pbr/poketch.narc!/member_00091,0,/pbr/poketch.narc,502,91,,48560,48983,47500,47923,423,933f50d39fe303524cf63ee7cc7af1a94e0727274c955f2b02b48a9aaa6153bb,10800900005247434efffe0101008009,,Nintendo LZ10,Probable,,True,Nintendo LZ10,Confirmed,True,2432,True,2432,8c82c37446fef881663c3a4f4a3ae67ec6c53f7b4b961fbff2fb98c97ffa4989,NCGR graphics,Confirmed,False,False
/pbr/poketch.narc,/pbr/poketch.narc!/member_00092,0,/pbr/poketch.narc,502,92,,48984,49255,47924,48195,271,8ed2b53f5870d8441ded998930baa1130dee5bd9d58cc5cb6c825b8a4d50aad6,10800100005245434efffe0001008001,,Nintendo LZ10,Probable,,True,Nintendo LZ10,Confirmed,True,384,True,384,988f9fd73d0f357404a541285d120e9af4f5a30f7cf81ad5390b9c95482b3f66,NCER cell,Confirmed,False,False
/pbr/poketch.narc,/pbr/poketch.narc!/member_00093,0,/pbr/poketch.narc,502,93,,49256,49559,48196,48499,303,5debdae253d18acaaabc8bf479fbc48b7e5a2842a83936a487d115317461a2ed,1014020000524e414efffe0001001402,,Nintendo LZ10,Probable,,True,Nintendo LZ10,Confirmed,True,532,True,532,fbdaf0b1f1b3c314c5fe8b640972d5228e503dc59dd2ce953836f6675d56045d,NANR animation,Confirmed,False,False
/pbr/poketch.narc,/pbr/poketch.narc!/member_00094,0,/pbr/poketch.narc,502,94,,49560,51070,48500,50010,1510,502bcd4784b7a36fb13ad7e673cd7e27c035f572be17ffa1d3b997447425aea2,10302900005247434efffe0101003029,,Nintendo LZ10,Probable,,True,Nintendo LZ10,Confirmed,True,10544,True,10544,3674bbeddf9afd0698726ce893bdc8e4331ce6aa76932583c6d5bfe841932d04,NCGR graphics,Confirmed,False,False
/pbr/poketch.narc,/pbr/poketch.narc!/member_00095,0,/pbr/poketch.narc,502,95,,51072,51297,50012,50237,225,4e558724d7738125dc2a4f2ee7e79a265a087d5b3b043f8f710facbffbd91977,10240600005243534efffe0001002406,,Nintendo LZ10,Probable,,True,Nintendo LZ10,Confirmed,True,1572,True,1572,230bda5383e8f168badd6009bbeafe809e701b5e2270deafa09e0415f048857a,NSCR screen map,Confirmed,False,False
/pbr/poketch.narc,/pbr/poketch.narc!/member_00096,0,/pbr/poketch.narc,502,96,,51300,51367,50240,50307,67,d3e798ec53d8942a04b290c3aed73d34e0aa4775a7b4e1e7bd7178e33ff8dedb,10800000005247434efffe0101008000,,Nintendo LZ10,Probable,,True,Nintendo LZ10,Confirmed,True,128,True,128,b828cc1cce02b2cff74640df7cf7f2fb9edcd75c4aa9a9e3d95fc3193230bb42,NCGR graphics,Confirmed,False,False
/pbr/poketch.narc,/pbr/poketch.narc!/member_00097,0,/pbr/poketch.narc,502,97,,51368,51641,50308,50581,273,8fcb2d2bcbff717cb970ab6e281da2e5196645e91a77b2dd3f514dde28405f4a,10860100005245434efffe0001008601,,Nintendo LZ10,Probable,,True,Nintendo LZ10,Confirmed,True,390,True,390,f7010eef0980d1f0b8e20d87b5c1ff098de468b11a6b15b341bc6c402ec9ce56,NCER cell,Confirmed,False,False
/pbr/poketch.narc,/pbr/poketch.narc!/member_00098,0,/pbr/poketch.narc,502,98,,51644,51824,50584,50764,180,dce579cd583eca106c7fc06496752978034cd6e44086b6e9a7996633b64c1e57,1016010000524e414efffe0001001601,,Nintendo LZ10,Probable,,True,Nintendo LZ10,Confirmed,True,278,True,278,b563dbdba3b08e93ff8daf737ac1822f469aa6c39f5fa3b111ae02d539a440b5,NANR animation,Confirmed,False,False
/pbr/poketch.narc,/pbr/poketch.narc!/member_00099,0,/pbr/poketch.narc,502,99,,51824,52420,50764,51360,596,dafe0e91a5714e0355d3d8fcf4bb58416be6be38830f8b18d96854202eccba81,10b00f00005247434efffe010100b00f,,Nintendo LZ10,Probable,,True,Nintendo LZ10,Confirmed,True,4016,True,4016,adfcb334077986fb7178246c0128b2ca2c3a7f6f51e6a826cb7d2c844e4c974a,NCGR graphics,Confirmed,False,False
/pbr/poketch.narc,/pbr/poketch.narc!/member_00100,0,/pbr/poketch.narc,502,100,,52420,52656,51360,51596,236,1717675768b8a07a2bf3723943ad67bc965efccf706e12a43e4dbf0a40ffb6c5,10240600005243534efffe0001002406,,Nintendo LZ10,Probable,,True,Nintendo LZ10,Confirmed,True,1572,True,1572,15dfb2bd86282b0c718e079f2951e35a64c48b029026a9bdb0c00a4534d36634,NSCR screen map,Confirmed,False,False
/pbr/poketch.narc,/pbr/poketch.narc!/member_00101,0,/pbr/poketch.narc,502,101,,52656,52746,51596,51686,90,1d6ac579a47a118b2a0cf408122db19ea8f679c5e400b4e486e3e6e84968f3c1,10e00000005247434efffe010100e000,,Nintendo LZ10,Probable,,True,Nintendo LZ10,Confirmed,True,224,True,224,0657287051fc6f86c7e8969dbc49cd40ac68b471e143e858a87469e5e19c6df3,NCGR graphics,Confirmed,False,False
/pbr/poketch.narc,/pbr/poketch.narc!/member_00102,0,/pbr/poketch.narc,502,102,,52748,52840,51688,51780,92,61adcb53201f589f586d5d211c1e118dd1c592d6fe90b7e24f1ca55dc68586c7,107e0000005245434efffe0001007e00,,Nintendo LZ10,Probable,,True,Nintendo LZ10,Confirmed,True,126,True,126,f7699662acac538f81c44372597e8c9885975c0a831a996c8725e93c180f6380,NCER cell,Confirmed,False,False
/pbr/poketch.narc,/pbr/poketch.narc!/member_00103,0,/pbr/poketch.narc,502,103,,52840,52946,51780,51886,106,dfd319f9b3fb0f63060774087984216ccc8fb2bb7249e15bb21de07e944cf63f,109a000000524e414efffe0001009a00,,Nintendo LZ10,Probable,,True,Nintendo LZ10,Confirmed,True,154,True,154,49d7bb5f6af6acbdf42fc87d1d8147207d9cf67c7b687408b3452b389bb40bcb,NANR animation,Confirmed,False,False
/pbr/poketch.narc,/pbr/poketch.narc!/member_00104,0,/pbr/poketch.narc,502,104,,52948,53628,51888,52568,680,9abe2358e9c4a1f1bbd6f50e2f1b5e3b2e3504b02490e9da160332c1fa7793f8,10301000005247434efffe0101003010,,Nintendo LZ10,Probable,,True,Nintendo LZ10,Confirmed,True,4144,True,4144,1bde75cbdadd8ca16a173ce1c1061c4c0a96ba6fa6e938f5935545aa0c18224a,NCGR graphics,Confirmed,False,False
/pbr/poketch.narc,/pbr/poketch.narc!/member_00105,0,/pbr/poketch.narc,502,105,,53628,53879,52568,52819,251,bfba66ef2649e232a73167837b7a091831ecc89c57af1588c9e46b0cb83b912a,10240600005243534efffe0001002406,,Nintendo LZ10,Probable,,True,Nintendo LZ10,Confirmed,True,1572,True,1572,c1570977103f462b779a047eb953cceda3234f1589d15ff9afb2b8d915f2a805,NSCR screen map,Confirmed,False,False
/pbr/poketch.narc,/pbr/poketch.narc!/member_00106,0,/pbr/poketch.narc,502,106,,53880,53987,52820,52927,107,198180e199294d53ea467fda5ff404baa5fdb1748072a11b225af5cfda54c179,10800100005247434efffe0101008001,,Nintendo LZ10,Probable,,True,Nintendo LZ10,Confirmed,True,384,True,384,f9d36911eaeff5681511199419927e0c54b78e2fa56f0bffc85846820d7a677b,NCGR graphics,Confirmed,False,False
/pbr/poketch.narc,/pbr/poketch.narc!/member_00107,0,/pbr/poketch.narc,502,107,,53988,54074,52928,53014,86,5f322cb027aa35c8261c134dd956de08adea94bc371502e210687bc7902e1ffe,10720000005245434efffe0001007200,,Nintendo LZ10,Probable,,True,Nintendo LZ10,Confirmed,True,114,True,114,a2b23115cf355383433e4ca3ceec9f57f27a2742076cc12c3fa7d107f3b24e43,NCER cell,Confirmed,False,False
/pbr/poketch.narc,/pbr/poketch.narc!/member_00108,0,/pbr/poketch.narc,502,108,,54076,54178,53016,53118,102,0f0470bda74f201375ca7f2fcd4c5ccc662a23e38f491a6d17fdb14e8510db64,108e000000524e414efffe0001008e00,,Nintendo LZ10,Probable,,True,Nintendo LZ10,Confirmed,True,142,True,142,4ca1c4dc458f86d3c7ed1feaf6ca067f49866b5e665f89a1effb47e202b2beb4,NANR animation,Confirmed,False,False
/pbr/poketch.narc,/pbr/poketch.narc!/member_00109,0,/pbr/poketch.narc,502,109,,54180,54324,53120,53264,144,b8a6ae794981d65b54d5b7a15e8b4297997f91bec6294411aa7e579c62673c3b,10300100005247434efffe0101003001,,Nintendo LZ10,Probable,,True,Nintendo LZ10,Confirmed,True,304,True,304,66acd98de61ffbfa2ffee2e116a21cb114fcfd14490544be00dba76b7e4436f7,NCGR graphics,Confirmed,False,False
/pbr/poketch.narc,/pbr/poketch.narc!/member_00110,0,/pbr/poketch.narc,502,110,,54324,54560,53264,53500,236,6d228e7fe4f36da4154fa85d021aa0da99c0bec6f27b03a17ef2a29b539bbfb8,10240600005243534efffe0001002406,,Nintendo LZ10,Probable,,True,Nintendo LZ10,Confirmed,True,1572,True,1572,199655c0dc764756b7a126f063042773da6aafd27863b3312cc334ad20780dae,NSCR screen map,Confirmed,False,False
/pbr/poketch.narc,/pbr/poketch.narc!/member_00111,0,/pbr/poketch.narc,502,111,,54560,55256,53500,54196,696,563cc5c3d4e935e8d3e4d58dc5f2e7a7f3e1dfd700a0022193f21768baedfd1e,10401200005247434efffe0101004012,,Nintendo LZ10,Probable,,True,Nintendo LZ10,Confirmed,True,4672,True,4672,0f2724ea16b2e589473edb71d89bd3f7b71ef25b63c8d6c47c8ffb8a35490131,NCGR graphics,Confirmed,False,False
/pbr/poketch.narc,/pbr/poketch.narc!/member_00112,0,/pbr/poketch.narc,502,112,,55256,55335,54196,54275,79,fff368ad8fbff9060f64adcfbcdf460b6c61a3026312e8e8d6dd60b5889d3763,10630000005245434efffe0001006300,,Nintendo LZ10,Probable,,True,Nintendo LZ10,Confirmed,True,99,True,99,247043d90eb019110e5ade6422db54b50da2fced27e618b42fec61a5aab684fa,NCER cell,Confirmed,False,False
/pbr/poketch.narc,/pbr/poketch.narc!/member_00113,0,/pbr/poketch.narc,502,113,,55336,55426,54276,54366,90,0fc29c9a52929550960f55d56f45ebc819228da7e81845234bc06edd8685bd75,106f000000524e414efffe0001006f00,,Nintendo LZ10,Probable,,True,Nintendo LZ10,Confirmed,True,111,True,111,02501a6a5ce892afbfaf7aaf1ac388045db6e55ade71548a00cc3a91b7fb3f37,NANR animation,Confirmed,False,False
/pbr/poketch.narc,/pbr/poketch.narc!/member_00114,0,/pbr/poketch.narc,502,114,,55428,55547,54368,54487,119,a6dcdf29672269c3864e4ee4ae1e5ac2a42edb5bdbad9af288cb739af294a00f,10300200005247434efffe0101003002,,Nintendo LZ10,Probable,,True,Nintendo LZ10,Confirmed,True,560,True,560,74d5a1b3fa6e6b0bcb721a4065ddbbe709379634acab9adcab50a1dfaaf7a7a1,NCGR graphics,Confirmed,False,False
/pbr/poketch.narc,/pbr/poketch.narc!/member_00115,0,/pbr/poketch.narc,502,115,,55548,56092,54488,55032,544,9d2154c886428ef61fd43a06611a30976c8d8a555687fac4f435fd97662f6de3,10240600005243534efffe0001002406,,Nintendo LZ10,Probable,,True,Nintendo LZ10,Confirmed,True,1572,True,1572,91a818f0b5dac66ae0b5940eac98d100d18b3253fda5083a066d8fa9edaf7bdd,NSCR screen map,Confirmed,False,False
/pbr/poketch.narc,/pbr/poketch.narc!/member_00116,0,/pbr/poketch.narc,502,116,,56092,56646,55032,55586,554,3e046fb81f7ced787909a6786cfeda675e96e16d2e1d15e7872209af8267a51d,10240600005243534efffe0001002406,,Nintendo LZ10,Probable,,True,Nintendo LZ10,Confirmed,True,1572,True,1572,2c8b6d4d62915dd1ee1bb1fea7992cc33a7478e0d37a8e1120cb57f90e946f57,NSCR screen map,Confirmed,False,False
/pbr/poketch.narc,/pbr/poketch.narc!/member_00117,0,/pbr/poketch.narc,502,117,,56648,57239,55588,56179,591,7426d65c49c4e96b3e8e8549efd3343cf99a475f5bfc08dd8c63fd7a4d18d050,10c00d00005247434efffe010100c00d,,Nintendo LZ10,Probable,,True,Nintendo LZ10,Confirmed,True,3520,True,3520,e458a593187adf2e739bb7bdffdd0c3314d009104116cc6319b02478284680f2,NCGR graphics,Confirmed,False,False
/pbr/poketch.narc,/pbr/poketch.narc!/member_00118,0,/pbr/poketch.narc,502,118,,57240,57555,56180,56495,315,b65aa926189f94075192d763eb1c9e25eba0f0e034ebace10c3d5478b4201ee6,10ca0100005245434efffe000100ca01,,Nintendo LZ10,Probable,,True,Nintendo LZ10,Confirmed,True,458,True,458,f4598e61abc184a46e5dfb83b327dba9d45831385af5b75c123223c20013d57f,NCER cell,Confirmed,False,False
/pbr/poketch.narc,/pbr/poketch.narc!/member_00119,0,/pbr/poketch.narc,502,119,,57556,57996,56496,56936,440,a164ad1186f76b464bad8a9bb158d679b49ba6a3fdad6115c7ed08554ca6bc07,107a030000524e414efffe0001007a03,,Nintendo LZ10,Probable,,True,Nintendo LZ10,Confirmed,True,890,True,890,89aa9b9b59a9a81f005f1016dad229637525a28aab459ab48625f8814ab2dba7,NANR animation,Confirmed,False,False
/pbr/poketch.narc,/pbr/poketch.narc!/member_00120,0,/pbr/poketch.narc,502,120,,57996,58403,56936,57343,407,00f1022730081833ff67365af0b33bc999e37ed307b47b29a802a48dd90da51a,10b00700005247434efffe010100b007,,Nintendo LZ10,Probable,,True,Nintendo LZ10,Confirmed,True,1968,True,1968,443ab077203a37dd30d956c3797262a67bdbaa3e4b1a2a70986a82d5e025bc2c,NCGR graphics,Confirmed,False,False
/pbr/poketch.narc,/pbr/poketch.narc!/member_00121,0,/pbr/poketch.narc,502,121,,58404,58682,57344,57622,278,10e438913a18d0e95a3423a165201db53c659d8f2388fb74ebaf84e0ed3109d0,10240600005243534efffe0001002406,,Nintendo LZ10,Probable,,True,Nintendo LZ10,Confirmed,True,1572,True,1572,1ae90ea06e3649401a0a1b6d23db7f52448ae5487b73a253d85dc9e3d11548b8,NSCR screen map,Confirmed,False,False
/pbr/poketch.narc,/pbr/poketch.narc!/member_00122,0,/pbr/poketch.narc,502,122,,58684,58873,57624,57813,189,19fb66d9ac29769af6301a81366053f5958fbc9e3e9ac12b904047e1b3295f4a,10400300005247434efffe0101004003,,Nintendo LZ10,Probable,,True,Nintendo LZ10,Confirmed,True,832,True,832,1a587726ef7dc43eecf377b5956c8eb03c3e5fe5ef2491cec6c799129b3fa674,NCGR graphics,Confirmed,False,False
/pbr/poketch.narc,/pbr/poketch.narc!/member_00123,0,/pbr/poketch.narc,502,123,,58876,59075,57816,58015,199,6f8e2466483b1f69336e5d6f489d27e0fb0e86211bec16e72d60647503dcc516,10660100005245434efffe0001006601,,Nintendo LZ10,Probable,,True,Nintendo LZ10,Confirmed,True,358,True,358,fb50cbee7a3841decbfea9ccfe317ae9b85c874de3e2b9f7f213b41ff5a1d12f,NCER cell,Confirmed,False,False
/pbr/poketch.narc,/pbr/poketch.narc!/member_00124,0,/pbr/poketch.narc,502,124,,59076,59319,58016,58259,243,45bdf5bdedc1f8f1255fa6c80294e2c00fc8efbb2fed202745edb5ad9f2a3e9f,10f2010000524e414efffe000100f201,,Nintendo LZ10,Probable,,True,Nintendo LZ10,Confirmed,True,498,True,498,c8b358cf9fdf8d5f5c4961a650fb5a4dc5ad305f19a2e5abf70a6000bf9cbdfc,NANR animation,Confirmed,False,False
/pbr/poketch.narc,/pbr/poketch.narc!/member_00125,0,/pbr/poketch.narc,502,125,,59320,59465,58260,58405,145,14604e46086287e9a3b9fee93f1aa9b0587c06b3ad39bc09fc5a683cd0feb31c,10b00200005247434efffe010100b002,,Nintendo LZ10,Probable,,True,Nintendo LZ10,Confirmed,True,688,True,688,57bcfbbc454f574f3ca038ddc7b56eb400abda0eadd721fad4f0afb06aa9c416,NCGR graphics,Confirmed,False,False
/pbr/pokezukan.narc,/pbr/pokezukan.narc!/member_00000,0,/pbr/pokezukan.narc,503,0,,60,1048,0,988,988,7c863395c5736dceafae13574477af02cfe73b12ec26e9e1b73fb80e7c09c167,00000000000000000000000000000000,,,,,False,,,,,,,,,,False,False
/pbr/pst_gra.narc,/pbr/pst_gra.narc!/member_00000,0,/pbr/pst_gra.narc,504,0,,1148,16572,0,15424,15424,83b7031ba516075a0f439191a5433287b557704c1af996786ce77bdfc55cd577,5247434efffe0101403c000010000200,,NCGR graphics,Confirmed,True,False,,,,,,,,,,False,False
/pbr/pst_gra.narc,/pbr/pst_gra.narc!/member_00001,0,/pbr/pst_gra.narc,504,1,,16572,17124,15424,15976,552,472f937c4ee55426720aff5cab7e58bb209a779fb10e4c5507f4d1adc9602804,524c434efffe00012802000010000100,,NCLR palette,Confirmed,True,False,,,,,,,,,,False,False
/pbr/pst_gra.narc,/pbr/pst_gra.narc!/member_00002,0,/pbr/pst_gra.narc,504,2,,17124,37348,15976,36200,20224,d970bb46017a61d43ae947253be6815342bfac4faea6f1545fbc2b14bd3cb3e0,5247434efffe0101004f000010000200,,NCGR graphics,Confirmed,True,False,,,,,,,,,,False,False
/pbr/pst_gra.narc,/pbr/pst_gra.narc!/member_00003,0,/pbr/pst_gra.narc,504,3,,37348,39432,36200,38284,2084,4e6d89ae593a0a98a3d149db037829f176ea3e9e049ce862f5440db57107889c,5243534efffe00012408000010000100,,NSCR screen map,Confirmed,True,False,,,,,,,,,,False,False
/pbr/pst_gra.narc,/pbr/pst_gra.narc!/member_00004,0,/pbr/pst_gra.narc,504,4,,39432,41516,38284,40368,2084,b7dd596550ce9c770a24cba95dd8ff97157562c7e310e129034585d5c5a7f9de,5243534efffe00012408000010000100,,NSCR screen map,Confirmed,True,False,,,,,,,,,,False,False
/pbr/pst_gra.narc,/pbr/pst_gra.narc!/member_00005,0,/pbr/pst_gra.narc,504,5,,41516,43600,40368,42452,2084,bc30cfea382b5b846df496ba5517a736302cdb750beaab2a6ec2399acce7bbf2,5243534efffe00012408000010000100,,NSCR screen map,Confirmed,True,False,,,,,,,,,,False,False
/pbr/pst_gra.narc,/pbr/pst_gra.narc!/member_00006,0,/pbr/pst_gra.narc,504,6,,43600,45684,42452,44536,2084,2fd8a89a5885c7ad0e9e0859ea833d040ee7f3f95cf218d04fe98580b778e17f,5243534efffe00012408000010000100,,NSCR screen map,Confirmed,True,False,,,,,,,,,,False,False
/pbr/pst_gra.narc,/pbr/pst_gra.narc!/member_00007,0,/pbr/pst_gra.narc,504,7,,45684,47768,44536,46620,2084,a10ccfc14a9efbdb42bc6c0970cf790d7b1710074069d9c465a8f738892ccb31,5243534efffe00012408000010000100,,NSCR screen map,Confirmed,True,False,,,,,,,,,,False,False
/pbr/pst_gra.narc,/pbr/pst_gra.narc!/member_00008,0,/pbr/pst_gra.narc,504,8,,47768,49852,46620,48704,2084,2055655af377035d88fcff2d8776eab09e6e15972a118eaeccc34e5234617a4c,5243534efffe00012408000010000100,,NSCR screen map,Confirmed,True,False,,,,,,,,,,False,False
/pbr/pst_gra.narc,/pbr/pst_gra.narc!/member_00009,0,/pbr/pst_gra.narc,504,9,,49852,51936,48704,50788,2084,8ab1d40d94eb935b9b126b501c5d65bf764485554bb57b0906fbd7328d041c98,5243534efffe00012408000010000100,,NSCR screen map,Confirmed,True,False,,,,,,,,,,False,False
/pbr/pst_gra.narc,/pbr/pst_gra.narc!/member_00010,0,/pbr/pst_gra.narc,504,10,,51936,54020,50788,52872,2084,5cb2afb5b8565db460f38bf8315462c41b42601b28db41c5671382944b178a8c,5243534efffe00012408000010000100,,NSCR screen map,Confirmed,True,False,,,,,,,,,,False,False
/pbr/pst_gra.narc,/pbr/pst_gra.narc!/member_00011,0,/pbr/pst_gra.narc,504,11,,54020,62248,52872,61100,8228,42b1aec749aae558e4081e540faa52f81545a99e6b8e77d0f950af969a0fd496,5243534efffe00012420000010000100,,NSCR screen map,Confirmed,True,False,,,,,,,,,,False,False
/pbr/pst_gra.narc,/pbr/pst_gra.narc!/member_00012,0,/pbr/pst_gra.narc,504,12,,62248,64332,61100,63184,2084,941b5bd9438e85a2dad1a56e4a05a203d577a6d2465d399e879aaa3062a8dd54,5243534efffe00012408000010000100,,NSCR screen map,Confirmed,True,False,,,,,,,,,,False,False
/pbr/pst_gra.narc,/pbr/pst_gra.narc!/member_00013,0,/pbr/pst_gra.narc,504,13,,64332,66416,63184,65268,2084,cbc197006db1da19cfcf0555ab680e1d80ac9557b7197be58fcbbc13e016c162,5243534efffe00012408000010000100,,NSCR screen map,Confirmed,True,False,,,,,,,,,,False,False
/pbr/pst_gra.narc,/pbr/pst_gra.narc!/member_00014,0,/pbr/pst_gra.narc,504,14,,66416,66968,65268,65820,552,487981a161878de1f629c0e80bf39b2cba04a564ebb68533d3fc419f735c5f22,524c434efffe00012802000010000100,,NCLR palette,Confirmed,True,False,,,,,,,,,,False,False
/pbr/pst_gra.narc,/pbr/pst_gra.narc!/member_00015,0,/pbr/pst_gra.narc,504,15,,66968,69052,65820,67904,2084,6ebf70f34960b2d821ab2f2bc6348699223e70489d98e8b167110bdfb1c1f5e0,5243534efffe00012408000010000100,,NSCR screen map,Confirmed,True,False,,,,,,,,,,False,False
/pbr/pst_gra.narc,/pbr/pst_gra.narc!/member_00016,0,/pbr/pst_gra.narc,504,16,,69052,75260,67904,74112,6208,e9158f271b347dde19d36837389dec9f0dd5c6c5d6d6050b995e899b2d20754f,5247434efffe01014018000010000200,,NCGR graphics,Confirmed,True,False,,,,,,,,,,False,False
/pbr/pst_gra.narc,/pbr/pst_gra.narc!/member_00017,0,/pbr/pst_gra.narc,504,17,,75260,75371,74112,74223,111,02501a6a5ce892afbfaf7aaf1ac388045db6e55ade71548a00cc3a91b7fb3f37,524e414efffe00016f00000010000300,,NANR animation,Confirmed,True,False,,,,,,,,,,False,False
/pbr/pst_gra.narc,/pbr/pst_gra.narc!/member_00018,0,/pbr/pst_gra.narc,504,18,,75372,75479,74224,74331,107,cf1787e90933add36e347e91e44255574abc71a4a5562e69e744f4c3ef1a5962,5245434efffe00016b00000010000300,,NCER cell,Confirmed,True,False,,,,,,,,,,False,False
/pbr/pst_gra.narc,/pbr/pst_gra.narc!/member_00019,0,/pbr/pst_gra.narc,504,19,,75480,75656,74332,74508,176,c76885843d398d9690d49151c0da5d0639a23efc534417c256c4b70a789c8bf5,5247434efffe0101b000000010000100,,NCGR graphics,Confirmed,True,False,,,,,,,,,,False,False
/pbr/pst_gra.narc,/pbr/pst_gra.narc!/member_00020,0,/pbr/pst_gra.narc,504,20,,75656,75832,74508,74684,176,0035184bda5c9b215ae49bd535d7acd481742cd9d0d2b6e1264844baf33f42f8,5247434efffe0101b000000010000100,,NCGR graphics,Confirmed,True,False,,,,,,,,,,False,False
/pbr/pst_gra.narc,/pbr/pst_gra.narc!/member_00021,0,/pbr/pst_gra.narc,504,21,,75832,76008,74684,74860,176,78ab34e17ddee1e4e60111234bc3b1fa035930d8dbfc76ebfa622dc5ce78468d,5247434efffe0101b000000010000100,,NCGR graphics,Confirmed,True,False,,,,,,,,,,False,False
/pbr/pst_gra.narc,/pbr/pst_gra.narc!/member_00022,0,/pbr/pst_gra.narc,504,22,,76008,76184,74860,75036,176,ce62573127d5c364cfc58d9538854828201188e94ff1b64add1bd7fb50d53c91,5247434efffe0101b000000010000100,,NCGR graphics,Confirmed,True,False,,,,,,,,,,False,False
/pbr/pst_gra.narc,/pbr/pst_gra.narc!/member_00023,0,/pbr/pst_gra.narc,504,23,,76184,76360,75036,75212,176,f4b2068507df014d2c73b719a4f6eee7450581625091dca781a33e5cae3f6c5a,5247434efffe0101b000000010000100,,NCGR graphics,Confirmed,True,False,,,,,,,,,,False,False
/pbr/pst_gra.narc,/pbr/pst_gra.narc!/member_00024,0,/pbr/pst_gra.narc,504,24,,76360,76536,75212,75388,176,57130c58b044d6f2031306018a86d9276d67037250816b0e14643664d39aeeca,5247434efffe0101b000000010000100,,NCGR graphics,Confirmed,True,False,,,,,,,,,,False,False
/pbr/pst_gra.narc,/pbr/pst_gra.narc!/member_00025,0,/pbr/pst_gra.narc,504,25,,76536,76712,75388,75564,176,cc1dabf47a80535710fe68f52140818a1d253d40cea9febf5f475933ac47f003,5247434efffe0101b000000010000100,,NCGR graphics,Confirmed,True,False,,,,,,,,,,False,False
/pbr/pst_gra.narc,/pbr/pst_gra.narc!/member_00026,0,/pbr/pst_gra.narc,504,26,,76712,76888,75564,75740,176,5662713aedefe2f6c4d3210c2d106def0272725297c31ba802a2a5cad651d58b,5247434efffe0101b000000010000100,,NCGR graphics,Confirmed,True,False,,,,,,,,,,False,False
/pbr/pst_gra.narc,/pbr/pst_gra.narc!/member_00027,0,/pbr/pst_gra.narc,504,27,,76888,77064,75740,75916,176,1a9e02cf7658358d8bb00b06a8b78356c38be3a7a479e669f6cd574caa2c99ae,5247434efffe0101b000000010000100,,NCGR graphics,Confirmed,True,False,,,,,,,,,,False,False
/pbr/pst_gra.narc,/pbr/pst_gra.narc!/member_00028,0,/pbr/pst_gra.narc,504,28,,77064,77240,75916,76092,176,b6fc9b3a5d786e0625abf7ad17d321ad88afb7465b44f6fe9497e7c9d0e64635,5247434efffe0101b000000010000100,,NCGR graphics,Confirmed,True,False,,,,,,,,,,False,False
/pbr/pst_gra.narc,/pbr/pst_gra.narc!/member_00029,0,/pbr/pst_gra.narc,504,29,,77240,77416,76092,76268,176,7f363710dedea437710bad429fed308e42c40e4b7130730d39f734dd1fac8fc2,5247434efffe0101b000000010000100,,NCGR graphics,Confirmed,True,False,,,,,,,,,,False,False
/pbr/pst_gra.narc,/pbr/pst_gra.narc!/member_00030,0,/pbr/pst_gra.narc,504,30,,77416,77592,76268,76444,176,40603bdf0e6ef172fac5c648083c0aedb165e6cb00b7c499791b282d19336a8b,5247434efffe0101b000000010000100,,NCGR graphics,Confirmed,True,False,,,,,,,,,,False,False
/pbr/pst_gra.narc,/pbr/pst_gra.narc!/member_00031,0,/pbr/pst_gra.narc,504,31,,77592,77768,76444,76620,176,29fa993689c7aed8838cde42062e1c1c256cc2aba89f34082879d1d36cb034ad,5247434efffe0101b000000010000100,,NCGR graphics,Confirmed,True,False,,,,,,,,,,False,False
/pbr/pst_gra.narc,/pbr/pst_gra.narc!/member_00032,0,/pbr/pst_gra.narc,504,32,,77768,77944,76620,76796,176,57df392fc4626c24acd68e516c06522557af5cc073a66e788c5a312486f4dc36,5247434efffe0101b000000010000100,,NCGR graphics,Confirmed,True,False,,,,,,,,,,False,False
/pbr/pst_gra.narc,/pbr/pst_gra.narc!/member_00033,0,/pbr/pst_gra.narc,504,33,,77944,78120,76796,76972,176,dd7914dd763902898b85d357cb7054aa34f1a7728dff5b809e949ab326d9d0b9,5247434efffe0101b000000010000100,,NCGR graphics,Confirmed,True,False,,,,,,,,,,False,False
/pbr/pst_gra.narc,/pbr/pst_gra.narc!/member_00034,0,/pbr/pst_gra.narc,504,34,,78120,78296,76972,77148,176,31a7c6cc333d6e958fdb23a11e61a5298c92f1d059a01cc09a019964112253fc,5247434efffe0101b000000010000100,,NCGR graphics,Confirmed,True,False,,,,,,,,,,False,False
/pbr/pst_gra.narc,/pbr/pst_gra.narc!/member_00035,0,/pbr/pst_gra.narc,504,35,,78296,78472,77148,77324,176,81e857aba8fdc6fddbd2867a542f56752b5621485e977e1353115a9af2589c13,5247434efffe0101b000000010000100,,NCGR graphics,Confirmed,True,False,,,,,,,,,,False,False
/pbr/pst_gra.narc,/pbr/pst_gra.narc!/member_00036,0,/pbr/pst_gra.narc,504,36,,78472,78648,77324,77500,176,92ce3c2eed2dd1f81b7a86396fe2a5d19143e989aed1fbaf691ff3d6b1cecac9,5247434efffe0101b000000010000100,,NCGR graphics,Confirmed,True,False,,,,,,,,,,False,False
/pbr/pst_gra.narc,/pbr/pst_gra.narc!/member_00037,0,/pbr/pst_gra.narc,504,37,,78648,79200,77500,78052,552,e0cd0c04aa788c325494b5ac63a4fbfe4900d5a29021865f5359d4be1c596110,524c434efffe00012802000010000100,,NCLR palette,Confirmed,True,False,,,,,,,,,,False,False
/pbr/pst_gra.narc,/pbr/pst_gra.narc!/member_00038,0,/pbr/pst_gra.narc,504,38,,79200,79752,78052,78604,552,f5a963d3376d83aa42e0c41e9ff88b748e4649c1487a219cf1e4f0a889e86ffd,524c434efffe00012802000010000100,,NCLR palette,Confirmed,True,False,,,,,,,,,,False,False
/pbr/pst_gra.narc,/pbr/pst_gra.narc!/member_00039,0,/pbr/pst_gra.narc,504,39,,79752,80304,78604,79156,552,2d537893b48453abbc3068ce2bc5852c60c23db452287f6188e04336849fe17e,524c434efffe00012802000010000100,,NCLR palette,Confirmed,True,False,,,,,,,,,,False,False
/pbr/pst_gra.narc,/pbr/pst_gra.narc!/member_00040,0,/pbr/pst_gra.narc,504,40,,80304,80856,79156,79708,552,53460928eadae33e2f951cdafb4ac15dff05f69d0292ac5c7bd16df3465af271,524c434efffe00012802000010000100,,NCLR palette,Confirmed,True,False,,,,,,,,,,False,False
/pbr/pst_gra.narc,/pbr/pst_gra.narc!/member_00041,0,/pbr/pst_gra.narc,504,41,,80856,81146,79708,79998,290,531a1b10dcc141a761f85ae3e744f0acf7f05e1e29d40ca77cea53a359e18c16,524e414efffe00012201000010000300,,NANR animation,Confirmed,True,False,,,,,,,,,,False,False
/pbr/pst_gra.narc,/pbr/pst_gra.narc!/member_00042,0,/pbr/pst_gra.narc,504,42,,81148,81290,80000,80142,142,e92c4e855efeed784b48106592b4b5b6c675e7d8da175f98147245c8a366dd03,5245434efffe00018e00000010000300,,NCER cell,Confirmed,True,False,,,,,,,,,,False,False
/pbr/pst_gra.narc,/pbr/pst_gra.narc!/member_00043,0,/pbr/pst_gra.narc,504,43,,81292,81596,80144,80448,304,412f37aa5412e6a9d08fc7fc334e7735765ed801eb209fa0348d61c135611023,5247434efffe01013001000010000100,,NCGR graphics,Confirmed,True,False,,,,,,,,,,False,False
/pbr/pst_gra.narc,/pbr/pst_gra.narc!/member_00044,0,/pbr/pst_gra.narc,504,44,,81596,81879,80448,80731,283,549442d5587e9b15c9baf8b22810505b78d5a41c94dbdf5578cf7e6ec54396fa,524e414efffe00011b01000010000300,,NANR animation,Confirmed,True,False,,,,,,,,,,False,False
/pbr/pst_gra.narc,/pbr/pst_gra.narc!/member_00045,0,/pbr/pst_gra.narc,504,45,,81880,82135,80732,80987,255,496b7c26d8c676d92abc31b54b7561fb6d261d3da70878889c998f1a58d0353a,5245434efffe0001ff00000010000300,,NCER cell,Confirmed,True,False,,,,,,,,,,False,False
/pbr/pst_gra.narc,/pbr/pst_gra.narc!/member_00046,0,/pbr/pst_gra.narc,504,46,,82136,82344,80988,81196,208,2c2174b546635228e9797afb2ae9bf944bc3a9cda9a3a95f78732e0c43314b09,5247434efffe0101d000000010000100,,NCGR graphics,Confirmed,True,False,,,,,,,,,,False,False
/pbr/pst_gra.narc,/pbr/pst_gra.narc!/member_00047,0,/pbr/pst_gra.narc,504,47,,82344,82527,81196,81379,183,08b7f6612f79dd359380f719315cd3a4a7a9d1ba6092dcd7942e203cb591f9ab,524e414efffe0001b700000010000300,,NANR animation,Confirmed,True,False,,,,,,,,,,False,False
/pbr/pst_gra.narc,/pbr/pst_gra.narc!/member_00048,0,/pbr/pst_gra.narc,504,48,,82528,82743,81380,81595,215,69bc036b6dcd0ec3c91493f0ee575388dc16efc13d7040b0cf7009e43a4b0257,5245434efffe0001d700000010000300,,NCER cell,Confirmed,True,False,,,,,,,,,,False,False
/pbr/pst_gra.narc,/pbr/pst_gra.narc!/member_00049,0,/pbr/pst_gra.narc,504,49,,82744,83560,81596,82412,816,221d45c9f2ffb63a7c742fb5f762dbf1306f19a77a2a6c05c61de8097a620d42,5247434efffe01013003000010000100,,NCGR graphics,Confirmed,True,False,,,,,,,,,,False,False
/pbr/pst_gra.narc,/pbr/pst_gra.narc!/member_00050,0,/pbr/pst_gra.narc,504,50,,83560,83714,82412,82566,154,2db7fb78dd747f600d608eae538a07457399a8d7d5d878debe6439464a1d543f,524e414efffe00019a00000010000300,,NANR animation,Confirmed,True,False,,,,,,,,,,False,False
/pbr/pst_gra.narc,/pbr/pst_gra.narc!/member_00051,0,/pbr/pst_gra.narc,504,51,,83716,83858,82568,82710,142,4b163e3ffb17d8666ce94ef39bcc7ab3863410633e1a1bdc0612a050d8c0a08e,5245434efffe00018e00000010000300,,NCER cell,Confirmed,True,False,,,,,,,,,,False,False
/pbr/pst_gra.narc,/pbr/pst_gra.narc!/member_00052,0,/pbr/pst_gra.narc,504,52,,83860,83972,82712,82824,112,59c4b2520f2382e37f742f99d1347f2808d7391b7be5ba1947769e34b0174478,5247434efffe01017000000010000100,,NCGR graphics,Confirmed,True,False,,,,,,,,,,False,False
/pbr/pst_gra.narc,/pbr/pst_gra.narc!/member_00053,0,/pbr/pst_gra.narc,504,53,,83972,84084,82824,82936,112,8a2d930dbd34a8660758fecbc8038d7c661e0813e134bf6f0a7a0bd8c258f1ba,5247434efffe01017000000010000100,,NCGR graphics,Confirmed,True,False,,,,,,,,,,False,False
/pbr/pst_gra.narc,/pbr/pst_gra.narc!/member_00054,0,/pbr/pst_gra.narc,504,54,,84084,84196,82936,83048,112,f6b433ec913fdb382304952d11507edfbab43064bbef66359d8d8e3583ec0e60,5247434efffe01017000000010000100,,NCGR graphics,Confirmed,True,False,,,,,,,,,,False,False
/pbr/pst_gra.narc,/pbr/pst_gra.narc!/member_00055,0,/pbr/pst_gra.narc,504,55,,84196,84308,83048,83160,112,66095a17a6c8ec266902bb246c17896cacc76b5f637d27d38d1539ef6ee053b6,5247434efffe01017000000010000100,,NCGR graphics,Confirmed,True,False,,,,,,,,,,False,False
/pbr/pst_gra.narc,/pbr/pst_gra.narc!/member_00056,0,/pbr/pst_gra.narc,504,56,,84308,84420,83160,83272,112,653a06cad48dd7a6b6cf328c0154e03ed6208148b053a0eb45209a0d8e299fad,5247434efffe01017000000010000100,,NCGR graphics,Confirmed,True,False,,,,,,,,,,False,False
/pbr/pst_gra.narc,/pbr/pst_gra.narc!/member_00057,0,/pbr/pst_gra.narc,504,57,,84420,84532,83272,83384,112,e28ee99e8d3a1979caf67140f884eb72057748584da1c85e54be0708257bd33c,5247434efffe01017000000010000100,,NCGR graphics,Confirmed,True,False,,,,,,,,,,False,False
/pbr/pst_gra.narc,/pbr/pst_gra.narc!/member_00058,0,/pbr/pst_gra.narc,504,58,,84532,84644,83384,83496,112,c91a19b0d18348ed896a302389ee11635951dce094faaee3a6507ea3a6162cec,5247434efffe01017000000010000100,,NCGR graphics,Confirmed,True,False,,,,,,,,,,False,False
/pbr/pst_gra.narc,/pbr/pst_gra.narc!/member_00059,0,/pbr/pst_gra.narc,504,59,,84644,84934,83496,83786,290,0a43ef11f0985aae0064c759d4c5aa91144a0e7ae0d358f878937a2cd2623cd0,524e414efffe00012201000010000300,,NANR animation,Confirmed,True,False,,,,,,,,,,False,False
/pbr/pst_gra.narc,/pbr/pst_gra.narc!/member_00060,0,/pbr/pst_gra.narc,504,60,,84936,85078,83788,83930,142,7cc318682f90b8c6db47499a8f36fb1b0bd2c370387605d5c7133abccdfca820,5245434efffe00018e00000010000300,,NCER cell,Confirmed,True,False,,,,,,,,,,False,False
/pbr/pst_gra.narc,/pbr/pst_gra.narc!/member_00061,0,/pbr/pst_gra.narc,504,61,,85080,85192,83932,84044,112,74e75834be76fb227c7d6f8f1472edbd7dafe76b58b616ceb698f9ca73788e2b,5247434efffe01017000000010000100,,NCGR graphics,Confirmed,True,False,,,,,,,,,,False,False
/pbr/pst_gra.narc,/pbr/pst_gra.narc!/member_00062,0,/pbr/pst_gra.narc,504,62,,85192,85561,84044,84413,369,2073b9f4410f45fcb4fc4662fc08f40f40a6aeae137601484637dcf566d07754,524e414efffe00017101000010000300,,NANR animation,Confirmed,True,False,,,,,,,,,,False,False
/pbr/pst_gra.narc,/pbr/pst_gra.narc!/member_00063,0,/pbr/pst_gra.narc,504,63,,85564,85933,84416,84785,369,057547063a4ec5904bd936b5d63e215d98364143a36d27987b7692b5b63006d8,5245434efffe00017101000010000300,,NCER cell,Confirmed,True,False,,,,,,,,,,False,False
/pbr/pst_gra.narc,/pbr/pst_gra.narc!/member_00064,0,/pbr/pst_gra.narc,504,64,,85936,86656,84788,85508,720,82669ab98aa54a8a345554c5d388b226e2dd023308f772eff5477aba927286a1,5247434efffe0101d002000010000100,,NCGR graphics,Confirmed,True,False,,,,,,,,,,False,False
/pbr/pst_gra.narc,/pbr/pst_gra.narc!/member_00065,0,/pbr/pst_gra.narc,504,65,,86656,87208,85508,86060,552,b2a73b692483ce234adaa0d67d99845350ca4fd4aa35da55f4686ac9a937c21f,524c434efffe00012802000010000100,,NCLR palette,Confirmed,True,False,,,,,,,,,,False,False
/pbr/pst_gra.narc,/pbr/pst_gra.narc!/member_00066,0,/pbr/pst_gra.narc,504,66,,87208,87375,86060,86227,167,1a4b4baa398b22b124748c3feb74c76d7aa3b26eaea85e93f6178bcc635caf31,524e414efffe0001a700000010000300,,NANR animation,Confirmed,True,False,,,,,,,,,,False,False
/pbr/pst_gra.narc,/pbr/pst_gra.narc!/member_00067,0,/pbr/pst_gra.narc,504,67,,87376,87591,86228,86443,215,db8ac4229eb169539a126ac09ccb7ac2947bef19151677e4b2c88594e307e0f3,5245434efffe0001d700000010000300,,NCER cell,Confirmed,True,False,,,,,,,,,,False,False
/pbr/pst_gra.narc,/pbr/pst_gra.narc!/member_00068,0,/pbr/pst_gra.narc,504,68,,87592,88024,86444,86876,432,17f60c69bf70462406259cceae9cef3207062d9917cc8900f1f9040aa89e562e,5247434efffe0101b001000010000100,,NCGR graphics,Confirmed,True,False,,,,,,,,,,False,False
/pbr/pst_gra.narc,/pbr/pst_gra.narc!/member_00069,0,/pbr/pst_gra.narc,504,69,,88024,88576,86876,87428,552,e67eae3e23c05a79dac9d42cce52243385f79f1d8a0bdd1829e7e4fbcbdfab9b,524c434efffe00012802000010000100,,NCLR palette,Confirmed,True,False,,,,,,,,,,False,False
/pbr/pst_gra.narc,/pbr/pst_gra.narc!/member_00070,0,/pbr/pst_gra.narc,504,70,,88576,88687,87428,87539,111,30249884bd91f10bc9d4e13e7b1495f09991b6f488405a0cdbb61cfb402d10ca,524e414efffe00016f00000010000300,,NANR animation,Confirmed,True,False,,,,,,,,,,False,False
/pbr/pst_gra.narc,/pbr/pst_gra.narc!/member_00071,0,/pbr/pst_gra.narc,504,71,,88688,88795,87540,87647,107,dc7e275467c4ae23635cde791bbf1268d8e7f10613324f118388d4694b83c3f8,5245434efffe00016b00000010000300,,NCER cell,Confirmed,True,False,,,,,,,,,,False,False
/pbr/pst_gra.narc,/pbr/pst_gra.narc!/member_00072,0,/pbr/pst_gra.narc,504,72,,88796,89356,87648,88208,560,185ec9845c744d82b4c0535d1840b19bb57438bcb1529a61d66a392ac1eecbfe,5247434efffe01013002000010000100,,NCGR graphics,Confirmed,True,False,,,,,,,,,,False,False
/pbr/pst_gra.narc,/pbr/pst_gra.narc!/member_00073,0,/pbr/pst_gra.narc,504,73,,89356,89916,88208,88768,560,4b3757de83c8adbce9fdc3a3bad2dd8825aff2916d6e7424825ad4fcb7bbffb0,5247434efffe01013002000010000100,,NCGR graphics,Confirmed,True,False,,,,,,,,,,False,False
/pbr/pst_gra.narc,/pbr/pst_gra.narc!/member_00074,0,/pbr/pst_gra.narc,504,74,,89916,90476,88768,89328,560,69f780778d588eae06b81f9f80e701ff2a863e4083e36a7f84893aacf99753bb,5247434efffe01013002000010000100,,NCGR graphics,Confirmed,True,False,,,,,,,,,,False,False
/pbr/pst_gra.narc,/pbr/pst_gra.narc!/member_00075,0,/pbr/pst_gra.narc,504,75,,90476,91036,89328,89888,560,482c71af0bb1513b860ebca95a3aa5b0059ca9a45e014cb822e3bf2dd85713f0,5247434efffe01013002000010000100,,NCGR graphics,Confirmed,True,False,,,,,,,,,,False,False
/pbr/pst_gra.narc,/pbr/pst_gra.narc!/member_00076,0,/pbr/pst_gra.narc,504,76,,91036,91596,89888,90448,560,c1a9705cb181735c7b17feba07779de5ebf78d408ebc0c555dddefa366cda442,5247434efffe01013002000010000100,,NCGR graphics,Confirmed,True,False,,,,,,,,,,False,False
/pbr/pst_gra.narc,/pbr/pst_gra.narc!/member_00077,0,/pbr/pst_gra.narc,504,77,,91596,92156,90448,91008,560,e7ef875623f1a0d76e7031eb91b8b7aec485d356b3c0cc6de1ab6150c8a19e91,5247434efffe01013002000010000100,,NCGR graphics,Confirmed,True,False,,,,,,,,,,False,False
/pbr/pst_gra.narc,/pbr/pst_gra.narc!/member_00078,0,/pbr/pst_gra.narc,504,78,,92156,92716,91008,91568,560,b6914b8ff199b886189f856a5bbe82c7b05eed85aa2faa843377416e31ffbb8f,5247434efffe01013002000010000100,,NCGR graphics,Confirmed,True,False,,,,,,,,,,False,False
/pbr/pst_gra.narc,/pbr/pst_gra.narc!/member_00079,0,/pbr/pst_gra.narc,504,79,,92716,93276,91568,92128,560,4669ff85dcd1b5041478d4d4903613d631958e20508f8770548cb158ae492314,5247434efffe01013002000010000100,,NCGR graphics,Confirmed,True,False,,,,,,,,,,False,False
/pbr/pst_gra.narc,/pbr/pst_gra.narc!/member_00080,0,/pbr/pst_gra.narc,504,80,,93276,93836,92128,92688,560,fff2ce2519bbec87f16baab96e399b1bcef00ccc579a180d0b0a5404855590d4,5247434efffe01013002000010000100,,NCGR graphics,Confirmed,True,False,,,,,,,,,,False,False
/pbr/pst_gra.narc,/pbr/pst_gra.narc!/member_00081,0,/pbr/pst_gra.narc,504,81,,93836,94396,92688,93248,560,c00eeda030debe2288155a19214de95a0c6056729dd7c3b1549b81784946a453,5247434efffe01013002000010000100,,NCGR graphics,Confirmed,True,False,,,,,,,,,,False,False
/pbr/pst_gra.narc,/pbr/pst_gra.narc!/member_00082,0,/pbr/pst_gra.narc,504,82,,94396,94956,93248,93808,560,ed9caca9e0314608df195e64c391017e2b4412ae7c71adf29dd2500a4e7852d6,5247434efffe01013002000010000100,,NCGR graphics,Confirmed,True,False,,,,,,,,,,False,False
/pbr/pst_gra.narc,/pbr/pst_gra.narc!/member_00083,0,/pbr/pst_gra.narc,504,83,,94956,95516,93808,94368,560,d7221e9a0b01af6b17165d819a2b5a76fecca619da5e26e4a4096074a1b37199,5247434efffe01013002000010000100,,NCGR graphics,Confirmed,True,False,,,,,,,,,,False,False
/pbr/pst_gra.narc,/pbr/pst_gra.narc!/member_00084,0,/pbr/pst_gra.narc,504,84,,95516,96076,94368,94928,560,d7221e9a0b01af6b17165d819a2b5a76fecca619da5e26e4a4096074a1b37199,5247434efffe01013002000010000100,,NCGR graphics,Confirmed,True,False,,,,,,,,,,False,False
/pbr/pst_gra.narc,/pbr/pst_gra.narc!/member_00085,0,/pbr/pst_gra.narc,504,85,,96076,96636,94928,95488,560,c30d25f02d706d80b7474619681b10b5abd42fb5839972393732d306d649799c,5247434efffe01013002000010000100,,NCGR graphics,Confirmed,True,False,,,,,,,,,,False,False
/pbr/pst_gra.narc,/pbr/pst_gra.narc!/member_00086,0,/pbr/pst_gra.narc,504,86,,96636,97196,95488,96048,560,6b2c2ff04b6b0bce2b2a5e952039aa52cfd1fc620ccc3477765efeaa3565b98d,5247434efffe01013002000010000100,,NCGR graphics,Confirmed,True,False,,,,,,,,,,False,False
/pbr/pst_gra.narc,/pbr/pst_gra.narc!/member_00087,0,/pbr/pst_gra.narc,504,87,,97196,97756,96048,96608,560,3e7f49e989e372d34622472e4f11eb7b8a7ce070170d1aa8c34cc3ee0f0f9899,5247434efffe01013002000010000100,,NCGR graphics,Confirmed,True,False,,,,,,,,,,False,False
/pbr/pst_gra.narc,/pbr/pst_gra.narc!/member_00088,0,/pbr/pst_gra.narc,504,88,,97756,98316,96608,97168,560,9db96edd2826ac80c54634b1ddb26fa202ff4d5864e87b0ce3ac12c54ec46b88,5247434efffe01013002000010000100,,NCGR graphics,Confirmed,True,False,,,,,,,,,,False,False
/pbr/pst_gra.narc,/pbr/pst_gra.narc!/member_00089,0,/pbr/pst_gra.narc,504,89,,98316,98876,97168,97728,560,2f915370d81dca6358f565e612669fc249c402fc6576072a457a1931fb0ba71b,5247434efffe01013002000010000100,,NCGR graphics,Confirmed,True,False,,,,,,,,,,False,False
/pbr/pst_gra.narc,/pbr/pst_gra.narc!/member_00090,0,/pbr/pst_gra.narc,504,90,,98876,99436,97728,98288,560,0953551f3d0c56f7810bde12dc04c608c0cb24f2b64cf8c75c547837b223f7d8,5247434efffe01013002000010000100,,NCGR graphics,Confirmed,True,False,,,,,,,,,,False,False
/pbr/pst_gra.narc,/pbr/pst_gra.narc!/member_00091,0,/pbr/pst_gra.narc,504,91,,99436,99996,98288,98848,560,064275458defdb1f617d351c9a7912602ffb564ba6d59cfdc4f188fd683cb442,5247434efffe01013002000010000100,,NCGR graphics,Confirmed,True,False,,,,,,,,,,False,False
/pbr/pst_gra.narc,/pbr/pst_gra.narc!/member_00092,0,/pbr/pst_gra.narc,504,92,,99996,100556,98848,99408,560,6453015f5e0a73e7c9c41544795ac89c8aca404ee80b2898f4018752f4f2ea46,5247434efffe01013002000010000100,,NCGR graphics,Confirmed,True,False,,,,,,,,,,False,False
/pbr/pst_gra.narc,/pbr/pst_gra.narc!/member_00093,0,/pbr/pst_gra.narc,504,93,,100556,101116,99408,99968,560,5b709fece63de798e4d976096150b82fe0e1e03534e881610b2bc21e6c2564ff,5247434efffe01013002000010000100,,NCGR graphics,Confirmed,True,False,,,,,,,,,,False,False
/pbr/pst_gra.narc,/pbr/pst_gra.narc!/member_00094,0,/pbr/pst_gra.narc,504,94,,101116,101676,99968,100528,560,5de631ab63e7b89329c65caab38243289efe8d16b052ea59777a349182f3f3df,5247434efffe01013002000010000100,,NCGR graphics,Confirmed,True,False,,,,,,,,,,False,False
/pbr/pst_gra.narc,/pbr/pst_gra.narc!/member_00095,0,/pbr/pst_gra.narc,504,95,,101676,102236,100528,101088,560,ae457890e43f4471c5a636b06ef1d2d103c03271f7ce8b547b1e005557d7e296,5247434efffe01013002000010000100,,NCGR graphics,Confirmed,True,False,,,,,,,,,,False,False
/pbr/pst_gra.narc,/pbr/pst_gra.narc!/member_00096,0,/pbr/pst_gra.narc,504,96,,102236,102796,101088,101648,560,4ec1bdf187f69dfa2f38868d74693438033b6b5ff39b49b7cdb26e2b45525bbe,5247434efffe01013002000010000100,,NCGR graphics,Confirmed,True,False,,,,,,,,,,False,False
/pbr/pst_gra.narc,/pbr/pst_gra.narc!/member_00097,0,/pbr/pst_gra.narc,504,97,,102796,103356,101648,102208,560,27fcf0eb4ffddfd295f734576701981b27116ce3ccbb00d90c0b612fa0f109ea,5247434efffe01013002000010000100,,NCGR graphics,Confirmed,True,False,,,,,,,,,,False,False
/pbr/pst_gra.narc,/pbr/pst_gra.narc!/member_00098,0,/pbr/pst_gra.narc,504,98,,103356,103916,102208,102768,560,f8e10d978ac6d4356d012c55760c9a08d4139cbac52d4c852c624432608ca8b7,5247434efffe01013002000010000100,,NCGR graphics,Confirmed,True,False,,,,,,,,,,False,False
/pbr/pst_gra.narc,/pbr/pst_gra.narc!/member_00099,0,/pbr/pst_gra.narc,504,99,,103916,104476,102768,103328,560,19d12a8535ca8bf216bd11edad17b573b72916e7e558a135f5128ac8e83b524e,5247434efffe01013002000010000100,,NCGR graphics,Confirmed,True,False,,,,,,,,,,False,False
/pbr/pst_gra.narc,/pbr/pst_gra.narc!/member_00100,0,/pbr/pst_gra.narc,504,100,,104476,105036,103328,103888,560,7b8b77c30cbd52408c642387493d1079b86842e44371c5d7d28e6f4058ab0abb,5247434efffe01013002000010000100,,NCGR graphics,Confirmed,True,False,,,,,,,,,,False,False
/pbr/pst_gra.narc,/pbr/pst_gra.narc!/member_00101,0,/pbr/pst_gra.narc,504,101,,105036,105596,103888,104448,560,7b8b77c30cbd52408c642387493d1079b86842e44371c5d7d28e6f4058ab0abb,5247434efffe01013002000010000100,,NCGR graphics,Confirmed,True,False,,,,,,,,,,False,False
/pbr/pst_gra.narc,/pbr/pst_gra.narc!/member_00102,0,/pbr/pst_gra.narc,504,102,,105596,106156,104448,105008,560,39ef0086b69ab15cc545808b3d1663f45fd0117a56322ecdc5406f8c3ce36b92,5247434efffe01013002000010000100,,NCGR graphics,Confirmed,True,False,,,,,,,,,,False,False
/pbr/pst_gra.narc,/pbr/pst_gra.narc!/member_00103,0,/pbr/pst_gra.narc,504,103,,106156,106716,105008,105568,560,7b8b77c30cbd52408c642387493d1079b86842e44371c5d7d28e6f4058ab0abb,5247434efffe01013002000010000100,,NCGR graphics,Confirmed,True,False,,,,,,,,,,False,False
/pbr/pst_gra.narc,/pbr/pst_gra.narc!/member_00104,0,/pbr/pst_gra.narc,504,104,,106716,107276,105568,106128,560,19d12a8535ca8bf216bd11edad17b573b72916e7e558a135f5128ac8e83b524e,5247434efffe01013002000010000100,,NCGR graphics,Confirmed,True,False,,,,,,,,,,False,False
/pbr/pst_gra.narc,/pbr/pst_gra.narc!/member_00105,0,/pbr/pst_gra.narc,504,105,,107276,107836,106128,106688,560,7b8b77c30cbd52408c642387493d1079b86842e44371c5d7d28e6f4058ab0abb,5247434efffe01013002000010000100,,NCGR graphics,Confirmed,True,False,,,,,,,,,,False,False
/pbr/pst_gra.narc,/pbr/pst_gra.narc!/member_00106,0,/pbr/pst_gra.narc,504,106,,107836,108396,106688,107248,560,8d2dca0cca33f695fc5fc39fd39bd4569cc38f2b13603de408c21905c774335e,5247434efffe01013002000010000100,,NCGR graphics,Confirmed,True,False,,,,,,,,,,False,False
/pbr/pst_gra.narc,/pbr/pst_gra.narc!/member_00107,0,/pbr/pst_gra.narc,504,107,,108396,108956,107248,107808,560,324c24ae311927996aae35cff5e593c2d8e3e7effdb9068a6fa058800218942c,5247434efffe01013002000010000100,,NCGR graphics,Confirmed,True,False,,,,,,,,,,False,False
/pbr/pst_gra.narc,/pbr/pst_gra.narc!/member_00108,0,/pbr/pst_gra.narc,504,108,,108956,109516,107808,108368,560,e1793680adf9059c760c9852caf7ff2dd4221c9b886ffdf07ac1bd1e213f266d,5247434efffe01013002000010000100,,NCGR graphics,Confirmed,True,False,,,,,,,,,,False,False
/pbr/pst_gra.narc,/pbr/pst_gra.narc!/member_00109,0,/pbr/pst_gra.narc,504,109,,109516,110076,108368,108928,560,dfbda00fb8a5cc0ec88bac4f5a80e89a43a75b445ffb084414e9b29e53fd0797,5247434efffe01013002000010000100,,NCGR graphics,Confirmed,True,False,,,,,,,,,,False,False
/pbr/pst_gra.narc,/pbr/pst_gra.narc!/member_00110,0,/pbr/pst_gra.narc,504,110,,110076,110636,108928,109488,560,aa7bf91d9fa164fabb9e3c4157024ae00217b14d77045821e871ffc915bda463,5247434efffe01013002000010000100,,NCGR graphics,Confirmed,True,False,,,,,,,,,,False,False
/pbr/pst_gra.narc,/pbr/pst_gra.narc!/member_00111,0,/pbr/pst_gra.narc,504,111,,110636,111196,109488,110048,560,67d98b781f13c1ab7c64782069337d3165f6812819aeb3249b0bfb7d35a51c3a,5247434efffe01013002000010000100,,NCGR graphics,Confirmed,True,False,,,,,,,,,,False,False
/pbr/pst_gra.narc,/pbr/pst_gra.narc!/member_00112,0,/pbr/pst_gra.narc,504,112,,111196,111756,110048,110608,560,7988da59003559d65f429170f651e39bcaf3713e753401197096585efb87b32f,5247434efffe01013002000010000100,,NCGR graphics,Confirmed,True,False,,,,,,,,,,False,False
/pbr/pst_gra.narc,/pbr/pst_gra.narc!/member_00113,0,/pbr/pst_gra.narc,504,113,,111756,112316,110608,111168,560,1ac61e692f4122ea6609e24bb5e044f44363ce4050c0c7dcdd006fe0b4e5445b,5247434efffe01013002000010000100,,NCGR graphics,Confirmed,True,False,,,,,,,,,,False,False
