container_chain,member_chain,depth,parent_narc_path,parent_file_id,member_index,name,container_relative_offset,container_relative_end,gmif_relative_offset,gmif_relative_end,size,sha256,signature_hex,extension,probable_format,format_evidence,structure_valid,compressed,compression,compression_evidence,decompression_supported,declared_decompressed_size,decompression_valid,decompressed_size,decompressed_sha256,decompressed_format,decompressed_format_evidence,nested_container,nested_after_decompression
/pbr/personal.narc,/pbr/personal.narc!/member_00405,0,/pbr/personal.narc,496,405,,21880,21924,17820,17864,44,db6585fe1dba8d7a35f46d3269890336039d300f650b0c2e5e0ab5e1a0f341c9,50784f465f4f0d0d2dc20c0000000000,,,,,False,,,,,,,,,,False,False
/pbr/personal.narc,/pbr/personal.narc!/member_00406,0,/pbr/personal.narc,496,406,,21924,21968,17864,17908,44,1dba6b6f0b1476ba1f195355a4ec8c32264c0f3a5c35d3a72fa66607f8d291f2,281e233732460c03ff4400010000f500,,,,,True,Nintendo Huffman 8-bit,Probable,False,3613470,,,,,,False,False
/pbr/personal.narc,/pbr/personal.narc!/member_00407,0,/pbr/personal.narc,496,407,,21968,22012,17908,17952,44,2e968530df7f5c4a2fe5c560e881edbe486d1af6deb0632aa8ef2e0ca4916627,3c46375a7d690c034bcc00030000f500,,,,,False,,,,,,,,,,False,False
/pbr/personal.narc,/pbr/personal.narc!/member_00408,0,/pbr/personal.narc,496,408,,22012,22056,17952,17996,44,43d16f1134c30d31d0afefbb475465bacf59f846444a12bf135094c245b20645,437d283a1e1e05052d63040000000000,,,,,False,,,,,,,,,,False,False
/pbr/personal.narc,/pbr/personal.narc!/member_00409,0,/pbr/personal.narc,496,409,,22056,22100,17996,18040,44,49f87e48800aa48e0db177fbc4514dfac1085f47ff1c590b8cee9c8d7876840c,61a53c3a413205052dc7080000000000,,,,,False,,,,,,,,,,False,False
/pbr/personal.narc,/pbr/personal.narc!/member_00410,0,/pbr/personal.narc,496,410,,22100,22144,18040,18084,44,97ecd1aeb35a32f4121e5a0c4034fb7e88a1ac472e6d27d9c14fed399d14b63f,1e2a761e2a5805082d63100000000000,,,,,False,,,,,,,,,,False,False
/pbr/personal.narc,/pbr/personal.narc!/member_00411,0,/pbr/personal.narc,496,411,,22144,22188,18084,18128,44,05e9b59a6f69a9251df8d28bffa9ce7a4120ed142d29305e29692751e530150f,3c34a81e2f8a05082dc7200000000000,,,,,False,,,,,,,,,,False,False
/pbr/personal.narc,/pbr/personal.narc!/member_00412,0,/pbr/personal.narc,496,412,,22188,22232,18128,18172,44,5c196cb4829d3751bb9d615a9148e22a21b89342b208c86e160fb75deb602847,281d2d241d2d0606783d000400000000,,,,,True,Nintendo Huffman 8-bit,Probable,False,2370845,,,,,,False,False
/pbr/personal.narc,/pbr/personal.narc!/member_00413,0,/pbr/personal.narc,496,413,,22232,22276,18172,18216,44,6320359505ccbe67aaa1abef7d4cc0fb37741221ca456d8f6206801bfcb178af,3c3b55244f69060c2d9f00080000de00,,,,,False,,,,,,,,,,False,False
/pbr/personal.narc,/pbr/personal.narc!/member_00414,0,/pbr/personal.narc,496,414,,22276,22320,18216,18260,44,e7d16b7f1c2987684b4502a7dfb8800fbeac9aed5c47cca599892c0470b3d8fa,465e32425e3206022d9f04010000de00,,,,,False,,,,,,,,,,False,False
/pbr/personal.narc,/pbr/personal.narc!/member_00415,0,/pbr/personal.narc,496,415,,22320,22364,18260,18304,44,10be77352ee7a9fb74ca82f6177b6bfeae3a2e0ad7c15a0cd6c4108fa9d77f2c,1e1e2a461e2a0602783f40005e005e00,,,,,False,,,,,,,,,,False,False
/pbr/personal.narc,/pbr/personal.narc!/member_00416,0,/pbr/personal.narc,496,416,,22364,22408,18304,18348,44,dd696b95a607f56b7db54ce287ce5f8f13e5a7543ecbb70fb94cc2192384f76b,46506628506606022dbc10040000f500,,,,,False,,,,,,,,,,False,False
/pbr/personal.narc,/pbr/personal.narc!/member_00417,0,/pbr/personal.narc,496,417,,22408,22452,18348,18392,44,fb264fa70250ace00bc2024d66739905c7e61e9b8d96796af7900c94e0ed6931,3c2d465f2d5a0d0dc878400000000000,,,,,False,,,,,,,,,,False,False
/pbr/personal.narc,/pbr/personal.narc!/member_00418,0,/pbr/personal.narc,496,418,,22452,22496,18392,18436,44,3c680ca360a03d7abd65766fcabfe0a10d2eee3c2b47f99947ef4ca2cc637696,374123553c1e0b0bbe4b40000000ba00,,,,,False,,,,,,,,,,False,False
/pbr/personal.narc,/pbr/personal.narc!/member_00419,0,/pbr/personal.narc,496,419,,22496,22540,18436,18480,44,2e18e8d8e098e73c4a3132ec3ae616b202558b34359aa40e825698682d8dca6b,5569377355320b0b4bb280000000ba00,,,,,False,,,,,,,,,,False,False
/pbr/personal.narc,/pbr/personal.narc!/member_00420,0,/pbr/personal.narc,496,420,,22540,22584,18480,18524,44,d7b590ad2ea850b12ba8588a3d96ce8fdd5ef0cbb9162918d0706e2c255c65cc,2d232d233e350c0cbe4400010000ef00,,,,,False,,,,,,,,,,False,False
/pbr/personal.narc,/pbr/personal.narc!/member_00421,0,/pbr/personal.narc,496,421,,22584,22628,18524,18568,44,c7fa0119dbc0e33963fee222af9dd04fdd05dd462509c2b380439ab554ff9ad3,463c4655574e0c0c4b8500020000ef00,,,,,False,,,,,,,,,,False,False
/pbr/personal.narc,/pbr/personal.narc!/member_00422,0,/pbr/personal.narc,496,422,,22628,22672,18568,18612,44,bdd41796031eade8aab1baff8caa0ff2ddfee5a10bc1630b365aaf15a36e43ad,4c303022393e0b0bbe49010000000000,,,,,False,,,,,,,,,,False,False
/pbr/personal.narc,/pbr/personal.narc!/member_00423,0,/pbr/personal.narc,496,423,,22672,22716,18612,18656,44,32c7ef49e18163afeaa84761d982bd6a28fa2bf698fb4022f8268e6405d187b1,6f5344275c520b044bb0020000000000,,,,,False,,,,,,,,,,False,False
/pbr/personal.narc,/pbr/personal.narc!/member_00424,0,/pbr/personal.narc,496,424,,22716,22760,18656,18700,44,5c589353ca225e8d30e5d33e1af50cd6aca0b6c2c8d7a21894680cd8ebe09d23,4b6442733c4200002dba800000000000,,,,,False,,,,,,,,,,False,False
/pbr/personal.narc,/pbr/personal.narc!/member_00425,0,/pbr/personal.narc,496,425,,22760,22804,18700,18744,44,3c9ec425dd7fe6536614561bab62215ea2e06f2daa0b806eab43d787260422c1,5a3222463c2c07027d7f010000000000,,,,,False,,,,,,,,,,False,False
/pbr/personal.narc,/pbr/personal.narc!/member_00426,0,/pbr/personal.narc,496,426,,22804,22848,18744,18788,44,fb73d4ff17a01516d34064fc71ea4fee31783212526d83174d9b259d97fdb4c0,96502c505a3607023ccc020000000000,,,,,False,,,,,,,,,,False,False
/pbr/personal.narc,/pbr/personal.narc!/member_00427,0,/pbr/personal.narc,496,427,,22848,22892,18788,18832,44,3c796d1cb75ce15bb5e8e9fddb925337847eaf35538caa173015c1200072782e,37422c552c380000be5440000000bd00,,,,,False,,,,,,,,,,False,False
/pbr/personal.narc,/pbr/personal.narc!/member_00428,0,/pbr/personal.narc,496,428,,22892,22936,18832,18876,44,a802fe6b273a640bde89c2e1ab66fa67ce0c18720aecb1bb9a9bd295735ab19e,414c5469366000003cb280000000bd00,,,,,False,,,,,,,,,,False,False
/pbr/personal.narc,/pbr/personal.narc!/member_00429,0,/pbr/personal.narc,496,429,,22936,22980,18876,18920,44,f3cf976ef4519a20ac7a0479be0fc2ee25eebd5dcb468f48ed64e4882cfb813b,3c3c3c69696907072dbb000500000000,,,,,False,,,,,,,,,,False,False
/pbr/personal.narc,/pbr/personal.narc!/member_00430,0,/pbr/personal.narc,496,430,,22980,23024,18920,18964,44,88dfcb61dd0e38c7cf193a6efcbe5589e61a9db6b7c030d06382bf5d687d9531,647d3447693411021ebb080000000000,,,,,False,,,,,,,,,,False,False
/pbr/personal.narc,/pbr/personal.narc!/member_00431,0,/pbr/personal.narc,496,431,,23024,23068,18964,19008,44,c409ed56ea96c4abea1505b0794c85af48d830bd6f230083ea9f6277344bfa35,31372a552a250000be47400000009500,,,,,False,,,,,,,,,,False,False
/pbr/personal.narc,/pbr/personal.narc!/member_00432,0,/pbr/personal.narc,496,432,,23068,23112,19008,19052,44,cfa2805784a76dc57e8d27a33076f937d691a2d45c122eee9e4b1402729794fa,47524070403b00004bb7800000009500,,,,,False,,,,,,,,,,False,False
/pbr/personal.narc,/pbr/personal.narc!/member_00433,0,/pbr/personal.narc,496,433,,23112,23156,19052,19096,44,1e2b6a1f80766094f6e5d8fbadbd24ada0593c28f27ce68e364a478a064f9893,2d1e322d41320e0e784a00010000c600,,,,,False,,,,,,,,,,False,False
/pbr/personal.narc,/pbr/personal.narc!/member_00434,0,/pbr/personal.narc,496,434,,23156,23200,19096,19140,44,a40bb60277c796ba2e33fa9f231d809b11d21ca270dbffe695527e660d255a7d,3f3f2f4a29290311e14f400000009700,,,,,False,,,,,,,,,,False,False
/pbr/personal.narc,/pbr/personal.narc!/member_00435,0,/pbr/personal.narc,496,435,,23200,23244,19140,19184,44,be6c12ebb62abd04f359c4e9ccd588b1154649dae64a1142c0ada4e077378daa,675d4354473d03113cd1020000009700,,,,,False,,,,,,,,,,False,False
/pbr/personal.narc,/pbr/personal.narc!/member_00436,0,/pbr/personal.narc,496,436,,23244,23288,19184,19228,44,a1be2c077ba95546d85332a68bfead989573bb34f33f22523c663a4aaeca2505,391856171856080eff4810000000e900,,,,,False,,,,,,,,,,False,False
/pbr/personal.narc,/pbr/personal.narc!/member_00437,0,/pbr/personal.narc,496,437,,23288,23332,19228,19272,44,52bdef9be85f729194ae86f97eaad3a8819c3475f31d1ef0dc3e57377dd7a229,435974214f74080e5abc10040000e900,,,,,False,,,,,,,,,,False,False
/pbr/personal.narc,/pbr/personal.narc!/member_00438,0,/pbr/personal.narc,496,438,,23332,23376,19272,19316,44,679ff953803c77d00b0fc33869c1d8f6f07b89b6146a54f8d3f108af964e68ee,32505f0a0a2d0505ff44100000000000,,,,,False,,,,,,,,,,False,False
/pbr/personal.narc,/pbr/personal.narc!/member_00439,0,/pbr/personal.narc,496,439,,23376,23420,19316,19360,44,137050cfe86049b06bc12c1c8b2cf1254f87debea4b600241144f0b7bbc461fc,14192d3c465a0e0e914e000400009a00,,,,,False,,,,,,,,,,False,False
/pbr/personal.narc,/pbr/personal.narc!/member_00440,0,/pbr/personal.narc,496,440,,23420,23464,19360,19404,44,825b6985b21d60784ed0315164d7d28633c12450e77177c1833361d462c9d9ea,6405051e0f41000082ff01006e000001,,,,,False,,,,,,,,,,False,False
/pbr/personal.narc,/pbr/personal.narc!/member_00441,0,/pbr/personal.narc,496,441,,23464,23508,19404,19448,44,8fc38c5e616ae3f2831b3d24d6be9e0670ab2a8ed96a62262cfeabc8a9c1c33d,4c412d5b5c2a00021e6b040000001501,,,,,False,,,,,,,,,,False,False
/pbr/personal.narc,/pbr/personal.narc!/member_00442,0,/pbr/personal.narc,496,442,,23508,23552,19448,19492,44,27cb16077c2905b3e73940ca6cc502baf75295a1998cd9d286f816be86710841,325c6c235c6c071164a8100400000000,,,,,False,,,,,,,,,,False,False
/pbr/personal.narc,/pbr/personal.narc!/member_00443,0,/pbr/personal.narc,496,443,,23552,23596,19492,19536,44,5a38a6d95f3e03deb7930a1369388e9fbb23c8e6b4bfcecb994b4bc70fc8703b,3a462d2a282d10042d4304000000c500,,,,,False,,,,,,,,,,False,False
/pbr/personal.narc,/pbr/personal.narc!/member_00444,0,/pbr/personal.narc,496,444,,23596,23640,19536,19580,44,640503cf1d4806d504b1bf334cdefe7cab61c1c20785767016b32c41c1433e3f,445a4152323710042d9008000000c500,,,,,False,,,,,,,,,,False,False
/pbr/personal.narc,/pbr/personal.narc!/member_00445,0,/pbr/personal.narc,496,445,,23640,23684,19580,19624,44,9179806f853347e8997bd0e40bc9ad9611c6319384b6f3f1884c848e9cddde61,6c825f66505510042dda0c000000c500,,,,,False,,,,,,,,,,False,False
/pbr/personal.narc,/pbr/personal.narc!/member_00446,0,/pbr/personal.narc,496,446,,23684,23728,19624,19668,44,c1b57d086e4f84657c17dedb8234c120a7ed023f5de4f0ffc282b9529e01f5de,8755280528550000325e0100ea00ea00,,,,,False,,,,,,,,,,False,False
/pbr/personal.narc,/pbr/personal.narc!/member_00447,0,/pbr/personal.narc,496,447,,23728,23772,19668,19712,44,ba45e226440cbf9f47a157f9cb3dc18d6ec8615b2bbf13f880d76c6488dc67f8,2846283c232801014b48040000000000,,,,,True,Nintendo Huffman 8-bit,Probable,False,3942470,,,,,,False,False
/pbr/personal.narc,/pbr/personal.narc!/member_00448,0,/pbr/personal.narc,496,448,,23772,23816,19712,19756,44,8e7c8febcb46f983d4b3c47c659ee60c2b41e1846b1cf7068b7ffc7683b09480,466e465a734601082dcc040100000000,,,,,False,,,,,,,,,,False,False
/pbr/personal.narc,/pbr/personal.narc!/member_00449,0,/pbr/personal.narc,496,449,,23816,23860,19756,19800,44,609e0c1200dc180629d32792d7839bcf7ad4c64fa7251302386d9cff291bda9f,44484e20262a04048c5f100000000000,,,,,False,,,,,,,,,,False,False
/pbr/personal.narc,/pbr/personal.narc!/member_00450,0,/pbr/personal.narc,496,450,,23860,23904,19800,19844,44,57cc5ff5968cd2e92c7cda83dbf81434bd694c2722b7bda5bac46f91de7e8081,6c70762f444804043cc6200000000000,,,,,False,,,,,,,,,,False,False
/pbr/personal.narc,/pbr/personal.narc!/member_00451,0,/pbr/personal.narc,496,451,,23904,23948,19844,19888,44,0572513ace48cdaf3b83ebaad3fdee00ac696b48193cbb47bf9e7c04b568ff8e,28325a411e370306787210000000f500,,,,,True,Nintendo Huffman 8-bit,Probable,False,4282930,,,,,,False,False
/pbr/personal.narc,/pbr/personal.narc!/member_00452,0,/pbr/personal.narc,496,452,,23948,23992,19888,19932,44,a573c3a407b97427d73b51fcb71643000b77a5d1a87eed801fe00648156028c7,465a6e5f3c4b03112dcc20000000f500,,,,,False,,,,,,,,,,False,False
/pbr/personal.narc,/pbr/personal.narc!/member_00453,0,/pbr/personal.narc,496,453,,23992,24036,19932,19976,44,154e2dcc2cb766fbb4b82b4b26acb2f9e2eb4004cea5eb44183e21d97991f950,303d28323d2803018c53040000001901,,Nintendo RLE,Probable,,True,Nintendo RLE,Probable,False,3287101,,,,,,False,False
/pbr/personal.narc,/pbr/personal.narc!/member_00454,0,/pbr/personal.narc,496,454,,24036,24080,19976,20020,44,d048abae7c6079cf0cb2520c66fc2b677070959e630670df855eb88a846033d9,536a4155564103014bb5080000001901,,,,,False,,,,,,,,,,False,False
/pbr/personal.narc,/pbr/personal.narc!/member_00455,0,/pbr/personal.narc,496,455,,24080,24124,20020,20064,44,39cbe9c9fae47601a3eb2222367540e83ac45ef5286e5a80b87812669e085e00,4a64482e5a480c0cc8a4080000000000,,,,,False,,,,,,,,,,False,False
/pbr/personal.narc,/pbr/personal.narc!/member_00456,0,/pbr/personal.narc,496,456,,24124,24168,20064,20108,44,1e124be3f7252b9769058cef5795250a24bb128a7b7c89a07c61e15b31946250,31313842313d0b0bbe5a40000000bb00,,,,,False,,,,,,,,,,False,False
/pbr/personal.narc,/pbr/personal.narc!/member_00457,0,/pbr/personal.narc,496,457,,24168,24212,20108,20152,44,6fdc346be8d319e831b00182451c03249c5cb2e7b5e42663afc5d3eb5c6942d9,45454c5b45560b0b4b9c80000000bb00,,,,,False,,,,,,,,,,False,False
/pbr/personal.narc,/pbr/personal.narc!/member_00458,0,/pbr/personal.narc,496,458,,24212,24256,20152,20196,44,a33da12258f630d6d1d12267c89481c65353f8ab9fcd6b50d00261996a46975d,2d1432323c780b02196c000400000000,,,,,False,,,,,,,,,,False,False
/pbr/personal.narc,/pbr/personal.narc!/member_00459,0,/pbr/personal.narc,496,459,,24256,24300,20196,20240,44,4ed30fb0bb2b4b1719c5a22bbc31a537f52764346d078ee01de612ed20d97d11,3c3e32283e3c0c0f788304000000f600,,,,,False,,,,,,,,,,False,False
/pbr/personal.narc,/pbr/personal.narc!/member_00460,0,/pbr/personal.narc,496,460,,24300,24344,20240,20284,44,6a1a9fc53e81ad25cf714e0ae285ce269301a474b5d5978b3e82e0a01ffb1c3e,5a5c4b3c5c550c0f3cd604010000f600,,,,,False,,,,,,,,,,False,False
/pbr/personal.narc,/pbr/personal.narc!/member_00461,0,/pbr/personal.narc,496,461,,24344,24388,20284,20328,44,b2e7102117d82a842b6106cf566b044bbb233aaa42f79c9fd86f91ee7ab1d75d,4678417d2d55110f2dc744001e01d900,,,,,False,,,,,,,,,,False,False
/pbr/personal.narc,/pbr/personal.narc!/member_00462,0,/pbr/personal.narc,496,462,,24388,24432,20328,20372,44,29629e8228eac1582cdcd68b603eb775d50cc904370907c581c9df20417fb273,4646733c825a0d081ed300030000e900,,,,,False,,,,,,,,,,False,False
/pbr/personal.narc,/pbr/personal.narc!/member_00463,0,/pbr/personal.narc,496,463,,24432,24476,20372,20416,44,129526f9f89aa781e7ce41919332636b22fe16ebf3521405cc28812a6914d981,6e555f32505f00001ec1030000001701,,,,,False,,,,,,,,,,False,False
/pbr/personal.narc,/pbr/personal.narc!/member_00464,0,/pbr/personal.narc,496,464,,24476,24520,20416,20460,44,777163a3bf3f820113c189fb38e3c4c817824d819874172244a97c575f82bcd2,738c8228373704051ed90c0000000000,,,,,False,,,,,,,,,,False,False
/pbr/personal.narc,/pbr/personal.narc!/member_00465,0,/pbr/personal.narc,496,465,,24520,24564,20460,20504,44,6a889fb2bba66451949713dd3c211b0a729425b86f64e4f3dac6916fac1c84db,64647d326e320c0c1ed3200000000000,,,,,False,,,,,,,,,,False,False
/pbr/personal.narc,/pbr/personal.narc!/member_00466,0,/pbr/personal.narc,496,466,,24564,24608,20504,20548,44,53fa13603b4eb54b21c565407d4a6a3c15f83ab8430440df0b2955dd65a69d1b,4b7b435f5f550d0d1ec70c0042010000,,,,,False,,,,,,,,,,False,False
/pbr/personal.narc,/pbr/personal.narc!/member_00467,0,/pbr/personal.narc,496,467,,24608,24652,20548,20592,44,ca03786e714537daf8cea5b8e6dda87407c25627c5edcc01bbf4c543c8a5a96c,4b5f43537d5f0a0a1ec7000300004301,,,,,False,,,,,,,,,,False,False
/pbr/personal.narc,/pbr/personal.narc!/member_00468,0,/pbr/personal.narc,496,468,,24652,24696,20592,20636,44,eac17be1e30e5fd14a2de66bfc5b17857c63a2a9acfbf9cbf83f3579f7935077,55325f50787300021edc000600000000,,,,,False,,,,,,,,,,False,False
/pbr/personal.narc,/pbr/personal.narc!/member_00469,0,/pbr/personal.narc,496,469,,24696,24740,20636,20680,44,44f7437e4de6df56c27e7f3d519d1f9d17762e6853158cd0d73629c40f27d13a,564c565f743806021ec6080000000901,,,,,False,,,,,,,,,,False,False
/pbr/personal.narc,/pbr/personal.narc!/member_00470,0,/pbr/personal.narc,496,470,,24740,24784,20680,20724,44,730f233c956dc34d6c4fda049bf0e3f7580e3e908a66c576314ca4dc1a26ad03,416e825f3c410c0c2dc4200000000000,,,,,False,,,,,,,,,,False,False
/pbr/personal.narc,/pbr/personal.narc!/member_00471,0,/pbr/personal.narc,496,471,,24784,24828,20724,20768,44,172455a064273df4d755353c59683d507e412755bc7fc6b7210479861ec4530e,413c6e41825f0f0f2dc4000200000000,,,,,False,,,,,,,,,,False,False
/pbr/personal.narc,/pbr/personal.narc!/member_00472,0,/pbr/personal.narc,496,472,,24828,24872,20768,20812,44,23c87483e1d18efc87ae791a452f50183a22b02abe1a2509edc772204f928d55,4b5f7d5f2d4b04021ec0200000000000,,,,,False,,,,,,,,,,False,False
/pbr/personal.narc,/pbr/personal.narc!/member_00473,0,/pbr/personal.narc,496,473,,24872,24916,20812,20856,44,e7a89d2c7322abe616b91accdd54e8a29e84d8869be13679c470c7793fcaf052,6e825050463c0f0432cf0c0000000000,,,,,False,,,,,,,,,,False,False
/pbr/personal.narc,/pbr/personal.narc!/member_00474,0,/pbr/personal.narc,496,474,,24916,24960,20856,20900,44,5e8db45304d288c5ceb66eb6d5df2b0183ae6e44960fc5f5e9fc745388c61940,5550465a874b00001eb9000300000000,,,,,False,,,,,,,,,,False,False
/pbr/personal.narc,/pbr/personal.narc!/member_00475,0,/pbr/personal.narc,496,475,,24960,25004,20900,20944,44,8fea1a924bfa3ebe4eb5d25e78dfc2d4966d59208f17b153199ccfe78bd8ce75,447d415041730e012dd00c0000000000,,,,,False,,,,,,,,,,False,False
/pbr/personal.narc,/pbr/personal.narc!/member_00476,0,/pbr/personal.narc,496,476,,25004,25048,20944,20988,44,8a72c55f1e509402ac0aecbcc9a2f4b47046bda884c2668921dd77b4ed1ec6f4,3c3791284b9605083cc610080000ee00,,,,,False,,,,,,,,,,False,False
/pbr/personal.narc,/pbr/personal.narc!/member_00477,0,/pbr/personal.narc,496,477,,25048,25092,20988,21032,44,31f12c7a17deaa306754a086371d1c904e1d080eb221693d093fa73fcec8f65e,2d64872d418707072dd210080000c400,,,,,False,,,,,,,,,,False,False
/pbr/personal.narc,/pbr/personal.narc!/member_00478,0,/pbr/personal.narc,496,478,,25092,25136,21032,21076,44,0e1bed8a916063b63ad3e5dff54538784ab0e4dd3e09ae1513b2878c9989a0bb,4650466e50460f074bbb80000000c700,,,,,False,,,,,,,,,,False,False
/pbr/personal.narc,/pbr/personal.narc!/member_00479,0,/pbr/personal.narc,496,479,,25136,25180,21076,21120,44,91bff1afbd5faaf5674df90e57d0f4e71faf82e07b33eb6b40bea52b1a734f31,32324d5b5f4d0d072d84400100000000,,,,,False,,,,,,,,,,False,False
/pbr/personal.narc,/pbr/personal.narc!/member_00480,0,/pbr/personal.narc,496,480,,25180,25224,21120,21164,44,f86bc733958baea4448983d9d28d0dad6b42f51e254ad2fc44f1d4df25cf66c2,4b4b825f4b820e0e03d2200400000000,,,,,False,,,,,,,,,,False,False
/pbr/personal.narc,/pbr/personal.narc!/member_00481,0,/pbr/personal.narc,496,481,,25224,25268,21164,21208,44,473589f4c11d623da708fd2b81e85a042e08f547d0e9c2b949ce25ee0354a430,5069695069690e0e03d2040500000000,,,,,False,,,,,,,,,,False,False
/pbr/personal.narc,/pbr/personal.narc!/member_00482,0,/pbr/personal.narc,496,482,,25268,25312,21208,21252,44,84f739fb7a9bdf59f905f758589fc3f67c1c69e1a04182e5942d5c70d1466b1f,4b7d46737d460e0e03d2080100000000,,,,,False,,,,,,,,,,False,False
/pbr/personal.narc,/pbr/personal.narc!/member_00483,0,/pbr/personal.narc,496,483,,25312,25356,21252,21296,44,1ef6287a6b26593a18eb845ccf448fd3211764ee3837ff3747f727b433c464df,6478785a966408101edc000300000000,,,,,False,,,,,,,,,,False,False
/pbr/personal.narc,/pbr/personal.narc!/member_00484,0,/pbr/personal.narc,496,484,,25356,25400,21296,21340,44,a8527daac9dde4dda21808997491b09b39f624158f15cbbd37fc4b4d906124c7,5a78646496780b101edc000300000000,,,,,False,,,,,,,,,,False,False
/pbr/personal.narc,/pbr/personal.narc!/member_00485,0,/pbr/personal.narc,496,485,,25400,25444,21340,21384,44,4f64c58cc568b7a71520f2032e02e897353aed4316dd5a62bcabf761ae758b39,5b5a6a4d826a0a0803d7000300000000,,,,,False,,,,,,,,,,False,False
/pbr/personal.narc,/pbr/personal.narc!/member_00486,0,/pbr/personal.narc,496,486,,25444,25488,21384,21428,44,4492a31f2ff5b8173519e95db37dedbb77a39157d1911b6a4491722da09bd3c6,6ea06e64506e000003dc0c0000000000,,,,,False,,,,,,,,,,False,False
/pbr/personal.narc,/pbr/personal.narc!/member_00487,0,/pbr/personal.narc,496,487,,25488,25532,21428,21472,44,56ebbe46f4b42067d887f46557d0d1fafefa495f0dd5c43bc04b409ace3a2604,9664785a6478071003dc030000000000,,,,,False,,,,,,,,,,False,False
/pbr/personal.narc,/pbr/personal.narc!/member_00488,0,/pbr/personal.narc,496,488,,25532,25576,21472,21516,44,c48f412b646ca92f0eefbf0a03521bf944edb16b8c0969c64683a947e514648e,784678554b820e0e03d2000c00000000,,,,,False,,,,,,,,,,False,False
/pbr/personal.narc,/pbr/personal.narc!/member_00489,0,/pbr/personal.narc,496,489,,25576,25620,21516,21560,44,8907cd4ded395b03dbfb8854c5653d0723dceb82bbfbceb90ccb28f942b24837,5050505050500b0b1ea5010000000000,,,,,False,,,,,,,,,,False,False
/pbr/personal.narc,/pbr/personal.narc!/member_00490,0,/pbr/personal.narc,496,490,,25620,25664,21560,21604,44,0b65cf027c2b7290056f803e4ddd86a534c3940f07c2cd52be67c1dd24b33f25,6464646464640b0b03d7030000000000,,,,,False,,,,,,,,,,False,False
/pbr/personal.narc,/pbr/personal.narc!/member_00491,0,/pbr/personal.narc,496,491,,25664,25708,21604,21648,44,bec151e49815c296ef31c7e3d3b0e5af45bae40ec3cf43081361675258204c26,465a5a7d875a111103d2400200000000,,,,,False,,,,,,,,,,False,False
/pbr/personal.narc,/pbr/personal.narc!/member_00492,0,/pbr/personal.narc,496,492,,25708,25752,21648,21692,44,898daf02c15d1ba34ad1c6da8288a5a190b2b88e58960754f2c74f0343b463b0,6464646464640c0c2d4003009d009d00,,,,,False,,,,,,,,,,False,False
/pbr/personal.narc,/pbr/personal.narc!/member_00493,0,/pbr/personal.narc,496,493,,25752,25796,21692,21736,44,50e7b0f8e9ec70e59d60c4319bbc00c1f4a5a5723092e1b5ad434ea57cf9ddb7,787878787878000003ff030000000000,,,,,False,,,,,,,,,,False,False
/pbr/personal.narc,/pbr/personal.narc!/member_00494,0,/pbr/personal.narc,496,494,,25796,25840,21736,21780,44,e963cfa61fe63fdbf3e759d2f05b797dc56263b1e352c286cc8efe3db85f0a05,0a0a0a0a0a0a000003ff000000000000,,,,,False,,,,,,,,,,False,False
/pbr/personal.narc,/pbr/personal.narc!/member_00495,0,/pbr/personal.narc,496,495,,25840,25884,21780,21824,44,e963cfa61fe63fdbf3e759d2f05b797dc56263b1e352c286cc8efe3db85f0a05,0a0a0a0a0a0a000003ff000000000000,,,,,False,,,,,,,,,,False,False
/pbr/personal.narc,/pbr/personal.narc!/member_00496,0,/pbr/personal.narc,496,496,,25884,25928,21824,21868,44,9bdce52ebd096135a70d0212ecf446cbeeb7506c6597cecaf30bf3e92e65493c,32b41496b4140e0e03d7080100000000,,,,,False,,,,,,,,,,False,False
/pbr/personal.narc,/pbr/personal.narc!/member_00497,0,/pbr/personal.narc,496,497,,25928,25972,21868,21912,44,b374a6d36a048f743d0d17d6a69f572b433ff2a12f77bb76afc67241168067fe,3246a05a46a00e0e03d7200400000000,,,,,False,,,,,,,,,,False,False
/pbr/personal.narc,/pbr/personal.narc!/member_00498,0,/pbr/personal.narc,496,498,,25972,26016,21912,21956,44,98402bf2187fd08c3e3ad6d3c085663027f49ff98a233e794e71a777a072dd37,325f5ab45f5a0e0e03d7c00000000000,,,,,False,,,,,,,,,,False,False
/pbr/personal.narc,/pbr/personal.narc!/member_00499,0,/pbr/personal.narc,496,499,,26016,26060,21956,22000,44,071a8cc4ae5baa1d1767af1d0dd61ab1660c30032c9528b8344ebddf354cf809,3c4f69243b5506042d9f20000000de00,,,,,False,,,,,,,,,,False,False
/pbr/personal.narc,/pbr/personal.narc!/member_00500,0,/pbr/personal.narc,496,500,,26060,26104,22000,22044,44,69f25366c2e6d8a3581ad1962b018ad12e1d369c54c72886efa34b1b726045d5,3c455f24455f06082d9f10040000de00,,,,,False,,,,,,,,,,False,False
/pbr/plist_gra.narc,/pbr/plist_gra.narc!/member_00000,0,/pbr/plist_gra.narc,497,0,,244,398,0,154,154,53d8003155752aef909e602429463b97160b13b7f7aaabfcc4e799503e41ab86,524e414efffe00019a00000010000300,,NANR animation,Confirmed,True,False,,,,,,,,,,False,False
/pbr/plist_gra.narc,/pbr/plist_gra.narc!/member_00001,0,/pbr/plist_gra.narc,497,1,,400,542,156,298,142,366eee3bf3cdfe80ac3a383ef8600120264d29f5ace77e2acc530e2c0a9cb9e9,5245434efffe00018e00000010000300,,NCER cell,Confirmed,True,False,,,,,,,,,,False,False
/pbr/plist_gra.narc,/pbr/plist_gra.narc!/member_00002,0,/pbr/plist_gra.narc,497,2,,544,1616,300,1372,1072,1290da34fb34576257e3851e50c6489bd10f8592c3b76aa42282115e6492b86c,5247434efffe01013004000010000100,,NCGR graphics,Confirmed,True,False,,,,,,,,,,False,False
/pbr/plist_gra.narc,/pbr/plist_gra.narc!/member_00003,0,/pbr/plist_gra.narc,497,3,,1616,4240,1372,3996,2624,96ed56b5007f974d93513a727a25af4fc244c69694af096a2dd4cc8afc4bcc3c,5247434efffe0101400a000010000200,,NCGR graphics,Confirmed,True,False,,,,,,,,,,False,False
/pbr/plist_gra.narc,/pbr/plist_gra.narc!/member_00004,0,/pbr/plist_gra.narc,497,4,,4240,4792,3996,4548,552,369f5579d706b3ae170a44ca6a3536b21d998258a1a1de57673d2ddd1e42ed35,524c434efffe00012802000010000100,,NCLR palette,Confirmed,True,False,,,,,,,,,,False,False
/pbr/plist_gra.narc,/pbr/plist_gra.narc!/member_00005,0,/pbr/plist_gra.narc,497,5,,4792,5032,4548,4788,240,5f66081cd47afde0c6cbe141dbc27a9d046ce7c8b2fdfb6f656219872ecaa17d,524e414efffe0001f000000010000300,,NANR animation,Confirmed,True,False,,,,,,,,,,False,False
/pbr/plist_gra.narc,/pbr/plist_gra.narc!/member_00006,0,/pbr/plist_gra.narc,497,6,,5032,5368,4788,5124,336,02bf1fd5ed12acd69b03487ba949e5ee18d39a917862d447cede2aefc77b7c1a,5245434efffe00015001000010000300,,NCER cell,Confirmed,True,False,,,,,,,,,,False,False
/pbr/plist_gra.narc,/pbr/plist_gra.narc!/member_00007,0,/pbr/plist_gra.narc,497,7,,5368,14632,5124,14388,9264,4d2da64f491bbfda3aea81dd9d61c9361efa5dfcd32c8402cf901fce0f8ef175,5247434efffe01013024000010000100,,NCGR graphics,Confirmed,True,False,,,,,,,,,,False,False
/pbr/plist_gra.narc,/pbr/plist_gra.narc!/member_00008,0,/pbr/plist_gra.narc,497,8,,14632,15184,14388,14940,552,ad4b93165883189056d93937f5164bed1b30d925b7c591b7d21c0ed61fc86285,524c434efffe00012802000010000100,,NCLR palette,Confirmed,True,False,,,,,,,,,,False,False
/pbr/plist_gra.narc,/pbr/plist_gra.narc!/member_00009,0,/pbr/plist_gra.narc,497,9,,15184,15424,14940,15180,240,5f66081cd47afde0c6cbe141dbc27a9d046ce7c8b2fdfb6f656219872ecaa17d,524e414efffe0001f000000010000300,,NANR animation,Confirmed,True,False,,,,,,,,,,False,False
/pbr/plist_gra.narc,/pbr/plist_gra.narc!/member_00010,0,/pbr/plist_gra.narc,497,10,,15424,15712,15180,15468,288,4809f9ccd48e9cc7f80a926c1d6cd18e16ae972ebbd589db498f842b3460aa37,5245434efffe00012001000010000300,,NCER cell,Confirmed,True,False,,,,,,,,,,False,False
/pbr/plist_gra.narc,/pbr/plist_gra.narc!/member_00011,0,/pbr/plist_gra.narc,497,11,,15712,17680,15468,17436,1968,135bde8980cf7799c599d18490e9a068d17633616f9330b1e03dd070e0458d94,5247434efffe0101b007000010000100,,NCGR graphics,Confirmed,True,False,,,,,,,,,,False,False
/pbr/plist_gra.narc,/pbr/plist_gra.narc!/member_00012,0,/pbr/plist_gra.narc,497,12,,17680,25936,17436,25692,8256,abd2af3fdb103493f3c8747639eb83eb72f90b0f7697c117884648bce61a4895,5247434efffe01014020000010000200,,NCGR graphics,Confirmed,True,False,,,,,,,,,,False,False
/pbr/plist_gra.narc,/pbr/plist_gra.narc!/member_00013,0,/pbr/plist_gra.narc,497,13,,25936,26488,25692,26244,552,b4cfe44fd0aefa26ee7e2e029ddc689e9ba7aa9fa7caf7b54b6b01da3799a84d,524c434efffe00012802000010000100,,NCLR palette,Confirmed,True,False,,,,,,,,,,False,False
/pbr/plist_gra.narc,/pbr/plist_gra.narc!/member_00014,0,/pbr/plist_gra.narc,497,14,,26488,28572,26244,28328,2084,0a9de3b0d970313841f8f16f41415fe41bf5de879489adb491d24d9d24d7ec29,5243534efffe00012408000010000100,,NSCR screen map,Confirmed,True,False,,,,,,,,,,False,False
/pbr/plist_gra.narc,/pbr/plist_gra.narc!/member_00015,0,/pbr/plist_gra.narc,497,15,,28572,33756,28328,33512,5184,9916abedb587b9e536b4044ea1de042b14ab119d8e4bf1c160f7e8f5ca61b9a4,5247434efffe01014014000010000200,,NCGR graphics,Confirmed,True,False,,,,,,,,,,False,False
/pbr/plist_gra.narc,/pbr/plist_gra.narc!/member_00016,0,/pbr/plist_gra.narc,497,16,,33756,34308,33512,34064,552,9638f55643adcd849992416dc78d9255fc29052d3ca25bc491b886f55998e667,524c434efffe00012802000010000100,,NCLR palette,Confirmed,True,False,,,,,,,,,,False,False
/pbr/plist_gra.narc,/pbr/plist_gra.narc!/member_00017,0,/pbr/plist_gra.narc,497,17,,34308,36392,34064,36148,2084,d4b39bad93eaacd7dcceb1b52e4c1a5b8d4ea64ef81b9e1921a6c19144af1605,5243534efffe00012408000010000100,,NSCR screen map,Confirmed,True,False,,,,,,,,,,False,False
/pbr/plist_gra.narc,/pbr/plist_gra.narc!/member_00018,0,/pbr/plist_gra.narc,497,18,,36392,36589,36148,36345,197,e124537f5539606d44c2acac27dd64082aeb95f25729f955a9bce532eca8f209,524e414efffe0001c500000010000300,,NANR animation,Confirmed,True,False,,,,,,,,,,False,False
/pbr/plist_gra.narc,/pbr/plist_gra.narc!/member_00019,0,/pbr/plist_gra.narc,497,19,,36592,36773,36348,36529,181,cd6ca7c577e6b08570a6b77c34c328cdd570dc6ae0f5cbb83dcad560e4afe310,5245434efffe0001b500000010000300,,NCER cell,Confirmed,True,False,,,,,,,,,,False,False
/pbr/plist_gra.narc,/pbr/plist_gra.narc!/member_00020,0,/pbr/plist_gra.narc,497,20,,36776,36920,36532,36676,144,c86908497ffe670459ca6cab1e16fb104a4f7e1560af10cacd0a9613fc1160d7,5247434efffe01019000000010000100,,NCGR graphics,Confirmed,True,False,,,,,,,,,,False,False
/pbr/plist_gra.narc,/pbr/plist_gra.narc!/member_00021,0,/pbr/plist_gra.narc,497,21,,36920,37472,36676,37228,552,d0f9b2a2f3f1e8e896023351af63edfe69fa0dd9d12d92177a6e7ab7ed69fca8,524c434efffe00012802000010000100,,NCLR palette,Confirmed,True,False,,,,,,,,,,False,False
/pbr/plist_gra.narc,/pbr/plist_gra.narc!/member_00022,0,/pbr/plist_gra.narc,497,22,,37472,39556,37228,39312,2084,73dd3fd194d7c351e7d8e51d0bde6d4ccb9cdb36d9e7541ca27881bbeb8466a5,5243534efffe00012408000010000100,,NSCR screen map,Confirmed,True,False,,,,,,,,,,False,False
/pbr/plist_gra.narc,/pbr/plist_gra.narc!/member_00023,0,/pbr/plist_gra.narc,497,23,,39556,40108,39312,39864,552,06ca9135697cbfcf8555117308985d65e4f6c3aad2abda2bdde25ea762dcbc04,524c434efffe00012802000010000100,,NCLR palette,Confirmed,True,False,,,,,,,,,,False,False
/pbr/poke_anm.narc,/pbr/poke_anm.narc!/member_00000,0,/pbr/poke_anm.narc,498,0,,1124,1256,0,132,132,6b143942071b4a09711ae8f64ca3717fc2e8b0e56f5928ee9fa20180d7fc1873,190000001b0000001b00000018000000,,,,,False,,,,,,,,,,False,False
/pbr/poke_anm.narc,/pbr/poke_anm.narc!/member_00001,0,/pbr/poke_anm.narc,498,1,,1256,1300,132,176,44,dbc50d59bb9a28c09e8a49f0de7b31b789a6e286bf85debd913370162c643d55,1a00000018000000000000001e000000,,,,,False,,,,,,,,,,False,False
/pbr/poke_anm.narc,/pbr/poke_anm.narc!/member_00002,0,/pbr/poke_anm.narc,498,2,,1300,1396,176,272,96,2c9d5d53ae267539c41a60ca53efe78bf5c4a2912dc732119befd14920ea2c6f,190000001d0000001b00000018000000,,,,,False,,,,,,,,,,False,False
/pbr/poke_anm.narc,/pbr/poke_anm.narc!/member_00003,0,/pbr/poke_anm.narc,498,3,,1396,1676,272,552,280,82125b6b1121b8910cca8e621a6a5f986d4308da33917f1a5a2d61364205ec55,0400000000000000000000000b000000,,,,,False,,,,,,,,,,False,False
/pbr/poke_anm.narc,/pbr/poke_anm.narc!/member_00004,0,/pbr/poke_anm.narc,498,4,,1676,1808,552,684,132,da571814f202aae2b085e33e5813f1cff372c7dc4a550c19197faed56925f7c3,190000001b0000001b00000018000000,,,,,False,,,,,,,,,,False,False
/pbr/poke_anm.narc,/pbr/poke_anm.narc!/member_00005,0,/pbr/poke_anm.narc,498,5,,1808,1852,684,728,44,08c161287eae41171376ff3c147bd18aeb18b636a73bc4873b2a9b6627d8f213,1a00000018000000000000001e000000,,,,,False,,,,,,,,,,False,False
/pbr/poke_anm.narc,/pbr/poke_anm.narc!/member_00006,0,/pbr/poke_anm.narc,498,6,,1852,1948,728,824,96,21cc97a846057862db1be5c1f6019e96c12c8c8507033655da0736c79c152cb0,0b000000020000001a00000018000000,,,,,False,,,,,,,,,,False,False
/pbr/poke_anm.narc,/pbr/poke_anm.narc!/member_00007,0,/pbr/poke_anm.narc,498,7,,1948,2324,824,1200,376,13366fb628bc4a76c9578b750d84a66d29a4a726c7acb6ab7b94a99a83eb0bad,1d000000180000000000000023000000,,,,,False,,,,,,,,,,False,False
/pbr/poke_anm.narc,/pbr/poke_anm.narc!/member_00008,0,/pbr/poke_anm.narc,498,8,,2324,2368,1200,1244,44,c241deea641d07478bdaffc594cc74dafa38ce3edce543c0255830765ddf6486,1b000000180000000000000020000000,,,,,False,,,,,,,,,,False,False
/pbr/poke_anm.narc,/pbr/poke_anm.narc!/member_00009,0,/pbr/poke_anm.narc,498,9,,2368,2448,1244,1324,80,6adb9e38d6d8b6a8ebc512b71ab36d8267941c9cd7cca41866fb0f185decf2f5,1b000000180000000000000020000000,,,,,False,,,,,,,,,,False,False
/pbr/poke_anm.narc,/pbr/poke_anm.narc!/member_00010,0,/pbr/poke_anm.narc,498,10,,2448,3176,1324,2052,728,34ab046145a7e3b22d0bc79eb52c78471b2a35f85f9ffeb5973b01a38523ede4,1b000000180000000000000020000000,,,,,False,,,,,,,,,,False,False
/pbr/poke_anm.narc,/pbr/poke_anm.narc!/member_00011,0,/pbr/poke_anm.narc,498,11,,3176,3568,2052,2444,392,7c416d09330c7ccb19e5065b9c99855720b0e2e288e632cb50e877478510299c,1d000000180000000000000023000000,,,,,False,,,,,,,,,,False,False
/pbr/poke_anm.narc,/pbr/poke_anm.narc!/member_00012,0,/pbr/poke_anm.narc,498,12,,3568,4296,2444,3172,728,a051c0d20c7ac05e2d744b2be1ee66c74210dc63ee0631d523d0674b65023d29,1b000000180000000000000020000000,,,,,False,,,,,,,,,,False,False
/pbr/poke_anm.narc,/pbr/poke_anm.narc!/member_00013,0,/pbr/poke_anm.narc,498,13,,4296,4376,3172,3252,80,6f9114f2ce988b8f8c6e04155f9e32d333178bdc89425fdd1f8dd3b1f83e34b4,1b000000180000000000000020000000,,,,,False,,,,,,,,,,False,False
/pbr/poke_anm.narc,/pbr/poke_anm.narc!/member_00014,0,/pbr/poke_anm.narc,498,14,,4376,4788,3252,3664,412,61f165d8f7afe7660466e2df3a94c2102d98973d5e4daf5a5a57ea2a70f9213e,04000000000000000000000004000000,,,,,False,,,,,,,,,,False,False
/pbr/poke_anm.narc,/pbr/poke_anm.narc!/member_00015,0,/pbr/poke_anm.narc,498,15,,4788,4936,3664,3812,148,6e17715dc258e621bac927ea66646d5ebc2886532cc333d54021a77e32ce58d6,04000000010000000000000004000000,,,,,False,,,,,,,,,,False,False
/pbr/poke_anm.narc,/pbr/poke_anm.narc!/member_00016,0,/pbr/poke_anm.narc,498,16,,4936,4980,3812,3856,44,94bc969842b69ddb422ee819b39ee1d22bade846a3c30f2219145b12fe46d6b2,1b000000180000000000000020000000,,,,,False,,,,,,,,,,False,False
/pbr/poke_anm.narc,/pbr/poke_anm.narc!/member_00017,0,/pbr/poke_anm.narc,498,17,,4980,5060,3856,3936,80,ec3885fb610cf16c704d8eaef1d14c747fb63c5b1c763455bb8ce31eed396f58,1b000000180000000000000020000000,,,,,False,,,,,,,,,,False,False
/pbr/poke_anm.narc,/pbr/poke_anm.narc!/member_00018,0,/pbr/poke_anm.narc,498,18,,5060,5140,3936,4016,80,94aabd4325039bd74073621ec75feb2d11b409c9a2ebf72e9f10a3bb7ce31034,1b00000018000000000000001e000000,,,,,False,,,,,,,,,,False,False
/pbr/poke_anm.narc,/pbr/poke_anm.narc!/member_00019,0,/pbr/poke_anm.narc,498,19,,5140,5332,4016,4208,192,0d5c6217febc5f54905650506b281dea9a09d3aaaa173120e1fde15c6f9b06e9,1f000000030000002000000010000000,,,,,False,,,,,,,,,,False,False
/pbr/poke_anm.narc,/pbr/poke_anm.narc!/member_00020,0,/pbr/poke_anm.narc,498,20,,5332,5412,4208,4288,80,7288e9fe92585dd30c47996e9f812046507fee8c61527fead96f2eb3c33ce0bd,1b000000180000000000000021000000,,,,,False,,,,,,,,,,False,False
/pbr/poke_anm.narc,/pbr/poke_anm.narc!/member_00021,0,/pbr/poke_anm.narc,498,21,,5412,5508,4288,4384,96,995fe156b9f3148c72b9afe28dfcb3ffbc6bdc051552fe7252567b655ba42863,190000001b0000001b00000018000000,,,,,False,,,,,,,,,,False,False
/pbr/poke_anm.narc,/pbr/poke_anm.narc!/member_00022,0,/pbr/poke_anm.narc,498,22,,5508,5588,4384,4464,80,f445cf5d4ed1baeca12d2377b5ba55772504ef8f5f390fa51d8837a5dce2952f,1b00000018000000000000001e000000,,,,,False,,,,,,,,,,False,False
/pbr/poke_anm.narc,/pbr/poke_anm.narc!/member_00023,0,/pbr/poke_anm.narc,498,23,,5588,6316,4464,5192,728,2d08b7b245422c06c7b7dae0f959643d91e024eefc10585a8ff845a3179d6539,1b000000180000000000000020000000,,,,,False,,,,,,,,,,False,False
/pbr/poke_anm.narc,/pbr/poke_anm.narc!/member_00024,0,/pbr/poke_anm.narc,498,24,,6316,6448,5192,5324,132,6b143942071b4a09711ae8f64ca3717fc2e8b0e56f5928ee9fa20180d7fc1873,190000001b0000001b00000018000000,,,,,False,,,,,,,,,,False,False
/pbr/poke_anm.narc,/pbr/poke_anm.narc!/member_00025,0,/pbr/poke_anm.narc,498,25,,6448,6580,5324,5456,132,6b143942071b4a09711ae8f64ca3717fc2e8b0e56f5928ee9fa20180d7fc1873,190000001b0000001b00000018000000,,,,,False,,,,,,,,,,False,False
/pbr/poke_anm.narc,/pbr/poke_anm.narc!/member_00026,0,/pbr/poke_anm.narc,498,26,,6580,6712,5456,5588,132,6b143942071b4a09711ae8f64ca3717fc2e8b0e56f5928ee9fa20180d7fc1873,190000001b0000001b00000018000000,,,,,False,,,,,,,,,,False,False
/pbr/poke_anm.narc,/pbr/poke_anm.narc!/member_00027,0,/pbr/poke_anm.narc,498,27,,6712,6844,5588,5720,132,6b143942071b4a09711ae8f64ca3717fc2e8b0e56f5928ee9fa20180d7fc1873,190000001b0000001b00000018000000,,,,,False,,,,,,,,,,False,False
/pbr/poke_anm.narc,/pbr/poke_anm.narc!/member_00028,0,/pbr/poke_anm.narc,498,28,,6844,6976,5720,5852,132,6b143942071b4a09711ae8f64ca3717fc2e8b0e56f5928ee9fa20180d7fc1873,190000001b0000001b00000018000000,,,,,False,,,,,,,,,,False,False
/pbr/poke_anm.narc,/pbr/poke_anm.narc!/member_00029,0,/pbr/poke_anm.narc,498,29,,6976,7108,5852,5984,132,6b143942071b4a09711ae8f64ca3717fc2e8b0e56f5928ee9fa20180d7fc1873,190000001b0000001b00000018000000,,,,,False,,,,,,,,,,False,False
/pbr/poke_anm.narc,/pbr/poke_anm.narc!/member_00030,0,/pbr/poke_anm.narc,498,30,,7108,7240,5984,6116,132,6b143942071b4a09711ae8f64ca3717fc2e8b0e56f5928ee9fa20180d7fc1873,190000001b0000001b00000018000000,,,,,False,,,,,,,,,,False,False
/pbr/poke_anm.narc,/pbr/poke_anm.narc!/member_00031,0,/pbr/poke_anm.narc,498,31,,7240,7372,6116,6248,132,6b143942071b4a09711ae8f64ca3717fc2e8b0e56f5928ee9fa20180d7fc1873,190000001b0000001b00000018000000,,,,,False,,,,,,,,,,False,False
/pbr/poke_anm.narc,/pbr/poke_anm.narc!/member_00032,0,/pbr/poke_anm.narc,498,32,,7372,7504,6248,6380,132,6b143942071b4a09711ae8f64ca3717fc2e8b0e56f5928ee9fa20180d7fc1873,190000001b0000001b00000018000000,,,,,False,,,,,,,,,,False,False
/pbr/poke_anm.narc,/pbr/poke_anm.narc!/member_00033,0,/pbr/poke_anm.narc,498,33,,7504,7636,6380,6512,132,6b143942071b4a09711ae8f64ca3717fc2e8b0e56f5928ee9fa20180d7fc1873,190000001b0000001b00000018000000,,,,,False,,,,,,,,,,False,False
/pbr/poke_anm.narc,/pbr/poke_anm.narc!/member_00034,0,/pbr/poke_anm.narc,498,34,,7636,7768,6512,6644,132,6b143942071b4a09711ae8f64ca3717fc2e8b0e56f5928ee9fa20180d7fc1873,190000001b0000001b00000018000000,,,,,False,,,,,,,,,,False,False
/pbr/poke_anm.narc,/pbr/poke_anm.narc!/member_00035,0,/pbr/poke_anm.narc,498,35,,7768,7900,6644,6776,132,6b143942071b4a09711ae8f64ca3717fc2e8b0e56f5928ee9fa20180d7fc1873,190000001b0000001b00000018000000,,,,,False,,,,,,,,,,False,False
/pbr/poke_anm.narc,/pbr/poke_anm.narc!/member_00036,0,/pbr/poke_anm.narc,498,36,,7900,8032,6776,6908,132,6b143942071b4a09711ae8f64ca3717fc2e8b0e56f5928ee9fa20180d7fc1873,190000001b0000001b00000018000000,,,,,False,,,,,,,,,,False,False
/pbr/poke_anm.narc,/pbr/poke_anm.narc!/member_00037,0,/pbr/poke_anm.narc,498,37,,8032,8164,6908,7040,132,6b143942071b4a09711ae8f64ca3717fc2e8b0e56f5928ee9fa20180d7fc1873,190000001b0000001b00000018000000,,,,,False,,,,,,,,,,False,False
/pbr/poke_anm.narc,/pbr/poke_anm.narc!/member_00038,0,/pbr/poke_anm.narc,498,38,,8164,8296,7040,7172,132,6b143942071b4a09711ae8f64ca3717fc2e8b0e56f5928ee9fa20180d7fc1873,190000001b0000001b00000018000000,,,,,False,,,,,,,,,,False,False
/pbr/poke_anm.narc,/pbr/poke_anm.narc!/member_00039,0,/pbr/poke_anm.narc,498,39,,8296,8428,7172,7304,132,6b143942071b4a09711ae8f64ca3717fc2e8b0e56f5928ee9fa20180d7fc1873,190000001b0000001b00000018000000,,,,,False,,,,,,,,,,False,False
/pbr/poke_anm.narc,/pbr/poke_anm.narc!/member_00040,0,/pbr/poke_anm.narc,498,40,,8428,8560,7304,7436,132,6b143942071b4a09711ae8f64ca3717fc2e8b0e56f5928ee9fa20180d7fc1873,190000001b0000001b00000018000000,,,,,False,,,,,,,,,,False,False
/pbr/poke_anm.narc,/pbr/poke_anm.narc!/member_00041,0,/pbr/poke_anm.narc,498,41,,8560,8692,7436,7568,132,6b143942071b4a09711ae8f64ca3717fc2e8b0e56f5928ee9fa20180d7fc1873,190000001b0000001b00000018000000,,,,,False,,,,,,,,,,False,False
/pbr/poke_anm.narc,/pbr/poke_anm.narc!/member_00042,0,/pbr/poke_anm.narc,498,42,,8692,8824,7568,7700,132,6b143942071b4a09711ae8f64ca3717fc2e8b0e56f5928ee9fa20180d7fc1873,190000001b0000001b00000018000000,,,,,False,,,,,,,,,,False,False
/pbr/poke_anm.narc,/pbr/poke_anm.narc!/member_00043,0,/pbr/poke_anm.narc,498,43,,8824,8956,7700,7832,132,6b143942071b4a09711ae8f64ca3717fc2e8b0e56f5928ee9fa20180d7fc1873,190000001b0000001b00000018000000,,,,,False,,,,,,,,,,False,False
/pbr/poke_anm.narc,/pbr/poke_anm.narc!/member_00044,0,/pbr/poke_anm.narc,498,44,,8956,9088,7832,7964,132,6b143942071b4a09711ae8f64ca3717fc2e8b0e56f5928ee9fa20180d7fc1873,190000001b0000001b00000018000000,,,,,False,,,,,,,,,,False,False
/pbr/poke_anm.narc,/pbr/poke_anm.narc!/member_00045,0,/pbr/poke_anm.narc,498,45,,9088,9220,7964,8096,132,6b143942071b4a09711ae8f64ca3717fc2e8b0e56f5928ee9fa20180d7fc1873,190000001b0000001b00000018000000,,,,,False,,,,,,,,,,False,False
/pbr/poke_anm.narc,/pbr/poke_anm.narc!/member_00046,0,/pbr/poke_anm.narc,498,46,,9220,9352,8096,8228,132,6b143942071b4a09711ae8f64ca3717fc2e8b0e56f5928ee9fa20180d7fc1873,190000001b0000001b00000018000000,,,,,False,,,,,,,,,,False,False
/pbr/poke_anm.narc,/pbr/poke_anm.narc!/member_00047,0,/pbr/poke_anm.narc,498,47,,9352,9484,8228,8360,132,6b143942071b4a09711ae8f64ca3717fc2e8b0e56f5928ee9fa20180d7fc1873,190000001b0000001b00000018000000,,,,,False,,,,,,,,,,False,False
/pbr/poke_anm.narc,/pbr/poke_anm.narc!/member_00048,0,/pbr/poke_anm.narc,498,48,,9484,9616,8360,8492,132,6b143942071b4a09711ae8f64ca3717fc2e8b0e56f5928ee9fa20180d7fc1873,190000001b0000001b00000018000000,,,,,False,,,,,,,,,,False,False
/pbr/poke_anm.narc,/pbr/poke_anm.narc!/member_00049,0,/pbr/poke_anm.narc,498,49,,9616,9748,8492,8624,132,6b143942071b4a09711ae8f64ca3717fc2e8b0e56f5928ee9fa20180d7fc1873,190000001b0000001b00000018000000,,,,,False,,,,,,,,,,False,False
/pbr/poke_anm.narc,/pbr/poke_anm.narc!/member_00050,0,/pbr/poke_anm.narc,498,50,,9748,9896,8624,8772,148,e183392b998ff6f80653f21ad216de9e89068108fb3e5ec16e4bd460dfbee675,04000000010000000000000004000000,,,,,False,,,,,,,,,,False,False
/pbr/poke_anm.narc,/pbr/poke_anm.narc!/member_00051,0,/pbr/poke_anm.narc,498,51,,9896,10044,8772,8920,148,43907e9d76355f6bb54ddd0ba09efa17eed03279a5a340bd8bd6bde6c40ed068,04000000010000000000000004000000,,,,,False,,,,,,,,,,False,False
/pbr/poke_anm.narc,/pbr/poke_anm.narc!/member_00052,0,/pbr/poke_anm.narc,498,52,,10044,10192,8920,9068,148,6e17715dc258e621bac927ea66646d5ebc2886532cc333d54021a77e32ce58d6,04000000010000000000000004000000,,,,,False,,,,,,,,,,False,False
/pbr/poke_anm.narc,/pbr/poke_anm.narc!/member_00053,0,/pbr/poke_anm.narc,498,53,,10192,10236,9068,9112,44,6dbb56e69f030dbeffdc933d64cf73587050008fc230a244a4430d3d2135c3d9,1b00000018000000000000001e000000,,,,,False,,,,,,,,,,False,False
/pbr/poke_anm.narc,/pbr/poke_anm.narc!/member_00054,0,/pbr/poke_anm.narc,498,54,,10236,10280,9112,9156,44,9f76e1cea6d7913dc58a6aac2fcaa9f12362a667419bcae3e04bf76cd9ec9646,1b00000018000000000000001e000000,,,,,False,,,,,,,,,,False,False
/pbr/poke_anm.narc,/pbr/poke_anm.narc!/member_00055,0,/pbr/poke_anm.narc,498,55,,10280,10324,9156,9200,44,160320ee9a04d3e4d3908c7a233a802dc80cb913c7942c70e42389dd81ec52d8,1b00000018000000000000001e000000,,,,,False,,,,,,,,,,False,False
/pbr/poke_anm.narc,/pbr/poke_anm.narc!/member_00056,0,/pbr/poke_anm.narc,498,56,,10324,10368,9200,9244,44,6f620d3984b93140056ced5ead8cf289eaca52af6281bf116cbe93db2f138d3b,1b000000180000000000000020000000,,,,,False,,,,,,,,,,False,False
/pbr/poke_anm.narc,/pbr/poke_anm.narc!/member_00057,0,/pbr/poke_anm.narc,498,57,,10368,10412,9244,9288,44,4fe1f4b442b8d26279acff0ca8ee5442e25eb6c13e70cbc85c205b833a0817ba,1b00000018000000000000001e000000,,,,,False,,,,,,,,,,False,False
/pbr/poke_anm.narc,/pbr/poke_anm.narc!/member_00058,0,/pbr/poke_anm.narc,498,58,,10412,10456,9288,9332,44,2786c66ecd9d6a998a806eca265c1db858ba5909cdc1bc117b3ab2c72e139ecf,1b00000018000000000000001e000000,,,,,False,,,,,,,,,,False,False
/pbr/poke_anm.narc,/pbr/poke_anm.narc!/member_00059,0,/pbr/poke_anm.narc,498,59,,10456,10500,9332,9376,44,2011e4604e18371a6bf4ca9a21ed399e4be1982b796fbe0f689efaf2804e16ba,1b00000018000000000000001e000000,,,,,False,,,,,,,,,,False,False
/pbr/poke_anm.narc,/pbr/poke_anm.narc!/member_00060,0,/pbr/poke_anm.narc,498,60,,10500,10544,9376,9420,44,25ae98100ffd435179e977340c2acba1c0eab3e086305ce0251fae19448f6ee9,1b00000018000000000000001e000000,,,,,False,,,,,,,,,,False,False
/pbr/poke_anm.narc,/pbr/poke_anm.narc!/member_00061,0,/pbr/poke_anm.narc,498,61,,10544,10588,9420,9464,44,4e8520afa99a8144ebae9dc634d45a1f3c85a71ccc8f330fc0de865e9854b761,1b00000018000000000000001e000000,,,,,False,,,,,,,,,,False,False
/pbr/poke_anm.narc,/pbr/poke_anm.narc!/member_00062,0,/pbr/poke_anm.narc,498,62,,10588,10680,9464,9556,92,8cfdfea5ae9f3954dfd0fbbe1eefe1a59a073542bb6bf74f29df691b8847f1eb,0b000000020000001b00000018000000,,,,,False,,,,,,,,,,False,False
/pbr/poke_anm.narc,/pbr/poke_anm.narc!/member_00063,0,/pbr/poke_anm.narc,498,63,,10680,10760,9556,9636,80,d4527edbe207ec0d1202e43e5295783c06b020bf162b40768cbea30691be5964,1b00000018000000000000001e000000,,,,,False,,,,,,,,,,False,False
/pbr/poke_anm.narc,/pbr/poke_anm.narc!/member_00064,0,/pbr/poke_anm.narc,498,64,,10760,10840,9636,9716,80,27a39cf1b469ba8e10c9e4c20bbc7b76132ca898f5f24783e78500730be5231f,1b00000018000000000000001e000000,,,,,False,,,,,,,,,,False,False
/pbr/poke_anm.narc,/pbr/poke_anm.narc!/member_00065,0,/pbr/poke_anm.narc,498,65,,10840,10932,9716,9808,92,741da87e2b059825483bdeff965498ca14a8f3e777969f6102c4c5f4bc382fa6,0b000000020000001b00000018000000,,,,,False,,,,,,,,,,False,False
/pbr/poke_anm.narc,/pbr/poke_anm.narc!/member_00066,0,/pbr/poke_anm.narc,498,66,,10932,11012,9808,9888,80,e5375fa96b7f7265c54b89a8f0802c909c04df2f1ee050feb4f35292c1ad36c9,1b00000018000000000000001e000000,,,,,False,,,,,,,,,,False,False
/pbr/poke_anm.narc,/pbr/poke_anm.narc!/member_00067,0,/pbr/poke_anm.narc,498,67,,11012,11092,9888,9968,80,2804ac8149e0210b4134abf0197a098ce645e973c9d2ef7e563a53d7cc89fd23,1b00000018000000000000001e000000,,,,,False,,,,,,,,,,False,False
/pbr/poke_anm.narc,/pbr/poke_anm.narc!/member_00068,0,/pbr/poke_anm.narc,498,68,,11092,11256,9968,10132,164,630fd65ca3b89bcc56486b1f759ba2ca214b042c3d3646b84ea966e80af277e2,0b000000020000001b00000018000000,,,,,False,,,,,,,,,,False,False
/pbr/poke_anm.narc,/pbr/poke_anm.narc!/member_00069,0,/pbr/poke_anm.narc,498,69,,11256,11408,10132,10284,152,9bf1adeeff18b0bebe06a6e6c4e354557195a2a325a338bf3c469c4b13a245a5,1b00000018000000000000001e000000,,,,,False,,,,,,,,,,False,False
/pbr/poke_anm.narc,/pbr/poke_anm.narc!/member_00070,0,/pbr/poke_anm.narc,498,70,,11408,11560,10284,10436,152,b1b7b51f707516ce20ae0690324b55360d4ac48acd08e8d008d1ff3b486231ed,1b00000018000000000000001e000000,,,,,False,,,,,,,,,,False,False
/pbr/poke_anm.narc,/pbr/poke_anm.narc!/member_00071,0,/pbr/poke_anm.narc,498,71,,11560,11972,10436,10848,412,95b62d44b065f42552bb40ada917596613ac36edcc079dcb2fdf0a97e2b42f1b,04000000000000000000000004000000,,,,,False,,,,,,,,,,False,False
/pbr/poke_anm.narc,/pbr/poke_anm.narc!/member_00072,0,/pbr/poke_anm.narc,498,72,,11972,12384,10848,11260,412,62f8050a1410694028aff94a899aee5520802e137cf258b6bfd6f3c4fe4efd5f,04000000000000000000000004000000,,,,,False,,,,,,,,,,False,False
/pbr/poke_anm.narc,/pbr/poke_anm.narc!/member_00073,0,/pbr/poke_anm.narc,498,73,,12384,12796,11260,11672,412,dbe7ef18e2d7e9beed3a5b89430beee0a98b7f29d979a9f195845e71e34ae3c1,04000000000000000000000004000000,,,,,False,,,,,,,,,,False,False
/pbr/poke_anm.narc,/pbr/poke_anm.narc!/member_00074,0,/pbr/poke_anm.narc,498,74,,12796,13216,11672,12092,420,72da1ec03b9f5e70b4cf45d76cd5963df92b6081c0fc3bed3818a2fafe7543ae,0b000000020000001c00000018000000,,,,,False,,,,,,,,,,False,False
/pbr/poke_anm.narc,/pbr/poke_anm.narc!/member_00075,0,/pbr/poke_anm.narc,498,75,,13216,13624,12092,12500,408,41d9c58fa940e50e8c214b3138a312450244f7363e0ff87241306272598c0e94,1c000000180000000000000023000000,,,,,False,,,,,,,,,,False,False
/pbr/poke_anm.narc,/pbr/poke_anm.narc!/member_00076,0,/pbr/poke_anm.narc,498,76,,13624,14032,12500,12908,408,6f3e62b6740b204cfc2b71816fe2873ad5a8226af4d8d7f726dc5cd81c2fd5bc,1c000000180000000000000023000000,,,,,False,,,,,,,,,,False,False
/pbr/poke_anm.narc,/pbr/poke_anm.narc!/member_00077,0,/pbr/poke_anm.narc,498,77,,14032,14448,12908,13324,416,a668836feba7004d2d9d721fb9db42cc7181615c2978c6e2914f28732f34b2e6,0b00000002000000140000000b000000,,,,,False,,,,,,,,,,False,False
/pbr/poke_anm.narc,/pbr/poke_anm.narc!/member_00078,0,/pbr/poke_anm.narc,498,78,,14448,14852,13324,13728,404,0c5988a38557d4da319311e642efd93c15ec41acef085269d0049a9b57a1ef16,140000000b000000140000000c000000,,,,,False,,,,,,,,,,False,False
/pbr/poke_anm.narc,/pbr/poke_anm.narc!/member_00079,0,/pbr/poke_anm.narc,498,79,,14852,15256,13728,14132,404,7be14d9c9acb92610b2daa02ec2ea96b9be0b5521135da2c2f5fd783b9d151f6,140000000b000000140000000c000000,,,,,False,,,,,,,,,,False,False
/pbr/poke_anm.narc,/pbr/poke_anm.narc!/member_00080,0,/pbr/poke_anm.narc,498,80,,15256,15672,14132,14548,416,1f752c2021b9afa02d53c1a71e53eed13d4948f08bf34ee647794b9e73ce3161,0b00000002000000140000000b000000,,,,,False,,,,,,,,,,False,False
/pbr/poke_anm.narc,/pbr/poke_anm.narc!/member_00081,0,/pbr/poke_anm.narc,498,81,,15672,16076,14548,14952,404,acc903a074b991baa415be548fc1268513978b1583d838f9cea194a0de9d8bfb,140000000b0000001400000006000000,,,,,False,,,,,,,,,,False,False
/pbr/poke_anm.narc,/pbr/poke_anm.narc!/member_00082,0,/pbr/poke_anm.narc,498,82,,16076,16480,14952,15356,404,1549f5a9af06fe20649bdf504567912f34c1ed2b2545dd610d8573b6aef1ee72,140000000b0000001400000006000000,,,,,False,,,,,,,,,,False,False
/pbr/poke_anm.narc,/pbr/poke_anm.narc!/member_00083,0,/pbr/poke_anm.narc,498,83,,16480,16940,15356,15816,460,70210e210aeb2c6b60339c58ad9f2cb8b95e764738fcaa94a11c80914bf4f93c,1b000000180000000000000020000000,,,,,False,,,,,,,,,,False,False
/pbr/poke_anm.narc,/pbr/poke_anm.narc!/member_00084,0,/pbr/poke_anm.narc,498,84,,16940,17248,15816,16124,308,9b54a035d846960f42c18e7c5f805717104ad7e780c959a7722640005192800b,1b000000180000000000000020000000,,,,,False,,,,,,,,,,False,False
/pbr/poke_anm.narc,/pbr/poke_anm.narc!/member_00085,0,/pbr/poke_anm.narc,498,85,,17248,17556,16124,16432,308,251afb2d92c2e703c0eafd22868aa471f3aaa4fe3e2e4c9b0b60ead0cc3c2824,1b000000180000000000000020000000,,,,,False,,,,,,,,,,False,False
/pbr/poke_anm.narc,/pbr/poke_anm.narc!/member_00086,0,/pbr/poke_anm.narc,498,86,,17556,17632,16432,16508,76,29fed765545dcca90e353523faa14490a563b1e513a6328afb9225072eb5e32c,0f0000000a00000014000000e0ffffff,,,,,False,,,,,,,,,,False,False
/pbr/poke_anm.narc,/pbr/poke_anm.narc!/member_00087,0,/pbr/poke_anm.narc,498,87,,17632,17696,16508,16572,64,3eee0586b892f11c3e5535f8463ed815dcd4b83021cccdb5b78a36147ad6211e,0f0000000a00000014000000e0ffffff,,,,,False,,,,,,,,,,False,False
/pbr/poke_anm.narc,/pbr/poke_anm.narc!/member_00088,0,/pbr/poke_anm.narc,498,88,,17696,17760,16572,16636,64,6d956559223b31d935c61adb8ce1c15879826782ea186ad92251050337e71c3c,0f0000000a00000014000000e0ffffff,,,,,False,,,,,,,,,,False,False
/pbr/poke_anm.narc,/pbr/poke_anm.narc!/member_00089,0,/pbr/poke_anm.narc,498,89,,17760,18040,16636,16916,280,f6ba96ded35e7abe09d5b56c3b8d210a85404cfc64f3f8c951397355d3b9fe17,0400000000000000000000000b000000,,,,,False,,,,,,,,,,False,False
/pbr/poke_anm.narc,/pbr/poke_anm.narc!/member_00090,0,/pbr/poke_anm.narc,498,90,,18040,18320,16916,17196,280,2ccbb4ff4c325afd867d15c5c8b55073002a09fb1cf05448824099675925d3a7,0400000000000000000000000b000000,,,,,False,,,,,,,,,,False,False
/pbr/poke_anm.narc,/pbr/poke_anm.narc!/member_00091,0,/pbr/poke_anm.narc,498,91,,18320,18600,17196,17476,280,82125b6b1121b8910cca8e621a6a5f986d4308da33917f1a5a2d61364205ec55,0400000000000000000000000b000000,,,,,False,,,,,,,,,,False,False
/pbr/poke_anm.narc,/pbr/poke_anm.narc!/member_00092,0,/pbr/poke_anm.narc,498,92,,18600,18820,17476,17696,220,2e7ecc4ed4a908346d22333858e0b154c8cf9f5b75559616159d137cf99af0b6,1e000000180000000000000023000000,,,,,False,,,,,,,,,,False,False
/pbr/poke_anm.narc,/pbr/poke_anm.narc!/member_00093,0,/pbr/poke_anm.narc,498,93,,18820,19040,17696,17916,220,13873730b87c1f1d291d83838bf72243e10e3998efdf9d9037497e99a40a60d4,1e000000180000000000000023000000,,,,,False,,,,,,,,,,False,False
/pbr/poke_anm.narc,/pbr/poke_anm.narc!/member_00094,0,/pbr/poke_anm.narc,498,94,,19040,19260,17916,18136,220,b26c9f0746174a6df6a2a4c3d3a065699ce557c5c2ee3f7530d81cc7a6cd8b2c,1e000000180000000000000023000000,,,,,False,,,,,,,,,,False,False
/pbr/poke_anm.narc,/pbr/poke_anm.narc!/member_00095,0,/pbr/poke_anm.narc,498,95,,19260,19352,18136,18228,92,b5c817dafa1cb0990528c82885032ae61c6040f4f01c5c704570a4adb24ca10c,20000000000000000c00000000000000,,Nintendo Huffman,Probable,,True,Nintendo Huffman,Probable,False,0,,,,,,False,False
/pbr/poke_anm.narc,/pbr/poke_anm.narc!/member_00096,0,/pbr/poke_anm.narc,498,96,,19352,19444,18228,18320,92,27221e4423b51ab9844b04f78af91d33d251e2d0a3ac46f60cd683252fae99d5,20000000000000000c00000000000000,,Nintendo Huffman,Probable,,True,Nintendo Huffman,Probable,False,0,,,,,,False,False
/pbr/poke_anm.narc,/pbr/poke_anm.narc!/member_00097,0,/pbr/poke_anm.narc,498,97,,19444,19536,18320,18412,92,59f21f7453987ee1a1638ccebcaa9b5edf32f433e7630924e23ea78d813fca2b,20000000000000000c00000000000000,,Nintendo Huffman,Probable,,True,Nintendo Huffman,Probable,False,0,,,,,,False,False
/pbr/poke_anm.narc,/pbr/poke_anm.narc!/member_00098,0,/pbr/poke_anm.narc,498,98,,19536,19628,18412,18504,92,79e7aea2c7faa98d20570f291eca87efc0c33f60e7c5f2abcaec864ce4171236,20000000000000000c00000000000000,,Nintendo Huffman,Probable,,True,Nintendo Huffman,Probable,False,0,,,,,,False,False
/pbr/poke_anm.narc,/pbr/poke_anm.narc!/member_00099,0,/pbr/poke_anm.narc,498,99,,19628,19720,18504,18596,92,5a6e6f62386b605900ef5559391f91ddf76837b5f56b25ba2a492a215b98c595,20000000000000000c00000000000000,,Nintendo Huffman,Probable,,True,Nintendo Huffman,Probable,False,0,,,,,,False,False
/pbr/poke_anm.narc,/pbr/poke_anm.narc!/member_00100,0,/pbr/poke_anm.narc,498,100,,19720,19812,18596,18688,92,2702c8dbf0c37b6bf5b4cbc484d37fa5436e1c00585cf8d31a0778cdf837f366,20000000000000000c00000000000000,,Nintendo Huffman,Probable,,True,Nintendo Huffman,Probable,False,0,,,,,,False,False
/pbr/poke_anm.narc,/pbr/poke_anm.narc!/member_00101,0,/pbr/poke_anm.narc,498,101,,19812,19904,18688,18780,92,ced1871b5f887f3fefc6c6cdbde893f3f7a81d024a85bab02b0e875d0bbfead8,20000000000000000c00000000000000,,Nintendo Huffman,Probable,,True,Nintendo Huffman,Probable,False,0,,,,,,False,False
/pbr/poke_anm.narc,/pbr/poke_anm.narc!/member_00102,0,/pbr/poke_anm.narc,498,102,,19904,19996,18780,18872,92,7e3bad93e698eee063b04d2a795f97797c4f78c28e49ec52b49a2e102d9aae01,20000000000000000c00000000000000,,Nintendo Huffman,Probable,,True,Nintendo Huffman,Probable,False,0,,,,,,False,False
/pbr/poke_anm.narc,/pbr/poke_anm.narc!/member_00103,0,/pbr/poke_anm.narc,498,103,,19996,20088,18872,18964,92,ce1f2add6045d17c2bad1ba4fb3cf1812aace136248a68c38674f828ea27dd4c,20000000000000000c00000000000000,,Nintendo Huffman,Probable,,True,Nintendo Huffman,Probable,False,0,,,,,,False,False
/pbr/poke_anm.narc,/pbr/poke_anm.narc!/member_00104,0,/pbr/poke_anm.narc,498,104,,20088,20604,18964,19480,516,8e9dd016ea2aa28943ffd5bb708dd4f32eb9488a87a0e98ddea1f6371eb1a734,04000000000000000200000014000000,,,,,False,,,,,,,,,,False,False
/pbr/poke_anm.narc,/pbr/poke_anm.narc!/member_00105,0,/pbr/poke_anm.narc,498,105,,20604,20876,19480,19752,272,722f68495b5fff1ba45aafce65ef68c227fcdb4647cf8baf6008cc876ffc7257,04000000000000000200000014000000,,,,,False,,,,,,,,,,False,False
/pbr/poke_anm.narc,/pbr/poke_anm.narc!/member_00106,0,/pbr/poke_anm.narc,498,106,,20876,21500,19752,20376,624,67525b354a154324fe737dff27907781a1d06001076cb92e6cbb9d60756a9bcb,04000000000000000200000014000000,,,,,False,,,,,,,,,,False,False
/pbr/poke_anm.narc,/pbr/poke_anm.narc!/member_00107,0,/pbr/poke_anm.narc,498,107,,21500,21708,20376,20584,208,ea91ee3ae3d7875a5fa8839de05fed5c65840772e410d20d15657f204a596188,0b000000020000001d00000018000000,,,,,False,,,,,,,,,,False,False
/pbr/poke_anm.narc,/pbr/poke_anm.narc!/member_00108,0,/pbr/poke_anm.narc,498,108,,21708,21904,20584,20780,196,fecfcdd5c70cbcc22b7b9dff3f758b8b4e1037152ef7e5b6803adedacbdb9043,1d000000180000000000000023000000,,,,,False,,,,,,,,,,False,False
/pbr/poke_anm.narc,/pbr/poke_anm.narc!/member_00109,0,/pbr/poke_anm.narc,498,109,,21904,22100,20780,20976,196,0febe576840f0df52fa04fd94425d1d81587dd59dc4bb1b408574455490e0300,1d000000180000000000000023000000,,,,,False,,,,,,,,,,False,False
/pbr/poke_anm.narc,/pbr/poke_anm.narc!/member_00110,0,/pbr/poke_anm.narc,498,110,,22100,22204,20976,21080,104,11a433fe8695f203e9503c441f53551ceee57fd40c0c10a2b60c6abe5aa362ad,140000000b0000001400000008000000,,,,,False,,,,,,,,,,False,False
/pbr/poke_anm.narc,/pbr/poke_anm.narc!/member_00111,0,/pbr/poke_anm.narc,498,111,,22204,22308,21080,21184,104,8a8d31a8e2438bbd9ebe847122e3ee4eeb590b808669421a2f0b90c0348db9ab,140000000b0000001400000008000000,,,,,False,,,,,,,,,,False,False
/pbr/poke_anm.narc,/pbr/poke_anm.narc!/member_00112,0,/pbr/poke_anm.narc,498,112,,22308,22412,21184,21288,104,634407fe4fa59ed13936dc1789c801f47d345d7eaecf2a928d0f125c7f32eee8,140000000b0000001400000008000000,,,,,False,,,,,,,,,,False,False
/pbr/poke_anm.narc,/pbr/poke_anm.narc!/member_00113,0,/pbr/poke_anm.narc,498,113,,22412,22504,21288,21380,92,4d18b5c1e0e57c6e91c40d73b9119f9144a12639a552c263923d45e49e7c5a67,0b000000020000001b00000019000000,,,,,False,,,,,,,,,,False,False
/pbr/poke_anm.narc,/pbr/poke_anm.narc!/member_00114,0,/pbr/poke_anm.narc,498,114,,22504,22584,21380,21460,80,84bd285fad67b040cf13bcc958fd2370c9c4263665ca471f490a62ebad8b66f6,1b00000019000000000000001e000000,,,,,False,,,,,,,,,,False,False
/pbr/poke_anm.narc,/pbr/poke_anm.narc!/member_00115,0,/pbr/poke_anm.narc,498,115,,22584,22664,21460,21540,80,2574a4bb2a5d927eb7a830c42887b497fdbdf25b8cd8a501a743a72bd402b3c9,1b00000019000000000000001e000000,,,,,False,,,,,,,,,,False,False
/pbr/poke_anm.narc,/pbr/poke_anm.narc!/member_00116,0,/pbr/poke_anm.narc,498,116,,22664,22760,21540,21636,96,86691a8da289de15a1e91487460e02c742369da8c02d52dc58ad886b037f4e43,190000001b0000001b00000018000000,,,,,False,,,,,,,,,,False,False
/pbr/poke_anm.narc,/pbr/poke_anm.narc!/member_00117,0,/pbr/poke_anm.narc,498,117,,22760,22856,21636,21732,96,995fe156b9f3148c72b9afe28dfcb3ffbc6bdc051552fe7252567b655ba42863,190000001b0000001b00000018000000,,,,,False,,,,,,,,,,False,False
/pbr/poke_anm.narc,/pbr/poke_anm.narc!/member_00118,0,/pbr/poke_anm.narc,498,118,,22856,22952,21732,21828,96,1ed1a3f96c38acfe6bb66b5e38406792ce52df811f0a9569e64da43d09c7a920,190000001b0000001b00000018000000,,,,,False,,,,,,,,,,False,False
/pbr/poke_anm.narc,/pbr/poke_anm.narc!/member_00119,0,/pbr/poke_anm.narc,498,119,,22952,23120,21828,21996,168,ab806c1207b7f80d5990f7da970bbd0b5c3bfe6f8c0e96361807735311299975,0b000000020000001b00000018000000,,,,,False,,,,,,,,,,False,False
/pbr/poke_anm.narc,/pbr/poke_anm.narc!/member_00120,0,/pbr/poke_anm.narc,498,120,,23120,23276,21996,22152,156,869346e9036948e235e02d108c83795229096fad92f41d939a3f7dd875a9b64c,1b00000018000000000000001e000000,,,,,False,,,,,,,,,,False,False
/pbr/poke_anm.narc,/pbr/poke_anm.narc!/member_00121,0,/pbr/poke_anm.narc,498,121,,23276,23432,22152,22308,156,83b56377ee0086750676726879a326c213c32945cb01f34f82c72ced67fa6ed8,1b00000018000000000000001e000000,,,,,False,,,,,,,,,,False,False
/pbr/poke_anm.narc,/pbr/poke_anm.narc!/member_00122,0,/pbr/poke_anm.narc,498,122,,23432,23752,22308,22628,320,791f6a01bbfc6af24269e54921351292419a019fa4e50c1233bc9f1ef1d6bf7c,0b000000020000001b00000018000000,,,,,False,,,,,,,,,,False,False
/pbr/poke_anm.narc,/pbr/poke_anm.narc!/member_00123,0,/pbr/poke_anm.narc,498,123,,23752,24060,22628,22936,308,f02443be1c79280336151fa08de7a83ff269d85964c305b3fb76f105bb35cc76,1b00000018000000000000001e000000,,,,,False,,,,,,,,,,False,False
/pbr/poke_anm.narc,/pbr/poke_anm.narc!/member_00124,0,/pbr/poke_anm.narc,498,124,,24060,24368,22936,23244,308,96b16c867f89d900f66bd7294ca62cffdbb92e2087ec34aee3347be55212f834,1b00000018000000000000001e000000,,,,,False,,,,,,,,,,False,False
/pbr/poke_anm.narc,/pbr/poke_anm.narc!/member_00125,0,/pbr/poke_anm.narc,498,125,,24368,24464,23244,23340,96,78bf2af4a5c75e50f36cef07d66d7a520499174ebd00ad20136e11669f523f4e,0b000000040000001a00000018000000,,,,,False,,,,,,,,,,False,False
/pbr/poke_anm.narc,/pbr/poke_anm.narc!/member_00126,0,/pbr/poke_anm.narc,498,126,,24464,24560,23340,23436,96,3e3910482a2b1aba6f525eed901fa3f1972ca58d41ec91ff2b37d25c1c3faaf1,0b000000020000001a00000018000000,,,,,False,,,,,,,,,,False,False
/pbr/poke_anm.narc,/pbr/poke_anm.narc!/member_00127,0,/pbr/poke_anm.narc,498,127,,24560,24644,23436,23520,84,17b774eaba651b7189f12defbb9c1a25722a15c95c8e312b7ebb9f3235505c02,1a000000180000000000000020000000,,,,,False,,,,,,,,,,False,False
/pbr/poke_anm.narc,/pbr/poke_anm.narc!/member_00128,0,/pbr/poke_anm.narc,498,128,,24644,24748,23520,23624,104,cbe2a45171fd394c8615dae57159c42e6b3b640cb4fbe6a2f4df9ffda51ea029,140000000b0000001400000006000000,,,,,False,,,,,,,,,,False,False
/pbr/poke_anm.narc,/pbr/poke_anm.narc!/member_00129,0,/pbr/poke_anm.narc,498,129,,24748,24852,23624,23728,104,eeb8266ce30d384737a638cc2813959b73613e1ef07d663da6967a6fa05f1891,140000000b0000001400000006000000,,,,,False,,,,,,,,,,False,False
/pbr/poke_anm.narc,/pbr/poke_anm.narc!/member_00130,0,/pbr/poke_anm.narc,498,130,,24852,24956,23728,23832,104,6a44f30ed6866bb2ef190417ecfb041a76ef8c2c3bf6f5a1ae0a6a4cd20cee6c,140000000b0000001400000004000000,,,,,False,,,,,,,,,,False,False
/pbr/poke_anm.narc,/pbr/poke_anm.narc!/member_00131,0,/pbr/poke_anm.narc,498,131,,24956,25108,23832,23984,152,2b8cfe529eaf340a750eac368e704f4bcc28ac419cdd081fb2d71ca11eabcbf6,0f0000000a00000014000000e0ffffff,,,,,False,,,,,,,,,,False,False
/pbr/poke_anm.narc,/pbr/poke_anm.narc!/member_00132,0,/pbr/poke_anm.narc,498,132,,25108,25260,23984,24136,152,132118d27d93a7c5345e9828c12e91232e396cfd3125db46abf67cf44240bf83,0f0000000a00000014000000e0ffffff,,,,,False,,,,,,,,,,False,False
/pbr/poke_anm.narc,/pbr/poke_anm.narc!/member_00133,0,/pbr/poke_anm.narc,498,133,,25260,25412,24136,24288,152,bdb3ccaeab98d94c03c7e99ef37e64a1627655d41fe9fb59e2793c28e4875801,0f0000000a00000014000000e0ffffff,,,,,False,,,,,,,,,,False,False
/pbr/poke_icon.narc,/pbr/poke_icon.narc!/member_00000,0,/pbr/poke_icon.narc,499,0,,4372,4924,0,552,552,96d45b21044626a1975b92065a9a40115975f4bb53d2a64301dc747553549a84,524c434efffe00012802000010000100,,NCLR palette,Confirmed,True,False,,,,,,,,,,False,False
/pbr/poke_icon.narc,/pbr/poke_icon.narc!/member_00001,0,/pbr/poke_icon.narc,499,1,,4924,5078,552,706,154,53d8003155752aef909e602429463b97160b13b7f7aaabfcc4e799503e41ab86,524e414efffe00019a00000010000300,,NANR animation,Confirmed,True,False,,,,,,,,,,False,False
/pbr/poke_icon.narc,/pbr/poke_icon.narc!/member_00002,0,/pbr/poke_icon.narc,499,2,,5080,5222,708,850,142,366eee3bf3cdfe80ac3a383ef8600120264d29f5ace77e2acc530e2c0a9cb9e9,5245434efffe00018e00000010000300,,NCER cell,Confirmed,True,False,,,,,,,,,,False,False
/pbr/poke_icon.narc,/pbr/poke_icon.narc!/member_00003,0,/pbr/poke_icon.narc,499,3,,5224,5606,852,1234,382,64cc828c3f7b911a2e89ba70922618edb8506b86a61e7bbf8d9f95ae9cba56a4,524e414efffe00017e01000010000300,,NANR animation,Confirmed,True,False,,,,,,,,,,False,False
/pbr/poke_icon.narc,/pbr/poke_icon.narc!/member_00004,0,/pbr/poke_icon.narc,499,4,,5608,5810,1236,1438,202,ae039ecfd3f34e8e64c5eea605befffd106cbd737854267f49e510fd0309614d,5245434efffe0001ca00000010000300,,NCER cell,Confirmed,True,False,,,,,,,,,,False,False
/pbr/poke_icon.narc,/pbr/poke_icon.narc!/member_00005,0,/pbr/poke_icon.narc,499,5,,5812,6194,1440,1822,382,64cc828c3f7b911a2e89ba70922618edb8506b86a61e7bbf8d9f95ae9cba56a4,524e414efffe00017e01000010000300,,NANR animation,Confirmed,True,False,,,,,,,,,,False,False
/pbr/poke_icon.narc,/pbr/poke_icon.narc!/member_00006,0,/pbr/poke_icon.narc,499,6,,6196,6398,1824,2026,202,39ac45cf522cd56ea0ea15a6af6ef132b298cdcef4d2f94e27f979bd1d362b65,5245434efffe0001ca00000010000300,,NCER cell,Confirmed,True,False,,,,,,,,,,False,False
/pbr/poke_icon.narc,/pbr/poke_icon.narc!/member_00007,0,/pbr/poke_icon.narc,499,7,,6400,7472,2028,3100,1072,3242b1ebf8b811c15fcb4926c1562fedc97e2b541fb1e32de237910e29a35b4d,5247434efffe01013004000010000100,,NCGR graphics,Confirmed,True,False,,,,,,,,,,False,False
/pbr/poke_icon.narc,/pbr/poke_icon.narc!/member_00008,0,/pbr/poke_icon.narc,499,8,,7472,8544,3100,4172,1072,9e3a88cf0dbc42b29430fe27c11878d126851ba362b11d354fd5ccba6bf1741f,5247434efffe01013004000010000100,,NCGR graphics,Confirmed,True,False,,,,,,,,,,False,False
/pbr/poke_icon.narc,/pbr/poke_icon.narc!/member_00009,0,/pbr/poke_icon.narc,499,9,,8544,9616,4172,5244,1072,fa4cee69bfdc2242a77712ff1b3e07eadcf8a2e9cadb541a39d1ffe932dc7720,5247434efffe01013004000010000100,,NCGR graphics,Confirmed,True,False,,,,,,,,,,False,False
/pbr/poke_icon.narc,/pbr/poke_icon.narc!/member_00010,0,/pbr/poke_icon.narc,499,10,,9616,10688,5244,6316,1072,a9049ea90472688b391987100f4c305328d5878a9789b5f36a4735af796e2773,5247434efffe01013004000010000100,,NCGR graphics,Confirmed,True,False,,,,,,,,,,False,False
/pbr/poke_icon.narc,/pbr/poke_icon.narc!/member_00011,0,/pbr/poke_icon.narc,499,11,,10688,11760,6316,7388,1072,757948f64326927e34ce261871457cb2dfa6584d0e1ead4ed25dc338bd1af756,5247434efffe01013004000010000100,,NCGR graphics,Confirmed,True,False,,,,,,,,,,False,False
/pbr/poke_icon.narc,/pbr/poke_icon.narc!/member_00012,0,/pbr/poke_icon.narc,499,12,,11760,12832,7388,8460,1072,5126a7d626bda77a8fdcc2c398de21f42a28d01bf040f5d53b8aa3bcb53fe4db,5247434efffe01013004000010000100,,NCGR graphics,Confirmed,True,False,,,,,,,,,,False,False
/pbr/poke_icon.narc,/pbr/poke_icon.narc!/member_00013,0,/pbr/poke_icon.narc,499,13,,12832,13904,8460,9532,1072,8d18beb68ece88b707a572bd2e4be0c4028a7f13b3fd4cc98ac6789136662a4a,5247434efffe01013004000010000100,,NCGR graphics,Confirmed,True,False,,,,,,,,,,False,False
/pbr/poke_icon.narc,/pbr/poke_icon.narc!/member_00014,0,/pbr/poke_icon.narc,499,14,,13904,14976,9532,10604,1072,baa0d3464de1c3bfd94655712e883e1be544a494fd770caa5d37794a0878ce19,5247434efffe01013004000010000100,,NCGR graphics,Confirmed,True,False,,,,,,,,,,False,False
/pbr/poke_icon.narc,/pbr/poke_icon.narc!/member_00015,0,/pbr/poke_icon.narc,499,15,,14976,16048,10604,11676,1072,47a7a0fd2e87f28d43d763f0d74d73cd73df09ce37a289e1ce43510aef5121a7,5247434efffe01013004000010000100,,NCGR graphics,Confirmed,True,False,,,,,,,,,,False,False
/pbr/poke_icon.narc,/pbr/poke_icon.narc!/member_00016,0,/pbr/poke_icon.narc,499,16,,16048,17120,11676,12748,1072,c3c187ab072279377c843e8e23b3edcbd26cf7f4757cfd4fc99327b6d5007471,5247434efffe01013004000010000100,,NCGR graphics,Confirmed,True,False,,,,,,,,,,False,False
/pbr/poke_icon.narc,/pbr/poke_icon.narc!/member_00017,0,/pbr/poke_icon.narc,499,17,,17120,18192,12748,13820,1072,0c22093b08512b6dd3edde955fa7bc36c657b50ac96e829817d3d4640570b782,5247434efffe01013004000010000100,,NCGR graphics,Confirmed,True,False,,,,,,,,,,False,False
/pbr/poke_icon.narc,/pbr/poke_icon.narc!/member_00018,0,/pbr/poke_icon.narc,499,18,,18192,19264,13820,14892,1072,f58b16f2ea465067cb9385b52d5e26ac56e1566ebf0d4e6123bff2a95ee72ac7,5247434efffe01013004000010000100,,NCGR graphics,Confirmed,True,False,,,,,,,,,,False,False
/pbr/poke_icon.narc,/pbr/poke_icon.narc!/member_00019,0,/pbr/poke_icon.narc,499,19,,19264,20336,14892,15964,1072,13c7eba38696f5645af6c46fc590c033e6a1519dae39cd136790c1a50b1ce9e5,5247434efffe01013004000010000100,,NCGR graphics,Confirmed,True,False,,,,,,,,,,False,False
/pbr/poke_icon.narc,/pbr/poke_icon.narc!/member_00020,0,/pbr/poke_icon.narc,499,20,,20336,21408,15964,17036,1072,90ed7c056baf863915802ac78e0e76c29e7f7ae97949a04db1eb1b3cb81a29ef,5247434efffe01013004000010000100,,NCGR graphics,Confirmed,True,False,,,,,,,,,,False,False
/pbr/poke_icon.narc,/pbr/poke_icon.narc!/member_00021,0,/pbr/poke_icon.narc,499,21,,21408,22480,17036,18108,1072,8cc8b7ac21c2e6a622124d2d3668df9aa28b37eacbb48be484b5cf702b757ded,5247434efffe01013004000010000100,,NCGR graphics,Confirmed,True,False,,,,,,,,,,False,False
/pbr/poke_icon.narc,/pbr/poke_icon.narc!/member_00022,0,/pbr/poke_icon.narc,499,22,,22480,23552,18108,19180,1072,0d55d8f1349c0dbd17a60690ffbfd2effe12a0969eaef83bb2ea5f99f354c496,5247434efffe01013004000010000100,,NCGR graphics,Confirmed,True,False,,,,,,,,,,False,False
/pbr/poke_icon.narc,/pbr/poke_icon.narc!/member_00023,0,/pbr/poke_icon.narc,499,23,,23552,24624,19180,20252,1072,751a6abe93e72f38fabb955a6b697ca7cf8ad9e1f0cab2c89790de9fe14c3d09,5247434efffe01013004000010000100,,NCGR graphics,Confirmed,True,False,,,,,,,,,,False,False
/pbr/poke_icon.narc,/pbr/poke_icon.narc!/member_00024,0,/pbr/poke_icon.narc,499,24,,24624,25696,20252,21324,1072,6268b009475bf2df12a9fbd606124bc5fc97b3826ed49823917c48a127ec1b15,5247434efffe01013004000010000100,,NCGR graphics,Confirmed,True,False,,,,,,,,,,False,False
/pbr/poke_icon.narc,/pbr/poke_icon.narc!/member_00025,0,/pbr/poke_icon.narc,499,25,,25696,26768,21324,22396,1072,ecb6a417449721a9e1a13b87142b8007d070898d71add74cc9682be8afc939cc,5247434efffe01013004000010000100,,NCGR graphics,Confirmed,True,False,,,,,,,,,,False,False
/pbr/poke_icon.narc,/pbr/poke_icon.narc!/member_00026,0,/pbr/poke_icon.narc,499,26,,26768,27840,22396,23468,1072,a6ca90feec2754cec1fc2423d0aa55bef87eaedd860128614a9d8052e6b51e82,5247434efffe01013004000010000100,,NCGR graphics,Confirmed,True,False,,,,,,,,,,False,False
/pbr/poke_icon.narc,/pbr/poke_icon.narc!/member_00027,0,/pbr/poke_icon.narc,499,27,,27840,28912,23468,24540,1072,8708fb773ab125fab6c91821a691ef569325bc22e5d9bb8718f1b33f8206f9d2,5247434efffe01013004000010000100,,NCGR graphics,Confirmed,True,False,,,,,,,,,,False,False
/pbr/poke_icon.narc,/pbr/poke_icon.narc!/member_00028,0,/pbr/poke_icon.narc,499,28,,28912,29984,24540,25612,1072,0a4f4a2193cd15f6fa8bbf829dc1b0f55e752e536c31d84fed79cd6ecd0e54f5,5247434efffe01013004000010000100,,NCGR graphics,Confirmed,True,False,,,,,,,,,,False,False
/pbr/poke_icon.narc,/pbr/poke_icon.narc!/member_00029,0,/pbr/poke_icon.narc,499,29,,29984,31056,25612,26684,1072,840aa8239d3fe69729d8ce5ca5f223ef6e8a0723d5ec1f47824224579e5ebff2,5247434efffe01013004000010000100,,NCGR graphics,Confirmed,True,False,,,,,,,,,,False,False
/pbr/poke_icon.narc,/pbr/poke_icon.narc!/member_00030,0,/pbr/poke_icon.narc,499,30,,31056,32128,26684,27756,1072,7130f052259c6101fd2357a454a457c96fa3711a36bafb8b1f840ceb8550182e,5247434efffe01013004000010000100,,NCGR graphics,Confirmed,True,False,,,,,,,,,,False,False
/pbr/poke_icon.narc,/pbr/poke_icon.narc!/member_00031,0,/pbr/poke_icon.narc,499,31,,32128,33200,27756,28828,1072,bca9c50a0258efead6398bb69131bd6f46ffef36b5ee358c97418d0b2d298b5e,5247434efffe01013004000010000100,,NCGR graphics,Confirmed,True,False,,,,,,,,,,False,False
/pbr/poke_icon.narc,/pbr/poke_icon.narc!/member_00032,0,/pbr/poke_icon.narc,499,32,,33200,34272,28828,29900,1072,be1f5f67ab155fb662e29d7a44f601a72d90044e8594bf4da319a8b587679ae9,5247434efffe01013004000010000100,,NCGR graphics,Confirmed,True,False,,,,,,,,,,False,False
/pbr/poke_icon.narc,/pbr/poke_icon.narc!/member_00033,0,/pbr/poke_icon.narc,499,33,,34272,35344,29900,30972,1072,e0b4e287ec2ad5e1a0655526073dd0c5bb371e1dd03aef8b0088843e7cd07cf4,5247434efffe01013004000010000100,,NCGR graphics,Confirmed,True,False,,,,,,,,,,False,False
/pbr/poke_icon.narc,/pbr/poke_icon.narc!/member_00034,0,/pbr/poke_icon.narc,499,34,,35344,36416,30972,32044,1072,7f3cf29d2b1f84a2ae67ee0dccac638774d446358140dae4c0096bab53a01097,5247434efffe01013004000010000100,,NCGR graphics,Confirmed,True,False,,,,,,,,,,False,False
/pbr/poke_icon.narc,/pbr/poke_icon.narc!/member_00035,0,/pbr/poke_icon.narc,499,35,,36416,37488,32044,33116,1072,0c95e696830a7ecf543117c22b5424251f72c82b43f401fa8dde890b08ffce62,5247434efffe01013004000010000100,,NCGR graphics,Confirmed,True,False,,,,,,,,,,False,False
/pbr/poke_icon.narc,/pbr/poke_icon.narc!/member_00036,0,/pbr/poke_icon.narc,499,36,,37488,38560,33116,34188,1072,36c9e95ca6e0af1fc6f7c5aa723ce8eed82ce86277c742561d5e8b8075001331,5247434efffe01013004000010000100,,NCGR graphics,Confirmed,True,False,,,,,,,,,,False,False
/pbr/poke_icon.narc,/pbr/poke_icon.narc!/member_00037,0,/pbr/poke_icon.narc,499,37,,38560,39632,34188,35260,1072,11e265b25d28ba39b6406f1fab6312306a30776cd8a90eb0832bade23ab3fdb9,5247434efffe01013004000010000100,,NCGR graphics,Confirmed,True,False,,,,,,,,,,False,False
/pbr/poke_icon.narc,/pbr/poke_icon.narc!/member_00038,0,/pbr/poke_icon.narc,499,38,,39632,40704,35260,36332,1072,3dbfd374210311d08d6d0354d1b1122132a192891e0bfa664ad69cf95d254405,5247434efffe01013004000010000100,,NCGR graphics,Confirmed,True,False,,,,,,,,,,False,False
/pbr/poke_icon.narc,/pbr/poke_icon.narc!/member_00039,0,/pbr/poke_icon.narc,499,39,,40704,41776,36332,37404,1072,1923fadb633ac12870b4d07bf2a726708c6e9f8cdbbd12ff9733a16b105dc220,5247434efffe01013004000010000100,,NCGR graphics,Confirmed,True,False,,,,,,,,,,False,False
/pbr/poke_icon.narc,/pbr/poke_icon.narc!/member_00040,0,/pbr/poke_icon.narc,499,40,,41776,42848,37404,38476,1072,849357e17831ad1930fe6be74a280ba672e8e1f56c245453c4890afa23bc8150,5247434efffe01013004000010000100,,NCGR graphics,Confirmed,True,False,,,,,,,,,,False,False
/pbr/poke_icon.narc,/pbr/poke_icon.narc!/member_00041,0,/pbr/poke_icon.narc,499,41,,42848,43920,38476,39548,1072,8520a7bc274ba2bfeee7a8a0f86f9444eeb256a44b62c92af4a0b0d25a35210c,5247434efffe01013004000010000100,,NCGR graphics,Confirmed,True,False,,,,,,,,,,False,False
/pbr/poke_icon.narc,/pbr/poke_icon.narc!/member_00042,0,/pbr/poke_icon.narc,499,42,,43920,44992,39548,40620,1072,0cc546d8c35b79a78c1832230461f992da34fd3a3e333762a73fb4f9913bdae0,5247434efffe01013004000010000100,,NCGR graphics,Confirmed,True,False,,,,,,,,,,False,False
/pbr/poke_icon.narc,/pbr/poke_icon.narc!/member_00043,0,/pbr/poke_icon.narc,499,43,,44992,46064,40620,41692,1072,d12815b7d585d58f569aab3a78511f7e9c6037d67d9bb847603b6d85e55ea071,5247434efffe01013004000010000100,,NCGR graphics,Confirmed,True,False,,,,,,,,,,False,False
/pbr/poke_icon.narc,/pbr/poke_icon.narc!/member_00044,0,/pbr/poke_icon.narc,499,44,,46064,47136,41692,42764,1072,ba7cd6c2a721ef831ce7e17e88ab86f7e4e003a5fe7c763fb62c4c19ac75426c,5247434efffe01013004000010000100,,NCGR graphics,Confirmed,True,False,,,,,,,,,,False,False
/pbr/poke_icon.narc,/pbr/poke_icon.narc!/member_00045,0,/pbr/poke_icon.narc,499,45,,47136,48208,42764,43836,1072,3a483890af5b9f8ca1f981f47281b20c13c79d1639e42c69d856d4e448e7c24f,5247434efffe01013004000010000100,,NCGR graphics,Confirmed,True,False,,,,,,,,,,False,False
/pbr/poke_icon.narc,/pbr/poke_icon.narc!/member_00046,0,/pbr/poke_icon.narc,499,46,,48208,49280,43836,44908,1072,599bb329cdb5a2c11de92d3434b92cde165ac85c82403d12f845d13897c30d83,5247434efffe01013004000010000100,,NCGR graphics,Confirmed,True,False,,,,,,,,,,False,False
/pbr/poke_icon.narc,/pbr/poke_icon.narc!/member_00047,0,/pbr/poke_icon.narc,499,47,,49280,50352,44908,45980,1072,780d76c267b0dc518d951e3a7863f85522feab122e3b76d9e6d038512151ddae,5247434efffe01013004000010000100,,NCGR graphics,Confirmed,True,False,,,,,,,,,,False,False
/pbr/poke_icon.narc,/pbr/poke_icon.narc!/member_00048,0,/pbr/poke_icon.narc,499,48,,50352,51424,45980,47052,1072,a4abb65bfe9f96b4a8e445eb5fd69ee5b61764aeebbab68dff40771b7cd7ba51,5247434efffe01013004000010000100,,NCGR graphics,Confirmed,True,False,,,,,,,,,,False,False
/pbr/poke_icon.narc,/pbr/poke_icon.narc!/member_00049,0,/pbr/poke_icon.narc,499,49,,51424,52496,47052,48124,1072,3c8bcc2656d3286fbd3115187ea9bbe99646666fe01da07f447d762f1673fde0,5247434efffe01013004000010000100,,NCGR graphics,Confirmed,True,False,,,,,,,,,,False,False
/pbr/poke_icon.narc,/pbr/poke_icon.narc!/member_00050,0,/pbr/poke_icon.narc,499,50,,52496,53568,48124,49196,1072,8a206528c3b3fbfd24a519ec17523e2f3c965ecf439f88336c34e42bde8dcf07,5247434efffe01013004000010000100,,NCGR graphics,Confirmed,True,False,,,,,,,,,,False,False
/pbr/poke_icon.narc,/pbr/poke_icon.narc!/member_00051,0,/pbr/poke_icon.narc,499,51,,53568,54640,49196,50268,1072,a9a988ffde0c4d7c6624776b43e122a206c0b645d1d1284435e037497a25d938,5247434efffe01013004000010000100,,NCGR graphics,Confirmed,True,False,,,,,,,,,,False,False
/pbr/poke_icon.narc,/pbr/poke_icon.narc!/member_00052,0,/pbr/poke_icon.narc,499,52,,54640,55712,50268,51340,1072,80bea62b2f504a65b68f5739748d0254968b80858c5811e91e2f6b15bed3a6e6,5247434efffe01013004000010000100,,NCGR graphics,Confirmed,True,False,,,,,,,,,,False,False
/pbr/poke_icon.narc,/pbr/poke_icon.narc!/member_00053,0,/pbr/poke_icon.narc,499,53,,55712,56784,51340,52412,1072,d85dde90ad980e7484ef20e234dc580d63f489207498e5a0e07d47fc2315048b,5247434efffe01013004000010000100,,NCGR graphics,Confirmed,True,False,,,,,,,,,,False,False
/pbr/poke_icon.narc,/pbr/poke_icon.narc!/member_00054,0,/pbr/poke_icon.narc,499,54,,56784,57856,52412,53484,1072,9878f1ac339f5bd8cb0dc25e110a8f2bd48021b5b09bbfee441c20b8a3ca93fa,5247434efffe01013004000010000100,,NCGR graphics,Confirmed,True,False,,,,,,,,,,False,False
/pbr/poke_icon.narc,/pbr/poke_icon.narc!/member_00055,0,/pbr/poke_icon.narc,499,55,,57856,58928,53484,54556,1072,67c8ee8fb12018b44fb3aa5b7d0750bf89dff375867d6309739bcf97a8220473,5247434efffe01013004000010000100,,NCGR graphics,Confirmed,True,False,,,,,,,,,,False,False
/pbr/poke_icon.narc,/pbr/poke_icon.narc!/member_00056,0,/pbr/poke_icon.narc,499,56,,58928,60000,54556,55628,1072,ea683a86992eba9fc610783e213e971220b5b7e70e39f993263c2743b50687b2,5247434efffe01013004000010000100,,NCGR graphics,Confirmed,True,False,,,,,,,,,,False,False
/pbr/poke_icon.narc,/pbr/poke_icon.narc!/member_00057,0,/pbr/poke_icon.narc,499,57,,60000,61072,55628,56700,1072,873419fa9199fb1d90c6e6c145471179fa67a14c07ce2120d14b1b8c4e002b4a,5247434efffe01013004000010000100,,NCGR graphics,Confirmed,True,False,,,,,,,,,,False,False
/pbr/poke_icon.narc,/pbr/poke_icon.narc!/member_00058,0,/pbr/poke_icon.narc,499,58,,61072,62144,56700,57772,1072,c1b4b72afda3e5d0971eda81f44c8fd040ee6e04d2d58595905e1d6c205f4334,5247434efffe01013004000010000100,,NCGR graphics,Confirmed,True,False,,,,,,,,,,False,False
/pbr/poke_icon.narc,/pbr/poke_icon.narc!/member_00059,0,/pbr/poke_icon.narc,499,59,,62144,63216,57772,58844,1072,1cd1c2b9935166f676a0df659748fcfc22b1b0c365aa5aeb0302cfe50e71aa36,5247434efffe01013004000010000100,,NCGR graphics,Confirmed,True,False,,,,,,,,,,False,False
/pbr/poke_icon.narc,/pbr/poke_icon.narc!/member_00060,0,/pbr/poke_icon.narc,499,60,,63216,64288,58844,59916,1072,345843cfe4381d4c18d57add4d2886d263969d44a26c7440e7c9289d53e6a13e,5247434efffe01013004000010000100,,NCGR graphics,Confirmed,True,False,,,,,,,,,,False,False
/pbr/poke_icon.narc,/pbr/poke_icon.narc!/member_00061,0,/pbr/poke_icon.narc,499,61,,64288,65360,59916,60988,1072,ef2f45b6a225cd771f7604d2f75e344ecf708c9a73c4dcf6143d5d8d2922c56f,5247434efffe01013004000010000100,,NCGR graphics,Confirmed,True,False,,,,,,,,,,False,False
/pbr/poke_icon.narc,/pbr/poke_icon.narc!/member_00062,0,/pbr/poke_icon.narc,499,62,,65360,66432,60988,62060,1072,dcfbcfc6ea33dfd8518ac2cf875b0e82c7934baa576148f97e377727275bd758,5247434efffe01013004000010000100,,NCGR graphics,Confirmed,True,False,,,,,,,,,,False,False
/pbr/poke_icon.narc,/pbr/poke_icon.narc!/member_00063,0,/pbr/poke_icon.narc,499,63,,66432,67504,62060,63132,1072,b94f87d5f55da1cd6ebf126626cfc659d5b0718dbc8dcaba47e18d76a427c9cc,5247434efffe01013004000010000100,,NCGR graphics,Confirmed,True,False,,,,,,,,,,False,False
/pbr/poke_icon.narc,/pbr/poke_icon.narc!/member_00064,0,/pbr/poke_icon.narc,499,64,,67504,68576,63132,64204,1072,8915bc24c463176cd5ff0c052a432c2f9bd6d35165e9dcf0b6555a4d0fa6a067,5247434efffe01013004000010000100,,NCGR graphics,Confirmed,True,False,,,,,,,,,,False,False
/pbr/poke_icon.narc,/pbr/poke_icon.narc!/member_00065,0,/pbr/poke_icon.narc,499,65,,68576,69648,64204,65276,1072,fb9e640f98a252d6c20ab6459c3b5dc9ee208a6829bd7858eb1778875f6d01e8,5247434efffe01013004000010000100,,NCGR graphics,Confirmed,True,False,,,,,,,,,,False,False
/pbr/poke_icon.narc,/pbr/poke_icon.narc!/member_00066,0,/pbr/poke_icon.narc,499,66,,69648,70720,65276,66348,1072,77f8a658978580abceb7086ebbcd817695d6b46c227a228201649f3716634808,5247434efffe01013004000010000100,,NCGR graphics,Confirmed,True,False,,,,,,,,,,False,False
/pbr/poke_icon.narc,/pbr/poke_icon.narc!/member_00067,0,/pbr/poke_icon.narc,499,67,,70720,71792,66348,67420,1072,24b96fe6c0a9044e77b27cd2ba1e6bb06543247592948039a6cbceff07a37a02,5247434efffe01013004000010000100,,NCGR graphics,Confirmed,True,False,,,,,,,,,,False,False
/pbr/poke_icon.narc,/pbr/poke_icon.narc!/member_00068,0,/pbr/poke_icon.narc,499,68,,71792,72864,67420,68492,1072,0fd3dc9c4410166ca7f6498413fbb848c137176cfa1bb1c414d60506d1ebe22d,5247434efffe01013004000010000100,,NCGR graphics,Confirmed,True,False,,,,,,,,,,False,False
/pbr/poke_icon.narc,/pbr/poke_icon.narc!/member_00069,0,/pbr/poke_icon.narc,499,69,,72864,73936,68492,69564,1072,8cc7d4e7805cc756c96800fa3421018735f3b9d04bae1e10532e76c06fcaf477,5247434efffe01013004000010000100,,NCGR graphics,Confirmed,True,False,,,,,,,,,,False,False
/pbr/poke_icon.narc,/pbr/poke_icon.narc!/member_00070,0,/pbr/poke_icon.narc,499,70,,73936,75008,69564,70636,1072,8469a43e4287dae206106c059ae620ab3a9028faa3828cb64fef0c80505e8d30,5247434efffe01013004000010000100,,NCGR graphics,Confirmed,True,False,,,,,,,,,,False,False
/pbr/poke_icon.narc,/pbr/poke_icon.narc!/member_00071,0,/pbr/poke_icon.narc,499,71,,75008,76080,70636,71708,1072,601e8b9135b6b9d1580524d244a1ada21c82a3e99321b49f87a5cd7f096ea222,5247434efffe01013004000010000100,,NCGR graphics,Confirmed,True,False,,,,,,,,,,False,False
/pbr/poke_icon.narc,/pbr/poke_icon.narc!/member_00072,0,/pbr/poke_icon.narc,499,72,,76080,77152,71708,72780,1072,7e42300c20073c7b4556c75eb566eea671e533f31d4a58cf14bb3b37f2ce8fad,5247434efffe01013004000010000100,,NCGR graphics,Confirmed,True,False,,,,,,,,,,False,False
/pbr/poke_icon.narc,/pbr/poke_icon.narc!/member_00073,0,/pbr/poke_icon.narc,499,73,,77152,78224,72780,73852,1072,52e2c3192a182d13fc8dfb2efc20b94fa71e9a14844faf926711d4c76c54eb4e,5247434efffe01013004000010000100,,NCGR graphics,Confirmed,True,False,,,,,,,,,,False,False
/pbr/poke_icon.narc,/pbr/poke_icon.narc!/member_00074,0,/pbr/poke_icon.narc,499,74,,78224,79296,73852,74924,1072,c3e90ec0d9a39318b5e97cf2916237bb95f5bd36c0ec24a8bec9f10d41114013,5247434efffe01013004000010000100,,NCGR graphics,Confirmed,True,False,,,,,,,,,,False,False
/pbr/poke_icon.narc,/pbr/poke_icon.narc!/member_00075,0,/pbr/poke_icon.narc,499,75,,79296,80368,74924,75996,1072,61749d2addda9ac25fad7757eeea3236cbece230d7f98948761dfaf5f4eeb819,5247434efffe01013004000010000100,,NCGR graphics,Confirmed,True,False,,,,,,,,,,False,False
/pbr/poke_icon.narc,/pbr/poke_icon.narc!/member_00076,0,/pbr/poke_icon.narc,499,76,,80368,81440,75996,77068,1072,64de76bfe08759ebe42f53ae77821a36ca16e526dd1610db77a54d0db4e2fb1b,5247434efffe01013004000010000100,,NCGR graphics,Confirmed,True,False,,,,,,,,,,False,False
/pbr/poke_icon.narc,/pbr/poke_icon.narc!/member_00077,0,/pbr/poke_icon.narc,499,77,,81440,82512,77068,78140,1072,6c7c39dd4d2182ace2d2521a78e5e732fea8e69e9b7f57412d23d9caefcc2a6b,5247434efffe01013004000010000100,,NCGR graphics,Confirmed,True,False,,,,,,,,,,False,False
/pbr/poke_icon.narc,/pbr/poke_icon.narc!/member_00078,0,/pbr/poke_icon.narc,499,78,,82512,83584,78140,79212,1072,c5c7eaa1b4b16b9124bb2e6f561da946a82bbf8d71c2ea6e888f87f0748f8f17,5247434efffe01013004000010000100,,NCGR graphics,Confirmed,True,False,,,,,,,,,,False,False
/pbr/poke_icon.narc,/pbr/poke_icon.narc!/member_00079,0,/pbr/poke_icon.narc,499,79,,83584,84656,79212,80284,1072,936f54a97b5b264594a684bf653fcf5f439987cd23a3322dd8bf1590a122517f,5247434efffe01013004000010000100,,NCGR graphics,Confirmed,True,False,,,,,,,,,,False,False
/pbr/poke_icon.narc,/pbr/poke_icon.narc!/member_00080,0,/pbr/poke_icon.narc,499,80,,84656,85728,80284,81356,1072,fdda85508ff3d9bccd8611639b2ae87b22b549ffb81f23175505241f346c9efd,5247434efffe01013004000010000100,,NCGR graphics,Confirmed,True,False,,,,,,,,,,False,False
/pbr/poke_icon.narc,/pbr/poke_icon.narc!/member_00081,0,/pbr/poke_icon.narc,499,81,,85728,86800,81356,82428,1072,9fa5f5d0a5b0541ca44680cfd05ebcf49246586c8555848e25769ed1735a504c,5247434efffe01013004000010000100,,NCGR graphics,Confirmed,True,False,,,,,,,,,,False,False
/pbr/poke_icon.narc,/pbr/poke_icon.narc!/member_00082,0,/pbr/poke_icon.narc,499,82,,86800,87872,82428,83500,1072,8ebfbba92f442fce0646d8d2c685b4f53f9a6178d112f8fcfc7197be252756d0,5247434efffe01013004000010000100,,NCGR graphics,Confirmed,True,False,,,,,,,,,,False,False
/pbr/poke_icon.narc,/pbr/poke_icon.narc!/member_00083,0,/pbr/poke_icon.narc,499,83,,87872,88944,83500,84572,1072,09d01f6910df42b869c901583554ed1ddf178eade0c66c2a16811bc5446d01f6,5247434efffe01013004000010000100,,NCGR graphics,Confirmed,True,False,,,,,,,,,,False,False
/pbr/poke_icon.narc,/pbr/poke_icon.narc!/member_00084,0,/pbr/poke_icon.narc,499,84,,88944,90016,84572,85644,1072,2a6a4d6b7a4c8246ec3dde266ecd37c2f29c9b81bb05d6adef303d5eb1be5d22,5247434efffe01013004000010000100,,NCGR graphics,Confirmed,True,False,,,,,,,,,,False,False
/pbr/poke_icon.narc,/pbr/poke_icon.narc!/member_00085,0,/pbr/poke_icon.narc,499,85,,90016,91088,85644,86716,1072,a80119bd793d4dd430b482c16f88d09e8dcc689684ba5345f46796be5e184d49,5247434efffe01013004000010000100,,NCGR graphics,Confirmed,True,False,,,,,,,,,,False,False
/pbr/poke_icon.narc,/pbr/poke_icon.narc!/member_00086,0,/pbr/poke_icon.narc,499,86,,91088,92160,86716,87788,1072,606ce45cbf4189d2ac91bc5246ccb5f0144257ab88b84c718e004491e8e3cc2a,5247434efffe01013004000010000100,,NCGR graphics,Confirmed,True,False,,,,,,,,,,False,False
/pbr/poke_icon.narc,/pbr/poke_icon.narc!/member_00087,0,/pbr/poke_icon.narc,499,87,,92160,93232,87788,88860,1072,43c19cfa4585486bacf5d37e0b552d72d1f9e656e542968349ae2b2985e151fd,5247434efffe01013004000010000100,,NCGR graphics,Confirmed,True,False,,,,,,,,,,False,False
/pbr/poke_icon.narc,/pbr/poke_icon.narc!/member_00088,0,/pbr/poke_icon.narc,499,88,,93232,94304,88860,89932,1072,f575284f8cfb2f5efbb831a9a1b72ea1df15d4275bd91bae84754186de7b5cb7,5247434efffe01013004000010000100,,NCGR graphics,Confirmed,True,False,,,,,,,,,,False,False
/pbr/poke_icon.narc,/pbr/poke_icon.narc!/member_00089,0,/pbr/poke_icon.narc,499,89,,94304,95376,89932,91004,1072,786a30ac8ee7139a97273d9ba0cfd4d1cb056af231306b92642374af3128a2c8,5247434efffe01013004000010000100,,NCGR graphics,Confirmed,True,False,,,,,,,,,,False,False
/pbr/poke_icon.narc,/pbr/poke_icon.narc!/member_00090,0,/pbr/poke_icon.narc,499,90,,95376,96448,91004,92076,1072,1c88a07b54418516e66dfbc148b13df755af909312b6f8a96e082fd1737e870c,5247434efffe01013004000010000100,,NCGR graphics,Confirmed,True,False,,,,,,,,,,False,False
/pbr/poke_icon.narc,/pbr/poke_icon.narc!/member_00091,0,/pbr/poke_icon.narc,499,91,,96448,97520,92076,93148,1072,0d9249d9323fb0f4cf8ab506d3e24ef8c72ce61045145e6a3594eebfd80e160b,5247434efffe01013004000010000100,,NCGR graphics,Confirmed,True,False,,,,,,,,,,False,False
/pbr/poke_icon.narc,/pbr/poke_icon.narc!/member_00092,0,/pbr/poke_icon.narc,499,92,,97520,98592,93148,94220,1072,678219d9d0f8c185be82cb863e457bad54132476656bb40fa6066c62d404ec70,5247434efffe01013004000010000100,,NCGR graphics,Confirmed,True,False,,,,,,,,,,False,False
/pbr/poke_icon.narc,/pbr/poke_icon.narc!/member_00093,0,/pbr/poke_icon.narc,499,93,,98592,99664,94220,95292,1072,68a23cdfac9ce226a370350288938ca400fe7422b24f4b8e5faee330bd4f18a1,5247434efffe01013004000010000100,,NCGR graphics,Confirmed,True,False,,,,,,,,,,False,False
/pbr/poke_icon.narc,/pbr/poke_icon.narc!/member_00094,0,/pbr/poke_icon.narc,499,94,,99664,100736,95292,96364,1072,652b5c7de5cf47c9242f21b6f78965a4e675b9071192bc2bd9c5b367012d4cda,5247434efffe01013004000010000100,,NCGR graphics,Confirmed,True,False,,,,,,,,,,False,False
/pbr/poke_icon.narc,/pbr/poke_icon.narc!/member_00095,0,/pbr/poke_icon.narc,499,95,,100736,101808,96364,97436,1072,45569a3c4fe3eec80431888ec6bc943e5ad9a4d96365acdaf638b93b64f60e61,5247434efffe01013004000010000100,,NCGR graphics,Confirmed,True,False,,,,,,,,,,False,False
/pbr/poke_icon.narc,/pbr/poke_icon.narc!/member_00096,0,/pbr/poke_icon.narc,499,96,,101808,102880,97436,98508,1072,2c8353f796456996f01c4c4f55ec19170403e110d0c40cf131a6173d0384000c,5247434efffe01013004000010000100,,NCGR graphics,Confirmed,True,False,,,,,,,,,,False,False
/pbr/poke_icon.narc,/pbr/poke_icon.narc!/member_00097,0,/pbr/poke_icon.narc,499,97,,102880,103952,98508,99580,1072,0418121ba2d47254199792b4721ec619db7604d675b8bc25d35a1869586ebbed,5247434efffe01013004000010000100,,NCGR graphics,Confirmed,True,False,,,,,,,,,,False,False
/pbr/poke_icon.narc,/pbr/poke_icon.narc!/member_00098,0,/pbr/poke_icon.narc,499,98,,103952,105024,99580,100652,1072,1a07dcc55997a7d5cfc5a093440834914fbb31562ac7aa535b19bd701251f499,5247434efffe01013004000010000100,,NCGR graphics,Confirmed,True,False,,,,,,,,,,False,False
/pbr/poke_icon.narc,/pbr/poke_icon.narc!/member_00099,0,/pbr/poke_icon.narc,499,99,,105024,106096,100652,101724,1072,acea919db084024994b6707e95123821562f5a9e8e5cc775c3a5b1823934c591,5247434efffe01013004000010000100,,NCGR graphics,Confirmed,True,False,,,,,,,,,,False,False
/pbr/poke_icon.narc,/pbr/poke_icon.narc!/member_00100,0,/pbr/poke_icon.narc,499,100,,106096,107168,101724,102796,1072,48d54ea33a96ebdd87980370e3727c205f538ec58b17354042d09c33253ae17c,5247434efffe01013004000010000100,,NCGR graphics,Confirmed,True,False,,,,,,,,,,False,False
/pbr/poke_icon.narc,/pbr/poke_icon.narc!/member_00101,0,/pbr/poke_icon.narc,499,101,,107168,108240,102796,103868,1072,0f513c9b77db24ea753509ed5c95ce69b5d043241494ca981ae4f72b453df77f,5247434efffe01013004000010000100,,NCGR graphics,Confirmed,True,False,,,,,,,,,,False,False
/pbr/poke_icon.narc,/pbr/poke_icon.narc!/member_00102,0,/pbr/poke_icon.narc,499,102,,108240,109312,103868,104940,1072,1834ba49bf134cdb12788db07ba9f246d2d74b33f6afb6a7333b38b47d0b6ca2,5247434efffe01013004000010000100,,NCGR graphics,Confirmed,True,False,,,,,,,,,,False,False
/pbr/poke_icon.narc,/pbr/poke_icon.narc!/member_00103,0,/pbr/poke_icon.narc,499,103,,109312,110384,104940,106012,1072,3cba0f9f1b6f76dfc998d0ed4be3ca125b3cd9a7f14fff96091e3d9068439408,5247434efffe01013004000010000100,,NCGR graphics,Confirmed,True,False,,,,,,,,,,False,False
/pbr/poke_icon.narc,/pbr/poke_icon.narc!/member_00104,0,/pbr/poke_icon.narc,499,104,,110384,111456,106012,107084,1072,10de6c465d425336ac8716bf1cab7e3987c7d91f7b0c0e04b4b10d4d3254f454,5247434efffe01013004000010000100,,NCGR graphics,Confirmed,True,False,,,,,,,,,,False,False
/pbr/poke_icon.narc,/pbr/poke_icon.narc!/member_00105,0,/pbr/poke_icon.narc,499,105,,111456,112528,107084,108156,1072,869c8e631bc75e78e153b202e65a083295c0f42812b15b5f4a2b11b1562ca83b,5247434efffe01013004000010000100,,NCGR graphics,Confirmed,True,False,,,,,,,,,,False,False
/pbr/poke_icon.narc,/pbr/poke_icon.narc!/member_00106,0,/pbr/poke_icon.narc,499,106,,112528,113600,108156,109228,1072,e5206891c72b12026a1eab0d22dc73a9f0a903cc2d535f9067fc920f0684df5f,5247434efffe01013004000010000100,,NCGR graphics,Confirmed,True,False,,,,,,,,,,False,False
/pbr/poke_icon.narc,/pbr/poke_icon.narc!/member_00107,0,/pbr/poke_icon.narc,499,107,,113600,114672,109228,110300,1072,9897d356219db138722fb12351ebdb67116139c9f296bde2e0ae40858a60f51c,5247434efffe01013004000010000100,,NCGR graphics,Confirmed,True,False,,,,,,,,,,False,False
/pbr/poke_icon.narc,/pbr/poke_icon.narc!/member_00108,0,/pbr/poke_icon.narc,499,108,,114672,115744,110300,111372,1072,f90513ec9a2f6f960cfbb361ae36d6e1d9b6da578e90e878a23e350c404ab364,5247434efffe01013004000010000100,,NCGR graphics,Confirmed,True,False,,,,,,,,,,False,False
/pbr/poke_icon.narc,/pbr/poke_icon.narc!/member_00109,0,/pbr/poke_icon.narc,499,109,,115744,116816,111372,112444,1072,822b634caf2fa2124a6fdf80c98fd9acaff868cf9c6b38f0ac5adf17f6fa40f7,5247434efffe01013004000010000100,,NCGR graphics,Confirmed,True,False,,,,,,,,,,False,False
/pbr/poke_icon.narc,/pbr/poke_icon.narc!/member_00110,0,/pbr/poke_icon.narc,499,110,,116816,117888,112444,113516,1072,4f7f9723fad7b032d4f3fe86e4c0d5c1a90bcd5ae33694b65fec7db43b02a907,5247434efffe01013004000010000100,,NCGR graphics,Confirmed,True,False,,,,,,,,,,False,False
/pbr/poke_icon.narc,/pbr/poke_icon.narc!/member_00111,0,/pbr/poke_icon.narc,499,111,,117888,118960,113516,114588,1072,a0180541517abe0d0b90a969813ff3b03b13a16a76b52ef20713112de2e17c1b,5247434efffe01013004000010000100,,NCGR graphics,Confirmed,True,False,,,,,,,,,,False,False
/pbr/poke_icon.narc,/pbr/poke_icon.narc!/member_00112,0,/pbr/poke_icon.narc,499,112,,118960,120032,114588,115660,1072,9cd1538013d07ede57bebb1847780e3a2a163f758f6e73167ebd3358c5705ecd,5247434efffe01013004000010000100,,NCGR graphics,Confirmed,True,False,,,,,,,,,,False,False
/pbr/poke_icon.narc,/pbr/poke_icon.narc!/member_00113,0,/pbr/poke_icon.narc,499,113,,120032,121104,115660,116732,1072,b2cdf978bd33e3237cf496c14dfca023d452924640df69c52ffc241b25b43a19,5247434efffe01013004000010000100,,NCGR graphics,Confirmed,True,False,,,,,,,,,,False,False
/pbr/poke_icon.narc,/pbr/poke_icon.narc!/member_00114,0,/pbr/poke_icon.narc,499,114,,121104,122176,116732,117804,1072,31c0559cccf5cd31d9547c1d8ca9e5a13d487ededd39a3a7d1b11c0db2b41212,5247434efffe01013004000010000100,,NCGR graphics,Confirmed,True,False,,,,,,,,,,False,False
/pbr/poke_icon.narc,/pbr/poke_icon.narc!/member_00115,0,/pbr/poke_icon.narc,499,115,,122176,123248,117804,118876,1072,c5c50742a57056bbc859e5f5e1d9c6f84fba0cd5b764961d0dd7c0c537f463ac,5247434efffe01013004000010000100,,NCGR graphics,Confirmed,True,False,,,,,,,,,,False,False
/pbr/poke_icon.narc,/pbr/poke_icon.narc!/member_00116,0,/pbr/poke_icon.narc,499,116,,123248,124320,118876,119948,1072,75ab684ab4efef56f462929558809adc263feb24ea9e31c86439c6277bb52e39,5247434efffe01013004000010000100,,NCGR graphics,Confirmed,True,False,,,,,,,,,,False,False
/pbr/poke_icon.narc,/pbr/poke_icon.narc!/member_00117,0,/pbr/poke_icon.narc,499,117,,124320,125392,119948,121020,1072,623b579f4e47ee5f31129fbb90aa260838f274896cc8a5a79d906e658bc506d2,5247434efffe01013004000010000100,,NCGR graphics,Confirmed,True,False,,,,,,,,,,False,False
/pbr/poke_icon.narc,/pbr/poke_icon.narc!/member_00118,0,/pbr/poke_icon.narc,499,118,,125392,126464,121020,122092,1072,fac29577ad1931ff8e11da4de7cc75c3ae471eb34895fd78b0d9172f2a8508e6,5247434efffe01013004000010000100,,NCGR graphics,Confirmed,True,False,,,,,,,,,,False,False
/pbr/poke_icon.narc,/pbr/poke_icon.narc!/member_00119,0,/pbr/poke_icon.narc,499,119,,126464,127536,122092,123164,1072,3f62b09e33bb6e4755ea6259d4878f73b36c7d9b6d68ec671dee21ca9660ba02,5247434efffe01013004000010000100,,NCGR graphics,Confirmed,True,False,,,,,,,,,,False,False
/pbr/poke_icon.narc,/pbr/poke_icon.narc!/member_00120,0,/pbr/poke_icon.narc,499,120,,127536,128608,123164,124236,1072,b508f04ad2a36c0c83ad246a6aba4695b49c87d4dac3a8d77858134b96d8adf3,5247434efffe01013004000010000100,,NCGR graphics,Confirmed,True,False,,,,,,,,,,False,False
/pbr/poke_icon.narc,/pbr/poke_icon.narc!/member_00121,0,/pbr/poke_icon.narc,499,121,,128608,129680,124236,125308,1072,1775617d53cb85a1929db6dd4e2af0772d3cf27099b567bf1b53acd52a6864c6,5247434efffe01013004000010000100,,NCGR graphics,Confirmed,True,False,,,,,,,,,,False,False
/pbr/poke_icon.narc,/pbr/poke_icon.narc!/member_00122,0,/pbr/poke_icon.narc,499,122,,129680,130752,125308,126380,1072,cec3c9c99ce8e5948fa12df7200db1da91b007a95877b36b7319cc12e27b4908,5247434efffe01013004000010000100,,NCGR graphics,Confirmed,True,False,,,,,,,,,,False,False
/pbr/poke_icon.narc,/pbr/poke_icon.narc!/member_00123,0,/pbr/poke_icon.narc,499,123,,130752,131824,126380,127452,1072,e7e066f5539ec8dbee56f65ebade89aeabba20f9ac5ed64f69cad8eca41989f1,5247434efffe01013004000010000100,,NCGR graphics,Confirmed,True,False,,,,,,,,,,False,False
/pbr/poke_icon.narc,/pbr/poke_icon.narc!/member_00124,0,/pbr/poke_icon.narc,499,124,,131824,132896,127452,128524,1072,3e8c76fee481b4ad76902f6ae69e72273f0083ba20c0b32b486ba93adbd2667b,5247434efffe01013004000010000100,,NCGR graphics,Confirmed,True,False,,,,,,,,,,False,False
/pbr/poke_icon.narc,/pbr/poke_icon.narc!/member_00125,0,/pbr/poke_icon.narc,499,125,,132896,133968,128524,129596,1072,fb631cebc40e22cf384a7d5a155c5eded9f98d0900390fe9649aae7b1c992007,5247434efffe01013004000010000100,,NCGR graphics,Confirmed,True,False,,,,,,,,,,False,False
/pbr/poke_icon.narc,/pbr/poke_icon.narc!/member_00126,0,/pbr/poke_icon.narc,499,126,,133968,135040,129596,130668,1072,ec2c371568f0c72c1a2770f1f698c5edd976d56176902934aff080399b457636,5247434efffe01013004000010000100,,NCGR graphics,Confirmed,True,False,,,,,,,,,,False,False
/pbr/poke_icon.narc,/pbr/poke_icon.narc!/member_00127,0,/pbr/poke_icon.narc,499,127,,135040,136112,130668,131740,1072,78f5a1eccea3f95e836c212e6e47adf081f5e7da81ecdd8a7cbf9d45cb6d053d,5247434efffe01013004000010000100,,NCGR graphics,Confirmed,True,False,,,,,,,,,,False,False
/pbr/poke_icon.narc,/pbr/poke_icon.narc!/member_00128,0,/pbr/poke_icon.narc,499,128,,136112,137184,131740,132812,1072,110b7d8c8a64b25fec9bf0b3e31e8533919951c67daed3d6706004073351b9f1,5247434efffe01013004000010000100,,NCGR graphics,Confirmed,True,False,,,,,,,,,,False,False
/pbr/poke_icon.narc,/pbr/poke_icon.narc!/member_00129,0,/pbr/poke_icon.narc,499,129,,137184,138256,132812,133884,1072,fa43fd36eab946332cf26bc9d68a9f850dc71e7e096805ddd98ebb34c8da3c1f,5247434efffe01013004000010000100,,NCGR graphics,Confirmed,True,False,,,,,,,,,,False,False
/pbr/poke_icon.narc,/pbr/poke_icon.narc!/member_00130,0,/pbr/poke_icon.narc,499,130,,138256,139328,133884,134956,1072,7255dfb932fe2621185e51b6ba6366b90be3c70173a3f76754f1fd157e3010a7,5247434efffe01013004000010000100,,NCGR graphics,Confirmed,True,False,,,,,,,,,,False,False
/pbr/poke_icon.narc,/pbr/poke_icon.narc!/member_00131,0,/pbr/poke_icon.narc,499,131,,139328,140400,134956,136028,1072,2f1dfd08d6c837f733cfe2408d920858f6718248d71ad6f6a46250cf76009769,5247434efffe01013004000010000100,,NCGR graphics,Confirmed,True,False,,,,,,,,,,False,False
/pbr/poke_icon.narc,/pbr/poke_icon.narc!/member_00132,0,/pbr/poke_icon.narc,499,132,,140400,141472,136028,137100,1072,55455a87ea84c65c6f145606efb0e633e6df120748ade63172c243a0e028bdf5,5247434efffe01013004000010000100,,NCGR graphics,Confirmed,True,False,,,,,,,,,,False,False
/pbr/poke_icon.narc,/pbr/poke_icon.narc!/member_00133,0,/pbr/poke_icon.narc,499,133,,141472,142544,137100,138172,1072,679421de10adbb1aaa9f6f3b8cc4238c41deebe72f4540da77472e0e6c14051b,5247434efffe01013004000010000100,,NCGR graphics,Confirmed,True,False,,,,,,,,,,False,False
/pbr/poke_icon.narc,/pbr/poke_icon.narc!/member_00134,0,/pbr/poke_icon.narc,499,134,,142544,143616,138172,139244,1072,5da6c1afe33e7539431c01d4156dfa7c0ac6b90dd497d5556d3ecb64bf4e7086,5247434efffe01013004000010000100,,NCGR graphics,Confirmed,True,False,,,,,,,,,,False,False
/pbr/poke_icon.narc,/pbr/poke_icon.narc!/member_00135,0,/pbr/poke_icon.narc,499,135,,143616,144688,139244,140316,1072,8b7dd3550cb42325b21297f69bf8a186c73e1137ea3188a9985fea8acc77c927,5247434efffe01013004000010000100,,NCGR graphics,Confirmed,True,False,,,,,,,,,,False,False
/pbr/poke_icon.narc,/pbr/poke_icon.narc!/member_00136,0,/pbr/poke_icon.narc,499,136,,144688,145760,140316,141388,1072,5f8723eb0e0d7927f497bc1d5cc3002843587f2cdd86914a64cf44621bbda190,5247434efffe01013004000010000100,,NCGR graphics,Confirmed,True,False,,,,,,,,,,False,False
/pbr/poke_icon.narc,/pbr/poke_icon.narc!/member_00137,0,/pbr/poke_icon.narc,499,137,,145760,146832,141388,142460,1072,495cb6337d1edadf70984970ce98f07a624aec86ecdd7a46a1692cafb5e29eea,5247434efffe01013004000010000100,,NCGR graphics,Confirmed,True,False,,,,,,,,,,False,False
/pbr/poke_icon.narc,/pbr/poke_icon.narc!/member_00138,0,/pbr/poke_icon.narc,499,138,,146832,147904,142460,143532,1072,d5704654477b1baaffd07673954ad91709df4b06767ce0a52e5d0bb1bd47163e,5247434efffe01013004000010000100,,NCGR graphics,Confirmed,True,False,,,,,,,,,,False,False
/pbr/poke_icon.narc,/pbr/poke_icon.narc!/member_00139,0,/pbr/poke_icon.narc,499,139,,147904,148976,143532,144604,1072,d93b508b71d61a38fce6031fef4a9d7a2a1a8a8b31a16fb3e3baac7445ac5b59,5247434efffe01013004000010000100,,NCGR graphics,Confirmed,True,False,,,,,,,,,,False,False
/pbr/poke_icon.narc,/pbr/poke_icon.narc!/member_00140,0,/pbr/poke_icon.narc,499,140,,148976,150048,144604,145676,1072,7dd07cf27973b49e567932990e3773b8f58b14ca650c3ffc0f76d99ab5d6824c,5247434efffe01013004000010000100,,NCGR graphics,Confirmed,True,False,,,,,,,,,,False,False
/pbr/poke_icon.narc,/pbr/poke_icon.narc!/member_00141,0,/pbr/poke_icon.narc,499,141,,150048,151120,145676,146748,1072,ffd2a555cd3778a7dd905f1b475042d34d3e549a1f44af52ef33755f6d11c601,5247434efffe01013004000010000100,,NCGR graphics,Confirmed,True,False,,,,,,,,,,False,False
/pbr/poke_icon.narc,/pbr/poke_icon.narc!/member_00142,0,/pbr/poke_icon.narc,499,142,,151120,152192,146748,147820,1072,2a072138385eec0be0975653028b60ad8e6bb8a35bd1fe5077b6a8b34fd6c5dd,5247434efffe01013004000010000100,,NCGR graphics,Confirmed,True,False,,,,,,,,,,False,False
/pbr/poke_icon.narc,/pbr/poke_icon.narc!/member_00143,0,/pbr/poke_icon.narc,499,143,,152192,153264,147820,148892,1072,5092426cae22ff6fe4a8cce76ecb40f08dd8f7ac112f215a70109e831904100a,5247434efffe01013004000010000100,,NCGR graphics,Confirmed,True,False,,,,,,,,,,False,False
/pbr/poke_icon.narc,/pbr/poke_icon.narc!/member_00144,0,/pbr/poke_icon.narc,499,144,,153264,154336,148892,149964,1072,52d638f5d5ec91ae7c74562cd6f7daeabab636d56b157dcb122aafae3793fe35,5247434efffe01013004000010000100,,NCGR graphics,Confirmed,True,False,,,,,,,,,,False,False
/pbr/poke_icon.narc,/pbr/poke_icon.narc!/member_00145,0,/pbr/poke_icon.narc,499,145,,154336,155408,149964,151036,1072,216203771b2c8cf797b7866a4be51113f480c4417460f76b420ccfeb0ea76c6e,5247434efffe01013004000010000100,,NCGR graphics,Confirmed,True,False,,,,,,,,,,False,False
/pbr/poke_icon.narc,/pbr/poke_icon.narc!/member_00146,0,/pbr/poke_icon.narc,499,146,,155408,156480,151036,152108,1072,1b699474ca5c94b2ff82cf9428fdb6488a36f11c43b4fb2103754b9103ac6384,5247434efffe01013004000010000100,,NCGR graphics,Confirmed,True,False,,,,,,,,,,False,False
/pbr/poke_icon.narc,/pbr/poke_icon.narc!/member_00147,0,/pbr/poke_icon.narc,499,147,,156480,157552,152108,153180,1072,73bfc9f417846f842b8f6a5a3337bf02f4701501d4c6c33be4a7a8ac53d24672,5247434efffe01013004000010000100,,NCGR graphics,Confirmed,True,False,,,,,,,,,,False,False
/pbr/poke_icon.narc,/pbr/poke_icon.narc!/member_00148,0,/pbr/poke_icon.narc,499,148,,157552,158624,153180,154252,1072,829c6f2f7ea1349be02ede17a529627fc695b4228ec898df14a15097e91f8622,5247434efffe01013004000010000100,,NCGR graphics,Confirmed,True,False,,,,,,,,,,False,False
/pbr/poke_icon.narc,/pbr/poke_icon.narc!/member_00149,0,/pbr/poke_icon.narc,499,149,,158624,159696,154252,155324,1072,a2feaaf865510c4d17a5a0487f72a9adf827ea95915cd16e9119b7c30d9ad5de,5247434efffe01013004000010000100,,NCGR graphics,Confirmed,True,False,,,,,,,,,,False,False
/pbr/poke_icon.narc,/pbr/poke_icon.narc!/member_00150,0,/pbr/poke_icon.narc,499,150,,159696,160768,155324,156396,1072,ee4f264645bb1d68f0ebbc619002d26aaa77a45ce04094c423284f9541a755e6,5247434efffe01013004000010000100,,NCGR graphics,Confirmed,True,False,,,,,,,,,,False,False
/pbr/poke_icon.narc,/pbr/poke_icon.narc!/member_00151,0,/pbr/poke_icon.narc,499,151,,160768,161840,156396,157468,1072,c11f75d67e74a85d65c8c1740f280f21eab6f5155f8786343ee5baabe81057f2,5247434efffe01013004000010000100,,NCGR graphics,Confirmed,True,False,,,,,,,,,,False,False
/pbr/poke_icon.narc,/pbr/poke_icon.narc!/member_00152,0,/pbr/poke_icon.narc,499,152,,161840,162912,157468,158540,1072,bb3901c2d23119bf021dbcfa30ee745461d2464029f911b6bc39a15a72466cc0,5247434efffe01013004000010000100,,NCGR graphics,Confirmed,True,False,,,,,,,,,,False,False
/pbr/poke_icon.narc,/pbr/poke_icon.narc!/member_00153,0,/pbr/poke_icon.narc,499,153,,162912,163984,158540,159612,1072,c1ff4f64c870fc8b9d5df92c1de2a68319fb7397229bd34cac6e19c84c19df03,5247434efffe01013004000010000100,,NCGR graphics,Confirmed,True,False,,,,,,,,,,False,False
/pbr/poke_icon.narc,/pbr/poke_icon.narc!/member_00154,0,/pbr/poke_icon.narc,499,154,,163984,165056,159612,160684,1072,204cade0688b085116ad96a34e913d972371a42352eba3256fa4bdf77336864c,5247434efffe01013004000010000100,,NCGR graphics,Confirmed,True,False,,,,,,,,,,False,False
/pbr/poke_icon.narc,/pbr/poke_icon.narc!/member_00155,0,/pbr/poke_icon.narc,499,155,,165056,166128,160684,161756,1072,0e9f319e3d4537878950573d7a61dc25ec310be391eccbb9748be1c1444abcdb,5247434efffe01013004000010000100,,NCGR graphics,Confirmed,True,False,,,,,,,,,,False,False
/pbr/poke_icon.narc,/pbr/poke_icon.narc!/member_00156,0,/pbr/poke_icon.narc,499,156,,166128,167200,161756,162828,1072,d939cc213e3fbf4f2efd031950ef89f40dc1e5cb0153c82ff19ea1c487a7a84b,5247434efffe01013004000010000100,,NCGR graphics,Confirmed,True,False,,,,,,,,,,False,False
/pbr/poke_icon.narc,/pbr/poke_icon.narc!/member_00157,0,/pbr/poke_icon.narc,499,157,,167200,168272,162828,163900,1072,902c0045a388744f3c016e852a949be32c5058e9af89ef443cad32f7541485ac,5247434efffe01013004000010000100,,NCGR graphics,Confirmed,True,False,,,,,,,,,,False,False
/pbr/poke_icon.narc,/pbr/poke_icon.narc!/member_00158,0,/pbr/poke_icon.narc,499,158,,168272,169344,163900,164972,1072,bcd98f1dd61a556b199b34dd3510f7f232c40367785ebcc25f300d3a073f5ba1,5247434efffe01013004000010000100,,NCGR graphics,Confirmed,True,False,,,,,,,,,,False,False
/pbr/poke_icon.narc,/pbr/poke_icon.narc!/member_00159,0,/pbr/poke_icon.narc,499,159,,169344,170416,164972,166044,1072,542b5a56d5ffdfb11c853223795c9316671441bbd5084ce17a8fe4f7c4b8ff2f,5247434efffe01013004000010000100,,NCGR graphics,Confirmed,True,False,,,,,,,,,,False,False
/pbr/poke_icon.narc,/pbr/poke_icon.narc!/member_00160,0,/pbr/poke_icon.narc,499,160,,170416,171488,166044,167116,1072,fd9ebdc7c1d62be95e2929d7ebd54f64d9900fa360c71542f340ac914bca190c,5247434efffe01013004000010000100,,NCGR graphics,Confirmed,True,False,,,,,,,,,,False,False
/pbr/poke_icon.narc,/pbr/poke_icon.narc!/member_00161,0,/pbr/poke_icon.narc,499,161,,171488,172560,167116,168188,1072,2b9c30fdff4e410d9d4a8f34271e5f2234536717771e301e29d6278b563c6faf,5247434efffe01013004000010000100,,NCGR graphics,Confirmed,True,False,,,,,,,,,,False,False
/pbr/poke_icon.narc,/pbr/poke_icon.narc!/member_00162,0,/pbr/poke_icon.narc,499,162,,172560,173632,168188,169260,1072,f6f31ed23ab5b78c7dc5ab90a02a18a1d8a625ab57ed9f570533b8204a55c8f2,5247434efffe01013004000010000100,,NCGR graphics,Confirmed,True,False,,,,,,,,,,False,False
/pbr/poke_icon.narc,/pbr/poke_icon.narc!/member_00163,0,/pbr/poke_icon.narc,499,163,,173632,174704,169260,170332,1072,19187495be797de4b0960f1d3ad6fbfdcac393d4f733316ad1e280766870a6c7,5247434efffe01013004000010000100,,NCGR graphics,Confirmed,True,False,,,,,,,,,,False,False
/pbr/poke_icon.narc,/pbr/poke_icon.narc!/member_00164,0,/pbr/poke_icon.narc,499,164,,174704,175776,170332,171404,1072,51bbf386206b0702a631c6675807bc5eb7fafcb3b6bb917537531445fcb2f4a8,5247434efffe01013004000010000100,,NCGR graphics,Confirmed,True,False,,,,,,,,,,False,False
/pbr/poke_icon.narc,/pbr/poke_icon.narc!/member_00165,0,/pbr/poke_icon.narc,499,165,,175776,176848,171404,172476,1072,05a212e8af14684d92387fd0023b134f674c7b92250ebfb490f156c85052ea46,5247434efffe01013004000010000100,,NCGR graphics,Confirmed,True,False,,,,,,,,,,False,False
/pbr/poke_icon.narc,/pbr/poke_icon.narc!/member_00166,0,/pbr/poke_icon.narc,499,166,,176848,177920,172476,173548,1072,13dd7e5a155c45614f7cdb7152e6fc99bac8dcab0a44f0547ff5896136077cdf,5247434efffe01013004000010000100,,NCGR graphics,Confirmed,True,False,,,,,,,,,,False,False
/pbr/poke_icon.narc,/pbr/poke_icon.narc!/member_00167,0,/pbr/poke_icon.narc,499,167,,177920,178992,173548,174620,1072,e1aac021bf2763f301a9e9b50a237bd8ef78c66ecb7e4fa05a666b407ed6a3d6,5247434efffe01013004000010000100,,NCGR graphics,Confirmed,True,False,,,,,,,,,,False,False
/pbr/poke_icon.narc,/pbr/poke_icon.narc!/member_00168,0,/pbr/poke_icon.narc,499,168,,178992,180064,174620,175692,1072,c9bd1a2af5a22176b0153cd20d605229c203376c85da22ab6f0d1f26ebe9fc74,5247434efffe01013004000010000100,,NCGR graphics,Confirmed,True,False,,,,,,,,,,False,False
/pbr/poke_icon.narc,/pbr/poke_icon.narc!/member_00169,0,/pbr/poke_icon.narc,499,169,,180064,181136,175692,176764,1072,03019ecad0d5806df2058527c9298eac339389e31a5463bcc9491e34ffbaa777,5247434efffe01013004000010000100,,NCGR graphics,Confirmed,True,False,,,,,,,,,,False,False
/pbr/poke_icon.narc,/pbr/poke_icon.narc!/member_00170,0,/pbr/poke_icon.narc,499,170,,181136,182208,176764,177836,1072,47dd66948df4d88b2b433a87a20bbad2f8756a8915d2b5714287c5c128076996,5247434efffe01013004000010000100,,NCGR graphics,Confirmed,True,False,,,,,,,,,,False,False
/pbr/poke_icon.narc,/pbr/poke_icon.narc!/member_00171,0,/pbr/poke_icon.narc,499,171,,182208,183280,177836,178908,1072,df9a05361096ee6411eb89651f7075fcd694f08da53672fba402290b0b88d1c0,5247434efffe01013004000010000100,,NCGR graphics,Confirmed,True,False,,,,,,,,,,False,False
/pbr/poke_icon.narc,/pbr/poke_icon.narc!/member_00172,0,/pbr/poke_icon.narc,499,172,,183280,184352,178908,179980,1072,7cc787847683bcb14fcdac008c7becdf9a95f0d17af1d1dbba530c468d721181,5247434efffe01013004000010000100,,NCGR graphics,Confirmed,True,False,,,,,,,,,,False,False
/pbr/poke_icon.narc,/pbr/poke_icon.narc!/member_00173,0,/pbr/poke_icon.narc,499,173,,184352,185424,179980,181052,1072,8610236e416f8633a0c80683d1530b2dab3629a25056e6c21bcfb6664adfe387,5247434efffe01013004000010000100,,NCGR graphics,Confirmed,True,False,,,,,,,,,,False,False
/pbr/poke_icon.narc,/pbr/poke_icon.narc!/member_00174,0,/pbr/poke_icon.narc,499,174,,185424,186496,181052,182124,1072,19b7a89269190931fe379ecae8130f74f630690658d9feabc328aac66f9de5ba,5247434efffe01013004000010000100,,NCGR graphics,Confirmed,True,False,,,,,,,,,,False,False
/pbr/poke_icon.narc,/pbr/poke_icon.narc!/member_00175,0,/pbr/poke_icon.narc,499,175,,186496,187568,182124,183196,1072,38ac51154f0037af7743b93b6f29d7806dbafd1f35072a5a35216596c8668167,5247434efffe01013004000010000100,,NCGR graphics,Confirmed,True,False,,,,,,,,,,False,False
/pbr/poke_icon.narc,/pbr/poke_icon.narc!/member_00176,0,/pbr/poke_icon.narc,499,176,,187568,188640,183196,184268,1072,76cff78cddaee9d9bb9169353757d3effc78a4ec06e36c6158918eb8064af722,5247434efffe01013004000010000100,,NCGR graphics,Confirmed,True,False,,,,,,,,,,False,False
/pbr/poke_icon.narc,/pbr/poke_icon.narc!/member_00177,0,/pbr/poke_icon.narc,499,177,,188640,189712,184268,185340,1072,21079460f7b854ad815f9c4d6aef745481eed36de68ab573e1ac8ce493544c69,5247434efffe01013004000010000100,,NCGR graphics,Confirmed,True,False,,,,,,,,,,False,False
/pbr/poke_icon.narc,/pbr/poke_icon.narc!/member_00178,0,/pbr/poke_icon.narc,499,178,,189712,190784,185340,186412,1072,333d9dbe30ae07460ac1ef7c231ac230ab575152949234c010d3d3e288baca96,5247434efffe01013004000010000100,,NCGR graphics,Confirmed,True,False,,,,,,,,,,False,False
/pbr/poke_icon.narc,/pbr/poke_icon.narc!/member_00179,0,/pbr/poke_icon.narc,499,179,,190784,191856,186412,187484,1072,ebf95ba06c49f9697eb1f5fabc06e4bbf9eb7edfdd85885f5697357cce5ce9cf,5247434efffe01013004000010000100,,NCGR graphics,Confirmed,True,False,,,,,,,,,,False,False
/pbr/poke_icon.narc,/pbr/poke_icon.narc!/member_00180,0,/pbr/poke_icon.narc,499,180,,191856,192928,187484,188556,1072,4f41aa368636784221a2b9be4f203bb18e2af24a2873aba82b6f00e697ece538,5247434efffe01013004000010000100,,NCGR graphics,Confirmed,True,False,,,,,,,,,,False,False
/pbr/poke_icon.narc,/pbr/poke_icon.narc!/member_00181,0,/pbr/poke_icon.narc,499,181,,192928,194000,188556,189628,1072,0e863655a3045dbf408975ddedc9626c49bcaf7f7b40afd836de8df59a1c3ddf,5247434efffe01013004000010000100,,NCGR graphics,Confirmed,True,False,,,,,,,,,,False,False
/pbr/poke_icon.narc,/pbr/poke_icon.narc!/member_00182,0,/pbr/poke_icon.narc,499,182,,194000,195072,189628,190700,1072,cbc912c5770abbbf9353770a00bb6823ce730d99246c0f8ed7985e139c24ebe3,5247434efffe01013004000010000100,,NCGR graphics,Confirmed,True,False,,,,,,,,,,False,False
/pbr/poke_icon.narc,/pbr/poke_icon.narc!/member_00183,0,/pbr/poke_icon.narc,499,183,,195072,196144,190700,191772,1072,f7d61bd1749dcd3faaefff220ccd9b67e3e3d615e3ff4b89b55116fae28e29bf,5247434efffe01013004000010000100,,NCGR graphics,Confirmed,True,False,,,,,,,,,,False,False
/pbr/poke_icon.narc,/pbr/poke_icon.narc!/member_00184,0,/pbr/poke_icon.narc,499,184,,196144,197216,191772,192844,1072,224ee3273a8326ccc3914a4f89324cd160d8eedf6c46eab2987aca85f4f47060,5247434efffe01013004000010000100,,NCGR graphics,Confirmed,True,False,,,,,,,,,,False,False
/pbr/poke_icon.narc,/pbr/poke_icon.narc!/member_00185,0,/pbr/poke_icon.narc,499,185,,197216,198288,192844,193916,1072,cecbfe2b2efb09d257827bb0b41136b8e1bf6a296115db2cbb13e8caf4e81af9,5247434efffe01013004000010000100,,NCGR graphics,Confirmed,True,False,,,,,,,,,,False,False
/pbr/poke_icon.narc,/pbr/poke_icon.narc!/member_00186,0,/pbr/poke_icon.narc,499,186,,198288,199360,193916,194988,1072,ddd2aa0e74306cd98d91b599256ef4aa461c234079c15e09623d26fb36c19356,5247434efffe01013004000010000100,,NCGR graphics,Confirmed,True,False,,,,,,,,,,False,False
/pbr/poke_icon.narc,/pbr/poke_icon.narc!/member_00187,0,/pbr/poke_icon.narc,499,187,,199360,200432,194988,196060,1072,912fd22b9aa240a5cff9436c62fbec613a6dfe83ad863c8fe494d252de04bd88,5247434efffe01013004000010000100,,NCGR graphics,Confirmed,True,False,,,,,,,,,,False,False
/pbr/poke_icon.narc,/pbr/poke_icon.narc!/member_00188,0,/pbr/poke_icon.narc,499,188,,200432,201504,196060,197132,1072,8dcd15dab70eaeb1ce704235d888340b42c00492e1f42ca0e1df5ce842d75e74,5247434efffe01013004000010000100,,NCGR graphics,Confirmed,True,False,,,,,,,,,,False,False
/pbr/poke_icon.narc,/pbr/poke_icon.narc!/member_00189,0,/pbr/poke_icon.narc,499,189,,201504,202576,197132,198204,1072,0dafe458aad0f4967b985cd0858319ab19750e86fe39b7d3b44af23cc734c9cf,5247434efffe01013004000010000100,,NCGR graphics,Confirmed,True,False,,,,,,,,,,False,False
/pbr/poke_icon.narc,/pbr/poke_icon.narc!/member_00190,0,/pbr/poke_icon.narc,499,190,,202576,203648,198204,199276,1072,fb68c0e1e71b6d311979ba32d1996d15e3f78904d25f46073397dc401afd1d94,5247434efffe01013004000010000100,,NCGR graphics,Confirmed,True,False,,,,,,,,,,False,False
/pbr/poke_icon.narc,/pbr/poke_icon.narc!/member_00191,0,/pbr/poke_icon.narc,499,191,,203648,204720,199276,200348,1072,1912d56cf0a41115028cbb1effae85d82a654ef5e86744e594d28b7648107efb,5247434efffe01013004000010000100,,NCGR graphics,Confirmed,True,False,,,,,,,,,,False,False
/pbr/poke_icon.narc,/pbr/poke_icon.narc!/member_00192,0,/pbr/poke_icon.narc,499,192,,204720,205792,200348,201420,1072,426fc1f2a1f0b1a934438309f8a9f93b0d645ddbb73f8ee98f869587abbd4628,5247434efffe01013004000010000100,,NCGR graphics,Confirmed,True,False,,,,,,,,,,False,False
/pbr/poke_icon.narc,/pbr/poke_icon.narc!/member_00193,0,/pbr/poke_icon.narc,499,193,,205792,206864,201420,202492,1072,b0a45303e2cf8b1ee4355f29d3817668a0100a9d65301f07a098c2b5dc616e07,5247434efffe01013004000010000100,,NCGR graphics,Confirmed,True,False,,,,,,,,,,False,False
/pbr/poke_icon.narc,/pbr/poke_icon.narc!/member_00194,0,/pbr/poke_icon.narc,499,194,,206864,207936,202492,203564,1072,986d32e831564e22ed7c001680a6e008395aa0d861681e034769db2a6bdeb13b,5247434efffe01013004000010000100,,NCGR graphics,Confirmed,True,False,,,,,,,,,,False,False
/pbr/poke_icon.narc,/pbr/poke_icon.narc!/member_00195,0,/pbr/poke_icon.narc,499,195,,207936,209008,203564,204636,1072,8c2fc1d95c5573b7c0592e641613a67e75b1c268e7dee83aa90f047755c22805,5247434efffe01013004000010000100,,NCGR graphics,Confirmed,True,False,,,,,,,,,,False,False
/pbr/poke_icon.narc,/pbr/poke_icon.narc!/member_00196,0,/pbr/poke_icon.narc,499,196,,209008,210080,204636,205708,1072,b95212cc9b7accca15fa37d30b9035111f2dd512fbea214eb7cca00d82ee38c5,5247434efffe01013004000010000100,,NCGR graphics,Confirmed,True,False,,,,,,,,,,False,False
/pbr/poke_icon.narc,/pbr/poke_icon.narc!/member_00197,0,/pbr/poke_icon.narc,499,197,,210080,211152,205708,206780,1072,6a05eea85b2edd4a7e501deca2f6116501b0e50b4371c0791f82af6be81b3822,5247434efffe01013004000010000100,,NCGR graphics,Confirmed,True,False,,,,,,,,,,False,False
/pbr/poke_icon.narc,/pbr/poke_icon.narc!/member_00198,0,/pbr/poke_icon.narc,499,198,,211152,212224,206780,207852,1072,88e797c10c02d163a7cc55cfe86301f3590d004a4e2a01e50442ee1ac780f73c,5247434efffe01013004000010000100,,NCGR graphics,Confirmed,True,False,,,,,,,,,,False,False
/pbr/poke_icon.narc,/pbr/poke_icon.narc!/member_00199,0,/pbr/poke_icon.narc,499,199,,212224,213296,207852,208924,1072,9812795fcec316d48ab5ed1245aaf943f1997fe37d2f0731bfda8b0faf8c0904,5247434efffe01013004000010000100,,NCGR graphics,Confirmed,True,False,,,,,,,,,,False,False
/pbr/poke_icon.narc,/pbr/poke_icon.narc!/member_00200,0,/pbr/poke_icon.narc,499,200,,213296,214368,208924,209996,1072,3cd253fbb5578a97ac3635d2536b5f7f0ddac0bff388d08fbc69825a82de0ae6,5247434efffe01013004000010000100,,NCGR graphics,Confirmed,True,False,,,,,,,,,,False,False
/pbr/poke_icon.narc,/pbr/poke_icon.narc!/member_00201,0,/pbr/poke_icon.narc,499,201,,214368,215440,209996,211068,1072,de0aec80b2134f32f5356395f1e6bf85564d036a75a7c17bcd456287b805af5e,5247434efffe01013004000010000100,,NCGR graphics,Confirmed,True,False,,,,,,,,,,False,False
/pbr/poke_icon.narc,/pbr/poke_icon.narc!/member_00202,0,/pbr/poke_icon.narc,499,202,,215440,216512,211068,212140,1072,b797ade5d6a6b4e86dffddc0fe2ab9bf76584604794b208dfa2b722f37774f20,5247434efffe01013004000010000100,,NCGR graphics,Confirmed,True,False,,,,,,,,,,False,False
/pbr/poke_icon.narc,/pbr/poke_icon.narc!/member_00203,0,/pbr/poke_icon.narc,499,203,,216512,217584,212140,213212,1072,a9c0161c69ee464cd354a575b1869ce24e8db7e4f8251bcc122a43f5f56d37bd,5247434efffe01013004000010000100,,NCGR graphics,Confirmed,True,False,,,,,,,,,,False,False
/pbr/poke_icon.narc,/pbr/poke_icon.narc!/member_00204,0,/pbr/poke_icon.narc,499,204,,217584,218656,213212,214284,1072,8229eb154778a10a5099a043d4b31656588b177d45651ba8baf779baaf6ed2fc,5247434efffe01013004000010000100,,NCGR graphics,Confirmed,True,False,,,,,,,,,,False,False
/pbr/poke_icon.narc,/pbr/poke_icon.narc!/member_00205,0,/pbr/poke_icon.narc,499,205,,218656,219728,214284,215356,1072,39f69f8d85bf7bc47f2a2d39764014046effe33cd1048288b557052f443eb227,5247434efffe01013004000010000100,,NCGR graphics,Confirmed,True,False,,,,,,,,,,False,False
/pbr/poke_icon.narc,/pbr/poke_icon.narc!/member_00206,0,/pbr/poke_icon.narc,499,206,,219728,220800,215356,216428,1072,ab19aa94b497be85171ca48b8d04990da67b8180e1a129583fbb7f86e47f6261,5247434efffe01013004000010000100,,NCGR graphics,Confirmed,True,False,,,,,,,,,,False,False
/pbr/poke_icon.narc,/pbr/poke_icon.narc!/member_00207,0,/pbr/poke_icon.narc,499,207,,220800,221872,216428,217500,1072,8706c7f72580635fb9ec60320025e5425ab066bb5533d574b29c4775fff1c4f4,5247434efffe01013004000010000100,,NCGR graphics,Confirmed,True,False,,,,,,,,,,False,False
/pbr/poke_icon.narc,/pbr/poke_icon.narc!/member_00208,0,/pbr/poke_icon.narc,499,208,,221872,222944,217500,218572,1072,8f1853e95351bf343d2181aafbe91d00f2b476d0704674e26c7fc25ce668e853,5247434efffe01013004000010000100,,NCGR graphics,Confirmed,True,False,,,,,,,,,,False,False
/pbr/poke_icon.narc,/pbr/poke_icon.narc!/member_00209,0,/pbr/poke_icon.narc,499,209,,222944,224016,218572,219644,1072,ee1416499b84fbfcbbf77e77f27ced4158b335b04d0783ed94356ae18d725d2f,5247434efffe01013004000010000100,,NCGR graphics,Confirmed,True,False,,,,,,,,,,False,False
/pbr/poke_icon.narc,/pbr/poke_icon.narc!/member_00210,0,/pbr/poke_icon.narc,499,210,,224016,225088,219644,220716,1072,0ccd4c6c3e199526de5b8643647cbc4bb46a5f2f75ea89a4f1627855d3f1db7d,5247434efffe01013004000010000100,,NCGR graphics,Confirmed,True,False,,,,,,,,,,False,False
/pbr/poke_icon.narc,/pbr/poke_icon.narc!/member_00211,0,/pbr/poke_icon.narc,499,211,,225088,226160,220716,221788,1072,f8c614cab4b0456eb3f2011a287ab712d17791f15efa467b624416a6c3993458,5247434efffe01013004000010000100,,NCGR graphics,Confirmed,True,False,,,,,,,,,,False,False
/pbr/poke_icon.narc,/pbr/poke_icon.narc!/member_00212,0,/pbr/poke_icon.narc,499,212,,226160,227232,221788,222860,1072,85fde85741de74d11b6384aa8d819a4b6116086e87954cf0d1aa4275b566addd,5247434efffe01013004000010000100,,NCGR graphics,Confirmed,True,False,,,,,,,,,,False,False
/pbr/poke_icon.narc,/pbr/poke_icon.narc!/member_00213,0,/pbr/poke_icon.narc,499,213,,227232,228304,222860,223932,1072,1468fa6012cda45f3787519c5651f43dbbdac49fff971b111a5e6d10ba92e940,5247434efffe01013004000010000100,,NCGR graphics,Confirmed,True,False,,,,,,,,,,False,False
/pbr/poke_icon.narc,/pbr/poke_icon.narc!/member_00214,0,/pbr/poke_icon.narc,499,214,,228304,229376,223932,225004,1072,ed5f1fe2fe6d953b3343220606413a419b22d76982b1b23eea16dc80b1b707e0,5247434efffe01013004000010000100,,NCGR graphics,Confirmed,True,False,,,,,,,,,,False,False
/pbr/poke_icon.narc,/pbr/poke_icon.narc!/member_00215,0,/pbr/poke_icon.narc,499,215,,229376,230448,225004,226076,1072,5dce465765165c68ff8098b5ca82f5f780d81c724db91d260fd29972be25af6a,5247434efffe01013004000010000100,,NCGR graphics,Confirmed,True,False,,,,,,,,,,False,False
/pbr/poke_icon.narc,/pbr/poke_icon.narc!/member_00216,0,/pbr/poke_icon.narc,499,216,,230448,231520,226076,227148,1072,b6c9bcff2465b87c67576ae6f65f84d502557c49f135306e3b7c270f4fae7ba8,5247434efffe01013004000010000100,,NCGR graphics,Confirmed,True,False,,,,,,,,,,False,False
/pbr/poke_icon.narc,/pbr/poke_icon.narc!/member_00217,0,/pbr/poke_icon.narc,499,217,,231520,232592,227148,228220,1072,a770ed44b40c8fc40b73531ab60ce7b1dda63da9eae50d7e38e2e3614fbb209b,5247434efffe01013004000010000100,,NCGR graphics,Confirmed,True,False,,,,,,,,,,False,False
/pbr/poke_icon.narc,/pbr/poke_icon.narc!/member_00218,0,/pbr/poke_icon.narc,499,218,,232592,233664,228220,229292,1072,c5ef658fee16a7517b60dc3e555427fd33fbe01ffbfeb5654f33032b6c69e7ed,5247434efffe01013004000010000100,,NCGR graphics,Confirmed,True,False,,,,,,,,,,False,False
/pbr/poke_icon.narc,/pbr/poke_icon.narc!/member_00219,0,/pbr/poke_icon.narc,499,219,,233664,234736,229292,230364,1072,535ad1c2fa3a58e453a0f49856f4f291da8d317ac60e9e0a0f3ff685037a03cb,5247434efffe01013004000010000100,,NCGR graphics,Confirmed,True,False,,,,,,,,,,False,False
/pbr/poke_icon.narc,/pbr/poke_icon.narc!/member_00220,0,/pbr/poke_icon.narc,499,220,,234736,235808,230364,231436,1072,0137074c8af547afed06d2d8caa8f295cdcdaf7822e967bb2e5f2c5e7e2767fb,5247434efffe01013004000010000100,,NCGR graphics,Confirmed,True,False,,,,,,,,,,False,False
/pbr/poke_icon.narc,/pbr/poke_icon.narc!/member_00221,0,/pbr/poke_icon.narc,499,221,,235808,236880,231436,232508,1072,2f9b814210d10f33e50e9d44f22a0f92f05323d2a6caa98380893a8b86a216a7,5247434efffe01013004000010000100,,NCGR graphics,Confirmed,True,False,,,,,,,,,,False,False
/pbr/poke_icon.narc,/pbr/poke_icon.narc!/member_00222,0,/pbr/poke_icon.narc,499,222,,236880,237952,232508,233580,1072,b902494dcc3daf77b4b21bd3acfe55de9e4a6bb2c834fafd4baff65a93513294,5247434efffe01013004000010000100,,NCGR graphics,Confirmed,True,False,,,,,,,,,,False,False
/pbr/poke_icon.narc,/pbr/poke_icon.narc!/member_00223,0,/pbr/poke_icon.narc,499,223,,237952,239024,233580,234652,1072,d6f10101225a96d447268050324f8cd259903c13c95f33606a6a0f6284b9066d,5247434efffe01013004000010000100,,NCGR graphics,Confirmed,True,False,,,,,,,,,,False,False
/pbr/poke_icon.narc,/pbr/poke_icon.narc!/member_00224,0,/pbr/poke_icon.narc,499,224,,239024,240096,234652,235724,1072,f83b1eefdba91650eda692f2838a610d0fcbf03b24652aaaf3da9d337352280a,5247434efffe01013004000010000100,,NCGR graphics,Confirmed,True,False,,,,,,,,,,False,False
/pbr/poke_icon.narc,/pbr/poke_icon.narc!/member_00225,0,/pbr/poke_icon.narc,499,225,,240096,241168,235724,236796,1072,504f877798782546d2af898b93a6bfd6193eb8ddb8e252887bf217579e2c6ed9,5247434efffe01013004000010000100,,NCGR graphics,Confirmed,True,False,,,,,,,,,,False,False
/pbr/poke_icon.narc,/pbr/poke_icon.narc!/member_00226,0,/pbr/poke_icon.narc,499,226,,241168,242240,236796,237868,1072,687e05f0da95df72720cba73ede6a49913a8c29999057e9c6657548b17f65f95,5247434efffe01013004000010000100,,NCGR graphics,Confirmed,True,False,,,,,,,,,,False,False
/pbr/poke_icon.narc,/pbr/poke_icon.narc!/member_00227,0,/pbr/poke_icon.narc,499,227,,242240,243312,237868,238940,1072,898c33b33d188c8ec795ee27eb07ea83c563abca7eaf09f06104b6ae791326c4,5247434efffe01013004000010000100,,NCGR graphics,Confirmed,True,False,,,,,,,,,,False,False
/pbr/poke_icon.narc,/pbr/poke_icon.narc!/member_00228,0,/pbr/poke_icon.narc,499,228,,243312,244384,238940,240012,1072,2bc73b0ea24db7f236d0d3b141cc86b48acdb20573af5c85a5cf5c9bbc3b0573,5247434efffe01013004000010000100,,NCGR graphics,Confirmed,True,False,,,,,,,,,,False,False
/pbr/poke_icon.narc,/pbr/poke_icon.narc!/member_00229,0,/pbr/poke_icon.narc,499,229,,244384,245456,240012,241084,1072,69ad528af77770047a891fdb3cc4183fb1e58472267f1731a4c7aa54e1a5bf10,5247434efffe01013004000010000100,,NCGR graphics,Confirmed,True,False,,,,,,,,,,False,False
/pbr/poke_icon.narc,/pbr/poke_icon.narc!/member_00230,0,/pbr/poke_icon.narc,499,230,,245456,246528,241084,242156,1072,952c3b2a64917501776722ef9a4fa290751783038a1c73be64a70ad27879e389,5247434efffe01013004000010000100,,NCGR graphics,Confirmed,True,False,,,,,,,,,,False,False
/pbr/poke_icon.narc,/pbr/poke_icon.narc!/member_00231,0,/pbr/poke_icon.narc,499,231,,246528,247600,242156,243228,1072,901255124e17f10b191571580c21f7dc2ffcd39e904f201b41c0e57110ceda97,5247434efffe01013004000010000100,,NCGR graphics,Confirmed,True,False,,,,,,,,,,False,False
/pbr/poke_icon.narc,/pbr/poke_icon.narc!/member_00232,0,/pbr/poke_icon.narc,499,232,,247600,248672,243228,244300,1072,a7c664c12a7095ada69a828c1441568866e68f8416611398afa4cb0a4ba7d2e0,5247434efffe01013004000010000100,,NCGR graphics,Confirmed,True,False,,,,,,,,,,False,False
/pbr/poke_icon.narc,/pbr/poke_icon.narc!/member_00233,0,/pbr/poke_icon.narc,499,233,,248672,249744,244300,245372,1072,ccfd01a87f241a706595471ef34981ab27e04331783309a3df0762d678dd70b7,5247434efffe01013004000010000100,,NCGR graphics,Confirmed,True,False,,,,,,,,,,False,False
/pbr/poke_icon.narc,/pbr/poke_icon.narc!/member_00234,0,/pbr/poke_icon.narc,499,234,,249744,250816,245372,246444,1072,425932ff060a6747b04c2c2862df2fbeed21a10fe56bdbf869fbadcb9c8d5791,5247434efffe01013004000010000100,,NCGR graphics,Confirmed,True,False,,,,,,,,,,False,False
/pbr/poke_icon.narc,/pbr/poke_icon.narc!/member_00235,0,/pbr/poke_icon.narc,499,235,,250816,251888,246444,247516,1072,43309aa01eb0a7a59d1e0216a3e8e733b45a0667cec8fe098b9de47cf439be7a,5247434efffe01013004000010000100,,NCGR graphics,Confirmed,True,False,,,,,,,,,,False,False
/pbr/poke_icon.narc,/pbr/poke_icon.narc!/member_00236,0,/pbr/poke_icon.narc,499,236,,251888,252960,247516,248588,1072,e03167dcaf6b6150de002e3b951565598367b617748aa465faf1c58bb4e295f3,5247434efffe01013004000010000100,,NCGR graphics,Confirmed,True,False,,,,,,,,,,False,False
/pbr/poke_icon.narc,/pbr/poke_icon.narc!/member_00237,0,/pbr/poke_icon.narc,499,237,,252960,254032,248588,249660,1072,7a5fad359492324df40796ca30f0f763a827109f503e3c2b4830618037cc21dc,5247434efffe01013004000010000100,,NCGR graphics,Confirmed,True,False,,,,,,,,,,False,False
/pbr/poke_icon.narc,/pbr/poke_icon.narc!/member_00238,0,/pbr/poke_icon.narc,499,238,,254032,255104,249660,250732,1072,3d9c7b15da03632a79d838d1dd47ec5e14e58895e94073bb324afbf930ec1640,5247434efffe01013004000010000100,,NCGR graphics,Confirmed,True,False,,,,,,,,,,False,False
/pbr/poke_icon.narc,/pbr/poke_icon.narc!/member_00239,0,/pbr/poke_icon.narc,499,239,,255104,256176,250732,251804,1072,c4eb22417920584dcad98fe405198bd74f1bd2e06452a85c6ef113d6d441435e,5247434efffe01013004000010000100,,NCGR graphics,Confirmed,True,False,,,,,,,,,,False,False
/pbr/poke_icon.narc,/pbr/poke_icon.narc!/member_00240,0,/pbr/poke_icon.narc,499,240,,256176,257248,251804,252876,1072,8fbbfaf3d2601dde37b9f66071e03f679d4b5236f73b4e1be71d2139f1c0fa22,5247434efffe01013004000010000100,,NCGR graphics,Confirmed,True,False,,,,,,,,,,False,False
/pbr/poke_icon.narc,/pbr/poke_icon.narc!/member_00241,0,/pbr/poke_icon.narc,499,241,,257248,258320,252876,253948,1072,9bd9d51b34b05e9b679f458002578d476cdfaa3b1d52f6ce5e9cd0e17ae3f524,5247434efffe01013004000010000100,,NCGR graphics,Confirmed,True,False,,,,,,,,,,False,False
/pbr/poke_icon.narc,/pbr/poke_icon.narc!/member_00242,0,/pbr/poke_icon.narc,499,242,,258320,259392,253948,255020,1072,4494966ebc705475adff52ce92003d217a132de80a0d21c45843b7ce4888bd53,5247434efffe01013004000010000100,,NCGR graphics,Confirmed,True,False,,,,,,,,,,False,False
/pbr/poke_icon.narc,/pbr/poke_icon.narc!/member_00243,0,/pbr/poke_icon.narc,499,243,,259392,260464,255020,256092,1072,f5394c4e57b90551f32613829df7d074d6f906c9199768ef1d6ace4d26f06f9e,5247434efffe01013004000010000100,,NCGR graphics,Confirmed,True,False,,,,,,,,,,False,False
/pbr/poke_icon.narc,/pbr/poke_icon.narc!/member_00244,0,/pbr/poke_icon.narc,499,244,,260464,261536,256092,257164,1072,adac300c043cbe983db5135e5bcb913475dfb92485fd7d33d2ffe9fbbada95c0,5247434efffe01013004000010000100,,NCGR graphics,Confirmed,True,False,,,,,,,,,,False,False
/pbr/poke_icon.narc,/pbr/poke_icon.narc!/member_00245,0,/pbr/poke_icon.narc,499,245,,261536,262608,257164,258236,1072,bceda190a28b5fe2bb4e071124e824b71b74f2172c08cba8acc77fb27c6b7be4,5247434efffe01013004000010000100,,NCGR graphics,Confirmed,True,False,,,,,,,,,,False,False
/pbr/poke_icon.narc,/pbr/poke_icon.narc!/member_00246,0,/pbr/poke_icon.narc,499,246,,262608,263680,258236,259308,1072,2a1fad1e3cef953cf1feb4c9b8e12e072dc81a977109565da2aba4a3611d5581,5247434efffe01013004000010000100,,NCGR graphics,Confirmed,True,False,,,,,,,,,,False,False
/pbr/poke_icon.narc,/pbr/poke_icon.narc!/member_00247,0,/pbr/poke_icon.narc,499,247,,263680,264752,259308,260380,1072,b6e46caba9d70b0c33a536d8edef0047d46b5cba0c1f80583444e9d3e36403ff,5247434efffe01013004000010000100,,NCGR graphics,Confirmed,True,False,,,,,,,,,,False,False
/pbr/poke_icon.narc,/pbr/poke_icon.narc!/member_00248,0,/pbr/poke_icon.narc,499,248,,264752,265824,260380,261452,1072,2bafe224e78fcd1b6a01d60b94279c8c63a65f7a03c4bfcb7ff8e88d2e239da2,5247434efffe01013004000010000100,,NCGR graphics,Confirmed,True,False,,,,,,,,,,False,False
/pbr/poke_icon.narc,/pbr/poke_icon.narc!/member_00249,0,/pbr/poke_icon.narc,499,249,,265824,266896,261452,262524,1072,122a374a2a2a766c7bcb63fde130087294ceba3a849e0faa7f64cfa9f4188a75,5247434efffe01013004000010000100,,NCGR graphics,Confirmed,True,False,,,,,,,,,,False,False
/pbr/poke_icon.narc,/pbr/poke_icon.narc!/member_00250,0,/pbr/poke_icon.narc,499,250,,266896,267968,262524,263596,1072,14da0a888bca98d570f6889eeffe40198c426b8e9cdb898e21d78fb5dfccf1d7,5247434efffe01013004000010000100,,NCGR graphics,Confirmed,True,False,,,,,,,,,,False,False
/pbr/poke_icon.narc,/pbr/poke_icon.narc!/member_00251,0,/pbr/poke_icon.narc,499,251,,267968,269040,263596,264668,1072,61b50f97dc07f5398e2be35e15f192c0463dea89702a27fdf04c06e79fbf29ce,5247434efffe01013004000010000100,,NCGR graphics,Confirmed,True,False,,,,,,,,,,False,False
/pbr/poke_icon.narc,/pbr/poke_icon.narc!/member_00252,0,/pbr/poke_icon.narc,499,252,,269040,270112,264668,265740,1072,e5b6c846a5ced300b36193a316724dbc40d4c31888f2bbd4ca359727916b466f,5247434efffe01013004000010000100,,NCGR graphics,Confirmed,True,False,,,,,,,,,,False,False
/pbr/poke_icon.narc,/pbr/poke_icon.narc!/member_00253,0,/pbr/poke_icon.narc,499,253,,270112,271184,265740,266812,1072,ccffdcb33a2d08676c21ab50f66e6c3f686d85ab0bfa91104d6551753de2ddee,5247434efffe01013004000010000100,,NCGR graphics,Confirmed,True,False,,,,,,,,,,False,False
/pbr/poke_icon.narc,/pbr/poke_icon.narc!/member_00254,0,/pbr/poke_icon.narc,499,254,,271184,272256,266812,267884,1072,6119dfa3c2f29c9007bc96d5906948cd15d072042ae77c59f2907d0d1d1e5fde,5247434efffe01013004000010000100,,NCGR graphics,Confirmed,True,False,,,,,,,,,,False,False
/pbr/poke_icon.narc,/pbr/poke_icon.narc!/member_00255,0,/pbr/poke_icon.narc,499,255,,272256,273328,267884,268956,1072,4598a70fd7060895cf49a46daea658279aea43f3c7323248963be6521d213a51,5247434efffe01013004000010000100,,NCGR graphics,Confirmed,True,False,,,,,,,,,,False,False
/pbr/poke_icon.narc,/pbr/poke_icon.narc!/member_00256,0,/pbr/poke_icon.narc,499,256,,273328,274400,268956,270028,1072,a7daa7c9860e25f8c972d57ced81f08db4881aa38c21c893db35c4135e008ade,5247434efffe01013004000010000100,,NCGR graphics,Confirmed,True,False,,,,,,,,,,False,False
/pbr/poke_icon.narc,/pbr/poke_icon.narc!/member_00257,0,/pbr/poke_icon.narc,499,257,,274400,275472,270028,271100,1072,58d5ade9a508bd709542e1efacd16a70359f755e7474ab63127c1a9df705b816,5247434efffe01013004000010000100,,NCGR graphics,Confirmed,True,False,,,,,,,,,,False,False
/pbr/poke_icon.narc,/pbr/poke_icon.narc!/member_00258,0,/pbr/poke_icon.narc,499,258,,275472,276544,271100,272172,1072,088fd6fd6798a0bff829b28d4b8a39292298882784613cd2c433f7e588e9f838,5247434efffe01013004000010000100,,NCGR graphics,Confirmed,True,False,,,,,,,,,,False,False
/pbr/poke_icon.narc,/pbr/poke_icon.narc!/member_00259,0,/pbr/poke_icon.narc,499,259,,276544,277616,272172,273244,1072,2825c569642e4bdc29849322e1249485edc5f6e1a7f1cdbf3c29cc55aa98a149,5247434efffe01013004000010000100,,NCGR graphics,Confirmed,True,False,,,,,,,,,,False,False
/pbr/poke_icon.narc,/pbr/poke_icon.narc!/member_00260,0,/pbr/poke_icon.narc,499,260,,277616,278688,273244,274316,1072,443e7e2902dd333780c5de43599faa559e25010f3dfa6b40a48469e89d65fe1d,5247434efffe01013004000010000100,,NCGR graphics,Confirmed,True,False,,,,,,,,,,False,False
/pbr/poke_icon.narc,/pbr/poke_icon.narc!/member_00261,0,/pbr/poke_icon.narc,499,261,,278688,279760,274316,275388,1072,80c2f651047427fc19b15f5629b4388cd424b944abea78daef4e17c4042a21c8,5247434efffe01013004000010000100,,NCGR graphics,Confirmed,True,False,,,,,,,,,,False,False
/pbr/poke_icon.narc,/pbr/poke_icon.narc!/member_00262,0,/pbr/poke_icon.narc,499,262,,279760,280832,275388,276460,1072,34da7b8693d5e0dea460efa347fc0b0a87abb8fd72aafc7a930885015408ae70,5247434efffe01013004000010000100,,NCGR graphics,Confirmed,True,False,,,,,,,,,,False,False
/pbr/poke_icon.narc,/pbr/poke_icon.narc!/member_00263,0,/pbr/poke_icon.narc,499,263,,280832,281904,276460,277532,1072,2d0eae591fac6a5595df3b8ce440c4d4103a4cd7c5cf7f50dcec09d88703481a,5247434efffe01013004000010000100,,NCGR graphics,Confirmed,True,False,,,,,,,,,,False,False
/pbr/poke_icon.narc,/pbr/poke_icon.narc!/member_00264,0,/pbr/poke_icon.narc,499,264,,281904,282976,277532,278604,1072,bb9f5f2c3d8e65ed6dd62282990fdc3e00f713b868d70c518222699f2e90ad2f,5247434efffe01013004000010000100,,NCGR graphics,Confirmed,True,False,,,,,,,,,,False,False
/pbr/poke_icon.narc,/pbr/poke_icon.narc!/member_00265,0,/pbr/poke_icon.narc,499,265,,282976,284048,278604,279676,1072,765dc71961bcd47ab156994056fa451890c8d82caa7faadc5301b30201d6cd40,5247434efffe01013004000010000100,,NCGR graphics,Confirmed,True,False,,,,,,,,,,False,False
/pbr/poke_icon.narc,/pbr/poke_icon.narc!/member_00266,0,/pbr/poke_icon.narc,499,266,,284048,285120,279676,280748,1072,97f127bbff67e76862ff1585d92e6d45b74fa92096137a053ea7f7ef67bb787f,5247434efffe01013004000010000100,,NCGR graphics,Confirmed,True,False,,,,,,,,,,False,False
/pbr/poke_icon.narc,/pbr/poke_icon.narc!/member_00267,0,/pbr/poke_icon.narc,499,267,,285120,286192,280748,281820,1072,49746eb70e04cc171e68e2d633235463be4f1e9e12428c785b62af2bc22e0372,5247434efffe01013004000010000100,,NCGR graphics,Confirmed,True,False,,,,,,,,,,False,False
/pbr/poke_icon.narc,/pbr/poke_icon.narc!/member_00268,0,/pbr/poke_icon.narc,499,268,,286192,287264,281820,282892,1072,d265bce70566f320e84feabd3e74c6beeb0e537048a46164a188c5aba101007e,5247434efffe01013004000010000100,,NCGR graphics,Confirmed,True,False,,,,,,,,,,False,False
/pbr/poke_icon.narc,/pbr/poke_icon.narc!/member_00269,0,/pbr/poke_icon.narc,499,269,,287264,288336,282892,283964,1072,149d40aac2efbacf5109a26157d24fb2bb2ae9c63896a5d15fb21790dca04704,5247434efffe01013004000010000100,,NCGR graphics,Confirmed,True,False,,,,,,,,,,False,False
/pbr/poke_icon.narc,/pbr/poke_icon.narc!/member_00270,0,/pbr/poke_icon.narc,499,270,,288336,289408,283964,285036,1072,2ab6ec68fc6ee8e51f4e12bcf5213226c36906671ab7168a1bb87ba51077ccf2,5247434efffe01013004000010000100,,NCGR graphics,Confirmed,True,False,,,,,,,,,,False,False
/pbr/poke_icon.narc,/pbr/poke_icon.narc!/member_00271,0,/pbr/poke_icon.narc,499,271,,289408,290480,285036,286108,1072,455d06a3ea79eb70da9b787ac0f04b7dc2686e9a584922b82d763ba176f54948,5247434efffe01013004000010000100,,NCGR graphics,Confirmed,True,False,,,,,,,,,,False,False
/pbr/poke_icon.narc,/pbr/poke_icon.narc!/member_00272,0,/pbr/poke_icon.narc,499,272,,290480,291552,286108,287180,1072,c4632192e5c050f1e4b146c5ffe828da8d11642cc032327515dab74fa6ae22c4,5247434efffe01013004000010000100,,NCGR graphics,Confirmed,True,False,,,,,,,,,,False,False
/pbr/poke_icon.narc,/pbr/poke_icon.narc!/member_00273,0,/pbr/poke_icon.narc,499,273,,291552,292624,287180,288252,1072,58205c3e4362a0116650986f86d9a0231a6fa23c060074eca654a1c8d0982af4,5247434efffe01013004000010000100,,NCGR graphics,Confirmed,True,False,,,,,,,,,,False,False
/pbr/poke_icon.narc,/pbr/poke_icon.narc!/member_00274,0,/pbr/poke_icon.narc,499,274,,292624,293696,288252,289324,1072,d64aca96e033358eaeb2f4189ae626dbaca55d52f32522aaee98ea7e73a1c147,5247434efffe01013004000010000100,,NCGR graphics,Confirmed,True,False,,,,,,,,,,False,False
/pbr/poke_icon.narc,/pbr/poke_icon.narc!/member_00275,0,/pbr/poke_icon.narc,499,275,,293696,294768,289324,290396,1072,10380e7a592c02f87bc1965117bc5fbc9b9ebcc2938c69d20910d5159371f27f,5247434efffe01013004000010000100,,NCGR graphics,Confirmed,True,False,,,,,,,,,,False,False
/pbr/poke_icon.narc,/pbr/poke_icon.narc!/member_00276,0,/pbr/poke_icon.narc,499,276,,294768,295840,290396,291468,1072,24715a864f93f6aed687355dffcd83d8e455c4e5079d5a3729e871d72872e214,5247434efffe01013004000010000100,,NCGR graphics,Confirmed,True,False,,,,,,,,,,False,False
/pbr/poke_icon.narc,/pbr/poke_icon.narc!/member_00277,0,/pbr/poke_icon.narc,499,277,,295840,296912,291468,292540,1072,1cd7753c14999134a65ffe2b57cc89bd57dc5ddc3e34e389fb208ff47a18cd7a,5247434efffe01013004000010000100,,NCGR graphics,Confirmed,True,False,,,,,,,,,,False,False
/pbr/poke_icon.narc,/pbr/poke_icon.narc!/member_00278,0,/pbr/poke_icon.narc,499,278,,296912,297984,292540,293612,1072,f5851038b37c3d591e815dba0665e8cda5d074bf94523d048222633afc5900fd,5247434efffe01013004000010000100,,NCGR graphics,Confirmed,True,False,,,,,,,,,,False,False
/pbr/poke_icon.narc,/pbr/poke_icon.narc!/member_00279,0,/pbr/poke_icon.narc,499,279,,297984,299056,293612,294684,1072,e00609f2370e9e4b87daacb82a5ce88ce2f6a42ae62c9a7318ecd77200c65256,5247434efffe01013004000010000100,,NCGR graphics,Confirmed,True,False,,,,,,,,,,False,False
/pbr/poke_icon.narc,/pbr/poke_icon.narc!/member_00280,0,/pbr/poke_icon.narc,499,280,,299056,300128,294684,295756,1072,2f67deb3afcecb5906d3cac5fc7ef4f31d8e916049d662df008bb0e5dd5180b8,5247434efffe01013004000010000100,,NCGR graphics,Confirmed,True,False,,,,,,,,,,False,False
/pbr/poke_icon.narc,/pbr/poke_icon.narc!/member_00281,0,/pbr/poke_icon.narc,499,281,,300128,301200,295756,296828,1072,f887e0e103c37f7ee8464f85de76fb1ec64501494f7d009de1abdcd9133215a4,5247434efffe01013004000010000100,,NCGR graphics,Confirmed,True,False,,,,,,,,,,False,False
/pbr/poke_icon.narc,/pbr/poke_icon.narc!/member_00282,0,/pbr/poke_icon.narc,499,282,,301200,302272,296828,297900,1072,1989ee3eadb818b4e5fdcf8c4a55a465afece00fcc03a13dde913cb05b1d0b82,5247434efffe01013004000010000100,,NCGR graphics,Confirmed,True,False,,,,,,,,,,False,False
/pbr/poke_icon.narc,/pbr/poke_icon.narc!/member_00283,0,/pbr/poke_icon.narc,499,283,,302272,303344,297900,298972,1072,d6898c6465f52f3d1f3dbd4ff44f279a10f2baab40669d32027fa99715c34d43,5247434efffe01013004000010000100,,NCGR graphics,Confirmed,True,False,,,,,,,,,,False,False
/pbr/poke_icon.narc,/pbr/poke_icon.narc!/member_00284,0,/pbr/poke_icon.narc,499,284,,303344,304416,298972,300044,1072,c1e96df9780240b89869db9856a0057cb4c326573b143e044abbd3573ebb6813,5247434efffe01013004000010000100,,NCGR graphics,Confirmed,True,False,,,,,,,,,,False,False
/pbr/poke_icon.narc,/pbr/poke_icon.narc!/member_00285,0,/pbr/poke_icon.narc,499,285,,304416,305488,300044,301116,1072,e70b459cc536c0a3c3a152db3917af81f06acb8958ad450c46810feee89962ee,5247434efffe01013004000010000100,,NCGR graphics,Confirmed,True,False,,,,,,,,,,False,False
/pbr/poke_icon.narc,/pbr/poke_icon.narc!/member_00286,0,/pbr/poke_icon.narc,499,286,,305488,306560,301116,302188,1072,b37c9bc0c9cef1f5dcb69bc36c43e2d215164593fcedcbfbdf4c3d8b1ab68574,5247434efffe01013004000010000100,,NCGR graphics,Confirmed,True,False,,,,,,,,,,False,False
/pbr/poke_icon.narc,/pbr/poke_icon.narc!/member_00287,0,/pbr/poke_icon.narc,499,287,,306560,307632,302188,303260,1072,0c74638d7aeca5a404060282067789d07bcff348b22fd07eda69aa4d921f3bfb,5247434efffe01013004000010000100,,NCGR graphics,Confirmed,True,False,,,,,,,,,,False,False
/pbr/poke_icon.narc,/pbr/poke_icon.narc!/member_00288,0,/pbr/poke_icon.narc,499,288,,307632,308704,303260,304332,1072,080a1ba32b02a04de4abbe5a885d5578e17241fab82b3ce4898344cdb7415de4,5247434efffe01013004000010000100,,NCGR graphics,Confirmed,True,False,,,,,,,,,,False,False
/pbr/poke_icon.narc,/pbr/poke_icon.narc!/member_00289,0,/pbr/poke_icon.narc,499,289,,308704,309776,304332,305404,1072,8e99582417749995c2f8a7a04f73917b82fddcbf4f8584bfb165bd8d12457e2b,5247434efffe01013004000010000100,,NCGR graphics,Confirmed,True,False,,,,,,,,,,False,False
/pbr/poke_icon.narc,/pbr/poke_icon.narc!/member_00290,0,/pbr/poke_icon.narc,499,290,,309776,310848,305404,306476,1072,2f814b586a703352314e0861051c4d3f383f858a6ff841d846bb14f55f7f45b8,5247434efffe01013004000010000100,,NCGR graphics,Confirmed,True,False,,,,,,,,,,False,False
/pbr/poke_icon.narc,/pbr/poke_icon.narc!/member_00291,0,/pbr/poke_icon.narc,499,291,,310848,311920,306476,307548,1072,3bfbee0c898698789fc687a7dc493735e332a8ec3524960c41d5182fee87d666,5247434efffe01013004000010000100,,NCGR graphics,Confirmed,True,False,,,,,,,,,,False,False
/pbr/poke_icon.narc,/pbr/poke_icon.narc!/member_00292,0,/pbr/poke_icon.narc,499,292,,311920,312992,307548,308620,1072,735a136fc6ba4e7e9f62b55f30a8dd67f61373c9eeb341383e2b771bb0420cc1,5247434efffe01013004000010000100,,NCGR graphics,Confirmed,True,False,,,,,,,,,,False,False
/pbr/poke_icon.narc,/pbr/poke_icon.narc!/member_00293,0,/pbr/poke_icon.narc,499,293,,312992,314064,308620,309692,1072,38c4045f897b7fa2d27dee99e8c6cd35195cb7bb434a84a9e9ae53fa125cad27,5247434efffe01013004000010000100,,NCGR graphics,Confirmed,True,False,,,,,,,,,,False,False
/pbr/poke_icon.narc,/pbr/poke_icon.narc!/member_00294,0,/pbr/poke_icon.narc,499,294,,314064,315136,309692,310764,1072,bfa3e1d2e80cecd4f45bd8e3b1f4f284b40feb92f4f45abb5c5f7a7fcb4e555a,5247434efffe01013004000010000100,,NCGR graphics,Confirmed,True,False,,,,,,,,,,False,False
/pbr/poke_icon.narc,/pbr/poke_icon.narc!/member_00295,0,/pbr/poke_icon.narc,499,295,,315136,316208,310764,311836,1072,fbe859cc31d7964772eab797b186340c6dff842e5f43e6be27b569aff9ae158c,5247434efffe01013004000010000100,,NCGR graphics,Confirmed,True,False,,,,,,,,,,False,False
/pbr/poke_icon.narc,/pbr/poke_icon.narc!/member_00296,0,/pbr/poke_icon.narc,499,296,,316208,317280,311836,312908,1072,8ba06739acf0c50f671f24247e28e1d79a55213dd5e61a85d4297c071196c57d,5247434efffe01013004000010000100,,NCGR graphics,Confirmed,True,False,,,,,,,,,,False,False
/pbr/poke_icon.narc,/pbr/poke_icon.narc!/member_00297,0,/pbr/poke_icon.narc,499,297,,317280,318352,312908,313980,1072,a9de10d7c1529c75fe58e651da3c3c50ce71d1566206f563903b15048acf87db,5247434efffe01013004000010000100,,NCGR graphics,Confirmed,True,False,,,,,,,,,,False,False
/pbr/poke_icon.narc,/pbr/poke_icon.narc!/member_00298,0,/pbr/poke_icon.narc,499,298,,318352,319424,313980,315052,1072,3ec6e7c0c55c5d69bcbc31a0e3d55b2079daaed0d42e1a15f77b337c0f15e032,5247434efffe01013004000010000100,,NCGR graphics,Confirmed,True,False,,,,,,,,,,False,False
/pbr/poke_icon.narc,/pbr/poke_icon.narc!/member_00299,0,/pbr/poke_icon.narc,499,299,,319424,320496,315052,316124,1072,68ea7d3f8975e173b11f8750568837b6a9d2ca41fba3099d5a2c55a3b9c29d82,5247434efffe01013004000010000100,,NCGR graphics,Confirmed,True,False,,,,,,,,,,False,False
/pbr/poke_icon.narc,/pbr/poke_icon.narc!/member_00300,0,/pbr/poke_icon.narc,499,300,,320496,321568,316124,317196,1072,f3dcac31010315119bf4c7425c0376a1614fc85183a208d4bf2e1b44d98b87ec,5247434efffe01013004000010000100,,NCGR graphics,Confirmed,True,False,,,,,,,,,,False,False
/pbr/poke_icon.narc,/pbr/poke_icon.narc!/member_00301,0,/pbr/poke_icon.narc,499,301,,321568,322640,317196,318268,1072,01a78567dd5489dd45138e955b761fb3dfb7faec91bb0c2b3b55c675199ce01b,5247434efffe01013004000010000100,,NCGR graphics,Confirmed,True,False,,,,,,,,,,False,False
/pbr/poke_icon.narc,/pbr/poke_icon.narc!/member_00302,0,/pbr/poke_icon.narc,499,302,,322640,323712,318268,319340,1072,3e083a20a00f3f52fef9afcfec405e05b137d82dff9eb450e664eff0d899aea3,5247434efffe01013004000010000100,,NCGR graphics,Confirmed,True,False,,,,,,,,,,False,False
/pbr/poke_icon.narc,/pbr/poke_icon.narc!/member_00303,0,/pbr/poke_icon.narc,499,303,,323712,324784,319340,320412,1072,55a480fc65b18a3f9fd43cc18524903a21aa6aba06f823237989cd9f1e5ebd95,5247434efffe01013004000010000100,,NCGR graphics,Confirmed,True,False,,,,,,,,,,False,False
/pbr/poke_icon.narc,/pbr/poke_icon.narc!/member_00304,0,/pbr/poke_icon.narc,499,304,,324784,325856,320412,321484,1072,7fead20f70c19b7ffe66b798fafda383863f4ae1cf6f54cbee418fcb5357c71f,5247434efffe01013004000010000100,,NCGR graphics,Confirmed,True,False,,,,,,,,,,False,False
/pbr/poke_icon.narc,/pbr/poke_icon.narc!/member_00305,0,/pbr/poke_icon.narc,499,305,,325856,326928,321484,322556,1072,8350fa4c8342d9dbdf8ea112e11535efcbd412a1fa2b01340c60c774992e37a6,5247434efffe01013004000010000100,,NCGR graphics,Confirmed,True,False,,,,,,,,,,False,False
/pbr/poke_icon.narc,/pbr/poke_icon.narc!/member_00306,0,/pbr/poke_icon.narc,499,306,,326928,328000,322556,323628,1072,3574a5589f1593c48649cb462c25bc70d52a2bdc1ccf6399f9de6f5cc36cab9c,5247434efffe01013004000010000100,,NCGR graphics,Confirmed,True,False,,,,,,,,,,False,False
/pbr/poke_icon.narc,/pbr/poke_icon.narc!/member_00307,0,/pbr/poke_icon.narc,499,307,,328000,329072,323628,324700,1072,e126e7d5243f177193a13918e7f6f3fe34a50cccd668375ce039914e347c68b9,5247434efffe01013004000010000100,,NCGR graphics,Confirmed,True,False,,,,,,,,,,False,False
/pbr/poke_icon.narc,/pbr/poke_icon.narc!/member_00308,0,/pbr/poke_icon.narc,499,308,,329072,330144,324700,325772,1072,9b6bf3138f9840c613969f288713867bccb20ee268b83e2ac479c36ea1f6f458,5247434efffe01013004000010000100,,NCGR graphics,Confirmed,True,False,,,,,,,,,,False,False
/pbr/poke_icon.narc,/pbr/poke_icon.narc!/member_00309,0,/pbr/poke_icon.narc,499,309,,330144,331216,325772,326844,1072,e3262373e7d714436d819d7788e261c64eeaa6f87cda720877bc36e3f840f0da,5247434efffe01013004000010000100,,NCGR graphics,Confirmed,True,False,,,,,,,,,,False,False
/pbr/poke_icon.narc,/pbr/poke_icon.narc!/member_00310,0,/pbr/poke_icon.narc,499,310,,331216,332288,326844,327916,1072,b608890d5832905044b5c3c5f233e16d40d28822bf0e539b2ca66e2556c14251,5247434efffe01013004000010000100,,NCGR graphics,Confirmed,True,False,,,,,,,,,,False,False
/pbr/poke_icon.narc,/pbr/poke_icon.narc!/member_00311,0,/pbr/poke_icon.narc,499,311,,332288,333360,327916,328988,1072,da85ead6926b441653841f7e51ad65327fc2ec175469aaee6ceefcc31e15a7ee,5247434efffe01013004000010000100,,NCGR graphics,Confirmed,True,False,,,,,,,,,,False,False
/pbr/poke_icon.narc,/pbr/poke_icon.narc!/member_00312,0,/pbr/poke_icon.narc,499,312,,333360,334432,328988,330060,1072,eb68b43b36177fec71c7acdf5637724fa13f3ea5466c09c9f0a2500fe07d869e,5247434efffe01013004000010000100,,NCGR graphics,Confirmed,True,False,,,,,,,,,,False,False
/pbr/poke_icon.narc,/pbr/poke_icon.narc!/member_00313,0,/pbr/poke_icon.narc,499,313,,334432,335504,330060,331132,1072,b2db952b47600eb3a24cb3017fb4007d9e90c4313853da0a44bb40d2ac021833,5247434efffe01013004000010000100,,NCGR graphics,Confirmed,True,False,,,,,,,,,,False,False
/pbr/poke_icon.narc,/pbr/poke_icon.narc!/member_00314,0,/pbr/poke_icon.narc,499,314,,335504,336576,331132,332204,1072,60a598a6c13eb7fe24c20aac0d351aa92f575b0cdf32bfd8d711af4b60d5eca3,5247434efffe01013004000010000100,,NCGR graphics,Confirmed,True,False,,,,,,,,,,False,False
/pbr/poke_icon.narc,/pbr/poke_icon.narc!/member_00315,0,/pbr/poke_icon.narc,499,315,,336576,337648,332204,333276,1072,121c6d17d4d623bf5c4cb9da54c90236c9ee3a5bd80491a94b5b589cc008440d,5247434efffe01013004000010000100,,NCGR graphics,Confirmed,True,False,,,,,,,,,,False,False
/pbr/poke_icon.narc,/pbr/poke_icon.narc!/member_00316,0,/pbr/poke_icon.narc,499,316,,337648,338720,333276,334348,1072,3abf1780deee3291cead2a79be73d3db2ed574e61740c03b6485dcdcf2dcedc7,5247434efffe01013004000010000100,,NCGR graphics,Confirmed,True,False,,,,,,,,,,False,False
/pbr/poke_icon.narc,/pbr/poke_icon.narc!/member_00317,0,/pbr/poke_icon.narc,499,317,,338720,339792,334348,335420,1072,fda604440b7d3fb26296429d790e05ec74cc96fc809e82890dec85cd7a9073aa,5247434efffe01013004000010000100,,NCGR graphics,Confirmed,True,False,,,,,,,,,,False,False
/pbr/poke_icon.narc,/pbr/poke_icon.narc!/member_00318,0,/pbr/poke_icon.narc,499,318,,339792,340864,335420,336492,1072,e7c1699e0e968abb45c560dd99fd029663d709ec517767d050e1f06ac346f449,5247434efffe01013004000010000100,,NCGR graphics,Confirmed,True,False,,,,,,,,,,False,False
/pbr/poke_icon.narc,/pbr/poke_icon.narc!/member_00319,0,/pbr/poke_icon.narc,499,319,,340864,341936,336492,337564,1072,74b98047f1e9172a754c6203e0cddb83fcf6a7d3e69e5a1930bd16a70c985bbb,5247434efffe01013004000010000100,,NCGR graphics,Confirmed,True,False,,,,,,,,,,False,False
/pbr/poke_icon.narc,/pbr/poke_icon.narc!/member_00320,0,/pbr/poke_icon.narc,499,320,,341936,343008,337564,338636,1072,922c88f930df3143a186f297b94ef7d8ff34abc1b353d6db3ead0a96f580db92,5247434efffe01013004000010000100,,NCGR graphics,Confirmed,True,False,,,,,,,,,,False,False
/pbr/poke_icon.narc,/pbr/poke_icon.narc!/member_00321,0,/pbr/poke_icon.narc,499,321,,343008,344080,338636,339708,1072,abd802ccfae034f9feb1a70eb95bff1da3e94435c835e3a7862bc28ed77de287,5247434efffe01013004000010000100,,NCGR graphics,Confirmed,True,False,,,,,,,,,,False,False
/pbr/poke_icon.narc,/pbr/poke_icon.narc!/member_00322,0,/pbr/poke_icon.narc,499,322,,344080,345152,339708,340780,1072,7ae59c41fc32d0799cf8bab01679ec4142c2fb6eb2853892f5bd814ea7575b32,5247434efffe01013004000010000100,,NCGR graphics,Confirmed,True,False,,,,,,,,,,False,False
/pbr/poke_icon.narc,/pbr/poke_icon.narc!/member_00323,0,/pbr/poke_icon.narc,499,323,,345152,346224,340780,341852,1072,24e7ad4216bf9151a894cbd3de92c5e8100b7b6676caf202983309db391c7a19,5247434efffe01013004000010000100,,NCGR graphics,Confirmed,True,False,,,,,,,,,,False,False
/pbr/poke_icon.narc,/pbr/poke_icon.narc!/member_00324,0,/pbr/poke_icon.narc,499,324,,346224,347296,341852,342924,1072,d890e746c23365f05db5118b38383592c2818d6618193c908b068830d343420c,5247434efffe01013004000010000100,,NCGR graphics,Confirmed,True,False,,,,,,,,,,False,False
/pbr/poke_icon.narc,/pbr/poke_icon.narc!/member_00325,0,/pbr/poke_icon.narc,499,325,,347296,348368,342924,343996,1072,4b6b744498173ec3acb1eb88a4f170ef911f3ae62463784ff84e1c08d976f24d,5247434efffe01013004000010000100,,NCGR graphics,Confirmed,True,False,,,,,,,,,,False,False
/pbr/poke_icon.narc,/pbr/poke_icon.narc!/member_00326,0,/pbr/poke_icon.narc,499,326,,348368,349440,343996,345068,1072,348812cbf571131fd44b3586ca1c548d0b3db5a79c92730b33854e4e3d916967,5247434efffe01013004000010000100,,NCGR graphics,Confirmed,True,False,,,,,,,,,,False,False
/pbr/poke_icon.narc,/pbr/poke_icon.narc!/member_00327,0,/pbr/poke_icon.narc,499,327,,349440,350512,345068,346140,1072,cdcb84b67af40cd5b8f918f444452b477fdd7f309b86d3eb288ace2c6d4bec99,5247434efffe01013004000010000100,,NCGR graphics,Confirmed,True,False,,,,,,,,,,False,False
/pbr/poke_icon.narc,/pbr/poke_icon.narc!/member_00328,0,/pbr/poke_icon.narc,499,328,,350512,351584,346140,347212,1072,90929ca374b62d9608e606011ca537be1515ba842ae042731a6ad29e22017e98,5247434efffe01013004000010000100,,NCGR graphics,Confirmed,True,False,,,,,,,,,,False,False
/pbr/poke_icon.narc,/pbr/poke_icon.narc!/member_00329,0,/pbr/poke_icon.narc,499,329,,351584,352656,347212,348284,1072,58eddaba5092281df63d29cb79237c9f210c5ee23450235986b338e4658e89ac,5247434efffe01013004000010000100,,NCGR graphics,Confirmed,True,False,,,,,,,,,,False,False
/pbr/poke_icon.narc,/pbr/poke_icon.narc!/member_00330,0,/pbr/poke_icon.narc,499,330,,352656,353728,348284,349356,1072,ffbba2aa0be4e828f96eb1ddd68a71c4bf5cce520eb1fc64c2b383555f5c0732,5247434efffe01013004000010000100,,NCGR graphics,Confirmed,True,False,,,,,,,,,,False,False
/pbr/poke_icon.narc,/pbr/poke_icon.narc!/member_00331,0,/pbr/poke_icon.narc,499,331,,353728,354800,349356,350428,1072,e3fa2e9fac8deca247487d0c1da691a394ccca2b0566316a653dea1e01746256,5247434efffe01013004000010000100,,NCGR graphics,Confirmed,True,False,,,,,,,,,,False,False
/pbr/poke_icon.narc,/pbr/poke_icon.narc!/member_00332,0,/pbr/poke_icon.narc,499,332,,354800,355872,350428,351500,1072,677ab657da4f84fc6f042e7b59c545b56ccada376db8dc775bef94603e1c4c95,5247434efffe01013004000010000100,,NCGR graphics,Confirmed,True,False,,,,,,,,,,False,False
/pbr/poke_icon.narc,/pbr/poke_icon.narc!/member_00333,0,/pbr/poke_icon.narc,499,333,,355872,356944,351500,352572,1072,3395521107e4e36af9b5e39b73f244c0ea14288b7e14bf2d35c5a57585afb97a,5247434efffe01013004000010000100,,NCGR graphics,Confirmed,True,False,,,,,,,,,,False,False
/pbr/poke_icon.narc,/pbr/poke_icon.narc!/member_00334,0,/pbr/poke_icon.narc,499,334,,356944,358016,352572,353644,1072,3bc5f1293efc9235fe121c004aad1455abedbc2422bab5ea6c2fc60980bac963,5247434efffe01013004000010000100,,NCGR graphics,Confirmed,True,False,,,,,,,,,,False,False
/pbr/poke_icon.narc,/pbr/poke_icon.narc!/member_00335,0,/pbr/poke_icon.narc,499,335,,358016,359088,353644,354716,1072,c7a0993f15539d7be8497ed7f4d9c80dc683e57c9f5c43e9b27633d69a43b17e,5247434efffe01013004000010000100,,NCGR graphics,Confirmed,True,False,,,,,,,,,,False,False
/pbr/poke_icon.narc,/pbr/poke_icon.narc!/member_00336,0,/pbr/poke_icon.narc,499,336,,359088,360160,354716,355788,1072,1bd72f84d39df165c7e6d3a41df4cc4113bac7bc326563cfb1b11f0b2900dd88,5247434efffe01013004000010000100,,NCGR graphics,Confirmed,True,False,,,,,,,,,,False,False
/pbr/poke_icon.narc,/pbr/poke_icon.narc!/member_00337,0,/pbr/poke_icon.narc,499,337,,360160,361232,355788,356860,1072,9cd12a4112b954764b70866247bb4c67ddf4608c98f35da4e199e323f24a4625,5247434efffe01013004000010000100,,NCGR graphics,Confirmed,True,False,,,,,,,,,,False,False
/pbr/poke_icon.narc,/pbr/poke_icon.narc!/member_00338,0,/pbr/poke_icon.narc,499,338,,361232,362304,356860,357932,1072,b9da2b3f13223a63647a65b666216b6ab88e5644d32a9c4b98ab9dfc9687b09d,5247434efffe01013004000010000100,,NCGR graphics,Confirmed,True,False,,,,,,,,,,False,False
/pbr/poke_icon.narc,/pbr/poke_icon.narc!/member_00339,0,/pbr/poke_icon.narc,499,339,,362304,363376,357932,359004,1072,98459c88b78cc73a8e01accf70bb86588a716bd7cbf85bf573aec236c8aeb1d3,5247434efffe01013004000010000100,,NCGR graphics,Confirmed,True,False,,,,,,,,,,False,False
/pbr/poke_icon.narc,/pbr/poke_icon.narc!/member_00340,0,/pbr/poke_icon.narc,499,340,,363376,364448,359004,360076,1072,c9b1d023b04e4baad6ddb3f271cbeb1a4b4d24f1b4fb8b8f595b332c83f74e7a,5247434efffe01013004000010000100,,NCGR graphics,Confirmed,True,False,,,,,,,,,,False,False
/pbr/poke_icon.narc,/pbr/poke_icon.narc!/member_00341,0,/pbr/poke_icon.narc,499,341,,364448,365520,360076,361148,1072,f41af0b7fb5b1e0d15eaf2a553d94a2f5ea21b994f3ac2d2e75cf926cc0936a4,5247434efffe01013004000010000100,,NCGR graphics,Confirmed,True,False,,,,,,,,,,False,False
/pbr/poke_icon.narc,/pbr/poke_icon.narc!/member_00342,0,/pbr/poke_icon.narc,499,342,,365520,366592,361148,362220,1072,e845c4ab5f72c5e534374d7603a1e50147c87c398d3ebefbbe692a6af0e2fd61,5247434efffe01013004000010000100,,NCGR graphics,Confirmed,True,False,,,,,,,,,,False,False
/pbr/poke_icon.narc,/pbr/poke_icon.narc!/member_00343,0,/pbr/poke_icon.narc,499,343,,366592,367664,362220,363292,1072,64dd1e916aeef0bf9d066afd8de390736d9920a0faacf5129cbb1bb4e98bc1ec,5247434efffe01013004000010000100,,NCGR graphics,Confirmed,True,False,,,,,,,,,,False,False
/pbr/poke_icon.narc,/pbr/poke_icon.narc!/member_00344,0,/pbr/poke_icon.narc,499,344,,367664,368736,363292,364364,1072,5d502090cb96b5678da17c07c32419d8b0532b25ad8ff16b470025ee31723385,5247434efffe01013004000010000100,,NCGR graphics,Confirmed,True,False,,,,,,,,,,False,False
/pbr/poke_icon.narc,/pbr/poke_icon.narc!/member_00345,0,/pbr/poke_icon.narc,499,345,,368736,369808,364364,365436,1072,4cdbad5601c0db260f4e07f859e2facf97414bd7862600b321799787bc8c63fe,5247434efffe01013004000010000100,,NCGR graphics,Confirmed,True,False,,,,,,,,,,False,False
/pbr/poke_icon.narc,/pbr/poke_icon.narc!/member_00346,0,/pbr/poke_icon.narc,499,346,,369808,370880,365436,366508,1072,c08f765fd347bd054c1e3cf75dea80aaa957178f026bf62d552645a5e1d0d9e0,5247434efffe01013004000010000100,,NCGR graphics,Confirmed,True,False,,,,,,,,,,False,False
/pbr/poke_icon.narc,/pbr/poke_icon.narc!/member_00347,0,/pbr/poke_icon.narc,499,347,,370880,371952,366508,367580,1072,319f3b60d1ea3fda2bcebe434c284e1113387d6a45d2ff13a339185a1f645378,5247434efffe01013004000010000100,,NCGR graphics,Confirmed,True,False,,,,,,,,,,False,False
/pbr/poke_icon.narc,/pbr/poke_icon.narc!/member_00348,0,/pbr/poke_icon.narc,499,348,,371952,373024,367580,368652,1072,e27775509d584f4e80ca0fa16e8684f2b723f819c54ae406220e9793fd5ff4fa,5247434efffe01013004000010000100,,NCGR graphics,Confirmed,True,False,,,,,,,,,,False,False
/pbr/poke_icon.narc,/pbr/poke_icon.narc!/member_00349,0,/pbr/poke_icon.narc,499,349,,373024,374096,368652,369724,1072,b2f29af132132c821b1daa4281a641eb77b314b9896c1cf2dd15bb38291c08ef,5247434efffe01013004000010000100,,NCGR graphics,Confirmed,True,False,,,,,,,,,,False,False
/pbr/poke_icon.narc,/pbr/poke_icon.narc!/member_00350,0,/pbr/poke_icon.narc,499,350,,374096,375168,369724,370796,1072,3e0322257af9fe8501e41c223a7cbd3e6b08fe69d4c832cc871b16f712f233d3,5247434efffe01013004000010000100,,NCGR graphics,Confirmed,True,False,,,,,,,,,,False,False
/pbr/poke_icon.narc,/pbr/poke_icon.narc!/member_00351,0,/pbr/poke_icon.narc,499,351,,375168,376240,370796,371868,1072,ed2fc37cb330dc1059f6adb54a3ec8d3ecc7fd7fabb20ee39ccffa656e513c7c,5247434efffe01013004000010000100,,NCGR graphics,Confirmed,True,False,,,,,,,,,,False,False
/pbr/poke_icon.narc,/pbr/poke_icon.narc!/member_00352,0,/pbr/poke_icon.narc,499,352,,376240,377312,371868,372940,1072,a7f2b9b35310dc8d9fbbcf61a8c062df0deeeb762a49d7298d2f142a269b8179,5247434efffe01013004000010000100,,NCGR graphics,Confirmed,True,False,,,,,,,,,,False,False
/pbr/poke_icon.narc,/pbr/poke_icon.narc!/member_00353,0,/pbr/poke_icon.narc,499,353,,377312,378384,372940,374012,1072,4dc17d0f814332a1226c4d966d3c767c8af12dfbc4d9867363d49b76fddbcf7f,5247434efffe01013004000010000100,,NCGR graphics,Confirmed,True,False,,,,,,,,,,False,False
/pbr/poke_icon.narc,/pbr/poke_icon.narc!/member_00354,0,/pbr/poke_icon.narc,499,354,,378384,379456,374012,375084,1072,839a7d3aad2fc309a3690f621674ffae5e5d209b995fff301d13bc74dc28e8f5,5247434efffe01013004000010000100,,NCGR graphics,Confirmed,True,False,,,,,,,,,,False,False
/pbr/poke_icon.narc,/pbr/poke_icon.narc!/member_00355,0,/pbr/poke_icon.narc,499,355,,379456,380528,375084,376156,1072,3dd5e5ee2e04cd6c8590f592f21fc29db800ba8cdd8c45f87ae358c32963c66a,5247434efffe01013004000010000100,,NCGR graphics,Confirmed,True,False,,,,,,,,,,False,False
/pbr/poke_icon.narc,/pbr/poke_icon.narc!/member_00356,0,/pbr/poke_icon.narc,499,356,,380528,381600,376156,377228,1072,a2b5dc4b60b956c5d9f4f2eb2d0deeefc0e112ce81cd1340d824ba8cfd53432f,5247434efffe01013004000010000100,,NCGR graphics,Confirmed,True,False,,,,,,,,,,False,False
/pbr/poke_icon.narc,/pbr/poke_icon.narc!/member_00357,0,/pbr/poke_icon.narc,499,357,,381600,382672,377228,378300,1072,0878ae982fc25de45376eb7abda3e2ad70858020ebb01b5ea1291199887ebb8a,5247434efffe01013004000010000100,,NCGR graphics,Confirmed,True,False,,,,,,,,,,False,False
/pbr/poke_icon.narc,/pbr/poke_icon.narc!/member_00358,0,/pbr/poke_icon.narc,499,358,,382672,383744,378300,379372,1072,27207180821eed08e9f25a5d028c191ac61a5a87c25b0b44384eccf3d786c068,5247434efffe01013004000010000100,,NCGR graphics,Confirmed,True,False,,,,,,,,,,False,False
/pbr/poke_icon.narc,/pbr/poke_icon.narc!/member_00359,0,/pbr/poke_icon.narc,499,359,,383744,384816,379372,380444,1072,3fdc1c4f45a314ffef51ba6dcfe6a26826a5ef82827ffc7400f4b5be40ace204,5247434efffe01013004000010000100,,NCGR graphics,Confirmed,True,False,,,,,,,,,,False,False
/pbr/poke_icon.narc,/pbr/poke_icon.narc!/member_00360,0,/pbr/poke_icon.narc,499,360,,384816,385888,380444,381516,1072,5cb6eb346753191a76fda9f0392bd897e73c5ce1316d3f9c5b1b867e09c79df8,5247434efffe01013004000010000100,,NCGR graphics,Confirmed,True,False,,,,,,,,,,False,False
/pbr/poke_icon.narc,/pbr/poke_icon.narc!/member_00361,0,/pbr/poke_icon.narc,499,361,,385888,386960,381516,382588,1072,46e457026dea36cf427a3d73e7e42c64fa0e461cd705d14cde3d5ba4f573dae1,5247434efffe01013004000010000100,,NCGR graphics,Confirmed,True,False,,,,,,,,,,False,False
/pbr/poke_icon.narc,/pbr/poke_icon.narc!/member_00362,0,/pbr/poke_icon.narc,499,362,,386960,388032,382588,383660,1072,ddd23043b07a379d547c2ee2b7b3eb59993c05168849e101f0ec12c0dea545d2,5247434efffe01013004000010000100,,NCGR graphics,Confirmed,True,False,,,,,,,,,,False,False
/pbr/poke_icon.narc,/pbr/poke_icon.narc!/member_00363,0,/pbr/poke_icon.narc,499,363,,388032,389104,383660,384732,1072,99bb0dc9ed39295d2967cb37c8c1ad8121048cbb3498e96f45a495f2c07da8cb,5247434efffe01013004000010000100,,NCGR graphics,Confirmed,True,False,,,,,,,,,,False,False
/pbr/poke_icon.narc,/pbr/poke_icon.narc!/member_00364,0,/pbr/poke_icon.narc,499,364,,389104,390176,384732,385804,1072,dfaea0f7100d606f0fa11802b35a8f08643449e81eab44c3b0c7da2afc5034ae,5247434efffe01013004000010000100,,NCGR graphics,Confirmed,True,False,,,,,,,,,,False,False
/pbr/poke_icon.narc,/pbr/poke_icon.narc!/member_00365,0,/pbr/poke_icon.narc,499,365,,390176,391248,385804,386876,1072,6df537f3797163996ebecd5de90e7ba2b9d9318f25cfa4c09e806279f6079d09,5247434efffe01013004000010000100,,NCGR graphics,Confirmed,True,False,,,,,,,,,,False,False
/pbr/poke_icon.narc,/pbr/poke_icon.narc!/member_00366,0,/pbr/poke_icon.narc,499,366,,391248,392320,386876,387948,1072,82ff89cbc66b9dabdc80b766a58d9929aef48e511964e648310df2adcab83117,5247434efffe01013004000010000100,,NCGR graphics,Confirmed,True,False,,,,,,,,,,False,False
/pbr/poke_icon.narc,/pbr/poke_icon.narc!/member_00367,0,/pbr/poke_icon.narc,499,367,,392320,393392,387948,389020,1072,6d441b4eb46d80b24f21ad17b1b0163cb196c90ef904d9758a1130674f091613,5247434efffe01013004000010000100,,NCGR graphics,Confirmed,True,False,,,,,,,,,,False,False
/pbr/poke_icon.narc,/pbr/poke_icon.narc!/member_00368,0,/pbr/poke_icon.narc,499,368,,393392,394464,389020,390092,1072,c886bffe8a9f6683703b19a4feb325505e5c17db9a9d8e6e66296b5e352ddd90,5247434efffe01013004000010000100,,NCGR graphics,Confirmed,True,False,,,,,,,,,,False,False
/pbr/poke_icon.narc,/pbr/poke_icon.narc!/member_00369,0,/pbr/poke_icon.narc,499,369,,394464,395536,390092,391164,1072,180b8bd16d9ce9227cfc8b1269c00c27638de19c8e0a3c7b710efaad021da4de,5247434efffe01013004000010000100,,NCGR graphics,Confirmed,True,False,,,,,,,,,,False,False
/pbr/poke_icon.narc,/pbr/poke_icon.narc!/member_00370,0,/pbr/poke_icon.narc,499,370,,395536,396608,391164,392236,1072,10d72b0a334579a642574a93f6e54986f40326e250db8d892a8862a321a8fce1,5247434efffe01013004000010000100,,NCGR graphics,Confirmed,True,False,,,,,,,,,,False,False
/pbr/poke_icon.narc,/pbr/poke_icon.narc!/member_00371,0,/pbr/poke_icon.narc,499,371,,396608,397680,392236,393308,1072,03866d3079837467ae0b32ab7dbe745d4352290bf5496c4be172f9f2e448cf8e,5247434efffe01013004000010000100,,NCGR graphics,Confirmed,True,False,,,,,,,,,,False,False
/pbr/poke_icon.narc,/pbr/poke_icon.narc!/member_00372,0,/pbr/poke_icon.narc,499,372,,397680,398752,393308,394380,1072,4654ac82a8a3018509b4fd4eb238a60d04939e995ada820213d24a6b3ee1c71d,5247434efffe01013004000010000100,,NCGR graphics,Confirmed,True,False,,,,,,,,,,False,False
/pbr/poke_icon.narc,/pbr/poke_icon.narc!/member_00373,0,/pbr/poke_icon.narc,499,373,,398752,399824,394380,395452,1072,bad854aa3508bec282720cc1c146050815c8fca68397a074fd08adfe71a60c04,5247434efffe01013004000010000100,,NCGR graphics,Confirmed,True,False,,,,,,,,,,False,False
/pbr/poke_icon.narc,/pbr/poke_icon.narc!/member_00374,0,/pbr/poke_icon.narc,499,374,,399824,400896,395452,396524,1072,c3af4857d65c60314403ddbfebcb38b392708d3891370767b1af63b077868b6e,5247434efffe01013004000010000100,,NCGR graphics,Confirmed,True,False,,,,,,,,,,False,False
/pbr/poke_icon.narc,/pbr/poke_icon.narc!/member_00375,0,/pbr/poke_icon.narc,499,375,,400896,401968,396524,397596,1072,67181e13564b71b371cca4a8aba5a0d7929d47b2233db1d28373877c8ac21887,5247434efffe01013004000010000100,,NCGR graphics,Confirmed,True,False,,,,,,,,,,False,False
/pbr/poke_icon.narc,/pbr/poke_icon.narc!/member_00376,0,/pbr/poke_icon.narc,499,376,,401968,403040,397596,398668,1072,d776a9b57d49b06cb32790d7dd54740776d3c2a03d15c3c52a648e70e736e490,5247434efffe01013004000010000100,,NCGR graphics,Confirmed,True,False,,,,,,,,,,False,False
/pbr/poke_icon.narc,/pbr/poke_icon.narc!/member_00377,0,/pbr/poke_icon.narc,499,377,,403040,404112,398668,399740,1072,ba70dd244a0635d5462b6b77adccbfd90b7cc5ee5669976d052da47436d8f9f8,5247434efffe01013004000010000100,,NCGR graphics,Confirmed,True,False,,,,,,,,,,False,False
/pbr/poke_icon.narc,/pbr/poke_icon.narc!/member_00378,0,/pbr/poke_icon.narc,499,378,,404112,405184,399740,400812,1072,31fe5522e056d6b8e38b7109b5269919d0d7a8e6b1f82f208aaf35cb08daa843,5247434efffe01013004000010000100,,NCGR graphics,Confirmed,True,False,,,,,,,,,,False,False
/pbr/poke_icon.narc,/pbr/poke_icon.narc!/member_00379,0,/pbr/poke_icon.narc,499,379,,405184,406256,400812,401884,1072,0f8e5537c88664c50c8b8a06516cfaa7f86df1aae71aaa145f6e27b4225abc47,5247434efffe01013004000010000100,,NCGR graphics,Confirmed,True,False,,,,,,,,,,False,False
/pbr/poke_icon.narc,/pbr/poke_icon.narc!/member_00380,0,/pbr/poke_icon.narc,499,380,,406256,407328,401884,402956,1072,e6dadf23ab1cb553161ecf745cb200d904a5daeb5b619d6ae57c3984e4a42c15,5247434efffe01013004000010000100,,NCGR graphics,Confirmed,True,False,,,,,,,,,,False,False
/pbr/poke_icon.narc,/pbr/poke_icon.narc!/member_00381,0,/pbr/poke_icon.narc,499,381,,407328,408400,402956,404028,1072,e817961b033f9e4d276b9ca810dcbb7a1e7f5ca48a2df0d9a334d72fe9bed44a,5247434efffe01013004000010000100,,NCGR graphics,Confirmed,True,False,,,,,,,,,,False,False
/pbr/poke_icon.narc,/pbr/poke_icon.narc!/member_00382,0,/pbr/poke_icon.narc,499,382,,408400,409472,404028,405100,1072,c2d02ca2f1c35d062cff1397d06e18038cf63a2dcffffb6e764b2d5bacd5c19a,5247434efffe01013004000010000100,,NCGR graphics,Confirmed,True,False,,,,,,,,,,False,False
/pbr/poke_icon.narc,/pbr/poke_icon.narc!/member_00383,0,/pbr/poke_icon.narc,499,383,,409472,410544,405100,406172,1072,d3ba5b3510352163802f583c9c6d93f4e5bfc821fb667b3d4d1f582cf8b9f102,5247434efffe01013004000010000100,,NCGR graphics,Confirmed,True,False,,,,,,,,,,False,False
/pbr/poke_icon.narc,/pbr/poke_icon.narc!/member_00384,0,/pbr/poke_icon.narc,499,384,,410544,411616,406172,407244,1072,c8b233946cf4dbf462f15a2e1df24d337905797ca85d09bfef19b5b858af710a,5247434efffe01013004000010000100,,NCGR graphics,Confirmed,True,False,,,,,,,,,,False,False
/pbr/poke_icon.narc,/pbr/poke_icon.narc!/member_00385,0,/pbr/poke_icon.narc,499,385,,411616,412688,407244,408316,1072,30e1f31b14a99ac65f22b92253b05dca1c9b90648e765348a2e4a54bb2e428f9,5247434efffe01013004000010000100,,NCGR graphics,Confirmed,True,False,,,,,,,,,,False,False
/pbr/poke_icon.narc,/pbr/poke_icon.narc!/member_00386,0,/pbr/poke_icon.narc,499,386,,412688,413760,408316,409388,1072,86b02a200318be8231acbaef786c94d5555733e6abc1845870172d1d1a37cb97,5247434efffe01013004000010000100,,NCGR graphics,Confirmed,True,False,,,,,,,,,,False,False
/pbr/poke_icon.narc,/pbr/poke_icon.narc!/member_00387,0,/pbr/poke_icon.narc,499,387,,413760,414832,409388,410460,1072,7f4c1831b9e691c11cce827d97e220ff1239eef9d4ae2905a8da0e85d1dafeba,5247434efffe01013004000010000100,,NCGR graphics,Confirmed,True,False,,,,,,,,,,False,False
/pbr/poke_icon.narc,/pbr/poke_icon.narc!/member_00388,0,/pbr/poke_icon.narc,499,388,,414832,415904,410460,411532,1072,fd59253410036d889c76f1749071f3fac48bc45711b55882d181fedf258c5cb9,5247434efffe01013004000010000100,,NCGR graphics,Confirmed,True,False,,,,,,,,,,False,False
/pbr/poke_icon.narc,/pbr/poke_icon.narc!/member_00389,0,/pbr/poke_icon.narc,499,389,,415904,416976,411532,412604,1072,9cd5bbca74ecb7f8e6237aea791784192ed5904f13c149c936fd255c67dcfe55,5247434efffe01013004000010000100,,NCGR graphics,Confirmed,True,False,,,,,,,,,,False,False
/pbr/poke_icon.narc,/pbr/poke_icon.narc!/member_00390,0,/pbr/poke_icon.narc,499,390,,416976,418048,412604,413676,1072,30935770ef3078547eab501cffe0e3ad7f4a46377953f1f065f30381e8c379d2,5247434efffe01013004000010000100,,NCGR graphics,Confirmed,True,False,,,,,,,,,,False,False
/pbr/poke_icon.narc,/pbr/poke_icon.narc!/member_00391,0,/pbr/poke_icon.narc,499,391,,418048,419120,413676,414748,1072,8998f0830c24eb98721c15187840fd99bfe0855bd6bb3279a3febfe80833cb42,5247434efffe01013004000010000100,,NCGR graphics,Confirmed,True,False,,,,,,,,,,False,False
/pbr/poke_icon.narc,/pbr/poke_icon.narc!/member_00392,0,/pbr/poke_icon.narc,499,392,,419120,420192,414748,415820,1072,c9217fe6ece701e3938c6b2f57170b15d3975b112e2ac7e66c7a1336ee1b51ee,5247434efffe01013004000010000100,,NCGR graphics,Confirmed,True,False,,,,,,,,,,False,False
/pbr/poke_icon.narc,/pbr/poke_icon.narc!/member_00393,0,/pbr/poke_icon.narc,499,393,,420192,421264,415820,416892,1072,3b5505b551036f1b63a6f8413cb444fb8a6111defd5cb58b374d4b6aafdea486,5247434efffe01013004000010000100,,NCGR graphics,Confirmed,True,False,,,,,,,,,,False,False
/pbr/poke_icon.narc,/pbr/poke_icon.narc!/member_00394,0,/pbr/poke_icon.narc,499,394,,421264,422336,416892,417964,1072,b4417d484b582b80af837ab677697fe41f69eee17aff7c00b7160aad36694f3b,5247434efffe01013004000010000100,,NCGR graphics,Confirmed,True,False,,,,,,,,,,False,False
/pbr/poke_icon.narc,/pbr/poke_icon.narc!/member_00395,0,/pbr/poke_icon.narc,499,395,,422336,423408,417964,419036,1072,a6517f4ba4a0541d875e6675721de1e16f60836e084cc116802e79bff548f6af,5247434efffe01013004000010000100,,NCGR graphics,Confirmed,True,False,,,,,,,,,,False,False
/pbr/poke_icon.narc,/pbr/poke_icon.narc!/member_00396,0,/pbr/poke_icon.narc,499,396,,423408,424480,419036,420108,1072,09ac672ff15fff2842a64beeae57315fc3df08095eb66833b7103a412cef9df4,5247434efffe01013004000010000100,,NCGR graphics,Confirmed,True,False,,,,,,,,,,False,False
/pbr/poke_icon.narc,/pbr/poke_icon.narc!/member_00397,0,/pbr/poke_icon.narc,499,397,,424480,425552,420108,421180,1072,522340506242755c4fcbe4e9694cc59008fae6c791ff2545229effc99d7db78c,5247434efffe01013004000010000100,,NCGR graphics,Confirmed,True,False,,,,,,,,,,False,False
/pbr/poke_icon.narc,/pbr/poke_icon.narc!/member_00398,0,/pbr/poke_icon.narc,499,398,,425552,426624,421180,422252,1072,7cf8548a37e3834576160a5a0b63d52545a8b4cf1661f307ec393a2bd27880ab,5247434efffe01013004000010000100,,NCGR graphics,Confirmed,True,False,,,,,,,,,,False,False
/pbr/poke_icon.narc,/pbr/poke_icon.narc!/member_00399,0,/pbr/poke_icon.narc,499,399,,426624,427696,422252,423324,1072,2450bf095996f3eb33b8fec87e9bb5362ec9e470928ee9e233bc6bd181b177d4,5247434efffe01013004000010000100,,NCGR graphics,Confirmed,True,False,,,,,,,,,,False,False
/pbr/poke_icon.narc,/pbr/poke_icon.narc!/member_00400,0,/pbr/poke_icon.narc,499,400,,427696,428768,423324,424396,1072,5e8bde5751cebb140c66ee72e84553654602f4bf18d16099602d0c08b6264223,5247434efffe01013004000010000100,,NCGR graphics,Confirmed,True,False,,,,,,,,,,False,False
/pbr/poke_icon.narc,/pbr/poke_icon.narc!/member_00401,0,/pbr/poke_icon.narc,499,401,,428768,429840,424396,425468,1072,b6edb85e7c8293d1337aac11ceb7d4502c35c108f3561243d267dcd5836984e1,5247434efffe01013004000010000100,,NCGR graphics,Confirmed,True,False,,,,,,,,,,False,False
/pbr/poke_icon.narc,/pbr/poke_icon.narc!/member_00402,0,/pbr/poke_icon.narc,499,402,,429840,430912,425468,426540,1072,75d600883b9687b4e81483361b8b96aea29305aa4f5ea83c376259781124fffe,5247434efffe01013004000010000100,,NCGR graphics,Confirmed,True,False,,,,,,,,,,False,False
/pbr/poke_icon.narc,/pbr/poke_icon.narc!/member_00403,0,/pbr/poke_icon.narc,499,403,,430912,431984,426540,427612,1072,62ee1cf35f77d268ac5aa6d090a091198d68ee2057a1c576f1913d0d52661970,5247434efffe01013004000010000100,,NCGR graphics,Confirmed,True,False,,,,,,,,,,False,False
/pbr/poke_icon.narc,/pbr/poke_icon.narc!/member_00404,0,/pbr/poke_icon.narc,499,404,,431984,433056,427612,428684,1072,2ed249bed78304c81fbe0dc37df9db8efa01aed3db954181e579f895de2c7c6f,5247434efffe01013004000010000100,,NCGR graphics,Confirmed,True,False,,,,,,,,,,False,False
/pbr/poke_icon.narc,/pbr/poke_icon.narc!/member_00405,0,/pbr/poke_icon.narc,499,405,,433056,434128,428684,429756,1072,de2cf76a82b8cca2ce2dfb2a1bf145a9e5c0f27ffdac5e2d0b57f9a51799a865,5247434efffe01013004000010000100,,NCGR graphics,Confirmed,True,False,,,,,,,,,,False,False
/pbr/poke_icon.narc,/pbr/poke_icon.narc!/member_00406,0,/pbr/poke_icon.narc,499,406,,434128,435200,429756,430828,1072,9b03ffd7177654c6275c80c2d21a452e1756c4f188178ca0ac57e02e473846a5,5247434efffe01013004000010000100,,NCGR graphics,Confirmed,True,False,,,,,,,,,,False,False
/pbr/poke_icon.narc,/pbr/poke_icon.narc!/member_00407,0,/pbr/poke_icon.narc,499,407,,435200,436272,430828,431900,1072,4758e465700f978881ebcd25888cf5fde391d1c31a917994e8eb320adc2668e5,5247434efffe01013004000010000100,,NCGR graphics,Confirmed,True,False,,,,,,,,,,False,False
/pbr/poke_icon.narc,/pbr/poke_icon.narc!/member_00408,0,/pbr/poke_icon.narc,499,408,,436272,437344,431900,432972,1072,b28873a6dc3158f3504481556f962a4fdb4d5c5322e2638b0279aab361b94eca,5247434efffe01013004000010000100,,NCGR graphics,Confirmed,True,False,,,,,,,,,,False,False
/pbr/poke_icon.narc,/pbr/poke_icon.narc!/member_00409,0,/pbr/poke_icon.narc,499,409,,437344,438416,432972,434044,1072,d05bc5195c49c9614640a62db295cfec2c86368c49ad55530bac4352dce8a0f8,5247434efffe01013004000010000100,,NCGR graphics,Confirmed,True,False,,,,,,,,,,False,False
/pbr/poke_icon.narc,/pbr/poke_icon.narc!/member_00410,0,/pbr/poke_icon.narc,499,410,,438416,439488,434044,435116,1072,5346376d0ee85a7ec3c243433ed101fdda78001d0d51191902c63670cf9e5893,5247434efffe01013004000010000100,,NCGR graphics,Confirmed,True,False,,,,,,,,,,False,False
/pbr/poke_icon.narc,/pbr/poke_icon.narc!/member_00411,0,/pbr/poke_icon.narc,499,411,,439488,440560,435116,436188,1072,6435020dccc102558af2a61391750d333b35ef100374536aa7de27cd29b16705,5247434efffe01013004000010000100,,NCGR graphics,Confirmed,True,False,,,,,,,,,,False,False
/pbr/poke_icon.narc,/pbr/poke_icon.narc!/member_00412,0,/pbr/poke_icon.narc,499,412,,440560,441632,436188,437260,1072,42073ee7495bc21a2efe00aa056c9baf494f0e57a8278e89661441430b97767f,5247434efffe01013004000010000100,,NCGR graphics,Confirmed,True,False,,,,,,,,,,False,False
/pbr/poke_icon.narc,/pbr/poke_icon.narc!/member_00413,0,/pbr/poke_icon.narc,499,413,,441632,442704,437260,438332,1072,ecad88ad1fff5e2c09d83a7d672bd992f31a947d6168836504ad5ce25d7ed3d2,5247434efffe01013004000010000100,,NCGR graphics,Confirmed,True,False,,,,,,,,,,False,False
/pbr/poke_icon.narc,/pbr/poke_icon.narc!/member_00414,0,/pbr/poke_icon.narc,499,414,,442704,443776,438332,439404,1072,b6070d674e963c2f7198c849d5359bdf62bd2027d0d79b2292715dcc7c5df3ff,5247434efffe01013004000010000100,,NCGR graphics,Confirmed,True,False,,,,,,,,,,False,False
/pbr/poke_icon.narc,/pbr/poke_icon.narc!/member_00415,0,/pbr/poke_icon.narc,499,415,,443776,444848,439404,440476,1072,81b4e2779a059031b4ec1b7cc68d4cc0ebc57627df430751e2e8f37143afba57,5247434efffe01013004000010000100,,NCGR graphics,Confirmed,True,False,,,,,,,,,,False,False
/pbr/poke_icon.narc,/pbr/poke_icon.narc!/member_00416,0,/pbr/poke_icon.narc,499,416,,444848,445920,440476,441548,1072,9250a17bcb0fef7324fb76d2c46804a2577766686c7a8e41107c13a6441a2105,5247434efffe01013004000010000100,,NCGR graphics,Confirmed,True,False,,,,,,,,,,False,False
/pbr/poke_icon.narc,/pbr/poke_icon.narc!/member_00417,0,/pbr/poke_icon.narc,499,417,,445920,446992,441548,442620,1072,ee53314c63c724f58347149a7d89518b26898821bf327262eebff29ad33c44c1,5247434efffe01013004000010000100,,NCGR graphics,Confirmed,True,False,,,,,,,,,,False,False
/pbr/poke_icon.narc,/pbr/poke_icon.narc!/member_00418,0,/pbr/poke_icon.narc,499,418,,446992,448064,442620,443692,1072,426a8b3964e1bd25cea8671e8afd86d7e6993b5d5447ab10aa4004a3471f7c7c,5247434efffe01013004000010000100,,NCGR graphics,Confirmed,True,False,,,,,,,,,,False,False
/pbr/poke_icon.narc,/pbr/poke_icon.narc!/member_00419,0,/pbr/poke_icon.narc,499,419,,448064,449136,443692,444764,1072,485e09a4bd3afc1fe063dfe9fc906076bf7c491c5390588816d68b53dd7f045e,5247434efffe01013004000010000100,,NCGR graphics,Confirmed,True,False,,,,,,,,,,False,False
/pbr/poke_icon.narc,/pbr/poke_icon.narc!/member_00420,0,/pbr/poke_icon.narc,499,420,,449136,450208,444764,445836,1072,30e3d9ce2d7cc0c847a1034acab086bb662c9315abfe7750ba812658d664c783,5247434efffe01013004000010000100,,NCGR graphics,Confirmed,True,False,,,,,,,,,,False,False
/pbr/poke_icon.narc,/pbr/poke_icon.narc!/member_00421,0,/pbr/poke_icon.narc,499,421,,450208,451280,445836,446908,1072,d10bbd046b90d4b7430d900234497c107a0629f25dca548ce531c6dbde6ae1dc,5247434efffe01013004000010000100,,NCGR graphics,Confirmed,True,False,,,,,,,,,,False,False
/pbr/poke_icon.narc,/pbr/poke_icon.narc!/member_00422,0,/pbr/poke_icon.narc,499,422,,451280,452352,446908,447980,1072,5d5fe30bd7f97055715a67efafa9389a255756e0b9469482afb19590232c0486,5247434efffe01013004000010000100,,NCGR graphics,Confirmed,True,False,,,,,,,,,,False,False
/pbr/poke_icon.narc,/pbr/poke_icon.narc!/member_00423,0,/pbr/poke_icon.narc,499,423,,452352,453424,447980,449052,1072,00eb7847fd0345f9899fdd86da25e4dd30d8475942f731de050185f4d30dfa86,5247434efffe01013004000010000100,,NCGR graphics,Confirmed,True,False,,,,,,,,,,False,False
/pbr/poke_icon.narc,/pbr/poke_icon.narc!/member_00424,0,/pbr/poke_icon.narc,499,424,,453424,454496,449052,450124,1072,c932dda5ac00416d5e0c0584eed90b2c703e35e3b66e9eda2697ec22307d119b,5247434efffe01013004000010000100,,NCGR graphics,Confirmed,True,False,,,,,,,,,,False,False
/pbr/poke_icon.narc,/pbr/poke_icon.narc!/member_00425,0,/pbr/poke_icon.narc,499,425,,454496,455568,450124,451196,1072,4e84f4e54007d67baf70dc033ff2aec90ed053d1016607406dfab9138e7cfeb3,5247434efffe01013004000010000100,,NCGR graphics,Confirmed,True,False,,,,,,,,,,False,False
/pbr/poke_icon.narc,/pbr/poke_icon.narc!/member_00426,0,/pbr/poke_icon.narc,499,426,,455568,456640,451196,452268,1072,012b3380d1cc3d35cd00a87431ff1a7488402e7ee05de7c346c0c561e9e84e2a,5247434efffe01013004000010000100,,NCGR graphics,Confirmed,True,False,,,,,,,,,,False,False
/pbr/poke_icon.narc,/pbr/poke_icon.narc!/member_00427,0,/pbr/poke_icon.narc,499,427,,456640,457712,452268,453340,1072,bccf424febed93351a9d33e53f515d78f8f4cb2ae9f6be251de9961673fe7a62,5247434efffe01013004000010000100,,NCGR graphics,Confirmed,True,False,,,,,,,,,,False,False
/pbr/poke_icon.narc,/pbr/poke_icon.narc!/member_00428,0,/pbr/poke_icon.narc,499,428,,457712,458784,453340,454412,1072,33c18c81aeb261f82feaf8c3834a99d8fbcce61259c2e67cee1239b0e4b487d2,5247434efffe01013004000010000100,,NCGR graphics,Confirmed,True,False,,,,,,,,,,False,False
/pbr/poke_icon.narc,/pbr/poke_icon.narc!/member_00429,0,/pbr/poke_icon.narc,499,429,,458784,459856,454412,455484,1072,f79673023f5a0011e97fa357a98883480ed482cdf617ae09a0080322b74bb0b7,5247434efffe01013004000010000100,,NCGR graphics,Confirmed,True,False,,,,,,,,,,False,False
/pbr/poke_icon.narc,/pbr/poke_icon.narc!/member_00430,0,/pbr/poke_icon.narc,499,430,,459856,460928,455484,456556,1072,c9ccb29149d00917e2c8194cec331f8d84e6805e1d195d4dcaf97875595fe49a,5247434efffe01013004000010000100,,NCGR graphics,Confirmed,True,False,,,,,,,,,,False,False
/pbr/poke_icon.narc,/pbr/poke_icon.narc!/member_00431,0,/pbr/poke_icon.narc,499,431,,460928,462000,456556,457628,1072,18d0ae4392f234ac4476c4a4a7785ac875e844c19f9015645774f21a9b353654,5247434efffe01013004000010000100,,NCGR graphics,Confirmed,True,False,,,,,,,,,,False,False
/pbr/poke_icon.narc,/pbr/poke_icon.narc!/member_00432,0,/pbr/poke_icon.narc,499,432,,462000,463072,457628,458700,1072,542263cbaa313f9f2190a839fe31c88e9ae5fbf76e9571754755738681cfc1ee,5247434efffe01013004000010000100,,NCGR graphics,Confirmed,True,False,,,,,,,,,,False,False
/pbr/poke_icon.narc,/pbr/poke_icon.narc!/member_00433,0,/pbr/poke_icon.narc,499,433,,463072,464144,458700,459772,1072,41155b0fae6623611fde3f7bd439849d543f91ddf59414158986e56607be3f15,5247434efffe01013004000010000100,,NCGR graphics,Confirmed,True,False,,,,,,,,,,False,False
/pbr/poke_icon.narc,/pbr/poke_icon.narc!/member_00434,0,/pbr/poke_icon.narc,499,434,,464144,465216,459772,460844,1072,ba5e316227d723d37f6098f17ecb2c5c4415bd6790443e0fc2962deb3286bd0f,5247434efffe01013004000010000100,,NCGR graphics,Confirmed,True,False,,,,,,,,,,False,False
/pbr/poke_icon.narc,/pbr/poke_icon.narc!/member_00435,0,/pbr/poke_icon.narc,499,435,,465216,466288,460844,461916,1072,08851565ff52eea0834233112255715a6523b3f86e8e751c67a174acfeed58bd,5247434efffe01013004000010000100,,NCGR graphics,Confirmed,True,False,,,,,,,,,,False,False
/pbr/poke_icon.narc,/pbr/poke_icon.narc!/member_00436,0,/pbr/poke_icon.narc,499,436,,466288,467360,461916,462988,1072,5fa32a9021dc3f319f7bfae2eb8c0cedfb346ade23e8488e5455259c93e535b4,5247434efffe01013004000010000100,,NCGR graphics,Confirmed,True,False,,,,,,,,,,False,False
/pbr/poke_icon.narc,/pbr/poke_icon.narc!/member_00437,0,/pbr/poke_icon.narc,499,437,,467360,468432,462988,464060,1072,a0b2c2dc4d278c895bbafdca38ba85a2eff7dc507e4fdbc9bc6fd8b41c0a66ca,5247434efffe01013004000010000100,,NCGR graphics,Confirmed,True,False,,,,,,,,,,False,False
/pbr/poke_icon.narc,/pbr/poke_icon.narc!/member_00438,0,/pbr/poke_icon.narc,499,438,,468432,469504,464060,465132,1072,557a7dd2a8ba097bc5637669622f7b87a5dfb800519f08e006ac0ac0612a65a6,5247434efffe01013004000010000100,,NCGR graphics,Confirmed,True,False,,,,,,,,,,False,False
/pbr/poke_icon.narc,/pbr/poke_icon.narc!/member_00439,0,/pbr/poke_icon.narc,499,439,,469504,470576,465132,466204,1072,c0774c9faa02730f67e83f752c74960e676ba0bd038259c14a63f5834afd1ac3,5247434efffe01013004000010000100,,NCGR graphics,Confirmed,True,False,,,,,,,,,,False,False
/pbr/poke_icon.narc,/pbr/poke_icon.narc!/member_00440,0,/pbr/poke_icon.narc,499,440,,470576,471648,466204,467276,1072,1a0729cb452f7170b450c7082cd80844dfec8a70a7d0aabd763d235b639ed80d,5247434efffe01013004000010000100,,NCGR graphics,Confirmed,True,False,,,,,,,,,,False,False
/pbr/poke_icon.narc,/pbr/poke_icon.narc!/member_00441,0,/pbr/poke_icon.narc,499,441,,471648,472720,467276,468348,1072,67fb445406b5b5e62281e0e762f7b93d1cb387c7db174c0e8d268dba5857c98a,5247434efffe01013004000010000100,,NCGR graphics,Confirmed,True,False,,,,,,,,,,False,False
/pbr/poke_icon.narc,/pbr/poke_icon.narc!/member_00442,0,/pbr/poke_icon.narc,499,442,,472720,473792,468348,469420,1072,50cf84b75b91c7762616e6923ee43ef2c55f0b8341e71d76c65ef7580a6c6137,5247434efffe01013004000010000100,,NCGR graphics,Confirmed,True,False,,,,,,,,,,False,False
/pbr/poke_icon.narc,/pbr/poke_icon.narc!/member_00443,0,/pbr/poke_icon.narc,499,443,,473792,474864,469420,470492,1072,e35cc0c050fe1578c344501c49b43a85d5644a9fac5fe372d2d6ef86166a615c,5247434efffe01013004000010000100,,NCGR graphics,Confirmed,True,False,,,,,,,,,,False,False
/pbr/poke_icon.narc,/pbr/poke_icon.narc!/member_00444,0,/pbr/poke_icon.narc,499,444,,474864,475936,470492,471564,1072,dbd6cf909349bd1cff849bc1e69759e16ecfdeb2524e8e84320d7ddeb5a4063d,5247434efffe01013004000010000100,,NCGR graphics,Confirmed,True,False,,,,,,,,,,False,False
/pbr/poke_icon.narc,/pbr/poke_icon.narc!/member_00445,0,/pbr/poke_icon.narc,499,445,,475936,477008,471564,472636,1072,3a3b76bb23b14fc630d29723544c74d43ddb571333ca7fe551a622fa644303cf,5247434efffe01013004000010000100,,NCGR graphics,Confirmed,True,False,,,,,,,,,,False,False
/pbr/poke_icon.narc,/pbr/poke_icon.narc!/member_00446,0,/pbr/poke_icon.narc,499,446,,477008,478080,472636,473708,1072,997de1db43ea5be11a9dbfa5e353316378dd869392aaa0eaa2f2cfddedd0f946,5247434efffe01013004000010000100,,NCGR graphics,Confirmed,True,False,,,,,,,,,,False,False
/pbr/poke_icon.narc,/pbr/poke_icon.narc!/member_00447,0,/pbr/poke_icon.narc,499,447,,478080,479152,473708,474780,1072,9aebfe3d7ed09e44f703c5a55a9d420f0c10b00e96d2f008ebad15a932416e0a,5247434efffe01013004000010000100,,NCGR graphics,Confirmed,True,False,,,,,,,,,,False,False
/pbr/poke_icon.narc,/pbr/poke_icon.narc!/member_00448,0,/pbr/poke_icon.narc,499,448,,479152,480224,474780,475852,1072,024ff72fc51a094279c3350022681f88f632c452d3c7656c50e88f0ed879b042,5247434efffe01013004000010000100,,NCGR graphics,Confirmed,True,False,,,,,,,,,,False,False
/pbr/poke_icon.narc,/pbr/poke_icon.narc!/member_00449,0,/pbr/poke_icon.narc,499,449,,480224,481296,475852,476924,1072,936c8d0d8246308622e2c974a9ed7cce875d97667223aebd19651f7dd1b77055,5247434efffe01013004000010000100,,NCGR graphics,Confirmed,True,False,,,,,,,,,,False,False
/pbr/poke_icon.narc,/pbr/poke_icon.narc!/member_00450,0,/pbr/poke_icon.narc,499,450,,481296,482368,476924,477996,1072,d0d219a2ea3b783723297e31721e50b4b5ee7228fb41dde5ba41e7a1df2d25a6,5247434efffe01013004000010000100,,NCGR graphics,Confirmed,True,False,,,,,,,,,,False,False
/pbr/poke_icon.narc,/pbr/poke_icon.narc!/member_00451,0,/pbr/poke_icon.narc,499,451,,482368,483440,477996,479068,1072,aaf4f4562d3861fa03785c0fdf739e3375cc0c02f866032b5226190866969756,5247434efffe01013004000010000100,,NCGR graphics,Confirmed,True,False,,,,,,,,,,False,False
/pbr/poke_icon.narc,/pbr/poke_icon.narc!/member_00452,0,/pbr/poke_icon.narc,499,452,,483440,484512,479068,480140,1072,1ae8be07f107b866eec716e2fb2ffd4513a42ebc25a9d55896bde04a5a98d101,5247434efffe01013004000010000100,,NCGR graphics,Confirmed,True,False,,,,,,,,,,False,False
/pbr/poke_icon.narc,/pbr/poke_icon.narc!/member_00453,0,/pbr/poke_icon.narc,499,453,,484512,485584,480140,481212,1072,7dd5feca9deb211e1c5343febc459c739385205966a097175a2e6209364519a5,5247434efffe01013004000010000100,,NCGR graphics,Confirmed,True,False,,,,,,,,,,False,False
/pbr/poke_icon.narc,/pbr/poke_icon.narc!/member_00454,0,/pbr/poke_icon.narc,499,454,,485584,486656,481212,482284,1072,449c4e0328c91ffe6aee47b5481869723073fb2e2245040576c484570b5cb562,5247434efffe01013004000010000100,,NCGR graphics,Confirmed,True,False,,,,,,,,,,False,False
/pbr/poke_icon.narc,/pbr/poke_icon.narc!/member_00455,0,/pbr/poke_icon.narc,499,455,,486656,487728,482284,483356,1072,59add86efcde95e230d51373906abdc8b0278990cf79923d0a353c08f3b7b121,5247434efffe01013004000010000100,,NCGR graphics,Confirmed,True,False,,,,,,,,,,False,False
/pbr/poke_icon.narc,/pbr/poke_icon.narc!/member_00456,0,/pbr/poke_icon.narc,499,456,,487728,488800,483356,484428,1072,a89ba19d22225d6607122609a1ad9fe0e1c6e2a7f62b68b0c5ab182739637277,5247434efffe01013004000010000100,,NCGR graphics,Confirmed,True,False,,,,,,,,,,False,False
/pbr/poke_icon.narc,/pbr/poke_icon.narc!/member_00457,0,/pbr/poke_icon.narc,499,457,,488800,489872,484428,485500,1072,1d2ad36d53d37c39064530876930919740fae246117616fdd9b39160ada7857f,5247434efffe01013004000010000100,,NCGR graphics,Confirmed,True,False,,,,,,,,,,False,False
/pbr/poke_icon.narc,/pbr/poke_icon.narc!/member_00458,0,/pbr/poke_icon.narc,499,458,,489872,490944,485500,486572,1072,69a2c64c2e0e1abf2f281a8b0f4effbda897352754f0f9e46f2f748478859e48,5247434efffe01013004000010000100,,NCGR graphics,Confirmed,True,False,,,,,,,,,,False,False
/pbr/poke_icon.narc,/pbr/poke_icon.narc!/member_00459,0,/pbr/poke_icon.narc,499,459,,490944,492016,486572,487644,1072,64c78d47c24931b76f6910f015103b36a8170a9f2b82b456dd435cf033910844,5247434efffe01013004000010000100,,NCGR graphics,Confirmed,True,False,,,,,,,,,,False,False
/pbr/poke_icon.narc,/pbr/poke_icon.narc!/member_00460,0,/pbr/poke_icon.narc,499,460,,492016,493088,487644,488716,1072,630b0cc98571cac1b54c10ffbaf8b11f233c316254509c822c5fda3618e97283,5247434efffe01013004000010000100,,NCGR graphics,Confirmed,True,False,,,,,,,,,,False,False
/pbr/poke_icon.narc,/pbr/poke_icon.narc!/member_00461,0,/pbr/poke_icon.narc,499,461,,493088,494160,488716,489788,1072,9e3f75b7cfa5fe170dc6525f73338b18139298bb1c3cac279993e89baac19d52,5247434efffe01013004000010000100,,NCGR graphics,Confirmed,True,False,,,,,,,,,,False,False
/pbr/poke_icon.narc,/pbr/poke_icon.narc!/member_00462,0,/pbr/poke_icon.narc,499,462,,494160,495232,489788,490860,1072,684a27121ae34a070dcc98569b9f5eecbcc1887eeb4669f77c8f9e14b442fa8c,5247434efffe01013004000010000100,,NCGR graphics,Confirmed,True,False,,,,,,,,,,False,False
/pbr/poke_icon.narc,/pbr/poke_icon.narc!/member_00463,0,/pbr/poke_icon.narc,499,463,,495232,496304,490860,491932,1072,1a27f1667a87821033c5997df27866bf089c796325b1582cfd1e612fec189701,5247434efffe01013004000010000100,,NCGR graphics,Confirmed,True,False,,,,,,,,,,False,False
/pbr/poke_icon.narc,/pbr/poke_icon.narc!/member_00464,0,/pbr/poke_icon.narc,499,464,,496304,497376,491932,493004,1072,51da5bb0e9e614681f2a3c80bb735459b93826f9467e170b02cb3f509151fccd,5247434efffe01013004000010000100,,NCGR graphics,Confirmed,True,False,,,,,,,,,,False,False
/pbr/poke_icon.narc,/pbr/poke_icon.narc!/member_00465,0,/pbr/poke_icon.narc,499,465,,497376,498448,493004,494076,1072,0c67696851305994c0e0a21db4143675b27e0d32dd80b31904a3362529b0f881,5247434efffe01013004000010000100,,NCGR graphics,Confirmed,True,False,,,,,,,,,,False,False
/pbr/poke_icon.narc,/pbr/poke_icon.narc!/member_00466,0,/pbr/poke_icon.narc,499,466,,498448,499520,494076,495148,1072,e0931a799ca115766445ef6c3e6a5437d805385d1723939b03404eaac25a1b37,5247434efffe01013004000010000100,,NCGR graphics,Confirmed,True,False,,,,,,,,,,False,False
/pbr/poke_icon.narc,/pbr/poke_icon.narc!/member_00467,0,/pbr/poke_icon.narc,499,467,,499520,500592,495148,496220,1072,6bc147dbbf02ffc7e10fe72a6bdfeffa156d9bd5204d2cad1904018820b1ffeb,5247434efffe01013004000010000100,,NCGR graphics,Confirmed,True,False,,,,,,,,,,False,False
/pbr/poke_icon.narc,/pbr/poke_icon.narc!/member_00468,0,/pbr/poke_icon.narc,499,468,,500592,501664,496220,497292,1072,63edbeb4b3c90fde50df92251c13003712332ac43ef5177660792f14da574497,5247434efffe01013004000010000100,,NCGR graphics,Confirmed,True,False,,,,,,,,,,False,False
/pbr/poke_icon.narc,/pbr/poke_icon.narc!/member_00469,0,/pbr/poke_icon.narc,499,469,,501664,502736,497292,498364,1072,85feb0e9fd9d671cbad1345318204862b167fc4721898bcfaae178baab467282,5247434efffe01013004000010000100,,NCGR graphics,Confirmed,True,False,,,,,,,,,,False,False
/pbr/poke_icon.narc,/pbr/poke_icon.narc!/member_00470,0,/pbr/poke_icon.narc,499,470,,502736,503808,498364,499436,1072,2f5d9890d3dd632e319bf757f8419d8d74670fd5b6b1a5c5abf337f9818b0d9d,5247434efffe01013004000010000100,,NCGR graphics,Confirmed,True,False,,,,,,,,,,False,False
/pbr/poke_icon.narc,/pbr/poke_icon.narc!/member_00471,0,/pbr/poke_icon.narc,499,471,,503808,504880,499436,500508,1072,78f54bb4cc015c961a5394c345f7b486a1f1e34b19bc2453a180aba1fabcc616,5247434efffe01013004000010000100,,NCGR graphics,Confirmed,True,False,,,,,,,,,,False,False
/pbr/poke_icon.narc,/pbr/poke_icon.narc!/member_00472,0,/pbr/poke_icon.narc,499,472,,504880,505952,500508,501580,1072,bef061213d08196f59d982422b5461f9e5b9aa8f7e8cbaefdf1d413b699a1181,5247434efffe01013004000010000100,,NCGR graphics,Confirmed,True,False,,,,,,,,,,False,False
/pbr/poke_icon.narc,/pbr/poke_icon.narc!/member_00473,0,/pbr/poke_icon.narc,499,473,,505952,507024,501580,502652,1072,0d4b290740d9f4658ce9b390580c78cb35978ea7ae867f16e6bd9697abf95523,5247434efffe01013004000010000100,,NCGR graphics,Confirmed,True,False,,,,,,,,,,False,False
/pbr/poke_icon.narc,/pbr/poke_icon.narc!/member_00474,0,/pbr/poke_icon.narc,499,474,,507024,508096,502652,503724,1072,12f2a6d5c9836e1659bff74ce6c78c0b9e7c0dc019a8ad750fc3d518da2ae860,5247434efffe01013004000010000100,,NCGR graphics,Confirmed,True,False,,,,,,,,,,False,False
/pbr/poke_icon.narc,/pbr/poke_icon.narc!/member_00475,0,/pbr/poke_icon.narc,499,475,,508096,509168,503724,504796,1072,6e7d08f824e08ef659d2e7772bbaa006cbe45a4ed334e601225f280b51cabe30,5247434efffe01013004000010000100,,NCGR graphics,Confirmed,True,False,,,,,,,,,,False,False
/pbr/poke_icon.narc,/pbr/poke_icon.narc!/member_00476,0,/pbr/poke_icon.narc,499,476,,509168,510240,504796,505868,1072,e7e23631710a9a2f1184b03cd9f15351f324713132e2c452f15fbd4f9b78d9af,5247434efffe01013004000010000100,,NCGR graphics,Confirmed,True,False,,,,,,,,,,False,False
/pbr/poke_icon.narc,/pbr/poke_icon.narc!/member_00477,0,/pbr/poke_icon.narc,499,477,,510240,511312,505868,506940,1072,f26c4cf76daf4e8532bf3548443673d1ae20bd4c5e1bfbe312acbb71ecffe977,5247434efffe01013004000010000100,,NCGR graphics,Confirmed,True,False,,,,,,,,,,False,False
/pbr/poke_icon.narc,/pbr/poke_icon.narc!/member_00478,0,/pbr/poke_icon.narc,499,478,,511312,512384,506940,508012,1072,53b35f3ca23c20ac2a1a5c61ea0db1a7258c95798a74efdb16f26eb87cddfb3c,5247434efffe01013004000010000100,,NCGR graphics,Confirmed,True,False,,,,,,,,,,False,False
/pbr/poke_icon.narc,/pbr/poke_icon.narc!/member_00479,0,/pbr/poke_icon.narc,499,479,,512384,513456,508012,509084,1072,aab2afd7c81579ccc02564e386e7ba6840f180f3c1f083818260ac2cdb1e3401,5247434efffe01013004000010000100,,NCGR graphics,Confirmed,True,False,,,,,,,,,,False,False
/pbr/poke_icon.narc,/pbr/poke_icon.narc!/member_00480,0,/pbr/poke_icon.narc,499,480,,513456,514528,509084,510156,1072,1e3e46a3533479050f997e6eb2a14c8bbf6a06263779aed7bcbd4c198c1857c3,5247434efffe01013004000010000100,,NCGR graphics,Confirmed,True,False,,,,,,,,,,False,False
/pbr/poke_icon.narc,/pbr/poke_icon.narc!/member_00481,0,/pbr/poke_icon.narc,499,481,,514528,515600,510156,511228,1072,06fa8e9c47e550ff3d45ce891127a5c7429655da58342fcb86eaa0b9c937649f,5247434efffe01013004000010000100,,NCGR graphics,Confirmed,True,False,,,,,,,,,,False,False
/pbr/poke_icon.narc,/pbr/poke_icon.narc!/member_00482,0,/pbr/poke_icon.narc,499,482,,515600,516672,511228,512300,1072,3b7aaee91c6f2ba8784951aaa70af33fdbd207a869519d97102728007948563e,5247434efffe01013004000010000100,,NCGR graphics,Confirmed,True,False,,,,,,,,,,False,False
/pbr/poke_icon.narc,/pbr/poke_icon.narc!/member_00483,0,/pbr/poke_icon.narc,499,483,,516672,517744,512300,513372,1072,64b0bd85f1e518e3996e0dc5e60c5d4a487dea3162bd039d0637b35dd10d6572,5247434efffe01013004000010000100,,NCGR graphics,Confirmed,True,False,,,,,,,,,,False,False
/pbr/poke_icon.narc,/pbr/poke_icon.narc!/member_00484,0,/pbr/poke_icon.narc,499,484,,517744,518816,513372,514444,1072,5cc59992e88b2b230f2a8b3e8494b55a4d76106910b5200c5537a55808e5f6bd,5247434efffe01013004000010000100,,NCGR graphics,Confirmed,True,False,,,,,,,,,,False,False
/pbr/poke_icon.narc,/pbr/poke_icon.narc!/member_00485,0,/pbr/poke_icon.narc,499,485,,518816,519888,514444,515516,1072,79e88d5bb5e5752abc1cdb7355b4024b92c293ef0898a5442a22c66deeda7e8e,5247434efffe01013004000010000100,,NCGR graphics,Confirmed,True,False,,,,,,,,,,False,False
/pbr/poke_icon.narc,/pbr/poke_icon.narc!/member_00486,0,/pbr/poke_icon.narc,499,486,,519888,520960,515516,516588,1072,42486c85c28ca4eb262cf1b6c7e3f0963864eba2b18986c2a082a7ce1d385530,5247434efffe01013004000010000100,,NCGR graphics,Confirmed,True,False,,,,,,,,,,False,False
/pbr/poke_icon.narc,/pbr/poke_icon.narc!/member_00487,0,/pbr/poke_icon.narc,499,487,,520960,522032,516588,517660,1072,5129d0875b12ccbae470edac1d5aefcbb65346a03bd875a614edf172acf8d9d7,5247434efffe01013004000010000100,,NCGR graphics,Confirmed,True,False,,,,,,,,,,False,False
/pbr/poke_icon.narc,/pbr/poke_icon.narc!/member_00488,0,/pbr/poke_icon.narc,499,488,,522032,523104,517660,518732,1072,174ce6839737e6e88452b00be741dd1d50a702bbd3548c5d3344449f60eb35b3,5247434efffe01013004000010000100,,NCGR graphics,Confirmed,True,False,,,,,,,,,,False,False
/pbr/poke_icon.narc,/pbr/poke_icon.narc!/member_00489,0,/pbr/poke_icon.narc,499,489,,523104,524176,518732,519804,1072,1df7584047abe949a8d7de297ad22634dee7f676242a24420d90cb01b79250fd,5247434efffe01013004000010000100,,NCGR graphics,Confirmed,True,False,,,,,,,,,,False,False
/pbr/poke_icon.narc,/pbr/poke_icon.narc!/member_00490,0,/pbr/poke_icon.narc,499,490,,524176,525248,519804,520876,1072,0f632dc1a347f8ae6deeba815a28a37f0336de76447df670a44ee67640c51c49,5247434efffe01013004000010000100,,NCGR graphics,Confirmed,True,False,,,,,,,,,,False,False
/pbr/poke_icon.narc,/pbr/poke_icon.narc!/member_00491,0,/pbr/poke_icon.narc,499,491,,525248,526320,520876,521948,1072,3f27576a50a6b02d9e7c4d0334ae1aff6049a94b4e303f79b3dc1f88f6768277,5247434efffe01013004000010000100,,NCGR graphics,Confirmed,True,False,,,,,,,,,,False,False
/pbr/poke_icon.narc,/pbr/poke_icon.narc!/member_00492,0,/pbr/poke_icon.narc,499,492,,526320,527392,521948,523020,1072,c34235656d2483c0a5840ac5db7738fe9c4d96ae09b11a82f7663e729bdc9f06,5247434efffe01013004000010000100,,NCGR graphics,Confirmed,True,False,,,,,,,,,,False,False
/pbr/poke_icon.narc,/pbr/poke_icon.narc!/member_00493,0,/pbr/poke_icon.narc,499,493,,527392,528464,523020,524092,1072,ac4ac06d0115f0c40734dbd66ccb5ce060cdc02c175e1c4f4362219e6fb97f2e,5247434efffe01013004000010000100,,NCGR graphics,Confirmed,True,False,,,,,,,,,,False,False
/pbr/poke_icon.narc,/pbr/poke_icon.narc!/member_00494,0,/pbr/poke_icon.narc,499,494,,528464,529536,524092,525164,1072,8651d5813753be07cd808fafc32564bcc060b1f312d1beb64debf8e5917be93f,5247434efffe01013004000010000100,,NCGR graphics,Confirmed,True,False,,,,,,,,,,False,False
/pbr/poke_icon.narc,/pbr/poke_icon.narc!/member_00495,0,/pbr/poke_icon.narc,499,495,,529536,530608,525164,526236,1072,ae69de62a7129e560cafe84c407d86979357fd8ecfc59cb3e0edb912d8e6b680,5247434efffe01013004000010000100,,NCGR graphics,Confirmed,True,False,,,,,,,,,,False,False
/pbr/poke_icon.narc,/pbr/poke_icon.narc!/member_00496,0,/pbr/poke_icon.narc,499,496,,530608,531680,526236,527308,1072,d9d2e25db05ab4cb849cbc626cde0a53d9ce7c3fff5d7d2a4476798a3a4d3ff1,5247434efffe01013004000010000100,,NCGR graphics,Confirmed,True,False,,,,,,,,,,False,False
/pbr/poke_icon.narc,/pbr/poke_icon.narc!/member_00497,0,/pbr/poke_icon.narc,499,497,,531680,532752,527308,528380,1072,e08a7b86641bc5042a0d2fe0d72c89c3d581bd3bf4fb449e7d0c2c053bef3bfa,5247434efffe01013004000010000100,,NCGR graphics,Confirmed,True,False,,,,,,,,,,False,False
/pbr/poke_icon.narc,/pbr/poke_icon.narc!/member_00498,0,/pbr/poke_icon.narc,499,498,,532752,533824,528380,529452,1072,fd5c9dd55c7e64694cc4292815ebaee01d382a036a6c25e0218a8df7dec4fcca,5247434efffe01013004000010000100,,NCGR graphics,Confirmed,True,False,,,,,,,,,,False,False
/pbr/poke_icon.narc,/pbr/poke_icon.narc!/member_00499,0,/pbr/poke_icon.narc,499,499,,533824,534896,529452,530524,1072,7898ad66b36486020a211678d7dcf1d131c4c4aab1236700e8571ef20a5f42f3,5247434efffe01013004000010000100,,NCGR graphics,Confirmed,True,False,,,,,,,,,,False,False
/pbr/poke_icon.narc,/pbr/poke_icon.narc!/member_00500,0,/pbr/poke_icon.narc,499,500,,534896,535968,530524,531596,1072,d6d22e5c8b6a7b531da78c4f143256c46cba351ff4c2be2fb6d2f9c4db7366c6,5247434efffe01013004000010000100,,NCGR graphics,Confirmed,True,False,,,,,,,,,,False,False
/pbr/poke_icon.narc,/pbr/poke_icon.narc!/member_00501,0,/pbr/poke_icon.narc,499,501,,535968,537040,531596,532668,1072,34476d900326197dac2c8be534b5770feb6ca2e4b288ed76a2976bc69300e57f,5247434efffe01013004000010000100,,NCGR graphics,Confirmed,True,False,,,,,,,,,,False,False
/pbr/poke_icon.narc,/pbr/poke_icon.narc!/member_00502,0,/pbr/poke_icon.narc,499,502,,537040,538112,532668,533740,1072,d0967ddb77f55bffff0e1b96e94a64202c762ec4a310653fb10d2882341ce366,5247434efffe01013004000010000100,,NCGR graphics,Confirmed,True,False,,,,,,,,,,False,False
/pbr/poke_icon.narc,/pbr/poke_icon.narc!/member_00503,0,/pbr/poke_icon.narc,499,503,,538112,539184,533740,534812,1072,c6d05421ce14c304dd5417808cc821352f45f3c685b0f3e1ba394fe591879ede,5247434efffe01013004000010000100,,NCGR graphics,Confirmed,True,False,,,,,,,,,,False,False
/pbr/poke_icon.narc,/pbr/poke_icon.narc!/member_00504,0,/pbr/poke_icon.narc,499,504,,539184,540256,534812,535884,1072,1b4f493cfa57467e289cf5ce1dd34adb3a7024fc6f31f1b80879c36ca93d0a22,5247434efffe01013004000010000100,,NCGR graphics,Confirmed,True,False,,,,,,,,,,False,False
/pbr/poke_icon.narc,/pbr/poke_icon.narc!/member_00505,0,/pbr/poke_icon.narc,499,505,,540256,541328,535884,536956,1072,5e882f85f7dd499b6b9af29722244a3835be376ff36dfa6a4127e6dde3532478,5247434efffe01013004000010000100,,NCGR graphics,Confirmed,True,False,,,,,,,,,,False,False
/pbr/poke_icon.narc,/pbr/poke_icon.narc!/member_00506,0,/pbr/poke_icon.narc,499,506,,541328,542400,536956,538028,1072,8f1853e95351bf343d2181aafbe91d00f2b476d0704674e26c7fc25ce668e853,5247434efffe01013004000010000100,,NCGR graphics,Confirmed,True,False,,,,,,,,,,False,False
/pbr/poke_icon.narc,/pbr/poke_icon.narc!/member_00507,0,/pbr/poke_icon.narc,499,507,,542400,543472,538028,539100,1072,3e47b075a3dce9978a3b92400e6743462a5aacc5f1d2d520da327b4bcb075931,5247434efffe01013004000010000100,,NCGR graphics,Confirmed,True,False,,,,,,,,,,False,False
/pbr/poke_icon.narc,/pbr/poke_icon.narc!/member_00508,0,/pbr/poke_icon.narc,499,508,,543472,544544,539100,540172,1072,18301151e34405c053cce9cc2296052e513affc214808395d7a5e2e62dfa8a14,5247434efffe01013004000010000100,,NCGR graphics,Confirmed,True,False,,,,,,,,,,False,False
/pbr/poke_icon.narc,/pbr/poke_icon.narc!/member_00509,0,/pbr/poke_icon.narc,499,509,,544544,545616,540172,541244,1072,0f5134c275855f11b35c2034b16346f5b152209317198fa0b9c9fcb2b7a2147a,5247434efffe01013004000010000100,,NCGR graphics,Confirmed,True,False,,,,,,,,,,False,False
/pbr/poke_icon.narc,/pbr/poke_icon.narc!/member_00510,0,/pbr/poke_icon.narc,499,510,,545616,546688,541244,542316,1072,ab6867bc9363c5d20774a59951cc3caa28778b67773c331db49da24dea59bbe4,5247434efffe01013004000010000100,,NCGR graphics,Confirmed,True,False,,,,,,,,,,False,False
/pbr/poke_icon.narc,/pbr/poke_icon.narc!/member_00511,0,/pbr/poke_icon.narc,499,511,,546688,547760,542316,543388,1072,75b4177f649a79f5149c653f9d8ada97150d7af5353b3585a24061280210debc,5247434efffe01013004000010000100,,NCGR graphics,Confirmed,True,False,,,,,,,,,,False,False
/pbr/poke_icon.narc,/pbr/poke_icon.narc!/member_00512,0,/pbr/poke_icon.narc,499,512,,547760,548832,543388,544460,1072,ceb5f6d6d0e68d405d4289c192931f93df832b4be251778f993d40dd018cb787,5247434efffe01013004000010000100,,NCGR graphics,Confirmed,True,False,,,,,,,,,,False,False
/pbr/poke_icon.narc,/pbr/poke_icon.narc!/member_00513,0,/pbr/poke_icon.narc,499,513,,548832,549904,544460,545532,1072,8596dac040a8441aa5402ad377f695826ccfb0c73f647f2a69c213a0b570b000,5247434efffe01013004000010000100,,NCGR graphics,Confirmed,True,False,,,,,,,,,,False,False
/pbr/poke_icon.narc,/pbr/poke_icon.narc!/member_00514,0,/pbr/poke_icon.narc,499,514,,549904,550976,545532,546604,1072,30cb75a33fb90531d524dfaed0f9837dd8a1092d31024294a0f2a7018122c381,5247434efffe01013004000010000100,,NCGR graphics,Confirmed,True,False,,,,,,,,,,False,False
/pbr/poke_icon.narc,/pbr/poke_icon.narc!/member_00515,0,/pbr/poke_icon.narc,499,515,,550976,552048,546604,547676,1072,dabbba831e1aa9ebc4d11efa2f0b80d1ef7e71b5a69f2777829fb364b0d61da7,5247434efffe01013004000010000100,,NCGR graphics,Confirmed,True,False,,,,,,,,,,False,False
/pbr/poke_icon.narc,/pbr/poke_icon.narc!/member_00516,0,/pbr/poke_icon.narc,499,516,,552048,553120,547676,548748,1072,832f9f7ab552a926e35c5bfe1ad0f5fed48b7919fff0b0ad70937e2ea459320a,5247434efffe01013004000010000100,,NCGR graphics,Confirmed,True,False,,,,,,,,,,False,False
/pbr/poke_icon.narc,/pbr/poke_icon.narc!/member_00517,0,/pbr/poke_icon.narc,499,517,,553120,554192,548748,549820,1072,1b07e2c146a64ddb6c8947433ca174374f2147a16221525d07ee4fdde87f079f,5247434efffe01013004000010000100,,NCGR graphics,Confirmed,True,False,,,,,,,,,,False,False
/pbr/poke_icon.narc,/pbr/poke_icon.narc!/member_00518,0,/pbr/poke_icon.narc,499,518,,554192,555264,549820,550892,1072,ee56bbc25be98f4f9b27e996e6788a0e60abbcedb0b3021fcd31c2ad069c5e87,5247434efffe01013004000010000100,,NCGR graphics,Confirmed,True,False,,,,,,,,,,False,False
/pbr/poke_icon.narc,/pbr/poke_icon.narc!/member_00519,0,/pbr/poke_icon.narc,499,519,,555264,556336,550892,551964,1072,2f75198700d210a8522a80484984e70feb33cadba40d20ed60fab229c17fe4d0,5247434efffe01013004000010000100,,NCGR graphics,Confirmed,True,False,,,,,,,,,,False,False
/pbr/poke_icon.narc,/pbr/poke_icon.narc!/member_00520,0,/pbr/poke_icon.narc,499,520,,556336,557408,551964,553036,1072,af305d556b09bb8aaeb78986504e9714e7d272ce9e60f33f542fd96e53e952dd,5247434efffe01013004000010000100,,NCGR graphics,Confirmed,True,False,,,,,,,,,,False,False
/pbr/poke_icon.narc,/pbr/poke_icon.narc!/member_00521,0,/pbr/poke_icon.narc,499,521,,557408,558480,553036,554108,1072,be76049d78521ee34acda3698182e381e121ea65cea91154c463bf59e7945bd3,5247434efffe01013004000010000100,,NCGR graphics,Confirmed,True,False,,,,,,,,,,False,False
/pbr/poke_icon.narc,/pbr/poke_icon.narc!/member_00522,0,/pbr/poke_icon.narc,499,522,,558480,559552,554108,555180,1072,1a021dcc04ee5a01be73bf87175be9f88d95f931c550ee6486ba0e78d16c3838,5247434efffe01013004000010000100,,NCGR graphics,Confirmed,True,False,,,,,,,,,,False,False
/pbr/poke_icon.narc,/pbr/poke_icon.narc!/member_00523,0,/pbr/poke_icon.narc,499,523,,559552,560624,555180,556252,1072,57e13ff848f98de94b3168a19686eae97faa9eda31a40abf863e1d21d25a3cd1,5247434efffe01013004000010000100,,NCGR graphics,Confirmed,True,False,,,,,,,,,,False,False
/pbr/poke_icon.narc,/pbr/poke_icon.narc!/member_00524,0,/pbr/poke_icon.narc,499,524,,560624,561696,556252,557324,1072,c9200ed6d69a5540c17b83a0c1980a07664ac6e905313e13f1210daf69019439,5247434efffe01013004000010000100,,NCGR graphics,Confirmed,True,False,,,,,,,,,,False,False
/pbr/poke_icon.narc,/pbr/poke_icon.narc!/member_00525,0,/pbr/poke_icon.narc,499,525,,561696,562768,557324,558396,1072,45a7481c98ceb349faee7aa3f2fae1ea772e70b86c9ae11ad7e619a98d7ecf2c,5247434efffe01013004000010000100,,NCGR graphics,Confirmed,True,False,,,,,,,,,,False,False
/pbr/poke_icon.narc,/pbr/poke_icon.narc!/member_00526,0,/pbr/poke_icon.narc,499,526,,562768,563840,558396,559468,1072,12a363e8f43d3c3af3d341e43b211a79e6d3b58fdfa919875ec85e6ab74a74cf,5247434efffe01013004000010000100,,NCGR graphics,Confirmed,True,False,,,,,,,,,,False,False
/pbr/poke_icon.narc,/pbr/poke_icon.narc!/member_00527,0,/pbr/poke_icon.narc,499,527,,563840,564912,559468,560540,1072,497725942b63ddc366b46d95e4844f32e59acb30f2113b3b377aad371307dada,5247434efffe01013004000010000100,,NCGR graphics,Confirmed,True,False,,,,,,,,,,False,False
/pbr/poke_icon.narc,/pbr/poke_icon.narc!/member_00528,0,/pbr/poke_icon.narc,499,528,,564912,565984,560540,561612,1072,10d4e45ee497497b0a99d98f79b2a60cac0e7d907225daa547eed9be5310c79b,5247434efffe01013004000010000100,,NCGR graphics,Confirmed,True,False,,,,,,,,,,False,False
/pbr/poke_icon.narc,/pbr/poke_icon.narc!/member_00529,0,/pbr/poke_icon.narc,499,529,,565984,567056,561612,562684,1072,f853ade2a26e88984f5efc858ab93ed3295ad8ac6b14cbecda795a435ac51ed7,5247434efffe01013004000010000100,,NCGR graphics,Confirmed,True,False,,,,,,,,,,False,False
/pbr/poke_icon.narc,/pbr/poke_icon.narc!/member_00530,0,/pbr/poke_icon.narc,499,530,,567056,568128,562684,563756,1072,6eed0d137b2dd9370213a66ede52291e8621bc915cb326a1b9546b8c0a2ee096,5247434efffe01013004000010000100,,NCGR graphics,Confirmed,True,False,,,,,,,,,,False,False
/pbr/poke_icon.narc,/pbr/poke_icon.narc!/member_00531,0,/pbr/poke_icon.narc,499,531,,568128,569200,563756,564828,1072,f37e810f578c13f0e250141f73bfc06908ee97368bfb4c64c96ed09d5e821f27,5247434efffe01013004000010000100,,NCGR graphics,Confirmed,True,False,,,,,,,,,,False,False
/pbr/poke_icon.narc,/pbr/poke_icon.narc!/member_00532,0,/pbr/poke_icon.narc,499,532,,569200,570272,564828,565900,1072,ed593acdbe652f260c378e43f71a4ef1a8d4be0b74d6c1f58ae0410dde707d8c,5247434efffe01013004000010000100,,NCGR graphics,Confirmed,True,False,,,,,,,,,,False,False
/pbr/poke_icon.narc,/pbr/poke_icon.narc!/member_00533,0,/pbr/poke_icon.narc,499,533,,570272,571344,565900,566972,1072,52da111a73e4b0a3b61fdebfb7c406328506946100a701a8314c80aae3e81063,5247434efffe01013004000010000100,,NCGR graphics,Confirmed,True,False,,,,,,,,,,False,False
/pbr/poke_icon.narc,/pbr/poke_icon.narc!/member_00534,0,/pbr/poke_icon.narc,499,534,,571344,572416,566972,568044,1072,cd041cee6f32f7a8851e48bc82a0edb4a9fff376f70caca7b50c1e9a86673d5a,5247434efffe01013004000010000100,,NCGR graphics,Confirmed,True,False,,,,,,,,,,False,False
/pbr/poke_icon.narc,/pbr/poke_icon.narc!/member_00535,0,/pbr/poke_icon.narc,499,535,,572416,573488,568044,569116,1072,14667b133d4cafef62841e6c178827595e22a8ebd72c6bc6785b2ad74ffb0f69,5247434efffe01013004000010000100,,NCGR graphics,Confirmed,True,False,,,,,,,,,,False,False
/pbr/poke_icon.narc,/pbr/poke_icon.narc!/member_00536,0,/pbr/poke_icon.narc,499,536,,573488,574560,569116,570188,1072,b3dad44b0e916c8f3d93e9e47944b82c3684ab5f5479324a2f0fbe80ce5becc3,5247434efffe01013004000010000100,,NCGR graphics,Confirmed,True,False,,,,,,,,,,False,False
/pbr/poke_icon.narc,/pbr/poke_icon.narc!/member_00537,0,/pbr/poke_icon.narc,499,537,,574560,575632,570188,571260,1072,66b07f3e0a42e361f29666b9c8382a6b5fa8346a22c11a17b397b2b95867f57b,5247434efffe01013004000010000100,,NCGR graphics,Confirmed,True,False,,,,,,,,,,False,False
/pbr/poke_icon.narc,/pbr/poke_icon.narc!/member_00538,0,/pbr/poke_icon.narc,499,538,,575632,576704,571260,572332,1072,6ca6dec15e0ee8ce3e7afd45f0cfdb77ccf3bf6e944f99711545580fb345f158,5247434efffe01013004000010000100,,NCGR graphics,Confirmed,True,False,,,,,,,,,,False,False
/pbr/poke_icon.narc,/pbr/poke_icon.narc!/member_00539,0,/pbr/poke_icon.narc,499,539,,576704,577776,572332,573404,1072,0fae8b157d42bf2914a4b9f1f922d572296a8555e7959ba93246b018900edd9b,5247434efffe01013004000010000100,,NCGR graphics,Confirmed,True,False,,,,,,,,,,False,False
/pbr/pokeanm.narc,/pbr/pokeanm.narc!/member_00000,0,/pbr/pokeanm.narc,500,0,,60,13892,0,13832,13832,34e082a85abbaa0d6bd2014e157e766ae9949812b61e59a616151f4b4b442b5e,0000000000000000ff00ff00ff00ff00,,,,,False,,,,,,,,,,False,False
/pbr/pokegra.narc,/pbr/pokegra.narc!/member_00000,0,/pbr/pokegra.narc,501,0,,23764,30212,0,6448,6448,7697b92d782acbb119fe7c9996a5a8a2d0ad26dfea1c0731d1e7ec72b60667cb,5247434efffe00013019000010000100,,NCGR graphics,Confirmed,True,False,,,,,,,,,,False,False
/pbr/pokegra.narc,/pbr/pokegra.narc!/member_00001,0,/pbr/pokegra.narc,501,1,,30212,36660,6448,12896,6448,7697b92d782acbb119fe7c9996a5a8a2d0ad26dfea1c0731d1e7ec72b60667cb,5247434efffe00013019000010000100,,NCGR graphics,Confirmed,True,False,,,,,,,,,,False,False
/pbr/pokegra.narc,/pbr/pokegra.narc!/member_00002,0,/pbr/pokegra.narc,501,2,,36660,43108,12896,19344,6448,7697b92d782acbb119fe7c9996a5a8a2d0ad26dfea1c0731d1e7ec72b60667cb,5247434efffe00013019000010000100,,NCGR graphics,Confirmed,True,False,,,,,,,,,,False,False
/pbr/pokegra.narc,/pbr/pokegra.narc!/member_00003,0,/pbr/pokegra.narc,501,3,,43108,49556,19344,25792,6448,7697b92d782acbb119fe7c9996a5a8a2d0ad26dfea1c0731d1e7ec72b60667cb,5247434efffe00013019000010000100,,NCGR graphics,Confirmed,True,False,,,,,,,,,,False,False
/pbr/pokegra.narc,/pbr/pokegra.narc!/member_00004,0,/pbr/pokegra.narc,501,4,,49556,49628,25792,25864,72,c4664a69723c44c7f825c773628ed04b9b1941f5b2e6f58e835230bcaa6910b3,524c434efffe00014800000010000100,,NCLR palette,Confirmed,True,False,,,,,,,,,,False,False
/pbr/pokegra.narc,/pbr/pokegra.narc!/member_00005,0,/pbr/pokegra.narc,501,5,,49628,49700,25864,25936,72,c4664a69723c44c7f825c773628ed04b9b1941f5b2e6f58e835230bcaa6910b3,524c434efffe00014800000010000100,,NCLR palette,Confirmed,True,False,,,,,,,,,,False,False
/pbr/pokegra.narc,/pbr/pokegra.narc!/member_00006,0,/pbr/pokegra.narc,501,6,,49700,56148,25936,32384,6448,a65bce2788c8d499e0f85152422650842dfc2086bb9e19abc3c122ef9321f970,5247434efffe00013019000010000100,,NCGR graphics,Confirmed,True,False,,,,,,,,,,False,False
/pbr/pokegra.narc,/pbr/pokegra.narc!/member_00007,0,/pbr/pokegra.narc,501,7,,56148,62596,32384,38832,6448,a65bce2788c8d499e0f85152422650842dfc2086bb9e19abc3c122ef9321f970,5247434efffe00013019000010000100,,NCGR graphics,Confirmed,True,False,,,,,,,,,,False,False
/pbr/pokegra.narc,/pbr/pokegra.narc!/member_00008,0,/pbr/pokegra.narc,501,8,,62596,69044,38832,45280,6448,5a3bee6408bbe9831dd1709b2c2667b26d12527b506e47a7186e3d4b71da2f0c,5247434efffe00013019000010000100,,NCGR graphics,Confirmed,True,False,,,,,,,,,,False,False
/pbr/pokegra.narc,/pbr/pokegra.narc!/member_00009,0,/pbr/pokegra.narc,501,9,,69044,75492,45280,51728,6448,5a3bee6408bbe9831dd1709b2c2667b26d12527b506e47a7186e3d4b71da2f0c,5247434efffe00013019000010000100,,NCGR graphics,Confirmed,True,False,,,,,,,,,,False,False
/pbr/pokegra.narc,/pbr/pokegra.narc!/member_00010,0,/pbr/pokegra.narc,501,10,,75492,75564,51728,51800,72,b0a8f4594b6222685a898987f3cb73a26f57483149a7ddb9ea81896e2b11cfce,524c434efffe00014800000010000100,,NCLR palette,Confirmed,True,False,,,,,,,,,,False,False
/pbr/pokegra.narc,/pbr/pokegra.narc!/member_00011,0,/pbr/pokegra.narc,501,11,,75564,75636,51800,51872,72,8979263f0721a1b1c9e7b9dae18e024fa906ae651daa94952395fe243bd8b229,524c434efffe00014800000010000100,,NCLR palette,Confirmed,True,False,,,,,,,,,,False,False
/pbr/pokegra.narc,/pbr/pokegra.narc!/member_00012,0,/pbr/pokegra.narc,501,12,,75636,82084,51872,58320,6448,daf18651f8b6c3bd613eb113f935ac643ec3f571028a2e32a5cf586d22486f5e,5247434efffe00013019000010000100,,NCGR graphics,Confirmed,True,False,,,,,,,,,,False,False
/pbr/pokegra.narc,/pbr/pokegra.narc!/member_00013,0,/pbr/pokegra.narc,501,13,,82084,88532,58320,64768,6448,daf18651f8b6c3bd613eb113f935ac643ec3f571028a2e32a5cf586d22486f5e,5247434efffe00013019000010000100,,NCGR graphics,Confirmed,True,False,,,,,,,,,,False,False
/pbr/pokegra.narc,/pbr/pokegra.narc!/member_00014,0,/pbr/pokegra.narc,501,14,,88532,94980,64768,71216,6448,9fbab83cad71e66c658f12e11145027d395141ab6ce243670830a963e740c791,5247434efffe00013019000010000100,,NCGR graphics,Confirmed,True,False,,,,,,,,,,False,False
/pbr/pokegra.narc,/pbr/pokegra.narc!/member_00015,0,/pbr/pokegra.narc,501,15,,94980,101428,71216,77664,6448,9fbab83cad71e66c658f12e11145027d395141ab6ce243670830a963e740c791,5247434efffe00013019000010000100,,NCGR graphics,Confirmed,True,False,,,,,,,,,,False,False
/pbr/pokegra.narc,/pbr/pokegra.narc!/member_00016,0,/pbr/pokegra.narc,501,16,,101428,101500,77664,77736,72,09656d56327bd121121135fccea8c696196a9f65b6194572964fd887a8a0baeb,524c434efffe00014800000010000100,,NCLR palette,Confirmed,True,False,,,,,,,,,,False,False
/pbr/pokegra.narc,/pbr/pokegra.narc!/member_00017,0,/pbr/pokegra.narc,501,17,,101500,101572,77736,77808,72,c1eebacef57057610d03f0236b6f9932fef8733bd795a414bf7cc4047c9adb6e,524c434efffe00014800000010000100,,NCLR palette,Confirmed,True,False,,,,,,,,,,False,False
/pbr/pokegra.narc,/pbr/pokegra.narc!/member_00018,0,/pbr/pokegra.narc,501,18,,101572,108020,77808,84256,6448,7dae379a0d09d41df6a095423284497c19b3dbde613ba98739fc4c076e64b682,5247434efffe00013019000010000100,,NCGR graphics,Confirmed,True,False,,,,,,,,,,False,False
/pbr/pokegra.narc,/pbr/pokegra.narc!/member_00019,0,/pbr/pokegra.narc,501,19,,108020,114468,84256,90704,6448,ae5ba09f3806cf4e8e4b72b31c94e8ee1119cbd8ee02c54ba7fd8911ab3d2bab,5247434efffe00013019000010000100,,NCGR graphics,Confirmed,True,False,,,,,,,,,,False,False
/pbr/pokegra.narc,/pbr/pokegra.narc!/member_00020,0,/pbr/pokegra.narc,501,20,,114468,120916,90704,97152,6448,315a8e28116191b319ea944c00753bc4a21f0503aaf3517f68c48f202cf3fdb7,5247434efffe00013019000010000100,,NCGR graphics,Confirmed,True,False,,,,,,,,,,False,False
/pbr/pokegra.narc,/pbr/pokegra.narc!/member_00021,0,/pbr/pokegra.narc,501,21,,120916,127364,97152,103600,6448,bfe043e2fedfaaa2b10e67b5fe9731c06356597c72f0cd960623537663756273,5247434efffe00013019000010000100,,NCGR graphics,Confirmed,True,False,,,,,,,,,,False,False
/pbr/pokegra.narc,/pbr/pokegra.narc!/member_00022,0,/pbr/pokegra.narc,501,22,,127364,127436,103600,103672,72,488c63ece5e14c7d0f9866dbc9ff58814025d89d30b94587c03d7b22f85b7c21,524c434efffe00014800000010000100,,NCLR palette,Confirmed,True,False,,,,,,,,,,False,False
/pbr/pokegra.narc,/pbr/pokegra.narc!/member_00023,0,/pbr/pokegra.narc,501,23,,127436,127508,103672,103744,72,1701d0392167b81fc3d2e83cb24475872fb069dd8575aa971c46b95a00576d76,524c434efffe00014800000010000100,,NCLR palette,Confirmed,True,False,,,,,,,,,,False,False
/pbr/pokegra.narc,/pbr/pokegra.narc!/member_00024,0,/pbr/pokegra.narc,501,24,,127508,133956,103744,110192,6448,382e15de0441cccdafa3326fe7a9966b1545b5aa59c459a549bbe95c8d9a6ea2,5247434efffe00013019000010000100,,NCGR graphics,Confirmed,True,False,,,,,,,,,,False,False
/pbr/pokegra.narc,/pbr/pokegra.narc!/member_00025,0,/pbr/pokegra.narc,501,25,,133956,140404,110192,116640,6448,382e15de0441cccdafa3326fe7a9966b1545b5aa59c459a549bbe95c8d9a6ea2,5247434efffe00013019000010000100,,NCGR graphics,Confirmed,True,False,,,,,,,,,,False,False
/pbr/pokegra.narc,/pbr/pokegra.narc!/member_00026,0,/pbr/pokegra.narc,501,26,,140404,146852,116640,123088,6448,cf25d86e0bd25b6b4a333699f923b867a8236beddc3d0f27119ea5888322b8b7,5247434efffe00013019000010000100,,NCGR graphics,Confirmed,True,False,,,,,,,,,,False,False
/pbr/pokegra.narc,/pbr/pokegra.narc!/member_00027,0,/pbr/pokegra.narc,501,27,,146852,153300,123088,129536,6448,cf25d86e0bd25b6b4a333699f923b867a8236beddc3d0f27119ea5888322b8b7,5247434efffe00013019000010000100,,NCGR graphics,Confirmed,True,False,,,,,,,,,,False,False
/pbr/pokegra.narc,/pbr/pokegra.narc!/member_00028,0,/pbr/pokegra.narc,501,28,,153300,153372,129536,129608,72,a86bc699f177174595ac29ec639428201d2467fa7492344328ac68756c5d3c55,524c434efffe00014800000010000100,,NCLR palette,Confirmed,True,False,,,,,,,,,,False,False
/pbr/pokegra.narc,/pbr/pokegra.narc!/member_00029,0,/pbr/pokegra.narc,501,29,,153372,153444,129608,129680,72,1fc8f495d51bcf4283751cfb90cb474b076908152861d2e032ff2b72d974f4bb,524c434efffe00014800000010000100,,NCLR palette,Confirmed,True,False,,,,,,,,,,False,False
/pbr/pokegra.narc,/pbr/pokegra.narc!/member_00030,0,/pbr/pokegra.narc,501,30,,153444,159892,129680,136128,6448,e6e5f56664c2f96ce474e88a7f5d68db4c38016cba11c1ee414229060ec5a8bb,5247434efffe00013019000010000100,,NCGR graphics,Confirmed,True,False,,,,,,,,,,False,False
/pbr/pokegra.narc,/pbr/pokegra.narc!/member_00031,0,/pbr/pokegra.narc,501,31,,159892,166340,136128,142576,6448,e6e5f56664c2f96ce474e88a7f5d68db4c38016cba11c1ee414229060ec5a8bb,5247434efffe00013019000010000100,,NCGR graphics,Confirmed,True,False,,,,,,,,,,False,False
/pbr/pokegra.narc,/pbr/pokegra.narc!/member_00032,0,/pbr/pokegra.narc,501,32,,166340,172788,142576,149024,6448,1730a2f86e93843e6c9d92b3e8aacde5b4dadfe14508e08d259b705ed3c6ab33,5247434efffe00013019000010000100,,NCGR graphics,Confirmed,True,False,,,,,,,,,,False,False
/pbr/pokegra.narc,/pbr/pokegra.narc!/member_00033,0,/pbr/pokegra.narc,501,33,,172788,179236,149024,155472,6448,1730a2f86e93843e6c9d92b3e8aacde5b4dadfe14508e08d259b705ed3c6ab33,5247434efffe00013019000010000100,,NCGR graphics,Confirmed,True,False,,,,,,,,,,False,False
/pbr/pokegra.narc,/pbr/pokegra.narc!/member_00034,0,/pbr/pokegra.narc,501,34,,179236,179308,155472,155544,72,6a7de4e7597b0ceda099f3ed950f49b2d30f6dec68ce5cfa09b8e6d3f87c0e50,524c434efffe00014800000010000100,,NCLR palette,Confirmed,True,False,,,,,,,,,,False,False
/pbr/pokegra.narc,/pbr/pokegra.narc!/member_00035,0,/pbr/pokegra.narc,501,35,,179308,179380,155544,155616,72,979e660d554fcdc3021189fbd53156717ff1defd63de90390af23af602b269b2,524c434efffe00014800000010000100,,NCLR palette,Confirmed,True,False,,,,,,,,,,False,False
/pbr/pokegra.narc,/pbr/pokegra.narc!/member_00036,0,/pbr/pokegra.narc,501,36,,179380,185828,155616,162064,6448,2fa68a8cd7bb57762e3cc12899b467217896c2148ac7a7b4eb8d66813838e78b,5247434efffe00013019000010000100,,NCGR graphics,Confirmed,True,False,,,,,,,,,,False,False
/pbr/pokegra.narc,/pbr/pokegra.narc!/member_00037,0,/pbr/pokegra.narc,501,37,,185828,192276,162064,168512,6448,2fa68a8cd7bb57762e3cc12899b467217896c2148ac7a7b4eb8d66813838e78b,5247434efffe00013019000010000100,,NCGR graphics,Confirmed,True,False,,,,,,,,,,False,False
/pbr/pokegra.narc,/pbr/pokegra.narc!/member_00038,0,/pbr/pokegra.narc,501,38,,192276,198724,168512,174960,6448,e4c1ec531e3dae68cc0c107dfb0205eeda7ccb10d1ff8f7e504bfd2c5d3f6579,5247434efffe00013019000010000100,,NCGR graphics,Confirmed,True,False,,,,,,,,,,False,False
/pbr/pokegra.narc,/pbr/pokegra.narc!/member_00039,0,/pbr/pokegra.narc,501,39,,198724,205172,174960,181408,6448,e4c1ec531e3dae68cc0c107dfb0205eeda7ccb10d1ff8f7e504bfd2c5d3f6579,5247434efffe00013019000010000100,,NCGR graphics,Confirmed,True,False,,,,,,,,,,False,False
/pbr/pokegra.narc,/pbr/pokegra.narc!/member_00040,0,/pbr/pokegra.narc,501,40,,205172,205244,181408,181480,72,387920a720cbdbdc939d43192254883b9c8d1c3238da9ddcb4a4b1863567f9f9,524c434efffe00014800000010000100,,NCLR palette,Confirmed,True,False,,,,,,,,,,False,False
/pbr/pokegra.narc,/pbr/pokegra.narc!/member_00041,0,/pbr/pokegra.narc,501,41,,205244,205316,181480,181552,72,a3c65c31c12c6d55ea930cc7cb4d3148e0f43ec9d67efdad339f30bbc8a2349f,524c434efffe00014800000010000100,,NCLR palette,Confirmed,True,False,,,,,,,,,,False,False
/pbr/pokegra.narc,/pbr/pokegra.narc!/member_00042,0,/pbr/pokegra.narc,501,42,,205316,211764,181552,188000,6448,2300d0c1b574028159df42afa7dcf205ea6e3addc7bf4a9d17831e3da287a5e8,5247434efffe00013019000010000100,,NCGR graphics,Confirmed,True,False,,,,,,,,,,False,False
/pbr/pokegra.narc,/pbr/pokegra.narc!/member_00043,0,/pbr/pokegra.narc,501,43,,211764,218212,188000,194448,6448,2300d0c1b574028159df42afa7dcf205ea6e3addc7bf4a9d17831e3da287a5e8,5247434efffe00013019000010000100,,NCGR graphics,Confirmed,True,False,,,,,,,,,,False,False
/pbr/pokegra.narc,/pbr/pokegra.narc!/member_00044,0,/pbr/pokegra.narc,501,44,,218212,224660,194448,200896,6448,f4cb2f49415612e894bc43572dd67bbc72f64a8fe2ec3fc3e5ebd3c79288b374,5247434efffe00013019000010000100,,NCGR graphics,Confirmed,True,False,,,,,,,,,,False,False
/pbr/pokegra.narc,/pbr/pokegra.narc!/member_00045,0,/pbr/pokegra.narc,501,45,,224660,231108,200896,207344,6448,f4cb2f49415612e894bc43572dd67bbc72f64a8fe2ec3fc3e5ebd3c79288b374,5247434efffe00013019000010000100,,NCGR graphics,Confirmed,True,False,,,,,,,,,,False,False
/pbr/pokegra.narc,/pbr/pokegra.narc!/member_00046,0,/pbr/pokegra.narc,501,46,,231108,231180,207344,207416,72,0e55fe0d4de8ac649270633db76107259b37f366a2318af68f81687a012f02c5,524c434efffe00014800000010000100,,NCLR palette,Confirmed,True,False,,,,,,,,,,False,False
/pbr/pokegra.narc,/pbr/pokegra.narc!/member_00047,0,/pbr/pokegra.narc,501,47,,231180,231252,207416,207488,72,1692704f617067fd57872d0811c728eb4ad08202dd8b8d5dcb248e36004555ee,524c434efffe00014800000010000100,,NCLR palette,Confirmed,True,False,,,,,,,,,,False,False
/pbr/pokegra.narc,/pbr/pokegra.narc!/member_00048,0,/pbr/pokegra.narc,501,48,,231252,237700,207488,213936,6448,0ce62555cea6f144ce9af6d2232fc6a9a61342e1231ecee90db943387d0ef3c0,5247434efffe00013019000010000100,,NCGR graphics,Confirmed,True,False,,,,,,,,,,False,False
/pbr/pokegra.narc,/pbr/pokegra.narc!/member_00049,0,/pbr/pokegra.narc,501,49,,237700,244148,213936,220384,6448,0ce62555cea6f144ce9af6d2232fc6a9a61342e1231ecee90db943387d0ef3c0,5247434efffe00013019000010000100,,NCGR graphics,Confirmed,True,False,,,,,,,,,,False,False
/pbr/pokegra.narc,/pbr/pokegra.narc!/member_00050,0,/pbr/pokegra.narc,501,50,,244148,250596,220384,226832,6448,7181b50935a1c64022225aada1b01904754b7abedef37e3f08f62973062d0997,5247434efffe00013019000010000100,,NCGR graphics,Confirmed,True,False,,,,,,,,,,False,False
/pbr/pokegra.narc,/pbr/pokegra.narc!/member_00051,0,/pbr/pokegra.narc,501,51,,250596,257044,226832,233280,6448,7181b50935a1c64022225aada1b01904754b7abedef37e3f08f62973062d0997,5247434efffe00013019000010000100,,NCGR graphics,Confirmed,True,False,,,,,,,,,,False,False
/pbr/pokegra.narc,/pbr/pokegra.narc!/member_00052,0,/pbr/pokegra.narc,501,52,,257044,257116,233280,233352,72,72f1ab911a9975744c71bceeca7fbe002d8b61eb0f5cf1f7fd5915589b0dfa25,524c434efffe00014800000010000100,,NCLR palette,Confirmed,True,False,,,,,,,,,,False,False
/pbr/pokegra.narc,/pbr/pokegra.narc!/member_00053,0,/pbr/pokegra.narc,501,53,,257116,257188,233352,233424,72,d8f871f67957815888296ee5d99ce69bdf265a18b1d9b20644cfb4709935b27d,524c434efffe00014800000010000100,,NCLR palette,Confirmed,True,False,,,,,,,,,,False,False
/pbr/pokegra.narc,/pbr/pokegra.narc!/member_00054,0,/pbr/pokegra.narc,501,54,,257188,263636,233424,239872,6448,58469f674de2164d44bf62b2325ab7eec0ca1b10ad65bc820c64ce6f91f50ed1,5247434efffe00013019000010000100,,NCGR graphics,Confirmed,True,False,,,,,,,,,,False,False
/pbr/pokegra.narc,/pbr/pokegra.narc!/member_00055,0,/pbr/pokegra.narc,501,55,,263636,270084,239872,246320,6448,58469f674de2164d44bf62b2325ab7eec0ca1b10ad65bc820c64ce6f91f50ed1,5247434efffe00013019000010000100,,NCGR graphics,Confirmed,True,False,,,,,,,,,,False,False
/pbr/pokegra.narc,/pbr/pokegra.narc!/member_00056,0,/pbr/pokegra.narc,501,56,,270084,276532,246320,252768,6448,8d96b37c2230f0b1470d9e1bdd8c5bcaaf14070f610b3a976c6ce4bf84299fad,5247434efffe00013019000010000100,,NCGR graphics,Confirmed,True,False,,,,,,,,,,False,False
/pbr/pokegra.narc,/pbr/pokegra.narc!/member_00057,0,/pbr/pokegra.narc,501,57,,276532,282980,252768,259216,6448,8d96b37c2230f0b1470d9e1bdd8c5bcaaf14070f610b3a976c6ce4bf84299fad,5247434efffe00013019000010000100,,NCGR graphics,Confirmed,True,False,,,,,,,,,,False,False
/pbr/pokegra.narc,/pbr/pokegra.narc!/member_00058,0,/pbr/pokegra.narc,501,58,,282980,283052,259216,259288,72,19b455616d90aa5e18e810aafb0eeeb02afb156b87e2a26ea0cfae0abd88a614,524c434efffe00014800000010000100,,NCLR palette,Confirmed,True,False,,,,,,,,,,False,False
/pbr/pokegra.narc,/pbr/pokegra.narc!/member_00059,0,/pbr/pokegra.narc,501,59,,283052,283124,259288,259360,72,829b360150a44c60fc8d484cd01690de548fea8b062cc5aab6daba1de621273c,524c434efffe00014800000010000100,,NCLR palette,Confirmed,True,False,,,,,,,,,,False,False
/pbr/pokegra.narc,/pbr/pokegra.narc!/member_00060,0,/pbr/pokegra.narc,501,60,,283124,289572,259360,265808,6448,e630b55d8c889846264f7278ecab9867ab7ea0fa88e71b191a6f907622ee821e,5247434efffe00013019000010000100,,NCGR graphics,Confirmed,True,False,,,,,,,,,,False,False
/pbr/pokegra.narc,/pbr/pokegra.narc!/member_00061,0,/pbr/pokegra.narc,501,61,,289572,296020,265808,272256,6448,e630b55d8c889846264f7278ecab9867ab7ea0fa88e71b191a6f907622ee821e,5247434efffe00013019000010000100,,NCGR graphics,Confirmed,True,False,,,,,,,,,,False,False
/pbr/pokegra.narc,/pbr/pokegra.narc!/member_00062,0,/pbr/pokegra.narc,501,62,,296020,302468,272256,278704,6448,c7b1151eb3eb0dd3e7638552b8923e34ec41c15aae17de59a766710f2c959c76,5247434efffe00013019000010000100,,NCGR graphics,Confirmed,True,False,,,,,,,,,,False,False
/pbr/pokegra.narc,/pbr/pokegra.narc!/member_00063,0,/pbr/pokegra.narc,501,63,,302468,308916,278704,285152,6448,c7b1151eb3eb0dd3e7638552b8923e34ec41c15aae17de59a766710f2c959c76,5247434efffe00013019000010000100,,NCGR graphics,Confirmed,True,False,,,,,,,,,,False,False
/pbr/pokegra.narc,/pbr/pokegra.narc!/member_00064,0,/pbr/pokegra.narc,501,64,,308916,308988,285152,285224,72,eef931b87d6b6db4e521c8a8f1f334c52aa820c1d483520eaab559e925c451b9,524c434efffe00014800000010000100,,NCLR palette,Confirmed,True,False,,,,,,,,,,False,False
/pbr/pokegra.narc,/pbr/pokegra.narc!/member_00065,0,/pbr/pokegra.narc,501,65,,308988,309060,285224,285296,72,fa4db04d90e8c88abbebd293e33cd3c04dcf1201e1f2e9b24ccddf419c7e4f6b,524c434efffe00014800000010000100,,NCLR palette,Confirmed,True,False,,,,,,,,,,False,False
/pbr/pokegra.narc,/pbr/pokegra.narc!/member_00066,0,/pbr/pokegra.narc,501,66,,309060,315508,285296,291744,6448,8311feb91744bc52cfd1a7e8364767e95e7540689f486610ccaeacf72c82ca57,5247434efffe00013019000010000100,,NCGR graphics,Confirmed,True,False,,,,,,,,,,False,False
/pbr/pokegra.narc,/pbr/pokegra.narc!/member_00067,0,/pbr/pokegra.narc,501,67,,315508,321956,291744,298192,6448,8311feb91744bc52cfd1a7e8364767e95e7540689f486610ccaeacf72c82ca57,5247434efffe00013019000010000100,,NCGR graphics,Confirmed,True,False,,,,,,,,,,False,False
/pbr/pokegra.narc,/pbr/pokegra.narc!/member_00068,0,/pbr/pokegra.narc,501,68,,321956,328404,298192,304640,6448,10bc80a11dd31f60f57691717c1c5f77694571f1b6e3812b09745df8446b13a0,5247434efffe00013019000010000100,,NCGR graphics,Confirmed,True,False,,,,,,,,,,False,False
/pbr/pokegra.narc,/pbr/pokegra.narc!/member_00069,0,/pbr/pokegra.narc,501,69,,328404,334852,304640,311088,6448,10bc80a11dd31f60f57691717c1c5f77694571f1b6e3812b09745df8446b13a0,5247434efffe00013019000010000100,,NCGR graphics,Confirmed,True,False,,,,,,,,,,False,False
/pbr/pokegra.narc,/pbr/pokegra.narc!/member_00070,0,/pbr/pokegra.narc,501,70,,334852,334924,311088,311160,72,c07668675e239e32db6970b52d01f292bcbb8c7c98101e3a7f7d528fa9c89aea,524c434efffe00014800000010000100,,NCLR palette,Confirmed,True,False,,,,,,,,,,False,False
/pbr/pokegra.narc,/pbr/pokegra.narc!/member_00071,0,/pbr/pokegra.narc,501,71,,334924,334996,311160,311232,72,a01946f4b523ce578de577ac663e20c46ecf4f8a8ee7f6051d646f29715b9ef1,524c434efffe00014800000010000100,,NCLR palette,Confirmed,True,False,,,,,,,,,,False,False
/pbr/pokegra.narc,/pbr/pokegra.narc!/member_00072,0,/pbr/pokegra.narc,501,72,,334996,341444,311232,317680,6448,f11018ce512f9303ff430c279210e53ea62fb0c1bd5b8e21417cda6c01cf5d9a,5247434efffe00013019000010000100,,NCGR graphics,Confirmed,True,False,,,,,,,,,,False,False
/pbr/pokegra.narc,/pbr/pokegra.narc!/member_00073,0,/pbr/pokegra.narc,501,73,,341444,347892,317680,324128,6448,4280fc782e6b40def21732002ed70c730937a1d98bec7b45bfd31cc8b2f03be1,5247434efffe00013019000010000100,,NCGR graphics,Confirmed,True,False,,,,,,,,,,False,False
/pbr/pokegra.narc,/pbr/pokegra.narc!/member_00074,0,/pbr/pokegra.narc,501,74,,347892,354340,324128,330576,6448,81df8c6fe1d432a69be9157d58e081c8c240c168daaac55d495ee8e92fd170ba,5247434efffe00013019000010000100,,NCGR graphics,Confirmed,True,False,,,,,,,,,,False,False
/pbr/pokegra.narc,/pbr/pokegra.narc!/member_00075,0,/pbr/pokegra.narc,501,75,,354340,360788,330576,337024,6448,42a5461d38c19f29f7f485389868797523541a910a580eaa5e9455c0f833906b,5247434efffe00013019000010000100,,NCGR graphics,Confirmed,True,False,,,,,,,,,,False,False
/pbr/pokegra.narc,/pbr/pokegra.narc!/member_00076,0,/pbr/pokegra.narc,501,76,,360788,360860,337024,337096,72,6c4d5da73fd9f80ed564b29059ffb75b565c441b3831879394e8fa6b0a0f4f88,524c434efffe00014800000010000100,,NCLR palette,Confirmed,True,False,,,,,,,,,,False,False
/pbr/pokegra.narc,/pbr/pokegra.narc!/member_00077,0,/pbr/pokegra.narc,501,77,,360860,360932,337096,337168,72,5dd1ef5885a177441fd895407efbb30a65ba846cc444be01b0bda000ac47466c,524c434efffe00014800000010000100,,NCLR palette,Confirmed,True,False,,,,,,,,,,False,False
/pbr/pokegra.narc,/pbr/pokegra.narc!/member_00078,0,/pbr/pokegra.narc,501,78,,360932,367380,337168,343616,6448,a3cfb11463e9de7e0cbb3c16510cbbdef8b979bc5c9e6dd579729cedec228398,5247434efffe00013019000010000100,,NCGR graphics,Confirmed,True,False,,,,,,,,,,False,False
/pbr/pokegra.narc,/pbr/pokegra.narc!/member_00079,0,/pbr/pokegra.narc,501,79,,367380,373828,343616,350064,6448,a3cfb11463e9de7e0cbb3c16510cbbdef8b979bc5c9e6dd579729cedec228398,5247434efffe00013019000010000100,,NCGR graphics,Confirmed,True,False,,,,,,,,,,False,False
/pbr/pokegra.narc,/pbr/pokegra.narc!/member_00080,0,/pbr/pokegra.narc,501,80,,373828,380276,350064,356512,6448,0bf4d37b6d0ce83438a24438ea7c088a825c3b3c9bd1a8d173b53179f547ab06,5247434efffe00013019000010000100,,NCGR graphics,Confirmed,True,False,,,,,,,,,,False,False
/pbr/pokegra.narc,/pbr/pokegra.narc!/member_00081,0,/pbr/pokegra.narc,501,81,,380276,386724,356512,362960,6448,0bf4d37b6d0ce83438a24438ea7c088a825c3b3c9bd1a8d173b53179f547ab06,5247434efffe00013019000010000100,,NCGR graphics,Confirmed,True,False,,,,,,,,,,False,False
/pbr/pokegra.narc,/pbr/pokegra.narc!/member_00082,0,/pbr/pokegra.narc,501,82,,386724,386796,362960,363032,72,b0d01ba7a63a97634e11ff6f689eb95562ee6d52e642d9c1bccc9b6e343ac4c3,524c434efffe00014800000010000100,,NCLR palette,Confirmed,True,False,,,,,,,,,,False,False
/pbr/pokegra.narc,/pbr/pokegra.narc!/member_00083,0,/pbr/pokegra.narc,501,83,,386796,386868,363032,363104,72,c039d121f8ef44c6c576e756541e29fffd29786b9bea249151d5b758f1edb2a4,524c434efffe00014800000010000100,,NCLR palette,Confirmed,True,False,,,,,,,,,,False,False
/pbr/pokegra.narc,/pbr/pokegra.narc!/member_00084,0,/pbr/pokegra.narc,501,84,,386868,393316,363104,369552,6448,bb77a78a748be0e4a688325f5dcce5d9842e291b1cbbad7a96e6f77defca4c76,5247434efffe00013019000010000100,,NCGR graphics,Confirmed,True,False,,,,,,,,,,False,False
/pbr/pokegra.narc,/pbr/pokegra.narc!/member_00085,0,/pbr/pokegra.narc,501,85,,393316,399764,369552,376000,6448,bb77a78a748be0e4a688325f5dcce5d9842e291b1cbbad7a96e6f77defca4c76,5247434efffe00013019000010000100,,NCGR graphics,Confirmed,True,False,,,,,,,,,,False,False
/pbr/pokegra.narc,/pbr/pokegra.narc!/member_00086,0,/pbr/pokegra.narc,501,86,,399764,406212,376000,382448,6448,be88e3fb5a90e5cc3833f255bb1450da2dc4f5ab6162e4609b2d0e7b5e9491a5,5247434efffe00013019000010000100,,NCGR graphics,Confirmed,True,False,,,,,,,,,,False,False
/pbr/pokegra.narc,/pbr/pokegra.narc!/member_00087,0,/pbr/pokegra.narc,501,87,,406212,412660,382448,388896,6448,be88e3fb5a90e5cc3833f255bb1450da2dc4f5ab6162e4609b2d0e7b5e9491a5,5247434efffe00013019000010000100,,NCGR graphics,Confirmed,True,False,,,,,,,,,,False,False
/pbr/pokegra.narc,/pbr/pokegra.narc!/member_00088,0,/pbr/pokegra.narc,501,88,,412660,412732,388896,388968,72,340577171893b4371affc3e272fe9e5117af0c32ab98a857881fd31ced25cf3b,524c434efffe00014800000010000100,,NCLR palette,Confirmed,True,False,,,,,,,,,,False,False
/pbr/pokegra.narc,/pbr/pokegra.narc!/member_00089,0,/pbr/pokegra.narc,501,89,,412732,412804,388968,389040,72,a52737091d6ae9b579a8467e147de1e9852a7558e5ec51aebf0e89c45efb9b85,524c434efffe00014800000010000100,,NCLR palette,Confirmed,True,False,,,,,,,,,,False,False
/pbr/pokegra.narc,/pbr/pokegra.narc!/member_00090,0,/pbr/pokegra.narc,501,90,,412804,419252,389040,395488,6448,cf295e3daa07ba408ee1041b4b5bdaa896adae187fad246433dc013890849395,5247434efffe00013019000010000100,,NCGR graphics,Confirmed,True,False,,,,,,,,,,False,False
/pbr/pokegra.narc,/pbr/pokegra.narc!/member_00091,0,/pbr/pokegra.narc,501,91,,419252,425700,395488,401936,6448,cf295e3daa07ba408ee1041b4b5bdaa896adae187fad246433dc013890849395,5247434efffe00013019000010000100,,NCGR graphics,Confirmed,True,False,,,,,,,,,,False,False
/pbr/pokegra.narc,/pbr/pokegra.narc!/member_00092,0,/pbr/pokegra.narc,501,92,,425700,432148,401936,408384,6448,948e42df0cb7486cba4f042a678db1695d63e75ed4bb164ed99a9b67ac529efa,5247434efffe00013019000010000100,,NCGR graphics,Confirmed,True,False,,,,,,,,,,False,False
/pbr/pokegra.narc,/pbr/pokegra.narc!/member_00093,0,/pbr/pokegra.narc,501,93,,432148,438596,408384,414832,6448,948e42df0cb7486cba4f042a678db1695d63e75ed4bb164ed99a9b67ac529efa,5247434efffe00013019000010000100,,NCGR graphics,Confirmed,True,False,,,,,,,,,,False,False
/pbr/pokegra.narc,/pbr/pokegra.narc!/member_00094,0,/pbr/pokegra.narc,501,94,,438596,438668,414832,414904,72,9f2b916fc30c7b5ef242ebb69a5cf981ad70f8a72263da733d1688d584302415,524c434efffe00014800000010000100,,NCLR palette,Confirmed,True,False,,,,,,,,,,False,False
/pbr/pokegra.narc,/pbr/pokegra.narc!/member_00095,0,/pbr/pokegra.narc,501,95,,438668,438740,414904,414976,72,84977cfb9327e813b2d3045b77ff7c339585a5b4a459934ef9570465593b6f29,524c434efffe00014800000010000100,,NCLR palette,Confirmed,True,False,,,,,,,,,,False,False
/pbr/pokegra.narc,/pbr/pokegra.narc!/member_00096,0,/pbr/pokegra.narc,501,96,,438740,445188,414976,421424,6448,0a8ff224b3163b08e3a63b7772c3b8a4dec47245bba096edb1fa7e23c88d5381,5247434efffe00013019000010000100,,NCGR graphics,Confirmed,True,False,,,,,,,,,,False,False
/pbr/pokegra.narc,/pbr/pokegra.narc!/member_00097,0,/pbr/pokegra.narc,501,97,,445188,451636,421424,427872,6448,0a8ff224b3163b08e3a63b7772c3b8a4dec47245bba096edb1fa7e23c88d5381,5247434efffe00013019000010000100,,NCGR graphics,Confirmed,True,False,,,,,,,,,,False,False
/pbr/pokegra.narc,/pbr/pokegra.narc!/member_00098,0,/pbr/pokegra.narc,501,98,,451636,458084,427872,434320,6448,5545d0236b1026273134aa943e1c740970e49014506afa2e2c9dc7e7e8b3829a,5247434efffe00013019000010000100,,NCGR graphics,Confirmed,True,False,,,,,,,,,,False,False
/pbr/pokegra.narc,/pbr/pokegra.narc!/member_00099,0,/pbr/pokegra.narc,501,99,,458084,464532,434320,440768,6448,5545d0236b1026273134aa943e1c740970e49014506afa2e2c9dc7e7e8b3829a,5247434efffe00013019000010000100,,NCGR graphics,Confirmed,True,False,,,,,,,,,,False,False
/pbr/pokegra.narc,/pbr/pokegra.narc!/member_00100,0,/pbr/pokegra.narc,501,100,,464532,464604,440768,440840,72,8ede7a83fe0cf7e18e66c425653b6b9ebc1b9567ae42368c1fdad4c6b5cdd126,524c434efffe00014800000010000100,,NCLR palette,Confirmed,True,False,,,,,,,,,,False,False
/pbr/pokegra.narc,/pbr/pokegra.narc!/member_00101,0,/pbr/pokegra.narc,501,101,,464604,464676,440840,440912,72,e69f628dd837da2049840c71b578f854ea82fc01a81fc39506e735bb7f7d70ba,524c434efffe00014800000010000100,,NCLR palette,Confirmed,True,False,,,,,,,,,,False,False
/pbr/pokegra.narc,/pbr/pokegra.narc!/member_00102,0,/pbr/pokegra.narc,501,102,,464676,471124,440912,447360,6448,a69eb1f0ba684a471b2584efab978338fa96f7d7055952de81840066936e5ec2,5247434efffe00013019000010000100,,NCGR graphics,Confirmed,True,False,,,,,,,,,,False,False
/pbr/pokegra.narc,/pbr/pokegra.narc!/member_00103,0,/pbr/pokegra.narc,501,103,,471124,477572,447360,453808,6448,a69eb1f0ba684a471b2584efab978338fa96f7d7055952de81840066936e5ec2,5247434efffe00013019000010000100,,NCGR graphics,Confirmed,True,False,,,,,,,,,,False,False
/pbr/pokegra.narc,/pbr/pokegra.narc!/member_00104,0,/pbr/pokegra.narc,501,104,,477572,484020,453808,460256,6448,153fe73291f14b724facef54ad21ae711a79c3050451c909c4eaa763fb01eb7c,5247434efffe00013019000010000100,,NCGR graphics,Confirmed,True,False,,,,,,,,,,False,False
/pbr/pokegra.narc,/pbr/pokegra.narc!/member_00105,0,/pbr/pokegra.narc,501,105,,484020,490468,460256,466704,6448,153fe73291f14b724facef54ad21ae711a79c3050451c909c4eaa763fb01eb7c,5247434efffe00013019000010000100,,NCGR graphics,Confirmed,True,False,,,,,,,,,,False,False
/pbr/pokegra.narc,/pbr/pokegra.narc!/member_00106,0,/pbr/pokegra.narc,501,106,,490468,490540,466704,466776,72,307b30cf5714e32788ab69cccae3f30c48d7cd5a88816b76596db7e52fa4c143,524c434efffe00014800000010000100,,NCLR palette,Confirmed,True,False,,,,,,,,,,False,False
/pbr/pokegra.narc,/pbr/pokegra.narc!/member_00107,0,/pbr/pokegra.narc,501,107,,490540,490612,466776,466848,72,276f4bf5abe098a733582e1c9eb9182a1a8a4e576ca9d5e507683eaa7eb15d36,524c434efffe00014800000010000100,,NCLR palette,Confirmed,True,False,,,,,,,,,,False,False
/pbr/pokegra.narc,/pbr/pokegra.narc!/member_00108,0,/pbr/pokegra.narc,501,108,,490612,497060,466848,473296,6448,162bfc3a7051f641d0b7ee2ab0f1876231479959a70ff5ceeb91946e447d4a79,5247434efffe00013019000010000100,,NCGR graphics,Confirmed,True,False,,,,,,,,,,False,False
/pbr/pokegra.narc,/pbr/pokegra.narc!/member_00109,0,/pbr/pokegra.narc,501,109,,497060,503508,473296,479744,6448,162bfc3a7051f641d0b7ee2ab0f1876231479959a70ff5ceeb91946e447d4a79,5247434efffe00013019000010000100,,NCGR graphics,Confirmed,True,False,,,,,,,,,,False,False
/pbr/pokegra.narc,/pbr/pokegra.narc!/member_00110,0,/pbr/pokegra.narc,501,110,,503508,509956,479744,486192,6448,9422becd3593a754961d5c08b7155d168f8666c8cc4e29e05737262b8c51f59d,5247434efffe00013019000010000100,,NCGR graphics,Confirmed,True,False,,,,,,,,,,False,False
/pbr/pokegra.narc,/pbr/pokegra.narc!/member_00111,0,/pbr/pokegra.narc,501,111,,509956,516404,486192,492640,6448,9422becd3593a754961d5c08b7155d168f8666c8cc4e29e05737262b8c51f59d,5247434efffe00013019000010000100,,NCGR graphics,Confirmed,True,False,,,,,,,,,,False,False
/pbr/pokegra.narc,/pbr/pokegra.narc!/member_00112,0,/pbr/pokegra.narc,501,112,,516404,516476,492640,492712,72,dfd59d05e00056c70fc243f3996db5b8596d315dda4062900800c31a90ef7b06,524c434efffe00014800000010000100,,NCLR palette,Confirmed,True,False,,,,,,,,,,False,False
/pbr/pokegra.narc,/pbr/pokegra.narc!/member_00113,0,/pbr/pokegra.narc,501,113,,516476,516548,492712,492784,72,39396f7069206bc04da0a26b51be573cc6293e224171224de3d37445d91c169f,524c434efffe00014800000010000100,,NCLR palette,Confirmed,True,False,,,,,,,,,,False,False
/pbr/pokegra.narc,/pbr/pokegra.narc!/member_00114,0,/pbr/pokegra.narc,501,114,,516548,522996,492784,499232,6448,6bcecb38dede23c7ab42f290d2ea9955e01ba9b2e7f984b0d4798f810a2e7599,5247434efffe00013019000010000100,,NCGR graphics,Confirmed,True,False,,,,,,,,,,False,False
/pbr/pokegra.narc,/pbr/pokegra.narc!/member_00115,0,/pbr/pokegra.narc,501,115,,522996,529444,499232,505680,6448,91aab3ce93af7743e93bb31ee6cca8a04ee23881e8ef4019e9fdb2ad80d0cc54,5247434efffe00013019000010000100,,NCGR graphics,Confirmed,True,False,,,,,,,,,,False,False
/pbr/pokegra.narc,/pbr/pokegra.narc!/member_00116,0,/pbr/pokegra.narc,501,116,,529444,535892,505680,512128,6448,ed0457127ac13cd30461ca9e940f136755399371d8d8555848fffdb83452ec25,5247434efffe00013019000010000100,,NCGR graphics,Confirmed,True,False,,,,,,,,,,False,False
/pbr/pokegra.narc,/pbr/pokegra.narc!/member_00117,0,/pbr/pokegra.narc,501,117,,535892,542340,512128,518576,6448,df85b310ad3028d34c5948207acaff7cf6fba7f770b2f417d9b18b54264bcbb7,5247434efffe00013019000010000100,,NCGR graphics,Confirmed,True,False,,,,,,,,,,False,False
/pbr/pokegra.narc,/pbr/pokegra.narc!/member_00118,0,/pbr/pokegra.narc,501,118,,542340,542412,518576,518648,72,b500fcaa7e63b62a060ba5d6aa4e190fb9bc76b9bbed42167e12d79e5cea75b2,524c434efffe00014800000010000100,,NCLR palette,Confirmed,True,False,,,,,,,,,,False,False
/pbr/pokegra.narc,/pbr/pokegra.narc!/member_00119,0,/pbr/pokegra.narc,501,119,,542412,542484,518648,518720,72,c4e07faa8fa093eda1712d1f1f855b2ae55ae45c0814703b036298e4e3d674fe,524c434efffe00014800000010000100,,NCLR palette,Confirmed,True,False,,,,,,,,,,False,False
/pbr/pokegra.narc,/pbr/pokegra.narc!/member_00120,0,/pbr/pokegra.narc,501,120,,542484,548932,518720,525168,6448,a3760067f3fca2e21273913dbc72bf48fa69186eafd1df04afa26ae43730c379,5247434efffe00013019000010000100,,NCGR graphics,Confirmed,True,False,,,,,,,,,,False,False
/pbr/pokegra.narc,/pbr/pokegra.narc!/member_00121,0,/pbr/pokegra.narc,501,121,,548932,555380,525168,531616,6448,f56b5f3919681819ed33f1aa0976961a2b35a30a34b2da5775a6fa0177d2fb80,5247434efffe00013019000010000100,,NCGR graphics,Confirmed,True,False,,,,,,,,,,False,False
/pbr/pokegra.narc,/pbr/pokegra.narc!/member_00122,0,/pbr/pokegra.narc,501,122,,555380,561828,531616,538064,6448,35a4256e1232afb10bebc64cd35bdeaecff7a3fb40b7a5b4586452f94f941d82,5247434efffe00013019000010000100,,NCGR graphics,Confirmed,True,False,,,,,,,,,,False,False
/pbr/pokegra.narc,/pbr/pokegra.narc!/member_00123,0,/pbr/pokegra.narc,501,123,,561828,568276,538064,544512,6448,3386f61ef446ccfde2493812aaa2901e312c4261e68e9e0d5c9f7295b3a61dca,5247434efffe00013019000010000100,,NCGR graphics,Confirmed,True,False,,,,,,,,,,False,False
/pbr/pokegra.narc,/pbr/pokegra.narc!/member_00124,0,/pbr/pokegra.narc,501,124,,568276,568348,544512,544584,72,53bed4a36481d6ca4ac1f660a5b9689f381c260566d08191fe109052cbbfeb08,524c434efffe00014800000010000100,,NCLR palette,Confirmed,True,False,,,,,,,,,,False,False
/pbr/pokegra.narc,/pbr/pokegra.narc!/member_00125,0,/pbr/pokegra.narc,501,125,,568348,568420,544584,544656,72,139ec3b636eee50e429a71b9c6a2eb175cf795844f9cf0817bc87989ae0fba63,524c434efffe00014800000010000100,,NCLR palette,Confirmed,True,False,,,,,,,,,,False,False
/pbr/pokegra.narc,/pbr/pokegra.narc!/member_00126,0,/pbr/pokegra.narc,501,126,,568420,574868,544656,551104,6448,399b02e9ca6c40b74107812185f8da4318393598aca3e7666adc10292f1f365f,5247434efffe00013019000010000100,,NCGR graphics,Confirmed,True,False,,,,,,,,,,False,False
/pbr/pokegra.narc,/pbr/pokegra.narc!/member_00127,0,/pbr/pokegra.narc,501,127,,574868,581316,551104,557552,6448,399b02e9ca6c40b74107812185f8da4318393598aca3e7666adc10292f1f365f,5247434efffe00013019000010000100,,NCGR graphics,Confirmed,True,False,,,,,,,,,,False,False
/pbr/pokegra.narc,/pbr/pokegra.narc!/member_00128,0,/pbr/pokegra.narc,501,128,,581316,587764,557552,564000,6448,6d5e9166d75f951efb742053aa48e8648b4f3eeb5426099aa5c4f39522e1e954,5247434efffe00013019000010000100,,NCGR graphics,Confirmed,True,False,,,,,,,,,,False,False
/pbr/pokegra.narc,/pbr/pokegra.narc!/member_00129,0,/pbr/pokegra.narc,501,129,,587764,594212,564000,570448,6448,6d5e9166d75f951efb742053aa48e8648b4f3eeb5426099aa5c4f39522e1e954,5247434efffe00013019000010000100,,NCGR graphics,Confirmed,True,False,,,,,,,,,,False,False
/pbr/pokegra.narc,/pbr/pokegra.narc!/member_00130,0,/pbr/pokegra.narc,501,130,,594212,594284,570448,570520,72,31ee857dacb67357906ea3a62a4ef8bf863b10c5c4c956f978c9ccfb35657c58,524c434efffe00014800000010000100,,NCLR palette,Confirmed,True,False,,,,,,,,,,False,False
/pbr/pokegra.narc,/pbr/pokegra.narc!/member_00131,0,/pbr/pokegra.narc,501,131,,594284,594356,570520,570592,72,cfef14086b2d6cf200d957d91e46848654e33fe2dad112b3af9a727ce4605d97,524c434efffe00014800000010000100,,NCLR palette,Confirmed,True,False,,,,,,,,,,False,False
/pbr/pokegra.narc,/pbr/pokegra.narc!/member_00132,0,/pbr/pokegra.narc,501,132,,594356,600804,570592,577040,6448,a2b28fb55b0aa1a7f9622a546b2f42d5a2a984350eb251d991023563c044bb9b,5247434efffe00013019000010000100,,NCGR graphics,Confirmed,True,False,,,,,,,,,,False,False
/pbr/pokegra.narc,/pbr/pokegra.narc!/member_00133,0,/pbr/pokegra.narc,501,133,,600804,607252,577040,583488,6448,a2b28fb55b0aa1a7f9622a546b2f42d5a2a984350eb251d991023563c044bb9b,5247434efffe00013019000010000100,,NCGR graphics,Confirmed,True,False,,,,,,,,,,False,False
/pbr/pokegra.narc,/pbr/pokegra.narc!/member_00134,0,/pbr/pokegra.narc,501,134,,607252,613700,583488,589936,6448,c73a54ff8545073f7d382bae8287a70acd651737c848c5c8424fab0237ce8924,5247434efffe00013019000010000100,,NCGR graphics,Confirmed,True,False,,,,,,,,,,False,False
/pbr/pokegra.narc,/pbr/pokegra.narc!/member_00135,0,/pbr/pokegra.narc,501,135,,613700,620148,589936,596384,6448,c73a54ff8545073f7d382bae8287a70acd651737c848c5c8424fab0237ce8924,5247434efffe00013019000010000100,,NCGR graphics,Confirmed,True,False,,,,,,,,,,False,False
/pbr/pokegra.narc,/pbr/pokegra.narc!/member_00136,0,/pbr/pokegra.narc,501,136,,620148,620220,596384,596456,72,a0afbb7c3d9990ee7941af390a9da03caf95a5a49cb4cb750c8544dbd4fa8d7a,524c434efffe00014800000010000100,,NCLR palette,Confirmed,True,False,,,,,,,,,,False,False
/pbr/pokegra.narc,/pbr/pokegra.narc!/member_00137,0,/pbr/pokegra.narc,501,137,,620220,620292,596456,596528,72,289382fe2620e0c9d70e06b8e4721c4b99e64996ba173ca28d663786cc53e0ae,524c434efffe00014800000010000100,,NCLR palette,Confirmed,True,False,,,,,,,,,,False,False
/pbr/pokegra.narc,/pbr/pokegra.narc!/member_00138,0,/pbr/pokegra.narc,501,138,,620292,626740,596528,602976,6448,9cda3c32f18dce80b63929f533da6fec2b81dd847ccccb79da9d71e4015eb41c,5247434efffe00013019000010000100,,NCGR graphics,Confirmed,True,False,,,,,,,,,,False,False
/pbr/pokegra.narc,/pbr/pokegra.narc!/member_00139,0,/pbr/pokegra.narc,501,139,,626740,633188,602976,609424,6448,9cda3c32f18dce80b63929f533da6fec2b81dd847ccccb79da9d71e4015eb41c,5247434efffe00013019000010000100,,NCGR graphics,Confirmed,True,False,,,,,,,,,,False,False
/pbr/pokegra.narc,/pbr/pokegra.narc!/member_00140,0,/pbr/pokegra.narc,501,140,,633188,639636,609424,615872,6448,c592cf5eff2a70a0abe5ad6a25f306135ca27547c0ffc9e117bf8351dcbef2d5,5247434efffe00013019000010000100,,NCGR graphics,Confirmed,True,False,,,,,,,,,,False,False
/pbr/pokegra.narc,/pbr/pokegra.narc!/member_00141,0,/pbr/pokegra.narc,501,141,,639636,646084,615872,622320,6448,c592cf5eff2a70a0abe5ad6a25f306135ca27547c0ffc9e117bf8351dcbef2d5,5247434efffe00013019000010000100,,NCGR graphics,Confirmed,True,False,,,,,,,,,,False,False
/pbr/pokegra.narc,/pbr/pokegra.narc!/member_00142,0,/pbr/pokegra.narc,501,142,,646084,646156,622320,622392,72,64943511d3899c2d53e5b2a76b43a43cd51078ecf702a9a47b314553cfe7dfa1,524c434efffe00014800000010000100,,NCLR palette,Confirmed,True,False,,,,,,,,,,False,False
/pbr/pokegra.narc,/pbr/pokegra.narc!/member_00143,0,/pbr/pokegra.narc,501,143,,646156,646228,622392,622464,72,4358ab2cb078097d036f715462f83bf9b683da9ba597211628bec05fbd12a0c8,524c434efffe00014800000010000100,,NCLR palette,Confirmed,True,False,,,,,,,,,,False,False
/pbr/pokegra.narc,/pbr/pokegra.narc!/member_00144,0,/pbr/pokegra.narc,501,144,,646228,652676,622464,628912,6448,1cfdf51c161a6fd55c301d74fbdb2d60a1d9ab9f0298ace81864174ac370cc5f,5247434efffe00013019000010000100,,NCGR graphics,Confirmed,True,False,,,,,,,,,,False,False
/pbr/pokegra.narc,/pbr/pokegra.narc!/member_00145,0,/pbr/pokegra.narc,501,145,,652676,659124,628912,635360,6448,1cfdf51c161a6fd55c301d74fbdb2d60a1d9ab9f0298ace81864174ac370cc5f,5247434efffe00013019000010000100,,NCGR graphics,Confirmed,True,False,,,,,,,,,,False,False
/pbr/pokegra.narc,/pbr/pokegra.narc!/member_00146,0,/pbr/pokegra.narc,501,146,,659124,665572,635360,641808,6448,de4c4aeb280a20b4399723120a84feea2c9c862a992cd6f53695ed630f3cc05a,5247434efffe00013019000010000100,,NCGR graphics,Confirmed,True,False,,,,,,,,,,False,False
/pbr/pokegra.narc,/pbr/pokegra.narc!/member_00147,0,/pbr/pokegra.narc,501,147,,665572,672020,641808,648256,6448,de4c4aeb280a20b4399723120a84feea2c9c862a992cd6f53695ed630f3cc05a,5247434efffe00013019000010000100,,NCGR graphics,Confirmed,True,False,,,,,,,,,,False,False
/pbr/pokegra.narc,/pbr/pokegra.narc!/member_00148,0,/pbr/pokegra.narc,501,148,,672020,672092,648256,648328,72,3bd9bd7a46f5e606efbc953d7b192b08a2bc2f4a02f7f4d882bc2438f4f6e106,524c434efffe00014800000010000100,,NCLR palette,Confirmed,True,False,,,,,,,,,,False,False
/pbr/pokegra.narc,/pbr/pokegra.narc!/member_00149,0,/pbr/pokegra.narc,501,149,,672092,672164,648328,648400,72,2440d51147cb809c4c4a8c62185593449d7b54f3ff8b947e4172ddbf31aa1f8e,524c434efffe00014800000010000100,,NCLR palette,Confirmed,True,False,,,,,,,,,,False,False
/pbr/pokegra.narc,/pbr/pokegra.narc!/member_00150,0,/pbr/pokegra.narc,501,150,,672164,678612,648400,654848,6448,01d697d3aef1eb6e17a92d775ada525921cddf66693b57b20d252a50f620e7b7,5247434efffe00013019000010000100,,NCGR graphics,Confirmed,True,False,,,,,,,,,,False,False
/pbr/pokegra.narc,/pbr/pokegra.narc!/member_00151,0,/pbr/pokegra.narc,501,151,,678612,685060,654848,661296,6448,78fac842474fe4fb87241e09442eaa42c3599a063ab5ede70de2a52fe0ba1cfa,5247434efffe00013019000010000100,,NCGR graphics,Confirmed,True,False,,,,,,,,,,False,False
/pbr/pokegra.narc,/pbr/pokegra.narc!/member_00152,0,/pbr/pokegra.narc,501,152,,685060,691508,661296,667744,6448,9b8e17f134ad32c290aa775b3e1383a4fb2cab9f654cfcce22367665d8dd03b7,5247434efffe00013019000010000100,,NCGR graphics,Confirmed,True,False,,,,,,,,,,False,False
/pbr/pokegra.narc,/pbr/pokegra.narc!/member_00153,0,/pbr/pokegra.narc,501,153,,691508,697956,667744,674192,6448,e0df2e8b5c6b4fbdd441377d91625d1e3781a591cf049b32873e601b211c587c,5247434efffe00013019000010000100,,NCGR graphics,Confirmed,True,False,,,,,,,,,,False,False
/pbr/pokegra.narc,/pbr/pokegra.narc!/member_00154,0,/pbr/pokegra.narc,501,154,,697956,698028,674192,674264,72,b3267ace8847e997fffbcefb54c79e484d2472ec24158fda5bb3ee644842be12,524c434efffe00014800000010000100,,NCLR palette,Confirmed,True,False,,,,,,,,,,False,False
/pbr/pokegra.narc,/pbr/pokegra.narc!/member_00155,0,/pbr/pokegra.narc,501,155,,698028,698100,674264,674336,72,af42518dd7ef402cf3f0fecf8ec7914f0524b239a09e935228d46beeba735fd3,524c434efffe00014800000010000100,,NCLR palette,Confirmed,True,False,,,,,,,,,,False,False
/pbr/pokegra.narc,/pbr/pokegra.narc!/member_00156,0,/pbr/pokegra.narc,501,156,,698100,704548,674336,680784,6448,fefd540b47b716571662093e2724f436fd3e1fe609da748a088324a7c599b792,5247434efffe00013019000010000100,,NCGR graphics,Confirmed,True,False,,,,,,,,,,False,False
/pbr/pokegra.narc,/pbr/pokegra.narc!/member_00157,0,/pbr/pokegra.narc,501,157,,704548,710996,680784,687232,6448,fefd540b47b716571662093e2724f436fd3e1fe609da748a088324a7c599b792,5247434efffe00013019000010000100,,NCGR graphics,Confirmed,True,False,,,,,,,,,,False,False
/pbr/pokegra.narc,/pbr/pokegra.narc!/member_00158,0,/pbr/pokegra.narc,501,158,,710996,717444,687232,693680,6448,efdb14cbc49f91b58d3893a6afb46c928020ed3ddf9ee33229e2bfa2a85b352f,5247434efffe00013019000010000100,,NCGR graphics,Confirmed,True,False,,,,,,,,,,False,False
/pbr/pokegra.narc,/pbr/pokegra.narc!/member_00159,0,/pbr/pokegra.narc,501,159,,717444,723892,693680,700128,6448,7ba9efa057289e9db098def5e8aa24cc532a12e549113cb1253e4ed528f3b1e5,5247434efffe00013019000010000100,,NCGR graphics,Confirmed,True,False,,,,,,,,,,False,False
/pbr/pokegra.narc,/pbr/pokegra.narc!/member_00160,0,/pbr/pokegra.narc,501,160,,723892,723964,700128,700200,72,a2b83b74ddc2ba3167e7d395bd6989073ab851efba03eb39eb55ec6f018f6a74,524c434efffe00014800000010000100,,NCLR palette,Confirmed,True,False,,,,,,,,,,False,False
/pbr/pokegra.narc,/pbr/pokegra.narc!/member_00161,0,/pbr/pokegra.narc,501,161,,723964,724036,700200,700272,72,5c09d26a6fd83734496681642d80c5da385b5f30d939fb13e546cdf6fec4a8d5,524c434efffe00014800000010000100,,NCLR palette,Confirmed,True,False,,,,,,,,,,False,False
/pbr/pokegra.narc,/pbr/pokegra.narc!/member_00162,0,/pbr/pokegra.narc,501,162,,724036,730484,700272,706720,6448,9b891ac0e5b6d0a5bf8e07ea0fd906e50f4659d50f5c0ee2a901664c2a3f29fb,5247434efffe00013019000010000100,,NCGR graphics,Confirmed,True,False,,,,,,,,,,False,False
/pbr/pokegra.narc,/pbr/pokegra.narc!/member_00163,0,/pbr/pokegra.narc,501,163,,730484,736932,706720,713168,6448,9b891ac0e5b6d0a5bf8e07ea0fd906e50f4659d50f5c0ee2a901664c2a3f29fb,5247434efffe00013019000010000100,,NCGR graphics,Confirmed,True,False,,,,,,,,,,False,False
/pbr/pokegra.narc,/pbr/pokegra.narc!/member_00164,0,/pbr/pokegra.narc,501,164,,736932,743380,713168,719616,6448,1af32cd1f20f21751cba67b80c55b40fb31542c6abe9f46dbe6b6fceea0baa9c,5247434efffe00013019000010000100,,NCGR graphics,Confirmed,True,False,,,,,,,,,,False,False
/pbr/pokegra.narc,/pbr/pokegra.narc!/member_00165,0,/pbr/pokegra.narc,501,165,,743380,749828,719616,726064,6448,1af32cd1f20f21751cba67b80c55b40fb31542c6abe9f46dbe6b6fceea0baa9c,5247434efffe00013019000010000100,,NCGR graphics,Confirmed,True,False,,,,,,,,,,False,False
/pbr/pokegra.narc,/pbr/pokegra.narc!/member_00166,0,/pbr/pokegra.narc,501,166,,749828,749900,726064,726136,72,09b825fdf8045d7d9d4387a2d2fb4c70d9d60a54366c7734c003be296d1bd35f,524c434efffe00014800000010000100,,NCLR palette,Confirmed,True,False,,,,,,,,,,False,False
/pbr/pokegra.narc,/pbr/pokegra.narc!/member_00167,0,/pbr/pokegra.narc,501,167,,749900,749972,726136,726208,72,e948c7b2cf4898574b89d27cf64edd77a4aad0102530463d0ed6c9560eccd494,524c434efffe00014800000010000100,,NCLR palette,Confirmed,True,False,,,,,,,,,,False,False
/pbr/pokegra.narc,/pbr/pokegra.narc!/member_00168,0,/pbr/pokegra.narc,501,168,,749972,756420,726208,732656,6448,da3255a8ff3aee4814f7715200aca13eb8e4d10627429ed6c100540c143c574c,5247434efffe00013019000010000100,,NCGR graphics,Confirmed,True,False,,,,,,,,,,False,False
/pbr/pokegra.narc,/pbr/pokegra.narc!/member_00169,0,/pbr/pokegra.narc,501,169,,756420,762868,732656,739104,6448,da3255a8ff3aee4814f7715200aca13eb8e4d10627429ed6c100540c143c574c,5247434efffe00013019000010000100,,NCGR graphics,Confirmed,True,False,,,,,,,,,,False,False
/pbr/pokegra.narc,/pbr/pokegra.narc!/member_00170,0,/pbr/pokegra.narc,501,170,,762868,769316,739104,745552,6448,943c3bcb944e87c97ca8713b11dd5ebbb75e10301af53b5888eeb60f92bed2fb,5247434efffe00013019000010000100,,NCGR graphics,Confirmed,True,False,,,,,,,,,,False,False
/pbr/pokegra.narc,/pbr/pokegra.narc!/member_00171,0,/pbr/pokegra.narc,501,171,,769316,775764,745552,752000,6448,943c3bcb944e87c97ca8713b11dd5ebbb75e10301af53b5888eeb60f92bed2fb,5247434efffe00013019000010000100,,NCGR graphics,Confirmed,True,False,,,,,,,,,,False,False
/pbr/pokegra.narc,/pbr/pokegra.narc!/member_00172,0,/pbr/pokegra.narc,501,172,,775764,775836,752000,752072,72,3ada9d84411902569a83db4f1f1943b5c9d44a97729bb675ac157e633d425392,524c434efffe00014800000010000100,,NCLR palette,Confirmed,True,False,,,,,,,,,,False,False
/pbr/pokegra.narc,/pbr/pokegra.narc!/member_00173,0,/pbr/pokegra.narc,501,173,,775836,775908,752072,752144,72,32a6a462c94866f50cbc68249f7547ee5eaf874cb67f9459872430c09c520989,524c434efffe00014800000010000100,,NCLR palette,Confirmed,True,False,,,,,,,,,,False,False
/pbr/pokegra.narc,/pbr/pokegra.narc!/member_00174,0,/pbr/pokegra.narc,501,174,,775908,782356,752144,758592,6448,6578ea8778293abcc8cb278410ae24ea6e3b7ebc29a8088aa52cffcd1d0336b6,5247434efffe00013019000010000100,,NCGR graphics,Confirmed,True,False,,,,,,,,,,False,False
/pbr/pokegra.narc,/pbr/pokegra.narc!/member_00175,0,/pbr/pokegra.narc,501,175,,782356,782356,758592,758592,0,e3b0c44298fc1c149afbf4c8996fb92427ae41e4649b934ca495991b7852b855,,,,,,False,,,,,,,,,,False,False
/pbr/pokegra.narc,/pbr/pokegra.narc!/member_00176,0,/pbr/pokegra.narc,501,176,,782356,788804,758592,765040,6448,b792a223fb7c25472f4eaef4c8d7f6009211ce8a04c6ddf73584318185bd7f09,5247434efffe00013019000010000100,,NCGR graphics,Confirmed,True,False,,,,,,,,,,False,False
/pbr/pokegra.narc,/pbr/pokegra.narc!/member_00177,0,/pbr/pokegra.narc,501,177,,788804,788804,765040,765040,0,e3b0c44298fc1c149afbf4c8996fb92427ae41e4649b934ca495991b7852b855,,,,,,False,,,,,,,,,,False,False
/pbr/pokegra.narc,/pbr/pokegra.narc!/member_00178,0,/pbr/pokegra.narc,501,178,,788804,788876,765040,765112,72,b7ed6edf9c0aba4f428a82a1b54234172e6585bd1b87444f2f07742fb7b7ac7c,524c434efffe00014800000010000100,,NCLR palette,Confirmed,True,False,,,,,,,,,,False,False
/pbr/pokegra.narc,/pbr/pokegra.narc!/member_00179,0,/pbr/pokegra.narc,501,179,,788876,788948,765112,765184,72,4f03f0aabba3352889f6fabf1e163ce1c662a8bcc4d21e31f47dbb024556b83d,524c434efffe00014800000010000100,,NCLR palette,Confirmed,True,False,,,,,,,,,,False,False
/pbr/pokegra.narc,/pbr/pokegra.narc!/member_00180,0,/pbr/pokegra.narc,501,180,,788948,795396,765184,771632,6448,6c06bf9e6a865d765f4ae857def235799410bbe17568e54894db53b4e4444518,5247434efffe00013019000010000100,,NCGR graphics,Confirmed,True,False,,,,,,,,,,False,False
/pbr/pokegra.narc,/pbr/pokegra.narc!/member_00181,0,/pbr/pokegra.narc,501,181,,795396,795396,771632,771632,0,e3b0c44298fc1c149afbf4c8996fb92427ae41e4649b934ca495991b7852b855,,,,,,False,,,,,,,,,,False,False
/pbr/pokegra.narc,/pbr/pokegra.narc!/member_00182,0,/pbr/pokegra.narc,501,182,,795396,801844,771632,778080,6448,b45ea8637c8ad255d7b8fb21d6b05077495193d479d66ec453c3ca73c50a100c,5247434efffe00013019000010000100,,NCGR graphics,Confirmed,True,False,,,,,,,,,,False,False
/pbr/pokegra.narc,/pbr/pokegra.narc!/member_00183,0,/pbr/pokegra.narc,501,183,,801844,801844,778080,778080,0,e3b0c44298fc1c149afbf4c8996fb92427ae41e4649b934ca495991b7852b855,,,,,,False,,,,,,,,,,False,False
/pbr/pokegra.narc,/pbr/pokegra.narc!/member_00184,0,/pbr/pokegra.narc,501,184,,801844,801916,778080,778152,72,1253fc20e9365021136d39a78048235ac88777001b885adefb55f70f17d3b562,524c434efffe00014800000010000100,,NCLR palette,Confirmed,True,False,,,,,,,,,,False,False
/pbr/pokegra.narc,/pbr/pokegra.narc!/member_00185,0,/pbr/pokegra.narc,501,185,,801916,801988,778152,778224,72,c454092a44f6478f43a277a84c7b1d7f8083653b0141651a9ee1abf83b5072bb,524c434efffe00014800000010000100,,NCLR palette,Confirmed,True,False,,,,,,,,,,False,False
/pbr/pokegra.narc,/pbr/pokegra.narc!/member_00186,0,/pbr/pokegra.narc,501,186,,801988,808436,778224,784672,6448,f7c581158fbe96603ca600384c865492c9644deb984b0fb49945cbae04389d7a,5247434efffe00013019000010000100,,NCGR graphics,Confirmed,True,False,,,,,,,,,,False,False
/pbr/pokegra.narc,/pbr/pokegra.narc!/member_00187,0,/pbr/pokegra.narc,501,187,,808436,808436,784672,784672,0,e3b0c44298fc1c149afbf4c8996fb92427ae41e4649b934ca495991b7852b855,,,,,,False,,,,,,,,,,False,False
/pbr/pokegra.narc,/pbr/pokegra.narc!/member_00188,0,/pbr/pokegra.narc,501,188,,808436,814884,784672,791120,6448,6cb115d37e43f7f2d4132b8f6023f357ef9c1970cc49ae2a3247a3bbc6ef0ee8,5247434efffe00013019000010000100,,NCGR graphics,Confirmed,True,False,,,,,,,,,,False,False
/pbr/pokegra.narc,/pbr/pokegra.narc!/member_00189,0,/pbr/pokegra.narc,501,189,,814884,814884,791120,791120,0,e3b0c44298fc1c149afbf4c8996fb92427ae41e4649b934ca495991b7852b855,,,,,,False,,,,,,,,,,False,False
/pbr/pokegra.narc,/pbr/pokegra.narc!/member_00190,0,/pbr/pokegra.narc,501,190,,814884,814956,791120,791192,72,65478b973cd9b909d47027d51c15586997c69c97e83e6048cd7833ed40d6c0d8,524c434efffe00014800000010000100,,NCLR palette,Confirmed,True,False,,,,,,,,,,False,False
/pbr/pokegra.narc,/pbr/pokegra.narc!/member_00191,0,/pbr/pokegra.narc,501,191,,814956,815028,791192,791264,72,3de7590934e763e52c511217eea2ecba42623b6fdd81ee65104683dd6962f975,524c434efffe00014800000010000100,,NCLR palette,Confirmed,True,False,,,,,,,,,,False,False
/pbr/pokegra.narc,/pbr/pokegra.narc!/member_00192,0,/pbr/pokegra.narc,501,192,,815028,815028,791264,791264,0,e3b0c44298fc1c149afbf4c8996fb92427ae41e4649b934ca495991b7852b855,,,,,,False,,,,,,,,,,False,False
/pbr/pokegra.narc,/pbr/pokegra.narc!/member_00193,0,/pbr/pokegra.narc,501,193,,815028,821476,791264,797712,6448,dc43576b852e36dc34ecd0c8957aab1e60ded20bef30d25195814bbf217714d8,5247434efffe00013019000010000100,,NCGR graphics,Confirmed,True,False,,,,,,,,,,False,False
/pbr/pokegra.narc,/pbr/pokegra.narc!/member_00194,0,/pbr/pokegra.narc,501,194,,821476,821476,797712,797712,0,e3b0c44298fc1c149afbf4c8996fb92427ae41e4649b934ca495991b7852b855,,,,,,False,,,,,,,,,,False,False
/pbr/pokegra.narc,/pbr/pokegra.narc!/member_00195,0,/pbr/pokegra.narc,501,195,,821476,827924,797712,804160,6448,62cc8ae738a7ca288f664f15f2f924480c0d6d5eee0963e5b2d6aa304d3557b2,5247434efffe00013019000010000100,,NCGR graphics,Confirmed,True,False,,,,,,,,,,False,False
/pbr/pokegra.narc,/pbr/pokegra.narc!/member_00196,0,/pbr/pokegra.narc,501,196,,827924,827996,804160,804232,72,0bd3515d9ae3993a4bc12174d0209045d3008ac2e72b262ce277047babe5b73c,524c434efffe00014800000010000100,,NCLR palette,Confirmed,True,False,,,,,,,,,,False,False
/pbr/pokegra.narc,/pbr/pokegra.narc!/member_00197,0,/pbr/pokegra.narc,501,197,,827996,828068,804232,804304,72,e64fcad834fd9e0230e4c9d08d9d48662ef848ae6f42b3cfc02ffa720eaf3c53,524c434efffe00014800000010000100,,NCLR palette,Confirmed,True,False,,,,,,,,,,False,False
/pbr/pokegra.narc,/pbr/pokegra.narc!/member_00198,0,/pbr/pokegra.narc,501,198,,828068,828068,804304,804304,0,e3b0c44298fc1c149afbf4c8996fb92427ae41e4649b934ca495991b7852b855,,,,,,False,,,,,,,,,,False,False
/pbr/pokegra.narc,/pbr/pokegra.narc!/member_00199,0,/pbr/pokegra.narc,501,199,,828068,834516,804304,810752,6448,8be77fb597ebcb4fc0714eeda0471631a3c667c727da675ea4b23eaaf81efbba,5247434efffe00013019000010000100,,NCGR graphics,Confirmed,True,False,,,,,,,,,,False,False
/pbr/pokegra.narc,/pbr/pokegra.narc!/member_00200,0,/pbr/pokegra.narc,501,200,,834516,834516,810752,810752,0,e3b0c44298fc1c149afbf4c8996fb92427ae41e4649b934ca495991b7852b855,,,,,,False,,,,,,,,,,False,False
/pbr/pokegra.narc,/pbr/pokegra.narc!/member_00201,0,/pbr/pokegra.narc,501,201,,834516,840964,810752,817200,6448,2c2059737cce5b667ac9163635c493fe85ab91b4bdaee2c2086ec6c512971432,5247434efffe00013019000010000100,,NCGR graphics,Confirmed,True,False,,,,,,,,,,False,False
/pbr/pokegra.narc,/pbr/pokegra.narc!/member_00202,0,/pbr/pokegra.narc,501,202,,840964,841036,817200,817272,72,339b298c94f5eb9cb82bcbafce0156e6007e799cb88c9b8003dd627eb2d353fd,524c434efffe00014800000010000100,,NCLR palette,Confirmed,True,False,,,,,,,,,,False,False
/pbr/pokegra.narc,/pbr/pokegra.narc!/member_00203,0,/pbr/pokegra.narc,501,203,,841036,841108,817272,817344,72,9d12200fb313a3e92c119b9fbf1a31101eda5a101408e9cd74c1674fb3402f6c,524c434efffe00014800000010000100,,NCLR palette,Confirmed,True,False,,,,,,,,,,False,False
/pbr/pokegra.narc,/pbr/pokegra.narc!/member_00204,0,/pbr/pokegra.narc,501,204,,841108,841108,817344,817344,0,e3b0c44298fc1c149afbf4c8996fb92427ae41e4649b934ca495991b7852b855,,,,,,False,,,,,,,,,,False,False
/pbr/pokegra.narc,/pbr/pokegra.narc!/member_00205,0,/pbr/pokegra.narc,501,205,,841108,847556,817344,823792,6448,a58f07f0eb31bc3efd57d3b9e665d0311352a11e297d11dd9b3dddd85b4a1f22,5247434efffe00013019000010000100,,NCGR graphics,Confirmed,True,False,,,,,,,,,,False,False
/pbr/pokegra.narc,/pbr/pokegra.narc!/member_00206,0,/pbr/pokegra.narc,501,206,,847556,847556,823792,823792,0,e3b0c44298fc1c149afbf4c8996fb92427ae41e4649b934ca495991b7852b855,,,,,,False,,,,,,,,,,False,False
/pbr/pokegra.narc,/pbr/pokegra.narc!/member_00207,0,/pbr/pokegra.narc,501,207,,847556,854004,823792,830240,6448,b3ac1c6b924b2e0a7d2f06a6c57c7652282d0deba92497e0c9433e415c8c6a30,5247434efffe00013019000010000100,,NCGR graphics,Confirmed,True,False,,,,,,,,,,False,False
/pbr/pokegra.narc,/pbr/pokegra.narc!/member_00208,0,/pbr/pokegra.narc,501,208,,854004,854076,830240,830312,72,1a7482d7e45595746eb9248c22ea8ae47a8ea682175ab236e5a09b4051989978,524c434efffe00014800000010000100,,NCLR palette,Confirmed,True,False,,,,,,,,,,False,False
/pbr/pokegra.narc,/pbr/pokegra.narc!/member_00209,0,/pbr/pokegra.narc,501,209,,854076,854148,830312,830384,72,7a6da2cff9c880cb50051696921d32cdfee1a684d32c5cfb072e43ea4e083302,524c434efffe00014800000010000100,,NCLR palette,Confirmed,True,False,,,,,,,,,,False,False
/pbr/pokegra.narc,/pbr/pokegra.narc!/member_00210,0,/pbr/pokegra.narc,501,210,,854148,860596,830384,836832,6448,85e18d3373d734b803f1ea9922d36436ebe2919f0a11be5cacc87c6376e698a8,5247434efffe00013019000010000100,,NCGR graphics,Confirmed,True,False,,,,,,,,,,False,False
/pbr/pokegra.narc,/pbr/pokegra.narc!/member_00211,0,/pbr/pokegra.narc,501,211,,860596,867044,836832,843280,6448,85e18d3373d734b803f1ea9922d36436ebe2919f0a11be5cacc87c6376e698a8,5247434efffe00013019000010000100,,NCGR graphics,Confirmed,True,False,,,,,,,,,,False,False
/pbr/pokegra.narc,/pbr/pokegra.narc!/member_00212,0,/pbr/pokegra.narc,501,212,,867044,873492,843280,849728,6448,7d2d374ccd5548b1f55fae9979dde57e9af4d45b65e2dd43171e878024e205b4,5247434efffe00013019000010000100,,NCGR graphics,Confirmed,True,False,,,,,,,,,,False,False
/pbr/pokegra.narc,/pbr/pokegra.narc!/member_00213,0,/pbr/pokegra.narc,501,213,,873492,879940,849728,856176,6448,7d2d374ccd5548b1f55fae9979dde57e9af4d45b65e2dd43171e878024e205b4,5247434efffe00013019000010000100,,NCGR graphics,Confirmed,True,False,,,,,,,,,,False,False
/pbr/pokegra.narc,/pbr/pokegra.narc!/member_00214,0,/pbr/pokegra.narc,501,214,,879940,880012,856176,856248,72,36787b7a48f226390df7b5f24d94f81ef40356a35226b4109c681112d1643c20,524c434efffe00014800000010000100,,NCLR palette,Confirmed,True,False,,,,,,,,,,False,False
/pbr/pokegra.narc,/pbr/pokegra.narc!/member_00215,0,/pbr/pokegra.narc,501,215,,880012,880084,856248,856320,72,9385eb6bf9a8ceddff3c744b223f6961f8e9c429d6eb871d27c35bd42a23594d,524c434efffe00014800000010000100,,NCLR palette,Confirmed,True,False,,,,,,,,,,False,False
/pbr/pokegra.narc,/pbr/pokegra.narc!/member_00216,0,/pbr/pokegra.narc,501,216,,880084,886532,856320,862768,6448,d3c00a5a21db03c6071ce118a6f6212b0ea5d21fdf813aa9c531cfcaa6fd311d,5247434efffe00013019000010000100,,NCGR graphics,Confirmed,True,False,,,,,,,,,,False,False
/pbr/pokegra.narc,/pbr/pokegra.narc!/member_00217,0,/pbr/pokegra.narc,501,217,,886532,892980,862768,869216,6448,d3c00a5a21db03c6071ce118a6f6212b0ea5d21fdf813aa9c531cfcaa6fd311d,5247434efffe00013019000010000100,,NCGR graphics,Confirmed,True,False,,,,,,,,,,False,False
/pbr/pokegra.narc,/pbr/pokegra.narc!/member_00218,0,/pbr/pokegra.narc,501,218,,892980,899428,869216,875664,6448,b65ec939111f7c487cefe71d2ad1636ebb1c732c418fda80d6557e2f3a8bc769,5247434efffe00013019000010000100,,NCGR graphics,Confirmed,True,False,,,,,,,,,,False,False
/pbr/pokegra.narc,/pbr/pokegra.narc!/member_00219,0,/pbr/pokegra.narc,501,219,,899428,905876,875664,882112,6448,b65ec939111f7c487cefe71d2ad1636ebb1c732c418fda80d6557e2f3a8bc769,5247434efffe00013019000010000100,,NCGR graphics,Confirmed,True,False,,,,,,,,,,False,False
/pbr/pokegra.narc,/pbr/pokegra.narc!/member_00220,0,/pbr/pokegra.narc,501,220,,905876,905948,882112,882184,72,79827e6437a53f0b24bf2852d8e6abb1f3732dba461a3d28faf0b9c4d0b0ad81,524c434efffe00014800000010000100,,NCLR palette,Confirmed,True,False,,,,,,,,,,False,False
/pbr/pokegra.narc,/pbr/pokegra.narc!/member_00221,0,/pbr/pokegra.narc,501,221,,905948,906020,882184,882256,72,b0f3c2a21ba1ed57978ecf214da8c030ce220d9ea16c3f3b9475f5f6ebb23e89,524c434efffe00014800000010000100,,NCLR palette,Confirmed,True,False,,,,,,,,,,False,False
/pbr/pokegra.narc,/pbr/pokegra.narc!/member_00222,0,/pbr/pokegra.narc,501,222,,906020,912468,882256,888704,6448,05e81b8e7a8fb212ef4fed9b1c61384796f32eb91e6733d9b68d8313dd47e72c,5247434efffe00013019000010000100,,NCGR graphics,Confirmed,True,False,,,,,,,,,,False,False
/pbr/pokegra.narc,/pbr/pokegra.narc!/member_00223,0,/pbr/pokegra.narc,501,223,,912468,918916,888704,895152,6448,05e81b8e7a8fb212ef4fed9b1c61384796f32eb91e6733d9b68d8313dd47e72c,5247434efffe00013019000010000100,,NCGR graphics,Confirmed,True,False,,,,,,,,,,False,False
/pbr/pokegra.narc,/pbr/pokegra.narc!/member_00224,0,/pbr/pokegra.narc,501,224,,918916,925364,895152,901600,6448,88e106f06606513f34b7274e8d01a477ae77e46f5d6125d46b3b86d677205117,5247434efffe00013019000010000100,,NCGR graphics,Confirmed,True,False,,,,,,,,,,False,False
/pbr/pokegra.narc,/pbr/pokegra.narc!/member_00225,0,/pbr/pokegra.narc,501,225,,925364,931812,901600,908048,6448,88e106f06606513f34b7274e8d01a477ae77e46f5d6125d46b3b86d677205117,5247434efffe00013019000010000100,,NCGR graphics,Confirmed,True,False,,,,,,,,,,False,False
/pbr/pokegra.narc,/pbr/pokegra.narc!/member_00226,0,/pbr/pokegra.narc,501,226,,931812,931884,908048,908120,72,403d83a16dacd310129ff93c93ac9a220de99e987c1ede3440698e1544dd3b0b,524c434efffe00014800000010000100,,NCLR palette,Confirmed,True,False,,,,,,,,,,False,False
/pbr/pokegra.narc,/pbr/pokegra.narc!/member_00227,0,/pbr/pokegra.narc,501,227,,931884,931956,908120,908192,72,4fccf65aac3840dadc30d8146ac6580b2c1884ebb70ff0250ea1bfb9968cbef2,524c434efffe00014800000010000100,,NCLR palette,Confirmed,True,False,,,,,,,,,,False,False
/pbr/pokegra.narc,/pbr/pokegra.narc!/member_00228,0,/pbr/pokegra.narc,501,228,,931956,938404,908192,914640,6448,f7f292f89cef80b45f067ddad8b55dbb92f03d9558f2d2045620c79fc1e6b61b,5247434efffe00013019000010000100,,NCGR graphics,Confirmed,True,False,,,,,,,,,,False,False
/pbr/pokegra.narc,/pbr/pokegra.narc!/member_00229,0,/pbr/pokegra.narc,501,229,,938404,944852,914640,921088,6448,f7f292f89cef80b45f067ddad8b55dbb92f03d9558f2d2045620c79fc1e6b61b,5247434efffe00013019000010000100,,NCGR graphics,Confirmed,True,False,,,,,,,,,,False,False
/pbr/pokegra.narc,/pbr/pokegra.narc!/member_00230,0,/pbr/pokegra.narc,501,230,,944852,951300,921088,927536,6448,aec5890ff7c7e793f0214c359fe22592265dc0dac6e0b2fb029b30501ee5a726,5247434efffe00013019000010000100,,NCGR graphics,Confirmed,True,False,,,,,,,,,,False,False
/pbr/pokegra.narc,/pbr/pokegra.narc!/member_00231,0,/pbr/pokegra.narc,501,231,,951300,957748,927536,933984,6448,aec5890ff7c7e793f0214c359fe22592265dc0dac6e0b2fb029b30501ee5a726,5247434efffe00013019000010000100,,NCGR graphics,Confirmed,True,False,,,,,,,,,,False,False
/pbr/pokegra.narc,/pbr/pokegra.narc!/member_00232,0,/pbr/pokegra.narc,501,232,,957748,957820,933984,934056,72,1bcd8bf5da511e80ccf1ae8ddbf1a0de22a1b13a2cdef1fc4a95601b2f210655,524c434efffe00014800000010000100,,NCLR palette,Confirmed,True,False,,,,,,,,,,False,False
/pbr/pokegra.narc,/pbr/pokegra.narc!/member_00233,0,/pbr/pokegra.narc,501,233,,957820,957892,934056,934128,72,ab98b9dc49828d4938582ff45cdddd4e1256596eb05b5566d2b444b2548457cb,524c434efffe00014800000010000100,,NCLR palette,Confirmed,True,False,,,,,,,,,,False,False
/pbr/pokegra.narc,/pbr/pokegra.narc!/member_00234,0,/pbr/pokegra.narc,501,234,,957892,964340,934128,940576,6448,96a89e9dad24bd99bb106039c748ee3a9648e3ed92cc4cfa7b322d275cfb6d1c,5247434efffe00013019000010000100,,NCGR graphics,Confirmed,True,False,,,,,,,,,,False,False
/pbr/pokegra.narc,/pbr/pokegra.narc!/member_00235,0,/pbr/pokegra.narc,501,235,,964340,970788,940576,947024,6448,96a89e9dad24bd99bb106039c748ee3a9648e3ed92cc4cfa7b322d275cfb6d1c,5247434efffe00013019000010000100,,NCGR graphics,Confirmed,True,False,,,,,,,,,,False,False
/pbr/pokegra.narc,/pbr/pokegra.narc!/member_00236,0,/pbr/pokegra.narc,501,236,,970788,977236,947024,953472,6448,e1a333163bdd45374ba34c38c2c94f8c8972d18e2e3fe16b081c9e1102e71547,5247434efffe00013019000010000100,,NCGR graphics,Confirmed,True,False,,,,,,,,,,False,False
/pbr/pokegra.narc,/pbr/pokegra.narc!/member_00237,0,/pbr/pokegra.narc,501,237,,977236,983684,953472,959920,6448,e1a333163bdd45374ba34c38c2c94f8c8972d18e2e3fe16b081c9e1102e71547,5247434efffe00013019000010000100,,NCGR graphics,Confirmed,True,False,,,,,,,,,,False,False
/pbr/pokegra.narc,/pbr/pokegra.narc!/member_00238,0,/pbr/pokegra.narc,501,238,,983684,983756,959920,959992,72,c226c6db96bf8fd343945f71ae658b8504bfb27c0a8a75301d147e12592153bf,524c434efffe00014800000010000100,,NCLR palette,Confirmed,True,False,,,,,,,,,,False,False
/pbr/pokegra.narc,/pbr/pokegra.narc!/member_00239,0,/pbr/pokegra.narc,501,239,,983756,983828,959992,960064,72,44637bc00a9379bc26b1bab1d7f7836ed2d549b5189ede8a3627aaffbf4c03b0,524c434efffe00014800000010000100,,NCLR palette,Confirmed,True,False,,,,,,,,,,False,False
/pbr/pokegra.narc,/pbr/pokegra.narc!/member_00240,0,/pbr/pokegra.narc,501,240,,983828,990276,960064,966512,6448,14e112fc50c2d6d75d8d719564006c14ad657635c8fa0a9778a85951d1353507,5247434efffe00013019000010000100,,NCGR graphics,Confirmed,True,False,,,,,,,,,,False,False
/pbr/pokegra.narc,/pbr/pokegra.narc!/member_00241,0,/pbr/pokegra.narc,501,241,,990276,996724,966512,972960,6448,14e112fc50c2d6d75d8d719564006c14ad657635c8fa0a9778a85951d1353507,5247434efffe00013019000010000100,,NCGR graphics,Confirmed,True,False,,,,,,,,,,False,False
/pbr/pokegra.narc,/pbr/pokegra.narc!/member_00242,0,/pbr/pokegra.narc,501,242,,996724,1003172,972960,979408,6448,41a79aab795503b55d18b894f529f471aa183831158fcc338f498038fbf6b63f,5247434efffe00013019000010000100,,NCGR graphics,Confirmed,True,False,,,,,,,,,,False,False
/pbr/pokegra.narc,/pbr/pokegra.narc!/member_00243,0,/pbr/pokegra.narc,501,243,,1003172,1009620,979408,985856,6448,41a79aab795503b55d18b894f529f471aa183831158fcc338f498038fbf6b63f,5247434efffe00013019000010000100,,NCGR graphics,Confirmed,True,False,,,,,,,,,,False,False
/pbr/pokegra.narc,/pbr/pokegra.narc!/member_00244,0,/pbr/pokegra.narc,501,244,,1009620,1009692,985856,985928,72,54043c099224e7d3067e699e3426c6782b56a114e27a4bc898f11a37a91ed830,524c434efffe00014800000010000100,,NCLR palette,Confirmed,True,False,,,,,,,,,,False,False
/pbr/pokegra.narc,/pbr/pokegra.narc!/member_00245,0,/pbr/pokegra.narc,501,245,,1009692,1009764,985928,986000,72,21c3aa484493cd08390e7d5463b2a9f5f4e72729953bcdc642cd23cdb7104fc1,524c434efffe00014800000010000100,,NCLR palette,Confirmed,True,False,,,,,,,,,,False,False
/pbr/pokegra.narc,/pbr/pokegra.narc!/member_00246,0,/pbr/pokegra.narc,501,246,,1009764,1016212,986000,992448,6448,97f401da60019be4a5e65e7251989616e3ac9107ad812d05ccadc46c5b1bfe7c,5247434efffe00013019000010000100,,NCGR graphics,Confirmed,True,False,,,,,,,,,,False,False
/pbr/pokegra.narc,/pbr/pokegra.narc!/member_00247,0,/pbr/pokegra.narc,501,247,,1016212,1022660,992448,998896,6448,30eb75587d3d6018a4ca995ab89d1fe02cf62a5ed944b163a5f2c086dd9fb720,5247434efffe00013019000010000100,,NCGR graphics,Confirmed,True,False,,,,,,,,,,False,False
/pbr/pokegra.narc,/pbr/pokegra.narc!/member_00248,0,/pbr/pokegra.narc,501,248,,1022660,1029108,998896,1005344,6448,266e1e47bf1cd382f9facdcf24a898d7158a459dc94c7542278b4bb4b2c9a3e4,5247434efffe00013019000010000100,,NCGR graphics,Confirmed,True,False,,,,,,,,,,False,False
/pbr/pokegra.narc,/pbr/pokegra.narc!/member_00249,0,/pbr/pokegra.narc,501,249,,1029108,1035556,1005344,1011792,6448,0bdd23180543f73d2347fcc9ae20969bdd2f8d09735029fa4a7c39d97fcd1275,5247434efffe00013019000010000100,,NCGR graphics,Confirmed,True,False,,,,,,,,,,False,False
/pbr/pokegra.narc,/pbr/pokegra.narc!/member_00250,0,/pbr/pokegra.narc,501,250,,1035556,1035628,1011792,1011864,72,be868bedd2d776e1a76d0e281fae42c604be58fa28d10508a585f66bcbda5483,524c434efffe00014800000010000100,,NCLR palette,Confirmed,True,False,,,,,,,,,,False,False
/pbr/pokegra.narc,/pbr/pokegra.narc!/member_00251,0,/pbr/pokegra.narc,501,251,,1035628,1035700,1011864,1011936,72,19e39214f9b90f49af7c79123220a7dec874e9a3aee439ad67801accf88d8a0b,524c434efffe00014800000010000100,,NCLR palette,Confirmed,True,False,,,,,,,,,,False,False
/pbr/pokegra.narc,/pbr/pokegra.narc!/member_00252,0,/pbr/pokegra.narc,501,252,,1035700,1042148,1011936,1018384,6448,20594ae834f42f84da46ff7bde3daca805f9c540cacf1000398574c78213bfd2,5247434efffe00013019000010000100,,NCGR graphics,Confirmed,True,False,,,,,,,,,,False,False
/pbr/pokegra.narc,/pbr/pokegra.narc!/member_00253,0,/pbr/pokegra.narc,501,253,,1042148,1048596,1018384,1024832,6448,80f664ee15525a704721a3f2f75ad59ab552c1d9459755f34c3e0e8cede43095,5247434efffe00013019000010000100,,NCGR graphics,Confirmed,True,False,,,,,,,,,,False,False
/pbr/pokegra.narc,/pbr/pokegra.narc!/member_00254,0,/pbr/pokegra.narc,501,254,,1048596,1055044,1024832,1031280,6448,0b91db1023bff0f61f2da7f61c04abd1a97678314164d0bcc7899f3e5aed7387,5247434efffe00013019000010000100,,NCGR graphics,Confirmed,True,False,,,,,,,,,,False,False
/pbr/pokegra.narc,/pbr/pokegra.narc!/member_00255,0,/pbr/pokegra.narc,501,255,,1055044,1061492,1031280,1037728,6448,f1aac5c9529755cc4e01a78dd35b9a003f5c72c0aff502975b186227e5f52dbc,5247434efffe00013019000010000100,,NCGR graphics,Confirmed,True,False,,,,,,,,,,False,False
/pbr/pokegra.narc,/pbr/pokegra.narc!/member_00256,0,/pbr/pokegra.narc,501,256,,1061492,1061564,1037728,1037800,72,5855425e5a77f7da6c4f7182d39919ccfe05bdf7d0b6e2fa613d9f4887c8b6c7,524c434efffe00014800000010000100,,NCLR palette,Confirmed,True,False,,,,,,,,,,False,False
/pbr/pokegra.narc,/pbr/pokegra.narc!/member_00257,0,/pbr/pokegra.narc,501,257,,1061564,1061636,1037800,1037872,72,658125555ce2a4be70df9cf65c7687564d2e4ddaee1030d37ae15e5dae75e997,524c434efffe00014800000010000100,,NCLR palette,Confirmed,True,False,,,,,,,,,,False,False
/pbr/pokegra.narc,/pbr/pokegra.narc!/member_00258,0,/pbr/pokegra.narc,501,258,,1061636,1068084,1037872,1044320,6448,5724a9b04fe4fc9f45c6a552a97151fcfcded16fb4ffc080324b3af0736c33a3,5247434efffe00013019000010000100,,NCGR graphics,Confirmed,True,False,,,,,,,,,,False,False
/pbr/pokegra.narc,/pbr/pokegra.narc!/member_00259,0,/pbr/pokegra.narc,501,259,,1068084,1074532,1044320,1050768,6448,5724a9b04fe4fc9f45c6a552a97151fcfcded16fb4ffc080324b3af0736c33a3,5247434efffe00013019000010000100,,NCGR graphics,Confirmed,True,False,,,,,,,,,,False,False
/pbr/pokegra.narc,/pbr/pokegra.narc!/member_00260,0,/pbr/pokegra.narc,501,260,,1074532,1080980,1050768,1057216,6448,f933e1e7c66e4f0dc0130257100a4d2e5b08927fdb14d216418e8bd7471d24b4,5247434efffe00013019000010000100,,NCGR graphics,Confirmed,True,False,,,,,,,,,,False,False
/pbr/pokegra.narc,/pbr/pokegra.narc!/member_00261,0,/pbr/pokegra.narc,501,261,,1080980,1087428,1057216,1063664,6448,f933e1e7c66e4f0dc0130257100a4d2e5b08927fdb14d216418e8bd7471d24b4,5247434efffe00013019000010000100,,NCGR graphics,Confirmed,True,False,,,,,,,,,,False,False
/pbr/pokegra.narc,/pbr/pokegra.narc!/member_00262,0,/pbr/pokegra.narc,501,262,,1087428,1087500,1063664,1063736,72,1b70400350f9a38d602852e627db7038de6d71080a04a6604f224ae7d6fe5611,524c434efffe00014800000010000100,,NCLR palette,Confirmed,True,False,,,,,,,,,,False,False
/pbr/pokegra.narc,/pbr/pokegra.narc!/member_00263,0,/pbr/pokegra.narc,501,263,,1087500,1087572,1063736,1063808,72,20d50859184855ca839b02db815e05a8634b4516d95ca98e928990b95eca451e,524c434efffe00014800000010000100,,NCLR palette,Confirmed,True,False,,,,,,,,,,False,False
/pbr/pokegra.narc,/pbr/pokegra.narc!/member_00264,0,/pbr/pokegra.narc,501,264,,1087572,1094020,1063808,1070256,6448,33273e68336e640d409e237d622e5275a025272a95bc20ac4d47bd71d5295abd,5247434efffe00013019000010000100,,NCGR graphics,Confirmed,True,False,,,,,,,,,,False,False
/pbr/pokegra.narc,/pbr/pokegra.narc!/member_00265,0,/pbr/pokegra.narc,501,265,,1094020,1100468,1070256,1076704,6448,8ae3b75dad15fde56b69a0296769b58febee49739a699910c09d92c1308c9d57,5247434efffe00013019000010000100,,NCGR graphics,Confirmed,True,False,,,,,,,,,,False,False
/pbr/pokegra.narc,/pbr/pokegra.narc!/member_00266,0,/pbr/pokegra.narc,501,266,,1100468,1106916,1076704,1083152,6448,a83af8ef4e8af2e2d4267acad24d7444cfcb4be0adb36bfca722afa93b2dd504,5247434efffe00013019000010000100,,NCGR graphics,Confirmed,True,False,,,,,,,,,,False,False
/pbr/pokegra.narc,/pbr/pokegra.narc!/member_00267,0,/pbr/pokegra.narc,501,267,,1106916,1113364,1083152,1089600,6448,e2ceb2735d590aa9bd40ff143267f155fef24127199538a7575cbd1cdc178059,5247434efffe00013019000010000100,,NCGR graphics,Confirmed,True,False,,,,,,,,,,False,False
/pbr/pokegra.narc,/pbr/pokegra.narc!/member_00268,0,/pbr/pokegra.narc,501,268,,1113364,1113436,1089600,1089672,72,c0e973f7e2e7e76b700000727039c1f1673092f5a394dde74296834fdcd20c48,524c434efffe00014800000010000100,,NCLR palette,Confirmed,True,False,,,,,,,,,,False,False
/pbr/pokegra.narc,/pbr/pokegra.narc!/member_00269,0,/pbr/pokegra.narc,501,269,,1113436,1113508,1089672,1089744,72,61862dab7b59077fb274b8f22f328b0115979948d2a072aadbd6d9ae15bed275,524c434efffe00014800000010000100,,NCLR palette,Confirmed,True,False,,,,,,,,,,False,False
/pbr/pokegra.narc,/pbr/pokegra.narc!/member_00270,0,/pbr/pokegra.narc,501,270,,1113508,1119956,1089744,1096192,6448,6b76af3af70bd10ce8e6e4cf91e5891e7361f4d53fd856bc6dae263c4165a4ca,5247434efffe00013019000010000100,,NCGR graphics,Confirmed,True,False,,,,,,,,,,False,False
/pbr/pokegra.narc,/pbr/pokegra.narc!/member_00271,0,/pbr/pokegra.narc,501,271,,1119956,1126404,1096192,1102640,6448,c6ebb9bb65d3330e371be805ab62631d2a8594bd21f9dc1dcbed835fb1ec4d44,5247434efffe00013019000010000100,,NCGR graphics,Confirmed,True,False,,,,,,,,,,False,False
/pbr/pokegra.narc,/pbr/pokegra.narc!/member_00272,0,/pbr/pokegra.narc,501,272,,1126404,1132852,1102640,1109088,6448,feb9d74eae7dfdd03742ef547d87c5679d9588f75fee3361a1349c1eb4b9c3a7,5247434efffe00013019000010000100,,NCGR graphics,Confirmed,True,False,,,,,,,,,,False,False
/pbr/pokegra.narc,/pbr/pokegra.narc!/member_00273,0,/pbr/pokegra.narc,501,273,,1132852,1139300,1109088,1115536,6448,dfe7bbf68327f22a58973bac28c3c481e78b954574d568cfb31909f978c3421b,5247434efffe00013019000010000100,,NCGR graphics,Confirmed,True,False,,,,,,,,,,False,False
/pbr/pokegra.narc,/pbr/pokegra.narc!/member_00274,0,/pbr/pokegra.narc,501,274,,1139300,1139372,1115536,1115608,72,5e3d98a1faa02ac0935f7e9768c820378c6b2034f79179e1ebd086e7aa0d6eab,524c434efffe00014800000010000100,,NCLR palette,Confirmed,True,False,,,,,,,,,,False,False
/pbr/pokegra.narc,/pbr/pokegra.narc!/member_00275,0,/pbr/pokegra.narc,501,275,,1139372,1139444,1115608,1115680,72,efe9464713a0b98ef73b5ee6b40ad1341f0416071f99d7f01d355095a70ae116,524c434efffe00014800000010000100,,NCLR palette,Confirmed,True,False,,,,,,,,,,False,False
/pbr/pokegra.narc,/pbr/pokegra.narc!/member_00276,0,/pbr/pokegra.narc,501,276,,1139444,1145892,1115680,1122128,6448,7bfb31415168eb806f7f09a9703b3bea3c8ec7a6c4be4733963558202782e1ab,5247434efffe00013019000010000100,,NCGR graphics,Confirmed,True,False,,,,,,,,,,False,False
/pbr/pokegra.narc,/pbr/pokegra.narc!/member_00277,0,/pbr/pokegra.narc,501,277,,1145892,1152340,1122128,1128576,6448,7bfb31415168eb806f7f09a9703b3bea3c8ec7a6c4be4733963558202782e1ab,5247434efffe00013019000010000100,,NCGR graphics,Confirmed,True,False,,,,,,,,,,False,False
/pbr/pokegra.narc,/pbr/pokegra.narc!/member_00278,0,/pbr/pokegra.narc,501,278,,1152340,1158788,1128576,1135024,6448,8a10067466169c82a8c85e31ec009438aed7881ef1e44fe0b34a3bbd35eeb206,5247434efffe00013019000010000100,,NCGR graphics,Confirmed,True,False,,,,,,,,,,False,False
/pbr/pokegra.narc,/pbr/pokegra.narc!/member_00279,0,/pbr/pokegra.narc,501,279,,1158788,1165236,1135024,1141472,6448,8a10067466169c82a8c85e31ec009438aed7881ef1e44fe0b34a3bbd35eeb206,5247434efffe00013019000010000100,,NCGR graphics,Confirmed,True,False,,,,,,,,,,False,False
/pbr/pokegra.narc,/pbr/pokegra.narc!/member_00280,0,/pbr/pokegra.narc,501,280,,1165236,1165308,1141472,1141544,72,d6f36b38b6dc68f7dcf8d4c39a31385bcffd876e551151e2ecdd92738dab91c7,524c434efffe00014800000010000100,,NCLR palette,Confirmed,True,False,,,,,,,,,,False,False
/pbr/pokegra.narc,/pbr/pokegra.narc!/member_00281,0,/pbr/pokegra.narc,501,281,,1165308,1165380,1141544,1141616,72,24f8c172c08a48a37adb4386653aa41ec01a1d81767849de5fd5788235ef3067,524c434efffe00014800000010000100,,NCLR palette,Confirmed,True,False,,,,,,,,,,False,False
/pbr/pokegra.narc,/pbr/pokegra.narc!/member_00282,0,/pbr/pokegra.narc,501,282,,1165380,1171828,1141616,1148064,6448,c86f8adea15c5abfb4f3fa982c999736a45a4d29eb712d1c3a76aca0c63d86ff,5247434efffe00013019000010000100,,NCGR graphics,Confirmed,True,False,,,,,,,,,,False,False
/pbr/pokegra.narc,/pbr/pokegra.narc!/member_00283,0,/pbr/pokegra.narc,501,283,,1171828,1178276,1148064,1154512,6448,c86f8adea15c5abfb4f3fa982c999736a45a4d29eb712d1c3a76aca0c63d86ff,5247434efffe00013019000010000100,,NCGR graphics,Confirmed,True,False,,,,,,,,,,False,False
/pbr/pokegra.narc,/pbr/pokegra.narc!/member_00284,0,/pbr/pokegra.narc,501,284,,1178276,1184724,1154512,1160960,6448,af3656bb600a3af2fa422bebcb3bf804a26dc54bf2b3f41e34639f800696ddf7,5247434efffe00013019000010000100,,NCGR graphics,Confirmed,True,False,,,,,,,,,,False,False
/pbr/pokegra.narc,/pbr/pokegra.narc!/member_00285,0,/pbr/pokegra.narc,501,285,,1184724,1191172,1160960,1167408,6448,af3656bb600a3af2fa422bebcb3bf804a26dc54bf2b3f41e34639f800696ddf7,5247434efffe00013019000010000100,,NCGR graphics,Confirmed,True,False,,,,,,,,,,False,False
/pbr/pokegra.narc,/pbr/pokegra.narc!/member_00286,0,/pbr/pokegra.narc,501,286,,1191172,1191244,1167408,1167480,72,89bef87f25dc5e65a4f4bdd8b316f8c7ae5abfe77b26b6f32436729227fbe9e0,524c434efffe00014800000010000100,,NCLR palette,Confirmed,True,False,,,,,,,,,,False,False
/pbr/pokegra.narc,/pbr/pokegra.narc!/member_00287,0,/pbr/pokegra.narc,501,287,,1191244,1191316,1167480,1167552,72,6762a9031d0a6aec346e94cf6262500daa2d9abd160ed952542dc0628aafbaca,524c434efffe00014800000010000100,,NCLR palette,Confirmed,True,False,,,,,,,,,,False,False
/pbr/pokegra.narc,/pbr/pokegra.narc!/member_00288,0,/pbr/pokegra.narc,501,288,,1191316,1197764,1167552,1174000,6448,6bc255cfdddcca81bb0fe5d236566ddefe971386bf86b5742385567d694bde21,5247434efffe00013019000010000100,,NCGR graphics,Confirmed,True,False,,,,,,,,,,False,False
/pbr/pokegra.narc,/pbr/pokegra.narc!/member_00289,0,/pbr/pokegra.narc,501,289,,1197764,1204212,1174000,1180448,6448,6bc255cfdddcca81bb0fe5d236566ddefe971386bf86b5742385567d694bde21,5247434efffe00013019000010000100,,NCGR graphics,Confirmed,True,False,,,,,,,,,,False,False
/pbr/pokegra.narc,/pbr/pokegra.narc!/member_00290,0,/pbr/pokegra.narc,501,290,,1204212,1210660,1180448,1186896,6448,4e926cb9779cc5401b8b0e96b9dcaa8dd44a14bb8b2bfef25902bfeda1de522a,5247434efffe00013019000010000100,,NCGR graphics,Confirmed,True,False,,,,,,,,,,False,False
/pbr/pokegra.narc,/pbr/pokegra.narc!/member_00291,0,/pbr/pokegra.narc,501,291,,1210660,1217108,1186896,1193344,6448,4e926cb9779cc5401b8b0e96b9dcaa8dd44a14bb8b2bfef25902bfeda1de522a,5247434efffe00013019000010000100,,NCGR graphics,Confirmed,True,False,,,,,,,,,,False,False
/pbr/pokegra.narc,/pbr/pokegra.narc!/member_00292,0,/pbr/pokegra.narc,501,292,,1217108,1217180,1193344,1193416,72,9cf5fbcc05c273e1f7d062661b8cc5ea5aec51fe51db5b0424a7957acb1da2c6,524c434efffe00014800000010000100,,NCLR palette,Confirmed,True,False,,,,,,,,,,False,False
/pbr/pokegra.narc,/pbr/pokegra.narc!/member_00293,0,/pbr/pokegra.narc,501,293,,1217180,1217252,1193416,1193488,72,440f5a6edcd7d24ab504eede3c4c05433c159672087925ccd3e8f3cf390832b0,524c434efffe00014800000010000100,,NCLR palette,Confirmed,True,False,,,,,,,,,,False,False
/pbr/pokegra.narc,/pbr/pokegra.narc!/member_00294,0,/pbr/pokegra.narc,501,294,,1217252,1223700,1193488,1199936,6448,e3477114661270adfcc9b9b4d349af99c350acc1e63b8653aaad7469bf3b5c26,5247434efffe00013019000010000100,,NCGR graphics,Confirmed,True,False,,,,,,,,,,False,False
/pbr/pokegra.narc,/pbr/pokegra.narc!/member_00295,0,/pbr/pokegra.narc,501,295,,1223700,1230148,1199936,1206384,6448,e3477114661270adfcc9b9b4d349af99c350acc1e63b8653aaad7469bf3b5c26,5247434efffe00013019000010000100,,NCGR graphics,Confirmed,True,False,,,,,,,,,,False,False
/pbr/pokegra.narc,/pbr/pokegra.narc!/member_00296,0,/pbr/pokegra.narc,501,296,,1230148,1236596,1206384,1212832,6448,ebc6c948ee83c1134e02bcd4dcf6deda1b5493f4e6fd56741e65741e16b72cd6,5247434efffe00013019000010000100,,NCGR graphics,Confirmed,True,False,,,,,,,,,,False,False
/pbr/pokegra.narc,/pbr/pokegra.narc!/member_00297,0,/pbr/pokegra.narc,501,297,,1236596,1243044,1212832,1219280,6448,ebc6c948ee83c1134e02bcd4dcf6deda1b5493f4e6fd56741e65741e16b72cd6,5247434efffe00013019000010000100,,NCGR graphics,Confirmed,True,False,,,,,,,,,,False,False
/pbr/pokegra.narc,/pbr/pokegra.narc!/member_00298,0,/pbr/pokegra.narc,501,298,,1243044,1243116,1219280,1219352,72,b01c81f0c1174a5f3544ebb790658fdad3223f4e275e7dde3639d2a0320ccb03,524c434efffe00014800000010000100,,NCLR palette,Confirmed,True,False,,,,,,,,,,False,False
/pbr/pokegra.narc,/pbr/pokegra.narc!/member_00299,0,/pbr/pokegra.narc,501,299,,1243116,1243188,1219352,1219424,72,112be5a967b8f55da59bb73740ee13dbc293b92a35ea74489e70d6efc8674edd,524c434efffe00014800000010000100,,NCLR palette,Confirmed,True,False,,,,,,,,,,False,False
/pbr/pokegra.narc,/pbr/pokegra.narc!/member_00300,0,/pbr/pokegra.narc,501,300,,1243188,1249636,1219424,1225872,6448,cbe9e1d5e799e9d7ab1025639ec7f4784de21e3381e6141c02babed13849708d,5247434efffe00013019000010000100,,NCGR graphics,Confirmed,True,False,,,,,,,,,,False,False
/pbr/pokegra.narc,/pbr/pokegra.narc!/member_00301,0,/pbr/pokegra.narc,501,301,,1249636,1256084,1225872,1232320,6448,cbe9e1d5e799e9d7ab1025639ec7f4784de21e3381e6141c02babed13849708d,5247434efffe00013019000010000100,,NCGR graphics,Confirmed,True,False,,,,,,,,,,False,False
/pbr/pokegra.narc,/pbr/pokegra.narc!/member_00302,0,/pbr/pokegra.narc,501,302,,1256084,1262532,1232320,1238768,6448,61ebb68072a017dd578307b20c0d200193e9c42f5201e87119962e511e4bb1de,5247434efffe00013019000010000100,,NCGR graphics,Confirmed,True,False,,,,,,,,,,False,False
/pbr/pokegra.narc,/pbr/pokegra.narc!/member_00303,0,/pbr/pokegra.narc,501,303,,1262532,1268980,1238768,1245216,6448,61ebb68072a017dd578307b20c0d200193e9c42f5201e87119962e511e4bb1de,5247434efffe00013019000010000100,,NCGR graphics,Confirmed,True,False,,,,,,,,,,False,False
/pbr/pokegra.narc,/pbr/pokegra.narc!/member_00304,0,/pbr/pokegra.narc,501,304,,1268980,1269052,1245216,1245288,72,60feb5e4fbccea0e088318dfc3c4a169bf4a77c218e446b80c79dcf97d76d3a8,524c434efffe00014800000010000100,,NCLR palette,Confirmed,True,False,,,,,,,,,,False,False
/pbr/pokegra.narc,/pbr/pokegra.narc!/member_00305,0,/pbr/pokegra.narc,501,305,,1269052,1269124,1245288,1245360,72,93b1d9be7476049900318d5574fa203080326cf2a83c268e0711bb0069c37092,524c434efffe00014800000010000100,,NCLR palette,Confirmed,True,False,,,,,,,,,,False,False
/pbr/pokegra.narc,/pbr/pokegra.narc!/member_00306,0,/pbr/pokegra.narc,501,306,,1269124,1275572,1245360,1251808,6448,75f4b1e3c80b6a317f23ff5bd7e8b16be67c5e90c560f16f1117ebc86ae84331,5247434efffe00013019000010000100,,NCGR graphics,Confirmed,True,False,,,,,,,,,,False,False
/pbr/pokegra.narc,/pbr/pokegra.narc!/member_00307,0,/pbr/pokegra.narc,501,307,,1275572,1282020,1251808,1258256,6448,75f4b1e3c80b6a317f23ff5bd7e8b16be67c5e90c560f16f1117ebc86ae84331,5247434efffe00013019000010000100,,NCGR graphics,Confirmed,True,False,,,,,,,,,,False,False
/pbr/pokegra.narc,/pbr/pokegra.narc!/member_00308,0,/pbr/pokegra.narc,501,308,,1282020,1288468,1258256,1264704,6448,798c3448bd995d23197bf8ba290cd3badb01f357224987040f92f2b30a5ca11c,5247434efffe00013019000010000100,,NCGR graphics,Confirmed,True,False,,,,,,,,,,False,False
/pbr/pokegra.narc,/pbr/pokegra.narc!/member_00309,0,/pbr/pokegra.narc,501,309,,1288468,1294916,1264704,1271152,6448,798c3448bd995d23197bf8ba290cd3badb01f357224987040f92f2b30a5ca11c,5247434efffe00013019000010000100,,NCGR graphics,Confirmed,True,False,,,,,,,,,,False,False
/pbr/pokegra.narc,/pbr/pokegra.narc!/member_00310,0,/pbr/pokegra.narc,501,310,,1294916,1294988,1271152,1271224,72,60feb5e4fbccea0e088318dfc3c4a169bf4a77c218e446b80c79dcf97d76d3a8,524c434efffe00014800000010000100,,NCLR palette,Confirmed,True,False,,,,,,,,,,False,False
/pbr/pokegra.narc,/pbr/pokegra.narc!/member_00311,0,/pbr/pokegra.narc,501,311,,1294988,1295060,1271224,1271296,72,93b1d9be7476049900318d5574fa203080326cf2a83c268e0711bb0069c37092,524c434efffe00014800000010000100,,NCLR palette,Confirmed,True,False,,,,,,,,,,False,False
/pbr/pokegra.narc,/pbr/pokegra.narc!/member_00312,0,/pbr/pokegra.narc,501,312,,1295060,1301508,1271296,1277744,6448,9310a89428b79a37e8dbde2262a616cf105f97555c7cc083715ca7cacc7e17b0,5247434efffe00013019000010000100,,NCGR graphics,Confirmed,True,False,,,,,,,,,,False,False
/pbr/pokegra.narc,/pbr/pokegra.narc!/member_00313,0,/pbr/pokegra.narc,501,313,,1301508,1307956,1277744,1284192,6448,9310a89428b79a37e8dbde2262a616cf105f97555c7cc083715ca7cacc7e17b0,5247434efffe00013019000010000100,,NCGR graphics,Confirmed,True,False,,,,,,,,,,False,False
/pbr/pokegra.narc,/pbr/pokegra.narc!/member_00314,0,/pbr/pokegra.narc,501,314,,1307956,1314404,1284192,1290640,6448,0470a01b4a64e6d1ef6489fa4e32c39cdbcfcc1af9b4843f8dc4ea29c302041f,5247434efffe00013019000010000100,,NCGR graphics,Confirmed,True,False,,,,,,,,,,False,False
/pbr/pokegra.narc,/pbr/pokegra.narc!/member_00315,0,/pbr/pokegra.narc,501,315,,1314404,1320852,1290640,1297088,6448,0470a01b4a64e6d1ef6489fa4e32c39cdbcfcc1af9b4843f8dc4ea29c302041f,5247434efffe00013019000010000100,,NCGR graphics,Confirmed,True,False,,,,,,,,,,False,False
/pbr/pokegra.narc,/pbr/pokegra.narc!/member_00316,0,/pbr/pokegra.narc,501,316,,1320852,1320924,1297088,1297160,72,a09bdebab8206885a401fe985677ae0834be38317ee1297c7c86b0971dbc144a,524c434efffe00014800000010000100,,NCLR palette,Confirmed,True,False,,,,,,,,,,False,False
/pbr/pokegra.narc,/pbr/pokegra.narc!/member_00317,0,/pbr/pokegra.narc,501,317,,1320924,1320996,1297160,1297232,72,c39231c9b5244457f0ab6a1f49d2c63153e93a6a3170bec1db0a7def14b9892c,524c434efffe00014800000010000100,,NCLR palette,Confirmed,True,False,,,,,,,,,,False,False
/pbr/pokegra.narc,/pbr/pokegra.narc!/member_00318,0,/pbr/pokegra.narc,501,318,,1320996,1327444,1297232,1303680,6448,580b2a713fa4678773d8c6ebf1a25de7d53352297ec1cf742118b5b1c25432ee,5247434efffe00013019000010000100,,NCGR graphics,Confirmed,True,False,,,,,,,,,,False,False
/pbr/pokegra.narc,/pbr/pokegra.narc!/member_00319,0,/pbr/pokegra.narc,501,319,,1327444,1333892,1303680,1310128,6448,580b2a713fa4678773d8c6ebf1a25de7d53352297ec1cf742118b5b1c25432ee,5247434efffe00013019000010000100,,NCGR graphics,Confirmed,True,False,,,,,,,,,,False,False
/pbr/pokegra.narc,/pbr/pokegra.narc!/member_00320,0,/pbr/pokegra.narc,501,320,,1333892,1340340,1310128,1316576,6448,cf39cfabcf98df30be0669aaf83529c17d99de589c2a9e573d2d744cdfc80d9a,5247434efffe00013019000010000100,,NCGR graphics,Confirmed,True,False,,,,,,,,,,False,False
/pbr/pokegra.narc,/pbr/pokegra.narc!/member_00321,0,/pbr/pokegra.narc,501,321,,1340340,1346788,1316576,1323024,6448,cf39cfabcf98df30be0669aaf83529c17d99de589c2a9e573d2d744cdfc80d9a,5247434efffe00013019000010000100,,NCGR graphics,Confirmed,True,False,,,,,,,,,,False,False
/pbr/pokegra.narc,/pbr/pokegra.narc!/member_00322,0,/pbr/pokegra.narc,501,322,,1346788,1346860,1323024,1323096,72,a78ac291f026603995f7381e9c218354b0e1bfcbfa251c29d221792a06354f34,524c434efffe00014800000010000100,,NCLR palette,Confirmed,True,False,,,,,,,,,,False,False
/pbr/pokegra.narc,/pbr/pokegra.narc!/member_00323,0,/pbr/pokegra.narc,501,323,,1346860,1346932,1323096,1323168,72,f6e0995568824ed93fd461f2bb880bad87722f87669217f02833e563d1e0bd08,524c434efffe00014800000010000100,,NCLR palette,Confirmed,True,False,,,,,,,,,,False,False
/pbr/pokegra.narc,/pbr/pokegra.narc!/member_00324,0,/pbr/pokegra.narc,501,324,,1346932,1353380,1323168,1329616,6448,bee785638a183ccfb5148d8735b429064bd2d9e7b9e1a9402e9708c3c92c3346,5247434efffe00013019000010000100,,NCGR graphics,Confirmed,True,False,,,,,,,,,,False,False
/pbr/pokegra.narc,/pbr/pokegra.narc!/member_00325,0,/pbr/pokegra.narc,501,325,,1353380,1359828,1329616,1336064,6448,bee785638a183ccfb5148d8735b429064bd2d9e7b9e1a9402e9708c3c92c3346,5247434efffe00013019000010000100,,NCGR graphics,Confirmed,True,False,,,,,,,,,,False,False
/pbr/pokegra.narc,/pbr/pokegra.narc!/member_00326,0,/pbr/pokegra.narc,501,326,,1359828,1366276,1336064,1342512,6448,4d82d62e9dd4647ff433e8245950b107398878bf481ad1926f831cc36cec624d,5247434efffe00013019000010000100,,NCGR graphics,Confirmed,True,False,,,,,,,,,,False,False
/pbr/pokegra.narc,/pbr/pokegra.narc!/member_00327,0,/pbr/pokegra.narc,501,327,,1366276,1372724,1342512,1348960,6448,4d82d62e9dd4647ff433e8245950b107398878bf481ad1926f831cc36cec624d,5247434efffe00013019000010000100,,NCGR graphics,Confirmed,True,False,,,,,,,,,,False,False
/pbr/pokegra.narc,/pbr/pokegra.narc!/member_00328,0,/pbr/pokegra.narc,501,328,,1372724,1372796,1348960,1349032,72,49d2f60fc87efbb8385b1ddf09dfae754089dab480d5dd0f4e45df9dcd1723b3,524c434efffe00014800000010000100,,NCLR palette,Confirmed,True,False,,,,,,,,,,False,False
/pbr/pokegra.narc,/pbr/pokegra.narc!/member_00329,0,/pbr/pokegra.narc,501,329,,1372796,1372868,1349032,1349104,72,1904468c124773995a20515f5a9b236c9ace692e60d90a5db3b08024a2c97874,524c434efffe00014800000010000100,,NCLR palette,Confirmed,True,False,,,,,,,,,,False,False
/pbr/pokegra.narc,/pbr/pokegra.narc!/member_00330,0,/pbr/pokegra.narc,501,330,,1372868,1379316,1349104,1355552,6448,5995a3e6e1a6ac36830ac1b2076bc96eaa3ccf462d52198bbcf9703b52ff2ade,5247434efffe00013019000010000100,,NCGR graphics,Confirmed,True,False,,,,,,,,,,False,False
/pbr/pokegra.narc,/pbr/pokegra.narc!/member_00331,0,/pbr/pokegra.narc,501,331,,1379316,1385764,1355552,1362000,6448,5995a3e6e1a6ac36830ac1b2076bc96eaa3ccf462d52198bbcf9703b52ff2ade,5247434efffe00013019000010000100,,NCGR graphics,Confirmed,True,False,,,,,,,,,,False,False
/pbr/pokegra.narc,/pbr/pokegra.narc!/member_00332,0,/pbr/pokegra.narc,501,332,,1385764,1392212,1362000,1368448,6448,aa739941575916369d908d5efe6476b2f7e2264cafc86143397a8e2849cdeab0,5247434efffe00013019000010000100,,NCGR graphics,Confirmed,True,False,,,,,,,,,,False,False
/pbr/pokegra.narc,/pbr/pokegra.narc!/member_00333,0,/pbr/pokegra.narc,501,333,,1392212,1398660,1368448,1374896,6448,aa739941575916369d908d5efe6476b2f7e2264cafc86143397a8e2849cdeab0,5247434efffe00013019000010000100,,NCGR graphics,Confirmed,True,False,,,,,,,,,,False,False
/pbr/pokegra.narc,/pbr/pokegra.narc!/member_00334,0,/pbr/pokegra.narc,501,334,,1398660,1398732,1374896,1374968,72,a9b2a81f5aaaf07ccb5090bfc6a70a2a88e31aede690ec02b6a1f7ffbdce92a0,524c434efffe00014800000010000100,,NCLR palette,Confirmed,True,False,,,,,,,,,,False,False
/pbr/pokegra.narc,/pbr/pokegra.narc!/member_00335,0,/pbr/pokegra.narc,501,335,,1398732,1398804,1374968,1375040,72,cafa4ba129d1000ecf3b1c35ffb9f7196aba09f1da4de7355675333b08300b90,524c434efffe00014800000010000100,,NCLR palette,Confirmed,True,False,,,,,,,,,,False,False
/pbr/pokegra.narc,/pbr/pokegra.narc!/member_00336,0,/pbr/pokegra.narc,501,336,,1398804,1405252,1375040,1381488,6448,e6510a5aaab656ad4fc2de97fdfb0a75554b74a8050a6a39e1910bf487038a41,5247434efffe00013019000010000100,,NCGR graphics,Confirmed,True,False,,,,,,,,,,False,False
/pbr/pokegra.narc,/pbr/pokegra.narc!/member_00337,0,/pbr/pokegra.narc,501,337,,1405252,1411700,1381488,1387936,6448,e6510a5aaab656ad4fc2de97fdfb0a75554b74a8050a6a39e1910bf487038a41,5247434efffe00013019000010000100,,NCGR graphics,Confirmed,True,False,,,,,,,,,,False,False
/pbr/pokegra.narc,/pbr/pokegra.narc!/member_00338,0,/pbr/pokegra.narc,501,338,,1411700,1418148,1387936,1394384,6448,119affbf4745549cb32740b28021ce3db3bd941e5aa12c83094fe69dc6c7f932,5247434efffe00013019000010000100,,NCGR graphics,Confirmed,True,False,,,,,,,,,,False,False
/pbr/pokegra.narc,/pbr/pokegra.narc!/member_00339,0,/pbr/pokegra.narc,501,339,,1418148,1424596,1394384,1400832,6448,119affbf4745549cb32740b28021ce3db3bd941e5aa12c83094fe69dc6c7f932,5247434efffe00013019000010000100,,NCGR graphics,Confirmed,True,False,,,,,,,,,,False,False
/pbr/pokegra.narc,/pbr/pokegra.narc!/member_00340,0,/pbr/pokegra.narc,501,340,,1424596,1424668,1400832,1400904,72,8436170632d59a665d94a07f4ae5726962628b658985f4618e498601634dab3a,524c434efffe00014800000010000100,,NCLR palette,Confirmed,True,False,,,,,,,,,,False,False
/pbr/pokegra.narc,/pbr/pokegra.narc!/member_00341,0,/pbr/pokegra.narc,501,341,,1424668,1424740,1400904,1400976,72,ddc13111efcf27c7a40dc30201c36599ddffade3d200dd6a5a5a979dd6e9572c,524c434efffe00014800000010000100,,NCLR palette,Confirmed,True,False,,,,,,,,,,False,False
/pbr/pokegra.narc,/pbr/pokegra.narc!/member_00342,0,/pbr/pokegra.narc,501,342,,1424740,1431188,1400976,1407424,6448,53a4558cb178546ff3d1667e80f1ca5c825fcf1388b303f72fa4edbcd48a95bc,5247434efffe00013019000010000100,,NCGR graphics,Confirmed,True,False,,,,,,,,,,False,False
/pbr/pokegra.narc,/pbr/pokegra.narc!/member_00343,0,/pbr/pokegra.narc,501,343,,1431188,1437636,1407424,1413872,6448,53a4558cb178546ff3d1667e80f1ca5c825fcf1388b303f72fa4edbcd48a95bc,5247434efffe00013019000010000100,,NCGR graphics,Confirmed,True,False,,,,,,,,,,False,False
/pbr/pokegra.narc,/pbr/pokegra.narc!/member_00344,0,/pbr/pokegra.narc,501,344,,1437636,1444084,1413872,1420320,6448,5738ed29068fdd51f6a1d82caf96b0a7fd42293b030ef5c5a750933429fcfb07,5247434efffe00013019000010000100,,NCGR graphics,Confirmed,True,False,,,,,,,,,,False,False
/pbr/pokegra.narc,/pbr/pokegra.narc!/member_00345,0,/pbr/pokegra.narc,501,345,,1444084,1450532,1420320,1426768,6448,5738ed29068fdd51f6a1d82caf96b0a7fd42293b030ef5c5a750933429fcfb07,5247434efffe00013019000010000100,,NCGR graphics,Confirmed,True,False,,,,,,,,,,False,False
/pbr/pokegra.narc,/pbr/pokegra.narc!/member_00346,0,/pbr/pokegra.narc,501,346,,1450532,1450604,1426768,1426840,72,df64717dafe61e82b98a0d9e4336d85d73bf611094ea73129ee0a6f99caa6f0d,524c434efffe00014800000010000100,,NCLR palette,Confirmed,True,False,,,,,,,,,,False,False
/pbr/pokegra.narc,/pbr/pokegra.narc!/member_00347,0,/pbr/pokegra.narc,501,347,,1450604,1450676,1426840,1426912,72,b996976e58f563f57381894022ba49cdf6e9f140a4630b2c3d6886b9bfa1dddc,524c434efffe00014800000010000100,,NCLR palette,Confirmed,True,False,,,,,,,,,,False,False
/pbr/pokegra.narc,/pbr/pokegra.narc!/member_00348,0,/pbr/pokegra.narc,501,348,,1450676,1457124,1426912,1433360,6448,00326163e1a14a3c982867d65dd425f06a08a2417580865b9e664487ec008967,5247434efffe00013019000010000100,,NCGR graphics,Confirmed,True,False,,,,,,,,,,False,False
/pbr/pokegra.narc,/pbr/pokegra.narc!/member_00349,0,/pbr/pokegra.narc,501,349,,1457124,1463572,1433360,1439808,6448,00326163e1a14a3c982867d65dd425f06a08a2417580865b9e664487ec008967,5247434efffe00013019000010000100,,NCGR graphics,Confirmed,True,False,,,,,,,,,,False,False
/pbr/pokegra.narc,/pbr/pokegra.narc!/member_00350,0,/pbr/pokegra.narc,501,350,,1463572,1470020,1439808,1446256,6448,495c442f824453f93e62a3b37773b506b0fe8e9d733ffd5cc3a7e38b7f4122da,5247434efffe00013019000010000100,,NCGR graphics,Confirmed,True,False,,,,,,,,,,False,False
/pbr/pokegra.narc,/pbr/pokegra.narc!/member_00351,0,/pbr/pokegra.narc,501,351,,1470020,1476468,1446256,1452704,6448,495c442f824453f93e62a3b37773b506b0fe8e9d733ffd5cc3a7e38b7f4122da,5247434efffe00013019000010000100,,NCGR graphics,Confirmed,True,False,,,,,,,,,,False,False
/pbr/pokegra.narc,/pbr/pokegra.narc!/member_00352,0,/pbr/pokegra.narc,501,352,,1476468,1476540,1452704,1452776,72,7525dccf109f05ac513d6f2d050fd54a6837509c9e4a87094e444759221276d1,524c434efffe00014800000010000100,,NCLR palette,Confirmed,True,False,,,,,,,,,,False,False
/pbr/pokegra.narc,/pbr/pokegra.narc!/member_00353,0,/pbr/pokegra.narc,501,353,,1476540,1476612,1452776,1452848,72,e2f45a8b6e9d2f6caf4995384d77c8ba78de319306d1ec4c4d3207a065cfba06,524c434efffe00014800000010000100,,NCLR palette,Confirmed,True,False,,,,,,,,,,False,False
/pbr/pokegra.narc,/pbr/pokegra.narc!/member_00354,0,/pbr/pokegra.narc,501,354,,1476612,1483060,1452848,1459296,6448,f33ed1cc2304252756e79a2567e65f4c254192734bc113b0c933ed43b427d06f,5247434efffe00013019000010000100,,NCGR graphics,Confirmed,True,False,,,,,,,,,,False,False
/pbr/pokegra.narc,/pbr/pokegra.narc!/member_00355,0,/pbr/pokegra.narc,501,355,,1483060,1489508,1459296,1465744,6448,f33ed1cc2304252756e79a2567e65f4c254192734bc113b0c933ed43b427d06f,5247434efffe00013019000010000100,,NCGR graphics,Confirmed,True,False,,,,,,,,,,False,False
/pbr/pokegra.narc,/pbr/pokegra.narc!/member_00356,0,/pbr/pokegra.narc,501,356,,1489508,1495956,1465744,1472192,6448,862b2d6a68e73f03e16f236606101f45a7ba85605380b747b3444a6b9c566fec,5247434efffe00013019000010000100,,NCGR graphics,Confirmed,True,False,,,,,,,,,,False,False
/pbr/pokegra.narc,/pbr/pokegra.narc!/member_00357,0,/pbr/pokegra.narc,501,357,,1495956,1502404,1472192,1478640,6448,862b2d6a68e73f03e16f236606101f45a7ba85605380b747b3444a6b9c566fec,5247434efffe00013019000010000100,,NCGR graphics,Confirmed,True,False,,,,,,,,,,False,False
/pbr/pokegra.narc,/pbr/pokegra.narc!/member_00358,0,/pbr/pokegra.narc,501,358,,1502404,1502476,1478640,1478712,72,f9da2548ccdad31c7edf8f475a7137b1f3174a8c8b5f789f1a79839852019b55,524c434efffe00014800000010000100,,NCLR palette,Confirmed,True,False,,,,,,,,,,False,False
/pbr/pokegra.narc,/pbr/pokegra.narc!/member_00359,0,/pbr/pokegra.narc,501,359,,1502476,1502548,1478712,1478784,72,fc0ca77d2afbb29e2eda014483ed7197565d7e50e93a15a6ebfe1e863874f26d,524c434efffe00014800000010000100,,NCLR palette,Confirmed,True,False,,,,,,,,,,False,False
/pbr/pokegra.narc,/pbr/pokegra.narc!/member_00360,0,/pbr/pokegra.narc,501,360,,1502548,1508996,1478784,1485232,6448,99ce278460b96a82aac897ff67fa3e7a3d0c30e6bf4a976a71db584d49a2d415,5247434efffe00013019000010000100,,NCGR graphics,Confirmed,True,False,,,,,,,,,,False,False
/pbr/pokegra.narc,/pbr/pokegra.narc!/member_00361,0,/pbr/pokegra.narc,501,361,,1508996,1515444,1485232,1491680,6448,99ce278460b96a82aac897ff67fa3e7a3d0c30e6bf4a976a71db584d49a2d415,5247434efffe00013019000010000100,,NCGR graphics,Confirmed,True,False,,,,,,,,,,False,False
/pbr/pokegra.narc,/pbr/pokegra.narc!/member_00362,0,/pbr/pokegra.narc,501,362,,1515444,1521892,1491680,1498128,6448,d8abb46704dd80423e9e2c81a2dff6389ff0f362a5bd6492de1e457ce35961fa,5247434efffe00013019000010000100,,NCGR graphics,Confirmed,True,False,,,,,,,,,,False,False
/pbr/pokegra.narc,/pbr/pokegra.narc!/member_00363,0,/pbr/pokegra.narc,501,363,,1521892,1528340,1498128,1504576,6448,d8abb46704dd80423e9e2c81a2dff6389ff0f362a5bd6492de1e457ce35961fa,5247434efffe00013019000010000100,,NCGR graphics,Confirmed,True,False,,,,,,,,,,False,False
/pbr/pokegra.narc,/pbr/pokegra.narc!/member_00364,0,/pbr/pokegra.narc,501,364,,1528340,1528412,1504576,1504648,72,4df82f8d570c397eae0064bc76261d957368e467531bd3d37a6c3b24fb8f7c77,524c434efffe00014800000010000100,,NCLR palette,Confirmed,True,False,,,,,,,,,,False,False
/pbr/pokegra.narc,/pbr/pokegra.narc!/member_00365,0,/pbr/pokegra.narc,501,365,,1528412,1528484,1504648,1504720,72,d20e59333902bafec8db13ecd8d001861a9c8e4d9701ee27cf1bca2ba3e4659a,524c434efffe00014800000010000100,,NCLR palette,Confirmed,True,False,,,,,,,,,,False,False
/pbr/pokegra.narc,/pbr/pokegra.narc!/member_00366,0,/pbr/pokegra.narc,501,366,,1528484,1534932,1504720,1511168,6448,5c887f722bead9fb07cb99d01dc5fdf6de5765246bffd7922f90db83f1a0ca26,5247434efffe00013019000010000100,,NCGR graphics,Confirmed,True,False,,,,,,,,,,False,False
/pbr/pokegra.narc,/pbr/pokegra.narc!/member_00367,0,/pbr/pokegra.narc,501,367,,1534932,1541380,1511168,1517616,6448,5c887f722bead9fb07cb99d01dc5fdf6de5765246bffd7922f90db83f1a0ca26,5247434efffe00013019000010000100,,NCGR graphics,Confirmed,True,False,,,,,,,,,,False,False
/pbr/pokegra.narc,/pbr/pokegra.narc!/member_00368,0,/pbr/pokegra.narc,501,368,,1541380,1547828,1517616,1524064,6448,c1dce7473d4430bb102bfce059c1ef47f64ddec7d9b42bcf8f567585a84e2eec,5247434efffe00013019000010000100,,NCGR graphics,Confirmed,True,False,,,,,,,,,,False,False
/pbr/pokegra.narc,/pbr/pokegra.narc!/member_00369,0,/pbr/pokegra.narc,501,369,,1547828,1554276,1524064,1530512,6448,c1dce7473d4430bb102bfce059c1ef47f64ddec7d9b42bcf8f567585a84e2eec,5247434efffe00013019000010000100,,NCGR graphics,Confirmed,True,False,,,,,,,,,,False,False
/pbr/pokegra.narc,/pbr/pokegra.narc!/member_00370,0,/pbr/pokegra.narc,501,370,,1554276,1554348,1530512,1530584,72,50ac21197e0711cbd878c9f3e438fc04304f71a8a5fe71e240dcc4528553f820,524c434efffe00014800000010000100,,NCLR palette,Confirmed,True,False,,,,,,,,,,False,False
/pbr/pokegra.narc,/pbr/pokegra.narc!/member_00371,0,/pbr/pokegra.narc,501,371,,1554348,1554420,1530584,1530656,72,02dad2fdba97048ae13c028434fda33e4cafc371674d3177554a99140a234103,524c434efffe00014800000010000100,,NCLR palette,Confirmed,True,False,,,,,,,,,,False,False
/pbr/pokegra.narc,/pbr/pokegra.narc!/member_00372,0,/pbr/pokegra.narc,501,372,,1554420,1560868,1530656,1537104,6448,5292a9014b3248f35ee7113161c3733ebbb5b2a0b9352f385cd0ee235535988b,5247434efffe00013019000010000100,,NCGR graphics,Confirmed,True,False,,,,,,,,,,False,False
/pbr/pokegra.narc,/pbr/pokegra.narc!/member_00373,0,/pbr/pokegra.narc,501,373,,1560868,1567316,1537104,1543552,6448,5292a9014b3248f35ee7113161c3733ebbb5b2a0b9352f385cd0ee235535988b,5247434efffe00013019000010000100,,NCGR graphics,Confirmed,True,False,,,,,,,,,,False,False
/pbr/pokegra.narc,/pbr/pokegra.narc!/member_00374,0,/pbr/pokegra.narc,501,374,,1567316,1573764,1543552,1550000,6448,1617d1eb2b1b43a8f8dbc849350b48197011a3fe056a6b1f6c867379bfc73012,5247434efffe00013019000010000100,,NCGR graphics,Confirmed,True,False,,,,,,,,,,False,False
/pbr/pokegra.narc,/pbr/pokegra.narc!/member_00375,0,/pbr/pokegra.narc,501,375,,1573764,1580212,1550000,1556448,6448,1617d1eb2b1b43a8f8dbc849350b48197011a3fe056a6b1f6c867379bfc73012,5247434efffe00013019000010000100,,NCGR graphics,Confirmed,True,False,,,,,,,,,,False,False
/pbr/pokegra.narc,/pbr/pokegra.narc!/member_00376,0,/pbr/pokegra.narc,501,376,,1580212,1580284,1556448,1556520,72,6ba6fd90a755e452656718cd362dc8a47208c66f24a5cf1274e42f9b211b2ff6,524c434efffe00014800000010000100,,NCLR palette,Confirmed,True,False,,,,,,,,,,False,False
/pbr/pokegra.narc,/pbr/pokegra.narc!/member_00377,0,/pbr/pokegra.narc,501,377,,1580284,1580356,1556520,1556592,72,7ddff251345d86ae17ffde45f1732491ec628d84c3f9cc445af8c422276fe69d,524c434efffe00014800000010000100,,NCLR palette,Confirmed,True,False,,,,,,,,,,False,False
/pbr/pokegra.narc,/pbr/pokegra.narc!/member_00378,0,/pbr/pokegra.narc,501,378,,1580356,1586804,1556592,1563040,6448,349b83839254e57c7911101bd82ee7850ed84391bc98462b70f5aa4d0d43b39d,5247434efffe00013019000010000100,,NCGR graphics,Confirmed,True,False,,,,,,,,,,False,False
/pbr/pokegra.narc,/pbr/pokegra.narc!/member_00379,0,/pbr/pokegra.narc,501,379,,1586804,1593252,1563040,1569488,6448,349b83839254e57c7911101bd82ee7850ed84391bc98462b70f5aa4d0d43b39d,5247434efffe00013019000010000100,,NCGR graphics,Confirmed,True,False,,,,,,,,,,False,False
/pbr/pokegra.narc,/pbr/pokegra.narc!/member_00380,0,/pbr/pokegra.narc,501,380,,1593252,1599700,1569488,1575936,6448,2f5aa65dc12f364c02d092b5b260e302c85a18f93adffef57093503189eaea68,5247434efffe00013019000010000100,,NCGR graphics,Confirmed,True,False,,,,,,,,,,False,False
/pbr/pokegra.narc,/pbr/pokegra.narc!/member_00381,0,/pbr/pokegra.narc,501,381,,1599700,1606148,1575936,1582384,6448,2f5aa65dc12f364c02d092b5b260e302c85a18f93adffef57093503189eaea68,5247434efffe00013019000010000100,,NCGR graphics,Confirmed,True,False,,,,,,,,,,False,False
/pbr/pokegra.narc,/pbr/pokegra.narc!/member_00382,0,/pbr/pokegra.narc,501,382,,1606148,1606220,1582384,1582456,72,d7043fbd00df8fc8a783ff74befd4a1aeb8902f16b08a42c01c275b76bc3e668,524c434efffe00014800000010000100,,NCLR palette,Confirmed,True,False,,,,,,,,,,False,False
/pbr/pokegra.narc,/pbr/pokegra.narc!/member_00383,0,/pbr/pokegra.narc,501,383,,1606220,1606292,1582456,1582528,72,77ab5fa38b079544b2435aab8375748932639b69a443561fed9b08730389b545,524c434efffe00014800000010000100,,NCLR palette,Confirmed,True,False,,,,,,,,,,False,False
/pbr/pokegra.narc,/pbr/pokegra.narc!/member_00384,0,/pbr/pokegra.narc,501,384,,1606292,1612740,1582528,1588976,6448,f6bf01ffee4a29e20f8891c230c466f74e0e1edd2765491bcfb5a547a303c4f3,5247434efffe00013019000010000100,,NCGR graphics,Confirmed,True,False,,,,,,,,,,False,False
/pbr/pokegra.narc,/pbr/pokegra.narc!/member_00385,0,/pbr/pokegra.narc,501,385,,1612740,1619188,1588976,1595424,6448,5e4fb9df5fc4f1c43035d9276b05a2ed2354404166416080d4c6ee7824a07e7d,5247434efffe00013019000010000100,,NCGR graphics,Confirmed,True,False,,,,,,,,,,False,False
/pbr/pokegra.narc,/pbr/pokegra.narc!/member_00386,0,/pbr/pokegra.narc,501,386,,1619188,1625636,1595424,1601872,6448,602e30ce9ea3b1b423852648417a64acf384edbb29e905ee4b866ffabf51dbd7,5247434efffe00013019000010000100,,NCGR graphics,Confirmed,True,False,,,,,,,,,,False,False
/pbr/pokegra.narc,/pbr/pokegra.narc!/member_00387,0,/pbr/pokegra.narc,501,387,,1625636,1632084,1601872,1608320,6448,a6cb6dda6df0043730d40eef12d9ffce499cd583c013837ce94d016ca12df114,5247434efffe00013019000010000100,,NCGR graphics,Confirmed,True,False,,,,,,,,,,False,False
/pbr/pokegra.narc,/pbr/pokegra.narc!/member_00388,0,/pbr/pokegra.narc,501,388,,1632084,1632156,1608320,1608392,72,9f1d3b85f32515c506dfa2409d89454e85678c30c5920c44d96b62df82d32b61,524c434efffe00014800000010000100,,NCLR palette,Confirmed,True,False,,,,,,,,,,False,False
/pbr/pokegra.narc,/pbr/pokegra.narc!/member_00389,0,/pbr/pokegra.narc,501,389,,1632156,1632228,1608392,1608464,72,8f97cd82dc3445a73c1ee9a8054e802fc2917d41af463d7e5c29468ec412966b,524c434efffe00014800000010000100,,NCLR palette,Confirmed,True,False,,,,,,,,,,False,False
/pbr/pokegra.narc,/pbr/pokegra.narc!/member_00390,0,/pbr/pokegra.narc,501,390,,1632228,1638676,1608464,1614912,6448,5d1e1b4fefa0d533ab96509263f8563967d7d1ff3976104bd5c8bafc1ba6177c,5247434efffe00013019000010000100,,NCGR graphics,Confirmed,True,False,,,,,,,,,,False,False
/pbr/pokegra.narc,/pbr/pokegra.narc!/member_00391,0,/pbr/pokegra.narc,501,391,,1638676,1645124,1614912,1621360,6448,ced2959936e92e7e48c7bdab5efd645ae89f7741f505932a0af48abad552ba66,5247434efffe00013019000010000100,,NCGR graphics,Confirmed,True,False,,,,,,,,,,False,False
/pbr/pokegra.narc,/pbr/pokegra.narc!/member_00392,0,/pbr/pokegra.narc,501,392,,1645124,1651572,1621360,1627808,6448,9e0ee31b83958eb3a5f12a15bfa567b90766e65663b6dfc76fbdfc2a5ebb975e,5247434efffe00013019000010000100,,NCGR graphics,Confirmed,True,False,,,,,,,,,,False,False
/pbr/pokegra.narc,/pbr/pokegra.narc!/member_00393,0,/pbr/pokegra.narc,501,393,,1651572,1658020,1627808,1634256,6448,73be8ab50e522adbeae2b067b7ac5e31a0a935c3e7b6c490b06ae00b2e60f241,5247434efffe00013019000010000100,,NCGR graphics,Confirmed,True,False,,,,,,,,,,False,False
/pbr/pokegra.narc,/pbr/pokegra.narc!/member_00394,0,/pbr/pokegra.narc,501,394,,1658020,1658092,1634256,1634328,72,0ff480b33261193f2c3b7d7ad915cf0e3292b59257f46ab6412c4bb32fd9daeb,524c434efffe00014800000010000100,,NCLR palette,Confirmed,True,False,,,,,,,,,,False,False
/pbr/pokegra.narc,/pbr/pokegra.narc!/member_00395,0,/pbr/pokegra.narc,501,395,,1658092,1658164,1634328,1634400,72,a22cc69b855fc2a87fedbb34186b4e70cf71594456d4c5dcd2389808047b65c4,524c434efffe00014800000010000100,,NCLR palette,Confirmed,True,False,,,,,,,,,,False,False
/pbr/pokegra.narc,/pbr/pokegra.narc!/member_00396,0,/pbr/pokegra.narc,501,396,,1658164,1664612,1634400,1640848,6448,a1a3ca2f79bc5989c1195d0e303487e6b4c6e53b659a3c6978b54d4178e5ebfb,5247434efffe00013019000010000100,,NCGR graphics,Confirmed,True,False,,,,,,,,,,False,False
/pbr/pokegra.narc,/pbr/pokegra.narc!/member_00397,0,/pbr/pokegra.narc,501,397,,1664612,1671060,1640848,1647296,6448,a1a3ca2f79bc5989c1195d0e303487e6b4c6e53b659a3c6978b54d4178e5ebfb,5247434efffe00013019000010000100,,NCGR graphics,Confirmed,True,False,,,,,,,,,,False,False
/pbr/pokegra.narc,/pbr/pokegra.narc!/member_00398,0,/pbr/pokegra.narc,501,398,,1671060,1677508,1647296,1653744,6448,9acb3c5f14bc7520e5f69b37f627a531b2b0e7d156cbb750def0948d7fecac0e,5247434efffe00013019000010000100,,NCGR graphics,Confirmed,True,False,,,,,,,,,,False,False
/pbr/pokegra.narc,/pbr/pokegra.narc!/member_00399,0,/pbr/pokegra.narc,501,399,,1677508,1683956,1653744,1660192,6448,9acb3c5f14bc7520e5f69b37f627a531b2b0e7d156cbb750def0948d7fecac0e,5247434efffe00013019000010000100,,NCGR graphics,Confirmed,True,False,,,,,,,,,,False,False
/pbr/pokegra.narc,/pbr/pokegra.narc!/member_00400,0,/pbr/pokegra.narc,501,400,,1683956,1684028,1660192,1660264,72,a3ccdce860e72e61aadc8bc961d7a5e8bb3d9f1c4d2aa4163cf92ac1a1ce769b,524c434efffe00014800000010000100,,NCLR palette,Confirmed,True,False,,,,,,,,,,False,False
/pbr/pokegra.narc,/pbr/pokegra.narc!/member_00401,0,/pbr/pokegra.narc,501,401,,1684028,1684100,1660264,1660336,72,8a7ae6e0f51e1a41833d289e7b1e58dd4899670a74d7202c6225d56aecbff1c2,524c434efffe00014800000010000100,,NCLR palette,Confirmed,True,False,,,,,,,,,,False,False
/pbr/pokegra.narc,/pbr/pokegra.narc!/member_00402,0,/pbr/pokegra.narc,501,402,,1684100,1690548,1660336,1666784,6448,dfd039c3e3f29ee010338fd34631c6d16583491097984bc653d95bb44aeda332,5247434efffe00013019000010000100,,NCGR graphics,Confirmed,True,False,,,,,,,,,,False,False
/pbr/pokegra.narc,/pbr/pokegra.narc!/member_00403,0,/pbr/pokegra.narc,501,403,,1690548,1696996,1666784,1673232,6448,dfd039c3e3f29ee010338fd34631c6d16583491097984bc653d95bb44aeda332,5247434efffe00013019000010000100,,NCGR graphics,Confirmed,True,False,,,,,,,,,,False,False
/pbr/pokegra.narc,/pbr/pokegra.narc!/member_00404,0,/pbr/pokegra.narc,501,404,,1696996,1703444,1673232,1679680,6448,97bcc3aded797cc79f424ebe5c0796871d90008533f7600a4f427a660274f265,5247434efffe00013019000010000100,,NCGR graphics,Confirmed,True,False,,,,,,,,,,False,False
/pbr/pokegra.narc,/pbr/pokegra.narc!/member_00405,0,/pbr/pokegra.narc,501,405,,1703444,1709892,1679680,1686128,6448,97bcc3aded797cc79f424ebe5c0796871d90008533f7600a4f427a660274f265,5247434efffe00013019000010000100,,NCGR graphics,Confirmed,True,False,,,,,,,,,,False,False
/pbr/pokegra.narc,/pbr/pokegra.narc!/member_00406,0,/pbr/pokegra.narc,501,406,,1709892,1709964,1686128,1686200,72,e3576376add9fd1cabcacb50b2497a9ea91cfa6ea8637f3c662ab9afded9a28a,524c434efffe00014800000010000100,,NCLR palette,Confirmed,True,False,,,,,,,,,,False,False
/pbr/pokegra.narc,/pbr/pokegra.narc!/member_00407,0,/pbr/pokegra.narc,501,407,,1709964,1710036,1686200,1686272,72,06f11edeb4645f9ec4f8f937d79aa0eb87601d32400bdbf17c6b348c03ba383e,524c434efffe00014800000010000100,,NCLR palette,Confirmed,True,False,,,,,,,,,,False,False
/pbr/pokegra.narc,/pbr/pokegra.narc!/member_00408,0,/pbr/pokegra.narc,501,408,,1710036,1716484,1686272,1692720,6448,c6044956956a3511264f8cf8b4a6d84adcd6189c5c799f17f12f42e18cf7df58,5247434efffe00013019000010000100,,NCGR graphics,Confirmed,True,False,,,,,,,,,,False,False
/pbr/pokegra.narc,/pbr/pokegra.narc!/member_00409,0,/pbr/pokegra.narc,501,409,,1716484,1722932,1692720,1699168,6448,c6044956956a3511264f8cf8b4a6d84adcd6189c5c799f17f12f42e18cf7df58,5247434efffe00013019000010000100,,NCGR graphics,Confirmed,True,False,,,,,,,,,,False,False
/pbr/pokegra.narc,/pbr/pokegra.narc!/member_00410,0,/pbr/pokegra.narc,501,410,,1722932,1729380,1699168,1705616,6448,210ad3b50fea2fda0af03cc0985d83ff7bf4bdd218edead5618f6138698a988d,5247434efffe00013019000010000100,,NCGR graphics,Confirmed,True,False,,,,,,,,,,False,False
/pbr/pokegra.narc,/pbr/pokegra.narc!/member_00411,0,/pbr/pokegra.narc,501,411,,1729380,1735828,1705616,1712064,6448,210ad3b50fea2fda0af03cc0985d83ff7bf4bdd218edead5618f6138698a988d,5247434efffe00013019000010000100,,NCGR graphics,Confirmed,True,False,,,,,,,,,,False,False
/pbr/pokegra.narc,/pbr/pokegra.narc!/member_00412,0,/pbr/pokegra.narc,501,412,,1735828,1735900,1712064,1712136,72,31351d4fa39918c8a0e3bb4fee4419c3fc02e51ce2bb86bc5633b9d68edd0061,524c434efffe00014800000010000100,,NCLR palette,Confirmed,True,False,,,,,,,,,,False,False
/pbr/pokegra.narc,/pbr/pokegra.narc!/member_00413,0,/pbr/pokegra.narc,501,413,,1735900,1735972,1712136,1712208,72,a2b08a4c97edbcdbe8574f3ee15f2b984edade813fca176fa27cc04eb565918b,524c434efffe00014800000010000100,,NCLR palette,Confirmed,True,False,,,,,,,,,,False,False
/pbr/pokegra.narc,/pbr/pokegra.narc!/member_00414,0,/pbr/pokegra.narc,501,414,,1735972,1742420,1712208,1718656,6448,b8888763da512970fd4ef632d77522bb1567396f66c2e320b12a05bb32ba35f5,5247434efffe00013019000010000100,,NCGR graphics,Confirmed,True,False,,,,,,,,,,False,False
/pbr/pokegra.narc,/pbr/pokegra.narc!/member_00415,0,/pbr/pokegra.narc,501,415,,1742420,1748868,1718656,1725104,6448,b8888763da512970fd4ef632d77522bb1567396f66c2e320b12a05bb32ba35f5,5247434efffe00013019000010000100,,NCGR graphics,Confirmed,True,False,,,,,,,,,,False,False
/pbr/pokegra.narc,/pbr/pokegra.narc!/member_00416,0,/pbr/pokegra.narc,501,416,,1748868,1755316,1725104,1731552,6448,f87ed33127d7596fa33ad381f808ea52997489ff5f5895005f3f1acddb87f46e,5247434efffe00013019000010000100,,NCGR graphics,Confirmed,True,False,,,,,,,,,,False,False
/pbr/pokegra.narc,/pbr/pokegra.narc!/member_00417,0,/pbr/pokegra.narc,501,417,,1755316,1761764,1731552,1738000,6448,f87ed33127d7596fa33ad381f808ea52997489ff5f5895005f3f1acddb87f46e,5247434efffe00013019000010000100,,NCGR graphics,Confirmed,True,False,,,,,,,,,,False,False
/pbr/pokegra.narc,/pbr/pokegra.narc!/member_00418,0,/pbr/pokegra.narc,501,418,,1761764,1761836,1738000,1738072,72,620bafa8fafdad57dcfd96315bc14d37b83048a6ad7aa49a725b166b42fa58a7,524c434efffe00014800000010000100,,NCLR palette,Confirmed,True,False,,,,,,,,,,False,False
/pbr/pokegra.narc,/pbr/pokegra.narc!/member_00419,0,/pbr/pokegra.narc,501,419,,1761836,1761908,1738072,1738144,72,521daf74a4ce2f86fc2be03d2b79182a0e1d019d1fb27c490ca85c02f67a8f5d,524c434efffe00014800000010000100,,NCLR palette,Confirmed,True,False,,,,,,,,,,False,False
/pbr/pokegra.narc,/pbr/pokegra.narc!/member_00420,0,/pbr/pokegra.narc,501,420,,1761908,1768356,1738144,1744592,6448,bd79142981a3cd534289e3fd9385bbe7d38f98598c97db8c860e3dff2cc89607,5247434efffe00013019000010000100,,NCGR graphics,Confirmed,True,False,,,,,,,,,,False,False
/pbr/pokegra.narc,/pbr/pokegra.narc!/member_00421,0,/pbr/pokegra.narc,501,421,,1768356,1774804,1744592,1751040,6448,bd79142981a3cd534289e3fd9385bbe7d38f98598c97db8c860e3dff2cc89607,5247434efffe00013019000010000100,,NCGR graphics,Confirmed,True,False,,,,,,,,,,False,False
/pbr/pokegra.narc,/pbr/pokegra.narc!/member_00422,0,/pbr/pokegra.narc,501,422,,1774804,1781252,1751040,1757488,6448,3b769d801739ac595e80adbbb544c72205f7d942cccc4535bf2614fdf91de1ae,5247434efffe00013019000010000100,,NCGR graphics,Confirmed,True,False,,,,,,,,,,False,False
/pbr/pokegra.narc,/pbr/pokegra.narc!/member_00423,0,/pbr/pokegra.narc,501,423,,1781252,1787700,1757488,1763936,6448,3b769d801739ac595e80adbbb544c72205f7d942cccc4535bf2614fdf91de1ae,5247434efffe00013019000010000100,,NCGR graphics,Confirmed,True,False,,,,,,,,,,False,False
/pbr/pokegra.narc,/pbr/pokegra.narc!/member_00424,0,/pbr/pokegra.narc,501,424,,1787700,1787772,1763936,1764008,72,8a9aec978e6b22f3b550376f2adab5ec64b8dabd525437041605dddc0df71be2,524c434efffe00014800000010000100,,NCLR palette,Confirmed,True,False,,,,,,,,,,False,False
/pbr/pokegra.narc,/pbr/pokegra.narc!/member_00425,0,/pbr/pokegra.narc,501,425,,1787772,1787844,1764008,1764080,72,f4ecbb145764d4a3a4295fa4af49fbcc3dc4392c7fa240d6c45b47c3bb54911e,524c434efffe00014800000010000100,,NCLR palette,Confirmed,True,False,,,,,,,,,,False,False
/pbr/pokegra.narc,/pbr/pokegra.narc!/member_00426,0,/pbr/pokegra.narc,501,426,,1787844,1794292,1764080,1770528,6448,f5ddad8a71b35af3e5e9fd32e17eaa10ca9e1c95e2c68136ca4ef2d5a45bfaa5,5247434efffe00013019000010000100,,NCGR graphics,Confirmed,True,False,,,,,,,,,,False,False
/pbr/pokegra.narc,/pbr/pokegra.narc!/member_00427,0,/pbr/pokegra.narc,501,427,,1794292,1800740,1770528,1776976,6448,f5ddad8a71b35af3e5e9fd32e17eaa10ca9e1c95e2c68136ca4ef2d5a45bfaa5,5247434efffe00013019000010000100,,NCGR graphics,Confirmed,True,False,,,,,,,,,,False,False
/pbr/pokegra.narc,/pbr/pokegra.narc!/member_00428,0,/pbr/pokegra.narc,501,428,,1800740,1807188,1776976,1783424,6448,de9dfb5270613de4047f21d459c3bb3973f1d2b25803b0a46107cfff2e16ad25,5247434efffe00013019000010000100,,NCGR graphics,Confirmed,True,False,,,,,,,,,,False,False
/pbr/pokegra.narc,/pbr/pokegra.narc!/member_00429,0,/pbr/pokegra.narc,501,429,,1807188,1813636,1783424,1789872,6448,de9dfb5270613de4047f21d459c3bb3973f1d2b25803b0a46107cfff2e16ad25,5247434efffe00013019000010000100,,NCGR graphics,Confirmed,True,False,,,,,,,,,,False,False
/pbr/pokegra.narc,/pbr/pokegra.narc!/member_00430,0,/pbr/pokegra.narc,501,430,,1813636,1813708,1789872,1789944,72,f1985604e179b51e491d57ef1e5616af614bf5d03afcc4a6b539b9ff9d9a28be,524c434efffe00014800000010000100,,NCLR palette,Confirmed,True,False,,,,,,,,,,False,False
/pbr/pokegra.narc,/pbr/pokegra.narc!/member_00431,0,/pbr/pokegra.narc,501,431,,1813708,1813780,1789944,1790016,72,8a841d8f0b02f908cd6067cb267a161a249362f51fa4b57bd72694ddc7b4761d,524c434efffe00014800000010000100,,NCLR palette,Confirmed,True,False,,,,,,,,,,False,False
/pbr/pokegra.narc,/pbr/pokegra.narc!/member_00432,0,/pbr/pokegra.narc,501,432,,1813780,1820228,1790016,1796464,6448,dde9420301e0fb3ef9f8f64bd81d514b54429a814c495e264391a29242c1e16b,5247434efffe00013019000010000100,,NCGR graphics,Confirmed,True,False,,,,,,,,,,False,False
/pbr/pokegra.narc,/pbr/pokegra.narc!/member_00433,0,/pbr/pokegra.narc,501,433,,1820228,1826676,1796464,1802912,6448,dde9420301e0fb3ef9f8f64bd81d514b54429a814c495e264391a29242c1e16b,5247434efffe00013019000010000100,,NCGR graphics,Confirmed,True,False,,,,,,,,,,False,False
/pbr/pokegra.narc,/pbr/pokegra.narc!/member_00434,0,/pbr/pokegra.narc,501,434,,1826676,1833124,1802912,1809360,6448,c343a17982ebca280f8bf2bdba013010ebbdbb23d91a5699b66799162ee6828c,5247434efffe00013019000010000100,,NCGR graphics,Confirmed,True,False,,,,,,,,,,False,False
/pbr/pokegra.narc,/pbr/pokegra.narc!/member_00435,0,/pbr/pokegra.narc,501,435,,1833124,1839572,1809360,1815808,6448,c343a17982ebca280f8bf2bdba013010ebbdbb23d91a5699b66799162ee6828c,5247434efffe00013019000010000100,,NCGR graphics,Confirmed,True,False,,,,,,,,,,False,False
/pbr/pokegra.narc,/pbr/pokegra.narc!/member_00436,0,/pbr/pokegra.narc,501,436,,1839572,1839644,1815808,1815880,72,4ab37bc7829a52522740cccf282b82abdd067296d825e0caa8f40a5fcdb02ac5,524c434efffe00014800000010000100,,NCLR palette,Confirmed,True,False,,,,,,,,,,False,False
/pbr/pokegra.narc,/pbr/pokegra.narc!/member_00437,0,/pbr/pokegra.narc,501,437,,1839644,1839716,1815880,1815952,72,673404a56e1e8a865f7951b80ab9f15d262a83be82eeed86c18a6ab34c25657a,524c434efffe00014800000010000100,,NCLR palette,Confirmed,True,False,,,,,,,,,,False,False
/pbr/pokegra.narc,/pbr/pokegra.narc!/member_00438,0,/pbr/pokegra.narc,501,438,,1839716,1846164,1815952,1822400,6448,53ccd02a0bf4ae4b618efa989e7b8b75ceabf2bd9ec6d316b41356c4770ddb5e,5247434efffe00013019000010000100,,NCGR graphics,Confirmed,True,False,,,,,,,,,,False,False
/pbr/pokegra.narc,/pbr/pokegra.narc!/member_00439,0,/pbr/pokegra.narc,501,439,,1846164,1852612,1822400,1828848,6448,53ccd02a0bf4ae4b618efa989e7b8b75ceabf2bd9ec6d316b41356c4770ddb5e,5247434efffe00013019000010000100,,NCGR graphics,Confirmed,True,False,,,,,,,,,,False,False
/pbr/pokegra.narc,/pbr/pokegra.narc!/member_00440,0,/pbr/pokegra.narc,501,440,,1852612,1859060,1828848,1835296,6448,c8ed29436347d78efd98e27348f8e2c1e4b56ea36a795c631bc84fb6bd0ff9cd,5247434efffe00013019000010000100,,NCGR graphics,Confirmed,True,False,,,,,,,,,,False,False
/pbr/pokegra.narc,/pbr/pokegra.narc!/member_00441,0,/pbr/pokegra.narc,501,441,,1859060,1865508,1835296,1841744,6448,c8ed29436347d78efd98e27348f8e2c1e4b56ea36a795c631bc84fb6bd0ff9cd,5247434efffe00013019000010000100,,NCGR graphics,Confirmed,True,False,,,,,,,,,,False,False
/pbr/pokegra.narc,/pbr/pokegra.narc!/member_00442,0,/pbr/pokegra.narc,501,442,,1865508,1865580,1841744,1841816,72,46b9d3417fbf90b41f5e93996f21b2d0e97fc99d495e94b7116ac371919eb135,524c434efffe00014800000010000100,,NCLR palette,Confirmed,True,False,,,,,,,,,,False,False
/pbr/pokegra.narc,/pbr/pokegra.narc!/member_00443,0,/pbr/pokegra.narc,501,443,,1865580,1865652,1841816,1841888,72,e7f8d47b47d9c85d1a665e99f16d5a5e99dbb7933dbc9d65cf1746e3c65e62db,524c434efffe00014800000010000100,,NCLR palette,Confirmed,True,False,,,,,,,,,,False,False
/pbr/pokegra.narc,/pbr/pokegra.narc!/member_00444,0,/pbr/pokegra.narc,501,444,,1865652,1872100,1841888,1848336,6448,63978df7f77ea1640a2857575b1d30e798a48493a77fe67e06296d68f850e8ef,5247434efffe00013019000010000100,,NCGR graphics,Confirmed,True,False,,,,,,,,,,False,False
/pbr/pokegra.narc,/pbr/pokegra.narc!/member_00445,0,/pbr/pokegra.narc,501,445,,1872100,1878548,1848336,1854784,6448,63978df7f77ea1640a2857575b1d30e798a48493a77fe67e06296d68f850e8ef,5247434efffe00013019000010000100,,NCGR graphics,Confirmed,True,False,,,,,,,,,,False,False
/pbr/pokegra.narc,/pbr/pokegra.narc!/member_00446,0,/pbr/pokegra.narc,501,446,,1878548,1884996,1854784,1861232,6448,be9484478e91d9ee1e96ffaf1cc2d7276bbcc8ab6c278013e978218a3e0b1155,5247434efffe00013019000010000100,,NCGR graphics,Confirmed,True,False,,,,,,,,,,False,False
/pbr/pokegra.narc,/pbr/pokegra.narc!/member_00447,0,/pbr/pokegra.narc,501,447,,1884996,1891444,1861232,1867680,6448,be9484478e91d9ee1e96ffaf1cc2d7276bbcc8ab6c278013e978218a3e0b1155,5247434efffe00013019000010000100,,NCGR graphics,Confirmed,True,False,,,,,,,,,,False,False
/pbr/pokegra.narc,/pbr/pokegra.narc!/member_00448,0,/pbr/pokegra.narc,501,448,,1891444,1891516,1867680,1867752,72,50bcf6e6847f1057847bc413fa95b62be9f350834fdcdf32b3a2c6745e3842d0,524c434efffe00014800000010000100,,NCLR palette,Confirmed,True,False,,,,,,,,,,False,False
/pbr/pokegra.narc,/pbr/pokegra.narc!/member_00449,0,/pbr/pokegra.narc,501,449,,1891516,1891588,1867752,1867824,72,c0d2c391056cbcc1c213f0e267f7b806b86cd7909dd0de2e433c29cd9f4ccba0,524c434efffe00014800000010000100,,NCLR palette,Confirmed,True,False,,,,,,,,,,False,False
/pbr/pokegra.narc,/pbr/pokegra.narc!/member_00450,0,/pbr/pokegra.narc,501,450,,1891588,1898036,1867824,1874272,6448,e32fdbc311788237b94a5a6e79a5956aed497e6c0136224569eec97e3acd96dd,5247434efffe00013019000010000100,,NCGR graphics,Confirmed,True,False,,,,,,,,,,False,False
/pbr/pokegra.narc,/pbr/pokegra.narc!/member_00451,0,/pbr/pokegra.narc,501,451,,1898036,1904484,1874272,1880720,6448,e32fdbc311788237b94a5a6e79a5956aed497e6c0136224569eec97e3acd96dd,5247434efffe00013019000010000100,,NCGR graphics,Confirmed,True,False,,,,,,,,,,False,False
/pbr/pokegra.narc,/pbr/pokegra.narc!/member_00452,0,/pbr/pokegra.narc,501,452,,1904484,1910932,1880720,1887168,6448,874426ecfcf5a9d2756c0ce10eceea7edefa83b6ce6327e247576a3d93ddd86d,5247434efffe00013019000010000100,,NCGR graphics,Confirmed,True,False,,,,,,,,,,False,False
/pbr/pokegra.narc,/pbr/pokegra.narc!/member_00453,0,/pbr/pokegra.narc,501,453,,1910932,1917380,1887168,1893616,6448,874426ecfcf5a9d2756c0ce10eceea7edefa83b6ce6327e247576a3d93ddd86d,5247434efffe00013019000010000100,,NCGR graphics,Confirmed,True,False,,,,,,,,,,False,False
/pbr/pokegra.narc,/pbr/pokegra.narc!/member_00454,0,/pbr/pokegra.narc,501,454,,1917380,1917452,1893616,1893688,72,62f4636491c7b3822dc9d5013672e06f18451e6ed850a40b35c32b1d91bc0bda,524c434efffe00014800000010000100,,NCLR palette,Confirmed,True,False,,,,,,,,,,False,False
/pbr/pokegra.narc,/pbr/pokegra.narc!/member_00455,0,/pbr/pokegra.narc,501,455,,1917452,1917524,1893688,1893760,72,e5b22e3e130d29aac85bf41aba68125138802c2595594b6a040ca11a071d9262,524c434efffe00014800000010000100,,NCLR palette,Confirmed,True,False,,,,,,,,,,False,False
/pbr/pokegra.narc,/pbr/pokegra.narc!/member_00456,0,/pbr/pokegra.narc,501,456,,1917524,1923972,1893760,1900208,6448,aaf97e12bfe3d4bd2d22453f5bd2c0628d68f07533035a1876661ed1f92b5bb3,5247434efffe00013019000010000100,,NCGR graphics,Confirmed,True,False,,,,,,,,,,False,False
/pbr/pokegra.narc,/pbr/pokegra.narc!/member_00457,0,/pbr/pokegra.narc,501,457,,1923972,1930420,1900208,1906656,6448,aaf97e12bfe3d4bd2d22453f5bd2c0628d68f07533035a1876661ed1f92b5bb3,5247434efffe00013019000010000100,,NCGR graphics,Confirmed,True,False,,,,,,,,,,False,False
/pbr/pokegra.narc,/pbr/pokegra.narc!/member_00458,0,/pbr/pokegra.narc,501,458,,1930420,1936868,1906656,1913104,6448,e251dac7cff8c8e8e4d96ceb5b96c60180e60dbd4cacda50f898116ac2d01a19,5247434efffe00013019000010000100,,NCGR graphics,Confirmed,True,False,,,,,,,,,,False,False
/pbr/pokegra.narc,/pbr/pokegra.narc!/member_00459,0,/pbr/pokegra.narc,501,459,,1936868,1943316,1913104,1919552,6448,e251dac7cff8c8e8e4d96ceb5b96c60180e60dbd4cacda50f898116ac2d01a19,5247434efffe00013019000010000100,,NCGR graphics,Confirmed,True,False,,,,,,,,,,False,False
/pbr/pokegra.narc,/pbr/pokegra.narc!/member_00460,0,/pbr/pokegra.narc,501,460,,1943316,1943388,1919552,1919624,72,cad7d60421e1a6ed6e1f963f6eedabe9da0c2ec7e61f5303c49161a9aef534ed,524c434efffe00014800000010000100,,NCLR palette,Confirmed,True,False,,,,,,,,,,False,False
/pbr/pokegra.narc,/pbr/pokegra.narc!/member_00461,0,/pbr/pokegra.narc,501,461,,1943388,1943460,1919624,1919696,72,9509421be97bb5de5e9accf5d9bd41f714c18eb80e61c9156ad3934c78a945f2,524c434efffe00014800000010000100,,NCLR palette,Confirmed,True,False,,,,,,,,,,False,False
/pbr/pokegra.narc,/pbr/pokegra.narc!/member_00462,0,/pbr/pokegra.narc,501,462,,1943460,1949908,1919696,1926144,6448,e0043d07669022456c71a978088dc45c4d8f8e850e67f6827d4d40564f7ca8d7,5247434efffe00013019000010000100,,NCGR graphics,Confirmed,True,False,,,,,,,,,,False,False
/pbr/pokegra.narc,/pbr/pokegra.narc!/member_00463,0,/pbr/pokegra.narc,501,463,,1949908,1956356,1926144,1932592,6448,e0043d07669022456c71a978088dc45c4d8f8e850e67f6827d4d40564f7ca8d7,5247434efffe00013019000010000100,,NCGR graphics,Confirmed,True,False,,,,,,,,,,False,False
/pbr/pokegra.narc,/pbr/pokegra.narc!/member_00464,0,/pbr/pokegra.narc,501,464,,1956356,1962804,1932592,1939040,6448,c53f0db28d156517fea3edd12964e952e3080f4b504b2fe440098f06cdc3f9d3,5247434efffe00013019000010000100,,NCGR graphics,Confirmed,True,False,,,,,,,,,,False,False
/pbr/pokegra.narc,/pbr/pokegra.narc!/member_00465,0,/pbr/pokegra.narc,501,465,,1962804,1969252,1939040,1945488,6448,c53f0db28d156517fea3edd12964e952e3080f4b504b2fe440098f06cdc3f9d3,5247434efffe00013019000010000100,,NCGR graphics,Confirmed,True,False,,,,,,,,,,False,False
/pbr/pokegra.narc,/pbr/pokegra.narc!/member_00466,0,/pbr/pokegra.narc,501,466,,1969252,1969324,1945488,1945560,72,06e408694eff22e74865022de33d708d271666ca0b4d2fba183c7ba7c2c179c2,524c434efffe00014800000010000100,,NCLR palette,Confirmed,True,False,,,,,,,,,,False,False
/pbr/pokegra.narc,/pbr/pokegra.narc!/member_00467,0,/pbr/pokegra.narc,501,467,,1969324,1969396,1945560,1945632,72,387ba22c149c572c046ae68786d2497f88b6cf0fcd3c98abfb481375791bacac,524c434efffe00014800000010000100,,NCLR palette,Confirmed,True,False,,,,,,,,,,False,False
/pbr/pokegra.narc,/pbr/pokegra.narc!/member_00468,0,/pbr/pokegra.narc,501,468,,1969396,1975844,1945632,1952080,6448,a277627623c16cc005a2ba7d96a945a234d096616e877d5fea340cb6571e5e05,5247434efffe00013019000010000100,,NCGR graphics,Confirmed,True,False,,,,,,,,,,False,False
/pbr/pokegra.narc,/pbr/pokegra.narc!/member_00469,0,/pbr/pokegra.narc,501,469,,1975844,1982292,1952080,1958528,6448,a277627623c16cc005a2ba7d96a945a234d096616e877d5fea340cb6571e5e05,5247434efffe00013019000010000100,,NCGR graphics,Confirmed,True,False,,,,,,,,,,False,False
/pbr/pokegra.narc,/pbr/pokegra.narc!/member_00470,0,/pbr/pokegra.narc,501,470,,1982292,1988740,1958528,1964976,6448,1ba2dac80e24322a5e5de42954bf7bc50c01ce80a576c88c69e82e1070711f0e,5247434efffe00013019000010000100,,NCGR graphics,Confirmed,True,False,,,,,,,,,,False,False
/pbr/pokegra.narc,/pbr/pokegra.narc!/member_00471,0,/pbr/pokegra.narc,501,471,,1988740,1995188,1964976,1971424,6448,1ba2dac80e24322a5e5de42954bf7bc50c01ce80a576c88c69e82e1070711f0e,5247434efffe00013019000010000100,,NCGR graphics,Confirmed,True,False,,,,,,,,,,False,False
/pbr/pokegra.narc,/pbr/pokegra.narc!/member_00472,0,/pbr/pokegra.narc,501,472,,1995188,1995260,1971424,1971496,72,5a735deec0f86c73de9e34546d6668e88f2018cb8e3154f024dc4ae43b4f57a5,524c434efffe00014800000010000100,,NCLR palette,Confirmed,True,False,,,,,,,,,,False,False
/pbr/pokegra.narc,/pbr/pokegra.narc!/member_00473,0,/pbr/pokegra.narc,501,473,,1995260,1995332,1971496,1971568,72,0736ec24a0e9210497c70746f650ca6e040ee9729e506f1e3b76ca13e0e4109a,524c434efffe00014800000010000100,,NCLR palette,Confirmed,True,False,,,,,,,,,,False,False
/pbr/pokegra.narc,/pbr/pokegra.narc!/member_00474,0,/pbr/pokegra.narc,501,474,,1995332,2001780,1971568,1978016,6448,72b72bb47565a365eeec4b49abd8296e206d7e1655a57ecc99f8f30c2cd6573b,5247434efffe00013019000010000100,,NCGR graphics,Confirmed,True,False,,,,,,,,,,False,False
/pbr/pokegra.narc,/pbr/pokegra.narc!/member_00475,0,/pbr/pokegra.narc,501,475,,2001780,2008228,1978016,1984464,6448,72b72bb47565a365eeec4b49abd8296e206d7e1655a57ecc99f8f30c2cd6573b,5247434efffe00013019000010000100,,NCGR graphics,Confirmed,True,False,,,,,,,,,,False,False
/pbr/pokegra.narc,/pbr/pokegra.narc!/member_00476,0,/pbr/pokegra.narc,501,476,,2008228,2014676,1984464,1990912,6448,8848be0ebc9062b4dce100d9d89599df7c7e9545e411039153a02e7caa616f3a,5247434efffe00013019000010000100,,NCGR graphics,Confirmed,True,False,,,,,,,,,,False,False
/pbr/pokegra.narc,/pbr/pokegra.narc!/member_00477,0,/pbr/pokegra.narc,501,477,,2014676,2021124,1990912,1997360,6448,8848be0ebc9062b4dce100d9d89599df7c7e9545e411039153a02e7caa616f3a,5247434efffe00013019000010000100,,NCGR graphics,Confirmed,True,False,,,,,,,,,,False,False
/pbr/pokegra.narc,/pbr/pokegra.narc!/member_00478,0,/pbr/pokegra.narc,501,478,,2021124,2021196,1997360,1997432,72,6c92da8d5ca8c6f8c901e8324b679233e43e40ea8a92bb7f044a13c37104b467,524c434efffe00014800000010000100,,NCLR palette,Confirmed,True,False,,,,,,,,,,False,False
/pbr/pokegra.narc,/pbr/pokegra.narc!/member_00479,0,/pbr/pokegra.narc,501,479,,2021196,2021268,1997432,1997504,72,3a2ebf03bc1bc98d0c95d7a4ba3d93c4d7f32efc81c06cc30fee21fd3587c015,524c434efffe00014800000010000100,,NCLR palette,Confirmed,True,False,,,,,,,,,,False,False
/pbr/pokegra.narc,/pbr/pokegra.narc!/member_00480,0,/pbr/pokegra.narc,501,480,,2021268,2027716,1997504,2003952,6448,2aaf3ded04662aedd8d0fca5b612b766d1b342bf986f48ec0e826916a2c3835d,5247434efffe00013019000010000100,,NCGR graphics,Confirmed,True,False,,,,,,,,,,False,False
/pbr/pokegra.narc,/pbr/pokegra.narc!/member_00481,0,/pbr/pokegra.narc,501,481,,2027716,2034164,2003952,2010400,6448,2aaf3ded04662aedd8d0fca5b612b766d1b342bf986f48ec0e826916a2c3835d,5247434efffe00013019000010000100,,NCGR graphics,Confirmed,True,False,,,,,,,,,,False,False
/pbr/pokegra.narc,/pbr/pokegra.narc!/member_00482,0,/pbr/pokegra.narc,501,482,,2034164,2040612,2010400,2016848,6448,236e7a002eb258a48a7e9cbb9684a6d041fad7bc4f5b5cbd3a4a661e377063b1,5247434efffe00013019000010000100,,NCGR graphics,Confirmed,True,False,,,,,,,,,,False,False
/pbr/pokegra.narc,/pbr/pokegra.narc!/member_00483,0,/pbr/pokegra.narc,501,483,,2040612,2047060,2016848,2023296,6448,236e7a002eb258a48a7e9cbb9684a6d041fad7bc4f5b5cbd3a4a661e377063b1,5247434efffe00013019000010000100,,NCGR graphics,Confirmed,True,False,,,,,,,,,,False,False
/pbr/pokegra.narc,/pbr/pokegra.narc!/member_00484,0,/pbr/pokegra.narc,501,484,,2047060,2047132,2023296,2023368,72,384497761ef0386423c265ac902f2b6f163de4412042acaa0bf4f52dae945b5b,524c434efffe00014800000010000100,,NCLR palette,Confirmed,True,False,,,,,,,,,,False,False
/pbr/pokegra.narc,/pbr/pokegra.narc!/member_00485,0,/pbr/pokegra.narc,501,485,,2047132,2047204,2023368,2023440,72,3141aaff549d2ac36a0259443f720b159c28c49e5af23f94b13f0a6b23850300,524c434efffe00014800000010000100,,NCLR palette,Confirmed,True,False,,,,,,,,,,False,False
/pbr/pokegra.narc,/pbr/pokegra.narc!/member_00486,0,/pbr/pokegra.narc,501,486,,2047204,2047204,2023440,2023440,0,e3b0c44298fc1c149afbf4c8996fb92427ae41e4649b934ca495991b7852b855,,,,,,False,,,,,,,,,,False,False
/pbr/pokegra.narc,/pbr/pokegra.narc!/member_00487,0,/pbr/pokegra.narc,501,487,,2047204,2053652,2023440,2029888,6448,1cc0e14e62f74cecbeb61daba12e09e6a0406ce4a83e0b19082dcd7076466948,5247434efffe00013019000010000100,,NCGR graphics,Confirmed,True,False,,,,,,,,,,False,False
/pbr/pokegra.narc,/pbr/pokegra.narc!/member_00488,0,/pbr/pokegra.narc,501,488,,2053652,2053652,2029888,2029888,0,e3b0c44298fc1c149afbf4c8996fb92427ae41e4649b934ca495991b7852b855,,,,,,False,,,,,,,,,,False,False
/pbr/pokegra.narc,/pbr/pokegra.narc!/member_00489,0,/pbr/pokegra.narc,501,489,,2053652,2060100,2029888,2036336,6448,dd8942de1e9b92c594e87c2062074433c7769d036ffc0df1552f2672747b34a7,5247434efffe00013019000010000100,,NCGR graphics,Confirmed,True,False,,,,,,,,,,False,False
/pbr/pokegra.narc,/pbr/pokegra.narc!/member_00490,0,/pbr/pokegra.narc,501,490,,2060100,2060172,2036336,2036408,72,04e553c905d8291dd0008ff55bf46e8a29f63e4f89466548dddd76d8b53edcfa,524c434efffe00014800000010000100,,NCLR palette,Confirmed,True,False,,,,,,,,,,False,False
/pbr/pokegra.narc,/pbr/pokegra.narc!/member_00491,0,/pbr/pokegra.narc,501,491,,2060172,2060244,2036408,2036480,72,e5b8694e1d7357ead9fe84fa057fecf03f09ea9c068bb793d79b06a91f5da4ef,524c434efffe00014800000010000100,,NCLR palette,Confirmed,True,False,,,,,,,,,,False,False
/pbr/pokegra.narc,/pbr/pokegra.narc!/member_00492,0,/pbr/pokegra.narc,501,492,,2060244,2060244,2036480,2036480,0,e3b0c44298fc1c149afbf4c8996fb92427ae41e4649b934ca495991b7852b855,,,,,,False,,,,,,,,,,False,False
/pbr/pokegra.narc,/pbr/pokegra.narc!/member_00493,0,/pbr/pokegra.narc,501,493,,2060244,2066692,2036480,2042928,6448,8af453f911ad86e29c664085f290d75d6eb472be01d7e06f80fc3855d89bcec7,5247434efffe00013019000010000100,,NCGR graphics,Confirmed,True,False,,,,,,,,,,False,False
/pbr/pokegra.narc,/pbr/pokegra.narc!/member_00494,0,/pbr/pokegra.narc,501,494,,2066692,2066692,2042928,2042928,0,e3b0c44298fc1c149afbf4c8996fb92427ae41e4649b934ca495991b7852b855,,,,,,False,,,,,,,,,,False,False
/pbr/pokegra.narc,/pbr/pokegra.narc!/member_00495,0,/pbr/pokegra.narc,501,495,,2066692,2073140,2042928,2049376,6448,3da55bebec725529bfdd6675a022213a32e565d30342a81c1242074fedaf615a,5247434efffe00013019000010000100,,NCGR graphics,Confirmed,True,False,,,,,,,,,,False,False
/pbr/pokegra.narc,/pbr/pokegra.narc!/member_00496,0,/pbr/pokegra.narc,501,496,,2073140,2073212,2049376,2049448,72,728f0db8b69682933a567450bc099b7dafadc589e6620dabb5e649bf8dd2ff47,524c434efffe00014800000010000100,,NCLR palette,Confirmed,True,False,,,,,,,,,,False,False
/pbr/pokegra.narc,/pbr/pokegra.narc!/member_00497,0,/pbr/pokegra.narc,501,497,,2073212,2073284,2049448,2049520,72,654fcfca149ea22c4d9ee8d1ab93064d8618c1ceb0c9adde12c85bda99216ed7,524c434efffe00014800000010000100,,NCLR palette,Confirmed,True,False,,,,,,,,,,False,False
/pbr/pokegra.narc,/pbr/pokegra.narc!/member_00498,0,/pbr/pokegra.narc,501,498,,2073284,2079732,2049520,2055968,6448,28905c7bdee37874a0edf7815fafb2f1cce824f3d201bcf70a410d79a6216b33,5247434efffe00013019000010000100,,NCGR graphics,Confirmed,True,False,,,,,,,,,,False,False
/pbr/pokegra.narc,/pbr/pokegra.narc!/member_00499,0,/pbr/pokegra.narc,501,499,,2079732,2086180,2055968,2062416,6448,28905c7bdee37874a0edf7815fafb2f1cce824f3d201bcf70a410d79a6216b33,5247434efffe00013019000010000100,,NCGR graphics,Confirmed,True,False,,,,,,,,,,False,False
/pbr/pokegra.narc,/pbr/pokegra.narc!/member_00500,0,/pbr/pokegra.narc,501,500,,2086180,2092628,2062416,2068864,6448,a35801bb8ce5e3505b8dfd6a2b29684da175fa20822ede55c7cee362d5bb820a,5247434efffe00013019000010000100,,NCGR graphics,Confirmed,True,False,,,,,,,,,,False,False
/pbr/pokegra.narc,/pbr/pokegra.narc!/member_00501,0,/pbr/pokegra.narc,501,501,,2092628,2099076,2068864,2075312,6448,a35801bb8ce5e3505b8dfd6a2b29684da175fa20822ede55c7cee362d5bb820a,5247434efffe00013019000010000100,,NCGR graphics,Confirmed,True,False,,,,,,,,,,False,False
/pbr/pokegra.narc,/pbr/pokegra.narc!/member_00502,0,/pbr/pokegra.narc,501,502,,2099076,2099148,2075312,2075384,72,e4872e465ae10bb7be2ad4ea5358845d968b86597a8e4ee0c182858b8cc6e1fd,524c434efffe00014800000010000100,,NCLR palette,Confirmed,True,False,,,,,,,,,,False,False
/pbr/pokegra.narc,/pbr/pokegra.narc!/member_00503,0,/pbr/pokegra.narc,501,503,,2099148,2099220,2075384,2075456,72,26abfc092b4916af29ef9a0f572889fe469ec9cd467ae4628115844ce486540a,524c434efffe00014800000010000100,,NCLR palette,Confirmed,True,False,,,,,,,,,,False,False
/pbr/pokegra.narc,/pbr/pokegra.narc!/member_00504,0,/pbr/pokegra.narc,501,504,,2099220,2105668,2075456,2081904,6448,ccfe75bbdee66ecd255759499b29947de9315c8cfa950230534b73a4f19c5ccb,5247434efffe00013019000010000100,,NCGR graphics,Confirmed,True,False,,,,,,,,,,False,False
/pbr/pokegra.narc,/pbr/pokegra.narc!/member_00505,0,/pbr/pokegra.narc,501,505,,2105668,2112116,2081904,2088352,6448,b8e3b58689ac4899f712b302bbbf674dbf473e3e3b7e181ac22321c70f48e3bb,5247434efffe00013019000010000100,,NCGR graphics,Confirmed,True,False,,,,,,,,,,False,False
/pbr/pokegra.narc,/pbr/pokegra.narc!/member_00506,0,/pbr/pokegra.narc,501,506,,2112116,2118564,2088352,2094800,6448,ddaded84951aca9912736f59b305914c6d989210d43101cfffb562b3b15c0645,5247434efffe00013019000010000100,,NCGR graphics,Confirmed,True,False,,,,,,,,,,False,False
/pbr/pokegra.narc,/pbr/pokegra.narc!/member_00507,0,/pbr/pokegra.narc,501,507,,2118564,2125012,2094800,2101248,6448,ac5450d63a0c9a17ada43d4d5842f80c1fe37698eb7f0f5859834ac32bb83377,5247434efffe00013019000010000100,,NCGR graphics,Confirmed,True,False,,,,,,,,,,False,False
/pbr/pokegra.narc,/pbr/pokegra.narc!/member_00508,0,/pbr/pokegra.narc,501,508,,2125012,2125084,2101248,2101320,72,bf49aee8cfcbaabf5e08bc7fbd4fa37b97bd1599cdf635432d473e2ce9c07491,524c434efffe00014800000010000100,,NCLR palette,Confirmed,True,False,,,,,,,,,,False,False
/pbr/pokegra.narc,/pbr/pokegra.narc!/member_00509,0,/pbr/pokegra.narc,501,509,,2125084,2125156,2101320,2101392,72,ca9ce8828cf4e65b61d035197840c62e7fa5a8356e380c5074b1577cc0899999,524c434efffe00014800000010000100,,NCLR palette,Confirmed,True,False,,,,,,,,,,False,False
/pbr/pokegra.narc,/pbr/pokegra.narc!/member_00510,0,/pbr/pokegra.narc,501,510,,2125156,2131604,2101392,2107840,6448,1a279977899095cd9505b462d6bff6152b8eb016f5911f08dd7935e61db70671,5247434efffe00013019000010000100,,NCGR graphics,Confirmed,True,False,,,,,,,,,,False,False
/pbr/pokegra.narc,/pbr/pokegra.narc!/member_00511,0,/pbr/pokegra.narc,501,511,,2131604,2138052,2107840,2114288,6448,916f8a02851bb7c2b866765a0b6e7717c486ac311a6798dc47beb9801b30d1b1,5247434efffe00013019000010000100,,NCGR graphics,Confirmed,True,False,,,,,,,,,,False,False
/pbr/pokegra.narc,/pbr/pokegra.narc!/member_00512,0,/pbr/pokegra.narc,501,512,,2138052,2144500,2114288,2120736,6448,c16932f0f5d935eaa5b2d6a1b7277b09d0fd1f49861dd9508cc4b938c2deba4f,5247434efffe00013019000010000100,,NCGR graphics,Confirmed,True,False,,,,,,,,,,False,False
/pbr/pokegra.narc,/pbr/pokegra.narc!/member_00513,0,/pbr/pokegra.narc,501,513,,2144500,2150948,2120736,2127184,6448,166bd5c4d06151a93eda979a520fc71f9973157f724a2f3770fa8790323f5c44,5247434efffe00013019000010000100,,NCGR graphics,Confirmed,True,False,,,,,,,,,,False,False
/pbr/pokegra.narc,/pbr/pokegra.narc!/member_00514,0,/pbr/pokegra.narc,501,514,,2150948,2151020,2127184,2127256,72,7fe25b497f8879635bdb800d95bbc92f8e0788b5c5acf53b70fba78c87ae053b,524c434efffe00014800000010000100,,NCLR palette,Confirmed,True,False,,,,,,,,,,False,False
/pbr/pokegra.narc,/pbr/pokegra.narc!/member_00515,0,/pbr/pokegra.narc,501,515,,2151020,2151092,2127256,2127328,72,f8e2332e05fb57c61e80d1260399eacaaa7ccae9be83b5d551fa314d9dd2dbfb,524c434efffe00014800000010000100,,NCLR palette,Confirmed,True,False,,,,,,,,,,False,False
/pbr/pokegra.narc,/pbr/pokegra.narc!/member_00516,0,/pbr/pokegra.narc,501,516,,2151092,2157540,2127328,2133776,6448,99c2728678162a39274a42a112049db929f6965d3f3e1b506955221d5855bd2b,5247434efffe00013019000010000100,,NCGR graphics,Confirmed,True,False,,,,,,,,,,False,False
/pbr/pokegra.narc,/pbr/pokegra.narc!/member_00517,0,/pbr/pokegra.narc,501,517,,2157540,2163988,2133776,2140224,6448,99c2728678162a39274a42a112049db929f6965d3f3e1b506955221d5855bd2b,5247434efffe00013019000010000100,,NCGR graphics,Confirmed,True,False,,,,,,,,,,False,False
/pbr/pokegra.narc,/pbr/pokegra.narc!/member_00518,0,/pbr/pokegra.narc,501,518,,2163988,2170436,2140224,2146672,6448,776d6168f39813feb898cdb232d5ec7349828a98b1f5ffc533ce926044a9ecdf,5247434efffe00013019000010000100,,NCGR graphics,Confirmed,True,False,,,,,,,,,,False,False
/pbr/pokegra.narc,/pbr/pokegra.narc!/member_00519,0,/pbr/pokegra.narc,501,519,,2170436,2176884,2146672,2153120,6448,776d6168f39813feb898cdb232d5ec7349828a98b1f5ffc533ce926044a9ecdf,5247434efffe00013019000010000100,,NCGR graphics,Confirmed,True,False,,,,,,,,,,False,False
/pbr/pokegra.narc,/pbr/pokegra.narc!/member_00520,0,/pbr/pokegra.narc,501,520,,2176884,2176956,2153120,2153192,72,a2d3ad2cd2bbf46b5750887a8f57fb4969ca9e688009e6e671f6791c3b2dfd8c,524c434efffe00014800000010000100,,NCLR palette,Confirmed,True,False,,,,,,,,,,False,False
/pbr/pokegra.narc,/pbr/pokegra.narc!/member_00521,0,/pbr/pokegra.narc,501,521,,2176956,2177028,2153192,2153264,72,def180fb22a06b5dff490dd6b1b6586eecd17d3670fba35ec6fa1725fd024a82,524c434efffe00014800000010000100,,NCLR palette,Confirmed,True,False,,,,,,,,,,False,False
/pbr/pokegra.narc,/pbr/pokegra.narc!/member_00522,0,/pbr/pokegra.narc,501,522,,2177028,2183476,2153264,2159712,6448,d9019d052747c0d0b8923071cb4110f2cb0eb62a62326d0c805c074418060d94,5247434efffe00013019000010000100,,NCGR graphics,Confirmed,True,False,,,,,,,,,,False,False
/pbr/pokegra.narc,/pbr/pokegra.narc!/member_00523,0,/pbr/pokegra.narc,501,523,,2183476,2189924,2159712,2166160,6448,d9019d052747c0d0b8923071cb4110f2cb0eb62a62326d0c805c074418060d94,5247434efffe00013019000010000100,,NCGR graphics,Confirmed,True,False,,,,,,,,,,False,False
/pbr/pokegra.narc,/pbr/pokegra.narc!/member_00524,0,/pbr/pokegra.narc,501,524,,2189924,2196372,2166160,2172608,6448,a9a01346d04a8452463e9260261aa003d29afbe98b14fac5450c2cbd6e8641c5,5247434efffe00013019000010000100,,NCGR graphics,Confirmed,True,False,,,,,,,,,,False,False
/pbr/pokegra.narc,/pbr/pokegra.narc!/member_00525,0,/pbr/pokegra.narc,501,525,,2196372,2202820,2172608,2179056,6448,a9a01346d04a8452463e9260261aa003d29afbe98b14fac5450c2cbd6e8641c5,5247434efffe00013019000010000100,,NCGR graphics,Confirmed,True,False,,,,,,,,,,False,False
/pbr/pokegra.narc,/pbr/pokegra.narc!/member_00526,0,/pbr/pokegra.narc,501,526,,2202820,2202892,2179056,2179128,72,973467ccf68d0223c70b5af61836f8670cbe1dbf92c79896eb1b82f5e01cb90b,524c434efffe00014800000010000100,,NCLR palette,Confirmed,True,False,,,,,,,,,,False,False
/pbr/pokegra.narc,/pbr/pokegra.narc!/member_00527,0,/pbr/pokegra.narc,501,527,,2202892,2202964,2179128,2179200,72,108591df87207313f32560e5d5f33ad14af49de70c8e28c9eaf565c21b671337,524c434efffe00014800000010000100,,NCLR palette,Confirmed,True,False,,,,,,,,,,False,False
/pbr/pokegra.narc,/pbr/pokegra.narc!/member_00528,0,/pbr/pokegra.narc,501,528,,2202964,2209412,2179200,2185648,6448,461fb38b273561213955ba01b419a65b135adbc7bd36b3b74975c43bb586bcc6,5247434efffe00013019000010000100,,NCGR graphics,Confirmed,True,False,,,,,,,,,,False,False
/pbr/pokegra.narc,/pbr/pokegra.narc!/member_00529,0,/pbr/pokegra.narc,501,529,,2209412,2215860,2185648,2192096,6448,461fb38b273561213955ba01b419a65b135adbc7bd36b3b74975c43bb586bcc6,5247434efffe00013019000010000100,,NCGR graphics,Confirmed,True,False,,,,,,,,,,False,False
/pbr/pokegra.narc,/pbr/pokegra.narc!/member_00530,0,/pbr/pokegra.narc,501,530,,2215860,2222308,2192096,2198544,6448,2a02ae3ae2e2ea450f1fbf3f2a6efb83f047081ff13132fe8207484c85d667d4,5247434efffe00013019000010000100,,NCGR graphics,Confirmed,True,False,,,,,,,,,,False,False
/pbr/pokegra.narc,/pbr/pokegra.narc!/member_00531,0,/pbr/pokegra.narc,501,531,,2222308,2228756,2198544,2204992,6448,2a02ae3ae2e2ea450f1fbf3f2a6efb83f047081ff13132fe8207484c85d667d4,5247434efffe00013019000010000100,,NCGR graphics,Confirmed,True,False,,,,,,,,,,False,False
/pbr/pokegra.narc,/pbr/pokegra.narc!/member_00532,0,/pbr/pokegra.narc,501,532,,2228756,2228828,2204992,2205064,72,42595c4b812ed458625064192fa0d70ef6714c649ec04b5cda9bb2d5358c78ec,524c434efffe00014800000010000100,,NCLR palette,Confirmed,True,False,,,,,,,,,,False,False
/pbr/pokegra.narc,/pbr/pokegra.narc!/member_00533,0,/pbr/pokegra.narc,501,533,,2228828,2228900,2205064,2205136,72,da8d43ad57a3aaba37db9aef6258699ca8802622f1d484d816ac4102c7432301,524c434efffe00014800000010000100,,NCLR palette,Confirmed,True,False,,,,,,,,,,False,False
/pbr/pokegra.narc,/pbr/pokegra.narc!/member_00534,0,/pbr/pokegra.narc,501,534,,2228900,2235348,2205136,2211584,6448,1f86321c9f0cd1a32058e12d55e12f2125205ecf6133651f86e1e93089631bb0,5247434efffe00013019000010000100,,NCGR graphics,Confirmed,True,False,,,,,,,,,,False,False
/pbr/pokegra.narc,/pbr/pokegra.narc!/member_00535,0,/pbr/pokegra.narc,501,535,,2235348,2241796,2211584,2218032,6448,1f86321c9f0cd1a32058e12d55e12f2125205ecf6133651f86e1e93089631bb0,5247434efffe00013019000010000100,,NCGR graphics,Confirmed,True,False,,,,,,,,,,False,False
/pbr/pokegra.narc,/pbr/pokegra.narc!/member_00536,0,/pbr/pokegra.narc,501,536,,2241796,2248244,2218032,2224480,6448,2f3fc789cc73081ccaf3c71f1e3d9f3ebee400a08d9637cbb671c4e69c1c1986,5247434efffe00013019000010000100,,NCGR graphics,Confirmed,True,False,,,,,,,,,,False,False
/pbr/pokegra.narc,/pbr/pokegra.narc!/member_00537,0,/pbr/pokegra.narc,501,537,,2248244,2254692,2224480,2230928,6448,2f3fc789cc73081ccaf3c71f1e3d9f3ebee400a08d9637cbb671c4e69c1c1986,5247434efffe00013019000010000100,,NCGR graphics,Confirmed,True,False,,,,,,,,,,False,False
/pbr/pokegra.narc,/pbr/pokegra.narc!/member_00538,0,/pbr/pokegra.narc,501,538,,2254692,2254764,2230928,2231000,72,11070adeea4f2600c6f895d2d9897e76b3a9257fe2b3f3a2d05b27874eb820a3,524c434efffe00014800000010000100,,NCLR palette,Confirmed,True,False,,,,,,,,,,False,False
/pbr/pokegra.narc,/pbr/pokegra.narc!/member_00539,0,/pbr/pokegra.narc,501,539,,2254764,2254836,2231000,2231072,72,3ba7761907d2708e9f4298e46ac811f55ab6915bdb6752f355dedc9c6bf72a11,524c434efffe00014800000010000100,,NCLR palette,Confirmed,True,False,,,,,,,,,,False,False
/pbr/pokegra.narc,/pbr/pokegra.narc!/member_00540,0,/pbr/pokegra.narc,501,540,,2254836,2261284,2231072,2237520,6448,adb3324f2a85c45c6090f777dca7a860a70559be26d8e6b8af3ecfca1cca19e5,5247434efffe00013019000010000100,,NCGR graphics,Confirmed,True,False,,,,,,,,,,False,False
/pbr/pokegra.narc,/pbr/pokegra.narc!/member_00541,0,/pbr/pokegra.narc,501,541,,2261284,2267732,2237520,2243968,6448,adb3324f2a85c45c6090f777dca7a860a70559be26d8e6b8af3ecfca1cca19e5,5247434efffe00013019000010000100,,NCGR graphics,Confirmed,True,False,,,,,,,,,,False,False
/pbr/pokegra.narc,/pbr/pokegra.narc!/member_00542,0,/pbr/pokegra.narc,501,542,,2267732,2274180,2243968,2250416,6448,ff25146bdd8574242da76b3f5f0c12f5c76f4a32ce0c55de099213bcaf1aff7a,5247434efffe00013019000010000100,,NCGR graphics,Confirmed,True,False,,,,,,,,,,False,False
/pbr/pokegra.narc,/pbr/pokegra.narc!/member_00543,0,/pbr/pokegra.narc,501,543,,2274180,2280628,2250416,2256864,6448,ff25146bdd8574242da76b3f5f0c12f5c76f4a32ce0c55de099213bcaf1aff7a,5247434efffe00013019000010000100,,NCGR graphics,Confirmed,True,False,,,,,,,,,,False,False
/pbr/pokegra.narc,/pbr/pokegra.narc!/member_00544,0,/pbr/pokegra.narc,501,544,,2280628,2280700,2256864,2256936,72,c3dcf21ccaed870409ec37212698886989c9d777b148f9356c420b905ad8d45d,524c434efffe00014800000010000100,,NCLR palette,Confirmed,True,False,,,,,,,,,,False,False
/pbr/pokegra.narc,/pbr/pokegra.narc!/member_00545,0,/pbr/pokegra.narc,501,545,,2280700,2280772,2256936,2257008,72,2269314f11f53c3dd55fa9d0097d058b1a18023bcace27edae6cf1c208f1ff13,524c434efffe00014800000010000100,,NCLR palette,Confirmed,True,False,,,,,,,,,,False,False
/pbr/pokegra.narc,/pbr/pokegra.narc!/member_00546,0,/pbr/pokegra.narc,501,546,,2280772,2287220,2257008,2263456,6448,12c82fb5c7df91d80ae5a052fe37342d578419071350710114fe7affabb26532,5247434efffe00013019000010000100,,NCGR graphics,Confirmed,True,False,,,,,,,,,,False,False
/pbr/pokegra.narc,/pbr/pokegra.narc!/member_00547,0,/pbr/pokegra.narc,501,547,,2287220,2293668,2263456,2269904,6448,12c82fb5c7df91d80ae5a052fe37342d578419071350710114fe7affabb26532,5247434efffe00013019000010000100,,NCGR graphics,Confirmed,True,False,,,,,,,,,,False,False
/pbr/pokegra.narc,/pbr/pokegra.narc!/member_00548,0,/pbr/pokegra.narc,501,548,,2293668,2300116,2269904,2276352,6448,56207ec89d7a19d79326d9ac50903be413fc28018ab565878c99a12826abac4d,5247434efffe00013019000010000100,,NCGR graphics,Confirmed,True,False,,,,,,,,,,False,False
/pbr/pokegra.narc,/pbr/pokegra.narc!/member_00549,0,/pbr/pokegra.narc,501,549,,2300116,2306564,2276352,2282800,6448,56207ec89d7a19d79326d9ac50903be413fc28018ab565878c99a12826abac4d,5247434efffe00013019000010000100,,NCGR graphics,Confirmed,True,False,,,,,,,,,,False,False
/pbr/pokegra.narc,/pbr/pokegra.narc!/member_00550,0,/pbr/pokegra.narc,501,550,,2306564,2306636,2282800,2282872,72,7024dc4af0e0209991b05bc87b2ce78410fd38317a7599ce09786a388919bd01,524c434efffe00014800000010000100,,NCLR palette,Confirmed,True,False,,,,,,,,,,False,False
/pbr/pokegra.narc,/pbr/pokegra.narc!/member_00551,0,/pbr/pokegra.narc,501,551,,2306636,2306708,2282872,2282944,72,17633581a5dfa9e822bfece3b4edd3c051f6aecf9a61380f3e71bb9a56a00a64,524c434efffe00014800000010000100,,NCLR palette,Confirmed,True,False,,,,,,,,,,False,False
/pbr/pokegra.narc,/pbr/pokegra.narc!/member_00552,0,/pbr/pokegra.narc,501,552,,2306708,2313156,2282944,2289392,6448,41980e508d07322739cd143009c37be822d9259a2399d08ffdd159116a58ef2f,5247434efffe00013019000010000100,,NCGR graphics,Confirmed,True,False,,,,,,,,,,False,False
/pbr/pokegra.narc,/pbr/pokegra.narc!/member_00553,0,/pbr/pokegra.narc,501,553,,2313156,2319604,2289392,2295840,6448,41980e508d07322739cd143009c37be822d9259a2399d08ffdd159116a58ef2f,5247434efffe00013019000010000100,,NCGR graphics,Confirmed,True,False,,,,,,,,,,False,False
/pbr/pokegra.narc,/pbr/pokegra.narc!/member_00554,0,/pbr/pokegra.narc,501,554,,2319604,2326052,2295840,2302288,6448,eb986e612e7ab8483ea618073c204ffbfc7fd0f030c0b1870eab13294dd438d0,5247434efffe00013019000010000100,,NCGR graphics,Confirmed,True,False,,,,,,,,,,False,False
/pbr/pokegra.narc,/pbr/pokegra.narc!/member_00555,0,/pbr/pokegra.narc,501,555,,2326052,2332500,2302288,2308736,6448,eb986e612e7ab8483ea618073c204ffbfc7fd0f030c0b1870eab13294dd438d0,5247434efffe00013019000010000100,,NCGR graphics,Confirmed,True,False,,,,,,,,,,False,False
/pbr/pokegra.narc,/pbr/pokegra.narc!/member_00556,0,/pbr/pokegra.narc,501,556,,2332500,2332572,2308736,2308808,72,b9ba0673951e65f5982927d728c01bf73b70125f0f85fb3bd634aee61c6a51ca,524c434efffe00014800000010000100,,NCLR palette,Confirmed,True,False,,,,,,,,,,False,False
/pbr/pokegra.narc,/pbr/pokegra.narc!/member_00557,0,/pbr/pokegra.narc,501,557,,2332572,2332644,2308808,2308880,72,7d307c59b75ffc738aa78ca610fe1c49f1cf9078ed1cca69985918b831439d3f,524c434efffe00014800000010000100,,NCLR palette,Confirmed,True,False,,,,,,,,,,False,False
/pbr/pokegra.narc,/pbr/pokegra.narc!/member_00558,0,/pbr/pokegra.narc,501,558,,2332644,2339092,2308880,2315328,6448,fbcea20229977f53aa0f4f71995a8abfac9428936ba5bdc6dec260cb97466832,5247434efffe00013019000010000100,,NCGR graphics,Confirmed,True,False,,,,,,,,,,False,False
/pbr/pokegra.narc,/pbr/pokegra.narc!/member_00559,0,/pbr/pokegra.narc,501,559,,2339092,2345540,2315328,2321776,6448,fbcea20229977f53aa0f4f71995a8abfac9428936ba5bdc6dec260cb97466832,5247434efffe00013019000010000100,,NCGR graphics,Confirmed,True,False,,,,,,,,,,False,False
/pbr/pokegra.narc,/pbr/pokegra.narc!/member_00560,0,/pbr/pokegra.narc,501,560,,2345540,2351988,2321776,2328224,6448,4a795cee4862de4dccf0bdef3083021dd4e989af9e403fee7f20a85b3216931d,5247434efffe00013019000010000100,,NCGR graphics,Confirmed,True,False,,,,,,,,,,False,False
/pbr/pokegra.narc,/pbr/pokegra.narc!/member_00561,0,/pbr/pokegra.narc,501,561,,2351988,2358436,2328224,2334672,6448,4a795cee4862de4dccf0bdef3083021dd4e989af9e403fee7f20a85b3216931d,5247434efffe00013019000010000100,,NCGR graphics,Confirmed,True,False,,,,,,,,,,False,False
/pbr/pokegra.narc,/pbr/pokegra.narc!/member_00562,0,/pbr/pokegra.narc,501,562,,2358436,2358508,2334672,2334744,72,a2b4cc4a7c72316ca3cab57d51123f49e31c495d2e49292895236998fb1d161c,524c434efffe00014800000010000100,,NCLR palette,Confirmed,True,False,,,,,,,,,,False,False
/pbr/pokegra.narc,/pbr/pokegra.narc!/member_00563,0,/pbr/pokegra.narc,501,563,,2358508,2358580,2334744,2334816,72,cb3e7402914fdb3cf416acc4bc1645376991d300c66288d335d642b002a8eca0,524c434efffe00014800000010000100,,NCLR palette,Confirmed,True,False,,,,,,,,,,False,False
/pbr/pokegra.narc,/pbr/pokegra.narc!/member_00564,0,/pbr/pokegra.narc,501,564,,2358580,2365028,2334816,2341264,6448,885f27b9cacd0d137f7a1bf5e01811a9a93eb9eeef343846611bd0a59bdd16a8,5247434efffe00013019000010000100,,NCGR graphics,Confirmed,True,False,,,,,,,,,,False,False
/pbr/pokegra.narc,/pbr/pokegra.narc!/member_00565,0,/pbr/pokegra.narc,501,565,,2365028,2371476,2341264,2347712,6448,885f27b9cacd0d137f7a1bf5e01811a9a93eb9eeef343846611bd0a59bdd16a8,5247434efffe00013019000010000100,,NCGR graphics,Confirmed,True,False,,,,,,,,,,False,False
/pbr/pokegra.narc,/pbr/pokegra.narc!/member_00566,0,/pbr/pokegra.narc,501,566,,2371476,2377924,2347712,2354160,6448,6de19d1a900ce5af5df6994dd9e4568bcd0cea8b4c302a270c11b3e548f31892,5247434efffe00013019000010000100,,NCGR graphics,Confirmed,True,False,,,,,,,,,,False,False
/pbr/pokegra.narc,/pbr/pokegra.narc!/member_00567,0,/pbr/pokegra.narc,501,567,,2377924,2384372,2354160,2360608,6448,6de19d1a900ce5af5df6994dd9e4568bcd0cea8b4c302a270c11b3e548f31892,5247434efffe00013019000010000100,,NCGR graphics,Confirmed,True,False,,,,,,,,,,False,False
/pbr/pokegra.narc,/pbr/pokegra.narc!/member_00568,0,/pbr/pokegra.narc,501,568,,2384372,2384444,2360608,2360680,72,00e95fab58f38d883f6254dacf5a101054f814cadfb42cf1c78344cdc6198f50,524c434efffe00014800000010000100,,NCLR palette,Confirmed,True,False,,,,,,,,,,False,False
/pbr/pokegra.narc,/pbr/pokegra.narc!/member_00569,0,/pbr/pokegra.narc,501,569,,2384444,2384516,2360680,2360752,72,014a28406f8b05ff4a269f851f629dd7f353e7f8c06aaf6ee25377dbc1cb51bc,524c434efffe00014800000010000100,,NCLR palette,Confirmed,True,False,,,,,,,,,,False,False
/pbr/pokegra.narc,/pbr/pokegra.narc!/member_00570,0,/pbr/pokegra.narc,501,570,,2384516,2390964,2360752,2367200,6448,fa2226cfece051f8ed02e3a114bd7bac5c60a06a2ec775221971705d04a8c0e2,5247434efffe00013019000010000100,,NCGR graphics,Confirmed,True,False,,,,,,,,,,False,False
/pbr/pokegra.narc,/pbr/pokegra.narc!/member_00571,0,/pbr/pokegra.narc,501,571,,2390964,2397412,2367200,2373648,6448,fa2226cfece051f8ed02e3a114bd7bac5c60a06a2ec775221971705d04a8c0e2,5247434efffe00013019000010000100,,NCGR graphics,Confirmed,True,False,,,,,,,,,,False,False
/pbr/pokegra.narc,/pbr/pokegra.narc!/member_00572,0,/pbr/pokegra.narc,501,572,,2397412,2403860,2373648,2380096,6448,cdc6d482c73f31b2a3c88cd7843d0c61cae7750cbd5a70159ba60dd4ba3acee4,5247434efffe00013019000010000100,,NCGR graphics,Confirmed,True,False,,,,,,,,,,False,False
/pbr/pokegra.narc,/pbr/pokegra.narc!/member_00573,0,/pbr/pokegra.narc,501,573,,2403860,2410308,2380096,2386544,6448,cdc6d482c73f31b2a3c88cd7843d0c61cae7750cbd5a70159ba60dd4ba3acee4,5247434efffe00013019000010000100,,NCGR graphics,Confirmed,True,False,,,,,,,,,,False,False
/pbr/pokegra.narc,/pbr/pokegra.narc!/member_00574,0,/pbr/pokegra.narc,501,574,,2410308,2410380,2386544,2386616,72,2b10dea913c50f18f6274a5a00354728f8bb39a5a1608aa827302c9a03d5619b,524c434efffe00014800000010000100,,NCLR palette,Confirmed,True,False,,,,,,,,,,False,False
/pbr/pokegra.narc,/pbr/pokegra.narc!/member_00575,0,/pbr/pokegra.narc,501,575,,2410380,2410452,2386616,2386688,72,3d5545947f50cc3de2ab03fe1af2de858eb6db90c3c74b9f47ed2d7d3688963c,524c434efffe00014800000010000100,,NCLR palette,Confirmed,True,False,,,,,,,,,,False,False
/pbr/pokegra.narc,/pbr/pokegra.narc!/member_00576,0,/pbr/pokegra.narc,501,576,,2410452,2416900,2386688,2393136,6448,f00805e4eed61802dfd6ecf7aa2319e7aed7fbe485f1f8efa011747c2ecf00d2,5247434efffe00013019000010000100,,NCGR graphics,Confirmed,True,False,,,,,,,,,,False,False
/pbr/pokegra.narc,/pbr/pokegra.narc!/member_00577,0,/pbr/pokegra.narc,501,577,,2416900,2423348,2393136,2399584,6448,f00805e4eed61802dfd6ecf7aa2319e7aed7fbe485f1f8efa011747c2ecf00d2,5247434efffe00013019000010000100,,NCGR graphics,Confirmed,True,False,,,,,,,,,,False,False
/pbr/pokegra.narc,/pbr/pokegra.narc!/member_00578,0,/pbr/pokegra.narc,501,578,,2423348,2429796,2399584,2406032,6448,63b33f14020be60e372c30e9c54f8554b723db2bb4a67a50798415bc202fb339,5247434efffe00013019000010000100,,NCGR graphics,Confirmed,True,False,,,,,,,,,,False,False
/pbr/pokegra.narc,/pbr/pokegra.narc!/member_00579,0,/pbr/pokegra.narc,501,579,,2429796,2436244,2406032,2412480,6448,63b33f14020be60e372c30e9c54f8554b723db2bb4a67a50798415bc202fb339,5247434efffe00013019000010000100,,NCGR graphics,Confirmed,True,False,,,,,,,,,,False,False
/pbr/pokegra.narc,/pbr/pokegra.narc!/member_00580,0,/pbr/pokegra.narc,501,580,,2436244,2436316,2412480,2412552,72,77a3921c08a9b2a3beeccb474f487780d70d3b87508c87794b51203869359fe2,524c434efffe00014800000010000100,,NCLR palette,Confirmed,True,False,,,,,,,,,,False,False
/pbr/pokegra.narc,/pbr/pokegra.narc!/member_00581,0,/pbr/pokegra.narc,501,581,,2436316,2436388,2412552,2412624,72,8239cfd111ca8f851414532676464a56da70db250d05e254766b2dff761a1045,524c434efffe00014800000010000100,,NCLR palette,Confirmed,True,False,,,,,,,,,,False,False
/pbr/pokegra.narc,/pbr/pokegra.narc!/member_00582,0,/pbr/pokegra.narc,501,582,,2436388,2442836,2412624,2419072,6448,e29823d13c2ad4d8ad438c2655e5f858a6bc85767e87b23e2f4d9566c366089a,5247434efffe00013019000010000100,,NCGR graphics,Confirmed,True,False,,,,,,,,,,False,False
/pbr/pokegra.narc,/pbr/pokegra.narc!/member_00583,0,/pbr/pokegra.narc,501,583,,2442836,2449284,2419072,2425520,6448,de54390a6588ba36c4f67681c137b1fa82bdecdc13026add06ce904053f8efb2,5247434efffe00013019000010000100,,NCGR graphics,Confirmed,True,False,,,,,,,,,,False,False
/pbr/pokegra.narc,/pbr/pokegra.narc!/member_00584,0,/pbr/pokegra.narc,501,584,,2449284,2455732,2425520,2431968,6448,57fe2bd69f5c9b3c52d337217a6f990e8cea0264e17b8f866136a78a66dd9595,5247434efffe00013019000010000100,,NCGR graphics,Confirmed,True,False,,,,,,,,,,False,False
/pbr/pokegra.narc,/pbr/pokegra.narc!/member_00585,0,/pbr/pokegra.narc,501,585,,2455732,2462180,2431968,2438416,6448,523ff38ee108bba794f81480766043a116eb2be41998ff25d4a3761708c82c6c,5247434efffe00013019000010000100,,NCGR graphics,Confirmed,True,False,,,,,,,,,,False,False
/pbr/pokegra.narc,/pbr/pokegra.narc!/member_00586,0,/pbr/pokegra.narc,501,586,,2462180,2462252,2438416,2438488,72,2397d210df229a3619c562a2369a9755774b221d1f9d378802a9ddf1feb90cdf,524c434efffe00014800000010000100,,NCLR palette,Confirmed,True,False,,,,,,,,,,False,False
/pbr/pokegra.narc,/pbr/pokegra.narc!/member_00587,0,/pbr/pokegra.narc,501,587,,2462252,2462324,2438488,2438560,72,60ecb36b7716ee974c945e44bce141e025e93f2bc613809a2f63a89bcc586070,524c434efffe00014800000010000100,,NCLR palette,Confirmed,True,False,,,,,,,,,,False,False
/pbr/pokegra.narc,/pbr/pokegra.narc!/member_00588,0,/pbr/pokegra.narc,501,588,,2462324,2468772,2438560,2445008,6448,87cfc02830b6abf751d33a89c4170170158e91a20f7e4ca8003610505c1517ac,5247434efffe00013019000010000100,,NCGR graphics,Confirmed,True,False,,,,,,,,,,False,False
/pbr/pokegra.narc,/pbr/pokegra.narc!/member_00589,0,/pbr/pokegra.narc,501,589,,2468772,2475220,2445008,2451456,6448,87cfc02830b6abf751d33a89c4170170158e91a20f7e4ca8003610505c1517ac,5247434efffe00013019000010000100,,NCGR graphics,Confirmed,True,False,,,,,,,,,,False,False
/pbr/pokegra.narc,/pbr/pokegra.narc!/member_00590,0,/pbr/pokegra.narc,501,590,,2475220,2481668,2451456,2457904,6448,387c3db54323c0e6185380dead097c5b8a80c7f84803bfbc42504978b94e047f,5247434efffe00013019000010000100,,NCGR graphics,Confirmed,True,False,,,,,,,,,,False,False
/pbr/pokegra.narc,/pbr/pokegra.narc!/member_00591,0,/pbr/pokegra.narc,501,591,,2481668,2488116,2457904,2464352,6448,387c3db54323c0e6185380dead097c5b8a80c7f84803bfbc42504978b94e047f,5247434efffe00013019000010000100,,NCGR graphics,Confirmed,True,False,,,,,,,,,,False,False
/pbr/pokegra.narc,/pbr/pokegra.narc!/member_00592,0,/pbr/pokegra.narc,501,592,,2488116,2488188,2464352,2464424,72,7e213f25d9aa56a7534f652eb95b7ed29251a97bd8808371f7cb1e89a85a93ae,524c434efffe00014800000010000100,,NCLR palette,Confirmed,True,False,,,,,,,,,,False,False
/pbr/pokegra.narc,/pbr/pokegra.narc!/member_00593,0,/pbr/pokegra.narc,501,593,,2488188,2488260,2464424,2464496,72,fb8f242aa4390360d8da5c303a688a585fc328d37b207912b94754ab1a2aeb65,524c434efffe00014800000010000100,,NCLR palette,Confirmed,True,False,,,,,,,,,,False,False
/pbr/pokegra.narc,/pbr/pokegra.narc!/member_00594,0,/pbr/pokegra.narc,501,594,,2488260,2494708,2464496,2470944,6448,749fe0cf720b88685193bdb53448e30b6188a2ce1529b304c3c0418723c1c5f7,5247434efffe00013019000010000100,,NCGR graphics,Confirmed,True,False,,,,,,,,,,False,False
/pbr/pokegra.narc,/pbr/pokegra.narc!/member_00595,0,/pbr/pokegra.narc,501,595,,2494708,2501156,2470944,2477392,6448,749fe0cf720b88685193bdb53448e30b6188a2ce1529b304c3c0418723c1c5f7,5247434efffe00013019000010000100,,NCGR graphics,Confirmed,True,False,,,,,,,,,,False,False
/pbr/pokegra.narc,/pbr/pokegra.narc!/member_00596,0,/pbr/pokegra.narc,501,596,,2501156,2507604,2477392,2483840,6448,f85ec0b6eb3253fc65038809fec4b2cd3cb17b9026ebf6193b1c91347171d2f7,5247434efffe00013019000010000100,,NCGR graphics,Confirmed,True,False,,,,,,,,,,False,False
/pbr/pokegra.narc,/pbr/pokegra.narc!/member_00597,0,/pbr/pokegra.narc,501,597,,2507604,2514052,2483840,2490288,6448,f85ec0b6eb3253fc65038809fec4b2cd3cb17b9026ebf6193b1c91347171d2f7,5247434efffe00013019000010000100,,NCGR graphics,Confirmed,True,False,,,,,,,,,,False,False
/pbr/pokegra.narc,/pbr/pokegra.narc!/member_00598,0,/pbr/pokegra.narc,501,598,,2514052,2514124,2490288,2490360,72,f5a75fba567aae9b1a00cdcbe3e50f0cf2cf3209038bee75969b3cb09af87919,524c434efffe00014800000010000100,,NCLR palette,Confirmed,True,False,,,,,,,,,,False,False
/pbr/pokegra.narc,/pbr/pokegra.narc!/member_00599,0,/pbr/pokegra.narc,501,599,,2514124,2514196,2490360,2490432,72,6e9a0bf07c62d268830a0fd9af2817f2ed033115e4736154bd22cd35c52f29e7,524c434efffe00014800000010000100,,NCLR palette,Confirmed,True,False,,,,,,,,,,False,False
/pbr/pokegra.narc,/pbr/pokegra.narc!/member_00600,0,/pbr/pokegra.narc,501,600,,2514196,2514196,2490432,2490432,0,e3b0c44298fc1c149afbf4c8996fb92427ae41e4649b934ca495991b7852b855,,,,,,False,,,,,,,,,,False,False
/pbr/pokegra.narc,/pbr/pokegra.narc!/member_00601,0,/pbr/pokegra.narc,501,601,,2514196,2520644,2490432,2496880,6448,a605c1bcce410fd71ba3d32ed871934325620e319767f48c038a7fc80a76621c,5247434efffe00013019000010000100,,NCGR graphics,Confirmed,True,False,,,,,,,,,,False,False
/pbr/pokegra.narc,/pbr/pokegra.narc!/member_00602,0,/pbr/pokegra.narc,501,602,,2520644,2520644,2496880,2496880,0,e3b0c44298fc1c149afbf4c8996fb92427ae41e4649b934ca495991b7852b855,,,,,,False,,,,,,,,,,False,False
/pbr/pokegra.narc,/pbr/pokegra.narc!/member_00603,0,/pbr/pokegra.narc,501,603,,2520644,2527092,2496880,2503328,6448,e79e5ad3718599f63a2c173378b80fbbb3d2b01a0f73cfd8f9048fec25552171,5247434efffe00013019000010000100,,NCGR graphics,Confirmed,True,False,,,,,,,,,,False,False
/pbr/pokegra.narc,/pbr/pokegra.narc!/member_00604,0,/pbr/pokegra.narc,501,604,,2527092,2527164,2503328,2503400,72,2d760be35f7a0ad40bc3c7f91865a3c0c59265205d084ef84381300bcf088942,524c434efffe00014800000010000100,,NCLR palette,Confirmed,True,False,,,,,,,,,,False,False
/pbr/pokegra.narc,/pbr/pokegra.narc!/member_00605,0,/pbr/pokegra.narc,501,605,,2527164,2527236,2503400,2503472,72,4b618353927422092775cac2c2a847fb29edbe16503565209325489e80ecf754,524c434efffe00014800000010000100,,NCLR palette,Confirmed,True,False,,,,,,,,,,False,False
/pbr/pokegra.narc,/pbr/pokegra.narc!/member_00606,0,/pbr/pokegra.narc,501,606,,2527236,2527236,2503472,2503472,0,e3b0c44298fc1c149afbf4c8996fb92427ae41e4649b934ca495991b7852b855,,,,,,False,,,,,,,,,,False,False
/pbr/pokegra.narc,/pbr/pokegra.narc!/member_00607,0,/pbr/pokegra.narc,501,607,,2527236,2533684,2503472,2509920,6448,37421f270da9dc5d12f3f41ff7f1d9a5c8c9aa320eedd9817867184da9889c1c,5247434efffe00013019000010000100,,NCGR graphics,Confirmed,True,False,,,,,,,,,,False,False
/pbr/pokegra.narc,/pbr/pokegra.narc!/member_00608,0,/pbr/pokegra.narc,501,608,,2533684,2533684,2509920,2509920,0,e3b0c44298fc1c149afbf4c8996fb92427ae41e4649b934ca495991b7852b855,,,,,,False,,,,,,,,,,False,False
/pbr/pokegra.narc,/pbr/pokegra.narc!/member_00609,0,/pbr/pokegra.narc,501,609,,2533684,2540132,2509920,2516368,6448,762306ce844f57e707b36d4ececa0ecea9b87cdaac3269ea2e04c12139088bcd,5247434efffe00013019000010000100,,NCGR graphics,Confirmed,True,False,,,,,,,,,,False,False
/pbr/pokegra.narc,/pbr/pokegra.narc!/member_00610,0,/pbr/pokegra.narc,501,610,,2540132,2540204,2516368,2516440,72,9eec5d69a7609145cd56dfacd951d0f532e67fca9dd82c78938981cfe29e0698,524c434efffe00014800000010000100,,NCLR palette,Confirmed,True,False,,,,,,,,,,False,False
/pbr/pokegra.narc,/pbr/pokegra.narc!/member_00611,0,/pbr/pokegra.narc,501,611,,2540204,2540276,2516440,2516512,72,d8be90de621146c11ef58a97d3327aba66dc7b37d0764530f5d4cb1154e4db33,524c434efffe00014800000010000100,,NCLR palette,Confirmed,True,False,,,,,,,,,,False,False
/pbr/pokegra.narc,/pbr/pokegra.narc!/member_00612,0,/pbr/pokegra.narc,501,612,,2540276,2546724,2516512,2522960,6448,4a527882b470832ae751e8c902c7fa0685232328a90a90388e7be923e2494858,5247434efffe00013019000010000100,,NCGR graphics,Confirmed,True,False,,,,,,,,,,False,False
/pbr/pokegra.narc,/pbr/pokegra.narc!/member_00613,0,/pbr/pokegra.narc,501,613,,2546724,2553172,2522960,2529408,6448,4a527882b470832ae751e8c902c7fa0685232328a90a90388e7be923e2494858,5247434efffe00013019000010000100,,NCGR graphics,Confirmed,True,False,,,,,,,,,,False,False
/pbr/pokegra.narc,/pbr/pokegra.narc!/member_00614,0,/pbr/pokegra.narc,501,614,,2553172,2559620,2529408,2535856,6448,986e15c6beee5f26ecfa943ac3ea7ca6cc89d5a3966407683251c35377d650ea,5247434efffe00013019000010000100,,NCGR graphics,Confirmed,True,False,,,,,,,,,,False,False
/pbr/pokegra.narc,/pbr/pokegra.narc!/member_00615,0,/pbr/pokegra.narc,501,615,,2559620,2566068,2535856,2542304,6448,986e15c6beee5f26ecfa943ac3ea7ca6cc89d5a3966407683251c35377d650ea,5247434efffe00013019000010000100,,NCGR graphics,Confirmed,True,False,,,,,,,,,,False,False
/pbr/pokegra.narc,/pbr/pokegra.narc!/member_00616,0,/pbr/pokegra.narc,501,616,,2566068,2566140,2542304,2542376,72,d8b9ee19ce086f49d0076c9fd52de9b05887203c8fed8ca5c6136c39b9a070eb,524c434efffe00014800000010000100,,NCLR palette,Confirmed,True,False,,,,,,,,,,False,False
/pbr/pokegra.narc,/pbr/pokegra.narc!/member_00617,0,/pbr/pokegra.narc,501,617,,2566140,2566212,2542376,2542448,72,34e4c6164128c54dfd7956b4cd573f4d3fdb41ab944f93341f3a1cc45122d6ab,524c434efffe00014800000010000100,,NCLR palette,Confirmed,True,False,,,,,,,,,,False,False
/pbr/pokegra.narc,/pbr/pokegra.narc!/member_00618,0,/pbr/pokegra.narc,501,618,,2566212,2572660,2542448,2548896,6448,2007d123eae14264f6d972db399ae0f59d22ecb3f4ced542a449a02382f18be0,5247434efffe00013019000010000100,,NCGR graphics,Confirmed,True,False,,,,,,,,,,False,False
/pbr/pokegra.narc,/pbr/pokegra.narc!/member_00619,0,/pbr/pokegra.narc,501,619,,2572660,2579108,2548896,2555344,6448,2007d123eae14264f6d972db399ae0f59d22ecb3f4ced542a449a02382f18be0,5247434efffe00013019000010000100,,NCGR graphics,Confirmed,True,False,,,,,,,,,,False,False
/pbr/pokegra.narc,/pbr/pokegra.narc!/member_00620,0,/pbr/pokegra.narc,501,620,,2579108,2585556,2555344,2561792,6448,e7a70657ec94342f4cecebb3161e53146cfa4edf887187845d1bb89c3b457b41,5247434efffe00013019000010000100,,NCGR graphics,Confirmed,True,False,,,,,,,,,,False,False
/pbr/pokegra.narc,/pbr/pokegra.narc!/member_00621,0,/pbr/pokegra.narc,501,621,,2585556,2592004,2561792,2568240,6448,e7a70657ec94342f4cecebb3161e53146cfa4edf887187845d1bb89c3b457b41,5247434efffe00013019000010000100,,NCGR graphics,Confirmed,True,False,,,,,,,,,,False,False
/pbr/pokegra.narc,/pbr/pokegra.narc!/member_00622,0,/pbr/pokegra.narc,501,622,,2592004,2592076,2568240,2568312,72,c541f78e0d904888b8261d4b809a923f05982c836a77758463f990f3f19957cb,524c434efffe00014800000010000100,,NCLR palette,Confirmed,True,False,,,,,,,,,,False,False
/pbr/pokegra.narc,/pbr/pokegra.narc!/member_00623,0,/pbr/pokegra.narc,501,623,,2592076,2592148,2568312,2568384,72,7782d309528de2c1b6428f60e9e746d45eaa68e6270ec71855b516a223a7487b,524c434efffe00014800000010000100,,NCLR palette,Confirmed,True,False,,,,,,,,,,False,False
/pbr/pokegra.narc,/pbr/pokegra.narc!/member_00624,0,/pbr/pokegra.narc,501,624,,2592148,2598596,2568384,2574832,6448,2d14d8314d54ba2a8395b508a72f1a5a0bab3257931f2dcbe04dceb8bcaae917,5247434efffe00013019000010000100,,NCGR graphics,Confirmed,True,False,,,,,,,,,,False,False
/pbr/pokegra.narc,/pbr/pokegra.narc!/member_00625,0,/pbr/pokegra.narc,501,625,,2598596,2605044,2574832,2581280,6448,2d14d8314d54ba2a8395b508a72f1a5a0bab3257931f2dcbe04dceb8bcaae917,5247434efffe00013019000010000100,,NCGR graphics,Confirmed,True,False,,,,,,,,,,False,False
/pbr/pokegra.narc,/pbr/pokegra.narc!/member_00626,0,/pbr/pokegra.narc,501,626,,2605044,2611492,2581280,2587728,6448,ac2ad0718e1abde3238d3535e06b8c748f8410aeff6aef041173d3ee19d0c6eb,5247434efffe00013019000010000100,,NCGR graphics,Confirmed,True,False,,,,,,,,,,False,False
/pbr/pokegra.narc,/pbr/pokegra.narc!/member_00627,0,/pbr/pokegra.narc,501,627,,2611492,2617940,2587728,2594176,6448,ac2ad0718e1abde3238d3535e06b8c748f8410aeff6aef041173d3ee19d0c6eb,5247434efffe00013019000010000100,,NCGR graphics,Confirmed,True,False,,,,,,,,,,False,False
/pbr/pokegra.narc,/pbr/pokegra.narc!/member_00628,0,/pbr/pokegra.narc,501,628,,2617940,2618012,2594176,2594248,72,c49dc77e9982d504ddfe4540f2cb5f952b1704f8e29300f7e78a4ffe89a386d1,524c434efffe00014800000010000100,,NCLR palette,Confirmed,True,False,,,,,,,,,,False,False
/pbr/pokegra.narc,/pbr/pokegra.narc!/member_00629,0,/pbr/pokegra.narc,501,629,,2618012,2618084,2594248,2594320,72,40104284545b60143186b57404cf87d42a5a24abbc9848024648de9f70a6a7a9,524c434efffe00014800000010000100,,NCLR palette,Confirmed,True,False,,,,,,,,,,False,False
/pbr/pokegra.narc,/pbr/pokegra.narc!/member_00630,0,/pbr/pokegra.narc,501,630,,2618084,2624532,2594320,2600768,6448,5f05ad4e77a747ee716d349d491c208bc07fbf3895e833dd8f9cbcf31a0f17bd,5247434efffe00013019000010000100,,NCGR graphics,Confirmed,True,False,,,,,,,,,,False,False
/pbr/pokegra.narc,/pbr/pokegra.narc!/member_00631,0,/pbr/pokegra.narc,501,631,,2624532,2630980,2600768,2607216,6448,5f05ad4e77a747ee716d349d491c208bc07fbf3895e833dd8f9cbcf31a0f17bd,5247434efffe00013019000010000100,,NCGR graphics,Confirmed,True,False,,,,,,,,,,False,False
/pbr/pokegra.narc,/pbr/pokegra.narc!/member_00632,0,/pbr/pokegra.narc,501,632,,2630980,2637428,2607216,2613664,6448,8821e960db5fde8115b91caff7ef721e318f774604c0848484d24638291895d3,5247434efffe00013019000010000100,,NCGR graphics,Confirmed,True,False,,,,,,,,,,False,False
/pbr/pokegra.narc,/pbr/pokegra.narc!/member_00633,0,/pbr/pokegra.narc,501,633,,2637428,2643876,2613664,2620112,6448,8821e960db5fde8115b91caff7ef721e318f774604c0848484d24638291895d3,5247434efffe00013019000010000100,,NCGR graphics,Confirmed,True,False,,,,,,,,,,False,False
/pbr/pokegra.narc,/pbr/pokegra.narc!/member_00634,0,/pbr/pokegra.narc,501,634,,2643876,2643948,2620112,2620184,72,30454c0a3462f770680956d1538a26986086f664be2a8fd315de2f64ef7f4d57,524c434efffe00014800000010000100,,NCLR palette,Confirmed,True,False,,,,,,,,,,False,False
/pbr/pokegra.narc,/pbr/pokegra.narc!/member_00635,0,/pbr/pokegra.narc,501,635,,2643948,2644020,2620184,2620256,72,8364766633880dde62db197f83cedf90a6a9a0768cb2da49241ed6ae2deff153,524c434efffe00014800000010000100,,NCLR palette,Confirmed,True,False,,,,,,,,,,False,False
/pbr/pokegra.narc,/pbr/pokegra.narc!/member_00636,0,/pbr/pokegra.narc,501,636,,2644020,2644020,2620256,2620256,0,e3b0c44298fc1c149afbf4c8996fb92427ae41e4649b934ca495991b7852b855,,,,,,False,,,,,,,,,,False,False
/pbr/pokegra.narc,/pbr/pokegra.narc!/member_00637,0,/pbr/pokegra.narc,501,637,,2644020,2650468,2620256,2626704,6448,7b41e60a53e2ff7c0b65e2ceba4309c9f7e81e24d5672858ca3107ae886bbbb8,5247434efffe00013019000010000100,,NCGR graphics,Confirmed,True,False,,,,,,,,,,False,False
/pbr/pokegra.narc,/pbr/pokegra.narc!/member_00638,0,/pbr/pokegra.narc,501,638,,2650468,2650468,2626704,2626704,0,e3b0c44298fc1c149afbf4c8996fb92427ae41e4649b934ca495991b7852b855,,,,,,False,,,,,,,,,,False,False
/pbr/pokegra.narc,/pbr/pokegra.narc!/member_00639,0,/pbr/pokegra.narc,501,639,,2650468,2656916,2626704,2633152,6448,c9cb13cbe23f532eacaa4b6164d1b8e4c42541639682e4becc6323744d48b93d,5247434efffe00013019000010000100,,NCGR graphics,Confirmed,True,False,,,,,,,,,,False,False
/pbr/pokegra.narc,/pbr/pokegra.narc!/member_00640,0,/pbr/pokegra.narc,501,640,,2656916,2656988,2633152,2633224,72,eb4368258bc27738c68f758d97d0449cde6e66e0ef37986ea3d9782f7d9bc368,524c434efffe00014800000010000100,,NCLR palette,Confirmed,True,False,,,,,,,,,,False,False
/pbr/pokegra.narc,/pbr/pokegra.narc!/member_00641,0,/pbr/pokegra.narc,501,641,,2656988,2657060,2633224,2633296,72,0b5b000915e16c1cebb91545de117bc53d1f8d8a3129c80444c52519529886b1,524c434efffe00014800000010000100,,NCLR palette,Confirmed,True,False,,,,,,,,,,False,False
/pbr/pokegra.narc,/pbr/pokegra.narc!/member_00642,0,/pbr/pokegra.narc,501,642,,2657060,2657060,2633296,2633296,0,e3b0c44298fc1c149afbf4c8996fb92427ae41e4649b934ca495991b7852b855,,,,,,False,,,,,,,,,,False,False
/pbr/pokegra.narc,/pbr/pokegra.narc!/member_00643,0,/pbr/pokegra.narc,501,643,,2657060,2663508,2633296,2639744,6448,fa2668cf4bcf6e8d295767bb2e413db1f4ec3e5b6edf8840f5f766ebd1d485f8,5247434efffe00013019000010000100,,NCGR graphics,Confirmed,True,False,,,,,,,,,,False,False
/pbr/pokegra.narc,/pbr/pokegra.narc!/member_00644,0,/pbr/pokegra.narc,501,644,,2663508,2663508,2639744,2639744,0,e3b0c44298fc1c149afbf4c8996fb92427ae41e4649b934ca495991b7852b855,,,,,,False,,,,,,,,,,False,False
/pbr/pokegra.narc,/pbr/pokegra.narc!/member_00645,0,/pbr/pokegra.narc,501,645,,2663508,2669956,2639744,2646192,6448,da9046fec3fdd35e90fce911087c605b24284202198b7937436cc86dd7ec4d00,5247434efffe00013019000010000100,,NCGR graphics,Confirmed,True,False,,,,,,,,,,False,False
/pbr/pokegra.narc,/pbr/pokegra.narc!/member_00646,0,/pbr/pokegra.narc,501,646,,2669956,2670028,2646192,2646264,72,71fe27e763cfd20fc11d644efae7d5eca3589e202fad80077902d247cb9073af,524c434efffe00014800000010000100,,NCLR palette,Confirmed,True,False,,,,,,,,,,False,False
/pbr/pokegra.narc,/pbr/pokegra.narc!/member_00647,0,/pbr/pokegra.narc,501,647,,2670028,2670100,2646264,2646336,72,ba6cac0d42065332b119fbc01d6356ce3ba7416d9df9130df615a39a2ebdda44,524c434efffe00014800000010000100,,NCLR palette,Confirmed,True,False,,,,,,,,,,False,False
/pbr/pokegra.narc,/pbr/pokegra.narc!/member_00648,0,/pbr/pokegra.narc,501,648,,2670100,2676548,2646336,2652784,6448,5f00231fa4066478802a4227a5e4e01552ebe5dcb83842683ab7f9b64970e345,5247434efffe00013019000010000100,,NCGR graphics,Confirmed,True,False,,,,,,,,,,False,False
/pbr/pokegra.narc,/pbr/pokegra.narc!/member_00649,0,/pbr/pokegra.narc,501,649,,2676548,2682996,2652784,2659232,6448,5f00231fa4066478802a4227a5e4e01552ebe5dcb83842683ab7f9b64970e345,5247434efffe00013019000010000100,,NCGR graphics,Confirmed,True,False,,,,,,,,,,False,False
/pbr/pokegra.narc,/pbr/pokegra.narc!/member_00650,0,/pbr/pokegra.narc,501,650,,2682996,2689444,2659232,2665680,6448,8b925ce7ee4a6aeaf2515b759da626986a32c8dccff1016f99ce77b9d12a88a8,5247434efffe00013019000010000100,,NCGR graphics,Confirmed,True,False,,,,,,,,,,False,False
/pbr/pokegra.narc,/pbr/pokegra.narc!/member_00651,0,/pbr/pokegra.narc,501,651,,2689444,2695892,2665680,2672128,6448,8b925ce7ee4a6aeaf2515b759da626986a32c8dccff1016f99ce77b9d12a88a8,5247434efffe00013019000010000100,,NCGR graphics,Confirmed,True,False,,,,,,,,,,False,False
/pbr/pokegra.narc,/pbr/pokegra.narc!/member_00652,0,/pbr/pokegra.narc,501,652,,2695892,2695964,2672128,2672200,72,0847d0c0d4a1274f49e26040704d53f1ec48957112123615ae9a33b4e949cc53,524c434efffe00014800000010000100,,NCLR palette,Confirmed,True,False,,,,,,,,,,False,False
/pbr/pokegra.narc,/pbr/pokegra.narc!/member_00653,0,/pbr/pokegra.narc,501,653,,2695964,2696036,2672200,2672272,72,40fe0c7986336e253a3b17c959d708dd73332b90ec095ac8e67f0ad1018ab07a,524c434efffe00014800000010000100,,NCLR palette,Confirmed,True,False,,,,,,,,,,False,False
/pbr/pokegra.narc,/pbr/pokegra.narc!/member_00654,0,/pbr/pokegra.narc,501,654,,2696036,2702484,2672272,2678720,6448,b2fcba7ed377492149257f342f15f64e41dfa07eb03531bf419b39f2797934bc,5247434efffe00013019000010000100,,NCGR graphics,Confirmed,True,False,,,,,,,,,,False,False
/pbr/pokegra.narc,/pbr/pokegra.narc!/member_00655,0,/pbr/pokegra.narc,501,655,,2702484,2708932,2678720,2685168,6448,b2fcba7ed377492149257f342f15f64e41dfa07eb03531bf419b39f2797934bc,5247434efffe00013019000010000100,,NCGR graphics,Confirmed,True,False,,,,,,,,,,False,False
/pbr/pokegra.narc,/pbr/pokegra.narc!/member_00656,0,/pbr/pokegra.narc,501,656,,2708932,2715380,2685168,2691616,6448,1427c9eaa783b2cf4fa3bf11e54c6a70166cbf1de536ed1c2522fa7edc184c7b,5247434efffe00013019000010000100,,NCGR graphics,Confirmed,True,False,,,,,,,,,,False,False
/pbr/pokegra.narc,/pbr/pokegra.narc!/member_00657,0,/pbr/pokegra.narc,501,657,,2715380,2721828,2691616,2698064,6448,1427c9eaa783b2cf4fa3bf11e54c6a70166cbf1de536ed1c2522fa7edc184c7b,5247434efffe00013019000010000100,,NCGR graphics,Confirmed,True,False,,,,,,,,,,False,False
/pbr/pokegra.narc,/pbr/pokegra.narc!/member_00658,0,/pbr/pokegra.narc,501,658,,2721828,2721900,2698064,2698136,72,5575f11ec7d820c9f3566b8e766639363d1cc53bf8b22a6c4af656f1bf1e22a1,524c434efffe00014800000010000100,,NCLR palette,Confirmed,True,False,,,,,,,,,,False,False
/pbr/pokegra.narc,/pbr/pokegra.narc!/member_00659,0,/pbr/pokegra.narc,501,659,,2721900,2721972,2698136,2698208,72,ad477099c4431eb053c11d1bd6f09e13c94b1af5ddadebbb6b67148a1e816781,524c434efffe00014800000010000100,,NCLR palette,Confirmed,True,False,,,,,,,,,,False,False
/pbr/pokegra.narc,/pbr/pokegra.narc!/member_00660,0,/pbr/pokegra.narc,501,660,,2721972,2728420,2698208,2704656,6448,6c1e718ec8107628a28bbe1331547128b10dab126acb99fbb465c5916a5c8dfb,5247434efffe00013019000010000100,,NCGR graphics,Confirmed,True,False,,,,,,,,,,False,False
/pbr/pokegra.narc,/pbr/pokegra.narc!/member_00661,0,/pbr/pokegra.narc,501,661,,2728420,2734868,2704656,2711104,6448,6c1e718ec8107628a28bbe1331547128b10dab126acb99fbb465c5916a5c8dfb,5247434efffe00013019000010000100,,NCGR graphics,Confirmed,True,False,,,,,,,,,,False,False
/pbr/pokegra.narc,/pbr/pokegra.narc!/member_00662,0,/pbr/pokegra.narc,501,662,,2734868,2741316,2711104,2717552,6448,7c834b3291daf07d849228ea53fbfa8bc883e7340585741f620d1f2fb9e70a14,5247434efffe00013019000010000100,,NCGR graphics,Confirmed,True,False,,,,,,,,,,False,False
/pbr/pokegra.narc,/pbr/pokegra.narc!/member_00663,0,/pbr/pokegra.narc,501,663,,2741316,2747764,2717552,2724000,6448,7c834b3291daf07d849228ea53fbfa8bc883e7340585741f620d1f2fb9e70a14,5247434efffe00013019000010000100,,NCGR graphics,Confirmed,True,False,,,,,,,,,,False,False
/pbr/pokegra.narc,/pbr/pokegra.narc!/member_00664,0,/pbr/pokegra.narc,501,664,,2747764,2747836,2724000,2724072,72,e0db75593a9432da244b74de05e332f6fe6106a0d74b5ea96b1da1bb6c2f8b59,524c434efffe00014800000010000100,,NCLR palette,Confirmed,True,False,,,,,,,,,,False,False
/pbr/pokegra.narc,/pbr/pokegra.narc!/member_00665,0,/pbr/pokegra.narc,501,665,,2747836,2747908,2724072,2724144,72,68c78f6c3a8654459019ff9d6a9d9c43e2df991c501249468a2dc3636684c98f,524c434efffe00014800000010000100,,NCLR palette,Confirmed,True,False,,,,,,,,,,False,False
/pbr/pokegra.narc,/pbr/pokegra.narc!/member_00666,0,/pbr/pokegra.narc,501,666,,2747908,2754356,2724144,2730592,6448,0aa800b776c05c560e8002fa664cc12599191f1bc38fa81041dd3ed21ef7b707,5247434efffe00013019000010000100,,NCGR graphics,Confirmed,True,False,,,,,,,,,,False,False
/pbr/pokegra.narc,/pbr/pokegra.narc!/member_00667,0,/pbr/pokegra.narc,501,667,,2754356,2760804,2730592,2737040,6448,2c7fa86d9414a8ffc207d4205a2eb6384dd9d7fed3421c997f3488f24cc13af2,5247434efffe00013019000010000100,,NCGR graphics,Confirmed,True,False,,,,,,,,,,False,False
/pbr/pokegra.narc,/pbr/pokegra.narc!/member_00668,0,/pbr/pokegra.narc,501,668,,2760804,2767252,2737040,2743488,6448,8f66850c65a00a31ca1f28cee88b8a6827ffe70cf5835b5fc180acc164aaa58b,5247434efffe00013019000010000100,,NCGR graphics,Confirmed,True,False,,,,,,,,,,False,False
/pbr/pokegra.narc,/pbr/pokegra.narc!/member_00669,0,/pbr/pokegra.narc,501,669,,2767252,2773700,2743488,2749936,6448,b4213b34c698fc4e2d3d9afc1fdfdcabcd6a2ae71aaaeae342f2bb3c142e2160,5247434efffe00013019000010000100,,NCGR graphics,Confirmed,True,False,,,,,,,,,,False,False
/pbr/pokegra.narc,/pbr/pokegra.narc!/member_00670,0,/pbr/pokegra.narc,501,670,,2773700,2773772,2749936,2750008,72,95f4bb9e64f61e919efd2d8ade8724f155d37b7f49ff762dad967ddc8655bff8,524c434efffe00014800000010000100,,NCLR palette,Confirmed,True,False,,,,,,,,,,False,False
/pbr/pokegra.narc,/pbr/pokegra.narc!/member_00671,0,/pbr/pokegra.narc,501,671,,2773772,2773844,2750008,2750080,72,9d6ca6d85815c6b4a517c14cbba783f019a6b7b6123fc8ad641199c5bc0e0029,524c434efffe00014800000010000100,,NCLR palette,Confirmed,True,False,,,,,,,,,,False,False
/pbr/pokegra.narc,/pbr/pokegra.narc!/member_00672,0,/pbr/pokegra.narc,501,672,,2773844,2780292,2750080,2756528,6448,b52b8fd646866bfd1edb43b45277e08ce8791e2ff24ee12bb1ac66599f213761,5247434efffe00013019000010000100,,NCGR graphics,Confirmed,True,False,,,,,,,,,,False,False
/pbr/pokegra.narc,/pbr/pokegra.narc!/member_00673,0,/pbr/pokegra.narc,501,673,,2780292,2786740,2756528,2762976,6448,f081831bfc331296283628f21531eaf25de984c4dce1d314fb78801ac50f96a2,5247434efffe00013019000010000100,,NCGR graphics,Confirmed,True,False,,,,,,,,,,False,False
/pbr/pokegra.narc,/pbr/pokegra.narc!/member_00674,0,/pbr/pokegra.narc,501,674,,2786740,2793188,2762976,2769424,6448,2b8d717cd70156a1ec330a4b789d92e4b67a4c442297d5c4ba5f63ca817cb68c,5247434efffe00013019000010000100,,NCGR graphics,Confirmed,True,False,,,,,,,,,,False,False
/pbr/pokegra.narc,/pbr/pokegra.narc!/member_00675,0,/pbr/pokegra.narc,501,675,,2793188,2799636,2769424,2775872,6448,fe3fe72a075a86b83242c2eccd08ba7cc8c9bf1329af8704c082f51ec7d8f129,5247434efffe00013019000010000100,,NCGR graphics,Confirmed,True,False,,,,,,,,,,False,False
/pbr/pokegra.narc,/pbr/pokegra.narc!/member_00676,0,/pbr/pokegra.narc,501,676,,2799636,2799708,2775872,2775944,72,c1fd2a98f39ea6264b095fe604397fecf37529375367e3faddbf4bb8bf3bba43,524c434efffe00014800000010000100,,NCLR palette,Confirmed,True,False,,,,,,,,,,False,False
/pbr/pokegra.narc,/pbr/pokegra.narc!/member_00677,0,/pbr/pokegra.narc,501,677,,2799708,2799780,2775944,2776016,72,6fb647aa5f9108f888ec45a79bf5108794e0f08aeed9bf3fc810babcb77d0312,524c434efffe00014800000010000100,,NCLR palette,Confirmed,True,False,,,,,,,,,,False,False
/pbr/pokegra.narc,/pbr/pokegra.narc!/member_00678,0,/pbr/pokegra.narc,501,678,,2799780,2806228,2776016,2782464,6448,d7667b6979850df154410d8be9fb1cf173134935722fb18033549da2afc026b7,5247434efffe00013019000010000100,,NCGR graphics,Confirmed,True,False,,,,,,,,,,False,False
/pbr/pokegra.narc,/pbr/pokegra.narc!/member_00679,0,/pbr/pokegra.narc,501,679,,2806228,2806228,2782464,2782464,0,e3b0c44298fc1c149afbf4c8996fb92427ae41e4649b934ca495991b7852b855,,,,,,False,,,,,,,,,,False,False
/pbr/pokegra.narc,/pbr/pokegra.narc!/member_00680,0,/pbr/pokegra.narc,501,680,,2806228,2812676,2782464,2788912,6448,e2d8403ad70d4bd80ff738150401a32f0029f92f73f302e78826f12307fe4676,5247434efffe00013019000010000100,,NCGR graphics,Confirmed,True,False,,,,,,,,,,False,False
/pbr/pokegra.narc,/pbr/pokegra.narc!/member_00681,0,/pbr/pokegra.narc,501,681,,2812676,2812676,2788912,2788912,0,e3b0c44298fc1c149afbf4c8996fb92427ae41e4649b934ca495991b7852b855,,,,,,False,,,,,,,,,,False,False
/pbr/pokegra.narc,/pbr/pokegra.narc!/member_00682,0,/pbr/pokegra.narc,501,682,,2812676,2812748,2788912,2788984,72,76ddd1bd427b6485c9f52d78f77aafbf4fbbf7a76362c0627fc0ad854263e8ad,524c434efffe00014800000010000100,,NCLR palette,Confirmed,True,False,,,,,,,,,,False,False
/pbr/pokegra.narc,/pbr/pokegra.narc!/member_00683,0,/pbr/pokegra.narc,501,683,,2812748,2812820,2788984,2789056,72,6aa7f0c6efb2edea0426b3c586bbb1c8e05162aa83b0ee900d067be0cd8c97f2,524c434efffe00014800000010000100,,NCLR palette,Confirmed,True,False,,,,,,,,,,False,False
/pbr/pokegra.narc,/pbr/pokegra.narc!/member_00684,0,/pbr/pokegra.narc,501,684,,2812820,2819268,2789056,2795504,6448,7b20443a68d36c739c351fa6a24a78c8f062691e19e6f32f9bc1fb08390ea3e2,5247434efffe00013019000010000100,,NCGR graphics,Confirmed,True,False,,,,,,,,,,False,False
/pbr/pokegra.narc,/pbr/pokegra.narc!/member_00685,0,/pbr/pokegra.narc,501,685,,2819268,2825716,2795504,2801952,6448,7b20443a68d36c739c351fa6a24a78c8f062691e19e6f32f9bc1fb08390ea3e2,5247434efffe00013019000010000100,,NCGR graphics,Confirmed,True,False,,,,,,,,,,False,False
/pbr/pokegra.narc,/pbr/pokegra.narc!/member_00686,0,/pbr/pokegra.narc,501,686,,2825716,2832164,2801952,2808400,6448,866dc6f1233c009db74b2bdf5df6d9a9d9b615597465380befba3d973af09ecd,5247434efffe00013019000010000100,,NCGR graphics,Confirmed,True,False,,,,,,,,,,False,False
/pbr/pokegra.narc,/pbr/pokegra.narc!/member_00687,0,/pbr/pokegra.narc,501,687,,2832164,2838612,2808400,2814848,6448,866dc6f1233c009db74b2bdf5df6d9a9d9b615597465380befba3d973af09ecd,5247434efffe00013019000010000100,,NCGR graphics,Confirmed,True,False,,,,,,,,,,False,False
/pbr/pokegra.narc,/pbr/pokegra.narc!/member_00688,0,/pbr/pokegra.narc,501,688,,2838612,2838684,2814848,2814920,72,6af1346dec7bf6583d991288aeea6273eb527fba8f758124c037584342de485a,524c434efffe00014800000010000100,,NCLR palette,Confirmed,True,False,,,,,,,,,,False,False
/pbr/pokegra.narc,/pbr/pokegra.narc!/member_00689,0,/pbr/pokegra.narc,501,689,,2838684,2838756,2814920,2814992,72,77013804f514054b6dca4bc7d26f9d7b0b61347944516327d85ea45e1fc1bd5a,524c434efffe00014800000010000100,,NCLR palette,Confirmed,True,False,,,,,,,,,,False,False
/pbr/pokegra.narc,/pbr/pokegra.narc!/member_00690,0,/pbr/pokegra.narc,501,690,,2838756,2845204,2814992,2821440,6448,340f628675d0a7611f98aadb1cefd8cd5c5d1673d27a8c25ae94f0c6ee1520ed,5247434efffe00013019000010000100,,NCGR graphics,Confirmed,True,False,,,,,,,,,,False,False
/pbr/pokegra.narc,/pbr/pokegra.narc!/member_00691,0,/pbr/pokegra.narc,501,691,,2845204,2845204,2821440,2821440,0,e3b0c44298fc1c149afbf4c8996fb92427ae41e4649b934ca495991b7852b855,,,,,,False,,,,,,,,,,False,False
/pbr/pokegra.narc,/pbr/pokegra.narc!/member_00692,0,/pbr/pokegra.narc,501,692,,2845204,2851652,2821440,2827888,6448,8076e6e6e24af4cd37fcb87e0d9551fbd9c04eabd4c9b960cf7b714d59e8105f,5247434efffe00013019000010000100,,NCGR graphics,Confirmed,True,False,,,,,,,,,,False,False
/pbr/pokegra.narc,/pbr/pokegra.narc!/member_00693,0,/pbr/pokegra.narc,501,693,,2851652,2851652,2827888,2827888,0,e3b0c44298fc1c149afbf4c8996fb92427ae41e4649b934ca495991b7852b855,,,,,,False,,,,,,,,,,False,False
/pbr/pokegra.narc,/pbr/pokegra.narc!/member_00694,0,/pbr/pokegra.narc,501,694,,2851652,2851724,2827888,2827960,72,0f344860bfc5e358a55ae42a0f26d10f968a4c1fb4fd2bc794378a6851ecfc6f,524c434efffe00014800000010000100,,NCLR palette,Confirmed,True,False,,,,,,,,,,False,False
/pbr/pokegra.narc,/pbr/pokegra.narc!/member_00695,0,/pbr/pokegra.narc,501,695,,2851724,2851796,2827960,2828032,72,ca346c99ca8ee7442f0870299f238b987829348213bfc899b943534219f60f2b,524c434efffe00014800000010000100,,NCLR palette,Confirmed,True,False,,,,,,,,,,False,False
/pbr/pokegra.narc,/pbr/pokegra.narc!/member_00696,0,/pbr/pokegra.narc,501,696,,2851796,2858244,2828032,2834480,6448,51a62708a67dfa8e7e114655441d3648752856f0d5418eecca3fe7df166a9058,5247434efffe00013019000010000100,,NCGR graphics,Confirmed,True,False,,,,,,,,,,False,False
/pbr/pokegra.narc,/pbr/pokegra.narc!/member_00697,0,/pbr/pokegra.narc,501,697,,2858244,2864692,2834480,2840928,6448,51a62708a67dfa8e7e114655441d3648752856f0d5418eecca3fe7df166a9058,5247434efffe00013019000010000100,,NCGR graphics,Confirmed,True,False,,,,,,,,,,False,False
/pbr/pokegra.narc,/pbr/pokegra.narc!/member_00698,0,/pbr/pokegra.narc,501,698,,2864692,2871140,2840928,2847376,6448,ce652f484aee7a94667ac25491cff216a95c0c134fc0f5a1db820864fda74082,5247434efffe00013019000010000100,,NCGR graphics,Confirmed,True,False,,,,,,,,,,False,False
/pbr/pokegra.narc,/pbr/pokegra.narc!/member_00699,0,/pbr/pokegra.narc,501,699,,2871140,2877588,2847376,2853824,6448,ce652f484aee7a94667ac25491cff216a95c0c134fc0f5a1db820864fda74082,5247434efffe00013019000010000100,,NCGR graphics,Confirmed,True,False,,,,,,,,,,False,False
/pbr/pokegra.narc,/pbr/pokegra.narc!/member_00700,0,/pbr/pokegra.narc,501,700,,2877588,2877660,2853824,2853896,72,2c8069ddfbfa1f394709138b9c3fce5ac9e5744339c16f25b8a3df46b3d3a541,524c434efffe00014800000010000100,,NCLR palette,Confirmed,True,False,,,,,,,,,,False,False
/pbr/pokegra.narc,/pbr/pokegra.narc!/member_00701,0,/pbr/pokegra.narc,501,701,,2877660,2877732,2853896,2853968,72,08880495f13e2a7c9f101e457a4c792122bf793a983deec9b6909a495ab8823a,524c434efffe00014800000010000100,,NCLR palette,Confirmed,True,False,,,,,,,,,,False,False
/pbr/pokegra.narc,/pbr/pokegra.narc!/member_00702,0,/pbr/pokegra.narc,501,702,,2877732,2884180,2853968,2860416,6448,ead618dca8b6a0f3fcde53fa9994c5c9b195c564e0b81d60925d06053001e2b5,5247434efffe00013019000010000100,,NCGR graphics,Confirmed,True,False,,,,,,,,,,False,False
/pbr/pokegra.narc,/pbr/pokegra.narc!/member_00703,0,/pbr/pokegra.narc,501,703,,2884180,2890628,2860416,2866864,6448,ead618dca8b6a0f3fcde53fa9994c5c9b195c564e0b81d60925d06053001e2b5,5247434efffe00013019000010000100,,NCGR graphics,Confirmed,True,False,,,,,,,,,,False,False
/pbr/pokegra.narc,/pbr/pokegra.narc!/member_00704,0,/pbr/pokegra.narc,501,704,,2890628,2897076,2866864,2873312,6448,c1da2be519b1ed1ff8b260d656b128e01f328db7d3c43227328774f08d369cec,5247434efffe00013019000010000100,,NCGR graphics,Confirmed,True,False,,,,,,,,,,False,False
/pbr/pokegra.narc,/pbr/pokegra.narc!/member_00705,0,/pbr/pokegra.narc,501,705,,2897076,2903524,2873312,2879760,6448,c1da2be519b1ed1ff8b260d656b128e01f328db7d3c43227328774f08d369cec,5247434efffe00013019000010000100,,NCGR graphics,Confirmed,True,False,,,,,,,,,,False,False
/pbr/pokegra.narc,/pbr/pokegra.narc!/member_00706,0,/pbr/pokegra.narc,501,706,,2903524,2903596,2879760,2879832,72,044c791b1d9e12cacaf10ed87e20472458da33624ffb2afd6953b65904c7e13e,524c434efffe00014800000010000100,,NCLR palette,Confirmed,True,False,,,,,,,,,,False,False
/pbr/pokegra.narc,/pbr/pokegra.narc!/member_00707,0,/pbr/pokegra.narc,501,707,,2903596,2903668,2879832,2879904,72,74e1bfe3c7d39f212a609694575fe05be5b765a0e606f82b6b4c74abcab92c1b,524c434efffe00014800000010000100,,NCLR palette,Confirmed,True,False,,,,,,,,,,False,False
/pbr/pokegra.narc,/pbr/pokegra.narc!/member_00708,0,/pbr/pokegra.narc,501,708,,2903668,2910116,2879904,2886352,6448,e2b2468fc5f12755407468d7d8ae35181d31693761daa1dfd20229b84af20a7b,5247434efffe00013019000010000100,,NCGR graphics,Confirmed,True,False,,,,,,,,,,False,False
/pbr/pokegra.narc,/pbr/pokegra.narc!/member_00709,0,/pbr/pokegra.narc,501,709,,2910116,2916564,2886352,2892800,6448,5b1d787dcced934afa39f7618a79bc4d52ebcaa0e402d3ef817639811fa41180,5247434efffe00013019000010000100,,NCGR graphics,Confirmed,True,False,,,,,,,,,,False,False
/pbr/pokegra.narc,/pbr/pokegra.narc!/member_00710,0,/pbr/pokegra.narc,501,710,,2916564,2923012,2892800,2899248,6448,9e1907b77b15cbb1dbf7241397ceefa7da9159ccdbcf0948b5736211a2ec63c3,5247434efffe00013019000010000100,,NCGR graphics,Confirmed,True,False,,,,,,,,,,False,False
/pbr/pokegra.narc,/pbr/pokegra.narc!/member_00711,0,/pbr/pokegra.narc,501,711,,2923012,2929460,2899248,2905696,6448,90a1cacaea7825006455209154246d63a9a2891b41527250264fa4cb8ebc3714,5247434efffe00013019000010000100,,NCGR graphics,Confirmed,True,False,,,,,,,,,,False,False
/pbr/pokegra.narc,/pbr/pokegra.narc!/member_00712,0,/pbr/pokegra.narc,501,712,,2929460,2929532,2905696,2905768,72,27ac9533a762394d9a63108721e4e7de8a4d83a3df274efcefcd5f53885db170,524c434efffe00014800000010000100,,NCLR palette,Confirmed,True,False,,,,,,,,,,False,False
/pbr/pokegra.narc,/pbr/pokegra.narc!/member_00713,0,/pbr/pokegra.narc,501,713,,2929532,2929604,2905768,2905840,72,1f66064a5af55d37fa4764d3bf96703559f73b63d31fe8c7a46a027591c7219b,524c434efffe00014800000010000100,,NCLR palette,Confirmed,True,False,,,,,,,,,,False,False
/pbr/pokegra.narc,/pbr/pokegra.narc!/member_00714,0,/pbr/pokegra.narc,501,714,,2929604,2936052,2905840,2912288,6448,2f5b0367654541a9f7f646862014d68828ef7358cc47f78971a64354bf1ae369,5247434efffe00013019000010000100,,NCGR graphics,Confirmed,True,False,,,,,,,,,,False,False
/pbr/pokegra.narc,/pbr/pokegra.narc!/member_00715,0,/pbr/pokegra.narc,501,715,,2936052,2942500,2912288,2918736,6448,5f507b78bf6b42bce5a3f17f24fd9933693ea2a35eaec47908bc797fa375a10e,5247434efffe00013019000010000100,,NCGR graphics,Confirmed,True,False,,,,,,,,,,False,False
/pbr/pokegra.narc,/pbr/pokegra.narc!/member_00716,0,/pbr/pokegra.narc,501,716,,2942500,2948948,2918736,2925184,6448,134bc4654ffef507f6cc34949898e4b44f30bd1c49ef4aa52ea1b9ecd916f390,5247434efffe00013019000010000100,,NCGR graphics,Confirmed,True,False,,,,,,,,,,False,False
/pbr/pokegra.narc,/pbr/pokegra.narc!/member_00717,0,/pbr/pokegra.narc,501,717,,2948948,2955396,2925184,2931632,6448,b4e7089a6c5a59ded7068983a1af9cf484d993b8fb8b5b897fbf26ba542e9832,5247434efffe00013019000010000100,,NCGR graphics,Confirmed,True,False,,,,,,,,,,False,False
/pbr/pokegra.narc,/pbr/pokegra.narc!/member_00718,0,/pbr/pokegra.narc,501,718,,2955396,2955468,2931632,2931704,72,79a515d5684e24b4305e68cc0069ba1c48461cd3a3299a09317fe74fc953c451,524c434efffe00014800000010000100,,NCLR palette,Confirmed,True,False,,,,,,,,,,False,False
/pbr/pokegra.narc,/pbr/pokegra.narc!/member_00719,0,/pbr/pokegra.narc,501,719,,2955468,2955540,2931704,2931776,72,bbd3028b8e04fd94a3c121c7092066e8ba552bb159ba535b6927c41d36d519df,524c434efffe00014800000010000100,,NCLR palette,Confirmed,True,False,,,,,,,,,,False,False
/pbr/pokegra.narc,/pbr/pokegra.narc!/member_00720,0,/pbr/pokegra.narc,501,720,,2955540,2955540,2931776,2931776,0,e3b0c44298fc1c149afbf4c8996fb92427ae41e4649b934ca495991b7852b855,,,,,,False,,,,,,,,,,False,False
/pbr/pokegra.narc,/pbr/pokegra.narc!/member_00721,0,/pbr/pokegra.narc,501,721,,2955540,2961988,2931776,2938224,6448,727a23cc535fde7387cd0252b79fa4e3d9e23896ab8d3591c01f707326a08c78,5247434efffe00013019000010000100,,NCGR graphics,Confirmed,True,False,,,,,,,,,,False,False
/pbr/pokegra.narc,/pbr/pokegra.narc!/member_00722,0,/pbr/pokegra.narc,501,722,,2961988,2961988,2938224,2938224,0,e3b0c44298fc1c149afbf4c8996fb92427ae41e4649b934ca495991b7852b855,,,,,,False,,,,,,,,,,False,False
/pbr/pokegra.narc,/pbr/pokegra.narc!/member_00723,0,/pbr/pokegra.narc,501,723,,2961988,2968436,2938224,2944672,6448,635e2cc3082749bfde5b852dbf929d43868354cf498306b30843950d8043c705,5247434efffe00013019000010000100,,NCGR graphics,Confirmed,True,False,,,,,,,,,,False,False
/pbr/pokegra.narc,/pbr/pokegra.narc!/member_00724,0,/pbr/pokegra.narc,501,724,,2968436,2968508,2944672,2944744,72,d5ffe6cc573473312b726d40dfd4c8d0ce94836d96531103c5cc6aefe0e4b292,524c434efffe00014800000010000100,,NCLR palette,Confirmed,True,False,,,,,,,,,,False,False
/pbr/pokegra.narc,/pbr/pokegra.narc!/member_00725,0,/pbr/pokegra.narc,501,725,,2968508,2968580,2944744,2944816,72,e0baae88725f1323c914732eed6193ec3b0f06c3b2c7e124e54f53d4cf2188c7,524c434efffe00014800000010000100,,NCLR palette,Confirmed,True,False,,,,,,,,,,False,False
/pbr/pokegra.narc,/pbr/pokegra.narc!/member_00726,0,/pbr/pokegra.narc,501,726,,2968580,2968580,2944816,2944816,0,e3b0c44298fc1c149afbf4c8996fb92427ae41e4649b934ca495991b7852b855,,,,,,False,,,,,,,,,,False,False
/pbr/pokegra.narc,/pbr/pokegra.narc!/member_00727,0,/pbr/pokegra.narc,501,727,,2968580,2975028,2944816,2951264,6448,b3c5538e0ba963003b5667b2903ab6a9f084f0974fa708089aa5ad6bb7f7767b,5247434efffe00013019000010000100,,NCGR graphics,Confirmed,True,False,,,,,,,,,,False,False
/pbr/pokegra.narc,/pbr/pokegra.narc!/member_00728,0,/pbr/pokegra.narc,501,728,,2975028,2975028,2951264,2951264,0,e3b0c44298fc1c149afbf4c8996fb92427ae41e4649b934ca495991b7852b855,,,,,,False,,,,,,,,,,False,False
/pbr/pokegra.narc,/pbr/pokegra.narc!/member_00729,0,/pbr/pokegra.narc,501,729,,2975028,2981476,2951264,2957712,6448,2b80059b21065affe1e84cb89387c8a83ebbf04bb28c831b020489622c33598d,5247434efffe00013019000010000100,,NCGR graphics,Confirmed,True,False,,,,,,,,,,False,False
/pbr/pokegra.narc,/pbr/pokegra.narc!/member_00730,0,/pbr/pokegra.narc,501,730,,2981476,2981548,2957712,2957784,72,57a429aef8bee83c551289149106ae77eb235b9d1b734fe35d13c1834e1de124,524c434efffe00014800000010000100,,NCLR palette,Confirmed,True,False,,,,,,,,,,False,False
/pbr/pokegra.narc,/pbr/pokegra.narc!/member_00731,0,/pbr/pokegra.narc,501,731,,2981548,2981620,2957784,2957856,72,f12635f6710f7a518885a7cc9f88633d6d03b3113aceec72821ae7425b17383b,524c434efffe00014800000010000100,,NCLR palette,Confirmed,True,False,,,,,,,,,,False,False
/pbr/pokegra.narc,/pbr/pokegra.narc!/member_00732,0,/pbr/pokegra.narc,501,732,,2981620,2988068,2957856,2964304,6448,b11f53d92613f38b08a73ed5ca3be12745e3797dffb3604a31679d7da006ca5f,5247434efffe00013019000010000100,,NCGR graphics,Confirmed,True,False,,,,,,,,,,False,False
/pbr/pokegra.narc,/pbr/pokegra.narc!/member_00733,0,/pbr/pokegra.narc,501,733,,2988068,2994516,2964304,2970752,6448,b11f53d92613f38b08a73ed5ca3be12745e3797dffb3604a31679d7da006ca5f,5247434efffe00013019000010000100,,NCGR graphics,Confirmed,True,False,,,,,,,,,,False,False
/pbr/pokegra.narc,/pbr/pokegra.narc!/member_00734,0,/pbr/pokegra.narc,501,734,,2994516,3000964,2970752,2977200,6448,073e00b33ffa9a3e718fa6dd10c7806c8f89398600b031400a2a1fe16a48c702,5247434efffe00013019000010000100,,NCGR graphics,Confirmed,True,False,,,,,,,,,,False,False
/pbr/pokegra.narc,/pbr/pokegra.narc!/member_00735,0,/pbr/pokegra.narc,501,735,,3000964,3007412,2977200,2983648,6448,073e00b33ffa9a3e718fa6dd10c7806c8f89398600b031400a2a1fe16a48c702,5247434efffe00013019000010000100,,NCGR graphics,Confirmed,True,False,,,,,,,,,,False,False
/pbr/pokegra.narc,/pbr/pokegra.narc!/member_00736,0,/pbr/pokegra.narc,501,736,,3007412,3007484,2983648,2983720,72,030f683d50d250570aa273c1d1e78d7da839bf4ba73793b7377af591720f29ab,524c434efffe00014800000010000100,,NCLR palette,Confirmed,True,False,,,,,,,,,,False,False
/pbr/pokegra.narc,/pbr/pokegra.narc!/member_00737,0,/pbr/pokegra.narc,501,737,,3007484,3007556,2983720,2983792,72,1d7906b2df6bc1212e07f4cf8bc9eda7af5bf9c7a2ea5847f590441bbffd76b9,524c434efffe00014800000010000100,,NCLR palette,Confirmed,True,False,,,,,,,,,,False,False
/pbr/pokegra.narc,/pbr/pokegra.narc!/member_00738,0,/pbr/pokegra.narc,501,738,,3007556,3014004,2983792,2990240,6448,6e0be9ee4b3b9575b6a8f18f3dd9de24601ece7a5268e3a8f154819071f8a031,5247434efffe00013019000010000100,,NCGR graphics,Confirmed,True,False,,,,,,,,,,False,False
/pbr/pokegra.narc,/pbr/pokegra.narc!/member_00739,0,/pbr/pokegra.narc,501,739,,3014004,3020452,2990240,2996688,6448,6e0be9ee4b3b9575b6a8f18f3dd9de24601ece7a5268e3a8f154819071f8a031,5247434efffe00013019000010000100,,NCGR graphics,Confirmed,True,False,,,,,,,,,,False,False
/pbr/pokegra.narc,/pbr/pokegra.narc!/member_00740,0,/pbr/pokegra.narc,501,740,,3020452,3026900,2996688,3003136,6448,a4c349bad319e23e4e9420c40f0ad4c45c7e58b0d65fe37078483f3e4bd4ce79,5247434efffe00013019000010000100,,NCGR graphics,Confirmed,True,False,,,,,,,,,,False,False
/pbr/pokegra.narc,/pbr/pokegra.narc!/member_00741,0,/pbr/pokegra.narc,501,741,,3026900,3033348,3003136,3009584,6448,197f53a336aa1c0c8b5b3b1c3a3f2282000aaf349917a04b9357dc153db061fb,5247434efffe00013019000010000100,,NCGR graphics,Confirmed,True,False,,,,,,,,,,False,False
/pbr/pokegra.narc,/pbr/pokegra.narc!/member_00742,0,/pbr/pokegra.narc,501,742,,3033348,3033420,3009584,3009656,72,caf5f7cd4efbf70d26312333495e19bab302b49b0956140bfe59f14a216ab3c4,524c434efffe00014800000010000100,,NCLR palette,Confirmed,True,False,,,,,,,,,,False,False
/pbr/pokegra.narc,/pbr/pokegra.narc!/member_00743,0,/pbr/pokegra.narc,501,743,,3033420,3033492,3009656,3009728,72,02df84747f6e974d3bec0fb3d0a30a012f2c323f2f184061928b49d090edb024,524c434efffe00014800000010000100,,NCLR palette,Confirmed,True,False,,,,,,,,,,False,False
/pbr/pokegra.narc,/pbr/pokegra.narc!/member_00744,0,/pbr/pokegra.narc,501,744,,3033492,3039940,3009728,3016176,6448,bf0712b416cdbe122276c702f891ec9a304f5200a1e4572e14631d676e87eeeb,5247434efffe00013019000010000100,,NCGR graphics,Confirmed,True,False,,,,,,,,,,False,False
/pbr/pokegra.narc,/pbr/pokegra.narc!/member_00745,0,/pbr/pokegra.narc,501,745,,3039940,3039940,3016176,3016176,0,e3b0c44298fc1c149afbf4c8996fb92427ae41e4649b934ca495991b7852b855,,,,,,False,,,,,,,,,,False,False
/pbr/pokegra.narc,/pbr/pokegra.narc!/member_00746,0,/pbr/pokegra.narc,501,746,,3039940,3046388,3016176,3022624,6448,6407497c636fdbda7807a787c2c357fbf83e2c2baa5565563b5ef24017ca7f4e,5247434efffe00013019000010000100,,NCGR graphics,Confirmed,True,False,,,,,,,,,,False,False
/pbr/pokegra.narc,/pbr/pokegra.narc!/member_00747,0,/pbr/pokegra.narc,501,747,,3046388,3046388,3022624,3022624,0,e3b0c44298fc1c149afbf4c8996fb92427ae41e4649b934ca495991b7852b855,,,,,,False,,,,,,,,,,False,False
/pbr/pokegra.narc,/pbr/pokegra.narc!/member_00748,0,/pbr/pokegra.narc,501,748,,3046388,3046460,3022624,3022696,72,75e9e12440d7d6fe7d531342d0b4ec3cbacc72adfd150b53c585e114e16f93b3,524c434efffe00014800000010000100,,NCLR palette,Confirmed,True,False,,,,,,,,,,False,False
/pbr/pokegra.narc,/pbr/pokegra.narc!/member_00749,0,/pbr/pokegra.narc,501,749,,3046460,3046532,3022696,3022768,72,a956281db998e0a93c7798d3f52ad71357580c92cabc836c3b8c2ee4d2f69229,524c434efffe00014800000010000100,,NCLR palette,Confirmed,True,False,,,,,,,,,,False,False
/pbr/pokegra.narc,/pbr/pokegra.narc!/member_00750,0,/pbr/pokegra.narc,501,750,,3046532,3052980,3022768,3029216,6448,6bcab3c4a4619994a965915ff94eaa805fec05ea2b5a7856f09b261fd762ef85,5247434efffe00013019000010000100,,NCGR graphics,Confirmed,True,False,,,,,,,,,,False,False
/pbr/pokegra.narc,/pbr/pokegra.narc!/member_00751,0,/pbr/pokegra.narc,501,751,,3052980,3059428,3029216,3035664,6448,6bcab3c4a4619994a965915ff94eaa805fec05ea2b5a7856f09b261fd762ef85,5247434efffe00013019000010000100,,NCGR graphics,Confirmed,True,False,,,,,,,,,,False,False
/pbr/pokegra.narc,/pbr/pokegra.narc!/member_00752,0,/pbr/pokegra.narc,501,752,,3059428,3065876,3035664,3042112,6448,78a38c4efdb946bd26373430163984cd86a5a048f7ee172308d699e7b29f969d,5247434efffe00013019000010000100,,NCGR graphics,Confirmed,True,False,,,,,,,,,,False,False
/pbr/pokegra.narc,/pbr/pokegra.narc!/member_00753,0,/pbr/pokegra.narc,501,753,,3065876,3072324,3042112,3048560,6448,78a38c4efdb946bd26373430163984cd86a5a048f7ee172308d699e7b29f969d,5247434efffe00013019000010000100,,NCGR graphics,Confirmed,True,False,,,,,,,,,,False,False
/pbr/pokegra.narc,/pbr/pokegra.narc!/member_00754,0,/pbr/pokegra.narc,501,754,,3072324,3072396,3048560,3048632,72,dc08bf53ac908da4c492d9239562e201e6e300b0c7dec6873e6fafff7f31931d,524c434efffe00014800000010000100,,NCLR palette,Confirmed,True,False,,,,,,,,,,False,False
/pbr/pokegra.narc,/pbr/pokegra.narc!/member_00755,0,/pbr/pokegra.narc,501,755,,3072396,3072468,3048632,3048704,72,da090701740009be60ebcd5ded091f31b37b5b438359bd2eeb2fdbfa1993919f,524c434efffe00014800000010000100,,NCLR palette,Confirmed,True,False,,,,,,,,,,False,False
/pbr/pokegra.narc,/pbr/pokegra.narc!/member_00756,0,/pbr/pokegra.narc,501,756,,3072468,3078916,3048704,3055152,6448,942e488f6e3cb551a73d00fa7b08b9fc84ef0f0668ac037132cd68acd20b4863,5247434efffe00013019000010000100,,NCGR graphics,Confirmed,True,False,,,,,,,,,,False,False
/pbr/pokegra.narc,/pbr/pokegra.narc!/member_00757,0,/pbr/pokegra.narc,501,757,,3078916,3085364,3055152,3061600,6448,942e488f6e3cb551a73d00fa7b08b9fc84ef0f0668ac037132cd68acd20b4863,5247434efffe00013019000010000100,,NCGR graphics,Confirmed,True,False,,,,,,,,,,False,False
/pbr/pokegra.narc,/pbr/pokegra.narc!/member_00758,0,/pbr/pokegra.narc,501,758,,3085364,3091812,3061600,3068048,6448,3f42d3c354c1e6d90dcc61327ae5725668d7414ad5de2d1b90a3d6792aea114f,5247434efffe00013019000010000100,,NCGR graphics,Confirmed,True,False,,,,,,,,,,False,False
/pbr/pokegra.narc,/pbr/pokegra.narc!/member_00759,0,/pbr/pokegra.narc,501,759,,3091812,3098260,3068048,3074496,6448,3f42d3c354c1e6d90dcc61327ae5725668d7414ad5de2d1b90a3d6792aea114f,5247434efffe00013019000010000100,,NCGR graphics,Confirmed,True,False,,,,,,,,,,False,False
/pbr/pokegra.narc,/pbr/pokegra.narc!/member_00760,0,/pbr/pokegra.narc,501,760,,3098260,3098332,3074496,3074568,72,43f04b60110d151143e3faf8c6192e4c189662fc80605550606c576a4626d687,524c434efffe00014800000010000100,,NCLR palette,Confirmed,True,False,,,,,,,,,,False,False
/pbr/pokegra.narc,/pbr/pokegra.narc!/member_00761,0,/pbr/pokegra.narc,501,761,,3098332,3098404,3074568,3074640,72,bf56c12a5cdb1900c510a4931bdd32293ce292cabadac628a2b9955e8b5df28b,524c434efffe00014800000010000100,,NCLR palette,Confirmed,True,False,,,,,,,,,,False,False
/pbr/pokegra.narc,/pbr/pokegra.narc!/member_00762,0,/pbr/pokegra.narc,501,762,,3098404,3104852,3074640,3081088,6448,6e80da1373f591878335701ce88b0fb14d349ee4b8bf60c4f19bb2aa1e149b84,5247434efffe00013019000010000100,,NCGR graphics,Confirmed,True,False,,,,,,,,,,False,False
/pbr/pokegra.narc,/pbr/pokegra.narc!/member_00763,0,/pbr/pokegra.narc,501,763,,3104852,3111300,3081088,3087536,6448,6e80da1373f591878335701ce88b0fb14d349ee4b8bf60c4f19bb2aa1e149b84,5247434efffe00013019000010000100,,NCGR graphics,Confirmed,True,False,,,,,,,,,,False,False
/pbr/pokegra.narc,/pbr/pokegra.narc!/member_00764,0,/pbr/pokegra.narc,501,764,,3111300,3117748,3087536,3093984,6448,d3f21545c9be83788a87cd13340ec0ea482cc3d1940b1fb4a59ebb8afb5d7aaf,5247434efffe00013019000010000100,,NCGR graphics,Confirmed,True,False,,,,,,,,,,False,False
/pbr/pokegra.narc,/pbr/pokegra.narc!/member_00765,0,/pbr/pokegra.narc,501,765,,3117748,3124196,3093984,3100432,6448,d3f21545c9be83788a87cd13340ec0ea482cc3d1940b1fb4a59ebb8afb5d7aaf,5247434efffe00013019000010000100,,NCGR graphics,Confirmed,True,False,,,,,,,,,,False,False
/pbr/pokegra.narc,/pbr/pokegra.narc!/member_00766,0,/pbr/pokegra.narc,501,766,,3124196,3124268,3100432,3100504,72,e3a7f5e8bccb8bf1703e1d0a7ac0d449961d34441912ae5ed179f4f1e8e36ee3,524c434efffe00014800000010000100,,NCLR palette,Confirmed,True,False,,,,,,,,,,False,False
/pbr/pokegra.narc,/pbr/pokegra.narc!/member_00767,0,/pbr/pokegra.narc,501,767,,3124268,3124340,3100504,3100576,72,78232c8c937828bba6c39ea3d63757f055a7daed45e52c7ef527b3324aea6d79,524c434efffe00014800000010000100,,NCLR palette,Confirmed,True,False,,,,,,,,,,False,False
/pbr/pokegra.narc,/pbr/pokegra.narc!/member_00768,0,/pbr/pokegra.narc,501,768,,3124340,3124340,3100576,3100576,0,e3b0c44298fc1c149afbf4c8996fb92427ae41e4649b934ca495991b7852b855,,,,,,False,,,,,,,,,,False,False
/pbr/pokegra.narc,/pbr/pokegra.narc!/member_00769,0,/pbr/pokegra.narc,501,769,,3124340,3130788,3100576,3107024,6448,e34d212f96f55166d6c9e3434e7afdb338b74e05fe675d1a22ef8b7beb34fffc,5247434efffe00013019000010000100,,NCGR graphics,Confirmed,True,False,,,,,,,,,,False,False
/pbr/pokegra.narc,/pbr/pokegra.narc!/member_00770,0,/pbr/pokegra.narc,501,770,,3130788,3130788,3107024,3107024,0,e3b0c44298fc1c149afbf4c8996fb92427ae41e4649b934ca495991b7852b855,,,,,,False,,,,,,,,,,False,False
/pbr/pokegra.narc,/pbr/pokegra.narc!/member_00771,0,/pbr/pokegra.narc,501,771,,3130788,3137236,3107024,3113472,6448,b16d804a04fa5c6ac6a106e034edfa2fd5a0c1e6db06ccebc3e7e792e0b4ebce,5247434efffe00013019000010000100,,NCGR graphics,Confirmed,True,False,,,,,,,,,,False,False
/pbr/pokegra.narc,/pbr/pokegra.narc!/member_00772,0,/pbr/pokegra.narc,501,772,,3137236,3137308,3113472,3113544,72,739a62242a4c2cb183c53f0a538c7a6cae1f6c1b442c23c47f7424783e098207,524c434efffe00014800000010000100,,NCLR palette,Confirmed,True,False,,,,,,,,,,False,False
/pbr/pokegra.narc,/pbr/pokegra.narc!/member_00773,0,/pbr/pokegra.narc,501,773,,3137308,3137380,3113544,3113616,72,95af0423b491213c422198944a361f7316b80aaab5bfe2084d806bbd3680319b,524c434efffe00014800000010000100,,NCLR palette,Confirmed,True,False,,,,,,,,,,False,False
/pbr/pokegra.narc,/pbr/pokegra.narc!/member_00774,0,/pbr/pokegra.narc,501,774,,3137380,3143828,3113616,3120064,6448,ce83b91d74e0315d73971985524cf2587dc47589d51f49056e6ca1dffe28ee4a,5247434efffe00013019000010000100,,NCGR graphics,Confirmed,True,False,,,,,,,,,,False,False
/pbr/pokegra.narc,/pbr/pokegra.narc!/member_00775,0,/pbr/pokegra.narc,501,775,,3143828,3150276,3120064,3126512,6448,a850cc691acbaef8e2096f015257272936d0e1933c434e91ec94ca1293e054a7,5247434efffe00013019000010000100,,NCGR graphics,Confirmed,True,False,,,,,,,,,,False,False
/pbr/pokegra.narc,/pbr/pokegra.narc!/member_00776,0,/pbr/pokegra.narc,501,776,,3150276,3156724,3126512,3132960,6448,b2ccad5fc242c0e72c18d672b8a00a664f98da286ab4e73b39f8675019689adf,5247434efffe00013019000010000100,,NCGR graphics,Confirmed,True,False,,,,,,,,,,False,False
/pbr/pokegra.narc,/pbr/pokegra.narc!/member_00777,0,/pbr/pokegra.narc,501,777,,3156724,3163172,3132960,3139408,6448,fbbc9e584fbdebcf2b82f28464b0bb5625dcfb81614fb332ac780319e9eaa541,5247434efffe00013019000010000100,,NCGR graphics,Confirmed,True,False,,,,,,,,,,False,False
/pbr/pokegra.narc,/pbr/pokegra.narc!/member_00778,0,/pbr/pokegra.narc,501,778,,3163172,3163244,3139408,3139480,72,eac7a23a608435b739182c4be13131d0e7cb82c47732e0913b17171812b652a1,524c434efffe00014800000010000100,,NCLR palette,Confirmed,True,False,,,,,,,,,,False,False
/pbr/pokegra.narc,/pbr/pokegra.narc!/member_00779,0,/pbr/pokegra.narc,501,779,,3163244,3163316,3139480,3139552,72,6046354bf2b1301944e47bb56b4c3f06dbb58113addef0ede5cb95cd2408751e,524c434efffe00014800000010000100,,NCLR palette,Confirmed,True,False,,,,,,,,,,False,False
/pbr/pokegra.narc,/pbr/pokegra.narc!/member_00780,0,/pbr/pokegra.narc,501,780,,3163316,3169764,3139552,3146000,6448,614b6417eeafee800fca396399e32837d4ae74d06b927c8b4b0f81ed49b58da6,5247434efffe00013019000010000100,,NCGR graphics,Confirmed,True,False,,,,,,,,,,False,False
/pbr/pokegra.narc,/pbr/pokegra.narc!/member_00781,0,/pbr/pokegra.narc,501,781,,3169764,3176212,3146000,3152448,6448,57e67cb2b666f8a19c0ef0f57145ee4925dc98b1bd03b56d99ba332546d83341,5247434efffe00013019000010000100,,NCGR graphics,Confirmed,True,False,,,,,,,,,,False,False
/pbr/pokegra.narc,/pbr/pokegra.narc!/member_00782,0,/pbr/pokegra.narc,501,782,,3176212,3182660,3152448,3158896,6448,38a2a3d750b578aed23bbd3ebb6c12f172d874e7142710a6d656a984912c1dd7,5247434efffe00013019000010000100,,NCGR graphics,Confirmed,True,False,,,,,,,,,,False,False
/pbr/pokegra.narc,/pbr/pokegra.narc!/member_00783,0,/pbr/pokegra.narc,501,783,,3182660,3189108,3158896,3165344,6448,8d115d514be9383020e0843da0ec2d67be3bbe0b845e8033f77e49399150de0f,5247434efffe00013019000010000100,,NCGR graphics,Confirmed,True,False,,,,,,,,,,False,False
/pbr/pokegra.narc,/pbr/pokegra.narc!/member_00784,0,/pbr/pokegra.narc,501,784,,3189108,3189180,3165344,3165416,72,0677b5db607b9c81060659d19a0b73588c134dc8695e60451e3d8b09c13e29cb,524c434efffe00014800000010000100,,NCLR palette,Confirmed,True,False,,,,,,,,,,False,False
/pbr/pokegra.narc,/pbr/pokegra.narc!/member_00785,0,/pbr/pokegra.narc,501,785,,3189180,3189252,3165416,3165488,72,a9732d10419e40b6b70c096bd4eca88974ad9ce0a3dc6e736f0b03c26785e526,524c434efffe00014800000010000100,,NCLR palette,Confirmed,True,False,,,,,,,,,,False,False
/pbr/pokegra.narc,/pbr/pokegra.narc!/member_00786,0,/pbr/pokegra.narc,501,786,,3189252,3195700,3165488,3171936,6448,f6488c96d8641de176966727ff5cd83fca72b86216052f467847a30c2771d701,5247434efffe00013019000010000100,,NCGR graphics,Confirmed,True,False,,,,,,,,,,False,False
/pbr/pokegra.narc,/pbr/pokegra.narc!/member_00787,0,/pbr/pokegra.narc,501,787,,3195700,3202148,3171936,3178384,6448,f6488c96d8641de176966727ff5cd83fca72b86216052f467847a30c2771d701,5247434efffe00013019000010000100,,NCGR graphics,Confirmed,True,False,,,,,,,,,,False,False
/pbr/pokegra.narc,/pbr/pokegra.narc!/member_00788,0,/pbr/pokegra.narc,501,788,,3202148,3208596,3178384,3184832,6448,e83db0b0f0d1361847dfff69785723fb12676b2a843287289bb6319dee99734a,5247434efffe00013019000010000100,,NCGR graphics,Confirmed,True,False,,,,,,,,,,False,False
/pbr/pokegra.narc,/pbr/pokegra.narc!/member_00789,0,/pbr/pokegra.narc,501,789,,3208596,3215044,3184832,3191280,6448,e83db0b0f0d1361847dfff69785723fb12676b2a843287289bb6319dee99734a,5247434efffe00013019000010000100,,NCGR graphics,Confirmed,True,False,,,,,,,,,,False,False
/pbr/pokegra.narc,/pbr/pokegra.narc!/member_00790,0,/pbr/pokegra.narc,501,790,,3215044,3215116,3191280,3191352,72,2f8c6edae4806e460dcb75237d4ca5c6bcda164da09a43c453be8a14898c1f17,524c434efffe00014800000010000100,,NCLR palette,Confirmed,True,False,,,,,,,,,,False,False
/pbr/pokegra.narc,/pbr/pokegra.narc!/member_00791,0,/pbr/pokegra.narc,501,791,,3215116,3215188,3191352,3191424,72,1a97e97e50d57aa19b95993c6d60bc824fb0520db2a4472b9abfae5366969a2b,524c434efffe00014800000010000100,,NCLR palette,Confirmed,True,False,,,,,,,,,,False,False
/pbr/pokegra.narc,/pbr/pokegra.narc!/member_00792,0,/pbr/pokegra.narc,501,792,,3215188,3215188,3191424,3191424,0,e3b0c44298fc1c149afbf4c8996fb92427ae41e4649b934ca495991b7852b855,,,,,,False,,,,,,,,,,False,False
/pbr/pokegra.narc,/pbr/pokegra.narc!/member_00793,0,/pbr/pokegra.narc,501,793,,3215188,3221636,3191424,3197872,6448,20c778b5ed20fe4d1d317042d99e6c5f75916d39e80a7c9b1fa4feb77ac5ce05,5247434efffe00013019000010000100,,NCGR graphics,Confirmed,True,False,,,,,,,,,,False,False
/pbr/pokegra.narc,/pbr/pokegra.narc!/member_00794,0,/pbr/pokegra.narc,501,794,,3221636,3221636,3197872,3197872,0,e3b0c44298fc1c149afbf4c8996fb92427ae41e4649b934ca495991b7852b855,,,,,,False,,,,,,,,,,False,False
/pbr/pokegra.narc,/pbr/pokegra.narc!/member_00795,0,/pbr/pokegra.narc,501,795,,3221636,3228084,3197872,3204320,6448,89c9be76fc167418460d8457f4bf7ce7ba81478adbc9e8dffd5fdf0bf76cadab,5247434efffe00013019000010000100,,NCGR graphics,Confirmed,True,False,,,,,,,,,,False,False
/pbr/pokegra.narc,/pbr/pokegra.narc!/member_00796,0,/pbr/pokegra.narc,501,796,,3228084,3228156,3204320,3204392,72,6329eb96ff06cb931262b02196585beaf65440249e96a5fdecbb32738728e29b,524c434efffe00014800000010000100,,NCLR palette,Confirmed,True,False,,,,,,,,,,False,False
/pbr/pokegra.narc,/pbr/pokegra.narc!/member_00797,0,/pbr/pokegra.narc,501,797,,3228156,3228228,3204392,3204464,72,5a910ae1e3dfa2c3d1e619bf98d593c5b3a092df25f22a96a3495d3f2cda495f,524c434efffe00014800000010000100,,NCLR palette,Confirmed,True,False,,,,,,,,,,False,False
/pbr/pokegra.narc,/pbr/pokegra.narc!/member_00798,0,/pbr/pokegra.narc,501,798,,3228228,3234676,3204464,3210912,6448,adb71a89080d73393963a4bb7ffb80aa17183ec3b5e6883270e1caac1f77f5aa,5247434efffe00013019000010000100,,NCGR graphics,Confirmed,True,False,,,,,,,,,,False,False
/pbr/pokegra.narc,/pbr/pokegra.narc!/member_00799,0,/pbr/pokegra.narc,501,799,,3234676,3241124,3210912,3217360,6448,adb71a89080d73393963a4bb7ffb80aa17183ec3b5e6883270e1caac1f77f5aa,5247434efffe00013019000010000100,,NCGR graphics,Confirmed,True,False,,,,,,,,,,False,False
/pbr/pokegra.narc,/pbr/pokegra.narc!/member_00800,0,/pbr/pokegra.narc,501,800,,3241124,3247572,3217360,3223808,6448,2073a169c495c1661c16c75aaa2662daaced4c89152acb87fc17c71c2a049a57,5247434efffe00013019000010000100,,NCGR graphics,Confirmed,True,False,,,,,,,,,,False,False
/pbr/pokegra.narc,/pbr/pokegra.narc!/member_00801,0,/pbr/pokegra.narc,501,801,,3247572,3254020,3223808,3230256,6448,2073a169c495c1661c16c75aaa2662daaced4c89152acb87fc17c71c2a049a57,5247434efffe00013019000010000100,,NCGR graphics,Confirmed,True,False,,,,,,,,,,False,False
/pbr/pokegra.narc,/pbr/pokegra.narc!/member_00802,0,/pbr/pokegra.narc,501,802,,3254020,3254092,3230256,3230328,72,9bf86ff68e8ca339381aef02fd5c0fb133a08273943cde217056cfc1bc2f58cc,524c434efffe00014800000010000100,,NCLR palette,Confirmed,True,False,,,,,,,,,,False,False
/pbr/pokegra.narc,/pbr/pokegra.narc!/member_00803,0,/pbr/pokegra.narc,501,803,,3254092,3254164,3230328,3230400,72,84c3f5a2b3a3139c4b34c979d1e00786d3819c21d685c39ec8e1c339877600a2,524c434efffe00014800000010000100,,NCLR palette,Confirmed,True,False,,,,,,,,,,False,False
/pbr/pokegra.narc,/pbr/pokegra.narc!/member_00804,0,/pbr/pokegra.narc,501,804,,3254164,3260612,3230400,3236848,6448,269cd6b9f7bec619ac0f7daa12cfcd4035fb720efe5a14e87c33585644fca91c,5247434efffe00013019000010000100,,NCGR graphics,Confirmed,True,False,,,,,,,,,,False,False
/pbr/pokegra.narc,/pbr/pokegra.narc!/member_00805,0,/pbr/pokegra.narc,501,805,,3260612,3267060,3236848,3243296,6448,269cd6b9f7bec619ac0f7daa12cfcd4035fb720efe5a14e87c33585644fca91c,5247434efffe00013019000010000100,,NCGR graphics,Confirmed,True,False,,,,,,,,,,False,False
/pbr/pokegra.narc,/pbr/pokegra.narc!/member_00806,0,/pbr/pokegra.narc,501,806,,3267060,3273508,3243296,3249744,6448,638f301a628659821177af6d18c89911a0c96c7fbffe2e31c5a7e086ebc387ce,5247434efffe00013019000010000100,,NCGR graphics,Confirmed,True,False,,,,,,,,,,False,False
/pbr/pokegra.narc,/pbr/pokegra.narc!/member_00807,0,/pbr/pokegra.narc,501,807,,3273508,3279956,3249744,3256192,6448,638f301a628659821177af6d18c89911a0c96c7fbffe2e31c5a7e086ebc387ce,5247434efffe00013019000010000100,,NCGR graphics,Confirmed,True,False,,,,,,,,,,False,False
/pbr/pokegra.narc,/pbr/pokegra.narc!/member_00808,0,/pbr/pokegra.narc,501,808,,3279956,3280028,3256192,3256264,72,aa6bde9d70a13d6a0624abb53eddd2efab0549294612c7e04f1d1b574a686584,524c434efffe00014800000010000100,,NCLR palette,Confirmed,True,False,,,,,,,,,,False,False
/pbr/pokegra.narc,/pbr/pokegra.narc!/member_00809,0,/pbr/pokegra.narc,501,809,,3280028,3280100,3256264,3256336,72,5ce2d13fb778510872bc596ff6bb138dabf10e925521b553581c2658699ee034,524c434efffe00014800000010000100,,NCLR palette,Confirmed,True,False,,,,,,,,,,False,False
/pbr/pokegra.narc,/pbr/pokegra.narc!/member_00810,0,/pbr/pokegra.narc,501,810,,3280100,3286548,3256336,3262784,6448,123b0da4964a60d9223845078e6fe10d499e0cd073ff5986517d04c837f02a0d,5247434efffe00013019000010000100,,NCGR graphics,Confirmed,True,False,,,,,,,,,,False,False
/pbr/pokegra.narc,/pbr/pokegra.narc!/member_00811,0,/pbr/pokegra.narc,501,811,,3286548,3292996,3262784,3269232,6448,123b0da4964a60d9223845078e6fe10d499e0cd073ff5986517d04c837f02a0d,5247434efffe00013019000010000100,,NCGR graphics,Confirmed,True,False,,,,,,,,,,False,False
/pbr/pokegra.narc,/pbr/pokegra.narc!/member_00812,0,/pbr/pokegra.narc,501,812,,3292996,3299444,3269232,3275680,6448,b9d4c000c195eece47ba5741dbbabc22f15ccddd583db6a555ef678d96bf00d7,5247434efffe00013019000010000100,,NCGR graphics,Confirmed,True,False,,,,,,,,,,False,False
/pbr/pokegra.narc,/pbr/pokegra.narc!/member_00813,0,/pbr/pokegra.narc,501,813,,3299444,3305892,3275680,3282128,6448,b9d4c000c195eece47ba5741dbbabc22f15ccddd583db6a555ef678d96bf00d7,5247434efffe00013019000010000100,,NCGR graphics,Confirmed,True,False,,,,,,,,,,False,False
/pbr/pokegra.narc,/pbr/pokegra.narc!/member_00814,0,/pbr/pokegra.narc,501,814,,3305892,3305964,3282128,3282200,72,514aea99f284abddeaa08eb59476c955c8ecce54cd723379a0d4b4f42161b569,524c434efffe00014800000010000100,,NCLR palette,Confirmed,True,False,,,,,,,,,,False,False
/pbr/pokegra.narc,/pbr/pokegra.narc!/member_00815,0,/pbr/pokegra.narc,501,815,,3305964,3306036,3282200,3282272,72,3ff4a3fcfad2e7fca41f20c6915d4bed1b9ef3bda60925af469228c90ae2d0ea,524c434efffe00014800000010000100,,NCLR palette,Confirmed,True,False,,,,,,,,,,False,False
/pbr/pokegra.narc,/pbr/pokegra.narc!/member_00816,0,/pbr/pokegra.narc,501,816,,3306036,3312484,3282272,3288720,6448,d8f753513eb806fed9125777db88a40a8725ade6831d7e9c64ad9559962f037b,5247434efffe00013019000010000100,,NCGR graphics,Confirmed,True,False,,,,,,,,,,False,False
/pbr/pokegra.narc,/pbr/pokegra.narc!/member_00817,0,/pbr/pokegra.narc,501,817,,3312484,3318932,3288720,3295168,6448,d8f753513eb806fed9125777db88a40a8725ade6831d7e9c64ad9559962f037b,5247434efffe00013019000010000100,,NCGR graphics,Confirmed,True,False,,,,,,,,,,False,False
/pbr/pokegra.narc,/pbr/pokegra.narc!/member_00818,0,/pbr/pokegra.narc,501,818,,3318932,3325380,3295168,3301616,6448,59bc4bdb06cc01b34d6e15e72b18151ef5353929c9dd201bb69ada01d7e0f152,5247434efffe00013019000010000100,,NCGR graphics,Confirmed,True,False,,,,,,,,,,False,False
/pbr/pokegra.narc,/pbr/pokegra.narc!/member_00819,0,/pbr/pokegra.narc,501,819,,3325380,3331828,3301616,3308064,6448,59bc4bdb06cc01b34d6e15e72b18151ef5353929c9dd201bb69ada01d7e0f152,5247434efffe00013019000010000100,,NCGR graphics,Confirmed,True,False,,,,,,,,,,False,False
/pbr/pokegra.narc,/pbr/pokegra.narc!/member_00820,0,/pbr/pokegra.narc,501,820,,3331828,3331900,3308064,3308136,72,03125be55e04775842aad742beab09aab49b1cb36aaaf29e161588652bc60c71,524c434efffe00014800000010000100,,NCLR palette,Confirmed,True,False,,,,,,,,,,False,False
/pbr/pokegra.narc,/pbr/pokegra.narc!/member_00821,0,/pbr/pokegra.narc,501,821,,3331900,3331972,3308136,3308208,72,4dbacf04552070c57c6a0af8ee9830451c95850ba235325d74c8167cdae887aa,524c434efffe00014800000010000100,,NCLR palette,Confirmed,True,False,,,,,,,,,,False,False
/pbr/pokegra.narc,/pbr/pokegra.narc!/member_00822,0,/pbr/pokegra.narc,501,822,,3331972,3331972,3308208,3308208,0,e3b0c44298fc1c149afbf4c8996fb92427ae41e4649b934ca495991b7852b855,,,,,,False,,,,,,,,,,False,False
/pbr/pokegra.narc,/pbr/pokegra.narc!/member_00823,0,/pbr/pokegra.narc,501,823,,3331972,3338420,3308208,3314656,6448,d0834fbb957c56f0cc565f779a4daaf50cf036a652cbabc45e74e9681c985821,5247434efffe00013019000010000100,,NCGR graphics,Confirmed,True,False,,,,,,,,,,False,False
/pbr/pokegra.narc,/pbr/pokegra.narc!/member_00824,0,/pbr/pokegra.narc,501,824,,3338420,3338420,3314656,3314656,0,e3b0c44298fc1c149afbf4c8996fb92427ae41e4649b934ca495991b7852b855,,,,,,False,,,,,,,,,,False,False
/pbr/pokegra.narc,/pbr/pokegra.narc!/member_00825,0,/pbr/pokegra.narc,501,825,,3338420,3344868,3314656,3321104,6448,0a467704a24fb622e9ebbee9c657903b34350a23998496218ab049a894c676fe,5247434efffe00013019000010000100,,NCGR graphics,Confirmed,True,False,,,,,,,,,,False,False
/pbr/pokegra.narc,/pbr/pokegra.narc!/member_00826,0,/pbr/pokegra.narc,501,826,,3344868,3344940,3321104,3321176,72,2af1b0cebfcd6bb35d21fdc6ea49606aa19bc5aa070fe2fa8e7fc73200e3d8f5,524c434efffe00014800000010000100,,NCLR palette,Confirmed,True,False,,,,,,,,,,False,False
/pbr/pokegra.narc,/pbr/pokegra.narc!/member_00827,0,/pbr/pokegra.narc,501,827,,3344940,3345012,3321176,3321248,72,a48e3fb3b7b30290855e95bdab91a53bd5d1dc8ee18576885f87072f1c3f4c36,524c434efffe00014800000010000100,,NCLR palette,Confirmed,True,False,,,,,,,,,,False,False
/pbr/pokegra.narc,/pbr/pokegra.narc!/member_00828,0,/pbr/pokegra.narc,501,828,,3345012,3351460,3321248,3327696,6448,984668cfa6dcdb1d3d187293ef553e48a9bb1cdb97f0fbb96958fbb724b76645,5247434efffe00013019000010000100,,NCGR graphics,Confirmed,True,False,,,,,,,,,,False,False
/pbr/pokegra.narc,/pbr/pokegra.narc!/member_00829,0,/pbr/pokegra.narc,501,829,,3351460,3357908,3327696,3334144,6448,984668cfa6dcdb1d3d187293ef553e48a9bb1cdb97f0fbb96958fbb724b76645,5247434efffe00013019000010000100,,NCGR graphics,Confirmed,True,False,,,,,,,,,,False,False
/pbr/pokegra.narc,/pbr/pokegra.narc!/member_00830,0,/pbr/pokegra.narc,501,830,,3357908,3364356,3334144,3340592,6448,76ab319f10829945848f3e48924e36da5b315bd599e005ef41d1ef29fb5fcd2d,5247434efffe00013019000010000100,,NCGR graphics,Confirmed,True,False,,,,,,,,,,False,False
/pbr/pokegra.narc,/pbr/pokegra.narc!/member_00831,0,/pbr/pokegra.narc,501,831,,3364356,3370804,3340592,3347040,6448,76ab319f10829945848f3e48924e36da5b315bd599e005ef41d1ef29fb5fcd2d,5247434efffe00013019000010000100,,NCGR graphics,Confirmed,True,False,,,,,,,,,,False,False
/pbr/pokegra.narc,/pbr/pokegra.narc!/member_00832,0,/pbr/pokegra.narc,501,832,,3370804,3370876,3347040,3347112,72,11de00965a456fe4e65ee4f407657a0148c1545113d365878de967f9d478d34e,524c434efffe00014800000010000100,,NCLR palette,Confirmed,True,False,,,,,,,,,,False,False
/pbr/pokegra.narc,/pbr/pokegra.narc!/member_00833,0,/pbr/pokegra.narc,501,833,,3370876,3370948,3347112,3347184,72,8a5beaf05859ca0d8735993b6f4994c7ec578439e7e58cc9af92ca32abcdb4b3,524c434efffe00014800000010000100,,NCLR palette,Confirmed,True,False,,,,,,,,,,False,False
/pbr/pokegra.narc,/pbr/pokegra.narc!/member_00834,0,/pbr/pokegra.narc,501,834,,3370948,3377396,3347184,3353632,6448,01c5ea6553afdc84ad63282e2b627b683bae129bee6360948f67a323debd5d9d,5247434efffe00013019000010000100,,NCGR graphics,Confirmed,True,False,,,,,,,,,,False,False
/pbr/pokegra.narc,/pbr/pokegra.narc!/member_00835,0,/pbr/pokegra.narc,501,835,,3377396,3383844,3353632,3360080,6448,01c5ea6553afdc84ad63282e2b627b683bae129bee6360948f67a323debd5d9d,5247434efffe00013019000010000100,,NCGR graphics,Confirmed,True,False,,,,,,,,,,False,False
/pbr/pokegra.narc,/pbr/pokegra.narc!/member_00836,0,/pbr/pokegra.narc,501,836,,3383844,3390292,3360080,3366528,6448,920ea48fcea7f4ee3281dc21478aab1b4443710643425cda843ab56ae7e25297,5247434efffe00013019000010000100,,NCGR graphics,Confirmed,True,False,,,,,,,,,,False,False
/pbr/pokegra.narc,/pbr/pokegra.narc!/member_00837,0,/pbr/pokegra.narc,501,837,,3390292,3396740,3366528,3372976,6448,920ea48fcea7f4ee3281dc21478aab1b4443710643425cda843ab56ae7e25297,5247434efffe00013019000010000100,,NCGR graphics,Confirmed,True,False,,,,,,,,,,False,False
/pbr/pokegra.narc,/pbr/pokegra.narc!/member_00838,0,/pbr/pokegra.narc,501,838,,3396740,3396812,3372976,3373048,72,77f55d5f2cb8416184c3267e166cc296f716737c8d1f9abd640a5840c09b9006,524c434efffe00014800000010000100,,NCLR palette,Confirmed,True,False,,,,,,,,,,False,False
/pbr/pokegra.narc,/pbr/pokegra.narc!/member_00839,0,/pbr/pokegra.narc,501,839,,3396812,3396884,3373048,3373120,72,3769dd0495a09acc6b1241548f9132a6e97cb6315de97292973921795bafe117,524c434efffe00014800000010000100,,NCLR palette,Confirmed,True,False,,,,,,,,,,False,False
/pbr/pokegra.narc,/pbr/pokegra.narc!/member_00840,0,/pbr/pokegra.narc,501,840,,3396884,3403332,3373120,3379568,6448,1e2afd5f1f403d68bac7245fc51cf0dcfb9e9cdea3cdd13180d5028efa69943b,5247434efffe00013019000010000100,,NCGR graphics,Confirmed,True,False,,,,,,,,,,False,False
/pbr/pokegra.narc,/pbr/pokegra.narc!/member_00841,0,/pbr/pokegra.narc,501,841,,3403332,3409780,3379568,3386016,6448,1e2afd5f1f403d68bac7245fc51cf0dcfb9e9cdea3cdd13180d5028efa69943b,5247434efffe00013019000010000100,,NCGR graphics,Confirmed,True,False,,,,,,,,,,False,False
/pbr/pokegra.narc,/pbr/pokegra.narc!/member_00842,0,/pbr/pokegra.narc,501,842,,3409780,3416228,3386016,3392464,6448,0123be094dad7b37d6c3266400f21b6ce2c56c28dd43bad5a77c1ffa86caa1cd,5247434efffe00013019000010000100,,NCGR graphics,Confirmed,True,False,,,,,,,,,,False,False
/pbr/pokegra.narc,/pbr/pokegra.narc!/member_00843,0,/pbr/pokegra.narc,501,843,,3416228,3422676,3392464,3398912,6448,0123be094dad7b37d6c3266400f21b6ce2c56c28dd43bad5a77c1ffa86caa1cd,5247434efffe00013019000010000100,,NCGR graphics,Confirmed,True,False,,,,,,,,,,False,False
/pbr/pokegra.narc,/pbr/pokegra.narc!/member_00844,0,/pbr/pokegra.narc,501,844,,3422676,3422748,3398912,3398984,72,69bb4ac70ffd15270c218457d879bc0557dce8a4e6002e6e53ed30f0fe04f6db,524c434efffe00014800000010000100,,NCLR palette,Confirmed,True,False,,,,,,,,,,False,False
/pbr/pokegra.narc,/pbr/pokegra.narc!/member_00845,0,/pbr/pokegra.narc,501,845,,3422748,3422820,3398984,3399056,72,2ee5e2d67f1c3b964682d7ac97e627ddef72ff8f93b1d808018350a2734ba14a,524c434efffe00014800000010000100,,NCLR palette,Confirmed,True,False,,,,,,,,,,False,False
/pbr/pokegra.narc,/pbr/pokegra.narc!/member_00846,0,/pbr/pokegra.narc,501,846,,3422820,3429268,3399056,3405504,6448,709facd6388fcd2b07639cb234d14a569bd151dc9abaf21b030dc3a6c4883dde,5247434efffe00013019000010000100,,NCGR graphics,Confirmed,True,False,,,,,,,,,,False,False
/pbr/pokegra.narc,/pbr/pokegra.narc!/member_00847,0,/pbr/pokegra.narc,501,847,,3429268,3435716,3405504,3411952,6448,709facd6388fcd2b07639cb234d14a569bd151dc9abaf21b030dc3a6c4883dde,5247434efffe00013019000010000100,,NCGR graphics,Confirmed,True,False,,,,,,,,,,False,False
/pbr/pokegra.narc,/pbr/pokegra.narc!/member_00848,0,/pbr/pokegra.narc,501,848,,3435716,3442164,3411952,3418400,6448,b39f2afd29021d37a182ab87dc9eea8f60e059f26c32fd73ef20b4e9357956bf,5247434efffe00013019000010000100,,NCGR graphics,Confirmed,True,False,,,,,,,,,,False,False
/pbr/pokegra.narc,/pbr/pokegra.narc!/member_00849,0,/pbr/pokegra.narc,501,849,,3442164,3448612,3418400,3424848,6448,b39f2afd29021d37a182ab87dc9eea8f60e059f26c32fd73ef20b4e9357956bf,5247434efffe00013019000010000100,,NCGR graphics,Confirmed,True,False,,,,,,,,,,False,False
/pbr/pokegra.narc,/pbr/pokegra.narc!/member_00850,0,/pbr/pokegra.narc,501,850,,3448612,3448684,3424848,3424920,72,2b22f8014b6a2a495b4ec324533cb51b2d70e8e790d16e10ce24a161fa54e088,524c434efffe00014800000010000100,,NCLR palette,Confirmed,True,False,,,,,,,,,,False,False
/pbr/pokegra.narc,/pbr/pokegra.narc!/member_00851,0,/pbr/pokegra.narc,501,851,,3448684,3448756,3424920,3424992,72,55c752337ba26138b60819cede3843aabfde9b791c202fcc941af0920c892552,524c434efffe00014800000010000100,,NCLR palette,Confirmed,True,False,,,,,,,,,,False,False
/pbr/pokegra.narc,/pbr/pokegra.narc!/member_00852,0,/pbr/pokegra.narc,501,852,,3448756,3455204,3424992,3431440,6448,5c9369cc96986d654a9dd40b16a95d14d50f13de098d95376a80d2ef687d6000,5247434efffe00013019000010000100,,NCGR graphics,Confirmed,True,False,,,,,,,,,,False,False
/pbr/pokegra.narc,/pbr/pokegra.narc!/member_00853,0,/pbr/pokegra.narc,501,853,,3455204,3461652,3431440,3437888,6448,5c9369cc96986d654a9dd40b16a95d14d50f13de098d95376a80d2ef687d6000,5247434efffe00013019000010000100,,NCGR graphics,Confirmed,True,False,,,,,,,,,,False,False
/pbr/pokegra.narc,/pbr/pokegra.narc!/member_00854,0,/pbr/pokegra.narc,501,854,,3461652,3468100,3437888,3444336,6448,ad8f4392171d5e0d50eccbc1042c61f9900a48c6441478e5fdb598d6c757a552,5247434efffe00013019000010000100,,NCGR graphics,Confirmed,True,False,,,,,,,,,,False,False
/pbr/pokegra.narc,/pbr/pokegra.narc!/member_00855,0,/pbr/pokegra.narc,501,855,,3468100,3474548,3444336,3450784,6448,ad8f4392171d5e0d50eccbc1042c61f9900a48c6441478e5fdb598d6c757a552,5247434efffe00013019000010000100,,NCGR graphics,Confirmed,True,False,,,,,,,,,,False,False
/pbr/pokegra.narc,/pbr/pokegra.narc!/member_00856,0,/pbr/pokegra.narc,501,856,,3474548,3474620,3450784,3450856,72,b2f1f4f946aae776d4777ff65fef165e3d0417668600da292c1fb631370a6550,524c434efffe00014800000010000100,,NCLR palette,Confirmed,True,False,,,,,,,,,,False,False
/pbr/pokegra.narc,/pbr/pokegra.narc!/member_00857,0,/pbr/pokegra.narc,501,857,,3474620,3474692,3450856,3450928,72,a852206099263b48b24b038d7093f445e565a96a4dc1aa08880966e1c1f65e2b,524c434efffe00014800000010000100,,NCLR palette,Confirmed,True,False,,,,,,,,,,False,False
/pbr/pokegra.narc,/pbr/pokegra.narc!/member_00858,0,/pbr/pokegra.narc,501,858,,3474692,3481140,3450928,3457376,6448,3ff99851e8c5890326b41d7db41bfa4d36efeafaf894330f15a2229ae9cbe451,5247434efffe00013019000010000100,,NCGR graphics,Confirmed,True,False,,,,,,,,,,False,False
/pbr/pokegra.narc,/pbr/pokegra.narc!/member_00859,0,/pbr/pokegra.narc,501,859,,3481140,3487588,3457376,3463824,6448,3ff99851e8c5890326b41d7db41bfa4d36efeafaf894330f15a2229ae9cbe451,5247434efffe00013019000010000100,,NCGR graphics,Confirmed,True,False,,,,,,,,,,False,False
/pbr/pokegra.narc,/pbr/pokegra.narc!/member_00860,0,/pbr/pokegra.narc,501,860,,3487588,3494036,3463824,3470272,6448,0e75abae355a5211d9b0424a998f80abe2982fa17a772c1a4e286815431a92d0,5247434efffe00013019000010000100,,NCGR graphics,Confirmed,True,False,,,,,,,,,,False,False
/pbr/pokegra.narc,/pbr/pokegra.narc!/member_00861,0,/pbr/pokegra.narc,501,861,,3494036,3500484,3470272,3476720,6448,0e75abae355a5211d9b0424a998f80abe2982fa17a772c1a4e286815431a92d0,5247434efffe00013019000010000100,,NCGR graphics,Confirmed,True,False,,,,,,,,,,False,False
/pbr/pokegra.narc,/pbr/pokegra.narc!/member_00862,0,/pbr/pokegra.narc,501,862,,3500484,3500556,3476720,3476792,72,fc0f2aea4a76ee906b8a68250723116ca69c7d2931133d29f6d3699299236fb8,524c434efffe00014800000010000100,,NCLR palette,Confirmed,True,False,,,,,,,,,,False,False
/pbr/pokegra.narc,/pbr/pokegra.narc!/member_00863,0,/pbr/pokegra.narc,501,863,,3500556,3500628,3476792,3476864,72,153ab525a882af95a4a4df9f34c461a3efede8b83fe102f2ef071b766a0317f6,524c434efffe00014800000010000100,,NCLR palette,Confirmed,True,False,,,,,,,,,,False,False
/pbr/pokegra.narc,/pbr/pokegra.narc!/member_00864,0,/pbr/pokegra.narc,501,864,,3500628,3500628,3476864,3476864,0,e3b0c44298fc1c149afbf4c8996fb92427ae41e4649b934ca495991b7852b855,,,,,,False,,,,,,,,,,False,False
/pbr/pokegra.narc,/pbr/pokegra.narc!/member_00865,0,/pbr/pokegra.narc,501,865,,3500628,3507076,3476864,3483312,6448,33e7f8947c7af4a19ee586215def0bc7e1b47b51ff741467a5c54d1984f28c20,5247434efffe00013019000010000100,,NCGR graphics,Confirmed,True,False,,,,,,,,,,False,False
/pbr/pokegra.narc,/pbr/pokegra.narc!/member_00866,0,/pbr/pokegra.narc,501,866,,3507076,3507076,3483312,3483312,0,e3b0c44298fc1c149afbf4c8996fb92427ae41e4649b934ca495991b7852b855,,,,,,False,,,,,,,,,,False,False
/pbr/pokegra.narc,/pbr/pokegra.narc!/member_00867,0,/pbr/pokegra.narc,501,867,,3507076,3513524,3483312,3489760,6448,7fb347b46bb0d2b40e37cc25c1a46c27e61a5d47f818028cf3fe511e3976b8ee,5247434efffe00013019000010000100,,NCGR graphics,Confirmed,True,False,,,,,,,,,,False,False
/pbr/pokegra.narc,/pbr/pokegra.narc!/member_00868,0,/pbr/pokegra.narc,501,868,,3513524,3513596,3489760,3489832,72,9d94fc78f3d0f4371831dedb02b05087152059b4a8e2b8be25f6ad793b0ebaa4,524c434efffe00014800000010000100,,NCLR palette,Confirmed,True,False,,,,,,,,,,False,False
/pbr/pokegra.narc,/pbr/pokegra.narc!/member_00869,0,/pbr/pokegra.narc,501,869,,3513596,3513668,3489832,3489904,72,13dada52765c92470b6391c41b93e407f85278428fccc2647af0e6244100300d,524c434efffe00014800000010000100,,NCLR palette,Confirmed,True,False,,,,,,,,,,False,False
/pbr/pokegra.narc,/pbr/pokegra.narc!/member_00870,0,/pbr/pokegra.narc,501,870,,3513668,3513668,3489904,3489904,0,e3b0c44298fc1c149afbf4c8996fb92427ae41e4649b934ca495991b7852b855,,,,,,False,,,,,,,,,,False,False
/pbr/pokegra.narc,/pbr/pokegra.narc!/member_00871,0,/pbr/pokegra.narc,501,871,,3513668,3520116,3489904,3496352,6448,78f7fe1985f8ecaf792c7ed2b3ea5e208d5612c45d471083b287137f15288b34,5247434efffe00013019000010000100,,NCGR graphics,Confirmed,True,False,,,,,,,,,,False,False
/pbr/pokegra.narc,/pbr/pokegra.narc!/member_00872,0,/pbr/pokegra.narc,501,872,,3520116,3520116,3496352,3496352,0,e3b0c44298fc1c149afbf4c8996fb92427ae41e4649b934ca495991b7852b855,,,,,,False,,,,,,,,,,False,False
/pbr/pokegra.narc,/pbr/pokegra.narc!/member_00873,0,/pbr/pokegra.narc,501,873,,3520116,3526564,3496352,3502800,6448,8ecd0261977b2bdc21b3291d036bda68984a691c9ba252fc154a773822f8a6c6,5247434efffe00013019000010000100,,NCGR graphics,Confirmed,True,False,,,,,,,,,,False,False
/pbr/pokegra.narc,/pbr/pokegra.narc!/member_00874,0,/pbr/pokegra.narc,501,874,,3526564,3526636,3502800,3502872,72,97036bc0a449600f781318e6fcbe1a22425cc0e98354792f4670c56a992f2787,524c434efffe00014800000010000100,,NCLR palette,Confirmed,True,False,,,,,,,,,,False,False
/pbr/pokegra.narc,/pbr/pokegra.narc!/member_00875,0,/pbr/pokegra.narc,501,875,,3526636,3526708,3502872,3502944,72,d5ef6f4953ab7ab233a6d41c7afd9a0e658513074471e2b593c43b4f9064e06e,524c434efffe00014800000010000100,,NCLR palette,Confirmed,True,False,,,,,,,,,,False,False
/pbr/pokegra.narc,/pbr/pokegra.narc!/member_00876,0,/pbr/pokegra.narc,501,876,,3526708,3526708,3502944,3502944,0,e3b0c44298fc1c149afbf4c8996fb92427ae41e4649b934ca495991b7852b855,,,,,,False,,,,,,,,,,False,False
/pbr/pokegra.narc,/pbr/pokegra.narc!/member_00877,0,/pbr/pokegra.narc,501,877,,3526708,3533156,3502944,3509392,6448,0b38e4599a724c63906400c8683cbc554186a3ba7c04e9cbd45cabd80c0bcf0e,5247434efffe00013019000010000100,,NCGR graphics,Confirmed,True,False,,,,,,,,,,False,False
/pbr/pokegra.narc,/pbr/pokegra.narc!/member_00878,0,/pbr/pokegra.narc,501,878,,3533156,3533156,3509392,3509392,0,e3b0c44298fc1c149afbf4c8996fb92427ae41e4649b934ca495991b7852b855,,,,,,False,,,,,,,,,,False,False
/pbr/pokegra.narc,/pbr/pokegra.narc!/member_00879,0,/pbr/pokegra.narc,501,879,,3533156,3539604,3509392,3515840,6448,fb4b603610c1a5052d476178d43a0c23c83d8020309ff623b27503456f05a5fc,5247434efffe00013019000010000100,,NCGR graphics,Confirmed,True,False,,,,,,,,,,False,False
/pbr/pokegra.narc,/pbr/pokegra.narc!/member_00880,0,/pbr/pokegra.narc,501,880,,3539604,3539676,3515840,3515912,72,775052696939822c31a5578ef2e559bf3d102617435713bc7bc491b5c2dbaafe,524c434efffe00014800000010000100,,NCLR palette,Confirmed,True,False,,,,,,,,,,False,False
/pbr/pokegra.narc,/pbr/pokegra.narc!/member_00881,0,/pbr/pokegra.narc,501,881,,3539676,3539748,3515912,3515984,72,1bfcbfb9ff4d90e3d5674860e5c946c7c64156cd2de0fde20c5d6fb4e1389c32,524c434efffe00014800000010000100,,NCLR palette,Confirmed,True,False,,,,,,,,,,False,False
/pbr/pokegra.narc,/pbr/pokegra.narc!/member_00882,0,/pbr/pokegra.narc,501,882,,3539748,3546196,3515984,3522432,6448,58e4e0999c3c223bc411def0f61ea13a6425fa97530601acf5f9a97b2b60c049,5247434efffe00013019000010000100,,NCGR graphics,Confirmed,True,False,,,,,,,,,,False,False
/pbr/pokegra.narc,/pbr/pokegra.narc!/member_00883,0,/pbr/pokegra.narc,501,883,,3546196,3552644,3522432,3528880,6448,58e4e0999c3c223bc411def0f61ea13a6425fa97530601acf5f9a97b2b60c049,5247434efffe00013019000010000100,,NCGR graphics,Confirmed,True,False,,,,,,,,,,False,False
/pbr/pokegra.narc,/pbr/pokegra.narc!/member_00884,0,/pbr/pokegra.narc,501,884,,3552644,3559092,3528880,3535328,6448,d4f631c3497193daa6db68e59a290fd307c2f5820249826cb7c21b7a8c08a6b2,5247434efffe00013019000010000100,,NCGR graphics,Confirmed,True,False,,,,,,,,,,False,False
/pbr/pokegra.narc,/pbr/pokegra.narc!/member_00885,0,/pbr/pokegra.narc,501,885,,3559092,3565540,3535328,3541776,6448,d4f631c3497193daa6db68e59a290fd307c2f5820249826cb7c21b7a8c08a6b2,5247434efffe00013019000010000100,,NCGR graphics,Confirmed,True,False,,,,,,,,,,False,False
/pbr/pokegra.narc,/pbr/pokegra.narc!/member_00886,0,/pbr/pokegra.narc,501,886,,3565540,3565612,3541776,3541848,72,9b0e9c5b8fde7b04c92370bd823a0ffad24ae6b803fbdcc2811c91d38226d31c,524c434efffe00014800000010000100,,NCLR palette,Confirmed,True,False,,,,,,,,,,False,False
/pbr/pokegra.narc,/pbr/pokegra.narc!/member_00887,0,/pbr/pokegra.narc,501,887,,3565612,3565684,3541848,3541920,72,e63824ee315e8d30b7177b18c0b72a5654cd11b48c8f51eba7ef25ef9b17d143,524c434efffe00014800000010000100,,NCLR palette,Confirmed,True,False,,,,,,,,,,False,False
/pbr/pokegra.narc,/pbr/pokegra.narc!/member_00888,0,/pbr/pokegra.narc,501,888,,3565684,3572132,3541920,3548368,6448,fee27b2aadbe61211b2590b589c84781a56280e24142a44a9b9df4f0226ab0b5,5247434efffe00013019000010000100,,NCGR graphics,Confirmed,True,False,,,,,,,,,,False,False
/pbr/pokegra.narc,/pbr/pokegra.narc!/member_00889,0,/pbr/pokegra.narc,501,889,,3572132,3578580,3548368,3554816,6448,fee27b2aadbe61211b2590b589c84781a56280e24142a44a9b9df4f0226ab0b5,5247434efffe00013019000010000100,,NCGR graphics,Confirmed,True,False,,,,,,,,,,False,False
/pbr/pokegra.narc,/pbr/pokegra.narc!/member_00890,0,/pbr/pokegra.narc,501,890,,3578580,3585028,3554816,3561264,6448,68fea4e662e446c914d59c69b295eb66c94c19904570bc0b5b12026bbecd10cd,5247434efffe00013019000010000100,,NCGR graphics,Confirmed,True,False,,,,,,,,,,False,False
/pbr/pokegra.narc,/pbr/pokegra.narc!/member_00891,0,/pbr/pokegra.narc,501,891,,3585028,3591476,3561264,3567712,6448,68fea4e662e446c914d59c69b295eb66c94c19904570bc0b5b12026bbecd10cd,5247434efffe00013019000010000100,,NCGR graphics,Confirmed,True,False,,,,,,,,,,False,False
/pbr/pokegra.narc,/pbr/pokegra.narc!/member_00892,0,/pbr/pokegra.narc,501,892,,3591476,3591548,3567712,3567784,72,3d3f7d4bfc703699439ec9d39eb08c8598ac6f77b40c1b33fd08ebc7ccf75b8d,524c434efffe00014800000010000100,,NCLR palette,Confirmed,True,False,,,,,,,,,,False,False
/pbr/pokegra.narc,/pbr/pokegra.narc!/member_00893,0,/pbr/pokegra.narc,501,893,,3591548,3591620,3567784,3567856,72,4ba025d9b03e2ad44fb5d580c1e113b0975392eef016a304e5e0b226c39805b9,524c434efffe00014800000010000100,,NCLR palette,Confirmed,True,False,,,,,,,,,,False,False
/pbr/pokegra.narc,/pbr/pokegra.narc!/member_00894,0,/pbr/pokegra.narc,501,894,,3591620,3598068,3567856,3574304,6448,3b7bf8ab0c5b5db90e379f0611f81235bda936d2464dc4293cc40ce99cec6d11,5247434efffe00013019000010000100,,NCGR graphics,Confirmed,True,False,,,,,,,,,,False,False
/pbr/pokegra.narc,/pbr/pokegra.narc!/member_00895,0,/pbr/pokegra.narc,501,895,,3598068,3604516,3574304,3580752,6448,3b7bf8ab0c5b5db90e379f0611f81235bda936d2464dc4293cc40ce99cec6d11,5247434efffe00013019000010000100,,NCGR graphics,Confirmed,True,False,,,,,,,,,,False,False
/pbr/pokegra.narc,/pbr/pokegra.narc!/member_00896,0,/pbr/pokegra.narc,501,896,,3604516,3610964,3580752,3587200,6448,5bfabf65edf4615ec2f6815553a4c2d4bd143eeb2bb100dcc1aa4bac2f649c10,5247434efffe00013019000010000100,,NCGR graphics,Confirmed,True,False,,,,,,,,,,False,False
/pbr/pokegra.narc,/pbr/pokegra.narc!/member_00897,0,/pbr/pokegra.narc,501,897,,3610964,3617412,3587200,3593648,6448,5bfabf65edf4615ec2f6815553a4c2d4bd143eeb2bb100dcc1aa4bac2f649c10,5247434efffe00013019000010000100,,NCGR graphics,Confirmed,True,False,,,,,,,,,,False,False
/pbr/pokegra.narc,/pbr/pokegra.narc!/member_00898,0,/pbr/pokegra.narc,501,898,,3617412,3617484,3593648,3593720,72,b1ebd04ecec6b82b25e0322b94c483eb102d9a88695413590dc68675123ff8d5,524c434efffe00014800000010000100,,NCLR palette,Confirmed,True,False,,,,,,,,,,False,False
/pbr/pokegra.narc,/pbr/pokegra.narc!/member_00899,0,/pbr/pokegra.narc,501,899,,3617484,3617556,3593720,3593792,72,1f9ed2dc05a9e3883b907b7c3d3436b283f59d3922b1ca0c78595146017c63fb,524c434efffe00014800000010000100,,NCLR palette,Confirmed,True,False,,,,,,,,,,False,False
/pbr/pokegra.narc,/pbr/pokegra.narc!/member_00900,0,/pbr/pokegra.narc,501,900,,3617556,3617556,3593792,3593792,0,e3b0c44298fc1c149afbf4c8996fb92427ae41e4649b934ca495991b7852b855,,,,,,False,,,,,,,,,,False,False
/pbr/pokegra.narc,/pbr/pokegra.narc!/member_00901,0,/pbr/pokegra.narc,501,901,,3617556,3624004,3593792,3600240,6448,5ee00056f085455961d3cf34ddbcae774081e782492c887ce8c7fe499fe082c7,5247434efffe00013019000010000100,,NCGR graphics,Confirmed,True,False,,,,,,,,,,False,False
/pbr/pokegra.narc,/pbr/pokegra.narc!/member_00902,0,/pbr/pokegra.narc,501,902,,3624004,3624004,3600240,3600240,0,e3b0c44298fc1c149afbf4c8996fb92427ae41e4649b934ca495991b7852b855,,,,,,False,,,,,,,,,,False,False
/pbr/pokegra.narc,/pbr/pokegra.narc!/member_00903,0,/pbr/pokegra.narc,501,903,,3624004,3630452,3600240,3606688,6448,00f23bedfa590f6d215396ac3316c44032beaeb7ea8f8a800d7662633565c74a,5247434efffe00013019000010000100,,NCGR graphics,Confirmed,True,False,,,,,,,,,,False,False
/pbr/pokegra.narc,/pbr/pokegra.narc!/member_00904,0,/pbr/pokegra.narc,501,904,,3630452,3630524,3606688,3606760,72,f24aa7e341782ded4d365ea858f6cd0c2098b2b0c9b128502f6f10837a482b3e,524c434efffe00014800000010000100,,NCLR palette,Confirmed,True,False,,,,,,,,,,False,False
/pbr/pokegra.narc,/pbr/pokegra.narc!/member_00905,0,/pbr/pokegra.narc,501,905,,3630524,3630596,3606760,3606832,72,bd4752604e1d83068e3c8bf1677f70d3e1835840f32a6eeca58efefee4d315e1,524c434efffe00014800000010000100,,NCLR palette,Confirmed,True,False,,,,,,,,,,False,False
/pbr/pokegra.narc,/pbr/pokegra.narc!/member_00906,0,/pbr/pokegra.narc,501,906,,3630596,3630596,3606832,3606832,0,e3b0c44298fc1c149afbf4c8996fb92427ae41e4649b934ca495991b7852b855,,,,,,False,,,,,,,,,,False,False
/pbr/pokegra.narc,/pbr/pokegra.narc!/member_00907,0,/pbr/pokegra.narc,501,907,,3630596,3637044,3606832,3613280,6448,da203e812ed5717c0d4453a87e0c370f67e0326155cc12721099353b95341fd2,5247434efffe00013019000010000100,,NCGR graphics,Confirmed,True,False,,,,,,,,,,False,False
/pbr/pokegra.narc,/pbr/pokegra.narc!/member_00908,0,/pbr/pokegra.narc,501,908,,3637044,3637044,3613280,3613280,0,e3b0c44298fc1c149afbf4c8996fb92427ae41e4649b934ca495991b7852b855,,,,,,False,,,,,,,,,,False,False
/pbr/pokegra.narc,/pbr/pokegra.narc!/member_00909,0,/pbr/pokegra.narc,501,909,,3637044,3643492,3613280,3619728,6448,c8184009ed5ff90423ceaa20aa943fb04ddc56b29b70bebc141c3d801d59fd92,5247434efffe00013019000010000100,,NCGR graphics,Confirmed,True,False,,,,,,,,,,False,False
/pbr/pokegra.narc,/pbr/pokegra.narc!/member_00910,0,/pbr/pokegra.narc,501,910,,3643492,3643564,3619728,3619800,72,94ee16efaa8b9e64aa9812b4dd31e8568bc4f38006d6c9a774610b1d71c24d76,524c434efffe00014800000010000100,,NCLR palette,Confirmed,True,False,,,,,,,,,,False,False
/pbr/pokegra.narc,/pbr/pokegra.narc!/member_00911,0,/pbr/pokegra.narc,501,911,,3643564,3643636,3619800,3619872,72,8087c6f956d882efaba8b0acfb942f9a723026ee53f22802cdd122233e5ab42f,524c434efffe00014800000010000100,,NCLR palette,Confirmed,True,False,,,,,,,,,,False,False
/pbr/pokegra.narc,/pbr/pokegra.narc!/member_00912,0,/pbr/pokegra.narc,501,912,,3643636,3650084,3619872,3626320,6448,4684f4e22c6a0a4292ce4f27e550afd5f1ec26d40fcbcd20ffa310216ac112ae,5247434efffe00013019000010000100,,NCGR graphics,Confirmed,True,False,,,,,,,,,,False,False
/pbr/pokegra.narc,/pbr/pokegra.narc!/member_00913,0,/pbr/pokegra.narc,501,913,,3650084,3656532,3626320,3632768,6448,4684f4e22c6a0a4292ce4f27e550afd5f1ec26d40fcbcd20ffa310216ac112ae,5247434efffe00013019000010000100,,NCGR graphics,Confirmed,True,False,,,,,,,,,,False,False
/pbr/pokegra.narc,/pbr/pokegra.narc!/member_00914,0,/pbr/pokegra.narc,501,914,,3656532,3662980,3632768,3639216,6448,5e6e9d07941d8b1d4e44a1afe67a51f5dba56c0347d71646eac8468cef37d3e5,5247434efffe00013019000010000100,,NCGR graphics,Confirmed,True,False,,,,,,,,,,False,False
/pbr/pokegra.narc,/pbr/pokegra.narc!/member_00915,0,/pbr/pokegra.narc,501,915,,3662980,3669428,3639216,3645664,6448,5e6e9d07941d8b1d4e44a1afe67a51f5dba56c0347d71646eac8468cef37d3e5,5247434efffe00013019000010000100,,NCGR graphics,Confirmed,True,False,,,,,,,,,,False,False
/pbr/pokegra.narc,/pbr/pokegra.narc!/member_00916,0,/pbr/pokegra.narc,501,916,,3669428,3669500,3645664,3645736,72,d88e92fb5b161f0c40b74a157b7afada80d7a22936149d7abbcb012af67da069,524c434efffe00014800000010000100,,NCLR palette,Confirmed,True,False,,,,,,,,,,False,False
/pbr/pokegra.narc,/pbr/pokegra.narc!/member_00917,0,/pbr/pokegra.narc,501,917,,3669500,3669572,3645736,3645808,72,da12419c051633cd101922633a93e54fb87a8a050a70325cacfb22c7823bd7c5,524c434efffe00014800000010000100,,NCLR palette,Confirmed,True,False,,,,,,,,,,False,False
/pbr/pokegra.narc,/pbr/pokegra.narc!/member_00918,0,/pbr/pokegra.narc,501,918,,3669572,3676020,3645808,3652256,6448,8ab1c3701fffb2bef272d6434cb6ece2b4740e3deeccbac3045bdb85c684c20e,5247434efffe00013019000010000100,,NCGR graphics,Confirmed,True,False,,,,,,,,,,False,False
/pbr/pokegra.narc,/pbr/pokegra.narc!/member_00919,0,/pbr/pokegra.narc,501,919,,3676020,3682468,3652256,3658704,6448,8ab1c3701fffb2bef272d6434cb6ece2b4740e3deeccbac3045bdb85c684c20e,5247434efffe00013019000010000100,,NCGR graphics,Confirmed,True,False,,,,,,,,,,False,False
/pbr/pokegra.narc,/pbr/pokegra.narc!/member_00920,0,/pbr/pokegra.narc,501,920,,3682468,3688916,3658704,3665152,6448,8f78e66d3c85ea72195b7b24cd01c9c02c24054febe8529588fc7b89a8b40cd7,5247434efffe00013019000010000100,,NCGR graphics,Confirmed,True,False,,,,,,,,,,False,False
/pbr/pokegra.narc,/pbr/pokegra.narc!/member_00921,0,/pbr/pokegra.narc,501,921,,3688916,3695364,3665152,3671600,6448,8f78e66d3c85ea72195b7b24cd01c9c02c24054febe8529588fc7b89a8b40cd7,5247434efffe00013019000010000100,,NCGR graphics,Confirmed,True,False,,,,,,,,,,False,False
/pbr/pokegra.narc,/pbr/pokegra.narc!/member_00922,0,/pbr/pokegra.narc,501,922,,3695364,3695436,3671600,3671672,72,5f542791416c3ef79cd362279125a38002f4022731c86369f1914f106b8203bc,524c434efffe00014800000010000100,,NCLR palette,Confirmed,True,False,,,,,,,,,,False,False
/pbr/pokegra.narc,/pbr/pokegra.narc!/member_00923,0,/pbr/pokegra.narc,501,923,,3695436,3695508,3671672,3671744,72,901b49845ebc5b7c02db0f9fcf86323cd611a4da82be94c406c4361589f004cb,524c434efffe00014800000010000100,,NCLR palette,Confirmed,True,False,,,,,,,,,,False,False
/pbr/pokegra.narc,/pbr/pokegra.narc!/member_00924,0,/pbr/pokegra.narc,501,924,,3695508,3701956,3671744,3678192,6448,6d8ae0b9dd66e180dfac94fcc323f7e7b99d397364e31b5f7e01d073b3255992,5247434efffe00013019000010000100,,NCGR graphics,Confirmed,True,False,,,,,,,,,,False,False
/pbr/pokegra.narc,/pbr/pokegra.narc!/member_00925,0,/pbr/pokegra.narc,501,925,,3701956,3708404,3678192,3684640,6448,314dc8af0961f6d9de7b27fa48e806b18e06f534d80d43539238fc54cc534cb5,5247434efffe00013019000010000100,,NCGR graphics,Confirmed,True,False,,,,,,,,,,False,False
/pbr/pokegra.narc,/pbr/pokegra.narc!/member_00926,0,/pbr/pokegra.narc,501,926,,3708404,3714852,3684640,3691088,6448,0a3eeba6870b030cbd549ecb70de61a2533d8b0409226b687ba3e78a876fda17,5247434efffe00013019000010000100,,NCGR graphics,Confirmed,True,False,,,,,,,,,,False,False
/pbr/pokegra.narc,/pbr/pokegra.narc!/member_00927,0,/pbr/pokegra.narc,501,927,,3714852,3721300,3691088,3697536,6448,b9f538cb819e791be4de591745e624924dc47e4dee8d43f6101419d445d5cbc5,5247434efffe00013019000010000100,,NCGR graphics,Confirmed,True,False,,,,,,,,,,False,False
/pbr/pokegra.narc,/pbr/pokegra.narc!/member_00928,0,/pbr/pokegra.narc,501,928,,3721300,3721372,3697536,3697608,72,ac221bcb3f30e9f8fe0cc757f2a25efaaa876f971a8539617ebb811521912250,524c434efffe00014800000010000100,,NCLR palette,Confirmed,True,False,,,,,,,,,,False,False
/pbr/pokegra.narc,/pbr/pokegra.narc!/member_00929,0,/pbr/pokegra.narc,501,929,,3721372,3721444,3697608,3697680,72,c45271f3143074859c8d3d0ceefc89ddd2ec9f689dd5808d149d045ffb318294,524c434efffe00014800000010000100,,NCLR palette,Confirmed,True,False,,,,,,,,,,False,False
/pbr/pokegra.narc,/pbr/pokegra.narc!/member_00930,0,/pbr/pokegra.narc,501,930,,3721444,3727892,3697680,3704128,6448,f688631e569713916ed54ab8f51e83105769a1c7e94d6518c9c82c770dd7b0bf,5247434efffe00013019000010000100,,NCGR graphics,Confirmed,True,False,,,,,,,,,,False,False
/pbr/pokegra.narc,/pbr/pokegra.narc!/member_00931,0,/pbr/pokegra.narc,501,931,,3727892,3734340,3704128,3710576,6448,f688631e569713916ed54ab8f51e83105769a1c7e94d6518c9c82c770dd7b0bf,5247434efffe00013019000010000100,,NCGR graphics,Confirmed,True,False,,,,,,,,,,False,False
/pbr/pokegra.narc,/pbr/pokegra.narc!/member_00932,0,/pbr/pokegra.narc,501,932,,3734340,3740788,3710576,3717024,6448,4e2b98d02dd59b96e0899c96a5d7c54908a8608cecbe45d80b0e141634dc88d0,5247434efffe00013019000010000100,,NCGR graphics,Confirmed,True,False,,,,,,,,,,False,False
/pbr/pokegra.narc,/pbr/pokegra.narc!/member_00933,0,/pbr/pokegra.narc,501,933,,3740788,3747236,3717024,3723472,6448,4e2b98d02dd59b96e0899c96a5d7c54908a8608cecbe45d80b0e141634dc88d0,5247434efffe00013019000010000100,,NCGR graphics,Confirmed,True,False,,,,,,,,,,False,False
/pbr/pokegra.narc,/pbr/pokegra.narc!/member_00934,0,/pbr/pokegra.narc,501,934,,3747236,3747308,3723472,3723544,72,8b04c42886502d14528cdddfef602227cb461eadb4f342a1b328cae743926790,524c434efffe00014800000010000100,,NCLR palette,Confirmed,True,False,,,,,,,,,,False,False
/pbr/pokegra.narc,/pbr/pokegra.narc!/member_00935,0,/pbr/pokegra.narc,501,935,,3747308,3747380,3723544,3723616,72,512ffd15ebe7fc812bf5bf3393ff16aea87b99c3ec695efd2bf284ef7d70dec2,524c434efffe00014800000010000100,,NCLR palette,Confirmed,True,False,,,,,,,,,,False,False
/pbr/pokegra.narc,/pbr/pokegra.narc!/member_00936,0,/pbr/pokegra.narc,501,936,,3747380,3753828,3723616,3730064,6448,f5050ada188f5d4e712ecbf910087f04323dfc1b9f5b10272d63595274f0355a,5247434efffe00013019000010000100,,NCGR graphics,Confirmed,True,False,,,,,,,,,,False,False
/pbr/pokegra.narc,/pbr/pokegra.narc!/member_00937,0,/pbr/pokegra.narc,501,937,,3753828,3760276,3730064,3736512,6448,f5050ada188f5d4e712ecbf910087f04323dfc1b9f5b10272d63595274f0355a,5247434efffe00013019000010000100,,NCGR graphics,Confirmed,True,False,,,,,,,,,,False,False
/pbr/pokegra.narc,/pbr/pokegra.narc!/member_00938,0,/pbr/pokegra.narc,501,938,,3760276,3766724,3736512,3742960,6448,d68429787046a74dd9a9eec59c0741d7538a009f755461cde99ab04aa001ceb5,5247434efffe00013019000010000100,,NCGR graphics,Confirmed,True,False,,,,,,,,,,False,False
/pbr/pokegra.narc,/pbr/pokegra.narc!/member_00939,0,/pbr/pokegra.narc,501,939,,3766724,3773172,3742960,3749408,6448,d68429787046a74dd9a9eec59c0741d7538a009f755461cde99ab04aa001ceb5,5247434efffe00013019000010000100,,NCGR graphics,Confirmed,True,False,,,,,,,,,,False,False
/pbr/pokegra.narc,/pbr/pokegra.narc!/member_00940,0,/pbr/pokegra.narc,501,940,,3773172,3773244,3749408,3749480,72,bea7a24131c714256af45b7198fc754e7793949e94d41c6fe5b2fa69a0268b3c,524c434efffe00014800000010000100,,NCLR palette,Confirmed,True,False,,,,,,,,,,False,False
/pbr/pokegra.narc,/pbr/pokegra.narc!/member_00941,0,/pbr/pokegra.narc,501,941,,3773244,3773316,3749480,3749552,72,f2fb4edbc1a52f994ee8ed4ec7ae967a20597cf43e00e7de5c508b00130f722e,524c434efffe00014800000010000100,,NCLR palette,Confirmed,True,False,,,,,,,,,,False,False
/pbr/pokegra.narc,/pbr/pokegra.narc!/member_00942,0,/pbr/pokegra.narc,501,942,,3773316,3779764,3749552,3756000,6448,a3ee85fa266ee51c69b050570ac92121f0332e725d22d47da32ede5b24ae214f,5247434efffe00013019000010000100,,NCGR graphics,Confirmed,True,False,,,,,,,,,,False,False
/pbr/pokegra.narc,/pbr/pokegra.narc!/member_00943,0,/pbr/pokegra.narc,501,943,,3779764,3786212,3756000,3762448,6448,a3ee85fa266ee51c69b050570ac92121f0332e725d22d47da32ede5b24ae214f,5247434efffe00013019000010000100,,NCGR graphics,Confirmed,True,False,,,,,,,,,,False,False
/pbr/pokegra.narc,/pbr/pokegra.narc!/member_00944,0,/pbr/pokegra.narc,501,944,,3786212,3792660,3762448,3768896,6448,d63cccbbc16cdf7a5e6fc75610c78c57d26b70e3aece72e21186c956653a76e8,5247434efffe00013019000010000100,,NCGR graphics,Confirmed,True,False,,,,,,,,,,False,False
/pbr/pokegra.narc,/pbr/pokegra.narc!/member_00945,0,/pbr/pokegra.narc,501,945,,3792660,3799108,3768896,3775344,6448,d63cccbbc16cdf7a5e6fc75610c78c57d26b70e3aece72e21186c956653a76e8,5247434efffe00013019000010000100,,NCGR graphics,Confirmed,True,False,,,,,,,,,,False,False
/pbr/pokegra.narc,/pbr/pokegra.narc!/member_00946,0,/pbr/pokegra.narc,501,946,,3799108,3799180,3775344,3775416,72,8767db617fe746ed62706cd8531d97ad59716e11b4d23fef4dda37554839889a,524c434efffe00014800000010000100,,NCLR palette,Confirmed,True,False,,,,,,,,,,False,False
/pbr/pokegra.narc,/pbr/pokegra.narc!/member_00947,0,/pbr/pokegra.narc,501,947,,3799180,3799252,3775416,3775488,72,4dd0fe304b0b1fb381f86b92077fcc0e3575dd59d5a4233a1d80b12be23f4090,524c434efffe00014800000010000100,,NCLR palette,Confirmed,True,False,,,,,,,,,,False,False
/pbr/pokegra.narc,/pbr/pokegra.narc!/member_00948,0,/pbr/pokegra.narc,501,948,,3799252,3805700,3775488,3781936,6448,289f2f5ce79ccf0ce3af8a581f950c5785e195654788b3009e92eb51e803b7d8,5247434efffe00013019000010000100,,NCGR graphics,Confirmed,True,False,,,,,,,,,,False,False
/pbr/pokegra.narc,/pbr/pokegra.narc!/member_00949,0,/pbr/pokegra.narc,501,949,,3805700,3812148,3781936,3788384,6448,289f2f5ce79ccf0ce3af8a581f950c5785e195654788b3009e92eb51e803b7d8,5247434efffe00013019000010000100,,NCGR graphics,Confirmed,True,False,,,,,,,,,,False,False
/pbr/pokegra.narc,/pbr/pokegra.narc!/member_00950,0,/pbr/pokegra.narc,501,950,,3812148,3818596,3788384,3794832,6448,9cdc7f472a951c2abead74a3e7d2e960fe627f159b665a253893724f7a9908dc,5247434efffe00013019000010000100,,NCGR graphics,Confirmed,True,False,,,,,,,,,,False,False
/pbr/pokegra.narc,/pbr/pokegra.narc!/member_00951,0,/pbr/pokegra.narc,501,951,,3818596,3825044,3794832,3801280,6448,9cdc7f472a951c2abead74a3e7d2e960fe627f159b665a253893724f7a9908dc,5247434efffe00013019000010000100,,NCGR graphics,Confirmed,True,False,,,,,,,,,,False,False
/pbr/pokegra.narc,/pbr/pokegra.narc!/member_00952,0,/pbr/pokegra.narc,501,952,,3825044,3825116,3801280,3801352,72,19db7b97b642c7b1f426a520bf8ad0041e0add11053d3b250dff8031a2ee0fae,524c434efffe00014800000010000100,,NCLR palette,Confirmed,True,False,,,,,,,,,,False,False
/pbr/pokegra.narc,/pbr/pokegra.narc!/member_00953,0,/pbr/pokegra.narc,501,953,,3825116,3825188,3801352,3801424,72,0506874902fc98f9b0f9ce5998fd9c7e4237af80983adfe4f284f7c4adf8d15e,524c434efffe00014800000010000100,,NCLR palette,Confirmed,True,False,,,,,,,,,,False,False
/pbr/pokegra.narc,/pbr/pokegra.narc!/member_00954,0,/pbr/pokegra.narc,501,954,,3825188,3831636,3801424,3807872,6448,49d436814d89f0a94063105a2eecbe7755f78aeb8862738c3890289315e70c85,5247434efffe00013019000010000100,,NCGR graphics,Confirmed,True,False,,,,,,,,,,False,False
/pbr/pokegra.narc,/pbr/pokegra.narc!/member_00955,0,/pbr/pokegra.narc,501,955,,3831636,3838084,3807872,3814320,6448,49d436814d89f0a94063105a2eecbe7755f78aeb8862738c3890289315e70c85,5247434efffe00013019000010000100,,NCGR graphics,Confirmed,True,False,,,,,,,,,,False,False
/pbr/pokegra.narc,/pbr/pokegra.narc!/member_00956,0,/pbr/pokegra.narc,501,956,,3838084,3844532,3814320,3820768,6448,157fa55da3fd7fac0e2a0881c976680e8322b86d5cd31f11c8209c821f116a47,5247434efffe00013019000010000100,,NCGR graphics,Confirmed,True,False,,,,,,,,,,False,False
/pbr/pokegra.narc,/pbr/pokegra.narc!/member_00957,0,/pbr/pokegra.narc,501,957,,3844532,3850980,3820768,3827216,6448,157fa55da3fd7fac0e2a0881c976680e8322b86d5cd31f11c8209c821f116a47,5247434efffe00013019000010000100,,NCGR graphics,Confirmed,True,False,,,,,,,,,,False,False
/pbr/pokegra.narc,/pbr/pokegra.narc!/member_00958,0,/pbr/pokegra.narc,501,958,,3850980,3851052,3827216,3827288,72,5020246f55c1796c29778cf287c4e5956b2afb03a3861587e4a9d9598e48ffca,524c434efffe00014800000010000100,,NCLR palette,Confirmed,True,False,,,,,,,,,,False,False
/pbr/pokegra.narc,/pbr/pokegra.narc!/member_00959,0,/pbr/pokegra.narc,501,959,,3851052,3851124,3827288,3827360,72,c8b90bbe369bcab1da4e53954a5921857739770f82d1ae395a1e430045a34b1c,524c434efffe00014800000010000100,,NCLR palette,Confirmed,True,False,,,,,,,,,,False,False
/pbr/pokegra.narc,/pbr/pokegra.narc!/member_00960,0,/pbr/pokegra.narc,501,960,,3851124,3857572,3827360,3833808,6448,dcf126d41c0986043ea6790983b02625e1bc01d55c75d2af2144f4eb7c170d2c,5247434efffe00013019000010000100,,NCGR graphics,Confirmed,True,False,,,,,,,,,,False,False
/pbr/pokegra.narc,/pbr/pokegra.narc!/member_00961,0,/pbr/pokegra.narc,501,961,,3857572,3864020,3833808,3840256,6448,dcf126d41c0986043ea6790983b02625e1bc01d55c75d2af2144f4eb7c170d2c,5247434efffe00013019000010000100,,NCGR graphics,Confirmed,True,False,,,,,,,,,,False,False
/pbr/pokegra.narc,/pbr/pokegra.narc!/member_00962,0,/pbr/pokegra.narc,501,962,,3864020,3870468,3840256,3846704,6448,44df4a0b2fe3f735a671019def0ef126d0370403a47bf735bdb612ca0a6c9370,5247434efffe00013019000010000100,,NCGR graphics,Confirmed,True,False,,,,,,,,,,False,False
/pbr/pokegra.narc,/pbr/pokegra.narc!/member_00963,0,/pbr/pokegra.narc,501,963,,3870468,3876916,3846704,3853152,6448,44df4a0b2fe3f735a671019def0ef126d0370403a47bf735bdb612ca0a6c9370,5247434efffe00013019000010000100,,NCGR graphics,Confirmed,True,False,,,,,,,,,,False,False
/pbr/pokegra.narc,/pbr/pokegra.narc!/member_00964,0,/pbr/pokegra.narc,501,964,,3876916,3876988,3853152,3853224,72,2270390ce7a9456a33ce04ec5997225a4c88700a964673be554357fa99513b6f,524c434efffe00014800000010000100,,NCLR palette,Confirmed,True,False,,,,,,,,,,False,False
/pbr/pokegra.narc,/pbr/pokegra.narc!/member_00965,0,/pbr/pokegra.narc,501,965,,3876988,3877060,3853224,3853296,72,146d1e59583e43e8dc331caa58c3d5d4bf9887838f184a88a9e0a1236ee6a20d,524c434efffe00014800000010000100,,NCLR palette,Confirmed,True,False,,,,,,,,,,False,False
/pbr/pokegra.narc,/pbr/pokegra.narc!/member_00966,0,/pbr/pokegra.narc,501,966,,3877060,3883508,3853296,3859744,6448,f90a72417eda041a493780ee37ac40bd793efe72ad3a5e7bc38baff8664ac5ee,5247434efffe00013019000010000100,,NCGR graphics,Confirmed,True,False,,,,,,,,,,False,False
/pbr/pokegra.narc,/pbr/pokegra.narc!/member_00967,0,/pbr/pokegra.narc,501,967,,3883508,3889956,3859744,3866192,6448,f90a72417eda041a493780ee37ac40bd793efe72ad3a5e7bc38baff8664ac5ee,5247434efffe00013019000010000100,,NCGR graphics,Confirmed,True,False,,,,,,,,,,False,False
/pbr/pokegra.narc,/pbr/pokegra.narc!/member_00968,0,/pbr/pokegra.narc,501,968,,3889956,3896404,3866192,3872640,6448,fe273fe945211b6009157c62017b6cfc55ef5bd75fbcef5e53ac0e1bde387536,5247434efffe00013019000010000100,,NCGR graphics,Confirmed,True,False,,,,,,,,,,False,False
/pbr/pokegra.narc,/pbr/pokegra.narc!/member_00969,0,/pbr/pokegra.narc,501,969,,3896404,3902852,3872640,3879088,6448,fe273fe945211b6009157c62017b6cfc55ef5bd75fbcef5e53ac0e1bde387536,5247434efffe00013019000010000100,,NCGR graphics,Confirmed,True,False,,,,,,,,,,False,False
/pbr/pokegra.narc,/pbr/pokegra.narc!/member_00970,0,/pbr/pokegra.narc,501,970,,3902852,3902924,3879088,3879160,72,5d44ad3cd5c06c60cae50c314c6b44ab1652f120c071dfd1108df3fe8e2aed7c,524c434efffe00014800000010000100,,NCLR palette,Confirmed,True,False,,,,,,,,,,False,False
/pbr/pokegra.narc,/pbr/pokegra.narc!/member_00971,0,/pbr/pokegra.narc,501,971,,3902924,3902996,3879160,3879232,72,65fddd819238c51e4e410f20a48777ab4dcb88c1a15bd32e6d5cf6a7c26a3abc,524c434efffe00014800000010000100,,NCLR palette,Confirmed,True,False,,,,,,,,,,False,False
/pbr/pokegra.narc,/pbr/pokegra.narc!/member_00972,0,/pbr/pokegra.narc,501,972,,3902996,3909444,3879232,3885680,6448,075b0ef990cc4af56b5b0340d7cc95de36879d77db458106cf0744f917323bde,5247434efffe00013019000010000100,,NCGR graphics,Confirmed,True,False,,,,,,,,,,False,False
/pbr/pokegra.narc,/pbr/pokegra.narc!/member_00973,0,/pbr/pokegra.narc,501,973,,3909444,3915892,3885680,3892128,6448,075b0ef990cc4af56b5b0340d7cc95de36879d77db458106cf0744f917323bde,5247434efffe00013019000010000100,,NCGR graphics,Confirmed,True,False,,,,,,,,,,False,False
/pbr/pokegra.narc,/pbr/pokegra.narc!/member_00974,0,/pbr/pokegra.narc,501,974,,3915892,3922340,3892128,3898576,6448,671bd52d11669af4bdc29e6219ab23e775040c3e89e66c47a1f18fe9c1984b87,5247434efffe00013019000010000100,,NCGR graphics,Confirmed,True,False,,,,,,,,,,False,False
/pbr/pokegra.narc,/pbr/pokegra.narc!/member_00975,0,/pbr/pokegra.narc,501,975,,3922340,3928788,3898576,3905024,6448,671bd52d11669af4bdc29e6219ab23e775040c3e89e66c47a1f18fe9c1984b87,5247434efffe00013019000010000100,,NCGR graphics,Confirmed,True,False,,,,,,,,,,False,False
/pbr/pokegra.narc,/pbr/pokegra.narc!/member_00976,0,/pbr/pokegra.narc,501,976,,3928788,3928860,3905024,3905096,72,61aed197cb1d86cbafce6f631a6e9705765eb80bb786b0b0122ae2ff33d256cf,524c434efffe00014800000010000100,,NCLR palette,Confirmed,True,False,,,,,,,,,,False,False
/pbr/pokegra.narc,/pbr/pokegra.narc!/member_00977,0,/pbr/pokegra.narc,501,977,,3928860,3928932,3905096,3905168,72,3fb8beb13712ae754553cbad1214f39bbcfea9262e7204ccdb3bc625b8d2c9a2,524c434efffe00014800000010000100,,NCLR palette,Confirmed,True,False,,,,,,,,,,False,False
/pbr/pokegra.narc,/pbr/pokegra.narc!/member_00978,0,/pbr/pokegra.narc,501,978,,3928932,3935380,3905168,3911616,6448,86cc2ba7973fffa75c02a78d3c6a5a02e987aa6be4a681ec7db924b2a6723057,5247434efffe00013019000010000100,,NCGR graphics,Confirmed,True,False,,,,,,,,,,False,False
/pbr/pokegra.narc,/pbr/pokegra.narc!/member_00979,0,/pbr/pokegra.narc,501,979,,3935380,3941828,3911616,3918064,6448,86cc2ba7973fffa75c02a78d3c6a5a02e987aa6be4a681ec7db924b2a6723057,5247434efffe00013019000010000100,,NCGR graphics,Confirmed,True,False,,,,,,,,,,False,False
/pbr/pokegra.narc,/pbr/pokegra.narc!/member_00980,0,/pbr/pokegra.narc,501,980,,3941828,3948276,3918064,3924512,6448,82e94df88dfa0bdfd117e2705f914758ae1e25422afdecd7b8b416e8149cc50d,5247434efffe00013019000010000100,,NCGR graphics,Confirmed,True,False,,,,,,,,,,False,False
/pbr/pokegra.narc,/pbr/pokegra.narc!/member_00981,0,/pbr/pokegra.narc,501,981,,3948276,3954724,3924512,3930960,6448,82e94df88dfa0bdfd117e2705f914758ae1e25422afdecd7b8b416e8149cc50d,5247434efffe00013019000010000100,,NCGR graphics,Confirmed,True,False,,,,,,,,,,False,False
/pbr/pokegra.narc,/pbr/pokegra.narc!/member_00982,0,/pbr/pokegra.narc,501,982,,3954724,3954796,3930960,3931032,72,29711f5b047c468b3cd52db52f13d5a4a51a3bcfb14012fad7574831bbd7af64,524c434efffe00014800000010000100,,NCLR palette,Confirmed,True,False,,,,,,,,,,False,False
/pbr/pokegra.narc,/pbr/pokegra.narc!/member_00983,0,/pbr/pokegra.narc,501,983,,3954796,3954868,3931032,3931104,72,9fa3e35df3c427463962976a3a6346c8aaa2c038e743c7acaab12e5fa11d5248,524c434efffe00014800000010000100,,NCLR palette,Confirmed,True,False,,,,,,,,,,False,False
/pbr/pokegra.narc,/pbr/pokegra.narc!/member_00984,0,/pbr/pokegra.narc,501,984,,3954868,3961316,3931104,3937552,6448,5e9eb7d2fdada36b7cdf52c2740d01f61be6e5e69e7894c7681a5a1d8a056ec6,5247434efffe00013019000010000100,,NCGR graphics,Confirmed,True,False,,,,,,,,,,False,False
/pbr/pokegra.narc,/pbr/pokegra.narc!/member_00985,0,/pbr/pokegra.narc,501,985,,3961316,3967764,3937552,3944000,6448,5e9eb7d2fdada36b7cdf52c2740d01f61be6e5e69e7894c7681a5a1d8a056ec6,5247434efffe00013019000010000100,,NCGR graphics,Confirmed,True,False,,,,,,,,,,False,False
/pbr/pokegra.narc,/pbr/pokegra.narc!/member_00986,0,/pbr/pokegra.narc,501,986,,3967764,3974212,3944000,3950448,6448,c1f3babae1473f2f064bed726c448e9ed97cdea8f63525241ddb15b2145c45d1,5247434efffe00013019000010000100,,NCGR graphics,Confirmed,True,False,,,,,,,,,,False,False
/pbr/pokegra.narc,/pbr/pokegra.narc!/member_00987,0,/pbr/pokegra.narc,501,987,,3974212,3980660,3950448,3956896,6448,c1f3babae1473f2f064bed726c448e9ed97cdea8f63525241ddb15b2145c45d1,5247434efffe00013019000010000100,,NCGR graphics,Confirmed,True,False,,,,,,,,,,False,False
/pbr/pokegra.narc,/pbr/pokegra.narc!/member_00988,0,/pbr/pokegra.narc,501,988,,3980660,3980732,3956896,3956968,72,a88c1f0077757cdeba0952ac93ec27e8c71518ebcd24bd1bfd017d1418641b03,524c434efffe00014800000010000100,,NCLR palette,Confirmed,True,False,,,,,,,,,,False,False
/pbr/pokegra.narc,/pbr/pokegra.narc!/member_00989,0,/pbr/pokegra.narc,501,989,,3980732,3980804,3956968,3957040,72,8c0004924fe82bbd72172319d3f3d0f69de91fecd5ca58727b0308af6f451d21,524c434efffe00014800000010000100,,NCLR palette,Confirmed,True,False,,,,,,,,,,False,False
/pbr/pokegra.narc,/pbr/pokegra.narc!/member_00990,0,/pbr/pokegra.narc,501,990,,3980804,3987252,3957040,3963488,6448,b8c54d6b0166cd371cd1d9c601420e4061e0c9037a28ea3bff52a648ee76ca30,5247434efffe00013019000010000100,,NCGR graphics,Confirmed,True,False,,,,,,,,,,False,False
/pbr/pokegra.narc,/pbr/pokegra.narc!/member_00991,0,/pbr/pokegra.narc,501,991,,3987252,3993700,3963488,3969936,6448,11a0f47efc6e42c3d0fb253c099702e6caf2a3d9d32904d2438d8a33364f02ef,5247434efffe00013019000010000100,,NCGR graphics,Confirmed,True,False,,,,,,,,,,False,False
/pbr/pokegra.narc,/pbr/pokegra.narc!/member_00992,0,/pbr/pokegra.narc,501,992,,3993700,4000148,3969936,3976384,6448,fc6c7223ed29e335637c27fb736b79120f483e0eaf04e2ee627ede4d42ffa532,5247434efffe00013019000010000100,,NCGR graphics,Confirmed,True,False,,,,,,,,,,False,False
/pbr/pokegra.narc,/pbr/pokegra.narc!/member_00993,0,/pbr/pokegra.narc,501,993,,4000148,4006596,3976384,3982832,6448,7cea1d3b25d8baebb04c0f979b3b9f8e43c1599b43b9f21707df58732dce3c38,5247434efffe00013019000010000100,,NCGR graphics,Confirmed,True,False,,,,,,,,,,False,False
/pbr/pokegra.narc,/pbr/pokegra.narc!/member_00994,0,/pbr/pokegra.narc,501,994,,4006596,4006668,3982832,3982904,72,50129de3b74a4937979e42508ebd549b0ea2e7c88c44beb2933ca08eccd8a3aa,524c434efffe00014800000010000100,,NCLR palette,Confirmed,True,False,,,,,,,,,,False,False
/pbr/pokegra.narc,/pbr/pokegra.narc!/member_00995,0,/pbr/pokegra.narc,501,995,,4006668,4006740,3982904,3982976,72,46910581898b9c34e414e72184e9a23c2c6f061f43ffca26eeb0ea8cdba0b917,524c434efffe00014800000010000100,,NCLR palette,Confirmed,True,False,,,,,,,,,,False,False
/pbr/pokegra.narc,/pbr/pokegra.narc!/member_00996,0,/pbr/pokegra.narc,501,996,,4006740,4013188,3982976,3989424,6448,ed439aabcf7f89fdf8beff23b68b7f3be19791eb5edea4f3942979037da53266,5247434efffe00013019000010000100,,NCGR graphics,Confirmed,True,False,,,,,,,,,,False,False
/pbr/pokegra.narc,/pbr/pokegra.narc!/member_00997,0,/pbr/pokegra.narc,501,997,,4013188,4019636,3989424,3995872,6448,c56bc86db00aeca0f91f32cab6cd356fefa09cd72c7433574435ce53e8af3ab3,5247434efffe00013019000010000100,,NCGR graphics,Confirmed,True,False,,,,,,,,,,False,False
/pbr/pokegra.narc,/pbr/pokegra.narc!/member_00998,0,/pbr/pokegra.narc,501,998,,4019636,4026084,3995872,4002320,6448,5c0b024fc5a5e775a54293d87d1feb55504d5f1415b2c696c19d4ac3516b3b68,5247434efffe00013019000010000100,,NCGR graphics,Confirmed,True,False,,,,,,,,,,False,False
/pbr/pokegra.narc,/pbr/pokegra.narc!/member_00999,0,/pbr/pokegra.narc,501,999,,4026084,4032532,4002320,4008768,6448,c22b7b051aea51aa92c7d9d1cac1822b7cda4302e5bafd4459a703300d738c1c,5247434efffe00013019000010000100,,NCGR graphics,Confirmed,True,False,,,,,,,,,,False,False
/pbr/pokegra.narc,/pbr/pokegra.narc!/member_01000,0,/pbr/pokegra.narc,501,1000,,4032532,4032604,4008768,4008840,72,0e6c1bfd9365bf7acb44d5ad0178241e1b95cf6e14620cf87f8dbe10743f8ddb,524c434efffe00014800000010000100,,NCLR palette,Confirmed,True,False,,,,,,,,,,False,False
/pbr/pokegra.narc,/pbr/pokegra.narc!/member_01001,0,/pbr/pokegra.narc,501,1001,,4032604,4032676,4008840,4008912,72,b4116e0a7e42ac399a8c62a5b2002b488659560ac6d3caf5d1f3363a18817ede,524c434efffe00014800000010000100,,NCLR palette,Confirmed,True,False,,,,,,,,,,False,False
/pbr/pokegra.narc,/pbr/pokegra.narc!/member_01002,0,/pbr/pokegra.narc,501,1002,,4032676,4039124,4008912,4015360,6448,38ba02ed4287c58ca44e17cad76414a51407d008b1c7cac7c1382ba61b194292,5247434efffe00013019000010000100,,NCGR graphics,Confirmed,True,False,,,,,,,,,,False,False
/pbr/pokegra.narc,/pbr/pokegra.narc!/member_01003,0,/pbr/pokegra.narc,501,1003,,4039124,4045572,4015360,4021808,6448,38ba02ed4287c58ca44e17cad76414a51407d008b1c7cac7c1382ba61b194292,5247434efffe00013019000010000100,,NCGR graphics,Confirmed,True,False,,,,,,,,,,False,False
/pbr/pokegra.narc,/pbr/pokegra.narc!/member_01004,0,/pbr/pokegra.narc,501,1004,,4045572,4052020,4021808,4028256,6448,8cfadbcab792ab4056939ea11df54a553bbf8d6a3a0825fb92648056f8806cce,5247434efffe00013019000010000100,,NCGR graphics,Confirmed,True,False,,,,,,,,,,False,False
/pbr/pokegra.narc,/pbr/pokegra.narc!/member_01005,0,/pbr/pokegra.narc,501,1005,,4052020,4058468,4028256,4034704,6448,8cfadbcab792ab4056939ea11df54a553bbf8d6a3a0825fb92648056f8806cce,5247434efffe00013019000010000100,,NCGR graphics,Confirmed,True,False,,,,,,,,,,False,False
/pbr/pokegra.narc,/pbr/pokegra.narc!/member_01006,0,/pbr/pokegra.narc,501,1006,,4058468,4058540,4034704,4034776,72,4b735dc804d20f39da0c1ceff80c371df442975742deb47cbc3bf7c7db2e70e0,524c434efffe00014800000010000100,,NCLR palette,Confirmed,True,False,,,,,,,,,,False,False
/pbr/pokegra.narc,/pbr/pokegra.narc!/member_01007,0,/pbr/pokegra.narc,501,1007,,4058540,4058612,4034776,4034848,72,b329de23de988f4f922ef94c11dee86685f733407dda119b2bb27e9769ce5b58,524c434efffe00014800000010000100,,NCLR palette,Confirmed,True,False,,,,,,,,,,False,False
/pbr/pokegra.narc,/pbr/pokegra.narc!/member_01008,0,/pbr/pokegra.narc,501,1008,,4058612,4065060,4034848,4041296,6448,a4268e0b46245b6f3c744d1823501ab4837b731e338df4aa6d6f629a1ac17d22,5247434efffe00013019000010000100,,NCGR graphics,Confirmed,True,False,,,,,,,,,,False,False
/pbr/pokegra.narc,/pbr/pokegra.narc!/member_01009,0,/pbr/pokegra.narc,501,1009,,4065060,4071508,4041296,4047744,6448,a4268e0b46245b6f3c744d1823501ab4837b731e338df4aa6d6f629a1ac17d22,5247434efffe00013019000010000100,,NCGR graphics,Confirmed,True,False,,,,,,,,,,False,False
/pbr/pokegra.narc,/pbr/pokegra.narc!/member_01010,0,/pbr/pokegra.narc,501,1010,,4071508,4077956,4047744,4054192,6448,37deb49841bef835ef9a5062f07cdf68fc3c7951a03d559c0210975721ddcd3f,5247434efffe00013019000010000100,,NCGR graphics,Confirmed,True,False,,,,,,,,,,False,False
/pbr/pokegra.narc,/pbr/pokegra.narc!/member_01011,0,/pbr/pokegra.narc,501,1011,,4077956,4084404,4054192,4060640,6448,37deb49841bef835ef9a5062f07cdf68fc3c7951a03d559c0210975721ddcd3f,5247434efffe00013019000010000100,,NCGR graphics,Confirmed,True,False,,,,,,,,,,False,False
/pbr/pokegra.narc,/pbr/pokegra.narc!/member_01012,0,/pbr/pokegra.narc,501,1012,,4084404,4084476,4060640,4060712,72,8e6118cfd3e3afb13a0791e6b699bcfdf8fa953691d145fbb978316189af6e29,524c434efffe00014800000010000100,,NCLR palette,Confirmed,True,False,,,,,,,,,,False,False
/pbr/pokegra.narc,/pbr/pokegra.narc!/member_01013,0,/pbr/pokegra.narc,501,1013,,4084476,4084548,4060712,4060784,72,6331cb1a015308c6776c231ab2be4b545a630bc791a232dd8f46ece105acf443,524c434efffe00014800000010000100,,NCLR palette,Confirmed,True,False,,,,,,,,,,False,False
/pbr/pokegra.narc,/pbr/pokegra.narc!/member_01014,0,/pbr/pokegra.narc,501,1014,,4084548,4090996,4060784,4067232,6448,a15823b917028c23b4e1d88598bb13ed94297b0f464e2834f8d471399b80ab79,5247434efffe00013019000010000100,,NCGR graphics,Confirmed,True,False,,,,,,,,,,False,False
/pbr/pokegra.narc,/pbr/pokegra.narc!/member_01015,0,/pbr/pokegra.narc,501,1015,,4090996,4097444,4067232,4073680,6448,a15823b917028c23b4e1d88598bb13ed94297b0f464e2834f8d471399b80ab79,5247434efffe00013019000010000100,,NCGR graphics,Confirmed,True,False,,,,,,,,,,False,False
/pbr/pokegra.narc,/pbr/pokegra.narc!/member_01016,0,/pbr/pokegra.narc,501,1016,,4097444,4103892,4073680,4080128,6448,0293cfc2e2d31276b26725b87544cd53d032dfae67306442ea77c008118d7ea7,5247434efffe00013019000010000100,,NCGR graphics,Confirmed,True,False,,,,,,,,,,False,False
/pbr/pokegra.narc,/pbr/pokegra.narc!/member_01017,0,/pbr/pokegra.narc,501,1017,,4103892,4110340,4080128,4086576,6448,0293cfc2e2d31276b26725b87544cd53d032dfae67306442ea77c008118d7ea7,5247434efffe00013019000010000100,,NCGR graphics,Confirmed,True,False,,,,,,,,,,False,False
/pbr/pokegra.narc,/pbr/pokegra.narc!/member_01018,0,/pbr/pokegra.narc,501,1018,,4110340,4110412,4086576,4086648,72,79b8331c72005de24d9d5983c0708c9972d8e195ac981d0fb540504dd385bc04,524c434efffe00014800000010000100,,NCLR palette,Confirmed,True,False,,,,,,,,,,False,False
/pbr/pokegra.narc,/pbr/pokegra.narc!/member_01019,0,/pbr/pokegra.narc,501,1019,,4110412,4110484,4086648,4086720,72,f34227b3b923b749e7025e4d77884837238f2cf5502a87f2a83a2e5f1064453e,524c434efffe00014800000010000100,,NCLR palette,Confirmed,True,False,,,,,,,,,,False,False
/pbr/pokegra.narc,/pbr/pokegra.narc!/member_01020,0,/pbr/pokegra.narc,501,1020,,4110484,4116932,4086720,4093168,6448,e20b678a2c9cb6bd7bd5cb5986de7f041842000b1f98df0f7a821bd04a8adb1b,5247434efffe00013019000010000100,,NCGR graphics,Confirmed,True,False,,,,,,,,,,False,False
/pbr/pokegra.narc,/pbr/pokegra.narc!/member_01021,0,/pbr/pokegra.narc,501,1021,,4116932,4123380,4093168,4099616,6448,e20b678a2c9cb6bd7bd5cb5986de7f041842000b1f98df0f7a821bd04a8adb1b,5247434efffe00013019000010000100,,NCGR graphics,Confirmed,True,False,,,,,,,,,,False,False
/pbr/pokegra.narc,/pbr/pokegra.narc!/member_01022,0,/pbr/pokegra.narc,501,1022,,4123380,4129828,4099616,4106064,6448,6e1f655a41457b493873425d405ad53a7bba3cd56502cf38b2b045dec6735c84,5247434efffe00013019000010000100,,NCGR graphics,Confirmed,True,False,,,,,,,,,,False,False
/pbr/pokegra.narc,/pbr/pokegra.narc!/member_01023,0,/pbr/pokegra.narc,501,1023,,4129828,4136276,4106064,4112512,6448,6e1f655a41457b493873425d405ad53a7bba3cd56502cf38b2b045dec6735c84,5247434efffe00013019000010000100,,NCGR graphics,Confirmed,True,False,,,,,,,,,,False,False
/pbr/pokegra.narc,/pbr/pokegra.narc!/member_01024,0,/pbr/pokegra.narc,501,1024,,4136276,4136348,4112512,4112584,72,db12db1ea2b330b266d4118d13f53002e8a0f248ddd0dd825674744a865bdfea,524c434efffe00014800000010000100,,NCLR palette,Confirmed,True,False,,,,,,,,,,False,False
/pbr/pokegra.narc,/pbr/pokegra.narc!/member_01025,0,/pbr/pokegra.narc,501,1025,,4136348,4136420,4112584,4112656,72,4939a86e735d5e55b32ce861adc67fb2d08117d59487905efe2548db7fba0220,524c434efffe00014800000010000100,,NCLR palette,Confirmed,True,False,,,,,,,,,,False,False
/pbr/pokegra.narc,/pbr/pokegra.narc!/member_01026,0,/pbr/pokegra.narc,501,1026,,4136420,4142868,4112656,4119104,6448,a75bd7b563cf9e98487ad0cea3598be65cb9d61fa12a2db00c809467c97f3367,5247434efffe00013019000010000100,,NCGR graphics,Confirmed,True,False,,,,,,,,,,False,False
/pbr/pokegra.narc,/pbr/pokegra.narc!/member_01027,0,/pbr/pokegra.narc,501,1027,,4142868,4149316,4119104,4125552,6448,a75bd7b563cf9e98487ad0cea3598be65cb9d61fa12a2db00c809467c97f3367,5247434efffe00013019000010000100,,NCGR graphics,Confirmed,True,False,,,,,,,,,,False,False
/pbr/pokegra.narc,/pbr/pokegra.narc!/member_01028,0,/pbr/pokegra.narc,501,1028,,4149316,4155764,4125552,4132000,6448,fdaa0034e1318d6e5350eba124c8f60adf745dc84f6d63de13d20dbc71322786,5247434efffe00013019000010000100,,NCGR graphics,Confirmed,True,False,,,,,,,,,,False,False
/pbr/pokegra.narc,/pbr/pokegra.narc!/member_01029,0,/pbr/pokegra.narc,501,1029,,4155764,4162212,4132000,4138448,6448,fdaa0034e1318d6e5350eba124c8f60adf745dc84f6d63de13d20dbc71322786,5247434efffe00013019000010000100,,NCGR graphics,Confirmed,True,False,,,,,,,,,,False,False
/pbr/pokegra.narc,/pbr/pokegra.narc!/member_01030,0,/pbr/pokegra.narc,501,1030,,4162212,4162284,4138448,4138520,72,f7a7e1d46f539f6a8c468919db27f1a601b197988f24887c43385be75cecc392,524c434efffe00014800000010000100,,NCLR palette,Confirmed,True,False,,,,,,,,,,False,False
/pbr/pokegra.narc,/pbr/pokegra.narc!/member_01031,0,/pbr/pokegra.narc,501,1031,,4162284,4162356,4138520,4138592,72,2cae2facd843704ad8bc7b04cebae1daacfcc728e8f79c90ee81fa04baa3190f,524c434efffe00014800000010000100,,NCLR palette,Confirmed,True,False,,,,,,,,,,False,False
/pbr/pokegra.narc,/pbr/pokegra.narc!/member_01032,0,/pbr/pokegra.narc,501,1032,,4162356,4168804,4138592,4145040,6448,0b78090f8aff889e177c59f13ae173c7f98d2c36a8bd3e4f38a129f28e421886,5247434efffe00013019000010000100,,NCGR graphics,Confirmed,True,False,,,,,,,,,,False,False
/pbr/pokegra.narc,/pbr/pokegra.narc!/member_01033,0,/pbr/pokegra.narc,501,1033,,4168804,4175252,4145040,4151488,6448,0b78090f8aff889e177c59f13ae173c7f98d2c36a8bd3e4f38a129f28e421886,5247434efffe00013019000010000100,,NCGR graphics,Confirmed,True,False,,,,,,,,,,False,False
/pbr/pokegra.narc,/pbr/pokegra.narc!/member_01034,0,/pbr/pokegra.narc,501,1034,,4175252,4181700,4151488,4157936,6448,1fff6ab110a42033f8be5ee7b784e5285e787dda9d426d3c6524fbf02c6537cd,5247434efffe00013019000010000100,,NCGR graphics,Confirmed,True,False,,,,,,,,,,False,False
/pbr/pokegra.narc,/pbr/pokegra.narc!/member_01035,0,/pbr/pokegra.narc,501,1035,,4181700,4188148,4157936,4164384,6448,1fff6ab110a42033f8be5ee7b784e5285e787dda9d426d3c6524fbf02c6537cd,5247434efffe00013019000010000100,,NCGR graphics,Confirmed,True,False,,,,,,,,,,False,False
/pbr/pokegra.narc,/pbr/pokegra.narc!/member_01036,0,/pbr/pokegra.narc,501,1036,,4188148,4188220,4164384,4164456,72,4aa7cb039faea613ade20c6016988a0bf33dbc919a88b3c3ab712d6d917fe1c7,524c434efffe00014800000010000100,,NCLR palette,Confirmed,True,False,,,,,,,,,,False,False
/pbr/pokegra.narc,/pbr/pokegra.narc!/member_01037,0,/pbr/pokegra.narc,501,1037,,4188220,4188292,4164456,4164528,72,6cd9b45cd31c3ecc709c53c0a08f62e140b3ad74e648337373806afaaf9d1448,524c434efffe00014800000010000100,,NCLR palette,Confirmed,True,False,,,,,,,,,,False,False
/pbr/pokegra.narc,/pbr/pokegra.narc!/member_01038,0,/pbr/pokegra.narc,501,1038,,4188292,4194740,4164528,4170976,6448,fae1d807af139e7b3f003014f0b075d2543649edc11fb339454c69ac99760fb6,5247434efffe00013019000010000100,,NCGR graphics,Confirmed,True,False,,,,,,,,,,False,False
/pbr/pokegra.narc,/pbr/pokegra.narc!/member_01039,0,/pbr/pokegra.narc,501,1039,,4194740,4201188,4170976,4177424,6448,fae1d807af139e7b3f003014f0b075d2543649edc11fb339454c69ac99760fb6,5247434efffe00013019000010000100,,NCGR graphics,Confirmed,True,False,,,,,,,,,,False,False
/pbr/pokegra.narc,/pbr/pokegra.narc!/member_01040,0,/pbr/pokegra.narc,501,1040,,4201188,4207636,4177424,4183872,6448,5f38caed7e70102b1c4f99386a229f5a7bb2e249cd00ff3cd166c8b07534bf5c,5247434efffe00013019000010000100,,NCGR graphics,Confirmed,True,False,,,,,,,,,,False,False
/pbr/pokegra.narc,/pbr/pokegra.narc!/member_01041,0,/pbr/pokegra.narc,501,1041,,4207636,4214084,4183872,4190320,6448,5f38caed7e70102b1c4f99386a229f5a7bb2e249cd00ff3cd166c8b07534bf5c,5247434efffe00013019000010000100,,NCGR graphics,Confirmed,True,False,,,,,,,,,,False,False
/pbr/pokegra.narc,/pbr/pokegra.narc!/member_01042,0,/pbr/pokegra.narc,501,1042,,4214084,4214156,4190320,4190392,72,2f501c97b29f2405fab943727002a1680adb4e097fad02ca4b147b4cdd86d67c,524c434efffe00014800000010000100,,NCLR palette,Confirmed,True,False,,,,,,,,,,False,False
/pbr/pokegra.narc,/pbr/pokegra.narc!/member_01043,0,/pbr/pokegra.narc,501,1043,,4214156,4214228,4190392,4190464,72,1d2ecbd8f1a28e978df47d448ee5d384f3a3b6fa1f4460dda288cc0714819cef,524c434efffe00014800000010000100,,NCLR palette,Confirmed,True,False,,,,,,,,,,False,False
/pbr/pokegra.narc,/pbr/pokegra.narc!/member_01044,0,/pbr/pokegra.narc,501,1044,,4214228,4220676,4190464,4196912,6448,882643285d4da9e0a3a7a6330ef864b282424a21e4de2d9851a565dd2330369c,5247434efffe00013019000010000100,,NCGR graphics,Confirmed,True,False,,,,,,,,,,False,False
/pbr/pokegra.narc,/pbr/pokegra.narc!/member_01045,0,/pbr/pokegra.narc,501,1045,,4220676,4227124,4196912,4203360,6448,882643285d4da9e0a3a7a6330ef864b282424a21e4de2d9851a565dd2330369c,5247434efffe00013019000010000100,,NCGR graphics,Confirmed,True,False,,,,,,,,,,False,False
/pbr/pokegra.narc,/pbr/pokegra.narc!/member_01046,0,/pbr/pokegra.narc,501,1046,,4227124,4233572,4203360,4209808,6448,d2d84adefa9f419db77e949ca0103fca57f89d5fbcba679ed235a10835fe7d90,5247434efffe00013019000010000100,,NCGR graphics,Confirmed,True,False,,,,,,,,,,False,False
/pbr/pokegra.narc,/pbr/pokegra.narc!/member_01047,0,/pbr/pokegra.narc,501,1047,,4233572,4240020,4209808,4216256,6448,d2d84adefa9f419db77e949ca0103fca57f89d5fbcba679ed235a10835fe7d90,5247434efffe00013019000010000100,,NCGR graphics,Confirmed,True,False,,,,,,,,,,False,False
/pbr/pokegra.narc,/pbr/pokegra.narc!/member_01048,0,/pbr/pokegra.narc,501,1048,,4240020,4240092,4216256,4216328,72,2fc7696ba1f1d9fcd8021ec76ad51405a111ee030a0b086b86b3c842f52a496f,524c434efffe00014800000010000100,,NCLR palette,Confirmed,True,False,,,,,,,,,,False,False
/pbr/pokegra.narc,/pbr/pokegra.narc!/member_01049,0,/pbr/pokegra.narc,501,1049,,4240092,4240164,4216328,4216400,72,42f4cd433231569c8ce49adca0c2d03c77f3974f6cad10eabf2cf66dd6a6d945,524c434efffe00014800000010000100,,NCLR palette,Confirmed,True,False,,,,,,,,,,False,False
/pbr/pokegra.narc,/pbr/pokegra.narc!/member_01050,0,/pbr/pokegra.narc,501,1050,,4240164,4246612,4216400,4222848,6448,687deb098bcc8d773debed0f0ba3ff65be1ad326be91034fd0b5be7f49361f3f,5247434efffe00013019000010000100,,NCGR graphics,Confirmed,True,False,,,,,,,,,,False,False
/pbr/pokegra.narc,/pbr/pokegra.narc!/member_01051,0,/pbr/pokegra.narc,501,1051,,4246612,4253060,4222848,4229296,6448,687deb098bcc8d773debed0f0ba3ff65be1ad326be91034fd0b5be7f49361f3f,5247434efffe00013019000010000100,,NCGR graphics,Confirmed,True,False,,,,,,,,,,False,False
/pbr/pokegra.narc,/pbr/pokegra.narc!/member_01052,0,/pbr/pokegra.narc,501,1052,,4253060,4259508,4229296,4235744,6448,1f0b678abaa8cd64a5e2597d9d8546fc3d00624fb030ce6ff91e052e115aa022,5247434efffe00013019000010000100,,NCGR graphics,Confirmed,True,False,,,,,,,,,,False,False
/pbr/pokegra.narc,/pbr/pokegra.narc!/member_01053,0,/pbr/pokegra.narc,501,1053,,4259508,4265956,4235744,4242192,6448,1f0b678abaa8cd64a5e2597d9d8546fc3d00624fb030ce6ff91e052e115aa022,5247434efffe00013019000010000100,,NCGR graphics,Confirmed,True,False,,,,,,,,,,False,False
/pbr/pokegra.narc,/pbr/pokegra.narc!/member_01054,0,/pbr/pokegra.narc,501,1054,,4265956,4266028,4242192,4242264,72,fdd40be48dd5901c350cd5cbff297b081b86ec263a06b7c8ce88327a5ba8b0ee,524c434efffe00014800000010000100,,NCLR palette,Confirmed,True,False,,,,,,,,,,False,False
/pbr/pokegra.narc,/pbr/pokegra.narc!/member_01055,0,/pbr/pokegra.narc,501,1055,,4266028,4266100,4242264,4242336,72,3bb016b0a89996dfe237f1ebd4ac419eea4a413bcc254b8c3bf6d3e81387cab3,524c434efffe00014800000010000100,,NCLR palette,Confirmed,True,False,,,,,,,,,,False,False
/pbr/pokegra.narc,/pbr/pokegra.narc!/member_01056,0,/pbr/pokegra.narc,501,1056,,4266100,4272548,4242336,4248784,6448,e5bd112900185fb9b8fc933f6b6a996d1e54b52245186895aee617a49d01f3ed,5247434efffe00013019000010000100,,NCGR graphics,Confirmed,True,False,,,,,,,,,,False,False
/pbr/pokegra.narc,/pbr/pokegra.narc!/member_01057,0,/pbr/pokegra.narc,501,1057,,4272548,4278996,4248784,4255232,6448,e5bd112900185fb9b8fc933f6b6a996d1e54b52245186895aee617a49d01f3ed,5247434efffe00013019000010000100,,NCGR graphics,Confirmed,True,False,,,,,,,,,,False,False
/pbr/pokegra.narc,/pbr/pokegra.narc!/member_01058,0,/pbr/pokegra.narc,501,1058,,4278996,4285444,4255232,4261680,6448,a912a1ba41faf8288f977a0f3899c5bdb8d0f6c48661b7c3dd4259bd5db4d84f,5247434efffe00013019000010000100,,NCGR graphics,Confirmed,True,False,,,,,,,,,,False,False
/pbr/pokegra.narc,/pbr/pokegra.narc!/member_01059,0,/pbr/pokegra.narc,501,1059,,4285444,4291892,4261680,4268128,6448,a912a1ba41faf8288f977a0f3899c5bdb8d0f6c48661b7c3dd4259bd5db4d84f,5247434efffe00013019000010000100,,NCGR graphics,Confirmed,True,False,,,,,,,,,,False,False
/pbr/pokegra.narc,/pbr/pokegra.narc!/member_01060,0,/pbr/pokegra.narc,501,1060,,4291892,4291964,4268128,4268200,72,4cb8cae2440802cb2442602b860696423f2d3d746234734bf72a73859834e3f0,524c434efffe00014800000010000100,,NCLR palette,Confirmed,True,False,,,,,,,,,,False,False
/pbr/pokegra.narc,/pbr/pokegra.narc!/member_01061,0,/pbr/pokegra.narc,501,1061,,4291964,4292036,4268200,4268272,72,2500c4941d556c72bd328da793ef76f4524345a91e84f385f4eda327efaf7292,524c434efffe00014800000010000100,,NCLR palette,Confirmed,True,False,,,,,,,,,,False,False
/pbr/pokegra.narc,/pbr/pokegra.narc!/member_01062,0,/pbr/pokegra.narc,501,1062,,4292036,4298484,4268272,4274720,6448,d697dd239cdf685f249175a8cb51f0f359d8f036df1234acadcf79256db56eb8,5247434efffe00013019000010000100,,NCGR graphics,Confirmed,True,False,,,,,,,,,,False,False
/pbr/pokegra.narc,/pbr/pokegra.narc!/member_01063,0,/pbr/pokegra.narc,501,1063,,4298484,4304932,4274720,4281168,6448,d697dd239cdf685f249175a8cb51f0f359d8f036df1234acadcf79256db56eb8,5247434efffe00013019000010000100,,NCGR graphics,Confirmed,True,False,,,,,,,,,,False,False
/pbr/pokegra.narc,/pbr/pokegra.narc!/member_01064,0,/pbr/pokegra.narc,501,1064,,4304932,4311380,4281168,4287616,6448,131d39995ef730d42b40c3d9141d9ffa36bdfa54d565cd041cad74ba3df05745,5247434efffe00013019000010000100,,NCGR graphics,Confirmed,True,False,,,,,,,,,,False,False
/pbr/pokegra.narc,/pbr/pokegra.narc!/member_01065,0,/pbr/pokegra.narc,501,1065,,4311380,4317828,4287616,4294064,6448,131d39995ef730d42b40c3d9141d9ffa36bdfa54d565cd041cad74ba3df05745,5247434efffe00013019000010000100,,NCGR graphics,Confirmed,True,False,,,,,,,,,,False,False
/pbr/pokegra.narc,/pbr/pokegra.narc!/member_01066,0,/pbr/pokegra.narc,501,1066,,4317828,4317900,4294064,4294136,72,d04d2d74a864990ad66d654970a9c0b594189b1e016c94b07b2d54972d6cbd15,524c434efffe00014800000010000100,,NCLR palette,Confirmed,True,False,,,,,,,,,,False,False
/pbr/pokegra.narc,/pbr/pokegra.narc!/member_01067,0,/pbr/pokegra.narc,501,1067,,4317900,4317972,4294136,4294208,72,9a0956333801cad3e4374287ebcc88d0b80979ddf097775594684a1cad707419,524c434efffe00014800000010000100,,NCLR palette,Confirmed,True,False,,,,,,,,,,False,False
/pbr/pokegra.narc,/pbr/pokegra.narc!/member_01068,0,/pbr/pokegra.narc,501,1068,,4317972,4324420,4294208,4300656,6448,74a291a453edccf720fbe0b88dcee463b2d96b4058e43114fa0074ea10a536fc,5247434efffe00013019000010000100,,NCGR graphics,Confirmed,True,False,,,,,,,,,,False,False
/pbr/pokegra.narc,/pbr/pokegra.narc!/member_01069,0,/pbr/pokegra.narc,501,1069,,4324420,4330868,4300656,4307104,6448,eb0f551bba4a31b88cad2019545d8bf49761b18dfc0dde72784ff26abe192229,5247434efffe00013019000010000100,,NCGR graphics,Confirmed,True,False,,,,,,,,,,False,False
/pbr/pokegra.narc,/pbr/pokegra.narc!/member_01070,0,/pbr/pokegra.narc,501,1070,,4330868,4337316,4307104,4313552,6448,aa27fe34f9aeef9367a11ce8e2d93c21e4d4905f9d486ef6ddafef777458bbbd,5247434efffe00013019000010000100,,NCGR graphics,Confirmed,True,False,,,,,,,,,,False,False
/pbr/pokegra.narc,/pbr/pokegra.narc!/member_01071,0,/pbr/pokegra.narc,501,1071,,4337316,4343764,4313552,4320000,6448,629b6969f76f9f6ef62d41c7cea36041c95026b25f926f04ff13dd7cf695b3c4,5247434efffe00013019000010000100,,NCGR graphics,Confirmed,True,False,,,,,,,,,,False,False
/pbr/pokegra.narc,/pbr/pokegra.narc!/member_01072,0,/pbr/pokegra.narc,501,1072,,4343764,4343836,4320000,4320072,72,2dfa21683f61ae502c5c5ac2ba1ea295de59a4d2043b8ee4bc92fba4889b3901,524c434efffe00014800000010000100,,NCLR palette,Confirmed,True,False,,,,,,,,,,False,False
/pbr/pokegra.narc,/pbr/pokegra.narc!/member_01073,0,/pbr/pokegra.narc,501,1073,,4343836,4343908,4320072,4320144,72,9e0d1adf1f2e75a0859b81ac2a01c02f86cb934f42d051f74afb8750d9345c01,524c434efffe00014800000010000100,,NCLR palette,Confirmed,True,False,,,,,,,,,,False,False
/pbr/pokegra.narc,/pbr/pokegra.narc!/member_01074,0,/pbr/pokegra.narc,501,1074,,4343908,4350356,4320144,4326592,6448,245de2a6a6e5083892a2d1fe06fec6b8e9bb1073670370e99f21e0d75737792f,5247434efffe00013019000010000100,,NCGR graphics,Confirmed,True,False,,,,,,,,,,False,False
/pbr/pokegra.narc,/pbr/pokegra.narc!/member_01075,0,/pbr/pokegra.narc,501,1075,,4350356,4356804,4326592,4333040,6448,245de2a6a6e5083892a2d1fe06fec6b8e9bb1073670370e99f21e0d75737792f,5247434efffe00013019000010000100,,NCGR graphics,Confirmed,True,False,,,,,,,,,,False,False
/pbr/pokegra.narc,/pbr/pokegra.narc!/member_01076,0,/pbr/pokegra.narc,501,1076,,4356804,4363252,4333040,4339488,6448,cc4aebd2e1e2cbfac503e6d358fd1938483f7818f39c0320d5c5756e43db5a79,5247434efffe00013019000010000100,,NCGR graphics,Confirmed,True,False,,,,,,,,,,False,False
/pbr/pokegra.narc,/pbr/pokegra.narc!/member_01077,0,/pbr/pokegra.narc,501,1077,,4363252,4369700,4339488,4345936,6448,cc4aebd2e1e2cbfac503e6d358fd1938483f7818f39c0320d5c5756e43db5a79,5247434efffe00013019000010000100,,NCGR graphics,Confirmed,True,False,,,,,,,,,,False,False
/pbr/pokegra.narc,/pbr/pokegra.narc!/member_01078,0,/pbr/pokegra.narc,501,1078,,4369700,4369772,4345936,4346008,72,addf0e2092687c05d6a7483995c31319e69216e3e956a469e7831045a68d34d9,524c434efffe00014800000010000100,,NCLR palette,Confirmed,True,False,,,,,,,,,,False,False
/pbr/pokegra.narc,/pbr/pokegra.narc!/member_01079,0,/pbr/pokegra.narc,501,1079,,4369772,4369844,4346008,4346080,72,244b8197758d1a6b6dccaffabf76bf713255c3cbe14bfc9a84190f5250c426bc,524c434efffe00014800000010000100,,NCLR palette,Confirmed,True,False,,,,,,,,,,False,False
/pbr/pokegra.narc,/pbr/pokegra.narc!/member_01080,0,/pbr/pokegra.narc,501,1080,,4369844,4376292,4346080,4352528,6448,99105359f4829552755ace99ebc0faf30071ec62d89e4246c666546fc6a1f577,5247434efffe00013019000010000100,,NCGR graphics,Confirmed,True,False,,,,,,,,,,False,False
/pbr/pokegra.narc,/pbr/pokegra.narc!/member_01081,0,/pbr/pokegra.narc,501,1081,,4376292,4382740,4352528,4358976,6448,99105359f4829552755ace99ebc0faf30071ec62d89e4246c666546fc6a1f577,5247434efffe00013019000010000100,,NCGR graphics,Confirmed,True,False,,,,,,,,,,False,False
/pbr/pokegra.narc,/pbr/pokegra.narc!/member_01082,0,/pbr/pokegra.narc,501,1082,,4382740,4389188,4358976,4365424,6448,9e98f892e743e2f9f05ccc46735d39e03407dbeb27ee7a1d7755414b1275ee4c,5247434efffe00013019000010000100,,NCGR graphics,Confirmed,True,False,,,,,,,,,,False,False
/pbr/pokegra.narc,/pbr/pokegra.narc!/member_01083,0,/pbr/pokegra.narc,501,1083,,4389188,4395636,4365424,4371872,6448,9e98f892e743e2f9f05ccc46735d39e03407dbeb27ee7a1d7755414b1275ee4c,5247434efffe00013019000010000100,,NCGR graphics,Confirmed,True,False,,,,,,,,,,False,False
/pbr/pokegra.narc,/pbr/pokegra.narc!/member_01084,0,/pbr/pokegra.narc,501,1084,,4395636,4395708,4371872,4371944,72,b239e436498ad2b7095a2197bca99844a49e16caa72e5368b3a658ba6c635c7e,524c434efffe00014800000010000100,,NCLR palette,Confirmed,True,False,,,,,,,,,,False,False
/pbr/pokegra.narc,/pbr/pokegra.narc!/member_01085,0,/pbr/pokegra.narc,501,1085,,4395708,4395780,4371944,4372016,72,81c00852fcdd87661863f2cddcde55a9ce89b141637b418b4faacd78007f8067,524c434efffe00014800000010000100,,NCLR palette,Confirmed,True,False,,,,,,,,,,False,False
/pbr/pokegra.narc,/pbr/pokegra.narc!/member_01086,0,/pbr/pokegra.narc,501,1086,,4395780,4402228,4372016,4378464,6448,4c8e1a828523b3c24dd9b0e221171546d98e4ace99afcd837906219d6eda5b67,5247434efffe00013019000010000100,,NCGR graphics,Confirmed,True,False,,,,,,,,,,False,False
/pbr/pokegra.narc,/pbr/pokegra.narc!/member_01087,0,/pbr/pokegra.narc,501,1087,,4402228,4408676,4378464,4384912,6448,4c8e1a828523b3c24dd9b0e221171546d98e4ace99afcd837906219d6eda5b67,5247434efffe00013019000010000100,,NCGR graphics,Confirmed,True,False,,,,,,,,,,False,False
/pbr/pokegra.narc,/pbr/pokegra.narc!/member_01088,0,/pbr/pokegra.narc,501,1088,,4408676,4415124,4384912,4391360,6448,6c420b48a2dba317850c386d74ee1c5d258f69f80ab69093743d576e536cc487,5247434efffe00013019000010000100,,NCGR graphics,Confirmed,True,False,,,,,,,,,,False,False
/pbr/pokegra.narc,/pbr/pokegra.narc!/member_01089,0,/pbr/pokegra.narc,501,1089,,4415124,4421572,4391360,4397808,6448,6c420b48a2dba317850c386d74ee1c5d258f69f80ab69093743d576e536cc487,5247434efffe00013019000010000100,,NCGR graphics,Confirmed,True,False,,,,,,,,,,False,False
/pbr/pokegra.narc,/pbr/pokegra.narc!/member_01090,0,/pbr/pokegra.narc,501,1090,,4421572,4421644,4397808,4397880,72,da59be6d6dc7be9cc702f3ab879fabbd991c070d6cae386a6269dd7a6cb10538,524c434efffe00014800000010000100,,NCLR palette,Confirmed,True,False,,,,,,,,,,False,False
/pbr/pokegra.narc,/pbr/pokegra.narc!/member_01091,0,/pbr/pokegra.narc,501,1091,,4421644,4421716,4397880,4397952,72,0867c5c052b7bf659ffbdee1826a3bf256cb1287ca53b784d82664a77f9b35bb,524c434efffe00014800000010000100,,NCLR palette,Confirmed,True,False,,,,,,,,,,False,False
/pbr/pokegra.narc,/pbr/pokegra.narc!/member_01092,0,/pbr/pokegra.narc,501,1092,,4421716,4428164,4397952,4404400,6448,69ffa115992e5f10d70cc8bb19a5ec97d5025b2cc2a125ce888c35df8e7ed4d9,5247434efffe00013019000010000100,,NCGR graphics,Confirmed,True,False,,,,,,,,,,False,False
/pbr/pokegra.narc,/pbr/pokegra.narc!/member_01093,0,/pbr/pokegra.narc,501,1093,,4428164,4434612,4404400,4410848,6448,69ffa115992e5f10d70cc8bb19a5ec97d5025b2cc2a125ce888c35df8e7ed4d9,5247434efffe00013019000010000100,,NCGR graphics,Confirmed,True,False,,,,,,,,,,False,False
/pbr/pokegra.narc,/pbr/pokegra.narc!/member_01094,0,/pbr/pokegra.narc,501,1094,,4434612,4441060,4410848,4417296,6448,3db14d75d25b5c2471aba75623607901f2d5a2f81b5369a439ebc70519491941,5247434efffe00013019000010000100,,NCGR graphics,Confirmed,True,False,,,,,,,,,,False,False
/pbr/pokegra.narc,/pbr/pokegra.narc!/member_01095,0,/pbr/pokegra.narc,501,1095,,4441060,4447508,4417296,4423744,6448,3db14d75d25b5c2471aba75623607901f2d5a2f81b5369a439ebc70519491941,5247434efffe00013019000010000100,,NCGR graphics,Confirmed,True,False,,,,,,,,,,False,False
/pbr/pokegra.narc,/pbr/pokegra.narc!/member_01096,0,/pbr/pokegra.narc,501,1096,,4447508,4447580,4423744,4423816,72,deabfd94975ab4b3aa7cdf9860a8b3793444e8b3f08e55bb96a4bdeef99ad79c,524c434efffe00014800000010000100,,NCLR palette,Confirmed,True,False,,,,,,,,,,False,False
/pbr/pokegra.narc,/pbr/pokegra.narc!/member_01097,0,/pbr/pokegra.narc,501,1097,,4447580,4447652,4423816,4423888,72,db07c4d24d45d943d77c7fbcf8f6cba6802664c0d6ab1a9c5463fcaf8fb213ec,524c434efffe00014800000010000100,,NCLR palette,Confirmed,True,False,,,,,,,,,,False,False
/pbr/pokegra.narc,/pbr/pokegra.narc!/member_01098,0,/pbr/pokegra.narc,501,1098,,4447652,4454100,4423888,4430336,6448,110cf4d58a2d37bd0c70959b674343a82c4ec0ce7a973da42bd8d97131be0e58,5247434efffe00013019000010000100,,NCGR graphics,Confirmed,True,False,,,,,,,,,,False,False
/pbr/pokegra.narc,/pbr/pokegra.narc!/member_01099,0,/pbr/pokegra.narc,501,1099,,4454100,4460548,4430336,4436784,6448,110cf4d58a2d37bd0c70959b674343a82c4ec0ce7a973da42bd8d97131be0e58,5247434efffe00013019000010000100,,NCGR graphics,Confirmed,True,False,,,,,,,,,,False,False
/pbr/pokegra.narc,/pbr/pokegra.narc!/member_01100,0,/pbr/pokegra.narc,501,1100,,4460548,4466996,4436784,4443232,6448,7111eb8e004cd5e2fa303b3764a980702363f0c377a512168aa9d5a834056629,5247434efffe00013019000010000100,,NCGR graphics,Confirmed,True,False,,,,,,,,,,False,False
/pbr/pokegra.narc,/pbr/pokegra.narc!/member_01101,0,/pbr/pokegra.narc,501,1101,,4466996,4473444,4443232,4449680,6448,7111eb8e004cd5e2fa303b3764a980702363f0c377a512168aa9d5a834056629,5247434efffe00013019000010000100,,NCGR graphics,Confirmed,True,False,,,,,,,,,,False,False
/pbr/pokegra.narc,/pbr/pokegra.narc!/member_01102,0,/pbr/pokegra.narc,501,1102,,4473444,4473516,4449680,4449752,72,3631a5430fa8f2980953abfe269820712d2932f31cfbbf61c4db7f0ae83fa049,524c434efffe00014800000010000100,,NCLR palette,Confirmed,True,False,,,,,,,,,,False,False
/pbr/pokegra.narc,/pbr/pokegra.narc!/member_01103,0,/pbr/pokegra.narc,501,1103,,4473516,4473588,4449752,4449824,72,1a13af33c1975bd14f71ef256c3a841157061b17c2a26d7b28e00fec3fcd3df9,524c434efffe00014800000010000100,,NCLR palette,Confirmed,True,False,,,,,,,,,,False,False
/pbr/pokegra.narc,/pbr/pokegra.narc!/member_01104,0,/pbr/pokegra.narc,501,1104,,4473588,4480036,4449824,4456272,6448,e0dee7f22d4f9aa2d5a38488a44f54eee7ae108dbe8b23debd90ce6b1ea97fdf,5247434efffe00013019000010000100,,NCGR graphics,Confirmed,True,False,,,,,,,,,,False,False
/pbr/pokegra.narc,/pbr/pokegra.narc!/member_01105,0,/pbr/pokegra.narc,501,1105,,4480036,4486484,4456272,4462720,6448,e0dee7f22d4f9aa2d5a38488a44f54eee7ae108dbe8b23debd90ce6b1ea97fdf,5247434efffe00013019000010000100,,NCGR graphics,Confirmed,True,False,,,,,,,,,,False,False
/pbr/pokegra.narc,/pbr/pokegra.narc!/member_01106,0,/pbr/pokegra.narc,501,1106,,4486484,4492932,4462720,4469168,6448,f8874305b5ac917198e04402bf1096d899d36eb5cc1d45893610db32328e4e0c,5247434efffe00013019000010000100,,NCGR graphics,Confirmed,True,False,,,,,,,,,,False,False
/pbr/pokegra.narc,/pbr/pokegra.narc!/member_01107,0,/pbr/pokegra.narc,501,1107,,4492932,4499380,4469168,4475616,6448,f8874305b5ac917198e04402bf1096d899d36eb5cc1d45893610db32328e4e0c,5247434efffe00013019000010000100,,NCGR graphics,Confirmed,True,False,,,,,,,,,,False,False
/pbr/pokegra.narc,/pbr/pokegra.narc!/member_01108,0,/pbr/pokegra.narc,501,1108,,4499380,4499452,4475616,4475688,72,0f0d9c25a0f78e33d744142a32720f055e2bc6ede23bca5eb2b45a5b875676a6,524c434efffe00014800000010000100,,NCLR palette,Confirmed,True,False,,,,,,,,,,False,False
/pbr/pokegra.narc,/pbr/pokegra.narc!/member_01109,0,/pbr/pokegra.narc,501,1109,,4499452,4499524,4475688,4475760,72,926b79b5db6a63eb7664cfabe83d5d68cdffc8e8d2fc1c3d4c6ba1ff0a250694,524c434efffe00014800000010000100,,NCLR palette,Confirmed,True,False,,,,,,,,,,False,False
/pbr/pokegra.narc,/pbr/pokegra.narc!/member_01110,0,/pbr/pokegra.narc,501,1110,,4499524,4505972,4475760,4482208,6448,9986ebb7dc862b8135ea432c27037ab06b5c184d72c7bcf0d42c7a79c2393261,5247434efffe00013019000010000100,,NCGR graphics,Confirmed,True,False,,,,,,,,,,False,False
/pbr/pokegra.narc,/pbr/pokegra.narc!/member_01111,0,/pbr/pokegra.narc,501,1111,,4505972,4512420,4482208,4488656,6448,666a13805084ee45e3cc65fbbed5bd56242b2a52f98cbe401ac727ced865a7b6,5247434efffe00013019000010000100,,NCGR graphics,Confirmed,True,False,,,,,,,,,,False,False
/pbr/pokegra.narc,/pbr/pokegra.narc!/member_01112,0,/pbr/pokegra.narc,501,1112,,4512420,4518868,4488656,4495104,6448,652e43c784a375e0265d4d9387e57af52ebd86fb8b7d0efa139ef34a1be75392,5247434efffe00013019000010000100,,NCGR graphics,Confirmed,True,False,,,,,,,,,,False,False
/pbr/pokegra.narc,/pbr/pokegra.narc!/member_01113,0,/pbr/pokegra.narc,501,1113,,4518868,4525316,4495104,4501552,6448,f9975efb9044356ef039ae947c6f6175512efd81a7802fc60e1e6f596b002c25,5247434efffe00013019000010000100,,NCGR graphics,Confirmed,True,False,,,,,,,,,,False,False
/pbr/pokegra.narc,/pbr/pokegra.narc!/member_01114,0,/pbr/pokegra.narc,501,1114,,4525316,4525388,4501552,4501624,72,0ebfd81f1ad96d0d8f15dab3ac4112d2aa5badb02f2ff023c98689004a17dad5,524c434efffe00014800000010000100,,NCLR palette,Confirmed,True,False,,,,,,,,,,False,False
/pbr/pokegra.narc,/pbr/pokegra.narc!/member_01115,0,/pbr/pokegra.narc,501,1115,,4525388,4525460,4501624,4501696,72,569d60fd6e83ac63427df0a9c8c8acf3fef00aac870bdf6d3ab1b9fb41628b05,524c434efffe00014800000010000100,,NCLR palette,Confirmed,True,False,,,,,,,,,,False,False
/pbr/pokegra.narc,/pbr/pokegra.narc!/member_01116,0,/pbr/pokegra.narc,501,1116,,4525460,4531908,4501696,4508144,6448,92fb3bf66a443f5ad832dfa8594aa3b5d2469ef24aaf95debdd7238e1ce40ec6,5247434efffe00013019000010000100,,NCGR graphics,Confirmed,True,False,,,,,,,,,,False,False
/pbr/pokegra.narc,/pbr/pokegra.narc!/member_01117,0,/pbr/pokegra.narc,501,1117,,4531908,4538356,4508144,4514592,6448,fec200b37b4a2375d74e8a2b5eed5f5ec7e0ff943027c7c327430522be5ea228,5247434efffe00013019000010000100,,NCGR graphics,Confirmed,True,False,,,,,,,,,,False,False
/pbr/pokegra.narc,/pbr/pokegra.narc!/member_01118,0,/pbr/pokegra.narc,501,1118,,4538356,4544804,4514592,4521040,6448,3bea976eafba02fbcb6c916dad6621b7bdd0b7c15a93da7135b790e763234f6a,5247434efffe00013019000010000100,,NCGR graphics,Confirmed,True,False,,,,,,,,,,False,False
/pbr/pokegra.narc,/pbr/pokegra.narc!/member_01119,0,/pbr/pokegra.narc,501,1119,,4544804,4551252,4521040,4527488,6448,c6ce2d8afb5a0c3bc00d8ea7160b6f3aadd731841219cde0c4b46a8c8a21ac55,5247434efffe00013019000010000100,,NCGR graphics,Confirmed,True,False,,,,,,,,,,False,False
/pbr/pokegra.narc,/pbr/pokegra.narc!/member_01120,0,/pbr/pokegra.narc,501,1120,,4551252,4551324,4527488,4527560,72,23b754fa8f76ad9ac9e96015a989d6c595713d053eea55bfe54e9a255718ea2c,524c434efffe00014800000010000100,,NCLR palette,Confirmed,True,False,,,,,,,,,,False,False
/pbr/pokegra.narc,/pbr/pokegra.narc!/member_01121,0,/pbr/pokegra.narc,501,1121,,4551324,4551396,4527560,4527632,72,9c046a59588f02bcd57097a3f350f465a44ed58a203257c4f146ec1e8f884b7f,524c434efffe00014800000010000100,,NCLR palette,Confirmed,True,False,,,,,,,,,,False,False
/pbr/pokegra.narc,/pbr/pokegra.narc!/member_01122,0,/pbr/pokegra.narc,501,1122,,4551396,4557844,4527632,4534080,6448,69e54419aea87009dc68bb197124c5511b5869217f71f4aad07dd675d9e067ef,5247434efffe00013019000010000100,,NCGR graphics,Confirmed,True,False,,,,,,,,,,False,False
/pbr/pokegra.narc,/pbr/pokegra.narc!/member_01123,0,/pbr/pokegra.narc,501,1123,,4557844,4564292,4534080,4540528,6448,69e54419aea87009dc68bb197124c5511b5869217f71f4aad07dd675d9e067ef,5247434efffe00013019000010000100,,NCGR graphics,Confirmed,True,False,,,,,,,,,,False,False
/pbr/pokegra.narc,/pbr/pokegra.narc!/member_01124,0,/pbr/pokegra.narc,501,1124,,4564292,4570740,4540528,4546976,6448,632a7f602aee4692502b1d5a6807b3e319fea60c6727a67b52d4cf25552ec52b,5247434efffe00013019000010000100,,NCGR graphics,Confirmed,True,False,,,,,,,,,,False,False
/pbr/pokegra.narc,/pbr/pokegra.narc!/member_01125,0,/pbr/pokegra.narc,501,1125,,4570740,4577188,4546976,4553424,6448,632a7f602aee4692502b1d5a6807b3e319fea60c6727a67b52d4cf25552ec52b,5247434efffe00013019000010000100,,NCGR graphics,Confirmed,True,False,,,,,,,,,,False,False
/pbr/pokegra.narc,/pbr/pokegra.narc!/member_01126,0,/pbr/pokegra.narc,501,1126,,4577188,4577260,4553424,4553496,72,f28848e42bc126d0bdd3939149ded08beaedd370290fec7cb0d1c7550b21f177,524c434efffe00014800000010000100,,NCLR palette,Confirmed,True,False,,,,,,,,,,False,False
/pbr/pokegra.narc,/pbr/pokegra.narc!/member_01127,0,/pbr/pokegra.narc,501,1127,,4577260,4577332,4553496,4553568,72,0d71da59ee4a1136d7d510c4677dae12001b4498ab6dabc22dfc68255b67b727,524c434efffe00014800000010000100,,NCLR palette,Confirmed,True,False,,,,,,,,,,False,False
/pbr/pokegra.narc,/pbr/pokegra.narc!/member_01128,0,/pbr/pokegra.narc,501,1128,,4577332,4583780,4553568,4560016,6448,a3104656761eb099b69275d907dd4564eeeb6175cbfff5caa34a6ea90c114985,5247434efffe00013019000010000100,,NCGR graphics,Confirmed,True,False,,,,,,,,,,False,False
/pbr/pokegra.narc,/pbr/pokegra.narc!/member_01129,0,/pbr/pokegra.narc,501,1129,,4583780,4590228,4560016,4566464,6448,a3104656761eb099b69275d907dd4564eeeb6175cbfff5caa34a6ea90c114985,5247434efffe00013019000010000100,,NCGR graphics,Confirmed,True,False,,,,,,,,,,False,False
/pbr/pokegra.narc,/pbr/pokegra.narc!/member_01130,0,/pbr/pokegra.narc,501,1130,,4590228,4596676,4566464,4572912,6448,4234be0652dd1eda865a5c70bec91450948798c89e67c2c3103bb8f28eb6e7d3,5247434efffe00013019000010000100,,NCGR graphics,Confirmed,True,False,,,,,,,,,,False,False
/pbr/pokegra.narc,/pbr/pokegra.narc!/member_01131,0,/pbr/pokegra.narc,501,1131,,4596676,4603124,4572912,4579360,6448,4234be0652dd1eda865a5c70bec91450948798c89e67c2c3103bb8f28eb6e7d3,5247434efffe00013019000010000100,,NCGR graphics,Confirmed,True,False,,,,,,,,,,False,False
/pbr/pokegra.narc,/pbr/pokegra.narc!/member_01132,0,/pbr/pokegra.narc,501,1132,,4603124,4603196,4579360,4579432,72,87015124da6bcf02d4f66ad6b399bb90de8a3776a2db2892e0d3295e59408de1,524c434efffe00014800000010000100,,NCLR palette,Confirmed,True,False,,,,,,,,,,False,False
/pbr/pokegra.narc,/pbr/pokegra.narc!/member_01133,0,/pbr/pokegra.narc,501,1133,,4603196,4603268,4579432,4579504,72,c7f107920540882f686b6360feed222acaeb485ab62f1bcc7acc17c47e1ca5b0,524c434efffe00014800000010000100,,NCLR palette,Confirmed,True,False,,,,,,,,,,False,False
/pbr/pokegra.narc,/pbr/pokegra.narc!/member_01134,0,/pbr/pokegra.narc,501,1134,,4603268,4609716,4579504,4585952,6448,4daf51f793028e9a19b32c2772c970efb78ab9801b5d798163b12344f769c482,5247434efffe00013019000010000100,,NCGR graphics,Confirmed,True,False,,,,,,,,,,False,False
/pbr/pokegra.narc,/pbr/pokegra.narc!/member_01135,0,/pbr/pokegra.narc,501,1135,,4609716,4616164,4585952,4592400,6448,4daf51f793028e9a19b32c2772c970efb78ab9801b5d798163b12344f769c482,5247434efffe00013019000010000100,,NCGR graphics,Confirmed,True,False,,,,,,,,,,False,False
/pbr/pokegra.narc,/pbr/pokegra.narc!/member_01136,0,/pbr/pokegra.narc,501,1136,,4616164,4622612,4592400,4598848,6448,09b9977619ee8273b8781ee6a029c69f6c3bb918ac18de2338623c0cd76fac93,5247434efffe00013019000010000100,,NCGR graphics,Confirmed,True,False,,,,,,,,,,False,False
/pbr/pokegra.narc,/pbr/pokegra.narc!/member_01137,0,/pbr/pokegra.narc,501,1137,,4622612,4629060,4598848,4605296,6448,09b9977619ee8273b8781ee6a029c69f6c3bb918ac18de2338623c0cd76fac93,5247434efffe00013019000010000100,,NCGR graphics,Confirmed,True,False,,,,,,,,,,False,False
/pbr/pokegra.narc,/pbr/pokegra.narc!/member_01138,0,/pbr/pokegra.narc,501,1138,,4629060,4629132,4605296,4605368,72,d624f80c046cf8cb523de3928965a1178cef13cd047f37309496496797624afd,524c434efffe00014800000010000100,,NCLR palette,Confirmed,True,False,,,,,,,,,,False,False
/pbr/pokegra.narc,/pbr/pokegra.narc!/member_01139,0,/pbr/pokegra.narc,501,1139,,4629132,4629204,4605368,4605440,72,2406511b949e212ecc717a627a0d07144d83b2d260551f79bd7a183cbfec7e5e,524c434efffe00014800000010000100,,NCLR palette,Confirmed,True,False,,,,,,,,,,False,False
/pbr/pokegra.narc,/pbr/pokegra.narc!/member_01140,0,/pbr/pokegra.narc,501,1140,,4629204,4635652,4605440,4611888,6448,a826b09577a7f821f304111398ab635a68407cfe6974b69a085467befb8ce565,5247434efffe00013019000010000100,,NCGR graphics,Confirmed,True,False,,,,,,,,,,False,False
/pbr/pokegra.narc,/pbr/pokegra.narc!/member_01141,0,/pbr/pokegra.narc,501,1141,,4635652,4642100,4611888,4618336,6448,7b524232dd90004e3c12b8f734172f29de426281e07ad02daf7e4109c9fd4dd7,5247434efffe00013019000010000100,,NCGR graphics,Confirmed,True,False,,,,,,,,,,False,False
/pbr/pokegra.narc,/pbr/pokegra.narc!/member_01142,0,/pbr/pokegra.narc,501,1142,,4642100,4648548,4618336,4624784,6448,d26d1410a5af45e15b65b56b89beb5ad6b050f605082359ab21605a872688ead,5247434efffe00013019000010000100,,NCGR graphics,Confirmed,True,False,,,,,,,,,,False,False
/pbr/pokegra.narc,/pbr/pokegra.narc!/member_01143,0,/pbr/pokegra.narc,501,1143,,4648548,4654996,4624784,4631232,6448,b8fd2335408018844f119adbb11ea072a84292937cf146eea896e343a8308d96,5247434efffe00013019000010000100,,NCGR graphics,Confirmed,True,False,,,,,,,,,,False,False
/pbr/pokegra.narc,/pbr/pokegra.narc!/member_01144,0,/pbr/pokegra.narc,501,1144,,4654996,4655068,4631232,4631304,72,9b9b08313ff43fe051b4c158d8b38070b77d0d7cc52e26b9de6b34136f01ff4a,524c434efffe00014800000010000100,,NCLR palette,Confirmed,True,False,,,,,,,,,,False,False
/pbr/pokegra.narc,/pbr/pokegra.narc!/member_01145,0,/pbr/pokegra.narc,501,1145,,4655068,4655140,4631304,4631376,72,3b41eeaf2c298b17f0619363e1d00b7956b644ec8793c4f4b707054c8efabdbb,524c434efffe00014800000010000100,,NCLR palette,Confirmed,True,False,,,,,,,,,,False,False
/pbr/pokegra.narc,/pbr/pokegra.narc!/member_01146,0,/pbr/pokegra.narc,501,1146,,4655140,4661588,4631376,4637824,6448,c752f164ac88f7bac8072454aeca8a954d1153c6fb7630a7e6d186b1208f1262,5247434efffe00013019000010000100,,NCGR graphics,Confirmed,True,False,,,,,,,,,,False,False
/pbr/pokegra.narc,/pbr/pokegra.narc!/member_01147,0,/pbr/pokegra.narc,501,1147,,4661588,4668036,4637824,4644272,6448,c752f164ac88f7bac8072454aeca8a954d1153c6fb7630a7e6d186b1208f1262,5247434efffe00013019000010000100,,NCGR graphics,Confirmed,True,False,,,,,,,,,,False,False
/pbr/pokegra.narc,/pbr/pokegra.narc!/member_01148,0,/pbr/pokegra.narc,501,1148,,4668036,4674484,4644272,4650720,6448,d05b6913f90d544cef2f422d94b587927a7bdb1b8ca414a26d1aae871f88c30b,5247434efffe00013019000010000100,,NCGR graphics,Confirmed,True,False,,,,,,,,,,False,False
/pbr/pokegra.narc,/pbr/pokegra.narc!/member_01149,0,/pbr/pokegra.narc,501,1149,,4674484,4680932,4650720,4657168,6448,d05b6913f90d544cef2f422d94b587927a7bdb1b8ca414a26d1aae871f88c30b,5247434efffe00013019000010000100,,NCGR graphics,Confirmed,True,False,,,,,,,,,,False,False
/pbr/pokegra.narc,/pbr/pokegra.narc!/member_01150,0,/pbr/pokegra.narc,501,1150,,4680932,4681004,4657168,4657240,72,66d3754e4305939e51a079860833d98f71af6c2aaf1a90a841cd84db6cd2af6c,524c434efffe00014800000010000100,,NCLR palette,Confirmed,True,False,,,,,,,,,,False,False
/pbr/pokegra.narc,/pbr/pokegra.narc!/member_01151,0,/pbr/pokegra.narc,501,1151,,4681004,4681076,4657240,4657312,72,aa8c38e8843f13ec76c2ddae33619b767f25e1d257b6b517d918aa9063d27772,524c434efffe00014800000010000100,,NCLR palette,Confirmed,True,False,,,,,,,,,,False,False
/pbr/pokegra.narc,/pbr/pokegra.narc!/member_01152,0,/pbr/pokegra.narc,501,1152,,4681076,4687524,4657312,4663760,6448,87a5d61d6209a4722cbee8048a19fc2f8a05dbf68bd3b1d899c1d44c85e70dbf,5247434efffe00013019000010000100,,NCGR graphics,Confirmed,True,False,,,,,,,,,,False,False
/pbr/pokegra.narc,/pbr/pokegra.narc!/member_01153,0,/pbr/pokegra.narc,501,1153,,4687524,4693972,4663760,4670208,6448,87a5d61d6209a4722cbee8048a19fc2f8a05dbf68bd3b1d899c1d44c85e70dbf,5247434efffe00013019000010000100,,NCGR graphics,Confirmed,True,False,,,,,,,,,,False,False
/pbr/pokegra.narc,/pbr/pokegra.narc!/member_01154,0,/pbr/pokegra.narc,501,1154,,4693972,4700420,4670208,4676656,6448,576716a86f2ebb83aca47adc769a67956001bac06beecff9e024805a6705158d,5247434efffe00013019000010000100,,NCGR graphics,Confirmed,True,False,,,,,,,,,,False,False
/pbr/pokegra.narc,/pbr/pokegra.narc!/member_01155,0,/pbr/pokegra.narc,501,1155,,4700420,4706868,4676656,4683104,6448,576716a86f2ebb83aca47adc769a67956001bac06beecff9e024805a6705158d,5247434efffe00013019000010000100,,NCGR graphics,Confirmed,True,False,,,,,,,,,,False,False
/pbr/pokegra.narc,/pbr/pokegra.narc!/member_01156,0,/pbr/pokegra.narc,501,1156,,4706868,4706940,4683104,4683176,72,cdd9facf5a55901158bc33202e0903f21faa3df9800ba7242f8039510fe4eeb6,524c434efffe00014800000010000100,,NCLR palette,Confirmed,True,False,,,,,,,,,,False,False
/pbr/pokegra.narc,/pbr/pokegra.narc!/member_01157,0,/pbr/pokegra.narc,501,1157,,4706940,4707012,4683176,4683248,72,850d6564957c34175fc03149ddf769776ae313b70865b3c8b45c59daee787f47,524c434efffe00014800000010000100,,NCLR palette,Confirmed,True,False,,,,,,,,,,False,False
/pbr/pokegra.narc,/pbr/pokegra.narc!/member_01158,0,/pbr/pokegra.narc,501,1158,,4707012,4713460,4683248,4689696,6448,4500ce8ac41a2b546c7129e2cbc036f58004cfecedd7f9ebd319a0c7fc1b3b5b,5247434efffe00013019000010000100,,NCGR graphics,Confirmed,True,False,,,,,,,,,,False,False
/pbr/pokegra.narc,/pbr/pokegra.narc!/member_01159,0,/pbr/pokegra.narc,501,1159,,4713460,4719908,4689696,4696144,6448,4500ce8ac41a2b546c7129e2cbc036f58004cfecedd7f9ebd319a0c7fc1b3b5b,5247434efffe00013019000010000100,,NCGR graphics,Confirmed,True,False,,,,,,,,,,False,False
/pbr/pokegra.narc,/pbr/pokegra.narc!/member_01160,0,/pbr/pokegra.narc,501,1160,,4719908,4726356,4696144,4702592,6448,7f4ca34fc5b694a1f54178d439be4157fc5cdb37aa4825d507ab8f57e4ba9c67,5247434efffe00013019000010000100,,NCGR graphics,Confirmed,True,False,,,,,,,,,,False,False
/pbr/pokegra.narc,/pbr/pokegra.narc!/member_01161,0,/pbr/pokegra.narc,501,1161,,4726356,4732804,4702592,4709040,6448,7f4ca34fc5b694a1f54178d439be4157fc5cdb37aa4825d507ab8f57e4ba9c67,5247434efffe00013019000010000100,,NCGR graphics,Confirmed,True,False,,,,,,,,,,False,False
/pbr/pokegra.narc,/pbr/pokegra.narc!/member_01162,0,/pbr/pokegra.narc,501,1162,,4732804,4732876,4709040,4709112,72,ca1996d021e1def9a7f0cdb69e867511dbae3680f4268c45ead9f4fd9be079da,524c434efffe00014800000010000100,,NCLR palette,Confirmed,True,False,,,,,,,,,,False,False
/pbr/pokegra.narc,/pbr/pokegra.narc!/member_01163,0,/pbr/pokegra.narc,501,1163,,4732876,4732948,4709112,4709184,72,782f5db8172425522a929cfcfe9e5194607693f6fdf415c43ee012efb8cb0bf5,524c434efffe00014800000010000100,,NCLR palette,Confirmed,True,False,,,,,,,,,,False,False
/pbr/pokegra.narc,/pbr/pokegra.narc!/member_01164,0,/pbr/pokegra.narc,501,1164,,4732948,4739396,4709184,4715632,6448,ad22030f3b87add39c97c7098b703c85eae573e46c2a0ccf3c5d3f93403c5e48,5247434efffe00013019000010000100,,NCGR graphics,Confirmed,True,False,,,,,,,,,,False,False
/pbr/pokegra.narc,/pbr/pokegra.narc!/member_01165,0,/pbr/pokegra.narc,501,1165,,4739396,4745844,4715632,4722080,6448,e8b08bb992e6e93aa19c7e816104aba9490aa0c5416faeec978ddd399be847a9,5247434efffe00013019000010000100,,NCGR graphics,Confirmed,True,False,,,,,,,,,,False,False
/pbr/pokegra.narc,/pbr/pokegra.narc!/member_01166,0,/pbr/pokegra.narc,501,1166,,4745844,4752292,4722080,4728528,6448,39b7817dc9184fa20be79193dd07b06f2e04488c1ca5f9c795d1768626b039b1,5247434efffe00013019000010000100,,NCGR graphics,Confirmed,True,False,,,,,,,,,,False,False
/pbr/pokegra.narc,/pbr/pokegra.narc!/member_01167,0,/pbr/pokegra.narc,501,1167,,4752292,4758740,4728528,4734976,6448,78ced6ea95ed1a7e18fc235b1fbe891d6cc78b5003abb95acbd72380c504c403,5247434efffe00013019000010000100,,NCGR graphics,Confirmed,True,False,,,,,,,,,,False,False
/pbr/pokegra.narc,/pbr/pokegra.narc!/member_01168,0,/pbr/pokegra.narc,501,1168,,4758740,4758812,4734976,4735048,72,4c83e6c94ab227580264578bc5568762dd8ec6859fbd976aef92426fa8d0b796,524c434efffe00014800000010000100,,NCLR palette,Confirmed,True,False,,,,,,,,,,False,False
/pbr/pokegra.narc,/pbr/pokegra.narc!/member_01169,0,/pbr/pokegra.narc,501,1169,,4758812,4758884,4735048,4735120,72,ce93d42aca45decbc29ff0ab85617e3a28cab9832a0f1023474965e859bd5a8d,524c434efffe00014800000010000100,,NCLR palette,Confirmed,True,False,,,,,,,,,,False,False
/pbr/pokegra.narc,/pbr/pokegra.narc!/member_01170,0,/pbr/pokegra.narc,501,1170,,4758884,4765332,4735120,4741568,6448,fb23a975d56cc2df7f0fa75f136a7eb48c870c8de1cc5d2711683f53eedc7df8,5247434efffe00013019000010000100,,NCGR graphics,Confirmed,True,False,,,,,,,,,,False,False
/pbr/pokegra.narc,/pbr/pokegra.narc!/member_01171,0,/pbr/pokegra.narc,501,1171,,4765332,4771780,4741568,4748016,6448,76e9f3643e10123fac507d80252fd6ddd33ec9927f754edd07d32e98883579a6,5247434efffe00013019000010000100,,NCGR graphics,Confirmed,True,False,,,,,,,,,,False,False
/pbr/pokegra.narc,/pbr/pokegra.narc!/member_01172,0,/pbr/pokegra.narc,501,1172,,4771780,4778228,4748016,4754464,6448,5936078ccec99e65d6befbcd921b430d6215ae899cc8418903111e156f0bd0b1,5247434efffe00013019000010000100,,NCGR graphics,Confirmed,True,False,,,,,,,,,,False,False
/pbr/pokegra.narc,/pbr/pokegra.narc!/member_01173,0,/pbr/pokegra.narc,501,1173,,4778228,4784676,4754464,4760912,6448,57dd778cf8eaaf3c2ffd1cbdf8f37cf25ad7095d31b5cfbc6151bc44d8b76908,5247434efffe00013019000010000100,,NCGR graphics,Confirmed,True,False,,,,,,,,,,False,False
/pbr/pokegra.narc,/pbr/pokegra.narc!/member_01174,0,/pbr/pokegra.narc,501,1174,,4784676,4784748,4760912,4760984,72,cf28ed0670d1d02587c3d228e941ab9e9b7ec9f03ba6cccf128a192a1648ef8e,524c434efffe00014800000010000100,,NCLR palette,Confirmed,True,False,,,,,,,,,,False,False
/pbr/pokegra.narc,/pbr/pokegra.narc!/member_01175,0,/pbr/pokegra.narc,501,1175,,4784748,4784820,4760984,4761056,72,fd7fc9b6e52574635c0d9d8bbb2f1fb6e0ab6c6d47bf7900c6df57e9a896372d,524c434efffe00014800000010000100,,NCLR palette,Confirmed,True,False,,,,,,,,,,False,False
/pbr/pokegra.narc,/pbr/pokegra.narc!/member_01176,0,/pbr/pokegra.narc,501,1176,,4784820,4791268,4761056,4767504,6448,dff8e7d6167e001a2ea61f901143612de4129b51cba317d057ccb1b48d1d1f62,5247434efffe00013019000010000100,,NCGR graphics,Confirmed,True,False,,,,,,,,,,False,False
/pbr/pokegra.narc,/pbr/pokegra.narc!/member_01177,0,/pbr/pokegra.narc,501,1177,,4791268,4797716,4767504,4773952,6448,dff8e7d6167e001a2ea61f901143612de4129b51cba317d057ccb1b48d1d1f62,5247434efffe00013019000010000100,,NCGR graphics,Confirmed,True,False,,,,,,,,,,False,False
/pbr/pokegra.narc,/pbr/pokegra.narc!/member_01178,0,/pbr/pokegra.narc,501,1178,,4797716,4804164,4773952,4780400,6448,1c6cad978ba184056af4a55c6108be3a1504deccbaa7f00141f76d75fd2c85f6,5247434efffe00013019000010000100,,NCGR graphics,Confirmed,True,False,,,,,,,,,,False,False
/pbr/pokegra.narc,/pbr/pokegra.narc!/member_01179,0,/pbr/pokegra.narc,501,1179,,4804164,4810612,4780400,4786848,6448,1c6cad978ba184056af4a55c6108be3a1504deccbaa7f00141f76d75fd2c85f6,5247434efffe00013019000010000100,,NCGR graphics,Confirmed,True,False,,,,,,,,,,False,False
/pbr/pokegra.narc,/pbr/pokegra.narc!/member_01180,0,/pbr/pokegra.narc,501,1180,,4810612,4810684,4786848,4786920,72,ae873d2e6b5537016507785fac1986cad89280a4a675bc9b67bb21429ff7c3f0,524c434efffe00014800000010000100,,NCLR palette,Confirmed,True,False,,,,,,,,,,False,False
/pbr/pokegra.narc,/pbr/pokegra.narc!/member_01181,0,/pbr/pokegra.narc,501,1181,,4810684,4810756,4786920,4786992,72,4290e5dfe0d4f41fd5e2460f5822fbfbd1a85c9de0ab01d198ee40a19213630e,524c434efffe00014800000010000100,,NCLR palette,Confirmed,True,False,,,,,,,,,,False,False
/pbr/pokegra.narc,/pbr/pokegra.narc!/member_01182,0,/pbr/pokegra.narc,501,1182,,4810756,4817204,4786992,4793440,6448,9e353b4aadfc2306e47b74fd41e02add62a756b7396c6db1eda23a3300f0379b,5247434efffe00013019000010000100,,NCGR graphics,Confirmed,True,False,,,,,,,,,,False,False
/pbr/pokegra.narc,/pbr/pokegra.narc!/member_01183,0,/pbr/pokegra.narc,501,1183,,4817204,4823652,4793440,4799888,6448,9e353b4aadfc2306e47b74fd41e02add62a756b7396c6db1eda23a3300f0379b,5247434efffe00013019000010000100,,NCGR graphics,Confirmed,True,False,,,,,,,,,,False,False
/pbr/pokegra.narc,/pbr/pokegra.narc!/member_01184,0,/pbr/pokegra.narc,501,1184,,4823652,4830100,4799888,4806336,6448,5a26009bf85c211699ddd08b2bde2a3ea8b2be089f19498de0d721694f34e829,5247434efffe00013019000010000100,,NCGR graphics,Confirmed,True,False,,,,,,,,,,False,False
/pbr/pokegra.narc,/pbr/pokegra.narc!/member_01185,0,/pbr/pokegra.narc,501,1185,,4830100,4836548,4806336,4812784,6448,5a26009bf85c211699ddd08b2bde2a3ea8b2be089f19498de0d721694f34e829,5247434efffe00013019000010000100,,NCGR graphics,Confirmed,True,False,,,,,,,,,,False,False
/pbr/pokegra.narc,/pbr/pokegra.narc!/member_01186,0,/pbr/pokegra.narc,501,1186,,4836548,4836620,4812784,4812856,72,4e0e87391b4fa5149e5df483adc3f415aab051d4c1e91f6e0b56f864200aa303,524c434efffe00014800000010000100,,NCLR palette,Confirmed,True,False,,,,,,,,,,False,False
/pbr/pokegra.narc,/pbr/pokegra.narc!/member_01187,0,/pbr/pokegra.narc,501,1187,,4836620,4836692,4812856,4812928,72,65e77d4b4986ab03baffdf63ee728f83b65eee47106f84b0df96999fe7c8f452,524c434efffe00014800000010000100,,NCLR palette,Confirmed,True,False,,,,,,,,,,False,False
/pbr/pokegra.narc,/pbr/pokegra.narc!/member_01188,0,/pbr/pokegra.narc,501,1188,,4836692,4843140,4812928,4819376,6448,c6b9c248f2bb4f546b1512c4fbf5e41cb6408d1d71e2478da1de81974636df05,5247434efffe00013019000010000100,,NCGR graphics,Confirmed,True,False,,,,,,,,,,False,False
/pbr/pokegra.narc,/pbr/pokegra.narc!/member_01189,0,/pbr/pokegra.narc,501,1189,,4843140,4849588,4819376,4825824,6448,939a526e80a5a1daa7f65b9424d64947aeab3c1f1c1c95f3445ff8064ebdfce9,5247434efffe00013019000010000100,,NCGR graphics,Confirmed,True,False,,,,,,,,,,False,False
/pbr/pokegra.narc,/pbr/pokegra.narc!/member_01190,0,/pbr/pokegra.narc,501,1190,,4849588,4856036,4825824,4832272,6448,9c77ad5cb73f37fbaa1f57c86d5719f8b88c3ce85ad489deba32807fbbe93224,5247434efffe00013019000010000100,,NCGR graphics,Confirmed,True,False,,,,,,,,,,False,False
/pbr/pokegra.narc,/pbr/pokegra.narc!/member_01191,0,/pbr/pokegra.narc,501,1191,,4856036,4862484,4832272,4838720,6448,bc956f7a2604b9994fc256f4a1c37cddbbfb367ca4d8ff84b5f2c37fb5960473,5247434efffe00013019000010000100,,NCGR graphics,Confirmed,True,False,,,,,,,,,,False,False
/pbr/pokegra.narc,/pbr/pokegra.narc!/member_01192,0,/pbr/pokegra.narc,501,1192,,4862484,4862556,4838720,4838792,72,d1be09d2a819f533249d9b72a24e0b29ba640b12b0379aac76528fbcb1d0a08a,524c434efffe00014800000010000100,,NCLR palette,Confirmed,True,False,,,,,,,,,,False,False
/pbr/pokegra.narc,/pbr/pokegra.narc!/member_01193,0,/pbr/pokegra.narc,501,1193,,4862556,4862628,4838792,4838864,72,ab56d9475957b234867c7bd059fc8340105e3afd5db23a6677e0053d476e7e28,524c434efffe00014800000010000100,,NCLR palette,Confirmed,True,False,,,,,,,,,,False,False
/pbr/pokegra.narc,/pbr/pokegra.narc!/member_01194,0,/pbr/pokegra.narc,501,1194,,4862628,4869076,4838864,4845312,6448,5b0410836cef5e13ddbf1326230def851678c9e71e3931827d7689d679594860,5247434efffe00013019000010000100,,NCGR graphics,Confirmed,True,False,,,,,,,,,,False,False
/pbr/pokegra.narc,/pbr/pokegra.narc!/member_01195,0,/pbr/pokegra.narc,501,1195,,4869076,4875524,4845312,4851760,6448,5b0410836cef5e13ddbf1326230def851678c9e71e3931827d7689d679594860,5247434efffe00013019000010000100,,NCGR graphics,Confirmed,True,False,,,,,,,,,,False,False
/pbr/pokegra.narc,/pbr/pokegra.narc!/member_01196,0,/pbr/pokegra.narc,501,1196,,4875524,4881972,4851760,4858208,6448,13daffbbf9d268e073c1a9cf0ddee14a1c09db2a4a81392b5ffa1eae32bfbecc,5247434efffe00013019000010000100,,NCGR graphics,Confirmed,True,False,,,,,,,,,,False,False
/pbr/pokegra.narc,/pbr/pokegra.narc!/member_01197,0,/pbr/pokegra.narc,501,1197,,4881972,4888420,4858208,4864656,6448,13daffbbf9d268e073c1a9cf0ddee14a1c09db2a4a81392b5ffa1eae32bfbecc,5247434efffe00013019000010000100,,NCGR graphics,Confirmed,True,False,,,,,,,,,,False,False
/pbr/pokegra.narc,/pbr/pokegra.narc!/member_01198,0,/pbr/pokegra.narc,501,1198,,4888420,4888492,4864656,4864728,72,dd4502764e409b18579f8eea27be8a8a7aec284574c3d8d100d56b39e06b2ebe,524c434efffe00014800000010000100,,NCLR palette,Confirmed,True,False,,,,,,,,,,False,False
/pbr/pokegra.narc,/pbr/pokegra.narc!/member_01199,0,/pbr/pokegra.narc,501,1199,,4888492,4888564,4864728,4864800,72,7e1d85eaa4498fb4ef2fdee218e8d43b48fce06fbb9acd01038061c7d7fe84ea,524c434efffe00014800000010000100,,NCLR palette,Confirmed,True,False,,,,,,,,,,False,False
/pbr/pokegra.narc,/pbr/pokegra.narc!/member_01200,0,/pbr/pokegra.narc,501,1200,,4888564,4895012,4864800,4871248,6448,e4561b09ff7c5ce3696d067c3838c705d3499f6057593ca6977b2a354e7eba62,5247434efffe00013019000010000100,,NCGR graphics,Confirmed,True,False,,,,,,,,,,False,False
/pbr/pokegra.narc,/pbr/pokegra.narc!/member_01201,0,/pbr/pokegra.narc,501,1201,,4895012,4901460,4871248,4877696,6448,e4561b09ff7c5ce3696d067c3838c705d3499f6057593ca6977b2a354e7eba62,5247434efffe00013019000010000100,,NCGR graphics,Confirmed,True,False,,,,,,,,,,False,False
/pbr/pokegra.narc,/pbr/pokegra.narc!/member_01202,0,/pbr/pokegra.narc,501,1202,,4901460,4907908,4877696,4884144,6448,59b4c02421edb1d71044513f3a250b25ab70b073ffdf3bb475cf93657d505c4c,5247434efffe00013019000010000100,,NCGR graphics,Confirmed,True,False,,,,,,,,,,False,False
/pbr/pokegra.narc,/pbr/pokegra.narc!/member_01203,0,/pbr/pokegra.narc,501,1203,,4907908,4914356,4884144,4890592,6448,59b4c02421edb1d71044513f3a250b25ab70b073ffdf3bb475cf93657d505c4c,5247434efffe00013019000010000100,,NCGR graphics,Confirmed,True,False,,,,,,,,,,False,False
/pbr/pokegra.narc,/pbr/pokegra.narc!/member_01204,0,/pbr/pokegra.narc,501,1204,,4914356,4914428,4890592,4890664,72,2a1426c18becc6b7506c440efa5ed9dffa68212f8870ba831c44eef1cba74fbf,524c434efffe00014800000010000100,,NCLR palette,Confirmed,True,False,,,,,,,,,,False,False
