container_chain,member_chain,depth,parent_narc_path,parent_file_id,member_index,name,container_relative_offset,container_relative_end,gmif_relative_offset,gmif_relative_end,size,sha256,signature_hex,extension,probable_format,format_evidence,structure_valid,compressed,compression,compression_evidence,decompression_supported,declared_decompressed_size,decompression_valid,decompressed_size,decompressed_sha256,decompressed_format,decompressed_format_evidence,nested_container,nested_after_decompression
/a/0/9/5,/a/0/9/5!/member_00035,0,/a/0/9/5,224,35,,154900,164252,153784,163136,9352,d128113568f910ed7e2a006deaaaec29c167a76f7cce02e537a3373dc8ce292f,2041505331325f310500060000000000,,Nintendo Huffman,Probable,,True,Nintendo Huffman,Probable,False,5460033,,,,,,False,False
/a/0/9/5,/a/0/9/5!/member_00036,0,/a/0/9/5,224,36,,164252,170572,163136,169456,6320,06bef6414252118a34661d0ebd5803cffdb7a76963177e464b367c6990952dbb,2041505331325f310700070000000000,,Nintendo Huffman,Probable,,True,Nintendo Huffman,Probable,False,5460033,,,,,,False,False
/a/0/9/5,/a/0/9/5!/member_00037,0,/a/0/9/5,224,37,,170572,179296,169456,178180,8724,356d95d088d2eeb078cd57051d1c4fa08c5aa41e8f4bda447a2542d9cacebca3,2041505331325f310600060000000000,,Nintendo Huffman,Probable,,True,Nintendo Huffman,Probable,False,5460033,,,,,,False,False
/a/0/9/5,/a/0/9/5!/member_00038,0,/a/0/9/5,224,38,,179296,188648,178180,187532,9352,8abc4ee1b1dae2d6194bce2c5007eed0b7f4f724d73546d176fb48cd5f612865,2041505331325f310500060000000000,,Nintendo Huffman,Probable,,True,Nintendo Huffman,Probable,False,5460033,,,,,,False,False
/a/0/9/5,/a/0/9/5!/member_00039,0,/a/0/9/5,224,39,,188648,197232,187532,196116,8584,3023aa4a6a0bad34a7fc0fc864db17ed690854cea56c8b121e8edb6a3b54b6fa,2041505331325f310500060000000000,,Nintendo Huffman,Probable,,True,Nintendo Huffman,Probable,False,5460033,,,,,,False,False
/a/0/9/5,/a/0/9/5!/member_00040,0,/a/0/9/5,224,40,,197232,206292,196116,205176,9060,6399c5e89a14872192725c0d95880efe901e97f4b7281aebc6d1cd2dd98ac065,2041505331325f310500050000000000,,Nintendo Huffman,Probable,,True,Nintendo Huffman,Probable,False,5460033,,,,,,False,False
/a/0/9/5,/a/0/9/5!/member_00041,0,/a/0/9/5,224,41,,206292,216076,205176,214960,9784,800f66ec913cf0bf3b8e0b46ad7392a7fde5cdb4ee061ed55f12a3cbf4d61a27,2041505331325f310600070000000000,,Nintendo Huffman,Probable,,True,Nintendo Huffman,Probable,False,5460033,,,,,,False,False
/a/0/9/5,/a/0/9/5!/member_00042,0,/a/0/9/5,224,42,,216076,225568,214960,224452,9492,09e3a603ff4e8e7af85c4a0a34b299ab6b8692fdbbf8921a2f03daf969da246d,2041505331325f310600060000000000,,Nintendo Huffman,Probable,,True,Nintendo Huffman,Probable,False,5460033,,,,,,False,False
/a/0/9/5,/a/0/9/5!/member_00043,0,/a/0/9/5,224,43,,225568,231080,224452,229964,5512,90353d15369da6acb5f84cefa8ec4cc811a3ef06b8322a927e3970ee56d71218,2041505331325f310500060000000000,,Nintendo Huffman,Probable,,True,Nintendo Huffman,Probable,False,5460033,,,,,,False,False
/a/0/9/5,/a/0/9/5!/member_00044,0,/a/0/9/5,224,44,,231080,236592,229964,235476,5512,90353d15369da6acb5f84cefa8ec4cc811a3ef06b8322a927e3970ee56d71218,2041505331325f310500060000000000,,Nintendo Huffman,Probable,,True,Nintendo Huffman,Probable,False,5460033,,,,,,False,False
/a/0/9/5,/a/0/9/5!/member_00045,0,/a/0/9/5,224,45,,236592,242104,235476,240988,5512,90353d15369da6acb5f84cefa8ec4cc811a3ef06b8322a927e3970ee56d71218,2041505331325f310500060000000000,,Nintendo Huffman,Probable,,True,Nintendo Huffman,Probable,False,5460033,,,,,,False,False
/a/0/9/5,/a/0/9/5!/member_00046,0,/a/0/9/5,224,46,,242104,247616,240988,246500,5512,90353d15369da6acb5f84cefa8ec4cc811a3ef06b8322a927e3970ee56d71218,2041505331325f310500060000000000,,Nintendo Huffman,Probable,,True,Nintendo Huffman,Probable,False,5460033,,,,,,False,False
/a/0/9/5,/a/0/9/5!/member_00047,0,/a/0/9/5,224,47,,247616,253128,246500,252012,5512,90353d15369da6acb5f84cefa8ec4cc811a3ef06b8322a927e3970ee56d71218,2041505331325f310500060000000000,,Nintendo Huffman,Probable,,True,Nintendo Huffman,Probable,False,5460033,,,,,,False,False
/a/0/9/5,/a/0/9/5!/member_00048,0,/a/0/9/5,224,48,,253128,258640,252012,257524,5512,90353d15369da6acb5f84cefa8ec4cc811a3ef06b8322a927e3970ee56d71218,2041505331325f310500060000000000,,Nintendo Huffman,Probable,,True,Nintendo Huffman,Probable,False,5460033,,,,,,False,False
/a/0/9/5,/a/0/9/5!/member_00049,0,/a/0/9/5,224,49,,258640,264152,257524,263036,5512,90353d15369da6acb5f84cefa8ec4cc811a3ef06b8322a927e3970ee56d71218,2041505331325f310500060000000000,,Nintendo Huffman,Probable,,True,Nintendo Huffman,Probable,False,5460033,,,,,,False,False
/a/0/9/5,/a/0/9/5!/member_00050,0,/a/0/9/5,224,50,,264152,269664,263036,268548,5512,90353d15369da6acb5f84cefa8ec4cc811a3ef06b8322a927e3970ee56d71218,2041505331325f310500060000000000,,Nintendo Huffman,Probable,,True,Nintendo Huffman,Probable,False,5460033,,,,,,False,False
/a/0/9/5,/a/0/9/5!/member_00051,0,/a/0/9/5,224,51,,269664,275176,268548,274060,5512,90353d15369da6acb5f84cefa8ec4cc811a3ef06b8322a927e3970ee56d71218,2041505331325f310500060000000000,,Nintendo Huffman,Probable,,True,Nintendo Huffman,Probable,False,5460033,,,,,,False,False
/a/0/9/5,/a/0/9/5!/member_00052,0,/a/0/9/5,224,52,,275176,277880,274060,276764,2704,c80e0f39b7fa5d3a8e3db2d0150c5f9d7f336373dc9e6b900357cc40f4afdd76,2041505331325f310200030000000000,,Nintendo Huffman,Probable,,True,Nintendo Huffman,Probable,False,5460033,,,,,,False,False
/a/0/9/5,/a/0/9/5!/member_00053,0,/a/0/9/5,224,53,,277880,279100,276764,277984,1220,17a77eab9434c6458707aef0d1d10069fe9c48c906a1d05edcfa415a0ebe6024,2041505331325f310100010000000000,,Nintendo Huffman,Probable,,True,Nintendo Huffman,Probable,False,5460033,,,,,,False,False
/a/0/9/5,/a/0/9/5!/member_00054,0,/a/0/9/5,224,54,,279100,280320,277984,279204,1220,bb0da03d2c24027df49bbb13416cdb6c83b0d63bd7e0574736490b123acb2526,2041505331325f310100010000000000,,Nintendo Huffman,Probable,,True,Nintendo Huffman,Probable,False,5460033,,,,,,False,False
/a/0/9/5,/a/0/9/5!/member_00055,0,/a/0/9/5,224,55,,280320,281540,279204,280424,1220,a79bee2c722637276cfaebd3118ada95669b6dd515999d4c9e0d57eb7fb1115d,2041505331325f310100010000000000,,Nintendo Huffman,Probable,,True,Nintendo Huffman,Probable,False,5460033,,,,,,False,False
/a/0/9/5,/a/0/9/5!/member_00056,0,/a/0/9/5,224,56,,281540,282760,280424,281644,1220,0569b25442894ef9dcec92fccf01b037b2e934307e46eea97f5d102bd3b00069,2041505331325f310100010000000000,,Nintendo Huffman,Probable,,True,Nintendo Huffman,Probable,False,5460033,,,,,,False,False
/a/0/9/5,/a/0/9/5!/member_00057,0,/a/0/9/5,224,57,,282760,283976,281644,282860,1216,222d95f7fc4432860fc3cb9db3a8bd35009c1a8bb2908944674055cc5a19d558,2041505331325f310100010000000000,,Nintendo Huffman,Probable,,True,Nintendo Huffman,Probable,False,5460033,,,,,,False,False
/a/0/9/5,/a/0/9/5!/member_00058,0,/a/0/9/5,224,58,,283976,285192,282860,284076,1216,f5e3f18fad24243e5ca96a4069938b2fb48382711b02869de871519489346bc0,2041505331325f310100010000000000,,Nintendo Huffman,Probable,,True,Nintendo Huffman,Probable,False,5460033,,,,,,False,False
/a/0/9/5,/a/0/9/5!/member_00059,0,/a/0/9/5,224,59,,285192,286408,284076,285292,1216,862189d83aea84d574f341c697881671b853e9f77889939b576a56c5cefebc1b,2041505331325f310100010000000000,,Nintendo Huffman,Probable,,True,Nintendo Huffman,Probable,False,5460033,,,,,,False,False
/a/0/9/5,/a/0/9/5!/member_00060,0,/a/0/9/5,224,60,,286408,287624,285292,286508,1216,b4daf9ca3c14837c8e79b682250df3b9660449bcf16ae065a2664644d97176f0,2041505331325f310100010000000000,,Nintendo Huffman,Probable,,True,Nintendo Huffman,Probable,False,5460033,,,,,,False,False
/a/0/9/5,/a/0/9/5!/member_00061,0,/a/0/9/5,224,61,,287624,288840,286508,287724,1216,6ff165cfb43e0ea829a05dae547424e45ab493d1d12b30ba76cf09fb7bed6a36,2041505331325f310100010000000000,,Nintendo Huffman,Probable,,True,Nintendo Huffman,Probable,False,5460033,,,,,,False,False
/a/0/9/5,/a/0/9/5!/member_00062,0,/a/0/9/5,224,62,,288840,290056,287724,288940,1216,09ed7537e557e50243c3dd0a27426a70894d679d54dc3bd7cd843abf95ed7c55,2041505331325f310100010000000000,,Nintendo Huffman,Probable,,True,Nintendo Huffman,Probable,False,5460033,,,,,,False,False
/a/0/9/5,/a/0/9/5!/member_00063,0,/a/0/9/5,224,63,,290056,291280,288940,290164,1224,0ac869d0aae4c3c2516c82411607052eb6a41d5208d14947ecfcea9133b05699,2041505331325f310100010000000000,,Nintendo Huffman,Probable,,True,Nintendo Huffman,Probable,False,5460033,,,,,,False,False
/a/0/9/5,/a/0/9/5!/member_00064,0,/a/0/9/5,224,64,,291280,292504,290164,291388,1224,be1e465ebe8bf061c0f5be94df6a13c633870fafcd70e7090d77e3c1103c6f5b,2041505331325f310100010000000000,,Nintendo Huffman,Probable,,True,Nintendo Huffman,Probable,False,5460033,,,,,,False,False
/a/0/9/5,/a/0/9/5!/member_00065,0,/a/0/9/5,224,65,,292504,292952,291388,291836,448,9d786a4aec6fae84bc2f8032e7c7e44a93024b086dd531b17989508580860ba1,2041505331325f310100010000000000,,Nintendo Huffman,Probable,,True,Nintendo Huffman,Probable,False,5460033,,,,,,False,False
/a/0/9/5,/a/0/9/5!/member_00066,0,/a/0/9/5,224,66,,292952,293388,291836,292272,436,5856dffd86694cd100d8aafc402201adab2f2fd4fad831d074c0085a3d1c1df4,2041505331325f310100010000000000,,Nintendo Huffman,Probable,,True,Nintendo Huffman,Probable,False,5460033,,,,,,False,False
/a/0/9/5,/a/0/9/5!/member_00067,0,/a/0/9/5,224,67,,293388,293824,292272,292708,436,005bbc8c936601252e595bfadc06fd9280676b61a495137a9d43e7f37b14ee24,2041505331325f310100010000000000,,Nintendo Huffman,Probable,,True,Nintendo Huffman,Probable,False,5460033,,,,,,False,False
/a/0/9/5,/a/0/9/5!/member_00068,0,/a/0/9/5,224,68,,293824,294272,292708,293156,448,32518a2861b4d1cc3fdb68d12f45e91fd7dea8977329dd6ac859a27319c99dc7,2041505331325f310100010000000000,,Nintendo Huffman,Probable,,True,Nintendo Huffman,Probable,False,5460033,,,,,,False,False
/a/0/9/5,/a/0/9/5!/member_00069,0,/a/0/9/5,224,69,,294272,295488,293156,294372,1216,3fb687d96bd7c7421b18e03503933c0e2d7e0eccfab630e7bf0fb4f1dcb5c18a,2041505331325f310100010000000000,,Nintendo Huffman,Probable,,True,Nintendo Huffman,Probable,False,5460033,,,,,,False,False
/a/0/9/5,/a/0/9/5!/member_00070,0,/a/0/9/5,224,70,,295488,296704,294372,295588,1216,9ad7396759dffc1f69826f109e6053296f2c5f0b7e8b68860c6263603fd34596,2041505331325f310100010000000000,,Nintendo Huffman,Probable,,True,Nintendo Huffman,Probable,False,5460033,,,,,,False,False
/a/0/9/5,/a/0/9/5!/member_00071,0,/a/0/9/5,224,71,,296704,297920,295588,296804,1216,018bcd77bad0e27fd0f65fc9cbbf76cc0483c9b210a53b15c3ccee646e2583b3,2041505331325f310100010000000000,,Nintendo Huffman,Probable,,True,Nintendo Huffman,Probable,False,5460033,,,,,,False,False
/a/0/9/5,/a/0/9/5!/member_00072,0,/a/0/9/5,224,72,,297920,299136,296804,298020,1216,c91d9c2802a5db8e61aa519b98575ec25ab09e0cf95fd90df15d8f8140f40ce7,2041505331325f310100010000000000,,Nintendo Huffman,Probable,,True,Nintendo Huffman,Probable,False,5460033,,,,,,False,False
/a/0/9/5,/a/0/9/5!/member_00073,0,/a/0/9/5,224,73,,299136,300360,298020,299244,1224,2aa3470d3e8911456b70d2db5109925ceae03a0d805d7e8aba57ca5651fd3ab7,2041505331325f310100010000000000,,Nintendo Huffman,Probable,,True,Nintendo Huffman,Probable,False,5460033,,,,,,False,False
/a/0/9/5,/a/0/9/5!/member_00074,0,/a/0/9/5,224,74,,300360,301584,299244,300468,1224,a3a50d9430bf8cbf6699cb4227288c99c5bda60873c63ca84c1a1fc6b45fe690,2041505331325f310100010000000000,,Nintendo Huffman,Probable,,True,Nintendo Huffman,Probable,False,5460033,,,,,,False,False
/a/0/9/5,/a/0/9/5!/member_00075,0,/a/0/9/5,224,75,,301584,302808,300468,301692,1224,ff44b7bd9e98711570dd31329fbae424f35091bb91f9cb15e0baaf2834deff21,2041505331325f310100010000000000,,Nintendo Huffman,Probable,,True,Nintendo Huffman,Probable,False,5460033,,,,,,False,False
/a/0/9/5,/a/0/9/5!/member_00076,0,/a/0/9/5,224,76,,302808,304032,301692,302916,1224,3fddb782c8e80b4db402a5175a190c7261b22860c9f59fb1ce49f17ddaaa96e1,2041505331325f310100010000000000,,Nintendo Huffman,Probable,,True,Nintendo Huffman,Probable,False,5460033,,,,,,False,False
/a/0/9/5,/a/0/9/5!/member_00077,0,/a/0/9/5,224,77,,304032,305244,302916,304128,1212,bd5dfaf6b330fa585d9014014300a15a404b5537314a74e50b484ea2413519c1,2041505331325f310100010000000000,,Nintendo Huffman,Probable,,True,Nintendo Huffman,Probable,False,5460033,,,,,,False,False
/a/0/9/5,/a/0/9/5!/member_00078,0,/a/0/9/5,224,78,,305244,306456,304128,305340,1212,780f78d357af14227e66dd3415c3a2d9d8c0ccd5edbd438934647bce4ebaa235,2041505331325f310100010000000000,,Nintendo Huffman,Probable,,True,Nintendo Huffman,Probable,False,5460033,,,,,,False,False
/a/0/9/5,/a/0/9/5!/member_00079,0,/a/0/9/5,224,79,,306456,307668,305340,306552,1212,4f527495825c38085bad0d27bc1f7e87ae533ad431dc3638f9c2c7890b0f6cfa,2041505331325f310100010000000000,,Nintendo Huffman,Probable,,True,Nintendo Huffman,Probable,False,5460033,,,,,,False,False
/a/0/9/5,/a/0/9/5!/member_00080,0,/a/0/9/5,224,80,,307668,308880,306552,307764,1212,710152c43f5ef586736ab773d76b533502919b990677a72755d08c29970ba3af,2041505331325f310100010000000000,,Nintendo Huffman,Probable,,True,Nintendo Huffman,Probable,False,5460033,,,,,,False,False
/a/0/9/5,/a/0/9/5!/member_00081,0,/a/0/9/5,224,81,,308880,309324,307764,308208,444,d35e4df7c4ad8b1c5836ecac54a1180dba9987027781f03444f54ed792c6d703,2041505331325f310100010000000000,,Nintendo Huffman,Probable,,True,Nintendo Huffman,Probable,False,5460033,,,,,,False,False
/a/0/9/5,/a/0/9/5!/member_00082,0,/a/0/9/5,224,82,,309324,309768,308208,308652,444,479be6d742ed90c85b72e49837767e642c8224d70ad35a70eee44583609b94a3,2041505331325f310100010000000000,,Nintendo Huffman,Probable,,True,Nintendo Huffman,Probable,False,5460033,,,,,,False,False
/a/0/9/5,/a/0/9/5!/member_00083,0,/a/0/9/5,224,83,,309768,310212,308652,309096,444,e68d26c0c79d9e203f0df3b5d765c6fdec01d983c87e69a713ae400ddf2bc1c0,2041505331325f310100010000000000,,Nintendo Huffman,Probable,,True,Nintendo Huffman,Probable,False,5460033,,,,,,False,False
/a/0/9/5,/a/0/9/5!/member_00084,0,/a/0/9/5,224,84,,310212,310656,309096,309540,444,d54f1fd6487e12083d0bf33e4e18b7068afdf107bdac0c91ca8abf6a7a2f0ea3,2041505331325f310100010000000000,,Nintendo Huffman,Probable,,True,Nintendo Huffman,Probable,False,5460033,,,,,,False,False
/a/0/9/5,/a/0/9/5!/member_00085,0,/a/0/9/5,224,85,,310656,311112,309540,309996,456,e46a421a0933325d8de3a6ecab7e7e7c4fe071bc49ba0c9f783edc3ca3342b60,2041505331325f310100010000000000,,Nintendo Huffman,Probable,,True,Nintendo Huffman,Probable,False,5460033,,,,,,False,False
/a/0/9/5,/a/0/9/5!/member_00086,0,/a/0/9/5,224,86,,311112,311568,309996,310452,456,e11c22ef64b8efd89dbd677cccb240cec9d235fa5ecb31da14b180a50e4721ba,2041505331325f310100010000000000,,Nintendo Huffman,Probable,,True,Nintendo Huffman,Probable,False,5460033,,,,,,False,False
/a/0/9/5,/a/0/9/5!/member_00087,0,/a/0/9/5,224,87,,311568,312024,310452,310908,456,e8bfe792893aa2bbabeeccfa8e9e031599493c9397ee80aa999a810ecb8c2973,2041505331325f310100010000000000,,Nintendo Huffman,Probable,,True,Nintendo Huffman,Probable,False,5460033,,,,,,False,False
/a/0/9/5,/a/0/9/5!/member_00088,0,/a/0/9/5,224,88,,312024,312480,310908,311364,456,b073ec8a7af7a4134462b95c9003e1cb830dde14213faceba5d722a1498b2814,2041505331325f310100010000000000,,Nintendo Huffman,Probable,,True,Nintendo Huffman,Probable,False,5460033,,,,,,False,False
/a/0/9/5,/a/0/9/5!/member_00089,0,/a/0/9/5,224,89,,312480,313724,311364,312608,1244,8766c197c59fce8a5181ba7253a5cea167f59a913dcc9994c598f395ada9f9d5,2041505331325f310100010000000000,,Nintendo Huffman,Probable,,True,Nintendo Huffman,Probable,False,5460033,,,,,,False,False
/a/0/9/5,/a/0/9/5!/member_00090,0,/a/0/9/5,224,90,,313724,314976,312608,313860,1252,38e2405859d3e596be9aa9cafce705a82c95046495c0a897eed9e05d1914c20e,2041505331325f310100010000000000,,Nintendo Huffman,Probable,,True,Nintendo Huffman,Probable,False,5460033,,,,,,False,False
/a/0/9/5,/a/0/9/5!/member_00091,0,/a/0/9/5,224,91,,314976,316232,313860,315116,1256,886565aa05d2c3d1af4e534bc1f0c45ff7100152d4af839bc175c10941143416,2041505331325f310100010000000000,,Nintendo Huffman,Probable,,True,Nintendo Huffman,Probable,False,5460033,,,,,,False,False
/a/0/9/5,/a/0/9/5!/member_00092,0,/a/0/9/5,224,92,,316232,317484,315116,316368,1252,ba13e4fa79fc018d9bffcbd3d94fcc9b8588cf90ddb26b47ddfc000d28f72ad6,2041505331325f310100010000000000,,Nintendo Huffman,Probable,,True,Nintendo Huffman,Probable,False,5460033,,,,,,False,False
/a/0/9/5,/a/0/9/5!/member_00093,0,/a/0/9/5,224,93,,317484,318740,316368,317624,1256,28d7e3afd303f4c451ec896b5101d178990182e50a006b9e7512d35962fb5345,2041505331325f310100010000000000,,Nintendo Huffman,Probable,,True,Nintendo Huffman,Probable,False,5460033,,,,,,False,False
/a/0/9/5,/a/0/9/5!/member_00094,0,/a/0/9/5,224,94,,318740,319992,317624,318876,1252,3cedc3cb51f29872fe5955486b7f1e35a47219c569ec6043aeee81b97d5b1f77,2041505331325f310100010000000000,,Nintendo Huffman,Probable,,True,Nintendo Huffman,Probable,False,5460033,,,,,,False,False
/a/0/9/5,/a/0/9/5!/member_00095,0,/a/0/9/5,224,95,,319992,321204,318876,320088,1212,15cf8ed7120edde768b43219425de091bb2fb7211fb72e0a245d9929b3a4dac8,2041505331325f310100010000000000,,Nintendo Huffman,Probable,,True,Nintendo Huffman,Probable,False,5460033,,,,,,False,False
/a/0/9/5,/a/0/9/5!/member_00096,0,/a/0/9/5,224,96,,321204,322416,320088,321300,1212,acadccbbcda99bbf475555d242c9e752a15a87dfe4c6a39ca537f23398c4ca5c,2041505331325f310100010000000000,,Nintendo Huffman,Probable,,True,Nintendo Huffman,Probable,False,5460033,,,,,,False,False
/a/0/9/5,/a/0/9/5!/member_00097,0,/a/0/9/5,224,97,,322416,323628,321300,322512,1212,f072433d8ac889d0eb92a8836dab98dadb53a49524401e1fe1b60c8910900273,2041505331325f310100010000000000,,Nintendo Huffman,Probable,,True,Nintendo Huffman,Probable,False,5460033,,,,,,False,False
/a/0/9/5,/a/0/9/5!/member_00098,0,/a/0/9/5,224,98,,323628,324840,322512,323724,1212,0ec6a85abb6c6ae0afc638a14e7140ad612867a39ed1c8d95ded36784f82a5fc,2041505331325f310100010000000000,,Nintendo Huffman,Probable,,True,Nintendo Huffman,Probable,False,5460033,,,,,,False,False
/a/0/9/5,/a/0/9/5!/member_00099,0,/a/0/9/5,224,99,,324840,326052,323724,324936,1212,f50b08ebe858e05bc93b9abc6394bf65609ddcf3519a904e952b13357f273e9b,2041505331325f310100010000000000,,Nintendo Huffman,Probable,,True,Nintendo Huffman,Probable,False,5460033,,,,,,False,False
/a/0/9/5,/a/0/9/5!/member_00100,0,/a/0/9/5,224,100,,326052,327264,324936,326148,1212,20e48cb746f6f376d9cc17da937ee6ce96ee197c227414edfa4e2cfb998903c2,2041505331325f310100010000000000,,Nintendo Huffman,Probable,,True,Nintendo Huffman,Probable,False,5460033,,,,,,False,False
/a/0/9/5,/a/0/9/5!/member_00101,0,/a/0/9/5,224,101,,327264,328476,326148,327360,1212,276f1cd9bf8175df1434dbb0391a01847bfc83e0847551dc6b6ba361260c4648,2041505331325f310100010000000000,,Nintendo Huffman,Probable,,True,Nintendo Huffman,Probable,False,5460033,,,,,,False,False
/a/0/9/5,/a/0/9/5!/member_00102,0,/a/0/9/5,224,102,,328476,329688,327360,328572,1212,b4993852975986ae27d1b44d78a00718c92f930d9b3cb938b657206e173fac5f,2041505331325f310100010000000000,,Nintendo Huffman,Probable,,True,Nintendo Huffman,Probable,False,5460033,,,,,,False,False
/a/0/9/5,/a/0/9/5!/member_00103,0,/a/0/9/5,224,103,,329688,330900,328572,329784,1212,d69cf3c1a7600ac0eff76b5786cf7bbd760ee0ace01e8e0bcc99be2816e17edd,2041505331325f310100010000000000,,Nintendo Huffman,Probable,,True,Nintendo Huffman,Probable,False,5460033,,,,,,False,False
/a/0/9/5,/a/0/9/5!/member_00104,0,/a/0/9/5,224,104,,330900,332112,329784,330996,1212,764c6e2f2ec3da03da635c52fc8b33d9c3953ebe5d6567291db84deef675c284,2041505331325f310100010000000000,,Nintendo Huffman,Probable,,True,Nintendo Huffman,Probable,False,5460033,,,,,,False,False
/a/0/9/5,/a/0/9/5!/member_00105,0,/a/0/9/5,224,105,,332112,333324,330996,332208,1212,f0e8f93ee1fa02bc2e5c29b509a251fb5ccb614f5158d665770936cfc8c64779,2041505331325f310100010000000000,,Nintendo Huffman,Probable,,True,Nintendo Huffman,Probable,False,5460033,,,,,,False,False
/a/0/9/5,/a/0/9/5!/member_00106,0,/a/0/9/5,224,106,,333324,334532,332208,333416,1208,88107b15c4e300f90fff0306d74a07ac5b657658a33bf462b32af6921817e88c,2041505331325f310100010000000000,,Nintendo Huffman,Probable,,True,Nintendo Huffman,Probable,False,5460033,,,,,,False,False
/a/0/9/5,/a/0/9/5!/member_00107,0,/a/0/9/5,224,107,,334532,335740,333416,334624,1208,9b8b033d8ca78c7301216a0386afa64d506090827c00f460416016d849e23953,2041505331325f310100010000000000,,Nintendo Huffman,Probable,,True,Nintendo Huffman,Probable,False,5460033,,,,,,False,False
/a/0/9/5,/a/0/9/5!/member_00108,0,/a/0/9/5,224,108,,335740,336952,334624,335836,1212,7271e368eeba162aed78202d3742b71be243f9a89c18b769b128982e1e3f09aa,2041505331325f310100010000000000,,Nintendo Huffman,Probable,,True,Nintendo Huffman,Probable,False,5460033,,,,,,False,False
/a/0/9/5,/a/0/9/5!/member_00109,0,/a/0/9/5,224,109,,336952,338164,335836,337048,1212,995c7efd9cebdf9610d2f34a6076455aa67d26eb58e413b8fa39ee46c7bb2bc9,2041505331325f310100010000000000,,Nintendo Huffman,Probable,,True,Nintendo Huffman,Probable,False,5460033,,,,,,False,False
/a/0/9/5,/a/0/9/5!/member_00110,0,/a/0/9/5,224,110,,338164,339372,337048,338256,1208,c5d76d6ea9988125de957a98601ea9a8dd6b9412cc0784fffa4b11dfaa131b4a,2041505331325f310100010000000000,,Nintendo Huffman,Probable,,True,Nintendo Huffman,Probable,False,5460033,,,,,,False,False
/a/0/9/5,/a/0/9/5!/member_00111,0,/a/0/9/5,224,111,,339372,340584,338256,339468,1212,75e50586b3e402d894a9e41ba5f090f6d97112b4bd68e49c54b4d569db9ff0e4,2041505331325f310100010000000000,,Nintendo Huffman,Probable,,True,Nintendo Huffman,Probable,False,5460033,,,,,,False,False
/a/0/9/5,/a/0/9/5!/member_00112,0,/a/0/9/5,224,112,,340584,341796,339468,340680,1212,4be68478dd238f67aa2d69f357e81eeb9aa1d90298de9edc2096330e345ae4cf,2041505331325f310100010000000000,,Nintendo Huffman,Probable,,True,Nintendo Huffman,Probable,False,5460033,,,,,,False,False
/a/0/9/5,/a/0/9/5!/member_00113,0,/a/0/9/5,224,113,,341796,343004,340680,341888,1208,a91094549be479a302e1b7b0602ed6b119b24a3f08a0a5f6508ac937b91f1444,2041505331325f310100010000000000,,Nintendo Huffman,Probable,,True,Nintendo Huffman,Probable,False,5460033,,,,,,False,False
/a/0/9/5,/a/0/9/5!/member_00114,0,/a/0/9/5,224,114,,343004,344212,341888,343096,1208,ee381ca0b73fbb53c5657f25aefac874ddfb736a95399dd00eb8c097d666eec0,2041505331325f310100010000000000,,Nintendo Huffman,Probable,,True,Nintendo Huffman,Probable,False,5460033,,,,,,False,False
/a/0/9/5,/a/0/9/5!/member_00115,0,/a/0/9/5,224,115,,344212,345424,343096,344308,1212,bff838b9a32646030aa5971f29ad82170f21e95c22fe1af1bd36c929ad055357,2041505331325f310100010000000000,,Nintendo Huffman,Probable,,True,Nintendo Huffman,Probable,False,5460033,,,,,,False,False
/a/0/9/5,/a/0/9/5!/member_00116,0,/a/0/9/5,224,116,,345424,346636,344308,345520,1212,35efe5c16813277b5fddefc5fde0fa8dc690acc690b94124c38db82d7521ce77,2041505331325f310100010000000000,,Nintendo Huffman,Probable,,True,Nintendo Huffman,Probable,False,5460033,,,,,,False,False
/a/0/9/5,/a/0/9/5!/member_00117,0,/a/0/9/5,224,117,,346636,347848,345520,346732,1212,7a84db1b5d324e398062e2d35ced0f3177b9ae74876c26ab06c7880fa7b808b0,2041505331325f310100010000000000,,Nintendo Huffman,Probable,,True,Nintendo Huffman,Probable,False,5460033,,,,,,False,False
/a/0/9/5,/a/0/9/5!/member_00118,0,/a/0/9/5,224,118,,347848,349056,346732,347940,1208,afdb62615651a3660187b7d39f1cd8b24a90f0d926765fc774a14b0ead1089f5,2041505331325f310100010000000000,,Nintendo Huffman,Probable,,True,Nintendo Huffman,Probable,False,5460033,,,,,,False,False
/a/0/9/5,/a/0/9/5!/member_00119,0,/a/0/9/5,224,119,,349056,350268,347940,349152,1212,fe119199afd5f1b4e21df4321d020fabfc7de20935e5a457c3de128701af26c8,2041505331325f310100010000000000,,Nintendo Huffman,Probable,,True,Nintendo Huffman,Probable,False,5460033,,,,,,False,False
/a/0/9/5,/a/0/9/5!/member_00120,0,/a/0/9/5,224,120,,350268,351476,349152,350360,1208,3ab38f77cb2ae688690ce04c268b427d0109f261b682d7c15898b0bd61e75968,2041505331325f310100010000000000,,Nintendo Huffman,Probable,,True,Nintendo Huffman,Probable,False,5460033,,,,,,False,False
/a/0/9/5,/a/0/9/5!/member_00121,0,/a/0/9/5,224,121,,351476,352684,350360,351568,1208,7752cafc50afda5136fd68caff9f1c4f7da897c2da02ab88d035483035b1d85e,2041505331325f310100010000000000,,Nintendo Huffman,Probable,,True,Nintendo Huffman,Probable,False,5460033,,,,,,False,False
/a/0/9/5,/a/0/9/5!/member_00122,0,/a/0/9/5,224,122,,352684,353896,351568,352780,1212,4fb9dd51c72ea9f83e45cb2384333d9e8693947734288db19e5c274a7e7913ef,2041505331325f310100010000000000,,Nintendo Huffman,Probable,,True,Nintendo Huffman,Probable,False,5460033,,,,,,False,False
/a/0/9/5,/a/0/9/5!/member_00123,0,/a/0/9/5,224,123,,353896,355108,352780,353992,1212,332a34bacb1ed6a5c57ea192be897babf97a61ab7e71dd017c3aa23fc001014c,2041505331325f310100010000000000,,Nintendo Huffman,Probable,,True,Nintendo Huffman,Probable,False,5460033,,,,,,False,False
/a/0/9/5,/a/0/9/5!/member_00124,0,/a/0/9/5,224,124,,355108,356320,353992,355204,1212,a4893367776268cc967f65ab5965e1d39fcbd26d80b7292b5151aee5d047a5c2,2041505331325f310100010000000000,,Nintendo Huffman,Probable,,True,Nintendo Huffman,Probable,False,5460033,,,,,,False,False
/a/0/9/5,/a/0/9/5!/member_00125,0,/a/0/9/5,224,125,,356320,357532,355204,356416,1212,8ae7b2cf86e4238008ad1d28875b3f665f1a80793bbf3c02bd81f006852ab6db,2041505331325f310100010000000000,,Nintendo Huffman,Probable,,True,Nintendo Huffman,Probable,False,5460033,,,,,,False,False
/a/0/9/5,/a/0/9/5!/member_00126,0,/a/0/9/5,224,126,,357532,358744,356416,357628,1212,37e67cab60514773abc102b55e1a1341b4170273f29f5cdf4c9763af623f54be,2041505331325f310100010000000000,,Nintendo Huffman,Probable,,True,Nintendo Huffman,Probable,False,5460033,,,,,,False,False
/a/0/9/5,/a/0/9/5!/member_00127,0,/a/0/9/5,224,127,,358744,359956,357628,358840,1212,9d7a4bf8af236e42ed1ee76855e26fdf59c8b25762b360a4ca29cc5945266c5b,2041505331325f310100010000000000,,Nintendo Huffman,Probable,,True,Nintendo Huffman,Probable,False,5460033,,,,,,False,False
/a/0/9/5,/a/0/9/5!/member_00128,0,/a/0/9/5,224,128,,359956,361164,358840,360048,1208,5ef053dfdf628176b783e5ee80794ac40bf3508765add0442bdf79b570f77634,2041505331325f310100010000000000,,Nintendo Huffman,Probable,,True,Nintendo Huffman,Probable,False,5460033,,,,,,False,False
/a/0/9/5,/a/0/9/5!/member_00129,0,/a/0/9/5,224,129,,361164,362372,360048,361256,1208,c11c71cca3000af7745e2a1c1bf4dbf117e0878c9510e0ac1dec99f153beb2ad,2041505331325f310100010000000000,,Nintendo Huffman,Probable,,True,Nintendo Huffman,Probable,False,5460033,,,,,,False,False
/a/0/9/5,/a/0/9/5!/member_00130,0,/a/0/9/5,224,130,,362372,363604,361256,362488,1232,be2dd6e1707fda2e92458ffd9cae3f8feec7f9a7e04b0ca5331d9a1519d714ac,2041505331325f310100010000000000,,Nintendo Huffman,Probable,,True,Nintendo Huffman,Probable,False,5460033,,,,,,False,False
/a/0/9/5,/a/0/9/5!/member_00131,0,/a/0/9/5,224,131,,363604,364048,362488,362932,444,e3c8a837c039ba2b064845643e64451338e48ffc17565e21f36be7a6dda39162,2041505331325f310100010000000000,,Nintendo Huffman,Probable,,True,Nintendo Huffman,Probable,False,5460033,,,,,,False,False
/a/0/9/5,/a/0/9/5!/member_00132,0,/a/0/9/5,224,132,,364048,365260,362932,364144,1212,519be4de0670888ba78fbf0c32c6c461eb743aa8e922adfba0c9d7da8a3f68c2,2041505331325f310100010000000000,,Nintendo Huffman,Probable,,True,Nintendo Huffman,Probable,False,5460033,,,,,,False,False
/a/0/9/6,/a/0/9/6!/member_00000,0,/a/0/9/6,225,0,,68,736,0,668,668,8e19afea470870be1d34655b24021cb6e8c42e08e7bf40c899069fbbc6a83d70,2041505331325f310100010000000000,,Nintendo Huffman,Probable,,True,Nintendo Huffman,Probable,False,5460033,,,,,,False,False
/a/0/9/6,/a/0/9/6!/member_00001,0,/a/0/9/6,225,1,,736,3016,668,2948,2280,2975f53a5a7baced53e176f57c4309e71dcda851a16a6d8a25eb8c1e433e7f42,2041505331325f310500030000000000,,Nintendo Huffman,Probable,,True,Nintendo Huffman,Probable,False,5460033,,,,,,False,False
/a/0/9/7,/a/0/9/7!/member_00000,0,/a/0/9/7,226,0,,188,2522,0,2334,2334,fbcc5488ef48a75ec2287e81d0f74080ef7b315ec8d40c9e5fef18e3dc0e6d5d,10240800005243534efffe0001002408,,Nintendo LZ10,Probable,,True,Nintendo LZ10,Confirmed,True,2084,True,2084,d4d2bf5dbaf174f699de93cffe2e22ec33ad7597427578b5c8a40db46853069a,NSCR screen map,Confirmed,False,False
/a/0/9/7,/a/0/9/7!/member_00001,0,/a/0/9/7,226,1,,2524,7165,2336,6977,4641,b29231c1c48267b8f4d7debe042838474cd6ff62255ea62ae0d4e64399b37a53,10408000005247434efffe0101004080,,Nintendo LZ10,Probable,,True,Nintendo LZ10,Confirmed,True,32832,True,32832,0fca48da2f36afa0ab0d82c661ba6536c140442afa78963df30adbc100cb75ce,NCGR graphics,Confirmed,False,False
/a/0/9/7,/a/0/9/7!/member_00002,0,/a/0/9/7,226,2,,7168,7720,6980,7532,552,1b5634db3d7488cefbed370f2ce830f98ad7ab7f5cad824644488281a0d88a47,524c434efffe00012802000010000100,,NCLR palette,Confirmed,True,False,,,,,,,,,,False,False
/a/0/9/7,/a/0/9/7!/member_00003,0,/a/0/9/7,226,3,,7720,10054,7532,9866,2334,fbcc5488ef48a75ec2287e81d0f74080ef7b315ec8d40c9e5fef18e3dc0e6d5d,10240800005243534efffe0001002408,,Nintendo LZ10,Probable,,True,Nintendo LZ10,Confirmed,True,2084,True,2084,d4d2bf5dbaf174f699de93cffe2e22ec33ad7597427578b5c8a40db46853069a,NSCR screen map,Confirmed,False,False
/a/0/9/7,/a/0/9/7!/member_00004,0,/a/0/9/7,226,4,,10056,14666,9868,14478,4610,4f1b81c8495bb7460d32be75847db03bf1536388dd7f0e481fdfdf4a38a5f3e4,10408000005247434efffe0101004080,,Nintendo LZ10,Probable,,True,Nintendo LZ10,Confirmed,True,32832,True,32832,4fb35cf21593dd23965c023505075f1d92a7a96df7018d5f107062b0660f64f8,NCGR graphics,Confirmed,False,False
/a/0/9/7,/a/0/9/7!/member_00005,0,/a/0/9/7,226,5,,14668,15220,14480,15032,552,430c8325d815281e640e148f2a09a1fd1de2c975f7ed78db1d98b48d80d9eddf,524c434efffe00012802000010000100,,NCLR palette,Confirmed,True,False,,,,,,,,,,False,False
/a/0/9/7,/a/0/9/7!/member_00006,0,/a/0/9/7,226,6,,15220,15873,15032,15685,653,562b32ca7f5cc88b70130112747e4cf3f2caff0a937ecb2da334d75f30fbb989,10300c00005247434efffe010100300c,,Nintendo LZ10,Probable,,True,Nintendo LZ10,Confirmed,True,3120,True,3120,3188592da3a0d627b9fe8661b3c8eb156709de6f83e51b1bfecf81f93816627f,NCGR graphics,Confirmed,False,False
/a/0/9/7,/a/0/9/7!/member_00007,0,/a/0/9/7,226,7,,15876,16121,15688,15933,245,3db48606a8eba1e9dd19f15a2e5f9afb963feb94e97c5eff63d0fd226945acdb,10550100005245434efffe0001005501,,Nintendo LZ10,Probable,,True,Nintendo LZ10,Confirmed,True,341,True,341,07fc1251940745999d20d4444a87a8cc09166b35aa3c1c4434ee39f41df50cd4,NCER cell,Confirmed,False,False
/a/0/9/7,/a/0/9/7!/member_00008,0,/a/0/9/7,226,8,,16124,16301,15936,16113,177,ba37cafe7bf8b9dac5b438df28443b273a043c5c2533362f49ed07db0b317bef,100d010000524e414efffe0001000d01,,Nintendo LZ10,Probable,,True,Nintendo LZ10,Confirmed,True,269,True,269,673d29ba4564a7ccf2c6a6af1c3c6e8bd2e5575191cab9e3765f278492bbed7e,NANR animation,Confirmed,False,False
/a/0/9/7,/a/0/9/7!/member_00009,0,/a/0/9/7,226,9,,16304,16856,16116,16668,552,dedf10c1710484a47a9fa95d0b22f691e03e2e960abe1c0eeb74ea467bf3fd91,524c434efffe00012802000010000100,,NCLR palette,Confirmed,True,False,,,,,,,,,,False,False
/a/0/9/7,/a/0/9/7!/member_00010,0,/a/0/9/7,226,10,,16856,17263,16668,17075,407,20c7ffdd8dc7690288eccafa3cc6bc37f71e067fa5647a12c2e2a01ff3457388,10300400005247434efffe0101003004,,Nintendo LZ10,Probable,,True,Nintendo LZ10,Confirmed,True,1072,True,1072,487462aa21538bb042d517de6202e0523f652c80225807e9a519d6fc68d3c5d5,NCGR graphics,Confirmed,False,False
/a/0/9/7,/a/0/9/7!/member_00011,0,/a/0/9/7,226,11,,17264,17368,17076,17180,104,1c780d2a235f69c59a044a9302135f43c07082d981297bc41aa2438ee7758a24,10800000005245434efffe0001008000,,Nintendo LZ10,Probable,,True,Nintendo LZ10,Confirmed,True,128,True,128,9ef6b5b544d52ac773eef4a22724517ea6d089d6b6d79406e1b8bb8acb009c5c,NCER cell,Confirmed,False,False
/a/0/9/7,/a/0/9/7!/member_00012,0,/a/0/9/7,226,12,,17368,17486,17180,17298,118,4bbe6b92781c47f0c08a666cf5a199e26c0d570542aa97ff310d7be370df633a,10a4000000524e414efffe000100a400,,Nintendo LZ10,Probable,,True,Nintendo LZ10,Confirmed,True,164,True,164,73b792b31a95a7223710a49982bffea85a5eac974b1a97388aa7253d287b5753,NANR animation,Confirmed,False,False
/a/0/9/7,/a/0/9/7!/member_00013,0,/a/0/9/7,226,13,,17488,18570,17300,18382,1082,16f35ae8774b07b061f434409f96a8bf10a2cae21a87b2345f7f315ef3e7048c,10301000005247434efffe0101003010,,Nintendo LZ10,Probable,,True,Nintendo LZ10,Confirmed,True,4144,True,4144,64e973aa2390490a0379ae74bcb7dcb6729566183112a527d1fe92f370c83323,NCGR graphics,Confirmed,False,False
/a/0/9/7,/a/0/9/7!/member_00014,0,/a/0/9/7,226,14,,18572,18677,18384,18489,105,5a7f93110504e1d6aab3b88c0fac0c86e486f7d02db774b7f2997e333a923abd,10800000005245434efffe0001008000,,Nintendo LZ10,Probable,,True,Nintendo LZ10,Confirmed,True,128,True,128,b90b4f76fe1dad6244dc600c4727699c5ca18a12ed25e989605e542356567933,NCER cell,Confirmed,False,False
/a/0/9/7,/a/0/9/7!/member_00015,0,/a/0/9/7,226,15,,18680,18798,18492,18610,118,4bbe6b92781c47f0c08a666cf5a199e26c0d570542aa97ff310d7be370df633a,10a4000000524e414efffe000100a400,,Nintendo LZ10,Probable,,True,Nintendo LZ10,Confirmed,True,164,True,164,73b792b31a95a7223710a49982bffea85a5eac974b1a97388aa7253d287b5753,NANR animation,Confirmed,False,False
/a/0/9/7,/a/0/9/7!/member_00016,0,/a/0/9/7,226,16,,18800,19352,18612,19164,552,05b097f73eba9db09aacc213c9dce7d9828af77e73e723141fbaa38db2debf18,524c434efffe00012802000010000100,,NCLR palette,Confirmed,True,False,,,,,,,,,,False,False
/a/0/9/8,/a/0/9/8!/member_00000,0,/a/0/9/8,227,0,,204,304,0,100,100,aee038015fa9a51992ca040e5c527c36f2f0df0a525d8ccd5637d634d904f6cd,00000000c0e5405d00e7c05ce0ecc061,,,,,False,,,,,,,,,,False,False
/a/0/9/8,/a/0/9/8!/member_00001,0,/a/0/9/8,227,1,,304,336,100,132,32,69c81f416efbc0e83fa869ec81ce6060278a2102465d5d9a7297750b52c70348,00000000e0e7a0c7e0f640d660ec60c6,,,,,False,,,,,,,,,,False,False
/a/0/9/8,/a/0/9/8!/member_00002,0,/a/0/9/8,227,2,,336,448,132,244,112,f27a97496d4c38dfabf2f241f3d32c96cca5be2308ba8a44edfe2b7cd08b5568,00000000a0f82063a0f8006220f9a04c,,,,,False,,,,,,,,,,False,False
/a/0/9/8,/a/0/9/8!/member_00003,0,/a/0/9/8,227,3,,448,504,244,300,56,b431288fac1c39915054bb5723690270e877d7c019c7ed7b367ba8b7e6fdfc69,00000000402400842023808a00246078,,,,,False,,,,,,,,,,False,False
/a/0/9/8,/a/0/9/8!/member_00004,0,/a/0/9/8,227,4,,504,632,300,428,128,6ded0561c68d948fec32119d0f8f76d2a165505ff796a6b4d5e0ef0812628fd5,00000000a01620e0801c40e1a01300e9,,,,,False,,,,,,,,,,False,False
/a/0/9/8,/a/0/9/8!/member_00005,0,/a/0/9/8,227,5,,632,700,428,496,68,e6d0de6a81484d8c7f84175c263173c49480f18b359e66aee222672cdd903adc,000000006022002d8022002b8025002a,,,,,False,,,,,,,,,,False,False
/a/0/9/8,/a/0/9/8!/member_00006,0,/a/0/9/8,227,6,,700,772,496,568,72,63e3603c363e28d365832a978c5f68de4d4202b57059f690b6f6f6f14a93011a,00000000801a8037801d0034001f2037,,,,,False,,,,,,,,,,False,False
/a/0/9/8,/a/0/9/8!/member_00007,0,/a/0/9/8,227,7,,772,800,568,596,28,7152bf1a1ded8134891ccf982198971413e8cfe3453680a565a71ee993e04d82,00000000e02ac0242030001fa02c0020,,,,,False,,,,,,,,,,False,False
/a/0/9/8,/a/0/9/8!/member_00008,0,/a/0/9/8,227,8,,800,892,596,688,92,de59b406f691da1f57db4599721b6e24b6b2457ddb6db71101daa7a539c1d056,00000000801f60330022202e00230031,,,,,False,,,,,,,,,,False,False
/a/0/9/8,/a/0/9/8!/member_00009,0,/a/0/9/8,227,9,,892,944,688,740,52,fe32b59bb4977c0a61203be0fe4c33321b87d481f5c53c36add40b4fd3c3019c,0000000020250033a025e033a0248033,,,,,False,,,,,,,,,,False,False
/a/0/9/8,/a/0/9/8!/member_00010,0,/a/0/9/8,227,10,,944,1088,740,884,144,84b1d9fd8e6f408f8408d0e62eaaa5399e4410a9bc8358cfa1490bc24b36a4c5,00000000c00840f1e00bc0fba01460ef,,,,,False,,,,,,,,,,False,False
/a/0/9/8,/a/0/9/8!/member_00011,0,/a/0/9/8,227,11,,1088,1172,884,968,84,f8bb50f4929f7b1734747a7f9f0093e3a13c0908bc722cdcaf9c1722e599f99c,00000000401e8029c01cc027801b8027,,,,,False,,,,,,,,,,False,False
/a/0/9/8,/a/0/9/8!/member_00012,0,/a/0/9/8,227,12,,1172,1376,968,1172,204,12cfa9f05c57e890d60317703e74789a40b1cf0e8a024119156ec8b708c5cd45,00000000c01e60cee01d20cf202040ce,,,,,False,,,,,,,,,,False,False
/a/0/9/8,/a/0/9/8!/member_00013,0,/a/0/9/8,227,13,,1376,1460,1172,1256,84,303721b37c8d3b13cdfe525ffd8a78328a09765e17aa340ba52fa7394d25943e,00000000a02a002be029a02d202be02c,,,,,False,,,,,,,,,,False,False
/a/0/9/8,/a/0/9/8!/member_00014,0,/a/0/9/8,227,14,,1460,1528,1256,1324,68,189bb88a5883dc0d772a546a0005e1a3e22271fa8b763dae3b78aa41781b64bf,00000000e023c026202560268024e022,,,,,False,,,,,,,,,,False,False
/a/0/9/8,/a/0/9/8!/member_00015,0,/a/0/9/8,227,15,,1528,1560,1324,1356,32,48637abd951a62279e3b52be65ec47064b2921b437691c98bee508f483074c80,00000000c026a018e022c0d1802ac01d,,,,,False,,,,,,,,,,False,False
/a/0/9/8,/a/0/9/8!/member_00016,0,/a/0/9/8,227,16,,1560,1660,1356,1456,100,89964b3c32480049ea154bd2280cb384ce6d786c105013b5b64070800beee67b,00000000e02c40264028c0272029402a,,,,,False,,,,,,,,,,False,False
/a/0/9/8,/a/0/9/8!/member_00017,0,/a/0/9/8,227,17,,1660,1868,1456,1664,208,40b47b208e9747c0a9e10db0f93bf25d793352119856200264996db02a666c39,000000008017c070c029c09260176081,,,,,False,,,,,,,,,,False,False
/a/0/9/8,/a/0/9/8!/member_00018,0,/a/0/9/8,227,18,,1868,3272,1664,3068,1404,0e9c5d36cc70ae7e1d5d2ed5269565804b9a0ebe100d31122fc0640bd563519c,0000000000000000a01860010000a01c,,,,,False,,,,,,,,,,False,False
/a/0/9/9,/a/0/9/9!/member_00000,0,/a/0/9/9,228,0,,60,42488,0,42428,42428,29d224e059fc7a59f11a69046fe7cef602e18d5cb5afee5bfab41d2207f147f8,20000000a3200000f2090000e2200000,,Nintendo Huffman,Probable,,True,Nintendo Huffman,Probable,False,8355,,,,,,False,False
/a/1/0/0,/a/1/0/0!/member_00000,0,/a/1/0/0,229,0,,444,996,0,552,552,9aec77fb358f38dd9424e5d42cfc12d9cf63f59f8d61d03b72d1617e5f76d653,524c434efffe00012802000010000100,,NCLR palette,Confirmed,True,False,,,,,,,,,,False,False
/a/1/0/0,/a/1/0/0!/member_00001,0,/a/1/0/0,229,1,,996,1548,552,1104,552,8958ead6116360368434b9dbe936e67cfc47f6c178f492747066e4b695cded02,524c434efffe00012802000010000100,,NCLR palette,Confirmed,True,False,,,,,,,,,,False,False
/a/1/0/0,/a/1/0/0!/member_00002,0,/a/1/0/0,229,2,,1548,2100,1104,1656,552,3b79db25a8d05d23b3c452797f9ab8e5408ad6f423191f352e3af5da14bbb835,524c434efffe00012802000010000100,,NCLR palette,Confirmed,True,False,,,,,,,,,,False,False
/a/1/0/0,/a/1/0/0!/member_00003,0,/a/1/0/0,229,3,,2100,2652,1656,2208,552,ad9e2b129fb2899ace168a25646c8bbd3790eae4681864d8bc4844e0232cc3f0,524c434efffe00012802000010000100,,NCLR palette,Confirmed,True,False,,,,,,,,,,False,False
/a/1/0/0,/a/1/0/0!/member_00004,0,/a/1/0/0,229,4,,2652,3204,2208,2760,552,f41dd7658f3781a677954cb9b3d2743c3f53106593c3008a690ae89cc421d6f7,524c434efffe00012802000010000100,,NCLR palette,Confirmed,True,False,,,,,,,,,,False,False
/a/1/0/0,/a/1/0/0!/member_00005,0,/a/1/0/0,229,5,,3204,3756,2760,3312,552,ce512fb56720a334811e3fa818eb578d2732ae652bd2dc2e41ba01bf1becf912,524c434efffe00012802000010000100,,NCLR palette,Confirmed,True,False,,,,,,,,,,False,False
/a/1/0/0,/a/1/0/0!/member_00006,0,/a/1/0/0,229,6,,3756,4308,3312,3864,552,e04ebf53d27e97310c6057f604c92bee974222b96353ce28a8ae7506f3d625b8,524c434efffe00012802000010000100,,NCLR palette,Confirmed,True,False,,,,,,,,,,False,False
/a/1/0/0,/a/1/0/0!/member_00007,0,/a/1/0/0,229,7,,4308,4860,3864,4416,552,05f50b3464300f8a2310835dd120475e7d6aaa654cb8f007307d474ffeb1b63a,524c434efffe00012802000010000100,,NCLR palette,Confirmed,True,False,,,,,,,,,,False,False
/a/1/0/0,/a/1/0/0!/member_00008,0,/a/1/0/0,229,8,,4860,5412,4416,4968,552,76cdf91293808dab5406643fbb116daa53f13bf35d4807bbd2bf413a8a81778f,524c434efffe00012802000010000100,,NCLR palette,Confirmed,True,False,,,,,,,,,,False,False
/a/1/0/0,/a/1/0/0!/member_00009,0,/a/1/0/0,229,9,,5412,5964,4968,5520,552,da98805b59e348a869d9564d5718380f175decace5498d256775c90809af8df6,524c434efffe00012802000010000100,,NCLR palette,Confirmed,True,False,,,,,,,,,,False,False
/a/1/0/0,/a/1/0/0!/member_00010,0,/a/1/0/0,229,10,,5964,6516,5520,6072,552,5712735be8c1b10d1661c5c155794b8e3d128fb434425bb8971ce814fc78cfbe,524c434efffe00012802000010000100,,NCLR palette,Confirmed,True,False,,,,,,,,,,False,False
/a/1/0/0,/a/1/0/0!/member_00011,0,/a/1/0/0,229,11,,6516,7545,6072,7101,1029,8b52d3f80a337950bebf60409bef262ae3de11d0c91226428207479be23ee60c,10c00d00005247434efffe010100c00d,,Nintendo LZ10,Probable,,True,Nintendo LZ10,Confirmed,True,3520,True,3520,a981a488fcdf9310cc72f45e7de2240fa76b2829904693df2adbd7dd7918e8dc,NCGR graphics,Confirmed,False,False
/a/1/0/0,/a/1/0/0!/member_00012,0,/a/1/0/0,229,12,,7548,7988,7104,7544,440,0dc91554e379a5d7975796c97f207986b733b80c7a6f38d0959d38404ec710a9,10400800005247434efffe0101004008,,Nintendo LZ10,Probable,,True,Nintendo LZ10,Confirmed,True,2112,True,2112,0ea2364678860572b5af1d0000345634411bea9fd28a2556781ed8c57b486dd6,NCGR graphics,Confirmed,False,False
/a/1/0/0,/a/1/0/0!/member_00013,0,/a/1/0/0,229,13,,7988,8743,7544,8299,755,11571fa6f53b2251495626ca20531d48910b54f9399f9670c647fffd4ca78174,10401000005247434efffe0101004010,,Nintendo LZ10,Probable,,True,Nintendo LZ10,Confirmed,True,4160,True,4160,31a81e6831a128d3ec3999576636d56f86b443166fb6ddc8e12397967fef06c9,NCGR graphics,Confirmed,False,False
/a/1/0/0,/a/1/0/0!/member_00014,0,/a/1/0/0,229,14,,8744,9416,8300,8972,672,659f60221a1ea3c1a08c6a5ac5f3ff6d1db9afdd34d7e21b2153c02f2a5a0e0c,10400800005247434efffe0101004008,,Nintendo LZ10,Probable,,True,Nintendo LZ10,Confirmed,True,2112,True,2112,5377c71a516fd31e68fe089bb3d62add4c46b1ce56f7e49992669c73ebd56ed5,NCGR graphics,Confirmed,False,False
/a/1/0/0,/a/1/0/0!/member_00015,0,/a/1/0/0,229,15,,9416,9767,8972,9323,351,c26a21690bdcb4562606ae81372d347e9acd4555e724b9ed04ca94d2cce70b18,10400600005247434efffe0101004006,,Nintendo LZ10,Probable,,True,Nintendo LZ10,Confirmed,True,1600,True,1600,0b00facd7046bfb9cf9487adb3f36861608b4570467d758f77cf2b6089d27d99,NCGR graphics,Confirmed,False,False
/a/1/0/0,/a/1/0/0!/member_00016,0,/a/1/0/0,229,16,,9768,10603,9324,10159,835,38e455435e756d67ae9f8f47e4f40eaf2ebbc375a0c2ab26a048b2ca74d33931,10401000005247434efffe0101004010,,Nintendo LZ10,Probable,,True,Nintendo LZ10,Confirmed,True,4160,True,4160,3987711f1157cbf905c79b6a1ae62eb21ce2a5945cbec29b4681b790b8420092,NCGR graphics,Confirmed,False,False
/a/1/0/0,/a/1/0/0!/member_00017,0,/a/1/0/0,229,17,,10604,14005,10160,13561,3401,4e401d06a1bec89585e7a3f33b73cbf5253ab5597b316a56f44918a4b92ebd23,10403800005247434efffe0101004038,,Nintendo LZ10,Probable,,True,Nintendo LZ10,Confirmed,True,14400,True,14400,2ac7453beb43663af8cebedd1a9e7a2bbf1e9e44be8721ab84caa91a0f653748,NCGR graphics,Confirmed,False,False
/a/1/0/0,/a/1/0/0!/member_00018,0,/a/1/0/0,229,18,,14008,14644,13564,14200,636,8aef2300a7f8f1c2ce0e1330612c627a071cabed893e5614ae4bbe30d70577e7,10400600005247434efffe0101004006,,Nintendo LZ10,Probable,,True,Nintendo LZ10,Confirmed,True,1600,True,1600,dec25549418bd4608f2376e86948435106a16cc2bfc874ef0470fa3f850571e9,NCGR graphics,Confirmed,False,False
/a/1/0/0,/a/1/0/0!/member_00019,0,/a/1/0/0,229,19,,14644,33021,14200,32577,18377,0a1ffc2d1206f028ff3ef8e66dfe785ff6f7e4b8c5375ff8541d40d5fb8ebc91,1040c000005247434efffe01010040c0,,Nintendo LZ10,Probable,,True,Nintendo LZ10,Confirmed,True,49216,True,49216,276c15f3e16146afc7fd7fffc08e3900e41478f5713f35979781ce1cf8efceec,NCGR graphics,Confirmed,False,False
/a/1/0/0,/a/1/0/0!/member_00020,0,/a/1/0/0,229,20,,33024,33790,32580,33346,766,73afea6915f93276e98936917c93f22d5e10aab8df96c648dc59e9e4fb116420,10400c00005247434efffe010100400c,,Nintendo LZ10,Probable,,True,Nintendo LZ10,Confirmed,True,3136,True,3136,d9806dfbac0932826f0c741b77ed1440280a489f02067faedf9877e4cc9308a2,NCGR graphics,Confirmed,False,False
/a/1/0/0,/a/1/0/0!/member_00021,0,/a/1/0/0,229,21,,33792,38365,33348,37921,4573,a853c87b0db103bbf23b2ce584b96d4aef104d66a3b9fe727478e65549e3f61d,10706100005247434efffe0101007061,,Nintendo LZ10,Probable,,True,Nintendo LZ10,Confirmed,True,24944,True,24944,58dc8393bb11c4fa7922f22ad3d79460b395e2406d786ed72932ae7cd9d05b12,NCGR graphics,Confirmed,False,False
/a/1/0/0,/a/1/0/0!/member_00022,0,/a/1/0/0,229,22,,38368,39826,37924,39382,1458,9f2e548f4895cc847eaaa166fbec2f2319a37128525f64c98c7fc8e4781d8341,10d20900005245434efffe000100d209,,Nintendo LZ10,Probable,,True,Nintendo LZ10,Confirmed,True,2514,True,2514,3dd83c17fae5db1de5e17e6c7bcf7ab68296cdf76cfbd3885711435a0aefeead,NCER cell,Confirmed,False,False
/a/1/0/0,/a/1/0/0!/member_00023,0,/a/1/0/0,229,23,,39828,40980,39384,40536,1152,38bfaceba65375d1071e12f9de107451b5574643800648b4d8673d5ab3a9062d,10420c0000524e414efffe000100420c,,Nintendo LZ10,Probable,,True,Nintendo LZ10,Confirmed,True,3138,True,3138,b265efab7ad38427dfbf23aa55e9d47aa2533aca2a826080e3d9b997315ec988,NANR animation,Confirmed,False,False
/a/1/0/0,/a/1/0/0!/member_00024,0,/a/1/0/0,229,24,,40980,41644,40536,41200,664,2ffd9a6c833a976aab96a812200c6940f590016666e3a1bb1c69e2fe8eda823b,10240600005243534efffe0001002406,,Nintendo LZ10,Probable,,True,Nintendo LZ10,Confirmed,True,1572,True,1572,e58be12a0a537d5f24c676d0eb4fff70144958566d8730bb966a7924694f68b4,NSCR screen map,Confirmed,False,False
/a/1/0/0,/a/1/0/0!/member_00025,0,/a/1/0/0,229,25,,41644,41913,41200,41469,269,c8d9518098317b8c84d9424b77dec631ecbfee2ede2d992b0f9d509d2e3ee1fa,10240600005243534efffe0001002406,,Nintendo LZ10,Probable,,True,Nintendo LZ10,Confirmed,True,1572,True,1572,2cb124e7d2b9ea5ae575a8e9ec4a0bdafe598d2846ef27f206c9e61aa93a5d34,NSCR screen map,Confirmed,False,False
/a/1/0/0,/a/1/0/0!/member_00026,0,/a/1/0/0,229,26,,41916,42270,41472,41826,354,99f4ae6e8b6e152a5f3995f7523846e5964b8f5870ff7a9e76aee01abe53c4a0,10240600005243534efffe0001002406,,Nintendo LZ10,Probable,,True,Nintendo LZ10,Confirmed,True,1572,True,1572,205534a839d70aca045ca2928989d2dc377fa450b1475a7d8a572eda2c34fc51,NSCR screen map,Confirmed,False,False
/a/1/0/0,/a/1/0/0!/member_00027,0,/a/1/0/0,229,27,,42272,42620,41828,42176,348,1f1f526688abf488d1a69d57723bd359a42a9d40447e1a49a1313e9bfebe3e0e,10240600005243534efffe0001002406,,Nintendo LZ10,Probable,,True,Nintendo LZ10,Confirmed,True,1572,True,1572,8dd646efe782dc6508f60cad57c501998eed7a196d99d2b81d1392ca77dc6e6a,NSCR screen map,Confirmed,False,False
/a/1/0/0,/a/1/0/0!/member_00028,0,/a/1/0/0,229,28,,42620,42957,42176,42513,337,98964bcc13cb2d13639533212fffb06cf06bf4b4a85d91bde406837e54123734,10240600005243534efffe0001002406,,Nintendo LZ10,Probable,,True,Nintendo LZ10,Confirmed,True,1572,True,1572,39f4ca1e01850a3cc8c873f22c791fe307640c746ee6d2cde05f0c5471e7baf4,NSCR screen map,Confirmed,False,False
/a/1/0/0,/a/1/0/0!/member_00029,0,/a/1/0/0,229,29,,42960,43351,42516,42907,391,cd15743212a189ee0c3d9f29f188c40c6be6fe325de3cf97d930ba80e59a34d7,10240600005243534efffe0001002406,,Nintendo LZ10,Probable,,True,Nintendo LZ10,Confirmed,True,1572,True,1572,1e22e025533c8237549348026d56313599fa05c4e99e6e2bfc2550b5ed237078,NSCR screen map,Confirmed,False,False
/a/1/0/0,/a/1/0/0!/member_00030,0,/a/1/0/0,229,30,,43352,43585,42908,43141,233,59fada7ebdac057b8c7418547d5a8020d38b6f396ab992786b399d7f21c515c8,10240500005243534efffe0001002405,,Nintendo LZ10,Probable,,True,Nintendo LZ10,Confirmed,True,1316,True,1316,1b0890eb186cd1a854654ba8405e435ed98832ae318765ca648b38f86b37d045,NSCR screen map,Confirmed,False,False
/a/1/0/0,/a/1/0/0!/member_00031,0,/a/1/0/0,229,31,,43588,43818,43144,43374,230,d0eb85e1f94db98de8dc4e37833bc4521501577cfc1ca5b24516632c92e6642d,10240500005243534efffe0001002405,,Nintendo LZ10,Probable,,True,Nintendo LZ10,Confirmed,True,1316,True,1316,1db5941efec0162cd863ea6bda471fe74c017b8509195a7c9dd2a66473aef832,NSCR screen map,Confirmed,False,False
/a/1/0/0,/a/1/0/0!/member_00032,0,/a/1/0/0,229,32,,43820,44060,43376,43616,240,0736170a71705a465ae96ffe425d4fa8bf620f1b9efea6825b2ea53e934f659d,10240500005243534efffe0001002405,,Nintendo LZ10,Probable,,True,Nintendo LZ10,Confirmed,True,1316,True,1316,3bbae9d0441eca51fc8a21527e10923571245da0406489247b50bc4afcb831ee,NSCR screen map,Confirmed,False,False
/a/1/0/0,/a/1/0/0!/member_00033,0,/a/1/0/0,229,33,,44060,44293,43616,43849,233,54d9e0ec4cd4b75e76bd327f7b0dca077286acb74875321e41cf52c1d422a34e,10240500005243534efffe0001002405,,Nintendo LZ10,Probable,,True,Nintendo LZ10,Confirmed,True,1316,True,1316,cf2d65894f39f80738e7f9a904304165cc14c15121278e19721e79656d5b4b55,NSCR screen map,Confirmed,False,False
/a/1/0/0,/a/1/0/0!/member_00034,0,/a/1/0/0,229,34,,44296,44528,43852,44084,232,98ebd95164e26b0c8f520476bf4a14d9c1d222984fa17b18e1e0f49a062d46fc,10240500005243534efffe0001002405,,Nintendo LZ10,Probable,,True,Nintendo LZ10,Confirmed,True,1316,True,1316,dff8041b1bee06abd250f15b71f9cd8132175f4b2df3572b47a52597aaed7bc1,NSCR screen map,Confirmed,False,False
/a/1/0/0,/a/1/0/0!/member_00035,0,/a/1/0/0,229,35,,44528,44760,44084,44316,232,37b79905b32571bb4bfa9713be1e2d7c2360080c75b48a40b7b637fbe80d2862,10240500005243534efffe0001002405,,Nintendo LZ10,Probable,,True,Nintendo LZ10,Confirmed,True,1316,True,1316,1add060b4bf7bf62e6f21dd100101d1c169cc10cac8002922ef864ba594b5372,NSCR screen map,Confirmed,False,False
/a/1/0/0,/a/1/0/0!/member_00036,0,/a/1/0/0,229,36,,44760,45084,44316,44640,324,9e350aaac7ccc9b60405909b75d0309935ee318541f18df6b6240cf4b18e9138,10240600005243534efffe0001002406,,Nintendo LZ10,Probable,,True,Nintendo LZ10,Confirmed,True,1572,True,1572,e580e4b652db27ff51865c1a3786c2d8ce3111bfff718fa372a37681385f2eb5,NSCR screen map,Confirmed,False,False
/a/1/0/0,/a/1/0/0!/member_00037,0,/a/1/0/0,229,37,,45084,45408,44640,44964,324,f1cce490b0584db0925bdda688337a3905584d2b2dfc15851c11629230085881,10240600005243534efffe0001002406,,Nintendo LZ10,Probable,,True,Nintendo LZ10,Confirmed,True,1572,True,1572,65b4c1481a52b0f6080b77e49d70734140532caddd1cafcfc839f7192a934f6b,NSCR screen map,Confirmed,False,False
/a/1/0/0,/a/1/0/0!/member_00038,0,/a/1/0/0,229,38,,45408,45686,44964,45242,278,3cecada7fc659de86d1c9b575420b161ac7cb811c814dcd35a1d9830bcff1965,10240600005243534efffe0001002406,,Nintendo LZ10,Probable,,True,Nintendo LZ10,Confirmed,True,1572,True,1572,91d98ade1c0796e438db1cc84d9e7bb6e47e86f72273da4387f4f62a7c73ff0a,NSCR screen map,Confirmed,False,False
/a/1/0/0,/a/1/0/0!/member_00039,0,/a/1/0/0,229,39,,45688,45933,45244,45489,245,b0451b0513171080840455da333476d628b19a8f30194306a261f505efbab34f,10240600005243534efffe0001002406,,Nintendo LZ10,Probable,,True,Nintendo LZ10,Confirmed,True,1572,True,1572,cdc3ce11a2019535a3b14540e3bb354b799150f9eb93ba71d57d57795456551b,NSCR screen map,Confirmed,False,False
/a/1/0/0,/a/1/0/0!/member_00040,0,/a/1/0/0,229,40,,45936,46622,45492,46178,686,9cc902227db7bd5a3becb93e7440c23eac22b14f60eb55a25ac44205f9e1d0b0,10240600005243534efffe0001002406,,Nintendo LZ10,Probable,,True,Nintendo LZ10,Confirmed,True,1572,True,1572,c177d9e22ae1dee083133fbcf82ead33ce824bb05b87c3f7de0354bc68be7845,NSCR screen map,Confirmed,False,False
/a/1/0/0,/a/1/0/0!/member_00041,0,/a/1/0/0,229,41,,46624,46863,46180,46419,239,6311ac84d4af3abcaf6ba75178e92ec16ff9c1e46a3885f84658f03f3fd8ce3b,10240600005243534efffe0001002406,,Nintendo LZ10,Probable,,True,Nintendo LZ10,Confirmed,True,1572,True,1572,dd33db163a855199e515d812ac88b05273a01aa3f1f339398440831443316d5c,NSCR screen map,Confirmed,False,False
/a/1/0/0,/a/1/0/0!/member_00042,0,/a/1/0/0,229,42,,46864,47275,46420,46831,411,b9b99c23ba7320141d62476491cc8a47e8e44c376b0860330b15e911840b4c98,10240800005243534efffe0001002408,,Nintendo LZ10,Probable,,True,Nintendo LZ10,Confirmed,True,2084,True,2084,13fb690484427eb7635da943a7c6621eeb52d6088017ef4874f79ee7ee3fc340,NSCR screen map,Confirmed,False,False
/a/1/0/0,/a/1/0/0!/member_00043,0,/a/1/0/0,229,43,,47276,51145,46832,50701,3869,b502159a0a8bb82fa5b7afe316ec217bede7f8f7fbc84c1c0e768561d30ca98f,10303600005247434efffe0101003036,,Nintendo LZ10,Probable,,True,Nintendo LZ10,Confirmed,True,13872,True,13872,a22de7cdf98ab5a3c464f150de6a6418d056820755e8d64d90a153e235603423,NCGR graphics,Confirmed,False,False
/a/1/0/0,/a/1/0/0!/member_00044,0,/a/1/0/0,229,44,,51148,52089,50704,51645,941,50e45b299b8fc2589abe75dca78c86445bb5f0217d3268b8a0ee9a21a534d0a6,10420700005245434efffe0001004207,,Nintendo LZ10,Probable,,True,Nintendo LZ10,Confirmed,True,1858,True,1858,159506d5d916ee9837a6b2c053e5970c2504073de4adb4eacf947c81a7aabcae,NCER cell,Confirmed,False,False
/a/1/0/0,/a/1/0/0!/member_00045,0,/a/1/0/0,229,45,,52092,53153,51648,52709,1061,d6f109bdff3edb541445b6201ee03a72d0294195dc800737fe8b81e44fd61748,10760b0000524e414efffe000100760b,,Nintendo LZ10,Probable,,True,Nintendo LZ10,Confirmed,True,2934,True,2934,e5cb088b86543f74691250a138e249d4ec81830fac7f2d86e778b6b5aa60fa1e,NANR animation,Confirmed,False,False
/a/1/0/0,/a/1/0/0!/member_00046,0,/a/1/0/0,229,46,,53156,53254,52712,52810,98,2c38f4eeb5fc17a8334e205c6182fc2217ac31e22659b9b79738f1e9c6862057,10700000005247434efffe0101007000,,Nintendo LZ10,Probable,,True,Nintendo LZ10,Confirmed,True,112,True,112,52fbec3285302011444515755b41552c223daf4bc470c40f12e10c886bef3933,NCGR graphics,Confirmed,False,False
/a/1/0/0,/a/1/0/0!/member_00047,0,/a/1/0/0,229,47,,53256,53384,52812,52940,128,08be6008d8506ac2ba374f1c31a2ee3cd24c8495740b06b4fd547cf5b85f5343,10b60000005245434efffe000100b600,,Nintendo LZ10,Probable,,True,Nintendo LZ10,Confirmed,True,182,True,182,9194950f0dcbcdf39290d2d4c3e90ea0f44cfe3668f17a8859f6733a8a14ae57,NCER cell,Confirmed,False,False
/a/1/0/0,/a/1/0/0!/member_00048,0,/a/1/0/0,229,48,,53384,53509,52940,53065,125,78bc9ab826b92227eb283075bcc3cd41e61a66b4c6e6498c2313f5dcddb2835c,10d2000000524e414efffe000100d200,,Nintendo LZ10,Probable,,True,Nintendo LZ10,Confirmed,True,210,True,210,9465c93f1d9eb9934ae7ae80bd3087eef36c3aadf9a3fe4123c9e2d33e16ce84,NANR animation,Confirmed,False,False
/a/1/0/1,/a/1/0/1!/member_00000,0,/a/1/0/1,230,0,,212,1263,0,1051,1051,9cb9de97e20d274b71b3717a5e7669f27f7ae2da1e39d4d1f626ca66fae389ae,10242000005243534efffe0001002420,,Nintendo LZ10,Probable,,True,Nintendo LZ10,Confirmed,True,8228,True,8228,d1f2e6e4e67e29929d89ea78e454700c329e7b67d184c1efa8b467a7b23cb735,NSCR screen map,Confirmed,False,False
/a/1/0/1,/a/1/0/1!/member_00001,0,/a/1/0/1,230,1,,1264,3263,1052,3051,1999,f16c13be3d7328196157141e5596d8c2722d3548d478886c499ad8a594662e80,10242000005243534efffe0001002420,,Nintendo LZ10,Probable,,True,Nintendo LZ10,Confirmed,True,8228,True,8228,22335c9ea0ec866ac0beca25d82d20a823ad1483b9dfd526f3319156e03dafa0,NSCR screen map,Confirmed,False,False
/a/1/0/1,/a/1/0/1!/member_00002,0,/a/1/0/1,230,2,,3264,5937,3052,5725,2673,53a7a184a4a617922db22b1eb17521a133fce41719823dff7aad6878dadae9c4,10242000005243534efffe0001002420,,Nintendo LZ10,Probable,,True,Nintendo LZ10,Confirmed,True,8228,True,8228,5e628c3462e17d94ea31a066c85fe5b81ebe93d4f227663934599c4e5a300220,NSCR screen map,Confirmed,False,False
/a/1/0/1,/a/1/0/1!/member_00003,0,/a/1/0/1,230,3,,5940,12521,5728,12309,6581,ea12dcc808fa738a8607e3c1254fd85f1baeb35dbbf5ad841315a78de3692ad6,10408000005247434efffe0101004080,,Nintendo LZ10,Probable,,True,Nintendo LZ10,Confirmed,True,32832,True,32832,dc72a6a83713ad4a39ae1c459c5e7c786a5326ecc8bec4c9b6c89b811d435323,NCGR graphics,Confirmed,False,False
/a/1/0/1,/a/1/0/1!/member_00004,0,/a/1/0/1,230,4,,12524,13076,12312,12864,552,a39314769330cb4bcb2ef28ec4f5c0bc47df7c51cf9a2e753cd5c8b00dd0efbe,524c434efffe00012802000010000100,,NCLR palette,Confirmed,True,False,,,,,,,,,,False,False
/a/1/0/1,/a/1/0/1!/member_00005,0,/a/1/0/1,230,5,,13076,13644,12864,13432,568,e18e640331216157ec4e1f88cfc3089517c2e6591143cfe5729e23e4c6f55e2b,10240800005243534efffe0001002408,,Nintendo LZ10,Probable,,True,Nintendo LZ10,Confirmed,True,2084,True,2084,8a3577aaf74418d6e7f3b65caf7a0a2349944063219210d1fdbd81138cb17546,NSCR screen map,Confirmed,False,False
/a/1/0/1,/a/1/0/1!/member_00006,0,/a/1/0/1,230,6,,13644,13926,13432,13714,282,ba381bce78e761b335f036cf0e52f62319c1401d1936228b0d1655ccba9fa5b3,10240800005243534efffe0001002408,,Nintendo LZ10,Probable,,True,Nintendo LZ10,Confirmed,True,2084,True,2084,2735c97a087f029409cc38cd1a3c4c35869194982b6d21b045bf2342433b766a,NSCR screen map,Confirmed,False,False
/a/1/0/1,/a/1/0/1!/member_00007,0,/a/1/0/1,230,7,,13928,18373,13716,18161,4445,614e0fa3dbdd9bd6140740df4092e561b6e9c12919cc4693e7cf48bc340d6903,10408000005247434efffe0101004080,,Nintendo LZ10,Probable,,True,Nintendo LZ10,Confirmed,True,32832,True,32832,2215a3e50e1661d3b289bc6d3fd6381ac3f6d399123f64884dd16f8323ac8575,NCGR graphics,Confirmed,False,False
/a/1/0/1,/a/1/0/1!/member_00008,0,/a/1/0/1,230,8,,18376,18928,18164,18716,552,1cc065c898822ac6a15a104e9c5b70d457af129984d9423438da079637189e0a,524c434efffe00012802000010000100,,NCLR palette,Confirmed,True,False,,,,,,,,,,False,False
/a/1/0/1,/a/1/0/1!/member_00009,0,/a/1/0/1,230,9,,18928,20420,18716,20208,1492,245e921bbd75b7d98a1508620bcf973283068afe96e7548ea2a7ff7736a71a3b,10301000005247434efffe0101003010,,Nintendo LZ10,Probable,,True,Nintendo LZ10,Confirmed,True,4144,True,4144,5f708955aa765c99f5b1675303f15f549a46ab9780ee16a28ba474318844b80c,NCGR graphics,Confirmed,False,False
/a/1/0/1,/a/1/0/1!/member_00010,0,/a/1/0/1,230,10,,20420,20887,20208,20675,467,e2f56aac326a3bfe5426f3c48ed5a26b6a1f8598b412cd1a71433db4d1b2052d,10fe0300005245434efffe000100fe03,,Nintendo LZ10,Probable,,True,Nintendo LZ10,Confirmed,True,1022,True,1022,7e011aab2ad35cadae3debf428922a0ed410b9a821a03d4960f4da4f0033652b,NCER cell,Confirmed,False,False
/a/1/0/1,/a/1/0/1!/member_00011,0,/a/1/0/1,230,11,,20888,22139,20676,21927,1251,7c746f58c98506f48ea10d7a6e2c421dc05a4ff9ab0f40bb682d6bd4c9d8271a,10e60b0000524e414efffe000100e60b,,Nintendo LZ10,Probable,,True,Nintendo LZ10,Confirmed,True,3046,True,3046,090c7c26ea3bfb157f2dd1f849bb37d3edcfb8d49f750ecd093139a18984782b,NANR animation,Confirmed,False,False
/a/1/0/1,/a/1/0/1!/member_00012,0,/a/1/0/1,230,12,,22140,26167,21928,25955,4027,3c9e393f3337b7e1bbbba97628f02e5e4680f5969f734eb4a698eaa25cd66438,10304000005247434efffe0101003040,,Nintendo LZ10,Probable,,True,Nintendo LZ10,Confirmed,True,16432,True,16432,abb0e3000870f060c9be1c8852ab0e6f1d3738561d779a0167964784c3216ec4,NCGR graphics,Confirmed,False,False
/a/1/0/1,/a/1/0/1!/member_00013,0,/a/1/0/1,230,13,,26168,26681,25956,26469,513,c34a27efe8f02566890ab699c82d11a587a8a152e0e2a11e11b8ef84faac4e4b,10030400005245434efffe0001000304,,Nintendo LZ10,Probable,,True,Nintendo LZ10,Confirmed,True,1027,True,1027,ed175f778bc944aa0d4a3709958c5e2353804bff1237f4203d99c48982508c07,NCER cell,Confirmed,False,False
/a/1/0/1,/a/1/0/1!/member_00014,0,/a/1/0/1,230,14,,26684,27937,26472,27725,1253,61ab0ba850891b2f069224fac9ed58d2e419c63da6d1845eab758805d05d94ee,10b70b0000524e414efffe000100b70b,,Nintendo LZ10,Probable,,True,Nintendo LZ10,Confirmed,True,2999,True,2999,6660d3bb6cf37d3445284829d5bd3cd67b74fb04561d3e358aa0ec1c18ea5196,NANR animation,Confirmed,False,False
/a/1/0/1,/a/1/0/1!/member_00015,0,/a/1/0/1,230,15,,27940,28492,27728,28280,552,05b097f73eba9db09aacc213c9dce7d9828af77e73e723141fbaa38db2debf18,524c434efffe00012802000010000100,,NCLR palette,Confirmed,True,False,,,,,,,,,,False,False
/a/1/0/1,/a/1/0/1!/member_00016,0,/a/1/0/1,230,16,,28492,29221,28280,29009,729,f92b8a15f060c9c30aecc9e0f7d445fe461071cd540f08000710c250f0a6cac0,10300c00005247434efffe010100300c,,Nintendo LZ10,Probable,,True,Nintendo LZ10,Confirmed,True,3120,True,3120,8ae8a40542ddbccffb38c0459b58792b49fdf6bff9f5035abb1a6b4486fc0233,NCGR graphics,Confirmed,False,False
/a/1/0/1,/a/1/0/1!/member_00017,0,/a/1/0/1,230,17,,29224,29354,29012,29142,130,9c1b448edf375ae4114bb08222493570a47a82445ceceef32646f019f613ddc6,10d70000005245434efffe000100d700,,Nintendo LZ10,Probable,,True,Nintendo LZ10,Confirmed,True,215,True,215,d132924ac318311b8217a2797636c6fc4a07d6e5f974588191416d843728e586,NCER cell,Confirmed,False,False
/a/1/0/1,/a/1/0/1!/member_00018,0,/a/1/0/1,230,18,,29356,29474,29144,29262,118,82fec864ba32d5c89d4b7e6ba0d84f9db4135d39f92bce626debfe2da56ef38a,109f000000524e414efffe0001009f00,,Nintendo LZ10,Probable,,True,Nintendo LZ10,Confirmed,True,159,True,159,11826b4e180bac0ef553b588395e12428828bdfbc73eefcb65569be98ff7f472,NANR animation,Confirmed,False,False
/a/1/0/1,/a/1/0/1!/member_00019,0,/a/1/0/1,230,19,,29476,30028,29264,29816,552,b0dd6cf8559535bac6d084fc1166e11f293c7ab576be042b04b5d0af801109ec,524c434efffe00012802000010000100,,NCLR palette,Confirmed,True,False,,,,,,,,,,False,False
/a/1/0/2,/a/1/0/2!/member_00000,0,/a/1/0/2,231,0,,148,152,0,4,4,d45db3f077427e9ac6516e9baded263ea0cb9df3e897e91222e022cdca0f7033,5d010000,,,,,False,,,,,,,,,,False,False
/a/1/0/2,/a/1/0/2!/member_00001,0,/a/1/0/2,231,1,,152,1220,4,1072,1068,a40584df3c0a708c11163d6f14cba42eae9161e80e369a6b0fc21cf089c01f77,02000000e40000002c01000049024a02,,,,,False,,,,,,,,,,False,False
/a/1/0/2,/a/1/0/2!/member_00002,0,/a/1/0/2,231,2,,1220,1244,1072,1096,24,18a6eaed74311df479896738ddcdc2f25e114a333fd04ea0818b3f42b0baa3fe,090100000a0100009f0100009c010000,,,,,False,,,,,,,,,,False,False
/a/1/0/2,/a/1/0/2!/member_00003,0,/a/1/0/2,231,3,,1244,1268,1096,1120,24,089f3fcbba640d38a82ea7cf7f79ee467e897e335151a71dcffadcfdc01c2421,9f0100009c010000a4010000be000000,,,,,False,,,,,,,,,,False,False
/a/1/0/2,/a/1/0/2!/member_00004,0,/a/1/0/2,231,4,,1268,1292,1120,1144,24,a8f4f44874bf2f3825442e1a0b807e1a5f156e3b409e8bd6980cccd2dab712ee,be010000be010000be010000be010000,,,,,False,,,,,,,,,,False,False
/a/1/0/2,/a/1/0/2!/member_00005,0,/a/1/0/2,231,5,,1292,1316,1144,1168,24,ba6a5a2181e481ebb7e5d65595c5412c2638b5e60da9e2f033958138a5d7d957,090100000c0100009f0100009c010000,,,,,False,,,,,,,,,,False,False
/a/1/0/2,/a/1/0/2!/member_00006,0,/a/1/0/2,231,6,,1316,1340,1168,1192,24,089f3fcbba640d38a82ea7cf7f79ee467e897e335151a71dcffadcfdc01c2421,9f0100009c010000a4010000be000000,,,,,False,,,,,,,,,,False,False
/a/1/0/2,/a/1/0/2!/member_00007,0,/a/1/0/2,231,7,,1340,1364,1192,1216,24,a8f4f44874bf2f3825442e1a0b807e1a5f156e3b409e8bd6980cccd2dab712ee,be010000be010000be010000be010000,,,,,False,,,,,,,,,,False,False
/a/1/0/2,/a/1/0/2!/member_00008,0,/a/1/0/2,231,8,,1364,1428,1216,1280,64,d6d71915c3e4b5fbb175aa048290e6661f1d82736ec98db287c640f1a6a7044e,85000000b6010000b801000034000000,,,,,False,,,,,,,,,,False,False
/a/1/0/2,/a/1/0/2!/member_00009,0,/a/1/0/2,231,9,,1428,1556,1280,1408,128,67fa6655292cb21a942ba43a97c34c13f0ed44070ef1c8e7a0bd54d0545ab324,c5010000c3010000c7010000c5010000,,,,,False,,,,,,,,,,False,False
/a/1/0/2,/a/1/0/2!/member_00010,0,/a/1/0/2,231,10,,1556,1684,1408,1536,128,2f16334bb243d9d9b44724a2a61bcd03b3971828e9ca3df19272129f8ae38ec0,c5010000c3010000c7010000c5010000,,,,,False,,,,,,,,,,False,False
/a/1/0/2,/a/1/0/2!/member_00011,0,/a/1/0/2,231,11,,1684,1828,1536,1680,144,cc8d23fb4558d5007154cf0b72ef79f7d17b8fb15b40b5050eb98fc098e617fe,5100250055002700580027003a002800,,,,,False,,,,,,,,,,False,False
/a/1/0/3,/a/1/0/3!/member_00000,0,/a/1/0/3,232,0,,1404,2196,0,792,792,cad8a93e1ec022e1b9a5b4a58e83b3247b1f6b91e1d94005d379286b5c31ed66,42545830fffe01001803000010000100,,NSBTX texture,Confirmed,True,False,,,,,,,,,,False,False
/a/1/0/3,/a/1/0/3!/member_00001,0,/a/1/0/3,232,1,,2196,2988,792,1584,792,2bdccbe4355194b4ec2817ad3ec5471fb390449ee8357be60e2e8e45741e41b4,42545830fffe01001803000010000100,,NSBTX texture,Confirmed,True,False,,,,,,,,,,False,False
/a/1/0/3,/a/1/0/3!/member_00002,0,/a/1/0/3,232,2,,2988,4236,1584,2832,1248,01046cafbfb976d640c7c79960283806f6d78d03dca89ac634a353c33cb3ad18,42545830fffe0100e004000010000100,,NSBTX texture,Confirmed,True,False,,,,,,,,,,False,False
/a/1/0/3,/a/1/0/3!/member_00003,0,/a/1/0/3,232,3,,4236,5484,2832,4080,1248,bf6ade1f72998a43982a212e1791a384b134c06a930f85f45932e51dc3e3de22,42545830fffe0100e004000010000100,,NSBTX texture,Confirmed,True,False,,,,,,,,,,False,False
/a/1/0/3,/a/1/0/3!/member_00004,0,/a/1/0/3,232,4,,5484,6732,4080,5328,1248,3766cf150ab14656d58a2069ecf7a206767c8400fcae934ebd675571d0da1af1,42545830fffe0100e004000010000100,,NSBTX texture,Confirmed,True,False,,,,,,,,,,False,False
/a/1/0/3,/a/1/0/3!/member_00005,0,/a/1/0/3,232,5,,6732,7980,5328,6576,1248,066f8d8d82e590418866e44dd4d41d39fedd7547b27db21ad2c2d573acda0292,42545830fffe0100e004000010000100,,NSBTX texture,Confirmed,True,False,,,,,,,,,,False,False
/a/1/0/3,/a/1/0/3!/member_00006,0,/a/1/0/3,232,6,,7980,9228,6576,7824,1248,7e2dfaafdde84c3907b4fd2d1748af8a7cc9ee327c08c28b5936d55cfc94ca40,42545830fffe0100e004000010000100,,NSBTX texture,Confirmed,True,False,,,,,,,,,,False,False
/a/1/0/3,/a/1/0/3!/member_00007,0,/a/1/0/3,232,7,,9228,10476,7824,9072,1248,1bab7cfbb3e6a0a004b9ee4bbdf5e496af6974c75347810931d6c69ddf01e9c9,42545830fffe0100e004000010000100,,NSBTX texture,Confirmed,True,False,,,,,,,,,,False,False
/a/1/0/3,/a/1/0/3!/member_00008,0,/a/1/0/3,232,8,,10476,11724,9072,10320,1248,e7a236e256551e5409c919599bb164aeacb0cb69340faec9fc3ab9b5ce1d2718,42545830fffe0100e004000010000100,,NSBTX texture,Confirmed,True,False,,,,,,,,,,False,False
/a/1/0/3,/a/1/0/3!/member_00009,0,/a/1/0/3,232,9,,11724,12972,10320,11568,1248,0d71aef8033d13883ba0b4cb1732f1a01a1e60e159d48756f481fbba2d24762b,42545830fffe0100e004000010000100,,NSBTX texture,Confirmed,True,False,,,,,,,,,,False,False
/a/1/0/3,/a/1/0/3!/member_00010,0,/a/1/0/3,232,10,,12972,14220,11568,12816,1248,311aa38c8e51397ab930e3ef09c3f640e0017f11dfe7df8c99706fbb67f0f38c,42545830fffe0100e004000010000100,,NSBTX texture,Confirmed,True,False,,,,,,,,,,False,False
/a/1/0/3,/a/1/0/3!/member_00011,0,/a/1/0/3,232,11,,14220,15468,12816,14064,1248,bdb2f14b5f2641193970102e860cf4b45767c03f671b425c784c9024a9ca0a04,42545830fffe0100e004000010000100,,NSBTX texture,Confirmed,True,False,,,,,,,,,,False,False
/a/1/0/3,/a/1/0/3!/member_00012,0,/a/1/0/3,232,12,,15468,16716,14064,15312,1248,836dd6e6300bced0d3993526f5c099f5bd5dbc009ee522c3eb1e9a94d549bebc,42545830fffe0100e004000010000100,,NSBTX texture,Confirmed,True,False,,,,,,,,,,False,False
/a/1/0/3,/a/1/0/3!/member_00013,0,/a/1/0/3,232,13,,16716,17964,15312,16560,1248,a2bab7e29bf96c9dd31d67612758bfd12cd2565be2dba70f806388e8f8d37e65,42545830fffe0100e004000010000100,,NSBTX texture,Confirmed,True,False,,,,,,,,,,False,False
/a/1/0/3,/a/1/0/3!/member_00014,0,/a/1/0/3,232,14,,17964,18700,16560,17296,736,8ffebd107277408fe2471be6f54c53833d68f3e1eff81073cedceffef386ba63,42545830fffe0100e002000010000100,,NSBTX texture,Confirmed,True,False,,,,,,,,,,False,False
/a/1/0/3,/a/1/0/3!/member_00015,0,/a/1/0/3,232,15,,18700,19948,17296,18544,1248,6b76fbb40dfd9821f06b185f50a2f79b071de4163ff3876e55284a5763d3dc5f,42545830fffe0100e004000010000100,,NSBTX texture,Confirmed,True,False,,,,,,,,,,False,False
/a/1/0/3,/a/1/0/3!/member_00016,0,/a/1/0/3,232,16,,19948,20584,18544,19180,636,fd0211a6197ffd5f11cf8889deb8724688e612361ec88eb7653fdb5c5d4f401c,42545830fffe01007c02000010000100,,NSBTX texture,Confirmed,True,False,,,,,,,,,,False,False
/a/1/0/3,/a/1/0/3!/member_00017,0,/a/1/0/3,232,17,,20584,20892,19180,19488,308,fe9be13970001705b12a869d5d008ebe25e1dd4ec505a4a2c5035271e16f926d,42545830fffe01003401000010000100,,NSBTX texture,Confirmed,True,False,,,,,,,,,,False,False
/a/1/0/3,/a/1/0/3!/member_00018,0,/a/1/0/3,232,18,,20892,21944,19488,20540,1052,226d804eea4306eceafee72942b79c5566a1102d075323c99b70aa9c951b908b,42545830fffe01001c04000010000100,,NSBTX texture,Confirmed,True,False,,,,,,,,,,False,False
/a/1/0/3,/a/1/0/3!/member_00019,0,/a/1/0/3,232,19,,21944,22140,20540,20736,196,b9af240e6c1d45c831c8726f66c81d901b12f80932b71acd8216e0b24c0aea32,42545830fffe0100c400000010000100,,NSBTX texture,Confirmed,True,False,,,,,,,,,,False,False
/a/1/0/3,/a/1/0/3!/member_00020,0,/a/1/0/3,232,20,,22140,22732,20736,21328,592,8b74f01dd8aee8f0d82f4f53c6671b906f6d29e49b055c9eeb8d6e947cf6e58e,42545830fffe01005002000010000100,,NSBTX texture,Confirmed,True,False,,,,,,,,,,False,False
/a/1/0/3,/a/1/0/3!/member_00021,0,/a/1/0/3,232,21,,22732,23236,21328,21832,504,e335b88b6ab724a56311dd87b808beeb9433a018b8c03b940cb9757379eeca27,42545830fffe0100f801000010000100,,NSBTX texture,Confirmed,True,False,,,,,,,,,,False,False
/a/1/0/3,/a/1/0/3!/member_00022,0,/a/1/0/3,232,22,,23236,23756,21832,22352,520,aa4b72dbd67666b181143fe2038137cc1aec85bf214bebb76d846f7b80c32c76,42545830fffe01000802000010000100,,NSBTX texture,Confirmed,True,False,,,,,,,,,,False,False
/a/1/0/3,/a/1/0/3!/member_00023,0,/a/1/0/3,232,23,,23756,25116,22352,23712,1360,be97183759d83f92d1dcbffceace40336ce870021bb65973a5cfbc181f5cc746,42545830fffe01005005000010000100,,NSBTX texture,Confirmed,True,False,,,,,,,,,,False,False
/a/1/0/3,/a/1/0/3!/member_00024,0,/a/1/0/3,232,24,,25116,25424,23712,24020,308,5f43e886bfe0e3a05f6e15ecc78c3ee5d501ffb70cdfc27921905989b6c41eec,42545830fffe01003401000010000100,,NSBTX texture,Confirmed,True,False,,,,,,,,,,False,False
/a/1/0/3,/a/1/0/3!/member_00025,0,/a/1/0/3,232,25,,25424,27752,24020,26348,2328,879c759478d8168b2daa878b07dcc2e05d1f0c0a71cf7d727a958c6e01407ac1,42545830fffe01001809000010000100,,NSBTX texture,Confirmed,True,False,,,,,,,,,,False,False
/a/1/0/3,/a/1/0/3!/member_00026,0,/a/1/0/3,232,26,,27752,28496,26348,27092,744,2e566fb27c7d90b44553847d63333b47441e37dbceb55b5cddf7feb248041cda,42545830fffe0100e802000010000100,,NSBTX texture,Confirmed,True,False,,,,,,,,,,False,False
/a/1/0/3,/a/1/0/3!/member_00027,0,/a/1/0/3,232,27,,28496,28804,27092,27400,308,de798fd77fb8a67e233848c06d17b95dd04dc29a1abc995dca03f07a42d35f0a,42545830fffe01003401000010000100,,NSBTX texture,Confirmed,True,False,,,,,,,,,,False,False
/a/1/0/3,/a/1/0/3!/member_00028,0,/a/1/0/3,232,28,,28804,29512,27400,28108,708,6a0b7a0bf0a8a017c8817d445e0f72350f05dbefd971a3dd0c64867cbbd0c6b7,42545830fffe0100c402000010000100,,NSBTX texture,Confirmed,True,False,,,,,,,,,,False,False
/a/1/0/3,/a/1/0/3!/member_00029,0,/a/1/0/3,232,29,,29512,30564,28108,29160,1052,228aa8d7253a4cd7efc336e0baf1e6e808a52020656b67b9f612e553c7e1037f,424d4430fffe02001c04000010000200,,NSBMD model,Confirmed,True,False,,,,,,,,,,False,False
/a/1/0/3,/a/1/0/3!/member_00030,0,/a/1/0/3,232,30,,30564,31632,29160,30228,1068,00b2c7ab15315e39b700931a019eda13bffd5117bf4307b4f436782c6c7cf976,424d4430fffe02002c04000010000200,,NSBMD model,Confirmed,True,False,,,,,,,,,,False,False
/a/1/0/3,/a/1/0/3!/member_00031,0,/a/1/0/3,232,31,,31632,32424,30228,31020,792,c246fff8416092d2ef5d369561eeac6b36dfb977462d4e24e8bab6e299c638ff,424d4430fffe02001803000010000200,,NSBMD model,Confirmed,True,False,,,,,,,,,,False,False
/a/1/0/3,/a/1/0/3!/member_00032,0,/a/1/0/3,232,32,,32424,33408,31020,32004,984,de706a0689a3f5e8a54f838dbb6f36542d7261e645054e34bd0924245eb021fa,424d4430fffe0200d803000010000200,,NSBMD model,Confirmed,True,False,,,,,,,,,,False,False
/a/1/0/3,/a/1/0/3!/member_00033,0,/a/1/0/3,232,33,,33408,34112,32004,32708,704,bbee35d106972dbc32497a94a2eee829988ba3da529eb9ddb97fd904a4b146b0,424d4430fffe0200c002000010000200,,NSBMD model,Confirmed,True,False,,,,,,,,,,False,False
/a/1/0/3,/a/1/0/3!/member_00034,0,/a/1/0/3,232,34,,34112,34816,32708,33412,704,6976f75a54076a93aec31f2db91b950b0379e9cfbd4496ed5ce1b7ff5150b6e2,424d4430fffe0200c002000010000200,,NSBMD model,Confirmed,True,False,,,,,,,,,,False,False
/a/1/0/3,/a/1/0/3!/member_00035,0,/a/1/0/3,232,35,,34816,35984,33412,34580,1168,d2116030bb7ecd5967f26a2965a832fc39cf74a6e908b192ea79dadd62804fe3,424d4430fffe02009004000010000200,,NSBMD model,Confirmed,True,False,,,,,,,,,,False,False
/a/1/0/3,/a/1/0/3!/member_00036,0,/a/1/0/3,232,36,,35984,36752,34580,35348,768,4c96d995bf16ccb3632838768763a9d29b79c163a314874a43c0ef8c5107298f,424d4430fffe02000003000010000200,,NSBMD model,Confirmed,True,False,,,,,,,,,,False,False
/a/1/0/3,/a/1/0/3!/member_00037,0,/a/1/0/3,232,37,,36752,37532,35348,36128,780,bb87570fd59fdba1fa40e367f51f9641b73cc3ab9f3c1bb35c3dd8e5eb0aa327,424d4430fffe02000c03000010000200,,NSBMD model,Confirmed,True,False,,,,,,,,,,False,False
/a/1/0/3,/a/1/0/3!/member_00038,0,/a/1/0/3,232,38,,37532,38312,36128,36908,780,7ce706034d624bad112bf34026accbbc3d4e941eacdbe4b00a4bf36b14a1f407,424d4430fffe02000c03000010000200,,NSBMD model,Confirmed,True,False,,,,,,,,,,False,False
/a/1/0/3,/a/1/0/3!/member_00039,0,/a/1/0/3,232,39,,38312,39092,36908,37688,780,c800583a98218d514baa1d4f7eb0c0acf599a18a402703d87179abb3a44a4e1d,424d4430fffe02000c03000010000200,,NSBMD model,Confirmed,True,False,,,,,,,,,,False,False
/a/1/0/3,/a/1/0/3!/member_00040,0,/a/1/0/3,232,40,,39092,39796,37688,38392,704,676ab4ef9be646388ad5ae74e4e045bf0f1de6e9a223bc4f9d3a58f46f072375,424d4430fffe0200c002000010000200,,NSBMD model,Confirmed,True,False,,,,,,,,,,False,False
/a/1/0/3,/a/1/0/3!/member_00041,0,/a/1/0/3,232,41,,39796,40592,38392,39188,796,b17e1055d0def0783f78ad0e44fd8e71f98a138b9e0ffc2baa5018b08ca1b205,424d4430fffe02001c03000010000200,,NSBMD model,Confirmed,True,False,,,,,,,,,,False,False
/a/1/0/3,/a/1/0/3!/member_00042,0,/a/1/0/3,232,42,,40592,41388,39188,39984,796,8b0148896af3dbe34b365480da3ef8b67d1cc68be4a6808a89692180b26b05b4,424d4430fffe02001c03000010000200,,NSBMD model,Confirmed,True,False,,,,,,,,,,False,False
/a/1/0/3,/a/1/0/3!/member_00043,0,/a/1/0/3,232,43,,41388,42184,39984,40780,796,cdee1c1587cf7dd57efabfda4fb0038f16a767cfd5244a228306313e6e451984,424d4430fffe02001c03000010000200,,NSBMD model,Confirmed,True,False,,,,,,,,,,False,False
/a/1/0/3,/a/1/0/3!/member_00044,0,/a/1/0/3,232,44,,42184,42980,40780,41576,796,1f78e3f7a9f42dee4d8ba17456bdcc3b6595e7e1ae6b9755f56f32ad98fcb32c,424d4430fffe02001c03000010000200,,NSBMD model,Confirmed,True,False,,,,,,,,,,False,False
/a/1/0/3,/a/1/0/3!/member_00045,0,/a/1/0/3,232,45,,42980,43776,41576,42372,796,3b622e0d2361be469ebbfe56f9e747b7cbc0fd5d2144acdf17cf7bcfc2d14b80,424d4430fffe02001c03000010000200,,NSBMD model,Confirmed,True,False,,,,,,,,,,False,False
/a/1/0/3,/a/1/0/3!/member_00046,0,/a/1/0/3,232,46,,43776,44572,42372,43168,796,df9722f1ed081fac3ab77c715455c666d55f9f8166ebdbdad4d4910ff31e081e,424d4430fffe02001c03000010000200,,NSBMD model,Confirmed,True,False,,,,,,,,,,False,False
/a/1/0/3,/a/1/0/3!/member_00047,0,/a/1/0/3,232,47,,44572,45368,43168,43964,796,e7afda20da648fb6a2ff16abbb48b02bd63012f70ac686e159bb2e75d7d50b85,424d4430fffe02001c03000010000200,,NSBMD model,Confirmed,True,False,,,,,,,,,,False,False
/a/1/0/3,/a/1/0/3!/member_00048,0,/a/1/0/3,232,48,,45368,46164,43964,44760,796,385cd85d95667a51355dc399556196754c04ef8068cd9b0d5acc4d98a76ab4f4,424d4430fffe02001c03000010000200,,NSBMD model,Confirmed,True,False,,,,,,,,,,False,False
/a/1/0/3,/a/1/0/3!/member_00049,0,/a/1/0/3,232,49,,46164,46960,44760,45556,796,0f2cec37c478f65554bf0c92daf0c92937310cd951276a083f82c6212dbcdbef,424d4430fffe02001c03000010000200,,NSBMD model,Confirmed,True,False,,,,,,,,,,False,False
/a/1/0/3,/a/1/0/3!/member_00050,0,/a/1/0/3,232,50,,46960,47756,45556,46352,796,a9b34f27071cb559aa66b8fc0feea7fe8ee4ff3032ae26ae4009c8a6ccee3865,424d4430fffe02001c03000010000200,,NSBMD model,Confirmed,True,False,,,,,,,,,,False,False
/a/1/0/3,/a/1/0/3!/member_00051,0,/a/1/0/3,232,51,,47756,48552,46352,47148,796,51d998eeab4590676a7975d4eb52e22f53c3c84b6899f396f2e755e44a210ed2,424d4430fffe02001c03000010000200,,NSBMD model,Confirmed,True,False,,,,,,,,,,False,False
/a/1/0/3,/a/1/0/3!/member_00052,0,/a/1/0/3,232,52,,48552,49348,47148,47944,796,11abd5ddb3e08fe141574332cfdec64a182b72618bec0cda485447e317438a5a,424d4430fffe02001c03000010000200,,NSBMD model,Confirmed,True,False,,,,,,,,,,False,False
/a/1/0/3,/a/1/0/3!/member_00053,0,/a/1/0/3,232,53,,49348,50144,47944,48740,796,ac1256fc7d3508e96e6aae6b4b68dca81224e3672c4a4996536d37e92ffa97ea,424d4430fffe02001c03000010000200,,NSBMD model,Confirmed,True,False,,,,,,,,,,False,False
/a/1/0/3,/a/1/0/3!/member_00054,0,/a/1/0/3,232,54,,50144,50940,48740,49536,796,2ee942cc4c4cfdd4e7453353ab9e1e76538d4417a719ca5e418b0c000fc6851a,424d4430fffe02001c03000010000200,,NSBMD model,Confirmed,True,False,,,,,,,,,,False,False
/a/1/0/3,/a/1/0/3!/member_00055,0,/a/1/0/3,232,55,,50940,51736,49536,50332,796,9b64d738e2ba3be18dcca18dd90eb45f80e8466ff525aaf997e3c34002d80dd8,424d4430fffe02001c03000010000200,,NSBMD model,Confirmed,True,False,,,,,,,,,,False,False
/a/1/0/3,/a/1/0/3!/member_00056,0,/a/1/0/3,232,56,,51736,52532,50332,51128,796,14ca9579d8961843cbbe5bb59fcfec083adb20cb3bbed84d04e4e199abec43c8,424d4430fffe02001c03000010000200,,NSBMD model,Confirmed,True,False,,,,,,,,,,False,False
/a/1/0/3,/a/1/0/3!/member_00057,0,/a/1/0/3,232,57,,52532,53328,51128,51924,796,5002d597f36eee4d4247bb3e04e35689cec38939862c3f674595390e0b524b7f,424d4430fffe02001c03000010000200,,NSBMD model,Confirmed,True,False,,,,,,,,,,False,False
/a/1/0/3,/a/1/0/3!/member_00058,0,/a/1/0/3,232,58,,53328,54124,51924,52720,796,5b529da7b801be7492de561674f1e994e749624d7c2258d94f29c18ed743a279,424d4430fffe02001c03000010000200,,NSBMD model,Confirmed,True,False,,,,,,,,,,False,False
/a/1/0/3,/a/1/0/3!/member_00059,0,/a/1/0/3,232,59,,54124,54920,52720,53516,796,61a3ac49634a6b6b42deb28b9dc316ec3f4fabdf5d6c222bb593451e188b1ecb,424d4430fffe02001c03000010000200,,NSBMD model,Confirmed,True,False,,,,,,,,,,False,False
/a/1/0/3,/a/1/0/3!/member_00060,0,/a/1/0/3,232,60,,54920,55716,53516,54312,796,7cb647dbedc74fe97c1c95622635034611ef22f6929fcf377fd5467369a8e2fd,424d4430fffe02001c03000010000200,,NSBMD model,Confirmed,True,False,,,,,,,,,,False,False
/a/1/0/3,/a/1/0/3!/member_00061,0,/a/1/0/3,232,61,,55716,56512,54312,55108,796,41c6aa7bf666f7e736c1aadd107b9cc045661ab5dfa05eb9d36a799386093260,424d4430fffe02001c03000010000200,,NSBMD model,Confirmed,True,False,,,,,,,,,,False,False
/a/1/0/3,/a/1/0/3!/member_00062,0,/a/1/0/3,232,62,,56512,57308,55108,55904,796,e7b53ca2b628448d29aa830522eb2a475ae727de54c2be43a832216ec863b1a8,424d4430fffe02001c03000010000200,,NSBMD model,Confirmed,True,False,,,,,,,,,,False,False
/a/1/0/3,/a/1/0/3!/member_00063,0,/a/1/0/3,232,63,,57308,58104,55904,56700,796,58bd00e3b6c5a1f3afa64517c9ece7a02120b045b56d91eee47b2198d3d39f36,424d4430fffe02001c03000010000200,,NSBMD model,Confirmed,True,False,,,,,,,,,,False,False
/a/1/0/3,/a/1/0/3!/member_00064,0,/a/1/0/3,232,64,,58104,58884,56700,57480,780,69104b74eed201ba221d41eb585f132b8db57b03b1c8822a2dca0fdb71f369da,424d4430fffe02000c03000010000200,,NSBMD model,Confirmed,True,False,,,,,,,,,,False,False
/a/1/0/3,/a/1/0/3!/member_00065,0,/a/1/0/3,232,65,,58884,59664,57480,58260,780,9b5bed29041b57d625a6a254742afe19a3a7fc10676b6f70d2479356cb383acd,424d4430fffe02000c03000010000200,,NSBMD model,Confirmed,True,False,,,,,,,,,,False,False
/a/1/0/3,/a/1/0/3!/member_00066,0,/a/1/0/3,232,66,,59664,60444,58260,59040,780,b6095de0a3b419c292fa4f8c67b41188c4a1179f71f5dac82400f0ac8de22727,424d4430fffe02000c03000010000200,,NSBMD model,Confirmed,True,False,,,,,,,,,,False,False
/a/1/0/3,/a/1/0/3!/member_00067,0,/a/1/0/3,232,67,,60444,61224,59040,59820,780,ab719f1921eb8268cd78a4b5a447dd11631749f1f7a866f50eed452a0fdf50a9,424d4430fffe02000c03000010000200,,NSBMD model,Confirmed,True,False,,,,,,,,,,False,False
/a/1/0/3,/a/1/0/3!/member_00068,0,/a/1/0/3,232,68,,61224,62020,59820,60616,796,6709ac54fa6f439aa3b4599a7fca57d22030cf39a38476c732cbeb08c1653150,424d4430fffe02001c03000010000200,,NSBMD model,Confirmed,True,False,,,,,,,,,,False,False
/a/1/0/3,/a/1/0/3!/member_00069,0,/a/1/0/3,232,69,,62020,62816,60616,61412,796,1762d82830d7727c49c00bebe69e3252a4e1e5362c87dcebf2792551c5aabdcb,424d4430fffe02001c03000010000200,,NSBMD model,Confirmed,True,False,,,,,,,,,,False,False
/a/1/0/3,/a/1/0/3!/member_00070,0,/a/1/0/3,232,70,,62816,63612,61412,62208,796,b8ffdafe4e0e65b554ba8424f8d25a4331e4230ddce68e45ca652889421701fd,424d4430fffe02001c03000010000200,,NSBMD model,Confirmed,True,False,,,,,,,,,,False,False
/a/1/0/3,/a/1/0/3!/member_00071,0,/a/1/0/3,232,71,,63612,64408,62208,63004,796,0ab1f9494deb93fa76c0489f57d9e824138300e21ddef5fa96811d5ade174d69,424d4430fffe02001c03000010000200,,NSBMD model,Confirmed,True,False,,,,,,,,,,False,False
/a/1/0/3,/a/1/0/3!/member_00072,0,/a/1/0/3,232,72,,64408,65204,63004,63800,796,5003f0922b47f58f20483078d60fa480a4cc06648868e4ecc0be0752d4bf26bc,424d4430fffe02001c03000010000200,,NSBMD model,Confirmed,True,False,,,,,,,,,,False,False
/a/1/0/3,/a/1/0/3!/member_00073,0,/a/1/0/3,232,73,,65204,67976,63800,66572,2772,d1ac53d519ed67749e470294630dd23c7e086b2729765d952216b7dbaf11032c,424d4430fffe0200d40a000010000200,,NSBMD model,Confirmed,True,False,,,,,,,,,,False,False
/a/1/0/3,/a/1/0/3!/member_00074,0,/a/1/0/3,232,74,,67976,68680,66572,67276,704,7a734042daa2f069ccb3a9174aaab097c1486c3f887655d737ebecc02930f966,424d4430fffe0200c002000010000200,,NSBMD model,Confirmed,True,False,,,,,,,,,,False,False
/a/1/0/3,/a/1/0/3!/member_00075,0,/a/1/0/3,232,75,,68680,69384,67276,67980,704,d09f9d006dc6034cf8e24b39765336c1f7e635f9d22d9354570b10ec2e78fdf5,424d4430fffe0200c002000010000200,,NSBMD model,Confirmed,True,False,,,,,,,,,,False,False
/a/1/0/3,/a/1/0/3!/member_00076,0,/a/1/0/3,232,76,,69384,70088,67980,68684,704,0c05065d057c77163018a0ecac79672e45e5757f457eb1de8add51e328bece8d,424d4430fffe0200c002000010000200,,NSBMD model,Confirmed,True,False,,,,,,,,,,False,False
/a/1/0/3,/a/1/0/3!/member_00077,0,/a/1/0/3,232,77,,70088,70792,68684,69388,704,3776cf3a34b89518151ca0d25c70b87fb3714b8f6d361f54a2563ec6bc69b1bb,424d4430fffe0200c002000010000200,,NSBMD model,Confirmed,True,False,,,,,,,,,,False,False
/a/1/0/3,/a/1/0/3!/member_00078,0,/a/1/0/3,232,78,,70792,71496,69388,70092,704,50ee61771c6f0304e26ba3384c49d5cbe0c76c8b1a46c1ae7cff3cea7c54193c,424d4430fffe0200c002000010000200,,NSBMD model,Confirmed,True,False,,,,,,,,,,False,False
/a/1/0/3,/a/1/0/3!/member_00079,0,/a/1/0/3,232,79,,71496,72200,70092,70796,704,c703c482156851bd5fa489e73834e9632300c91285b38738494d780cf09845b1,424d4430fffe0200c002000010000200,,NSBMD model,Confirmed,True,False,,,,,,,,,,False,False
/a/1/0/3,/a/1/0/3!/member_00080,0,/a/1/0/3,232,80,,72200,72904,70796,71500,704,bdcb5ae704a65b3cf498c432a0a2aa139c7f44951d37ff8c4d2fd0d2a28e0171,424d4430fffe0200c002000010000200,,NSBMD model,Confirmed,True,False,,,,,,,,,,False,False
/a/1/0/3,/a/1/0/3!/member_00081,0,/a/1/0/3,232,81,,72904,73608,71500,72204,704,35f619221ec9d4925370e07d0970c7492e26016f869586f192ff136c35e0eb87,424d4430fffe0200c002000010000200,,NSBMD model,Confirmed,True,False,,,,,,,,,,False,False
/a/1/0/3,/a/1/0/3!/member_00082,0,/a/1/0/3,232,82,,73608,74312,72204,72908,704,82c03240d33698546b973a284a38b7faf3c08333c73de522bfb6740dce93feab,424d4430fffe0200c002000010000200,,NSBMD model,Confirmed,True,False,,,,,,,,,,False,False
/a/1/0/3,/a/1/0/3!/member_00083,0,/a/1/0/3,232,83,,74312,75016,72908,73612,704,bdddb55bb3392b2befa958e92ea3c175a3a8e261c5f892026544dbdcc19cb168,424d4430fffe0200c002000010000200,,NSBMD model,Confirmed,True,False,,,,,,,,,,False,False
/a/1/0/3,/a/1/0/3!/member_00084,0,/a/1/0/3,232,84,,75016,75784,73612,74380,768,1461f52b8c6ce41ba45b358b7f0e009295706e3c639c5a50b91e4c138922f52f,424d4430fffe02000003000010000200,,NSBMD model,Confirmed,True,False,,,,,,,,,,False,False
/a/1/0/3,/a/1/0/3!/member_00085,0,/a/1/0/3,232,85,,75784,76488,74380,75084,704,6c613dd89992db9d763ca50b084d0a2ffaf5119350962d86fde6d776bf67af4f,424d4430fffe0200c002000010000200,,NSBMD model,Confirmed,True,False,,,,,,,,,,False,False
/a/1/0/3,/a/1/0/3!/member_00086,0,/a/1/0/3,232,86,,76488,78692,75084,77288,2204,eba0693d5c7630494c18c51cb15c4f6765a3b30d1910bac13099a95e6d05fbae,424d4430fffe02009c08000010000200,,NSBMD model,Confirmed,True,False,,,,,,,,,,False,False
/a/1/0/3,/a/1/0/3!/member_00087,0,/a/1/0/3,232,87,,78692,81352,77288,79948,2660,0b7fc2489da187e5fa3e3a582da17cbcbedbb9160b9216cdec0276459696ab06,424d4430fffe0200640a000010000200,,NSBMD model,Confirmed,True,False,,,,,,,,,,False,False
/a/1/0/3,/a/1/0/3!/member_00088,0,/a/1/0/3,232,88,,81352,83584,79948,82180,2232,f5465355ee2b756f2834261e0e35c4a7d82dd4659661c7ffdc02bafed870e560,424d4430fffe0200b808000010000200,,NSBMD model,Confirmed,True,False,,,,,,,,,,False,False
/a/1/0/3,/a/1/0/3!/member_00089,0,/a/1/0/3,232,89,,83584,84664,82180,83260,1080,2e46504cfa5776330ebb722e4c2813ae413f10fe335a4a642abd356294c9b9a9,424d4430fffe02003804000010000200,,NSBMD model,Confirmed,True,False,,,,,,,,,,False,False
/a/1/0/3,/a/1/0/3!/member_00090,0,/a/1/0/3,232,90,,84664,85368,83260,83964,704,a08475142e09d0c5403768c3eed318b956ecf48f9269934cf822eeedac76c9fb,424d4430fffe0200c002000010000200,,NSBMD model,Confirmed,True,False,,,,,,,,,,False,False
/a/1/0/3,/a/1/0/3!/member_00091,0,/a/1/0/3,232,91,,85368,86072,83964,84668,704,5d71a55e5061206b09b5b74bf2b6ae9f45ace80c55c2ced4a0be0767e6e3242d,424d4430fffe0200c002000010000200,,NSBMD model,Confirmed,True,False,,,,,,,,,,False,False
/a/1/0/3,/a/1/0/3!/member_00092,0,/a/1/0/3,232,92,,86072,86776,84668,85372,704,61838ebdfc9467692c7619119e24439508fe089f95956fb8347ed3cdc4e80f20,424d4430fffe0200c002000010000200,,NSBMD model,Confirmed,True,False,,,,,,,,,,False,False
/a/1/0/3,/a/1/0/3!/member_00093,0,/a/1/0/3,232,93,,86776,87480,85372,86076,704,2193c4a39ff2d23f0efb7a7ebcbaf49a22cbbd78f145f84f78437650ea470702,424d4430fffe0200c002000010000200,,NSBMD model,Confirmed,True,False,,,,,,,,,,False,False
/a/1/0/3,/a/1/0/3!/member_00094,0,/a/1/0/3,232,94,,87480,88184,86076,86780,704,f5ce32f2577b0821a33d917526a3daf120f48fdfb33408742095c28d55b0df8f,424d4430fffe0200c002000010000200,,NSBMD model,Confirmed,True,False,,,,,,,,,,False,False
/a/1/0/3,/a/1/0/3!/member_00095,0,/a/1/0/3,232,95,,88184,88888,86780,87484,704,a58e85d92577bf9de878141a97850ef8c1e991d49c29f5f2c8fff0f014f131c1,424d4430fffe0200c002000010000200,,NSBMD model,Confirmed,True,False,,,,,,,,,,False,False
/a/1/0/3,/a/1/0/3!/member_00096,0,/a/1/0/3,232,96,,88888,89592,87484,88188,704,886e354033b383be52e46879e162353ab7b0089421199bb6083837508a34903b,424d4430fffe0200c002000010000200,,NSBMD model,Confirmed,True,False,,,,,,,,,,False,False
/a/1/0/3,/a/1/0/3!/member_00097,0,/a/1/0/3,232,97,,89592,90296,88188,88892,704,ee7fa91c0d9884b5a5c9a4d49a2da039c4cac469082c1e3ffe640694468141b4,424d4430fffe0200c002000010000200,,NSBMD model,Confirmed,True,False,,,,,,,,,,False,False
/a/1/0/3,/a/1/0/3!/member_00098,0,/a/1/0/3,232,98,,90296,91000,88892,89596,704,1b72ef7be90768074e0f2b5c1b0180d2db529bc85b44f1725470a45b23fbe701,424d4430fffe0200c002000010000200,,NSBMD model,Confirmed,True,False,,,,,,,,,,False,False
/a/1/0/3,/a/1/0/3!/member_00099,0,/a/1/0/3,232,99,,91000,91704,89596,90300,704,54b8d9c0d356803efb08d33daeadd546a99614e2b322865957fae1ab84820db7,424d4430fffe0200c002000010000200,,NSBMD model,Confirmed,True,False,,,,,,,,,,False,False
/a/1/0/3,/a/1/0/3!/member_00100,0,/a/1/0/3,232,100,,91704,92408,90300,91004,704,8adf8e105991a0a155a2b0f87a0eb3a831434eca00ad5aad7ae11487dfcd8c72,424d4430fffe0200c002000010000200,,NSBMD model,Confirmed,True,False,,,,,,,,,,False,False
/a/1/0/3,/a/1/0/3!/member_00101,0,/a/1/0/3,232,101,,92408,93112,91004,91708,704,464ecf12f039898890c1211b2da1596875336b5abd2ca18c89645c47157f28bf,424d4430fffe0200c002000010000200,,NSBMD model,Confirmed,True,False,,,,,,,,,,False,False
/a/1/0/3,/a/1/0/3!/member_00102,0,/a/1/0/3,232,102,,93112,93816,91708,92412,704,58e007fb248594031c3a9c3cdd4bb3843f2a6e313748b3b2f5ce995d20608c5b,424d4430fffe0200c002000010000200,,NSBMD model,Confirmed,True,False,,,,,,,,,,False,False
/a/1/0/3,/a/1/0/3!/member_00103,0,/a/1/0/3,232,103,,93816,94520,92412,93116,704,f426782a9cf89d9d939d553cc619bcca4e0bf00fc8447f41757dfc83d7fbe6f7,424d4430fffe0200c002000010000200,,NSBMD model,Confirmed,True,False,,,,,,,,,,False,False
/a/1/0/3,/a/1/0/3!/member_00104,0,/a/1/0/3,232,104,,94520,96544,93116,95140,2024,0838c97ab3f1d11265c75ac4b85c2c5d773768eba414d953f1ff5f7a0ee2e3cc,424d4430fffe0200e807000010000200,,NSBMD model,Confirmed,True,False,,,,,,,,,,False,False
/a/1/0/3,/a/1/0/3!/member_00105,0,/a/1/0/3,232,105,,96544,99248,95140,97844,2704,6ad231aee07da10997b75cf9a3ff80c8a0364ed3ea620f96ca0387c0d8e48a51,424d4430fffe0200900a000010000200,,NSBMD model,Confirmed,True,False,,,,,,,,,,False,False
/a/1/0/3,/a/1/0/3!/member_00106,0,/a/1/0/3,232,106,,99248,101328,97844,99924,2080,635e96c124b1e25ab729022d4ab509e92215069e16d2efae4d8a090b02c5209a,424d4430fffe02002008000010000200,,NSBMD model,Confirmed,True,False,,,,,,,,,,False,False
/a/1/0/3,/a/1/0/3!/member_00107,0,/a/1/0/3,232,107,,101328,102484,99924,101080,1156,82f1c4fdec225ea8f2898ba45a8121e171090d3386dfc719e1f9ca13fa5524a6,424d4430fffe02008404000010000200,,NSBMD model,Confirmed,True,False,,,,,,,,,,False,False
/a/1/0/3,/a/1/0/3!/member_00108,0,/a/1/0/3,232,108,,102484,103820,101080,102416,1336,2622193140f04b07d54a30a860ad7752173b33750964c6d799c4122b7008a8db,424d4430fffe02003805000010000200,,NSBMD model,Confirmed,True,False,,,,,,,,,,False,False
/a/1/0/3,/a/1/0/3!/member_00109,0,/a/1/0/3,232,109,,103820,105420,102416,104016,1600,253b6edb3bc67ee6d38fb5b9494d92a67456b546d0db0cfdd660f78eb27822bf,424d4430fffe02004006000010000200,,NSBMD model,Confirmed,True,False,,,,,,,,,,False,False
/a/1/0/3,/a/1/0/3!/member_00110,0,/a/1/0/3,232,110,,105420,106756,104016,105352,1336,57f6f2123b9ede71ae2144bd3f248a8520bad351112b5fcc57cfbdcd7df43c40,424d4430fffe02003805000010000200,,NSBMD model,Confirmed,True,False,,,,,,,,,,False,False
/a/1/0/3,/a/1/0/3!/member_00111,0,/a/1/0/3,232,111,,106756,108092,105352,106688,1336,59e7e71fc7d6d8acae35254e98b977629e03fbb1eb4dd39d9b7efdcdb6411e98,424d4430fffe02003805000010000200,,NSBMD model,Confirmed,True,False,,,,,,,,,,False,False
/a/1/0/3,/a/1/0/3!/member_00112,0,/a/1/0/3,232,112,,108092,109428,106688,108024,1336,7d148e2f80ac915346edb169dbd4c26ab86cc6e7247421bb7930b0050d873bfb,424d4430fffe02003805000010000200,,NSBMD model,Confirmed,True,False,,,,,,,,,,False,False
/a/1/0/3,/a/1/0/3!/member_00113,0,/a/1/0/3,232,113,,109428,110764,108024,109360,1336,bc6bee8dfb43df23f98b18df7e402543783e3bb68c5ed090db66343880ebc363,424d4430fffe02003805000010000200,,NSBMD model,Confirmed,True,False,,,,,,,,,,False,False
/a/1/0/3,/a/1/0/3!/member_00114,0,/a/1/0/3,232,114,,110764,112660,109360,111256,1896,29446cb7d0548370a8573629d47b459d078b950af96e9d95399ca2d8168e456d,424d4430fffe02006807000010000200,,NSBMD model,Confirmed,True,False,,,,,,,,,,False,False
/a/1/0/3,/a/1/0/3!/member_00115,0,/a/1/0/3,232,115,,112660,114004,111256,112600,1344,47cd7d941763c2339395806777598e589fd009a77c73d235f04fc457340e1ec4,424d4430fffe02004005000010000200,,NSBMD model,Confirmed,True,False,,,,,,,,,,False,False
/a/1/0/3,/a/1/0/3!/member_00116,0,/a/1/0/3,232,116,,114004,115232,112600,113828,1228,00382029ae8cfeadc488227078144cd7e267e721c9e63ddd00ab25d601ef80d0,424d4430fffe0200cc04000010000200,,NSBMD model,Confirmed,True,False,,,,,,,,,,False,False
/a/1/0/3,/a/1/0/3!/member_00117,0,/a/1/0/3,232,117,,115232,116436,113828,115032,1204,c2bee731fafcfca7790bce5887e5ce15ebc542269d60f4e7ec2e89100b009ba1,424d4430fffe0200b404000010000200,,NSBMD model,Confirmed,True,False,,,,,,,,,,False,False
/a/1/0/3,/a/1/0/3!/member_00118,0,/a/1/0/3,232,118,,116436,117204,115032,115800,768,c74d6379cbbe3afea52230321c62c7a8a5867e50d27de6bf711542c3eabd63be,424d4430fffe02000003000010000200,,NSBMD model,Confirmed,True,False,,,,,,,,,,False,False
/a/1/0/3,/a/1/0/3!/member_00119,0,/a/1/0/3,232,119,,117204,118716,115800,117312,1512,7df7ab1741ef18220667107a5c10e66e1298be7f9422c20066ce4389d77a0060,424d4430fffe0200e805000010000200,,NSBMD model,Confirmed,True,False,,,,,,,,,,False,False
/a/1/0/3,/a/1/0/3!/member_00120,0,/a/1/0/3,232,120,,118716,119592,117312,118188,876,ecbff42af3d2cbb4c8c6e52e7324b8f3b75469ea1ec65944165af645c8866c21,424d4430fffe02006c03000010000200,,NSBMD model,Confirmed,True,False,,,,,,,,,,False,False
/a/1/0/3,/a/1/0/3!/member_00121,0,/a/1/0/3,232,121,,119592,120664,118188,119260,1072,57aa837573bcdab619b7ce7e036422f134b2ad401b5894dd0172cad9c0b4b0e6,424d4430fffe02003004000010000200,,NSBMD model,Confirmed,True,False,,,,,,,,,,False,False
/a/1/0/3,/a/1/0/3!/member_00122,0,/a/1/0/3,232,122,,120664,121628,119260,120224,964,7fa2e2d1fe2202d348d157927bcc6aedf0117fb8c956a5f8de66251dbe820de2,424d4430fffe0200c403000010000200,,NSBMD model,Confirmed,True,False,,,,,,,,,,False,False
/a/1/0/3,/a/1/0/3!/member_00123,0,/a/1/0/3,232,123,,121628,122608,120224,121204,980,e179e697d2059f1547af208416747c5bc40b5d4eeeb0ce55197aaddbe0a1196f,424d4430fffe0200d403000010000200,,NSBMD model,Confirmed,True,False,,,,,,,,,,False,False
/a/1/0/3,/a/1/0/3!/member_00124,0,/a/1/0/3,232,124,,122608,124428,121204,123024,1820,e7fbf1a88b5a86fdf68535108b077c239d86943a9f009648f36d512c6ec4f2dd,424d4430fffe02001c07000010000200,,NSBMD model,Confirmed,True,False,,,,,,,,,,False,False
/a/1/0/3,/a/1/0/3!/member_00125,0,/a/1/0/3,232,125,,124428,125196,123024,123792,768,d1265931ccddc338bcb18e1e38845092227e0b77b74edae5745e30e02cede11e,424d4430fffe02000003000010000200,,NSBMD model,Confirmed,True,False,,,,,,,,,,False,False
/a/1/0/3,/a/1/0/3!/member_00126,0,/a/1/0/3,232,126,,125196,127984,123792,126580,2788,da55b9325d96d738441f98078bf150bae4da85178f4de73949cb9ed111f0abce,424d4430fffe0200e40a000010000200,,NSBMD model,Confirmed,True,False,,,,,,,,,,False,False
/a/1/0/3,/a/1/0/3!/member_00127,0,/a/1/0/3,232,127,,127984,129080,126580,127676,1096,f89fd4b6c22923021cdeee6c75c2f3b0e7ce765f3cb3fd8fe93a8125618bca70,424d4430fffe02004804000010000200,,NSBMD model,Confirmed,True,False,,,,,,,,,,False,False
/a/1/0/3,/a/1/0/3!/member_00128,0,/a/1/0/3,232,128,,129080,130284,127676,128880,1204,41bb0267e39887f67c9fcf151b30c6e5650596cc1f8658e4a092d070b7ceb121,424d4430fffe0200b404000010000200,,NSBMD model,Confirmed,True,False,,,,,,,,,,False,False
/a/1/0/3,/a/1/0/3!/member_00129,0,/a/1/0/3,232,129,,130284,131052,128880,129648,768,6349be51a204500bad463649a58b6f4ada383f32a3fdb13994aa65f4464a0a9e,424d4430fffe02000003000010000200,,NSBMD model,Confirmed,True,False,,,,,,,,,,False,False
/a/1/0/3,/a/1/0/3!/member_00130,0,/a/1/0/3,232,130,,131052,132220,129648,130816,1168,563d3809cf7ea07958916ceccddb220d23781658874909bb99dc8ced29fbc5ea,424d4430fffe02009004000010000200,,NSBMD model,Confirmed,True,False,,,,,,,,,,False,False
/a/1/0/3,/a/1/0/3!/member_00131,0,/a/1/0/3,232,131,,132220,133116,130816,131712,896,078aa56aed2e08e4be6474a6d013b2384d9d5e7aba7b1ac00ebf10815d9217d4,424d4430fffe02008003000010000200,,NSBMD model,Confirmed,True,False,,,,,,,,,,False,False
/a/1/0/3,/a/1/0/3!/member_00132,0,/a/1/0/3,232,132,,133116,136272,131712,134868,3156,7e1059b055627c9a046d695951735e8dbdb02ceadc703000bde9b933ec7bb301,424d4430fffe0200540c000010000200,,NSBMD model,Confirmed,True,False,,,,,,,,,,False,False
/a/1/0/3,/a/1/0/3!/member_00133,0,/a/1/0/3,232,133,,136272,139120,134868,137716,2848,a26e9db2f001bc63659068b7373c3df4b84f42603727bb1e2c9a568809ea3516,424d4430fffe0200200b000010000200,,NSBMD model,Confirmed,True,False,,,,,,,,,,False,False
/a/1/0/3,/a/1/0/3!/member_00134,0,/a/1/0/3,232,134,,139120,139388,137716,137984,268,2af415a2d945de4b5a49b6b2cfdbafda78bf5c1dd108566e48e3f97c1deac80f,42545030fffe01000c01000010000100,,NSBTP texture-pattern animation,Confirmed,True,False,,,,,,,,,,False,False
/a/1/0/3,/a/1/0/3!/member_00135,0,/a/1/0/3,232,135,,139388,139656,137984,138252,268,43e904ba8f284caf8311cba51277ecb88f4e8594fc68d58f6970a1dcc053ca2f,42545030fffe01000c01000010000100,,NSBTP texture-pattern animation,Confirmed,True,False,,,,,,,,,,False,False
/a/1/0/3,/a/1/0/3!/member_00136,0,/a/1/0/3,232,136,,139656,139876,138252,138472,220,385cdf8a511739b4fe3efb60ffdfb3f6412227852bc26083bd2a9d6d27455e6e,42545030fffe0100dc00000010000100,,NSBTP texture-pattern animation,Confirmed,True,False,,,,,,,,,,False,False
/a/1/0/3,/a/1/0/3!/member_00137,0,/a/1/0/3,232,137,,139876,140124,138472,138720,248,8922bf3b84f0e6bf1b15ad43bc0840a1eb416df8ea95a8f788775eb379843386,42545030fffe0100f800000010000100,,NSBTP texture-pattern animation,Confirmed,True,False,,,,,,,,,,False,False
/a/1/0/3,/a/1/0/3!/member_00138,0,/a/1/0/3,232,138,,140124,140324,138720,138920,200,34fc571feb02b9140bf0628706430bda854b82e996c71ee3882acf7ebfb7246c,42545030fffe0100c800000010000100,,NSBTP texture-pattern animation,Confirmed,True,False,,,,,,,,,,False,False
/a/1/0/3,/a/1/0/3!/member_00139,0,/a/1/0/3,232,139,,140324,140592,138920,139188,268,2ea4d84697a0cbb5f2c35815cedf63c99fc3a0ff4efb74ed5999653b5bc91155,42545030fffe01000c01000010000100,,NSBTP texture-pattern animation,Confirmed,True,False,,,,,,,,,,False,False
/a/1/0/3,/a/1/0/3!/member_00140,0,/a/1/0/3,232,140,,140592,140612,139188,139208,20,58527da36cd1f0a87213f61f27f8bc1670c1312459469e1f07ed436e1b735ccf,040000000000040008000c0000010203,,,,,False,,,,,,,,,,False,False
/a/1/0/3,/a/1/0/3!/member_00141,0,/a/1/0/3,232,141,,140612,140660,139208,139256,48,2f134b0ace1ef2163b0a3ceb04ca0aa959179a4f36305a98e63489bb0717164d,0b0000000000040008000c0010001400,,,,,False,,,,,,,,,,False,False
/a/1/0/3,/a/1/0/3!/member_00142,0,/a/1/0/3,232,142,,140660,140700,139256,139296,40,998640316fdc397cb4657ef876f00c047ae4e048384ac766ab4a8fe5f53dd174,0900000000000300060009000c000f00,,,,,False,,,,,,,,,,False,False
/a/1/0/3,/a/1/0/3!/member_00143,0,/a/1/0/3,232,143,,140700,140756,139296,139352,56,b3dfb4058df959ebfc80437d5d06bd5fba7666b5135fdef254e02e88c8357ea1,0d00000000000300060009000c000f00,,,,,False,,,,,,,,,,False,False
/a/1/0/3,/a/1/0/3!/member_00144,0,/a/1/0/3,232,144,,140756,140772,139352,139368,16,340a60620c94f5c7531652a4cfa925928ed1b47da0afb31e1f4b7fdac40bb100,03000000000004000800000102000102,,,,,False,,,,,,,,,,False,False
/a/1/0/3,/a/1/0/3!/member_00145,0,/a/1/0/3,232,145,,140772,140792,139368,139388,20,e985fdcdde6952900c40e69ebb53010e24cbb5d7370a604962dc8104fe3d8f18,04000000000003000600090000010203,,,,,False,,,,,,,,,,False,False
/a/1/0/3,/a/1/0/3!/member_00146,0,/a/1/0/3,232,146,,140792,140824,139388,139420,32,2fdc15b30612f846dd1db2cb259cc466ecdc0502d69b2fb225247743d8b93832,07000000000002000400060008000a00,,,,,False,,,,,,,,,,False,False
/a/1/0/3,/a/1/0/3!/member_00147,0,/a/1/0/3,232,147,,140824,140836,139420,139432,12,001bc196c47fc955632c5d2f37ef6d2e8886295b0c14207dcbfa30d0bfea3d3f,020000000000020000010001,,,,,False,,,,,,,,,,False,False
/a/1/0/3,/a/1/0/3!/member_00148,0,/a/1/0/3,232,148,,140836,140856,139432,139452,20,89be03214ffe6d8336ff42bec8b701b055c0ccaaa04846880e62833a3dfbaf8e,04000000000002000400060000010203,,,,,False,,,,,,,,,,False,False
/a/1/0/3,/a/1/0/3!/member_00149,0,/a/1/0/3,232,149,,140856,140868,139452,139464,12,7c9acd5bec8ad44a2c46414b5f1116b263d5f678b0248981cc3ee4d3d5491f7d,020000000000050000010001,,,,,False,,,,,,,,,,False,False
/a/1/0/3,/a/1/0/3!/member_00150,0,/a/1/0/3,232,150,,140868,140888,139464,139484,20,e33b828b7700e8abeb5d3b5f6e4908d5c57b69b4329193405ea597dab7bcc88e,040000000000040008000c0000010001,,,,,False,,,,,,,,,,False,False
/a/1/0/3,/a/1/0/3!/member_00151,0,/a/1/0/3,232,151,,140888,140908,139484,139504,20,e33b828b7700e8abeb5d3b5f6e4908d5c57b69b4329193405ea597dab7bcc88e,040000000000040008000c0000010001,,,,,False,,,,,,,,,,False,False
/a/1/0/3,/a/1/0/3!/member_00152,0,/a/1/0/3,232,152,,140908,140928,139504,139524,20,e33b828b7700e8abeb5d3b5f6e4908d5c57b69b4329193405ea597dab7bcc88e,040000000000040008000c0000010001,,,,,False,,,,,,,,,,False,False
/a/1/0/3,/a/1/0/3!/member_00153,0,/a/1/0/3,232,153,,140928,140948,139524,139544,20,e33b828b7700e8abeb5d3b5f6e4908d5c57b69b4329193405ea597dab7bcc88e,040000000000040008000c0000010001,,,,,False,,,,,,,,,,False,False
/a/1/0/3,/a/1/0/3!/member_00154,0,/a/1/0/3,232,154,,140948,140968,139544,139564,20,e33b828b7700e8abeb5d3b5f6e4908d5c57b69b4329193405ea597dab7bcc88e,040000000000040008000c0000010001,,,,,False,,,,,,,,,,False,False
/a/1/0/3,/a/1/0/3!/member_00155,0,/a/1/0/3,232,155,,140968,140988,139564,139584,20,e33b828b7700e8abeb5d3b5f6e4908d5c57b69b4329193405ea597dab7bcc88e,040000000000040008000c0000010001,,,,,False,,,,,,,,,,False,False
/a/1/0/3,/a/1/0/3!/member_00156,0,/a/1/0/3,232,156,,140988,141008,139584,139604,20,e33b828b7700e8abeb5d3b5f6e4908d5c57b69b4329193405ea597dab7bcc88e,040000000000040008000c0000010001,,,,,False,,,,,,,,,,False,False
/a/1/0/3,/a/1/0/3!/member_00157,0,/a/1/0/3,232,157,,141008,141028,139604,139624,20,e33b828b7700e8abeb5d3b5f6e4908d5c57b69b4329193405ea597dab7bcc88e,040000000000040008000c0000010001,,,,,False,,,,,,,,,,False,False
/a/1/0/3,/a/1/0/3!/member_00158,0,/a/1/0/3,232,158,,141028,141048,139624,139644,20,e33b828b7700e8abeb5d3b5f6e4908d5c57b69b4329193405ea597dab7bcc88e,040000000000040008000c0000010001,,,,,False,,,,,,,,,,False,False
/a/1/0/3,/a/1/0/3!/member_00159,0,/a/1/0/3,232,159,,141048,141068,139644,139664,20,e33b828b7700e8abeb5d3b5f6e4908d5c57b69b4329193405ea597dab7bcc88e,040000000000040008000c0000010001,,,,,False,,,,,,,,,,False,False
/a/1/0/3,/a/1/0/3!/member_00160,0,/a/1/0/3,232,160,,141068,141088,139664,139684,20,e33b828b7700e8abeb5d3b5f6e4908d5c57b69b4329193405ea597dab7bcc88e,040000000000040008000c0000010001,,,,,False,,,,,,,,,,False,False
/a/1/0/3,/a/1/0/3!/member_00161,0,/a/1/0/3,232,161,,141088,141108,139684,139704,20,e33b828b7700e8abeb5d3b5f6e4908d5c57b69b4329193405ea597dab7bcc88e,040000000000040008000c0000010001,,,,,False,,,,,,,,,,False,False
/a/1/0/3,/a/1/0/3!/member_00162,0,/a/1/0/3,232,162,,141108,141128,139704,139724,20,e33b828b7700e8abeb5d3b5f6e4908d5c57b69b4329193405ea597dab7bcc88e,040000000000040008000c0000010001,,,,,False,,,,,,,,,,False,False
/a/1/0/3,/a/1/0/3!/member_00163,0,/a/1/0/3,232,163,,141128,141148,139724,139744,20,e33b828b7700e8abeb5d3b5f6e4908d5c57b69b4329193405ea597dab7bcc88e,040000000000040008000c0000010001,,,,,False,,,,,,,,,,False,False
/a/1/0/3,/a/1/0/3!/member_00164,0,/a/1/0/3,232,164,,141148,141332,139744,139928,184,0d265b24edbe808ad8f848969deecceb76dbe7fd804e5096583627b3069a152e,42544130fffe0100b800000010000100,,NSBTA texture animation,Confirmed,True,False,,,,,,,,,,False,False
/a/1/0/3,/a/1/0/3!/member_00165,0,/a/1/0/3,232,165,,141332,141496,139928,140092,164,94ab563faff0d77faed518922560a7e6146d1835eb8383dbb1172add1759026e,42434130fffe0100a400000010000100,,NSBCA animation,Confirmed,True,False,,,,,,,,,,False,False
/a/1/0/3,/a/1/0/3!/member_00166,0,/a/1/0/3,232,166,,141496,144588,140092,143184,3092,f558369412702f469a861edc28e17d2c6030fcc7cbe559176fa6d66255a1029a,42434130fffe0100140c000010000100,,NSBCA animation,Confirmed,True,False,,,,,,,,,,False,False
/a/1/0/3,/a/1/0/3!/member_00167,0,/a/1/0/3,232,167,,144588,144736,143184,143332,148,e54d20119845ad9d98db5521a2f32a4002eca269983bef29276afa0bcfb34d93,424d4130fffe01009400000010000100,,NSBMA material animation,Confirmed,True,False,,,,,,,,,,False,False
/a/1/0/3,/a/1/0/3!/member_00168,0,/a/1/0/3,232,168,,144736,145000,143332,143596,264,90745372dc2091033cc065539f61ec38547e8eb22f952800123fb522bffb1526,424d4130fffe01000801000010000100,,NSBMA material animation,Confirmed,True,False,,,,,,,,,,False,False
/a/1/0/4,/a/1/0/4!/member_00000,0,/a/1/0/4,233,0,,124,32956,0,32832,32832,f8a38dc844a8f19b1846137142a812455b271b1e5b380150de78500dd516bc3e,5247434efffe01014080000010000200,,NCGR graphics,Confirmed,True,False,,,,,,,,,,False,False
/a/1/0/4,/a/1/0/4!/member_00001,0,/a/1/0/4,233,1,,32956,33508,32832,33384,552,5b840fd323f21fe3a28df458f0e3811e0183abd8c585e78679a3f36d228ffd1d,524c434efffe00012802000010000100,,NCLR palette,Confirmed,True,False,,,,,,,,,,False,False
/a/1/0/4,/a/1/0/4!/member_00002,0,/a/1/0/4,233,2,,33508,35592,33384,35468,2084,2884e9afec615299e1a40eb1b58d4fe5e70af1468eea6cacfca82d4e8497d2f3,5243534efffe00012408000010000100,,NSCR screen map,Confirmed,True,False,,,,,,,,,,False,False
/a/1/0/4,/a/1/0/4!/member_00003,0,/a/1/0/4,233,3,,35592,37676,35468,37552,2084,a44d146daeaa8006bc666019bd8b614597cb54a016dad906c9ad22fbf5289bad,5243534efffe00012408000010000100,,NSCR screen map,Confirmed,True,False,,,,,,,,,,False,False
/a/1/0/4,/a/1/0/4!/member_00004,0,/a/1/0/4,233,4,,37676,39760,37552,39636,2084,68e4e3104e6cbd566a6a269a412c54681076e894514580997639745242e1ef45,5243534efffe00012408000010000100,,NSCR screen map,Confirmed,True,False,,,,,,,,,,False,False
/a/1/0/4,/a/1/0/4!/member_00005,0,/a/1/0/4,233,5,,39760,43392,39636,43268,3632,d64897c08a83e699f660b5c12b743ceed0db97f8be0c2c2b6454bec8eff3c7f0,5247434efffe0101300e000010000100,,NCGR graphics,Confirmed,True,False,,,,,,,,,,False,False
/a/1/0/4,/a/1/0/4!/member_00006,0,/a/1/0/4,233,6,,43392,43553,43268,43429,161,3d204c5c0467abd3a380041d6fb8f157f7ec3f003311f9b9b5134e2f42fcec02,5245434efffe0001a100000010000300,,NCER cell,Confirmed,True,False,,,,,,,,,,False,False
/a/1/0/4,/a/1/0/4!/member_00007,0,/a/1/0/4,233,7,,43556,43861,43432,43737,305,de07b2558097e8d67456df82977bd4629844efe2b9b3f05dbc04bb99ce1f7f44,524e414efffe00013101000010000300,,NANR animation,Confirmed,True,False,,,,,,,,,,False,False
/a/1/0/4,/a/1/0/4!/member_00008,0,/a/1/0/4,233,8,,43864,44416,43740,44292,552,3f9b1d0139741b6d5db482e8b3782f2b4a0c78dd0e36299b17fda1560a3d96fd,524c434efffe00012802000010000100,,NCLR palette,Confirmed,True,False,,,,,,,,,,False,False
/a/1/0/5,/a/1/0/5!/member_00000,0,/a/1/0/5,234,0,,60,1048,0,988,988,7c863395c5736dceafae13574477af02cfe73b12ec26e9e1b73fb80e7c09c167,00000000000000000000000000000000,,,,,False,,,,,,,,,,False,False
/a/1/0/6,/a/1/0/6!/member_00000,0,/a/1/0/6,235,0,,2236,2720,0,484,484,94f3d1c08a1700732320044dbca084f8d6820bc728f209aa8c37548e57c46cfe,42544130fffe0100e401000010000100,,NSBTA texture animation,Confirmed,True,False,,,,,,,,,,False,False
/a/1/0/6,/a/1/0/6!/member_00001,0,/a/1/0/6,235,1,,2720,2888,484,652,168,45ca73568be4badc550ba67e1027e9e8fe70bd5c8f5cd953c704e9d95e326a5c,42434130fffe0100a800000010000100,,NSBCA animation,Confirmed,True,False,,,,,,,,,,False,False
/a/1/0/6,/a/1/0/6!/member_00002,0,/a/1/0/6,235,2,,2888,3056,652,820,168,e3ddba68d26c4da6f337c24f782d504601047116abb613043841e848e2ef231d,42434130fffe0100a800000010000100,,NSBCA animation,Confirmed,True,False,,,,,,,,,,False,False
/a/1/0/6,/a/1/0/6!/member_00003,0,/a/1/0/6,235,3,,3056,4616,820,2380,1560,be58cc525e4a61cc2d54bdd7b166a234dcdad48b920c8cb50aa83f13412d17f7,42434130fffe01001806000010000100,,NSBCA animation,Confirmed,True,False,,,,,,,,,,False,False
/a/1/0/6,/a/1/0/6!/member_00004,0,/a/1/0/6,235,4,,4616,7664,2380,5428,3048,42e89674b38f710e4b09d5ed6f349fdd93d5c6b64b4e6672a0b62f8572a2b6b6,42544130fffe0100e80b000010000100,,NSBTA texture animation,Confirmed,True,False,,,,,,,,,,False,False
/a/1/0/6,/a/1/0/6!/member_00005,0,/a/1/0/6,235,5,,7664,9920,5428,7684,2256,1c59a95839b956d0cec9ae65c98f96f2de2c4fbf82418ef0878b507306491f71,42434130fffe0100d008000010000100,,NSBCA animation,Confirmed,True,False,,,,,,,,,,False,False
/a/1/0/6,/a/1/0/6!/member_00006,0,/a/1/0/6,235,6,,9920,11668,7684,9432,1748,c236cc39fa750b6828099bb4dbc0138fef4e6d0d50d34b1c13f6dedb84b9b126,42544130fffe0100d406000010000100,,NSBTA texture animation,Confirmed,True,False,,,,,,,,,,False,False
/a/1/0/6,/a/1/0/6!/member_00007,0,/a/1/0/6,235,7,,11668,11988,9432,9752,320,bb6baea09e09688aa6f4fcc7b76ef75677215f3bc6d85a5e8ce3de6b15e768b4,42545030fffe01004001000010000100,,NSBTP texture-pattern animation,Confirmed,True,False,,,,,,,,,,False,False
/a/1/0/6,/a/1/0/6!/member_00008,0,/a/1/0/6,235,8,,11988,12316,9752,10080,328,47b6f2cd4475834a30464be904d72e78d9a89da7251527e98f8becfd259bfbf2,42545030fffe01004801000010000100,,NSBTP texture-pattern animation,Confirmed,True,False,,,,,,,,,,False,False
/a/1/0/6,/a/1/0/6!/member_00009,0,/a/1/0/6,235,9,,12316,15440,10080,13204,3124,869bfb4f1e63882e855fbbed19ec82a5118ad22f71e8b8809f317ae753b1799c,42544130fffe0100340c000010000100,,NSBTA texture animation,Confirmed,True,False,,,,,,,,,,False,False
/a/1/0/6,/a/1/0/6!/member_00010,0,/a/1/0/6,235,10,,15440,15600,13204,13364,160,dc26fb3bdc378d6d489596b8fd4960f77e2ebee851c04906a4ab6ce9da13a170,42545030fffe0100a000000010000100,,NSBTP texture-pattern animation,Confirmed,True,False,,,,,,,,,,False,False
/a/1/0/6,/a/1/0/6!/member_00011,0,/a/1/0/6,235,11,,15600,15760,13364,13524,160,aa999c324daeec021b3202551a2d0deba79dd612e0e11e8085f5ba080e72a1d0,42545030fffe0100a000000010000100,,NSBTP texture-pattern animation,Confirmed,True,False,,,,,,,,,,False,False
/a/1/0/6,/a/1/0/6!/member_00012,0,/a/1/0/6,235,12,,15760,15920,13524,13684,160,a7f55263b696a1683a6076ed20611c335a98b325d45d7cba5cb1e5b1b19b4af7,42545030fffe0100a000000010000100,,NSBTP texture-pattern animation,Confirmed,True,False,,,,,,,,,,False,False
/a/1/0/6,/a/1/0/6!/member_00013,0,/a/1/0/6,235,13,,15920,16080,13684,13844,160,15632f861b548200c0e97438ea9ded0be39ba250a11b8d0e1e37870fd3d0d866,42545030fffe0100a000000010000100,,NSBTP texture-pattern animation,Confirmed,True,False,,,,,,,,,,False,False
/a/1/0/6,/a/1/0/6!/member_00014,0,/a/1/0/6,235,14,,16080,16240,13844,14004,160,26548e4a2f98e2396d0dd73276b08c9526978574270e38dedfc1f4818d37be55,42545030fffe0100a000000010000100,,NSBTP texture-pattern animation,Confirmed,True,False,,,,,,,,,,False,False
/a/1/0/6,/a/1/0/6!/member_00015,0,/a/1/0/6,235,15,,16240,16400,14004,14164,160,2952c01331d3c3e2cc5e3135da359dc5d88242e44437d717c38e14a870f800da,42545030fffe0100a000000010000100,,NSBTP texture-pattern animation,Confirmed,True,False,,,,,,,,,,False,False
/a/1/0/6,/a/1/0/6!/member_00016,0,/a/1/0/6,235,16,,16400,16596,14164,14360,196,3960ab16c6c6abe39b04734300831ebdd6e618eeb66a9800707677cf5b7f658f,42545030fffe0100c400000010000100,,NSBTP texture-pattern animation,Confirmed,True,False,,,,,,,,,,False,False
/a/1/0/6,/a/1/0/6!/member_00017,0,/a/1/0/6,235,17,,16596,16792,14360,14556,196,0df19d3d7ab19260f340fddb40024ceaae2a81eea10ee1c32ac5d755298d7a74,42545030fffe0100c400000010000100,,NSBTP texture-pattern animation,Confirmed,True,False,,,,,,,,,,False,False
/a/1/0/6,/a/1/0/6!/member_00018,0,/a/1/0/6,235,18,,16792,18712,14556,16476,1920,8285c212a25fba8fe3df36bd5f915bf829e3ff1cde9e150f263b8f9fdd170722,42434130fffe01008007000010000100,,NSBCA animation,Confirmed,True,False,,,,,,,,,,False,False
/a/1/0/6,/a/1/0/6!/member_00019,0,/a/1/0/6,235,19,,18712,26164,16476,23928,7452,690130cf8c1731a1d1cbb24f1dc0e8119636827bf861888de095de4e9e671769,42544130fffe01001c1d000010000100,,NSBTA texture animation,Confirmed,True,False,,,,,,,,,,False,False
/a/1/0/6,/a/1/0/6!/member_00020,0,/a/1/0/6,235,20,,26164,33616,23928,31380,7452,46cc798744ee7eecdfde1eeeaad6fd000a79368057bb4ed067e505ecf68247cc,42544130fffe01001c1d000010000100,,NSBTA texture animation,Confirmed,True,False,,,,,,,,,,False,False
/a/1/0/6,/a/1/0/6!/member_00021,0,/a/1/0/6,235,21,,33616,41068,31380,38832,7452,1745995fc3fac4936435a057e988c71ce4151013126a5372b5f5da20fbfe79ba,42544130fffe01001c1d000010000100,,NSBTA texture animation,Confirmed,True,False,,,,,,,,,,False,False
/a/1/0/6,/a/1/0/6!/member_00022,0,/a/1/0/6,235,22,,41068,48520,38832,46284,7452,d2b3b730638d1b9919129a9c852ac717ed9243024b9c49a1a30a2c86f5cabb96,42544130fffe01001c1d000010000100,,NSBTA texture animation,Confirmed,True,False,,,,,,,,,,False,False
/a/1/0/6,/a/1/0/6!/member_00023,0,/a/1/0/6,235,23,,48520,48680,46284,46444,160,846a290fc5dc197b1f0e6a9478700ce965797696edb42ce34cad98ef2b10a590,42545030fffe0100a000000010000100,,NSBTP texture-pattern animation,Confirmed,True,False,,,,,,,,,,False,False
/a/1/0/6,/a/1/0/6!/member_00024,0,/a/1/0/6,235,24,,48680,48840,46444,46604,160,a15d8b12e1075a6e8ac246aeb63dde405f2b1621edb5a7d3f6b9024c0167f107,42545030fffe0100a000000010000100,,NSBTP texture-pattern animation,Confirmed,True,False,,,,,,,,,,False,False
/a/1/0/6,/a/1/0/6!/member_00025,0,/a/1/0/6,235,25,,48840,48984,46604,46748,144,bdb0571d2b5ecb498bfef49e8fa985e57b285bdcc2a559eb34eae300c3b171ff,42434130fffe01009000000010000100,,NSBCA animation,Confirmed,True,False,,,,,,,,,,False,False
/a/1/0/6,/a/1/0/6!/member_00026,0,/a/1/0/6,235,26,,48984,49128,46748,46892,144,19be0871264d3c0a6cf8cec52cfa08ad8cf8c5cd9b916a3173eaf6cebfcaaa5b,42434130fffe01009000000010000100,,NSBCA animation,Confirmed,True,False,,,,,,,,,,False,False
/a/1/0/6,/a/1/0/6!/member_00027,0,/a/1/0/6,235,27,,49128,49272,46892,47036,144,297b551dd14d2f7a0b6b992ea3629f7fa0262ef3b7a8d3eb7ed079ca36bbddee,42434130fffe01009000000010000100,,NSBCA animation,Confirmed,True,False,,,,,,,,,,False,False
/a/1/0/6,/a/1/0/6!/member_00028,0,/a/1/0/6,235,28,,49272,49416,47036,47180,144,0461050790e19e205109086ab0ac89d25c8336ab3b3ccc2650b09511f1830f5e,42434130fffe01009000000010000100,,NSBCA animation,Confirmed,True,False,,,,,,,,,,False,False
/a/1/0/6,/a/1/0/6!/member_00029,0,/a/1/0/6,235,29,,49416,50172,47180,47936,756,db5aae57f31988bac77f3a8db1697b84d084598d454deda5518eab0c0c1cdfde,42434130fffe0100f402000010000100,,NSBCA animation,Confirmed,True,False,,,,,,,,,,False,False
/a/1/0/6,/a/1/0/6!/member_00030,0,/a/1/0/6,235,30,,50172,50652,47936,48416,480,7e6827ba5b72477f8ca4449301309ede0a529902a27681692d3e6a702cf35dd7,42545030fffe0100e001000010000100,,NSBTP texture-pattern animation,Confirmed,True,False,,,,,,,,,,False,False
/a/1/0/6,/a/1/0/6!/member_00031,0,/a/1/0/6,235,31,,50652,51264,48416,49028,612,c7f5c3fd29e3b7e97c0d4ff3d98b8436836528c2807bdb92896abb70ad47d6e5,42544130fffe01006402000010000100,,NSBTA texture animation,Confirmed,True,False,,,,,,,,,,False,False
/a/1/0/6,/a/1/0/6!/member_00032,0,/a/1/0/6,235,32,,51264,51556,49028,49320,292,5229f6ff55dec81377256c5916c5beb3a809f2ebf6d915ba2f23fe601044840d,42544130fffe01002401000010000100,,NSBTA texture animation,Confirmed,True,False,,,,,,,,,,False,False
/a/1/0/6,/a/1/0/6!/member_00033,0,/a/1/0/6,235,33,,51556,51844,49320,49608,288,d0e320d7d13be17feed38bcbdc79ff15543cc0b21f6c33c16f27603750512406,42434130fffe01002001000010000100,,NSBCA animation,Confirmed,True,False,,,,,,,,,,False,False
/a/1/0/6,/a/1/0/6!/member_00034,0,/a/1/0/6,235,34,,51844,52132,49608,49896,288,9783d5d4d3ab5b7783d4a1d544c0a6792dc75a03952c386c3849b1bce3cebf76,42434130fffe01002001000010000100,,NSBCA animation,Confirmed,True,False,,,,,,,,,,False,False
/a/1/0/6,/a/1/0/6!/member_00035,0,/a/1/0/6,235,35,,52132,52388,49896,50152,256,4d265e06d6fc968e3263b95524b67fbfbbc414abb5fe2d4e81f3b9d9ebb758c7,42434130fffe01000001000010000100,,NSBCA animation,Confirmed,True,False,,,,,,,,,,False,False
/a/1/0/6,/a/1/0/6!/member_00036,0,/a/1/0/6,235,36,,52388,52644,50152,50408,256,ea3d0a3193b39d32ba47c9785f62aa1784faa5b39f8db09e5f4d903b78aa2da7,42434130fffe01000001000010000100,,NSBCA animation,Confirmed,True,False,,,,,,,,,,False,False
/a/1/0/6,/a/1/0/6!/member_00037,0,/a/1/0/6,235,37,,52644,52932,50408,50696,288,74f9e2b5ad7e49c7278112404dd2eb7198c4e67fa625dd66b5b878a23ddc2f28,42434130fffe01002001000010000100,,NSBCA animation,Confirmed,True,False,,,,,,,,,,False,False
/a/1/0/6,/a/1/0/6!/member_00038,0,/a/1/0/6,235,38,,52932,53220,50696,50984,288,07c7a585b31cbdf21c56e1aeb9d776f22aea18a583760587496e065044187a5a,42434130fffe01002001000010000100,,NSBCA animation,Confirmed,True,False,,,,,,,,,,False,False
/a/1/0/6,/a/1/0/6!/member_00039,0,/a/1/0/6,235,39,,53220,53508,50984,51272,288,8bbae7bcfaca83275dc42b8bbbc07185478969baca4830d21b154c8845ebfb02,42434130fffe01002001000010000100,,NSBCA animation,Confirmed,True,False,,,,,,,,,,False,False
/a/1/0/6,/a/1/0/6!/member_00040,0,/a/1/0/6,235,40,,53508,53796,51272,51560,288,d8a4b6d2ab9dece0315a903e5f65d62d43c0a9f605b5837b97075320c544ca02,42434130fffe01002001000010000100,,NSBCA animation,Confirmed,True,False,,,,,,,,,,False,False
/a/1/0/6,/a/1/0/6!/member_00041,0,/a/1/0/6,235,41,,53796,53956,51560,51720,160,a2fcc197f09916d928d098916b2bad35775cdf8c783d954ad262bdae04f17603,42545030fffe0100a000000010000100,,NSBTP texture-pattern animation,Confirmed,True,False,,,,,,,,,,False,False
/a/1/0/6,/a/1/0/6!/member_00042,0,/a/1/0/6,235,42,,53956,54116,51720,51880,160,9ec97492782ff8f14a14380d690ad8c3947a74bcf370215f828eb52edafda643,42545030fffe0100a000000010000100,,NSBTP texture-pattern animation,Confirmed,True,False,,,,,,,,,,False,False
/a/1/0/6,/a/1/0/6!/member_00043,0,/a/1/0/6,235,43,,54116,55976,51880,53740,1860,9f12f154cb686e32552c52ce19bcd01e7aa0aeddca6a9360ecc3e0865c0e8247,42434130fffe01004407000010000100,,NSBCA animation,Confirmed,True,False,,,,,,,,,,False,False
/a/1/0/6,/a/1/0/6!/member_00044,0,/a/1/0/6,235,44,,55976,56212,53740,53976,236,deab5ebe6edfd01adf827150d60c93bddd6f405dfe7a640a50efe07bf7948776,42545030fffe0100ec00000010000100,,NSBTP texture-pattern animation,Confirmed,True,False,,,,,,,,,,False,False
/a/1/0/6,/a/1/0/6!/member_00045,0,/a/1/0/6,235,45,,56212,56468,53976,54232,256,8d3dca46705d3c8e1f7371d983a29f639cb109d9f4c9286f12ba51936aa6047c,42545030fffe01000001000010000100,,NSBTP texture-pattern animation,Confirmed,True,False,,,,,,,,,,False,False
/a/1/0/6,/a/1/0/6!/member_00046,0,/a/1/0/6,235,46,,56468,56756,54232,54520,288,b935bcbef5a2cc405b0797a52c961b096484f9674ef3988e90eb7cda304115a2,42544130fffe01002001000010000100,,NSBTA texture animation,Confirmed,True,False,,,,,,,,,,False,False
/a/1/0/6,/a/1/0/6!/member_00047,0,/a/1/0/6,235,47,,56756,58524,54520,56288,1768,7317b13bb78291b3acb50891ef34dd05e5c2cc03bd42cefc4515287d31c8d8c3,42544130fffe0100e806000010000100,,NSBTA texture animation,Confirmed,True,False,,,,,,,,,,False,False
/a/1/0/6,/a/1/0/6!/member_00048,0,/a/1/0/6,235,48,,58524,58708,56288,56472,184,527d6856fd4d1542b8600229819339d5f976c94b24db9df1397edf567756b105,42434130fffe0100b800000010000100,,NSBCA animation,Confirmed,True,False,,,,,,,,,,False,False
/a/1/0/6,/a/1/0/6!/member_00049,0,/a/1/0/6,235,49,,58708,58892,56472,56656,184,1b0be0423502d49ecb66b7ed8f9d3f14aefb781fc4aa151a9606546f511e8047,42434130fffe0100b800000010000100,,NSBCA animation,Confirmed,True,False,,,,,,,,,,False,False
/a/1/0/6,/a/1/0/6!/member_00050,0,/a/1/0/6,235,50,,58892,59076,56656,56840,184,b0f6742dcb732bff2c7c907ff3e0b4c03ce4842bc62b19f2929f726fd14c7df7,42434130fffe0100b800000010000100,,NSBCA animation,Confirmed,True,False,,,,,,,,,,False,False
/a/1/0/6,/a/1/0/6!/member_00051,0,/a/1/0/6,235,51,,59076,59260,56840,57024,184,15222f32c2095f445a87d9adc5ca4ebe8e5ee5d9d165075ba0edace5d324dba0,42434130fffe0100b800000010000100,,NSBCA animation,Confirmed,True,False,,,,,,,,,,False,False
/a/1/0/6,/a/1/0/6!/member_00052,0,/a/1/0/6,235,52,,59260,59512,57024,57276,252,53da795fbfd9b3b91ca6e35cca816e161d2764bec5f92d0ea6260b3d0631f144,42544130fffe0100fc00000010000100,,NSBTA texture animation,Confirmed,True,False,,,,,,,,,,False,False
/a/1/0/6,/a/1/0/6!/member_00053,0,/a/1/0/6,235,53,,59512,59764,57276,57528,252,dc88a4aad905b3db51c164aca68e874562db7e4a276bda43e900541bbf563e9f,42544130fffe0100fc00000010000100,,NSBTA texture animation,Confirmed,True,False,,,,,,,,,,False,False
/a/1/0/6,/a/1/0/6!/member_00054,0,/a/1/0/6,235,54,,59764,60040,57528,57804,276,6e0f3c8336f8dfca989423c36e69ef09d0aeb0a3ed058cb3fca6547aa668a1ea,42544130fffe01001401000010000100,,NSBTA texture animation,Confirmed,True,False,,,,,,,,,,False,False
/a/1/0/6,/a/1/0/6!/member_00055,0,/a/1/0/6,235,55,,60040,60316,57804,58080,276,7a181a9193912494d4b555e389827aa59ebd06d0546badb3baed58acb807ceca,42544130fffe01001401000010000100,,NSBTA texture animation,Confirmed,True,False,,,,,,,,,,False,False
/a/1/0/6,/a/1/0/6!/member_00056,0,/a/1/0/6,235,56,,60316,60576,58080,58340,260,4857fc0c175712d55a288510194de8cd625b3f43119b86986d274fa7446a9cdc,42544130fffe01000401000010000100,,NSBTA texture animation,Confirmed,True,False,,,,,,,,,,False,False
/a/1/0/6,/a/1/0/6!/member_00057,0,/a/1/0/6,235,57,,60576,60708,58340,58472,132,d06ff4489c675b0b23411650fb3899306822d141fc5b477640de5cb008373d07,42434130fffe01008400000010000100,,NSBCA animation,Confirmed,True,False,,,,,,,,,,False,False
/a/1/0/6,/a/1/0/6!/member_00058,0,/a/1/0/6,235,58,,60708,60840,58472,58604,132,4bffa2e255ecb4bbb5f3fb7ec200553204964af417bb99b7e1f4d0dea360dd05,42434130fffe01008400000010000100,,NSBCA animation,Confirmed,True,False,,,,,,,,,,False,False
/a/1/0/6,/a/1/0/6!/member_00059,0,/a/1/0/6,235,59,,60840,60972,58604,58736,132,11f9c8192213b593444d714a623b7866cc5c44a54b0453010d64620a44f4bca8,42434130fffe01008400000010000100,,NSBCA animation,Confirmed,True,False,,,,,,,,,,False,False
/a/1/0/6,/a/1/0/6!/member_00060,0,/a/1/0/6,235,60,,60972,61104,58736,58868,132,ee54328b9bb2cd015bcfccace9283c82e2f941e52857b46b82e98e091199cb04,42434130fffe01008400000010000100,,NSBCA animation,Confirmed,True,False,,,,,,,,,,False,False
/a/1/0/6,/a/1/0/6!/member_00061,0,/a/1/0/6,235,61,,61104,63276,58868,61040,2172,af47cd198c7514863a71b93eed8ccff3921fab9ad081b0649be4d35ea8107c98,42544130fffe01007c08000010000100,,NSBTA texture animation,Confirmed,True,False,,,,,,,,,,False,False
/a/1/0/6,/a/1/0/6!/member_00062,0,/a/1/0/6,235,62,,63276,63716,61040,61480,440,424577feb772eb692836ea40c13019095ec8b4e1386bcf33ab94a9376065509c,42545030fffe0100b801000010000100,,NSBTP texture-pattern animation,Confirmed,True,False,,,,,,,,,,False,False
/a/1/0/6,/a/1/0/6!/member_00063,0,/a/1/0/6,235,63,,63716,64156,61480,61920,440,5b2a51bc5d8d28f602bc86d58e8c8639546b778a4f68b87acf93566df7dd372e,42545030fffe0100b801000010000100,,NSBTP texture-pattern animation,Confirmed,True,False,,,,,,,,,,False,False
/a/1/0/6,/a/1/0/6!/member_00064,0,/a/1/0/6,235,64,,64156,65848,61920,63612,1692,d12576a4b348c69069dce6334942a4b658a48366efeeae8928b74906387cbab0,42544130fffe01009c06000010000100,,NSBTA texture animation,Confirmed,True,False,,,,,,,,,,False,False
/a/1/0/6,/a/1/0/6!/member_00065,0,/a/1/0/6,235,65,,65848,66048,63612,63812,200,d732e759059abe89d1d8fde54c085598e4da97377270e6b74213e0aeb9c922ae,42544130fffe0100c800000010000100,,NSBTA texture animation,Confirmed,True,False,,,,,,,,,,False,False
/a/1/0/6,/a/1/0/6!/member_00066,0,/a/1/0/6,235,66,,66048,66532,63812,64296,484,fe347f2593a11f456e3d37b43a3e0f8dadef6d5f64f354d087521c7a8fb1f4b4,42544130fffe0100e401000010000100,,NSBTA texture animation,Confirmed,True,False,,,,,,,,,,False,False
/a/1/0/6,/a/1/0/6!/member_00067,0,/a/1/0/6,235,67,,66532,67368,64296,65132,836,ce13fdbdfefca3071bbbc6e6ec5cedaa2997faeb187bb2910f1be76b3792983b,42434130fffe01004403000010000100,,NSBCA animation,Confirmed,True,False,,,,,,,,,,False,False
/a/1/0/6,/a/1/0/6!/member_00068,0,/a/1/0/6,235,68,,67368,67656,65132,65420,288,f5cc3aa70e63c3af2f5f8659a04235354deb7e40940269f1ba627430b0efcc20,42544130fffe01002001000010000100,,NSBTA texture animation,Confirmed,True,False,,,,,,,,,,False,False
/a/1/0/6,/a/1/0/6!/member_00069,0,/a/1/0/6,235,69,,67656,69404,65420,67168,1748,0b357f0cf02be5c83c400e8118cf8296cb7b21a99cf3b173e0a6848b7d3307a8,42544130fffe0100d406000010000100,,NSBTA texture animation,Confirmed,True,False,,,,,,,,,,False,False
/a/1/0/6,/a/1/0/6!/member_00070,0,/a/1/0/6,235,70,,69404,69588,67168,67352,184,b5493f1c06e050fcb0cb1271902ae5b55492c920ef8cfcc50acea119330db2bf,42434130fffe0100b800000010000100,,NSBCA animation,Confirmed,True,False,,,,,,,,,,False,False
/a/1/0/6,/a/1/0/6!/member_00071,0,/a/1/0/6,235,71,,69588,69772,67352,67536,184,b35a6a49d9d7e6a451c4a1e6345083e32b4ae78feccd6bf115d6e19f34a280e7,42434130fffe0100b800000010000100,,NSBCA animation,Confirmed,True,False,,,,,,,,,,False,False
/a/1/0/6,/a/1/0/6!/member_00072,0,/a/1/0/6,235,72,,69772,69956,67536,67720,184,b8cff9302ebb1dc29efb6bb8f1e493226a6577ad0ea33d9cd816fb91371f9040,42434130fffe0100b800000010000100,,NSBCA animation,Confirmed,True,False,,,,,,,,,,False,False
/a/1/0/6,/a/1/0/6!/member_00073,0,/a/1/0/6,235,73,,69956,70140,67720,67904,184,3795ea3df405aa5674b0c3a4761e92bb75dc5d42a60019f34df506eb9ffaa745,42434130fffe0100b800000010000100,,NSBCA animation,Confirmed,True,False,,,,,,,,,,False,False
/a/1/0/6,/a/1/0/6!/member_00074,0,/a/1/0/6,235,74,,70140,70272,67904,68036,132,46957fe2325e33ebadb5e9bf1d4b9545d601cd7a19b82383af02972da4ceb06d,42434130fffe01008400000010000100,,NSBCA animation,Confirmed,True,False,,,,,,,,,,False,False
/a/1/0/6,/a/1/0/6!/member_00075,0,/a/1/0/6,235,75,,70272,70404,68036,68168,132,214ad9817a7b5f1ce4cf0c670d91a1c5a6c580b66cd367f6a5f091685bede321,42434130fffe01008400000010000100,,NSBCA animation,Confirmed,True,False,,,,,,,,,,False,False
/a/1/0/6,/a/1/0/6!/member_00076,0,/a/1/0/6,235,76,,70404,70536,68168,68300,132,f2269c61dddb0d90b1d81b2a1b4457a1ffc765721a35b8d1eb8ef887b7649f01,42434130fffe01008400000010000100,,NSBCA animation,Confirmed,True,False,,,,,,,,,,False,False
/a/1/0/6,/a/1/0/6!/member_00077,0,/a/1/0/6,235,77,,70536,70668,68300,68432,132,dab4b76ff940810354cd20e395caafc4f328cf317d1c6556919b23303eb779ee,42434130fffe01008400000010000100,,NSBCA animation,Confirmed,True,False,,,,,,,,,,False,False
/a/1/0/6,/a/1/0/6!/member_00078,0,/a/1/0/6,235,78,,70668,74812,68432,72576,4144,50896fb86e3c8679391319e082433aa8814fb4619ed8b3aca81e9512ab0c7157,42434130fffe01003010000010000100,,NSBCA animation,Confirmed,True,False,,,,,,,,,,False,False
/a/1/0/6,/a/1/0/6!/member_00079,0,/a/1/0/6,235,79,,74812,78956,72576,76720,4144,1c2b8cc75ea6349ba55d534257a914d32806fb3dfabb8165cff6e10044fa2f6d,42434130fffe01003010000010000100,,NSBCA animation,Confirmed,True,False,,,,,,,,,,False,False
/a/1/0/6,/a/1/0/6!/member_00080,0,/a/1/0/6,235,80,,78956,83100,76720,80864,4144,67b50b3ec353963e0143d6a9553c9cbe1b91565b6f9d0f85a07ba056102dc5ab,42434130fffe01003010000010000100,,NSBCA animation,Confirmed,True,False,,,,,,,,,,False,False
/a/1/0/6,/a/1/0/6!/member_00081,0,/a/1/0/6,235,81,,83100,87244,80864,85008,4144,42d905c077070fac961e7793d6d8e14455166b3a5903ead0fcc26a821086bf39,42434130fffe01003010000010000100,,NSBCA animation,Confirmed,True,False,,,,,,,,,,False,False
/a/1/0/6,/a/1/0/6!/member_00082,0,/a/1/0/6,235,82,,87244,87724,85008,85488,480,5c682ee21ad698ad4b51f39031614849430b3ed5def3a3923e59eb171c613fbc,42545030fffe0100e001000010000100,,NSBTP texture-pattern animation,Confirmed,True,False,,,,,,,,,,False,False
/a/1/0/6,/a/1/0/6!/member_00083,0,/a/1/0/6,235,83,,87724,87968,85488,85732,244,21020eb6fdad99af433782779a07ac29f7938bdab38de94beca26b58aa2487aa,42544130fffe0100f400000010000100,,NSBTA texture animation,Confirmed,True,False,,,,,,,,,,False,False
/a/1/0/6,/a/1/0/6!/member_00084,0,/a/1/0/6,235,84,,87968,88896,85732,86660,928,d08852bacb993253a8e2a2b763a4e58d8bc4113b1883eb2f55abaafe0115f8e3,42545030fffe0100a003000010000100,,NSBTP texture-pattern animation,Confirmed,True,False,,,,,,,,,,False,False
/a/1/0/6,/a/1/0/6!/member_00085,0,/a/1/0/6,235,85,,88896,91596,86660,89360,2700,58c01a97b4e5956bdf3ecccd11a02736200a77f47ea8bb274c0df55a66d03e96,42544130fffe01008c0a000010000100,,NSBTA texture animation,Confirmed,True,False,,,,,,,,,,False,False
/a/1/0/6,/a/1/0/6!/member_00086,0,/a/1/0/6,235,86,,91596,96408,89360,94172,4812,c10af2082602d05384f0b7d10579c5276f3c3da180661acb8c7c39e205b9f85c,42544130fffe0100cc12000010000100,,NSBTA texture animation,Confirmed,True,False,,,,,,,,,,False,False
/a/1/0/6,/a/1/0/6!/member_00087,0,/a/1/0/6,235,87,,96408,96900,94172,94664,492,7a23676faf0d33e582d713105cca04c5aca593970aff0cddcf106630f8630319,42544130fffe0100ec01000010000100,,NSBTA texture animation,Confirmed,True,False,,,,,,,,,,False,False
/a/1/0/6,/a/1/0/6!/member_00088,0,/a/1/0/6,235,88,,96900,97184,94664,94948,284,542a9292b1927e9a9f90d7a2c22690eef86e0aa056edc601155f3de3289f35d9,42544130fffe01001c01000010000100,,NSBTA texture animation,Confirmed,True,False,,,,,,,,,,False,False
/a/1/0/6,/a/1/0/6!/member_00089,0,/a/1/0/6,235,89,,97184,107084,94948,104848,9900,d1a3c34e73f361ecf7785ecf14f30c86b29d4bd4df577995e0d2d7b59ea9ca30,42434130fffe0100ac26000010000100,,NSBCA animation,Confirmed,True,False,,,,,,,,,,False,False
/a/1/0/6,/a/1/0/6!/member_00090,0,/a/1/0/6,235,90,,107084,108528,104848,106292,1444,e8905a46c1db34430f8d76edd1b18eba80e8bdf5e4079ef39ba553fd340f2e64,42544130fffe0100a405000010000100,,NSBTA texture animation,Confirmed,True,False,,,,,,,,,,False,False
/a/1/0/6,/a/1/0/6!/member_00091,0,/a/1/0/6,235,91,,108528,108960,106292,106724,432,45f17c76fac8bc2c94be1142c4e0df3133565c70d3ce4d0ae67219ec17cb7eff,424d4130fffe0100b001000010000100,,NSBMA material animation,Confirmed,True,False,,,,,,,,,,False,False
/a/1/0/6,/a/1/0/6!/member_00092,0,/a/1/0/6,235,92,,108960,118864,106724,116628,9904,efd462c0bcc6682b1f5f8b298501e67c15d3846b12e42149284caf4d17747fe0,42434130fffe0100b026000010000100,,NSBCA animation,Confirmed,True,False,,,,,,,,,,False,False
/a/1/0/6,/a/1/0/6!/member_00093,0,/a/1/0/6,235,93,,118864,120308,116628,118072,1444,44a4924ec8bd7c9cd6ed9324fec7d1bc1cc9c79752243e09a3489d2e6e67499a,42544130fffe0100a405000010000100,,NSBTA texture animation,Confirmed,True,False,,,,,,,,,,False,False
/a/1/0/6,/a/1/0/6!/member_00094,0,/a/1/0/6,235,94,,120308,120740,118072,118504,432,592e1a4c8be8a84396016f3ff53190e77a035cba5a4f3a3a37719d2a4cd63992,424d4130fffe0100b001000010000100,,NSBMA material animation,Confirmed,True,False,,,,,,,,,,False,False
/a/1/0/6,/a/1/0/6!/member_00095,0,/a/1/0/6,235,95,,120740,121280,118504,119044,540,81ccee2f137f3d87389894f55005016921f347e1e10fce4f7e7b93d14589a824,42545030fffe01001c02000010000100,,NSBTP texture-pattern animation,Confirmed,True,False,,,,,,,,,,False,False
/a/1/0/6,/a/1/0/6!/member_00096,0,/a/1/0/6,235,96,,121280,121660,119044,119424,380,e9420409258bbf725194f5dbc26e31ba4eb892c8295be8b51b19e508374fd50b,42434130fffe01007c01000010000100,,NSBCA animation,Confirmed,True,False,,,,,,,,,,False,False
/a/1/0/6,/a/1/0/6!/member_00097,0,/a/1/0/6,235,97,,121660,121892,119424,119656,232,3bc2d22f52d70a60e8f6b26adde002942fa961eca4baad63f110eb439e9ef97d,42545030fffe0100e800000010000100,,NSBTP texture-pattern animation,Confirmed,True,False,,,,,,,,,,False,False
/a/1/0/6,/a/1/0/6!/member_00098,0,/a/1/0/6,235,98,,121892,129264,119656,127028,7372,7f663ceebfeb03645bf1983425681f08088a269b4d903049f25333d58c36258e,42544130fffe0100cc1c000010000100,,NSBTA texture animation,Confirmed,True,False,,,,,,,,,,False,False
/a/1/0/6,/a/1/0/6!/member_00099,0,/a/1/0/6,235,99,,129264,129496,127028,127260,232,9d92744933929dad1249f21342145ed542214d3a172c05cd7efc8031cd427342,42545030fffe0100e800000010000100,,NSBTP texture-pattern animation,Confirmed,True,False,,,,,,,,,,False,False
/a/1/0/6,/a/1/0/6!/member_00100,0,/a/1/0/6,235,100,,129496,129768,127260,127532,272,0e635e97926509804e1b5a1ad45c1f623e8c912c6217b0fe8524a9c7ed0afee8,42434130fffe01001001000010000100,,NSBCA animation,Confirmed,True,False,,,,,,,,,,False,False
/a/1/0/6,/a/1/0/6!/member_00101,0,/a/1/0/6,235,101,,129768,130040,127532,127804,272,deb9ab2d1290586ffb1b8e6ee473ba6db564199fd96b85a667c617cfb009a4e6,42434130fffe01001001000010000100,,NSBCA animation,Confirmed,True,False,,,,,,,,,,False,False
/a/1/0/6,/a/1/0/6!/member_00102,0,/a/1/0/6,235,102,,130040,130324,127804,128088,284,286a3fe400eb392949e15069f8ad792fd48a9adf8b03cf000494253806591291,42545030fffe01001c01000010000100,,NSBTP texture-pattern animation,Confirmed,True,False,,,,,,,,,,False,False
/a/1/0/6,/a/1/0/6!/member_00103,0,/a/1/0/6,235,103,,130324,130608,128088,128372,284,7451cd2a1f73c39e788b469696a00754a530c96440e73ad2bc9bcd5c41042d45,42545030fffe01001c01000010000100,,NSBTP texture-pattern animation,Confirmed,True,False,,,,,,,,,,False,False
/a/1/0/6,/a/1/0/6!/member_00104,0,/a/1/0/6,235,104,,130608,134780,128372,132544,4172,368d02bbb300e3a6ceb1ba95c331a185d8e29a904709dcb7c6b4d2e56be7645f,42544130fffe01004c10000010000100,,NSBTA texture animation,Confirmed,True,False,,,,,,,,,,False,False
/a/1/0/6,/a/1/0/6!/member_00105,0,/a/1/0/6,235,105,,134780,135196,132544,132960,416,6a2319c1c19ef643bbd2a1df484f127f20857b995305ef15c40b0871a4d6b9ab,42545030fffe0100a001000010000100,,NSBTP texture-pattern animation,Confirmed,True,False,,,,,,,,,,False,False
/a/1/0/6,/a/1/0/6!/member_00106,0,/a/1/0/6,235,106,,135196,135428,132960,133192,232,ca52c554601ac9883cab8cfa38cb1a88948f5d1d71d6689db2cccc8207229541,42545030fffe0100e800000010000100,,NSBTP texture-pattern animation,Confirmed,True,False,,,,,,,,,,False,False
/a/1/0/6,/a/1/0/6!/member_00107,0,/a/1/0/6,235,107,,135428,135624,133192,133388,196,14891b0f8904c274a6a71341727814204ec1164ae56066f85ef5cfb64b4e66a4,42545030fffe0100c400000010000100,,NSBTP texture-pattern animation,Confirmed,True,False,,,,,,,,,,False,False
/a/1/0/6,/a/1/0/6!/member_00108,0,/a/1/0/6,235,108,,135624,135852,133388,133616,228,2587d15b35e25cd9d11654c81424f240c311daf43970cc24761ae58e35af7b24,42544130fffe0100e400000010000100,,NSBTA texture animation,Confirmed,True,False,,,,,,,,,,False,False
/a/1/0/6,/a/1/0/6!/member_00109,0,/a/1/0/6,235,109,,135852,136068,133616,133832,216,bd3e6c1c16a6af1a3e380d9a113717cfdb781cad3e8bf33b03d4eab16c6307f3,42544130fffe0100d800000010000100,,NSBTA texture animation,Confirmed,True,False,,,,,,,,,,False,False
/a/1/0/6,/a/1/0/6!/member_00110,0,/a/1/0/6,235,110,,136068,136272,133832,134036,204,39194201fb0fca1f262cc7c4df6f76995eefadb3bf35f19828ded3b96170c8cd,42434130fffe0100cc00000010000100,,NSBCA animation,Confirmed,True,False,,,,,,,,,,False,False
/a/1/0/6,/a/1/0/6!/member_00111,0,/a/1/0/6,235,111,,136272,136476,134036,134240,204,a67bcd7d57446f6ec5ca6e3acf8c7decab49702e94bcb53a9dbc6ed4081f0675,42434130fffe0100cc00000010000100,,NSBCA animation,Confirmed,True,False,,,,,,,,,,False,False
/a/1/0/6,/a/1/0/6!/member_00112,0,/a/1/0/6,235,112,,136476,136956,134240,134720,480,6de37b51001b2482c15ce37d25882fa859a68879023ad130c5f1e7938488c4ed,42545030fffe0100e001000010000100,,NSBTP texture-pattern animation,Confirmed,True,False,,,,,,,,,,False,False
/a/1/0/6,/a/1/0/6!/member_00113,0,/a/1/0/6,235,113,,136956,138548,134720,136312,1592,3b98f2bbe34fdbda19414aa77e4ccc20937c218bd3b1e1e84d52edd8371859b7,42434130fffe01003806000010000100,,NSBCA animation,Confirmed,True,False,,,,,,,,,,False,False
/a/1/0/6,/a/1/0/6!/member_00114,0,/a/1/0/6,235,114,,138548,138960,136312,136724,412,80e5f8ee93c6cd26e9d1074f39b0912a785d3bf861b7a3ddfed3e53ae522fc11,42544130fffe01009c01000010000100,,NSBTA texture animation,Confirmed,True,False,,,,,,,,,,False,False
/a/1/0/6,/a/1/0/6!/member_00115,0,/a/1/0/6,235,115,,138960,139120,136724,136884,160,84b71b38ddf863343f449fa92ebd290ebfda3345191c56b1ccc78756ca695c7e,42545030fffe0100a000000010000100,,NSBTP texture-pattern animation,Confirmed,True,False,,,,,,,,,,False,False
/a/1/0/6,/a/1/0/6!/member_00116,0,/a/1/0/6,235,116,,139120,139280,136884,137044,160,3d2fcd9fb4b9523f09c2af21fc4c22f1c48d5a9f5ba2c04ff8ccd1e534dc56ff,42545030fffe0100a000000010000100,,NSBTP texture-pattern animation,Confirmed,True,False,,,,,,,,,,False,False
/a/1/0/6,/a/1/0/6!/member_00117,0,/a/1/0/6,235,117,,139280,139440,137044,137204,160,96e756cf83d8055c160380658c7ffc04384d781492e0d61ebe50f5c7e8abc92f,42545030fffe0100a000000010000100,,NSBTP texture-pattern animation,Confirmed,True,False,,,,,,,,,,False,False
/a/1/0/6,/a/1/0/6!/member_00118,0,/a/1/0/6,235,118,,139440,139600,137204,137364,160,7b2be4dec8db466d2529aee0973cd25064b007f4adadda909c9e3bec1d0ae5a7,42545030fffe0100a000000010000100,,NSBTP texture-pattern animation,Confirmed,True,False,,,,,,,,,,False,False
/a/1/0/6,/a/1/0/6!/member_00119,0,/a/1/0/6,235,119,,139600,139792,137364,137556,192,90a40f88c4639fa29b3905aba791531cfc282506e9fb0d12b262a6051eb5b9ab,424d4130fffe0100c000000010000100,,NSBMA material animation,Confirmed,True,False,,,,,,,,,,False,False
/a/1/0/6,/a/1/0/6!/member_00120,0,/a/1/0/6,235,120,,139792,140900,137556,138664,1108,8a1a3c4bc603f59abcc777ddbc1a6a065a3fe4477952f49869abaf1fd4de830d,42544130fffe01005404000010000100,,NSBTA texture animation,Confirmed,True,False,,,,,,,,,,False,False
/a/1/0/6,/a/1/0/6!/member_00121,0,/a/1/0/6,235,121,,140900,141092,138664,138856,192,e05afab857b9a3427e98deb011712db3a1b1fbbdc6ce7334957f210fe3122c28,42544130fffe0100c000000010000100,,NSBTA texture animation,Confirmed,True,False,,,,,,,,,,False,False
/a/1/0/6,/a/1/0/6!/member_00122,0,/a/1/0/6,235,122,,141092,141284,138856,139048,192,d20e84350d6513107db51994e537d144a28496e0116323d1ec51d20075d4095c,42544130fffe0100c000000010000100,,NSBTA texture animation,Confirmed,True,False,,,,,,,,,,False,False
/a/1/0/6,/a/1/0/6!/member_00123,0,/a/1/0/6,235,123,,141284,141416,139048,139180,132,2a7bac6b99a9cf4acaa530e011fdf43f3dc7f9145ba35d67b0f43ba9a434fd22,42434130fffe01008400000010000100,,NSBCA animation,Confirmed,True,False,,,,,,,,,,False,False
/a/1/0/6,/a/1/0/6!/member_00124,0,/a/1/0/6,235,124,,141416,141548,139180,139312,132,a35d1b3dc1b2d99e8a776d8aa0e8b6a1e7dbb46b9e498c2792238e41d7009dd6,42434130fffe01008400000010000100,,NSBCA animation,Confirmed,True,False,,,,,,,,,,False,False
/a/1/0/6,/a/1/0/6!/member_00125,0,/a/1/0/6,235,125,,141548,141744,139312,139508,196,9930400836850dbe43bcc0db95641be765346d4d7b6872e9ef27f96b5398b4b3,42434130fffe0100c400000010000100,,NSBCA animation,Confirmed,True,False,,,,,,,,,,False,False
/a/1/0/6,/a/1/0/6!/member_00126,0,/a/1/0/6,235,126,,141744,141940,139508,139704,196,69f1806424748d16bd8f97d162f29658d1547886f578145e2ed2f6d9c05bfeb8,42434130fffe0100c400000010000100,,NSBCA animation,Confirmed,True,False,,,,,,,,,,False,False
/a/1/0/6,/a/1/0/6!/member_00127,0,/a/1/0/6,235,127,,141940,142224,139704,139988,284,71e11309a4a4b9034ea0c8edb9da276eb89fc00d4326c2e3f45e220f79443570,42434130fffe01001c01000010000100,,NSBCA animation,Confirmed,True,False,,,,,,,,,,False,False
/a/1/0/6,/a/1/0/6!/member_00128,0,/a/1/0/6,235,128,,142224,142508,139988,140272,284,709dfd5abcde6278b1efdf88101b72166d1cead63be4a2409ce6ea0f79f37618,42434130fffe01001c01000010000100,,NSBCA animation,Confirmed,True,False,,,,,,,,,,False,False
/a/1/0/6,/a/1/0/6!/member_00129,0,/a/1/0/6,235,129,,142508,143720,140272,141484,1212,a83ee30f33d9e52b45f3510c1034f1e0b100f7d577e23b46aaff763781350b28,42544130fffe0100bc04000010000100,,NSBTA texture animation,Confirmed,True,False,,,,,,,,,,False,False
/a/1/0/6,/a/1/0/6!/member_00130,0,/a/1/0/6,235,130,,143720,143944,141484,141708,224,faa33ac6f165db84d728c8c9ec6365f1ec2bfacbce37cfe27816de67125834ad,42545030fffe0100e000000010000100,,NSBTP texture-pattern animation,Confirmed,True,False,,,,,,,,,,False,False
/a/1/0/6,/a/1/0/6!/member_00131,0,/a/1/0/6,235,131,,143944,144168,141708,141932,224,502da4fdce167b5f28c9c6b34f324b7eac60d4b827fecba8a72eb4896534d714,42545030fffe0100e000000010000100,,NSBTP texture-pattern animation,Confirmed,True,False,,,,,,,,,,False,False
/a/1/0/6,/a/1/0/6!/member_00132,0,/a/1/0/6,235,132,,144168,144392,141932,142156,224,2195896d294d260cb4980019a6fc7a0c8cfc7c5a98c2d14b09f965d8ef9cc845,42545030fffe0100e000000010000100,,NSBTP texture-pattern animation,Confirmed,True,False,,,,,,,,,,False,False
/a/1/0/6,/a/1/0/6!/member_00133,0,/a/1/0/6,235,133,,144392,144616,142156,142380,224,d4c9bfe82183b139c900c6cb4d83d0f4c457bf8695522266495a8d1125e4a6b1,42545030fffe0100e000000010000100,,NSBTP texture-pattern animation,Confirmed,True,False,,,,,,,,,,False,False
/a/1/0/6,/a/1/0/6!/member_00134,0,/a/1/0/6,235,134,,144616,145144,142380,142908,528,f59fa52e1e59b77a0213436af8d07b5898f08a122f78024e19028fa489b85e64,42544130fffe01001002000010000100,,NSBTA texture animation,Confirmed,True,False,,,,,,,,,,False,False
/a/1/0/6,/a/1/0/6!/member_00135,0,/a/1/0/6,235,135,,145144,145672,142908,143436,528,e6af35b6c2e4e8ad4aeef5f6dfbecd4510f159e06b37481ba96d3320cdf90004,42544130fffe01001002000010000100,,NSBTA texture animation,Confirmed,True,False,,,,,,,,,,False,False
/a/1/0/6,/a/1/0/6!/member_00136,0,/a/1/0/6,235,136,,145672,146432,143436,144196,760,f91ed839c3ae3f7d189d8ef681026eddce6211ea447c4a9d4f9b5a29d311a3b0,42544130fffe0100f802000010000100,,NSBTA texture animation,Confirmed,True,False,,,,,,,,,,False,False
/a/1/0/6,/a/1/0/6!/member_00137,0,/a/1/0/6,235,137,,146432,147192,144196,144956,760,2e44cede13359d107c189fb964611b270b3f3a19c3ae859909c2b8ec12c2fba7,42544130fffe0100f802000010000100,,NSBTA texture animation,Confirmed,True,False,,,,,,,,,,False,False
/a/1/0/6,/a/1/0/6!/member_00138,0,/a/1/0/6,235,138,,147192,147444,144956,145208,252,bc23a2cbacaf2a4077ffc9a2a7e2912a9d49eafd497d6ea241f3899dc9a1c1ef,42544130fffe0100fc00000010000100,,NSBTA texture animation,Confirmed,True,False,,,,,,,,,,False,False
/a/1/0/6,/a/1/0/6!/member_00139,0,/a/1/0/6,235,139,,147444,147696,145208,145460,252,0ac4deecfacf46cc94c94c26c2a19ea7da2088132ddce0a07e825edd996a2f3b,42544130fffe0100fc00000010000100,,NSBTA texture animation,Confirmed,True,False,,,,,,,,,,False,False
/a/1/0/6,/a/1/0/6!/member_00140,0,/a/1/0/6,235,140,,147696,147948,145460,145712,252,daea42f1c9350a61adcd550ea792824615d01aefb7c1c0192bcba7e68bb22220,42544130fffe0100fc00000010000100,,NSBTA texture animation,Confirmed,True,False,,,,,,,,,,False,False
/a/1/0/6,/a/1/0/6!/member_00141,0,/a/1/0/6,235,141,,147948,148200,145712,145964,252,801a5d4ae9e9d226ad348471e1183cd5e677cd84b16cc318e8d06faadc6caacd,42544130fffe0100fc00000010000100,,NSBTA texture animation,Confirmed,True,False,,,,,,,,,,False,False
/a/1/0/6,/a/1/0/6!/member_00142,0,/a/1/0/6,235,142,,148200,149296,145964,147060,1096,1939d010aaa58716de8797f1235275ffc4d939ff10d80548f7f4e3357ee8347b,42545030fffe01004804000010000100,,NSBTP texture-pattern animation,Confirmed,True,False,,,,,,,,,,False,False
/a/1/0/6,/a/1/0/6!/member_00143,0,/a/1/0/6,235,143,,149296,150020,147060,147784,724,09321a4f2adcbfdf7ee265d7eb98e8e9549fc0e63d0bf44519a384bbc31f8e03,42544130fffe0100d402000010000100,,NSBTA texture animation,Confirmed,True,False,,,,,,,,,,False,False
/a/1/0/6,/a/1/0/6!/member_00144,0,/a/1/0/6,235,144,,150020,152876,147784,150640,2856,e2bcddc5dd15f82980fb11dd917e881ee62a54b632831f8988a888489dfbe3a9,42544130fffe0100280b000010000100,,NSBTA texture animation,Confirmed,True,False,,,,,,,,,,False,False
/a/1/0/6,/a/1/0/6!/member_00145,0,/a/1/0/6,235,145,,152876,153444,150640,151208,568,ad7d984c715742aa53f28068c26083854fb86070d373eb453e691433eecc7d77,42545030fffe01003802000010000100,,NSBTP texture-pattern animation,Confirmed,True,False,,,,,,,,,,False,False
/a/1/0/6,/a/1/0/6!/member_00146,0,/a/1/0/6,235,146,,153444,156300,151208,154064,2856,1c3bf663c4e143e9eca8acdadf22bfcbbb8c9d01186260ae3c6ed18bff007492,42544130fffe0100280b000010000100,,NSBTA texture animation,Confirmed,True,False,,,,,,,,,,False,False
/a/1/0/6,/a/1/0/6!/member_00147,0,/a/1/0/6,235,147,,156300,158632,154064,156396,2332,dd74ee5e533c67912f710c141466bca79c31133b3a46eb18321b1d1d73efcde9,424d4130fffe01001c09000010000100,,NSBMA material animation,Confirmed,True,False,,,,,,,,,,False,False
/a/1/0/6,/a/1/0/6!/member_00148,0,/a/1/0/6,235,148,,158632,167240,156396,165004,8608,8db59029c4b53f8ef02258ad5565637dcc6cb2af52ffe74d4509f0297b808b22,42434130fffe0100a021000010000100,,NSBCA animation,Confirmed,True,False,,,,,,,,,,False,False
/a/1/0/6,/a/1/0/6!/member_00149,0,/a/1/0/6,235,149,,167240,167808,165004,165572,568,4725c67557252e64bef8fee7170bf210ee51f60ada46dbac3ff449290ee0d8c8,42545030fffe01003802000010000100,,NSBTP texture-pattern animation,Confirmed,True,False,,,,,,,,,,False,False
/a/1/0/6,/a/1/0/6!/member_00150,0,/a/1/0/6,235,150,,167808,168868,165572,166632,1060,c54cd6153b49ba2eac0dfecc531a1f31f16e98946069ff93341aba6ae9d28557,42434130fffe01002404000010000100,,NSBCA animation,Confirmed,True,False,,,,,,,,,,False,False
/a/1/0/6,/a/1/0/6!/member_00151,0,/a/1/0/6,235,151,,168868,169100,166632,166864,232,8018578891561b1a3d3ebc4ec12070fef5eeb9ef2644da4da98d6acbf6a1e027,42544130fffe0100e800000010000100,,NSBTA texture animation,Confirmed,True,False,,,,,,,,,,False,False
/a/1/0/6,/a/1/0/6!/member_00152,0,/a/1/0/6,235,152,,169100,169272,166864,167036,172,df2b4523d8261e8d84405a1762cc714a46893fbf59f1a0b207452129ebc22677,42544130fffe0100ac00000010000100,,NSBTA texture animation,Confirmed,True,False,,,,,,,,,,False,False
/a/1/0/6,/a/1/0/6!/member_00153,0,/a/1/0/6,235,153,,169272,169444,167036,167208,172,0e85d352af7a82d3024621f95cc7c75482608d91a3a20c477181256f3879a141,42544130fffe0100ac00000010000100,,NSBTA texture animation,Confirmed,True,False,,,,,,,,,,False,False
/a/1/0/6,/a/1/0/6!/member_00154,0,/a/1/0/6,235,154,,169444,169616,167208,167380,172,506f93c80b482463954ba84b14fa074edb0831d0ee11481f02202c1d671ae48b,42544130fffe0100ac00000010000100,,NSBTA texture animation,Confirmed,True,False,,,,,,,,,,False,False
/a/1/0/6,/a/1/0/6!/member_00155,0,/a/1/0/6,235,155,,169616,169788,167380,167552,172,4b9b94a61a4ae37594bc951237dc1a60c2ab4a69909a592c42349b90762f4693,42544130fffe0100ac00000010000100,,NSBTA texture animation,Confirmed,True,False,,,,,,,,,,False,False
/a/1/0/6,/a/1/0/6!/member_00156,0,/a/1/0/6,235,156,,169788,170076,167552,167840,288,7c51bdc0be0416f665941666a91c9bc246a70d8837a8966640f0037e964afdba,42545030fffe01002001000010000100,,NSBTP texture-pattern animation,Confirmed,True,False,,,,,,,,,,False,False
/a/1/0/6,/a/1/0/6!/member_00157,0,/a/1/0/6,235,157,,170076,170364,167840,168128,288,f47ed5634590166d41da26ee33406ecfc519ac25638485d8c48b5711b879ca42,42545030fffe01002001000010000100,,NSBTP texture-pattern animation,Confirmed,True,False,,,,,,,,,,False,False
/a/1/0/6,/a/1/0/6!/member_00158,0,/a/1/0/6,235,158,,170364,170652,168128,168416,288,29ea60ed28e450b8740ffd05f5baf3d90e1827f58267791cf98ef3660572b68d,42545030fffe01002001000010000100,,NSBTP texture-pattern animation,Confirmed,True,False,,,,,,,,,,False,False
/a/1/0/6,/a/1/0/6!/member_00159,0,/a/1/0/6,235,159,,170652,170940,168416,168704,288,13ece69e94d071df557a31920c61c5202df5886e01032e592d7b729e37716f94,42545030fffe01002001000010000100,,NSBTP texture-pattern animation,Confirmed,True,False,,,,,,,,,,False,False
/a/1/0/6,/a/1/0/6!/member_00160,0,/a/1/0/6,235,160,,170940,171312,168704,169076,372,5f2b3d12c0d72e29e8392ea86f4d0d3a95e2376d3727b69c69d424b65817ccaf,42545030fffe01007401000010000100,,NSBTP texture-pattern animation,Confirmed,True,False,,,,,,,,,,False,False
/a/1/0/6,/a/1/0/6!/member_00161,0,/a/1/0/6,235,161,,171312,173204,169076,170968,1892,e359eada96b1caf8af53cb006dc515aa4c32c906469606e9e551f6b9a5628074,42434130fffe01006407000010000100,,NSBCA animation,Confirmed,True,False,,,,,,,,,,False,False
/a/1/0/6,/a/1/0/6!/member_00162,0,/a/1/0/6,235,162,,173204,173512,170968,171276,308,fce5c016331d947ffbc450c1aa4336b49b8461bba660e952654f2ea2f4bf2604,42544130fffe01003401000010000100,,NSBTA texture animation,Confirmed,True,False,,,,,,,,,,False,False
/a/1/0/6,/a/1/0/6!/member_00163,0,/a/1/0/6,235,163,,173512,173804,171276,171568,292,0b3bf3e35938aefcb8266ff280d3c377fc5c63b2c04a98b1c1fb8fb2fe94ed99,42544130fffe01002401000010000100,,NSBTA texture animation,Confirmed,True,False,,,,,,,,,,False,False
/a/1/0/6,/a/1/0/6!/member_00164,0,/a/1/0/6,235,164,,173804,174140,171568,171904,336,8e57e4d7dc364f82b8c982958b41aee7717f0cd2822122e2854d7de1b709221d,42544130fffe01005001000010000100,,NSBTA texture animation,Confirmed,True,False,,,,,,,,,,False,False
/a/1/0/6,/a/1/0/6!/member_00165,0,/a/1/0/6,235,165,,174140,174476,171904,172240,336,2e9335686579ecb8a22613494f46cf6c01f1da29b77162acf60b727def1aee57,42544130fffe01005001000010000100,,NSBTA texture animation,Confirmed,True,False,,,,,,,,,,False,False
/a/1/0/6,/a/1/0/6!/member_00166,0,/a/1/0/6,235,166,,174476,174784,172240,172548,308,be52d52c966b0f0a3f70a9c4f84207f38e0b492acd14df520597ede8e2089ec2,42434130fffe01003401000010000100,,NSBCA animation,Confirmed,True,False,,,,,,,,,,False,False
/a/1/0/6,/a/1/0/6!/member_00167,0,/a/1/0/6,235,167,,174784,175092,172548,172856,308,8a4874b4d4f41e39cc42cd3f3d243cbe3b5d39cf01547d8a96db40d8ee983aa2,42434130fffe01003401000010000100,,NSBCA animation,Confirmed,True,False,,,,,,,,,,False,False
/a/1/0/6,/a/1/0/6!/member_00168,0,/a/1/0/6,235,168,,175092,175360,172856,173124,268,086712f64b2a0f9aef8793fc33afcb498c1b4bd7cacd638736522deda635dc2e,42545030fffe01000c01000010000100,,NSBTP texture-pattern animation,Confirmed,True,False,,,,,,,,,,False,False
/a/1/0/6,/a/1/0/6!/member_00169,0,/a/1/0/6,235,169,,175360,175584,173124,173348,224,0d307d21bad13e856092821746cdbf0c67908a0b80c84f551e44135679a0dfad,42545030fffe0100e000000010000100,,NSBTP texture-pattern animation,Confirmed,True,False,,,,,,,,,,False,False
/a/1/0/6,/a/1/0/6!/member_00170,0,/a/1/0/6,235,170,,175584,175808,173348,173572,224,870059246ce99c71a558dd9cb5b60158aa8d20e4e9586e43f706de0ecac89664,42545030fffe0100e000000010000100,,NSBTP texture-pattern animation,Confirmed,True,False,,,,,,,,,,False,False
/a/1/0/6,/a/1/0/6!/member_00171,0,/a/1/0/6,235,171,,175808,176032,173572,173796,224,0058d88a77ff55ab1b89d523123c16a9369fc4d75eb786116f3d5b8a2bb31d80,42545030fffe0100e000000010000100,,NSBTP texture-pattern animation,Confirmed,True,False,,,,,,,,,,False,False
/a/1/0/6,/a/1/0/6!/member_00172,0,/a/1/0/6,235,172,,176032,176256,173796,174020,224,11951ce85bff4178c69c45f5374ef9dfc4c8d71941a360f616b28be1fa08941f,42545030fffe0100e000000010000100,,NSBTP texture-pattern animation,Confirmed,True,False,,,,,,,,,,False,False
/a/1/0/6,/a/1/0/6!/member_00173,0,/a/1/0/6,235,173,,176256,176444,174020,174208,188,2bc4e1988e0c8ef2f780a2e6ca25daaca0bb01f2455742bc30fe96f6d93f0f5d,42545030fffe0100bc00000010000100,,NSBTP texture-pattern animation,Confirmed,True,False,,,,,,,,,,False,False
/a/1/0/6,/a/1/0/6!/member_00174,0,/a/1/0/6,235,174,,176444,176812,174208,174576,368,b5b3d789a92e4e2cbc3b2fb3cd3adcbe5106fcfe329d0abad760bc85ca75daeb,42544130fffe01007001000010000100,,NSBTA texture animation,Confirmed,True,False,,,,,,,,,,False,False
/a/1/0/6,/a/1/0/6!/member_00175,0,/a/1/0/6,235,175,,176812,179124,174576,176888,2312,ed711e5512f4476d81a2f587fc2d94d6f4cf81fba9c9137215fdffcb2800cda3,42434130fffe01000809000010000100,,NSBCA animation,Confirmed,True,False,,,,,,,,,,False,False
/a/1/0/6,/a/1/0/6!/member_00176,0,/a/1/0/6,235,176,,179124,179340,176888,177104,216,242bea2fb3cbd685f64510c2a7e69fc21891672654739589bfb28d6ab1856662,42545030fffe0100d800000010000100,,NSBTP texture-pattern animation,Confirmed,True,False,,,,,,,,,,False,False
/a/1/0/6,/a/1/0/6!/member_00177,0,/a/1/0/6,235,177,,179340,179520,177104,177284,180,1e19a60da818811fbcbcb8deec113fe206cba3b5c412770aad4f6ea0948b6d42,42545030fffe0100b400000010000100,,NSBTP texture-pattern animation,Confirmed,True,False,,,,,,,,,,False,False
/a/1/0/6,/a/1/0/6!/member_00178,0,/a/1/0/6,235,178,,179520,180900,177284,178664,1380,9b26e6e7f4bc562daeb2f12b6297d6f1c17c6a10e475ea0059412fc554293c44,42545030fffe01006405000010000100,,NSBTP texture-pattern animation,Confirmed,True,False,,,,,,,,,,False,False
/a/1/0/6,/a/1/0/6!/member_00179,0,/a/1/0/6,235,179,,180900,181472,178664,179236,572,78c4aac5b76d5a89fac6126abc01fdd4d224a14e760bed3cacde90e703535f8a,42544130fffe01003c02000010000100,,NSBTA texture animation,Confirmed,True,False,,,,,,,,,,False,False
/a/1/0/6,/a/1/0/6!/member_00180,0,/a/1/0/6,235,180,,181472,182796,179236,180560,1324,3d20e142240b2fd1841b72a7fe01f7559ece01b947d59f78885e94401f74d31a,42434130fffe01002c05000010000100,,NSBCA animation,Confirmed,True,False,,,,,,,,,,False,False
/a/1/0/6,/a/1/0/6!/member_00181,0,/a/1/0/6,235,181,,182796,185084,180560,182848,2288,0050d65fb672e277f4f9a7d5bcbedf06e8fdbec5b65e62009431258f838a3d03,42434130fffe0100f008000010000100,,NSBCA animation,Confirmed,True,False,,,,,,,,,,False,False
/a/1/0/6,/a/1/0/6!/member_00182,0,/a/1/0/6,235,182,,185084,185336,182848,183100,252,98b3310e3e9977c46544d81b2c1a201553586898609b60d26e236291de8444ea,42544130fffe0100fc00000010000100,,NSBTA texture animation,Confirmed,True,False,,,,,,,,,,False,False
/a/1/0/6,/a/1/0/6!/member_00183,0,/a/1/0/6,235,183,,185336,185588,183100,183352,252,49d0062c005036119d11d308b5ae717806ab5daa868d421e4757927d56f3df48,42544130fffe0100fc00000010000100,,NSBTA texture animation,Confirmed,True,False,,,,,,,,,,False,False
/a/1/0/6,/a/1/0/6!/member_00184,0,/a/1/0/6,235,184,,185588,186200,183352,183964,612,4f7a0cacc447b46751df19958d2c7d7405438428effd101a8c931c8b8fea3446,42544130fffe01006402000010000100,,NSBTA texture animation,Confirmed,True,False,,,,,,,,,,False,False
/a/1/0/6,/a/1/0/6!/member_00185,0,/a/1/0/6,235,185,,186200,186812,183964,184576,612,6a42f4092223b2feffa30c38663262cfbbd5a103c83af002502d073b10c12d07,42544130fffe01006402000010000100,,NSBTA texture animation,Confirmed,True,False,,,,,,,,,,False,False
/a/1/0/6,/a/1/0/6!/member_00186,0,/a/1/0/6,235,186,,186812,187704,184576,185468,892,376d97de04a6c802426f81bfaef1fbb31ae0a66511fc22e978d11737500df4fe,42544130fffe01007c03000010000100,,NSBTA texture animation,Confirmed,True,False,,,,,,,,,,False,False
/a/1/0/6,/a/1/0/6!/member_00187,0,/a/1/0/6,235,187,,187704,187864,185468,185628,160,2665b09ce935d2c362aae4e35927dad5b0059d52935de3d8fd829369abe908c7,42545030fffe0100a000000010000100,,NSBTP texture-pattern animation,Confirmed,True,False,,,,,,,,,,False,False
/a/1/0/6,/a/1/0/6!/member_00188,0,/a/1/0/6,235,188,,187864,188024,185628,185788,160,a7474ad71cfdfd964d49694c916d61923c1af8081499ee162e097cf27196e042,42545030fffe0100a000000010000100,,NSBTP texture-pattern animation,Confirmed,True,False,,,,,,,,,,False,False
/a/1/0/6,/a/1/0/6!/member_00189,0,/a/1/0/6,235,189,,188024,188184,185788,185948,160,a785a24f7af19482b9bd3ae297a077fd21caf1b4e845cfe287624861cacc4be0,42545030fffe0100a000000010000100,,NSBTP texture-pattern animation,Confirmed,True,False,,,,,,,,,,False,False
/a/1/0/6,/a/1/0/6!/member_00190,0,/a/1/0/6,235,190,,188184,188344,185948,186108,160,087defabcd9e665e7e8997551563c01f6d1366ca19e77368bfaa3da4f4bbadce,42545030fffe0100a000000010000100,,NSBTP texture-pattern animation,Confirmed,True,False,,,,,,,,,,False,False
/a/1/0/6,/a/1/0/6!/member_00191,0,/a/1/0/6,235,191,,188344,190620,186108,188384,2276,f3878dbc9ef65b7e7ce21d4129b4f410dd34f054a911ff0c4e2ec96e3cdbbc18,42434130fffe0100e408000010000100,,NSBCA animation,Confirmed,True,False,,,,,,,,,,False,False
/a/1/0/6,/a/1/0/6!/member_00192,0,/a/1/0/6,235,192,,190620,190792,188384,188556,172,9bfd37eb57770122859b4b3216f0ecc77494bd2c699ab128802139e83299dfa3,42544130fffe0100ac00000010000100,,NSBTA texture animation,Confirmed,True,False,,,,,,,,,,False,False
/a/1/0/6,/a/1/0/6!/member_00193,0,/a/1/0/6,235,193,,190792,192800,188556,190564,2008,53c16de125877497864c6e4d6b8f92240995edc2d11a7d176df3c39ef486ab00,42545030fffe0100d807000010000100,,NSBTP texture-pattern animation,Confirmed,True,False,,,,,,,,,,False,False
/a/1/0/6,/a/1/0/6!/member_00194,0,/a/1/0/6,235,194,,192800,200748,190564,198512,7948,6a34597ed08397b81d834b0930ba8acae1a342ccffa9e0b4e0a866b0409c1b70,42434130fffe01000c1f000010000100,,NSBCA animation,Confirmed,True,False,,,,,,,,,,False,False
/a/1/0/6,/a/1/0/6!/member_00195,0,/a/1/0/6,235,195,,200748,200920,198512,198684,172,df04832f054783d6fee9eb9d57006d5c63c6573298aa7a6d106085f37f189051,42544130fffe0100ac00000010000100,,NSBTA texture animation,Confirmed,True,False,,,,,,,,,,False,False
/a/1/0/6,/a/1/0/6!/member_00196,0,/a/1/0/6,235,196,,200920,202932,198684,200696,2012,bffdab311c0e82499bb593fcd4fa0c6874a9d33e073cc6317eab62b80abebb0e,42545030fffe0100dc07000010000100,,NSBTP texture-pattern animation,Confirmed,True,False,,,,,,,,,,False,False
/a/1/0/6,/a/1/0/6!/member_00197,0,/a/1/0/6,235,197,,202932,210884,200696,208648,7952,744c6f81b6a42e563763fca2b89c840966cbff1b265c510577ea30024e659396,42434130fffe0100101f000010000100,,NSBCA animation,Confirmed,True,False,,,,,,,,,,False,False
/a/1/0/6,/a/1/0/6!/member_00198,0,/a/1/0/6,235,198,,210884,211316,208648,209080,432,9d67b1dedf5b91f64e98baa8facbc7fde51765c3e46f837c4120d3f3d4b66733,42544130fffe0100b001000010000100,,NSBTA texture animation,Confirmed,True,False,,,,,,,,,,False,False
/a/1/0/6,/a/1/0/6!/member_00199,0,/a/1/0/6,235,199,,211316,211828,209080,209592,512,35022f690a6c0a0f1fb4b0568e8d0693e588d8cddff298b170deeebbdf8cf2c0,42544130fffe01000002000010000100,,NSBTA texture animation,Confirmed,True,False,,,,,,,,,,False,False
/a/1/0/6,/a/1/0/6!/member_00200,0,/a/1/0/6,235,200,,211828,212168,209592,209932,340,e1abd6472d5c692bbdcea90bbae27213f015c150c1b3412979180987e02bcc71,42545030fffe01005401000010000100,,NSBTP texture-pattern animation,Confirmed,True,False,,,,,,,,,,False,False
/a/1/0/6,/a/1/0/6!/member_00201,0,/a/1/0/6,235,201,,212168,212508,209932,210272,340,f6ffbb0d0f70ff8e09b03e85e43faa9d43f0d9e2400234ab4532ede6022b7e35,42545030fffe01005401000010000100,,NSBTP texture-pattern animation,Confirmed,True,False,,,,,,,,,,False,False
/a/1/0/6,/a/1/0/6!/member_00202,0,/a/1/0/6,235,202,,212508,214912,210272,212676,2404,948e0bf2cbcdf04a41f6f68bd40bea3d56dd74ccd3ce05ba3e13db99cc087577,42544130fffe01006409000010000100,,NSBTA texture animation,Confirmed,True,False,,,,,,,,,,False,False
/a/1/0/6,/a/1/0/6!/member_00203,0,/a/1/0/6,235,203,,214912,230224,212676,227988,15312,e8cba876189d01be2cc0bf7fe16fd1da45fadc6b809b36bd0fed42ad0fcf22e1,42434130fffe0100d03b000010000100,,NSBCA animation,Confirmed,True,False,,,,,,,,,,False,False
/a/1/0/6,/a/1/0/6!/member_00204,0,/a/1/0/6,235,204,,230224,232588,227988,230352,2364,41ab26b7cf4960d7ad3b58d6d7c4ab7b5d074eeac5d0656d5217e3f144ee9138,42544130fffe01003c09000010000100,,NSBTA texture animation,Confirmed,True,False,,,,,,,,,,False,False
/a/1/0/6,/a/1/0/6!/member_00205,0,/a/1/0/6,235,205,,232588,233516,230352,231280,928,9df435b782aeb3e65a7b534c07b9b76e35e20be9bf31c24f8f8a66271648bcec,42545030fffe0100a003000010000100,,NSBTP texture-pattern animation,Confirmed,True,False,,,,,,,,,,False,False
/a/1/0/6,/a/1/0/6!/member_00206,0,/a/1/0/6,235,206,,233516,234728,231280,232492,1212,01a72159868f950f37792db03e35e6b72b1dd37ff290bb8caabb96994ccd20bc,42544130fffe0100bc04000010000100,,NSBTA texture animation,Confirmed,True,False,,,,,,,,,,False,False
/a/1/0/6,/a/1/0/6!/member_00207,0,/a/1/0/6,235,207,,234728,234884,232492,232648,156,94dd615292345d4ce4dc1c0e0b24a72c2f22214a3c4b2eb8a4eb420b2827e68a,42434130fffe01009c00000010000100,,NSBCA animation,Confirmed,True,False,,,,,,,,,,False,False
/a/1/0/6,/a/1/0/6!/member_00208,0,/a/1/0/6,235,208,,234884,235040,232648,232804,156,2ac790a0c8912154041d1ea822d518fe39471d8bbb12eb2ca850fdeaffc91fed,42434130fffe01009c00000010000100,,NSBCA animation,Confirmed,True,False,,,,,,,,,,False,False
/a/1/0/6,/a/1/0/6!/member_00209,0,/a/1/0/6,235,209,,235040,235280,232804,233044,240,3522cc9b55345c294dedb2a20c40530b84771dd47eb9592973eb23ea3985d77c,42434130fffe0100f000000010000100,,NSBCA animation,Confirmed,True,False,,,,,,,,,,False,False
/a/1/0/6,/a/1/0/6!/member_00210,0,/a/1/0/6,235,210,,235280,235520,233044,233284,240,818c556103b44857efa335e44229d2a5e4994e32798d1211e5f3774777f03559,42434130fffe0100f000000010000100,,NSBCA animation,Confirmed,True,False,,,,,,,,,,False,False
/a/1/0/6,/a/1/0/6!/member_00211,0,/a/1/0/6,235,211,,235520,235916,233284,233680,396,aebf1c99a6f48fcb42b1b5f748a51988769025d86b02f1addcd6faae3d1a8000,42545030fffe01008c01000010000100,,NSBTP texture-pattern animation,Confirmed,True,False,,,,,,,,,,False,False
/a/1/0/6,/a/1/0/6!/member_00212,0,/a/1/0/6,235,212,,235916,236080,233680,233844,164,e3d2c23ac656c85bc75bdf93f5e63486bf6812fc43db95131c2c854385dc9d7c,424d4130fffe0100a400000010000100,,NSBMA material animation,Confirmed,True,False,,,,,,,,,,False,False
/a/1/0/6,/a/1/0/6!/member_00213,0,/a/1/0/6,235,213,,236080,236488,233844,234252,408,d809054668a2fa58aac3a55ab13cd5a8662c4fdc588664c2c8df34d3f524283a,42545030fffe01009801000010000100,,NSBTP texture-pattern animation,Confirmed,True,False,,,,,,,,,,False,False
/a/1/0/6,/a/1/0/6!/member_00214,0,/a/1/0/6,235,214,,236488,236652,234252,234416,164,a0029b00c2ee4438ae02d4cb4fac49c9c32ff846664a0758ad6d4e75b433c736,424d4130fffe0100a400000010000100,,NSBMA material animation,Confirmed,True,False,,,,,,,,,,False,False
/a/1/0/6,/a/1/0/6!/member_00215,0,/a/1/0/6,235,215,,236652,237048,234416,234812,396,bad5d7b4e3e87655b750c128d18d557ee930c9304146e1374df265f65f533e30,42545030fffe01008c01000010000100,,NSBTP texture-pattern animation,Confirmed,True,False,,,,,,,,,,False,False
/a/1/0/6,/a/1/0/6!/member_00216,0,/a/1/0/6,235,216,,237048,237212,234812,234976,164,f893827baecc87117380ff0bcfd7f23ea260f0c9b2f09676264255cf2f8fe8b7,424d4130fffe0100a400000010000100,,NSBMA material animation,Confirmed,True,False,,,,,,,,,,False,False
/a/1/0/6,/a/1/0/6!/member_00217,0,/a/1/0/6,235,217,,237212,237620,234976,235384,408,b3688de3609ef9a204f21942604610864327c1a50976035ad56c58307e96ab9e,42545030fffe01009801000010000100,,NSBTP texture-pattern animation,Confirmed,True,False,,,,,,,,,,False,False
/a/1/0/6,/a/1/0/6!/member_00218,0,/a/1/0/6,235,218,,237620,237784,235384,235548,164,09a54369769685c0b99e7c9b6e8bd075a41cc9529f84d650a3fbf625890a362f,424d4130fffe0100a400000010000100,,NSBMA material animation,Confirmed,True,False,,,,,,,,,,False,False
/a/1/0/6,/a/1/0/6!/member_00219,0,/a/1/0/6,235,219,,237784,237968,235548,235732,184,60442f8633f5a7a61cd1bf8db1b71403e99311ebcf9b7b31e53c967f78c78be7,42434130fffe0100b800000010000100,,NSBCA animation,Confirmed,True,False,,,,,,,,,,False,False
/a/1/0/6,/a/1/0/6!/member_00220,0,/a/1/0/6,235,220,,237968,238152,235732,235916,184,e694a0c40549df540c0f8e619ff2336084ca76602c88ce441ef1a8682709b99f,42434130fffe0100b800000010000100,,NSBCA animation,Confirmed,True,False,,,,,,,,,,False,False
/a/1/0/6,/a/1/0/6!/member_00221,0,/a/1/0/6,235,221,,238152,239484,235916,237248,1332,35b1c45046d9a6107f848a4f003e2421cc92a91e7c2274403c7aa2dda76f63c5,42544130fffe01003405000010000100,,NSBTA texture animation,Confirmed,True,False,,,,,,,,,,False,False
/a/1/0/6,/a/1/0/6!/member_00222,0,/a/1/0/6,235,222,,239484,239720,237248,237484,236,5d67f3eb2d7f31ba4ddbeb8cfe4378b8da021f742918cd219ea5e39df07ef34f,42434130fffe0100ec00000010000100,,NSBCA animation,Confirmed,True,False,,,,,,,,,,False,False
/a/1/0/6,/a/1/0/6!/member_00223,0,/a/1/0/6,235,223,,239720,239956,237484,237720,236,02735c2d7a19032e6bd2b7749cdc63114d7e1a27ccca0ded18db5560c79cc961,42434130fffe0100ec00000010000100,,NSBCA animation,Confirmed,True,False,,,,,,,,,,False,False
/a/1/0/6,/a/1/0/6!/member_00224,0,/a/1/0/6,235,224,,239956,240320,237720,238084,364,e9b5b90a20402470a5afc7a0bf4fe49cc39d100037ba6c56ad90b13c88565f69,42544130fffe01006c01000010000100,,NSBTA texture animation,Confirmed,True,False,,,,,,,,,,False,False
/a/1/0/6,/a/1/0/6!/member_00225,0,/a/1/0/6,235,225,,240320,240684,238084,238448,364,e35e7120d7011a11a6f7193ae211fd4fe4c66b62a271bcaffc348dfc027f948a,42544130fffe01006c01000010000100,,NSBTA texture animation,Confirmed,True,False,,,,,,,,,,False,False
/a/1/0/6,/a/1/0/6!/member_00226,0,/a/1/0/6,235,226,,240684,240924,238448,238688,240,c258a43fdf73eea4633296a023e2a15ac1ee4a5e86593474838fc7fc4d5ee4c5,42545030fffe0100f000000010000100,,NSBTP texture-pattern animation,Confirmed,True,False,,,,,,,,,,False,False
/a/1/0/6,/a/1/0/6!/member_00227,0,/a/1/0/6,235,227,,240924,241156,238688,238920,232,30d1ed1a4a5762811817c62b6b1fa6e9774cac99b74d476ded0a23c060886f40,42544130fffe0100e800000010000100,,NSBTA texture animation,Confirmed,True,False,,,,,,,,,,False,False
/a/1/0/6,/a/1/0/6!/member_00228,0,/a/1/0/6,235,228,,241156,256916,238920,254680,15760,a0d0c4efcb048c832bd023f3f83a4e7530716227ab69a0e04bfe5412928a7ccc,42434130fffe0100903d000010000100,,NSBCA animation,Confirmed,True,False,,,,,,,,,,False,False
/a/1/0/6,/a/1/0/6!/member_00229,0,/a/1/0/6,235,229,,256916,272676,254680,270440,15760,a4ca06dd7d13ed6df49c1c7c57551c93d796c6b2199d10dabe054eba0e55e007,42434130fffe0100903d000010000100,,NSBCA animation,Confirmed,True,False,,,,,,,,,,False,False
/a/1/0/6,/a/1/0/6!/member_00230,0,/a/1/0/6,235,230,,272676,280756,270440,278520,8080,c447564c8a6985ce82f01b9386ce410ab2396e8716d877af6ca284aac959ec0d,42434130fffe0100901f000010000100,,NSBCA animation,Confirmed,True,False,,,,,,,,,,False,False
/a/1/0/6,/a/1/0/6!/member_00231,0,/a/1/0/6,235,231,,280756,288836,278520,286600,8080,9b0ea2a189d59c1300db3613d18954d820a1889d074155eec6285ee9919175e3,42434130fffe0100901f000010000100,,NSBCA animation,Confirmed,True,False,,,,,,,,,,False,False
/a/1/0/6,/a/1/0/6!/member_00232,0,/a/1/0/6,235,232,,288836,289208,286600,286972,372,92c3f60d3e05a99a5d1c3d3ca36437858d27dcd0166daaa478b7065c811465f5,42544130fffe01007401000010000100,,NSBTA texture animation,Confirmed,True,False,,,,,,,,,,False,False
/a/1/0/6,/a/1/0/6!/member_00233,0,/a/1/0/6,235,233,,289208,289580,286972,287344,372,4846ffc0f41053058f0b9c49655e3d38a3679df3e2e87a3f768fcfeaad92ff5c,42544130fffe01007401000010000100,,NSBTA texture animation,Confirmed,True,False,,,,,,,,,,False,False
/a/1/0/6,/a/1/0/6!/member_00234,0,/a/1/0/6,235,234,,289580,289952,287344,287716,372,1b86cec14f38a868cab5cc39901467df0af34c6791c72d926abbed9dbfb3bf7c,42544130fffe01007401000010000100,,NSBTA texture animation,Confirmed,True,False,,,,,,,,,,False,False
/a/1/0/6,/a/1/0/6!/member_00235,0,/a/1/0/6,235,235,,289952,290324,287716,288088,372,52ca93c16aa28011e38637c8c37e323b1206cc0512473b2952fac261fbed2a3d,42544130fffe01007401000010000100,,NSBTA texture animation,Confirmed,True,False,,,,,,,,,,False,False
/a/1/0/6,/a/1/0/6!/member_00236,0,/a/1/0/6,235,236,,290324,293024,288088,290788,2700,c96058001ade1b0638ca3b16fbbc0e33cc44950c88f3bc81b78c964a96338d53,42544130fffe01008c0a000010000100,,NSBTA texture animation,Confirmed,True,False,,,,,,,,,,False,False
/a/1/0/6,/a/1/0/6!/member_00237,0,/a/1/0/6,235,237,,293024,293952,290788,291716,928,0868de3399ea9408e512753d9349c98073a8ac807d0f0acc87a34bcb963c5ae3,42545030fffe0100a003000010000100,,NSBTP texture-pattern animation,Confirmed,True,False,,,,,,,,,,False,False
/a/1/0/6,/a/1/0/6!/member_00238,0,/a/1/0/6,235,238,,293952,294152,291716,291916,200,8640bc5f340b0a93586415085678956af62343cc072052502a30d64f6cac8874,42545030fffe0100c800000010000100,,NSBTP texture-pattern animation,Confirmed,True,False,,,,,,,,,,False,False
/a/1/0/6,/a/1/0/6!/member_00239,0,/a/1/0/6,235,239,,294152,294620,291916,292384,468,02d6d05a645c425f18c84811a289f192b42112579201d68c0e11a9057c359599,42544130fffe0100d401000010000100,,NSBTA texture animation,Confirmed,True,False,,,,,,,,,,False,False
/a/1/0/6,/a/1/0/6!/member_00240,0,/a/1/0/6,235,240,,294620,294820,292384,292584,200,c88955b85941b84e3725edbadee0c3b0009453016eec02369732dda41b245d30,42545030fffe0100c800000010000100,,NSBTP texture-pattern animation,Confirmed,True,False,,,,,,,,,,False,False
/a/1/0/6,/a/1/0/6!/member_00241,0,/a/1/0/6,235,241,,294820,295288,292584,293052,468,9a8fbf4c9c326439977b045e0240cdc0704d32c4b87309bf1df20c436387a536,42544130fffe0100d401000010000100,,NSBTA texture animation,Confirmed,True,False,,,,,,,,,,False,False
/a/1/0/6,/a/1/0/6!/member_00242,0,/a/1/0/6,235,242,,295288,295488,293052,293252,200,e8228685f9890ceec2d4829115c81c006caf8bfd70ba7a24eab3ec6cceac56f9,42545030fffe0100c800000010000100,,NSBTP texture-pattern animation,Confirmed,True,False,,,,,,,,,,False,False
/a/1/0/6,/a/1/0/6!/member_00243,0,/a/1/0/6,235,243,,295488,295956,293252,293720,468,07176f1377e18cc44a917d7791b19584567f00674b902932c634d02c763921f3,42544130fffe0100d401000010000100,,NSBTA texture animation,Confirmed,True,False,,,,,,,,,,False,False
/a/1/0/6,/a/1/0/6!/member_00244,0,/a/1/0/6,235,244,,295956,297084,293720,294848,1128,9b41c26fae91229ea3d63f7a27e2bc53a04d38035d5ff433ce5004da7d12ce1c,42544130fffe01006804000010000100,,NSBTA texture animation,Confirmed,True,False,,,,,,,,,,False,False
/a/1/0/6,/a/1/0/6!/member_00245,0,/a/1/0/6,235,245,,297084,297316,294848,295080,232,4d94f832336df1ae58ead06d820c000fe62d30a90490489bd0ea11af8c4283fa,42545030fffe0100e800000010000100,,NSBTP texture-pattern animation,Confirmed,True,False,,,,,,,,,,False,False
/a/1/0/6,/a/1/0/6!/member_00246,0,/a/1/0/6,235,246,,297316,297488,295080,295252,172,37ffcc90869c580cc1190aec6df0ba3999fd33e87adb3989b5d3e0793c74d146,42544130fffe0100ac00000010000100,,NSBTA texture animation,Confirmed,True,False,,,,,,,,,,False,False
/a/1/0/6,/a/1/0/6!/member_00247,0,/a/1/0/6,235,247,,297488,297660,295252,295424,172,6d3fe3a8a710d0ac363a6fdae30e363f6fc31c9704ac30941458942ad1f4b756,42544130fffe0100ac00000010000100,,NSBTA texture animation,Confirmed,True,False,,,,,,,,,,False,False
/a/1/0/6,/a/1/0/6!/member_00248,0,/a/1/0/6,235,248,,297660,297880,295424,295644,220,fad4becb635b99b3734a0bcf8ac5d739b65e42c9e314a49d78e6d5abb73d0d39,42544130fffe0100dc00000010000100,,NSBTA texture animation,Confirmed,True,False,,,,,,,,,,False,False
/a/1/0/6,/a/1/0/6!/member_00249,0,/a/1/0/6,235,249,,297880,298100,295644,295864,220,09ba015d04e0e472f26eda8c93a981e4edd66815c3fc93c68e0638124664c7b6,42544130fffe0100dc00000010000100,,NSBTA texture animation,Confirmed,True,False,,,,,,,,,,False,False
/a/1/0/6,/a/1/0/6!/member_00250,0,/a/1/0/6,235,250,,298100,298336,295864,296100,236,851d2e61c4a9b27d7c51e784c701c19eec62d5aa5e3f2ef2d213c863a237ca96,42545030fffe0100ec00000010000100,,NSBTP texture-pattern animation,Confirmed,True,False,,,,,,,,,,False,False
/a/1/0/6,/a/1/0/6!/member_00251,0,/a/1/0/6,235,251,,298336,298572,296100,296336,236,944fa700d1df7bbd6fdc0e82d6c7d126ba707a383c5b31ecb05636b77ca260fc,42545030fffe0100ec00000010000100,,NSBTP texture-pattern animation,Confirmed,True,False,,,,,,,,,,False,False
/a/1/0/6,/a/1/0/6!/member_00252,0,/a/1/0/6,235,252,,298572,307276,296336,305040,8704,683663c1f32b2b9b71d7d22287571ece337eb3379a14986251c0a8c7ae872fb2,42434130fffe01000022000010000100,,NSBCA animation,Confirmed,True,False,,,,,,,,,,False,False
/a/1/0/6,/a/1/0/6!/member_00253,0,/a/1/0/6,235,253,,307276,307472,305040,305236,196,c10122eb35b0d8d10661cbd3119fddc6019cbb4e6c7b9662da3eebd348e0c23c,424d4130fffe0100c400000010000100,,NSBMA material animation,Confirmed,True,False,,,,,,,,,,False,False
/a/1/0/6,/a/1/0/6!/member_00254,0,/a/1/0/6,235,254,,307472,307644,305236,305408,172,cc7ff1c8337e727e93a8b032301ea699b6aa28c5a88102e9a718ff13ab7f7765,42544130fffe0100ac00000010000100,,NSBTA texture animation,Confirmed,True,False,,,,,,,,,,False,False
/a/1/0/6,/a/1/0/6!/member_00255,0,/a/1/0/6,235,255,,307644,307816,305408,305580,172,9f818f7272c307629eed36dd2d540c1e6adff25e9cc8ee013ed8dd8165631884,42544130fffe0100ac00000010000100,,NSBTA texture animation,Confirmed,True,False,,,,,,,,,,False,False
/a/1/0/6,/a/1/0/6!/member_00256,0,/a/1/0/6,235,256,,307816,307988,305580,305752,172,3f22c78152ac0e651d233e02c3bd786e82218d55bf9c0eaef5c70616e68da04a,42544130fffe0100ac00000010000100,,NSBTA texture animation,Confirmed,True,False,,,,,,,,,,False,False
/a/1/0/6,/a/1/0/6!/member_00257,0,/a/1/0/6,235,257,,307988,308160,305752,305924,172,02618f1d1cb56c3f8907c1f2e2d329a70f4fa3f319adfa3d8b58e6b80e147dd5,42544130fffe0100ac00000010000100,,NSBTA texture animation,Confirmed,True,False,,,,,,,,,,False,False
/a/1/0/6,/a/1/0/6!/member_00258,0,/a/1/0/6,235,258,,308160,308812,305924,306576,652,a8cb179d3d7e0e832da4cfb7a4014a73fd219f1851c889e5952597b00817b374,42544130fffe01008c02000010000100,,NSBTA texture animation,Confirmed,True,False,,,,,,,,,,False,False
/a/1/0/6,/a/1/0/6!/member_00259,0,/a/1/0/6,235,259,,308812,309544,306576,307308,732,b4125578340b6606031646651eb0f8b7ec4fcc2d8718c0e7854d9ecb01d5063c,42544130fffe0100dc02000010000100,,NSBTA texture animation,Confirmed,True,False,,,,,,,,,,False,False
/a/1/0/6,/a/1/0/6!/member_00260,0,/a/1/0/6,235,260,,309544,309812,307308,307576,268,ccaab6d3aab32873b577abfd906b85f9eb1d55d95fc898ce2ea544e0fad7e03a,42545030fffe01000c01000010000100,,NSBTP texture-pattern animation,Confirmed,True,False,,,,,,,,,,False,False
/a/1/0/6,/a/1/0/6!/member_00261,0,/a/1/0/6,235,261,,309812,320548,307576,318312,10736,9fa1df4fd8265157afeaa55f0d7c9da1c9b16b456d7efa0ba0ff976cbcbf179c,42434130fffe0100f029000010000100,,NSBCA animation,Confirmed,True,False,,,,,,,,,,False,False
/a/1/0/6,/a/1/0/6!/member_00262,0,/a/1/0/6,235,262,,320548,320684,318312,318448,136,1cfc3988b55f2dc7fb09a9e9384c86574ddf1f8d7875f46724259e08a8d1c147,42434130fffe01008800000010000100,,NSBCA animation,Confirmed,True,False,,,,,,,,,,False,False
/a/1/0/6,/a/1/0/6!/member_00263,0,/a/1/0/6,235,263,,320684,320820,318448,318584,136,bd8f3b055fc91cc61757ba0bfd4eda12cb7bc50b205eacb719bec66110083775,42434130fffe01008800000010000100,,NSBCA animation,Confirmed,True,False,,,,,,,,,,False,False
/a/1/0/6,/a/1/0/6!/member_00264,0,/a/1/0/6,235,264,,320820,321020,318584,318784,200,89c96bbf190817175a735be0973a9c0afd037c06841d82019e2910937686f30a,42434130fffe0100c800000010000100,,NSBCA animation,Confirmed,True,False,,,,,,,,,,False,False
/a/1/0/6,/a/1/0/6!/member_00265,0,/a/1/0/6,235,265,,321020,321220,318784,318984,200,c131ef4cc63ea31aa18f195b4358377223f57d0c4e3148a4752850ee9b6618fd,42434130fffe0100c800000010000100,,NSBCA animation,Confirmed,True,False,,,,,,,,,,False,False
/a/1/0/6,/a/1/0/6!/member_00266,0,/a/1/0/6,235,266,,321220,328624,318984,326388,7404,78b44c82be1936ce36efab6ffd16ff7b81a90d9b43fa3c9a2956985360954157,42544130fffe0100ec1c000010000100,,NSBTA texture animation,Confirmed,True,False,,,,,,,,,,False,False
/a/1/0/6,/a/1/0/6!/member_00267,0,/a/1/0/6,235,267,,328624,329040,326388,326804,416,955fbb5e332fdb85a546dd056ed5b06cd758d7a10317ef07c42cb03173635e39,42545030fffe0100a001000010000100,,NSBTP texture-pattern animation,Confirmed,True,False,,,,,,,,,,False,False
/a/1/0/6,/a/1/0/6!/member_00268,0,/a/1/0/6,235,268,,329040,329512,326804,327276,472,e67cfc4a5b33d08aa0ee9e3849d5eae2fe839c3d959b6bf71e29bf131b6f0f41,42544130fffe0100d801000010000100,,NSBTA texture animation,Confirmed,True,False,,,,,,,,,,False,False
/a/1/0/6,/a/1/0/6!/member_00269,0,/a/1/0/6,235,269,,329512,329720,327276,327484,208,dc3aeabe2abd8cfcd69354f90959802a29121b94ffdce8fe13cef6745a995222,42545030fffe0100d000000010000100,,NSBTP texture-pattern animation,Confirmed,True,False,,,,,,,,,,False,False
/a/1/0/6,/a/1/0/6!/member_00270,0,/a/1/0/6,235,270,,329720,333000,327484,330764,3280,4eb3978912ef7bbd95b512104bc54c9eb91402ce006aefb7c3f6b520e293ab69,42544130fffe0100d00c000010000100,,NSBTA texture animation,Confirmed,True,False,,,,,,,,,,False,False
/a/1/0/6,/a/1/0/6!/member_00271,0,/a/1/0/6,235,271,,333000,333512,330764,331276,512,b360f27f53cf19b9986be6ac730d13c277ba852eb88a171019147065ed9474b4,424d4130fffe01000002000010000100,,NSBMA material animation,Confirmed,True,False,,,,,,,,,,False,False
/a/1/0/6,/a/1/0/6!/member_00272,0,/a/1/0/6,235,272,,333512,333608,331276,331372,96,b5a14462f447d05ddd4014d43eb4c3bc7fc3713257e895f6ee2749822007f5c7,42434130fffe01006000000010000100,,NSBCA animation,Confirmed,True,False,,,,,,,,,,False,False
/a/1/0/7,/a/1/0/7!/member_00000,0,/a/1/0/7,236,0,,2772,2796,0,24,24,0ab81ea00a4e0ed4405c389ef09de3c19439d7e63a901ed085b65c852e7b6ca3,ffff000000000000ffffffffffffffff,,,,,False,,,,,,,,,,False,False
/a/1/0/7,/a/1/0/7!/member_00001,0,/a/1/0/7,236,1,,2796,2820,24,48,24,3194354e65cbf7adaa09f5d85781ffeffe725042f682ea19b97f7612b634d142,010000000000010103000000ffffffff,,,,,False,,,,,,,,,,False,False
/a/1/0/7,/a/1/0/7!/member_00002,0,/a/1/0/7,236,2,,2820,2844,48,72,24,0ab81ea00a4e0ed4405c389ef09de3c19439d7e63a901ed085b65c852e7b6ca3,ffff000000000000ffffffffffffffff,,,,,False,,,,,,,,,,False,False
/a/1/0/7,/a/1/0/7!/member_00003,0,/a/1/0/7,236,3,,2844,2868,72,96,24,0ab81ea00a4e0ed4405c389ef09de3c19439d7e63a901ed085b65c852e7b6ca3,ffff000000000000ffffffffffffffff,,,,,False,,,,,,,,,,False,False
/a/1/0/7,/a/1/0/7!/member_00004,0,/a/1/0/7,236,4,,2868,2892,96,120,24,0ab81ea00a4e0ed4405c389ef09de3c19439d7e63a901ed085b65c852e7b6ca3,ffff000000000000ffffffffffffffff,,,,,False,,,,,,,,,,False,False
/a/1/0/7,/a/1/0/7!/member_00005,0,/a/1/0/7,236,5,,2892,2916,120,144,24,0ab81ea00a4e0ed4405c389ef09de3c19439d7e63a901ed085b65c852e7b6ca3,ffff000000000000ffffffffffffffff,,,,,False,,,,,,,,,,False,False
/a/1/0/7,/a/1/0/7!/member_00006,0,/a/1/0/7,236,6,,2916,2940,144,168,24,0ab81ea00a4e0ed4405c389ef09de3c19439d7e63a901ed085b65c852e7b6ca3,ffff000000000000ffffffffffffffff,,,,,False,,,,,,,,,,False,False
/a/1/0/7,/a/1/0/7!/member_00007,0,/a/1/0/7,236,7,,2940,2964,168,192,24,0ab81ea00a4e0ed4405c389ef09de3c19439d7e63a901ed085b65c852e7b6ca3,ffff000000000000ffffffffffffffff,,,,,False,,,,,,,,,,False,False
/a/1/0/7,/a/1/0/7!/member_00008,0,/a/1/0/7,236,8,,2964,2988,192,216,24,0ab81ea00a4e0ed4405c389ef09de3c19439d7e63a901ed085b65c852e7b6ca3,ffff000000000000ffffffffffffffff,,,,,False,,,,,,,,,,False,False
/a/1/0/7,/a/1/0/7!/member_00009,0,/a/1/0/7,236,9,,2988,3012,216,240,24,0ab81ea00a4e0ed4405c389ef09de3c19439d7e63a901ed085b65c852e7b6ca3,ffff000000000000ffffffffffffffff,,,,,False,,,,,,,,,,False,False
/a/1/0/7,/a/1/0/7!/member_00010,0,/a/1/0/7,236,10,,3012,3036,240,264,24,0ab81ea00a4e0ed4405c389ef09de3c19439d7e63a901ed085b65c852e7b6ca3,ffff000000000000ffffffffffffffff,,,,,False,,,,,,,,,,False,False
/a/1/0/7,/a/1/0/7!/member_00011,0,/a/1/0/7,236,11,,3036,3060,264,288,24,0ab81ea00a4e0ed4405c389ef09de3c19439d7e63a901ed085b65c852e7b6ca3,ffff000000000000ffffffffffffffff,,,,,False,,,,,,,,,,False,False
/a/1/0/7,/a/1/0/7!/member_00012,0,/a/1/0/7,236,12,,3060,3084,288,312,24,0ab81ea00a4e0ed4405c389ef09de3c19439d7e63a901ed085b65c852e7b6ca3,ffff000000000000ffffffffffffffff,,,,,False,,,,,,,,,,False,False
/a/1/0/7,/a/1/0/7!/member_00013,0,/a/1/0/7,236,13,,3084,3108,312,336,24,5126bf5b73a0873ef2e7bab79fbd69de4d0a7bcae0b4382b672507835159daa2,01030001010001020100000002000000,,,,,False,,,,,,,,,,False,False
/a/1/0/7,/a/1/0/7!/member_00014,0,/a/1/0/7,236,14,,3108,3132,336,360,24,0ab81ea00a4e0ed4405c389ef09de3c19439d7e63a901ed085b65c852e7b6ca3,ffff000000000000ffffffffffffffff,,,,,False,,,,,,,,,,False,False
/a/1/0/7,/a/1/0/7!/member_00015,0,/a/1/0/7,236,15,,3132,3156,360,384,24,bb63f58539f1f709652115e8bb55f2078b97eb25188c4e4f50baea3c44d87ecf,01030001020001022300000024000000,,,,,False,,,,,,,,,,False,False
/a/1/0/7,/a/1/0/7!/member_00016,0,/a/1/0/7,236,16,,3156,3180,384,408,24,4f486d4e71fd2316c756f6a43705980f1ff4e03b137e8ff55f92de2d6049d109,0103000102000102790000007a000000,,,,,False,,,,,,,,,,False,False
/a/1/0/7,/a/1/0/7!/member_00017,0,/a/1/0/7,236,17,,3180,3204,408,432,24,0f481836c460a19c95b01b0c075bdbef880df918f89a984d700b9c33294671d2,01030001010001022700000028000000,,,,,False,,,,,,,,,,False,False
/a/1/0/7,/a/1/0/7!/member_00018,0,/a/1/0/7,236,18,,3204,3228,432,456,24,4d403245666330a7210b4c5ff34c29648a87e0a6cdaf575d6e48d94f51cddaee,010000000000010100000000ffffffff,,,,,False,,,,,,,,,,False,False
/a/1/0/7,/a/1/0/7!/member_00019,0,/a/1/0/7,236,19,,3228,3252,456,480,24,21f4f649ce0b858d4a6c7ddc9f2db1e68e39317ae21f8885c32b674432767cf8,010000000000010104000000ffffffff,,,,,False,,,,,,,,,,False,False
/a/1/0/7,/a/1/0/7!/member_00020,0,/a/1/0/7,236,20,,3252,3276,480,504,24,0ab81ea00a4e0ed4405c389ef09de3c19439d7e63a901ed085b65c852e7b6ca3,ffff000000000000ffffffffffffffff,,,,,False,,,,,,,,,,False,False
/a/1/0/7,/a/1/0/7!/member_00021,0,/a/1/0/7,236,21,,3276,3300,504,528,24,0ab81ea00a4e0ed4405c389ef09de3c19439d7e63a901ed085b65c852e7b6ca3,ffff000000000000ffffffffffffffff,,,,,False,,,,,,,,,,False,False
/a/1/0/7,/a/1/0/7!/member_00022,0,/a/1/0/7,236,22,,3300,3324,528,552,24,0ab81ea00a4e0ed4405c389ef09de3c19439d7e63a901ed085b65c852e7b6ca3,ffff000000000000ffffffffffffffff,,,,,False,,,,,,,,,,False,False
/a/1/0/7,/a/1/0/7!/member_00023,0,/a/1/0/7,236,23,,3324,3348,552,576,24,0ab81ea00a4e0ed4405c389ef09de3c19439d7e63a901ed085b65c852e7b6ca3,ffff000000000000ffffffffffffffff,,,,,False,,,,,,,,,,False,False
/a/1/0/7,/a/1/0/7!/member_00024,0,/a/1/0/7,236,24,,3348,3372,576,600,24,5126bf5b73a0873ef2e7bab79fbd69de4d0a7bcae0b4382b672507835159daa2,01030001010001020100000002000000,,,,,False,,,,,,,,,,False,False
/a/1/0/7,/a/1/0/7!/member_00025,0,/a/1/0/7,236,25,,3372,3396,600,624,24,5126bf5b73a0873ef2e7bab79fbd69de4d0a7bcae0b4382b672507835159daa2,01030001010001020100000002000000,,,,,False,,,,,,,,,,False,False
/a/1/0/7,/a/1/0/7!/member_00026,0,/a/1/0/7,236,26,,3396,3420,624,648,24,5126bf5b73a0873ef2e7bab79fbd69de4d0a7bcae0b4382b672507835159daa2,01030001010001020100000002000000,,,,,False,,,,,,,,,,False,False
/a/1/0/7,/a/1/0/7!/member_00027,0,/a/1/0/7,236,27,,3420,3444,648,672,24,32a139acf912af837c5498c895dd5d9e0ed6c27fcdd8cdb6f34a518c5d605523,010000000000010105000000ffffffff,,,,,False,,,,,,,,,,False,False
/a/1/0/7,/a/1/0/7!/member_00028,0,/a/1/0/7,236,28,,3444,3468,672,696,24,e6e69c19e0d09e7a0769a5eb7a40ae4b8fbc86906f4c5a0be74930214da09fb4,010000000000010106000000ffffffff,,,,,False,,,,,,,,,,False,False
/a/1/0/7,/a/1/0/7!/member_00029,0,/a/1/0/7,236,29,,3468,3492,696,720,24,0ab81ea00a4e0ed4405c389ef09de3c19439d7e63a901ed085b65c852e7b6ca3,ffff000000000000ffffffffffffffff,,,,,False,,,,,,,,,,False,False
/a/1/0/7,/a/1/0/7!/member_00030,0,/a/1/0/7,236,30,,3492,3516,720,744,24,0ab81ea00a4e0ed4405c389ef09de3c19439d7e63a901ed085b65c852e7b6ca3,ffff000000000000ffffffffffffffff,,,,,False,,,,,,,,,,False,False
/a/1/0/7,/a/1/0/7!/member_00031,0,/a/1/0/7,236,31,,3516,3540,744,768,24,0ab81ea00a4e0ed4405c389ef09de3c19439d7e63a901ed085b65c852e7b6ca3,ffff000000000000ffffffffffffffff,,,,,False,,,,,,,,,,False,False
/a/1/0/7,/a/1/0/7!/member_00032,0,/a/1/0/7,236,32,,3540,3564,768,792,24,0ab81ea00a4e0ed4405c389ef09de3c19439d7e63a901ed085b65c852e7b6ca3,ffff000000000000ffffffffffffffff,,,,,False,,,,,,,,,,False,False
/a/1/0/7,/a/1/0/7!/member_00033,0,/a/1/0/7,236,33,,3564,3588,792,816,24,0ab81ea00a4e0ed4405c389ef09de3c19439d7e63a901ed085b65c852e7b6ca3,ffff000000000000ffffffffffffffff,,,,,False,,,,,,,,,,False,False
/a/1/0/7,/a/1/0/7!/member_00034,0,/a/1/0/7,236,34,,3588,3612,816,840,24,0ab81ea00a4e0ed4405c389ef09de3c19439d7e63a901ed085b65c852e7b6ca3,ffff000000000000ffffffffffffffff,,,,,False,,,,,,,,,,False,False
/a/1/0/7,/a/1/0/7!/member_00035,0,/a/1/0/7,236,35,,3612,3636,840,864,24,0ab81ea00a4e0ed4405c389ef09de3c19439d7e63a901ed085b65c852e7b6ca3,ffff000000000000ffffffffffffffff,,,,,False,,,,,,,,,,False,False
/a/1/0/7,/a/1/0/7!/member_00036,0,/a/1/0/7,236,36,,3636,3660,864,888,24,0ab81ea00a4e0ed4405c389ef09de3c19439d7e63a901ed085b65c852e7b6ca3,ffff000000000000ffffffffffffffff,,,,,False,,,,,,,,,,False,False
/a/1/0/7,/a/1/0/7!/member_00037,0,/a/1/0/7,236,37,,3660,3684,888,912,24,0ab81ea00a4e0ed4405c389ef09de3c19439d7e63a901ed085b65c852e7b6ca3,ffff000000000000ffffffffffffffff,,,,,False,,,,,,,,,,False,False
/a/1/0/7,/a/1/0/7!/member_00038,0,/a/1/0/7,236,38,,3684,3708,912,936,24,0ab81ea00a4e0ed4405c389ef09de3c19439d7e63a901ed085b65c852e7b6ca3,ffff000000000000ffffffffffffffff,,,,,False,,,,,,,,,,False,False
/a/1/0/7,/a/1/0/7!/member_00039,0,/a/1/0/7,236,39,,3708,3732,936,960,24,3194354e65cbf7adaa09f5d85781ffeffe725042f682ea19b97f7612b634d142,010000000000010103000000ffffffff,,,,,False,,,,,,,,,,False,False
/a/1/0/7,/a/1/0/7!/member_00040,0,/a/1/0/7,236,40,,3732,3756,960,984,24,0ab81ea00a4e0ed4405c389ef09de3c19439d7e63a901ed085b65c852e7b6ca3,ffff000000000000ffffffffffffffff,,,,,False,,,,,,,,,,False,False
/a/1/0/7,/a/1/0/7!/member_00041,0,/a/1/0/7,236,41,,3756,3780,984,1008,24,0ab81ea00a4e0ed4405c389ef09de3c19439d7e63a901ed085b65c852e7b6ca3,ffff000000000000ffffffffffffffff,,,,,False,,,,,,,,,,False,False
/a/1/0/7,/a/1/0/7!/member_00042,0,/a/1/0/7,236,42,,3780,3804,1008,1032,24,0ab81ea00a4e0ed4405c389ef09de3c19439d7e63a901ed085b65c852e7b6ca3,ffff000000000000ffffffffffffffff,,,,,False,,,,,,,,,,False,False
/a/1/0/7,/a/1/0/7!/member_00043,0,/a/1/0/7,236,43,,3804,3828,1032,1056,24,27ab7223e53ee9c89eb1eff0b87f15de93003ad65e2a14cf0c86e84609ec26f5,010000000000010109000000ffffffff,,,,,False,,,,,,,,,,False,False
/a/1/0/7,/a/1/0/7!/member_00044,0,/a/1/0/7,236,44,,3828,3852,1056,1080,24,0ab81ea00a4e0ed4405c389ef09de3c19439d7e63a901ed085b65c852e7b6ca3,ffff000000000000ffffffffffffffff,,,,,False,,,,,,,,,,False,False
/a/1/0/7,/a/1/0/7!/member_00045,0,/a/1/0/7,236,45,,3852,3876,1080,1104,24,0ab81ea00a4e0ed4405c389ef09de3c19439d7e63a901ed085b65c852e7b6ca3,ffff000000000000ffffffffffffffff,,,,,False,,,,,,,,,,False,False
/a/1/0/7,/a/1/0/7!/member_00046,0,/a/1/0/7,236,46,,3876,3900,1104,1128,24,0ab81ea00a4e0ed4405c389ef09de3c19439d7e63a901ed085b65c852e7b6ca3,ffff000000000000ffffffffffffffff,,,,,False,,,,,,,,,,False,False
/a/1/0/7,/a/1/0/7!/member_00047,0,/a/1/0/7,236,47,,3900,3924,1128,1152,24,0ab81ea00a4e0ed4405c389ef09de3c19439d7e63a901ed085b65c852e7b6ca3,ffff000000000000ffffffffffffffff,,,,,False,,,,,,,,,,False,False
/a/1/0/7,/a/1/0/7!/member_00048,0,/a/1/0/7,236,48,,3924,3948,1152,1176,24,0ab81ea00a4e0ed4405c389ef09de3c19439d7e63a901ed085b65c852e7b6ca3,ffff000000000000ffffffffffffffff,,,,,False,,,,,,,,,,False,False
/a/1/0/7,/a/1/0/7!/member_00049,0,/a/1/0/7,236,49,,3948,3972,1176,1200,24,5a61a8c7fca2ae20ac8f1e5d08b0689e1868b26dec99c161a582242ad6652ae0,01080000000004010a0000000b000000,,,,,False,,,,,,,,,,False,False
/a/1/0/7,/a/1/0/7!/member_00050,0,/a/1/0/7,236,50,,3972,3996,1200,1224,24,5126bf5b73a0873ef2e7bab79fbd69de4d0a7bcae0b4382b672507835159daa2,01030001010001020100000002000000,,,,,False,,,,,,,,,,False,False
/a/1/0/7,/a/1/0/7!/member_00051,0,/a/1/0/7,236,51,,3996,4020,1224,1248,24,0ab81ea00a4e0ed4405c389ef09de3c19439d7e63a901ed085b65c852e7b6ca3,ffff000000000000ffffffffffffffff,,,,,False,,,,,,,,,,False,False
/a/1/0/7,/a/1/0/7!/member_00052,0,/a/1/0/7,236,52,,4020,4044,1248,1272,24,0ab81ea00a4e0ed4405c389ef09de3c19439d7e63a901ed085b65c852e7b6ca3,ffff000000000000ffffffffffffffff,,,,,False,,,,,,,,,,False,False
/a/1/0/7,/a/1/0/7!/member_00053,0,/a/1/0/7,236,53,,4044,4068,1272,1296,24,0ab81ea00a4e0ed4405c389ef09de3c19439d7e63a901ed085b65c852e7b6ca3,ffff000000000000ffffffffffffffff,,,,,False,,,,,,,,,,False,False
/a/1/0/7,/a/1/0/7!/member_00054,0,/a/1/0/7,236,54,,4068,4092,1296,1320,24,0ab81ea00a4e0ed4405c389ef09de3c19439d7e63a901ed085b65c852e7b6ca3,ffff000000000000ffffffffffffffff,,,,,False,,,,,,,,,,False,False
/a/1/0/7,/a/1/0/7!/member_00055,0,/a/1/0/7,236,55,,4092,4116,1320,1344,24,50fe8be3908cff9d01cf49c0c2070a853bcfd8faffa41a71c66f7f8d8d43caf7,01080000000004010e0000000f000000,,,,,False,,,,,,,,,,False,False
/a/1/0/7,/a/1/0/7!/member_00056,0,/a/1/0/7,236,56,,4116,4140,1344,1368,24,0ab81ea00a4e0ed4405c389ef09de3c19439d7e63a901ed085b65c852e7b6ca3,ffff000000000000ffffffffffffffff,,,,,False,,,,,,,,,,False,False
/a/1/0/7,/a/1/0/7!/member_00057,0,/a/1/0/7,236,57,,4140,4164,1368,1392,24,5126bf5b73a0873ef2e7bab79fbd69de4d0a7bcae0b4382b672507835159daa2,01030001010001020100000002000000,,,,,False,,,,,,,,,,False,False
/a/1/0/7,/a/1/0/7!/member_00058,0,/a/1/0/7,236,58,,4164,4188,1392,1416,24,0ab81ea00a4e0ed4405c389ef09de3c19439d7e63a901ed085b65c852e7b6ca3,ffff000000000000ffffffffffffffff,,,,,False,,,,,,,,,,False,False
/a/1/0/7,/a/1/0/7!/member_00059,0,/a/1/0/7,236,59,,4188,4212,1416,1440,24,0ab81ea00a4e0ed4405c389ef09de3c19439d7e63a901ed085b65c852e7b6ca3,ffff000000000000ffffffffffffffff,,,,,False,,,,,,,,,,False,False
/a/1/0/7,/a/1/0/7!/member_00060,0,/a/1/0/7,236,60,,4212,4236,1440,1464,24,c764816cf89da15fc140e16ececb8f4baaccd1e9046859b33fa4eef82467b618,01030001010001022500000026000000,,,,,False,,,,,,,,,,False,False
/a/1/0/7,/a/1/0/7!/member_00061,0,/a/1/0/7,236,61,,4236,4260,1464,1488,24,5126bf5b73a0873ef2e7bab79fbd69de4d0a7bcae0b4382b672507835159daa2,01030001010001020100000002000000,,,,,False,,,,,,,,,,False,False
/a/1/0/7,/a/1/0/7!/member_00062,0,/a/1/0/7,236,62,,4260,4284,1488,1512,24,0ab81ea00a4e0ed4405c389ef09de3c19439d7e63a901ed085b65c852e7b6ca3,ffff000000000000ffffffffffffffff,,,,,False,,,,,,,,,,False,False
/a/1/0/7,/a/1/0/7!/member_00063,0,/a/1/0/7,236,63,,4284,4308,1512,1536,24,3194354e65cbf7adaa09f5d85781ffeffe725042f682ea19b97f7612b634d142,010000000000010103000000ffffffff,,,,,False,,,,,,,,,,False,False
/a/1/0/7,/a/1/0/7!/member_00064,0,/a/1/0/7,236,64,,4308,4332,1536,1560,24,0ab81ea00a4e0ed4405c389ef09de3c19439d7e63a901ed085b65c852e7b6ca3,ffff000000000000ffffffffffffffff,,,,,False,,,,,,,,,,False,False
/a/1/0/7,/a/1/0/7!/member_00065,0,/a/1/0/7,236,65,,4332,4356,1560,1584,24,f483dc157fe751b787110825419806e6be67f98715cc60d8bc5e8c118c3c6ad4,01000000000001011d000000ffffffff,,,,,False,,,,,,,,,,False,False
/a/1/0/7,/a/1/0/7!/member_00066,0,/a/1/0/7,236,66,,4356,4380,1584,1608,24,0ab81ea00a4e0ed4405c389ef09de3c19439d7e63a901ed085b65c852e7b6ca3,ffff000000000000ffffffffffffffff,,,,,False,,,,,,,,,,False,False
/a/1/0/7,/a/1/0/7!/member_00067,0,/a/1/0/7,236,67,,4380,4404,1608,1632,24,0ab81ea00a4e0ed4405c389ef09de3c19439d7e63a901ed085b65c852e7b6ca3,ffff000000000000ffffffffffffffff,,,,,False,,,,,,,,,,False,False
/a/1/0/7,/a/1/0/7!/member_00068,0,/a/1/0/7,236,68,,4404,4428,1632,1656,24,ca08c659ccc1364d670c3cc70c2fdbdf4b19ad85a0e568d871b79b8faed85ebc,01000000000001011e000000ffffffff,,,,,False,,,,,,,,,,False,False
/a/1/0/7,/a/1/0/7!/member_00069,0,/a/1/0/7,236,69,,4428,4452,1656,1680,24,0ab81ea00a4e0ed4405c389ef09de3c19439d7e63a901ed085b65c852e7b6ca3,ffff000000000000ffffffffffffffff,,,,,False,,,,,,,,,,False,False
/a/1/0/7,/a/1/0/7!/member_00070,0,/a/1/0/7,236,70,,4452,4476,1680,1704,24,0ab81ea00a4e0ed4405c389ef09de3c19439d7e63a901ed085b65c852e7b6ca3,ffff000000000000ffffffffffffffff,,,,,False,,,,,,,,,,False,False
/a/1/0/7,/a/1/0/7!/member_00071,0,/a/1/0/7,236,71,,4476,4500,1704,1728,24,0ab81ea00a4e0ed4405c389ef09de3c19439d7e63a901ed085b65c852e7b6ca3,ffff000000000000ffffffffffffffff,,,,,False,,,,,,,,,,False,False
/a/1/0/7,/a/1/0/7!/member_00072,0,/a/1/0/7,236,72,,4500,4524,1728,1752,24,0ab81ea00a4e0ed4405c389ef09de3c19439d7e63a901ed085b65c852e7b6ca3,ffff000000000000ffffffffffffffff,,,,,False,,,,,,,,,,False,False
/a/1/0/7,/a/1/0/7!/member_00073,0,/a/1/0/7,236,73,,4524,4548,1752,1776,24,0ab81ea00a4e0ed4405c389ef09de3c19439d7e63a901ed085b65c852e7b6ca3,ffff000000000000ffffffffffffffff,,,,,False,,,,,,,,,,False,False
/a/1/0/7,/a/1/0/7!/member_00074,0,/a/1/0/7,236,74,,4548,4572,1776,1800,24,0ab81ea00a4e0ed4405c389ef09de3c19439d7e63a901ed085b65c852e7b6ca3,ffff000000000000ffffffffffffffff,,,,,False,,,,,,,,,,False,False
/a/1/0/7,/a/1/0/7!/member_00075,0,/a/1/0/7,236,75,,4572,4596,1800,1824,24,0ab81ea00a4e0ed4405c389ef09de3c19439d7e63a901ed085b65c852e7b6ca3,ffff000000000000ffffffffffffffff,,,,,False,,,,,,,,,,False,False
/a/1/0/7,/a/1/0/7!/member_00076,0,/a/1/0/7,236,76,,4596,4620,1824,1848,24,0ab81ea00a4e0ed4405c389ef09de3c19439d7e63a901ed085b65c852e7b6ca3,ffff000000000000ffffffffffffffff,,,,,False,,,,,,,,,,False,False
/a/1/0/7,/a/1/0/7!/member_00077,0,/a/1/0/7,236,77,,4620,4644,1848,1872,24,0ab81ea00a4e0ed4405c389ef09de3c19439d7e63a901ed085b65c852e7b6ca3,ffff000000000000ffffffffffffffff,,,,,False,,,,,,,,,,False,False
/a/1/0/7,/a/1/0/7!/member_00078,0,/a/1/0/7,236,78,,4644,4668,1872,1896,24,79b70af6c9769b8fa636552fb00b5db7d2e1716dadf8bfccb2f75d7415ed4c7e,01000000000001013d000000ffffffff,,,,,False,,,,,,,,,,False,False
/a/1/0/7,/a/1/0/7!/member_00079,0,/a/1/0/7,236,79,,4668,4692,1896,1920,24,081cf70b7c9cd9860e5312e6bbb681ea4a5c825800eeb034c9400663abf8c7bb,010000000000010142000000ffffffff,,,,,False,,,,,,,,,,False,False
/a/1/0/7,/a/1/0/7!/member_00080,0,/a/1/0/7,236,80,,4692,4716,1920,1944,24,0ab81ea00a4e0ed4405c389ef09de3c19439d7e63a901ed085b65c852e7b6ca3,ffff000000000000ffffffffffffffff,,,,,False,,,,,,,,,,False,False
/a/1/0/7,/a/1/0/7!/member_00081,0,/a/1/0/7,236,81,,4716,4740,1944,1968,24,0ab81ea00a4e0ed4405c389ef09de3c19439d7e63a901ed085b65c852e7b6ca3,ffff000000000000ffffffffffffffff,,,,,False,,,,,,,,,,False,False
/a/1/0/7,/a/1/0/7!/member_00082,0,/a/1/0/7,236,82,,4740,4764,1968,1992,24,0ab81ea00a4e0ed4405c389ef09de3c19439d7e63a901ed085b65c852e7b6ca3,ffff000000000000ffffffffffffffff,,,,,False,,,,,,,,,,False,False
/a/1/0/7,/a/1/0/7!/member_00083,0,/a/1/0/7,236,83,,4764,4788,1992,2016,24,fcf56497d8a0738e0802e9a2a9d7b9217556d9668c053b6552d825862f64dcc2,0108000000000401390000003a000000,,,,,False,,,,,,,,,,False,False
/a/1/0/7,/a/1/0/7!/member_00084,0,/a/1/0/7,236,84,,4788,4812,2016,2040,24,0ab81ea00a4e0ed4405c389ef09de3c19439d7e63a901ed085b65c852e7b6ca3,ffff000000000000ffffffffffffffff,,,,,False,,,,,,,,,,False,False
/a/1/0/7,/a/1/0/7!/member_00085,0,/a/1/0/7,236,85,,4812,4836,2040,2064,24,0ab81ea00a4e0ed4405c389ef09de3c19439d7e63a901ed085b65c852e7b6ca3,ffff000000000000ffffffffffffffff,,,,,False,,,,,,,,,,False,False
/a/1/0/7,/a/1/0/7!/member_00086,0,/a/1/0/7,236,86,,4836,4860,2064,2088,24,0ab81ea00a4e0ed4405c389ef09de3c19439d7e63a901ed085b65c852e7b6ca3,ffff000000000000ffffffffffffffff,,,,,False,,,,,,,,,,False,False
/a/1/0/7,/a/1/0/7!/member_00087,0,/a/1/0/7,236,87,,4860,4884,2088,2112,24,0ab81ea00a4e0ed4405c389ef09de3c19439d7e63a901ed085b65c852e7b6ca3,ffff000000000000ffffffffffffffff,,,,,False,,,,,,,,,,False,False
/a/1/0/7,/a/1/0/7!/member_00088,0,/a/1/0/7,236,88,,4884,4908,2112,2136,24,0ab81ea00a4e0ed4405c389ef09de3c19439d7e63a901ed085b65c852e7b6ca3,ffff000000000000ffffffffffffffff,,,,,False,,,,,,,,,,False,False
/a/1/0/7,/a/1/0/7!/member_00089,0,/a/1/0/7,236,89,,4908,4932,2136,2160,24,eef7e4629ff296eb627a2b2845da5483757045445066ef3dae8907d10b133b64,01080000000004017300000074000000,,,,,False,,,,,,,,,,False,False
/a/1/0/7,/a/1/0/7!/member_00090,0,/a/1/0/7,236,90,,4932,4956,2160,2184,24,0ab81ea00a4e0ed4405c389ef09de3c19439d7e63a901ed085b65c852e7b6ca3,ffff000000000000ffffffffffffffff,,,,,False,,,,,,,,,,False,False
/a/1/0/7,/a/1/0/7!/member_00091,0,/a/1/0/7,236,91,,4956,4980,2184,2208,24,ef2220a87b66c8a736b9feb2e83c3101ca44adb48bff8a1824d59008f28dd195,01030001040001022300000024000000,,,,,False,,,,,,,,,,False,False
/a/1/0/7,/a/1/0/7!/member_00092,0,/a/1/0/7,236,92,,4980,5004,2208,2232,24,ef2220a87b66c8a736b9feb2e83c3101ca44adb48bff8a1824d59008f28dd195,01030001040001022300000024000000,,,,,False,,,,,,,,,,False,False
/a/1/0/7,/a/1/0/7!/member_00093,0,/a/1/0/7,236,93,,5004,5028,2232,2256,24,0ab81ea00a4e0ed4405c389ef09de3c19439d7e63a901ed085b65c852e7b6ca3,ffff000000000000ffffffffffffffff,,,,,False,,,,,,,,,,False,False
/a/1/0/7,/a/1/0/7!/member_00094,0,/a/1/0/7,236,94,,5028,5052,2256,2280,24,5126bf5b73a0873ef2e7bab79fbd69de4d0a7bcae0b4382b672507835159daa2,01030001010001020100000002000000,,,,,False,,,,,,,,,,False,False
/a/1/0/7,/a/1/0/7!/member_00095,0,/a/1/0/7,236,95,,5052,5076,2280,2304,24,8a0ac3c8eff77f64cd4c5d8728b1dbe2f47d9a70fe69712bb024bbedfe99ca13,01080000000004013400000035000000,,,,,False,,,,,,,,,,False,False
/a/1/0/7,/a/1/0/7!/member_00096,0,/a/1/0/7,236,96,,5076,5100,2304,2328,24,d32c9f61d7f1de95704be372cbb6c5e4c4b90b63f1f2889cbc9d0ba9ce5e4b3a,010000000000010138000000ffffffff,,,,,False,,,,,,,,,,False,False
/a/1/0/7,/a/1/0/7!/member_00097,0,/a/1/0/7,236,97,,5100,5124,2328,2352,24,0ab81ea00a4e0ed4405c389ef09de3c19439d7e63a901ed085b65c852e7b6ca3,ffff000000000000ffffffffffffffff,,,,,False,,,,,,,,,,False,False
/a/1/0/7,/a/1/0/7!/member_00098,0,/a/1/0/7,236,98,,5124,5148,2352,2376,24,0ab81ea00a4e0ed4405c389ef09de3c19439d7e63a901ed085b65c852e7b6ca3,ffff000000000000ffffffffffffffff,,,,,False,,,,,,,,,,False,False
/a/1/0/7,/a/1/0/7!/member_00099,0,/a/1/0/7,236,99,,5148,5172,2376,2400,24,0ab81ea00a4e0ed4405c389ef09de3c19439d7e63a901ed085b65c852e7b6ca3,ffff000000000000ffffffffffffffff,,,,,False,,,,,,,,,,False,False
/a/1/0/7,/a/1/0/7!/member_00100,0,/a/1/0/7,236,100,,5172,5196,2400,2424,24,d7a06c3861438f6410cc580fe8996a1dff8ba08b10aa33d97e4a9b8c5c5f0fb5,010000000000010140000000ffffffff,,,,,False,,,,,,,,,,False,False
/a/1/0/7,/a/1/0/7!/member_00101,0,/a/1/0/7,236,101,,5196,5220,2424,2448,24,0ab81ea00a4e0ed4405c389ef09de3c19439d7e63a901ed085b65c852e7b6ca3,ffff000000000000ffffffffffffffff,,,,,False,,,,,,,,,,False,False
/a/1/0/7,/a/1/0/7!/member_00102,0,/a/1/0/7,236,102,,5220,5244,2448,2472,24,0ab81ea00a4e0ed4405c389ef09de3c19439d7e63a901ed085b65c852e7b6ca3,ffff000000000000ffffffffffffffff,,,,,False,,,,,,,,,,False,False
/a/1/0/7,/a/1/0/7!/member_00103,0,/a/1/0/7,236,103,,5244,5268,2472,2496,24,5126bf5b73a0873ef2e7bab79fbd69de4d0a7bcae0b4382b672507835159daa2,01030001010001020100000002000000,,,,,False,,,,,,,,,,False,False
/a/1/0/7,/a/1/0/7!/member_00104,0,/a/1/0/7,236,104,,5268,5292,2496,2520,24,0ab81ea00a4e0ed4405c389ef09de3c19439d7e63a901ed085b65c852e7b6ca3,ffff000000000000ffffffffffffffff,,,,,False,,,,,,,,,,False,False
/a/1/0/7,/a/1/0/7!/member_00105,0,/a/1/0/7,236,105,,5292,5316,2520,2544,24,d0ad212b8ff098b64cd788f60efb33b93e35b13d593be1cfde2b6048d0ab7a33,010000000000010141000000ffffffff,,,,,False,,,,,,,,,,False,False
/a/1/0/7,/a/1/0/7!/member_00106,0,/a/1/0/7,236,106,,5316,5340,2544,2568,24,0ab81ea00a4e0ed4405c389ef09de3c19439d7e63a901ed085b65c852e7b6ca3,ffff000000000000ffffffffffffffff,,,,,False,,,,,,,,,,False,False
/a/1/0/7,/a/1/0/7!/member_00107,0,/a/1/0/7,236,107,,5340,5364,2568,2592,24,0ab81ea00a4e0ed4405c389ef09de3c19439d7e63a901ed085b65c852e7b6ca3,ffff000000000000ffffffffffffffff,,,,,False,,,,,,,,,,False,False
/a/1/0/7,/a/1/0/7!/member_00108,0,/a/1/0/7,236,108,,5364,5388,2592,2616,24,0ab81ea00a4e0ed4405c389ef09de3c19439d7e63a901ed085b65c852e7b6ca3,ffff000000000000ffffffffffffffff,,,,,False,,,,,,,,,,False,False
/a/1/0/7,/a/1/0/7!/member_00109,0,/a/1/0/7,236,109,,5388,5412,2616,2640,24,0ab81ea00a4e0ed4405c389ef09de3c19439d7e63a901ed085b65c852e7b6ca3,ffff000000000000ffffffffffffffff,,,,,False,,,,,,,,,,False,False
/a/1/0/7,/a/1/0/7!/member_00110,0,/a/1/0/7,236,110,,5412,5436,2640,2664,24,8703b27ba811ba4eeb0eb1861ac692b55386a6476011ebf0c65ca4a5a9976a0a,01080000000004014a0000004b000000,,,,,False,,,,,,,,,,False,False
/a/1/0/7,/a/1/0/7!/member_00111,0,/a/1/0/7,236,111,,5436,5460,2664,2688,24,0ab81ea00a4e0ed4405c389ef09de3c19439d7e63a901ed085b65c852e7b6ca3,ffff000000000000ffffffffffffffff,,,,,False,,,,,,,,,,False,False
/a/1/0/7,/a/1/0/7!/member_00112,0,/a/1/0/7,236,112,,5460,5484,2688,2712,24,0ab81ea00a4e0ed4405c389ef09de3c19439d7e63a901ed085b65c852e7b6ca3,ffff000000000000ffffffffffffffff,,,,,False,,,,,,,,,,False,False
/a/1/0/7,/a/1/0/7!/member_00113,0,/a/1/0/7,236,113,,5484,5508,2712,2736,24,0ab81ea00a4e0ed4405c389ef09de3c19439d7e63a901ed085b65c852e7b6ca3,ffff000000000000ffffffffffffffff,,,,,False,,,,,,,,,,False,False
/a/1/0/7,/a/1/0/7!/member_00114,0,/a/1/0/7,236,114,,5508,5532,2736,2760,24,5126bf5b73a0873ef2e7bab79fbd69de4d0a7bcae0b4382b672507835159daa2,01030001010001020100000002000000,,,,,False,,,,,,,,,,False,False
/a/1/0/7,/a/1/0/7!/member_00115,0,/a/1/0/7,236,115,,5532,5556,2760,2784,24,0ab81ea00a4e0ed4405c389ef09de3c19439d7e63a901ed085b65c852e7b6ca3,ffff000000000000ffffffffffffffff,,,,,False,,,,,,,,,,False,False
/a/1/0/7,/a/1/0/7!/member_00116,0,/a/1/0/7,236,116,,5556,5580,2784,2808,24,5126bf5b73a0873ef2e7bab79fbd69de4d0a7bcae0b4382b672507835159daa2,01030001010001020100000002000000,,,,,False,,,,,,,,,,False,False
/a/1/0/7,/a/1/0/7!/member_00117,0,/a/1/0/7,236,117,,5580,5604,2808,2832,24,0ab81ea00a4e0ed4405c389ef09de3c19439d7e63a901ed085b65c852e7b6ca3,ffff000000000000ffffffffffffffff,,,,,False,,,,,,,,,,False,False
/a/1/0/7,/a/1/0/7!/member_00118,0,/a/1/0/7,236,118,,5604,5628,2832,2856,24,0ab81ea00a4e0ed4405c389ef09de3c19439d7e63a901ed085b65c852e7b6ca3,ffff000000000000ffffffffffffffff,,,,,False,,,,,,,,,,False,False
/a/1/0/7,/a/1/0/7!/member_00119,0,/a/1/0/7,236,119,,5628,5652,2856,2880,24,3c34a801a291211535398fd329708449f29fc33a8fadbadd2a68e5c3fec36f60,01000000000002014300000044000000,,,,,False,,,,,,,,,,False,False
/a/1/0/7,/a/1/0/7!/member_00120,0,/a/1/0/7,236,120,,5652,5676,2880,2904,24,5126bf5b73a0873ef2e7bab79fbd69de4d0a7bcae0b4382b672507835159daa2,01030001010001020100000002000000,,,,,False,,,,,,,,,,False,False
/a/1/0/7,/a/1/0/7!/member_00121,0,/a/1/0/7,236,121,,5676,5700,2904,2928,24,4fd5824e532f44f17d3c6b5049c479d575279c2fb789971906b79776ded556b6,010000000000010145000000ffffffff,,,,,False,,,,,,,,,,False,False
/a/1/0/7,/a/1/0/7!/member_00122,0,/a/1/0/7,236,122,,5700,5724,2928,2952,24,b4cb67753264efdcf3e8b8a741d49674e1b95742e19afc544c0e0d56e1c814e8,01080000000004014600000047000000,,,,,False,,,,,,,,,,False,False
/a/1/0/7,/a/1/0/7!/member_00123,0,/a/1/0/7,236,123,,5724,5748,2952,2976,24,cf3a46ff03846c317b718889bfd4fc552d8de27a529bb0143358da03d219cdbb,01080000000004014e0000004f000000,,,,,False,,,,,,,,,,False,False
/a/1/0/7,/a/1/0/7!/member_00124,0,/a/1/0/7,236,124,,5748,5772,2976,3000,24,ece393fa4ac92147f2b142a4603f4d9ea5aa6feb965ba1d2fd90ceb2431b6d1b,0103000102000102c8000000c9000000,,,,,False,,,,,,,,,,False,False
/a/1/0/7,/a/1/0/7!/member_00125,0,/a/1/0/7,236,125,,5772,5796,3000,3024,24,9af6c7811651162bfcdfbebd4e3b9a4307902d66b1bfeb4a3d20a2fd258bf72b,010000000000010153000000ffffffff,,,,,False,,,,,,,,,,False,False
/a/1/0/7,/a/1/0/7!/member_00126,0,/a/1/0/7,236,126,,5796,5820,3024,3048,24,ef32c6d15a524c2eaa2420fe2806fab3fbf920aa26f9351ca6381776ee48b0f1,01000000000002015400000055000000,,,,,False,,,,,,,,,,False,False
/a/1/0/7,/a/1/0/7!/member_00127,0,/a/1/0/7,236,127,,5820,5844,3048,3072,24,9af6c7811651162bfcdfbebd4e3b9a4307902d66b1bfeb4a3d20a2fd258bf72b,010000000000010153000000ffffffff,,,,,False,,,,,,,,,,False,False
/a/1/0/7,/a/1/0/7!/member_00128,0,/a/1/0/7,236,128,,5844,5868,3072,3096,24,9af6c7811651162bfcdfbebd4e3b9a4307902d66b1bfeb4a3d20a2fd258bf72b,010000000000010153000000ffffffff,,,,,False,,,,,,,,,,False,False
/a/1/0/7,/a/1/0/7!/member_00129,0,/a/1/0/7,236,129,,5868,5892,3096,3120,24,9af6c7811651162bfcdfbebd4e3b9a4307902d66b1bfeb4a3d20a2fd258bf72b,010000000000010153000000ffffffff,,,,,False,,,,,,,,,,False,False
/a/1/0/7,/a/1/0/7!/member_00130,0,/a/1/0/7,236,130,,5892,5916,3120,3144,24,9af6c7811651162bfcdfbebd4e3b9a4307902d66b1bfeb4a3d20a2fd258bf72b,010000000000010153000000ffffffff,,,,,False,,,,,,,,,,False,False
/a/1/0/7,/a/1/0/7!/member_00131,0,/a/1/0/7,236,131,,5916,5940,3144,3168,24,27ab7223e53ee9c89eb1eff0b87f15de93003ad65e2a14cf0c86e84609ec26f5,010000000000010109000000ffffffff,,,,,False,,,,,,,,,,False,False
/a/1/0/7,/a/1/0/7!/member_00132,0,/a/1/0/7,236,132,,5940,5964,3168,3192,24,0ab81ea00a4e0ed4405c389ef09de3c19439d7e63a901ed085b65c852e7b6ca3,ffff000000000000ffffffffffffffff,,,,,False,,,,,,,,,,False,False
/a/1/0/7,/a/1/0/7!/member_00133,0,/a/1/0/7,236,133,,5964,5988,3192,3216,24,5126bf5b73a0873ef2e7bab79fbd69de4d0a7bcae0b4382b672507835159daa2,01030001010001020100000002000000,,,,,False,,,,,,,,,,False,False
/a/1/0/7,/a/1/0/7!/member_00134,0,/a/1/0/7,236,134,,5988,6012,3216,3240,24,0ab81ea00a4e0ed4405c389ef09de3c19439d7e63a901ed085b65c852e7b6ca3,ffff000000000000ffffffffffffffff,,,,,False,,,,,,,,,,False,False
/a/1/0/7,/a/1/0/7!/member_00135,0,/a/1/0/7,236,135,,6012,6036,3240,3264,24,5126bf5b73a0873ef2e7bab79fbd69de4d0a7bcae0b4382b672507835159daa2,01030001010001020100000002000000,,,,,False,,,,,,,,,,False,False
/a/1/0/7,/a/1/0/7!/member_00136,0,/a/1/0/7,236,136,,6036,6060,3264,3288,24,0ab81ea00a4e0ed4405c389ef09de3c19439d7e63a901ed085b65c852e7b6ca3,ffff000000000000ffffffffffffffff,,,,,False,,,,,,,,,,False,False
/a/1/0/7,/a/1/0/7!/member_00137,0,/a/1/0/7,236,137,,6060,6084,3288,3312,24,0ab81ea00a4e0ed4405c389ef09de3c19439d7e63a901ed085b65c852e7b6ca3,ffff000000000000ffffffffffffffff,,,,,False,,,,,,,,,,False,False
/a/1/0/7,/a/1/0/7!/member_00138,0,/a/1/0/7,236,138,,6084,6108,3312,3336,24,0ab81ea00a4e0ed4405c389ef09de3c19439d7e63a901ed085b65c852e7b6ca3,ffff000000000000ffffffffffffffff,,,,,False,,,,,,,,,,False,False
/a/1/0/7,/a/1/0/7!/member_00139,0,/a/1/0/7,236,139,,6108,6132,3336,3360,24,0ab81ea00a4e0ed4405c389ef09de3c19439d7e63a901ed085b65c852e7b6ca3,ffff000000000000ffffffffffffffff,,,,,False,,,,,,,,,,False,False
/a/1/0/7,/a/1/0/7!/member_00140,0,/a/1/0/7,236,140,,6132,6156,3360,3384,24,0ab81ea00a4e0ed4405c389ef09de3c19439d7e63a901ed085b65c852e7b6ca3,ffff000000000000ffffffffffffffff,,,,,False,,,,,,,,,,False,False
/a/1/0/7,/a/1/0/7!/member_00141,0,/a/1/0/7,236,141,,6156,6180,3384,3408,24,ef2220a87b66c8a736b9feb2e83c3101ca44adb48bff8a1824d59008f28dd195,01030001040001022300000024000000,,,,,False,,,,,,,,,,False,False
/a/1/0/7,/a/1/0/7!/member_00142,0,/a/1/0/7,236,142,,6180,6204,3408,3432,24,27249c7d4da7eb92df6caaa999a5affd44264b7d00da8adc2f293613bacd5475,010000000000010161000000ffffffff,,,,,False,,,,,,,,,,False,False
/a/1/0/7,/a/1/0/7!/member_00143,0,/a/1/0/7,236,143,,6204,6228,3432,3456,24,389147642347ff48e9ae250752811bc6a577c56f3b3814cea0e05e5a767f76e4,010000000000010162000000ffffffff,,,,,False,,,,,,,,,,False,False
/a/1/0/7,/a/1/0/7!/member_00144,0,/a/1/0/7,236,144,,6228,6252,3456,3480,24,ef32c6d15a524c2eaa2420fe2806fab3fbf920aa26f9351ca6381776ee48b0f1,01000000000002015400000055000000,,,,,False,,,,,,,,,,False,False
/a/1/0/7,/a/1/0/7!/member_00145,0,/a/1/0/7,236,145,,6252,6276,3480,3504,24,0ab81ea00a4e0ed4405c389ef09de3c19439d7e63a901ed085b65c852e7b6ca3,ffff000000000000ffffffffffffffff,,,,,False,,,,,,,,,,False,False
/a/1/0/7,/a/1/0/7!/member_00146,0,/a/1/0/7,236,146,,6276,6300,3504,3528,24,0ab81ea00a4e0ed4405c389ef09de3c19439d7e63a901ed085b65c852e7b6ca3,ffff000000000000ffffffffffffffff,,,,,False,,,,,,,,,,False,False
/a/1/0/7,/a/1/0/7!/member_00147,0,/a/1/0/7,236,147,,6300,6324,3528,3552,24,0ab81ea00a4e0ed4405c389ef09de3c19439d7e63a901ed085b65c852e7b6ca3,ffff000000000000ffffffffffffffff,,,,,False,,,,,,,,,,False,False
/a/1/0/7,/a/1/0/7!/member_00148,0,/a/1/0/7,236,148,,6324,6348,3552,3576,24,e82b6dfaf2aef92751d3ec31aee7614eeeaf42b55011068e2d83b688fd725a06,010000000000010163000000ffffffff,,,,,False,,,,,,,,,,False,False
/a/1/0/7,/a/1/0/7!/member_00149,0,/a/1/0/7,236,149,,6348,6372,3576,3600,24,bb63f58539f1f709652115e8bb55f2078b97eb25188c4e4f50baea3c44d87ecf,01030001020001022300000024000000,,,,,False,,,,,,,,,,False,False
/a/1/0/7,/a/1/0/7!/member_00150,0,/a/1/0/7,236,150,,6372,6396,3600,3624,24,231a408e7abfeecf2f5b08b7894e95551aac55687c9ce7e2065c2de14e0af4c2,01030001030001020100000002000000,,,,,False,,,,,,,,,,False,False
/a/1/0/7,/a/1/0/7!/member_00151,0,/a/1/0/7,236,151,,6396,6420,3624,3648,24,a92641d66bad9f9117f2f1998c02ed1a14ed6aa85ac7470a8bb03b303d713d57,01030001030001026400000065000000,,,,,False,,,,,,,,,,False,False
/a/1/0/7,/a/1/0/7!/member_00152,0,/a/1/0/7,236,152,,6420,6444,3648,3672,24,ef32c6d15a524c2eaa2420fe2806fab3fbf920aa26f9351ca6381776ee48b0f1,01000000000002015400000055000000,,,,,False,,,,,,,,,,False,False
/a/1/0/7,/a/1/0/7!/member_00153,0,/a/1/0/7,236,153,,6444,6468,3672,3696,24,0ab81ea00a4e0ed4405c389ef09de3c19439d7e63a901ed085b65c852e7b6ca3,ffff000000000000ffffffffffffffff,,,,,False,,,,,,,,,,False,False
/a/1/0/7,/a/1/0/7!/member_00154,0,/a/1/0/7,236,154,,6468,6492,3696,3720,24,0ab81ea00a4e0ed4405c389ef09de3c19439d7e63a901ed085b65c852e7b6ca3,ffff000000000000ffffffffffffffff,,,,,False,,,,,,,,,,False,False
/a/1/0/7,/a/1/0/7!/member_00155,0,/a/1/0/7,236,155,,6492,6516,3720,3744,24,0ab81ea00a4e0ed4405c389ef09de3c19439d7e63a901ed085b65c852e7b6ca3,ffff000000000000ffffffffffffffff,,,,,False,,,,,,,,,,False,False
/a/1/0/7,/a/1/0/7!/member_00156,0,/a/1/0/7,236,156,,6516,6540,3744,3768,24,0ab81ea00a4e0ed4405c389ef09de3c19439d7e63a901ed085b65c852e7b6ca3,ffff000000000000ffffffffffffffff,,,,,False,,,,,,,,,,False,False
/a/1/0/7,/a/1/0/7!/member_00157,0,/a/1/0/7,236,157,,6540,6564,3768,3792,24,0ab81ea00a4e0ed4405c389ef09de3c19439d7e63a901ed085b65c852e7b6ca3,ffff000000000000ffffffffffffffff,,,,,False,,,,,,,,,,False,False
/a/1/0/7,/a/1/0/7!/member_00158,0,/a/1/0/7,236,158,,6564,6588,3792,3816,24,0ab81ea00a4e0ed4405c389ef09de3c19439d7e63a901ed085b65c852e7b6ca3,ffff000000000000ffffffffffffffff,,,,,False,,,,,,,,,,False,False
/a/1/0/7,/a/1/0/7!/member_00159,0,/a/1/0/7,236,159,,6588,6612,3816,3840,24,0ab81ea00a4e0ed4405c389ef09de3c19439d7e63a901ed085b65c852e7b6ca3,ffff000000000000ffffffffffffffff,,,,,False,,,,,,,,,,False,False
/a/1/0/7,/a/1/0/7!/member_00160,0,/a/1/0/7,236,160,,6612,6636,3840,3864,24,0ab81ea00a4e0ed4405c389ef09de3c19439d7e63a901ed085b65c852e7b6ca3,ffff000000000000ffffffffffffffff,,,,,False,,,,,,,,,,False,False
/a/1/0/7,/a/1/0/7!/member_00161,0,/a/1/0/7,236,161,,6636,6660,3864,3888,24,0ab81ea00a4e0ed4405c389ef09de3c19439d7e63a901ed085b65c852e7b6ca3,ffff000000000000ffffffffffffffff,,,,,False,,,,,,,,,,False,False
/a/1/0/7,/a/1/0/7!/member_00162,0,/a/1/0/7,236,162,,6660,6684,3888,3912,24,0ab81ea00a4e0ed4405c389ef09de3c19439d7e63a901ed085b65c852e7b6ca3,ffff000000000000ffffffffffffffff,,,,,False,,,,,,,,,,False,False
/a/1/0/7,/a/1/0/7!/member_00163,0,/a/1/0/7,236,163,,6684,6708,3912,3936,24,0ab81ea00a4e0ed4405c389ef09de3c19439d7e63a901ed085b65c852e7b6ca3,ffff000000000000ffffffffffffffff,,,,,False,,,,,,,,,,False,False
/a/1/0/7,/a/1/0/7!/member_00164,0,/a/1/0/7,236,164,,6708,6732,3936,3960,24,5126bf5b73a0873ef2e7bab79fbd69de4d0a7bcae0b4382b672507835159daa2,01030001010001020100000002000000,,,,,False,,,,,,,,,,False,False
/a/1/0/7,/a/1/0/7!/member_00165,0,/a/1/0/7,236,165,,6732,6756,3960,3984,24,0ab81ea00a4e0ed4405c389ef09de3c19439d7e63a901ed085b65c852e7b6ca3,ffff000000000000ffffffffffffffff,,,,,False,,,,,,,,,,False,False
/a/1/0/7,/a/1/0/7!/member_00166,0,/a/1/0/7,236,166,,6756,6780,3984,4008,24,bb63f58539f1f709652115e8bb55f2078b97eb25188c4e4f50baea3c44d87ecf,01030001020001022300000024000000,,,,,False,,,,,,,,,,False,False
/a/1/0/7,/a/1/0/7!/member_00167,0,/a/1/0/7,236,167,,6780,6804,4008,4032,24,0ab81ea00a4e0ed4405c389ef09de3c19439d7e63a901ed085b65c852e7b6ca3,ffff000000000000ffffffffffffffff,,,,,False,,,,,,,,,,False,False
/a/1/0/7,/a/1/0/7!/member_00168,0,/a/1/0/7,236,168,,6804,6828,4032,4056,24,e6c85b1f80ce980c4e800bbc2737860794b9880be3ef1ed99e7b271ff1c96c65,01080000000004019800000099000000,,,,,False,,,,,,,,,,False,False
/a/1/0/7,/a/1/0/7!/member_00169,0,/a/1/0/7,236,169,,6828,6852,4056,4080,24,0ab81ea00a4e0ed4405c389ef09de3c19439d7e63a901ed085b65c852e7b6ca3,ffff000000000000ffffffffffffffff,,,,,False,,,,,,,,,,False,False
/a/1/0/7,/a/1/0/7!/member_00170,0,/a/1/0/7,236,170,,6852,6876,4080,4104,24,ef32c6d15a524c2eaa2420fe2806fab3fbf920aa26f9351ca6381776ee48b0f1,01000000000002015400000055000000,,,,,False,,,,,,,,,,False,False
/a/1/0/7,/a/1/0/7!/member_00171,0,/a/1/0/7,236,171,,6876,6900,4104,4128,24,0ab81ea00a4e0ed4405c389ef09de3c19439d7e63a901ed085b65c852e7b6ca3,ffff000000000000ffffffffffffffff,,,,,False,,,,,,,,,,False,False
/a/1/0/7,/a/1/0/7!/member_00172,0,/a/1/0/7,236,172,,6900,6924,4128,4152,24,0ab81ea00a4e0ed4405c389ef09de3c19439d7e63a901ed085b65c852e7b6ca3,ffff000000000000ffffffffffffffff,,,,,False,,,,,,,,,,False,False
/a/1/0/7,/a/1/0/7!/member_00173,0,/a/1/0/7,236,173,,6924,6948,4152,4176,24,0ab81ea00a4e0ed4405c389ef09de3c19439d7e63a901ed085b65c852e7b6ca3,ffff000000000000ffffffffffffffff,,,,,False,,,,,,,,,,False,False
/a/1/0/7,/a/1/0/7!/member_00174,0,/a/1/0/7,236,174,,6948,6972,4176,4200,24,0ab81ea00a4e0ed4405c389ef09de3c19439d7e63a901ed085b65c852e7b6ca3,ffff000000000000ffffffffffffffff,,,,,False,,,,,,,,,,False,False
/a/1/0/7,/a/1/0/7!/member_00175,0,/a/1/0/7,236,175,,6972,6996,4200,4224,24,0ab81ea00a4e0ed4405c389ef09de3c19439d7e63a901ed085b65c852e7b6ca3,ffff000000000000ffffffffffffffff,,,,,False,,,,,,,,,,False,False
/a/1/0/7,/a/1/0/7!/member_00176,0,/a/1/0/7,236,176,,6996,7020,4224,4248,24,0ab81ea00a4e0ed4405c389ef09de3c19439d7e63a901ed085b65c852e7b6ca3,ffff000000000000ffffffffffffffff,,,,,False,,,,,,,,,,False,False
/a/1/0/7,/a/1/0/7!/member_00177,0,/a/1/0/7,236,177,,7020,7044,4248,4272,24,5e780eff61e6f03af626d4c9216ec77748e1291aef8949858cc49c433ed98a7d,01000000000001016d000000ffffffff,,,,,False,,,,,,,,,,False,False
/a/1/0/7,/a/1/0/7!/member_00178,0,/a/1/0/7,236,178,,7044,7068,4272,4296,24,0ab81ea00a4e0ed4405c389ef09de3c19439d7e63a901ed085b65c852e7b6ca3,ffff000000000000ffffffffffffffff,,,,,False,,,,,,,,,,False,False
/a/1/0/7,/a/1/0/7!/member_00179,0,/a/1/0/7,236,179,,7068,7092,4296,4320,24,a2fdc9e777717c70466c2723d13b7e4070302d434ce9defec21222248d2b592e,01080000000004018200000083000000,,,,,False,,,,,,,,,,False,False
/a/1/0/7,/a/1/0/7!/member_00180,0,/a/1/0/7,236,180,,7092,7116,4320,4344,24,d7e942223299229045a071a7485fba8cf1ebd1912812c1581625ff0720d03fe1,010000000000010197000000ffffffff,,,,,False,,,,,,,,,,False,False
/a/1/0/7,/a/1/0/7!/member_00181,0,/a/1/0/7,236,181,,7116,7140,4344,4368,24,0ab81ea00a4e0ed4405c389ef09de3c19439d7e63a901ed085b65c852e7b6ca3,ffff000000000000ffffffffffffffff,,,,,False,,,,,,,,,,False,False
/a/1/0/7,/a/1/0/7!/member_00182,0,/a/1/0/7,236,182,,7140,7164,4368,4392,24,00fe61177d83c96b798a158a01c10e1362575d1b6ec0ed619267a2a3526019eb,01080000000004018a0000008b000000,,,,,False,,,,,,,,,,False,False
/a/1/0/7,/a/1/0/7!/member_00183,0,/a/1/0/7,236,183,,7164,7188,4392,4416,24,0ab81ea00a4e0ed4405c389ef09de3c19439d7e63a901ed085b65c852e7b6ca3,ffff000000000000ffffffffffffffff,,,,,False,,,,,,,,,,False,False
/a/1/0/7,/a/1/0/7!/member_00184,0,/a/1/0/7,236,184,,7188,7212,4416,4440,24,0ab81ea00a4e0ed4405c389ef09de3c19439d7e63a901ed085b65c852e7b6ca3,ffff000000000000ffffffffffffffff,,,,,False,,,,,,,,,,False,False
/a/1/0/7,/a/1/0/7!/member_00185,0,/a/1/0/7,236,185,,7212,7236,4440,4464,24,f80e4a4b5df1920e1d156301c79879f602b865f41fc256e7ca2a5c2f0ba4b286,01030001020001026e0000006f000000,,,,,False,,,,,,,,,,False,False
/a/1/0/7,/a/1/0/7!/member_00186,0,/a/1/0/7,236,186,,7236,7260,4464,4488,24,94233103048feb51c2bd9ae5d735bb236cf562dd2c6ab6901094c53e22961f2a,010000000000010170000000ffffffff,,,,,False,,,,,,,,,,False,False
/a/1/0/7,/a/1/0/7!/member_00187,0,/a/1/0/7,236,187,,7260,7284,4488,4512,24,cf3a46ff03846c317b718889bfd4fc552d8de27a529bb0143358da03d219cdbb,01080000000004014e0000004f000000,,,,,False,,,,,,,,,,False,False
/a/1/0/7,/a/1/0/7!/member_00188,0,/a/1/0/7,236,188,,7284,7308,4512,4536,24,0ab81ea00a4e0ed4405c389ef09de3c19439d7e63a901ed085b65c852e7b6ca3,ffff000000000000ffffffffffffffff,,,,,False,,,,,,,,,,False,False
/a/1/0/7,/a/1/0/7!/member_00189,0,/a/1/0/7,236,189,,7308,7332,4536,4560,24,0ab81ea00a4e0ed4405c389ef09de3c19439d7e63a901ed085b65c852e7b6ca3,ffff000000000000ffffffffffffffff,,,,,False,,,,,,,,,,False,False
/a/1/0/7,/a/1/0/7!/member_00190,0,/a/1/0/7,236,190,,7332,7356,4560,4584,24,0ab81ea00a4e0ed4405c389ef09de3c19439d7e63a901ed085b65c852e7b6ca3,ffff000000000000ffffffffffffffff,,,,,False,,,,,,,,,,False,False
/a/1/0/7,/a/1/0/7!/member_00191,0,/a/1/0/7,236,191,,7356,7380,4584,4608,24,0ab81ea00a4e0ed4405c389ef09de3c19439d7e63a901ed085b65c852e7b6ca3,ffff000000000000ffffffffffffffff,,,,,False,,,,,,,,,,False,False
/a/1/0/7,/a/1/0/7!/member_00192,0,/a/1/0/7,236,192,,7380,7404,4608,4632,24,0ab81ea00a4e0ed4405c389ef09de3c19439d7e63a901ed085b65c852e7b6ca3,ffff000000000000ffffffffffffffff,,,,,False,,,,,,,,,,False,False
/a/1/0/7,/a/1/0/7!/member_00193,0,/a/1/0/7,236,193,,7404,7428,4632,4656,24,0ab81ea00a4e0ed4405c389ef09de3c19439d7e63a901ed085b65c852e7b6ca3,ffff000000000000ffffffffffffffff,,,,,False,,,,,,,,,,False,False
/a/1/0/7,/a/1/0/7!/member_00194,0,/a/1/0/7,236,194,,7428,7452,4656,4680,24,0ab81ea00a4e0ed4405c389ef09de3c19439d7e63a901ed085b65c852e7b6ca3,ffff000000000000ffffffffffffffff,,,,,False,,,,,,,,,,False,False
/a/1/0/7,/a/1/0/7!/member_00195,0,/a/1/0/7,236,195,,7452,7476,4680,4704,24,0ab81ea00a4e0ed4405c389ef09de3c19439d7e63a901ed085b65c852e7b6ca3,ffff000000000000ffffffffffffffff,,,,,False,,,,,,,,,,False,False
/a/1/0/7,/a/1/0/7!/member_00196,0,/a/1/0/7,236,196,,7476,7500,4704,4728,24,0ab81ea00a4e0ed4405c389ef09de3c19439d7e63a901ed085b65c852e7b6ca3,ffff000000000000ffffffffffffffff,,,,,False,,,,,,,,,,False,False
/a/1/0/7,/a/1/0/7!/member_00197,0,/a/1/0/7,236,197,,7500,7524,4728,4752,24,0ab81ea00a4e0ed4405c389ef09de3c19439d7e63a901ed085b65c852e7b6ca3,ffff000000000000ffffffffffffffff,,,,,False,,,,,,,,,,False,False
/a/1/0/7,/a/1/0/7!/member_00198,0,/a/1/0/7,236,198,,7524,7548,4752,4776,24,0ab81ea00a4e0ed4405c389ef09de3c19439d7e63a901ed085b65c852e7b6ca3,ffff000000000000ffffffffffffffff,,,,,False,,,,,,,,,,False,False
/a/1/0/7,/a/1/0/7!/member_00199,0,/a/1/0/7,236,199,,7548,7572,4776,4800,24,8407e39c586f9adbd66e3fbd0ca16fc6525de73a8768c4efad31156baf2b5334,0100000000000101f4000000ffffffff,,,,,False,,,,,,,,,,False,False
/a/1/0/7,/a/1/0/7!/member_00200,0,/a/1/0/7,236,200,,7572,7596,4800,4824,24,c82f1108d5335a285382c61cafef1dc58debe6d3beb9578638b301d2da5a7b56,0100000000000101f5000000ffffffff,,,,,False,,,,,,,,,,False,False
/a/1/0/7,/a/1/0/7!/member_00201,0,/a/1/0/7,236,201,,7596,7620,4824,4848,24,0ab81ea00a4e0ed4405c389ef09de3c19439d7e63a901ed085b65c852e7b6ca3,ffff000000000000ffffffffffffffff,,,,,False,,,,,,,,,,False,False
/a/1/0/7,/a/1/0/7!/member_00202,0,/a/1/0/7,236,202,,7620,7644,4848,4872,24,0ab81ea00a4e0ed4405c389ef09de3c19439d7e63a901ed085b65c852e7b6ca3,ffff000000000000ffffffffffffffff,,,,,False,,,,,,,,,,False,False
/a/1/0/7,/a/1/0/7!/member_00203,0,/a/1/0/7,236,203,,7644,7668,4872,4896,24,0ab81ea00a4e0ed4405c389ef09de3c19439d7e63a901ed085b65c852e7b6ca3,ffff000000000000ffffffffffffffff,,,,,False,,,,,,,,,,False,False
/a/1/0/7,/a/1/0/7!/member_00204,0,/a/1/0/7,236,204,,7668,7692,4896,4920,24,0ab81ea00a4e0ed4405c389ef09de3c19439d7e63a901ed085b65c852e7b6ca3,ffff000000000000ffffffffffffffff,,,,,False,,,,,,,,,,False,False
/a/1/0/7,/a/1/0/7!/member_00205,0,/a/1/0/7,236,205,,7692,7716,4920,4944,24,0ab81ea00a4e0ed4405c389ef09de3c19439d7e63a901ed085b65c852e7b6ca3,ffff000000000000ffffffffffffffff,,,,,False,,,,,,,,,,False,False
/a/1/0/7,/a/1/0/7!/member_00206,0,/a/1/0/7,236,206,,7716,7740,4944,4968,24,0ab81ea00a4e0ed4405c389ef09de3c19439d7e63a901ed085b65c852e7b6ca3,ffff000000000000ffffffffffffffff,,,,,False,,,,,,,,,,False,False
/a/1/0/7,/a/1/0/7!/member_00207,0,/a/1/0/7,236,207,,7740,7764,4968,4992,24,0ab81ea00a4e0ed4405c389ef09de3c19439d7e63a901ed085b65c852e7b6ca3,ffff000000000000ffffffffffffffff,,,,,False,,,,,,,,,,False,False
/a/1/0/7,/a/1/0/7!/member_00208,0,/a/1/0/7,236,208,,7764,7788,4992,5016,24,0ab81ea00a4e0ed4405c389ef09de3c19439d7e63a901ed085b65c852e7b6ca3,ffff000000000000ffffffffffffffff,,,,,False,,,,,,,,,,False,False
/a/1/0/7,/a/1/0/7!/member_00209,0,/a/1/0/7,236,209,,7788,7812,5016,5040,24,c5a824d62a071fc81471d3a2a092272a6609bb035bdc5b991d8efb0c421cebd7,0100000000000101fa000000ffffffff,,,,,False,,,,,,,,,,False,False
/a/1/0/7,/a/1/0/7!/member_00210,0,/a/1/0/7,236,210,,7812,7836,5040,5064,24,c1d0138e8382e6e508914dddeab707b7f81423fb960c19baf18da73af834790c,0100000000000101fb000000ffffffff,,,,,False,,,,,,,,,,False,False
/a/1/0/7,/a/1/0/7!/member_00211,0,/a/1/0/7,236,211,,7836,7860,5064,5088,24,b486e16ed6246756dacb1071cc77b8ec1f25eef7cd97d8f5db1c057aa7065022,0108000000000401f6000000f7000000,,,,,False,,,,,,,,,,False,False
/a/1/0/7,/a/1/0/7!/member_00212,0,/a/1/0/7,236,212,,7860,7884,5088,5112,24,0ab81ea00a4e0ed4405c389ef09de3c19439d7e63a901ed085b65c852e7b6ca3,ffff000000000000ffffffffffffffff,,,,,False,,,,,,,,,,False,False
/a/1/0/7,/a/1/0/7!/member_00213,0,/a/1/0/7,236,213,,7884,7908,5112,5136,24,0ab81ea00a4e0ed4405c389ef09de3c19439d7e63a901ed085b65c852e7b6ca3,ffff000000000000ffffffffffffffff,,,,,False,,,,,,,,,,False,False
/a/1/0/7,/a/1/0/7!/member_00214,0,/a/1/0/7,236,214,,7908,7932,5136,5160,24,0ab81ea00a4e0ed4405c389ef09de3c19439d7e63a901ed085b65c852e7b6ca3,ffff000000000000ffffffffffffffff,,,,,False,,,,,,,,,,False,False
/a/1/0/7,/a/1/0/7!/member_00215,0,/a/1/0/7,236,215,,7932,7956,5160,5184,24,0ab81ea00a4e0ed4405c389ef09de3c19439d7e63a901ed085b65c852e7b6ca3,ffff000000000000ffffffffffffffff,,,,,False,,,,,,,,,,False,False
/a/1/0/7,/a/1/0/7!/member_00216,0,/a/1/0/7,236,216,,7956,7980,5184,5208,24,0ab81ea00a4e0ed4405c389ef09de3c19439d7e63a901ed085b65c852e7b6ca3,ffff000000000000ffffffffffffffff,,,,,False,,,,,,,,,,False,False
/a/1/0/7,/a/1/0/7!/member_00217,0,/a/1/0/7,236,217,,7980,8004,5208,5232,24,0ab81ea00a4e0ed4405c389ef09de3c19439d7e63a901ed085b65c852e7b6ca3,ffff000000000000ffffffffffffffff,,,,,False,,,,,,,,,,False,False
/a/1/0/7,/a/1/0/7!/member_00218,0,/a/1/0/7,236,218,,8004,8028,5232,5256,24,0ab81ea00a4e0ed4405c389ef09de3c19439d7e63a901ed085b65c852e7b6ca3,ffff000000000000ffffffffffffffff,,,,,False,,,,,,,,,,False,False
/a/1/0/7,/a/1/0/7!/member_00219,0,/a/1/0/7,236,219,,8028,8052,5256,5280,24,0ab81ea00a4e0ed4405c389ef09de3c19439d7e63a901ed085b65c852e7b6ca3,ffff000000000000ffffffffffffffff,,,,,False,,,,,,,,,,False,False
/a/1/0/7,/a/1/0/7!/member_00220,0,/a/1/0/7,236,220,,8052,8076,5280,5304,24,c2d7db851b791b0bce7a693b401ff626f50bbc6d2e0155bf94b3f72b52aa7f7a,0103000101000102790000007a000000,,,,,False,,,,,,,,,,False,False
/a/1/0/7,/a/1/0/7!/member_00221,0,/a/1/0/7,236,221,,8076,8100,5304,5328,24,5126bf5b73a0873ef2e7bab79fbd69de4d0a7bcae0b4382b672507835159daa2,01030001010001020100000002000000,,,,,False,,,,,,,,,,False,False
/a/1/0/7,/a/1/0/7!/member_00222,0,/a/1/0/7,236,222,,8100,8124,5328,5352,24,f80e4a4b5df1920e1d156301c79879f602b865f41fc256e7ca2a5c2f0ba4b286,01030001020001026e0000006f000000,,,,,False,,,,,,,,,,False,False
/a/1/0/7,/a/1/0/7!/member_00223,0,/a/1/0/7,236,223,,8124,8148,5352,5376,24,8c9bffd63fbbe1f404ef4f339675dc0210cbb249319dbcc91e61b31b1f271da6,01080000000004017b0000007c000000,,,,,False,,,,,,,,,,False,False
/a/1/0/7,/a/1/0/7!/member_00224,0,/a/1/0/7,236,224,,8148,8172,5376,5400,24,a8054cdf9f2d1532860f5af845e429185fc64dec3dfc582e0b81e5a6ea7af379,01030001030001027f00000080000000,,,,,False,,,,,,,,,,False,False
/a/1/0/7,/a/1/0/7!/member_00225,0,/a/1/0/7,236,225,,8172,8196,5400,5424,24,5126bf5b73a0873ef2e7bab79fbd69de4d0a7bcae0b4382b672507835159daa2,01030001010001020100000002000000,,,,,False,,,,,,,,,,False,False
/a/1/0/7,/a/1/0/7!/member_00226,0,/a/1/0/7,236,226,,8196,8220,5424,5448,24,0222e82b96f44b5076a1469968238e2e97069def01f54edb30958c87de2ce6f2,01080000000004018600000087000000,,,,,False,,,,,,,,,,False,False
/a/1/0/7,/a/1/0/7!/member_00227,0,/a/1/0/7,236,227,,8220,8244,5448,5472,24,8a0ac3c8eff77f64cd4c5d8728b1dbe2f47d9a70fe69712bb024bbedfe99ca13,01080000000004013400000035000000,,,,,False,,,,,,,,,,False,False
/a/1/0/7,/a/1/0/7!/member_00228,0,/a/1/0/7,236,228,,8244,8268,5472,5496,24,3685e02c8a8beefbe4d917d647fcf91e2b34963fb6163777f1e70f2a755909cd,01000000000001018e000000ffffffff,,,,,False,,,,,,,,,,False,False
/a/1/0/7,/a/1/0/7!/member_00229,0,/a/1/0/7,236,229,,8268,8292,5496,5520,24,3685e02c8a8beefbe4d917d647fcf91e2b34963fb6163777f1e70f2a755909cd,01000000000001018e000000ffffffff,,,,,False,,,,,,,,,,False,False
/a/1/0/7,/a/1/0/7!/member_00230,0,/a/1/0/7,236,230,,8292,8316,5520,5544,24,3685e02c8a8beefbe4d917d647fcf91e2b34963fb6163777f1e70f2a755909cd,01000000000001018e000000ffffffff,,,,,False,,,,,,,,,,False,False
/a/1/0/7,/a/1/0/7!/member_00231,0,/a/1/0/7,236,231,,8316,8340,5544,5568,24,3685e02c8a8beefbe4d917d647fcf91e2b34963fb6163777f1e70f2a755909cd,01000000000001018e000000ffffffff,,,,,False,,,,,,,,,,False,False
/a/1/0/7,/a/1/0/7!/member_00232,0,/a/1/0/7,236,232,,8340,8364,5568,5592,24,3685e02c8a8beefbe4d917d647fcf91e2b34963fb6163777f1e70f2a755909cd,01000000000001018e000000ffffffff,,,,,False,,,,,,,,,,False,False
/a/1/0/7,/a/1/0/7!/member_00233,0,/a/1/0/7,236,233,,8364,8388,5592,5616,24,3685e02c8a8beefbe4d917d647fcf91e2b34963fb6163777f1e70f2a755909cd,01000000000001018e000000ffffffff,,,,,False,,,,,,,,,,False,False
/a/1/0/7,/a/1/0/7!/member_00234,0,/a/1/0/7,236,234,,8388,8412,5616,5640,24,0ab81ea00a4e0ed4405c389ef09de3c19439d7e63a901ed085b65c852e7b6ca3,ffff000000000000ffffffffffffffff,,,,,False,,,,,,,,,,False,False
/a/1/0/7,/a/1/0/7!/member_00235,0,/a/1/0/7,236,235,,8412,8436,5640,5664,24,0ab81ea00a4e0ed4405c389ef09de3c19439d7e63a901ed085b65c852e7b6ca3,ffff000000000000ffffffffffffffff,,,,,False,,,,,,,,,,False,False
/a/1/0/7,/a/1/0/7!/member_00236,0,/a/1/0/7,236,236,,8436,8460,5664,5688,24,0ab81ea00a4e0ed4405c389ef09de3c19439d7e63a901ed085b65c852e7b6ca3,ffff000000000000ffffffffffffffff,,,,,False,,,,,,,,,,False,False
/a/1/0/7,/a/1/0/7!/member_00237,0,/a/1/0/7,236,237,,8460,8484,5688,5712,24,0ab81ea00a4e0ed4405c389ef09de3c19439d7e63a901ed085b65c852e7b6ca3,ffff000000000000ffffffffffffffff,,,,,False,,,,,,,,,,False,False
/a/1/0/7,/a/1/0/7!/member_00238,0,/a/1/0/7,236,238,,8484,8508,5712,5736,24,0ab81ea00a4e0ed4405c389ef09de3c19439d7e63a901ed085b65c852e7b6ca3,ffff000000000000ffffffffffffffff,,,,,False,,,,,,,,,,False,False
/a/1/0/7,/a/1/0/7!/member_00239,0,/a/1/0/7,236,239,,8508,8532,5736,5760,24,0ab81ea00a4e0ed4405c389ef09de3c19439d7e63a901ed085b65c852e7b6ca3,ffff000000000000ffffffffffffffff,,,,,False,,,,,,,,,,False,False
/a/1/0/7,/a/1/0/7!/member_00240,0,/a/1/0/7,236,240,,8532,8556,5760,5784,24,0ab81ea00a4e0ed4405c389ef09de3c19439d7e63a901ed085b65c852e7b6ca3,ffff000000000000ffffffffffffffff,,,,,False,,,,,,,,,,False,False
/a/1/0/7,/a/1/0/7!/member_00241,0,/a/1/0/7,236,241,,8556,8580,5784,5808,24,4a16d3c1f82d11cfc5102364fd5b9942e1ebbd38b96ab83b904fbe9305365d3a,0108000000000401b6000000b7000000,,,,,False,,,,,,,,,,False,False
/a/1/0/7,/a/1/0/7!/member_00242,0,/a/1/0/7,236,242,,8580,8604,5808,5832,24,0ab81ea00a4e0ed4405c389ef09de3c19439d7e63a901ed085b65c852e7b6ca3,ffff000000000000ffffffffffffffff,,,,,False,,,,,,,,,,False,False
/a/1/0/7,/a/1/0/7!/member_00243,0,/a/1/0/7,236,243,,8604,8628,5832,5856,24,0ab81ea00a4e0ed4405c389ef09de3c19439d7e63a901ed085b65c852e7b6ca3,ffff000000000000ffffffffffffffff,,,,,False,,,,,,,,,,False,False
/a/1/0/7,/a/1/0/7!/member_00244,0,/a/1/0/7,236,244,,8628,8652,5856,5880,24,0ab81ea00a4e0ed4405c389ef09de3c19439d7e63a901ed085b65c852e7b6ca3,ffff000000000000ffffffffffffffff,,,,,False,,,,,,,,,,False,False
/a/1/0/7,/a/1/0/7!/member_00245,0,/a/1/0/7,236,245,,8652,8676,5880,5904,24,0ab81ea00a4e0ed4405c389ef09de3c19439d7e63a901ed085b65c852e7b6ca3,ffff000000000000ffffffffffffffff,,,,,False,,,,,,,,,,False,False
/a/1/0/7,/a/1/0/7!/member_00246,0,/a/1/0/7,236,246,,8676,8700,5904,5928,24,0ab81ea00a4e0ed4405c389ef09de3c19439d7e63a901ed085b65c852e7b6ca3,ffff000000000000ffffffffffffffff,,,,,False,,,,,,,,,,False,False
/a/1/0/7,/a/1/0/7!/member_00247,0,/a/1/0/7,236,247,,8700,8724,5928,5952,24,0ab81ea00a4e0ed4405c389ef09de3c19439d7e63a901ed085b65c852e7b6ca3,ffff000000000000ffffffffffffffff,,,,,False,,,,,,,,,,False,False
/a/1/0/7,/a/1/0/7!/member_00248,0,/a/1/0/7,236,248,,8724,8748,5952,5976,24,8a0ac3c8eff77f64cd4c5d8728b1dbe2f47d9a70fe69712bb024bbedfe99ca13,01080000000004013400000035000000,,,,,False,,,,,,,,,,False,False
/a/1/0/7,/a/1/0/7!/member_00249,0,/a/1/0/7,236,249,,8748,8772,5976,6000,24,0ab81ea00a4e0ed4405c389ef09de3c19439d7e63a901ed085b65c852e7b6ca3,ffff000000000000ffffffffffffffff,,,,,False,,,,,,,,,,False,False
/a/1/0/7,/a/1/0/7!/member_00250,0,/a/1/0/7,236,250,,8772,8796,6000,6024,24,0ab81ea00a4e0ed4405c389ef09de3c19439d7e63a901ed085b65c852e7b6ca3,ffff000000000000ffffffffffffffff,,,,,False,,,,,,,,,,False,False
/a/1/0/7,/a/1/0/7!/member_00251,0,/a/1/0/7,236,251,,8796,8820,6024,6048,24,0ab81ea00a4e0ed4405c389ef09de3c19439d7e63a901ed085b65c852e7b6ca3,ffff000000000000ffffffffffffffff,,,,,False,,,,,,,,,,False,False
/a/1/0/7,/a/1/0/7!/member_00252,0,/a/1/0/7,236,252,,8820,8844,6048,6072,24,0ab81ea00a4e0ed4405c389ef09de3c19439d7e63a901ed085b65c852e7b6ca3,ffff000000000000ffffffffffffffff,,,,,False,,,,,,,,,,False,False
/a/1/0/7,/a/1/0/7!/member_00253,0,/a/1/0/7,236,253,,8844,8868,6072,6096,24,0ab81ea00a4e0ed4405c389ef09de3c19439d7e63a901ed085b65c852e7b6ca3,ffff000000000000ffffffffffffffff,,,,,False,,,,,,,,,,False,False
/a/1/0/7,/a/1/0/7!/member_00254,0,/a/1/0/7,236,254,,8868,8892,6096,6120,24,0ab81ea00a4e0ed4405c389ef09de3c19439d7e63a901ed085b65c852e7b6ca3,ffff000000000000ffffffffffffffff,,,,,False,,,,,,,,,,False,False
/a/1/0/7,/a/1/0/7!/member_00255,0,/a/1/0/7,236,255,,8892,8916,6120,6144,24,0ab81ea00a4e0ed4405c389ef09de3c19439d7e63a901ed085b65c852e7b6ca3,ffff000000000000ffffffffffffffff,,,,,False,,,,,,,,,,False,False
/a/1/0/7,/a/1/0/7!/member_00256,0,/a/1/0/7,236,256,,8916,8940,6144,6168,24,9d6cbd704f969c3f8571349238628e8d82787ef948a1dd6331d2c18ed78afb58,01080000000004019c0000009d000000,,,,,False,,,,,,,,,,False,False
/a/1/0/7,/a/1/0/7!/member_00257,0,/a/1/0/7,236,257,,8940,8964,6168,6192,24,9d6cbd704f969c3f8571349238628e8d82787ef948a1dd6331d2c18ed78afb58,01080000000004019c0000009d000000,,,,,False,,,,,,,,,,False,False
/a/1/0/7,/a/1/0/7!/member_00258,0,/a/1/0/7,236,258,,8964,8988,6192,6216,24,0ab81ea00a4e0ed4405c389ef09de3c19439d7e63a901ed085b65c852e7b6ca3,ffff000000000000ffffffffffffffff,,,,,False,,,,,,,,,,False,False
/a/1/0/7,/a/1/0/7!/member_00259,0,/a/1/0/7,236,259,,8988,9012,6216,6240,24,5126bf5b73a0873ef2e7bab79fbd69de4d0a7bcae0b4382b672507835159daa2,01030001010001020100000002000000,,,,,False,,,,,,,,,,False,False
/a/1/0/7,/a/1/0/7!/member_00260,0,/a/1/0/7,236,260,,9012,9036,6240,6264,24,bb63f58539f1f709652115e8bb55f2078b97eb25188c4e4f50baea3c44d87ecf,01030001020001022300000024000000,,,,,False,,,,,,,,,,False,False
/a/1/0/7,/a/1/0/7!/member_00261,0,/a/1/0/7,236,261,,9036,9060,6264,6288,24,f80e4a4b5df1920e1d156301c79879f602b865f41fc256e7ca2a5c2f0ba4b286,01030001020001026e0000006f000000,,,,,False,,,,,,,,,,False,False
/a/1/0/7,/a/1/0/7!/member_00262,0,/a/1/0/7,236,262,,9060,9084,6288,6312,24,dd98576e55197ea790474f03fbff4376dc63bdc39cdce66a443d6e23a6c4b105,0108000000000401a9000000aa000000,,,,,False,,,,,,,,,,False,False
/a/1/0/7,/a/1/0/7!/member_00263,0,/a/1/0/7,236,263,,9084,9108,6312,6336,24,430c36734bf1570e77f7119a70764916241bb3d7cb91e342af69c36ae6cefb7e,0100000000000101a0000000ffffffff,,,,,False,,,,,,,,,,False,False
/a/1/0/7,/a/1/0/7!/member_00264,0,/a/1/0/7,236,264,,9108,9132,6336,6360,24,d39527d6a62adc888456fcccbf998a1ac1bc2e01f97f877f52a107b9b14d7184,0100000000000101a1000000ffffffff,,,,,False,,,,,,,,,,False,False
/a/1/0/7,/a/1/0/7!/member_00265,0,/a/1/0/7,236,265,,9132,9156,6360,6384,24,8c9e577fc61d516a1f85a903d94eff594edc8fa1fb307d0624c80bcc0a5032b3,0100000000000101a2000000ffffffff,,,,,False,,,,,,,,,,False,False
/a/1/0/7,/a/1/0/7!/member_00266,0,/a/1/0/7,236,266,,9156,9180,6384,6408,24,669e3648602fd8972ea627a5b2c28d61fea49ed8256fb01ddfe6cc0fd80c168e,0100000000000101a3000000ffffffff,,,,,False,,,,,,,,,,False,False
/a/1/0/7,/a/1/0/7!/member_00267,0,/a/1/0/7,236,267,,9180,9204,6408,6432,24,be55c398d45ed63ae2fd1d49e1a3372e403967fc994baaa85886f235ac0ca23a,0100000000000101a4000000ffffffff,,,,,False,,,,,,,,,,False,False
/a/1/0/7,/a/1/0/7!/member_00268,0,/a/1/0/7,236,268,,9204,9228,6432,6456,24,b20e570bf71189b2bd2bd6b9cd0cc14baaa2a79dbcbc4eed3a9d1dce93d07a05,0100000000000101a5000000ffffffff,,,,,False,,,,,,,,,,False,False
/a/1/0/7,/a/1/0/7!/member_00269,0,/a/1/0/7,236,269,,9228,9252,6456,6480,24,e52a24c14b6180fec9770748d354f15a004292c18b37b2875851f7ac0e7de453,0103000102000102a6000000a7000000,,,,,False,,,,,,,,,,False,False
/a/1/0/7,/a/1/0/7!/member_00270,0,/a/1/0/7,236,270,,9252,9276,6480,6504,24,3cf47dc143acf1a4c808075d913809f8017cdb7c66ddd41baf07de2020a4ca35,0100000000000101a8000000ffffffff,,,,,False,,,,,,,,,,False,False
/a/1/0/7,/a/1/0/7!/member_00271,0,/a/1/0/7,236,271,,9276,9300,6504,6528,24,0ab81ea00a4e0ed4405c389ef09de3c19439d7e63a901ed085b65c852e7b6ca3,ffff000000000000ffffffffffffffff,,,,,False,,,,,,,,,,False,False
/a/1/0/7,/a/1/0/7!/member_00272,0,/a/1/0/7,236,272,,9300,9324,6528,6552,24,0ab81ea00a4e0ed4405c389ef09de3c19439d7e63a901ed085b65c852e7b6ca3,ffff000000000000ffffffffffffffff,,,,,False,,,,,,,,,,False,False
/a/1/0/7,/a/1/0/7!/member_00273,0,/a/1/0/7,236,273,,9324,9348,6552,6576,24,5126bf5b73a0873ef2e7bab79fbd69de4d0a7bcae0b4382b672507835159daa2,01030001010001020100000002000000,,,,,False,,,,,,,,,,False,False
/a/1/0/7,/a/1/0/7!/member_00274,0,/a/1/0/7,236,274,,9348,9372,6576,6600,24,5126bf5b73a0873ef2e7bab79fbd69de4d0a7bcae0b4382b672507835159daa2,01030001010001020100000002000000,,,,,False,,,,,,,,,,False,False
/a/1/0/7,/a/1/0/7!/member_00275,0,/a/1/0/7,236,275,,9372,9396,6600,6624,24,0ab81ea00a4e0ed4405c389ef09de3c19439d7e63a901ed085b65c852e7b6ca3,ffff000000000000ffffffffffffffff,,,,,False,,,,,,,,,,False,False
/a/1/0/7,/a/1/0/7!/member_00276,0,/a/1/0/7,236,276,,9396,9420,6624,6648,24,0ab81ea00a4e0ed4405c389ef09de3c19439d7e63a901ed085b65c852e7b6ca3,ffff000000000000ffffffffffffffff,,,,,False,,,,,,,,,,False,False
/a/1/0/7,/a/1/0/7!/member_00277,0,/a/1/0/7,236,277,,9420,9444,6648,6672,24,0ab81ea00a4e0ed4405c389ef09de3c19439d7e63a901ed085b65c852e7b6ca3,ffff000000000000ffffffffffffffff,,,,,False,,,,,,,,,,False,False
/a/1/0/7,/a/1/0/7!/member_00278,0,/a/1/0/7,236,278,,9444,9468,6672,6696,24,0ab81ea00a4e0ed4405c389ef09de3c19439d7e63a901ed085b65c852e7b6ca3,ffff000000000000ffffffffffffffff,,,,,False,,,,,,,,,,False,False
/a/1/0/7,/a/1/0/7!/member_00279,0,/a/1/0/7,236,279,,9468,9492,6696,6720,24,0ab81ea00a4e0ed4405c389ef09de3c19439d7e63a901ed085b65c852e7b6ca3,ffff000000000000ffffffffffffffff,,,,,False,,,,,,,,,,False,False
/a/1/0/7,/a/1/0/7!/member_00280,0,/a/1/0/7,236,280,,9492,9516,6720,6744,24,c4258dab21831fdd4c07d0a6c6ba27ac4a9abc47fa6c05ecad42f3cc0730b1a7,0108000000000401bb000000bc000000,,,,,False,,,,,,,,,,False,False
/a/1/0/7,/a/1/0/7!/member_00281,0,/a/1/0/7,236,281,,9516,9540,6744,6768,24,c4258dab21831fdd4c07d0a6c6ba27ac4a9abc47fa6c05ecad42f3cc0730b1a7,0108000000000401bb000000bc000000,,,,,False,,,,,,,,,,False,False
/a/1/0/7,/a/1/0/7!/member_00282,0,/a/1/0/7,236,282,,9540,9564,6768,6792,24,c4258dab21831fdd4c07d0a6c6ba27ac4a9abc47fa6c05ecad42f3cc0730b1a7,0108000000000401bb000000bc000000,,,,,False,,,,,,,,,,False,False
/a/1/0/7,/a/1/0/7!/member_00283,0,/a/1/0/7,236,283,,9564,9588,6792,6816,24,0ab81ea00a4e0ed4405c389ef09de3c19439d7e63a901ed085b65c852e7b6ca3,ffff000000000000ffffffffffffffff,,,,,False,,,,,,,,,,False,False
/a/1/0/7,/a/1/0/7!/member_00284,0,/a/1/0/7,236,284,,9588,9612,6816,6840,24,0ab81ea00a4e0ed4405c389ef09de3c19439d7e63a901ed085b65c852e7b6ca3,ffff000000000000ffffffffffffffff,,,,,False,,,,,,,,,,False,False
/a/1/0/7,/a/1/0/7!/member_00285,0,/a/1/0/7,236,285,,9612,9636,6840,6864,24,0ab81ea00a4e0ed4405c389ef09de3c19439d7e63a901ed085b65c852e7b6ca3,ffff000000000000ffffffffffffffff,,,,,False,,,,,,,,,,False,False
/a/1/0/7,/a/1/0/7!/member_00286,0,/a/1/0/7,236,286,,9636,9660,6864,6888,24,5126bf5b73a0873ef2e7bab79fbd69de4d0a7bcae0b4382b672507835159daa2,01030001010001020100000002000000,,,,,False,,,,,,,,,,False,False
/a/1/0/7,/a/1/0/7!/member_00287,0,/a/1/0/7,236,287,,9660,9684,6888,6912,24,5126bf5b73a0873ef2e7bab79fbd69de4d0a7bcae0b4382b672507835159daa2,01030001010001020100000002000000,,,,,False,,,,,,,,,,False,False
/a/1/0/7,/a/1/0/7!/member_00288,0,/a/1/0/7,236,288,,9684,9708,6912,6936,24,5126bf5b73a0873ef2e7bab79fbd69de4d0a7bcae0b4382b672507835159daa2,01030001010001020100000002000000,,,,,False,,,,,,,,,,False,False
/a/1/0/7,/a/1/0/7!/member_00289,0,/a/1/0/7,236,289,,9708,9732,6936,6960,24,5126bf5b73a0873ef2e7bab79fbd69de4d0a7bcae0b4382b672507835159daa2,01030001010001020100000002000000,,,,,False,,,,,,,,,,False,False
/a/1/0/7,/a/1/0/7!/member_00290,0,/a/1/0/7,236,290,,9732,9756,6960,6984,24,0ab81ea00a4e0ed4405c389ef09de3c19439d7e63a901ed085b65c852e7b6ca3,ffff000000000000ffffffffffffffff,,,,,False,,,,,,,,,,False,False
/a/1/0/7,/a/1/0/7!/member_00291,0,/a/1/0/7,236,291,,9756,9780,6984,7008,24,2e8bd9653fb29ca362e67ce322455476ec30349614cad827b2bd4f881cd9a3af,0100000000000101bf000000ffffffff,,,,,False,,,,,,,,,,False,False
/a/1/0/7,/a/1/0/7!/member_00292,0,/a/1/0/7,236,292,,9780,9804,7008,7032,24,0ab81ea00a4e0ed4405c389ef09de3c19439d7e63a901ed085b65c852e7b6ca3,ffff000000000000ffffffffffffffff,,,,,False,,,,,,,,,,False,False
/a/1/0/7,/a/1/0/7!/member_00293,0,/a/1/0/7,236,293,,9804,9828,7032,7056,24,0ab81ea00a4e0ed4405c389ef09de3c19439d7e63a901ed085b65c852e7b6ca3,ffff000000000000ffffffffffffffff,,,,,False,,,,,,,,,,False,False
/a/1/0/7,/a/1/0/7!/member_00294,0,/a/1/0/7,236,294,,9828,9852,7056,7080,24,0ab81ea00a4e0ed4405c389ef09de3c19439d7e63a901ed085b65c852e7b6ca3,ffff000000000000ffffffffffffffff,,,,,False,,,,,,,,,,False,False
/a/1/0/7,/a/1/0/7!/member_00295,0,/a/1/0/7,236,295,,9852,9876,7080,7104,24,0ab81ea00a4e0ed4405c389ef09de3c19439d7e63a901ed085b65c852e7b6ca3,ffff000000000000ffffffffffffffff,,,,,False,,,,,,,,,,False,False
/a/1/0/7,/a/1/0/7!/member_00296,0,/a/1/0/7,236,296,,9876,9900,7104,7128,24,d37688a2d6e226355ef4c8700842af1a87ce2360b84e54ea376679db19f45e07,0100000000000201cc000000cd000000,,,,,False,,,,,,,,,,False,False
/a/1/0/7,/a/1/0/7!/member_00297,0,/a/1/0/7,236,297,,9900,9924,7128,7152,24,0ab81ea00a4e0ed4405c389ef09de3c19439d7e63a901ed085b65c852e7b6ca3,ffff000000000000ffffffffffffffff,,,,,False,,,,,,,,,,False,False
/a/1/0/7,/a/1/0/7!/member_00298,0,/a/1/0/7,236,298,,9924,9948,7152,7176,24,0ab81ea00a4e0ed4405c389ef09de3c19439d7e63a901ed085b65c852e7b6ca3,ffff000000000000ffffffffffffffff,,,,,False,,,,,,,,,,False,False
/a/1/0/7,/a/1/0/7!/member_00299,0,/a/1/0/7,236,299,,9948,9972,7176,7200,24,0ab81ea00a4e0ed4405c389ef09de3c19439d7e63a901ed085b65c852e7b6ca3,ffff000000000000ffffffffffffffff,,,,,False,,,,,,,,,,False,False
/a/1/0/7,/a/1/0/7!/member_00300,0,/a/1/0/7,236,300,,9972,9996,7200,7224,24,0ab81ea00a4e0ed4405c389ef09de3c19439d7e63a901ed085b65c852e7b6ca3,ffff000000000000ffffffffffffffff,,,,,False,,,,,,,,,,False,False
/a/1/0/7,/a/1/0/7!/member_00301,0,/a/1/0/7,236,301,,9996,10020,7224,7248,24,5126bf5b73a0873ef2e7bab79fbd69de4d0a7bcae0b4382b672507835159daa2,01030001010001020100000002000000,,,,,False,,,,,,,,,,False,False
/a/1/0/7,/a/1/0/7!/member_00302,0,/a/1/0/7,236,302,,10020,10044,7248,7272,24,8c9bffd63fbbe1f404ef4f339675dc0210cbb249319dbcc91e61b31b1f271da6,01080000000004017b0000007c000000,,,,,False,,,,,,,,,,False,False
/a/1/0/7,/a/1/0/7!/member_00303,0,/a/1/0/7,236,303,,10044,10068,7272,7296,24,282af5ea5b29421a96b99fec6e8ade658f5c9a3d62f984d71754b4ed5470fdd9,0108000000000401cf000000d0000000,,,,,False,,,,,,,,,,False,False
/a/1/0/7,/a/1/0/7!/member_00304,0,/a/1/0/7,236,304,,10068,10092,7296,7320,24,cd29a7c14e2787fb8665f7ac789b18ca5c7f764e9bd89e5fd42b013271938069,0102000000000202d3000000d4000000,,,,,False,,,,,,,,,,False,False
/a/1/0/7,/a/1/0/7!/member_00305,0,/a/1/0/7,236,305,,10092,10116,7320,7344,24,73a85366b7d2f8c6af2e6162679515bc17b0ab903eb111d5a11fefedfdc838eb,0102000000000202d7000000d8000000,,,,,False,,,,,,,,,,False,False
/a/1/0/7,/a/1/0/7!/member_00306,0,/a/1/0/7,236,306,,10116,10140,7344,7368,24,5126bf5b73a0873ef2e7bab79fbd69de4d0a7bcae0b4382b672507835159daa2,01030001010001020100000002000000,,,,,False,,,,,,,,,,False,False
/a/1/0/7,/a/1/0/7!/member_00307,0,/a/1/0/7,236,307,,10140,10164,7368,7392,24,5126bf5b73a0873ef2e7bab79fbd69de4d0a7bcae0b4382b672507835159daa2,01030001010001020100000002000000,,,,,False,,,,,,,,,,False,False
/a/1/0/7,/a/1/0/7!/member_00308,0,/a/1/0/7,236,308,,10164,10188,7392,7416,24,0ab81ea00a4e0ed4405c389ef09de3c19439d7e63a901ed085b65c852e7b6ca3,ffff000000000000ffffffffffffffff,,,,,False,,,,,,,,,,False,False
/a/1/0/7,/a/1/0/7!/member_00309,0,/a/1/0/7,236,309,,10188,10212,7416,7440,24,0ab81ea00a4e0ed4405c389ef09de3c19439d7e63a901ed085b65c852e7b6ca3,ffff000000000000ffffffffffffffff,,,,,False,,,,,,,,,,False,False
/a/1/0/7,/a/1/0/7!/member_00310,0,/a/1/0/7,236,310,,10212,10236,7440,7464,24,5126bf5b73a0873ef2e7bab79fbd69de4d0a7bcae0b4382b672507835159daa2,01030001010001020100000002000000,,,,,False,,,,,,,,,,False,False
/a/1/0/7,/a/1/0/7!/member_00311,0,/a/1/0/7,236,311,,10236,10260,7464,7488,24,5126bf5b73a0873ef2e7bab79fbd69de4d0a7bcae0b4382b672507835159daa2,01030001010001020100000002000000,,,,,False,,,,,,,,,,False,False
/a/1/0/7,/a/1/0/7!/member_00312,0,/a/1/0/7,236,312,,10260,10284,7488,7512,24,0ab81ea00a4e0ed4405c389ef09de3c19439d7e63a901ed085b65c852e7b6ca3,ffff000000000000ffffffffffffffff,,,,,False,,,,,,,,,,False,False
/a/1/0/7,/a/1/0/7!/member_00313,0,/a/1/0/7,236,313,,10284,10308,7512,7536,24,0ab81ea00a4e0ed4405c389ef09de3c19439d7e63a901ed085b65c852e7b6ca3,ffff000000000000ffffffffffffffff,,,,,False,,,,,,,,,,False,False
/a/1/0/7,/a/1/0/7!/member_00314,0,/a/1/0/7,236,314,,10308,10332,7536,7560,24,0ab81ea00a4e0ed4405c389ef09de3c19439d7e63a901ed085b65c852e7b6ca3,ffff000000000000ffffffffffffffff,,,,,False,,,,,,,,,,False,False
/a/1/0/7,/a/1/0/7!/member_00315,0,/a/1/0/7,236,315,,10332,10356,7560,7584,24,0ab81ea00a4e0ed4405c389ef09de3c19439d7e63a901ed085b65c852e7b6ca3,ffff000000000000ffffffffffffffff,,,,,False,,,,,,,,,,False,False
/a/1/0/7,/a/1/0/7!/member_00316,0,/a/1/0/7,236,316,,10356,10380,7584,7608,24,0ab81ea00a4e0ed4405c389ef09de3c19439d7e63a901ed085b65c852e7b6ca3,ffff000000000000ffffffffffffffff,,,,,False,,,,,,,,,,False,False
/a/1/0/7,/a/1/0/7!/member_00317,0,/a/1/0/7,236,317,,10380,10404,7608,7632,24,0ab81ea00a4e0ed4405c389ef09de3c19439d7e63a901ed085b65c852e7b6ca3,ffff000000000000ffffffffffffffff,,,,,False,,,,,,,,,,False,False
/a/1/0/7,/a/1/0/7!/member_00318,0,/a/1/0/7,236,318,,10404,10428,7632,7656,24,0ab81ea00a4e0ed4405c389ef09de3c19439d7e63a901ed085b65c852e7b6ca3,ffff000000000000ffffffffffffffff,,,,,False,,,,,,,,,,False,False
/a/1/0/7,/a/1/0/7!/member_00319,0,/a/1/0/7,236,319,,10428,10452,7656,7680,24,ef32c6d15a524c2eaa2420fe2806fab3fbf920aa26f9351ca6381776ee48b0f1,01000000000002015400000055000000,,,,,False,,,,,,,,,,False,False
/a/1/0/7,/a/1/0/7!/member_00320,0,/a/1/0/7,236,320,,10452,10476,7680,7704,24,ef32c6d15a524c2eaa2420fe2806fab3fbf920aa26f9351ca6381776ee48b0f1,01000000000002015400000055000000,,,,,False,,,,,,,,,,False,False
/a/1/0/7,/a/1/0/7!/member_00321,0,/a/1/0/7,236,321,,10476,10500,7704,7728,24,064c35d37cba05d66b4cc6aa05b4ab0063e4816d4840d8eefb6cdf7a73b2ae65,0108000000000401e4000000e5000000,,,,,False,,,,,,,,,,False,False
/a/1/0/7,/a/1/0/7!/member_00322,0,/a/1/0/7,236,322,,10500,10524,7728,7752,24,62fb86c9cc4b4a01a03415752e35827a3dcdea7962d61683496c6f66d7ff099c,0108000000000401e8000000e9000000,,,,,False,,,,,,,,,,False,False
/a/1/0/7,/a/1/0/7!/member_00323,0,/a/1/0/7,236,323,,10524,10548,7752,7776,24,08cd34a8975705808a5673bcb1e2d442c96e3acdecc7fa58dfa52dc06a368e26,0100000000000101ec000000ed000000,,,,,False,,,,,,,,,,False,False
/a/1/0/7,/a/1/0/7!/member_00324,0,/a/1/0/7,236,324,,10548,10572,7776,7800,24,c4ca38087c6c06c9ddbd017e290efddf69bc94507b8ce808ce701b104427291d,0100000000000201ee000000ef000000,,,,,False,,,,,,,,,,False,False
/a/1/0/7,/a/1/0/7!/member_00325,0,/a/1/0/7,236,325,,10572,10596,7800,7824,24,4692e7dc53d71f1d01ad7a053ceae3d62b770aaf2a8bce7e5f99db2c5be4028f,0100000000000201f0000000f1000000,,,,,False,,,,,,,,,,False,False
/a/1/0/7,/a/1/0/7!/member_00326,0,/a/1/0/7,236,326,,10596,10620,7824,7848,24,fe56385154502e4ccce1b37246f9a7d7524abd01667a502cf0e63db55fc9ae54,0100000000000201f2000000f3000000,,,,,False,,,,,,,,,,False,False
/a/1/0/7,/a/1/0/7!/member_00327,0,/a/1/0/7,236,327,,10620,10644,7848,7872,24,e91a7fbd9e4030c1abe6e416debed489dce85098eba1390b9af074686c2b6833,0108000000000401fe000000ff000000,,,,,False,,,,,,,,,,False,False
/a/1/0/7,/a/1/0/7!/member_00328,0,/a/1/0/7,236,328,,10644,10668,7872,7896,24,2b0097c677caaece58c605489a0fb3cd6f77676eadb135389506f56cafc2b03c,010000000000010104010000ffffffff,,,,,False,,,,,,,,,,False,False
/a/1/0/7,/a/1/0/7!/member_00329,0,/a/1/0/7,236,329,,10668,10692,7896,7920,24,84de0c0733d9ff51b96cbcd87650e45d971d597bca0e51d105cebd2f94ccd50b,01080000000004010601000007010000,,,,,False,,,,,,,,,,False,False
/a/1/0/7,/a/1/0/7!/member_00330,0,/a/1/0/7,236,330,,10692,10716,7920,7944,24,84de0c0733d9ff51b96cbcd87650e45d971d597bca0e51d105cebd2f94ccd50b,01080000000004010601000007010000,,,,,False,,,,,,,,,,False,False
/a/1/0/7,/a/1/0/7!/member_00331,0,/a/1/0/7,236,331,,10716,10740,7944,7968,24,8c9bffd63fbbe1f404ef4f339675dc0210cbb249319dbcc91e61b31b1f271da6,01080000000004017b0000007c000000,,,,,False,,,,,,,,,,False,False
/a/1/0/7,/a/1/0/7!/member_00332,0,/a/1/0/7,236,332,,10740,10764,7968,7992,24,84de0c0733d9ff51b96cbcd87650e45d971d597bca0e51d105cebd2f94ccd50b,01080000000004010601000007010000,,,,,False,,,,,,,,,,False,False
/a/1/0/7,/a/1/0/7!/member_00333,0,/a/1/0/7,236,333,,10764,10788,7992,8016,24,84de0c0733d9ff51b96cbcd87650e45d971d597bca0e51d105cebd2f94ccd50b,01080000000004010601000007010000,,,,,False,,,,,,,,,,False,False
/a/1/0/7,/a/1/0/7!/member_00334,0,/a/1/0/7,236,334,,10788,10812,8016,8040,24,84de0c0733d9ff51b96cbcd87650e45d971d597bca0e51d105cebd2f94ccd50b,01080000000004010601000007010000,,,,,False,,,,,,,,,,False,False
/a/1/0/7,/a/1/0/7!/member_00335,0,/a/1/0/7,236,335,,10812,10836,8040,8064,24,0ab81ea00a4e0ed4405c389ef09de3c19439d7e63a901ed085b65c852e7b6ca3,ffff000000000000ffffffffffffffff,,,,,False,,,,,,,,,,False,False
/a/1/0/7,/a/1/0/7!/member_00336,0,/a/1/0/7,236,336,,10836,10860,8064,8088,24,5126bf5b73a0873ef2e7bab79fbd69de4d0a7bcae0b4382b672507835159daa2,01030001010001020100000002000000,,,,,False,,,,,,,,,,False,False
/a/1/0/7,/a/1/0/7!/member_00337,0,/a/1/0/7,236,337,,10860,10884,8088,8112,24,ee9cff872ea5f31a4c749d0480a93d57bfbf4d5c4be581f077e60c4c3a6ea1f8,01000000000001015f00000060000000,,,,,False,,,,,,,,,,False,False
/a/1/0/7,/a/1/0/7!/member_00338,0,/a/1/0/7,236,338,,10884,10908,8112,8136,24,0ab81ea00a4e0ed4405c389ef09de3c19439d7e63a901ed085b65c852e7b6ca3,ffff000000000000ffffffffffffffff,,,,,False,,,,,,,,,,False,False
/a/1/0/7,/a/1/0/7!/member_00339,0,/a/1/0/7,236,339,,10908,10932,8136,8160,24,0ab81ea00a4e0ed4405c389ef09de3c19439d7e63a901ed085b65c852e7b6ca3,ffff000000000000ffffffffffffffff,,,,,False,,,,,,,,,,False,False
/a/1/0/8,/a/1/0/8!/member_00000,0,/a/1/0/8,237,0,,1828,1852,0,24,24,0ab81ea00a4e0ed4405c389ef09de3c19439d7e63a901ed085b65c852e7b6ca3,ffff000000000000ffffffffffffffff,,,,,False,,,,,,,,,,False,False
/a/1/0/8,/a/1/0/8!/member_00001,0,/a/1/0/8,237,1,,1852,1876,24,48,24,0ab81ea00a4e0ed4405c389ef09de3c19439d7e63a901ed085b65c852e7b6ca3,ffff000000000000ffffffffffffffff,,,,,False,,,,,,,,,,False,False
/a/1/0/8,/a/1/0/8!/member_00002,0,/a/1/0/8,237,2,,1876,1900,48,72,24,0ab81ea00a4e0ed4405c389ef09de3c19439d7e63a901ed085b65c852e7b6ca3,ffff000000000000ffffffffffffffff,,,,,False,,,,,,,,,,False,False
/a/1/0/8,/a/1/0/8!/member_00003,0,/a/1/0/8,237,3,,1900,1924,72,96,24,0ab81ea00a4e0ed4405c389ef09de3c19439d7e63a901ed085b65c852e7b6ca3,ffff000000000000ffffffffffffffff,,,,,False,,,,,,,,,,False,False
/a/1/0/8,/a/1/0/8!/member_00004,0,/a/1/0/8,237,4,,1924,1948,96,120,24,0ab81ea00a4e0ed4405c389ef09de3c19439d7e63a901ed085b65c852e7b6ca3,ffff000000000000ffffffffffffffff,,,,,False,,,,,,,,,,False,False
/a/1/0/8,/a/1/0/8!/member_00005,0,/a/1/0/8,237,5,,1948,1972,120,144,24,0ab81ea00a4e0ed4405c389ef09de3c19439d7e63a901ed085b65c852e7b6ca3,ffff000000000000ffffffffffffffff,,,,,False,,,,,,,,,,False,False
/a/1/0/8,/a/1/0/8!/member_00006,0,/a/1/0/8,237,6,,1972,1996,144,168,24,0ab81ea00a4e0ed4405c389ef09de3c19439d7e63a901ed085b65c852e7b6ca3,ffff000000000000ffffffffffffffff,,,,,False,,,,,,,,,,False,False
/a/1/0/8,/a/1/0/8!/member_00007,0,/a/1/0/8,237,7,,1996,2020,168,192,24,0ab81ea00a4e0ed4405c389ef09de3c19439d7e63a901ed085b65c852e7b6ca3,ffff000000000000ffffffffffffffff,,,,,False,,,,,,,,,,False,False
/a/1/0/8,/a/1/0/8!/member_00008,0,/a/1/0/8,237,8,,2020,2044,192,216,24,0ab81ea00a4e0ed4405c389ef09de3c19439d7e63a901ed085b65c852e7b6ca3,ffff000000000000ffffffffffffffff,,,,,False,,,,,,,,,,False,False
/a/1/0/8,/a/1/0/8!/member_00009,0,/a/1/0/8,237,9,,2044,2068,216,240,24,0ab81ea00a4e0ed4405c389ef09de3c19439d7e63a901ed085b65c852e7b6ca3,ffff000000000000ffffffffffffffff,,,,,False,,,,,,,,,,False,False
/a/1/0/8,/a/1/0/8!/member_00010,0,/a/1/0/8,237,10,,2068,2092,240,264,24,0ab81ea00a4e0ed4405c389ef09de3c19439d7e63a901ed085b65c852e7b6ca3,ffff000000000000ffffffffffffffff,,,,,False,,,,,,,,,,False,False
/a/1/0/8,/a/1/0/8!/member_00011,0,/a/1/0/8,237,11,,2092,2116,264,288,24,c41fd8f441e79d05b7f7d824ccf550370d486147e63768780d0b21650cfe7f48,01030000000001013e000000ffffffff,,,,,False,,,,,,,,,,False,False
/a/1/0/8,/a/1/0/8!/member_00012,0,/a/1/0/8,237,12,,2116,2140,288,312,24,c41fd8f441e79d05b7f7d824ccf550370d486147e63768780d0b21650cfe7f48,01030000000001013e000000ffffffff,,,,,False,,,,,,,,,,False,False
/a/1/0/8,/a/1/0/8!/member_00013,0,/a/1/0/8,237,13,,2140,2164,312,336,24,847ffb192031cf56eaf8f0fd75c46c932a92970cde99b8bdc9e3bb804b0842f4,01030000000001013f000000ffffffff,,,,,False,,,,,,,,,,False,False
/a/1/0/8,/a/1/0/8!/member_00014,0,/a/1/0/8,237,14,,2164,2188,336,360,24,847ffb192031cf56eaf8f0fd75c46c932a92970cde99b8bdc9e3bb804b0842f4,01030000000001013f000000ffffffff,,,,,False,,,,,,,,,,False,False
/a/1/0/8,/a/1/0/8!/member_00015,0,/a/1/0/8,237,15,,2188,2212,360,384,24,0ab81ea00a4e0ed4405c389ef09de3c19439d7e63a901ed085b65c852e7b6ca3,ffff000000000000ffffffffffffffff,,,,,False,,,,,,,,,,False,False
/a/1/0/8,/a/1/0/8!/member_00016,0,/a/1/0/8,237,16,,2212,2236,384,408,24,0ab81ea00a4e0ed4405c389ef09de3c19439d7e63a901ed085b65c852e7b6ca3,ffff000000000000ffffffffffffffff,,,,,False,,,,,,,,,,False,False
/a/1/0/8,/a/1/0/8!/member_00017,0,/a/1/0/8,237,17,,2236,2260,408,432,24,0ab81ea00a4e0ed4405c389ef09de3c19439d7e63a901ed085b65c852e7b6ca3,ffff000000000000ffffffffffffffff,,,,,False,,,,,,,,,,False,False
/a/1/0/8,/a/1/0/8!/member_00018,0,/a/1/0/8,237,18,,2260,2284,432,456,24,0ab81ea00a4e0ed4405c389ef09de3c19439d7e63a901ed085b65c852e7b6ca3,ffff000000000000ffffffffffffffff,,,,,False,,,,,,,,,,False,False
/a/1/0/8,/a/1/0/8!/member_00019,0,/a/1/0/8,237,19,,2284,2308,456,480,24,0ab81ea00a4e0ed4405c389ef09de3c19439d7e63a901ed085b65c852e7b6ca3,ffff000000000000ffffffffffffffff,,,,,False,,,,,,,,,,False,False
/a/1/0/8,/a/1/0/8!/member_00020,0,/a/1/0/8,237,20,,2308,2332,480,504,24,0ab81ea00a4e0ed4405c389ef09de3c19439d7e63a901ed085b65c852e7b6ca3,ffff000000000000ffffffffffffffff,,,,,False,,,,,,,,,,False,False
/a/1/0/8,/a/1/0/8!/member_00021,0,/a/1/0/8,237,21,,2332,2356,504,528,24,0ab81ea00a4e0ed4405c389ef09de3c19439d7e63a901ed085b65c852e7b6ca3,ffff000000000000ffffffffffffffff,,,,,False,,,,,,,,,,False,False
/a/1/0/8,/a/1/0/8!/member_00022,0,/a/1/0/8,237,22,,2356,2380,528,552,24,0ab81ea00a4e0ed4405c389ef09de3c19439d7e63a901ed085b65c852e7b6ca3,ffff000000000000ffffffffffffffff,,,,,False,,,,,,,,,,False,False
/a/1/0/8,/a/1/0/8!/member_00023,0,/a/1/0/8,237,23,,2380,2404,552,576,24,0ab81ea00a4e0ed4405c389ef09de3c19439d7e63a901ed085b65c852e7b6ca3,ffff000000000000ffffffffffffffff,,,,,False,,,,,,,,,,False,False
/a/1/0/8,/a/1/0/8!/member_00024,0,/a/1/0/8,237,24,,2404,2428,576,600,24,0ab81ea00a4e0ed4405c389ef09de3c19439d7e63a901ed085b65c852e7b6ca3,ffff000000000000ffffffffffffffff,,,,,False,,,,,,,,,,False,False
/a/1/0/8,/a/1/0/8!/member_00025,0,/a/1/0/8,237,25,,2428,2452,600,624,24,0ab81ea00a4e0ed4405c389ef09de3c19439d7e63a901ed085b65c852e7b6ca3,ffff000000000000ffffffffffffffff,,,,,False,,,,,,,,,,False,False
/a/1/0/8,/a/1/0/8!/member_00026,0,/a/1/0/8,237,26,,2452,2476,624,648,24,0ab81ea00a4e0ed4405c389ef09de3c19439d7e63a901ed085b65c852e7b6ca3,ffff000000000000ffffffffffffffff,,,,,False,,,,,,,,,,False,False
/a/1/0/8,/a/1/0/8!/member_00027,0,/a/1/0/8,237,27,,2476,2500,648,672,24,0ab81ea00a4e0ed4405c389ef09de3c19439d7e63a901ed085b65c852e7b6ca3,ffff000000000000ffffffffffffffff,,,,,False,,,,,,,,,,False,False
/a/1/0/8,/a/1/0/8!/member_00028,0,/a/1/0/8,237,28,,2500,2524,672,696,24,019af6dbf97af421d1c72c815f6d2edd56eaf4920c30110f1b080d27a472b309,01000000000001011f000000ffffffff,,,,,False,,,,,,,,,,False,False
/a/1/0/8,/a/1/0/8!/member_00029,0,/a/1/0/8,237,29,,2524,2548,696,720,24,6cb054da810fd0a49df196c1f4d6fea149f32c317db4cd2bd02b0d7448b00073,010000000000010120000000ffffffff,,,,,False,,,,,,,,,,False,False
/a/1/0/8,/a/1/0/8!/member_00030,0,/a/1/0/8,237,30,,2548,2572,720,744,24,0ab81ea00a4e0ed4405c389ef09de3c19439d7e63a901ed085b65c852e7b6ca3,ffff000000000000ffffffffffffffff,,,,,False,,,,,,,,,,False,False
/a/1/0/8,/a/1/0/8!/member_00031,0,/a/1/0/8,237,31,,2572,2596,744,768,24,0ab81ea00a4e0ed4405c389ef09de3c19439d7e63a901ed085b65c852e7b6ca3,ffff000000000000ffffffffffffffff,,,,,False,,,,,,,,,,False,False
/a/1/0/8,/a/1/0/8!/member_00032,0,/a/1/0/8,237,32,,2596,2620,768,792,24,0ab81ea00a4e0ed4405c389ef09de3c19439d7e63a901ed085b65c852e7b6ca3,ffff000000000000ffffffffffffffff,,,,,False,,,,,,,,,,False,False
/a/1/0/8,/a/1/0/8!/member_00033,0,/a/1/0/8,237,33,,2620,2644,792,816,24,6f41ff97118dadc835e95d06d701ef8c34d4e3a22021b69bde52acde9d8b4c95,01030000000001026600000067000000,,,,,False,,,,,,,,,,False,False
/a/1/0/8,/a/1/0/8!/member_00034,0,/a/1/0/8,237,34,,2644,2668,816,840,24,0ab81ea00a4e0ed4405c389ef09de3c19439d7e63a901ed085b65c852e7b6ca3,ffff000000000000ffffffffffffffff,,,,,False,,,,,,,,,,False,False
/a/1/0/8,/a/1/0/8!/member_00035,0,/a/1/0/8,237,35,,2668,2692,840,864,24,0ab81ea00a4e0ed4405c389ef09de3c19439d7e63a901ed085b65c852e7b6ca3,ffff000000000000ffffffffffffffff,,,,,False,,,,,,,,,,False,False
/a/1/0/8,/a/1/0/8!/member_00036,0,/a/1/0/8,237,36,,2692,2716,864,888,24,0ab81ea00a4e0ed4405c389ef09de3c19439d7e63a901ed085b65c852e7b6ca3,ffff000000000000ffffffffffffffff,,,,,False,,,,,,,,,,False,False
/a/1/0/8,/a/1/0/8!/member_00037,0,/a/1/0/8,237,37,,2716,2740,888,912,24,c3aaf1a1528d5f1765b7e02a59c01e0fd3797c4f3e8aa87825730187ec60ebf6,010300000000010108000000ffffffff,,,,,False,,,,,,,,,,False,False
/a/1/0/8,/a/1/0/8!/member_00038,0,/a/1/0/8,237,38,,2740,2764,912,936,24,0ab81ea00a4e0ed4405c389ef09de3c19439d7e63a901ed085b65c852e7b6ca3,ffff000000000000ffffffffffffffff,,,,,False,,,,,,,,,,False,False
/a/1/0/8,/a/1/0/8!/member_00039,0,/a/1/0/8,237,39,,2764,2788,936,960,24,0ab81ea00a4e0ed4405c389ef09de3c19439d7e63a901ed085b65c852e7b6ca3,ffff000000000000ffffffffffffffff,,,,,False,,,,,,,,,,False,False
/a/1/0/8,/a/1/0/8!/member_00040,0,/a/1/0/8,237,40,,2788,2812,960,984,24,0ab81ea00a4e0ed4405c389ef09de3c19439d7e63a901ed085b65c852e7b6ca3,ffff000000000000ffffffffffffffff,,,,,False,,,,,,,,,,False,False
/a/1/0/8,/a/1/0/8!/member_00041,0,/a/1/0/8,237,41,,2812,2836,984,1008,24,bd52ac0e1b34ca98c054bc907e2ea7b6274f318d09d8ba37780c5b79f939253c,0103000101000102db000000dc000000,,,,,False,,,,,,,,,,False,False
/a/1/0/8,/a/1/0/8!/member_00042,0,/a/1/0/8,237,42,,2836,2860,1008,1032,24,0ab81ea00a4e0ed4405c389ef09de3c19439d7e63a901ed085b65c852e7b6ca3,ffff000000000000ffffffffffffffff,,,,,False,,,,,,,,,,False,False
/a/1/0/8,/a/1/0/8!/member_00043,0,/a/1/0/8,237,43,,2860,2884,1032,1056,24,0ab81ea00a4e0ed4405c389ef09de3c19439d7e63a901ed085b65c852e7b6ca3,ffff000000000000ffffffffffffffff,,,,,False,,,,,,,,,,False,False
/a/1/0/8,/a/1/0/8!/member_00044,0,/a/1/0/8,237,44,,2884,2908,1056,1080,24,0ab81ea00a4e0ed4405c389ef09de3c19439d7e63a901ed085b65c852e7b6ca3,ffff000000000000ffffffffffffffff,,,,,False,,,,,,,,,,False,False
/a/1/0/8,/a/1/0/8!/member_00045,0,/a/1/0/8,237,45,,2908,2932,1080,1104,24,0ab81ea00a4e0ed4405c389ef09de3c19439d7e63a901ed085b65c852e7b6ca3,ffff000000000000ffffffffffffffff,,,,,False,,,,,,,,,,False,False
/a/1/0/8,/a/1/0/8!/member_00046,0,/a/1/0/8,237,46,,2932,2956,1104,1128,24,0ab81ea00a4e0ed4405c389ef09de3c19439d7e63a901ed085b65c852e7b6ca3,ffff000000000000ffffffffffffffff,,,,,False,,,,,,,,,,False,False
/a/1/0/8,/a/1/0/8!/member_00047,0,/a/1/0/8,237,47,,2956,2980,1128,1152,24,0ab81ea00a4e0ed4405c389ef09de3c19439d7e63a901ed085b65c852e7b6ca3,ffff000000000000ffffffffffffffff,,,,,False,,,,,,,,,,False,False
/a/1/0/8,/a/1/0/8!/member_00048,0,/a/1/0/8,237,48,,2980,3004,1152,1176,24,0ab81ea00a4e0ed4405c389ef09de3c19439d7e63a901ed085b65c852e7b6ca3,ffff000000000000ffffffffffffffff,,,,,False,,,,,,,,,,False,False
/a/1/0/8,/a/1/0/8!/member_00049,0,/a/1/0/8,237,49,,3004,3028,1176,1200,24,0ab81ea00a4e0ed4405c389ef09de3c19439d7e63a901ed085b65c852e7b6ca3,ffff000000000000ffffffffffffffff,,,,,False,,,,,,,,,,False,False
/a/1/0/8,/a/1/0/8!/member_00050,0,/a/1/0/8,237,50,,3028,3052,1200,1224,24,0ab81ea00a4e0ed4405c389ef09de3c19439d7e63a901ed085b65c852e7b6ca3,ffff000000000000ffffffffffffffff,,,,,False,,,,,,,,,,False,False
/a/1/0/8,/a/1/0/8!/member_00051,0,/a/1/0/8,237,51,,3052,3076,1224,1248,24,0ab81ea00a4e0ed4405c389ef09de3c19439d7e63a901ed085b65c852e7b6ca3,ffff000000000000ffffffffffffffff,,,,,False,,,,,,,,,,False,False
/a/1/0/8,/a/1/0/8!/member_00052,0,/a/1/0/8,237,52,,3076,3100,1248,1272,24,0ab81ea00a4e0ed4405c389ef09de3c19439d7e63a901ed085b65c852e7b6ca3,ffff000000000000ffffffffffffffff,,,,,False,,,,,,,,,,False,False
/a/1/0/8,/a/1/0/8!/member_00053,0,/a/1/0/8,237,53,,3100,3124,1272,1296,24,0ab81ea00a4e0ed4405c389ef09de3c19439d7e63a901ed085b65c852e7b6ca3,ffff000000000000ffffffffffffffff,,,,,False,,,,,,,,,,False,False
/a/1/0/8,/a/1/0/8!/member_00054,0,/a/1/0/8,237,54,,3124,3148,1296,1320,24,0ab81ea00a4e0ed4405c389ef09de3c19439d7e63a901ed085b65c852e7b6ca3,ffff000000000000ffffffffffffffff,,,,,False,,,,,,,,,,False,False
/a/1/0/8,/a/1/0/8!/member_00055,0,/a/1/0/8,237,55,,3148,3172,1320,1344,24,0ab81ea00a4e0ed4405c389ef09de3c19439d7e63a901ed085b65c852e7b6ca3,ffff000000000000ffffffffffffffff,,,,,False,,,,,,,,,,False,False
/a/1/0/8,/a/1/0/8!/member_00056,0,/a/1/0/8,237,56,,3172,3196,1344,1368,24,0ab81ea00a4e0ed4405c389ef09de3c19439d7e63a901ed085b65c852e7b6ca3,ffff000000000000ffffffffffffffff,,,,,False,,,,,,,,,,False,False
/a/1/0/8,/a/1/0/8!/member_00057,0,/a/1/0/8,237,57,,3196,3220,1368,1392,24,0ab81ea00a4e0ed4405c389ef09de3c19439d7e63a901ed085b65c852e7b6ca3,ffff000000000000ffffffffffffffff,,,,,False,,,,,,,,,,False,False
/a/1/0/8,/a/1/0/8!/member_00058,0,/a/1/0/8,237,58,,3220,3244,1392,1416,24,0ab81ea00a4e0ed4405c389ef09de3c19439d7e63a901ed085b65c852e7b6ca3,ffff000000000000ffffffffffffffff,,,,,False,,,,,,,,,,False,False
/a/1/0/8,/a/1/0/8!/member_00059,0,/a/1/0/8,237,59,,3244,3268,1416,1440,24,0ab81ea00a4e0ed4405c389ef09de3c19439d7e63a901ed085b65c852e7b6ca3,ffff000000000000ffffffffffffffff,,,,,False,,,,,,,,,,False,False
/a/1/0/8,/a/1/0/8!/member_00060,0,/a/1/0/8,237,60,,3268,3292,1440,1464,24,0ab81ea00a4e0ed4405c389ef09de3c19439d7e63a901ed085b65c852e7b6ca3,ffff000000000000ffffffffffffffff,,,,,False,,,,,,,,,,False,False
/a/1/0/8,/a/1/0/8!/member_00061,0,/a/1/0/8,237,61,,3292,3316,1464,1488,24,0ab81ea00a4e0ed4405c389ef09de3c19439d7e63a901ed085b65c852e7b6ca3,ffff000000000000ffffffffffffffff,,,,,False,,,,,,,,,,False,False
/a/1/0/8,/a/1/0/8!/member_00062,0,/a/1/0/8,237,62,,3316,3340,1488,1512,24,0ab81ea00a4e0ed4405c389ef09de3c19439d7e63a901ed085b65c852e7b6ca3,ffff000000000000ffffffffffffffff,,,,,False,,,,,,,,,,False,False
/a/1/0/8,/a/1/0/8!/member_00063,0,/a/1/0/8,237,63,,3340,3364,1512,1536,24,ece393fa4ac92147f2b142a4603f4d9ea5aa6feb965ba1d2fd90ceb2431b6d1b,0103000102000102c8000000c9000000,,,,,False,,,,,,,,,,False,False
/a/1/0/8,/a/1/0/8!/member_00064,0,/a/1/0/8,237,64,,3364,3388,1536,1560,24,0ab81ea00a4e0ed4405c389ef09de3c19439d7e63a901ed085b65c852e7b6ca3,ffff000000000000ffffffffffffffff,,,,,False,,,,,,,,,,False,False
/a/1/0/8,/a/1/0/8!/member_00065,0,/a/1/0/8,237,65,,3388,3412,1560,1584,24,0ab81ea00a4e0ed4405c389ef09de3c19439d7e63a901ed085b65c852e7b6ca3,ffff000000000000ffffffffffffffff,,,,,False,,,,,,,,,,False,False
/a/1/0/8,/a/1/0/8!/member_00066,0,/a/1/0/8,237,66,,3412,3436,1584,1608,24,0ab81ea00a4e0ed4405c389ef09de3c19439d7e63a901ed085b65c852e7b6ca3,ffff000000000000ffffffffffffffff,,,,,False,,,,,,,,,,False,False
/a/1/0/8,/a/1/0/8!/member_00067,0,/a/1/0/8,237,67,,3436,3460,1608,1632,24,0ab81ea00a4e0ed4405c389ef09de3c19439d7e63a901ed085b65c852e7b6ca3,ffff000000000000ffffffffffffffff,,,,,False,,,,,,,,,,False,False
/a/1/0/8,/a/1/0/8!/member_00068,0,/a/1/0/8,237,68,,3460,3484,1632,1656,24,0ab81ea00a4e0ed4405c389ef09de3c19439d7e63a901ed085b65c852e7b6ca3,ffff000000000000ffffffffffffffff,,,,,False,,,,,,,,,,False,False
/a/1/0/8,/a/1/0/8!/member_00069,0,/a/1/0/8,237,69,,3484,3508,1656,1680,24,0ab81ea00a4e0ed4405c389ef09de3c19439d7e63a901ed085b65c852e7b6ca3,ffff000000000000ffffffffffffffff,,,,,False,,,,,,,,,,False,False
/a/1/0/8,/a/1/0/8!/member_00070,0,/a/1/0/8,237,70,,3508,3532,1680,1704,24,0ab81ea00a4e0ed4405c389ef09de3c19439d7e63a901ed085b65c852e7b6ca3,ffff000000000000ffffffffffffffff,,,,,False,,,,,,,,,,False,False
/a/1/0/8,/a/1/0/8!/member_00071,0,/a/1/0/8,237,71,,3532,3556,1704,1728,24,0ab81ea00a4e0ed4405c389ef09de3c19439d7e63a901ed085b65c852e7b6ca3,ffff000000000000ffffffffffffffff,,,,,False,,,,,,,,,,False,False
/a/1/0/8,/a/1/0/8!/member_00072,0,/a/1/0/8,237,72,,3556,3580,1728,1752,24,0ab81ea00a4e0ed4405c389ef09de3c19439d7e63a901ed085b65c852e7b6ca3,ffff000000000000ffffffffffffffff,,,,,False,,,,,,,,,,False,False
/a/1/0/8,/a/1/0/8!/member_00073,0,/a/1/0/8,237,73,,3580,3604,1752,1776,24,0ab81ea00a4e0ed4405c389ef09de3c19439d7e63a901ed085b65c852e7b6ca3,ffff000000000000ffffffffffffffff,,,,,False,,,,,,,,,,False,False
/a/1/0/8,/a/1/0/8!/member_00074,0,/a/1/0/8,237,74,,3604,3628,1776,1800,24,0ab81ea00a4e0ed4405c389ef09de3c19439d7e63a901ed085b65c852e7b6ca3,ffff000000000000ffffffffffffffff,,,,,False,,,,,,,,,,False,False
/a/1/0/8,/a/1/0/8!/member_00075,0,/a/1/0/8,237,75,,3628,3652,1800,1824,24,0ab81ea00a4e0ed4405c389ef09de3c19439d7e63a901ed085b65c852e7b6ca3,ffff000000000000ffffffffffffffff,,,,,False,,,,,,,,,,False,False
/a/1/0/8,/a/1/0/8!/member_00076,0,/a/1/0/8,237,76,,3652,3676,1824,1848,24,0ab81ea00a4e0ed4405c389ef09de3c19439d7e63a901ed085b65c852e7b6ca3,ffff000000000000ffffffffffffffff,,,,,False,,,,,,,,,,False,False
/a/1/0/8,/a/1/0/8!/member_00077,0,/a/1/0/8,237,77,,3676,3700,1848,1872,24,0ab81ea00a4e0ed4405c389ef09de3c19439d7e63a901ed085b65c852e7b6ca3,ffff000000000000ffffffffffffffff,,,,,False,,,,,,,,,,False,False
/a/1/0/8,/a/1/0/8!/member_00078,0,/a/1/0/8,237,78,,3700,3724,1872,1896,24,0ab81ea00a4e0ed4405c389ef09de3c19439d7e63a901ed085b65c852e7b6ca3,ffff000000000000ffffffffffffffff,,,,,False,,,,,,,,,,False,False
/a/1/0/8,/a/1/0/8!/member_00079,0,/a/1/0/8,237,79,,3724,3748,1896,1920,24,0ab81ea00a4e0ed4405c389ef09de3c19439d7e63a901ed085b65c852e7b6ca3,ffff000000000000ffffffffffffffff,,,,,False,,,,,,,,,,False,False
/a/1/0/8,/a/1/0/8!/member_00080,0,/a/1/0/8,237,80,,3748,3772,1920,1944,24,0ab81ea00a4e0ed4405c389ef09de3c19439d7e63a901ed085b65c852e7b6ca3,ffff000000000000ffffffffffffffff,,,,,False,,,,,,,,,,False,False
/a/1/0/8,/a/1/0/8!/member_00081,0,/a/1/0/8,237,81,,3772,3796,1944,1968,24,0ab81ea00a4e0ed4405c389ef09de3c19439d7e63a901ed085b65c852e7b6ca3,ffff000000000000ffffffffffffffff,,,,,False,,,,,,,,,,False,False
/a/1/0/8,/a/1/0/8!/member_00082,0,/a/1/0/8,237,82,,3796,3820,1968,1992,24,0ab81ea00a4e0ed4405c389ef09de3c19439d7e63a901ed085b65c852e7b6ca3,ffff000000000000ffffffffffffffff,,,,,False,,,,,,,,,,False,False
/a/1/0/8,/a/1/0/8!/member_00083,0,/a/1/0/8,237,83,,3820,3844,1992,2016,24,0ab81ea00a4e0ed4405c389ef09de3c19439d7e63a901ed085b65c852e7b6ca3,ffff000000000000ffffffffffffffff,,,,,False,,,,,,,,,,False,False
/a/1/0/8,/a/1/0/8!/member_00084,0,/a/1/0/8,237,84,,3844,3868,2016,2040,24,0ab81ea00a4e0ed4405c389ef09de3c19439d7e63a901ed085b65c852e7b6ca3,ffff000000000000ffffffffffffffff,,,,,False,,,,,,,,,,False,False
/a/1/0/8,/a/1/0/8!/member_00085,0,/a/1/0/8,237,85,,3868,3892,2040,2064,24,0ab81ea00a4e0ed4405c389ef09de3c19439d7e63a901ed085b65c852e7b6ca3,ffff000000000000ffffffffffffffff,,,,,False,,,,,,,,,,False,False
/a/1/0/8,/a/1/0/8!/member_00086,0,/a/1/0/8,237,86,,3892,3916,2064,2088,24,0ab81ea00a4e0ed4405c389ef09de3c19439d7e63a901ed085b65c852e7b6ca3,ffff000000000000ffffffffffffffff,,,,,False,,,,,,,,,,False,False
/a/1/0/8,/a/1/0/8!/member_00087,0,/a/1/0/8,237,87,,3916,3940,2088,2112,24,43af3e9f9b22ac928c7a8c7cfc47067b1a761fedbc94c85adcb30728e3b49a2e,0100000000000101b4000000ffffffff,,,,,False,,,,,,,,,,False,False
/a/1/0/8,/a/1/0/8!/member_00088,0,/a/1/0/8,237,88,,3940,3964,2112,2136,24,0ab81ea00a4e0ed4405c389ef09de3c19439d7e63a901ed085b65c852e7b6ca3,ffff000000000000ffffffffffffffff,,,,,False,,,,,,,,,,False,False
/a/1/0/8,/a/1/0/8!/member_00089,0,/a/1/0/8,237,89,,3964,3988,2136,2160,24,0ab81ea00a4e0ed4405c389ef09de3c19439d7e63a901ed085b65c852e7b6ca3,ffff000000000000ffffffffffffffff,,,,,False,,,,,,,,,,False,False
/a/1/0/8,/a/1/0/8!/member_00090,0,/a/1/0/8,237,90,,3988,4012,2160,2184,24,0ab81ea00a4e0ed4405c389ef09de3c19439d7e63a901ed085b65c852e7b6ca3,ffff000000000000ffffffffffffffff,,,,,False,,,,,,,,,,False,False
/a/1/0/8,/a/1/0/8!/member_00091,0,/a/1/0/8,237,91,,4012,4036,2184,2208,24,0ab81ea00a4e0ed4405c389ef09de3c19439d7e63a901ed085b65c852e7b6ca3,ffff000000000000ffffffffffffffff,,,,,False,,,,,,,,,,False,False
/a/1/0/8,/a/1/0/8!/member_00092,0,/a/1/0/8,237,92,,4036,4060,2208,2232,24,0ab81ea00a4e0ed4405c389ef09de3c19439d7e63a901ed085b65c852e7b6ca3,ffff000000000000ffffffffffffffff,,,,,False,,,,,,,,,,False,False
/a/1/0/8,/a/1/0/8!/member_00093,0,/a/1/0/8,237,93,,4060,4084,2232,2256,24,0ab81ea00a4e0ed4405c389ef09de3c19439d7e63a901ed085b65c852e7b6ca3,ffff000000000000ffffffffffffffff,,,,,False,,,,,,,,,,False,False
/a/1/0/8,/a/1/0/8!/member_00094,0,/a/1/0/8,237,94,,4084,4108,2256,2280,24,0ab81ea00a4e0ed4405c389ef09de3c19439d7e63a901ed085b65c852e7b6ca3,ffff000000000000ffffffffffffffff,,,,,False,,,,,,,,,,False,False
/a/1/0/8,/a/1/0/8!/member_00095,0,/a/1/0/8,237,95,,4108,4132,2280,2304,24,0ab81ea00a4e0ed4405c389ef09de3c19439d7e63a901ed085b65c852e7b6ca3,ffff000000000000ffffffffffffffff,,,,,False,,,,,,,,,,False,False
/a/1/0/8,/a/1/0/8!/member_00096,0,/a/1/0/8,237,96,,4132,4156,2304,2328,24,0ab81ea00a4e0ed4405c389ef09de3c19439d7e63a901ed085b65c852e7b6ca3,ffff000000000000ffffffffffffffff,,,,,False,,,,,,,,,,False,False
/a/1/0/8,/a/1/0/8!/member_00097,0,/a/1/0/8,237,97,,4156,4180,2328,2352,24,0ab81ea00a4e0ed4405c389ef09de3c19439d7e63a901ed085b65c852e7b6ca3,ffff000000000000ffffffffffffffff,,,,,False,,,,,,,,,,False,False
/a/1/0/8,/a/1/0/8!/member_00098,0,/a/1/0/8,237,98,,4180,4204,2352,2376,24,0ab81ea00a4e0ed4405c389ef09de3c19439d7e63a901ed085b65c852e7b6ca3,ffff000000000000ffffffffffffffff,,,,,False,,,,,,,,,,False,False
/a/1/0/8,/a/1/0/8!/member_00099,0,/a/1/0/8,237,99,,4204,4228,2376,2400,24,0ab81ea00a4e0ed4405c389ef09de3c19439d7e63a901ed085b65c852e7b6ca3,ffff000000000000ffffffffffffffff,,,,,False,,,,,,,,,,False,False
/a/1/0/8,/a/1/0/8!/member_00100,0,/a/1/0/8,237,100,,4228,4252,2400,2424,24,0ab81ea00a4e0ed4405c389ef09de3c19439d7e63a901ed085b65c852e7b6ca3,ffff000000000000ffffffffffffffff,,,,,False,,,,,,,,,,False,False
/a/1/0/8,/a/1/0/8!/member_00101,0,/a/1/0/8,237,101,,4252,4276,2424,2448,24,0ab81ea00a4e0ed4405c389ef09de3c19439d7e63a901ed085b65c852e7b6ca3,ffff000000000000ffffffffffffffff,,,,,False,,,,,,,,,,False,False
/a/1/0/8,/a/1/0/8!/member_00102,0,/a/1/0/8,237,102,,4276,4300,2448,2472,24,0ab81ea00a4e0ed4405c389ef09de3c19439d7e63a901ed085b65c852e7b6ca3,ffff000000000000ffffffffffffffff,,,,,False,,,,,,,,,,False,False
/a/1/0/8,/a/1/0/8!/member_00103,0,/a/1/0/8,237,103,,4300,4324,2472,2496,24,0ab81ea00a4e0ed4405c389ef09de3c19439d7e63a901ed085b65c852e7b6ca3,ffff000000000000ffffffffffffffff,,,,,False,,,,,,,,,,False,False
/a/1/0/8,/a/1/0/8!/member_00104,0,/a/1/0/8,237,104,,4324,4348,2496,2520,24,0ab81ea00a4e0ed4405c389ef09de3c19439d7e63a901ed085b65c852e7b6ca3,ffff000000000000ffffffffffffffff,,,,,False,,,,,,,,,,False,False
/a/1/0/8,/a/1/0/8!/member_00105,0,/a/1/0/8,237,105,,4348,4372,2520,2544,24,0ab81ea00a4e0ed4405c389ef09de3c19439d7e63a901ed085b65c852e7b6ca3,ffff000000000000ffffffffffffffff,,,,,False,,,,,,,,,,False,False
/a/1/0/8,/a/1/0/8!/member_00106,0,/a/1/0/8,237,106,,4372,4396,2544,2568,24,0ab81ea00a4e0ed4405c389ef09de3c19439d7e63a901ed085b65c852e7b6ca3,ffff000000000000ffffffffffffffff,,,,,False,,,,,,,,,,False,False
/a/1/0/8,/a/1/0/8!/member_00107,0,/a/1/0/8,237,107,,4396,4420,2568,2592,24,f877f7cc434708cc9a0b3214dd91133f8aa63f6543951725db702014c882326a,010300000000010107000000ffffffff,,,,,False,,,,,,,,,,False,False
/a/1/0/8,/a/1/0/8!/member_00108,0,/a/1/0/8,237,108,,4420,4444,2592,2616,24,bb63f58539f1f709652115e8bb55f2078b97eb25188c4e4f50baea3c44d87ecf,01030001020001022300000024000000,,,,,False,,,,,,,,,,False,False
/a/1/0/8,/a/1/0/8!/member_00109,0,/a/1/0/8,237,109,,4444,4468,2616,2640,24,bb63f58539f1f709652115e8bb55f2078b97eb25188c4e4f50baea3c44d87ecf,01030001020001022300000024000000,,,,,False,,,,,,,,,,False,False
/a/1/0/8,/a/1/0/8!/member_00110,0,/a/1/0/8,237,110,,4468,4492,2640,2664,24,0ab81ea00a4e0ed4405c389ef09de3c19439d7e63a901ed085b65c852e7b6ca3,ffff000000000000ffffffffffffffff,,,,,False,,,,,,,,,,False,False
/a/1/0/8,/a/1/0/8!/member_00111,0,/a/1/0/8,237,111,,4492,4516,2664,2688,24,36fc65660ec16fdeb0d3796330af20e31b55f03dfd140b1f91f00f789aa0c7bc,010000000000010112000000ffffffff,,,,,False,,,,,,,,,,False,False
/a/1/0/8,/a/1/0/8!/member_00112,0,/a/1/0/8,237,112,,4516,4540,2688,2712,24,0ab81ea00a4e0ed4405c389ef09de3c19439d7e63a901ed085b65c852e7b6ca3,ffff000000000000ffffffffffffffff,,,,,False,,,,,,,,,,False,False
/a/1/0/8,/a/1/0/8!/member_00113,0,/a/1/0/8,237,113,,4540,4564,2712,2736,24,820c3802fe0e3a61374015c2ec856d9f625c92e02a3ce18e52105466900148be,01080000000004011300000014000000,,,,,False,,,,,,,,,,False,False
/a/1/0/8,/a/1/0/8!/member_00114,0,/a/1/0/8,237,114,,4564,4588,2736,2760,24,0ab81ea00a4e0ed4405c389ef09de3c19439d7e63a901ed085b65c852e7b6ca3,ffff000000000000ffffffffffffffff,,,,,False,,,,,,,,,,False,False
/a/1/0/8,/a/1/0/8!/member_00115,0,/a/1/0/8,237,115,,4588,4612,2760,2784,24,319f43c1c57dd108dae23b82771e3b7c71e2f6d03e0723bb23478c5ff28f3ee2,0102000000000201190000001a000000,,,,,False,,,,,,,,,,False,False
/a/1/0/8,/a/1/0/8!/member_00116,0,/a/1/0/8,237,116,,4612,4636,2784,2808,24,d609519b4cede1480ec99558955d3ff9792a95e6795e341947e1f55bfc2103da,01020000000002011b0000001c000000,,,,,False,,,,,,,,,,False,False
/a/1/0/8,/a/1/0/8!/member_00117,0,/a/1/0/8,237,117,,4636,4660,2808,2832,24,817aa16e72ff132c6ea03c39d843993c9e5c1bcdab2a368a53003991c3fbaa48,01020000000002011700000018000000,,,,,False,,,,,,,,,,False,False
/a/1/0/8,/a/1/0/8!/member_00118,0,/a/1/0/8,237,118,,4660,4684,2832,2856,24,2b85f6e75438228170af87565baef344463163ad14cbbfc9cc11f735602526f1,01030001000001012b000000ffffffff,,,,,False,,,,,,,,,,False,False
/a/1/0/8,/a/1/0/8!/member_00119,0,/a/1/0/8,237,119,,4684,4708,2856,2880,24,0ab81ea00a4e0ed4405c389ef09de3c19439d7e63a901ed085b65c852e7b6ca3,ffff000000000000ffffffffffffffff,,,,,False,,,,,,,,,,False,False
/a/1/0/8,/a/1/0/8!/member_00120,0,/a/1/0/8,237,120,,4708,4732,2880,2904,24,0ab81ea00a4e0ed4405c389ef09de3c19439d7e63a901ed085b65c852e7b6ca3,ffff000000000000ffffffffffffffff,,,,,False,,,,,,,,,,False,False
/a/1/0/8,/a/1/0/8!/member_00121,0,/a/1/0/8,237,121,,4732,4756,2904,2928,24,0ab81ea00a4e0ed4405c389ef09de3c19439d7e63a901ed085b65c852e7b6ca3,ffff000000000000ffffffffffffffff,,,,,False,,,,,,,,,,False,False
/a/1/0/8,/a/1/0/8!/member_00122,0,/a/1/0/8,237,122,,4756,4780,2928,2952,24,498d5665cefd700e5b25b9d40f203245c3cc98006e479631a52d142e86f29b6d,0102000000000201290000002a000000,,,,,False,,,,,,,,,,False,False
/a/1/0/8,/a/1/0/8!/member_00123,0,/a/1/0/8,237,123,,4780,4804,2952,2976,24,0ab81ea00a4e0ed4405c389ef09de3c19439d7e63a901ed085b65c852e7b6ca3,ffff000000000000ffffffffffffffff,,,,,False,,,,,,,,,,False,False
/a/1/0/8,/a/1/0/8!/member_00124,0,/a/1/0/8,237,124,,4804,4828,2976,3000,24,f0ce118ea8c68ceb3fc6f4ab5cb1c10cb5112f0cf418f5a91439a6234ddf0914,01000000000001012c000000ffffffff,,,,,False,,,,,,,,,,False,False
/a/1/0/8,/a/1/0/8!/member_00125,0,/a/1/0/8,237,125,,4828,4852,3000,3024,24,f0ce118ea8c68ceb3fc6f4ab5cb1c10cb5112f0cf418f5a91439a6234ddf0914,01000000000001012c000000ffffffff,,,,,False,,,,,,,,,,False,False
/a/1/0/8,/a/1/0/8!/member_00126,0,/a/1/0/8,237,126,,4852,4876,3024,3048,24,f0ce118ea8c68ceb3fc6f4ab5cb1c10cb5112f0cf418f5a91439a6234ddf0914,01000000000001012c000000ffffffff,,,,,False,,,,,,,,,,False,False
/a/1/0/8,/a/1/0/8!/member_00127,0,/a/1/0/8,237,127,,4876,4900,3048,3072,24,0ab81ea00a4e0ed4405c389ef09de3c19439d7e63a901ed085b65c852e7b6ca3,ffff000000000000ffffffffffffffff,,,,,False,,,,,,,,,,False,False
/a/1/0/8,/a/1/0/8!/member_00128,0,/a/1/0/8,237,128,,4900,4924,3072,3096,24,f0ce118ea8c68ceb3fc6f4ab5cb1c10cb5112f0cf418f5a91439a6234ddf0914,01000000000001012c000000ffffffff,,,,,False,,,,,,,,,,False,False
/a/1/0/8,/a/1/0/8!/member_00129,0,/a/1/0/8,237,129,,4924,4948,3096,3120,24,72fb0e729f714b27db3e621f65be5ca6a39305c8fcf8d094d9c70a648e8c6825,01000000000001012d000000ffffffff,,,,,False,,,,,,,,,,False,False
/a/1/0/8,/a/1/0/8!/member_00130,0,/a/1/0/8,237,130,,4948,4972,3120,3144,24,3c6a880a76763a55437377bba44b94fbdd56cbf953a30fe1157ba3f19ab42607,01000000000001012e000000ffffffff,,,,,False,,,,,,,,,,False,False
/a/1/0/8,/a/1/0/8!/member_00131,0,/a/1/0/8,237,131,,4972,4996,3144,3168,24,0ab81ea00a4e0ed4405c389ef09de3c19439d7e63a901ed085b65c852e7b6ca3,ffff000000000000ffffffffffffffff,,,,,False,,,,,,,,,,False,False
/a/1/0/8,/a/1/0/8!/member_00132,0,/a/1/0/8,237,132,,4996,5020,3168,3192,24,6f124dae776c0c59ab629c9d4cced239eda04ce3ec7b6079d715cfd6f407a1f2,01000000000001012f000000ffffffff,,,,,False,,,,,,,,,,False,False
/a/1/0/8,/a/1/0/8!/member_00133,0,/a/1/0/8,237,133,,5020,5044,3192,3216,24,0ab81ea00a4e0ed4405c389ef09de3c19439d7e63a901ed085b65c852e7b6ca3,ffff000000000000ffffffffffffffff,,,,,False,,,,,,,,,,False,False
/a/1/0/8,/a/1/0/8!/member_00134,0,/a/1/0/8,237,134,,5044,5068,3216,3240,24,0ab81ea00a4e0ed4405c389ef09de3c19439d7e63a901ed085b65c852e7b6ca3,ffff000000000000ffffffffffffffff,,,,,False,,,,,,,,,,False,False
/a/1/0/8,/a/1/0/8!/member_00135,0,/a/1/0/8,237,135,,5068,5092,3240,3264,24,0ab81ea00a4e0ed4405c389ef09de3c19439d7e63a901ed085b65c852e7b6ca3,ffff000000000000ffffffffffffffff,,,,,False,,,,,,,,,,False,False
/a/1/0/8,/a/1/0/8!/member_00136,0,/a/1/0/8,237,136,,5092,5116,3264,3288,24,0ab81ea00a4e0ed4405c389ef09de3c19439d7e63a901ed085b65c852e7b6ca3,ffff000000000000ffffffffffffffff,,,,,False,,,,,,,,,,False,False
/a/1/0/8,/a/1/0/8!/member_00137,0,/a/1/0/8,237,137,,5116,5140,3288,3312,24,0ab81ea00a4e0ed4405c389ef09de3c19439d7e63a901ed085b65c852e7b6ca3,ffff000000000000ffffffffffffffff,,,,,False,,,,,,,,,,False,False
/a/1/0/8,/a/1/0/8!/member_00138,0,/a/1/0/8,237,138,,5140,5164,3312,3336,24,6f41ff97118dadc835e95d06d701ef8c34d4e3a22021b69bde52acde9d8b4c95,01030000000001026600000067000000,,,,,False,,,,,,,,,,False,False
/a/1/0/8,/a/1/0/8!/member_00139,0,/a/1/0/8,237,139,,5164,5188,3336,3360,24,0ab81ea00a4e0ed4405c389ef09de3c19439d7e63a901ed085b65c852e7b6ca3,ffff000000000000ffffffffffffffff,,,,,False,,,,,,,,,,False,False
/a/1/0/8,/a/1/0/8!/member_00140,0,/a/1/0/8,237,140,,5188,5212,3360,3384,24,0bd166b8e8ab33ded2f5baa531f9372cbc5089e5dbd08d518af996d5480dd56a,01080000000004013000000031000000,,,,,False,,,,,,,,,,False,False
/a/1/0/8,/a/1/0/8!/member_00141,0,/a/1/0/8,237,141,,5212,5236,3384,3408,24,0ab81ea00a4e0ed4405c389ef09de3c19439d7e63a901ed085b65c852e7b6ca3,ffff000000000000ffffffffffffffff,,,,,False,,,,,,,,,,False,False
/a/1/0/8,/a/1/0/8!/member_00142,0,/a/1/0/8,237,142,,5236,5260,3408,3432,24,0ab81ea00a4e0ed4405c389ef09de3c19439d7e63a901ed085b65c852e7b6ca3,ffff000000000000ffffffffffffffff,,,,,False,,,,,,,,,,False,False
/a/1/0/8,/a/1/0/8!/member_00143,0,/a/1/0/8,237,143,,5260,5284,3432,3456,24,0ab81ea00a4e0ed4405c389ef09de3c19439d7e63a901ed085b65c852e7b6ca3,ffff000000000000ffffffffffffffff,,,,,False,,,,,,,,,,False,False
/a/1/0/8,/a/1/0/8!/member_00144,0,/a/1/0/8,237,144,,5284,5308,3456,3480,24,0ab81ea00a4e0ed4405c389ef09de3c19439d7e63a901ed085b65c852e7b6ca3,ffff000000000000ffffffffffffffff,,,,,False,,,,,,,,,,False,False
/a/1/0/8,/a/1/0/8!/member_00145,0,/a/1/0/8,237,145,,5308,5332,3480,3504,24,0ab81ea00a4e0ed4405c389ef09de3c19439d7e63a901ed085b65c852e7b6ca3,ffff000000000000ffffffffffffffff,,,,,False,,,,,,,,,,False,False
/a/1/0/8,/a/1/0/8!/member_00146,0,/a/1/0/8,237,146,,5332,5356,3504,3528,24,9a109655f257e2720ab572b59d9d233de3a2f3688c77b97c1c9133fcf8524778,0100000000000301590000005a000000,,,,,False,,,,,,,,,,False,False
/a/1/0/8,/a/1/0/8!/member_00147,0,/a/1/0/8,237,147,,5356,5380,3528,3552,24,e8ca2f0622f7aba258d6d610eb2914c421dc61fa53430e40fb9dc964004f915d,01000000000003015c0000005d000000,,,,,False,,,,,,,,,,False,False
/a/1/0/8,/a/1/0/8!/member_00148,0,/a/1/0/8,237,148,,5380,5404,3552,3576,24,7dbb083db3b2924737d19b2fbc6cf714eb247004031ad42f7e118161bbbb5ffe,010000000000010152000000ffffffff,,,,,False,,,,,,,,,,False,False
/a/1/0/8,/a/1/0/8!/member_00149,0,/a/1/0/8,237,149,,5404,5428,3576,3600,24,acf685ca3bdebdf5eaa9f24579345864cdfbc6e1025118372cd1c09b9db739ab,01020000000002015600000057000000,,,,,False,,,,,,,,,,False,False
/a/1/0/8,/a/1/0/8!/member_00150,0,/a/1/0/8,237,150,,5428,5452,3600,3624,24,6dce6a4629a008b4718b745a223d9c7e3882c54949e5d2a3e567772162fbb6df,010000000000010158000000ffffffff,,,,,False,,,,,,,,,,False,False
/a/1/0/8,/a/1/0/8!/member_00151,0,/a/1/0/8,237,151,,5452,5476,3624,3648,24,ee9cff872ea5f31a4c749d0480a93d57bfbf4d5c4be581f077e60c4c3a6ea1f8,01000000000001015f00000060000000,,,,,False,,,,,,,,,,False,False
/a/1/0/8,/a/1/0/8!/member_00152,0,/a/1/0/8,237,152,,5476,5500,3648,3672,24,acf685ca3bdebdf5eaa9f24579345864cdfbc6e1025118372cd1c09b9db739ab,01020000000002015600000057000000,,,,,False,,,,,,,,,,False,False
/a/1/0/8,/a/1/0/8!/member_00153,0,/a/1/0/8,237,153,,5500,5524,3672,3696,24,acf685ca3bdebdf5eaa9f24579345864cdfbc6e1025118372cd1c09b9db739ab,01020000000002015600000057000000,,,,,False,,,,,,,,,,False,False
/a/1/0/8,/a/1/0/8!/member_00154,0,/a/1/0/8,237,154,,5524,5548,3696,3720,24,f0fabbafebaf8ce65d85d0de3d13912b983f8e88dbe9affd76de6eaf6f624946,01000000000002016800000069000000,,,,,False,,,,,,,,,,False,False
/a/1/0/8,/a/1/0/8!/member_00155,0,/a/1/0/8,237,155,,5548,5572,3720,3744,24,f0fabbafebaf8ce65d85d0de3d13912b983f8e88dbe9affd76de6eaf6f624946,01000000000002016800000069000000,,,,,False,,,,,,,,,,False,False
/a/1/0/8,/a/1/0/8!/member_00156,0,/a/1/0/8,237,156,,5572,5596,3744,3768,24,f0fabbafebaf8ce65d85d0de3d13912b983f8e88dbe9affd76de6eaf6f624946,01000000000002016800000069000000,,,,,False,,,,,,,,,,False,False
/a/1/0/8,/a/1/0/8!/member_00157,0,/a/1/0/8,237,157,,5596,5620,3768,3792,24,777427c7802322f1718f95e250b9b6546d9afb0ec978d41c2db67c656e4e07f8,01000000000001016c000000ffffffff,,,,,False,,,,,,,,,,False,False
/a/1/0/8,/a/1/0/8!/member_00158,0,/a/1/0/8,237,158,,5620,5644,3792,3816,24,777427c7802322f1718f95e250b9b6546d9afb0ec978d41c2db67c656e4e07f8,01000000000001016c000000ffffffff,,,,,False,,,,,,,,,,False,False
/a/1/0/8,/a/1/0/8!/member_00159,0,/a/1/0/8,237,159,,5644,5668,3816,3840,24,0ab81ea00a4e0ed4405c389ef09de3c19439d7e63a901ed085b65c852e7b6ca3,ffff000000000000ffffffffffffffff,,,,,False,,,,,,,,,,False,False
/a/1/0/8,/a/1/0/8!/member_00160,0,/a/1/0/8,237,160,,5668,5692,3840,3864,24,f733125d11b6b25b95ee2f4d66c8120cd8a04a7564145f4417f48f39d763b199,01000000000001016b000000ffffffff,,,,,False,,,,,,,,,,False,False
/a/1/0/8,/a/1/0/8!/member_00161,0,/a/1/0/8,237,161,,5692,5716,3864,3888,24,ee5e3b378c255221c7ad068623416d30912943384fdf55b9ac62aa0282ad9244,01000000000001016a000000ffffffff,,,,,False,,,,,,,,,,False,False
/a/1/0/8,/a/1/0/8!/member_00162,0,/a/1/0/8,237,162,,5716,5740,3888,3912,24,5126bf5b73a0873ef2e7bab79fbd69de4d0a7bcae0b4382b672507835159daa2,01030001010001020100000002000000,,,,,False,,,,,,,,,,False,False
/a/1/0/8,/a/1/0/8!/member_00163,0,/a/1/0/8,237,163,,5740,5764,3912,3936,24,5e780eff61e6f03af626d4c9216ec77748e1291aef8949858cc49c433ed98a7d,01000000000001016d000000ffffffff,,,,,False,,,,,,,,,,False,False
/a/1/0/8,/a/1/0/8!/member_00164,0,/a/1/0/8,237,164,,5764,5788,3936,3960,24,2104e1e94e12df986e8f94f27496dfb07dfdb30ff64c5026c25ad1cb4b45579f,01000000000002017100000072000000,,,,,False,,,,,,,,,,False,False
/a/1/0/8,/a/1/0/8!/member_00165,0,/a/1/0/8,237,165,,5788,5812,3960,3984,24,95be475f4ff15753a987910c8aaf67015d0e162365e17550fdd733e7e027ae04,010000000000010177000000ffffffff,,,,,False,,,,,,,,,,False,False
/a/1/0/8,/a/1/0/8!/member_00166,0,/a/1/0/8,237,166,,5812,5836,3984,4008,24,39b7c387d16337ff0b317022c0f9530233dbe072eb62559e7592d0f04d48901c,010000000000010178000000ffffffff,,,,,False,,,,,,,,,,False,False
/a/1/0/8,/a/1/0/8!/member_00167,0,/a/1/0/8,237,167,,5836,5860,4008,4032,24,a843dd189966224aa6086077e1f695b5fd072acfb72e5e57983d2e091688fcfd,010000000000010181000000ffffffff,,,,,False,,,,,,,,,,False,False
/a/1/0/8,/a/1/0/8!/member_00168,0,/a/1/0/8,237,168,,5860,5884,4032,4056,24,c41fd8f441e79d05b7f7d824ccf550370d486147e63768780d0b21650cfe7f48,01030000000001013e000000ffffffff,,,,,False,,,,,,,,,,False,False
/a/1/0/8,/a/1/0/8!/member_00169,0,/a/1/0/8,237,169,,5884,5908,4056,4080,24,c41fd8f441e79d05b7f7d824ccf550370d486147e63768780d0b21650cfe7f48,01030000000001013e000000ffffffff,,,,,False,,,,,,,,,,False,False
/a/1/0/8,/a/1/0/8!/member_00170,0,/a/1/0/8,237,170,,5908,5932,4080,4104,24,847ffb192031cf56eaf8f0fd75c46c932a92970cde99b8bdc9e3bb804b0842f4,01030000000001013f000000ffffffff,,,,,False,,,,,,,,,,False,False
/a/1/0/8,/a/1/0/8!/member_00171,0,/a/1/0/8,237,171,,5932,5956,4104,4128,24,847ffb192031cf56eaf8f0fd75c46c932a92970cde99b8bdc9e3bb804b0842f4,01030000000001013f000000ffffffff,,,,,False,,,,,,,,,,False,False
/a/1/0/8,/a/1/0/8!/member_00172,0,/a/1/0/8,237,172,,5956,5980,4128,4152,24,0fee10ab4f32ba8821e42bf9b519a41660f5c9f0f44580bd73ebc9917b336363,01000000000001018f000000ffffffff,,,,,False,,,,,,,,,,False,False
/a/1/0/8,/a/1/0/8!/member_00173,0,/a/1/0/8,237,173,,5980,6004,4152,4176,24,1b6292af010240737edb29437e0c78ab35a32dc227ddd947a05be9121a16ba86,01000000000002019000000091000000,,,,,False,,,,,,,,,,False,False
/a/1/0/8,/a/1/0/8!/member_00174,0,/a/1/0/8,237,174,,6004,6028,4176,4200,24,0bc83da136840a5dd6ea108db85ee0bee00ff086fe8467c715a7472bc36e50b8,01020000000004019200000093000000,,,,,False,,,,,,,,,,False,False
/a/1/0/8,/a/1/0/8!/member_00175,0,/a/1/0/8,237,175,,6028,6052,4200,4224,24,d3e486aaf96aeda6a098ea3560217fce9b366a09ec6d9f775c1f55d756a6d6c9,010200000000010196000000ffffffff,,,,,False,,,,,,,,,,False,False
/a/1/0/8,/a/1/0/8!/member_00176,0,/a/1/0/8,237,176,,6052,6076,4224,4248,24,72fb0e729f714b27db3e621f65be5ca6a39305c8fcf8d094d9c70a648e8c6825,01000000000001012d000000ffffffff,,,,,False,,,,,,,,,,False,False
/a/1/0/8,/a/1/0/8!/member_00177,0,/a/1/0/8,237,177,,6076,6100,4248,4272,24,ca88be227c3bccb42d80dbb8472f94ac58a84dce2cd146c1d136ded1f4de24f1,0100000000000101b5000000ffffffff,,,,,False,,,,,,,,,,False,False
/a/1/0/8,/a/1/0/8!/member_00178,0,/a/1/0/8,237,178,,6100,6124,4272,4296,24,791a71025994ff86c6b98a6f8f5cbfcbd24fbe2fe9ce77c522e3c9799daa51a4,0100000000000101ad000000ffffffff,,,,,False,,,,,,,,,,False,False
/a/1/0/8,/a/1/0/8!/member_00179,0,/a/1/0/8,237,179,,6124,6148,4296,4320,24,0ab81ea00a4e0ed4405c389ef09de3c19439d7e63a901ed085b65c852e7b6ca3,ffff000000000000ffffffffffffffff,,,,,False,,,,,,,,,,False,False
/a/1/0/8,/a/1/0/8!/member_00180,0,/a/1/0/8,237,180,,6148,6172,4320,4344,24,0ab81ea00a4e0ed4405c389ef09de3c19439d7e63a901ed085b65c852e7b6ca3,ffff000000000000ffffffffffffffff,,,,,False,,,,,,,,,,False,False
/a/1/0/8,/a/1/0/8!/member_00181,0,/a/1/0/8,237,181,,6172,6196,4344,4368,24,0ab81ea00a4e0ed4405c389ef09de3c19439d7e63a901ed085b65c852e7b6ca3,ffff000000000000ffffffffffffffff,,,,,False,,,,,,,,,,False,False
/a/1/0/8,/a/1/0/8!/member_00182,0,/a/1/0/8,237,182,,6196,6220,4368,4392,24,0ab81ea00a4e0ed4405c389ef09de3c19439d7e63a901ed085b65c852e7b6ca3,ffff000000000000ffffffffffffffff,,,,,False,,,,,,,,,,False,False
/a/1/0/8,/a/1/0/8!/member_00183,0,/a/1/0/8,237,183,,6220,6244,4392,4416,24,83faadc11e98e1d75ea27bb9cf61a7e095963e220b27c4cf03a0cb7b6b05a059,0100000000000101ae000000ffffffff,,,,,False,,,,,,,,,,False,False
/a/1/0/8,/a/1/0/8!/member_00184,0,/a/1/0/8,237,184,,6244,6268,4416,4440,24,9bd1f869891bb8a32d2d9c08bb4b4b17dd5f4059be9cfe6cc1fd490bf8004fbd,0100000000000101af000000ffffffff,,,,,False,,,,,,,,,,False,False
/a/1/0/8,/a/1/0/8!/member_00185,0,/a/1/0/8,237,185,,6268,6292,4440,4464,24,0ab81ea00a4e0ed4405c389ef09de3c19439d7e63a901ed085b65c852e7b6ca3,ffff000000000000ffffffffffffffff,,,,,False,,,,,,,,,,False,False
/a/1/0/8,/a/1/0/8!/member_00186,0,/a/1/0/8,237,186,,6292,6316,4464,4488,24,0ab81ea00a4e0ed4405c389ef09de3c19439d7e63a901ed085b65c852e7b6ca3,ffff000000000000ffffffffffffffff,,,,,False,,,,,,,,,,False,False
/a/1/0/8,/a/1/0/8!/member_00187,0,/a/1/0/8,237,187,,6316,6340,4488,4512,24,beb668f749731a3d4e08fbeb303802cdd8823597982f087521a5a02d3d6328d8,0100000000000101b0000000ffffffff,,,,,False,,,,,,,,,,False,False
/a/1/0/8,/a/1/0/8!/member_00188,0,/a/1/0/8,237,188,,6340,6364,4512,4536,24,e1210d8a4c8eb30f9f75062b86a05fb963d8d3fad5af2a01a7f6abb08a802ee3,0100000000000101b1000000ffffffff,,,,,False,,,,,,,,,,False,False
/a/1/0/8,/a/1/0/8!/member_00189,0,/a/1/0/8,237,189,,6364,6388,4536,4560,24,e1210d8a4c8eb30f9f75062b86a05fb963d8d3fad5af2a01a7f6abb08a802ee3,0100000000000101b1000000ffffffff,,,,,False,,,,,,,,,,False,False
/a/1/0/8,/a/1/0/8!/member_00190,0,/a/1/0/8,237,190,,6388,6412,4560,4584,24,e1210d8a4c8eb30f9f75062b86a05fb963d8d3fad5af2a01a7f6abb08a802ee3,0100000000000101b1000000ffffffff,,,,,False,,,,,,,,,,False,False
/a/1/0/8,/a/1/0/8!/member_00191,0,/a/1/0/8,237,191,,6412,6436,4584,4608,24,9fcea368b89c39b9ae3fcafdac4ff9751ddf681cff486e163e44ce0e59a57862,0100000000000101b2000000ffffffff,,,,,False,,,,,,,,,,False,False
/a/1/0/8,/a/1/0/8!/member_00192,0,/a/1/0/8,237,192,,6436,6460,4608,4632,24,9fcea368b89c39b9ae3fcafdac4ff9751ddf681cff486e163e44ce0e59a57862,0100000000000101b2000000ffffffff,,,,,False,,,,,,,,,,False,False
/a/1/0/8,/a/1/0/8!/member_00193,0,/a/1/0/8,237,193,,6460,6484,4632,4656,24,9fcea368b89c39b9ae3fcafdac4ff9751ddf681cff486e163e44ce0e59a57862,0100000000000101b2000000ffffffff,,,,,False,,,,,,,,,,False,False
/a/1/0/8,/a/1/0/8!/member_00194,0,/a/1/0/8,237,194,,6484,6508,4656,4680,24,55c1171b0a82f2d5011496e7310da15d56a3d4d32fc85234d9bea106a55b0630,0100000000000101b3000000ffffffff,,,,,False,,,,,,,,,,False,False
/a/1/0/8,/a/1/0/8!/member_00195,0,/a/1/0/8,237,195,,6508,6532,4680,4704,24,55c1171b0a82f2d5011496e7310da15d56a3d4d32fc85234d9bea106a55b0630,0100000000000101b3000000ffffffff,,,,,False,,,,,,,,,,False,False
/a/1/0/8,/a/1/0/8!/member_00196,0,/a/1/0/8,237,196,,6532,6556,4704,4728,24,55c1171b0a82f2d5011496e7310da15d56a3d4d32fc85234d9bea106a55b0630,0100000000000101b3000000ffffffff,,,,,False,,,,,,,,,,False,False
/a/1/0/8,/a/1/0/8!/member_00197,0,/a/1/0/8,237,197,,6556,6580,4728,4752,24,5126bf5b73a0873ef2e7bab79fbd69de4d0a7bcae0b4382b672507835159daa2,01030001010001020100000002000000,,,,,False,,,,,,,,,,False,False
/a/1/0/8,/a/1/0/8!/member_00198,0,/a/1/0/8,237,198,,6580,6604,4752,4776,24,eb0d22ba9b54505e0457e919b52e86ef04b1222b2d6d938cc2a700c136a749ed,0100000000000101ba000000ffffffff,,,,,False,,,,,,,,,,False,False
/a/1/0/8,/a/1/0/8!/member_00199,0,/a/1/0/8,237,199,,6604,6628,4776,4800,24,3c5d73567d687969a616544ed2c6c2c706a6efd3cbd19430183c58736b1fb903,0100000000000101c0000000c1000000,,,,,False,,,,,,,,,,False,False
/a/1/0/8,/a/1/0/8!/member_00200,0,/a/1/0/8,237,200,,6628,6652,4800,4824,24,0b4ac2f1c6ac829a3543f7ebe4f139327f28214b03b6ab75fb6a61d59fbf8465,0100000000000101c3000000c4000000,,,,,False,,,,,,,,,,False,False
/a/1/0/8,/a/1/0/8!/member_00201,0,/a/1/0/8,237,201,,6652,6676,4824,4848,24,fad41b8f5a1d96b3773eb34f3ae6beeeb24b03cb592007a3cff9f97435da0cd8,0100000000000101c6000000ffffffff,,,,,False,,,,,,,,,,False,False
/a/1/0/8,/a/1/0/8!/member_00202,0,/a/1/0/8,237,202,,6676,6700,4848,4872,24,5f724a9ac07eb673440e12e76b656b950a5c8f738204fbcf93a643cc5b912cb3,0100000000000101c7000000ffffffff,,,,,False,,,,,,,,,,False,False
/a/1/0/8,/a/1/0/8!/member_00203,0,/a/1/0/8,237,203,,6700,6724,4872,4896,24,ecde69bc6f1f7d84a6b7ffbec0207d1763fe36e7e206fa376d608d99ea48e7c8,0100000000000201ca000000cb000000,,,,,False,,,,,,,,,,False,False
/a/1/0/8,/a/1/0/8!/member_00204,0,/a/1/0/8,237,204,,6724,6748,4896,4920,24,6dba96d02fefb1bf449f0a57e2571bd94e0f713ba36d1112909884aeb2f81943,0100000000000101ce000000ffffffff,,,,,False,,,,,,,,,,False,False
/a/1/0/8,/a/1/0/8!/member_00205,0,/a/1/0/8,237,205,,6748,6772,4920,4944,24,e04c178a08d42f8b3ab66186d35d115d6211436483f2966c3a9e6b9cd819d84d,0100000000000101dd000000ffffffff,,,,,False,,,,,,,,,,False,False
/a/1/0/8,/a/1/0/8!/member_00206,0,/a/1/0/8,237,206,,6772,6796,4944,4968,24,0ab81ea00a4e0ed4405c389ef09de3c19439d7e63a901ed085b65c852e7b6ca3,ffff000000000000ffffffffffffffff,,,,,False,,,,,,,,,,False,False
/a/1/0/8,/a/1/0/8!/member_00207,0,/a/1/0/8,237,207,,6796,6820,4968,4992,24,1f611f3925d0f6c488bdbdacf16ba61a9d51ae742c8ed0440cf84c219d10b82e,0103000103000102de000000df000000,,,,,False,,,,,,,,,,False,False
/a/1/0/8,/a/1/0/8!/member_00208,0,/a/1/0/8,237,208,,6820,6844,4992,5016,24,6bb88425cead686cf4ff7bf51cd4fa0358a01eb8cb3de23ef7f2647dba6dc6b5,0103000000000102e0000000e1000000,,,,,False,,,,,,,,,,False,False
/a/1/0/8,/a/1/0/8!/member_00209,0,/a/1/0/8,237,209,,6844,6868,5016,5040,24,c45ec0c697a58444b6b52a225077c542b12d0e897b2b3ead9bc22432f8409c6a,0100000000000101e2000000ffffffff,,,,,False,,,,,,,,,,False,False
/a/1/0/8,/a/1/0/8!/member_00210,0,/a/1/0/8,237,210,,6868,6892,5040,5064,24,1610487ba92f3e08bbc1511d83264332873064aa62440ae95d53fbbf2dbae1c5,0100000000000101e3000000ffffffff,,,,,False,,,,,,,,,,False,False
/a/1/0/8,/a/1/0/8!/member_00211,0,/a/1/0/8,237,211,,6892,6916,5064,5088,24,0ab81ea00a4e0ed4405c389ef09de3c19439d7e63a901ed085b65c852e7b6ca3,ffff000000000000ffffffffffffffff,,,,,False,,,,,,,,,,False,False
/a/1/0/8,/a/1/0/8!/member_00212,0,/a/1/0/8,237,212,,6916,6940,5088,5112,24,0ab81ea00a4e0ed4405c389ef09de3c19439d7e63a901ed085b65c852e7b6ca3,ffff000000000000ffffffffffffffff,,,,,False,,,,,,,,,,False,False
/a/1/0/8,/a/1/0/8!/member_00213,0,/a/1/0/8,237,213,,6940,6964,5112,5136,24,0ab81ea00a4e0ed4405c389ef09de3c19439d7e63a901ed085b65c852e7b6ca3,ffff000000000000ffffffffffffffff,,,,,False,,,,,,,,,,False,False
/a/1/0/8,/a/1/0/8!/member_00214,0,/a/1/0/8,237,214,,6964,6988,5136,5160,24,ce690aba4e1dc5704d0cbb7ab359b4fe5bec9baf12b536ea9b0ab0d70299cd51,0100000000000201fc000000fd000000,,,,,False,,,,,,,,,,False,False
/a/1/0/8,/a/1/0/8!/member_00215,0,/a/1/0/8,237,215,,6988,7012,5160,5184,24,59b41ea5ec692113a91f073c3b99b2ea821af13d7ccf3bec9b11f6e73a50f8e3,010000000000010102010000ffffffff,,,,,False,,,,,,,,,,False,False
/a/1/0/8,/a/1/0/8!/member_00216,0,/a/1/0/8,237,216,,7012,7036,5184,5208,24,8bc6e05442f95f257c26997ffa386f3546ef3fa02ba6688e13523ac3dc9b1409,010000000000010103010000ffffffff,,,,,False,,,,,,,,,,False,False
/a/1/0/8,/a/1/0/8!/member_00217,0,/a/1/0/8,237,217,,7036,7060,5208,5232,24,c63bc4506dc8faae3c3b275bd45ed80ab682d12a87a716a253a732bd39c498e1,010000000000010105010000ffffffff,,,,,False,,,,,,,,,,False,False
/a/1/0/8,/a/1/0/8!/member_00218,0,/a/1/0/8,237,218,,7060,7084,5232,5256,24,2dbe2ebf4bf38d3a94b3e43cc3ad9c1fcfa5cf892b9077018db56480a1f12517,01000000000002010a0100000b010000,,,,,False,,,,,,,,,,False,False
/a/1/0/8,/a/1/0/8!/member_00219,0,/a/1/0/8,237,219,,7084,7108,5256,5280,24,5e43884bbdfb940a59db91994fd1e53ecacde7c38e07b258ea1b7d64815c37f3,01000000000001010c010000ffffffff,,,,,False,,,,,,,,,,False,False
/a/1/0/8,/a/1/0/8!/member_00220,0,/a/1/0/8,237,220,,7108,7132,5280,5304,24,754a7ab5ec4ebd8012005135105579f1f3465ab29171808395bb06b5e58be009,01000000000004010d0100000e010000,,,,,False,,,,,,,,,,False,False
/a/1/0/8,/a/1/0/8!/member_00221,0,/a/1/0/8,237,221,,7132,7156,5304,5328,24,0ab81ea00a4e0ed4405c389ef09de3c19439d7e63a901ed085b65c852e7b6ca3,ffff000000000000ffffffffffffffff,,,,,False,,,,,,,,,,False,False
/a/1/0/9,/a/1/0/9!/member_00000,0,/a/1/0/9,238,0,,1988,2540,0,552,552,10826c2340512526922555da98ad54ce82344d5680939e8f46cea65a42cea906,524c434efffe00012802000010000100,,NCLR palette,Confirmed,True,False,,,,,,,,,,False,False
/a/1/0/9,/a/1/0/9!/member_00001,0,/a/1/0/9,238,1,,2540,3092,552,1104,552,cf55673c44408867a92c752c9d76dcae15f3bf7d6eabb9b95800feb071df50f7,524c434efffe00012802000010000100,,NCLR palette,Confirmed,True,False,,,,,,,,,,False,False
/a/1/0/9,/a/1/0/9!/member_00002,0,/a/1/0/9,238,2,,3092,3644,1104,1656,552,10c259e2245fa110380bc4598e6ae2c6e5313200e07b10e524abd8e920d08ae1,524c434efffe00012802000010000100,,NCLR palette,Confirmed,True,False,,,,,,,,,,False,False
/a/1/0/9,/a/1/0/9!/member_00003,0,/a/1/0/9,238,3,,3644,4196,1656,2208,552,2751d57fc1f2bfd8a5539c7710b3846dbc8074cc5bf63a745731f80d5df6a052,524c434efffe00012802000010000100,,NCLR palette,Confirmed,True,False,,,,,,,,,,False,False
/a/1/0/9,/a/1/0/9!/member_00004,0,/a/1/0/9,238,4,,4196,6292,2208,4304,2096,7f7b8be982e18515e2bd8ac7de54b27173d77d1e8543b6067828f8ed1038b257,5247434efffe01013008000010000100,,NCGR graphics,Confirmed,True,False,,,,,,,,,,False,False
/a/1/0/9,/a/1/0/9!/member_00005,0,/a/1/0/9,238,5,,6292,6403,4304,4415,111,30249884bd91f10bc9d4e13e7b1495f09991b6f488405a0cdbb61cfb402d10ca,524e414efffe00016f00000010000300,,NANR animation,Confirmed,True,False,,,,,,,,,,False,False
/a/1/0/9,/a/1/0/9!/member_00006,0,/a/1/0/9,238,6,,6404,6511,4416,4523,107,c4c621255461e1521d8b6af105742f21b9efb619d36f949eb63026e2e758825d,5245434efffe00016b00000010000300,,NCER cell,Confirmed,True,False,,,,,,,,,,False,False
/a/1/0/9,/a/1/0/9!/member_00007,0,/a/1/0/9,238,7,,6512,14752,4524,12764,8240,fdaa0a560643d426cf9cbef250359343ebabcd00a2961e9f22eb5f14de923790,5247434efffe01013020000010000100,,NCGR graphics,Confirmed,True,False,,,,,,,,,,False,False
/a/1/0/9,/a/1/0/9!/member_00008,0,/a/1/0/9,238,8,,14752,14949,12764,12961,197,1b1f9bb0f2063eb74030da09b89723e57c39587073493d04c020ecc4165b9ce5,524e414efffe0001c500000010000300,,NANR animation,Confirmed,True,False,,,,,,,,,,False,False
/a/1/0/9,/a/1/0/9!/member_00009,0,/a/1/0/9,238,9,,14952,15161,12964,13173,209,bca1fe15a6d0702917a1ff13ba0582c3f4f2a974b4cebd461c7aa3086bb97d85,5245434efffe0001d100000010000300,,NCER cell,Confirmed,True,False,,,,,,,,,,False,False
/a/1/0/9,/a/1/0/9!/member_00010,0,/a/1/0/9,238,10,,15164,23404,13176,21416,8240,fd517a7b71872be6ed0022babccd54b0c25188fd2cef429359ad70fb0501b493,5247434efffe01013020000010000100,,NCGR graphics,Confirmed,True,False,,,,,,,,,,False,False
/a/1/0/9,/a/1/0/9!/member_00011,0,/a/1/0/9,238,11,,23404,23515,21416,21527,111,30249884bd91f10bc9d4e13e7b1495f09991b6f488405a0cdbb61cfb402d10ca,524e414efffe00016f00000010000300,,NANR animation,Confirmed,True,False,,,,,,,,,,False,False
/a/1/0/9,/a/1/0/9!/member_00012,0,/a/1/0/9,238,12,,23516,23639,21528,21651,123,278648c5c2594917cf888567fc21029534bbb3e1e5e1c66f58c9cd82fb92eb70,5245434efffe00017b00000010000300,,NCER cell,Confirmed,True,False,,,,,,,,,,False,False
/a/1/0/9,/a/1/0/9!/member_00013,0,/a/1/0/9,238,13,,23640,31880,21652,29892,8240,c3fefc5352e215fd430ce3d8d13e12d4961fb466fe68a204b77e0a07a6617053,5247434efffe01013020000010000100,,NCGR graphics,Confirmed,True,False,,,,,,,,,,False,False
/a/1/0/9,/a/1/0/9!/member_00014,0,/a/1/0/9,238,14,,31880,31991,29892,30003,111,30249884bd91f10bc9d4e13e7b1495f09991b6f488405a0cdbb61cfb402d10ca,524e414efffe00016f00000010000300,,NANR animation,Confirmed,True,False,,,,,,,,,,False,False
/a/1/0/9,/a/1/0/9!/member_00015,0,/a/1/0/9,238,15,,31992,32115,30004,30127,123,c992a53abc16fba79af31e531a449958180ae86073fffe59d4c89e6139e82315,5245434efffe00017b00000010000300,,NCER cell,Confirmed,True,False,,,,,,,,,,False,False
/a/1/0/9,/a/1/0/9!/member_00016,0,/a/1/0/9,238,16,,32116,32668,30128,30680,552,d98fe55f5950ff8e7e40b594024011272d8d94c6e3befc7e98adc84861b3dd0e,524c434efffe00012802000010000100,,NCLR palette,Confirmed,True,False,,,,,,,,,,False,False
/a/1/0/9,/a/1/0/9!/member_00017,0,/a/1/0/9,238,17,,32668,33220,30680,31232,552,bd435e8b2861207d892e9b8252e49b86638187f99baf1ec9f1ade3436cf85cdd,524c434efffe00012802000010000100,,NCLR palette,Confirmed,True,False,,,,,,,,,,False,False
/a/1/0/9,/a/1/0/9!/member_00018,0,/a/1/0/9,238,18,,33220,36356,31232,34368,3136,3728bce2ec73ffc66febadbcf885242898e598f0f2ea2ce91d1d5e1f11e2d86e,5247434efffe0101400c000010000200,,NCGR graphics,Confirmed,True,False,,,,,,,,,,False,False
/a/1/0/9,/a/1/0/9!/member_00019,0,/a/1/0/9,238,19,,36356,37416,34368,35428,1060,35a9a3fa657e7c0586ef3f0bd2b55a9f502b323d94110bd7e83334bcf5f4ffac,5243534efffe00012404000010000100,,NSCR screen map,Confirmed,True,False,,,,,,,,,,False,False
/a/1/0/9,/a/1/0/9!/member_00020,0,/a/1/0/9,238,20,,37416,40040,35428,38052,2624,c8b1ee05ff4ccab33d71b73c6aa44921b9bf1d5c6dcc607d5bbe397e26d2877d,5247434efffe0101400a000010000200,,NCGR graphics,Confirmed,True,False,,,,,,,,,,False,False
/a/1/0/9,/a/1/0/9!/member_00021,0,/a/1/0/9,238,21,,40040,40592,38052,38604,552,d5e0c933f7945ed4ff59f193ca7b51d35182f45b976d0b0f89880e0645050258,524c434efffe00012802000010000100,,NCLR palette,Confirmed,True,False,,,,,,,,,,False,False
/a/1/0/9,/a/1/0/9!/member_00022,0,/a/1/0/9,238,22,,40592,42676,38604,40688,2084,beb48f8fc6d9e9160c3edae660326b74f026ebc12756a4486778e273987a97db,5243534efffe00012408000010000100,,NSCR screen map,Confirmed,True,False,,,,,,,,,,False,False
/a/1/0/9,/a/1/0/9!/member_00023,0,/a/1/0/9,238,23,,42676,45300,40688,43312,2624,c8b1ee05ff4ccab33d71b73c6aa44921b9bf1d5c6dcc607d5bbe397e26d2877d,5247434efffe0101400a000010000200,,NCGR graphics,Confirmed,True,False,,,,,,,,,,False,False
/a/1/0/9,/a/1/0/9!/member_00024,0,/a/1/0/9,238,24,,45300,45852,43312,43864,552,7fa42a7d025b705c57789ee2c5b95a915706c09ed2f17c3a14ed27a5bb7b09aa,524c434efffe00012802000010000100,,NCLR palette,Confirmed,True,False,,,,,,,,,,False,False
/a/1/0/9,/a/1/0/9!/member_00025,0,/a/1/0/9,238,25,,45852,47936,43864,45948,2084,beb48f8fc6d9e9160c3edae660326b74f026ebc12756a4486778e273987a97db,5243534efffe00012408000010000100,,NSCR screen map,Confirmed,True,False,,,,,,,,,,False,False
/a/1/0/9,/a/1/0/9!/member_00026,0,/a/1/0/9,238,26,,47936,52096,45948,50108,4160,9150082f97c565b356052d021a6d6dba132f6ad793df1d76eee1e0de919c08d6,5247434efffe01014010000010000200,,NCGR graphics,Confirmed,True,False,,,,,,,,,,False,False
/a/1/0/9,/a/1/0/9!/member_00027,0,/a/1/0/9,238,27,,52096,52648,50108,50660,552,248ef7cbfbd8a1685c8b4299f3d8eef5891fa83a705d1943633db3c1768b4bca,524c434efffe00012802000010000100,,NCLR palette,Confirmed,True,False,,,,,,,,,,False,False
/a/1/0/9,/a/1/0/9!/member_00028,0,/a/1/0/9,238,28,,52648,54732,50660,52744,2084,beb48f8fc6d9e9160c3edae660326b74f026ebc12756a4486778e273987a97db,5243534efffe00012408000010000100,,NSCR screen map,Confirmed,True,False,,,,,,,,,,False,False
/a/1/0/9,/a/1/0/9!/member_00029,0,/a/1/0/9,238,29,,54732,57356,52744,55368,2624,c8b1ee05ff4ccab33d71b73c6aa44921b9bf1d5c6dcc607d5bbe397e26d2877d,5247434efffe0101400a000010000200,,NCGR graphics,Confirmed,True,False,,,,,,,,,,False,False
/a/1/0/9,/a/1/0/9!/member_00030,0,/a/1/0/9,238,30,,57356,57908,55368,55920,552,2c91a695ea0a064186343a5026908491c4a49b7d0569753e939744cc839d9a3b,524c434efffe00012802000010000100,,NCLR palette,Confirmed,True,False,,,,,,,,,,False,False
/a/1/0/9,/a/1/0/9!/member_00031,0,/a/1/0/9,238,31,,57908,59992,55920,58004,2084,beb48f8fc6d9e9160c3edae660326b74f026ebc12756a4486778e273987a97db,5243534efffe00012408000010000100,,NSCR screen map,Confirmed,True,False,,,,,,,,,,False,False
/a/1/0/9,/a/1/0/9!/member_00032,0,/a/1/0/9,238,32,,59992,62616,58004,60628,2624,c8b1ee05ff4ccab33d71b73c6aa44921b9bf1d5c6dcc607d5bbe397e26d2877d,5247434efffe0101400a000010000200,,NCGR graphics,Confirmed,True,False,,,,,,,,,,False,False
/a/1/0/9,/a/1/0/9!/member_00033,0,/a/1/0/9,238,33,,62616,63168,60628,61180,552,9164ac9a66504e63052c37a9e42f1404400c54e4b927db273356fbde7e166589,524c434efffe00012802000010000100,,NCLR palette,Confirmed,True,False,,,,,,,,,,False,False
/a/1/0/9,/a/1/0/9!/member_00034,0,/a/1/0/9,238,34,,63168,65252,61180,63264,2084,beb48f8fc6d9e9160c3edae660326b74f026ebc12756a4486778e273987a97db,5243534efffe00012408000010000100,,NSCR screen map,Confirmed,True,False,,,,,,,,,,False,False
/a/1/0/9,/a/1/0/9!/member_00035,0,/a/1/0/9,238,35,,65252,67876,63264,65888,2624,c8b1ee05ff4ccab33d71b73c6aa44921b9bf1d5c6dcc607d5bbe397e26d2877d,5247434efffe0101400a000010000200,,NCGR graphics,Confirmed,True,False,,,,,,,,,,False,False
/a/1/0/9,/a/1/0/9!/member_00036,0,/a/1/0/9,238,36,,67876,68428,65888,66440,552,f0d246d3452443fbbfdb2b3b0ab8e004f76157026e01e3ef10bf3230dd695a05,524c434efffe00012802000010000100,,NCLR palette,Confirmed,True,False,,,,,,,,,,False,False
/a/1/0/9,/a/1/0/9!/member_00037,0,/a/1/0/9,238,37,,68428,70512,66440,68524,2084,beb48f8fc6d9e9160c3edae660326b74f026ebc12756a4486778e273987a97db,5243534efffe00012408000010000100,,NSCR screen map,Confirmed,True,False,,,,,,,,,,False,False
/a/1/0/9,/a/1/0/9!/member_00038,0,/a/1/0/9,238,38,,70512,73136,68524,71148,2624,c8b1ee05ff4ccab33d71b73c6aa44921b9bf1d5c6dcc607d5bbe397e26d2877d,5247434efffe0101400a000010000200,,NCGR graphics,Confirmed,True,False,,,,,,,,,,False,False
/a/1/0/9,/a/1/0/9!/member_00039,0,/a/1/0/9,238,39,,73136,73688,71148,71700,552,ad1443706235975781d2d1a65146ecb26ead17fe8920ce9f2ed55967a641bddf,524c434efffe00012802000010000100,,NCLR palette,Confirmed,True,False,,,,,,,,,,False,False
/a/1/0/9,/a/1/0/9!/member_00040,0,/a/1/0/9,238,40,,73688,75772,71700,73784,2084,beb48f8fc6d9e9160c3edae660326b74f026ebc12756a4486778e273987a97db,5243534efffe00012408000010000100,,NSCR screen map,Confirmed,True,False,,,,,,,,,,False,False
/a/1/0/9,/a/1/0/9!/member_00041,0,/a/1/0/9,238,41,,75772,78396,73784,76408,2624,c8b1ee05ff4ccab33d71b73c6aa44921b9bf1d5c6dcc607d5bbe397e26d2877d,5247434efffe0101400a000010000200,,NCGR graphics,Confirmed,True,False,,,,,,,,,,False,False
/a/1/0/9,/a/1/0/9!/member_00042,0,/a/1/0/9,238,42,,78396,78948,76408,76960,552,3aa719542eeeda079976453ec6e862d359f06297f8bd427fe92e3b16d798d697,524c434efffe00012802000010000100,,NCLR palette,Confirmed,True,False,,,,,,,,,,False,False
/a/1/0/9,/a/1/0/9!/member_00043,0,/a/1/0/9,238,43,,78948,81032,76960,79044,2084,beb48f8fc6d9e9160c3edae660326b74f026ebc12756a4486778e273987a97db,5243534efffe00012408000010000100,,NSCR screen map,Confirmed,True,False,,,,,,,,,,False,False
/a/1/0/9,/a/1/0/9!/member_00044,0,/a/1/0/9,238,44,,81032,83656,79044,81668,2624,c8b1ee05ff4ccab33d71b73c6aa44921b9bf1d5c6dcc607d5bbe397e26d2877d,5247434efffe0101400a000010000200,,NCGR graphics,Confirmed,True,False,,,,,,,,,,False,False
/a/1/0/9,/a/1/0/9!/member_00045,0,/a/1/0/9,238,45,,83656,84208,81668,82220,552,bd73fe8b1db44b4cf9265308d1d7dc3bfcf14b02e2b3b6b6ae3c78a71e57d841,524c434efffe00012802000010000100,,NCLR palette,Confirmed,True,False,,,,,,,,,,False,False
/a/1/0/9,/a/1/0/9!/member_00046,0,/a/1/0/9,238,46,,84208,86292,82220,84304,2084,beb48f8fc6d9e9160c3edae660326b74f026ebc12756a4486778e273987a97db,5243534efffe00012408000010000100,,NSCR screen map,Confirmed,True,False,,,,,,,,,,False,False
/a/1/0/9,/a/1/0/9!/member_00047,0,/a/1/0/9,238,47,,86292,86844,84304,84856,552,1d0452fbbfba0000f74971468932f2ef3fb54e1f324a9188ec067478a92c1942,524c434efffe00012802000010000100,,NCLR palette,Confirmed,True,False,,,,,,,,,,False,False
/a/1/0/9,/a/1/0/9!/member_00048,0,/a/1/0/9,238,48,,86844,94316,84856,92328,7472,c0a45b6b8a7061d82ba572f55f008408b54b94b3c2a1949fecb24d70f7fc4113,5247434efffe0101301d000010000100,,NCGR graphics,Confirmed,True,False,,,,,,,,,,False,False
/a/1/0/9,/a/1/0/9!/member_00049,0,/a/1/0/9,238,49,,94316,95518,92328,93530,1202,cae47a230a064553b16805e9cfa1c1048f700b37e0f40c27ffbba579c59438c7,5245434efffe0001b204000010000300,,NCER cell,Confirmed,True,False,,,,,,,,,,False,False
/a/1/0/9,/a/1/0/9!/member_00050,0,/a/1/0/9,238,50,,95520,96034,93532,94046,514,a41cee9c0705a3ae465904c4071d03636385b850068ca003da596b66c4299de8,524e414efffe00010202000010000300,,NANR animation,Confirmed,True,False,,,,,,,,,,False,False
/a/1/0/9,/a/1/0/9!/member_00051,0,/a/1/0/9,238,51,,96036,96588,94048,94600,552,ad1bc8ff263a206827a53f76c146ac1e2d991091c1678d1a8675d7b82da40f90,524c434efffe00012802000010000100,,NCLR palette,Confirmed,True,False,,,,,,,,,,False,False
/a/1/0/9,/a/1/0/9!/member_00052,0,/a/1/0/9,238,52,,96588,97140,94600,95152,552,2eff4b020ab26b23592e9da640c8947633d7f34c34068223bc6e52315f053c00,524c434efffe00012802000010000100,,NCLR palette,Confirmed,True,False,,,,,,,,,,False,False
/a/1/0/9,/a/1/0/9!/member_00053,0,/a/1/0/9,238,53,,97140,97692,95152,95704,552,6c5e9186fe3a3f51062e3fa3c7b287f295547a0c046409cc22a43b5847a38f5a,524c434efffe00012802000010000100,,NCLR palette,Confirmed,True,False,,,,,,,,,,False,False
/a/1/0/9,/a/1/0/9!/member_00054,0,/a/1/0/9,238,54,,97692,98244,95704,96256,552,fcd880a2c9342b8f4276dc39857278ee02b31b2cf0a544a7fc9499b6647ba4c4,524c434efffe00012802000010000100,,NCLR palette,Confirmed,True,False,,,,,,,,,,False,False
/a/1/0/9,/a/1/0/9!/member_00055,0,/a/1/0/9,238,55,,98244,98796,96256,96808,552,948052d9ff3f580ee7b54c33cd488747e45b11146d40418a7b93a4805c049c8f,524c434efffe00012802000010000100,,NCLR palette,Confirmed,True,False,,,,,,,,,,False,False
/a/1/0/9,/a/1/0/9!/member_00056,0,/a/1/0/9,238,56,,98796,100892,96808,98904,2096,6c65902dd821baac5db0795aaaba3eaeb52ad351358f71b65b4d2454658af9eb,5247434efffe01013008000010000100,,NCGR graphics,Confirmed,True,False,,,,,,,,,,False,False
/a/1/0/9,/a/1/0/9!/member_00057,0,/a/1/0/9,238,57,,100892,100999,98904,99011,107,c4c621255461e1521d8b6af105742f21b9efb619d36f949eb63026e2e758825d,5245434efffe00016b00000010000300,,NCER cell,Confirmed,True,False,,,,,,,,,,False,False
/a/1/0/9,/a/1/0/9!/member_00058,0,/a/1/0/9,238,58,,101000,101111,99012,99123,111,30249884bd91f10bc9d4e13e7b1495f09991b6f488405a0cdbb61cfb402d10ca,524e414efffe00016f00000010000300,,NANR animation,Confirmed,True,False,,,,,,,,,,False,False
/a/1/0/9,/a/1/0/9!/member_00059,0,/a/1/0/9,238,59,,101112,101664,99124,99676,552,a7cab2dd1e3195317624748548a45b92dff0476a7c28e1b6bc7ba6a9ac75f1e6,524c434efffe00012802000010000100,,NCLR palette,Confirmed,True,False,,,,,,,,,,False,False
/a/1/0/9,/a/1/0/9!/member_00060,0,/a/1/0/9,238,60,,101664,105808,99676,103820,4144,80527b06dd5a5686e604bf50aaf02eca00c0e7e20aa2bbaf333febfb29119a5b,5247434efffe01013010000010000100,,NCGR graphics,Confirmed,True,False,,,,,,,,,,False,False
/a/1/0/9,/a/1/0/9!/member_00061,0,/a/1/0/9,238,61,,105808,105950,103820,103962,142,664d40f75369c3cc2b31e7ce8a86b36b611fbb7207acb72d05bd32f6ba0d8cf2,5245434efffe00018e00000010000300,,NCER cell,Confirmed,True,False,,,,,,,,,,False,False
/a/1/0/9,/a/1/0/9!/member_00062,0,/a/1/0/9,238,62,,105952,106142,103964,104154,190,af910eae7b51ee22d820ac6602f252853f9c1686f3e99a7309b82a7fb207167d,524e414efffe0001be00000010000300,,NANR animation,Confirmed,True,False,,,,,,,,,,False,False
/a/1/0/9,/a/1/0/9!/member_00063,0,/a/1/0/9,238,63,,106144,106696,104156,104708,552,c4a07b4995e96af3943032a0807e52173d52768f0506c565244a014480a7f6de,524c434efffe00012802000010000100,,NCLR palette,Confirmed,True,False,,,,,,,,,,False,False
/a/1/0/9,/a/1/0/9!/member_00064,0,/a/1/0/9,238,64,,106696,109816,104708,107828,3120,fd0f6d1dcacd2e291b28f777c821840516b96afd47ec6c8a42ccce01e5d2a073,5247434efffe0101300c000010000100,,NCGR graphics,Confirmed,True,False,,,,,,,,,,False,False
/a/1/0/9,/a/1/0/9!/member_00065,0,/a/1/0/9,238,65,,109816,109927,107828,107939,111,c7220ee606a0a288cab4a126974c87beeb8e745b1592ee42d4ab4ba935e7d556,5245434efffe00016f00000010000300,,NCER cell,Confirmed,True,False,,,,,,,,,,False,False
/a/1/0/9,/a/1/0/9!/member_00066,0,/a/1/0/9,238,66,,109928,110039,107940,108051,111,30249884bd91f10bc9d4e13e7b1495f09991b6f488405a0cdbb61cfb402d10ca,524e414efffe00016f00000010000300,,NANR animation,Confirmed,True,False,,,,,,,,,,False,False
/a/1/0/9,/a/1/0/9!/member_00067,0,/a/1/0/9,238,67,,110040,110592,108052,108604,552,d9378da26d96d780eea190ce3b169b526f9f0b1cee921faa08c99e225ef63abb,524c434efffe00012802000010000100,,NCLR palette,Confirmed,True,False,,,,,,,,,,False,False
/a/1/0/9,/a/1/0/9!/member_00068,0,/a/1/0/9,238,68,,110592,113712,108604,111724,3120,750105ede9b7eb03f863007c7c9b72ca55045321480b3e0f1eef432af9e2c00a,5247434efffe0101300c000010000100,,NCGR graphics,Confirmed,True,False,,,,,,,,,,False,False
/a/1/0/9,/a/1/0/9!/member_00069,0,/a/1/0/9,238,69,,113712,113823,111724,111835,111,9fa58d430d51a5c7e0f4b6ac5d35dba1312c29b51faaeb47f43695fe3ee62061,5245434efffe00016f00000010000300,,NCER cell,Confirmed,True,False,,,,,,,,,,False,False
/a/1/0/9,/a/1/0/9!/member_00070,0,/a/1/0/9,238,70,,113824,113935,111836,111947,111,30249884bd91f10bc9d4e13e7b1495f09991b6f488405a0cdbb61cfb402d10ca,524e414efffe00016f00000010000300,,NANR animation,Confirmed,True,False,,,,,,,,,,False,False
/a/1/0/9,/a/1/0/9!/member_00071,0,/a/1/0/9,238,71,,113936,114488,111948,112500,552,3e720c16d6a9c70fb9fb8f245338d60072cdbf576c3a3fc86d9f00947d3c2396,524c434efffe00012802000010000100,,NCLR palette,Confirmed,True,False,,,,,,,,,,False,False
/a/1/0/9,/a/1/0/9!/member_00072,0,/a/1/0/9,238,72,,114488,117608,112500,115620,3120,8c4ad2f4854593725c0d0c59142a7e255e6a84802236631bb87ddce191d26426,5247434efffe0101300c000010000100,,NCGR graphics,Confirmed,True,False,,,,,,,,,,False,False
/a/1/0/9,/a/1/0/9!/member_00073,0,/a/1/0/9,238,73,,117608,117719,115620,115731,111,9fa58d430d51a5c7e0f4b6ac5d35dba1312c29b51faaeb47f43695fe3ee62061,5245434efffe00016f00000010000300,,NCER cell,Confirmed,True,False,,,,,,,,,,False,False
/a/1/0/9,/a/1/0/9!/member_00074,0,/a/1/0/9,238,74,,117720,117831,115732,115843,111,30249884bd91f10bc9d4e13e7b1495f09991b6f488405a0cdbb61cfb402d10ca,524e414efffe00016f00000010000300,,NANR animation,Confirmed,True,False,,,,,,,,,,False,False
/a/1/0/9,/a/1/0/9!/member_00075,0,/a/1/0/9,238,75,,117832,118384,115844,116396,552,751a7a3402283a0ccf6b11b25e821944649d1c4bb2625eedec89313a69bd1eba,524c434efffe00012802000010000100,,NCLR palette,Confirmed,True,False,,,,,,,,,,False,False
/a/1/0/9,/a/1/0/9!/member_00076,0,/a/1/0/9,238,76,,118384,121504,116396,119516,3120,eddd58332bee722cfa415446b0a9bbac21b42ed30f020b83a19d86c3d762958d,5247434efffe0101300c000010000100,,NCGR graphics,Confirmed,True,False,,,,,,,,,,False,False
/a/1/0/9,/a/1/0/9!/member_00077,0,/a/1/0/9,238,77,,121504,121615,119516,119627,111,9fa58d430d51a5c7e0f4b6ac5d35dba1312c29b51faaeb47f43695fe3ee62061,5245434efffe00016f00000010000300,,NCER cell,Confirmed,True,False,,,,,,,,,,False,False
/a/1/0/9,/a/1/0/9!/member_00078,0,/a/1/0/9,238,78,,121616,121727,119628,119739,111,30249884bd91f10bc9d4e13e7b1495f09991b6f488405a0cdbb61cfb402d10ca,524e414efffe00016f00000010000300,,NANR animation,Confirmed,True,False,,,,,,,,,,False,False
/a/1/0/9,/a/1/0/9!/member_00079,0,/a/1/0/9,238,79,,121728,122280,119740,120292,552,8f06f3a16acc0480b28d60436a17bf171f442b6966fd152bccbc0fd71a086895,524c434efffe00012802000010000100,,NCLR palette,Confirmed,True,False,,,,,,,,,,False,False
/a/1/0/9,/a/1/0/9!/member_00080,0,/a/1/0/9,238,80,,122280,125400,120292,123412,3120,419a5ce93d906fb7376e1cf67670c0bffb9053955894e30e8b596a7ea2bf77c2,5247434efffe0101300c000010000100,,NCGR graphics,Confirmed,True,False,,,,,,,,,,False,False
/a/1/0/9,/a/1/0/9!/member_00081,0,/a/1/0/9,238,81,,125400,125511,123412,123523,111,9fa58d430d51a5c7e0f4b6ac5d35dba1312c29b51faaeb47f43695fe3ee62061,5245434efffe00016f00000010000300,,NCER cell,Confirmed,True,False,,,,,,,,,,False,False
/a/1/0/9,/a/1/0/9!/member_00082,0,/a/1/0/9,238,82,,125512,125623,123524,123635,111,30249884bd91f10bc9d4e13e7b1495f09991b6f488405a0cdbb61cfb402d10ca,524e414efffe00016f00000010000300,,NANR animation,Confirmed,True,False,,,,,,,,,,False,False
/a/1/0/9,/a/1/0/9!/member_00083,0,/a/1/0/9,238,83,,125624,126176,123636,124188,552,bc8882b7f7e690631708595b40a9349466ea5a5c419c3fc9b1caca64986e853d,524c434efffe00012802000010000100,,NCLR palette,Confirmed,True,False,,,,,,,,,,False,False
/a/1/0/9,/a/1/0/9!/member_00084,0,/a/1/0/9,238,84,,126176,129296,124188,127308,3120,83f0eb600c9ba6a000ecda816400c987ed9d5bd6e3bae143beb86dd1eabdaac1,5247434efffe0101300c000010000100,,NCGR graphics,Confirmed,True,False,,,,,,,,,,False,False
/a/1/0/9,/a/1/0/9!/member_00085,0,/a/1/0/9,238,85,,129296,129407,127308,127419,111,9fa58d430d51a5c7e0f4b6ac5d35dba1312c29b51faaeb47f43695fe3ee62061,5245434efffe00016f00000010000300,,NCER cell,Confirmed,True,False,,,,,,,,,,False,False
/a/1/0/9,/a/1/0/9!/member_00086,0,/a/1/0/9,238,86,,129408,129519,127420,127531,111,30249884bd91f10bc9d4e13e7b1495f09991b6f488405a0cdbb61cfb402d10ca,524e414efffe00016f00000010000300,,NANR animation,Confirmed,True,False,,,,,,,,,,False,False
/a/1/0/9,/a/1/0/9!/member_00087,0,/a/1/0/9,238,87,,129520,130072,127532,128084,552,0e0ef13ba6508ca54da577c5ed1c06983c7762630b45f546d69028f413552a27,524c434efffe00012802000010000100,,NCLR palette,Confirmed,True,False,,,,,,,,,,False,False
/a/1/0/9,/a/1/0/9!/member_00088,0,/a/1/0/9,238,88,,130072,133192,128084,131204,3120,69c1e9cf46dd5751fa616e88c098582ae3d2133dc75fc54d64b0dc153b4504c1,5247434efffe0101300c000010000100,,NCGR graphics,Confirmed,True,False,,,,,,,,,,False,False
/a/1/0/9,/a/1/0/9!/member_00089,0,/a/1/0/9,238,89,,133192,133303,131204,131315,111,c7220ee606a0a288cab4a126974c87beeb8e745b1592ee42d4ab4ba935e7d556,5245434efffe00016f00000010000300,,NCER cell,Confirmed,True,False,,,,,,,,,,False,False
/a/1/0/9,/a/1/0/9!/member_00090,0,/a/1/0/9,238,90,,133304,133415,131316,131427,111,30249884bd91f10bc9d4e13e7b1495f09991b6f488405a0cdbb61cfb402d10ca,524e414efffe00016f00000010000300,,NANR animation,Confirmed,True,False,,,,,,,,,,False,False
/a/1/0/9,/a/1/0/9!/member_00091,0,/a/1/0/9,238,91,,133416,133968,131428,131980,552,5f41217129a969f95ed32d5f9faedffc806242eb574b56d5008675cc52b72765,524c434efffe00012802000010000100,,NCLR palette,Confirmed,True,False,,,,,,,,,,False,False
/a/1/0/9,/a/1/0/9!/member_00092,0,/a/1/0/9,238,92,,133968,137088,131980,135100,3120,cfa5223daaeafc6488409ce1447913a51fcf989a1649fa1b723db3afd83209c2,5247434efffe0101300c000010000100,,NCGR graphics,Confirmed,True,False,,,,,,,,,,False,False
/a/1/0/9,/a/1/0/9!/member_00093,0,/a/1/0/9,238,93,,137088,137199,135100,135211,111,9fa58d430d51a5c7e0f4b6ac5d35dba1312c29b51faaeb47f43695fe3ee62061,5245434efffe00016f00000010000300,,NCER cell,Confirmed,True,False,,,,,,,,,,False,False
/a/1/0/9,/a/1/0/9!/member_00094,0,/a/1/0/9,238,94,,137200,137311,135212,135323,111,30249884bd91f10bc9d4e13e7b1495f09991b6f488405a0cdbb61cfb402d10ca,524e414efffe00016f00000010000300,,NANR animation,Confirmed,True,False,,,,,,,,,,False,False
/a/1/0/9,/a/1/0/9!/member_00095,0,/a/1/0/9,238,95,,137312,137864,135324,135876,552,6cf95a323ee77aa6509bd9ac67e8eaa6f7977554f25823ccd538aef518cd8956,524c434efffe00012802000010000100,,NCLR palette,Confirmed,True,False,,,,,,,,,,False,False
/a/1/0/9,/a/1/0/9!/member_00096,0,/a/1/0/9,238,96,,137864,140984,135876,138996,3120,7eef770a11c0bbeff65dc71829d23428ccd9d6442c31ed40ae11f5308995934b,5247434efffe0101300c000010000100,,NCGR graphics,Confirmed,True,False,,,,,,,,,,False,False
/a/1/0/9,/a/1/0/9!/member_00097,0,/a/1/0/9,238,97,,140984,141095,138996,139107,111,9fa58d430d51a5c7e0f4b6ac5d35dba1312c29b51faaeb47f43695fe3ee62061,5245434efffe00016f00000010000300,,NCER cell,Confirmed,True,False,,,,,,,,,,False,False
/a/1/0/9,/a/1/0/9!/member_00098,0,/a/1/0/9,238,98,,141096,141207,139108,139219,111,30249884bd91f10bc9d4e13e7b1495f09991b6f488405a0cdbb61cfb402d10ca,524e414efffe00016f00000010000300,,NANR animation,Confirmed,True,False,,,,,,,,,,False,False
/a/1/0/9,/a/1/0/9!/member_00099,0,/a/1/0/9,238,99,,141208,141760,139220,139772,552,8e3002cadc68e1e88621ac1e14772d28ffb0516803ab4e04628c2e5085f3acda,524c434efffe00012802000010000100,,NCLR palette,Confirmed,True,False,,,,,,,,,,False,False
/a/1/0/9,/a/1/0/9!/member_00100,0,/a/1/0/9,238,100,,141760,144880,139772,142892,3120,2d8fc452c88941defca7db76e27745509b95ffb5abd912aa2284a7c690811da7,5247434efffe0101300c000010000100,,NCGR graphics,Confirmed,True,False,,,,,,,,,,False,False
/a/1/0/9,/a/1/0/9!/member_00101,0,/a/1/0/9,238,101,,144880,144991,142892,143003,111,71b90b683030bd0eaff93ed571f928500a22bdfd54ecb7e7d1d2c06593f0ef46,5245434efffe00016f00000010000300,,NCER cell,Confirmed,True,False,,,,,,,,,,False,False
/a/1/0/9,/a/1/0/9!/member_00102,0,/a/1/0/9,238,102,,144992,145103,143004,143115,111,30249884bd91f10bc9d4e13e7b1495f09991b6f488405a0cdbb61cfb402d10ca,524e414efffe00016f00000010000300,,NANR animation,Confirmed,True,False,,,,,,,,,,False,False
/a/1/0/9,/a/1/0/9!/member_00103,0,/a/1/0/9,238,103,,145104,145656,143116,143668,552,a10e6eb1fb6fd7a76122b740ccd7412c6f43a14677aa83c16233d9cfdffb2418,524c434efffe00012802000010000100,,NCLR palette,Confirmed,True,False,,,,,,,,,,False,False
/a/1/0/9,/a/1/0/9!/member_00104,0,/a/1/0/9,238,104,,145656,148776,143668,146788,3120,0e4e69ad54418e5be48f03ccb3fa1dc1292029470947fb936a99e6e16dd978de,5247434efffe0101300c000010000100,,NCGR graphics,Confirmed,True,False,,,,,,,,,,False,False
/a/1/0/9,/a/1/0/9!/member_00105,0,/a/1/0/9,238,105,,148776,148887,146788,146899,111,c7220ee606a0a288cab4a126974c87beeb8e745b1592ee42d4ab4ba935e7d556,5245434efffe00016f00000010000300,,NCER cell,Confirmed,True,False,,,,,,,,,,False,False
/a/1/0/9,/a/1/0/9!/member_00106,0,/a/1/0/9,238,106,,148888,148999,146900,147011,111,30249884bd91f10bc9d4e13e7b1495f09991b6f488405a0cdbb61cfb402d10ca,524e414efffe00016f00000010000300,,NANR animation,Confirmed,True,False,,,,,,,,,,False,False
/a/1/0/9,/a/1/0/9!/member_00107,0,/a/1/0/9,238,107,,149000,149552,147012,147564,552,4c566d2832e84bc3b2ac6bbc15f3db6f7c3980bbabc93282359ac20d3bb6648f,524c434efffe00012802000010000100,,NCLR palette,Confirmed,True,False,,,,,,,,,,False,False
/a/1/0/9,/a/1/0/9!/member_00108,0,/a/1/0/9,238,108,,149552,152672,147564,150684,3120,faf33f579e755ad25047e46fa3c7163b9f97a3b2a7143e1539b211e405384b28,5247434efffe0101300c000010000100,,NCGR graphics,Confirmed,True,False,,,,,,,,,,False,False
/a/1/0/9,/a/1/0/9!/member_00109,0,/a/1/0/9,238,109,,152672,152783,150684,150795,111,9fa58d430d51a5c7e0f4b6ac5d35dba1312c29b51faaeb47f43695fe3ee62061,5245434efffe00016f00000010000300,,NCER cell,Confirmed,True,False,,,,,,,,,,False,False
/a/1/0/9,/a/1/0/9!/member_00110,0,/a/1/0/9,238,110,,152784,152895,150796,150907,111,30249884bd91f10bc9d4e13e7b1495f09991b6f488405a0cdbb61cfb402d10ca,524e414efffe00016f00000010000300,,NANR animation,Confirmed,True,False,,,,,,,,,,False,False
/a/1/0/9,/a/1/0/9!/member_00111,0,/a/1/0/9,238,111,,152896,153448,150908,151460,552,183c4e89a60e5e4ebf032bdb791e56f177e65fe5dd12024ceb2ce921c813c658,524c434efffe00012802000010000100,,NCLR palette,Confirmed,True,False,,,,,,,,,,False,False
/a/1/0/9,/a/1/0/9!/member_00112,0,/a/1/0/9,238,112,,153448,156568,151460,154580,3120,bc02c6a738d68aa8e65b3f27b78ecf9340fa858c0d9a493831ccb956867ac7f1,5247434efffe0101300c000010000100,,NCGR graphics,Confirmed,True,False,,,,,,,,,,False,False
/a/1/0/9,/a/1/0/9!/member_00113,0,/a/1/0/9,238,113,,156568,156679,154580,154691,111,c7220ee606a0a288cab4a126974c87beeb8e745b1592ee42d4ab4ba935e7d556,5245434efffe00016f00000010000300,,NCER cell,Confirmed,True,False,,,,,,,,,,False,False
/a/1/0/9,/a/1/0/9!/member_00114,0,/a/1/0/9,238,114,,156680,156791,154692,154803,111,30249884bd91f10bc9d4e13e7b1495f09991b6f488405a0cdbb61cfb402d10ca,524e414efffe00016f00000010000300,,NANR animation,Confirmed,True,False,,,,,,,,,,False,False
/a/1/0/9,/a/1/0/9!/member_00115,0,/a/1/0/9,238,115,,156792,157344,154804,155356,552,7be096164c63ac8df7019a24a2eb723471fa78757e3bbd85026db050cf5597f1,524c434efffe00012802000010000100,,NCLR palette,Confirmed,True,False,,,,,,,,,,False,False
/a/1/0/9,/a/1/0/9!/member_00116,0,/a/1/0/9,238,116,,157344,160464,155356,158476,3120,3a05fc92b081bda34d45470690623a1f67bb15df0bc8a8bce5a6b2fd47b2921d,5247434efffe0101300c000010000100,,NCGR graphics,Confirmed,True,False,,,,,,,,,,False,False
/a/1/0/9,/a/1/0/9!/member_00117,0,/a/1/0/9,238,117,,160464,160575,158476,158587,111,8def59e38d7a4f27c43d26097ca82fe512d55364168e1aefd58959a80574fd47,5245434efffe00016f00000010000300,,NCER cell,Confirmed,True,False,,,,,,,,,,False,False
/a/1/0/9,/a/1/0/9!/member_00118,0,/a/1/0/9,238,118,,160576,160687,158588,158699,111,30249884bd91f10bc9d4e13e7b1495f09991b6f488405a0cdbb61cfb402d10ca,524e414efffe00016f00000010000300,,NANR animation,Confirmed,True,False,,,,,,,,,,False,False
/a/1/0/9,/a/1/0/9!/member_00119,0,/a/1/0/9,238,119,,160688,161240,158700,159252,552,003ee840de913763cbec2f2a9b7d6b119fe00b6724bb8a0afd360a7ac18c2eac,524c434efffe00012802000010000100,,NCLR palette,Confirmed,True,False,,,,,,,,,,False,False
/a/1/0/9,/a/1/0/9!/member_00120,0,/a/1/0/9,238,120,,161240,164360,159252,162372,3120,0bb5138d389193d68eee20af82247e7d301e1a34a9d0726bbfc3adbc196f422e,5247434efffe0101300c000010000100,,NCGR graphics,Confirmed,True,False,,,,,,,,,,False,False
/a/1/0/9,/a/1/0/9!/member_00121,0,/a/1/0/9,238,121,,164360,164471,162372,162483,111,9fa58d430d51a5c7e0f4b6ac5d35dba1312c29b51faaeb47f43695fe3ee62061,5245434efffe00016f00000010000300,,NCER cell,Confirmed,True,False,,,,,,,,,,False,False
/a/1/0/9,/a/1/0/9!/member_00122,0,/a/1/0/9,238,122,,164472,164583,162484,162595,111,30249884bd91f10bc9d4e13e7b1495f09991b6f488405a0cdbb61cfb402d10ca,524e414efffe00016f00000010000300,,NANR animation,Confirmed,True,False,,,,,,,,,,False,False
/a/1/0/9,/a/1/0/9!/member_00123,0,/a/1/0/9,238,123,,164584,165136,162596,163148,552,0eac605e9c0d47fd6bd456ba4dc503c627f7f845f48a478f4590cc51ba6b34c7,524c434efffe00012802000010000100,,NCLR palette,Confirmed,True,False,,,,,,,,,,False,False
/a/1/0/9,/a/1/0/9!/member_00124,0,/a/1/0/9,238,124,,165136,168256,163148,166268,3120,8bc3b2f5da7561a01c20b9d0886b06bf1ac46f766564a2490ee425b032750130,5247434efffe0101300c000010000100,,NCGR graphics,Confirmed,True,False,,,,,,,,,,False,False
/a/1/0/9,/a/1/0/9!/member_00125,0,/a/1/0/9,238,125,,168256,168367,166268,166379,111,71b90b683030bd0eaff93ed571f928500a22bdfd54ecb7e7d1d2c06593f0ef46,5245434efffe00016f00000010000300,,NCER cell,Confirmed,True,False,,,,,,,,,,False,False
/a/1/0/9,/a/1/0/9!/member_00126,0,/a/1/0/9,238,126,,168368,168479,166380,166491,111,30249884bd91f10bc9d4e13e7b1495f09991b6f488405a0cdbb61cfb402d10ca,524e414efffe00016f00000010000300,,NANR animation,Confirmed,True,False,,,,,,,,,,False,False
/a/1/0/9,/a/1/0/9!/member_00127,0,/a/1/0/9,238,127,,168480,169032,166492,167044,552,c3351d1da9fea7c70cc4aceed795874cd2293a006a3f3481919b77eaae7f2c1e,524c434efffe00012802000010000100,,NCLR palette,Confirmed,True,False,,,,,,,,,,False,False
/a/1/0/9,/a/1/0/9!/member_00128,0,/a/1/0/9,238,128,,169032,172152,167044,170164,3120,61bedffba3aa227200c8400808a7210cb0d3d739ca76750b79c388f56ff3e2ec,5247434efffe0101300c000010000100,,NCGR graphics,Confirmed,True,False,,,,,,,,,,False,False
/a/1/0/9,/a/1/0/9!/member_00129,0,/a/1/0/9,238,129,,172152,172263,170164,170275,111,c7220ee606a0a288cab4a126974c87beeb8e745b1592ee42d4ab4ba935e7d556,5245434efffe00016f00000010000300,,NCER cell,Confirmed,True,False,,,,,,,,,,False,False
/a/1/0/9,/a/1/0/9!/member_00130,0,/a/1/0/9,238,130,,172264,172375,170276,170387,111,30249884bd91f10bc9d4e13e7b1495f09991b6f488405a0cdbb61cfb402d10ca,524e414efffe00016f00000010000300,,NANR animation,Confirmed,True,False,,,,,,,,,,False,False
/a/1/0/9,/a/1/0/9!/member_00131,0,/a/1/0/9,238,131,,172376,172928,170388,170940,552,09aa8039ab69942529d8a77a44958253063333e55cca0d2bb69f07fcdb5b4f79,524c434efffe00012802000010000100,,NCLR palette,Confirmed,True,False,,,,,,,,,,False,False
/a/1/0/9,/a/1/0/9!/member_00132,0,/a/1/0/9,238,132,,172928,176048,170940,174060,3120,ee693bdb93cc3203a64aff2c657eb636c0de25353cbc810ebc9e35d535c47a59,5247434efffe0101300c000010000100,,NCGR graphics,Confirmed,True,False,,,,,,,,,,False,False
/a/1/0/9,/a/1/0/9!/member_00133,0,/a/1/0/9,238,133,,176048,176159,174060,174171,111,20fb8e68413c356578eacd4bd8b9750aa58a0536ebc51042ab700bf000674b59,5245434efffe00016f00000010000300,,NCER cell,Confirmed,True,False,,,,,,,,,,False,False
/a/1/0/9,/a/1/0/9!/member_00134,0,/a/1/0/9,238,134,,176160,176271,174172,174283,111,30249884bd91f10bc9d4e13e7b1495f09991b6f488405a0cdbb61cfb402d10ca,524e414efffe00016f00000010000300,,NANR animation,Confirmed,True,False,,,,,,,,,,False,False
/a/1/0/9,/a/1/0/9!/member_00135,0,/a/1/0/9,238,135,,176272,176824,174284,174836,552,f3f656e9a7ccffae5c056b3c9e5ed9bfe4ae7a2df0ca1c3c16cef58fce43cd1e,524c434efffe00012802000010000100,,NCLR palette,Confirmed,True,False,,,,,,,,,,False,False
/a/1/0/9,/a/1/0/9!/member_00136,0,/a/1/0/9,238,136,,176824,179944,174836,177956,3120,be9298e8bb226b4889cf909835eb6390b623ef92087943671c2156df6a98f21e,5247434efffe0101300c000010000100,,NCGR graphics,Confirmed,True,False,,,,,,,,,,False,False
/a/1/0/9,/a/1/0/9!/member_00137,0,/a/1/0/9,238,137,,179944,180055,177956,178067,111,9fa58d430d51a5c7e0f4b6ac5d35dba1312c29b51faaeb47f43695fe3ee62061,5245434efffe00016f00000010000300,,NCER cell,Confirmed,True,False,,,,,,,,,,False,False
/a/1/0/9,/a/1/0/9!/member_00138,0,/a/1/0/9,238,138,,180056,180167,178068,178179,111,30249884bd91f10bc9d4e13e7b1495f09991b6f488405a0cdbb61cfb402d10ca,524e414efffe00016f00000010000300,,NANR animation,Confirmed,True,False,,,,,,,,,,False,False
/a/1/0/9,/a/1/0/9!/member_00139,0,/a/1/0/9,238,139,,180168,180720,178180,178732,552,890de7a034ef8f44e47267cbb210b4385cd79bbf48b6e4f3f4dfaa44b0cdb40e,524c434efffe00012802000010000100,,NCLR palette,Confirmed,True,False,,,,,,,,,,False,False
/a/1/0/9,/a/1/0/9!/member_00140,0,/a/1/0/9,238,140,,180720,183840,178732,181852,3120,7f4d9fd26cbcfd03c45f02649fdca981860636b69ef4442ae45cdd6a050f86f3,5247434efffe0101300c000010000100,,NCGR graphics,Confirmed,True,False,,,,,,,,,,False,False
/a/1/0/9,/a/1/0/9!/member_00141,0,/a/1/0/9,238,141,,183840,183951,181852,181963,111,4eaf3e9fd994e9d1d09c10c913717c51f3bc3196b816e3aca52e4290af3e79e1,5245434efffe00016f00000010000300,,NCER cell,Confirmed,True,False,,,,,,,,,,False,False
/a/1/0/9,/a/1/0/9!/member_00142,0,/a/1/0/9,238,142,,183952,184063,181964,182075,111,30249884bd91f10bc9d4e13e7b1495f09991b6f488405a0cdbb61cfb402d10ca,524e414efffe00016f00000010000300,,NANR animation,Confirmed,True,False,,,,,,,,,,False,False
/a/1/0/9,/a/1/0/9!/member_00143,0,/a/1/0/9,238,143,,184064,184616,182076,182628,552,063f0221b4ffa49695fb32b75c5d03c93bd31e0a76d3ea7908a975a081f0341b,524c434efffe00012802000010000100,,NCLR palette,Confirmed,True,False,,,,,,,,,,False,False
/a/1/0/9,/a/1/0/9!/member_00144,0,/a/1/0/9,238,144,,184616,187736,182628,185748,3120,ea4e8b6aa0d0e56df1bb79c5b1d7c437e901606aded5b4dcfc16df52e5eb449f,5247434efffe0101300c000010000100,,NCGR graphics,Confirmed,True,False,,,,,,,,,,False,False
/a/1/0/9,/a/1/0/9!/member_00145,0,/a/1/0/9,238,145,,187736,187847,185748,185859,111,474db05db1da098b88a5c43c9d3d78434cfa2023a93adbefc2ea5d3b10bd7ff0,5245434efffe00016f00000010000300,,NCER cell,Confirmed,True,False,,,,,,,,,,False,False
/a/1/0/9,/a/1/0/9!/member_00146,0,/a/1/0/9,238,146,,187848,187959,185860,185971,111,30249884bd91f10bc9d4e13e7b1495f09991b6f488405a0cdbb61cfb402d10ca,524e414efffe00016f00000010000300,,NANR animation,Confirmed,True,False,,,,,,,,,,False,False
/a/1/0/9,/a/1/0/9!/member_00147,0,/a/1/0/9,238,147,,187960,188512,185972,186524,552,019ecd6323ccace8fd84ff15febef9da8e743a8abbdd652751399840754ac09d,524c434efffe00012802000010000100,,NCLR palette,Confirmed,True,False,,,,,,,,,,False,False
/a/1/0/9,/a/1/0/9!/member_00148,0,/a/1/0/9,238,148,,188512,191632,186524,189644,3120,0211dbd15f7d7f125b251b582a97e43cc35767ca88291d4cf08e21ba93c2d631,5247434efffe0101300c000010000100,,NCGR graphics,Confirmed,True,False,,,,,,,,,,False,False
/a/1/0/9,/a/1/0/9!/member_00149,0,/a/1/0/9,238,149,,191632,191743,189644,189755,111,9fa58d430d51a5c7e0f4b6ac5d35dba1312c29b51faaeb47f43695fe3ee62061,5245434efffe00016f00000010000300,,NCER cell,Confirmed,True,False,,,,,,,,,,False,False
/a/1/0/9,/a/1/0/9!/member_00150,0,/a/1/0/9,238,150,,191744,191855,189756,189867,111,30249884bd91f10bc9d4e13e7b1495f09991b6f488405a0cdbb61cfb402d10ca,524e414efffe00016f00000010000300,,NANR animation,Confirmed,True,False,,,,,,,,,,False,False
/a/1/0/9,/a/1/0/9!/member_00151,0,/a/1/0/9,238,151,,191856,193912,189868,191924,2056,e21a9db76ba49feb845a60f7be9000a07fa0b60c10086c879fec1b863b59efd6,2041505331325f310300020000000000,,Nintendo Huffman,Probable,,True,Nintendo Huffman,Probable,False,5460033,,,,,,False,False
/a/1/0/9,/a/1/0/9!/member_00152,0,/a/1/0/9,238,152,,193912,195748,191924,193760,1836,4c085267a6cf1b934de64e51e4278b386529021c18ffc433aff997d78558f91d,2041505331325f310400020000000000,,Nintendo Huffman,Probable,,True,Nintendo Huffman,Probable,False,5460033,,,,,,False,False
/a/1/0/9,/a/1/0/9!/member_00153,0,/a/1/0/9,238,153,,195748,203988,193760,202000,8240,3ac656af734a352ec1849ae05838e579be10ec57795d8f32c461ae0c2233ff5a,5247434efffe01013020000010000100,,NCGR graphics,Confirmed,True,False,,,,,,,,,,False,False
/a/1/0/9,/a/1/0/9!/member_00154,0,/a/1/0/9,238,154,,203988,204099,202000,202111,111,30249884bd91f10bc9d4e13e7b1495f09991b6f488405a0cdbb61cfb402d10ca,524e414efffe00016f00000010000300,,NANR animation,Confirmed,True,False,,,,,,,,,,False,False
/a/1/0/9,/a/1/0/9!/member_00155,0,/a/1/0/9,238,155,,204100,204223,202112,202235,123,278648c5c2594917cf888567fc21029534bbb3e1e5e1c66f58c9cd82fb92eb70,5245434efffe00017b00000010000300,,NCER cell,Confirmed,True,False,,,,,,,,,,False,False
/a/1/0/9,/a/1/0/9!/member_00156,0,/a/1/0/9,238,156,,204224,206320,202236,204332,2096,0096db3f6d3f0694064ce780fa071d9ad4f4dfeb698ddcfcdcfa27659a9152cf,5247434efffe01013008000010000100,,NCGR graphics,Confirmed,True,False,,,,,,,,,,False,False
/a/1/0/9,/a/1/0/9!/member_00157,0,/a/1/0/9,238,157,,206320,206431,204332,204443,111,30249884bd91f10bc9d4e13e7b1495f09991b6f488405a0cdbb61cfb402d10ca,524e414efffe00016f00000010000300,,NANR animation,Confirmed,True,False,,,,,,,,,,False,False
/a/1/0/9,/a/1/0/9!/member_00158,0,/a/1/0/9,238,158,,206432,206539,204444,204551,107,c4c621255461e1521d8b6af105742f21b9efb619d36f949eb63026e2e758825d,5245434efffe00016b00000010000300,,NCER cell,Confirmed,True,False,,,,,,,,,,False,False
/a/1/0/9,/a/1/0/9!/member_00159,0,/a/1/0/9,238,159,,206540,208652,204552,206664,2112,c22eacd0687fecdcc6405cba01a2011f3b1704e19b4eef120320063a786d28dc,5247434efffe01014008000010000200,,NCGR graphics,Confirmed,True,False,,,,,,,,,,False,False
/a/1/0/9,/a/1/0/9!/member_00160,0,/a/1/0/9,238,160,,208652,209204,206664,207216,552,181437380eec4dedb6f793dae206817d7e451d52a050ebf0cb1d3fee2a052bb7,524c434efffe00012802000010000100,,NCLR palette,Confirmed,True,False,,,,,,,,,,False,False
/a/1/0/9,/a/1/0/9!/member_00161,0,/a/1/0/9,238,161,,209204,221556,207216,219568,12352,bf461a87ceb042688e3ec32be72fe7963e40b5edef13d4dec6c5d51b2243aa49,5247434efffe01014030000010000200,,NCGR graphics,Confirmed,True,False,,,,,,,,,,False,False
/a/1/0/9,/a/1/0/9!/member_00162,0,/a/1/0/9,238,162,,221556,225688,219568,223700,4132,4d60d079b553852d75bc8f759e4d6d62b23a7910ba1ed1e2031c264a4edf58da,5243534efffe00012410000010000100,,NSCR screen map,Confirmed,True,False,,,,,,,,,,False,False
/a/1/0/9,/a/1/0/9!/member_00163,0,/a/1/0/9,238,163,,225688,226240,223700,224252,552,181437380eec4dedb6f793dae206817d7e451d52a050ebf0cb1d3fee2a052bb7,524c434efffe00012802000010000100,,NCLR palette,Confirmed,True,False,,,,,,,,,,False,False
/a/1/0/9,/a/1/0/9!/member_00164,0,/a/1/0/9,238,164,,226240,232448,224252,230460,6208,58d93e1ead1bb8ae8c80e89f35ce97d4b3c38327b4405572fc4be2c02a6667ec,5247434efffe01014018000010000200,,NCGR graphics,Confirmed,True,False,,,,,,,,,,False,False
/a/1/0/9,/a/1/0/9!/member_00165,0,/a/1/0/9,238,165,,232448,236580,230460,234592,4132,6bebd81abcdd97cefc9a385bd9be92840dae17dc675b2fb94bcd950d418dc165,5243534efffe00012410000010000100,,NSCR screen map,Confirmed,True,False,,,,,,,,,,False,False
/a/1/0/9,/a/1/0/9!/member_00166,0,/a/1/0/9,238,166,,236580,237132,234592,235144,552,9962c3e80b8e81017da970c9acfb118c659d81cfbdb751de7a1fd4a3c484ef45,524c434efffe00012802000010000100,,NCLR palette,Confirmed,True,False,,,,,,,,,,False,False
/a/1/0/9,/a/1/0/9!/member_00167,0,/a/1/0/9,238,167,,237132,239244,235144,237256,2112,807efb8acdcde63193319638ca657f118b80e7fb3f709a1ab4e053a8f0ad8195,5247434efffe01014008000010000200,,NCGR graphics,Confirmed,True,False,,,,,,,,,,False,False
/a/1/0/9,/a/1/0/9!/member_00168,0,/a/1/0/9,238,168,,239244,241328,237256,239340,2084,8a1524c4a746a55d0b554c97a6ae9a97538c05da7792c9d2f6d4874b5894d02d,5243534efffe00012408000010000100,,NSCR screen map,Confirmed,True,False,,,,,,,,,,False,False
/a/1/0/9,/a/1/0/9!/member_00169,0,/a/1/0/9,238,169,,241328,244448,239340,242460,3120,8abe43c6963599f9871d65ee5867bceff81b23f69ef398a59460b928cf3aaa14,5247434efffe0101300c000010000100,,NCGR graphics,Confirmed,True,False,,,,,,,,,,False,False
/a/1/0/9,/a/1/0/9!/member_00170,0,/a/1/0/9,238,170,,244448,245000,242460,243012,552,be9ba8660e4c6d4b5b10893bbcaa86480de02ddc0b0f4f2b3cf192cd94791f5f,524c434efffe00012802000010000100,,NCLR palette,Confirmed,True,False,,,,,,,,,,False,False
/a/1/0/9,/a/1/0/9!/member_00171,0,/a/1/0/9,238,171,,245000,245147,243012,243159,147,99ed7222b0244a8c4ea2ffad9c8c331ae32f285bbd5fa8438c2354d416b56b12,5245434efffe00019300000010000300,,NCER cell,Confirmed,True,False,,,,,,,,,,False,False
/a/1/0/9,/a/1/0/9!/member_00172,0,/a/1/0/9,238,172,,245148,245259,243160,243271,111,30249884bd91f10bc9d4e13e7b1495f09991b6f488405a0cdbb61cfb402d10ca,524e414efffe00016f00000010000300,,NANR animation,Confirmed,True,False,,,,,,,,,,False,False
/a/1/0/9,/a/1/0/9!/member_00173,0,/a/1/0/9,238,173,,245260,248380,243272,246392,3120,81ca92c7916d3f0999ad94f99e56f84f0c9b04dd2f1d019fb5ef6607fe240ebf,5247434efffe0101300c000010000100,,NCGR graphics,Confirmed,True,False,,,,,,,,,,False,False
/a/1/0/9,/a/1/0/9!/member_00174,0,/a/1/0/9,238,174,,248380,248932,246392,246944,552,fc90363e2a8a2cbe4616a501073aab2d82e2fae03bffc7392f91f840e1833664,524c434efffe00012802000010000100,,NCLR palette,Confirmed,True,False,,,,,,,,,,False,False
/a/1/0/9,/a/1/0/9!/member_00175,0,/a/1/0/9,238,175,,248932,249043,246944,247055,111,e5ef4ea7ed6d45fd139a9bd811599a2b21783945c7c19aed147f64d7e2d54d79,5245434efffe00016f00000010000300,,NCER cell,Confirmed,True,False,,,,,,,,,,False,False
/a/1/0/9,/a/1/0/9!/member_00176,0,/a/1/0/9,238,176,,249044,249155,247056,247167,111,30249884bd91f10bc9d4e13e7b1495f09991b6f488405a0cdbb61cfb402d10ca,524e414efffe00016f00000010000300,,NANR animation,Confirmed,True,False,,,,,,,,,,False,False
/a/1/0/9,/a/1/0/9!/member_00177,0,/a/1/0/9,238,177,,249156,252276,247168,250288,3120,b0705ba60ab326c68ed749ac1b49bc6f06224df3a986a49710400bff9d0e8ccb,5247434efffe0101300c000010000100,,NCGR graphics,Confirmed,True,False,,,,,,,,,,False,False
/a/1/0/9,/a/1/0/9!/member_00178,0,/a/1/0/9,238,178,,252276,252828,250288,250840,552,a1a901ad9e2f250a2ace733f91ca746abc25e43c4f4be6c4c68cacd891031975,524c434efffe00012802000010000100,,NCLR palette,Confirmed,True,False,,,,,,,,,,False,False
/a/1/0/9,/a/1/0/9!/member_00179,0,/a/1/0/9,238,179,,252828,252939,250840,250951,111,e5ef4ea7ed6d45fd139a9bd811599a2b21783945c7c19aed147f64d7e2d54d79,5245434efffe00016f00000010000300,,NCER cell,Confirmed,True,False,,,,,,,,,,False,False
/a/1/0/9,/a/1/0/9!/member_00180,0,/a/1/0/9,238,180,,252940,253051,250952,251063,111,30249884bd91f10bc9d4e13e7b1495f09991b6f488405a0cdbb61cfb402d10ca,524e414efffe00016f00000010000300,,NANR animation,Confirmed,True,False,,,,,,,,,,False,False
/a/1/0/9,/a/1/0/9!/member_00181,0,/a/1/0/9,238,181,,253052,256172,251064,254184,3120,428f071f1e0a41eb4b3c56cddd853df83fe3d44efecb494d3d12b8b15fe3ee63,5247434efffe0101300c000010000100,,NCGR graphics,Confirmed,True,False,,,,,,,,,,False,False
/a/1/0/9,/a/1/0/9!/member_00182,0,/a/1/0/9,238,182,,256172,256724,254184,254736,552,4d4d79d116d06c681e46a9290093eea81cde2b1827374022bbb24135e6b9eec2,524c434efffe00012802000010000100,,NCLR palette,Confirmed,True,False,,,,,,,,,,False,False
/a/1/0/9,/a/1/0/9!/member_00183,0,/a/1/0/9,238,183,,256724,256835,254736,254847,111,e5ef4ea7ed6d45fd139a9bd811599a2b21783945c7c19aed147f64d7e2d54d79,5245434efffe00016f00000010000300,,NCER cell,Confirmed,True,False,,,,,,,,,,False,False
/a/1/0/9,/a/1/0/9!/member_00184,0,/a/1/0/9,238,184,,256836,256947,254848,254959,111,30249884bd91f10bc9d4e13e7b1495f09991b6f488405a0cdbb61cfb402d10ca,524e414efffe00016f00000010000300,,NANR animation,Confirmed,True,False,,,,,,,,,,False,False
/a/1/0/9,/a/1/0/9!/member_00185,0,/a/1/0/9,238,185,,256948,260068,254960,258080,3120,c595aa6f4a782c2c45407f820ad43c8b698e9799634c0047e3c41e7d04babdfa,5247434efffe0101300c000010000100,,NCGR graphics,Confirmed,True,False,,,,,,,,,,False,False
/a/1/0/9,/a/1/0/9!/member_00186,0,/a/1/0/9,238,186,,260068,260620,258080,258632,552,19a36c361827c04bc3bc553e038657d637c5b5958a63ba487ee5d9335f9eae3a,524c434efffe00012802000010000100,,NCLR palette,Confirmed,True,False,,,,,,,,,,False,False
/a/1/0/9,/a/1/0/9!/member_00187,0,/a/1/0/9,238,187,,260620,260731,258632,258743,111,e5ef4ea7ed6d45fd139a9bd811599a2b21783945c7c19aed147f64d7e2d54d79,5245434efffe00016f00000010000300,,NCER cell,Confirmed,True,False,,,,,,,,,,False,False
/a/1/0/9,/a/1/0/9!/member_00188,0,/a/1/0/9,238,188,,260732,260843,258744,258855,111,30249884bd91f10bc9d4e13e7b1495f09991b6f488405a0cdbb61cfb402d10ca,524e414efffe00016f00000010000300,,NANR animation,Confirmed,True,False,,,,,,,,,,False,False
/a/1/0/9,/a/1/0/9!/member_00189,0,/a/1/0/9,238,189,,260844,277292,258856,275304,16448,f6299600f04c205ce0efa85349f440efdf3c08713c759355be265d515a57f01e,5247434efffe01014040000010000200,,NCGR graphics,Confirmed,True,False,,,,,,,,,,False,False
/a/1/0/9,/a/1/0/9!/member_00190,0,/a/1/0/9,238,190,,277292,277844,275304,275856,552,0d47a3cd49859b5b186d8ece6a603213ce981736c37dd2c8664bf31acfc304ad,524c434efffe00012802000010000100,,NCLR palette,Confirmed,True,False,,,,,,,,,,False,False
/a/1/0/9,/a/1/0/9!/member_00191,0,/a/1/0/9,238,191,,277844,279928,275856,277940,2084,2b48007d60d430cfdab7d29240881c13417f81f305451b5dfdc6b602305af1e1,5243534efffe00012408000010000100,,NSCR screen map,Confirmed,True,False,,,,,,,,,,False,False
/a/1/0/9,/a/1/0/9!/member_00192,0,/a/1/0/9,238,192,,279928,296376,277940,294388,16448,f6299600f04c205ce0efa85349f440efdf3c08713c759355be265d515a57f01e,5247434efffe01014040000010000200,,NCGR graphics,Confirmed,True,False,,,,,,,,,,False,False
/a/1/0/9,/a/1/0/9!/member_00193,0,/a/1/0/9,238,193,,296376,296928,294388,294940,552,213e55d738b6cb7753f01eabd303a34707a17f3af25f7fbaccaee87d35ffc75a,524c434efffe00012802000010000100,,NCLR palette,Confirmed,True,False,,,,,,,,,,False,False
/a/1/0/9,/a/1/0/9!/member_00194,0,/a/1/0/9,238,194,,296928,299012,294940,297024,2084,2b48007d60d430cfdab7d29240881c13417f81f305451b5dfdc6b602305af1e1,5243534efffe00012408000010000100,,NSCR screen map,Confirmed,True,False,,,,,,,,,,False,False
/a/1/0/9,/a/1/0/9!/member_00195,0,/a/1/0/9,238,195,,299012,315460,297024,313472,16448,f6299600f04c205ce0efa85349f440efdf3c08713c759355be265d515a57f01e,5247434efffe01014040000010000200,,NCGR graphics,Confirmed,True,False,,,,,,,,,,False,False
/a/1/0/9,/a/1/0/9!/member_00196,0,/a/1/0/9,238,196,,315460,316012,313472,314024,552,f16f3defa828e6172e6b4e63ed59e5df97fdadf5c6a7c453b0c231a40b5380b6,524c434efffe00012802000010000100,,NCLR palette,Confirmed,True,False,,,,,,,,,,False,False
/a/1/0/9,/a/1/0/9!/member_00197,0,/a/1/0/9,238,197,,316012,318096,314024,316108,2084,2b48007d60d430cfdab7d29240881c13417f81f305451b5dfdc6b602305af1e1,5243534efffe00012408000010000100,,NSCR screen map,Confirmed,True,False,,,,,,,,,,False,False
/a/1/0/9,/a/1/0/9!/member_00198,0,/a/1/0/9,238,198,,318096,334544,316108,332556,16448,f6299600f04c205ce0efa85349f440efdf3c08713c759355be265d515a57f01e,5247434efffe01014040000010000200,,NCGR graphics,Confirmed,True,False,,,,,,,,,,False,False
/a/1/0/9,/a/1/0/9!/member_00199,0,/a/1/0/9,238,199,,334544,335096,332556,333108,552,dd7fbcfbd6917d47c2365830bfd15750208dc03c512b6db03026c007bdcd4415,524c434efffe00012802000010000100,,NCLR palette,Confirmed,True,False,,,,,,,,,,False,False
/a/1/0/9,/a/1/0/9!/member_00200,0,/a/1/0/9,238,200,,335096,337180,333108,335192,2084,2b48007d60d430cfdab7d29240881c13417f81f305451b5dfdc6b602305af1e1,5243534efffe00012408000010000100,,NSCR screen map,Confirmed,True,False,,,,,,,,,,False,False
/a/1/0/9,/a/1/0/9!/member_00201,0,/a/1/0/9,238,201,,337180,353628,335192,351640,16448,f6299600f04c205ce0efa85349f440efdf3c08713c759355be265d515a57f01e,5247434efffe01014040000010000200,,NCGR graphics,Confirmed,True,False,,,,,,,,,,False,False
/a/1/0/9,/a/1/0/9!/member_00202,0,/a/1/0/9,238,202,,353628,354180,351640,352192,552,de52472b36335e237c3c82be967f7bffde99867d11e591f4662a9180d340db26,524c434efffe00012802000010000100,,NCLR palette,Confirmed,True,False,,,,,,,,,,False,False
/a/1/0/9,/a/1/0/9!/member_00203,0,/a/1/0/9,238,203,,354180,356264,352192,354276,2084,2b48007d60d430cfdab7d29240881c13417f81f305451b5dfdc6b602305af1e1,5243534efffe00012408000010000100,,NSCR screen map,Confirmed,True,False,,,,,,,,,,False,False
/a/1/0/9,/a/1/0/9!/member_00204,0,/a/1/0/9,238,204,,356264,360408,354276,358420,4144,ea486f4ecfba65c6952467381ca3df136c01b175fb4774990df5c7d9ed8587eb,5247434efffe01013010000010000100,,NCGR graphics,Confirmed,True,False,,,,,,,,,,False,False
/a/1/0/9,/a/1/0/9!/member_00205,0,/a/1/0/9,238,205,,360408,360550,358420,358562,142,b112fb5ba142a5027c53996c49e6ad8a62ccd36482bb0dd8488295d92475206a,5245434efffe00018e00000010000300,,NCER cell,Confirmed,True,False,,,,,,,,,,False,False
/a/1/0/9,/a/1/0/9!/member_00206,0,/a/1/0/9,238,206,,360552,360742,358564,358754,190,af910eae7b51ee22d820ac6602f252853f9c1686f3e99a7309b82a7fb207167d,524e414efffe0001be00000010000300,,NANR animation,Confirmed,True,False,,,,,,,,,,False,False
/a/1/0/9,/a/1/0/9!/member_00207,0,/a/1/0/9,238,207,,360744,361296,358756,359308,552,5a995a56307173b026f8d75eba2da2c55b18f1ebed4a4192ef15596f3c80110f,524c434efffe00012802000010000100,,NCLR palette,Confirmed,True,False,,,,,,,,,,False,False
/a/1/0/9,/a/1/0/9!/member_00208,0,/a/1/0/9,238,208,,361296,364416,359308,362428,3120,c1984db4eb853a8b9e7317523179f157537affbc72a8d31f282153ab222a8053,5247434efffe0101300c000010000100,,NCGR graphics,Confirmed,True,False,,,,,,,,,,False,False
/a/1/0/9,/a/1/0/9!/member_00209,0,/a/1/0/9,238,209,,364416,364527,362428,362539,111,9fa58d430d51a5c7e0f4b6ac5d35dba1312c29b51faaeb47f43695fe3ee62061,5245434efffe00016f00000010000300,,NCER cell,Confirmed,True,False,,,,,,,,,,False,False
/a/1/0/9,/a/1/0/9!/member_00210,0,/a/1/0/9,238,210,,364528,364639,362540,362651,111,30249884bd91f10bc9d4e13e7b1495f09991b6f488405a0cdbb61cfb402d10ca,524e414efffe00016f00000010000300,,NANR animation,Confirmed,True,False,,,,,,,,,,False,False
/a/1/0/9,/a/1/0/9!/member_00211,0,/a/1/0/9,238,211,,364640,365192,362652,363204,552,99d0a0ee8150efb815f7638b3db68f6955c3ac92d3d11df5858c403200d84264,524c434efffe00012802000010000100,,NCLR palette,Confirmed,True,False,,,,,,,,,,False,False
/a/1/0/9,/a/1/0/9!/member_00212,0,/a/1/0/9,238,212,,365192,368312,363204,366324,3120,f5a9099311d1fb11c2e14dedd1b2e511961519e25c503e7d1222fda5a94d0136,5247434efffe0101300c000010000100,,NCGR graphics,Confirmed,True,False,,,,,,,,,,False,False
/a/1/0/9,/a/1/0/9!/member_00213,0,/a/1/0/9,238,213,,368312,368423,366324,366435,111,9fa58d430d51a5c7e0f4b6ac5d35dba1312c29b51faaeb47f43695fe3ee62061,5245434efffe00016f00000010000300,,NCER cell,Confirmed,True,False,,,,,,,,,,False,False
/a/1/0/9,/a/1/0/9!/member_00214,0,/a/1/0/9,238,214,,368424,368535,366436,366547,111,30249884bd91f10bc9d4e13e7b1495f09991b6f488405a0cdbb61cfb402d10ca,524e414efffe00016f00000010000300,,NANR animation,Confirmed,True,False,,,,,,,,,,False,False
/a/1/0/9,/a/1/0/9!/member_00215,0,/a/1/0/9,238,215,,368536,369088,366548,367100,552,7fa4a0592f5bf14ee128bc7875749f6bdc566b98013cf65ab6747b3693e1b428,524c434efffe00012802000010000100,,NCLR palette,Confirmed,True,False,,,,,,,,,,False,False
/a/1/0/9,/a/1/0/9!/member_00216,0,/a/1/0/9,238,216,,369088,377344,367100,375356,8256,2bad04dbfe147d1bab502c8de89da980ff9e9472f53aa37ab538bb6d7c5d273e,5247434efffe01014020000010000200,,NCGR graphics,Confirmed,True,False,,,,,,,,,,False,False
/a/1/0/9,/a/1/0/9!/member_00217,0,/a/1/0/9,238,217,,377344,379428,375356,377440,2084,c21c24c987dcc8703dc8551a3e1e525617333ae8a73f7c3b77672b2e1406129c,5243534efffe00012408000010000100,,NSCR screen map,Confirmed,True,False,,,,,,,,,,False,False
/a/1/0/9,/a/1/0/9!/member_00218,0,/a/1/0/9,238,218,,379428,381512,377440,379524,2084,2b7be1973d190039daf196aa5bed7a745999e258f2840123cb53067a3997ccb6,5243534efffe00012408000010000100,,NSCR screen map,Confirmed,True,False,,,,,,,,,,False,False
/a/1/0/9,/a/1/0/9!/member_00219,0,/a/1/0/9,238,219,,381512,383596,379524,381608,2084,70c6223060a0b611ff5ce129d019ea522817e70461252b6adf7112e05f8e5494,5243534efffe00012408000010000100,,NSCR screen map,Confirmed,True,False,,,,,,,,,,False,False
/a/1/0/9,/a/1/0/9!/member_00220,0,/a/1/0/9,238,220,,383596,385680,381608,383692,2084,8ef9d48c18c91c096791afbb76d709deffb448164c90f78c42731b7de2d9670c,5243534efffe00012408000010000100,,NSCR screen map,Confirmed,True,False,,,,,,,,,,False,False
/a/1/0/9,/a/1/0/9!/member_00221,0,/a/1/0/9,238,221,,385680,387764,383692,385776,2084,b5451f6818a63bc84527a96974b34a0a2b659a49b1189b18434b49e3fd53f37d,5243534efffe00012408000010000100,,NSCR screen map,Confirmed,True,False,,,,,,,,,,False,False
/a/1/0/9,/a/1/0/9!/member_00222,0,/a/1/0/9,238,222,,387764,388316,385776,386328,552,8080f3cf9a717290b7efe132a53a5dc93dde3bf6832505c7a12ec3b1c7df2538,524c434efffe00012802000010000100,,NCLR palette,Confirmed,True,False,,,,,,,,,,False,False
/a/1/0/9,/a/1/0/9!/member_00223,0,/a/1/0/9,238,223,,388316,391436,386328,389448,3120,f23d191f0aebaef47606fd9c03ab10cfeabc9661af93135301bb60ba4ba5067d,5247434efffe0101300c000010000100,,NCGR graphics,Confirmed,True,False,,,,,,,,,,False,False
/a/1/0/9,/a/1/0/9!/member_00224,0,/a/1/0/9,238,224,,391436,391547,389448,389559,111,a8ca914dd9f5cbb61ca6126886542e3afeca86d2e22361fed50e5badad4bc1b9,5245434efffe00016f00000010000300,,NCER cell,Confirmed,True,False,,,,,,,,,,False,False
/a/1/0/9,/a/1/0/9!/member_00225,0,/a/1/0/9,238,225,,391548,391659,389560,389671,111,30249884bd91f10bc9d4e13e7b1495f09991b6f488405a0cdbb61cfb402d10ca,524e414efffe00016f00000010000300,,NANR animation,Confirmed,True,False,,,,,,,,,,False,False
/a/1/0/9,/a/1/0/9!/member_00226,0,/a/1/0/9,238,226,,391660,392212,389672,390224,552,5af549a432fee463af37e95feaac7230decfa72986c5e1b399b9b35556064ad0,524c434efffe00012802000010000100,,NCLR palette,Confirmed,True,False,,,,,,,,,,False,False
/a/1/0/9,/a/1/0/9!/member_00227,0,/a/1/0/9,238,227,,392212,395332,390224,393344,3120,e9e00cc92c73341545c3635996f1be6a0da5180d11c72ad9b6fc3fa0bcc34873,5247434efffe0101300c000010000100,,NCGR graphics,Confirmed,True,False,,,,,,,,,,False,False
/a/1/0/9,/a/1/0/9!/member_00228,0,/a/1/0/9,238,228,,395332,395443,393344,393455,111,a8ca914dd9f5cbb61ca6126886542e3afeca86d2e22361fed50e5badad4bc1b9,5245434efffe00016f00000010000300,,NCER cell,Confirmed,True,False,,,,,,,,,,False,False
/a/1/0/9,/a/1/0/9!/member_00229,0,/a/1/0/9,238,229,,395444,395555,393456,393567,111,30249884bd91f10bc9d4e13e7b1495f09991b6f488405a0cdbb61cfb402d10ca,524e414efffe00016f00000010000300,,NANR animation,Confirmed,True,False,,,,,,,,,,False,False
/a/1/0/9,/a/1/0/9!/member_00230,0,/a/1/0/9,238,230,,395556,396108,393568,394120,552,a6000b574c3ba925217d9175b9485dc537852146bbc779c19820120ed2affa0c,524c434efffe00012802000010000100,,NCLR palette,Confirmed,True,False,,,,,,,,,,False,False
/a/1/0/9,/a/1/0/9!/member_00231,0,/a/1/0/9,238,231,,396108,399228,394120,397240,3120,f6ab2889ac57825ffe349bf1cb99c35d93e9102c4951825feab31ea2f2d8fb6e,5247434efffe0101300c000010000100,,NCGR graphics,Confirmed,True,False,,,,,,,,,,False,False
/a/1/0/9,/a/1/0/9!/member_00232,0,/a/1/0/9,238,232,,399228,399339,397240,397351,111,a8ca914dd9f5cbb61ca6126886542e3afeca86d2e22361fed50e5badad4bc1b9,5245434efffe00016f00000010000300,,NCER cell,Confirmed,True,False,,,,,,,,,,False,False
/a/1/0/9,/a/1/0/9!/member_00233,0,/a/1/0/9,238,233,,399340,399451,397352,397463,111,30249884bd91f10bc9d4e13e7b1495f09991b6f488405a0cdbb61cfb402d10ca,524e414efffe00016f00000010000300,,NANR animation,Confirmed,True,False,,,,,,,,,,False,False
/a/1/0/9,/a/1/0/9!/member_00234,0,/a/1/0/9,238,234,,399452,400004,397464,398016,552,39a70104a298484784c570d67dad54264d15b634b6a7572f64efd38a8574e218,524c434efffe00012802000010000100,,NCLR palette,Confirmed,True,False,,,,,,,,,,False,False
/a/1/0/9,/a/1/0/9!/member_00235,0,/a/1/0/9,238,235,,400004,403124,398016,401136,3120,37fe1cbdb85eedf2c92b5dadca01517e55cd0af2c457128895f5ff0868f9b67f,5247434efffe0101300c000010000100,,NCGR graphics,Confirmed,True,False,,,,,,,,,,False,False
/a/1/0/9,/a/1/0/9!/member_00236,0,/a/1/0/9,238,236,,403124,403235,401136,401247,111,a8ca914dd9f5cbb61ca6126886542e3afeca86d2e22361fed50e5badad4bc1b9,5245434efffe00016f00000010000300,,NCER cell,Confirmed,True,False,,,,,,,,,,False,False
/a/1/0/9,/a/1/0/9!/member_00237,0,/a/1/0/9,238,237,,403236,403347,401248,401359,111,30249884bd91f10bc9d4e13e7b1495f09991b6f488405a0cdbb61cfb402d10ca,524e414efffe00016f00000010000300,,NANR animation,Confirmed,True,False,,,,,,,,,,False,False
/a/1/0/9,/a/1/0/9!/member_00238,0,/a/1/0/9,238,238,,403348,403900,401360,401912,552,5f2ce46b31d50b61a2b8734b901b304268b64b9f0064f2b57c209ec374151d54,524c434efffe00012802000010000100,,NCLR palette,Confirmed,True,False,,,,,,,,,,False,False
/a/1/0/9,/a/1/0/9!/member_00239,0,/a/1/0/9,238,239,,403900,407020,401912,405032,3120,a3eabeaa01d6c05d2551977f0d3faab4d28092560492b03134368bf29855299f,5247434efffe0101300c000010000100,,NCGR graphics,Confirmed,True,False,,,,,,,,,,False,False
/a/1/0/9,/a/1/0/9!/member_00240,0,/a/1/0/9,238,240,,407020,407131,405032,405143,111,a8ca914dd9f5cbb61ca6126886542e3afeca86d2e22361fed50e5badad4bc1b9,5245434efffe00016f00000010000300,,NCER cell,Confirmed,True,False,,,,,,,,,,False,False
/a/1/0/9,/a/1/0/9!/member_00241,0,/a/1/0/9,238,241,,407132,407243,405144,405255,111,30249884bd91f10bc9d4e13e7b1495f09991b6f488405a0cdbb61cfb402d10ca,524e414efffe00016f00000010000300,,NANR animation,Confirmed,True,False,,,,,,,,,,False,False
/a/1/1/0,/a/1/1/0!/member_00000,0,/a/1/1/0,239,0,,228,760,0,532,532,a1a363bf51c0d6400cc9b9e9f76929ca1994b035bca7aacd5826aedfbfaf5a13,524c434efffe00011402000010000200,,NCLR palette,Confirmed,True,False,,,,,,,,,,False,False
/a/1/1/0,/a/1/1/0!/member_00001,0,/a/1/1/0,239,1,,760,17208,532,16980,16448,30d9679c61e17993cb8ea58358fd7978549ba70ccd6334940b03b947d83fda31,5247434efffe01014040000010000200,,NCGR graphics,Confirmed,True,False,,,,,,,,,,False,False
/a/1/1/0,/a/1/1/0!/member_00002,0,/a/1/1/0,239,2,,17208,19292,16980,19064,2084,8d3a8769d7c51303a8578a9d2f96d26b74287841f57940331650108aa8d835ab,5243534efffe00012408000010000100,,NSCR screen map,Confirmed,True,False,,,,,,,,,,False,False
/a/1/1/0,/a/1/1/0!/member_00003,0,/a/1/1/0,239,3,,19292,19840,19064,19612,548,14b9ababe0d5f341e686f79df6ef3b4670f48209a69f1c8ea53f233478cb0ad4,5243534efffe00012402000010000100,,NSCR screen map,Confirmed,True,False,,,,,,,,,,False,False
/a/1/1/0,/a/1/1/0!/member_00004,0,/a/1/1/0,239,4,,19840,21924,19612,21696,2084,be973c02dc1dee6f1a730393ecac4e3eac586a31ba3ce8d747b53999af38bfcb,5243534efffe00012408000010000100,,NSCR screen map,Confirmed,True,False,,,,,,,,,,False,False
/a/1/1/0,/a/1/1/0!/member_00005,0,/a/1/1/0,239,5,,21924,22116,21696,21888,192,a670181c80e8a58cb3fbb2d9e6e1be8e9b7f19694fcb72701c22fe9215a67ff2,524c434efffe0001c000000010000200,,NCLR palette,Confirmed,True,False,,,,,,,,,,False,False
/a/1/1/0,/a/1/1/0!/member_00006,0,/a/1/1/0,239,6,,22116,26868,21888,26640,4752,3d6cb07b093eba41d3dd2358927a9703d0440b7b6e2260778dc7ec85d112e258,5247434efffe01019012000010000100,,NCGR graphics,Confirmed,True,False,,,,,,,,,,False,False
/a/1/1/0,/a/1/1/0!/member_00007,0,/a/1/1/0,239,7,,26868,27519,26640,27291,651,edc7d3233c879b28c5c874e408c5ef648e95725fb000f900b93cc473dc298b64,5245434efffe00018b02000010000300,,NCER cell,Confirmed,True,False,,,,,,,,,,False,False
/a/1/1/0,/a/1/1/0!/member_00008,0,/a/1/1/0,239,8,,27520,27999,27292,27771,479,fd2ebad476a4028567c974e108f98f7dc7e7cfbe20d0b64e26376131c893a5bf,524e414efffe0001df01000010000300,,NANR animation,Confirmed,True,False,,,,,,,,,,False,False
/a/1/1/0,/a/1/1/0!/member_00009,0,/a/1/1/0,239,9,,28000,28111,27772,27883,111,ca4fb76f05db368c396eb1886b1de7f86ac9d15577eac9a050aee2d0ddf7492b,524e414efffe00016f00000010000300,,NANR animation,Confirmed,True,False,,,,,,,,,,False,False
/a/1/1/0,/a/1/1/0!/member_00010,0,/a/1/1/0,239,10,,28112,28235,27884,28007,123,998f9efa4867142b3d24fbf4fc0757dd65dc30751c9db7b3a6340f83d8936e92,5245434efffe00017b00000010000300,,NCER cell,Confirmed,True,False,,,,,,,,,,False,False
/a/1/1/0,/a/1/1/0!/member_00011,0,/a/1/1/0,239,11,,28236,29308,28008,29080,1072,246207061418d0758c56f0979e5705002dcaf656a0dfe73498deeda6101cef58,5247434efffe01013004000010000100,,NCGR graphics,Confirmed,True,False,,,,,,,,,,False,False
/a/1/1/0,/a/1/1/0!/member_00012,0,/a/1/1/0,239,12,,29308,29598,29080,29370,290,0a43ef11f0985aae0064c759d4c5aa91144a0e7ae0d358f878937a2cd2623cd0,524e414efffe00012201000010000300,,NANR animation,Confirmed,True,False,,,,,,,,,,False,False
/a/1/1/0,/a/1/1/0!/member_00013,0,/a/1/1/0,239,13,,29600,29742,29372,29514,142,c1419bc01f9aa5987bc87a8f99f21f97f1917e3312af32c1aa0a1bf4b71e217c,5245434efffe00018e00000010000300,,NCER cell,Confirmed,True,False,,,,,,,,,,False,False
/a/1/1/0,/a/1/1/0!/member_00014,0,/a/1/1/0,239,14,,29744,29920,29516,29692,176,b15ad8275b8bbc0be312dc792fb8ef14b29dd3880ce79fc39947b15e32600108,5247434efffe0101b000000010000100,,NCGR graphics,Confirmed,True,False,,,,,,,,,,False,False
/a/1/1/0,/a/1/1/0!/member_00015,0,/a/1/1/0,239,15,,29920,30192,29692,29964,272,5c5af1954ab3d6731d5ba5210efecbaafbc27ef74ad8873a092a0da5ad4d5c81,524e414efffe00011001000010000300,,NANR animation,Confirmed,True,False,,,,,,,,,,False,False
/a/1/1/0,/a/1/1/0!/member_00016,0,/a/1/1/0,239,16,,30192,30744,29964,30516,552,a29daa4282af8de9a3433760543c690b7cc37a82250b3354f1e11711c8ba7944,5245434efffe00012802000010000300,,NCER cell,Confirmed,True,False,,,,,,,,,,False,False
/a/1/1/0,/a/1/1/0!/member_00017,0,/a/1/1/0,239,17,,30744,33192,30516,32964,2448,744c973cc874636b82b6abdc02f8bee97ccdbca6304375b2f5d617af7d9473c1,5247434efffe01019009000010000100,,NCGR graphics,Confirmed,True,False,,,,,,,,,,False,False
/a/1/1/0,/a/1/1/0!/member_00018,0,/a/1/1/0,239,18,,33192,33744,32964,33516,552,d2d4ad65198464b5988a7a93e0b212c57e9bc31dbd722ad64786486eac7f33d5,524c434efffe00012802000010000100,,NCLR palette,Confirmed,True,False,,,,,,,,,,False,False
/a/1/1/0,/a/1/1/0!/member_00019,0,/a/1/1/0,239,19,,33744,37904,33516,37676,4160,60f4ab376fbf10d1aeafd50d34f2543951f550739fdca40399ba4956b090ca1b,5247434efffe01014010000010000200,,NCGR graphics,Confirmed,True,False,,,,,,,,,,False,False
/a/1/1/0,/a/1/1/0!/member_00020,0,/a/1/1/0,239,20,,37904,42036,37676,41808,4132,72c46cfcb63b15ab69835a635a6dd4c2df516526cc30edc45c4c0db5e412d70a,5243534efffe00012410000010000100,,NSCR screen map,Confirmed,True,False,,,,,,,,,,False,False
/a/1/1/0,/a/1/1/0!/member_00021,0,/a/1/1/0,239,21,,42036,42588,41808,42360,552,934f41c86f9cfac0676a6d8a459e58be30308e33a0c5c7f8519d1f49e32aebd4,524c434efffe00012802000010000100,,NCLR palette,Confirmed,True,False,,,,,,,,,,False,False
/a/1/1/1,/a/1/1/1!/member_00000,0,/a/1/1/1,240,0,,60,13892,0,13832,13832,34e082a85abbaa0d6bd2014e157e766ae9949812b61e59a616151f4b4b442b5e,0000000000000000ff00ff00ff00ff00,,,,,False,,,,,,,,,,False,False
/a/1/1/2,/a/1/1/2!/member_00000,0,/a/1/1/2,241,0,,156,240,0,84,84,5bb7f0b384668f7755483596e8fdc6b56085fb40c3e3bdf92bcf7d25d0df5349,5f000000190000001400000019000000,,,,,False,,,,,,,,,,False,False
/a/1/1/2,/a/1/1/2!/member_00001,0,/a/1/1/2,241,1,,240,324,84,168,84,22bc8c7bb5b450b7791355801db5a1fab888061368771dd4606e5724bf28eb50,420000000f0000001900000014000000,,,,,False,,,,,,,,,,False,False
/a/1/1/2,/a/1/1/2!/member_00002,0,/a/1/1/2,241,2,,324,408,168,252,84,e3b53326ebe57402491a44f025990c4f8194f32473862770157751dc2102aad4,640000000f000000140000000f000000,,,,,False,,,,,,,,,,False,False
/a/1/1/2,/a/1/1/2!/member_00003,0,/a/1/1/2,241,3,,408,492,252,336,84,8e20833d6b5139b08358d8e7943ac95ae68f91397b30dec58f25ea3f9147a393,55000000140000001400000014000000,,,,,False,,,,,,,,,,False,False
/a/1/1/2,/a/1/1/2!/member_00004,0,/a/1/1/2,241,4,,492,576,336,420,84,d0042a0d44dd372971a93c0098093837eed16c8e5fcee730332260b9f130973e,4e0000000f000000140000000f000000,,,,,False,,,,,,,,,,False,False
/a/1/1/2,/a/1/1/2!/member_00005,0,/a/1/1/2,241,5,,576,660,420,504,84,66e6a1ba54e8e884baf23ad67d3c91baa68f46882e618a58f82fe8d7728ccedf,d0000000080000001e0000001c000000,,,,,False,,,,,,,,,,False,False
/a/1/1/2,/a/1/1/2!/member_00006,0,/a/1/1/2,241,6,,660,744,504,588,84,ef5c49ca0052fb7263eb15bd8ff5f2e908929f2d6abb596fdb8339a809bc1fff,d50000000f000000140000000f000000,,,,,False,,,,,,,,,,False,False
/a/1/1/2,/a/1/1/2!/member_00007,0,/a/1/1/2,241,7,,744,828,588,672,84,52a40b6ebd1f9359063094ef3866ac2b04b6094ffd0e7e3d2b4b20bd2c1455ca,150000000f000000140000000f000000,,,,,False,,,,,,,,,,False,False
/a/1/1/2,/a/1/1/2!/member_00008,0,/a/1/1/2,241,8,,828,912,672,756,84,1c1815110b12e23d0cfe8b94818b4ec9c7f1bc3191db118191025d12b291ee5f,520000000f000000140000000f000000,,,,,False,,,,,,,,,,False,False
/a/1/1/2,/a/1/1/2!/member_00009,0,/a/1/1/2,241,9,,912,996,756,840,84,520a2cb948fdce397bd6b1c72acf1579b625addd3148f51e591e04646e680a31,b20000000f000000140000000f000000,,,,,False,,,,,,,,,,False,False
/a/1/1/2,/a/1/1/2!/member_00010,0,/a/1/1/2,241,10,,996,1080,840,924,84,68628149a7283eff841322a9ca0b93f0ad60e8ef4baf9bf79adb2e486c23cc75,19000000140000001900000012000000,,,,,False,,,,,,,,,,False,False
/a/1/1/2,/a/1/1/2!/member_00011,0,/a/1/1/2,241,11,,1080,1164,924,1008,84,c2f614a7397a00dc1269264f6af0058032532bd273b086e3c2c292267d340c08,6f000000160000001f0000000d000000,,,,,False,,,,,,,,,,False,False
/a/1/1/2,/a/1/1/2!/member_00012,0,/a/1/1/2,241,12,,1164,1248,1008,1092,84,f59de07472f15e443edbde0a3bf15f3975ac781598c2ac57b93fe3a1bcdccb24,760100001c0000001d00000018000000,,,,,False,,,,,,,,,,False,False
/a/1/1/3,/a/1/1/3!/member_00000,0,/a/1/1/3,242,0,,452,1004,0,552,552,bbfc4e8cd06231f8323baedf9124e290a59bf3acb34667b7d173f4945fe73ec2,524c434efffe00012802000010000100,,NCLR palette,Confirmed,True,False,,,,,,,,,,False,False
/a/1/1/3,/a/1/1/3!/member_00001,0,/a/1/1/3,242,1,,1004,1073,552,621,69,c232294c6834a6b9160577223c097532bf426f46528d6a3ef680f37dd522c7cd,10800000005247434efffe0101008000,,Nintendo LZ10,Probable,,True,Nintendo LZ10,Confirmed,True,128,True,128,d3400a0b16b64d8d1befdbc9cefdb4e41e0ba3923d0f7b8af91458ea873d8d8c,NCGR graphics,Confirmed,False,False
/a/1/1/3,/a/1/1/3!/member_00002,0,/a/1/1/3,242,2,,1076,1361,624,909,285,d1d2cf3d481f5ac0a443df5414c141283909e4ff1c7101d135763b48f5fc3ff4,10240800005243534efffe0001002408,,Nintendo LZ10,Probable,,True,Nintendo LZ10,Confirmed,True,2084,True,2084,581fd7db23151e0f0a1ee4f5b095c7e70a439169bd3f177832c0fcd273a5e9ce,NSCR screen map,Confirmed,False,False
/a/1/1/3,/a/1/1/3!/member_00003,0,/a/1/1/3,242,3,,1364,1916,912,1464,552,07b86b08b1314d475a93a7afbb96457fc6920034b1704d0b544d6777af74334a,524c434efffe00012802000010000100,,NCLR palette,Confirmed,True,False,,,,,,,,,,False,False
/a/1/1/3,/a/1/1/3!/member_00004,0,/a/1/1/3,242,4,,1916,2712,1464,2260,796,9a0b897cd709f4db26ef92daaa41380b6bff38b2c9c6bf7a0d422bb91d2d7507,10240800005243534efffe0001002408,,Nintendo LZ10,Probable,,True,Nintendo LZ10,Confirmed,True,2084,True,2084,f63217c5b67bce56c010972bbe44b776d55783c0e783640d96b537b5099373d4,NSCR screen map,Confirmed,False,False
/a/1/1/3,/a/1/1/3!/member_00005,0,/a/1/1/3,242,5,,2712,3390,2260,2938,678,b5c520194c681100ed59086e1e4cd2afe5ab5b3668b9ebda64093181db6d5fd4,10240800005243534efffe0001002408,,Nintendo LZ10,Probable,,True,Nintendo LZ10,Confirmed,True,2084,True,2084,440f13e3d4afb7e2bbc39fd4a046d6e400e1b15327a72d3644f129ec433abef4,NSCR screen map,Confirmed,False,False
/a/1/1/3,/a/1/1/3!/member_00006,0,/a/1/1/3,242,6,,3392,6694,2940,6242,3302,566a4aded846bfec78724ce4780ed125f233f87bf0a500a400faafe7d2a731ed,10403000005247434efffe0101004030,,Nintendo LZ10,Probable,,True,Nintendo LZ10,Confirmed,True,12352,True,12352,3efb72ee578ae9f6effb4eb8b4ab7ceedfe31aa1293a15afd37438c6e83ccc80,NCGR graphics,Confirmed,False,False
/a/1/1/3,/a/1/1/3!/member_00007,0,/a/1/1/3,242,7,,6696,7248,6244,6796,552,d7017deb8abdc6eac37884ee136d0c897f2c1c79ff64ffb232a34da2d2b30654,524c434efffe00012802000010000100,,NCLR palette,Confirmed,True,False,,,,,,,,,,False,False
/a/1/1/3,/a/1/1/3!/member_00008,0,/a/1/1/3,242,8,,7248,7715,6796,7263,467,33296555d90642527963034c900bcdbb3d959f1b394a1282c2068c569010c4c3,10240800005243534efffe0001002408,,Nintendo LZ10,Probable,,True,Nintendo LZ10,Confirmed,True,2084,True,2084,d083de908e778a961d6a679a86bca83571e0bd6bed3b5ef8c02bae2ab8fc42a0,NSCR screen map,Confirmed,False,False
/a/1/1/3,/a/1/1/3!/member_00009,0,/a/1/1/3,242,9,,7716,8068,7264,7616,352,74e2bf4002aab820a333ef6f9cdeb7e94cab1654323e5d449093cb05ad0935eb,10240800005243534efffe0001002408,,Nintendo LZ10,Probable,,True,Nintendo LZ10,Confirmed,True,2084,True,2084,f65b0037c61c7ba9eae79f096072f72f946710a5fc589620eeca30dbb6fbb87f,NSCR screen map,Confirmed,False,False
/a/1/1/3,/a/1/1/3!/member_00010,0,/a/1/1/3,242,10,,8068,9621,7616,9169,1553,c77b2bed14fa35310df4ed3258f46a8dda9d9eed5463b4dbd9f150ccd67c8f9b,10402000005247434efffe0101004020,,Nintendo LZ10,Probable,,True,Nintendo LZ10,Confirmed,True,8256,True,8256,a855d0903281623c3e6123779ade5461028c57484d48a6d9a38ea1e46117ecae,NCGR graphics,Confirmed,False,False
/a/1/1/3,/a/1/1/3!/member_00011,0,/a/1/1/3,242,11,,9624,10176,9172,9724,552,6e84c0819e5d0725f17042ed3011b714f4ec6dd0d8bad6876a080cfbf1fd3c6a,524c434efffe00012802000010000100,,NCLR palette,Confirmed,True,False,,,,,,,,,,False,False
/a/1/1/3,/a/1/1/3!/member_00012,0,/a/1/1/3,242,12,,10176,10309,9724,9857,133,0f56b3a4ce8c30f9104682d5034d13826199c8d497fa7fd051ff5eb2cd09cba2,10c0000000524e414efffe000100c000,,Nintendo LZ10,Probable,,True,Nintendo LZ10,Confirmed,True,192,True,192,1c86f62f2a8c9f0b536eeaa9aae774c94c2ba863415802cb5f74ccee83b01b49,NANR animation,Confirmed,False,False
/a/1/1/3,/a/1/1/3!/member_00013,0,/a/1/1/3,242,13,,10312,10459,9860,10007,147,632f9cc85d7e881d72dcde542cc4ca03969c914a62b21d6a1ca919eceaabdbcc,10d80000005245434efffe000100d800,,Nintendo LZ10,Probable,,True,Nintendo LZ10,Confirmed,True,216,True,216,d44586752b3db607ebff1c3312a98c4714a7f8304e0b578c45ca85bf2293cfd3,NCER cell,Confirmed,False,False
/a/1/1/3,/a/1/1/3!/member_00014,0,/a/1/1/3,242,14,,10460,10688,10008,10236,228,84788e80b0d5dc5b4898330242e3ce37c183d23d0486f20a52d98ed96ecf8232,10300300005247434efffe0101003003,,Nintendo LZ10,Probable,,True,Nintendo LZ10,Confirmed,True,816,True,816,64c8a2974ad62bcb7eefd60a06f229cfffcee30016affb85fb98ba3243b80c1b,NCGR graphics,Confirmed,False,False
/a/1/1/3,/a/1/1/3!/member_00015,0,/a/1/1/3,242,15,,10688,11240,10236,10788,552,53388a1ea69ecf9b3694bfc238f23adaf00898b4e291bec591c52e30e616a407,524c434efffe00012802000010000100,,NCLR palette,Confirmed,True,False,,,,,,,,,,False,False
/a/1/1/3,/a/1/1/3!/member_00016,0,/a/1/1/3,242,16,,11240,11792,10788,11340,552,b08ec24fbf3e4958a3b02228c7bf92cf8fefad00655dc79a7168b0fce2c0648c,524c434efffe00012802000010000100,,NCLR palette,Confirmed,True,False,,,,,,,,,,False,False
/a/1/1/3,/a/1/1/3!/member_00017,0,/a/1/1/3,242,17,,11792,11897,11340,11445,105,676ddee4c79ad4a9ade301a114cb1a1d62e65182576705bf2008901e4ca1303b,1098000000524e414efffe0001009800,,Nintendo LZ10,Probable,,True,Nintendo LZ10,Confirmed,True,152,True,152,fecd4a45f9f9c33f5bafff7e4c022095a6f09bbd148fd26754f429126fb693e8,NANR animation,Confirmed,False,False
/a/1/1/3,/a/1/1/3!/member_00018,0,/a/1/1/3,242,18,,11900,12001,11448,11549,101,db4ae5bfbeac9c5753ab9498305ca8fb284096c0a54f02904cda4727a9c70ffc,10880000005245434efffe0001008800,,Nintendo LZ10,Probable,,True,Nintendo LZ10,Confirmed,True,136,True,136,87487cf6b2948eb6066a734d1c8bae43dc91c35d9e44f68e637a57afd1ece2b6,NCER cell,Confirmed,False,False
/a/1/1/3,/a/1/1/3!/member_00019,0,/a/1/1/3,242,19,,12004,12486,11552,12034,482,d003af020ad7b40cee3a1afad1b7d908460782edde9b4510b96ad1348c6246cf,10300a00005247434efffe010100300a,,Nintendo LZ10,Probable,,True,Nintendo LZ10,Confirmed,True,2608,True,2608,a3a9ae79aa8dbb0d160dc2a22843ee822b00c1b47c014a1a47d9d44d4faf5313,NCGR graphics,Confirmed,False,False
/a/1/1/3,/a/1/1/3!/member_00020,0,/a/1/1/3,242,20,,12488,13040,12036,12588,552,b870238caec840e10dbc9c4a3d002a4d8fe8f2b3f435634af6ab8a4d5a30682f,524c434efffe00012802000010000100,,NCLR palette,Confirmed,True,False,,,,,,,,,,False,False
/a/1/1/3,/a/1/1/3!/member_00021,0,/a/1/1/3,242,21,,13040,13865,12588,13413,825,2878bb10abe068909399bb514f7aa2fbcfd7e099984883e69ffe3c9987f968fd,10400c00005247434efffe010100400c,,Nintendo LZ10,Probable,,True,Nintendo LZ10,Confirmed,True,3136,True,3136,4d47113bf3f1232f7e9509063e91ee336aeb9465988c7ae6f2b6eb1143b1a8a7,NCGR graphics,Confirmed,False,False
/a/1/1/3,/a/1/1/3!/member_00022,0,/a/1/1/3,242,22,,13868,14343,13416,13891,475,986d7b1f90cf7cf3e2fa6d7d81d92569c24889e03b69f39bf129f30e567a8cd7,10240600005243534efffe0001002406,,Nintendo LZ10,Probable,,True,Nintendo LZ10,Confirmed,True,1572,True,1572,c87d5e74da40d4d07cfb1e022f94b9638804c9ffb5e001a6f162aa4d137f2810,NSCR screen map,Confirmed,False,False
/a/1/1/3,/a/1/1/3!/member_00023,0,/a/1/1/3,242,23,,14344,14896,13892,14444,552,239b33996d310539d6f318938538093e70b938b5fce3e1e8724a20d85ccd7bd0,524c434efffe00012802000010000100,,NCLR palette,Confirmed,True,False,,,,,,,,,,False,False
/a/1/1/3,/a/1/1/3!/member_00024,0,/a/1/1/3,242,24,,14896,15275,14444,14823,379,2328f81c1d882f6925b4e163f4d66ae3760acd2ec28e2659a1031f271c0348c4,10240600005243534efffe0001002406,,Nintendo LZ10,Probable,,True,Nintendo LZ10,Confirmed,True,1572,True,1572,31d856b8c8dc6026e7c14e8200e13e6b6164d81a0e342cea3c3ff06539245ad8,NSCR screen map,Confirmed,False,False
/a/1/1/3,/a/1/1/3!/member_00025,0,/a/1/1/3,242,25,,15276,15532,14824,15080,256,ee692f9029081cfc8823298ba23380515cb9061709cc1b131fb0876efd2ea506,10240600005243534efffe0001002406,,Nintendo LZ10,Probable,,True,Nintendo LZ10,Confirmed,True,1572,True,1572,198ece53263f3d261d4dc7be1cf837b569c16a560f8c74ffb43f62bcea753c07,NSCR screen map,Confirmed,False,False
/a/1/1/3,/a/1/1/3!/member_00026,0,/a/1/1/3,242,26,,15532,16575,15080,16123,1043,c860297303c2d8141e5e6bfbf21801648baa1d96876138572db57cd8ceda3d27,10401400005247434efffe0101004014,,Nintendo LZ10,Probable,,True,Nintendo LZ10,Confirmed,True,5184,True,5184,32552e074b2510a7b0bafcce16885c0bb6851cbbcc54d00e382cc5114fbc96d8,NCGR graphics,Confirmed,False,False
/a/1/1/3,/a/1/1/3!/member_00027,0,/a/1/1/3,242,27,,16576,17128,16124,16676,552,17fab7cf76444c1caf3786462a14ca502a1df88a940076a2b9fb7cb857702a3a,524c434efffe00012802000010000100,,NCLR palette,Confirmed,True,False,,,,,,,,,,False,False
/a/1/1/3,/a/1/1/3!/member_00028,0,/a/1/1/3,242,28,,17128,17923,16676,17471,795,9b8d998153ffb62086f5a700817baa689d0cf0a77c0bce567ae797658b1b8f23,1072070000524e414efffe0001007207,,Nintendo LZ10,Probable,,True,Nintendo LZ10,Confirmed,True,1906,True,1906,e473a6a552df8f4e5b8232985cf0fbae4d223e912062eb5249520307c11e6aef,NANR animation,Confirmed,False,False
/a/1/1/3,/a/1/1/3!/member_00029,0,/a/1/1/3,242,29,,17924,18672,17472,18220,748,1ba396a997e997cfd5f6de70b5c858b1c6ff5b3082bc3c3a41f41bc24c518f80,10f60500005245434efffe000100f605,,Nintendo LZ10,Probable,,True,Nintendo LZ10,Confirmed,True,1526,True,1526,bbc128a8044f9dda6ef58c29e836a346fe4f089de1fe76b69782630251853e58,NCER cell,Confirmed,False,False
/a/1/1/3,/a/1/1/3!/member_00030,0,/a/1/1/3,242,30,,18672,21721,18220,21269,3049,d2c08ff5b6672fbc2cea90c39fcd0e3a36d596749bee014298795a54b8f74fef,10d04800005247434efffe010100d048,,Nintendo LZ10,Probable,,True,Nintendo LZ10,Confirmed,True,18640,True,18640,db275de5c7cd65a795ace4b045e3971074253c457b944b52fc90d350dfbc58b9,NCGR graphics,Confirmed,False,False
/a/1/1/3,/a/1/1/3!/member_00031,0,/a/1/1/3,242,31,,21724,22134,21272,21682,410,906801d189556888ffe44cb772a53bbbde317697b77d9cfd5d030acaf3557795,10400800005247434efffe0101004008,,Nintendo LZ10,Probable,,True,Nintendo LZ10,Confirmed,True,2112,True,2112,ceae2a4ea8b408c3870d244c30e539ab0637a83eb8fcf24292a955ee66c6b924,NCGR graphics,Confirmed,False,False
/a/1/1/3,/a/1/1/3!/member_00032,0,/a/1/1/3,242,32,,22136,22595,21684,22143,459,1b09a7e3a91ebec29b4f3da6c1e64c09e01eb52222c088208d4a82f9b8cb6e52,10240600005243534efffe0001002406,,Nintendo LZ10,Probable,,True,Nintendo LZ10,Confirmed,True,1572,True,1572,ad8d30ad37c559375e70948c6f2c078ac3998a8cc16ebe40e5b33febb37ebb9f,NSCR screen map,Confirmed,False,False
/a/1/1/3,/a/1/1/3!/member_00033,0,/a/1/1/3,242,33,,22596,23148,22144,22696,552,0e34cafde29f3175e5554daaf09dcfc4b71dff5c3ed35635b6d30e9212592d14,524c434efffe00012802000010000100,,NCLR palette,Confirmed,True,False,,,,,,,,,,False,False
/a/1/1/3,/a/1/1/3!/member_00034,0,/a/1/1/3,242,34,,23148,27526,22696,27074,4378,141089102124666a0b15806da734a7113d602658ddeeb0dec4c472190b6a1e34,10408000005247434efffe0101004080,,Nintendo LZ10,Probable,,True,Nintendo LZ10,Confirmed,True,32832,True,32832,2864cd9705bdd734fed2a53b04ad1585f5e8ebc9ad7452aadb52e95872f71f8f,NCGR graphics,Confirmed,False,False
/a/1/1/3,/a/1/1/3!/member_00035,0,/a/1/1/3,242,35,,27528,29078,27076,28626,1550,1e81fea706b934d3df9ba8d39aa3ac821fa18183c39009c081584115bc293f02,10242000005243534efffe0001002420,,Nintendo LZ10,Probable,,True,Nintendo LZ10,Confirmed,True,8228,True,8228,62ff00bef0b004a1ae3ab08fad28d11e3d805a04d1fa86e7266fb7286edd685a,NSCR screen map,Confirmed,False,False
/a/1/1/3,/a/1/1/3!/member_00036,0,/a/1/1/3,242,36,,29080,29632,28628,29180,552,7d9f5b9831c969ddeb8620349d20c64cc7ac324a8fc6a82796c17a58e8f1669d,524c434efffe00012802000010000100,,NCLR palette,Confirmed,True,False,,,,,,,,,,False,False
/a/1/1/3,/a/1/1/3!/member_00037,0,/a/1/1/3,242,37,,29632,29721,29180,29269,89,a0b2f2d152c11df428055b6857537241ba3f6eb3d577800c235d80e407b8452e,106f000000524e414efffe0001006f00,,Nintendo LZ10,Probable,,True,Nintendo LZ10,Confirmed,True,111,True,111,30249884bd91f10bc9d4e13e7b1495f09991b6f488405a0cdbb61cfb402d10ca,NANR animation,Confirmed,False,False
/a/1/1/3,/a/1/1/3!/member_00038,0,/a/1/1/3,242,38,,29724,29803,29272,29351,79,fff368ad8fbff9060f64adcfbcdf460b6c61a3026312e8e8d6dd60b5889d3763,10630000005245434efffe0001006300,,Nintendo LZ10,Probable,,True,Nintendo LZ10,Confirmed,True,99,True,99,247043d90eb019110e5ade6422db54b50da2fced27e618b42fec61a5aab684fa,NCER cell,Confirmed,False,False
/a/1/1/3,/a/1/1/3!/member_00039,0,/a/1/1/3,242,39,,29804,30180,29352,29728,376,dc57034c09bf4faddfebdb2510ed0709e1247eac8a9906b3974545edf87b683e,10300200005247434efffe0101003002,,Nintendo LZ10,Probable,,True,Nintendo LZ10,Confirmed,True,560,True,560,aaf635a84b66bf15a74ce063825cb98781a00cf5bc6110982485d6d3bb264059,NCGR graphics,Confirmed,False,False
/a/1/1/3,/a/1/1/3!/member_00040,0,/a/1/1/3,242,40,,30180,30732,29728,30280,552,8aa34831f2deaf90c9b5f06c4aefdd060430118d4c894235a45d7912a4283c70,524c434efffe00012802000010000100,,NCLR palette,Confirmed,True,False,,,,,,,,,,False,False
/a/1/1/3,/a/1/1/3!/member_00041,0,/a/1/1/3,242,41,,30732,31065,30280,30613,333,dd3148107837fcd70515390f9ef63a8c0014ab33bda29d8e58d6fe66cd61d1ef,10ab020000524e414efffe000100ab02,,Nintendo LZ10,Probable,,True,Nintendo LZ10,Confirmed,True,683,True,683,9fc93b97899c82a06d962712912e932fb0b219ca283eda1a1da5f043d5a5cf36,NANR animation,Confirmed,False,False
/a/1/1/3,/a/1/1/3!/member_00042,0,/a/1/1/3,242,42,,31068,31276,30616,30824,208,fdb7a29b17ad687b3374ed65a1dda1e64ee10c9b3585c539123a652b291cc983,102b0100005245434efffe0001002b01,,Nintendo LZ10,Probable,,True,Nintendo LZ10,Confirmed,True,299,True,299,4219e7cd7f307b52597851b53ad5e824f7af55525ab50df64dd75f5e97ed6e38,NCER cell,Confirmed,False,False
/a/1/1/3,/a/1/1/3!/member_00043,0,/a/1/1/3,242,43,,31276,31950,30824,31498,674,f333842a74d308724e368e057979cc1798409cb5c698286a966f5de4c26d5bb8,10300600005247434efffe0101003006,,Nintendo LZ10,Probable,,True,Nintendo LZ10,Confirmed,True,1584,True,1584,99bfc77ccab5389fdfbaa43a461a158b9259b44a3cd7273bafe130503622ccac,NCGR graphics,Confirmed,False,False
/a/1/1/3,/a/1/1/3!/member_00044,0,/a/1/1/3,242,44,,31952,32504,31500,32052,552,ec9e44ae2a347b71da6ef23b9f09f839731364da960ad2ad59e6a9633c8dc338,524c434efffe00012802000010000100,,NCLR palette,Confirmed,True,False,,,,,,,,,,False,False
/a/1/1/3,/a/1/1/3!/member_00045,0,/a/1/1/3,242,45,,32504,32736,32052,32284,232,5bf1ce71498b61903f7bf9ba596db446c186f6343ca7973b2a280d7986d4a045,10c8010000524e414efffe000100c801,,Nintendo LZ10,Probable,,True,Nintendo LZ10,Confirmed,True,456,True,456,914e22a642cea48cb09693609bc11c4dc715a30668e6d4addeed86794907eae0,NANR animation,Confirmed,False,False
/a/1/1/3,/a/1/1/3!/member_00046,0,/a/1/1/3,242,46,,32736,32870,32284,32418,134,2f7fc31e87a607e4f52f2964bca0ca3d515c7f44d6a8f28f90426dad374bf826,10d40000005245434efffe000100d400,,Nintendo LZ10,Probable,,True,Nintendo LZ10,Confirmed,True,212,True,212,21ebf9392df32647a92683b5628dfca6363c45e1f834c6589b09325d9292bcf2,NCER cell,Confirmed,False,False
/a/1/1/3,/a/1/1/3!/member_00047,0,/a/1/1/3,242,47,,32872,33385,32420,32933,513,3f5a0b370319c8d316eb8099e6bcbd601f12ff2160ec84a16810556a12a4c0ab,10300600005247434efffe0101003006,,Nintendo LZ10,Probable,,True,Nintendo LZ10,Confirmed,True,1584,True,1584,4e68c0775329ee041a776aa6f78b6907d1d00b0ccd04524fd3ca965fae3699ac,NCGR graphics,Confirmed,False,False
/a/1/1/3,/a/1/1/3!/member_00048,0,/a/1/1/3,242,48,,33388,33708,32936,33256,320,34d8d1dd8dca1904821087869ee9e7710d459dc73116fb7f4dc86bc4e795ca66,5247434efffe01014001000010000200,,NCGR graphics,Confirmed,True,False,,,,,,,,,,False,False
/a/1/1/3,/a/1/1/3!/member_00049,0,/a/1/1/3,242,49,,33708,34260,33256,33808,552,87eabb24dea6cd906b5973477b88f5c093e03bb08754522d003f25c5c112ed26,524c434efffe00012802000010000100,,NCLR palette,Confirmed,True,False,,,,,,,,,,False,False
/a/1/1/4,/a/1/1/4!/member_00000,0,/a/1/1/4,243,0,,2140,8588,0,6448,6448,b9e09efba4f69f2c20f68770422ef601150d324f988f1ac9418948e799956419,5247434efffe00013019000010000100,,NCGR graphics,Confirmed,True,False,,,,,,,,,,False,False
/a/1/1/4,/a/1/1/4!/member_00001,0,/a/1/1/4,243,1,,8588,15036,6448,12896,6448,588e3225575d430591b6556eda09884e20ba8331b2fd2972f72596d902a04ed5,5247434efffe00013019000010000100,,NCGR graphics,Confirmed,True,False,,,,,,,,,,False,False
/a/1/1/4,/a/1/1/4!/member_00002,0,/a/1/1/4,243,2,,15036,21484,12896,19344,6448,e1929d30f5750ba14aee38e01c2462704cac138c730cd88292faf7b59a92bb2b,5247434efffe00013019000010000100,,NCGR graphics,Confirmed,True,False,,,,,,,,,,False,False
/a/1/1/4,/a/1/1/4!/member_00003,0,/a/1/1/4,243,3,,21484,27932,19344,25792,6448,a9dc24981dbaad86e23ed085961550d16e516c31c4504ad4983a533daf624656,5247434efffe00013019000010000100,,NCGR graphics,Confirmed,True,False,,,,,,,,,,False,False
/a/1/1/4,/a/1/1/4!/member_00004,0,/a/1/1/4,243,4,,27932,34380,25792,32240,6448,5d5d86447988222f7b9d17db321d6cc1230fdbb4e46f87a03af5a33e6bf84ca8,5247434efffe00013019000010000100,,NCGR graphics,Confirmed,True,False,,,,,,,,,,False,False
/a/1/1/4,/a/1/1/4!/member_00005,0,/a/1/1/4,243,5,,34380,40828,32240,38688,6448,7b12f3e46ce439d5287788978ec59c08e6bec75d1ab320a16e9b3060c14c43e2,5247434efffe00013019000010000100,,NCGR graphics,Confirmed,True,False,,,,,,,,,,False,False
/a/1/1/4,/a/1/1/4!/member_00006,0,/a/1/1/4,243,6,,40828,47276,38688,45136,6448,4d2f174340d048ece6832762f09e3d27ea513e68b8fa87f89ba73f53ff358e5d,5247434efffe00013019000010000100,,NCGR graphics,Confirmed,True,False,,,,,,,,,,False,False
/a/1/1/4,/a/1/1/4!/member_00007,0,/a/1/1/4,243,7,,47276,53724,45136,51584,6448,383510ed39a2991c62192cdcf673a63f9040d21fca43f10ba6db428f1f82a32e,5247434efffe00013019000010000100,,NCGR graphics,Confirmed,True,False,,,,,,,,,,False,False
/a/1/1/4,/a/1/1/4!/member_00008,0,/a/1/1/4,243,8,,53724,60172,51584,58032,6448,11e40ca87a0349d4ca0603c0d86e01b3f266a1c49ae5a392d2a8c2f767b6776c,5247434efffe00013019000010000100,,NCGR graphics,Confirmed,True,False,,,,,,,,,,False,False
/a/1/1/4,/a/1/1/4!/member_00009,0,/a/1/1/4,243,9,,60172,66620,58032,64480,6448,a45260072b6639b246e85559070f39f8338d92b67267b736e2176f7d521de50a,5247434efffe00013019000010000100,,NCGR graphics,Confirmed,True,False,,,,,,,,,,False,False
/a/1/1/4,/a/1/1/4!/member_00010,0,/a/1/1/4,243,10,,66620,73068,64480,70928,6448,00731e9f120e4cfb45006a6bb3736e8161c10734993e14d65c18371e15657e17,5247434efffe00013019000010000100,,NCGR graphics,Confirmed,True,False,,,,,,,,,,False,False
/a/1/1/4,/a/1/1/4!/member_00011,0,/a/1/1/4,243,11,,73068,79516,70928,77376,6448,9619e085636da21af69200e40c5b15c3e063d83ce5a938618d3005fd1f1a0bb0,5247434efffe00013019000010000100,,NCGR graphics,Confirmed,True,False,,,,,,,,,,False,False
/a/1/1/4,/a/1/1/4!/member_00012,0,/a/1/1/4,243,12,,79516,85964,77376,83824,6448,83d4b816c5f1c267e98294e49ac8a0887589ac5278b576d2adb7c91e86df8598,5247434efffe00013019000010000100,,NCGR graphics,Confirmed,True,False,,,,,,,,,,False,False
/a/1/1/4,/a/1/1/4!/member_00013,0,/a/1/1/4,243,13,,85964,92412,83824,90272,6448,2c7ba6f70e8cb70621b03dfece568a488a58b177a0b1ce2fc2cec9c5e81ca0b4,5247434efffe00013019000010000100,,NCGR graphics,Confirmed,True,False,,,,,,,,,,False,False
/a/1/1/4,/a/1/1/4!/member_00014,0,/a/1/1/4,243,14,,92412,98860,90272,96720,6448,ccf6276e5e14363581bdca8eb51fb5d7497411c6e368412e5424ddc0e98d449f,5247434efffe00013019000010000100,,NCGR graphics,Confirmed,True,False,,,,,,,,,,False,False
/a/1/1/4,/a/1/1/4!/member_00015,0,/a/1/1/4,243,15,,98860,105308,96720,103168,6448,104cbf4fae306d165f3dc0d4c000ce407129019b21f2509b279e8cc809a8a955,5247434efffe00013019000010000100,,NCGR graphics,Confirmed,True,False,,,,,,,,,,False,False
/a/1/1/4,/a/1/1/4!/member_00016,0,/a/1/1/4,243,16,,105308,111756,103168,109616,6448,f90d73419cd1abe26bc254952c86d285ae0de0426c42f86643116f13163b09a8,5247434efffe00013019000010000100,,NCGR graphics,Confirmed,True,False,,,,,,,,,,False,False
/a/1/1/4,/a/1/1/4!/member_00017,0,/a/1/1/4,243,17,,111756,118204,109616,116064,6448,7674c8a5545f14878ee967843865f2ec01182a6961be2cffaf07aa10abed34a7,5247434efffe00013019000010000100,,NCGR graphics,Confirmed,True,False,,,,,,,,,,False,False
/a/1/1/4,/a/1/1/4!/member_00018,0,/a/1/1/4,243,18,,118204,124652,116064,122512,6448,e12269f8dc3eb76ad0dc9f2047a177a24cf0507406ed0607647d7178ce2da72b,5247434efffe00013019000010000100,,NCGR graphics,Confirmed,True,False,,,,,,,,,,False,False
/a/1/1/4,/a/1/1/4!/member_00019,0,/a/1/1/4,243,19,,124652,131100,122512,128960,6448,d5964d1856547a525a957c026acd6b708e98f422dccd7dbea62f22f7cffe9bde,5247434efffe00013019000010000100,,NCGR graphics,Confirmed,True,False,,,,,,,,,,False,False
/a/1/1/4,/a/1/1/4!/member_00020,0,/a/1/1/4,243,20,,131100,137548,128960,135408,6448,d36b1904b5d74be217ce864528294bd22c5af8afd7d2b04b5237f5064d8c9efb,5247434efffe00013019000010000100,,NCGR graphics,Confirmed,True,False,,,,,,,,,,False,False
/a/1/1/4,/a/1/1/4!/member_00021,0,/a/1/1/4,243,21,,137548,143996,135408,141856,6448,bc2bdb2fdbb044221f54555e97fdd6fd8016eca939d5d34e5708900fa1bda61f,5247434efffe00013019000010000100,,NCGR graphics,Confirmed,True,False,,,,,,,,,,False,False
/a/1/1/4,/a/1/1/4!/member_00022,0,/a/1/1/4,243,22,,143996,150444,141856,148304,6448,2937717bf0c3aa33460c6753e3e713526fb36ec26801f5ca1bd003fd3e3eda57,5247434efffe00013019000010000100,,NCGR graphics,Confirmed,True,False,,,,,,,,,,False,False
/a/1/1/4,/a/1/1/4!/member_00023,0,/a/1/1/4,243,23,,150444,156892,148304,154752,6448,be2ca7787921932935a414e791c811ae1ee5d9392629a70131b460d16efa79b0,5247434efffe00013019000010000100,,NCGR graphics,Confirmed,True,False,,,,,,,,,,False,False
/a/1/1/4,/a/1/1/4!/member_00024,0,/a/1/1/4,243,24,,156892,163340,154752,161200,6448,25abf3cd75f334f1795626b2a15887f8d758c7e2b60b6e22edf25868676e9a2b,5247434efffe00013019000010000100,,NCGR graphics,Confirmed,True,False,,,,,,,,,,False,False
/a/1/1/4,/a/1/1/4!/member_00025,0,/a/1/1/4,243,25,,163340,169788,161200,167648,6448,dcc31e45310dc3753c170106956b20de166aceccd8f791a70ae2c1fbaa09c63f,5247434efffe00013019000010000100,,NCGR graphics,Confirmed,True,False,,,,,,,,,,False,False
/a/1/1/4,/a/1/1/4!/member_00026,0,/a/1/1/4,243,26,,169788,176236,167648,174096,6448,0e0ee37ac052f9fa955eeae346f1fe5b91158c00c7eeaae23087f4cf2b458616,5247434efffe00013019000010000100,,NCGR graphics,Confirmed,True,False,,,,,,,,,,False,False
/a/1/1/4,/a/1/1/4!/member_00027,0,/a/1/1/4,243,27,,176236,182684,174096,180544,6448,2a9943b63e3802e81935d72d0b9df346b76b82641bd9caa52b379f6b29a35a8f,5247434efffe00013019000010000100,,NCGR graphics,Confirmed,True,False,,,,,,,,,,False,False
/a/1/1/4,/a/1/1/4!/member_00028,0,/a/1/1/4,243,28,,182684,189132,180544,186992,6448,3222cf1315711a997896330366d51f2ae1a526446424cbee226b1edeca928f8c,5247434efffe00013019000010000100,,NCGR graphics,Confirmed,True,False,,,,,,,,,,False,False
/a/1/1/4,/a/1/1/4!/member_00029,0,/a/1/1/4,243,29,,189132,195580,186992,193440,6448,dd299778d7d56a65a005a7c519cbd8d11d7a159e79b88df78862122f2b932122,5247434efffe00013019000010000100,,NCGR graphics,Confirmed,True,False,,,,,,,,,,False,False
/a/1/1/4,/a/1/1/4!/member_00030,0,/a/1/1/4,243,30,,195580,202028,193440,199888,6448,3f3937561a64487af6ed74b416d4c2d6c11f291e05224366b19c6130b308ddf5,5247434efffe00013019000010000100,,NCGR graphics,Confirmed,True,False,,,,,,,,,,False,False
/a/1/1/4,/a/1/1/4!/member_00031,0,/a/1/1/4,243,31,,202028,208476,199888,206336,6448,74283371a7614f221c77436023f423a9e79bb1d68aae3e63a7525880a3eb2307,5247434efffe00013019000010000100,,NCGR graphics,Confirmed,True,False,,,,,,,,,,False,False
/a/1/1/4,/a/1/1/4!/member_00032,0,/a/1/1/4,243,32,,208476,214924,206336,212784,6448,96ff6105aea44f65cbade746c22a570143be2cad91933463cf1b6cc2d8dea704,5247434efffe00013019000010000100,,NCGR graphics,Confirmed,True,False,,,,,,,,,,False,False
/a/1/1/4,/a/1/1/4!/member_00033,0,/a/1/1/4,243,33,,214924,221372,212784,219232,6448,21d76b2b526fad64021d7cf9992e6d98631637933a4bab27cec89464ba0946e9,5247434efffe00013019000010000100,,NCGR graphics,Confirmed,True,False,,,,,,,,,,False,False
/a/1/1/4,/a/1/1/4!/member_00034,0,/a/1/1/4,243,34,,221372,227820,219232,225680,6448,a45aee5607c542aa99eddc81ecb8a589f2fb7247ed01c25b9ada4789d9acd471,5247434efffe00013019000010000100,,NCGR graphics,Confirmed,True,False,,,,,,,,,,False,False
/a/1/1/4,/a/1/1/4!/member_00035,0,/a/1/1/4,243,35,,227820,234268,225680,232128,6448,bd76944fcddafa06af2e7bd0cfdbd992053f2923c6f751232ddad34308a5f83a,5247434efffe00013019000010000100,,NCGR graphics,Confirmed,True,False,,,,,,,,,,False,False
/a/1/1/4,/a/1/1/4!/member_00036,0,/a/1/1/4,243,36,,234268,240716,232128,238576,6448,9db7dbda546d1c6211e32a45a2fb3c5af7d8431f376ab4ec938e90b93a3dae92,5247434efffe00013019000010000100,,NCGR graphics,Confirmed,True,False,,,,,,,,,,False,False
/a/1/1/4,/a/1/1/4!/member_00037,0,/a/1/1/4,243,37,,240716,247164,238576,245024,6448,9a24db6931d1b41bfb38fdbd2bfe67ae2c78868b0c284eece9ae1b99e5ea640b,5247434efffe00013019000010000100,,NCGR graphics,Confirmed,True,False,,,,,,,,,,False,False
/a/1/1/4,/a/1/1/4!/member_00038,0,/a/1/1/4,243,38,,247164,253612,245024,251472,6448,806f2f76c434f78d8f57f493c3cad9946d9f32fa990f5cfa0e83c698e97c985a,5247434efffe00013019000010000100,,NCGR graphics,Confirmed,True,False,,,,,,,,,,False,False
/a/1/1/4,/a/1/1/4!/member_00039,0,/a/1/1/4,243,39,,253612,260060,251472,257920,6448,ae10d58ac6317892c8b274dbf90f5e4f4739dbbc786f03f91b365330bac5a18e,5247434efffe00013019000010000100,,NCGR graphics,Confirmed,True,False,,,,,,,,,,False,False
/a/1/1/4,/a/1/1/4!/member_00040,0,/a/1/1/4,243,40,,260060,266508,257920,264368,6448,f479d956ca6a9fac3ad5bbd37a2f467b3e9653c5b1a71097eda89b9bf10b984f,5247434efffe00013019000010000100,,NCGR graphics,Confirmed,True,False,,,,,,,,,,False,False
/a/1/1/4,/a/1/1/4!/member_00041,0,/a/1/1/4,243,41,,266508,272956,264368,270816,6448,6bab0be0aafa4feea164c9709dbfc3e0dd954deadbbabd47d88007f8c89f1062,5247434efffe00013019000010000100,,NCGR graphics,Confirmed,True,False,,,,,,,,,,False,False
/a/1/1/4,/a/1/1/4!/member_00042,0,/a/1/1/4,243,42,,272956,279404,270816,277264,6448,215a293090dccf0e29c1c2c714cd713331905b826e2fb8366ef5e22a2650f110,5247434efffe00013019000010000100,,NCGR graphics,Confirmed,True,False,,,,,,,,,,False,False
/a/1/1/4,/a/1/1/4!/member_00043,0,/a/1/1/4,243,43,,279404,285852,277264,283712,6448,1d04fc62e169599e77dfabcfd0b044ce4b641c58eda12c456708001c2db971a8,5247434efffe00013019000010000100,,NCGR graphics,Confirmed,True,False,,,,,,,,,,False,False
/a/1/1/4,/a/1/1/4!/member_00044,0,/a/1/1/4,243,44,,285852,292300,283712,290160,6448,23985d0f3054ee23e3fe8f9c2ea66e4f8c594d51fe4f8ee7fe8d51208ac3297e,5247434efffe00013019000010000100,,NCGR graphics,Confirmed,True,False,,,,,,,,,,False,False
/a/1/1/4,/a/1/1/4!/member_00045,0,/a/1/1/4,243,45,,292300,298748,290160,296608,6448,8357f3ccd7b0533b940d7bfae3f56ef45aa40daf98abf5783aaa68c25390cfbe,5247434efffe00013019000010000100,,NCGR graphics,Confirmed,True,False,,,,,,,,,,False,False
/a/1/1/4,/a/1/1/4!/member_00046,0,/a/1/1/4,243,46,,298748,305196,296608,303056,6448,4cf8a396054852106835113a4a392f169281c09ececd453fe77bfdf7f1eb8f25,5247434efffe00013019000010000100,,NCGR graphics,Confirmed,True,False,,,,,,,,,,False,False
/a/1/1/4,/a/1/1/4!/member_00047,0,/a/1/1/4,243,47,,305196,311644,303056,309504,6448,d8191169beedd5c3e4bc8860d47241afed743da71c2c32b2e6a2e4999c940a0e,5247434efffe00013019000010000100,,NCGR graphics,Confirmed,True,False,,,,,,,,,,False,False
/a/1/1/4,/a/1/1/4!/member_00048,0,/a/1/1/4,243,48,,311644,318092,309504,315952,6448,15d05adc631dc898c3942f0945a72c9829592f24b6a4b6294bdaa0038e795ee8,5247434efffe00013019000010000100,,NCGR graphics,Confirmed,True,False,,,,,,,,,,False,False
/a/1/1/4,/a/1/1/4!/member_00049,0,/a/1/1/4,243,49,,318092,324540,315952,322400,6448,a3eeaa70411d40fc97255d222c8de9aa1496d50a973fd72c47b9e7ea6cd6ebe2,5247434efffe00013019000010000100,,NCGR graphics,Confirmed,True,False,,,,,,,,,,False,False
/a/1/1/4,/a/1/1/4!/member_00050,0,/a/1/1/4,243,50,,324540,330988,322400,328848,6448,1e80acf73cce026f82ee52f790d294040d57e263e85466718bdda95a7c07c7b9,5247434efffe00013019000010000100,,NCGR graphics,Confirmed,True,False,,,,,,,,,,False,False
/a/1/1/4,/a/1/1/4!/member_00051,0,/a/1/1/4,243,51,,330988,337436,328848,335296,6448,1934de4ffe5b6cd3a1cbaa959ddb5358096e527e5ccfdb149d368b2ab54437c4,5247434efffe00013019000010000100,,NCGR graphics,Confirmed,True,False,,,,,,,,,,False,False
/a/1/1/4,/a/1/1/4!/member_00052,0,/a/1/1/4,243,52,,337436,343884,335296,341744,6448,f0b90f053df11c0504773a9319d701e7adb3bf77b386146c3892da46a75233f4,5247434efffe00013019000010000100,,NCGR graphics,Confirmed,True,False,,,,,,,,,,False,False
/a/1/1/4,/a/1/1/4!/member_00053,0,/a/1/1/4,243,53,,343884,350332,341744,348192,6448,2281d8fb5b7520daffbaafe3fd016cb4aa71e0bcdaca8d10bbb8bfe6fa69830d,5247434efffe00013019000010000100,,NCGR graphics,Confirmed,True,False,,,,,,,,,,False,False
/a/1/1/4,/a/1/1/4!/member_00054,0,/a/1/1/4,243,54,,350332,356780,348192,354640,6448,3ff4eac0058ba8d621b7243e7dfaa989757b2c33f46070764fe32ff51e2e79a0,5247434efffe00013019000010000100,,NCGR graphics,Confirmed,True,False,,,,,,,,,,False,False
/a/1/1/4,/a/1/1/4!/member_00055,0,/a/1/1/4,243,55,,356780,363228,354640,361088,6448,5b404ad2e6cc8f2dd070f09597f065cef672b0b9651bf3130578b5994598382f,5247434efffe00013019000010000100,,NCGR graphics,Confirmed,True,False,,,,,,,,,,False,False
/a/1/1/4,/a/1/1/4!/member_00056,0,/a/1/1/4,243,56,,363228,369676,361088,367536,6448,7263f8afc167083cc7d0011b80986a1dfa303c7d3f53d21118aefbc6ae351a03,5247434efffe00013019000010000100,,NCGR graphics,Confirmed,True,False,,,,,,,,,,False,False
/a/1/1/4,/a/1/1/4!/member_00057,0,/a/1/1/4,243,57,,369676,376124,367536,373984,6448,393afb9c4d62d003b71fda81683e86ea48abbe6e5b462fe97abb7f68b838489e,5247434efffe00013019000010000100,,NCGR graphics,Confirmed,True,False,,,,,,,,,,False,False
/a/1/1/4,/a/1/1/4!/member_00058,0,/a/1/1/4,243,58,,376124,382572,373984,380432,6448,11a488c46753dc11e26cbe03c202c31928fe0c5d1e496fdd1bfb1a85322fdfff,5247434efffe00013019000010000100,,NCGR graphics,Confirmed,True,False,,,,,,,,,,False,False
/a/1/1/4,/a/1/1/4!/member_00059,0,/a/1/1/4,243,59,,382572,389020,380432,386880,6448,ee09db96b7daef77b21045732117951ed98257dc79184598d5368fe7703692a8,5247434efffe00013019000010000100,,NCGR graphics,Confirmed,True,False,,,,,,,,,,False,False
/a/1/1/4,/a/1/1/4!/member_00060,0,/a/1/1/4,243,60,,389020,395468,386880,393328,6448,358e3b11c66e0fddc6049f46c00aeba309ab963721451f40ce144f7cd5386515,5247434efffe00013019000010000100,,NCGR graphics,Confirmed,True,False,,,,,,,,,,False,False
/a/1/1/4,/a/1/1/4!/member_00061,0,/a/1/1/4,243,61,,395468,401916,393328,399776,6448,6f803d2e9a9d0de4689e522edda4cbfc257d15684c16cf4e20b05d03c9105db2,5247434efffe00013019000010000100,,NCGR graphics,Confirmed,True,False,,,,,,,,,,False,False
/a/1/1/4,/a/1/1/4!/member_00062,0,/a/1/1/4,243,62,,401916,408364,399776,406224,6448,de59ee22c0fd5ebd37a70ccf65ebcebcc32c23e996c1260343f984bf94a80208,5247434efffe00013019000010000100,,NCGR graphics,Confirmed,True,False,,,,,,,,,,False,False
/a/1/1/4,/a/1/1/4!/member_00063,0,/a/1/1/4,243,63,,408364,414812,406224,412672,6448,b68c1eb5686232dd5c5bc764739b1db65687e6bbc61df61609264cdf2f7ea55c,5247434efffe00013019000010000100,,NCGR graphics,Confirmed,True,False,,,,,,,,,,False,False
/a/1/1/4,/a/1/1/4!/member_00064,0,/a/1/1/4,243,64,,414812,421260,412672,419120,6448,dc32de3b55e6a24833d4a609e6004eea820aa2b734f6768c77ca93cbd43f2c7d,5247434efffe00013019000010000100,,NCGR graphics,Confirmed,True,False,,,,,,,,,,False,False
/a/1/1/4,/a/1/1/4!/member_00065,0,/a/1/1/4,243,65,,421260,427708,419120,425568,6448,3c6430e25cd5004943c96b8ee9a5e53e59adc76afd359418f7d16dc374a846d1,5247434efffe00013019000010000100,,NCGR graphics,Confirmed,True,False,,,,,,,,,,False,False
/a/1/1/4,/a/1/1/4!/member_00066,0,/a/1/1/4,243,66,,427708,434156,425568,432016,6448,88600749323a2a6b0c2e09ed0cc3e676a5aec885463a6d1d6bc6ce3968cc7fff,5247434efffe00013019000010000100,,NCGR graphics,Confirmed,True,False,,,,,,,,,,False,False
/a/1/1/4,/a/1/1/4!/member_00067,0,/a/1/1/4,243,67,,434156,440604,432016,438464,6448,7a97b9967fe8106e4475dbc7b0cb3ab69ad1420686f420ecef7d8fd1ee6c1b7b,5247434efffe00013019000010000100,,NCGR graphics,Confirmed,True,False,,,,,,,,,,False,False
/a/1/1/4,/a/1/1/4!/member_00068,0,/a/1/1/4,243,68,,440604,447052,438464,444912,6448,e2b96efd4c657d283c9937b29810a0f0b5b7f1e99fda103196ec7672ca1237dc,5247434efffe00013019000010000100,,NCGR graphics,Confirmed,True,False,,,,,,,,,,False,False
/a/1/1/4,/a/1/1/4!/member_00069,0,/a/1/1/4,243,69,,447052,453500,444912,451360,6448,ef059494e7424d0ef38cada4f129fe4c4f244276f4bdc9650aa0cbaad834bc31,5247434efffe00013019000010000100,,NCGR graphics,Confirmed,True,False,,,,,,,,,,False,False
/a/1/1/4,/a/1/1/4!/member_00070,0,/a/1/1/4,243,70,,453500,459948,451360,457808,6448,80211d861667895234c510d0d80071d9632e24d443565c7d4752447a2bf543d9,5247434efffe00013019000010000100,,NCGR graphics,Confirmed,True,False,,,,,,,,,,False,False
/a/1/1/4,/a/1/1/4!/member_00071,0,/a/1/1/4,243,71,,459948,466396,457808,464256,6448,e3657d9d516fa460123d9eb0277e81a5d49bfc969b5e4b21dada7ef5164e841e,5247434efffe00013019000010000100,,NCGR graphics,Confirmed,True,False,,,,,,,,,,False,False
/a/1/1/4,/a/1/1/4!/member_00072,0,/a/1/1/4,243,72,,466396,472844,464256,470704,6448,9419c198aef7c892aa597283d41a9ee96944105d680e236f92566dca29ace497,5247434efffe00013019000010000100,,NCGR graphics,Confirmed,True,False,,,,,,,,,,False,False
/a/1/1/4,/a/1/1/4!/member_00073,0,/a/1/1/4,243,73,,472844,479292,470704,477152,6448,d080fd06f6776f19bf37547ef239e02f9594d156c7b31c4331ba75e3200fc6b4,5247434efffe00013019000010000100,,NCGR graphics,Confirmed,True,False,,,,,,,,,,False,False
/a/1/1/4,/a/1/1/4!/member_00074,0,/a/1/1/4,243,74,,479292,485740,477152,483600,6448,26a133390cb3b796975e7ef247ead09f38ee52ce0a89baa93159b3d070e60e4a,5247434efffe00013019000010000100,,NCGR graphics,Confirmed,True,False,,,,,,,,,,False,False
/a/1/1/4,/a/1/1/4!/member_00075,0,/a/1/1/4,243,75,,485740,492188,483600,490048,6448,3a1b0a2952e02392e4385828f1e3517c7fcc04e26a500b4eca78f8b63b4135c8,5247434efffe00013019000010000100,,NCGR graphics,Confirmed,True,False,,,,,,,,,,False,False
/a/1/1/4,/a/1/1/4!/member_00076,0,/a/1/1/4,243,76,,492188,498636,490048,496496,6448,ee5428bce7071b4361fa8c776251eac3f55da20e8e0b8c40b02ebc125e3e31f9,5247434efffe00013019000010000100,,NCGR graphics,Confirmed,True,False,,,,,,,,,,False,False
/a/1/1/4,/a/1/1/4!/member_00077,0,/a/1/1/4,243,77,,498636,505084,496496,502944,6448,0c1df8fcd7587feece74a94b4fc0fb9909617defac6132b57e0ba32b0e6b7cf1,5247434efffe00013019000010000100,,NCGR graphics,Confirmed,True,False,,,,,,,,,,False,False
/a/1/1/4,/a/1/1/4!/member_00078,0,/a/1/1/4,243,78,,505084,511532,502944,509392,6448,62a9086d515d1ea469a34907ab95544a47c665facb72a7f2d498f36e4e63b1aa,5247434efffe00013019000010000100,,NCGR graphics,Confirmed,True,False,,,,,,,,,,False,False
/a/1/1/4,/a/1/1/4!/member_00079,0,/a/1/1/4,243,79,,511532,517980,509392,515840,6448,e098c45a2d2a866a4700fdc9099b32a8bd5e2cc04f7aa5afa3bfe61d6b80196d,5247434efffe00013019000010000100,,NCGR graphics,Confirmed,True,False,,,,,,,,,,False,False
/a/1/1/4,/a/1/1/4!/member_00080,0,/a/1/1/4,243,80,,517980,524428,515840,522288,6448,a0355d6cd38998b899f75527525f5e8a9061843fc77d2f3990e105712c2f9259,5247434efffe00013019000010000100,,NCGR graphics,Confirmed,True,False,,,,,,,,,,False,False
/a/1/1/4,/a/1/1/4!/member_00081,0,/a/1/1/4,243,81,,524428,530876,522288,528736,6448,2965690d8f935e860c02b4695e00104d47bf9378e4da6ad77b490eb25fddb900,5247434efffe00013019000010000100,,NCGR graphics,Confirmed,True,False,,,,,,,,,,False,False
/a/1/1/4,/a/1/1/4!/member_00082,0,/a/1/1/4,243,82,,530876,537324,528736,535184,6448,6482b54a40ab6956c70bad9b9a8bbe309f0c6e4446271dfae1c6758149770f5b,5247434efffe00013019000010000100,,NCGR graphics,Confirmed,True,False,,,,,,,,,,False,False
/a/1/1/4,/a/1/1/4!/member_00083,0,/a/1/1/4,243,83,,537324,543772,535184,541632,6448,8ee785a8e51157f42db34d6b6377f8492627f28cb56ed6437f92ad3109dc85af,5247434efffe00013019000010000100,,NCGR graphics,Confirmed,True,False,,,,,,,,,,False,False
/a/1/1/4,/a/1/1/4!/member_00084,0,/a/1/1/4,243,84,,543772,550220,541632,548080,6448,d0bf9eb011a7286bd9f8db5df7c49464af664f5d256312a1e3a5744c5ca41117,5247434efffe00013019000010000100,,NCGR graphics,Confirmed,True,False,,,,,,,,,,False,False
/a/1/1/4,/a/1/1/4!/member_00085,0,/a/1/1/4,243,85,,550220,556668,548080,554528,6448,fdfd3a2c924b344d7e73143ce29cd3a06f890c32f0a1cf4195e9bb13d49f4dda,5247434efffe00013019000010000100,,NCGR graphics,Confirmed,True,False,,,,,,,,,,False,False
/a/1/1/4,/a/1/1/4!/member_00086,0,/a/1/1/4,243,86,,556668,563116,554528,560976,6448,3901007fc4556f91055158c6456c6a1788ab77e50e085a20d741cd3fe4801737,5247434efffe00013019000010000100,,NCGR graphics,Confirmed,True,False,,,,,,,,,,False,False
/a/1/1/4,/a/1/1/4!/member_00087,0,/a/1/1/4,243,87,,563116,569564,560976,567424,6448,18cabdaf31d0d68e82a576732440dfb166305fda75ff5eb7a7bccef25a3e293a,5247434efffe00013019000010000100,,NCGR graphics,Confirmed,True,False,,,,,,,,,,False,False
/a/1/1/4,/a/1/1/4!/member_00088,0,/a/1/1/4,243,88,,569564,576012,567424,573872,6448,a10ed5f6c118a7cbb87319fd0de77e8b27a07790b6d785830c5a0756025be57a,5247434efffe00013019000010000100,,NCGR graphics,Confirmed,True,False,,,,,,,,,,False,False
/a/1/1/4,/a/1/1/4!/member_00089,0,/a/1/1/4,243,89,,576012,582460,573872,580320,6448,ea1f95b9491d7883ecb5d2e7ed034d33b3438801cf940ff9f4e4b33a86dbea19,5247434efffe00013019000010000100,,NCGR graphics,Confirmed,True,False,,,,,,,,,,False,False
/a/1/1/4,/a/1/1/4!/member_00090,0,/a/1/1/4,243,90,,582460,588908,580320,586768,6448,ab89a8c04dd9b694f778c61c10681a00c2be28cdf2dd312b8de08f41f362ccd3,5247434efffe00013019000010000100,,NCGR graphics,Confirmed,True,False,,,,,,,,,,False,False
/a/1/1/4,/a/1/1/4!/member_00091,0,/a/1/1/4,243,91,,588908,595356,586768,593216,6448,f0d414d563ff230036d4831c135aa5fe16ace8d4de4848fb93edcc89c9428d01,5247434efffe00013019000010000100,,NCGR graphics,Confirmed,True,False,,,,,,,,,,False,False
/a/1/1/4,/a/1/1/4!/member_00092,0,/a/1/1/4,243,92,,595356,601804,593216,599664,6448,e266e8572a573b2bde7bfe68a4449bf7815a3cf0a80beff23a6ee9cf0dc71abc,5247434efffe00013019000010000100,,NCGR graphics,Confirmed,True,False,,,,,,,,,,False,False
/a/1/1/4,/a/1/1/4!/member_00093,0,/a/1/1/4,243,93,,601804,608252,599664,606112,6448,e631205ccaaf8bc1f8676fbaf3ce86f103cab9e919125277a00d7a4409b155d0,5247434efffe00013019000010000100,,NCGR graphics,Confirmed,True,False,,,,,,,,,,False,False
/a/1/1/4,/a/1/1/4!/member_00094,0,/a/1/1/4,243,94,,608252,614700,606112,612560,6448,168cdc0e7607f74cb2f2010d3dc8a4840571a77f9812c93ab5a4d7928b9d32f7,5247434efffe00013019000010000100,,NCGR graphics,Confirmed,True,False,,,,,,,,,,False,False
/a/1/1/4,/a/1/1/4!/member_00095,0,/a/1/1/4,243,95,,614700,621148,612560,619008,6448,3ba56f70b269fa26239bf7f624e7d4a8e11c510161e54b8e145e829978aa0051,5247434efffe00013019000010000100,,NCGR graphics,Confirmed,True,False,,,,,,,,,,False,False
/a/1/1/4,/a/1/1/4!/member_00096,0,/a/1/1/4,243,96,,621148,627596,619008,625456,6448,2d3294f0e6e8be2cc03ebaa7e71ed5e0558ba4c4347eab99d4341905d8a727b2,5247434efffe00013019000010000100,,NCGR graphics,Confirmed,True,False,,,,,,,,,,False,False
/a/1/1/4,/a/1/1/4!/member_00097,0,/a/1/1/4,243,97,,627596,634044,625456,631904,6448,9c07b421624862ece50621499da2bdbeadc56d5a52cb9f314e43990840b0e3f0,5247434efffe00013019000010000100,,NCGR graphics,Confirmed,True,False,,,,,,,,,,False,False
/a/1/1/4,/a/1/1/4!/member_00098,0,/a/1/1/4,243,98,,634044,640492,631904,638352,6448,2d3294f0e6e8be2cc03ebaa7e71ed5e0558ba4c4347eab99d4341905d8a727b2,5247434efffe00013019000010000100,,NCGR graphics,Confirmed,True,False,,,,,,,,,,False,False
/a/1/1/4,/a/1/1/4!/member_00099,0,/a/1/1/4,243,99,,640492,646940,638352,644800,6448,9c07b421624862ece50621499da2bdbeadc56d5a52cb9f314e43990840b0e3f0,5247434efffe00013019000010000100,,NCGR graphics,Confirmed,True,False,,,,,,,,,,False,False
/a/1/1/4,/a/1/1/4!/member_00100,0,/a/1/1/4,243,100,,646940,653388,644800,651248,6448,2d3294f0e6e8be2cc03ebaa7e71ed5e0558ba4c4347eab99d4341905d8a727b2,5247434efffe00013019000010000100,,NCGR graphics,Confirmed,True,False,,,,,,,,,,False,False
/a/1/1/4,/a/1/1/4!/member_00101,0,/a/1/1/4,243,101,,653388,659836,651248,657696,6448,9c07b421624862ece50621499da2bdbeadc56d5a52cb9f314e43990840b0e3f0,5247434efffe00013019000010000100,,NCGR graphics,Confirmed,True,False,,,,,,,,,,False,False
/a/1/1/4,/a/1/1/4!/member_00102,0,/a/1/1/4,243,102,,659836,666284,657696,664144,6448,2d3294f0e6e8be2cc03ebaa7e71ed5e0558ba4c4347eab99d4341905d8a727b2,5247434efffe00013019000010000100,,NCGR graphics,Confirmed,True,False,,,,,,,,,,False,False
/a/1/1/4,/a/1/1/4!/member_00103,0,/a/1/1/4,243,103,,666284,672732,664144,670592,6448,9c07b421624862ece50621499da2bdbeadc56d5a52cb9f314e43990840b0e3f0,5247434efffe00013019000010000100,,NCGR graphics,Confirmed,True,False,,,,,,,,,,False,False
/a/1/1/4,/a/1/1/4!/member_00104,0,/a/1/1/4,243,104,,672732,679180,670592,677040,6448,2d3294f0e6e8be2cc03ebaa7e71ed5e0558ba4c4347eab99d4341905d8a727b2,5247434efffe00013019000010000100,,NCGR graphics,Confirmed,True,False,,,,,,,,,,False,False
/a/1/1/4,/a/1/1/4!/member_00105,0,/a/1/1/4,243,105,,679180,685628,677040,683488,6448,9c07b421624862ece50621499da2bdbeadc56d5a52cb9f314e43990840b0e3f0,5247434efffe00013019000010000100,,NCGR graphics,Confirmed,True,False,,,,,,,,,,False,False
/a/1/1/4,/a/1/1/4!/member_00106,0,/a/1/1/4,243,106,,685628,692076,683488,689936,6448,2d3294f0e6e8be2cc03ebaa7e71ed5e0558ba4c4347eab99d4341905d8a727b2,5247434efffe00013019000010000100,,NCGR graphics,Confirmed,True,False,,,,,,,,,,False,False
/a/1/1/4,/a/1/1/4!/member_00107,0,/a/1/1/4,243,107,,692076,698524,689936,696384,6448,9c07b421624862ece50621499da2bdbeadc56d5a52cb9f314e43990840b0e3f0,5247434efffe00013019000010000100,,NCGR graphics,Confirmed,True,False,,,,,,,,,,False,False
/a/1/1/4,/a/1/1/4!/member_00108,0,/a/1/1/4,243,108,,698524,704972,696384,702832,6448,2d3294f0e6e8be2cc03ebaa7e71ed5e0558ba4c4347eab99d4341905d8a727b2,5247434efffe00013019000010000100,,NCGR graphics,Confirmed,True,False,,,,,,,,,,False,False
/a/1/1/4,/a/1/1/4!/member_00109,0,/a/1/1/4,243,109,,704972,711420,702832,709280,6448,9c07b421624862ece50621499da2bdbeadc56d5a52cb9f314e43990840b0e3f0,5247434efffe00013019000010000100,,NCGR graphics,Confirmed,True,False,,,,,,,,,,False,False
/a/1/1/4,/a/1/1/4!/member_00110,0,/a/1/1/4,243,110,,711420,717868,709280,715728,6448,2d3294f0e6e8be2cc03ebaa7e71ed5e0558ba4c4347eab99d4341905d8a727b2,5247434efffe00013019000010000100,,NCGR graphics,Confirmed,True,False,,,,,,,,,,False,False
/a/1/1/4,/a/1/1/4!/member_00111,0,/a/1/1/4,243,111,,717868,724316,715728,722176,6448,9c07b421624862ece50621499da2bdbeadc56d5a52cb9f314e43990840b0e3f0,5247434efffe00013019000010000100,,NCGR graphics,Confirmed,True,False,,,,,,,,,,False,False
/a/1/1/4,/a/1/1/4!/member_00112,0,/a/1/1/4,243,112,,724316,730764,722176,728624,6448,2d3294f0e6e8be2cc03ebaa7e71ed5e0558ba4c4347eab99d4341905d8a727b2,5247434efffe00013019000010000100,,NCGR graphics,Confirmed,True,False,,,,,,,,,,False,False
/a/1/1/4,/a/1/1/4!/member_00113,0,/a/1/1/4,243,113,,730764,737212,728624,735072,6448,9c07b421624862ece50621499da2bdbeadc56d5a52cb9f314e43990840b0e3f0,5247434efffe00013019000010000100,,NCGR graphics,Confirmed,True,False,,,,,,,,,,False,False
/a/1/1/4,/a/1/1/4!/member_00114,0,/a/1/1/4,243,114,,737212,743660,735072,741520,6448,2d3294f0e6e8be2cc03ebaa7e71ed5e0558ba4c4347eab99d4341905d8a727b2,5247434efffe00013019000010000100,,NCGR graphics,Confirmed,True,False,,,,,,,,,,False,False
/a/1/1/4,/a/1/1/4!/member_00115,0,/a/1/1/4,243,115,,743660,750108,741520,747968,6448,9c07b421624862ece50621499da2bdbeadc56d5a52cb9f314e43990840b0e3f0,5247434efffe00013019000010000100,,NCGR graphics,Confirmed,True,False,,,,,,,,,,False,False
/a/1/1/4,/a/1/1/4!/member_00116,0,/a/1/1/4,243,116,,750108,756556,747968,754416,6448,2d3294f0e6e8be2cc03ebaa7e71ed5e0558ba4c4347eab99d4341905d8a727b2,5247434efffe00013019000010000100,,NCGR graphics,Confirmed,True,False,,,,,,,,,,False,False
/a/1/1/4,/a/1/1/4!/member_00117,0,/a/1/1/4,243,117,,756556,763004,754416,760864,6448,9c07b421624862ece50621499da2bdbeadc56d5a52cb9f314e43990840b0e3f0,5247434efffe00013019000010000100,,NCGR graphics,Confirmed,True,False,,,,,,,,,,False,False
/a/1/1/4,/a/1/1/4!/member_00118,0,/a/1/1/4,243,118,,763004,769452,760864,767312,6448,2d3294f0e6e8be2cc03ebaa7e71ed5e0558ba4c4347eab99d4341905d8a727b2,5247434efffe00013019000010000100,,NCGR graphics,Confirmed,True,False,,,,,,,,,,False,False
/a/1/1/4,/a/1/1/4!/member_00119,0,/a/1/1/4,243,119,,769452,775900,767312,773760,6448,9c07b421624862ece50621499da2bdbeadc56d5a52cb9f314e43990840b0e3f0,5247434efffe00013019000010000100,,NCGR graphics,Confirmed,True,False,,,,,,,,,,False,False
/a/1/1/4,/a/1/1/4!/member_00120,0,/a/1/1/4,243,120,,775900,782348,773760,780208,6448,2d3294f0e6e8be2cc03ebaa7e71ed5e0558ba4c4347eab99d4341905d8a727b2,5247434efffe00013019000010000100,,NCGR graphics,Confirmed,True,False,,,,,,,,,,False,False
/a/1/1/4,/a/1/1/4!/member_00121,0,/a/1/1/4,243,121,,782348,788796,780208,786656,6448,9c07b421624862ece50621499da2bdbeadc56d5a52cb9f314e43990840b0e3f0,5247434efffe00013019000010000100,,NCGR graphics,Confirmed,True,False,,,,,,,,,,False,False
/a/1/1/4,/a/1/1/4!/member_00122,0,/a/1/1/4,243,122,,788796,795244,786656,793104,6448,2d3294f0e6e8be2cc03ebaa7e71ed5e0558ba4c4347eab99d4341905d8a727b2,5247434efffe00013019000010000100,,NCGR graphics,Confirmed,True,False,,,,,,,,,,False,False
/a/1/1/4,/a/1/1/4!/member_00123,0,/a/1/1/4,243,123,,795244,801692,793104,799552,6448,9c07b421624862ece50621499da2bdbeadc56d5a52cb9f314e43990840b0e3f0,5247434efffe00013019000010000100,,NCGR graphics,Confirmed,True,False,,,,,,,,,,False,False
/a/1/1/4,/a/1/1/4!/member_00124,0,/a/1/1/4,243,124,,801692,808140,799552,806000,6448,2d3294f0e6e8be2cc03ebaa7e71ed5e0558ba4c4347eab99d4341905d8a727b2,5247434efffe00013019000010000100,,NCGR graphics,Confirmed,True,False,,,,,,,,,,False,False
/a/1/1/4,/a/1/1/4!/member_00125,0,/a/1/1/4,243,125,,808140,814588,806000,812448,6448,9c07b421624862ece50621499da2bdbeadc56d5a52cb9f314e43990840b0e3f0,5247434efffe00013019000010000100,,NCGR graphics,Confirmed,True,False,,,,,,,,,,False,False
/a/1/1/4,/a/1/1/4!/member_00126,0,/a/1/1/4,243,126,,814588,821036,812448,818896,6448,2d3294f0e6e8be2cc03ebaa7e71ed5e0558ba4c4347eab99d4341905d8a727b2,5247434efffe00013019000010000100,,NCGR graphics,Confirmed,True,False,,,,,,,,,,False,False
/a/1/1/4,/a/1/1/4!/member_00127,0,/a/1/1/4,243,127,,821036,827484,818896,825344,6448,9c07b421624862ece50621499da2bdbeadc56d5a52cb9f314e43990840b0e3f0,5247434efffe00013019000010000100,,NCGR graphics,Confirmed,True,False,,,,,,,,,,False,False
/a/1/1/4,/a/1/1/4!/member_00128,0,/a/1/1/4,243,128,,827484,833932,825344,831792,6448,2d3294f0e6e8be2cc03ebaa7e71ed5e0558ba4c4347eab99d4341905d8a727b2,5247434efffe00013019000010000100,,NCGR graphics,Confirmed,True,False,,,,,,,,,,False,False
/a/1/1/4,/a/1/1/4!/member_00129,0,/a/1/1/4,243,129,,833932,840380,831792,838240,6448,9c07b421624862ece50621499da2bdbeadc56d5a52cb9f314e43990840b0e3f0,5247434efffe00013019000010000100,,NCGR graphics,Confirmed,True,False,,,,,,,,,,False,False
/a/1/1/4,/a/1/1/4!/member_00130,0,/a/1/1/4,243,130,,840380,846828,838240,844688,6448,2d3294f0e6e8be2cc03ebaa7e71ed5e0558ba4c4347eab99d4341905d8a727b2,5247434efffe00013019000010000100,,NCGR graphics,Confirmed,True,False,,,,,,,,,,False,False
/a/1/1/4,/a/1/1/4!/member_00131,0,/a/1/1/4,243,131,,846828,853276,844688,851136,6448,9c07b421624862ece50621499da2bdbeadc56d5a52cb9f314e43990840b0e3f0,5247434efffe00013019000010000100,,NCGR graphics,Confirmed,True,False,,,,,,,,,,False,False
/a/1/1/4,/a/1/1/4!/member_00132,0,/a/1/1/4,243,132,,853276,859724,851136,857584,6448,8ac212aef72eef5855dbe3e4944843d88591d1fd32fb573030bc37ebe4865113,5247434efffe00013019000010000100,,NCGR graphics,Confirmed,True,False,,,,,,,,,,False,False
/a/1/1/4,/a/1/1/4!/member_00133,0,/a/1/1/4,243,133,,859724,866172,857584,864032,6448,cf22da27f3478754f03602a33c994df9b5a25488e85d203c524905b2c3ffdd7c,5247434efffe00013019000010000100,,NCGR graphics,Confirmed,True,False,,,,,,,,,,False,False
/a/1/1/4,/a/1/1/4!/member_00134,0,/a/1/1/4,243,134,,866172,872620,864032,870480,6448,fdd66f83ccf2b8ed3f1848a7752a43e2c203da58510d4e151f4710f4894d5e33,5247434efffe00013019000010000100,,NCGR graphics,Confirmed,True,False,,,,,,,,,,False,False
/a/1/1/4,/a/1/1/4!/member_00135,0,/a/1/1/4,243,135,,872620,879068,870480,876928,6448,d8fe4abbc7ff54f10fff83b0ec2818e9566eb8c8542175590121528dadbedb51,5247434efffe00013019000010000100,,NCGR graphics,Confirmed,True,False,,,,,,,,,,False,False
/a/1/1/4,/a/1/1/4!/member_00136,0,/a/1/1/4,243,136,,879068,885516,876928,883376,6448,74749f3807d91ad106606f71bcbe0ac6ee9d11483389e5b387288d2b99204bd2,5247434efffe00013019000010000100,,NCGR graphics,Confirmed,True,False,,,,,,,,,,False,False
/a/1/1/4,/a/1/1/4!/member_00137,0,/a/1/1/4,243,137,,885516,891964,883376,889824,6448,796fd77a9cdc590d927526671171744bd115f11a8bde6894c5b3c74e48b4935c,5247434efffe00013019000010000100,,NCGR graphics,Confirmed,True,False,,,,,,,,,,False,False
/a/1/1/4,/a/1/1/4!/member_00138,0,/a/1/1/4,243,138,,891964,898412,889824,896272,6448,02818f194404f328b03f0a68c3c6cb4a6204e9a04868ea0c91959d83d7d2d984,5247434efffe00013019000010000100,,NCGR graphics,Confirmed,True,False,,,,,,,,,,False,False
/a/1/1/4,/a/1/1/4!/member_00139,0,/a/1/1/4,243,139,,898412,904860,896272,902720,6448,e29d80e587d6d70868147f1d3233392743ebefc011cd45c90aec0cf1894aba09,5247434efffe00013019000010000100,,NCGR graphics,Confirmed,True,False,,,,,,,,,,False,False
/a/1/1/4,/a/1/1/4!/member_00140,0,/a/1/1/4,243,140,,904860,911308,902720,909168,6448,d45b7fcc41d1a205445beb00cf5d14acd315e34000b73a3340084af23475c157,5247434efffe00013019000010000100,,NCGR graphics,Confirmed,True,False,,,,,,,,,,False,False
/a/1/1/4,/a/1/1/4!/member_00141,0,/a/1/1/4,243,141,,911308,917756,909168,915616,6448,73ed19697b4701af62d9b8bea5a9f8397b99d6f9ace2b1c84d0b85ed07324a56,5247434efffe00013019000010000100,,NCGR graphics,Confirmed,True,False,,,,,,,,,,False,False
/a/1/1/4,/a/1/1/4!/member_00142,0,/a/1/1/4,243,142,,917756,924204,915616,922064,6448,bedd72da3f6a21a5a127bee0d3745ae5b3e4b48d26362504b12cb5ccd37caa9d,5247434efffe00013019000010000100,,NCGR graphics,Confirmed,True,False,,,,,,,,,,False,False
/a/1/1/4,/a/1/1/4!/member_00143,0,/a/1/1/4,243,143,,924204,930652,922064,928512,6448,34d40fb5970ca9a397ef0ddca65146e45241a64eddad8f59ebe91901d9a39cd3,5247434efffe00013019000010000100,,NCGR graphics,Confirmed,True,False,,,,,,,,,,False,False
/a/1/1/4,/a/1/1/4!/member_00144,0,/a/1/1/4,243,144,,930652,937100,928512,934960,6448,4333cbe3deecdcd623776688561729cc438bbb348f73870e44d55410dc067ded,5247434efffe00013019000010000100,,NCGR graphics,Confirmed,True,False,,,,,,,,,,False,False
/a/1/1/4,/a/1/1/4!/member_00145,0,/a/1/1/4,243,145,,937100,943548,934960,941408,6448,c5595c696aa089d5345fe8824cdba5b5f53e022f37dc7c04fe1534845fb44ec7,5247434efffe00013019000010000100,,NCGR graphics,Confirmed,True,False,,,,,,,,,,False,False
/a/1/1/4,/a/1/1/4!/member_00146,0,/a/1/1/4,243,146,,943548,949996,941408,947856,6448,537cc7512a5554a9b2cb9d62585f0587d269e8f067a21d12cdc8982d33288ba3,5247434efffe00013019000010000100,,NCGR graphics,Confirmed,True,False,,,,,,,,,,False,False
/a/1/1/4,/a/1/1/4!/member_00147,0,/a/1/1/4,243,147,,949996,956444,947856,954304,6448,e2976433a28769fe86dde6b6c974d3bcdcd75c15eb484ca849c09bbbbab80d43,5247434efffe00013019000010000100,,NCGR graphics,Confirmed,True,False,,,,,,,,,,False,False
/a/1/1/4,/a/1/1/4!/member_00148,0,/a/1/1/4,243,148,,956444,962892,954304,960752,6448,e39ab7ccb7fc907063a329722f81e318f3ee1dd4771e45d81f55e0afdf2e3593,5247434efffe00013019000010000100,,NCGR graphics,Confirmed,True,False,,,,,,,,,,False,False
/a/1/1/4,/a/1/1/4!/member_00149,0,/a/1/1/4,243,149,,962892,969340,960752,967200,6448,ad4fea71911d8ec709b4cb0be31a1857db71f25fdfcb6837e3c532723bb925b0,5247434efffe00013019000010000100,,NCGR graphics,Confirmed,True,False,,,,,,,,,,False,False
/a/1/1/4,/a/1/1/4!/member_00150,0,/a/1/1/4,243,150,,969340,975788,967200,973648,6448,cf4830a7711b4d1a3fcbb082b7bcc5de89eb32289cd4e1dbb4dcc3bd36fa6c98,5247434efffe00013019000010000100,,NCGR graphics,Confirmed,True,False,,,,,,,,,,False,False
/a/1/1/4,/a/1/1/4!/member_00151,0,/a/1/1/4,243,151,,975788,982236,973648,980096,6448,e91f110806ccc61628de2fe784b019408af61ce824f57f13653a4dbf2ff54dc4,5247434efffe00013019000010000100,,NCGR graphics,Confirmed,True,False,,,,,,,,,,False,False
/a/1/1/4,/a/1/1/4!/member_00152,0,/a/1/1/4,243,152,,982236,988684,980096,986544,6448,52d21095b2d2f2d60b098d56dbbcc539d6558f11b35288c0b044723d796c25c2,5247434efffe00013019000010000100,,NCGR graphics,Confirmed,True,False,,,,,,,,,,False,False
/a/1/1/4,/a/1/1/4!/member_00153,0,/a/1/1/4,243,153,,988684,995132,986544,992992,6448,f4190c0805992b4e2d857ed03bc69a7ef870a9825628d1a428a0a42d82931e0e,5247434efffe00013019000010000100,,NCGR graphics,Confirmed,True,False,,,,,,,,,,False,False
/a/1/1/4,/a/1/1/4!/member_00154,0,/a/1/1/4,243,154,,995132,1001580,992992,999440,6448,c8cb3abef19c8ad1c1c347e4ae5570843d3abf42d9e5356b14300205dbc3b34f,5247434efffe00013019000010000100,,NCGR graphics,Confirmed,True,False,,,,,,,,,,False,False
/a/1/1/4,/a/1/1/4!/member_00155,0,/a/1/1/4,243,155,,1001580,1008028,999440,1005888,6448,0bdb8bc2182016dd7d247436f2d2ee892dd4a503f24c3cceecc94e06118c3c84,5247434efffe00013019000010000100,,NCGR graphics,Confirmed,True,False,,,,,,,,,,False,False
/a/1/1/4,/a/1/1/4!/member_00156,0,/a/1/1/4,243,156,,1008028,1014476,1005888,1012336,6448,28ffc9fdd069f72c04d26db102d01b76df71c312dafc7cde962a7cd50552dc76,5247434efffe00013019000010000100,,NCGR graphics,Confirmed,True,False,,,,,,,,,,False,False
/a/1/1/4,/a/1/1/4!/member_00157,0,/a/1/1/4,243,157,,1014476,1020924,1012336,1018784,6448,53a453b46ac05879c566ede165fe15bbad81c3a98311de5d1de49522c662bd1d,5247434efffe00013019000010000100,,NCGR graphics,Confirmed,True,False,,,,,,,,,,False,False
/a/1/1/4,/a/1/1/4!/member_00158,0,/a/1/1/4,243,158,,1020924,1020996,1018784,1018856,72,0a0bc79ef136c9cdaf44d0d89e5e23853cce786ad1f6399b6dc494c591a6ee0e,524c434efffe00014800000010000100,,NCLR palette,Confirmed,True,False,,,,,,,,,,False,False
/a/1/1/4,/a/1/1/4!/member_00159,0,/a/1/1/4,243,159,,1020996,1021068,1018856,1018928,72,b2a3ac5a0099f44ad1a0338aab8c97a37c77d2f23a4ef13fc05f05c6081d8be7,524c434efffe00014800000010000100,,NCLR palette,Confirmed,True,False,,,,,,,,,,False,False
/a/1/1/4,/a/1/1/4!/member_00160,0,/a/1/1/4,243,160,,1021068,1021140,1018928,1019000,72,2d2c5c7f0ba92ddb7769337542f876027c5f57fedc46cb3c20fec0b681d62448,524c434efffe00014800000010000100,,NCLR palette,Confirmed,True,False,,,,,,,,,,False,False
/a/1/1/4,/a/1/1/4!/member_00161,0,/a/1/1/4,243,161,,1021140,1021212,1019000,1019072,72,76720f1b285e445d7f451270d4d7081537021664e245d6d99e6a7d2f70fea7a3,524c434efffe00014800000010000100,,NCLR palette,Confirmed,True,False,,,,,,,,,,False,False
/a/1/1/4,/a/1/1/4!/member_00162,0,/a/1/1/4,243,162,,1021212,1021284,1019072,1019144,72,efb0b7d986772d111c070285389eb152cb5ec72da2e96de09aa15731c73e8e3d,524c434efffe00014800000010000100,,NCLR palette,Confirmed,True,False,,,,,,,,,,False,False
/a/1/1/4,/a/1/1/4!/member_00163,0,/a/1/1/4,243,163,,1021284,1021356,1019144,1019216,72,1e1d9d11715ceb94c9773d06482b5cda4d72022cfaa9a076ab47f32a92c94f36,524c434efffe00014800000010000100,,NCLR palette,Confirmed,True,False,,,,,,,,,,False,False
/a/1/1/4,/a/1/1/4!/member_00164,0,/a/1/1/4,243,164,,1021356,1021428,1019216,1019288,72,c26facc6fad98554505f8181965a0d65da2023e959f8b1423281c6b4c0b1a834,524c434efffe00014800000010000100,,NCLR palette,Confirmed,True,False,,,,,,,,,,False,False
/a/1/1/4,/a/1/1/4!/member_00165,0,/a/1/1/4,243,165,,1021428,1021500,1019288,1019360,72,4037e3df8c296cfb772dd8f53a03ab4c802ce38aa24864234da033b89968328f,524c434efffe00014800000010000100,,NCLR palette,Confirmed,True,False,,,,,,,,,,False,False
/a/1/1/4,/a/1/1/4!/member_00166,0,/a/1/1/4,243,166,,1021500,1021572,1019360,1019432,72,55ba127c672d464a07226c20f1eddc39ad2db90112f5cfb887a4b02c8a888028,524c434efffe00014800000010000100,,NCLR palette,Confirmed,True,False,,,,,,,,,,False,False
/a/1/1/4,/a/1/1/4!/member_00167,0,/a/1/1/4,243,167,,1021572,1021644,1019432,1019504,72,1e1d9d11715ceb94c9773d06482b5cda4d72022cfaa9a076ab47f32a92c94f36,524c434efffe00014800000010000100,,NCLR palette,Confirmed,True,False,,,,,,,,,,False,False
/a/1/1/4,/a/1/1/4!/member_00168,0,/a/1/1/4,243,168,,1021644,1021716,1019504,1019576,72,c26facc6fad98554505f8181965a0d65da2023e959f8b1423281c6b4c0b1a834,524c434efffe00014800000010000100,,NCLR palette,Confirmed,True,False,,,,,,,,,,False,False
/a/1/1/4,/a/1/1/4!/member_00169,0,/a/1/1/4,243,169,,1021716,1021788,1019576,1019648,72,4037e3df8c296cfb772dd8f53a03ab4c802ce38aa24864234da033b89968328f,524c434efffe00014800000010000100,,NCLR palette,Confirmed,True,False,,,,,,,,,,False,False
/a/1/1/4,/a/1/1/4!/member_00170,0,/a/1/1/4,243,170,,1021788,1021860,1019648,1019720,72,889e2bd7f247b41e9bf5b7df330f316cc50104ec210eb6a6a604093cd7b8ebf4,524c434efffe00014800000010000100,,NCLR palette,Confirmed,True,False,,,,,,,,,,False,False
/a/1/1/4,/a/1/1/4!/member_00171,0,/a/1/1/4,243,171,,1021860,1021932,1019720,1019792,72,ca978cdc857f5112d7756c847ae8ab335a14610b271f3103863227a432586f7b,524c434efffe00014800000010000100,,NCLR palette,Confirmed,True,False,,,,,,,,,,False,False
/a/1/1/4,/a/1/1/4!/member_00172,0,/a/1/1/4,243,172,,1021932,1022004,1019792,1019864,72,b4653c5d35663a17bc8c713827db42a2ca6853c2823d98f76406467c7894d358,524c434efffe00014800000010000100,,NCLR palette,Confirmed,True,False,,,,,,,,,,False,False
/a/1/1/4,/a/1/1/4!/member_00173,0,/a/1/1/4,243,173,,1022004,1022076,1019864,1019936,72,ebb65bc84e1b505ec3d83fc56dfc99d10cc9a1265c511846057dd360fc3bb675,524c434efffe00014800000010000100,,NCLR palette,Confirmed,True,False,,,,,,,,,,False,False
/a/1/1/4,/a/1/1/4!/member_00174,0,/a/1/1/4,243,174,,1022076,1022148,1019936,1020008,72,4648a1829361f4adbc67b09d4d658a212df464fa401db3abdaf70c54bf0734db,524c434efffe00014800000010000100,,NCLR palette,Confirmed,True,False,,,,,,,,,,False,False
/a/1/1/4,/a/1/1/4!/member_00175,0,/a/1/1/4,243,175,,1022148,1022220,1020008,1020080,72,370f682dbe42545c84575cd6536110ca38fe8f78272002b61e03050ce6b1c56e,524c434efffe00014800000010000100,,NCLR palette,Confirmed,True,False,,,,,,,,,,False,False
/a/1/1/4,/a/1/1/4!/member_00176,0,/a/1/1/4,243,176,,1022220,1022292,1020080,1020152,72,695fe10d59f50fb0efcfb5e78f8904534bd2065c5c6cf3c60a2ef041292eb93a,524c434efffe00014800000010000100,,NCLR palette,Confirmed,True,False,,,,,,,,,,False,False
/a/1/1/4,/a/1/1/4!/member_00177,0,/a/1/1/4,243,177,,1022292,1022364,1020152,1020224,72,b23e3625f61a1fd341c602e64fc320022c9511ebf62bfe15957f4c60451ba92c,524c434efffe00014800000010000100,,NCLR palette,Confirmed,True,False,,,,,,,,,,False,False
/a/1/1/4,/a/1/1/4!/member_00178,0,/a/1/1/4,243,178,,1022364,1022436,1020224,1020296,72,0f3b6c4043279ab5c5e01fc2157944cab38c45ddb2140eeb615e5ed70b613867,524c434efffe00014800000010000100,,NCLR palette,Confirmed,True,False,,,,,,,,,,False,False
/a/1/1/4,/a/1/1/4!/member_00179,0,/a/1/1/4,243,179,,1022436,1022508,1020296,1020368,72,d88970766e2f4db000c9fbce6f7299a4bebf1cbcacd189b724bc47292100a799,524c434efffe00014800000010000100,,NCLR palette,Confirmed,True,False,,,,,,,,,,False,False
/a/1/1/4,/a/1/1/4!/member_00180,0,/a/1/1/4,243,180,,1022508,1022580,1020368,1020440,72,7765ec39aa7669361d60623c154bf7df0e118882f071f27ff4933972d5226ff5,524c434efffe00014800000010000100,,NCLR palette,Confirmed,True,False,,,,,,,,,,False,False
/a/1/1/4,/a/1/1/4!/member_00181,0,/a/1/1/4,243,181,,1022580,1022652,1020440,1020512,72,b2052b2fb9d49479d32a4177ef86ea15df585adf9e49cb75b8cac5159742f1b5,524c434efffe00014800000010000100,,NCLR palette,Confirmed,True,False,,,,,,,,,,False,False
/a/1/1/4,/a/1/1/4!/member_00182,0,/a/1/1/4,243,182,,1022652,1022724,1020512,1020584,72,791576dd4ad78adfe50b848116e0d7b5099738b17dfd90dd7d54a4b03cd0d607,524c434efffe00014800000010000100,,NCLR palette,Confirmed,True,False,,,,,,,,,,False,False
/a/1/1/4,/a/1/1/4!/member_00183,0,/a/1/1/4,243,183,,1022724,1022796,1020584,1020656,72,4b32b2a12db9fb02247911a41dcee81b5d1e4b12d007cf068610e1b91b8c4b1a,524c434efffe00014800000010000100,,NCLR palette,Confirmed,True,False,,,,,,,,,,False,False
/a/1/1/4,/a/1/1/4!/member_00184,0,/a/1/1/4,243,184,,1022796,1022868,1020656,1020728,72,fdeaf1d97e5afe4292122bfdab98b6efda6cda5d71ad699ff37d1bc32cb5f1bd,524c434efffe00014800000010000100,,NCLR palette,Confirmed,True,False,,,,,,,,,,False,False
/a/1/1/4,/a/1/1/4!/member_00185,0,/a/1/1/4,243,185,,1022868,1022940,1020728,1020800,72,252b62b25f9064029f1aa440d3ac4a86f44cd59713d2c0755079b0103ff760ee,524c434efffe00014800000010000100,,NCLR palette,Confirmed,True,False,,,,,,,,,,False,False
/a/1/1/4,/a/1/1/4!/member_00186,0,/a/1/1/4,243,186,,1022940,1023012,1020800,1020872,72,c219979716d856ef3625c070bfefc49ff3da7d5d198931f56297987b5800583d,524c434efffe00014800000010000100,,NCLR palette,Confirmed,True,False,,,,,,,,,,False,False
/a/1/1/4,/a/1/1/4!/member_00187,0,/a/1/1/4,243,187,,1023012,1023084,1020872,1020944,72,f2ff706cba1ecaef9d66ed0f0f76d354fb50d0b7f0dca67cfc3457dfc163e403,524c434efffe00014800000010000100,,NCLR palette,Confirmed,True,False,,,,,,,,,,False,False
/a/1/1/4,/a/1/1/4!/member_00188,0,/a/1/1/4,243,188,,1023084,1023156,1020944,1021016,72,db2460fd35657b9bb0a747053fdd40164bab14206378f2ed45e1d1a36b9c12c2,524c434efffe00014800000010000100,,NCLR palette,Confirmed,True,False,,,,,,,,,,False,False
/a/1/1/4,/a/1/1/4!/member_00189,0,/a/1/1/4,243,189,,1023156,1023228,1021016,1021088,72,667119ce23414e671cb25cd5c3efca386707c31d57fb1ca83344a42aeafb3369,524c434efffe00014800000010000100,,NCLR palette,Confirmed,True,False,,,,,,,,,,False,False
/a/1/1/4,/a/1/1/4!/member_00190,0,/a/1/1/4,243,190,,1023228,1023300,1021088,1021160,72,ae0d8fb3d342790b672489f8d7cc5d0236570dcd2d61480cae2a22d8daacfdc7,524c434efffe00014800000010000100,,NCLR palette,Confirmed,True,False,,,,,,,,,,False,False
/a/1/1/4,/a/1/1/4!/member_00191,0,/a/1/1/4,243,191,,1023300,1023372,1021160,1021232,72,78053c28d51ca52cc8fea6fe85a9609868cb10cc1c82dcea3b732dd53ed24800,524c434efffe00014800000010000100,,NCLR palette,Confirmed,True,False,,,,,,,,,,False,False
/a/1/1/4,/a/1/1/4!/member_00192,0,/a/1/1/4,243,192,,1023372,1023444,1021232,1021304,72,5ef2385cdee5ede1a098ab68a24f6a6404de3d694e2c18642a4785c4e204fc89,524c434efffe00014800000010000100,,NCLR palette,Confirmed,True,False,,,,,,,,,,False,False
/a/1/1/4,/a/1/1/4!/member_00193,0,/a/1/1/4,243,193,,1023444,1023516,1021304,1021376,72,ecb7972773a5d87078bd89dc3bfd86f752fc01f8e3bf96bbd9eed6890ac3b295,524c434efffe00014800000010000100,,NCLR palette,Confirmed,True,False,,,,,,,,,,False,False
/a/1/1/4,/a/1/1/4!/member_00194,0,/a/1/1/4,243,194,,1023516,1023588,1021376,1021448,72,4b167b4f577e236d1773660fbf5496c58a54405f4bb36048b810618fd556870d,524c434efffe00014800000010000100,,NCLR palette,Confirmed,True,False,,,,,,,,,,False,False
/a/1/1/4,/a/1/1/4!/member_00195,0,/a/1/1/4,243,195,,1023588,1023660,1021448,1021520,72,b29f793e9293e75b522139ded1515c04b0dfd74b759ed6bf49ca27fb750ae071,524c434efffe00014800000010000100,,NCLR palette,Confirmed,True,False,,,,,,,,,,False,False
/a/1/1/4,/a/1/1/4!/member_00196,0,/a/1/1/4,243,196,,1023660,1023732,1021520,1021592,72,8b4dec76ac3519609129b2ffc86629c3fe760c837485b7d12997da1cbf846d3a,524c434efffe00014800000010000100,,NCLR palette,Confirmed,True,False,,,,,,,,,,False,False
/a/1/1/4,/a/1/1/4!/member_00197,0,/a/1/1/4,243,197,,1023732,1023804,1021592,1021664,72,0034b970028b2ea35fbb4e0af5b94d30084036f36f88a7d764edef1ca9e05a0b,524c434efffe00014800000010000100,,NCLR palette,Confirmed,True,False,,,,,,,,,,False,False
/a/1/1/4,/a/1/1/4!/member_00198,0,/a/1/1/4,243,198,,1023804,1023876,1021664,1021736,72,826fe8d038c8749e9d874f418baf69d3b381bc80e0f84cd108afbdcc732bf1bc,524c434efffe00014800000010000100,,NCLR palette,Confirmed,True,False,,,,,,,,,,False,False
/a/1/1/4,/a/1/1/4!/member_00199,0,/a/1/1/4,243,199,,1023876,1023948,1021736,1021808,72,b7b5a9797e07fba02a987891cee5f99ac59ec1599d9b3bec264fccb54b0aad42,524c434efffe00014800000010000100,,NCLR palette,Confirmed,True,False,,,,,,,,,,False,False
/a/1/1/4,/a/1/1/4!/member_00200,0,/a/1/1/4,243,200,,1023948,1024020,1021808,1021880,72,d88fda45ffbef4d7448f108717481e8c17bf26a304fa28d670b851591c446b98,524c434efffe00014800000010000100,,NCLR palette,Confirmed,True,False,,,,,,,,,,False,False
/a/1/1/4,/a/1/1/4!/member_00201,0,/a/1/1/4,243,201,,1024020,1024092,1021880,1021952,72,d94a8ae2c7f5220b8c77be70c1a8a3ac8164702c84c8bd2f00e61cc79a7cef2b,524c434efffe00014800000010000100,,NCLR palette,Confirmed,True,False,,,,,,,,,,False,False
/a/1/1/4,/a/1/1/4!/member_00202,0,/a/1/1/4,243,202,,1024092,1024164,1021952,1022024,72,9c08a0e66103f53b70fa53988a8f26d11bc41e6820e808b3694cfee7a85554e1,524c434efffe00014800000010000100,,NCLR palette,Confirmed,True,False,,,,,,,,,,False,False
/a/1/1/4,/a/1/1/4!/member_00203,0,/a/1/1/4,243,203,,1024164,1024236,1022024,1022096,72,5fd979d495806800efbfe46a7be777c0e73bbdcb302e87d07a99964e5c738f02,524c434efffe00014800000010000100,,NCLR palette,Confirmed,True,False,,,,,,,,,,False,False
/a/1/1/4,/a/1/1/4!/member_00204,0,/a/1/1/4,243,204,,1024236,1024308,1022096,1022168,72,3fce1a03763a8622d66c71a9c50fe8b6d472855bff1d4a998fcf4f3f835f0b34,524c434efffe00014800000010000100,,NCLR palette,Confirmed,True,False,,,,,,,,,,False,False
/a/1/1/4,/a/1/1/4!/member_00205,0,/a/1/1/4,243,205,,1024308,1024380,1022168,1022240,72,c933f3a8a42e078120ba6169b515f492515e1329bbae63357d7a6d34f4a37def,524c434efffe00014800000010000100,,NCLR palette,Confirmed,True,False,,,,,,,,,,False,False
/a/1/1/4,/a/1/1/4!/member_00206,0,/a/1/1/4,243,206,,1024380,1024452,1022240,1022312,72,353e70adfca887f10a37ea09dc89c21c05dbe2e7eb2179d34e7f4f2cea4520a5,524c434efffe00014800000010000100,,NCLR palette,Confirmed,True,False,,,,,,,,,,False,False
/a/1/1/4,/a/1/1/4!/member_00207,0,/a/1/1/4,243,207,,1024452,1024524,1022312,1022384,72,19031dd21f58859421e8e96f664914eeccac096aae39a546190a4755a3e6828b,524c434efffe00014800000010000100,,NCLR palette,Confirmed,True,False,,,,,,,,,,False,False
/a/1/1/4,/a/1/1/4!/member_00208,0,/a/1/1/4,243,208,,1024524,1024596,1022384,1022456,72,7219e3418a75fa18f336fb69e7fc3eee05ba323b979d3458858954029fa812e8,524c434efffe00014800000010000100,,NCLR palette,Confirmed,True,False,,,,,,,,,,False,False
/a/1/1/4,/a/1/1/4!/member_00209,0,/a/1/1/4,243,209,,1024596,1024668,1022456,1022528,72,a76b45f5df9b4640f977da824b3a4501b2aa3c7d5f8e08e042ff5b3702e3a703,524c434efffe00014800000010000100,,NCLR palette,Confirmed,True,False,,,,,,,,,,False,False
/a/1/1/4,/a/1/1/4!/member_00210,0,/a/1/1/4,243,210,,1024668,1024740,1022528,1022600,72,251fa2669df19f32a1465f59cbe6570710b3efb501844ce2a4bac2a532a0ac04,524c434efffe00014800000010000100,,NCLR palette,Confirmed,True,False,,,,,,,,,,False,False
/a/1/1/4,/a/1/1/4!/member_00211,0,/a/1/1/4,243,211,,1024740,1024812,1022600,1022672,72,e8f5b8f39750c938e780f73bf34dc91a7416c3103135cc435aecb24baff15ff7,524c434efffe00014800000010000100,,NCLR palette,Confirmed,True,False,,,,,,,,,,False,False
/a/1/1/4,/a/1/1/4!/member_00212,0,/a/1/1/4,243,212,,1024812,1024884,1022672,1022744,72,83ae0d8932d506ba06611135a2d33f778cf3cb4961977501ffe3d431fad8d86a,524c434efffe00014800000010000100,,NCLR palette,Confirmed,True,False,,,,,,,,,,False,False
/a/1/1/4,/a/1/1/4!/member_00213,0,/a/1/1/4,243,213,,1024884,1024956,1022744,1022816,72,988caa74de1a08210224f3bae79d6b6d7fa3a4a79a797a0ee23cbd6fa4ff54b9,524c434efffe00014800000010000100,,NCLR palette,Confirmed,True,False,,,,,,,,,,False,False
/a/1/1/4,/a/1/1/4!/member_00214,0,/a/1/1/4,243,214,,1024956,1025028,1022816,1022888,72,242a0325ede584dedd22cd5e9b437cc2c9fe33191a45ff592e5204b04aee7b81,524c434efffe00014800000010000100,,NCLR palette,Confirmed,True,False,,,,,,,,,,False,False
/a/1/1/4,/a/1/1/4!/member_00215,0,/a/1/1/4,243,215,,1025028,1025100,1022888,1022960,72,4b9cfd3cbf8fe832c3061e40b8b12749b93530e9e8c6f0c4b268f69fbb1ef77d,524c434efffe00014800000010000100,,NCLR palette,Confirmed,True,False,,,,,,,,,,False,False
/a/1/1/4,/a/1/1/4!/member_00216,0,/a/1/1/4,243,216,,1025100,1025172,1022960,1023032,72,47def7d91dd673e00ecef97ff5f9ed92e856e074186d8e9c022599cbbb3068e1,524c434efffe00014800000010000100,,NCLR palette,Confirmed,True,False,,,,,,,,,,False,False
/a/1/1/4,/a/1/1/4!/member_00217,0,/a/1/1/4,243,217,,1025172,1025244,1023032,1023104,72,929318657a383fe3c86ff8424a4d496c289874f6748e1f07cccb361783234859,524c434efffe00014800000010000100,,NCLR palette,Confirmed,True,False,,,,,,,,,,False,False
/a/1/1/4,/a/1/1/4!/member_00218,0,/a/1/1/4,243,218,,1025244,1025316,1023104,1023176,72,e404fb53c1b3e03e3d922766224746feeacf0b58793da77a3bfa26efe8c144ed,524c434efffe00014800000010000100,,NCLR palette,Confirmed,True,False,,,,,,,,,,False,False
/a/1/1/4,/a/1/1/4!/member_00219,0,/a/1/1/4,243,219,,1025316,1025388,1023176,1023248,72,14ea447e6ee58d04166e734f3f8580109ad94a0418d7c2543db404e694b9432d,524c434efffe00014800000010000100,,NCLR palette,Confirmed,True,False,,,,,,,,,,False,False
/a/1/1/4,/a/1/1/4!/member_00220,0,/a/1/1/4,243,220,,1025388,1025460,1023248,1023320,72,2f58634f1004a6f31c9b157029914bf25f9086ee45378f7302cdcc0ced3c80e4,524c434efffe00014800000010000100,,NCLR palette,Confirmed,True,False,,,,,,,,,,False,False
/a/1/1/4,/a/1/1/4!/member_00221,0,/a/1/1/4,243,221,,1025460,1025532,1023320,1023392,72,9716197f62b1320fd58ba2132aa5b69ae586575e1c63da20b2a3c20365b39481,524c434efffe00014800000010000100,,NCLR palette,Confirmed,True,False,,,,,,,,,,False,False
/a/1/1/4,/a/1/1/4!/member_00222,0,/a/1/1/4,243,222,,1025532,1025604,1023392,1023464,72,f5961e357724577a2b12434e3ffc2dd5658c35fd5f4122ef79bc7938eaef4068,524c434efffe00014800000010000100,,NCLR palette,Confirmed,True,False,,,,,,,,,,False,False
/a/1/1/4,/a/1/1/4!/member_00223,0,/a/1/1/4,243,223,,1025604,1025676,1023464,1023536,72,37b15fa0b79096be3df3ad6e781765efc7992f65b54177ed3f42a8549246946a,524c434efffe00014800000010000100,,NCLR palette,Confirmed,True,False,,,,,,,,,,False,False
/a/1/1/4,/a/1/1/4!/member_00224,0,/a/1/1/4,243,224,,1025676,1025748,1023536,1023608,72,d2da06d494bcbf896e07a81d8473e31cc9e8fba3d596b57ee390c4925494b479,524c434efffe00014800000010000100,,NCLR palette,Confirmed,True,False,,,,,,,,,,False,False
/a/1/1/4,/a/1/1/4!/member_00225,0,/a/1/1/4,243,225,,1025748,1025820,1023608,1023680,72,a6e8d6b3e2988013d11dabab9f587eb14ad5a697630949820f4a8dddb6797ba8,524c434efffe00014800000010000100,,NCLR palette,Confirmed,True,False,,,,,,,,,,False,False
/a/1/1/4,/a/1/1/4!/member_00226,0,/a/1/1/4,243,226,,1025820,1025892,1023680,1023752,72,abe007541fd5a13712de8866a1c8551de13f05e95bae70d8e0861b1d49c57f26,524c434efffe00014800000010000100,,NCLR palette,Confirmed,True,False,,,,,,,,,,False,False
/a/1/1/4,/a/1/1/4!/member_00227,0,/a/1/1/4,243,227,,1025892,1025964,1023752,1023824,72,1c45712e9880af4040d651fdcee09903e96a92dc45f3f18e03722880276a6b00,524c434efffe00014800000010000100,,NCLR palette,Confirmed,True,False,,,,,,,,,,False,False
/a/1/1/4,/a/1/1/4!/member_00228,0,/a/1/1/4,243,228,,1025964,1026036,1023824,1023896,72,6a98eac024566c9fa8ea1a643a7d46dcff16d41e914b26e92126d1e4290ad02f,524c434efffe00014800000010000100,,NCLR palette,Confirmed,True,False,,,,,,,,,,False,False
/a/1/1/4,/a/1/1/4!/member_00229,0,/a/1/1/4,243,229,,1026036,1026108,1023896,1023968,72,cc113517562ee01172ee2818f868cdbd4bcbadfdda084379298eed866b4e7fdc,524c434efffe00014800000010000100,,NCLR palette,Confirmed,True,False,,,,,,,,,,False,False
/a/1/1/4,/a/1/1/4!/member_00230,0,/a/1/1/4,243,230,,1026108,1026180,1023968,1024040,72,35212e1392d9216b4afee3f44a04c90c0abac88eb7cebad6617bb2780aae7c4a,524c434efffe00014800000010000100,,NCLR palette,Confirmed,True,False,,,,,,,,,,False,False
/a/1/1/4,/a/1/1/4!/member_00231,0,/a/1/1/4,243,231,,1026180,1026252,1024040,1024112,72,92121fcc34bc848b06dbe8c55e9094d59fcdff802ac967ef3626a5147199a04d,524c434efffe00014800000010000100,,NCLR palette,Confirmed,True,False,,,,,,,,,,False,False
/a/1/1/4,/a/1/1/4!/member_00232,0,/a/1/1/4,243,232,,1026252,1026324,1024112,1024184,72,f445e59e46f9fa99d2b75bc8935754d02f76f89b76ad6982b574b22a21091aea,524c434efffe00014800000010000100,,NCLR palette,Confirmed,True,False,,,,,,,,,,False,False
/a/1/1/4,/a/1/1/4!/member_00233,0,/a/1/1/4,243,233,,1026324,1026396,1024184,1024256,72,5f05ca29bea97cc635381d83befe56cc9e31074cae20907ed170932fd720a762,524c434efffe00014800000010000100,,NCLR palette,Confirmed,True,False,,,,,,,,,,False,False
/a/1/1/4,/a/1/1/4!/member_00234,0,/a/1/1/4,243,234,,1026396,1026468,1024256,1024328,72,e97d851657c4a31efc1f4182bc981a6c201a3415567f4fbef6fdb538003165fb,524c434efffe00014800000010000100,,NCLR palette,Confirmed,True,False,,,,,,,,,,False,False
/a/1/1/4,/a/1/1/4!/member_00235,0,/a/1/1/4,243,235,,1026468,1026540,1024328,1024400,72,6ded9bb91e27afce7d7aeee2f1e3c0ca1fdbf4b7d70511a5b0a897a1de9118b7,524c434efffe00014800000010000100,,NCLR palette,Confirmed,True,False,,,,,,,,,,False,False
/a/1/1/4,/a/1/1/4!/member_00236,0,/a/1/1/4,243,236,,1026540,1026612,1024400,1024472,72,09f0d0cabfa4b2dbea5d6deea2aaa08afcb3a019831f404b2e342375e018d565,524c434efffe00014800000010000100,,NCLR palette,Confirmed,True,False,,,,,,,,,,False,False
/a/1/1/4,/a/1/1/4!/member_00237,0,/a/1/1/4,243,237,,1026612,1026684,1024472,1024544,72,dbad656a1bd48861d23ecc209b9f8db97a1f8d83a62606b6b02670f36619df5e,524c434efffe00014800000010000100,,NCLR palette,Confirmed,True,False,,,,,,,,,,False,False
/a/1/1/4,/a/1/1/4!/member_00238,0,/a/1/1/4,243,238,,1026684,1026756,1024544,1024616,72,d5b546001083f4543a54703e3690c1f139d59780b21e73aa400eef20cde0b5ec,524c434efffe00014800000010000100,,NCLR palette,Confirmed,True,False,,,,,,,,,,False,False
/a/1/1/4,/a/1/1/4!/member_00239,0,/a/1/1/4,243,239,,1026756,1026828,1024616,1024688,72,fc8af12ee85239068257ede86af2e37e8f52392b6a7cf358ce6dfb53efc00def,524c434efffe00014800000010000100,,NCLR palette,Confirmed,True,False,,,,,,,,,,False,False
/a/1/1/4,/a/1/1/4!/member_00240,0,/a/1/1/4,243,240,,1026828,1026900,1024688,1024760,72,2bcc7940564bfe0a6738aaf83998a6c958b5e2919b412259d8236cf2beb6dbc8,524c434efffe00014800000010000100,,NCLR palette,Confirmed,True,False,,,,,,,,,,False,False
/a/1/1/4,/a/1/1/4!/member_00241,0,/a/1/1/4,243,241,,1026900,1026972,1024760,1024832,72,c415170a0c9e9f547858e66243f57ccaf92f68ad5e230bd49bc0e96091563812,524c434efffe00014800000010000100,,NCLR palette,Confirmed,True,False,,,,,,,,,,False,False
/a/1/1/4,/a/1/1/4!/member_00242,0,/a/1/1/4,243,242,,1026972,1027044,1024832,1024904,72,2fcf3c1570f3c89e211b4af92df9f4087d3353b9de3c199f11a8ca4070b85ad4,524c434efffe00014800000010000100,,NCLR palette,Confirmed,True,False,,,,,,,,,,False,False
/a/1/1/4,/a/1/1/4!/member_00243,0,/a/1/1/4,243,243,,1027044,1027116,1024904,1024976,72,bb10e2f6b6176288bc15133e479bc3da4e9a90bd858fd5546a341de3b8d17fed,524c434efffe00014800000010000100,,NCLR palette,Confirmed,True,False,,,,,,,,,,False,False
/a/1/1/4,/a/1/1/4!/member_00244,0,/a/1/1/4,243,244,,1027116,1027188,1024976,1025048,72,4aa9824c425d24fa95167fe008d1db1a2e4295f6955eb72ec216c319b1fabee7,524c434efffe00014800000010000100,,NCLR palette,Confirmed,True,False,,,,,,,,,,False,False
/a/1/1/4,/a/1/1/4!/member_00245,0,/a/1/1/4,243,245,,1027188,1027260,1025048,1025120,72,fd3d081886b1cd65ec13bdbfdc2824cd542e7e768be62281c64ebee657b2d927,524c434efffe00014800000010000100,,NCLR palette,Confirmed,True,False,,,,,,,,,,False,False
/a/1/1/4,/a/1/1/4!/member_00246,0,/a/1/1/4,243,246,,1027260,1027332,1025120,1025192,72,286d98d3571e546ad117bff701f9519d9a425b8e7cd443099e860c8db2fe1b58,524c434efffe00014800000010000100,,NCLR palette,Confirmed,True,False,,,,,,,,,,False,False
/a/1/1/4,/a/1/1/4!/member_00247,0,/a/1/1/4,243,247,,1027332,1027404,1025192,1025264,72,0994c2940f3bc263894eae4a0da6c43d981de573053ce568488124b161630316,524c434efffe00014800000010000100,,NCLR palette,Confirmed,True,False,,,,,,,,,,False,False
/a/1/1/4,/a/1/1/4!/member_00248,0,/a/1/1/4,243,248,,1027404,1027476,1025264,1025336,72,d2adfe44d673f9e74cdfed05e64024cb7e8e62e106eba5d9418205622cfaba97,524c434efffe00014800000010000100,,NCLR palette,Confirmed,True,False,,,,,,,,,,False,False
/a/1/1/4,/a/1/1/4!/member_00249,0,/a/1/1/4,243,249,,1027476,1027548,1025336,1025408,72,c3f286051029ffa80d0f80697c610ddaeca722d4efe2285225353ca14dee00fb,524c434efffe00014800000010000100,,NCLR palette,Confirmed,True,False,,,,,,,,,,False,False
/a/1/1/4,/a/1/1/4!/member_00250,0,/a/1/1/4,243,250,,1027548,1027620,1025408,1025480,72,fb962df34eb6728659b5ba56ed8c08fba2ff0c86d548b5b444e35fb50c16b9fd,524c434efffe00014800000010000100,,NCLR palette,Confirmed,True,False,,,,,,,,,,False,False
/a/1/1/4,/a/1/1/4!/member_00251,0,/a/1/1/4,243,251,,1027620,1027692,1025480,1025552,72,c3f286051029ffa80d0f80697c610ddaeca722d4efe2285225353ca14dee00fb,524c434efffe00014800000010000100,,NCLR palette,Confirmed,True,False,,,,,,,,,,False,False
/a/1/1/4,/a/1/1/4!/member_00252,0,/a/1/1/4,243,252,,1027692,1027764,1025552,1025624,72,dc289ac08c46b05fd06d865327cd375feaa4bc1caf357136c0b8b2f7ccb2b737,524c434efffe00014800000010000100,,NCLR palette,Confirmed,True,False,,,,,,,,,,False,False
/a/1/1/4,/a/1/1/4!/member_00253,0,/a/1/1/4,243,253,,1027764,1027836,1025624,1025696,72,6cd9b45cd31c3ecc709c53c0a08f62e140b3ad74e648337373806afaaf9d1448,524c434efffe00014800000010000100,,NCLR palette,Confirmed,True,False,,,,,,,,,,False,False
/a/1/1/4,/a/1/1/4!/member_00254,0,/a/1/1/4,243,254,,1027836,1027908,1025696,1025768,72,dc289ac08c46b05fd06d865327cd375feaa4bc1caf357136c0b8b2f7ccb2b737,524c434efffe00014800000010000100,,NCLR palette,Confirmed,True,False,,,,,,,,,,False,False
/a/1/1/4,/a/1/1/4!/member_00255,0,/a/1/1/4,243,255,,1027908,1027980,1025768,1025840,72,6cd9b45cd31c3ecc709c53c0a08f62e140b3ad74e648337373806afaaf9d1448,524c434efffe00014800000010000100,,NCLR palette,Confirmed,True,False,,,,,,,,,,False,False
/a/1/1/4,/a/1/1/4!/member_00256,0,/a/1/1/4,243,256,,1027980,1034428,1025840,1032288,6448,1ef2538f16ad37a370d49de4ba36872413d2f2f503fda7791de9c08a4f642d80,5247434efffe00013019000010000100,,NCGR graphics,Confirmed,True,False,,,,,,,,,,False,False
/a/1/1/4,/a/1/1/4!/member_00257,0,/a/1/1/4,243,257,,1034428,1040876,1032288,1038736,6448,8f1e9eb227dcf65c6ae30ea614235c20ee4f65a4eaed6e4cb2f9ea2cbb9ebd84,5247434efffe00013019000010000100,,NCGR graphics,Confirmed,True,False,,,,,,,,,,False,False
/a/1/1/4,/a/1/1/4!/member_00258,0,/a/1/1/4,243,258,,1040876,1040948,1038736,1038808,72,724b9e4674be1c0581293cf9e3fd96295fe2d5c471622437c5bf5118133376ca,524c434efffe00014800000010000100,,NCLR palette,Confirmed,True,False,,,,,,,,,,False,False
/a/1/1/4,/a/1/1/4!/member_00259,0,/a/1/1/4,243,259,,1040948,1047396,1038808,1045256,6448,bdc126847d4d37927de08e6edc86d1935e84f8a4530b4b03b14be9a29238a02a,5247434efffe00013019000010000100,,NCGR graphics,Confirmed,True,False,,,,,,,,,,False,False
/a/1/1/4,/a/1/1/4!/member_00260,0,/a/1/1/4,243,260,,1047396,1047468,1045256,1045328,72,ff26cb67e8a8bbc9407039ab5f7673d473fef1a3d0f359903541c7eff00b49a1,524c434efffe00014800000010000100,,NCLR palette,Confirmed,True,False,,,,,,,,,,False,False
/a/1/1/5,/a/1/1/5!/member_00000,0,/a/1/1/5,244,0,,140,6660,0,6520,6520,c7ca59f23774529d31361199762accac69853f32288598f18fb1bab09b131805,10308000005247434efffe0001003080,,Nintendo LZ10,Probable,,True,Nintendo LZ10,Confirmed,True,32816,True,32816,3da591560a2dac1b3b1cbf2131deac7ec6258ee7c4c0d75c3c77b86e69ec114b,NCGR graphics,Confirmed,False,False
/a/1/1/5,/a/1/1/5!/member_00001,0,/a/1/1/5,244,1,,6660,8036,6520,7896,1376,4b0705ea675c9e8def362fcce4820513e25ff2c4fd40c1c136884b6e9f31fd33,10240800005243534efffe0001002408,,Nintendo LZ10,Probable,,True,Nintendo LZ10,Confirmed,True,2084,True,2084,e3bc81d134f8bb1e65263e17b5bde1c1562ccfa3ea100345f7574ecd2ff5fb64,NSCR screen map,Confirmed,False,False
/a/1/1/5,/a/1/1/5!/member_00002,0,/a/1/1/5,244,2,,8036,8152,7896,8012,116,3bec8641a186a283642eabe1fab30acd3ce8dc1bde5a07a0693242a1c931d530,109f000000524e414efffe0001009f00,,Nintendo LZ10,Probable,,True,Nintendo LZ10,Confirmed,True,159,True,159,95696e9be559b1140c0d89b25eb72825ee937793db993f6809c9c454863dc444,NANR animation,Confirmed,False,False
/a/1/1/5,/a/1/1/5!/member_00003,0,/a/1/1/5,244,3,,8152,8284,8012,8144,132,e894bafe2ba61a08a50415c49b71dfa0ebf45a924383a60792486561913738ed,10d70000005245434efffe000100d700,,Nintendo LZ10,Probable,,True,Nintendo LZ10,Confirmed,True,215,True,215,dc3197696eac1a8bf639f962ebaea3ab6bb69152d169a3ec0d276291d6692d67,NCER cell,Confirmed,False,False
/a/1/1/5,/a/1/1/5!/member_00004,0,/a/1/1/5,244,4,,8284,9216,8144,9076,932,a01dffff1ad7d0cf05ac98978f8ed6e84df309fe1f2cd6f91f78d517463f63ad,10300c00005247434efffe000100300c,,Nintendo LZ10,Probable,,True,Nintendo LZ10,Confirmed,True,3120,True,3120,67ecf7ba33a70cef7f8563bad1626493adb3e8781455fed03967697000408b33,NCGR graphics,Confirmed,False,False
/a/1/1/5,/a/1/1/5!/member_00005,0,/a/1/1/5,244,5,,9216,9308,9076,9168,92,56cebe0323cfe1115a7c3041be0f8cf0bd9fe9ae15fa7999766cda2df6367f33,106f000000524e414efffe0001006f00,,Nintendo LZ10,Probable,,True,Nintendo LZ10,Confirmed,True,111,True,111,30249884bd91f10bc9d4e13e7b1495f09991b6f488405a0cdbb61cfb402d10ca,NANR animation,Confirmed,False,False
/a/1/1/5,/a/1/1/5!/member_00006,0,/a/1/1/5,244,6,,9308,9456,9168,9316,148,5d11aff8b31efe295bee3f7a26b82082006b4275bcdc2777ed06ec8b2b5af525,10ab0000005245434efffe000100ab00,,Nintendo LZ10,Probable,,True,Nintendo LZ10,Confirmed,True,171,True,171,1d461edefc0348eb1002203c323bfc1eeba5cf0782b2b981184f1799ad8bddc3,NCER cell,Confirmed,False,False
/a/1/1/5,/a/1/1/5!/member_00007,0,/a/1/1/5,244,7,,9456,10236,9316,10096,780,5a868b9d3087c7fc2a26957c63e53c86c4f80a276fc2161237e887b6bfc06163,10301800005247434efffe0001003018,,Nintendo LZ10,Probable,,True,Nintendo LZ10,Confirmed,True,6192,True,6192,733fe03fb264bd04d23671067fe8944983e4cdaa776f002b9fd230cb062c020a,NCGR graphics,Confirmed,False,False
/a/1/1/5,/a/1/1/5!/member_00008,0,/a/1/1/5,244,8,,10236,10360,10096,10220,124,4731cd3e3732164b342f8623daa154d58ae4acac5b7a316d1a9171e68ea95a78,524c434efffe00017c00000010000200,,NCLR palette,Confirmed,True,False,,,,,,,,,,False,False
/a/1/1/5,/a/1/1/5!/member_00009,0,/a/1/1/5,244,9,,10360,10450,10220,10310,90,4e7624c0fed29a5d93da08e185b83efdaf74d2253b534058cd5872b4f6c30b66,524c434efffe00015a00000010000200,,NCLR palette,Confirmed,True,False,,,,,,,,,,False,False
/a/1/1/5,/a/1/1/5!/member_00010,0,/a/1/1/5,244,10,,10452,11004,10312,10864,552,94aa4bac188ac4a927a2b7ad7fb00ee0a598df29418bc7e040d9f3eda517dc79,524c434efffe00012802000010000100,,NCLR palette,Confirmed,True,False,,,,,,,,,,False,False
/a/1/1/6,/a/1/1/6!/member_00000,0,/a/1/1/6,245,0,,68,5392,0,5324,5324,44561adb8ea08f1f5f9de8c54f642a25746b821e882fee3994593b5a72dc8f71,2041505331325f310400030000000000,,Nintendo Huffman,Probable,,True,Nintendo Huffman,Probable,False,5460033,,,,,,False,False
/a/1/1/6,/a/1/1/6!/member_00001,0,/a/1/1/6,245,1,,5392,9708,5324,9640,4316,f6d7f0e3a88c1efbd795aa70d9b36a9c872a27f5aea25ff20e719abfb3bb6042,2041505331325f310400050000000000,,Nintendo Huffman,Probable,,True,Nintendo Huffman,Probable,False,5460033,,,,,,False,False
/a/1/1/7,/a/1/1/7!/member_00000,0,/a/1/1/7,246,0,,1332,1333,0,1,1,beead77994cf573341ec17b58bbf7eb34d2711c993c1d976b128b3188dc1829a,08,,,,,False,,,,,,,,,,False,False
/a/1/1/7,/a/1/1/7!/member_00001,0,/a/1/1/7,246,1,,1336,1337,4,5,1,e52d9c508c502347344d8c07ad91cbd6068afc75ff6292f062a09ca381c89e71,04,,,,,False,,,,,,,,,,False,False
/a/1/1/7,/a/1/1/7!/member_00002,0,/a/1/1/7,246,2,,1340,1341,8,9,1,4bf5122f344554c53bde2ebb8cd2b7e3d1600ad631c385a5d7cce23c7785459a,01,,,,,False,,,,,,,,,,False,False
/a/1/1/7,/a/1/1/7!/member_00003,0,/a/1/1/7,246,3,,1344,1345,12,13,1,e52d9c508c502347344d8c07ad91cbd6068afc75ff6292f062a09ca381c89e71,04,,,,,False,,,,,,,,,,False,False
/a/1/1/7,/a/1/1/7!/member_00004,0,/a/1/1/7,246,4,,1348,1349,16,17,1,01ba4719c80b6fe911b091a7c05124b64eeece964e09c058ef8f9805daca546b,0a,,,,,False,,,,,,,,,,False,False
/a/1/1/7,/a/1/1/7!/member_00005,0,/a/1/1/7,246,5,,1352,1353,20,21,1,e52d9c508c502347344d8c07ad91cbd6068afc75ff6292f062a09ca381c89e71,04,,,,,False,,,,,,,,,,False,False
/a/1/1/7,/a/1/1/7!/member_00006,0,/a/1/1/7,246,6,,1356,1357,24,25,1,6e340b9cffb37a989ca544e6bb780a2c78901d3fb33738768511a30617afa01d,00,,,,,False,,,,,,,,,,False,False
/a/1/1/7,/a/1/1/7!/member_00007,0,/a/1/1/7,246,7,,1360,1361,28,29,1,084fed08b978af4d7d196a7446a86b58009e636b611db16211b65a9aadff29c5,03,,,,,False,,,,,,,,,,False,False
/a/1/1/7,/a/1/1/7!/member_00008,0,/a/1/1/7,246,8,,1364,1365,32,33,1,c555eab45d08845ae9f10d452a99bfcb06f74a50b988fe7e48dd323789b88ee3,10,,Nintendo LZ10,Probable,,True,Nintendo LZ10,Probable,True,,,,,,,False,False
/a/1/1/7,/a/1/1/7!/member_00009,0,/a/1/1/7,246,9,,1368,1369,36,37,1,8f11b05da785e43e713d03774c6bd3405d99cd3024af334ffd68db663aa37034,17,,,,,False,,,,,,,,,,False,False
/a/1/1/7,/a/1/1/7!/member_00010,0,/a/1/1/7,246,10,,1372,1373,40,41,1,4a64a107f0cb32536e5bce6c98c393db21cca7f4ea187ba8c4dca8b51d4ea80a,11,,Nintendo LZ11,Probable,,True,Nintendo LZ11,Probable,True,,,,,,,False,False
/a/1/1/7,/a/1/1/7!/member_00011,0,/a/1/1/7,246,11,,1376,1377,44,45,1,452ba1ddef80246c48be7690193c76c1d61185906be9401014fe14f1be64b74f,18,,,,,False,,,,,,,,,,False,False
/a/1/1/7,/a/1/1/7!/member_00012,0,/a/1/1/7,246,12,,1380,1381,48,49,1,4d7b3ef7300acf70c892d8327db8272f54434adbc61a4e130a563cb59a0d0f47,0e,,,,,False,,,,,,,,,,False,False
/a/1/1/7,/a/1/1/7!/member_00013,0,/a/1/1/7,246,13,,1384,1385,52,53,1,452ba1ddef80246c48be7690193c76c1d61185906be9401014fe14f1be64b74f,18,,,,,False,,,,,,,,,,False,False
/a/1/1/7,/a/1/1/7!/member_00014,0,/a/1/1/7,246,14,,1388,1389,56,57,1,c555eab45d08845ae9f10d452a99bfcb06f74a50b988fe7e48dd323789b88ee3,10,,Nintendo LZ10,Probable,,True,Nintendo LZ10,Probable,True,,,,,,,False,False
/a/1/1/7,/a/1/1/7!/member_00015,0,/a/1/1/7,246,15,,1392,1393,60,61,1,452ba1ddef80246c48be7690193c76c1d61185906be9401014fe14f1be64b74f,18,,,,,False,,,,,,,,,,False,False
/a/1/1/7,/a/1/1/7!/member_00016,0,/a/1/1/7,246,16,,1396,1397,64,65,1,f299791cddd3d6664f6670842812ef6053eb6501bd6282a476bbbf3ee91e750c,12,,,,,False,,,,,,,,,,False,False
/a/1/1/7,/a/1/1/7!/member_00017,0,/a/1/1/7,246,17,,1400,1401,68,69,1,68aa2e2ee5dff96e3355e6c7ee373e3d6a4e17f75f9518d843709c0c9bc3e3d4,19,,,,,False,,,,,,,,,,False,False
/a/1/1/7,/a/1/1/7!/member_00018,0,/a/1/1/7,246,18,,1404,1405,72,73,1,f299791cddd3d6664f6670842812ef6053eb6501bd6282a476bbbf3ee91e750c,12,,,,,False,,,,,,,,,,False,False
/a/1/1/7,/a/1/1/7!/member_00019,0,/a/1/1/7,246,19,,1408,1409,76,77,1,68aa2e2ee5dff96e3355e6c7ee373e3d6a4e17f75f9518d843709c0c9bc3e3d4,19,,,,,False,,,,,,,,,,False,False
/a/1/1/7,/a/1/1/7!/member_00020,0,/a/1/1/7,246,20,,1412,1413,80,81,1,9d1e0e2d9459d06523ad13e28a4093c2316baafe7aec5b25f30eba2e113599c4,0d,,,,,False,,,,,,,,,,False,False
/a/1/1/7,/a/1/1/7!/member_00021,0,/a/1/1/7,246,21,,1416,1417,84,85,1,7cb7c4547cf2653590d7a9ace60cc623d25148adfbc88a89aeb0ef88da7839ba,16,,,,,False,,,,,,,,,,False,False
/a/1/1/7,/a/1/1/7!/member_00022,0,/a/1/1/7,246,22,,1420,1421,88,89,1,c555eab45d08845ae9f10d452a99bfcb06f74a50b988fe7e48dd323789b88ee3,10,,Nintendo LZ10,Probable,,True,Nintendo LZ10,Probable,True,,,,,,,False,False
/a/1/1/7,/a/1/1/7!/member_00023,0,/a/1/1/7,246,23,,1424,1425,92,93,1,452ba1ddef80246c48be7690193c76c1d61185906be9401014fe14f1be64b74f,18,,,,,False,,,,,,,,,,False,False
/a/1/1/7,/a/1/1/7!/member_00024,0,/a/1/1/7,246,24,,1428,1429,96,97,1,dc0e9c3658a1a3ed1ec94274d8b19925c93e1abb7ddba294923ad9bde30f8cb8,0f,,,,,False,,,,,,,,,,False,False
/a/1/1/7,/a/1/1/7!/member_00025,0,/a/1/1/7,246,25,,1432,1433,100,101,1,452ba1ddef80246c48be7690193c76c1d61185906be9401014fe14f1be64b74f,18,,,,,False,,,,,,,,,,False,False
/a/1/1/7,/a/1/1/7!/member_00026,0,/a/1/1/7,246,26,,1436,1437,104,105,1,4a64a107f0cb32536e5bce6c98c393db21cca7f4ea187ba8c4dca8b51d4ea80a,11,,Nintendo LZ11,Probable,,True,Nintendo LZ11,Probable,True,,,,,,,False,False
/a/1/1/7,/a/1/1/7!/member_00027,0,/a/1/1/7,246,27,,1440,1441,108,109,1,68aa2e2ee5dff96e3355e6c7ee373e3d6a4e17f75f9518d843709c0c9bc3e3d4,19,,,,,False,,,,,,,,,,False,False
/a/1/1/7,/a/1/1/7!/member_00028,0,/a/1/1/7,246,28,,1444,1445,112,113,1,dc0e9c3658a1a3ed1ec94274d8b19925c93e1abb7ddba294923ad9bde30f8cb8,0f,,,,,False,,,,,,,,,,False,False
/a/1/1/7,/a/1/1/7!/member_00029,0,/a/1/1/7,246,29,,1448,1449,116,117,1,68aa2e2ee5dff96e3355e6c7ee373e3d6a4e17f75f9518d843709c0c9bc3e3d4,19,,,,,False,,,,,,,,,,False,False
/a/1/1/7,/a/1/1/7!/member_00030,0,/a/1/1/7,246,30,,1452,1453,120,121,1,f299791cddd3d6664f6670842812ef6053eb6501bd6282a476bbbf3ee91e750c,12,,,,,False,,,,,,,,,,False,False
/a/1/1/7,/a/1/1/7!/member_00031,0,/a/1/1/7,246,31,,1456,1457,124,125,1,77adfc95029e73b173f60e556f915b0cd8850848111358b1c370fb7c154e61fd,1b,,,,,False,,,,,,,,,,False,False
/a/1/1/7,/a/1/1/7!/member_00032,0,/a/1/1/7,246,32,,1460,1461,128,129,1,2f0fd1e89b8de1d57292742ec380ea47066e307ad645f5bc3adad8a06ff58608,15,,,,,False,,,,,,,,,,False,False
/a/1/1/7,/a/1/1/7!/member_00033,0,/a/1/1/7,246,33,,1464,1465,132,133,1,77adfc95029e73b173f60e556f915b0cd8850848111358b1c370fb7c154e61fd,1b,,,,,False,,,,,,,,,,False,False
/a/1/1/7,/a/1/1/7!/member_00034,0,/a/1/1/7,246,34,,1468,1469,136,137,1,2f0fd1e89b8de1d57292742ec380ea47066e307ad645f5bc3adad8a06ff58608,15,,,,,False,,,,,,,,,,False,False
/a/1/1/7,/a/1/1/7!/member_00035,0,/a/1/1/7,246,35,,1472,1473,140,141,1,bd4fc42a21f1f860a1030e6eba23d53ecab71bd19297ab6c074381d4ecee0018,1c,,,,,False,,,,,,,,,,False,False
/a/1/1/7,/a/1/1/7!/member_00036,0,/a/1/1/7,246,36,,1476,1477,144,145,1,c555eab45d08845ae9f10d452a99bfcb06f74a50b988fe7e48dd323789b88ee3,10,,Nintendo LZ10,Probable,,True,Nintendo LZ10,Probable,True,,,,,,,False,False
/a/1/1/7,/a/1/1/7!/member_00037,0,/a/1/1/7,246,37,,1480,1481,148,149,1,452ba1ddef80246c48be7690193c76c1d61185906be9401014fe14f1be64b74f,18,,,,,False,,,,,,,,,,False,False
/a/1/1/7,/a/1/1/7!/member_00038,0,/a/1/1/7,246,38,,1484,1485,152,153,1,f299791cddd3d6664f6670842812ef6053eb6501bd6282a476bbbf3ee91e750c,12,,,,,False,,,,,,,,,,False,False
/a/1/1/7,/a/1/1/7!/member_00039,0,/a/1/1/7,246,39,,1488,1489,156,157,1,77adfc95029e73b173f60e556f915b0cd8850848111358b1c370fb7c154e61fd,1b,,,,,False,,,,,,,,,,False,False
/a/1/1/7,/a/1/1/7!/member_00040,0,/a/1/1/7,246,40,,1492,1493,160,161,1,8f11b05da785e43e713d03774c6bd3405d99cd3024af334ffd68db663aa37034,17,,,,,False,,,,,,,,,,False,False
/a/1/1/7,/a/1/1/7!/member_00041,0,/a/1/1/7,246,41,,1496,1497,164,165,1,1f18d650d205d71d934c3646ff5fac1c096ba52eba4cf758b865364f4167d3cd,1d,,,,,False,,,,,,,,,,False,False
/a/1/1/7,/a/1/1/7!/member_00042,0,/a/1/1/7,246,42,,1500,1501,168,169,1,83891d7fe85c33e52c8b4e5814c92fb6a3b9467299200538a6babaa8b452d879,14,,,,,False,,,,,,,,,,False,False
/a/1/1/7,/a/1/1/7!/member_00043,0,/a/1/1/7,246,43,,1504,1505,172,173,1,77adfc95029e73b173f60e556f915b0cd8850848111358b1c370fb7c154e61fd,1b,,,,,False,,,,,,,,,,False,False
/a/1/1/7,/a/1/1/7!/member_00044,0,/a/1/1/7,246,44,,1508,1509,176,177,1,ef6cbd2161eaea7943ce8693b9824d23d1793ffb1c0fca05b600d3899b44c977,0c,,,,,False,,,,,,,,,,False,False
/a/1/1/7,/a/1/1/7!/member_00045,0,/a/1/1/7,246,45,,1512,1513,180,181,1,83891d7fe85c33e52c8b4e5814c92fb6a3b9467299200538a6babaa8b452d879,14,,,,,False,,,,,,,,,,False,False
/a/1/1/7,/a/1/1/7!/member_00046,0,/a/1/1/7,246,46,,1516,1517,184,185,1,2f0fd1e89b8de1d57292742ec380ea47066e307ad645f5bc3adad8a06ff58608,15,,,,,False,,,,,,,,,,False,False
/a/1/1/7,/a/1/1/7!/member_00047,0,/a/1/1/7,246,47,,1520,1521,188,189,1,58f7b0780592032e4d8602a3e8690fb2c701b2e1dd546e703445aabd6469734d,1a,,,,,False,,,,,,,,,,False,False
/a/1/1/7,/a/1/1/7!/member_00048,0,/a/1/1/7,246,48,,1524,1525,192,193,1,2f0fd1e89b8de1d57292742ec380ea47066e307ad645f5bc3adad8a06ff58608,15,,,,,False,,,,,,,,,,False,False
/a/1/1/7,/a/1/1/7!/member_00049,0,/a/1/1/7,246,49,,1528,1529,196,197,1,58f7b0780592032e4d8602a3e8690fb2c701b2e1dd546e703445aabd6469734d,1a,,,,,False,,,,,,,,,,False,False
/a/1/1/7,/a/1/1/7!/member_00050,0,/a/1/1/7,246,50,,1532,1533,200,201,1,ab897fbdedfa502b2d839b6a56100887dccdc507555c282e59589e06300a62e2,13,,,,,False,,,,,,,,,,False,False
/a/1/1/7,/a/1/1/7!/member_00051,0,/a/1/1/7,246,51,,1536,1537,204,205,1,58f7b0780592032e4d8602a3e8690fb2c701b2e1dd546e703445aabd6469734d,1a,,,,,False,,,,,,,,,,False,False
/a/1/1/7,/a/1/1/7!/member_00052,0,/a/1/1/7,246,52,,1540,1541,208,209,1,2f0fd1e89b8de1d57292742ec380ea47066e307ad645f5bc3adad8a06ff58608,15,,,,,False,,,,,,,,,,False,False
/a/1/1/7,/a/1/1/7!/member_00053,0,/a/1/1/7,246,53,,1544,1545,212,213,1,77adfc95029e73b173f60e556f915b0cd8850848111358b1c370fb7c154e61fd,1b,,,,,False,,,,,,,,,,False,False
/a/1/1/7,/a/1/1/7!/member_00054,0,/a/1/1/7,246,54,,1548,1549,216,217,1,8f11b05da785e43e713d03774c6bd3405d99cd3024af334ffd68db663aa37034,17,,,,,False,,,,,,,,,,False,False
/a/1/1/7,/a/1/1/7!/member_00055,0,/a/1/1/7,246,55,,1552,1553,220,221,1,1f18d650d205d71d934c3646ff5fac1c096ba52eba4cf758b865364f4167d3cd,1d,,,,,False,,,,,,,,,,False,False
/a/1/1/7,/a/1/1/7!/member_00056,0,/a/1/1/7,246,56,,1556,1557,224,225,1,f299791cddd3d6664f6670842812ef6053eb6501bd6282a476bbbf3ee91e750c,12,,,,,False,,,,,,,,,,False,False
/a/1/1/7,/a/1/1/7!/member_00057,0,/a/1/1/7,246,57,,1560,1561,228,229,1,68aa2e2ee5dff96e3355e6c7ee373e3d6a4e17f75f9518d843709c0c9bc3e3d4,19,,,,,False,,,,,,,,,,False,False
/a/1/1/7,/a/1/1/7!/member_00058,0,/a/1/1/7,246,58,,1564,1565,232,233,1,f299791cddd3d6664f6670842812ef6053eb6501bd6282a476bbbf3ee91e750c,12,,,,,False,,,,,,,,,,False,False
/a/1/1/7,/a/1/1/7!/member_00059,0,/a/1/1/7,246,59,,1568,1569,236,237,1,452ba1ddef80246c48be7690193c76c1d61185906be9401014fe14f1be64b74f,18,,,,,False,,,,,,,,,,False,False
/a/1/1/7,/a/1/1/7!/member_00060,0,/a/1/1/7,246,60,,1572,1573,240,241,1,4d7b3ef7300acf70c892d8327db8272f54434adbc61a4e130a563cb59a0d0f47,0e,,,,,False,,,,,,,,,,False,False
/a/1/1/7,/a/1/1/7!/member_00061,0,/a/1/1/7,246,61,,1576,1577,244,245,1,8f11b05da785e43e713d03774c6bd3405d99cd3024af334ffd68db663aa37034,17,,,,,False,,,,,,,,,,False,False
/a/1/1/7,/a/1/1/7!/member_00062,0,/a/1/1/7,246,62,,1580,1581,248,249,1,4d7b3ef7300acf70c892d8327db8272f54434adbc61a4e130a563cb59a0d0f47,0e,,,,,False,,,,,,,,,,False,False
/a/1/1/7,/a/1/1/7!/member_00063,0,/a/1/1/7,246,63,,1584,1585,252,253,1,2f0fd1e89b8de1d57292742ec380ea47066e307ad645f5bc3adad8a06ff58608,15,,,,,False,,,,,,,,,,False,False
/a/1/1/7,/a/1/1/7!/member_00064,0,/a/1/1/7,246,64,,1588,1589,256,257,1,beead77994cf573341ec17b58bbf7eb34d2711c993c1d976b128b3188dc1829a,08,,,,,False,,,,,,,,,,False,False
/a/1/1/7,/a/1/1/7!/member_00065,0,/a/1/1/7,246,65,,1592,1593,260,261,1,ca358758f6d27e6cf45272937977a748fd88391db679ceda7dc7bf1f005ee879,07,,,,,False,,,,,,,,,,False,False
/a/1/1/7,/a/1/1/7!/member_00066,0,/a/1/1/7,246,66,,1596,1597,264,265,1,beead77994cf573341ec17b58bbf7eb34d2711c993c1d976b128b3188dc1829a,08,,,,,False,,,,,,,,,,False,False
/a/1/1/7,/a/1/1/7!/member_00067,0,/a/1/1/7,246,67,,1600,1601,268,269,1,ef6cbd2161eaea7943ce8693b9824d23d1793ffb1c0fca05b600d3899b44c977,0c,,,,,False,,,,,,,,,,False,False
/a/1/1/7,/a/1/1/7!/member_00068,0,/a/1/1/7,246,68,,1604,1605,272,273,1,68aa2e2ee5dff96e3355e6c7ee373e3d6a4e17f75f9518d843709c0c9bc3e3d4,19,,,,,False,,,,,,,,,,False,False
/a/1/1/7,/a/1/1/7!/member_00069,0,/a/1/1/7,246,69,,1608,1609,276,277,1,4a64a107f0cb32536e5bce6c98c393db21cca7f4ea187ba8c4dca8b51d4ea80a,11,,Nintendo LZ11,Probable,,True,Nintendo LZ11,Probable,True,,,,,,,False,False
/a/1/1/7,/a/1/1/7!/member_00070,0,/a/1/1/7,246,70,,1612,1613,280,281,1,4a64a107f0cb32536e5bce6c98c393db21cca7f4ea187ba8c4dca8b51d4ea80a,11,,Nintendo LZ11,Probable,,True,Nintendo LZ11,Probable,True,,,,,,,False,False
/a/1/1/7,/a/1/1/7!/member_00071,0,/a/1/1/7,246,71,,1616,1617,284,285,1,c555eab45d08845ae9f10d452a99bfcb06f74a50b988fe7e48dd323789b88ee3,10,,Nintendo LZ10,Probable,,True,Nintendo LZ10,Probable,True,,,,,,,False,False
/a/1/1/7,/a/1/1/7!/member_00072,0,/a/1/1/7,246,72,,1620,1621,288,289,1,67586e98fad27da0b9968bc039a1ef34c939b9b8e523a8bef89d478608c5ecf6,06,,,,,False,,,,,,,,,,False,False
/a/1/1/7,/a/1/1/7!/member_00073,0,/a/1/1/7,246,73,,1624,1625,292,293,1,f299791cddd3d6664f6670842812ef6053eb6501bd6282a476bbbf3ee91e750c,12,,,,,False,,,,,,,,,,False,False
/a/1/1/7,/a/1/1/7!/member_00074,0,/a/1/1/7,246,74,,1628,1629,296,297,1,67586e98fad27da0b9968bc039a1ef34c939b9b8e523a8bef89d478608c5ecf6,06,,,,,False,,,,,,,,,,False,False
/a/1/1/7,/a/1/1/7!/member_00075,0,/a/1/1/7,246,75,,1632,1633,300,301,1,f299791cddd3d6664f6670842812ef6053eb6501bd6282a476bbbf3ee91e750c,12,,,,,False,,,,,,,,,,False,False
/a/1/1/7,/a/1/1/7!/member_00076,0,/a/1/1/7,246,76,,1636,1637,304,305,1,dbc1b4c900ffe48d575b5da5c638040125f65db0fe3e24494b76ea986457d986,02,,,,,False,,,,,,,,,,False,False
/a/1/1/7,/a/1/1/7!/member_00077,0,/a/1/1/7,246,77,,1640,1641,308,309,1,4d7b3ef7300acf70c892d8327db8272f54434adbc61a4e130a563cb59a0d0f47,0e,,,,,False,,,,,,,,,,False,False
/a/1/1/7,/a/1/1/7!/member_00078,0,/a/1/1/7,246,78,,1644,1645,312,313,1,084fed08b978af4d7d196a7446a86b58009e636b611db16211b65a9aadff29c5,03,,,,,False,,,,,,,,,,False,False
/a/1/1/7,/a/1/1/7!/member_00079,0,/a/1/1/7,246,79,,1648,1649,316,317,1,dc0e9c3658a1a3ed1ec94274d8b19925c93e1abb7ddba294923ad9bde30f8cb8,0f,,,,,False,,,,,,,,,,False,False
/a/1/1/7,/a/1/1/7!/member_00080,0,/a/1/1/7,246,80,,1652,1653,320,321,1,084fed08b978af4d7d196a7446a86b58009e636b611db16211b65a9aadff29c5,03,,,,,False,,,,,,,,,,False,False
/a/1/1/7,/a/1/1/7!/member_00081,0,/a/1/1/7,246,81,,1656,1657,324,325,1,dc0e9c3658a1a3ed1ec94274d8b19925c93e1abb7ddba294923ad9bde30f8cb8,0f,,,,,False,,,,,,,,,,False,False
/a/1/1/7,/a/1/1/7!/member_00082,0,/a/1/1/7,246,82,,1660,1661,328,329,1,084fed08b978af4d7d196a7446a86b58009e636b611db16211b65a9aadff29c5,03,,,,,False,,,,,,,,,,False,False
/a/1/1/7,/a/1/1/7!/member_00083,0,/a/1/1/7,246,83,,1664,1665,332,333,1,dc0e9c3658a1a3ed1ec94274d8b19925c93e1abb7ddba294923ad9bde30f8cb8,0f,,,,,False,,,,,,,,,,False,False
/a/1/1/7,/a/1/1/7!/member_00084,0,/a/1/1/7,246,84,,1668,1669,336,337,1,beead77994cf573341ec17b58bbf7eb34d2711c993c1d976b128b3188dc1829a,08,,,,,False,,,,,,,,,,False,False
/a/1/1/7,/a/1/1/7!/member_00085,0,/a/1/1/7,246,85,,1672,1673,340,341,1,beead77994cf573341ec17b58bbf7eb34d2711c993c1d976b128b3188dc1829a,08,,,,,False,,,,,,,,,,False,False
/a/1/1/7,/a/1/1/7!/member_00086,0,/a/1/1/7,246,86,,1676,1677,344,345,1,4a64a107f0cb32536e5bce6c98c393db21cca7f4ea187ba8c4dca8b51d4ea80a,11,,Nintendo LZ11,Probable,,True,Nintendo LZ11,Probable,True,,,,,,,False,False
/a/1/1/7,/a/1/1/7!/member_00087,0,/a/1/1/7,246,87,,1680,1681,348,349,1,4a64a107f0cb32536e5bce6c98c393db21cca7f4ea187ba8c4dca8b51d4ea80a,11,,Nintendo LZ11,Probable,,True,Nintendo LZ11,Probable,True,,,,,,,False,False
/a/1/1/7,/a/1/1/7!/member_00088,0,/a/1/1/7,246,88,,1684,1685,352,353,1,084fed08b978af4d7d196a7446a86b58009e636b611db16211b65a9aadff29c5,03,,,,,False,,,,,,,,,,False,False
/a/1/1/7,/a/1/1/7!/member_00089,0,/a/1/1/7,246,89,,1688,1689,356,357,1,e52d9c508c502347344d8c07ad91cbd6068afc75ff6292f062a09ca381c89e71,04,,,,,False,,,,,,,,,,False,False
/a/1/1/7,/a/1/1/7!/member_00090,0,/a/1/1/7,246,90,,1692,1693,360,361,1,9d1e0e2d9459d06523ad13e28a4093c2316baafe7aec5b25f30eba2e113599c4,0d,,,,,False,,,,,,,,,,False,False
/a/1/1/7,/a/1/1/7!/member_00091,0,/a/1/1/7,246,91,,1696,1697,364,365,1,9d1e0e2d9459d06523ad13e28a4093c2316baafe7aec5b25f30eba2e113599c4,0d,,,,,False,,,,,,,,,,False,False
/a/1/1/7,/a/1/1/7!/member_00092,0,/a/1/1/7,246,92,,1700,1701,368,369,1,beead77994cf573341ec17b58bbf7eb34d2711c993c1d976b128b3188dc1829a,08,,,,,False,,,,,,,,,,False,False
/a/1/1/7,/a/1/1/7!/member_00093,0,/a/1/1/7,246,93,,1704,1705,372,373,1,beead77994cf573341ec17b58bbf7eb34d2711c993c1d976b128b3188dc1829a,08,,,,,False,,,,,,,,,,False,False
/a/1/1/7,/a/1/1/7!/member_00094,0,/a/1/1/7,246,94,,1708,1709,376,377,1,4a64a107f0cb32536e5bce6c98c393db21cca7f4ea187ba8c4dca8b51d4ea80a,11,,Nintendo LZ11,Probable,,True,Nintendo LZ11,Probable,True,,,,,,,False,False
/a/1/1/7,/a/1/1/7!/member_00095,0,/a/1/1/7,246,95,,1712,1713,380,381,1,2f0fd1e89b8de1d57292742ec380ea47066e307ad645f5bc3adad8a06ff58608,15,,,,,False,,,,,,,,,,False,False
/a/1/1/7,/a/1/1/7!/member_00096,0,/a/1/1/7,246,96,,1716,1717,384,385,1,6e340b9cffb37a989ca544e6bb780a2c78901d3fb33738768511a30617afa01d,00,,,,,False,,,,,,,,,,False,False
/a/1/1/7,/a/1/1/7!/member_00097,0,/a/1/1/7,246,97,,1720,1721,388,389,1,6e340b9cffb37a989ca544e6bb780a2c78901d3fb33738768511a30617afa01d,00,,,,,False,,,,,,,,,,False,False
/a/1/1/7,/a/1/1/7!/member_00098,0,/a/1/1/7,246,98,,1724,1725,392,393,1,6e340b9cffb37a989ca544e6bb780a2c78901d3fb33738768511a30617afa01d,00,,,,,False,,,,,,,,,,False,False
/a/1/1/7,/a/1/1/7!/member_00099,0,/a/1/1/7,246,99,,1728,1729,396,397,1,6e340b9cffb37a989ca544e6bb780a2c78901d3fb33738768511a30617afa01d,00,,,,,False,,,,,,,,,,False,False
/a/1/1/7,/a/1/1/7!/member_00100,0,/a/1/1/7,246,100,,1732,1733,400,401,1,6e340b9cffb37a989ca544e6bb780a2c78901d3fb33738768511a30617afa01d,00,,,,,False,,,,,,,,,,False,False
/a/1/1/7,/a/1/1/7!/member_00101,0,/a/1/1/7,246,101,,1736,1737,404,405,1,6e340b9cffb37a989ca544e6bb780a2c78901d3fb33738768511a30617afa01d,00,,,,,False,,,,,,,,,,False,False
/a/1/1/7,/a/1/1/7!/member_00102,0,/a/1/1/7,246,102,,1740,1741,408,409,1,6e340b9cffb37a989ca544e6bb780a2c78901d3fb33738768511a30617afa01d,00,,,,,False,,,,,,,,,,False,False
/a/1/1/7,/a/1/1/7!/member_00103,0,/a/1/1/7,246,103,,1744,1745,412,413,1,6e340b9cffb37a989ca544e6bb780a2c78901d3fb33738768511a30617afa01d,00,,,,,False,,,,,,,,,,False,False
/a/1/1/7,/a/1/1/7!/member_00104,0,/a/1/1/7,246,104,,1748,1749,416,417,1,6e340b9cffb37a989ca544e6bb780a2c78901d3fb33738768511a30617afa01d,00,,,,,False,,,,,,,,,,False,False
/a/1/1/7,/a/1/1/7!/member_00105,0,/a/1/1/7,246,105,,1752,1753,420,421,1,6e340b9cffb37a989ca544e6bb780a2c78901d3fb33738768511a30617afa01d,00,,,,,False,,,,,,,,,,False,False
/a/1/1/7,/a/1/1/7!/member_00106,0,/a/1/1/7,246,106,,1756,1757,424,425,1,6e340b9cffb37a989ca544e6bb780a2c78901d3fb33738768511a30617afa01d,00,,,,,False,,,,,,,,,,False,False
/a/1/1/7,/a/1/1/7!/member_00107,0,/a/1/1/7,246,107,,1760,1761,428,429,1,6e340b9cffb37a989ca544e6bb780a2c78901d3fb33738768511a30617afa01d,00,,,,,False,,,,,,,,,,False,False
/a/1/1/7,/a/1/1/7!/member_00108,0,/a/1/1/7,246,108,,1764,1765,432,433,1,6e340b9cffb37a989ca544e6bb780a2c78901d3fb33738768511a30617afa01d,00,,,,,False,,,,,,,,,,False,False
/a/1/1/7,/a/1/1/7!/member_00109,0,/a/1/1/7,246,109,,1768,1769,436,437,1,6e340b9cffb37a989ca544e6bb780a2c78901d3fb33738768511a30617afa01d,00,,,,,False,,,,,,,,,,False,False
/a/1/1/7,/a/1/1/7!/member_00110,0,/a/1/1/7,246,110,,1772,1773,440,441,1,6e340b9cffb37a989ca544e6bb780a2c78901d3fb33738768511a30617afa01d,00,,,,,False,,,,,,,,,,False,False
/a/1/1/7,/a/1/1/7!/member_00111,0,/a/1/1/7,246,111,,1776,1777,444,445,1,6e340b9cffb37a989ca544e6bb780a2c78901d3fb33738768511a30617afa01d,00,,,,,False,,,,,,,,,,False,False
/a/1/1/7,/a/1/1/7!/member_00112,0,/a/1/1/7,246,112,,1780,1781,448,449,1,6e340b9cffb37a989ca544e6bb780a2c78901d3fb33738768511a30617afa01d,00,,,,,False,,,,,,,,,,False,False
/a/1/1/7,/a/1/1/7!/member_00113,0,/a/1/1/7,246,113,,1784,1785,452,453,1,6e340b9cffb37a989ca544e6bb780a2c78901d3fb33738768511a30617afa01d,00,,,,,False,,,,,,,,,,False,False
/a/1/1/7,/a/1/1/7!/member_00114,0,/a/1/1/7,246,114,,1788,1789,456,457,1,6e340b9cffb37a989ca544e6bb780a2c78901d3fb33738768511a30617afa01d,00,,,,,False,,,,,,,,,,False,False
/a/1/1/7,/a/1/1/7!/member_00115,0,/a/1/1/7,246,115,,1792,1793,460,461,1,6e340b9cffb37a989ca544e6bb780a2c78901d3fb33738768511a30617afa01d,00,,,,,False,,,,,,,,,,False,False
/a/1/1/7,/a/1/1/7!/member_00116,0,/a/1/1/7,246,116,,1796,1797,464,465,1,6e340b9cffb37a989ca544e6bb780a2c78901d3fb33738768511a30617afa01d,00,,,,,False,,,,,,,,,,False,False
/a/1/1/7,/a/1/1/7!/member_00117,0,/a/1/1/7,246,117,,1800,1801,468,469,1,6e340b9cffb37a989ca544e6bb780a2c78901d3fb33738768511a30617afa01d,00,,,,,False,,,,,,,,,,False,False
/a/1/1/7,/a/1/1/7!/member_00118,0,/a/1/1/7,246,118,,1804,1805,472,473,1,6e340b9cffb37a989ca544e6bb780a2c78901d3fb33738768511a30617afa01d,00,,,,,False,,,,,,,,,,False,False
/a/1/1/7,/a/1/1/7!/member_00119,0,/a/1/1/7,246,119,,1808,1809,476,477,1,6e340b9cffb37a989ca544e6bb780a2c78901d3fb33738768511a30617afa01d,00,,,,,False,,,,,,,,,,False,False
/a/1/1/7,/a/1/1/7!/member_00120,0,/a/1/1/7,246,120,,1812,1813,480,481,1,6e340b9cffb37a989ca544e6bb780a2c78901d3fb33738768511a30617afa01d,00,,,,,False,,,,,,,,,,False,False
/a/1/1/7,/a/1/1/7!/member_00121,0,/a/1/1/7,246,121,,1816,1817,484,485,1,6e340b9cffb37a989ca544e6bb780a2c78901d3fb33738768511a30617afa01d,00,,,,,False,,,,,,,,,,False,False
/a/1/1/7,/a/1/1/7!/member_00122,0,/a/1/1/7,246,122,,1820,1821,488,489,1,6e340b9cffb37a989ca544e6bb780a2c78901d3fb33738768511a30617afa01d,00,,,,,False,,,,,,,,,,False,False
/a/1/1/7,/a/1/1/7!/member_00123,0,/a/1/1/7,246,123,,1824,1825,492,493,1,6e340b9cffb37a989ca544e6bb780a2c78901d3fb33738768511a30617afa01d,00,,,,,False,,,,,,,,,,False,False
/a/1/1/7,/a/1/1/7!/member_00124,0,/a/1/1/7,246,124,,1828,1829,496,497,1,6e340b9cffb37a989ca544e6bb780a2c78901d3fb33738768511a30617afa01d,00,,,,,False,,,,,,,,,,False,False
/a/1/1/7,/a/1/1/7!/member_00125,0,/a/1/1/7,246,125,,1832,1833,500,501,1,6e340b9cffb37a989ca544e6bb780a2c78901d3fb33738768511a30617afa01d,00,,,,,False,,,,,,,,,,False,False
/a/1/1/7,/a/1/1/7!/member_00126,0,/a/1/1/7,246,126,,1836,1837,504,505,1,6e340b9cffb37a989ca544e6bb780a2c78901d3fb33738768511a30617afa01d,00,,,,,False,,,,,,,,,,False,False
/a/1/1/7,/a/1/1/7!/member_00127,0,/a/1/1/7,246,127,,1840,1841,508,509,1,6e340b9cffb37a989ca544e6bb780a2c78901d3fb33738768511a30617afa01d,00,,,,,False,,,,,,,,,,False,False
/a/1/1/7,/a/1/1/7!/member_00128,0,/a/1/1/7,246,128,,1844,1845,512,513,1,6e340b9cffb37a989ca544e6bb780a2c78901d3fb33738768511a30617afa01d,00,,,,,False,,,,,,,,,,False,False
/a/1/1/7,/a/1/1/7!/member_00129,0,/a/1/1/7,246,129,,1848,1849,516,517,1,6e340b9cffb37a989ca544e6bb780a2c78901d3fb33738768511a30617afa01d,00,,,,,False,,,,,,,,,,False,False
/a/1/1/7,/a/1/1/7!/member_00130,0,/a/1/1/7,246,130,,1852,1853,520,521,1,6e340b9cffb37a989ca544e6bb780a2c78901d3fb33738768511a30617afa01d,00,,,,,False,,,,,,,,,,False,False
/a/1/1/7,/a/1/1/7!/member_00131,0,/a/1/1/7,246,131,,1856,1857,524,525,1,6e340b9cffb37a989ca544e6bb780a2c78901d3fb33738768511a30617afa01d,00,,,,,False,,,,,,,,,,False,False
/a/1/1/7,/a/1/1/7!/member_00132,0,/a/1/1/7,246,132,,1860,1861,528,529,1,452ba1ddef80246c48be7690193c76c1d61185906be9401014fe14f1be64b74f,18,,,,,False,,,,,,,,,,False,False
/a/1/1/7,/a/1/1/7!/member_00133,0,/a/1/1/7,246,133,,1864,1865,532,533,1,452ba1ddef80246c48be7690193c76c1d61185906be9401014fe14f1be64b74f,18,,,,,False,,,,,,,,,,False,False
/a/1/1/7,/a/1/1/7!/member_00134,0,/a/1/1/7,246,134,,1868,1869,536,537,1,c555eab45d08845ae9f10d452a99bfcb06f74a50b988fe7e48dd323789b88ee3,10,,Nintendo LZ10,Probable,,True,Nintendo LZ10,Probable,True,,,,,,,False,False
/a/1/1/7,/a/1/1/7!/member_00135,0,/a/1/1/7,246,135,,1872,1873,540,541,1,452ba1ddef80246c48be7690193c76c1d61185906be9401014fe14f1be64b74f,18,,,,,False,,,,,,,,,,False,False
/a/1/1/7,/a/1/1/7!/member_00136,0,/a/1/1/7,246,136,,1876,1877,544,545,1,beead77994cf573341ec17b58bbf7eb34d2711c993c1d976b128b3188dc1829a,08,,,,,False,,,,,,,,,,False,False
/a/1/1/7,/a/1/1/7!/member_00137,0,/a/1/1/7,246,137,,1880,1881,548,549,1,68aa2e2ee5dff96e3355e6c7ee373e3d6a4e17f75f9518d843709c0c9bc3e3d4,19,,,,,False,,,,,,,,,,False,False
/a/1/1/7,/a/1/1/7!/member_00138,0,/a/1/1/7,246,138,,1884,1885,552,553,1,6e340b9cffb37a989ca544e6bb780a2c78901d3fb33738768511a30617afa01d,00,,,,,False,,,,,,,,,,False,False
/a/1/1/7,/a/1/1/7!/member_00139,0,/a/1/1/7,246,139,,1888,1889,556,557,1,4d7b3ef7300acf70c892d8327db8272f54434adbc61a4e130a563cb59a0d0f47,0e,,,,,False,,,,,,,,,,False,False
/a/1/1/7,/a/1/1/7!/member_00140,0,/a/1/1/7,246,140,,1892,1893,560,561,1,67586e98fad27da0b9968bc039a1ef34c939b9b8e523a8bef89d478608c5ecf6,06,,,,,False,,,,,,,,,,False,False
/a/1/1/7,/a/1/1/7!/member_00141,0,/a/1/1/7,246,141,,1896,1897,564,565,1,dc0e9c3658a1a3ed1ec94274d8b19925c93e1abb7ddba294923ad9bde30f8cb8,0f,,,,,False,,,,,,,,,,False,False
/a/1/1/7,/a/1/1/7!/member_00142,0,/a/1/1/7,246,142,,1900,1901,568,569,1,67586e98fad27da0b9968bc039a1ef34c939b9b8e523a8bef89d478608c5ecf6,06,,,,,False,,,,,,,,,,False,False
/a/1/1/7,/a/1/1/7!/member_00143,0,/a/1/1/7,246,143,,1904,1905,572,573,1,dc0e9c3658a1a3ed1ec94274d8b19925c93e1abb7ddba294923ad9bde30f8cb8,0f,,,,,False,,,,,,,,,,False,False
/a/1/1/7,/a/1/1/7!/member_00144,0,/a/1/1/7,246,144,,1908,1909,576,577,1,67586e98fad27da0b9968bc039a1ef34c939b9b8e523a8bef89d478608c5ecf6,06,,,,,False,,,,,,,,,,False,False
/a/1/1/7,/a/1/1/7!/member_00145,0,/a/1/1/7,246,145,,1912,1913,580,581,1,ca358758f6d27e6cf45272937977a748fd88391db679ceda7dc7bf1f005ee879,07,,,,,False,,,,,,,,,,False,False
/a/1/1/7,/a/1/1/7!/member_00146,0,/a/1/1/7,246,146,,1916,1917,584,585,1,67586e98fad27da0b9968bc039a1ef34c939b9b8e523a8bef89d478608c5ecf6,06,,,,,False,,,,,,,,,,False,False
/a/1/1/7,/a/1/1/7!/member_00147,0,/a/1/1/7,246,147,,1920,1921,588,589,1,01ba4719c80b6fe911b091a7c05124b64eeece964e09c058ef8f9805daca546b,0a,,,,,False,,,,,,,,,,False,False
/a/1/1/7,/a/1/1/7!/member_00148,0,/a/1/1/7,246,148,,1924,1925,592,593,1,67586e98fad27da0b9968bc039a1ef34c939b9b8e523a8bef89d478608c5ecf6,06,,,,,False,,,,,,,,,,False,False
/a/1/1/7,/a/1/1/7!/member_00149,0,/a/1/1/7,246,149,,1928,1929,596,597,1,9d1e0e2d9459d06523ad13e28a4093c2316baafe7aec5b25f30eba2e113599c4,0d,,,,,False,,,,,,,,,,False,False
/a/1/1/7,/a/1/1/7!/member_00150,0,/a/1/1/7,246,150,,1932,1933,600,601,1,67586e98fad27da0b9968bc039a1ef34c939b9b8e523a8bef89d478608c5ecf6,06,,,,,False,,,,,,,,,,False,False
/a/1/1/7,/a/1/1/7!/member_00151,0,/a/1/1/7,246,151,,1936,1937,604,605,1,ca358758f6d27e6cf45272937977a748fd88391db679ceda7dc7bf1f005ee879,07,,,,,False,,,,,,,,,,False,False
/a/1/1/7,/a/1/1/7!/member_00152,0,/a/1/1/7,246,152,,1940,1941,608,609,1,6e340b9cffb37a989ca544e6bb780a2c78901d3fb33738768511a30617afa01d,00,,,,,False,,,,,,,,,,False,False
/a/1/1/7,/a/1/1/7!/member_00153,0,/a/1/1/7,246,153,,1944,1945,612,613,1,4bf5122f344554c53bde2ebb8cd2b7e3d1600ad631c385a5d7cce23c7785459a,01,,,,,False,,,,,,,,,,False,False
/a/1/1/7,/a/1/1/7!/member_00154,0,/a/1/1/7,246,154,,1948,1949,616,617,1,6e340b9cffb37a989ca544e6bb780a2c78901d3fb33738768511a30617afa01d,00,,,,,False,,,,,,,,,,False,False
/a/1/1/7,/a/1/1/7!/member_00155,0,/a/1/1/7,246,155,,1952,1953,620,621,1,6e340b9cffb37a989ca544e6bb780a2c78901d3fb33738768511a30617afa01d,00,,,,,False,,,,,,,,,,False,False
/a/1/1/7,/a/1/1/7!/member_00156,0,/a/1/1/7,246,156,,1956,1957,624,625,1,beead77994cf573341ec17b58bbf7eb34d2711c993c1d976b128b3188dc1829a,08,,,,,False,,,,,,,,,,False,False
/a/1/1/7,/a/1/1/7!/member_00157,0,/a/1/1/7,246,157,,1960,1961,628,629,1,7cb7c4547cf2653590d7a9ace60cc623d25148adfbc88a89aeb0ef88da7839ba,16,,,,,False,,,,,,,,,,False,False
/a/1/1/7,/a/1/1/7!/member_00158,0,/a/1/1/7,246,158,,1964,1965,632,633,1,beead77994cf573341ec17b58bbf7eb34d2711c993c1d976b128b3188dc1829a,08,,,,,False,,,,,,,,,,False,False
/a/1/1/7,/a/1/1/7!/member_00159,0,/a/1/1/7,246,159,,1968,1969,636,637,1,7cb7c4547cf2653590d7a9ace60cc623d25148adfbc88a89aeb0ef88da7839ba,16,,,,,False,,,,,,,,,,False,False
/a/1/1/8,/a/1/1/8!/member_00000,0,/a/1/1/8,247,0,,140,644,0,504,504,3ab4ce5f31a416339e131daf9bb1f8180f024ac5772c0384d74fa9c9e23dffcc,10b00900005247434efffe010100b009,,Nintendo LZ10,Probable,,True,Nintendo LZ10,Confirmed,True,2480,True,2480,a770014be056d70ed86b60e5af2ac8f2a8dc1316459b7939f16dca03f716c78b,NCGR graphics,Confirmed,False,False
/a/1/1/8,/a/1/1/8!/member_00001,0,/a/1/1/8,247,1,,644,996,504,856,352,b9e95e4380e8d702e6f904467b138c8dd47170229fd8fcd9b55b40076de078f0,10f00100005245434efffe000100f001,,Nintendo LZ10,Probable,,True,Nintendo LZ10,Confirmed,True,496,True,496,5707c65230e7eb6874f2b71cfa8eafb1ad5faa4e15d90295eab69de04167e7a5,NCER cell,Confirmed,False,False
/a/1/1/8,/a/1/1/8!/member_00002,0,/a/1/1/8,247,2,,996,1220,856,1080,224,d7805e6c680b847b7bc63576c66fc463cca2ee0927a87c15acb2994b9926a4da,10b4010000524e414efffe000100b401,,Nintendo LZ10,Probable,,True,Nintendo LZ10,Confirmed,True,436,True,436,b4c60d63d616c0dbef834a0e9ed0ae5ba42f784df520308930a0ce220aa23de6,NANR animation,Confirmed,False,False
/a/1/1/8,/a/1/1/8!/member_00003,0,/a/1/1/8,247,3,,1220,1772,1080,1632,552,5ce784e92a7e71b072145f4b4ada27cb4e38abaadcb3430b88de71d6239b4c89,524c434efffe00012802000010000100,,NCLR palette,Confirmed,True,False,,,,,,,,,,False,False
/a/1/1/8,/a/1/1/8!/member_00004,0,/a/1/1/8,247,4,,1772,2432,1632,2292,660,747b1036b8ba4370835247f328726b149b4a95586f712af48a4b9c1687f3670b,10400800005247434efffe0101004008,,Nintendo LZ10,Probable,,True,Nintendo LZ10,Confirmed,True,2112,True,2112,2cc55851a72487b9eba191cfebc0ace93de7e59f7cdce78d05fd9560bdc7d0f7,NCGR graphics,Confirmed,False,False
/a/1/1/8,/a/1/1/8!/member_00005,0,/a/1/1/8,247,5,,2432,2781,2292,2641,349,c9a2883a4cd7143673f68bdbc71dc6daffb1e2fb8a6421bc0e1a1b00be788267,10240800005243534efffe0001002408,,Nintendo LZ10,Probable,,True,Nintendo LZ10,Confirmed,True,2084,True,2084,a3b46444bbaf9d6f56d891dedef4d9e1ed2e3dd3ea5b6e7a06f4d544ad228b05,NSCR screen map,Confirmed,False,False
