container_chain,member_chain,depth,parent_narc_path,parent_file_id,member_index,name,container_relative_offset,container_relative_end,gmif_relative_offset,gmif_relative_end,size,sha256,signature_hex,extension,probable_format,format_evidence,structure_valid,compressed,compression,compression_evidence,decompression_supported,declared_decompressed_size,decompression_valid,decompressed_size,decompressed_sha256,decompressed_format,decompressed_format_evidence,nested_container,nested_after_decompression
/a/0/5/8,/a/0/5/8!/member_00020,0,/a/0/5/8,187,20,,47516,50764,42304,45552,3248,c04cc793431fc8d0a8d913a2b4c82726d516d9ca20f0205f992a0bff0617c809,5247434efffe0101b00c000010000100,,NCGR graphics,Confirmed,True,False,,,,,,,,,,False,False
/a/0/5/8,/a/0/5/8!/member_00021,0,/a/0/5/8,187,21,,50764,51316,45552,46104,552,f6f7c6fe54f42fdc3269e3dbb329a60518cc8cab2bf9e113ab6169b8f929f482,524c434efffe00012802000010000100,,NCLR palette,Confirmed,True,False,,,,,,,,,,False,False
/a/0/5/8,/a/0/5/8!/member_00022,0,/a/0/5/8,187,22,,51316,51491,46104,46279,175,8653d1a231b808ea29e3c614e7dcfc7eb1e8cc2042db51da415dfa58e8dea44c,5245434efffe0001af00000010000300,,NCER cell,Confirmed,True,False,,,,,,,,,,False,False
/a/0/5/8,/a/0/5/8!/member_00023,0,/a/0/5/8,187,23,,51492,51643,46280,46431,151,57c4f638dca35c82365e420f8c7d794c33f8f33053ddda43d831536fc24b21f0,524e414efffe00019700000010000300,,NANR animation,Confirmed,True,False,,,,,,,,,,False,False
/a/0/5/8,/a/0/5/8!/member_00024,0,/a/0/5/8,187,24,,51644,58092,46432,52880,6448,d2e667a296083054847e713bb81d966feb701313d11244953ae7c4cec0f81bec,5247434efffe00013019000010000100,,NCGR graphics,Confirmed,True,False,,,,,,,,,,False,False
/a/0/5/8,/a/0/5/8!/member_00025,0,/a/0/5/8,187,25,,58092,61340,52880,56128,3248,916a4181f6c83f1e9a0f3d55d2cbfe38f35192d3c3bb5c5befbffdfadf3464ae,5247434efffe0101b00c000010000100,,NCGR graphics,Confirmed,True,False,,,,,,,,,,False,False
/a/0/5/8,/a/0/5/8!/member_00026,0,/a/0/5/8,187,26,,61340,61892,56128,56680,552,f6f7c6fe54f42fdc3269e3dbb329a60518cc8cab2bf9e113ab6169b8f929f482,524c434efffe00012802000010000100,,NCLR palette,Confirmed,True,False,,,,,,,,,,False,False
/a/0/5/8,/a/0/5/8!/member_00027,0,/a/0/5/8,187,27,,61892,62067,56680,56855,175,8653d1a231b808ea29e3c614e7dcfc7eb1e8cc2042db51da415dfa58e8dea44c,5245434efffe0001af00000010000300,,NCER cell,Confirmed,True,False,,,,,,,,,,False,False
/a/0/5/8,/a/0/5/8!/member_00028,0,/a/0/5/8,187,28,,62068,62219,56856,57007,151,57c4f638dca35c82365e420f8c7d794c33f8f33053ddda43d831536fc24b21f0,524e414efffe00019700000010000300,,NANR animation,Confirmed,True,False,,,,,,,,,,False,False
/a/0/5/8,/a/0/5/8!/member_00029,0,/a/0/5/8,187,29,,62220,68668,57008,63456,6448,aad68c5c2568eaae509ff60bc2ee33fea395c8ab7f9fa8ae050b00892eb5eb5c,5247434efffe00013019000010000100,,NCGR graphics,Confirmed,True,False,,,,,,,,,,False,False
/a/0/5/8,/a/0/5/8!/member_00030,0,/a/0/5/8,187,30,,68668,71916,63456,66704,3248,3d86137834dec504a8109d52491b98d9124a620d9c3c535cc6bc6fa3c412bb2c,5247434efffe0101b00c000010000100,,NCGR graphics,Confirmed,True,False,,,,,,,,,,False,False
/a/0/5/8,/a/0/5/8!/member_00031,0,/a/0/5/8,187,31,,71916,72468,66704,67256,552,c01b9f48302dd296a040b89884c34dd324f7afa977d10fa89a412671d8b625be,524c434efffe00012802000010000100,,NCLR palette,Confirmed,True,False,,,,,,,,,,False,False
/a/0/5/8,/a/0/5/8!/member_00032,0,/a/0/5/8,187,32,,72468,72643,67256,67431,175,8653d1a231b808ea29e3c614e7dcfc7eb1e8cc2042db51da415dfa58e8dea44c,5245434efffe0001af00000010000300,,NCER cell,Confirmed,True,False,,,,,,,,,,False,False
/a/0/5/8,/a/0/5/8!/member_00033,0,/a/0/5/8,187,33,,72644,72795,67432,67583,151,57c4f638dca35c82365e420f8c7d794c33f8f33053ddda43d831536fc24b21f0,524e414efffe00019700000010000300,,NANR animation,Confirmed,True,False,,,,,,,,,,False,False
/a/0/5/8,/a/0/5/8!/member_00034,0,/a/0/5/8,187,34,,72796,79244,67584,74032,6448,dc69c5b2292e9944f4e4ad21ce4c3f38f20c0fd26d16ad428fe2b1d15fb113ad,5247434efffe00013019000010000100,,NCGR graphics,Confirmed,True,False,,,,,,,,,,False,False
/a/0/5/8,/a/0/5/8!/member_00035,0,/a/0/5/8,187,35,,79244,82492,74032,77280,3248,7dde548c813d56159f41f044551981e6f26dd9e61a0123c0a455db553d098279,5247434efffe0101b00c000010000100,,NCGR graphics,Confirmed,True,False,,,,,,,,,,False,False
/a/0/5/8,/a/0/5/8!/member_00036,0,/a/0/5/8,187,36,,82492,83044,77280,77832,552,e1d86a513b4e36ce74a139261518eca3781b6a95a79f7ea6ff65e73664343ec6,524c434efffe00012802000010000100,,NCLR palette,Confirmed,True,False,,,,,,,,,,False,False
/a/0/5/8,/a/0/5/8!/member_00037,0,/a/0/5/8,187,37,,83044,83219,77832,78007,175,8653d1a231b808ea29e3c614e7dcfc7eb1e8cc2042db51da415dfa58e8dea44c,5245434efffe0001af00000010000300,,NCER cell,Confirmed,True,False,,,,,,,,,,False,False
/a/0/5/8,/a/0/5/8!/member_00038,0,/a/0/5/8,187,38,,83220,83371,78008,78159,151,57c4f638dca35c82365e420f8c7d794c33f8f33053ddda43d831536fc24b21f0,524e414efffe00019700000010000300,,NANR animation,Confirmed,True,False,,,,,,,,,,False,False
/a/0/5/8,/a/0/5/8!/member_00039,0,/a/0/5/8,187,39,,83372,89820,78160,84608,6448,707a55f4ac8a9b11e5b23ed34cd4d413754a24fa6070328d8e3c8986fa0390a8,5247434efffe00013019000010000100,,NCGR graphics,Confirmed,True,False,,,,,,,,,,False,False
/a/0/5/8,/a/0/5/8!/member_00040,0,/a/0/5/8,187,40,,89820,93068,84608,87856,3248,d738e9e5c76dc129495df48020413f3b13e8915f06d27ecea09f87c66f247d87,5247434efffe0101b00c000010000100,,NCGR graphics,Confirmed,True,False,,,,,,,,,,False,False
/a/0/5/8,/a/0/5/8!/member_00041,0,/a/0/5/8,187,41,,93068,93620,87856,88408,552,e4aacf771995f8f361fe05d0368b9381e531f2750749053b55fa09a6a41eaa3f,524c434efffe00012802000010000100,,NCLR palette,Confirmed,True,False,,,,,,,,,,False,False
/a/0/5/8,/a/0/5/8!/member_00042,0,/a/0/5/8,187,42,,93620,93795,88408,88583,175,8653d1a231b808ea29e3c614e7dcfc7eb1e8cc2042db51da415dfa58e8dea44c,5245434efffe0001af00000010000300,,NCER cell,Confirmed,True,False,,,,,,,,,,False,False
/a/0/5/8,/a/0/5/8!/member_00043,0,/a/0/5/8,187,43,,93796,93947,88584,88735,151,57c4f638dca35c82365e420f8c7d794c33f8f33053ddda43d831536fc24b21f0,524e414efffe00019700000010000300,,NANR animation,Confirmed,True,False,,,,,,,,,,False,False
/a/0/5/8,/a/0/5/8!/member_00044,0,/a/0/5/8,187,44,,93948,100396,88736,95184,6448,5dfb9695eeeba7dad6d4d99e60375debd1697bab63d94646679d10bb12b1ff0c,5247434efffe00013019000010000100,,NCGR graphics,Confirmed,True,False,,,,,,,,,,False,False
/a/0/5/8,/a/0/5/8!/member_00045,0,/a/0/5/8,187,45,,100396,103644,95184,98432,3248,c51e54f2995d7894d73fb32026cee81e6dfcbe6984f833cbef2fb19c83ff1986,5247434efffe0101b00c000010000100,,NCGR graphics,Confirmed,True,False,,,,,,,,,,False,False
/a/0/5/8,/a/0/5/8!/member_00046,0,/a/0/5/8,187,46,,103644,104196,98432,98984,552,037f1a4b6335f0ee70011c64fdefab0c92dd083a5e46bf692bea034065667067,524c434efffe00012802000010000100,,NCLR palette,Confirmed,True,False,,,,,,,,,,False,False
/a/0/5/8,/a/0/5/8!/member_00047,0,/a/0/5/8,187,47,,104196,104371,98984,99159,175,8653d1a231b808ea29e3c614e7dcfc7eb1e8cc2042db51da415dfa58e8dea44c,5245434efffe0001af00000010000300,,NCER cell,Confirmed,True,False,,,,,,,,,,False,False
/a/0/5/8,/a/0/5/8!/member_00048,0,/a/0/5/8,187,48,,104372,104523,99160,99311,151,57c4f638dca35c82365e420f8c7d794c33f8f33053ddda43d831536fc24b21f0,524e414efffe00019700000010000300,,NANR animation,Confirmed,True,False,,,,,,,,,,False,False
/a/0/5/8,/a/0/5/8!/member_00049,0,/a/0/5/8,187,49,,104524,110972,99312,105760,6448,5d3e5e068efc2349c99bc7eaeefab24f1a7bb6e6ea27c0a4417fbec714cab8d9,5247434efffe00013019000010000100,,NCGR graphics,Confirmed,True,False,,,,,,,,,,False,False
/a/0/5/8,/a/0/5/8!/member_00050,0,/a/0/5/8,187,50,,110972,114220,105760,109008,3248,2d060326dec8c1eefb7da75be04806e78a12f2120db63dc123c55cbe03672e54,5247434efffe0101b00c000010000100,,NCGR graphics,Confirmed,True,False,,,,,,,,,,False,False
/a/0/5/8,/a/0/5/8!/member_00051,0,/a/0/5/8,187,51,,114220,114772,109008,109560,552,19aa44db5c5efa0f0ffbf8ab5cf93ff29f2e7a818ff3ddd9e7a1a66f7d896a36,524c434efffe00012802000010000100,,NCLR palette,Confirmed,True,False,,,,,,,,,,False,False
/a/0/5/8,/a/0/5/8!/member_00052,0,/a/0/5/8,187,52,,114772,114947,109560,109735,175,8653d1a231b808ea29e3c614e7dcfc7eb1e8cc2042db51da415dfa58e8dea44c,5245434efffe0001af00000010000300,,NCER cell,Confirmed,True,False,,,,,,,,,,False,False
/a/0/5/8,/a/0/5/8!/member_00053,0,/a/0/5/8,187,53,,114948,115099,109736,109887,151,57c4f638dca35c82365e420f8c7d794c33f8f33053ddda43d831536fc24b21f0,524e414efffe00019700000010000300,,NANR animation,Confirmed,True,False,,,,,,,,,,False,False
/a/0/5/8,/a/0/5/8!/member_00054,0,/a/0/5/8,187,54,,115100,121548,109888,116336,6448,df3c2ecbff3ca176a1e635178fd332c3da2bb7b598cc15ff6d0edf8c6357160a,5247434efffe00013019000010000100,,NCGR graphics,Confirmed,True,False,,,,,,,,,,False,False
/a/0/5/8,/a/0/5/8!/member_00055,0,/a/0/5/8,187,55,,121548,124796,116336,119584,3248,ce24937d4e4076a7c2ec3e40a2d1803848128eb3b6edd2ce3c56f49cab4059e2,5247434efffe0101b00c000010000100,,NCGR graphics,Confirmed,True,False,,,,,,,,,,False,False
/a/0/5/8,/a/0/5/8!/member_00056,0,/a/0/5/8,187,56,,124796,125348,119584,120136,552,f59e6988d3b0fd3e31c438b6831da38d7e45fc862b0f179577ddb37dcc6b0911,524c434efffe00012802000010000100,,NCLR palette,Confirmed,True,False,,,,,,,,,,False,False
/a/0/5/8,/a/0/5/8!/member_00057,0,/a/0/5/8,187,57,,125348,125523,120136,120311,175,8653d1a231b808ea29e3c614e7dcfc7eb1e8cc2042db51da415dfa58e8dea44c,5245434efffe0001af00000010000300,,NCER cell,Confirmed,True,False,,,,,,,,,,False,False
/a/0/5/8,/a/0/5/8!/member_00058,0,/a/0/5/8,187,58,,125524,125675,120312,120463,151,57c4f638dca35c82365e420f8c7d794c33f8f33053ddda43d831536fc24b21f0,524e414efffe00019700000010000300,,NANR animation,Confirmed,True,False,,,,,,,,,,False,False
/a/0/5/8,/a/0/5/8!/member_00059,0,/a/0/5/8,187,59,,125676,132124,120464,126912,6448,63bc2868c90710df07ec162a069ed70ea81b9a6846f6101f8e9c5082e544b6b1,5247434efffe00013019000010000100,,NCGR graphics,Confirmed,True,False,,,,,,,,,,False,False
/a/0/5/8,/a/0/5/8!/member_00060,0,/a/0/5/8,187,60,,132124,135372,126912,130160,3248,8bd2dda32e258f89f404833e77aaa107df57c325cbfda554def119199342cc9c,5247434efffe0101b00c000010000100,,NCGR graphics,Confirmed,True,False,,,,,,,,,,False,False
/a/0/5/8,/a/0/5/8!/member_00061,0,/a/0/5/8,187,61,,135372,135924,130160,130712,552,be2b62885d844c1901324fafab406958306e8d0b3ebccbeed4bedee7e6eabacd,524c434efffe00012802000010000100,,NCLR palette,Confirmed,True,False,,,,,,,,,,False,False
/a/0/5/8,/a/0/5/8!/member_00062,0,/a/0/5/8,187,62,,135924,136099,130712,130887,175,8653d1a231b808ea29e3c614e7dcfc7eb1e8cc2042db51da415dfa58e8dea44c,5245434efffe0001af00000010000300,,NCER cell,Confirmed,True,False,,,,,,,,,,False,False
/a/0/5/8,/a/0/5/8!/member_00063,0,/a/0/5/8,187,63,,136100,136251,130888,131039,151,57c4f638dca35c82365e420f8c7d794c33f8f33053ddda43d831536fc24b21f0,524e414efffe00019700000010000300,,NANR animation,Confirmed,True,False,,,,,,,,,,False,False
/a/0/5/8,/a/0/5/8!/member_00064,0,/a/0/5/8,187,64,,136252,142700,131040,137488,6448,b515809aff28b5029474cfeec73eb1ba73b28ac7d9d3f6526228ec16977f8e08,5247434efffe00013019000010000100,,NCGR graphics,Confirmed,True,False,,,,,,,,,,False,False
/a/0/5/8,/a/0/5/8!/member_00065,0,/a/0/5/8,187,65,,142700,145948,137488,140736,3248,086192f7b2a09ca93ca216ddb904ddd20bd04db5a547fe2703a610f5fb1e2aa8,5247434efffe0101b00c000010000100,,NCGR graphics,Confirmed,True,False,,,,,,,,,,False,False
/a/0/5/8,/a/0/5/8!/member_00066,0,/a/0/5/8,187,66,,145948,146500,140736,141288,552,7ef18b664f563d079dbf01913acae31c1be9f07c19ebbb62fe52b78ba0495d75,524c434efffe00012802000010000100,,NCLR palette,Confirmed,True,False,,,,,,,,,,False,False
/a/0/5/8,/a/0/5/8!/member_00067,0,/a/0/5/8,187,67,,146500,146675,141288,141463,175,8653d1a231b808ea29e3c614e7dcfc7eb1e8cc2042db51da415dfa58e8dea44c,5245434efffe0001af00000010000300,,NCER cell,Confirmed,True,False,,,,,,,,,,False,False
/a/0/5/8,/a/0/5/8!/member_00068,0,/a/0/5/8,187,68,,146676,146827,141464,141615,151,57c4f638dca35c82365e420f8c7d794c33f8f33053ddda43d831536fc24b21f0,524e414efffe00019700000010000300,,NANR animation,Confirmed,True,False,,,,,,,,,,False,False
/a/0/5/8,/a/0/5/8!/member_00069,0,/a/0/5/8,187,69,,146828,153276,141616,148064,6448,75e63219bd6439cb810d7703b2d0491fe7f13d1148f44b42575fe331c066222b,5247434efffe00013019000010000100,,NCGR graphics,Confirmed,True,False,,,,,,,,,,False,False
/a/0/5/8,/a/0/5/8!/member_00070,0,/a/0/5/8,187,70,,153276,156524,148064,151312,3248,b690e17756a396caf014d09db19712dcf474e01983f1044fb346ce36f0fa5020,5247434efffe0101b00c000010000100,,NCGR graphics,Confirmed,True,False,,,,,,,,,,False,False
/a/0/5/8,/a/0/5/8!/member_00071,0,/a/0/5/8,187,71,,156524,157076,151312,151864,552,d42f2a880894d9a1d2ced5176b931f2669005d648772c2776275b5e88587a077,524c434efffe00012802000010000100,,NCLR palette,Confirmed,True,False,,,,,,,,,,False,False
/a/0/5/8,/a/0/5/8!/member_00072,0,/a/0/5/8,187,72,,157076,157251,151864,152039,175,8653d1a231b808ea29e3c614e7dcfc7eb1e8cc2042db51da415dfa58e8dea44c,5245434efffe0001af00000010000300,,NCER cell,Confirmed,True,False,,,,,,,,,,False,False
/a/0/5/8,/a/0/5/8!/member_00073,0,/a/0/5/8,187,73,,157252,157403,152040,152191,151,57c4f638dca35c82365e420f8c7d794c33f8f33053ddda43d831536fc24b21f0,524e414efffe00019700000010000300,,NANR animation,Confirmed,True,False,,,,,,,,,,False,False
/a/0/5/8,/a/0/5/8!/member_00074,0,/a/0/5/8,187,74,,157404,163852,152192,158640,6448,0791b43b4e140285b6ce1ea2ee88f86bb55e1577229b0210948898e1191871f3,5247434efffe00013019000010000100,,NCGR graphics,Confirmed,True,False,,,,,,,,,,False,False
/a/0/5/8,/a/0/5/8!/member_00075,0,/a/0/5/8,187,75,,163852,167100,158640,161888,3248,d4407d6cf15423df0b3787696d23e8ad1f455a0020c10b53285b3932b37ed151,5247434efffe0101b00c000010000100,,NCGR graphics,Confirmed,True,False,,,,,,,,,,False,False
/a/0/5/8,/a/0/5/8!/member_00076,0,/a/0/5/8,187,76,,167100,167652,161888,162440,552,df200dfdfdbcc65da4e3b5aa2fc7eeaa02d3d6435d082e655a5803d5a9467d07,524c434efffe00012802000010000100,,NCLR palette,Confirmed,True,False,,,,,,,,,,False,False
/a/0/5/8,/a/0/5/8!/member_00077,0,/a/0/5/8,187,77,,167652,167827,162440,162615,175,8653d1a231b808ea29e3c614e7dcfc7eb1e8cc2042db51da415dfa58e8dea44c,5245434efffe0001af00000010000300,,NCER cell,Confirmed,True,False,,,,,,,,,,False,False
/a/0/5/8,/a/0/5/8!/member_00078,0,/a/0/5/8,187,78,,167828,167979,162616,162767,151,57c4f638dca35c82365e420f8c7d794c33f8f33053ddda43d831536fc24b21f0,524e414efffe00019700000010000300,,NANR animation,Confirmed,True,False,,,,,,,,,,False,False
/a/0/5/8,/a/0/5/8!/member_00079,0,/a/0/5/8,187,79,,167980,174428,162768,169216,6448,bb02d7cfbe97ed1c6ba0f57422a1dcd04b41c1614eff5107ec4d80d47717fec6,5247434efffe00013019000010000100,,NCGR graphics,Confirmed,True,False,,,,,,,,,,False,False
/a/0/5/8,/a/0/5/8!/member_00080,0,/a/0/5/8,187,80,,174428,177676,169216,172464,3248,2f035fcb9c78a70cd68a47f8d0cc420cbc624ec8dfa7a9dd18d10adbb8a3966b,5247434efffe0101b00c000010000100,,NCGR graphics,Confirmed,True,False,,,,,,,,,,False,False
/a/0/5/8,/a/0/5/8!/member_00081,0,/a/0/5/8,187,81,,177676,178228,172464,173016,552,724690f5e6de4fbf632419d0fe8d686035e6195fba7a40940c1c0b0578206659,524c434efffe00012802000010000100,,NCLR palette,Confirmed,True,False,,,,,,,,,,False,False
/a/0/5/8,/a/0/5/8!/member_00082,0,/a/0/5/8,187,82,,178228,178403,173016,173191,175,8653d1a231b808ea29e3c614e7dcfc7eb1e8cc2042db51da415dfa58e8dea44c,5245434efffe0001af00000010000300,,NCER cell,Confirmed,True,False,,,,,,,,,,False,False
/a/0/5/8,/a/0/5/8!/member_00083,0,/a/0/5/8,187,83,,178404,178555,173192,173343,151,57c4f638dca35c82365e420f8c7d794c33f8f33053ddda43d831536fc24b21f0,524e414efffe00019700000010000300,,NANR animation,Confirmed,True,False,,,,,,,,,,False,False
/a/0/5/8,/a/0/5/8!/member_00084,0,/a/0/5/8,187,84,,178556,185004,173344,179792,6448,6bfedd77f6ace89f6e44a069364fd04e31b76098ea5853b4ec5f86d4bd06e8c9,5247434efffe00013019000010000100,,NCGR graphics,Confirmed,True,False,,,,,,,,,,False,False
/a/0/5/8,/a/0/5/8!/member_00085,0,/a/0/5/8,187,85,,185004,188252,179792,183040,3248,bc0673057df50f9a48ea9e4c336042b6afbd4dad21c0042e2e09e4694957df5f,5247434efffe0101b00c000010000100,,NCGR graphics,Confirmed,True,False,,,,,,,,,,False,False
/a/0/5/8,/a/0/5/8!/member_00086,0,/a/0/5/8,187,86,,188252,188804,183040,183592,552,724690f5e6de4fbf632419d0fe8d686035e6195fba7a40940c1c0b0578206659,524c434efffe00012802000010000100,,NCLR palette,Confirmed,True,False,,,,,,,,,,False,False
/a/0/5/8,/a/0/5/8!/member_00087,0,/a/0/5/8,187,87,,188804,188979,183592,183767,175,8653d1a231b808ea29e3c614e7dcfc7eb1e8cc2042db51da415dfa58e8dea44c,5245434efffe0001af00000010000300,,NCER cell,Confirmed,True,False,,,,,,,,,,False,False
/a/0/5/8,/a/0/5/8!/member_00088,0,/a/0/5/8,187,88,,188980,189131,183768,183919,151,57c4f638dca35c82365e420f8c7d794c33f8f33053ddda43d831536fc24b21f0,524e414efffe00019700000010000300,,NANR animation,Confirmed,True,False,,,,,,,,,,False,False
/a/0/5/8,/a/0/5/8!/member_00089,0,/a/0/5/8,187,89,,189132,195580,183920,190368,6448,39ec481e044494563d24bdf5e52f025a4e8cc4e0938f27b25274801ed55457ad,5247434efffe00013019000010000100,,NCGR graphics,Confirmed,True,False,,,,,,,,,,False,False
/a/0/5/8,/a/0/5/8!/member_00090,0,/a/0/5/8,187,90,,195580,198828,190368,193616,3248,7584f34d8b0ff6ea60d99dbe1277a4fad3dbf11261cb6e134c1c9f0a17a985b3,5247434efffe0101b00c000010000100,,NCGR graphics,Confirmed,True,False,,,,,,,,,,False,False
/a/0/5/8,/a/0/5/8!/member_00091,0,/a/0/5/8,187,91,,198828,199380,193616,194168,552,8b5190a2761d5c9fba4c49d6fe2d20c41df62ea1d483433f7573c201e54f2fdd,524c434efffe00012802000010000100,,NCLR palette,Confirmed,True,False,,,,,,,,,,False,False
/a/0/5/8,/a/0/5/8!/member_00092,0,/a/0/5/8,187,92,,199380,199555,194168,194343,175,8653d1a231b808ea29e3c614e7dcfc7eb1e8cc2042db51da415dfa58e8dea44c,5245434efffe0001af00000010000300,,NCER cell,Confirmed,True,False,,,,,,,,,,False,False
/a/0/5/8,/a/0/5/8!/member_00093,0,/a/0/5/8,187,93,,199556,199707,194344,194495,151,57c4f638dca35c82365e420f8c7d794c33f8f33053ddda43d831536fc24b21f0,524e414efffe00019700000010000300,,NANR animation,Confirmed,True,False,,,,,,,,,,False,False
/a/0/5/8,/a/0/5/8!/member_00094,0,/a/0/5/8,187,94,,199708,206156,194496,200944,6448,41cb51b7858e65c7b022c9b92563d5db2aebc9809c148a78ec2b091d665b2d23,5247434efffe00013019000010000100,,NCGR graphics,Confirmed,True,False,,,,,,,,,,False,False
/a/0/5/8,/a/0/5/8!/member_00095,0,/a/0/5/8,187,95,,206156,209404,200944,204192,3248,a53f30a9864674b435c9d4842e82e1db2f5f2cf078c100bfb65c13ea716b30a0,5247434efffe0101b00c000010000100,,NCGR graphics,Confirmed,True,False,,,,,,,,,,False,False
/a/0/5/8,/a/0/5/8!/member_00096,0,/a/0/5/8,187,96,,209404,209956,204192,204744,552,11a6a5e7cee93146bb30222d5901c4892499f1a70a15cee6e5863f307ae0bc96,524c434efffe00012802000010000100,,NCLR palette,Confirmed,True,False,,,,,,,,,,False,False
/a/0/5/8,/a/0/5/8!/member_00097,0,/a/0/5/8,187,97,,209956,210131,204744,204919,175,8653d1a231b808ea29e3c614e7dcfc7eb1e8cc2042db51da415dfa58e8dea44c,5245434efffe0001af00000010000300,,NCER cell,Confirmed,True,False,,,,,,,,,,False,False
/a/0/5/8,/a/0/5/8!/member_00098,0,/a/0/5/8,187,98,,210132,210283,204920,205071,151,57c4f638dca35c82365e420f8c7d794c33f8f33053ddda43d831536fc24b21f0,524e414efffe00019700000010000300,,NANR animation,Confirmed,True,False,,,,,,,,,,False,False
/a/0/5/8,/a/0/5/8!/member_00099,0,/a/0/5/8,187,99,,210284,216732,205072,211520,6448,1e59dd27f9943708a4980fe8d185842c7dc90b87f5169f6d93b58f54afa9736b,5247434efffe00013019000010000100,,NCGR graphics,Confirmed,True,False,,,,,,,,,,False,False
/a/0/5/8,/a/0/5/8!/member_00100,0,/a/0/5/8,187,100,,216732,219980,211520,214768,3248,e546b4c23ed28b9fc241672e59b664cc37526530e8817a51d8891347c94a92c7,5247434efffe0101b00c000010000100,,NCGR graphics,Confirmed,True,False,,,,,,,,,,False,False
/a/0/5/8,/a/0/5/8!/member_00101,0,/a/0/5/8,187,101,,219980,220532,214768,215320,552,3ce33a408671797c6c44241afdd1abfd617376968cab6b0c9f38ab90114602da,524c434efffe00012802000010000100,,NCLR palette,Confirmed,True,False,,,,,,,,,,False,False
/a/0/5/8,/a/0/5/8!/member_00102,0,/a/0/5/8,187,102,,220532,220707,215320,215495,175,8653d1a231b808ea29e3c614e7dcfc7eb1e8cc2042db51da415dfa58e8dea44c,5245434efffe0001af00000010000300,,NCER cell,Confirmed,True,False,,,,,,,,,,False,False
/a/0/5/8,/a/0/5/8!/member_00103,0,/a/0/5/8,187,103,,220708,220859,215496,215647,151,57c4f638dca35c82365e420f8c7d794c33f8f33053ddda43d831536fc24b21f0,524e414efffe00019700000010000300,,NANR animation,Confirmed,True,False,,,,,,,,,,False,False
/a/0/5/8,/a/0/5/8!/member_00104,0,/a/0/5/8,187,104,,220860,227308,215648,222096,6448,ca1f965ede85761424cde3bba09e77b47a11650a7559f1fc4a52d91b2ddb2f50,5247434efffe00013019000010000100,,NCGR graphics,Confirmed,True,False,,,,,,,,,,False,False
/a/0/5/8,/a/0/5/8!/member_00105,0,/a/0/5/8,187,105,,227308,230236,222096,225024,2928,64bfaf3121c830228e468b0516942f2ccd2008c8612daa64f673883b0375ab44,5247434efffe0101700b000010000100,,NCGR graphics,Confirmed,True,False,,,,,,,,,,False,False
/a/0/5/8,/a/0/5/8!/member_00106,0,/a/0/5/8,187,106,,230236,230788,225024,225576,552,ca7dfaa9271c141afb9939aeeb3edbc107f5b65366c2df92c1f391114a59b607,524c434efffe00012802000010000100,,NCLR palette,Confirmed,True,False,,,,,,,,,,False,False
/a/0/5/8,/a/0/5/8!/member_00107,0,/a/0/5/8,187,107,,230788,230963,225576,225751,175,a046da3c2e4d59a73f6d2f026c5eb426247d5c7caa9f780abba2d3cda02a796d,5245434efffe0001af00000010000300,,NCER cell,Confirmed,True,False,,,,,,,,,,False,False
/a/0/5/8,/a/0/5/8!/member_00108,0,/a/0/5/8,187,108,,230964,231115,225752,225903,151,57c4f638dca35c82365e420f8c7d794c33f8f33053ddda43d831536fc24b21f0,524e414efffe00019700000010000300,,NANR animation,Confirmed,True,False,,,,,,,,,,False,False
/a/0/5/8,/a/0/5/8!/member_00109,0,/a/0/5/8,187,109,,231116,237564,225904,232352,6448,41385c08dd4d712402fd203afa193558e6ec41b181ff73f5ecbba5756e3e3b68,5247434efffe00013019000010000100,,NCGR graphics,Confirmed,True,False,,,,,,,,,,False,False
/a/0/5/8,/a/0/5/8!/member_00110,0,/a/0/5/8,187,110,,237564,240812,232352,235600,3248,68d860e8a1cb83b94d505537397348977dbe3d2a1543c470d52c951b0faad15c,5247434efffe0101b00c000010000100,,NCGR graphics,Confirmed,True,False,,,,,,,,,,False,False
/a/0/5/8,/a/0/5/8!/member_00111,0,/a/0/5/8,187,111,,240812,241364,235600,236152,552,3291cf2149c2124f90b21962d912fd8fb51d54e8e165e01df75b81fc6de5f145,524c434efffe00012802000010000100,,NCLR palette,Confirmed,True,False,,,,,,,,,,False,False
/a/0/5/8,/a/0/5/8!/member_00112,0,/a/0/5/8,187,112,,241364,241539,236152,236327,175,8653d1a231b808ea29e3c614e7dcfc7eb1e8cc2042db51da415dfa58e8dea44c,5245434efffe0001af00000010000300,,NCER cell,Confirmed,True,False,,,,,,,,,,False,False
/a/0/5/8,/a/0/5/8!/member_00113,0,/a/0/5/8,187,113,,241540,241691,236328,236479,151,57c4f638dca35c82365e420f8c7d794c33f8f33053ddda43d831536fc24b21f0,524e414efffe00019700000010000300,,NANR animation,Confirmed,True,False,,,,,,,,,,False,False
/a/0/5/8,/a/0/5/8!/member_00114,0,/a/0/5/8,187,114,,241692,248140,236480,242928,6448,6dc33bb2bcc21d3756163e7457e9f144251750cbb05c8b935b2d490cae84dbc6,5247434efffe00013019000010000100,,NCGR graphics,Confirmed,True,False,,,,,,,,,,False,False
/a/0/5/8,/a/0/5/8!/member_00115,0,/a/0/5/8,187,115,,248140,257788,242928,252576,9648,eb7f49a3ed5c3bab2da8dce1334d26f5270f4703d1276b55d6d5c513a8c5a484,5247434efffe0101b025000010000100,,NCGR graphics,Confirmed,True,False,,,,,,,,,,False,False
/a/0/5/8,/a/0/5/8!/member_00116,0,/a/0/5/8,187,116,,257788,258340,252576,253128,552,407d7b17492e42af010617dc71ec72f389fd37ed0740a1f705df82134cfa5359,524c434efffe00012802000010000100,,NCLR palette,Confirmed,True,False,,,,,,,,,,False,False
/a/0/5/8,/a/0/5/8!/member_00117,0,/a/0/5/8,187,117,,258340,258681,253128,253469,341,26efb9e51b870446a2d08630529439d3d4509fb0f3e5ce8675020b8045a3c311,5245434efffe00015501000010000300,,NCER cell,Confirmed,True,False,,,,,,,,,,False,False
/a/0/5/8,/a/0/5/8!/member_00118,0,/a/0/5/8,187,118,,258684,259093,253472,253881,409,8e1ab267c596cf1813bd10e44227052c273184db067235e37e82e7f8f0b2022b,524e414efffe00019901000010000300,,NANR animation,Confirmed,True,False,,,,,,,,,,False,False
/a/0/5/8,/a/0/5/8!/member_00119,0,/a/0/5/8,187,119,,259096,265544,253884,260332,6448,5dbdfb99305cc10f598ccb47115222dd182db3cde01f08fa688af4cf5ecaf694,5247434efffe00013019000010000100,,NCGR graphics,Confirmed,True,False,,,,,,,,,,False,False
/a/0/5/8,/a/0/5/8!/member_00120,0,/a/0/5/8,187,120,,265544,268792,260332,263580,3248,4af791edf98c59f811c7a686fbf369f4b0e0dd0987cc397d77de6a43625dd249,5247434efffe0101b00c000010000100,,NCGR graphics,Confirmed,True,False,,,,,,,,,,False,False
/a/0/5/8,/a/0/5/8!/member_00121,0,/a/0/5/8,187,121,,268792,269344,263580,264132,552,2244408c55324f9e303f64e32b202bd22709fae2c7c78e8bfbabe8662e29577a,524c434efffe00012802000010000100,,NCLR palette,Confirmed,True,False,,,,,,,,,,False,False
/a/0/5/8,/a/0/5/8!/member_00122,0,/a/0/5/8,187,122,,269344,269519,264132,264307,175,8653d1a231b808ea29e3c614e7dcfc7eb1e8cc2042db51da415dfa58e8dea44c,5245434efffe0001af00000010000300,,NCER cell,Confirmed,True,False,,,,,,,,,,False,False
/a/0/5/8,/a/0/5/8!/member_00123,0,/a/0/5/8,187,123,,269520,269671,264308,264459,151,57c4f638dca35c82365e420f8c7d794c33f8f33053ddda43d831536fc24b21f0,524e414efffe00019700000010000300,,NANR animation,Confirmed,True,False,,,,,,,,,,False,False
/a/0/5/8,/a/0/5/8!/member_00124,0,/a/0/5/8,187,124,,269672,276120,264460,270908,6448,cb929cf8ecfebdc65ab83092400a810125cd614e985d9d2c5d144e87ce071ab5,5247434efffe00013019000010000100,,NCGR graphics,Confirmed,True,False,,,,,,,,,,False,False
/a/0/5/8,/a/0/5/8!/member_00125,0,/a/0/5/8,187,125,,276120,279368,270908,274156,3248,a0366a59137fd7b7050c5153f100bfb05a584d5c45b1a38bf53843d2efbbd751,5247434efffe0101b00c000010000100,,NCGR graphics,Confirmed,True,False,,,,,,,,,,False,False
/a/0/5/8,/a/0/5/8!/member_00126,0,/a/0/5/8,187,126,,279368,279920,274156,274708,552,2244408c55324f9e303f64e32b202bd22709fae2c7c78e8bfbabe8662e29577a,524c434efffe00012802000010000100,,NCLR palette,Confirmed,True,False,,,,,,,,,,False,False
/a/0/5/8,/a/0/5/8!/member_00127,0,/a/0/5/8,187,127,,279920,280095,274708,274883,175,8653d1a231b808ea29e3c614e7dcfc7eb1e8cc2042db51da415dfa58e8dea44c,5245434efffe0001af00000010000300,,NCER cell,Confirmed,True,False,,,,,,,,,,False,False
/a/0/5/8,/a/0/5/8!/member_00128,0,/a/0/5/8,187,128,,280096,280247,274884,275035,151,57c4f638dca35c82365e420f8c7d794c33f8f33053ddda43d831536fc24b21f0,524e414efffe00019700000010000300,,NANR animation,Confirmed,True,False,,,,,,,,,,False,False
/a/0/5/8,/a/0/5/8!/member_00129,0,/a/0/5/8,187,129,,280248,286696,275036,281484,6448,add729edf20c548733ded68980ec3645d6f28830967a0be2c862bf1c5852d5ae,5247434efffe00013019000010000100,,NCGR graphics,Confirmed,True,False,,,,,,,,,,False,False
/a/0/5/8,/a/0/5/8!/member_00130,0,/a/0/5/8,187,130,,286696,289944,281484,284732,3248,bb3cd78a8591db79cbf648a01eb3d03cf2df021c97d239ffa52bee13c7e4c5a1,5247434efffe0101b00c000010000100,,NCGR graphics,Confirmed,True,False,,,,,,,,,,False,False
/a/0/5/8,/a/0/5/8!/member_00131,0,/a/0/5/8,187,131,,289944,290496,284732,285284,552,4192e87ee4dd8953906979f077b9b9274b971e050228555fbda54ddec2863780,524c434efffe00012802000010000100,,NCLR palette,Confirmed,True,False,,,,,,,,,,False,False
/a/0/5/8,/a/0/5/8!/member_00132,0,/a/0/5/8,187,132,,290496,290671,285284,285459,175,8653d1a231b808ea29e3c614e7dcfc7eb1e8cc2042db51da415dfa58e8dea44c,5245434efffe0001af00000010000300,,NCER cell,Confirmed,True,False,,,,,,,,,,False,False
/a/0/5/8,/a/0/5/8!/member_00133,0,/a/0/5/8,187,133,,290672,290823,285460,285611,151,57c4f638dca35c82365e420f8c7d794c33f8f33053ddda43d831536fc24b21f0,524e414efffe00019700000010000300,,NANR animation,Confirmed,True,False,,,,,,,,,,False,False
/a/0/5/8,/a/0/5/8!/member_00134,0,/a/0/5/8,187,134,,290824,297272,285612,292060,6448,371a075c1396e57f130749d92943301d2af6c39d510fa030e2e0eaa8e9a95880,5247434efffe00013019000010000100,,NCGR graphics,Confirmed,True,False,,,,,,,,,,False,False
/a/0/5/8,/a/0/5/8!/member_00135,0,/a/0/5/8,187,135,,297272,300520,292060,295308,3248,6ee9b8ef8ed921ee481492102aff687587373f665cb46bbab4306503ec5f6b53,5247434efffe0101b00c000010000100,,NCGR graphics,Confirmed,True,False,,,,,,,,,,False,False
/a/0/5/8,/a/0/5/8!/member_00136,0,/a/0/5/8,187,136,,300520,301072,295308,295860,552,e3f86b6b7f5c5b24ade9fec375319251419efffc501e1d5dd2f2ace86f3c7e33,524c434efffe00012802000010000100,,NCLR palette,Confirmed,True,False,,,,,,,,,,False,False
/a/0/5/8,/a/0/5/8!/member_00137,0,/a/0/5/8,187,137,,301072,301247,295860,296035,175,8653d1a231b808ea29e3c614e7dcfc7eb1e8cc2042db51da415dfa58e8dea44c,5245434efffe0001af00000010000300,,NCER cell,Confirmed,True,False,,,,,,,,,,False,False
/a/0/5/8,/a/0/5/8!/member_00138,0,/a/0/5/8,187,138,,301248,301399,296036,296187,151,57c4f638dca35c82365e420f8c7d794c33f8f33053ddda43d831536fc24b21f0,524e414efffe00019700000010000300,,NANR animation,Confirmed,True,False,,,,,,,,,,False,False
/a/0/5/8,/a/0/5/8!/member_00139,0,/a/0/5/8,187,139,,301400,307848,296188,302636,6448,ba49ccab23782a483c72d56681dae33b48002ba7fed19fa0b29f96e7c6f0bec7,5247434efffe00013019000010000100,,NCGR graphics,Confirmed,True,False,,,,,,,,,,False,False
/a/0/5/8,/a/0/5/8!/member_00140,0,/a/0/5/8,187,140,,307848,311096,302636,305884,3248,10fec6706055362ca656f6c4afa6979c01b23c8c72d103d6d162af9f7f3dfe84,5247434efffe0101b00c000010000100,,NCGR graphics,Confirmed,True,False,,,,,,,,,,False,False
/a/0/5/8,/a/0/5/8!/member_00141,0,/a/0/5/8,187,141,,311096,311648,305884,306436,552,87e8af5c43a86148b7ad7905f498eac4a6e7c2ca9924a9851aa3549e92b0e564,524c434efffe00012802000010000100,,NCLR palette,Confirmed,True,False,,,,,,,,,,False,False
/a/0/5/8,/a/0/5/8!/member_00142,0,/a/0/5/8,187,142,,311648,311823,306436,306611,175,8653d1a231b808ea29e3c614e7dcfc7eb1e8cc2042db51da415dfa58e8dea44c,5245434efffe0001af00000010000300,,NCER cell,Confirmed,True,False,,,,,,,,,,False,False
/a/0/5/8,/a/0/5/8!/member_00143,0,/a/0/5/8,187,143,,311824,311975,306612,306763,151,57c4f638dca35c82365e420f8c7d794c33f8f33053ddda43d831536fc24b21f0,524e414efffe00019700000010000300,,NANR animation,Confirmed,True,False,,,,,,,,,,False,False
/a/0/5/8,/a/0/5/8!/member_00144,0,/a/0/5/8,187,144,,311976,318424,306764,313212,6448,be0f9d03da743dbf58327f963284d5a374404985742181b9e83722fc009cc8e2,5247434efffe00013019000010000100,,NCGR graphics,Confirmed,True,False,,,,,,,,,,False,False
/a/0/5/8,/a/0/5/8!/member_00145,0,/a/0/5/8,187,145,,318424,321672,313212,316460,3248,210bf49f56b427ad9603f82e9e2eae1478a5e10fb7eb53b428cc1da8b120a959,5247434efffe0101b00c000010000100,,NCGR graphics,Confirmed,True,False,,,,,,,,,,False,False
/a/0/5/8,/a/0/5/8!/member_00146,0,/a/0/5/8,187,146,,321672,322224,316460,317012,552,33636d1c24a4adefe8be92693e66e0d64ea04b2631d387668c535d7f1e2c4bac,524c434efffe00012802000010000100,,NCLR palette,Confirmed,True,False,,,,,,,,,,False,False
/a/0/5/8,/a/0/5/8!/member_00147,0,/a/0/5/8,187,147,,322224,322399,317012,317187,175,8653d1a231b808ea29e3c614e7dcfc7eb1e8cc2042db51da415dfa58e8dea44c,5245434efffe0001af00000010000300,,NCER cell,Confirmed,True,False,,,,,,,,,,False,False
/a/0/5/8,/a/0/5/8!/member_00148,0,/a/0/5/8,187,148,,322400,322551,317188,317339,151,57c4f638dca35c82365e420f8c7d794c33f8f33053ddda43d831536fc24b21f0,524e414efffe00019700000010000300,,NANR animation,Confirmed,True,False,,,,,,,,,,False,False
/a/0/5/8,/a/0/5/8!/member_00149,0,/a/0/5/8,187,149,,322552,329000,317340,323788,6448,fc3247602c64d0188c09860efb086c906a8a692d66714b12a0ebc1c00b00ed35,5247434efffe00013019000010000100,,NCGR graphics,Confirmed,True,False,,,,,,,,,,False,False
/a/0/5/8,/a/0/5/8!/member_00150,0,/a/0/5/8,187,150,,329000,332248,323788,327036,3248,6ef8c29f8ef7b62c5971724fa7196bc9178f4f1bc611214bf0750eefd162bdcf,5247434efffe0101b00c000010000100,,NCGR graphics,Confirmed,True,False,,,,,,,,,,False,False
/a/0/5/8,/a/0/5/8!/member_00151,0,/a/0/5/8,187,151,,332248,332800,327036,327588,552,0dd74e9c2d799fa2277449ea94cc2c9e66daf9b57723b53ead609d7c682caae0,524c434efffe00012802000010000100,,NCLR palette,Confirmed,True,False,,,,,,,,,,False,False
/a/0/5/8,/a/0/5/8!/member_00152,0,/a/0/5/8,187,152,,332800,332975,327588,327763,175,8653d1a231b808ea29e3c614e7dcfc7eb1e8cc2042db51da415dfa58e8dea44c,5245434efffe0001af00000010000300,,NCER cell,Confirmed,True,False,,,,,,,,,,False,False
/a/0/5/8,/a/0/5/8!/member_00153,0,/a/0/5/8,187,153,,332976,333127,327764,327915,151,57c4f638dca35c82365e420f8c7d794c33f8f33053ddda43d831536fc24b21f0,524e414efffe00019700000010000300,,NANR animation,Confirmed,True,False,,,,,,,,,,False,False
/a/0/5/8,/a/0/5/8!/member_00154,0,/a/0/5/8,187,154,,333128,339576,327916,334364,6448,650f6e95195755fc9b25f3453a729a5e1b1902365db3c6da5bcb506faac7f668,5247434efffe00013019000010000100,,NCGR graphics,Confirmed,True,False,,,,,,,,,,False,False
/a/0/5/8,/a/0/5/8!/member_00155,0,/a/0/5/8,187,155,,339576,342824,334364,337612,3248,f0718192082cb3dbcf7bce0450a5d7f4e1df43301a99db30e2f935730a4e53a4,5247434efffe0101b00c000010000100,,NCGR graphics,Confirmed,True,False,,,,,,,,,,False,False
/a/0/5/8,/a/0/5/8!/member_00156,0,/a/0/5/8,187,156,,342824,343376,337612,338164,552,ec93caa304d922181cdc2012caa9aefcf327f0e237717d40f7e1b3a1f1f016ce,524c434efffe00012802000010000100,,NCLR palette,Confirmed,True,False,,,,,,,,,,False,False
/a/0/5/8,/a/0/5/8!/member_00157,0,/a/0/5/8,187,157,,343376,343551,338164,338339,175,8653d1a231b808ea29e3c614e7dcfc7eb1e8cc2042db51da415dfa58e8dea44c,5245434efffe0001af00000010000300,,NCER cell,Confirmed,True,False,,,,,,,,,,False,False
/a/0/5/8,/a/0/5/8!/member_00158,0,/a/0/5/8,187,158,,343552,343703,338340,338491,151,57c4f638dca35c82365e420f8c7d794c33f8f33053ddda43d831536fc24b21f0,524e414efffe00019700000010000300,,NANR animation,Confirmed,True,False,,,,,,,,,,False,False
/a/0/5/8,/a/0/5/8!/member_00159,0,/a/0/5/8,187,159,,343704,350152,338492,344940,6448,5baf96143bff4cc1ccacb32b43ae3a1d9ccc80afc7d00fb1f06741bfbac10877,5247434efffe00013019000010000100,,NCGR graphics,Confirmed,True,False,,,,,,,,,,False,False
/a/0/5/8,/a/0/5/8!/member_00160,0,/a/0/5/8,187,160,,350152,353400,344940,348188,3248,21b03e8bf560d8f1cabfc9a6550b408c51e7075bb3619863227455f88f544fad,5247434efffe0101b00c000010000100,,NCGR graphics,Confirmed,True,False,,,,,,,,,,False,False
/a/0/5/8,/a/0/5/8!/member_00161,0,/a/0/5/8,187,161,,353400,353952,348188,348740,552,7255535d6acab8697fc4e35d6e257081a9b1d011d8c034799190af163c0d4720,524c434efffe00012802000010000100,,NCLR palette,Confirmed,True,False,,,,,,,,,,False,False
/a/0/5/8,/a/0/5/8!/member_00162,0,/a/0/5/8,187,162,,353952,354127,348740,348915,175,8653d1a231b808ea29e3c614e7dcfc7eb1e8cc2042db51da415dfa58e8dea44c,5245434efffe0001af00000010000300,,NCER cell,Confirmed,True,False,,,,,,,,,,False,False
/a/0/5/8,/a/0/5/8!/member_00163,0,/a/0/5/8,187,163,,354128,354279,348916,349067,151,57c4f638dca35c82365e420f8c7d794c33f8f33053ddda43d831536fc24b21f0,524e414efffe00019700000010000300,,NANR animation,Confirmed,True,False,,,,,,,,,,False,False
/a/0/5/8,/a/0/5/8!/member_00164,0,/a/0/5/8,187,164,,354280,360728,349068,355516,6448,ce14a5563ae448b7e1fcdbb203ea4afba86f38f0b848ce6ae6ccc04a70eb625f,5247434efffe00013019000010000100,,NCGR graphics,Confirmed,True,False,,,,,,,,,,False,False
/a/0/5/8,/a/0/5/8!/member_00165,0,/a/0/5/8,187,165,,360728,363976,355516,358764,3248,26854981972035dd56b1af372c5e027bf3bfc6b65b596fc28ff475b8ea986622,5247434efffe0101b00c000010000100,,NCGR graphics,Confirmed,True,False,,,,,,,,,,False,False
/a/0/5/8,/a/0/5/8!/member_00166,0,/a/0/5/8,187,166,,363976,364528,358764,359316,552,c0de8cd960606be20c4e67d673d03ee5baacac1d93b7d7805028ed49a3690942,524c434efffe00012802000010000100,,NCLR palette,Confirmed,True,False,,,,,,,,,,False,False
/a/0/5/8,/a/0/5/8!/member_00167,0,/a/0/5/8,187,167,,364528,364703,359316,359491,175,8653d1a231b808ea29e3c614e7dcfc7eb1e8cc2042db51da415dfa58e8dea44c,5245434efffe0001af00000010000300,,NCER cell,Confirmed,True,False,,,,,,,,,,False,False
/a/0/5/8,/a/0/5/8!/member_00168,0,/a/0/5/8,187,168,,364704,364855,359492,359643,151,57c4f638dca35c82365e420f8c7d794c33f8f33053ddda43d831536fc24b21f0,524e414efffe00019700000010000300,,NANR animation,Confirmed,True,False,,,,,,,,,,False,False
/a/0/5/8,/a/0/5/8!/member_00169,0,/a/0/5/8,187,169,,364856,371304,359644,366092,6448,b13f2b094515214309caea4a229cc3dc2ed08d8d64b6b1fe54ddf410f646bf4c,5247434efffe00013019000010000100,,NCGR graphics,Confirmed,True,False,,,,,,,,,,False,False
/a/0/5/8,/a/0/5/8!/member_00170,0,/a/0/5/8,187,170,,371304,374552,366092,369340,3248,9c1d25af48ec4fd706c49976bb3377b110dce7f76912e137b3c8e76d89e07b70,5247434efffe0101b00c000010000100,,NCGR graphics,Confirmed,True,False,,,,,,,,,,False,False
/a/0/5/8,/a/0/5/8!/member_00171,0,/a/0/5/8,187,171,,374552,375104,369340,369892,552,1dcecc1ac36a20de60cf4ec2855480ad2d5e051069fca314c3a6463547b72ff8,524c434efffe00012802000010000100,,NCLR palette,Confirmed,True,False,,,,,,,,,,False,False
/a/0/5/8,/a/0/5/8!/member_00172,0,/a/0/5/8,187,172,,375104,375279,369892,370067,175,8653d1a231b808ea29e3c614e7dcfc7eb1e8cc2042db51da415dfa58e8dea44c,5245434efffe0001af00000010000300,,NCER cell,Confirmed,True,False,,,,,,,,,,False,False
/a/0/5/8,/a/0/5/8!/member_00173,0,/a/0/5/8,187,173,,375280,375431,370068,370219,151,57c4f638dca35c82365e420f8c7d794c33f8f33053ddda43d831536fc24b21f0,524e414efffe00019700000010000300,,NANR animation,Confirmed,True,False,,,,,,,,,,False,False
/a/0/5/8,/a/0/5/8!/member_00174,0,/a/0/5/8,187,174,,375432,381880,370220,376668,6448,d1a9896723fc0f44f62fa5c622cb57605fc8e3112107961f430ac93e88b1d976,5247434efffe00013019000010000100,,NCGR graphics,Confirmed,True,False,,,,,,,,,,False,False
/a/0/5/8,/a/0/5/8!/member_00175,0,/a/0/5/8,187,175,,381880,385128,376668,379916,3248,a829e1391f3e407bd03b84cd0ac35ee9783bb4c2195ab95a6050d6b87102f997,5247434efffe0101b00c000010000100,,NCGR graphics,Confirmed,True,False,,,,,,,,,,False,False
/a/0/5/8,/a/0/5/8!/member_00176,0,/a/0/5/8,187,176,,385128,385680,379916,380468,552,10f268a2ca583960b59cd419cc2f33ed31515c90f5090d43a2eee68c6fba5ba7,524c434efffe00012802000010000100,,NCLR palette,Confirmed,True,False,,,,,,,,,,False,False
/a/0/5/8,/a/0/5/8!/member_00177,0,/a/0/5/8,187,177,,385680,385855,380468,380643,175,8653d1a231b808ea29e3c614e7dcfc7eb1e8cc2042db51da415dfa58e8dea44c,5245434efffe0001af00000010000300,,NCER cell,Confirmed,True,False,,,,,,,,,,False,False
/a/0/5/8,/a/0/5/8!/member_00178,0,/a/0/5/8,187,178,,385856,386007,380644,380795,151,57c4f638dca35c82365e420f8c7d794c33f8f33053ddda43d831536fc24b21f0,524e414efffe00019700000010000300,,NANR animation,Confirmed,True,False,,,,,,,,,,False,False
/a/0/5/8,/a/0/5/8!/member_00179,0,/a/0/5/8,187,179,,386008,392456,380796,387244,6448,91eb4bd2a0d1a373471074427269ddd37cfab9d9b9c8c9c674efe6df25e61bf1,5247434efffe00013019000010000100,,NCGR graphics,Confirmed,True,False,,,,,,,,,,False,False
/a/0/5/8,/a/0/5/8!/member_00180,0,/a/0/5/8,187,180,,392456,395704,387244,390492,3248,f5d805bf783d78d57418918bfe3b25fb2b034517076c4355c0f64e7a63dec273,5247434efffe0101b00c000010000100,,NCGR graphics,Confirmed,True,False,,,,,,,,,,False,False
/a/0/5/8,/a/0/5/8!/member_00181,0,/a/0/5/8,187,181,,395704,396256,390492,391044,552,eb7bc307d42a7e2c6f74b920800786dcbc5ad3ff615a08a99a54fbb38558a76a,524c434efffe00012802000010000100,,NCLR palette,Confirmed,True,False,,,,,,,,,,False,False
/a/0/5/8,/a/0/5/8!/member_00182,0,/a/0/5/8,187,182,,396256,396431,391044,391219,175,8653d1a231b808ea29e3c614e7dcfc7eb1e8cc2042db51da415dfa58e8dea44c,5245434efffe0001af00000010000300,,NCER cell,Confirmed,True,False,,,,,,,,,,False,False
/a/0/5/8,/a/0/5/8!/member_00183,0,/a/0/5/8,187,183,,396432,396583,391220,391371,151,57c4f638dca35c82365e420f8c7d794c33f8f33053ddda43d831536fc24b21f0,524e414efffe00019700000010000300,,NANR animation,Confirmed,True,False,,,,,,,,,,False,False
/a/0/5/8,/a/0/5/8!/member_00184,0,/a/0/5/8,187,184,,396584,403032,391372,397820,6448,a5b7d4cfd10499570e0ebafab704f81d3ec29b5b9b1a91c971b01434126f6050,5247434efffe00013019000010000100,,NCGR graphics,Confirmed,True,False,,,,,,,,,,False,False
/a/0/5/8,/a/0/5/8!/member_00185,0,/a/0/5/8,187,185,,403032,406280,397820,401068,3248,fb488a07761106819adf2d0810f5db8961b05d72da90ceef79dcd3e63aec4c66,5247434efffe0101b00c000010000100,,NCGR graphics,Confirmed,True,False,,,,,,,,,,False,False
/a/0/5/8,/a/0/5/8!/member_00186,0,/a/0/5/8,187,186,,406280,406832,401068,401620,552,3e2de8e4ac5f9c12fe25b9c2af1b347887df484a7107085cee85228fdbbe89b9,524c434efffe00012802000010000100,,NCLR palette,Confirmed,True,False,,,,,,,,,,False,False
/a/0/5/8,/a/0/5/8!/member_00187,0,/a/0/5/8,187,187,,406832,407007,401620,401795,175,8653d1a231b808ea29e3c614e7dcfc7eb1e8cc2042db51da415dfa58e8dea44c,5245434efffe0001af00000010000300,,NCER cell,Confirmed,True,False,,,,,,,,,,False,False
/a/0/5/8,/a/0/5/8!/member_00188,0,/a/0/5/8,187,188,,407008,407159,401796,401947,151,57c4f638dca35c82365e420f8c7d794c33f8f33053ddda43d831536fc24b21f0,524e414efffe00019700000010000300,,NANR animation,Confirmed,True,False,,,,,,,,,,False,False
/a/0/5/8,/a/0/5/8!/member_00189,0,/a/0/5/8,187,189,,407160,413608,401948,408396,6448,b1532df1dad17bc2f93aeaf4ca2a230a75ed63d59ef47597297a55a4f9ca2b31,5247434efffe00013019000010000100,,NCGR graphics,Confirmed,True,False,,,,,,,,,,False,False
/a/0/5/8,/a/0/5/8!/member_00190,0,/a/0/5/8,187,190,,413608,416856,408396,411644,3248,2a1371529a5586d3f9c7d2e14d4e3cc44360b0aadf9877185ab395c2b0f18ef2,5247434efffe0101b00c000010000100,,NCGR graphics,Confirmed,True,False,,,,,,,,,,False,False
/a/0/5/8,/a/0/5/8!/member_00191,0,/a/0/5/8,187,191,,416856,417408,411644,412196,552,544530b859320f3514b3c4fa1a49eec20a2b69730232e44ba30286cac74f58cd,524c434efffe00012802000010000100,,NCLR palette,Confirmed,True,False,,,,,,,,,,False,False
/a/0/5/8,/a/0/5/8!/member_00192,0,/a/0/5/8,187,192,,417408,417583,412196,412371,175,8653d1a231b808ea29e3c614e7dcfc7eb1e8cc2042db51da415dfa58e8dea44c,5245434efffe0001af00000010000300,,NCER cell,Confirmed,True,False,,,,,,,,,,False,False
/a/0/5/8,/a/0/5/8!/member_00193,0,/a/0/5/8,187,193,,417584,417735,412372,412523,151,57c4f638dca35c82365e420f8c7d794c33f8f33053ddda43d831536fc24b21f0,524e414efffe00019700000010000300,,NANR animation,Confirmed,True,False,,,,,,,,,,False,False
/a/0/5/8,/a/0/5/8!/member_00194,0,/a/0/5/8,187,194,,417736,424184,412524,418972,6448,b8a67e8c085b8f9123b588028ca1ce3712b76e7fa90aabeae30ed8f47370ceac,5247434efffe00013019000010000100,,NCGR graphics,Confirmed,True,False,,,,,,,,,,False,False
/a/0/5/8,/a/0/5/8!/member_00195,0,/a/0/5/8,187,195,,424184,427432,418972,422220,3248,f4997e12a101cef8712a805ea6ee02dda0a7ddf63bd151d447b85ddc52644e8f,5247434efffe0101b00c000010000100,,NCGR graphics,Confirmed,True,False,,,,,,,,,,False,False
/a/0/5/8,/a/0/5/8!/member_00196,0,/a/0/5/8,187,196,,427432,427984,422220,422772,552,1b634bb8cb244b804e888f67a2563e633d05e7e3ee4029ff02b6afa8d02ec43d,524c434efffe00012802000010000100,,NCLR palette,Confirmed,True,False,,,,,,,,,,False,False
/a/0/5/8,/a/0/5/8!/member_00197,0,/a/0/5/8,187,197,,427984,428159,422772,422947,175,8653d1a231b808ea29e3c614e7dcfc7eb1e8cc2042db51da415dfa58e8dea44c,5245434efffe0001af00000010000300,,NCER cell,Confirmed,True,False,,,,,,,,,,False,False
/a/0/5/8,/a/0/5/8!/member_00198,0,/a/0/5/8,187,198,,428160,428311,422948,423099,151,57c4f638dca35c82365e420f8c7d794c33f8f33053ddda43d831536fc24b21f0,524e414efffe00019700000010000300,,NANR animation,Confirmed,True,False,,,,,,,,,,False,False
/a/0/5/8,/a/0/5/8!/member_00199,0,/a/0/5/8,187,199,,428312,434760,423100,429548,6448,daf916155e0107d47c09661be58cc09e45ce6aaf1ebc962809d0d54d60d4e358,5247434efffe00013019000010000100,,NCGR graphics,Confirmed,True,False,,,,,,,,,,False,False
/a/0/5/8,/a/0/5/8!/member_00200,0,/a/0/5/8,187,200,,434760,438008,429548,432796,3248,ec854619a6df8ba8efd3c4655f80978daaadffc510d58db84658fa14c2c79c00,5247434efffe0101b00c000010000100,,NCGR graphics,Confirmed,True,False,,,,,,,,,,False,False
/a/0/5/8,/a/0/5/8!/member_00201,0,/a/0/5/8,187,201,,438008,438560,432796,433348,552,1b634bb8cb244b804e888f67a2563e633d05e7e3ee4029ff02b6afa8d02ec43d,524c434efffe00012802000010000100,,NCLR palette,Confirmed,True,False,,,,,,,,,,False,False
/a/0/5/8,/a/0/5/8!/member_00202,0,/a/0/5/8,187,202,,438560,438735,433348,433523,175,8653d1a231b808ea29e3c614e7dcfc7eb1e8cc2042db51da415dfa58e8dea44c,5245434efffe0001af00000010000300,,NCER cell,Confirmed,True,False,,,,,,,,,,False,False
/a/0/5/8,/a/0/5/8!/member_00203,0,/a/0/5/8,187,203,,438736,438887,433524,433675,151,57c4f638dca35c82365e420f8c7d794c33f8f33053ddda43d831536fc24b21f0,524e414efffe00019700000010000300,,NANR animation,Confirmed,True,False,,,,,,,,,,False,False
/a/0/5/8,/a/0/5/8!/member_00204,0,/a/0/5/8,187,204,,438888,445336,433676,440124,6448,e9c69b53120b2530e3b3c02ae8cdf0ce776bad096ed59dc0c755952b9f1652a5,5247434efffe00013019000010000100,,NCGR graphics,Confirmed,True,False,,,,,,,,,,False,False
/a/0/5/8,/a/0/5/8!/member_00205,0,/a/0/5/8,187,205,,445336,448584,440124,443372,3248,5c17abfa62e2eb155458feaa7815de11d99a38daf3e22ba2aaed6de5bae8e0ab,5247434efffe0101b00c000010000100,,NCGR graphics,Confirmed,True,False,,,,,,,,,,False,False
/a/0/5/8,/a/0/5/8!/member_00206,0,/a/0/5/8,187,206,,448584,449136,443372,443924,552,123afdd847b1930005ebdcafd8eabe8ce2e7f449e7bb96365117df3e95441f5f,524c434efffe00012802000010000100,,NCLR palette,Confirmed,True,False,,,,,,,,,,False,False
/a/0/5/8,/a/0/5/8!/member_00207,0,/a/0/5/8,187,207,,449136,449311,443924,444099,175,8653d1a231b808ea29e3c614e7dcfc7eb1e8cc2042db51da415dfa58e8dea44c,5245434efffe0001af00000010000300,,NCER cell,Confirmed,True,False,,,,,,,,,,False,False
/a/0/5/8,/a/0/5/8!/member_00208,0,/a/0/5/8,187,208,,449312,449463,444100,444251,151,57c4f638dca35c82365e420f8c7d794c33f8f33053ddda43d831536fc24b21f0,524e414efffe00019700000010000300,,NANR animation,Confirmed,True,False,,,,,,,,,,False,False
/a/0/5/8,/a/0/5/8!/member_00209,0,/a/0/5/8,187,209,,449464,455912,444252,450700,6448,b7269282200775136b221cb3725cf306d6d019f5b5ba7be03e061114442cd46f,5247434efffe00013019000010000100,,NCGR graphics,Confirmed,True,False,,,,,,,,,,False,False
/a/0/5/8,/a/0/5/8!/member_00210,0,/a/0/5/8,187,210,,455912,459160,450700,453948,3248,288bc6d4389a1ffc02031a2e953ddfc2472508e214615fcb208a632a3982e1bd,5247434efffe0101b00c000010000100,,NCGR graphics,Confirmed,True,False,,,,,,,,,,False,False
/a/0/5/8,/a/0/5/8!/member_00211,0,/a/0/5/8,187,211,,459160,459712,453948,454500,552,91ea2563940da95d30de4ceae49303cd5cdf377b95c6f051a1d7ebe1c306f595,524c434efffe00012802000010000100,,NCLR palette,Confirmed,True,False,,,,,,,,,,False,False
/a/0/5/8,/a/0/5/8!/member_00212,0,/a/0/5/8,187,212,,459712,459887,454500,454675,175,8653d1a231b808ea29e3c614e7dcfc7eb1e8cc2042db51da415dfa58e8dea44c,5245434efffe0001af00000010000300,,NCER cell,Confirmed,True,False,,,,,,,,,,False,False
/a/0/5/8,/a/0/5/8!/member_00213,0,/a/0/5/8,187,213,,459888,460039,454676,454827,151,57c4f638dca35c82365e420f8c7d794c33f8f33053ddda43d831536fc24b21f0,524e414efffe00019700000010000300,,NANR animation,Confirmed,True,False,,,,,,,,,,False,False
/a/0/5/8,/a/0/5/8!/member_00214,0,/a/0/5/8,187,214,,460040,466488,454828,461276,6448,a16169f70a634d7487929accd1648a86da75f06e4dd68fd4b9aadc01401f1b94,5247434efffe00013019000010000100,,NCGR graphics,Confirmed,True,False,,,,,,,,,,False,False
/a/0/5/8,/a/0/5/8!/member_00215,0,/a/0/5/8,187,215,,466488,469736,461276,464524,3248,6dcc42d69f3ee12a4acf1a4998b5c009e96ab7ff15eeed4b988da6994deb9614,5247434efffe0101b00c000010000100,,NCGR graphics,Confirmed,True,False,,,,,,,,,,False,False
/a/0/5/8,/a/0/5/8!/member_00216,0,/a/0/5/8,187,216,,469736,470288,464524,465076,552,7653505d46547c94d09ea472b23180daeacbf3d5b163e02118358a85ebc6fc67,524c434efffe00012802000010000100,,NCLR palette,Confirmed,True,False,,,,,,,,,,False,False
/a/0/5/8,/a/0/5/8!/member_00217,0,/a/0/5/8,187,217,,470288,470463,465076,465251,175,8653d1a231b808ea29e3c614e7dcfc7eb1e8cc2042db51da415dfa58e8dea44c,5245434efffe0001af00000010000300,,NCER cell,Confirmed,True,False,,,,,,,,,,False,False
/a/0/5/8,/a/0/5/8!/member_00218,0,/a/0/5/8,187,218,,470464,470615,465252,465403,151,57c4f638dca35c82365e420f8c7d794c33f8f33053ddda43d831536fc24b21f0,524e414efffe00019700000010000300,,NANR animation,Confirmed,True,False,,,,,,,,,,False,False
/a/0/5/8,/a/0/5/8!/member_00219,0,/a/0/5/8,187,219,,470616,477064,465404,471852,6448,ec46f55c5007f5aff83d940d55da6227343a2aab955b8f00b0780982b424fc76,5247434efffe00013019000010000100,,NCGR graphics,Confirmed,True,False,,,,,,,,,,False,False
/a/0/5/8,/a/0/5/8!/member_00220,0,/a/0/5/8,187,220,,477064,480312,471852,475100,3248,73625ef4ba07423d7c2bb4b0c6ffe97c560f656e0394b8eb8bbe421f0508ac81,5247434efffe0101b00c000010000100,,NCGR graphics,Confirmed,True,False,,,,,,,,,,False,False
/a/0/5/8,/a/0/5/8!/member_00221,0,/a/0/5/8,187,221,,480312,480864,475100,475652,552,295d4c72b4863cddd29494791219260ce307f8b1cd8aae93528013f4f21fd689,524c434efffe00012802000010000100,,NCLR palette,Confirmed,True,False,,,,,,,,,,False,False
/a/0/5/8,/a/0/5/8!/member_00222,0,/a/0/5/8,187,222,,480864,481039,475652,475827,175,8653d1a231b808ea29e3c614e7dcfc7eb1e8cc2042db51da415dfa58e8dea44c,5245434efffe0001af00000010000300,,NCER cell,Confirmed,True,False,,,,,,,,,,False,False
/a/0/5/8,/a/0/5/8!/member_00223,0,/a/0/5/8,187,223,,481040,481191,475828,475979,151,57c4f638dca35c82365e420f8c7d794c33f8f33053ddda43d831536fc24b21f0,524e414efffe00019700000010000300,,NANR animation,Confirmed,True,False,,,,,,,,,,False,False
/a/0/5/8,/a/0/5/8!/member_00224,0,/a/0/5/8,187,224,,481192,487640,475980,482428,6448,7708b8def1c5708646d2989515c747e429a7f31e97f093e242907b11fcd67360,5247434efffe00013019000010000100,,NCGR graphics,Confirmed,True,False,,,,,,,,,,False,False
/a/0/5/8,/a/0/5/8!/member_00225,0,/a/0/5/8,187,225,,487640,490888,482428,485676,3248,a3d8c8f0c847a37a6f7598392fc89796aef1156e8cc9bdf1f932729ec7afae14,5247434efffe0101b00c000010000100,,NCGR graphics,Confirmed,True,False,,,,,,,,,,False,False
/a/0/5/8,/a/0/5/8!/member_00226,0,/a/0/5/8,187,226,,490888,491440,485676,486228,552,624595e59fe7440b5a10500eedfbe992c64337b870e6b943bd51289680af0ab0,524c434efffe00012802000010000100,,NCLR palette,Confirmed,True,False,,,,,,,,,,False,False
/a/0/5/8,/a/0/5/8!/member_00227,0,/a/0/5/8,187,227,,491440,491615,486228,486403,175,8653d1a231b808ea29e3c614e7dcfc7eb1e8cc2042db51da415dfa58e8dea44c,5245434efffe0001af00000010000300,,NCER cell,Confirmed,True,False,,,,,,,,,,False,False
/a/0/5/8,/a/0/5/8!/member_00228,0,/a/0/5/8,187,228,,491616,491767,486404,486555,151,57c4f638dca35c82365e420f8c7d794c33f8f33053ddda43d831536fc24b21f0,524e414efffe00019700000010000300,,NANR animation,Confirmed,True,False,,,,,,,,,,False,False
/a/0/5/8,/a/0/5/8!/member_00229,0,/a/0/5/8,187,229,,491768,498216,486556,493004,6448,f0f734f6718628f9bacc2c4d7acc4d923d6da746a4ed7b62b1c6ba762f4cd328,5247434efffe00013019000010000100,,NCGR graphics,Confirmed,True,False,,,,,,,,,,False,False
/a/0/5/8,/a/0/5/8!/member_00230,0,/a/0/5/8,187,230,,498216,501464,493004,496252,3248,74fa8f1d33ee53d9d74e77b65c71a07575b2598ad0c805876273df40208bddd5,5247434efffe0101b00c000010000100,,NCGR graphics,Confirmed,True,False,,,,,,,,,,False,False
/a/0/5/8,/a/0/5/8!/member_00231,0,/a/0/5/8,187,231,,501464,502016,496252,496804,552,20f3810e2c113bc8d09124de647abf3c885faeae6950dbcf81481e51a08a1e0c,524c434efffe00012802000010000100,,NCLR palette,Confirmed,True,False,,,,,,,,,,False,False
/a/0/5/8,/a/0/5/8!/member_00232,0,/a/0/5/8,187,232,,502016,502191,496804,496979,175,8653d1a231b808ea29e3c614e7dcfc7eb1e8cc2042db51da415dfa58e8dea44c,5245434efffe0001af00000010000300,,NCER cell,Confirmed,True,False,,,,,,,,,,False,False
/a/0/5/8,/a/0/5/8!/member_00233,0,/a/0/5/8,187,233,,502192,502343,496980,497131,151,57c4f638dca35c82365e420f8c7d794c33f8f33053ddda43d831536fc24b21f0,524e414efffe00019700000010000300,,NANR animation,Confirmed,True,False,,,,,,,,,,False,False
/a/0/5/8,/a/0/5/8!/member_00234,0,/a/0/5/8,187,234,,502344,508792,497132,503580,6448,941a9033c601f4ddc7440d4a7cf79b38fdd48d70e9aa0a51e7c123feaa92d909,5247434efffe00013019000010000100,,NCGR graphics,Confirmed,True,False,,,,,,,,,,False,False
/a/0/5/8,/a/0/5/8!/member_00235,0,/a/0/5/8,187,235,,508792,512040,503580,506828,3248,56cc33ad023735d536ec815b54f418478a0a081aeabeb8cf2fb5f754a542639a,5247434efffe0101b00c000010000100,,NCGR graphics,Confirmed,True,False,,,,,,,,,,False,False
/a/0/5/8,/a/0/5/8!/member_00236,0,/a/0/5/8,187,236,,512040,512592,506828,507380,552,785cff1738643d43011f215b9b26779357c210de515c809a15b9396b67f55c50,524c434efffe00012802000010000100,,NCLR palette,Confirmed,True,False,,,,,,,,,,False,False
/a/0/5/8,/a/0/5/8!/member_00237,0,/a/0/5/8,187,237,,512592,512767,507380,507555,175,8653d1a231b808ea29e3c614e7dcfc7eb1e8cc2042db51da415dfa58e8dea44c,5245434efffe0001af00000010000300,,NCER cell,Confirmed,True,False,,,,,,,,,,False,False
/a/0/5/8,/a/0/5/8!/member_00238,0,/a/0/5/8,187,238,,512768,512919,507556,507707,151,57c4f638dca35c82365e420f8c7d794c33f8f33053ddda43d831536fc24b21f0,524e414efffe00019700000010000300,,NANR animation,Confirmed,True,False,,,,,,,,,,False,False
/a/0/5/8,/a/0/5/8!/member_00239,0,/a/0/5/8,187,239,,512920,519368,507708,514156,6448,f8646ee14ef38386e86edcfd25e1a0ff0874adf8956a0abac66e152c006c4409,5247434efffe00013019000010000100,,NCGR graphics,Confirmed,True,False,,,,,,,,,,False,False
/a/0/5/8,/a/0/5/8!/member_00240,0,/a/0/5/8,187,240,,519368,522616,514156,517404,3248,222fedbbcb1007ee29ef28bda4716157844966d16275970ea515b73efed1eb6e,5247434efffe0101b00c000010000100,,NCGR graphics,Confirmed,True,False,,,,,,,,,,False,False
/a/0/5/8,/a/0/5/8!/member_00241,0,/a/0/5/8,187,241,,522616,523168,517404,517956,552,45f703288426efeffe4a15d43659cc93b9c7a32b1894a85047e4250a21b32fc8,524c434efffe00012802000010000100,,NCLR palette,Confirmed,True,False,,,,,,,,,,False,False
/a/0/5/8,/a/0/5/8!/member_00242,0,/a/0/5/8,187,242,,523168,523343,517956,518131,175,8653d1a231b808ea29e3c614e7dcfc7eb1e8cc2042db51da415dfa58e8dea44c,5245434efffe0001af00000010000300,,NCER cell,Confirmed,True,False,,,,,,,,,,False,False
/a/0/5/8,/a/0/5/8!/member_00243,0,/a/0/5/8,187,243,,523344,523495,518132,518283,151,57c4f638dca35c82365e420f8c7d794c33f8f33053ddda43d831536fc24b21f0,524e414efffe00019700000010000300,,NANR animation,Confirmed,True,False,,,,,,,,,,False,False
/a/0/5/8,/a/0/5/8!/member_00244,0,/a/0/5/8,187,244,,523496,529944,518284,524732,6448,2d5732bc1284dfc9738d981b1059f816cf410a9cc585d1a48dfa5a563dbb976d,5247434efffe00013019000010000100,,NCGR graphics,Confirmed,True,False,,,,,,,,,,False,False
/a/0/5/8,/a/0/5/8!/member_00245,0,/a/0/5/8,187,245,,529944,533192,524732,527980,3248,9242f0a0153b567d6f89438762395b8699d3103e4d1e2a8c58994e5bbb264cc0,5247434efffe0101b00c000010000100,,NCGR graphics,Confirmed,True,False,,,,,,,,,,False,False
/a/0/5/8,/a/0/5/8!/member_00246,0,/a/0/5/8,187,246,,533192,533744,527980,528532,552,3cbbf1ff05a55831f97396b1cba9d66053e6cfbc9c31ecb7d284c95378365787,524c434efffe00012802000010000100,,NCLR palette,Confirmed,True,False,,,,,,,,,,False,False
/a/0/5/8,/a/0/5/8!/member_00247,0,/a/0/5/8,187,247,,533744,533919,528532,528707,175,8653d1a231b808ea29e3c614e7dcfc7eb1e8cc2042db51da415dfa58e8dea44c,5245434efffe0001af00000010000300,,NCER cell,Confirmed,True,False,,,,,,,,,,False,False
/a/0/5/8,/a/0/5/8!/member_00248,0,/a/0/5/8,187,248,,533920,534071,528708,528859,151,57c4f638dca35c82365e420f8c7d794c33f8f33053ddda43d831536fc24b21f0,524e414efffe00019700000010000300,,NANR animation,Confirmed,True,False,,,,,,,,,,False,False
/a/0/5/8,/a/0/5/8!/member_00249,0,/a/0/5/8,187,249,,534072,540520,528860,535308,6448,2c0dfc11533f5c39b1d04061a3f46d4fa73482e6f23d7b7d9dd9f15d70c18557,5247434efffe00013019000010000100,,NCGR graphics,Confirmed,True,False,,,,,,,,,,False,False
/a/0/5/8,/a/0/5/8!/member_00250,0,/a/0/5/8,187,250,,540520,543768,535308,538556,3248,bca368d961ad2d928eecd28f2ee29a88510f07d8cefe7f7fcedc112b8b0f4da1,5247434efffe0101b00c000010000100,,NCGR graphics,Confirmed,True,False,,,,,,,,,,False,False
/a/0/5/8,/a/0/5/8!/member_00251,0,/a/0/5/8,187,251,,543768,544320,538556,539108,552,9823e94a8589625e4d1db92f380d7de7038176e3fe2eea245dd80f070827fe6e,524c434efffe00012802000010000100,,NCLR palette,Confirmed,True,False,,,,,,,,,,False,False
/a/0/5/8,/a/0/5/8!/member_00252,0,/a/0/5/8,187,252,,544320,544495,539108,539283,175,8653d1a231b808ea29e3c614e7dcfc7eb1e8cc2042db51da415dfa58e8dea44c,5245434efffe0001af00000010000300,,NCER cell,Confirmed,True,False,,,,,,,,,,False,False
/a/0/5/8,/a/0/5/8!/member_00253,0,/a/0/5/8,187,253,,544496,544647,539284,539435,151,57c4f638dca35c82365e420f8c7d794c33f8f33053ddda43d831536fc24b21f0,524e414efffe00019700000010000300,,NANR animation,Confirmed,True,False,,,,,,,,,,False,False
/a/0/5/8,/a/0/5/8!/member_00254,0,/a/0/5/8,187,254,,544648,551096,539436,545884,6448,c78da25d2e400c555f48eb69d363673f95588aea581a70fffaf52adbb05dbb33,5247434efffe00013019000010000100,,NCGR graphics,Confirmed,True,False,,,,,,,,,,False,False
/a/0/5/8,/a/0/5/8!/member_00255,0,/a/0/5/8,187,255,,551096,554344,545884,549132,3248,72a71ca85d3feff2d0de463c8805972bc24b08cf0a0da79904925ba85bbec28b,5247434efffe0101b00c000010000100,,NCGR graphics,Confirmed,True,False,,,,,,,,,,False,False
/a/0/5/8,/a/0/5/8!/member_00256,0,/a/0/5/8,187,256,,554344,554896,549132,549684,552,b3cfd28c1a1fa55fbc4173d8a0c8f3e926ad708fb7c36968acebc466a3c454ae,524c434efffe00012802000010000100,,NCLR palette,Confirmed,True,False,,,,,,,,,,False,False
/a/0/5/8,/a/0/5/8!/member_00257,0,/a/0/5/8,187,257,,554896,555071,549684,549859,175,8653d1a231b808ea29e3c614e7dcfc7eb1e8cc2042db51da415dfa58e8dea44c,5245434efffe0001af00000010000300,,NCER cell,Confirmed,True,False,,,,,,,,,,False,False
/a/0/5/8,/a/0/5/8!/member_00258,0,/a/0/5/8,187,258,,555072,555223,549860,550011,151,57c4f638dca35c82365e420f8c7d794c33f8f33053ddda43d831536fc24b21f0,524e414efffe00019700000010000300,,NANR animation,Confirmed,True,False,,,,,,,,,,False,False
/a/0/5/8,/a/0/5/8!/member_00259,0,/a/0/5/8,187,259,,555224,561672,550012,556460,6448,b6bb0523d3ff6d15bb031ba6795d5db9bccd81045ec376a2469dff444a6b4921,5247434efffe00013019000010000100,,NCGR graphics,Confirmed,True,False,,,,,,,,,,False,False
/a/0/5/8,/a/0/5/8!/member_00260,0,/a/0/5/8,187,260,,561672,564920,556460,559708,3248,5e1894a68c03b1613b7a2bbb9bba668c0c239a4174cc0ac81be19f28a966a11c,5247434efffe0101b00c000010000100,,NCGR graphics,Confirmed,True,False,,,,,,,,,,False,False
/a/0/5/8,/a/0/5/8!/member_00261,0,/a/0/5/8,187,261,,564920,565472,559708,560260,552,78f977c37ee39086f87595f5af9828310875685d3bf0628f93d7416e21d22247,524c434efffe00012802000010000100,,NCLR palette,Confirmed,True,False,,,,,,,,,,False,False
/a/0/5/8,/a/0/5/8!/member_00262,0,/a/0/5/8,187,262,,565472,565647,560260,560435,175,8653d1a231b808ea29e3c614e7dcfc7eb1e8cc2042db51da415dfa58e8dea44c,5245434efffe0001af00000010000300,,NCER cell,Confirmed,True,False,,,,,,,,,,False,False
/a/0/5/8,/a/0/5/8!/member_00263,0,/a/0/5/8,187,263,,565648,565799,560436,560587,151,57c4f638dca35c82365e420f8c7d794c33f8f33053ddda43d831536fc24b21f0,524e414efffe00019700000010000300,,NANR animation,Confirmed,True,False,,,,,,,,,,False,False
/a/0/5/8,/a/0/5/8!/member_00264,0,/a/0/5/8,187,264,,565800,572248,560588,567036,6448,35b9904f1699189bcedaa87ced2647439152c98255eb8561df6b6bbab5940cfd,5247434efffe00013019000010000100,,NCGR graphics,Confirmed,True,False,,,,,,,,,,False,False
/a/0/5/8,/a/0/5/8!/member_00265,0,/a/0/5/8,187,265,,572248,575496,567036,570284,3248,7d3def96e6e7ae23dfc0ad79d2cddbf33c6573299951535feee427311c747a71,5247434efffe0101b00c000010000100,,NCGR graphics,Confirmed,True,False,,,,,,,,,,False,False
/a/0/5/8,/a/0/5/8!/member_00266,0,/a/0/5/8,187,266,,575496,576048,570284,570836,552,ead380ebe8cdb249156c23c7daf05ce8f7206bfae7c29e2f78bcc8ca8fa80d14,524c434efffe00012802000010000100,,NCLR palette,Confirmed,True,False,,,,,,,,,,False,False
/a/0/5/8,/a/0/5/8!/member_00267,0,/a/0/5/8,187,267,,576048,576223,570836,571011,175,8653d1a231b808ea29e3c614e7dcfc7eb1e8cc2042db51da415dfa58e8dea44c,5245434efffe0001af00000010000300,,NCER cell,Confirmed,True,False,,,,,,,,,,False,False
/a/0/5/8,/a/0/5/8!/member_00268,0,/a/0/5/8,187,268,,576224,576375,571012,571163,151,57c4f638dca35c82365e420f8c7d794c33f8f33053ddda43d831536fc24b21f0,524e414efffe00019700000010000300,,NANR animation,Confirmed,True,False,,,,,,,,,,False,False
/a/0/5/8,/a/0/5/8!/member_00269,0,/a/0/5/8,187,269,,576376,582824,571164,577612,6448,4e97e303182f9ae44f04e732b4ee16c2f24fdfdcb06db09e7b00ddf08cc9c1ab,5247434efffe00013019000010000100,,NCGR graphics,Confirmed,True,False,,,,,,,,,,False,False
/a/0/5/8,/a/0/5/8!/member_00270,0,/a/0/5/8,187,270,,582824,586072,577612,580860,3248,ce7225cff9960766a442030aa12a025ae83b2de7df5123f98587ca89da044eef,5247434efffe0101b00c000010000100,,NCGR graphics,Confirmed,True,False,,,,,,,,,,False,False
/a/0/5/8,/a/0/5/8!/member_00271,0,/a/0/5/8,187,271,,586072,586624,580860,581412,552,ead380ebe8cdb249156c23c7daf05ce8f7206bfae7c29e2f78bcc8ca8fa80d14,524c434efffe00012802000010000100,,NCLR palette,Confirmed,True,False,,,,,,,,,,False,False
/a/0/5/8,/a/0/5/8!/member_00272,0,/a/0/5/8,187,272,,586624,586799,581412,581587,175,8653d1a231b808ea29e3c614e7dcfc7eb1e8cc2042db51da415dfa58e8dea44c,5245434efffe0001af00000010000300,,NCER cell,Confirmed,True,False,,,,,,,,,,False,False
/a/0/5/8,/a/0/5/8!/member_00273,0,/a/0/5/8,187,273,,586800,586951,581588,581739,151,57c4f638dca35c82365e420f8c7d794c33f8f33053ddda43d831536fc24b21f0,524e414efffe00019700000010000300,,NANR animation,Confirmed,True,False,,,,,,,,,,False,False
/a/0/5/8,/a/0/5/8!/member_00274,0,/a/0/5/8,187,274,,586952,593400,581740,588188,6448,d212eb770c2f7f43a321a678e10053503239dce55ef70349389573b4b3dba81b,5247434efffe00013019000010000100,,NCGR graphics,Confirmed,True,False,,,,,,,,,,False,False
/a/0/5/8,/a/0/5/8!/member_00275,0,/a/0/5/8,187,275,,593400,596648,588188,591436,3248,1c702cf7a1b6e27104d67156b23259e64616467e23fe6fae4f144d9398ab65bd,5247434efffe0101b00c000010000100,,NCGR graphics,Confirmed,True,False,,,,,,,,,,False,False
/a/0/5/8,/a/0/5/8!/member_00276,0,/a/0/5/8,187,276,,596648,597200,591436,591988,552,290f4797a7367370dc9f44fd971b83cac4ca394530f95f9b4616d6fd83baf4b9,524c434efffe00012802000010000100,,NCLR palette,Confirmed,True,False,,,,,,,,,,False,False
/a/0/5/8,/a/0/5/8!/member_00277,0,/a/0/5/8,187,277,,597200,597375,591988,592163,175,8653d1a231b808ea29e3c614e7dcfc7eb1e8cc2042db51da415dfa58e8dea44c,5245434efffe0001af00000010000300,,NCER cell,Confirmed,True,False,,,,,,,,,,False,False
/a/0/5/8,/a/0/5/8!/member_00278,0,/a/0/5/8,187,278,,597376,597527,592164,592315,151,57c4f638dca35c82365e420f8c7d794c33f8f33053ddda43d831536fc24b21f0,524e414efffe00019700000010000300,,NANR animation,Confirmed,True,False,,,,,,,,,,False,False
/a/0/5/8,/a/0/5/8!/member_00279,0,/a/0/5/8,187,279,,597528,603976,592316,598764,6448,99d2db9867a9f4af1e0d1bac77348d4ab8426493bd2b370aee12c4b2d8d52d36,5247434efffe00013019000010000100,,NCGR graphics,Confirmed,True,False,,,,,,,,,,False,False
/a/0/5/8,/a/0/5/8!/member_00280,0,/a/0/5/8,187,280,,603976,607224,598764,602012,3248,b64810d7f7fcec3cc1f42d4e5c564d90108da00a0c07c6b4e93d42f337752d87,5247434efffe0101b00c000010000100,,NCGR graphics,Confirmed,True,False,,,,,,,,,,False,False
/a/0/5/8,/a/0/5/8!/member_00281,0,/a/0/5/8,187,281,,607224,607776,602012,602564,552,c47369d3913e16b5fcc1f88f07ca75bee3e38e6309f40e97ad1da6cce62da5b0,524c434efffe00012802000010000100,,NCLR palette,Confirmed,True,False,,,,,,,,,,False,False
/a/0/5/8,/a/0/5/8!/member_00282,0,/a/0/5/8,187,282,,607776,607951,602564,602739,175,8653d1a231b808ea29e3c614e7dcfc7eb1e8cc2042db51da415dfa58e8dea44c,5245434efffe0001af00000010000300,,NCER cell,Confirmed,True,False,,,,,,,,,,False,False
/a/0/5/8,/a/0/5/8!/member_00283,0,/a/0/5/8,187,283,,607952,608103,602740,602891,151,57c4f638dca35c82365e420f8c7d794c33f8f33053ddda43d831536fc24b21f0,524e414efffe00019700000010000300,,NANR animation,Confirmed,True,False,,,,,,,,,,False,False
/a/0/5/8,/a/0/5/8!/member_00284,0,/a/0/5/8,187,284,,608104,614552,602892,609340,6448,8d810180345fc3e15f7e8d4163acabfc9d5b8f52d62943b1d5843d8a927c095a,5247434efffe00013019000010000100,,NCGR graphics,Confirmed,True,False,,,,,,,,,,False,False
/a/0/5/8,/a/0/5/8!/member_00285,0,/a/0/5/8,187,285,,614552,617800,609340,612588,3248,0fd46e4af8806c8ea2fd3bdde16809eb8eb48322dd5ce5263abfa3443c048769,5247434efffe0101b00c000010000100,,NCGR graphics,Confirmed,True,False,,,,,,,,,,False,False
/a/0/5/8,/a/0/5/8!/member_00286,0,/a/0/5/8,187,286,,617800,618352,612588,613140,552,7745000187e5e9da4d982abc3b8257bd3f198fb0fe2aed2f50024570bd32ec56,524c434efffe00012802000010000100,,NCLR palette,Confirmed,True,False,,,,,,,,,,False,False
/a/0/5/8,/a/0/5/8!/member_00287,0,/a/0/5/8,187,287,,618352,618527,613140,613315,175,8653d1a231b808ea29e3c614e7dcfc7eb1e8cc2042db51da415dfa58e8dea44c,5245434efffe0001af00000010000300,,NCER cell,Confirmed,True,False,,,,,,,,,,False,False
/a/0/5/8,/a/0/5/8!/member_00288,0,/a/0/5/8,187,288,,618528,618679,613316,613467,151,57c4f638dca35c82365e420f8c7d794c33f8f33053ddda43d831536fc24b21f0,524e414efffe00019700000010000300,,NANR animation,Confirmed,True,False,,,,,,,,,,False,False
/a/0/5/8,/a/0/5/8!/member_00289,0,/a/0/5/8,187,289,,618680,625128,613468,619916,6448,a514e39644996eb791de5f5cae18854ba3474711c65ce55349d0302ba7a60eb1,5247434efffe00013019000010000100,,NCGR graphics,Confirmed,True,False,,,,,,,,,,False,False
/a/0/5/8,/a/0/5/8!/member_00290,0,/a/0/5/8,187,290,,625128,628376,619916,623164,3248,5119806e15494fee71bc3dba32f38130a34d6c889c878ed0b7e79bc8a4ef4116,5247434efffe0101b00c000010000100,,NCGR graphics,Confirmed,True,False,,,,,,,,,,False,False
/a/0/5/8,/a/0/5/8!/member_00291,0,/a/0/5/8,187,291,,628376,628928,623164,623716,552,ba383077e5b5d1bd5cb4c6f7a9d6eb64ce60bbdedd08543b810dc4519c4047ee,524c434efffe00012802000010000100,,NCLR palette,Confirmed,True,False,,,,,,,,,,False,False
/a/0/5/8,/a/0/5/8!/member_00292,0,/a/0/5/8,187,292,,628928,629103,623716,623891,175,8653d1a231b808ea29e3c614e7dcfc7eb1e8cc2042db51da415dfa58e8dea44c,5245434efffe0001af00000010000300,,NCER cell,Confirmed,True,False,,,,,,,,,,False,False
/a/0/5/8,/a/0/5/8!/member_00293,0,/a/0/5/8,187,293,,629104,629255,623892,624043,151,57c4f638dca35c82365e420f8c7d794c33f8f33053ddda43d831536fc24b21f0,524e414efffe00019700000010000300,,NANR animation,Confirmed,True,False,,,,,,,,,,False,False
/a/0/5/8,/a/0/5/8!/member_00294,0,/a/0/5/8,187,294,,629256,635704,624044,630492,6448,828b3ee028e3ac6f30786b69cedeae60ca3951d6d9d640fb7588c96c85c5eb0d,5247434efffe00013019000010000100,,NCGR graphics,Confirmed,True,False,,,,,,,,,,False,False
/a/0/5/8,/a/0/5/8!/member_00295,0,/a/0/5/8,187,295,,635704,638952,630492,633740,3248,58a6b74c1cbd65fb83e49b0878a7831dbc8ed51bce7d762d7ebfef16c4f6adb3,5247434efffe0101b00c000010000100,,NCGR graphics,Confirmed,True,False,,,,,,,,,,False,False
/a/0/5/8,/a/0/5/8!/member_00296,0,/a/0/5/8,187,296,,638952,639504,633740,634292,552,440a78f6cba67c6193f2e0eda995eb02bb7832f51691a93fed17af1fac64a8b0,524c434efffe00012802000010000100,,NCLR palette,Confirmed,True,False,,,,,,,,,,False,False
/a/0/5/8,/a/0/5/8!/member_00297,0,/a/0/5/8,187,297,,639504,639679,634292,634467,175,8653d1a231b808ea29e3c614e7dcfc7eb1e8cc2042db51da415dfa58e8dea44c,5245434efffe0001af00000010000300,,NCER cell,Confirmed,True,False,,,,,,,,,,False,False
/a/0/5/8,/a/0/5/8!/member_00298,0,/a/0/5/8,187,298,,639680,639831,634468,634619,151,57c4f638dca35c82365e420f8c7d794c33f8f33053ddda43d831536fc24b21f0,524e414efffe00019700000010000300,,NANR animation,Confirmed,True,False,,,,,,,,,,False,False
/a/0/5/8,/a/0/5/8!/member_00299,0,/a/0/5/8,187,299,,639832,646280,634620,641068,6448,ddc3178d828dfa789e9595c5515da725f205abe552d66eb2edce2fde06a4c692,5247434efffe00013019000010000100,,NCGR graphics,Confirmed,True,False,,,,,,,,,,False,False
/a/0/5/8,/a/0/5/8!/member_00300,0,/a/0/5/8,187,300,,646280,649528,641068,644316,3248,5d115ed28b0629adac92421e7568e0f1b105d1f90d2b41058ac5d33005c39944,5247434efffe0101b00c000010000100,,NCGR graphics,Confirmed,True,False,,,,,,,,,,False,False
/a/0/5/8,/a/0/5/8!/member_00301,0,/a/0/5/8,187,301,,649528,650080,644316,644868,552,4f02cefcf67f46430490716781f2dcaa9c5aa5a1ae9cbd1cad841e670122760b,524c434efffe00012802000010000100,,NCLR palette,Confirmed,True,False,,,,,,,,,,False,False
/a/0/5/8,/a/0/5/8!/member_00302,0,/a/0/5/8,187,302,,650080,650255,644868,645043,175,8653d1a231b808ea29e3c614e7dcfc7eb1e8cc2042db51da415dfa58e8dea44c,5245434efffe0001af00000010000300,,NCER cell,Confirmed,True,False,,,,,,,,,,False,False
/a/0/5/8,/a/0/5/8!/member_00303,0,/a/0/5/8,187,303,,650256,650407,645044,645195,151,57c4f638dca35c82365e420f8c7d794c33f8f33053ddda43d831536fc24b21f0,524e414efffe00019700000010000300,,NANR animation,Confirmed,True,False,,,,,,,,,,False,False
/a/0/5/8,/a/0/5/8!/member_00304,0,/a/0/5/8,187,304,,650408,656856,645196,651644,6448,fc6c00c00a7ee62ad4c9bac1e76a78c75f273703e1420a57e9e0e56f20e10bd8,5247434efffe00013019000010000100,,NCGR graphics,Confirmed,True,False,,,,,,,,,,False,False
/a/0/5/8,/a/0/5/8!/member_00305,0,/a/0/5/8,187,305,,656856,660104,651644,654892,3248,1c844bd29fb76eac83877cb0ef8e1b25f9ef1c5f9fb61e44952c4db32e874151,5247434efffe0101b00c000010000100,,NCGR graphics,Confirmed,True,False,,,,,,,,,,False,False
/a/0/5/8,/a/0/5/8!/member_00306,0,/a/0/5/8,187,306,,660104,660656,654892,655444,552,6c8fa5fe2061f9b307849ed532bcc92ad13582c03613cff7a0476034dd634b7a,524c434efffe00012802000010000100,,NCLR palette,Confirmed,True,False,,,,,,,,,,False,False
/a/0/5/8,/a/0/5/8!/member_00307,0,/a/0/5/8,187,307,,660656,660831,655444,655619,175,8653d1a231b808ea29e3c614e7dcfc7eb1e8cc2042db51da415dfa58e8dea44c,5245434efffe0001af00000010000300,,NCER cell,Confirmed,True,False,,,,,,,,,,False,False
/a/0/5/8,/a/0/5/8!/member_00308,0,/a/0/5/8,187,308,,660832,660983,655620,655771,151,57c4f638dca35c82365e420f8c7d794c33f8f33053ddda43d831536fc24b21f0,524e414efffe00019700000010000300,,NANR animation,Confirmed,True,False,,,,,,,,,,False,False
/a/0/5/8,/a/0/5/8!/member_00309,0,/a/0/5/8,187,309,,660984,667432,655772,662220,6448,528f5111fb3d7bb69ad3c5e8d9e65e0acade8b344a2018685f1be906dafe3ba0,5247434efffe00013019000010000100,,NCGR graphics,Confirmed,True,False,,,,,,,,,,False,False
/a/0/5/8,/a/0/5/8!/member_00310,0,/a/0/5/8,187,310,,667432,670680,662220,665468,3248,eb618f5207ab1980a431faee85803e70881ba49cc35366e6c3f8887e370173da,5247434efffe0101b00c000010000100,,NCGR graphics,Confirmed,True,False,,,,,,,,,,False,False
/a/0/5/8,/a/0/5/8!/member_00311,0,/a/0/5/8,187,311,,670680,671232,665468,666020,552,290f4797a7367370dc9f44fd971b83cac4ca394530f95f9b4616d6fd83baf4b9,524c434efffe00012802000010000100,,NCLR palette,Confirmed,True,False,,,,,,,,,,False,False
/a/0/5/8,/a/0/5/8!/member_00312,0,/a/0/5/8,187,312,,671232,671407,666020,666195,175,8653d1a231b808ea29e3c614e7dcfc7eb1e8cc2042db51da415dfa58e8dea44c,5245434efffe0001af00000010000300,,NCER cell,Confirmed,True,False,,,,,,,,,,False,False
/a/0/5/8,/a/0/5/8!/member_00313,0,/a/0/5/8,187,313,,671408,671559,666196,666347,151,57c4f638dca35c82365e420f8c7d794c33f8f33053ddda43d831536fc24b21f0,524e414efffe00019700000010000300,,NANR animation,Confirmed,True,False,,,,,,,,,,False,False
/a/0/5/8,/a/0/5/8!/member_00314,0,/a/0/5/8,187,314,,671560,678008,666348,672796,6448,20f2a632270cc993e2f35680101db71cd0b06d6dbfcd1a0b2e21d9e1d0fc11b5,5247434efffe00013019000010000100,,NCGR graphics,Confirmed,True,False,,,,,,,,,,False,False
/a/0/5/8,/a/0/5/8!/member_00315,0,/a/0/5/8,187,315,,678008,681256,672796,676044,3248,6c60eaa88b314ccfae87ba3d7036ec4d2498114b22fd0128bb3735a41f065701,5247434efffe0101b00c000010000100,,NCGR graphics,Confirmed,True,False,,,,,,,,,,False,False
/a/0/5/8,/a/0/5/8!/member_00316,0,/a/0/5/8,187,316,,681256,681808,676044,676596,552,79a7ddef850f657ce9fa10420aeda8289d577eb469ced12a49408ff6409d2407,524c434efffe00012802000010000100,,NCLR palette,Confirmed,True,False,,,,,,,,,,False,False
/a/0/5/8,/a/0/5/8!/member_00317,0,/a/0/5/8,187,317,,681808,681983,676596,676771,175,8653d1a231b808ea29e3c614e7dcfc7eb1e8cc2042db51da415dfa58e8dea44c,5245434efffe0001af00000010000300,,NCER cell,Confirmed,True,False,,,,,,,,,,False,False
/a/0/5/8,/a/0/5/8!/member_00318,0,/a/0/5/8,187,318,,681984,682135,676772,676923,151,57c4f638dca35c82365e420f8c7d794c33f8f33053ddda43d831536fc24b21f0,524e414efffe00019700000010000300,,NANR animation,Confirmed,True,False,,,,,,,,,,False,False
/a/0/5/8,/a/0/5/8!/member_00319,0,/a/0/5/8,187,319,,682136,688584,676924,683372,6448,3a79917e2598ff4cfb21423a5646c7d5c003271a1f9829aad2b05062637e8bf6,5247434efffe00013019000010000100,,NCGR graphics,Confirmed,True,False,,,,,,,,,,False,False
/a/0/5/8,/a/0/5/8!/member_00320,0,/a/0/5/8,187,320,,688584,691832,683372,686620,3248,1d2b93d68fcffed9e245ea5d9a9d25368ce44cef75c956161bfc72586f122cb4,5247434efffe0101b00c000010000100,,NCGR graphics,Confirmed,True,False,,,,,,,,,,False,False
/a/0/5/8,/a/0/5/8!/member_00321,0,/a/0/5/8,187,321,,691832,692384,686620,687172,552,992f66b634f85ff9fcdeac5b8ada447c4a6beba2f4c1871bef738a09e8fa5d2a,524c434efffe00012802000010000100,,NCLR palette,Confirmed,True,False,,,,,,,,,,False,False
/a/0/5/8,/a/0/5/8!/member_00322,0,/a/0/5/8,187,322,,692384,692559,687172,687347,175,8653d1a231b808ea29e3c614e7dcfc7eb1e8cc2042db51da415dfa58e8dea44c,5245434efffe0001af00000010000300,,NCER cell,Confirmed,True,False,,,,,,,,,,False,False
/a/0/5/8,/a/0/5/8!/member_00323,0,/a/0/5/8,187,323,,692560,692711,687348,687499,151,57c4f638dca35c82365e420f8c7d794c33f8f33053ddda43d831536fc24b21f0,524e414efffe00019700000010000300,,NANR animation,Confirmed,True,False,,,,,,,,,,False,False
/a/0/5/8,/a/0/5/8!/member_00324,0,/a/0/5/8,187,324,,692712,699160,687500,693948,6448,206ffa7589a36268e6d55b6d72f6a7d52b260d5eba5ee55dd55ab8373c8ad952,5247434efffe00013019000010000100,,NCGR graphics,Confirmed,True,False,,,,,,,,,,False,False
/a/0/5/8,/a/0/5/8!/member_00325,0,/a/0/5/8,187,325,,699160,702408,693948,697196,3248,bb6da9ee68a07c15c3f0e3af786c24959928843440d1972df72277cd3fabe363,5247434efffe0101b00c000010000100,,NCGR graphics,Confirmed,True,False,,,,,,,,,,False,False
/a/0/5/8,/a/0/5/8!/member_00326,0,/a/0/5/8,187,326,,702408,702960,697196,697748,552,fa9cd2e07ebfee2f4cff872d9e3dee8b78394f3ea5cfa25a6961bbf51b47c72f,524c434efffe00012802000010000100,,NCLR palette,Confirmed,True,False,,,,,,,,,,False,False
/a/0/5/8,/a/0/5/8!/member_00327,0,/a/0/5/8,187,327,,702960,703135,697748,697923,175,8653d1a231b808ea29e3c614e7dcfc7eb1e8cc2042db51da415dfa58e8dea44c,5245434efffe0001af00000010000300,,NCER cell,Confirmed,True,False,,,,,,,,,,False,False
/a/0/5/8,/a/0/5/8!/member_00328,0,/a/0/5/8,187,328,,703136,703287,697924,698075,151,57c4f638dca35c82365e420f8c7d794c33f8f33053ddda43d831536fc24b21f0,524e414efffe00019700000010000300,,NANR animation,Confirmed,True,False,,,,,,,,,,False,False
/a/0/5/8,/a/0/5/8!/member_00329,0,/a/0/5/8,187,329,,703288,709736,698076,704524,6448,9d6ada89be00f2921491ee0cf85a1afa35e4e0457054a8a249f96d82e2e77eec,5247434efffe00013019000010000100,,NCGR graphics,Confirmed,True,False,,,,,,,,,,False,False
/a/0/5/8,/a/0/5/8!/member_00330,0,/a/0/5/8,187,330,,709736,719384,704524,714172,9648,ef043c8d439d05886135e0d45350ed09149e8f4f9ff6bcddbfbcaf085c983444,5247434efffe0101b025000010000100,,NCGR graphics,Confirmed,True,False,,,,,,,,,,False,False
/a/0/5/8,/a/0/5/8!/member_00331,0,/a/0/5/8,187,331,,719384,719936,714172,714724,552,1ccc4e65d7a8897dd3d973b1774cf93b9beeec63ccf1c14bf435a9db6a8e663c,524c434efffe00012802000010000100,,NCLR palette,Confirmed,True,False,,,,,,,,,,False,False
/a/0/5/8,/a/0/5/8!/member_00332,0,/a/0/5/8,187,332,,719936,720277,714724,715065,341,26efb9e51b870446a2d08630529439d3d4509fb0f3e5ce8675020b8045a3c311,5245434efffe00015501000010000300,,NCER cell,Confirmed,True,False,,,,,,,,,,False,False
/a/0/5/8,/a/0/5/8!/member_00333,0,/a/0/5/8,187,333,,720280,720773,715068,715561,493,e9cefe35464a957615ed847a32332d534679fcc1d69d7724b17cd2acade9277f,524e414efffe0001ed01000010000300,,NANR animation,Confirmed,True,False,,,,,,,,,,False,False
/a/0/5/8,/a/0/5/8!/member_00334,0,/a/0/5/8,187,334,,720776,727224,715564,722012,6448,4571eaa2567ff1ff60a2a74cb4e68eb9ac6eb6c317bfe623dd4ef4139e6d160e,5247434efffe00013019000010000100,,NCGR graphics,Confirmed,True,False,,,,,,,,,,False,False
/a/0/5/8,/a/0/5/8!/member_00335,0,/a/0/5/8,187,335,,727224,736872,722012,731660,9648,ef2dd1c4bfcbb6a3211f5a45eea749e30dca9d014acc218f362d470d3b9bc29e,5247434efffe0101b025000010000100,,NCGR graphics,Confirmed,True,False,,,,,,,,,,False,False
/a/0/5/8,/a/0/5/8!/member_00336,0,/a/0/5/8,187,336,,736872,737424,731660,732212,552,b09220e8afcbd054685da0fc49c8fae176640276fdd5734bd75764c4a3c1569b,524c434efffe00012802000010000100,,NCLR palette,Confirmed,True,False,,,,,,,,,,False,False
/a/0/5/8,/a/0/5/8!/member_00337,0,/a/0/5/8,187,337,,737424,737765,732212,732553,341,26efb9e51b870446a2d08630529439d3d4509fb0f3e5ce8675020b8045a3c311,5245434efffe00015501000010000300,,NCER cell,Confirmed,True,False,,,,,,,,,,False,False
/a/0/5/8,/a/0/5/8!/member_00338,0,/a/0/5/8,187,338,,737768,738177,732556,732965,409,47785d1f6168d86f624e1181cd8477a475a3a2cdfc1c7016aa1840964a2d6c00,524e414efffe00019901000010000300,,NANR animation,Confirmed,True,False,,,,,,,,,,False,False
/a/0/5/8,/a/0/5/8!/member_00339,0,/a/0/5/8,187,339,,738180,744628,732968,739416,6448,07bf1a2f53267a0c98b355d6cbe03d21ba49ddee02ec789532a30cffe5279010,5247434efffe00013019000010000100,,NCGR graphics,Confirmed,True,False,,,,,,,,,,False,False
/a/0/5/8,/a/0/5/8!/member_00340,0,/a/0/5/8,187,340,,744628,747876,739416,742664,3248,e6785f07b02c11b32c58e5acb110c5efa7ac3fd4b9d9e8cebd70b1d665ea0315,5247434efffe0101b00c000010000100,,NCGR graphics,Confirmed,True,False,,,,,,,,,,False,False
/a/0/5/8,/a/0/5/8!/member_00341,0,/a/0/5/8,187,341,,747876,748428,742664,743216,552,7c1dcd1168d578d338cca89d8d1bf4ff156086bfd8b5382ad7cf3a372567e2c6,524c434efffe00012802000010000100,,NCLR palette,Confirmed,True,False,,,,,,,,,,False,False
/a/0/5/8,/a/0/5/8!/member_00342,0,/a/0/5/8,187,342,,748428,748603,743216,743391,175,8653d1a231b808ea29e3c614e7dcfc7eb1e8cc2042db51da415dfa58e8dea44c,5245434efffe0001af00000010000300,,NCER cell,Confirmed,True,False,,,,,,,,,,False,False
/a/0/5/8,/a/0/5/8!/member_00343,0,/a/0/5/8,187,343,,748604,748755,743392,743543,151,57c4f638dca35c82365e420f8c7d794c33f8f33053ddda43d831536fc24b21f0,524e414efffe00019700000010000300,,NANR animation,Confirmed,True,False,,,,,,,,,,False,False
/a/0/5/8,/a/0/5/8!/member_00344,0,/a/0/5/8,187,344,,748756,755204,743544,749992,6448,a95806c0c17a9d37309c728c18a5430b0484a4cd6dca48e04cd96168f1bf33ab,5247434efffe00013019000010000100,,NCGR graphics,Confirmed,True,False,,,,,,,,,,False,False
/a/0/5/8,/a/0/5/8!/member_00345,0,/a/0/5/8,187,345,,755204,758452,749992,753240,3248,1e2ddace6cc04523cc2d8bb14e42a3878812d7ef847f92df20d8605630b4094e,5247434efffe0101b00c000010000100,,NCGR graphics,Confirmed,True,False,,,,,,,,,,False,False
/a/0/5/8,/a/0/5/8!/member_00346,0,/a/0/5/8,187,346,,758452,759004,753240,753792,552,0dd74e9c2d799fa2277449ea94cc2c9e66daf9b57723b53ead609d7c682caae0,524c434efffe00012802000010000100,,NCLR palette,Confirmed,True,False,,,,,,,,,,False,False
/a/0/5/8,/a/0/5/8!/member_00347,0,/a/0/5/8,187,347,,759004,759179,753792,753967,175,8653d1a231b808ea29e3c614e7dcfc7eb1e8cc2042db51da415dfa58e8dea44c,5245434efffe0001af00000010000300,,NCER cell,Confirmed,True,False,,,,,,,,,,False,False
/a/0/5/8,/a/0/5/8!/member_00348,0,/a/0/5/8,187,348,,759180,759331,753968,754119,151,57c4f638dca35c82365e420f8c7d794c33f8f33053ddda43d831536fc24b21f0,524e414efffe00019700000010000300,,NANR animation,Confirmed,True,False,,,,,,,,,,False,False
/a/0/5/8,/a/0/5/8!/member_00349,0,/a/0/5/8,187,349,,759332,765780,754120,760568,6448,d5b1205b6417933e53253929d4011ac34929521bd31668aa0b2a7fd26d5e7f2a,5247434efffe00013019000010000100,,NCGR graphics,Confirmed,True,False,,,,,,,,,,False,False
/a/0/5/8,/a/0/5/8!/member_00350,0,/a/0/5/8,187,350,,765780,775428,760568,770216,9648,220b6dede61f9825c3e3ee85d397fea814bef6cd72b9a53ff0f2c70e4fb6fad2,5247434efffe0101b025000010000100,,NCGR graphics,Confirmed,True,False,,,,,,,,,,False,False
/a/0/5/8,/a/0/5/8!/member_00351,0,/a/0/5/8,187,351,,775428,775980,770216,770768,552,76c3d65927bdda7d61ac0bb27fff8413d9e086da55c5a4631e6312cb190acc99,524c434efffe00012802000010000100,,NCLR palette,Confirmed,True,False,,,,,,,,,,False,False
/a/0/5/8,/a/0/5/8!/member_00352,0,/a/0/5/8,187,352,,775980,776321,770768,771109,341,26efb9e51b870446a2d08630529439d3d4509fb0f3e5ce8675020b8045a3c311,5245434efffe00015501000010000300,,NCER cell,Confirmed,True,False,,,,,,,,,,False,False
/a/0/5/8,/a/0/5/8!/member_00353,0,/a/0/5/8,187,353,,776324,777077,771112,771865,753,bce05fb152b28ecd9214ab2e3c0ccf2551554c9936021fd5199f069e583a3c69,524e414efffe0001f102000010000300,,NANR animation,Confirmed,True,False,,,,,,,,,,False,False
/a/0/5/8,/a/0/5/8!/member_00354,0,/a/0/5/8,187,354,,777080,783528,771868,778316,6448,64c016aa643f361930e87ff37aaff183720cc3f834b2dca83f168f4801b12fd8,5247434efffe00013019000010000100,,NCGR graphics,Confirmed,True,False,,,,,,,,,,False,False
/a/0/5/8,/a/0/5/8!/member_00355,0,/a/0/5/8,187,355,,783528,786776,778316,781564,3248,504df63ce4cde312fa2269d0dcbd61120af4a34ec80d31614abcd56ad15b0176,5247434efffe0101b00c000010000100,,NCGR graphics,Confirmed,True,False,,,,,,,,,,False,False
/a/0/5/8,/a/0/5/8!/member_00356,0,/a/0/5/8,187,356,,786776,787328,781564,782116,552,8b5190a2761d5c9fba4c49d6fe2d20c41df62ea1d483433f7573c201e54f2fdd,524c434efffe00012802000010000100,,NCLR palette,Confirmed,True,False,,,,,,,,,,False,False
/a/0/5/8,/a/0/5/8!/member_00357,0,/a/0/5/8,187,357,,787328,787503,782116,782291,175,8653d1a231b808ea29e3c614e7dcfc7eb1e8cc2042db51da415dfa58e8dea44c,5245434efffe0001af00000010000300,,NCER cell,Confirmed,True,False,,,,,,,,,,False,False
/a/0/5/8,/a/0/5/8!/member_00358,0,/a/0/5/8,187,358,,787504,787655,782292,782443,151,57c4f638dca35c82365e420f8c7d794c33f8f33053ddda43d831536fc24b21f0,524e414efffe00019700000010000300,,NANR animation,Confirmed,True,False,,,,,,,,,,False,False
/a/0/5/8,/a/0/5/8!/member_00359,0,/a/0/5/8,187,359,,787656,794104,782444,788892,6448,08c2c672a38a46e0f6a32879b0375f55f5fed446cb6aaa9b72422e1612a443e5,5247434efffe00013019000010000100,,NCGR graphics,Confirmed,True,False,,,,,,,,,,False,False
/a/0/5/8,/a/0/5/8!/member_00360,0,/a/0/5/8,187,360,,794104,803752,788892,798540,9648,ad23ceb91d5cd4a2261c3e143640a6f7c539ec1269a12f22d013796045ba232b,5247434efffe0101b025000010000100,,NCGR graphics,Confirmed,True,False,,,,,,,,,,False,False
/a/0/5/8,/a/0/5/8!/member_00361,0,/a/0/5/8,187,361,,803752,804304,798540,799092,552,b5174ffec117636d848c1d49b9c8fd3b4d83f2b5c85cc0b49fa3ba5cad6e51f7,524c434efffe00012802000010000100,,NCLR palette,Confirmed,True,False,,,,,,,,,,False,False
/a/0/5/8,/a/0/5/8!/member_00362,0,/a/0/5/8,187,362,,804304,804645,799092,799433,341,26efb9e51b870446a2d08630529439d3d4509fb0f3e5ce8675020b8045a3c311,5245434efffe00015501000010000300,,NCER cell,Confirmed,True,False,,,,,,,,,,False,False
/a/0/5/8,/a/0/5/8!/member_00363,0,/a/0/5/8,187,363,,804648,805065,799436,799853,417,1670e4dde626d2f3ba7ec7777cce3d6996e6bd933f1e44581663c243fcc6f033,524e414efffe0001a101000010000300,,NANR animation,Confirmed,True,False,,,,,,,,,,False,False
/a/0/5/8,/a/0/5/8!/member_00364,0,/a/0/5/8,187,364,,805068,811516,799856,806304,6448,bb563f34df762dc8f974bd0bb680412d88b8931a4d7c57ddbfa5290f451c03ec,5247434efffe00013019000010000100,,NCGR graphics,Confirmed,True,False,,,,,,,,,,False,False
/a/0/5/8,/a/0/5/8!/member_00365,0,/a/0/5/8,187,365,,811516,821164,806304,815952,9648,0d26c6fd0face9f154cbd313116499875dace6366c7fc9ba150f876bfc53e997,5247434efffe0101b025000010000100,,NCGR graphics,Confirmed,True,False,,,,,,,,,,False,False
/a/0/5/8,/a/0/5/8!/member_00366,0,/a/0/5/8,187,366,,821164,821716,815952,816504,552,5a798fefcc0031f0032b243437d3b3630add8bba8f2aa19321816811aa20f882,524c434efffe00012802000010000100,,NCLR palette,Confirmed,True,False,,,,,,,,,,False,False
/a/0/5/8,/a/0/5/8!/member_00367,0,/a/0/5/8,187,367,,821716,822042,816504,816830,326,815e863bf93b6a6826d056969722487ce4989888e31a3cefab64a71f5967edcf,5245434efffe00014601000010000300,,NCER cell,Confirmed,True,False,,,,,,,,,,False,False
/a/0/5/8,/a/0/5/8!/member_00368,0,/a/0/5/8,187,368,,822044,822566,816832,817354,522,20c9952f20b842a10c1dd3bb47c3aaca841ab34400b98821b916501d0130064e,524e414efffe00010a02000010000300,,NANR animation,Confirmed,True,False,,,,,,,,,,False,False
/a/0/5/8,/a/0/5/8!/member_00369,0,/a/0/5/8,187,369,,822568,829016,817356,823804,6448,e6ae8b5ed32709c7d9b6cd79c058a7a85402c2cee5af4dbcbe146c7d4597586a,5247434efffe00013019000010000100,,NCGR graphics,Confirmed,True,False,,,,,,,,,,False,False
/a/0/5/8,/a/0/5/8!/member_00370,0,/a/0/5/8,187,370,,829016,838664,823804,833452,9648,d069013ad54715967ad98c9503f58f18e51493c556e95808378627ac0106e251,5247434efffe0101b025000010000100,,NCGR graphics,Confirmed,True,False,,,,,,,,,,False,False
/a/0/5/8,/a/0/5/8!/member_00371,0,/a/0/5/8,187,371,,838664,839216,833452,834004,552,fa093fb75a00af7398308e1acd0ebf4db53beba92f99661becad54fcd9945146,524c434efffe00012802000010000100,,NCLR palette,Confirmed,True,False,,,,,,,,,,False,False
/a/0/5/8,/a/0/5/8!/member_00372,0,/a/0/5/8,187,372,,839216,839557,834004,834345,341,26efb9e51b870446a2d08630529439d3d4509fb0f3e5ce8675020b8045a3c311,5245434efffe00015501000010000300,,NCER cell,Confirmed,True,False,,,,,,,,,,False,False
/a/0/5/8,/a/0/5/8!/member_00373,0,/a/0/5/8,187,373,,839560,839969,834348,834757,409,928852bf067328094944ff4d71b3814191ee5b1185dc2bf9f1e3927c47c05ee7,524e414efffe00019901000010000300,,NANR animation,Confirmed,True,False,,,,,,,,,,False,False
/a/0/5/8,/a/0/5/8!/member_00374,0,/a/0/5/8,187,374,,839972,846420,834760,841208,6448,52dc26ece80fd80abe7807eb99907909323efadeb9f099d90b5ecb9c7cbd2081,5247434efffe00013019000010000100,,NCGR graphics,Confirmed,True,False,,,,,,,,,,False,False
/a/0/5/8,/a/0/5/8!/member_00375,0,/a/0/5/8,187,375,,846420,856068,841208,850856,9648,812b4338900425472f06218178f7a69db21e26c05712a4ae93c028789f110d3a,5247434efffe0101b025000010000100,,NCGR graphics,Confirmed,True,False,,,,,,,,,,False,False
/a/0/5/8,/a/0/5/8!/member_00376,0,/a/0/5/8,187,376,,856068,856620,850856,851408,552,21993aef9e3647e68c81e58117d5104d7b5dc06c7a20fe34da975713620311c7,524c434efffe00012802000010000100,,NCLR palette,Confirmed,True,False,,,,,,,,,,False,False
/a/0/5/8,/a/0/5/8!/member_00377,0,/a/0/5/8,187,377,,856620,856961,851408,851749,341,26efb9e51b870446a2d08630529439d3d4509fb0f3e5ce8675020b8045a3c311,5245434efffe00015501000010000300,,NCER cell,Confirmed,True,False,,,,,,,,,,False,False
/a/0/5/8,/a/0/5/8!/member_00378,0,/a/0/5/8,187,378,,856964,857733,851752,852521,769,9a8707369602b2216a93cc311aaafef76995f4a78f0f9cfa050e1cdea89aac54,524e414efffe00010103000010000300,,NANR animation,Confirmed,True,False,,,,,,,,,,False,False
/a/0/5/8,/a/0/5/8!/member_00379,0,/a/0/5/8,187,379,,857736,864184,852524,858972,6448,cf1cd1f02df6eeddb39829c011bd8e9616fe5b13a0b05f1e543ced0655b746f1,5247434efffe00013019000010000100,,NCGR graphics,Confirmed,True,False,,,,,,,,,,False,False
/a/0/5/8,/a/0/5/8!/member_00380,0,/a/0/5/8,187,380,,864184,873832,858972,868620,9648,dddfc9f3e77779ee543ae34679379dc5b1932b90e4e1d08e9580dd37f4de7ffa,5247434efffe0101b025000010000100,,NCGR graphics,Confirmed,True,False,,,,,,,,,,False,False
/a/0/5/8,/a/0/5/8!/member_00381,0,/a/0/5/8,187,381,,873832,874384,868620,869172,552,5df4067990c1390f70f056e66ada04c80f9904dd767fa1646dd9c0d3e6d12356,524c434efffe00012802000010000100,,NCLR palette,Confirmed,True,False,,,,,,,,,,False,False
/a/0/5/8,/a/0/5/8!/member_00382,0,/a/0/5/8,187,382,,874384,874725,869172,869513,341,26efb9e51b870446a2d08630529439d3d4509fb0f3e5ce8675020b8045a3c311,5245434efffe00015501000010000300,,NCER cell,Confirmed,True,False,,,,,,,,,,False,False
/a/0/5/8,/a/0/5/8!/member_00383,0,/a/0/5/8,187,383,,874728,875277,869516,870065,549,159dc5b7aa10a5d06f6f8868d8a65e14bebf0383999f740f3d50050fc27ca652,524e414efffe00012502000010000300,,NANR animation,Confirmed,True,False,,,,,,,,,,False,False
/a/0/5/8,/a/0/5/8!/member_00384,0,/a/0/5/8,187,384,,875280,881728,870068,876516,6448,66be15089ee6ea60388a501f9c2f72ce5bf30a2a12e4a79de52af9bbfdac3452,5247434efffe00013019000010000100,,NCGR graphics,Confirmed,True,False,,,,,,,,,,False,False
/a/0/5/8,/a/0/5/8!/member_00385,0,/a/0/5/8,187,385,,881728,884976,876516,879764,3248,f2f712ff4f02b917c84a84973f1f587ab9a2b7b5871cff84434c495e91d8f008,5247434efffe0101b00c000010000100,,NCGR graphics,Confirmed,True,False,,,,,,,,,,False,False
/a/0/5/8,/a/0/5/8!/member_00386,0,/a/0/5/8,187,386,,884976,885528,879764,880316,552,446ad7ba6772c8186872f4ed48f2fa64b73874120303c26dd152a8dba05b1751,524c434efffe00012802000010000100,,NCLR palette,Confirmed,True,False,,,,,,,,,,False,False
/a/0/5/8,/a/0/5/8!/member_00387,0,/a/0/5/8,187,387,,885528,885703,880316,880491,175,8653d1a231b808ea29e3c614e7dcfc7eb1e8cc2042db51da415dfa58e8dea44c,5245434efffe0001af00000010000300,,NCER cell,Confirmed,True,False,,,,,,,,,,False,False
/a/0/5/8,/a/0/5/8!/member_00388,0,/a/0/5/8,187,388,,885704,885855,880492,880643,151,57c4f638dca35c82365e420f8c7d794c33f8f33053ddda43d831536fc24b21f0,524e414efffe00019700000010000300,,NANR animation,Confirmed,True,False,,,,,,,,,,False,False
/a/0/5/8,/a/0/5/8!/member_00389,0,/a/0/5/8,187,389,,885856,892304,880644,887092,6448,094da44c06a8d9d34b1bb0dd62faea935a5a5e0e2c02c79b85158977f49825ed,5247434efffe00013019000010000100,,NCGR graphics,Confirmed,True,False,,,,,,,,,,False,False
/a/0/5/8,/a/0/5/8!/member_00390,0,/a/0/5/8,187,390,,892304,895552,887092,890340,3248,ac759b51aeb08fe78eaf157f7a924933c92df29f8ae46c8f2c50aa6d6d3cfbc3,5247434efffe0101b00c000010000100,,NCGR graphics,Confirmed,True,False,,,,,,,,,,False,False
/a/0/5/8,/a/0/5/8!/member_00391,0,/a/0/5/8,187,391,,895552,896104,890340,890892,552,dce5ea81506c1d88dfc7a05ff286bb46dea8a53f877e3c904c2d098854593587,524c434efffe00012802000010000100,,NCLR palette,Confirmed,True,False,,,,,,,,,,False,False
/a/0/5/8,/a/0/5/8!/member_00392,0,/a/0/5/8,187,392,,896104,896279,890892,891067,175,8653d1a231b808ea29e3c614e7dcfc7eb1e8cc2042db51da415dfa58e8dea44c,5245434efffe0001af00000010000300,,NCER cell,Confirmed,True,False,,,,,,,,,,False,False
/a/0/5/8,/a/0/5/8!/member_00393,0,/a/0/5/8,187,393,,896280,896431,891068,891219,151,57c4f638dca35c82365e420f8c7d794c33f8f33053ddda43d831536fc24b21f0,524e414efffe00019700000010000300,,NANR animation,Confirmed,True,False,,,,,,,,,,False,False
/a/0/5/8,/a/0/5/8!/member_00394,0,/a/0/5/8,187,394,,896432,902880,891220,897668,6448,1b836e99a236c22aef0489d7c1b1bf7e3c3a20c2d7ad6d15b8d3c4a038c7d499,5247434efffe00013019000010000100,,NCGR graphics,Confirmed,True,False,,,,,,,,,,False,False
/a/0/5/8,/a/0/5/8!/member_00395,0,/a/0/5/8,187,395,,902880,906128,897668,900916,3248,69949382689220704e01f402c65f5185eb06431adaf9d8f6153f6a8cbce5a85f,5247434efffe0101b00c000010000100,,NCGR graphics,Confirmed,True,False,,,,,,,,,,False,False
/a/0/5/8,/a/0/5/8!/member_00396,0,/a/0/5/8,187,396,,906128,906680,900916,901468,552,9625256d3153fe88ac72679d886e0e53baa74c0582d5d0092af126254899a3d5,524c434efffe00012802000010000100,,NCLR palette,Confirmed,True,False,,,,,,,,,,False,False
/a/0/5/8,/a/0/5/8!/member_00397,0,/a/0/5/8,187,397,,906680,906855,901468,901643,175,8653d1a231b808ea29e3c614e7dcfc7eb1e8cc2042db51da415dfa58e8dea44c,5245434efffe0001af00000010000300,,NCER cell,Confirmed,True,False,,,,,,,,,,False,False
/a/0/5/8,/a/0/5/8!/member_00398,0,/a/0/5/8,187,398,,906856,907007,901644,901795,151,57c4f638dca35c82365e420f8c7d794c33f8f33053ddda43d831536fc24b21f0,524e414efffe00019700000010000300,,NANR animation,Confirmed,True,False,,,,,,,,,,False,False
/a/0/5/8,/a/0/5/8!/member_00399,0,/a/0/5/8,187,399,,907008,913456,901796,908244,6448,3b6856cd0c1f685d310009c6fddaccf65b682c8b38def982b2df061c53df08a6,5247434efffe00013019000010000100,,NCGR graphics,Confirmed,True,False,,,,,,,,,,False,False
/a/0/5/8,/a/0/5/8!/member_00400,0,/a/0/5/8,187,400,,913456,916704,908244,911492,3248,de4326173998b282356c1287f62f0d87cfca39f801d5fd72d92d778456121cbc,5247434efffe0101b00c000010000100,,NCGR graphics,Confirmed,True,False,,,,,,,,,,False,False
/a/0/5/8,/a/0/5/8!/member_00401,0,/a/0/5/8,187,401,,916704,917256,911492,912044,552,e315740882712859719f3a34f6be8ac7a059bb5e9ad30048400448072f804469,524c434efffe00012802000010000100,,NCLR palette,Confirmed,True,False,,,,,,,,,,False,False
/a/0/5/8,/a/0/5/8!/member_00402,0,/a/0/5/8,187,402,,917256,917431,912044,912219,175,8653d1a231b808ea29e3c614e7dcfc7eb1e8cc2042db51da415dfa58e8dea44c,5245434efffe0001af00000010000300,,NCER cell,Confirmed,True,False,,,,,,,,,,False,False
/a/0/5/8,/a/0/5/8!/member_00403,0,/a/0/5/8,187,403,,917432,917583,912220,912371,151,57c4f638dca35c82365e420f8c7d794c33f8f33053ddda43d831536fc24b21f0,524e414efffe00019700000010000300,,NANR animation,Confirmed,True,False,,,,,,,,,,False,False
/a/0/5/8,/a/0/5/8!/member_00404,0,/a/0/5/8,187,404,,917584,924032,912372,918820,6448,446ae153d981182d81c2240962286e9b2d9b5671540f2a9a168dc826beea090a,5247434efffe00013019000010000100,,NCGR graphics,Confirmed,True,False,,,,,,,,,,False,False
/a/0/5/8,/a/0/5/8!/member_00405,0,/a/0/5/8,187,405,,924032,927280,918820,922068,3248,975cca029f2ee80c2eea2ad17ed404b42470c3d6ec5ec5fe9467e5813ba6d733,5247434efffe0101b00c000010000100,,NCGR graphics,Confirmed,True,False,,,,,,,,,,False,False
/a/0/5/8,/a/0/5/8!/member_00406,0,/a/0/5/8,187,406,,927280,927832,922068,922620,552,3e74fde1b400cb6ceddef010c585955811711aee4432806f2382eaa1f5969d33,524c434efffe00012802000010000100,,NCLR palette,Confirmed,True,False,,,,,,,,,,False,False
/a/0/5/8,/a/0/5/8!/member_00407,0,/a/0/5/8,187,407,,927832,928007,922620,922795,175,8653d1a231b808ea29e3c614e7dcfc7eb1e8cc2042db51da415dfa58e8dea44c,5245434efffe0001af00000010000300,,NCER cell,Confirmed,True,False,,,,,,,,,,False,False
/a/0/5/8,/a/0/5/8!/member_00408,0,/a/0/5/8,187,408,,928008,928159,922796,922947,151,57c4f638dca35c82365e420f8c7d794c33f8f33053ddda43d831536fc24b21f0,524e414efffe00019700000010000300,,NANR animation,Confirmed,True,False,,,,,,,,,,False,False
/a/0/5/8,/a/0/5/8!/member_00409,0,/a/0/5/8,187,409,,928160,934608,922948,929396,6448,e535293a8e616a0e957f0a7a0d64aea93b55eff5cb50237d6f1fa004ab9ad38b,5247434efffe00013019000010000100,,NCGR graphics,Confirmed,True,False,,,,,,,,,,False,False
/a/0/5/8,/a/0/5/8!/member_00410,0,/a/0/5/8,187,410,,934608,937856,929396,932644,3248,53773fe99ebb66be76a209b0000fb9238079f2214b59537fa149126d324659be,5247434efffe0101b00c000010000100,,NCGR graphics,Confirmed,True,False,,,,,,,,,,False,False
/a/0/5/8,/a/0/5/8!/member_00411,0,/a/0/5/8,187,411,,937856,938408,932644,933196,552,031b4b5d10db75386dbb5191668a8896a7b01419b94e47dadc95a1ec9f1776b2,524c434efffe00012802000010000100,,NCLR palette,Confirmed,True,False,,,,,,,,,,False,False
/a/0/5/8,/a/0/5/8!/member_00412,0,/a/0/5/8,187,412,,938408,938583,933196,933371,175,8653d1a231b808ea29e3c614e7dcfc7eb1e8cc2042db51da415dfa58e8dea44c,5245434efffe0001af00000010000300,,NCER cell,Confirmed,True,False,,,,,,,,,,False,False
/a/0/5/8,/a/0/5/8!/member_00413,0,/a/0/5/8,187,413,,938584,938735,933372,933523,151,57c4f638dca35c82365e420f8c7d794c33f8f33053ddda43d831536fc24b21f0,524e414efffe00019700000010000300,,NANR animation,Confirmed,True,False,,,,,,,,,,False,False
/a/0/5/8,/a/0/5/8!/member_00414,0,/a/0/5/8,187,414,,938736,945184,933524,939972,6448,000129bea82bf67d9949f1138267b13b04e641783d35936db38392788e4e4aa7,5247434efffe00013019000010000100,,NCGR graphics,Confirmed,True,False,,,,,,,,,,False,False
/a/0/5/8,/a/0/5/8!/member_00415,0,/a/0/5/8,187,415,,945184,948432,939972,943220,3248,64dbec141fe73a4fdf63af714258257e6545a27399a21fe1a2f8c1b51459b24f,5247434efffe0101b00c000010000100,,NCGR graphics,Confirmed,True,False,,,,,,,,,,False,False
/a/0/5/8,/a/0/5/8!/member_00416,0,/a/0/5/8,187,416,,948432,948984,943220,943772,552,d5010a8c72b7d6da4660a36db8e520730800a70223e601100e3b7cffea7f0099,524c434efffe00012802000010000100,,NCLR palette,Confirmed,True,False,,,,,,,,,,False,False
/a/0/5/8,/a/0/5/8!/member_00417,0,/a/0/5/8,187,417,,948984,949159,943772,943947,175,8653d1a231b808ea29e3c614e7dcfc7eb1e8cc2042db51da415dfa58e8dea44c,5245434efffe0001af00000010000300,,NCER cell,Confirmed,True,False,,,,,,,,,,False,False
/a/0/5/8,/a/0/5/8!/member_00418,0,/a/0/5/8,187,418,,949160,949311,943948,944099,151,57c4f638dca35c82365e420f8c7d794c33f8f33053ddda43d831536fc24b21f0,524e414efffe00019700000010000300,,NANR animation,Confirmed,True,False,,,,,,,,,,False,False
/a/0/5/8,/a/0/5/8!/member_00419,0,/a/0/5/8,187,419,,949312,955760,944100,950548,6448,2243cd0698061106a420bb8dede6e732dec0682617e0b452f8a36dec51a3817e,5247434efffe00013019000010000100,,NCGR graphics,Confirmed,True,False,,,,,,,,,,False,False
/a/0/5/8,/a/0/5/8!/member_00420,0,/a/0/5/8,187,420,,955760,959008,950548,953796,3248,42dfcf062bbed7fea9178b605cd100b074e7f12a4bfb6b433d1e57b6d22f2066,5247434efffe0101b00c000010000100,,NCGR graphics,Confirmed,True,False,,,,,,,,,,False,False
/a/0/5/8,/a/0/5/8!/member_00421,0,/a/0/5/8,187,421,,959008,959560,953796,954348,552,d5010a8c72b7d6da4660a36db8e520730800a70223e601100e3b7cffea7f0099,524c434efffe00012802000010000100,,NCLR palette,Confirmed,True,False,,,,,,,,,,False,False
/a/0/5/8,/a/0/5/8!/member_00422,0,/a/0/5/8,187,422,,959560,959735,954348,954523,175,8653d1a231b808ea29e3c614e7dcfc7eb1e8cc2042db51da415dfa58e8dea44c,5245434efffe0001af00000010000300,,NCER cell,Confirmed,True,False,,,,,,,,,,False,False
/a/0/5/8,/a/0/5/8!/member_00423,0,/a/0/5/8,187,423,,959736,959887,954524,954675,151,57c4f638dca35c82365e420f8c7d794c33f8f33053ddda43d831536fc24b21f0,524e414efffe00019700000010000300,,NANR animation,Confirmed,True,False,,,,,,,,,,False,False
/a/0/5/8,/a/0/5/8!/member_00424,0,/a/0/5/8,187,424,,959888,966336,954676,961124,6448,398f20d58ebac22ecf03dc5cb5c78882d029f100dba70b45c65517ed61124d59,5247434efffe00013019000010000100,,NCGR graphics,Confirmed,True,False,,,,,,,,,,False,False
/a/0/5/8,/a/0/5/8!/member_00425,0,/a/0/5/8,187,425,,966336,969584,961124,964372,3248,473da1f1a2bdd911a560bea2c8dac9a7a5806caf9eb560055f68e08f87de5e5c,5247434efffe0101b00c000010000100,,NCGR graphics,Confirmed,True,False,,,,,,,,,,False,False
/a/0/5/8,/a/0/5/8!/member_00426,0,/a/0/5/8,187,426,,969584,970136,964372,964924,552,be9c2c8066e77d6844ee731e9cb5cc58dd6a28c4154586002d119acc7070a466,524c434efffe00012802000010000100,,NCLR palette,Confirmed,True,False,,,,,,,,,,False,False
/a/0/5/8,/a/0/5/8!/member_00427,0,/a/0/5/8,187,427,,970136,970311,964924,965099,175,8653d1a231b808ea29e3c614e7dcfc7eb1e8cc2042db51da415dfa58e8dea44c,5245434efffe0001af00000010000300,,NCER cell,Confirmed,True,False,,,,,,,,,,False,False
/a/0/5/8,/a/0/5/8!/member_00428,0,/a/0/5/8,187,428,,970312,970463,965100,965251,151,57c4f638dca35c82365e420f8c7d794c33f8f33053ddda43d831536fc24b21f0,524e414efffe00019700000010000300,,NANR animation,Confirmed,True,False,,,,,,,,,,False,False
/a/0/5/8,/a/0/5/8!/member_00429,0,/a/0/5/8,187,429,,970464,976912,965252,971700,6448,2f25056cb76c73510e99835121a7a055a94e5460ec5163a79c9bac6fd13d352c,5247434efffe00013019000010000100,,NCGR graphics,Confirmed,True,False,,,,,,,,,,False,False
/a/0/5/8,/a/0/5/8!/member_00430,0,/a/0/5/8,187,430,,976912,986560,971700,981348,9648,5a788300e5b7f37d3478dcb530ffedb14cf931bb8299f1d0782eb3482ae2725b,5247434efffe0101b025000010000100,,NCGR graphics,Confirmed,True,False,,,,,,,,,,False,False
/a/0/5/8,/a/0/5/8!/member_00431,0,/a/0/5/8,187,431,,986560,987112,981348,981900,552,e4a1a020788940d399ef9b422e55de6735ea854be69092edbfe10906253caf6d,524c434efffe00012802000010000100,,NCLR palette,Confirmed,True,False,,,,,,,,,,False,False
/a/0/5/8,/a/0/5/8!/member_00432,0,/a/0/5/8,187,432,,987112,987453,981900,982241,341,26efb9e51b870446a2d08630529439d3d4509fb0f3e5ce8675020b8045a3c311,5245434efffe00015501000010000300,,NCER cell,Confirmed,True,False,,,,,,,,,,False,False
/a/0/5/8,/a/0/5/8!/member_00433,0,/a/0/5/8,187,433,,987456,988025,982244,982813,569,ba1b15c4376f2594a43a1fcec04da5b9a159a883d8326f101dee0323b0874236,524e414efffe00013902000010000300,,NANR animation,Confirmed,True,False,,,,,,,,,,False,False
/a/0/5/8,/a/0/5/8!/member_00434,0,/a/0/5/8,187,434,,988028,994476,982816,989264,6448,71da1d4d67a72dce151492fddf4860f958c00488f56c571373b0edbb09b57d37,5247434efffe00013019000010000100,,NCGR graphics,Confirmed,True,False,,,,,,,,,,False,False
/a/0/5/8,/a/0/5/8!/member_00435,0,/a/0/5/8,187,435,,994476,1004124,989264,998912,9648,debf42b60ec76d559bd2a94f619c38f10958ff273a5c516c4ddc9cd5a65653ba,5247434efffe0101b025000010000100,,NCGR graphics,Confirmed,True,False,,,,,,,,,,False,False
/a/0/5/8,/a/0/5/8!/member_00436,0,/a/0/5/8,187,436,,1004124,1004676,998912,999464,552,ed7f2c44c23149b95f2b7d5e41c25f8744f70847dffc833d1bba62fde0c23d01,524c434efffe00012802000010000100,,NCLR palette,Confirmed,True,False,,,,,,,,,,False,False
/a/0/5/8,/a/0/5/8!/member_00437,0,/a/0/5/8,187,437,,1004676,1005017,999464,999805,341,26efb9e51b870446a2d08630529439d3d4509fb0f3e5ce8675020b8045a3c311,5245434efffe00015501000010000300,,NCER cell,Confirmed,True,False,,,,,,,,,,False,False
/a/0/5/8,/a/0/5/8!/member_00438,0,/a/0/5/8,187,438,,1005020,1005597,999808,1000385,577,76b539e387c76104320a47cdd715bd4d82ada175a0192acd95bbb55f86750232,524e414efffe00014102000010000300,,NANR animation,Confirmed,True,False,,,,,,,,,,False,False
/a/0/5/8,/a/0/5/8!/member_00439,0,/a/0/5/8,187,439,,1005600,1012048,1000388,1006836,6448,2d228ece4afb4513e6351e9af9eb817f7101d0f6f50122db28f203518155ace5,5247434efffe00013019000010000100,,NCGR graphics,Confirmed,True,False,,,,,,,,,,False,False
/a/0/5/8,/a/0/5/8!/member_00440,0,/a/0/5/8,187,440,,1012048,1021696,1006836,1016484,9648,4ac1a5f1f63cb3bb96a7ed3c3e728d8cb49912001c0d8b0b4dd95d1d12689e19,5247434efffe0101b025000010000100,,NCGR graphics,Confirmed,True,False,,,,,,,,,,False,False
/a/0/5/8,/a/0/5/8!/member_00441,0,/a/0/5/8,187,441,,1021696,1022248,1016484,1017036,552,8d173a63a565534bd7f93c91b1e8f484a79917cb50952447063c560a8d813229,524c434efffe00012802000010000100,,NCLR palette,Confirmed,True,False,,,,,,,,,,False,False
/a/0/5/8,/a/0/5/8!/member_00442,0,/a/0/5/8,187,442,,1022248,1022589,1017036,1017377,341,26efb9e51b870446a2d08630529439d3d4509fb0f3e5ce8675020b8045a3c311,5245434efffe00015501000010000300,,NCER cell,Confirmed,True,False,,,,,,,,,,False,False
/a/0/5/8,/a/0/5/8!/member_00443,0,/a/0/5/8,187,443,,1022592,1023073,1017380,1017861,481,4a98cda6eec1d6b4d23086fa33dec651a550e68f7d8e8d8216d3089e8e18f84b,524e414efffe0001e101000010000300,,NANR animation,Confirmed,True,False,,,,,,,,,,False,False
/a/0/5/8,/a/0/5/8!/member_00444,0,/a/0/5/8,187,444,,1023076,1029524,1017864,1024312,6448,5d1166cf0fc845b7bf684ff3244e70fd995574e3d181d7c53305cf1ba83ed7cf,5247434efffe00013019000010000100,,NCGR graphics,Confirmed,True,False,,,,,,,,,,False,False
/a/0/5/8,/a/0/5/8!/member_00445,0,/a/0/5/8,187,445,,1029524,1039172,1024312,1033960,9648,102d8d508bc4fdd65402c67e074efb769ca1d830220c2d31e52e9873d345b5b1,5247434efffe0101b025000010000100,,NCGR graphics,Confirmed,True,False,,,,,,,,,,False,False
/a/0/5/8,/a/0/5/8!/member_00446,0,/a/0/5/8,187,446,,1039172,1039724,1033960,1034512,552,f3754fabfd4bcd0b0f81ca548f8f06a98ed80f8dc6cd211bf34c95ae49bbc7fd,524c434efffe00012802000010000100,,NCLR palette,Confirmed,True,False,,,,,,,,,,False,False
/a/0/5/8,/a/0/5/8!/member_00447,0,/a/0/5/8,187,447,,1039724,1040097,1034512,1034885,373,3308664570e69a86ea63fe341cf0692e60b7f8d23421048a1ef8c0328b8a9a9a,5245434efffe00017501000010000300,,NCER cell,Confirmed,True,False,,,,,,,,,,False,False
/a/0/5/8,/a/0/5/8!/member_00448,0,/a/0/5/8,187,448,,1040100,1040557,1034888,1035345,457,8e0850ec87b812569af03b3a956213d70c92603b00a2d119664b4f7a1ae8c9a7,524e414efffe0001c901000010000300,,NANR animation,Confirmed,True,False,,,,,,,,,,False,False
/a/0/5/8,/a/0/5/8!/member_00449,0,/a/0/5/8,187,449,,1040560,1047008,1035348,1041796,6448,d2f6b22bb791e75984e5e6298dbff7f3fae97f5e3c52a0e1cf0ad4be74a69170,5247434efffe00013019000010000100,,NCGR graphics,Confirmed,True,False,,,,,,,,,,False,False
/a/0/5/8,/a/0/5/8!/member_00450,0,/a/0/5/8,187,450,,1047008,1050256,1041796,1045044,3248,2df953459304eba6de7036c1f2c7ef5741bfc46e864ad7d9c1cb32f6c1557d39,5247434efffe0101b00c000010000100,,NCGR graphics,Confirmed,True,False,,,,,,,,,,False,False
/a/0/5/8,/a/0/5/8!/member_00451,0,/a/0/5/8,187,451,,1050256,1050808,1045044,1045596,552,0a5aaea40bf0ff2734f978f4525360c180a65ee0652dc231ff3748e5359c5d62,524c434efffe00012802000010000100,,NCLR palette,Confirmed,True,False,,,,,,,,,,False,False
/a/0/5/8,/a/0/5/8!/member_00452,0,/a/0/5/8,187,452,,1050808,1050983,1045596,1045771,175,8653d1a231b808ea29e3c614e7dcfc7eb1e8cc2042db51da415dfa58e8dea44c,5245434efffe0001af00000010000300,,NCER cell,Confirmed,True,False,,,,,,,,,,False,False
/a/0/5/8,/a/0/5/8!/member_00453,0,/a/0/5/8,187,453,,1050984,1051135,1045772,1045923,151,57c4f638dca35c82365e420f8c7d794c33f8f33053ddda43d831536fc24b21f0,524e414efffe00019700000010000300,,NANR animation,Confirmed,True,False,,,,,,,,,,False,False
/a/0/5/8,/a/0/5/8!/member_00454,0,/a/0/5/8,187,454,,1051136,1057584,1045924,1052372,6448,6f3dbd93f42d76e1fe1232bb6b34f09efaed0c426d9150fd647ebf898ce2803c,5247434efffe00013019000010000100,,NCGR graphics,Confirmed,True,False,,,,,,,,,,False,False
/a/0/5/8,/a/0/5/8!/member_00455,0,/a/0/5/8,187,455,,1057584,1060832,1052372,1055620,3248,505e368b5448c8a99fe9522ebd492300e64b60622aa4f832aaab0a506517dc6a,5247434efffe0101b00c000010000100,,NCGR graphics,Confirmed,True,False,,,,,,,,,,False,False
/a/0/5/8,/a/0/5/8!/member_00456,0,/a/0/5/8,187,456,,1060832,1061384,1055620,1056172,552,3b0083125dbff71904c754f0a4b6f72aa2542b883bbeb717a497789fb4b70cfd,524c434efffe00012802000010000100,,NCLR palette,Confirmed,True,False,,,,,,,,,,False,False
/a/0/5/8,/a/0/5/8!/member_00457,0,/a/0/5/8,187,457,,1061384,1061559,1056172,1056347,175,8653d1a231b808ea29e3c614e7dcfc7eb1e8cc2042db51da415dfa58e8dea44c,5245434efffe0001af00000010000300,,NCER cell,Confirmed,True,False,,,,,,,,,,False,False
/a/0/5/8,/a/0/5/8!/member_00458,0,/a/0/5/8,187,458,,1061560,1061711,1056348,1056499,151,57c4f638dca35c82365e420f8c7d794c33f8f33053ddda43d831536fc24b21f0,524e414efffe00019700000010000300,,NANR animation,Confirmed,True,False,,,,,,,,,,False,False
/a/0/5/8,/a/0/5/8!/member_00459,0,/a/0/5/8,187,459,,1061712,1068160,1056500,1062948,6448,82363321a9c1b89922865dc55a26a95209945ae5881488024f5db4d58500e762,5247434efffe00013019000010000100,,NCGR graphics,Confirmed,True,False,,,,,,,,,,False,False
/a/0/5/8,/a/0/5/8!/member_00460,0,/a/0/5/8,187,460,,1068160,1071408,1062948,1066196,3248,c5243f59d7d07c0aac085ece4e4fb790da95ce0dc307f2654cd217cb94c92180,5247434efffe0101b00c000010000100,,NCGR graphics,Confirmed,True,False,,,,,,,,,,False,False
/a/0/5/8,/a/0/5/8!/member_00461,0,/a/0/5/8,187,461,,1071408,1071960,1066196,1066748,552,f6f7c6fe54f42fdc3269e3dbb329a60518cc8cab2bf9e113ab6169b8f929f482,524c434efffe00012802000010000100,,NCLR palette,Confirmed,True,False,,,,,,,,,,False,False
/a/0/5/8,/a/0/5/8!/member_00462,0,/a/0/5/8,187,462,,1071960,1072135,1066748,1066923,175,8653d1a231b808ea29e3c614e7dcfc7eb1e8cc2042db51da415dfa58e8dea44c,5245434efffe0001af00000010000300,,NCER cell,Confirmed,True,False,,,,,,,,,,False,False
/a/0/5/8,/a/0/5/8!/member_00463,0,/a/0/5/8,187,463,,1072136,1072287,1066924,1067075,151,57c4f638dca35c82365e420f8c7d794c33f8f33053ddda43d831536fc24b21f0,524e414efffe00019700000010000300,,NANR animation,Confirmed,True,False,,,,,,,,,,False,False
/a/0/5/8,/a/0/5/8!/member_00464,0,/a/0/5/8,187,464,,1072288,1078736,1067076,1073524,6448,a39031d69f2740a70b072d4313f609f2acbf0f803268fb1f2c4f8f7ee8d3b6bd,5247434efffe00013019000010000100,,NCGR graphics,Confirmed,True,False,,,,,,,,,,False,False
/a/0/5/8,/a/0/5/8!/member_00465,0,/a/0/5/8,187,465,,1078736,1081984,1073524,1076772,3248,95af2b983e7b75af52491059f2617836ea270f02a46dd9b5402757b9842f194c,5247434efffe0101b00c000010000100,,NCGR graphics,Confirmed,True,False,,,,,,,,,,False,False
/a/0/5/8,/a/0/5/8!/member_00466,0,/a/0/5/8,187,466,,1081984,1082536,1076772,1077324,552,f6f7c6fe54f42fdc3269e3dbb329a60518cc8cab2bf9e113ab6169b8f929f482,524c434efffe00012802000010000100,,NCLR palette,Confirmed,True,False,,,,,,,,,,False,False
/a/0/5/8,/a/0/5/8!/member_00467,0,/a/0/5/8,187,467,,1082536,1082711,1077324,1077499,175,8653d1a231b808ea29e3c614e7dcfc7eb1e8cc2042db51da415dfa58e8dea44c,5245434efffe0001af00000010000300,,NCER cell,Confirmed,True,False,,,,,,,,,,False,False
/a/0/5/8,/a/0/5/8!/member_00468,0,/a/0/5/8,187,468,,1082712,1082863,1077500,1077651,151,57c4f638dca35c82365e420f8c7d794c33f8f33053ddda43d831536fc24b21f0,524e414efffe00019700000010000300,,NANR animation,Confirmed,True,False,,,,,,,,,,False,False
/a/0/5/8,/a/0/5/8!/member_00469,0,/a/0/5/8,187,469,,1082864,1089312,1077652,1084100,6448,473b235d367657ce50469a993d780f33a3c975142b4246e5cb0cedf11b2da741,5247434efffe00013019000010000100,,NCGR graphics,Confirmed,True,False,,,,,,,,,,False,False
/a/0/5/8,/a/0/5/8!/member_00470,0,/a/0/5/8,187,470,,1089312,1092560,1084100,1087348,3248,815e9f4ae467dba6ad3c395e3a3418d27d86e87e5cadc3f9f48fc2967bda32b0,5247434efffe0101b00c000010000100,,NCGR graphics,Confirmed,True,False,,,,,,,,,,False,False
/a/0/5/8,/a/0/5/8!/member_00471,0,/a/0/5/8,187,471,,1092560,1093112,1087348,1087900,552,b84d8a039b25d1f53b881234e324cb7ef8dd2facfa3220c752bce6f348d61d15,524c434efffe00012802000010000100,,NCLR palette,Confirmed,True,False,,,,,,,,,,False,False
/a/0/5/8,/a/0/5/8!/member_00472,0,/a/0/5/8,187,472,,1093112,1093287,1087900,1088075,175,8653d1a231b808ea29e3c614e7dcfc7eb1e8cc2042db51da415dfa58e8dea44c,5245434efffe0001af00000010000300,,NCER cell,Confirmed,True,False,,,,,,,,,,False,False
/a/0/5/8,/a/0/5/8!/member_00473,0,/a/0/5/8,187,473,,1093288,1093439,1088076,1088227,151,57c4f638dca35c82365e420f8c7d794c33f8f33053ddda43d831536fc24b21f0,524e414efffe00019700000010000300,,NANR animation,Confirmed,True,False,,,,,,,,,,False,False
/a/0/5/8,/a/0/5/8!/member_00474,0,/a/0/5/8,187,474,,1093440,1099888,1088228,1094676,6448,d08a5d7ce8763256f3d9f3409b35c938dd1fbb30010ac92c36189c1f2143e91a,5247434efffe00013019000010000100,,NCGR graphics,Confirmed,True,False,,,,,,,,,,False,False
/a/0/5/8,/a/0/5/8!/member_00475,0,/a/0/5/8,187,475,,1099888,1103136,1094676,1097924,3248,e6cecf3bbfb008e3a945f6352b7c0e81490db8ff9b2bf8f16fde7c86ff3a0dd9,5247434efffe0101b00c000010000100,,NCGR graphics,Confirmed,True,False,,,,,,,,,,False,False
/a/0/5/8,/a/0/5/8!/member_00476,0,/a/0/5/8,187,476,,1103136,1103688,1097924,1098476,552,258836f57d0349ecb908f89637dfd2fe8981131a05ac7ebd57ab76be21dfaaef,524c434efffe00012802000010000100,,NCLR palette,Confirmed,True,False,,,,,,,,,,False,False
/a/0/5/8,/a/0/5/8!/member_00477,0,/a/0/5/8,187,477,,1103688,1103863,1098476,1098651,175,8653d1a231b808ea29e3c614e7dcfc7eb1e8cc2042db51da415dfa58e8dea44c,5245434efffe0001af00000010000300,,NCER cell,Confirmed,True,False,,,,,,,,,,False,False
/a/0/5/8,/a/0/5/8!/member_00478,0,/a/0/5/8,187,478,,1103864,1104015,1098652,1098803,151,57c4f638dca35c82365e420f8c7d794c33f8f33053ddda43d831536fc24b21f0,524e414efffe00019700000010000300,,NANR animation,Confirmed,True,False,,,,,,,,,,False,False
/a/0/5/8,/a/0/5/8!/member_00479,0,/a/0/5/8,187,479,,1104016,1110464,1098804,1105252,6448,974de59c5432e688d040a359943bcd79a3fdf61794e6d41974cb20864b78cdfd,5247434efffe00013019000010000100,,NCGR graphics,Confirmed,True,False,,,,,,,,,,False,False
/a/0/5/8,/a/0/5/8!/member_00480,0,/a/0/5/8,187,480,,1110464,1113712,1105252,1108500,3248,81af3332f205328090116b7bc3f3991e7c79242e49d6ae1a3d3f14f17b855ad8,5247434efffe0101b00c000010000100,,NCGR graphics,Confirmed,True,False,,,,,,,,,,False,False
/a/0/5/8,/a/0/5/8!/member_00481,0,/a/0/5/8,187,481,,1113712,1114264,1108500,1109052,552,81292ac92aab402989cae4c896d488b8ac5d4888d9b492929c3945a9d9f520ce,524c434efffe00012802000010000100,,NCLR palette,Confirmed,True,False,,,,,,,,,,False,False
/a/0/5/8,/a/0/5/8!/member_00482,0,/a/0/5/8,187,482,,1114264,1114439,1109052,1109227,175,8653d1a231b808ea29e3c614e7dcfc7eb1e8cc2042db51da415dfa58e8dea44c,5245434efffe0001af00000010000300,,NCER cell,Confirmed,True,False,,,,,,,,,,False,False
/a/0/5/8,/a/0/5/8!/member_00483,0,/a/0/5/8,187,483,,1114440,1114591,1109228,1109379,151,57c4f638dca35c82365e420f8c7d794c33f8f33053ddda43d831536fc24b21f0,524e414efffe00019700000010000300,,NANR animation,Confirmed,True,False,,,,,,,,,,False,False
/a/0/5/8,/a/0/5/8!/member_00484,0,/a/0/5/8,187,484,,1114592,1121040,1109380,1115828,6448,4298a2fac5e654fe429fa6d676b87975fae316b9650474d42ae0f4e3978b73f3,5247434efffe00013019000010000100,,NCGR graphics,Confirmed,True,False,,,,,,,,,,False,False
/a/0/5/8,/a/0/5/8!/member_00485,0,/a/0/5/8,187,485,,1121040,1137088,1115828,1131876,16048,3ddba482d2a811a57fbad01b06858562491387ae2cafac51d4d53769b2615aeb,5247434efffe0101b03e000010000100,,NCGR graphics,Confirmed,True,False,,,,,,,,,,False,False
/a/0/5/8,/a/0/5/8!/member_00486,0,/a/0/5/8,187,486,,1137088,1137640,1131876,1132428,552,75051f4a0d47c48490c4136bc7d9fa96afc957fe6f68bbfab640378446e479e6,524c434efffe00012802000010000100,,NCLR palette,Confirmed,True,False,,,,,,,,,,False,False
/a/0/5/8,/a/0/5/8!/member_00487,0,/a/0/5/8,187,487,,1137640,1138134,1132428,1132922,494,82c8a2400983566227b7c8981ed898554fa031f138b002b8739b971e16d0f49e,5245434efffe0001ee01000010000300,,NCER cell,Confirmed,True,False,,,,,,,,,,False,False
/a/0/5/8,/a/0/5/8!/member_00488,0,/a/0/5/8,187,488,,1138136,1138678,1132924,1133466,542,ba27ed0ca305f44a1a65a434ee41a0e5f085b4bfb8cc96bc26b7838ac41b4445,524e414efffe00011e02000010000300,,NANR animation,Confirmed,True,False,,,,,,,,,,False,False
/a/0/5/8,/a/0/5/8!/member_00489,0,/a/0/5/8,187,489,,1138680,1145128,1133468,1139916,6448,e27a7ffbfcacd8c9bdfe0454e3c8917506b2d21ec8960612498cbe1fa31a441a,5247434efffe00013019000010000100,,NCGR graphics,Confirmed,True,False,,,,,,,,,,False,False
/a/0/5/8,/a/0/5/8!/member_00490,0,/a/0/5/8,187,490,,1145128,1154776,1139916,1149564,9648,0e1b03809ca7813e9a489af0c92ce6fe2cddff7e2d86a4cccca3df8ff3592d43,5247434efffe0101b025000010000100,,NCGR graphics,Confirmed,True,False,,,,,,,,,,False,False
/a/0/5/8,/a/0/5/8!/member_00491,0,/a/0/5/8,187,491,,1154776,1155328,1149564,1150116,552,4f6a4abeae79f16ee74ede4191cf322a23fb9154fe85fa7af7108e0b7055aaab,524c434efffe00012802000010000100,,NCLR palette,Confirmed,True,False,,,,,,,,,,False,False
/a/0/5/8,/a/0/5/8!/member_00492,0,/a/0/5/8,187,492,,1155328,1155654,1150116,1150442,326,815e863bf93b6a6826d056969722487ce4989888e31a3cefab64a71f5967edcf,5245434efffe00014601000010000300,,NCER cell,Confirmed,True,False,,,,,,,,,,False,False
/a/0/5/8,/a/0/5/8!/member_00493,0,/a/0/5/8,187,493,,1155656,1155974,1150444,1150762,318,96ef8e79946f08e0fa5591655f7697b364035d65093aa7b88f3237fd944e8099,524e414efffe00013e01000010000300,,NANR animation,Confirmed,True,False,,,,,,,,,,False,False
/a/0/5/8,/a/0/5/8!/member_00494,0,/a/0/5/8,187,494,,1155976,1162424,1150764,1157212,6448,b4ba3339aad8627facd17facf3010b1ff28ad64b60f4861a9c875ed287c601ab,5247434efffe00013019000010000100,,NCGR graphics,Confirmed,True,False,,,,,,,,,,False,False
/a/0/5/8,/a/0/5/8!/member_00495,0,/a/0/5/8,187,495,,1162424,1181672,1157212,1176460,19248,55452d28c2a78023bddb4922eb20f2e736ccf70ad85425b7c6ad273b629ce7c7,5247434efffe0101304b000010000100,,NCGR graphics,Confirmed,True,False,,,,,,,,,,False,False
/a/0/5/8,/a/0/5/8!/member_00496,0,/a/0/5/8,187,496,,1181672,1182224,1176460,1177012,552,44c74b6daaa1e3ec62c16846ef4402eb6b470cc9df6f0cc3a88355317540f421,524c434efffe00012802000010000100,,NCLR palette,Confirmed,True,False,,,,,,,,,,False,False
/a/0/5/8,/a/0/5/8!/member_00497,0,/a/0/5/8,187,497,,1182224,1182754,1177012,1177542,530,ca997cdc492491b5260eab703a669334630668a815a8447c39e6543309524cd8,5245434efffe00011202000010000300,,NCER cell,Confirmed,True,False,,,,,,,,,,False,False
/a/0/5/8,/a/0/5/8!/member_00498,0,/a/0/5/8,187,498,,1182756,1183062,1177544,1177850,306,08310af18f683b735eb418b2a3cf9037be6676470d583fc3a8d1e1eb88144789,524e414efffe00013201000010000300,,NANR animation,Confirmed,True,False,,,,,,,,,,False,False
/a/0/5/8,/a/0/5/8!/member_00499,0,/a/0/5/8,187,499,,1183064,1189512,1177852,1184300,6448,56562a357678d3ae175366fb70fe27e99087d9f634413cfae4ab3c4dcab3375b,5247434efffe00013019000010000100,,NCGR graphics,Confirmed,True,False,,,,,,,,,,False,False
/a/0/5/8,/a/0/5/8!/member_00500,0,/a/0/5/8,187,500,,1189512,1205560,1184300,1200348,16048,0c53e3c0cdf91c9ef7925add34b76c7804b8c0142fa2df74b7b30d843b884077,5247434efffe0101b03e000010000100,,NCGR graphics,Confirmed,True,False,,,,,,,,,,False,False
/a/0/5/8,/a/0/5/8!/member_00501,0,/a/0/5/8,187,501,,1205560,1206112,1200348,1200900,552,fc90363e2a8a2cbe4616a501073aab2d82e2fae03bffc7392f91f840e1833664,524c434efffe00012802000010000100,,NCLR palette,Confirmed,True,False,,,,,,,,,,False,False
/a/0/5/8,/a/0/5/8!/member_00502,0,/a/0/5/8,187,502,,1206112,1206574,1200900,1201362,462,3e971942525da48bd753896d715df90dad6b23aa866ffc97e323434bf200b53e,5245434efffe0001ce01000010000300,,NCER cell,Confirmed,True,False,,,,,,,,,,False,False
/a/0/5/8,/a/0/5/8!/member_00503,0,/a/0/5/8,187,503,,1206576,1206862,1201364,1201650,286,3b5485e762912657d6c20edc36482599eb9542fcf9daea0182c9c0844dfc3fa2,524e414efffe00011e01000010000300,,NANR animation,Confirmed,True,False,,,,,,,,,,False,False
/a/0/5/8,/a/0/5/8!/member_00504,0,/a/0/5/8,187,504,,1206864,1213312,1201652,1208100,6448,baf7bd29c9418db0055650094aaa9c35c7f5d5d7a043f2ec7810dd2406609309,5247434efffe00013019000010000100,,NCGR graphics,Confirmed,True,False,,,,,,,,,,False,False
/a/0/5/8,/a/0/5/8!/member_00505,0,/a/0/5/8,187,505,,1213312,1248560,1208100,1243348,35248,c7b02fd4d5a74fbf287b68be7e7f0587267a9fecb7a8082a2093b8b2e6414647,5247434efffe0101b089000010000100,,NCGR graphics,Confirmed,True,False,,,,,,,,,,False,False
/a/0/5/8,/a/0/5/8!/member_00506,0,/a/0/5/8,187,506,,1248560,1249112,1243348,1243900,552,a1a901ad9e2f250a2ace733f91ca746abc25e43c4f4be6c4c68cacd891031975,524c434efffe00012802000010000100,,NCLR palette,Confirmed,True,False,,,,,,,,,,False,False
/a/0/5/8,/a/0/5/8!/member_00507,0,/a/0/5/8,187,507,,1249112,1250014,1243900,1244802,902,669368f5e4863a74add3a6e882b75a73f16f42b87c548f8b2136b3deeb5d07f9,5245434efffe00018603000010000300,,NCER cell,Confirmed,True,False,,,,,,,,,,False,False
/a/0/5/8,/a/0/5/8!/member_00508,0,/a/0/5/8,187,508,,1250016,1250442,1244804,1245230,426,321c08410d6315cf0b5c34b3e158f0f598c252433c39efa3bbe9fef26f832dd0,524e414efffe0001aa01000010000300,,NANR animation,Confirmed,True,False,,,,,,,,,,False,False
/a/0/5/8,/a/0/5/8!/member_00509,0,/a/0/5/8,187,509,,1250444,1256892,1245232,1251680,6448,08e10801a91896a21d60dafc214431509f9c837871d41259fb5be803209cd85f,5247434efffe00013019000010000100,,NCGR graphics,Confirmed,True,False,,,,,,,,,,False,False
/a/0/5/8,/a/0/5/8!/member_00510,0,/a/0/5/8,187,510,,1256892,1279340,1251680,1274128,22448,1151f71284fd37d42b5d1328bb1e9c3a835cad4e5e83bd9cd8177be159086d3b,5247434efffe0101b057000010000100,,NCGR graphics,Confirmed,True,False,,,,,,,,,,False,False
/a/0/5/8,/a/0/5/8!/member_00511,0,/a/0/5/8,187,511,,1279340,1279892,1274128,1274680,552,be9ba8660e4c6d4b5b10893bbcaa86480de02ddc0b0f4f2b3cf192cd94791f5f,524c434efffe00012802000010000100,,NCLR palette,Confirmed,True,False,,,,,,,,,,False,False
/a/0/5/8,/a/0/5/8!/member_00512,0,/a/0/5/8,187,512,,1279892,1280534,1274680,1275322,642,c4455b94207d025da25ac61d89dcb1da79f9623562156c5100e77ead2d537e9f,5245434efffe00018202000010000300,,NCER cell,Confirmed,True,False,,,,,,,,,,False,False
/a/0/5/8,/a/0/5/8!/member_00513,0,/a/0/5/8,187,513,,1280536,1280890,1275324,1275678,354,7ecd8928a1fca8a74a428117e9790c72eab9a12762cf2801546cb552127f6e96,524e414efffe00016201000010000300,,NANR animation,Confirmed,True,False,,,,,,,,,,False,False
/a/0/5/8,/a/0/5/8!/member_00514,0,/a/0/5/8,187,514,,1280892,1287340,1275680,1282128,6448,2aa969516c4d8d9e38d3199be8f92188e373423bab57bdebb4be2eddc9038404,5247434efffe00013019000010000100,,NCGR graphics,Confirmed,True,False,,,,,,,,,,False,False
/a/0/5/8,/a/0/5/8!/member_00515,0,/a/0/5/8,187,515,,1287340,1296988,1282128,1291776,9648,7913412a8182f997a64bffacee866c1b57d96db934cfc7fe789ad295d157ae58,5247434efffe0101b025000010000100,,NCGR graphics,Confirmed,True,False,,,,,,,,,,False,False
/a/0/5/8,/a/0/5/8!/member_00516,0,/a/0/5/8,187,516,,1296988,1297540,1291776,1292328,552,80bdf1eca9ee5eef4ba88f730c64d4d7f27d95e9e58b28eb0f163cdd7efbb90d,524c434efffe00012802000010000100,,NCLR palette,Confirmed,True,False,,,,,,,,,,False,False
/a/0/5/8,/a/0/5/8!/member_00517,0,/a/0/5/8,187,517,,1297540,1297866,1292328,1292654,326,815e863bf93b6a6826d056969722487ce4989888e31a3cefab64a71f5967edcf,5245434efffe00014601000010000300,,NCER cell,Confirmed,True,False,,,,,,,,,,False,False
/a/0/5/8,/a/0/5/8!/member_00518,0,/a/0/5/8,187,518,,1297868,1298346,1292656,1293134,478,48920fedac5c4173ed5ead5fef177933f5c75319ecb886a1962152a05687c489,524e414efffe0001de01000010000300,,NANR animation,Confirmed,True,False,,,,,,,,,,False,False
/a/0/5/8,/a/0/5/8!/member_00519,0,/a/0/5/8,187,519,,1298348,1304796,1293136,1299584,6448,3c04fe7414ce4b4c3def102853873f774b9f38c293e177a903d868d684b818c1,5247434efffe00013019000010000100,,NCGR graphics,Confirmed,True,False,,,,,,,,,,False,False
/a/0/5/8,/a/0/5/8!/member_00520,0,/a/0/5/8,187,520,,1304796,1314444,1299584,1309232,9648,af60850d7f2179c0a7b78c0cba708627cea41e12503ca4190f47403cf9bda134,5247434efffe0101b025000010000100,,NCGR graphics,Confirmed,True,False,,,,,,,,,,False,False
/a/0/5/8,/a/0/5/8!/member_00521,0,/a/0/5/8,187,521,,1314444,1314996,1309232,1309784,552,5f8c26da34282cb2482300dde995650aaa9514cde1988cac7c77b1aa2ce79bc5,524c434efffe00012802000010000100,,NCLR palette,Confirmed,True,False,,,,,,,,,,False,False
/a/0/5/8,/a/0/5/8!/member_00522,0,/a/0/5/8,187,522,,1314996,1315337,1309784,1310125,341,26efb9e51b870446a2d08630529439d3d4509fb0f3e5ce8675020b8045a3c311,5245434efffe00015501000010000300,,NCER cell,Confirmed,True,False,,,,,,,,,,False,False
/a/0/5/8,/a/0/5/8!/member_00523,0,/a/0/5/8,187,523,,1315340,1315853,1310128,1310641,513,dfbc3523a532cab1b817c5eeeec411add92b562a034c652561e9b742f5a799a6,524e414efffe00010102000010000300,,NANR animation,Confirmed,True,False,,,,,,,,,,False,False
/a/0/5/8,/a/0/5/8!/member_00524,0,/a/0/5/8,187,524,,1315856,1322304,1310644,1317092,6448,c1ef0c4e6ef082a770d16685445d5f4fecc99ccf4378a2da9faad2b80f475f1b,5247434efffe00013019000010000100,,NCGR graphics,Confirmed,True,False,,,,,,,,,,False,False
/a/0/5/8,/a/0/5/8!/member_00525,0,/a/0/5/8,187,525,,1322304,1335152,1317092,1329940,12848,c872897851c80efdf674db7869d72f4302fe8d5d8a126e03a7d7764b84d003d7,5247434efffe01013032000010000100,,NCGR graphics,Confirmed,True,False,,,,,,,,,,False,False
/a/0/5/8,/a/0/5/8!/member_00526,0,/a/0/5/8,187,526,,1335152,1335704,1329940,1330492,552,80f75b9c9008bdac42de0609d1c1f48a7d513522e6f3c659465b2c3deadaef60,524c434efffe00012802000010000100,,NCLR palette,Confirmed,True,False,,,,,,,,,,False,False
/a/0/5/8,/a/0/5/8!/member_00527,0,/a/0/5/8,187,527,,1335704,1336113,1330492,1330901,409,e124d60673c54bb21e80d5d49508c37a87c836aeeaa6f794838649113aae2c7c,5245434efffe00019901000010000300,,NCER cell,Confirmed,True,False,,,,,,,,,,False,False
/a/0/5/8,/a/0/5/8!/member_00528,0,/a/0/5/8,187,528,,1336116,1336565,1330904,1331353,449,109af85d5c2ef99d091ff72276f7323df5de3f4b1181fd729fd606f881d2911f,524e414efffe0001c101000010000300,,NANR animation,Confirmed,True,False,,,,,,,,,,False,False
/a/0/5/8,/a/0/5/8!/member_00529,0,/a/0/5/8,187,529,,1336568,1343016,1331356,1337804,6448,69cd5fa5adee076ddd00bbd57e6a5eac0a60167a395950a2d9c83d88a172783b,5247434efffe00013019000010000100,,NCGR graphics,Confirmed,True,False,,,,,,,,,,False,False
/a/0/5/8,/a/0/5/8!/member_00530,0,/a/0/5/8,187,530,,1343016,1352664,1337804,1347452,9648,40d030b9166fdbd855f3758432a4f7286c285fd0776363e0bc1d941cc43721ea,5247434efffe0101b025000010000100,,NCGR graphics,Confirmed,True,False,,,,,,,,,,False,False
/a/0/5/8,/a/0/5/8!/member_00531,0,/a/0/5/8,187,531,,1352664,1353216,1347452,1348004,552,083c684e1e3294be39ddb3e3d5cd9298a4b5f8ffa9af9344c03fd9100dbdae49,524c434efffe00012802000010000100,,NCLR palette,Confirmed,True,False,,,,,,,,,,False,False
/a/0/5/8,/a/0/5/8!/member_00532,0,/a/0/5/8,187,532,,1353216,1353557,1348004,1348345,341,c6a48727f16d133449749e93cae336d167918a8d6456696947ff97fb190aa3a0,5245434efffe00015501000010000300,,NCER cell,Confirmed,True,False,,,,,,,,,,False,False
/a/0/5/8,/a/0/5/8!/member_00533,0,/a/0/5/8,187,533,,1353560,1354041,1348348,1348829,481,43a40570b29804de80aaad52762ea79fbbf5d7eaab15a48d874e16a75362e64f,524e414efffe0001e101000010000300,,NANR animation,Confirmed,True,False,,,,,,,,,,False,False
/a/0/5/8,/a/0/5/8!/member_00534,0,/a/0/5/8,187,534,,1354044,1360492,1348832,1355280,6448,ed7e98aa5f33f4afeb33a9997219f886588a6b37a5964f2fbe131f790b96013c,5247434efffe00013019000010000100,,NCGR graphics,Confirmed,True,False,,,,,,,,,,False,False
/a/0/5/8,/a/0/5/8!/member_00535,0,/a/0/5/8,187,535,,1360492,1370140,1355280,1364928,9648,af494d15ac547c97d526943b1ae0c73d3c652e834065363351b3a2bedfc1336a,5247434efffe0101b025000010000100,,NCGR graphics,Confirmed,True,False,,,,,,,,,,False,False
/a/0/5/8,/a/0/5/8!/member_00536,0,/a/0/5/8,187,536,,1370140,1370692,1364928,1365480,552,59902ee436ffc6a30e1bf9e19024978b85f9308df9ce152309563e6b04c9e13f,524c434efffe00012802000010000100,,NCLR palette,Confirmed,True,False,,,,,,,,,,False,False
/a/0/5/8,/a/0/5/8!/member_00537,0,/a/0/5/8,187,537,,1370692,1371018,1365480,1365806,326,815e863bf93b6a6826d056969722487ce4989888e31a3cefab64a71f5967edcf,5245434efffe00014601000010000300,,NCER cell,Confirmed,True,False,,,,,,,,,,False,False
/a/0/5/8,/a/0/5/8!/member_00538,0,/a/0/5/8,187,538,,1371020,1371338,1365808,1366126,318,65dd627640e09bf5082aedb3aec14eb8eae6d35764211417c56a3691c2ea040d,524e414efffe00013e01000010000300,,NANR animation,Confirmed,True,False,,,,,,,,,,False,False
/a/0/5/8,/a/0/5/8!/member_00539,0,/a/0/5/8,187,539,,1371340,1377788,1366128,1372576,6448,ead4f36adb43550b5e2ff768ce97bfc485e62e8709bdc42c057402d3c76fcd3b,5247434efffe00013019000010000100,,NCGR graphics,Confirmed,True,False,,,,,,,,,,False,False
/a/0/5/8,/a/0/5/8!/member_00540,0,/a/0/5/8,187,540,,1377788,1387436,1372576,1382224,9648,346943293bd30908509976a93d284494602fb9ebe34893684c1aa6d4479819bd,5247434efffe0101b025000010000100,,NCGR graphics,Confirmed,True,False,,,,,,,,,,False,False
/a/0/5/8,/a/0/5/8!/member_00541,0,/a/0/5/8,187,541,,1387436,1387988,1382224,1382776,552,1b5a11fc99a791b555540c616f95caa8f1fd4f5372f308164af274cb7bd259fa,524c434efffe00012802000010000100,,NCLR palette,Confirmed,True,False,,,,,,,,,,False,False
/a/0/5/8,/a/0/5/8!/member_00542,0,/a/0/5/8,187,542,,1387988,1388314,1382776,1383102,326,815e863bf93b6a6826d056969722487ce4989888e31a3cefab64a71f5967edcf,5245434efffe00014601000010000300,,NCER cell,Confirmed,True,False,,,,,,,,,,False,False
/a/0/5/8,/a/0/5/8!/member_00543,0,/a/0/5/8,187,543,,1388316,1388582,1383104,1383370,266,3baabf30842b515902860e37e8c5068f100101cf763b8b238e62ed81b06d08ed,524e414efffe00010a01000010000300,,NANR animation,Confirmed,True,False,,,,,,,,,,False,False
/a/0/5/8,/a/0/5/8!/member_00544,0,/a/0/5/8,187,544,,1388584,1395032,1383372,1389820,6448,57124e3e41568367f54aac4f6b999375f4152c5229d7741a81137cf98dc87caa,5247434efffe00013019000010000100,,NCGR graphics,Confirmed,True,False,,,,,,,,,,False,False
/a/0/5/8,/a/0/5/8!/member_00545,0,/a/0/5/8,187,545,,1395032,1404680,1389820,1399468,9648,b7e53d8677667c065302a9b4079ae90b380bceeed472b49043d090a8547ab23e,5247434efffe0101b025000010000100,,NCGR graphics,Confirmed,True,False,,,,,,,,,,False,False
/a/0/5/8,/a/0/5/8!/member_00546,0,/a/0/5/8,187,546,,1404680,1405232,1399468,1400020,552,d7956ab8f35b2cc04e4688b0c9194cda89b1b363ce69e2be709e5942022e9fc7,524c434efffe00012802000010000100,,NCLR palette,Confirmed,True,False,,,,,,,,,,False,False
/a/0/5/8,/a/0/5/8!/member_00547,0,/a/0/5/8,187,547,,1405232,1405573,1400020,1400361,341,26efb9e51b870446a2d08630529439d3d4509fb0f3e5ce8675020b8045a3c311,5245434efffe00015501000010000300,,NCER cell,Confirmed,True,False,,,,,,,,,,False,False
/a/0/5/8,/a/0/5/8!/member_00548,0,/a/0/5/8,187,548,,1405576,1405961,1400364,1400749,385,fa64e8e80a6077273678907b18a2de4b969c37178427a58aaa027266af0a5b8d,524e414efffe00018101000010000300,,NANR animation,Confirmed,True,False,,,,,,,,,,False,False
/a/0/5/8,/a/0/5/8!/member_00549,0,/a/0/5/8,187,549,,1405964,1412412,1400752,1407200,6448,ef45c655aa727404ab6ac49e4df0543631abbaef55dfc9d5cec706a484cc00f6,5247434efffe00013019000010000100,,NCGR graphics,Confirmed,True,False,,,,,,,,,,False,False
/a/0/5/8,/a/0/5/8!/member_00550,0,/a/0/5/8,187,550,,1412412,1422060,1407200,1416848,9648,a2c85f80d7596a1fc1a69e334ed334c9defe472b301fcf34b74f91580afaf609,5247434efffe0101b025000010000100,,NCGR graphics,Confirmed,True,False,,,,,,,,,,False,False
/a/0/5/8,/a/0/5/8!/member_00551,0,/a/0/5/8,187,551,,1422060,1422612,1416848,1417400,552,fbb1e05967b78803181d23516514473c073415a71dd6494aafce32bbfe938a45,524c434efffe00012802000010000100,,NCLR palette,Confirmed,True,False,,,,,,,,,,False,False
/a/0/5/8,/a/0/5/8!/member_00552,0,/a/0/5/8,187,552,,1422612,1422938,1417400,1417726,326,815e863bf93b6a6826d056969722487ce4989888e31a3cefab64a71f5967edcf,5245434efffe00014601000010000300,,NCER cell,Confirmed,True,False,,,,,,,,,,False,False
/a/0/5/8,/a/0/5/8!/member_00553,0,/a/0/5/8,187,553,,1422940,1423378,1417728,1418166,438,ccd0fbd0bafff0dd12c38d8ebdae08a65871bb47d350086d79443a7d001bc143,524e414efffe0001b601000010000300,,NANR animation,Confirmed,True,False,,,,,,,,,,False,False
/a/0/5/8,/a/0/5/8!/member_00554,0,/a/0/5/8,187,554,,1423380,1429828,1418168,1424616,6448,ede32379d9e885b5249ab2dac6ab83937c4c203a1ac34195effd60a741f20728,5247434efffe00013019000010000100,,NCGR graphics,Confirmed,True,False,,,,,,,,,,False,False
/a/0/5/8,/a/0/5/8!/member_00555,0,/a/0/5/8,187,555,,1429828,1433076,1424616,1427864,3248,f58914873b8da1ec77db71c0157be6e31fe56ec420de4a79f26dad8aa2290008,5247434efffe0101b00c000010000100,,NCGR graphics,Confirmed,True,False,,,,,,,,,,False,False
/a/0/5/8,/a/0/5/8!/member_00556,0,/a/0/5/8,187,556,,1433076,1433628,1427864,1428416,552,fc9e5812b5cc029613db3c87bc1cde4836ab6e75d1c5f11bf0a6f88ef8d57468,524c434efffe00012802000010000100,,NCLR palette,Confirmed,True,False,,,,,,,,,,False,False
/a/0/5/8,/a/0/5/8!/member_00557,0,/a/0/5/8,187,557,,1433628,1433803,1428416,1428591,175,8653d1a231b808ea29e3c614e7dcfc7eb1e8cc2042db51da415dfa58e8dea44c,5245434efffe0001af00000010000300,,NCER cell,Confirmed,True,False,,,,,,,,,,False,False
/a/0/5/8,/a/0/5/8!/member_00558,0,/a/0/5/8,187,558,,1433804,1433955,1428592,1428743,151,57c4f638dca35c82365e420f8c7d794c33f8f33053ddda43d831536fc24b21f0,524e414efffe00019700000010000300,,NANR animation,Confirmed,True,False,,,,,,,,,,False,False
/a/0/5/8,/a/0/5/8!/member_00559,0,/a/0/5/8,187,559,,1433956,1440404,1428744,1435192,6448,fd5410557ad18084601732b9a7e04a52ca1ce615dbafe4474aca312bf8e66448,5247434efffe00013019000010000100,,NCGR graphics,Confirmed,True,False,,,,,,,,,,False,False
/a/0/5/8,/a/0/5/8!/member_00560,0,/a/0/5/8,187,560,,1440404,1450052,1435192,1444840,9648,255294acddfe89c8b2128307faa693f326546218c4e9c3a455f12ae0e7a78b1c,5247434efffe0101b025000010000100,,NCGR graphics,Confirmed,True,False,,,,,,,,,,False,False
/a/0/5/8,/a/0/5/8!/member_00561,0,/a/0/5/8,187,561,,1450052,1450604,1444840,1445392,552,99c768d2148bcb17e5afb928271528100158b6ab1812c7c84af60f4ef893b251,524c434efffe00012802000010000100,,NCLR palette,Confirmed,True,False,,,,,,,,,,False,False
/a/0/5/8,/a/0/5/8!/member_00562,0,/a/0/5/8,187,562,,1450604,1450945,1445392,1445733,341,26efb9e51b870446a2d08630529439d3d4509fb0f3e5ce8675020b8045a3c311,5245434efffe00015501000010000300,,NCER cell,Confirmed,True,False,,,,,,,,,,False,False
/a/0/5/8,/a/0/5/8!/member_00563,0,/a/0/5/8,187,563,,1450948,1451581,1445736,1446369,633,fe8abea8740af2e6d593b32d7aca4a2b5f84c99c80f36552c369c3ee6deb3fe7,524e414efffe00017902000010000300,,NANR animation,Confirmed,True,False,,,,,,,,,,False,False
/a/0/5/8,/a/0/5/8!/member_00564,0,/a/0/5/8,187,564,,1451584,1458032,1446372,1452820,6448,6d3651339682edaacce3a816abc894d8f587a0eb76cbf670f658139cfcc2c4f0,5247434efffe00013019000010000100,,NCGR graphics,Confirmed,True,False,,,,,,,,,,False,False
/a/0/5/8,/a/0/5/8!/member_00565,0,/a/0/5/8,187,565,,1458032,1461280,1452820,1456068,3248,fc3af0e26d75ce6ba389fb3a48bc1aeb96fb0ca5a7dca7042166c90c14ed235e,5247434efffe0101b00c000010000100,,NCGR graphics,Confirmed,True,False,,,,,,,,,,False,False
/a/0/5/8,/a/0/5/8!/member_00566,0,/a/0/5/8,187,566,,1461280,1461832,1456068,1456620,552,ec9274df768e005c6d83327b6dbf0e3dec1573f8f1455f07f16cd224ebb73097,524c434efffe00012802000010000100,,NCLR palette,Confirmed,True,False,,,,,,,,,,False,False
/a/0/5/8,/a/0/5/8!/member_00567,0,/a/0/5/8,187,567,,1461832,1462007,1456620,1456795,175,8653d1a231b808ea29e3c614e7dcfc7eb1e8cc2042db51da415dfa58e8dea44c,5245434efffe0001af00000010000300,,NCER cell,Confirmed,True,False,,,,,,,,,,False,False
/a/0/5/8,/a/0/5/8!/member_00568,0,/a/0/5/8,187,568,,1462008,1462159,1456796,1456947,151,57c4f638dca35c82365e420f8c7d794c33f8f33053ddda43d831536fc24b21f0,524e414efffe00019700000010000300,,NANR animation,Confirmed,True,False,,,,,,,,,,False,False
/a/0/5/8,/a/0/5/8!/member_00569,0,/a/0/5/8,187,569,,1462160,1468608,1456948,1463396,6448,9f02381b531d94ebef81e41eef80179d3fa057cd0076dea482e7158cc8d7710d,5247434efffe00013019000010000100,,NCGR graphics,Confirmed,True,False,,,,,,,,,,False,False
/a/0/5/8,/a/0/5/8!/member_00570,0,/a/0/5/8,187,570,,1468608,1471856,1463396,1466644,3248,080de2e67432a688901d9c9331ad4b626ff3efc68a18593b724c7e7149284189,5247434efffe0101b00c000010000100,,NCGR graphics,Confirmed,True,False,,,,,,,,,,False,False
/a/0/5/8,/a/0/5/8!/member_00571,0,/a/0/5/8,187,571,,1471856,1472408,1466644,1467196,552,44e6883fedb573b2b20213925bf0f3c6a0aaf2fe79994225ad71135705d5bf49,524c434efffe00012802000010000100,,NCLR palette,Confirmed,True,False,,,,,,,,,,False,False
/a/0/5/8,/a/0/5/8!/member_00572,0,/a/0/5/8,187,572,,1472408,1472583,1467196,1467371,175,8653d1a231b808ea29e3c614e7dcfc7eb1e8cc2042db51da415dfa58e8dea44c,5245434efffe0001af00000010000300,,NCER cell,Confirmed,True,False,,,,,,,,,,False,False
/a/0/5/8,/a/0/5/8!/member_00573,0,/a/0/5/8,187,573,,1472584,1472735,1467372,1467523,151,57c4f638dca35c82365e420f8c7d794c33f8f33053ddda43d831536fc24b21f0,524e414efffe00019700000010000300,,NANR animation,Confirmed,True,False,,,,,,,,,,False,False
/a/0/5/8,/a/0/5/8!/member_00574,0,/a/0/5/8,187,574,,1472736,1479184,1467524,1473972,6448,8adf54361a94cb8fea67d03f140402952cc2c06eda1468d88a7a982ff8f6269e,5247434efffe00013019000010000100,,NCGR graphics,Confirmed,True,False,,,,,,,,,,False,False
/a/0/5/8,/a/0/5/8!/member_00575,0,/a/0/5/8,187,575,,1479184,1482432,1473972,1477220,3248,4a3e93087529a8fbb47fe8c3cb0a6e1d9c51cfd7d9039c70ae9587cd8848fa65,5247434efffe0101b00c000010000100,,NCGR graphics,Confirmed,True,False,,,,,,,,,,False,False
/a/0/5/8,/a/0/5/8!/member_00576,0,/a/0/5/8,187,576,,1482432,1482984,1477220,1477772,552,bc45631155ae2127ebdced719c478cd192b6c22449a3b6dccc33f8cb6ef403be,524c434efffe00012802000010000100,,NCLR palette,Confirmed,True,False,,,,,,,,,,False,False
/a/0/5/8,/a/0/5/8!/member_00577,0,/a/0/5/8,187,577,,1482984,1483159,1477772,1477947,175,8653d1a231b808ea29e3c614e7dcfc7eb1e8cc2042db51da415dfa58e8dea44c,5245434efffe0001af00000010000300,,NCER cell,Confirmed,True,False,,,,,,,,,,False,False
/a/0/5/8,/a/0/5/8!/member_00578,0,/a/0/5/8,187,578,,1483160,1483311,1477948,1478099,151,57c4f638dca35c82365e420f8c7d794c33f8f33053ddda43d831536fc24b21f0,524e414efffe00019700000010000300,,NANR animation,Confirmed,True,False,,,,,,,,,,False,False
/a/0/5/8,/a/0/5/8!/member_00579,0,/a/0/5/8,187,579,,1483312,1489760,1478100,1484548,6448,9a8fd68c886b00b11f458b87a830a7b38ffe84685b8c0b88d8dcbc9ce70f9e5d,5247434efffe00013019000010000100,,NCGR graphics,Confirmed,True,False,,,,,,,,,,False,False
/a/0/5/8,/a/0/5/8!/member_00580,0,/a/0/5/8,187,580,,1489760,1493008,1484548,1487796,3248,1612d0bf8865bb37c368a61ffe3ba01572459bdb7c44aac6ed15b91cdd8955ea,5247434efffe0101b00c000010000100,,NCGR graphics,Confirmed,True,False,,,,,,,,,,False,False
/a/0/5/8,/a/0/5/8!/member_00581,0,/a/0/5/8,187,581,,1493008,1493560,1487796,1488348,552,3840a1669781d41554f7118ccdaf4b389dac796d589f3bfa1184a657ce694b41,524c434efffe00012802000010000100,,NCLR palette,Confirmed,True,False,,,,,,,,,,False,False
/a/0/5/8,/a/0/5/8!/member_00582,0,/a/0/5/8,187,582,,1493560,1493735,1488348,1488523,175,8653d1a231b808ea29e3c614e7dcfc7eb1e8cc2042db51da415dfa58e8dea44c,5245434efffe0001af00000010000300,,NCER cell,Confirmed,True,False,,,,,,,,,,False,False
/a/0/5/8,/a/0/5/8!/member_00583,0,/a/0/5/8,187,583,,1493736,1493887,1488524,1488675,151,57c4f638dca35c82365e420f8c7d794c33f8f33053ddda43d831536fc24b21f0,524e414efffe00019700000010000300,,NANR animation,Confirmed,True,False,,,,,,,,,,False,False
/a/0/5/8,/a/0/5/8!/member_00584,0,/a/0/5/8,187,584,,1493888,1500336,1488676,1495124,6448,d7043d824664a76334bbc1a4c80ca5ba975f89d41f219987293566d22dc57b23,5247434efffe00013019000010000100,,NCGR graphics,Confirmed,True,False,,,,,,,,,,False,False
/a/0/5/8,/a/0/5/8!/member_00585,0,/a/0/5/8,187,585,,1500336,1503584,1495124,1498372,3248,58fe7ea037cc4e3f6b9132f465c2a11eb8a7572fdec5f895fc3f18e4d48dc967,5247434efffe0101b00c000010000100,,NCGR graphics,Confirmed,True,False,,,,,,,,,,False,False
/a/0/5/8,/a/0/5/8!/member_00586,0,/a/0/5/8,187,586,,1503584,1504136,1498372,1498924,552,7fb4a1e8ce705564ee3c8a55b4a69c0414068e6b33c8527e8573d817e6c8ada7,524c434efffe00012802000010000100,,NCLR palette,Confirmed,True,False,,,,,,,,,,False,False
/a/0/5/8,/a/0/5/8!/member_00587,0,/a/0/5/8,187,587,,1504136,1504311,1498924,1499099,175,8653d1a231b808ea29e3c614e7dcfc7eb1e8cc2042db51da415dfa58e8dea44c,5245434efffe0001af00000010000300,,NCER cell,Confirmed,True,False,,,,,,,,,,False,False
/a/0/5/8,/a/0/5/8!/member_00588,0,/a/0/5/8,187,588,,1504312,1504463,1499100,1499251,151,57c4f638dca35c82365e420f8c7d794c33f8f33053ddda43d831536fc24b21f0,524e414efffe00019700000010000300,,NANR animation,Confirmed,True,False,,,,,,,,,,False,False
/a/0/5/8,/a/0/5/8!/member_00589,0,/a/0/5/8,187,589,,1504464,1510912,1499252,1505700,6448,b49e8bbe79b20456ad504a8f006c602074ce170602f43ab2cbcad9ef49d72d2f,5247434efffe00013019000010000100,,NCGR graphics,Confirmed,True,False,,,,,,,,,,False,False
/a/0/5/8,/a/0/5/8!/member_00590,0,/a/0/5/8,187,590,,1510912,1514160,1505700,1508948,3248,a0ac9209d1002a5a4bbb27b4d5b6d07482a16a64d02af5063014ec52e445a362,5247434efffe0101b00c000010000100,,NCGR graphics,Confirmed,True,False,,,,,,,,,,False,False
/a/0/5/8,/a/0/5/8!/member_00591,0,/a/0/5/8,187,591,,1514160,1514712,1508948,1509500,552,11f0d1525dafd310decab10126d2c049b4eca658ee1aa8a843c02961a9d5dc70,524c434efffe00012802000010000100,,NCLR palette,Confirmed,True,False,,,,,,,,,,False,False
/a/0/5/8,/a/0/5/8!/member_00592,0,/a/0/5/8,187,592,,1514712,1514887,1509500,1509675,175,8653d1a231b808ea29e3c614e7dcfc7eb1e8cc2042db51da415dfa58e8dea44c,5245434efffe0001af00000010000300,,NCER cell,Confirmed,True,False,,,,,,,,,,False,False
/a/0/5/8,/a/0/5/8!/member_00593,0,/a/0/5/8,187,593,,1514888,1515039,1509676,1509827,151,57c4f638dca35c82365e420f8c7d794c33f8f33053ddda43d831536fc24b21f0,524e414efffe00019700000010000300,,NANR animation,Confirmed,True,False,,,,,,,,,,False,False
/a/0/5/8,/a/0/5/8!/member_00594,0,/a/0/5/8,187,594,,1515040,1521488,1509828,1516276,6448,8541f6ed96938d3d34e4a92a3f5a64775ace7cc28c0e88a19e334e753b42378b,5247434efffe00013019000010000100,,NCGR graphics,Confirmed,True,False,,,,,,,,,,False,False
/a/0/5/8,/a/0/5/8!/member_00595,0,/a/0/5/8,187,595,,1521488,1531136,1516276,1525924,9648,eb7f49a3ed5c3bab2da8dce1334d26f5270f4703d1276b55d6d5c513a8c5a484,5247434efffe0101b025000010000100,,NCGR graphics,Confirmed,True,False,,,,,,,,,,False,False
/a/0/5/8,/a/0/5/8!/member_00596,0,/a/0/5/8,187,596,,1531136,1531688,1525924,1526476,552,de9e3f25a30d1dff898692e9dbdebb30117b5721b0a66713eae8f412beb07350,524c434efffe00012802000010000100,,NCLR palette,Confirmed,True,False,,,,,,,,,,False,False
/a/0/5/8,/a/0/5/8!/member_00597,0,/a/0/5/8,187,597,,1531688,1532029,1526476,1526817,341,26efb9e51b870446a2d08630529439d3d4509fb0f3e5ce8675020b8045a3c311,5245434efffe00015501000010000300,,NCER cell,Confirmed,True,False,,,,,,,,,,False,False
/a/0/5/8,/a/0/5/8!/member_00598,0,/a/0/5/8,187,598,,1532032,1532441,1526820,1527229,409,8e1ab267c596cf1813bd10e44227052c273184db067235e37e82e7f8f0b2022b,524e414efffe00019901000010000300,,NANR animation,Confirmed,True,False,,,,,,,,,,False,False
/a/0/5/8,/a/0/5/8!/member_00599,0,/a/0/5/8,187,599,,1532444,1538892,1527232,1533680,6448,5dbdfb99305cc10f598ccb47115222dd182db3cde01f08fa688af4cf5ecaf694,5247434efffe00013019000010000100,,NCGR graphics,Confirmed,True,False,,,,,,,,,,False,False
/a/0/5/8,/a/0/5/8!/member_00600,0,/a/0/5/8,187,600,,1538892,1542140,1533680,1536928,3248,cafb237ab0dbb0efd5d04cc661fd416b4a3da2bcfd8b204a8912f0255f724aec,5247434efffe0101b00c000010000100,,NCGR graphics,Confirmed,True,False,,,,,,,,,,False,False
/a/0/5/8,/a/0/5/8!/member_00601,0,/a/0/5/8,187,601,,1542140,1542692,1536928,1537480,552,99250ce38d8f7ee480cd60a6beb00ddb1e95b6ecaab6480ece02c4b91ddbd4f2,524c434efffe00012802000010000100,,NCLR palette,Confirmed,True,False,,,,,,,,,,False,False
/a/0/5/8,/a/0/5/8!/member_00602,0,/a/0/5/8,187,602,,1542692,1542867,1537480,1537655,175,8653d1a231b808ea29e3c614e7dcfc7eb1e8cc2042db51da415dfa58e8dea44c,5245434efffe0001af00000010000300,,NCER cell,Confirmed,True,False,,,,,,,,,,False,False
/a/0/5/8,/a/0/5/8!/member_00603,0,/a/0/5/8,187,603,,1542868,1543019,1537656,1537807,151,57c4f638dca35c82365e420f8c7d794c33f8f33053ddda43d831536fc24b21f0,524e414efffe00019700000010000300,,NANR animation,Confirmed,True,False,,,,,,,,,,False,False
/a/0/5/8,/a/0/5/8!/member_00604,0,/a/0/5/8,187,604,,1543020,1549468,1537808,1544256,6448,22a714d89a9b564789b511403126b7e427f8732b965505c91e6dd2e114da4338,5247434efffe00013019000010000100,,NCGR graphics,Confirmed,True,False,,,,,,,,,,False,False
/a/0/5/8,/a/0/5/8!/member_00605,0,/a/0/5/8,187,605,,1549468,1552716,1544256,1547504,3248,a7bd7422a86c75ca3704fdfa27e3b66e26741c35981c9171fc942435a82ae055,5247434efffe0101b00c000010000100,,NCGR graphics,Confirmed,True,False,,,,,,,,,,False,False
/a/0/5/8,/a/0/5/8!/member_00606,0,/a/0/5/8,187,606,,1552716,1553268,1547504,1548056,552,2244408c55324f9e303f64e32b202bd22709fae2c7c78e8bfbabe8662e29577a,524c434efffe00012802000010000100,,NCLR palette,Confirmed,True,False,,,,,,,,,,False,False
/a/0/5/8,/a/0/5/8!/member_00607,0,/a/0/5/8,187,607,,1553268,1553443,1548056,1548231,175,8653d1a231b808ea29e3c614e7dcfc7eb1e8cc2042db51da415dfa58e8dea44c,5245434efffe0001af00000010000300,,NCER cell,Confirmed,True,False,,,,,,,,,,False,False
/a/0/5/8,/a/0/5/8!/member_00608,0,/a/0/5/8,187,608,,1553444,1553595,1548232,1548383,151,57c4f638dca35c82365e420f8c7d794c33f8f33053ddda43d831536fc24b21f0,524e414efffe00019700000010000300,,NANR animation,Confirmed,True,False,,,,,,,,,,False,False
/a/0/5/8,/a/0/5/8!/member_00609,0,/a/0/5/8,187,609,,1553596,1560044,1548384,1554832,6448,ea878322abb4b15d09a4297a97c7cb2fb2dad37b740dcae11c855e8866855752,5247434efffe00013019000010000100,,NCGR graphics,Confirmed,True,False,,,,,,,,,,False,False
/a/0/5/8,/a/0/5/8!/member_00610,0,/a/0/5/8,187,610,,1560044,1563292,1554832,1558080,3248,75e11e2632dac56655535ea2a93dbf39d119a0d92b29185b73fd6aa7f48425ec,5247434efffe0101b00c000010000100,,NCGR graphics,Confirmed,True,False,,,,,,,,,,False,False
/a/0/5/8,/a/0/5/8!/member_00611,0,/a/0/5/8,187,611,,1563292,1563844,1558080,1558632,552,cd55ffb82a8b284457f35f7da0418db54e96c278f1a479236bf47455bc19c5cb,524c434efffe00012802000010000100,,NCLR palette,Confirmed,True,False,,,,,,,,,,False,False
/a/0/5/8,/a/0/5/8!/member_00612,0,/a/0/5/8,187,612,,1563844,1564019,1558632,1558807,175,8653d1a231b808ea29e3c614e7dcfc7eb1e8cc2042db51da415dfa58e8dea44c,5245434efffe0001af00000010000300,,NCER cell,Confirmed,True,False,,,,,,,,,,False,False
/a/0/5/8,/a/0/5/8!/member_00613,0,/a/0/5/8,187,613,,1564020,1564171,1558808,1558959,151,57c4f638dca35c82365e420f8c7d794c33f8f33053ddda43d831536fc24b21f0,524e414efffe00019700000010000300,,NANR animation,Confirmed,True,False,,,,,,,,,,False,False
/a/0/5/8,/a/0/5/8!/member_00614,0,/a/0/5/8,187,614,,1564172,1570620,1558960,1565408,6448,4d645e88f333eee83c9b9a6dd58bd29197dfb2d154a5efeeb2fac8c6dbb93061,5247434efffe00013019000010000100,,NCGR graphics,Confirmed,True,False,,,,,,,,,,False,False
/a/0/5/8,/a/0/5/8!/member_00615,0,/a/0/5/8,187,615,,1570620,1596268,1565408,1591056,25648,ba0e1d91c5ec7970e6d4aad81acf4927b94992b4e839a4ba398e2e46dac6b3b2,5247434efffe01013064000010000100,,NCGR graphics,Confirmed,True,False,,,,,,,,,,False,False
/a/0/5/8,/a/0/5/8!/member_00616,0,/a/0/5/8,187,616,,1596268,1596820,1591056,1591608,552,de3452de4febe5db48c63b0a3241a6d44c002fdee5b364411b0abd65331c051e,524c434efffe00012802000010000100,,NCLR palette,Confirmed,True,False,,,,,,,,,,False,False
/a/0/5/8,/a/0/5/8!/member_00617,0,/a/0/5/8,187,617,,1596820,1597486,1591608,1592274,666,f5da26b6143bb6c2dbbe66ffa64a27d21a23d3d17feda52bcd7f4ddbf62bf639,5245434efffe00019a02000010000300,,NCER cell,Confirmed,True,False,,,,,,,,,,False,False
/a/0/5/8,/a/0/5/8!/member_00618,0,/a/0/5/8,187,618,,1597488,1597846,1592276,1592634,358,6924b3d76a2144a4ea9830a380ff1d2fe77a458223a3e8e41a264a585d3035f1,524e414efffe00016601000010000300,,NANR animation,Confirmed,True,False,,,,,,,,,,False,False
/a/0/5/8,/a/0/5/8!/member_00619,0,/a/0/5/8,187,619,,1597848,1604296,1592636,1599084,6448,65258f552a2001a9a8842634236124fe201a6bdc86afd1c13a392c1cb5738971,5247434efffe00013019000010000100,,NCGR graphics,Confirmed,True,False,,,,,,,,,,False,False
/a/0/5/8,/a/0/5/8!/member_00620,0,/a/0/5/8,187,620,,1604296,1613944,1599084,1608732,9648,b17060d06914bdd50569edfeb2aa92fffe8a9761bff43e777d5f07e82dd381be,5247434efffe0101b025000010000100,,NCGR graphics,Confirmed,True,False,,,,,,,,,,False,False
/a/0/5/8,/a/0/5/8!/member_00621,0,/a/0/5/8,187,621,,1613944,1614496,1608732,1609284,552,7cd9af09a56c81f93c33bca9bf6399a09e2c28efe7b644b0c773b9add2416ce6,524c434efffe00012802000010000100,,NCLR palette,Confirmed,True,False,,,,,,,,,,False,False
/a/0/5/8,/a/0/5/8!/member_00622,0,/a/0/5/8,187,622,,1614496,1614837,1609284,1609625,341,26efb9e51b870446a2d08630529439d3d4509fb0f3e5ce8675020b8045a3c311,5245434efffe00015501000010000300,,NCER cell,Confirmed,True,False,,,,,,,,,,False,False
/a/0/5/8,/a/0/5/8!/member_00623,0,/a/0/5/8,187,623,,1614840,1615153,1609628,1609941,313,a45ad8b9d685a8fe1b3cd41edf3f4c9f53418fe3a7735674992383eca7039c04,524e414efffe00013901000010000300,,NANR animation,Confirmed,True,False,,,,,,,,,,False,False
/a/0/5/8,/a/0/5/8!/member_00624,0,/a/0/5/8,187,624,,1615156,1621604,1609944,1616392,6448,19ec614b1c8de2b58f7b6f2751d70fbb0a5dc93ec43a6ff17b729962e3d941f8,5247434efffe00013019000010000100,,NCGR graphics,Confirmed,True,False,,,,,,,,,,False,False
/a/0/5/8,/a/0/5/8!/member_00625,0,/a/0/5/8,187,625,,1621604,1624852,1616392,1619640,3248,e6cecf3bbfb008e3a945f6352b7c0e81490db8ff9b2bf8f16fde7c86ff3a0dd9,5247434efffe0101b00c000010000100,,NCGR graphics,Confirmed,True,False,,,,,,,,,,False,False
/a/0/5/8,/a/0/5/8!/member_00626,0,/a/0/5/8,187,626,,1624852,1625404,1619640,1620192,552,258836f57d0349ecb908f89637dfd2fe8981131a05ac7ebd57ab76be21dfaaef,524c434efffe00012802000010000100,,NCLR palette,Confirmed,True,False,,,,,,,,,,False,False
/a/0/5/8,/a/0/5/8!/member_00627,0,/a/0/5/8,187,627,,1625404,1625579,1620192,1620367,175,8653d1a231b808ea29e3c614e7dcfc7eb1e8cc2042db51da415dfa58e8dea44c,5245434efffe0001af00000010000300,,NCER cell,Confirmed,True,False,,,,,,,,,,False,False
/a/0/5/8,/a/0/5/8!/member_00628,0,/a/0/5/8,187,628,,1625580,1625731,1620368,1620519,151,7020dcb10f3b80ee2ed19308183140e64c8ad5a24a5fc64aef13288b3d0fce45,524e414efffe00019700000010000300,,NANR animation,Confirmed,True,False,,,,,,,,,,False,False
/a/0/5/8,/a/0/5/8!/member_00629,0,/a/0/5/8,187,629,,1625732,1632180,1620520,1626968,6448,974de59c5432e688d040a359943bcd79a3fdf61794e6d41974cb20864b78cdfd,5247434efffe00013019000010000100,,NCGR graphics,Confirmed,True,False,,,,,,,,,,False,False
/a/0/5/8,/a/0/5/8!/member_00630,0,/a/0/5/8,187,630,,1632180,1635428,1626968,1630216,3248,81af3332f205328090116b7bc3f3991e7c79242e49d6ae1a3d3f14f17b855ad8,5247434efffe0101b00c000010000100,,NCGR graphics,Confirmed,True,False,,,,,,,,,,False,False
/a/0/5/8,/a/0/5/8!/member_00631,0,/a/0/5/8,187,631,,1635428,1635980,1630216,1630768,552,81292ac92aab402989cae4c896d488b8ac5d4888d9b492929c3945a9d9f520ce,524c434efffe00012802000010000100,,NCLR palette,Confirmed,True,False,,,,,,,,,,False,False
/a/0/5/8,/a/0/5/8!/member_00632,0,/a/0/5/8,187,632,,1635980,1636155,1630768,1630943,175,8653d1a231b808ea29e3c614e7dcfc7eb1e8cc2042db51da415dfa58e8dea44c,5245434efffe0001af00000010000300,,NCER cell,Confirmed,True,False,,,,,,,,,,False,False
/a/0/5/8,/a/0/5/8!/member_00633,0,/a/0/5/8,187,633,,1636156,1636307,1630944,1631095,151,7020dcb10f3b80ee2ed19308183140e64c8ad5a24a5fc64aef13288b3d0fce45,524e414efffe00019700000010000300,,NANR animation,Confirmed,True,False,,,,,,,,,,False,False
/a/0/5/8,/a/0/5/8!/member_00634,0,/a/0/5/8,187,634,,1636308,1642756,1631096,1637544,6448,4298a2fac5e654fe429fa6d676b87975fae316b9650474d42ae0f4e3978b73f3,5247434efffe00013019000010000100,,NCGR graphics,Confirmed,True,False,,,,,,,,,,False,False
/a/0/5/8,/a/0/5/8!/member_00635,0,/a/0/5/8,187,635,,1642756,1646004,1637544,1640792,3248,8c92a225bbd0b2856ebb89aa6dfa71ad66065fbd22f00a606353df18fd1afbc0,5247434efffe0101b00c000010000100,,NCGR graphics,Confirmed,True,False,,,,,,,,,,False,False
/a/0/5/8,/a/0/5/8!/member_00636,0,/a/0/5/8,187,636,,1646004,1646556,1640792,1641344,552,2f044beb07e8caf61f206697db10ee01b41a5bbd26eae3d9d72ef9abc7dd2bb9,524c434efffe00012802000010000100,,NCLR palette,Confirmed,True,False,,,,,,,,,,False,False
/a/0/5/8,/a/0/5/8!/member_00637,0,/a/0/5/8,187,637,,1646556,1646731,1641344,1641519,175,8653d1a231b808ea29e3c614e7dcfc7eb1e8cc2042db51da415dfa58e8dea44c,5245434efffe0001af00000010000300,,NCER cell,Confirmed,True,False,,,,,,,,,,False,False
/a/0/5/8,/a/0/5/8!/member_00638,0,/a/0/5/8,187,638,,1646732,1646883,1641520,1641671,151,7020dcb10f3b80ee2ed19308183140e64c8ad5a24a5fc64aef13288b3d0fce45,524e414efffe00019700000010000300,,NANR animation,Confirmed,True,False,,,,,,,,,,False,False
/a/0/5/8,/a/0/5/8!/member_00639,0,/a/0/5/8,187,639,,1646884,1653332,1641672,1648120,6448,38c94aa4491362400ea89501bbed411d90462e2d309e9a8bad3f8e27775922d0,5247434efffe00013019000010000100,,NCGR graphics,Confirmed,True,False,,,,,,,,,,False,False
/a/0/5/8,/a/0/5/8!/member_00640,0,/a/0/5/8,187,640,,1653332,1656580,1648120,1651368,3248,26521fd64a841f618c635eb59a156d6d363965e4c37957d846e916f7f09dcbbf,5247434efffe0101b00c000010000100,,NCGR graphics,Confirmed,True,False,,,,,,,,,,False,False
/a/0/5/8,/a/0/5/8!/member_00641,0,/a/0/5/8,187,641,,1656580,1657132,1651368,1651920,552,0ce5e931e48fb5b886e668a4f12126318b5ce339f2fdbfe02be6f5a33b9d6c39,524c434efffe00012802000010000100,,NCLR palette,Confirmed,True,False,,,,,,,,,,False,False
/a/0/5/8,/a/0/5/8!/member_00642,0,/a/0/5/8,187,642,,1657132,1657307,1651920,1652095,175,8653d1a231b808ea29e3c614e7dcfc7eb1e8cc2042db51da415dfa58e8dea44c,5245434efffe0001af00000010000300,,NCER cell,Confirmed,True,False,,,,,,,,,,False,False
/a/0/5/8,/a/0/5/8!/member_00643,0,/a/0/5/8,187,643,,1657308,1657459,1652096,1652247,151,7020dcb10f3b80ee2ed19308183140e64c8ad5a24a5fc64aef13288b3d0fce45,524e414efffe00019700000010000300,,NANR animation,Confirmed,True,False,,,,,,,,,,False,False
/a/0/5/8,/a/0/5/8!/member_00644,0,/a/0/5/8,187,644,,1657460,1663908,1652248,1658696,6448,345f27ec78d1de5e318b2497b0f86d75714167439ed993804fd5c32f5f50d50e,5247434efffe00013019000010000100,,NCGR graphics,Confirmed,True,False,,,,,,,,,,False,False
/a/0/5/9,/a/0/5/9!/member_00000,0,/a/0/5/9,188,0,,92,804,0,712,712,a8872327769e47140cace4061d1de76cc746a440c4ccf75fb45ee23e49d37ef7,2041505331325f310200020000000000,,Nintendo Huffman,Probable,,True,Nintendo Huffman,Probable,False,5460033,,,,,,False,False
/a/0/5/9,/a/0/5/9!/member_00001,0,/a/0/5/9,188,1,,804,2024,712,1932,1220,c3977ec0429e9d3f69c89d422bc06989a493cd64a304d74262fc1b8ab4bc7e6b,2041505331325f310100010000000000,,Nintendo Huffman,Probable,,True,Nintendo Huffman,Probable,False,5460033,,,,,,False,False
/a/0/5/9,/a/0/5/9!/member_00002,0,/a/0/5/9,188,2,,2024,8136,1932,8044,6112,b0581d89db02710f91f3688b796c558164dc833c70d48c0d0f3be58d85a119fb,2041505331325f310500030000000000,,Nintendo Huffman,Probable,,True,Nintendo Huffman,Probable,False,5460033,,,,,,False,False
/a/0/5/9,/a/0/5/9!/member_00003,0,/a/0/5/9,188,3,,8136,21040,8044,20948,12904,34a13e1ec67e770913ea64b283e2d37d2507f0fc6ce5502a0195f5310aef6b24,2041505331325f310d000a0000000000,,Nintendo Huffman,Probable,,True,Nintendo Huffman,Probable,False,5460033,,,,,,False,False
/a/0/5/9,/a/0/5/9!/member_00004,0,/a/0/5/9,188,4,,21040,34408,20948,34316,13368,748eded76a142bcf2247df73ed54bfec6e24d15d48d2c1c9b825cf1c061c916e,2041505331325f310900090000000000,,Nintendo Huffman,Probable,,True,Nintendo Huffman,Probable,False,5460033,,,,,,False,False
/a/0/6/0,/a/0/6/0!/member_00000,0,/a/0/6/0,189,0,,260,2372,0,2112,2112,fb265e7a4aae8a93511a89461ff5a50f777b58ec320144d2c5482db2888546c5,5247434efffe01014008000010000200,,NCGR graphics,Confirmed,True,False,,,,,,,,,,False,False
/a/0/6/0,/a/0/6/0!/member_00001,0,/a/0/6/0,189,1,,2372,2924,2112,2664,552,7f03f73663156e7b196ca53a73c2a5c19ca3c3d32a295726b4038a91db9ed187,524c434efffe00012802000010000100,,NCLR palette,Confirmed,True,False,,,,,,,,,,False,False
/a/0/6/0,/a/0/6/0!/member_00002,0,/a/0/6/0,189,2,,2924,4496,2664,4236,1572,36413df17008367508799a3e512557785e5e950a3d95d25b1e9b4698462bf0af,5243534efffe00012406000010000100,,NSCR screen map,Confirmed,True,False,,,,,,,,,,False,False
/a/0/6/0,/a/0/6/0!/member_00003,0,/a/0/6/0,189,3,,4496,6068,4236,5808,1572,05e603eee00d72718e53b9414b911b68537eb1ac9cee9bc3f5117307a6222033,5243534efffe00012406000010000100,,NSCR screen map,Confirmed,True,False,,,,,,,,,,False,False
/a/0/6/0,/a/0/6/0!/member_00004,0,/a/0/6/0,189,4,,6068,6372,5808,6112,304,8d542f647cd38a97afff04a3710dc0ac0abc749af126505ab797eb9296ee1d7e,5247434efffe01013001000010000100,,NCGR graphics,Confirmed,True,False,,,,,,,,,,False,False
/a/0/6/0,/a/0/6/0!/member_00005,0,/a/0/6/0,189,5,,6372,6514,6112,6254,142,c7cf2af529ba064fa401fc49d4f080130649eaf6c9c11a907173b17853b26f89,5245434efffe00018e00000010000300,,NCER cell,Confirmed,True,False,,,,,,,,,,False,False
/a/0/6/0,/a/0/6/0!/member_00006,0,/a/0/6/0,189,6,,6516,6774,6256,6514,258,d3f45abefee6c80d5ff3b6b23d3bee62c1cb62db0db4960e7ff75dfe7327f964,524e414efffe00010201000010000300,,NANR animation,Confirmed,True,False,,,,,,,,,,False,False
/a/0/6/0,/a/0/6/0!/member_00007,0,/a/0/6/0,189,7,,6776,9384,6516,9124,2608,2726618da982128b0a29c177c56437aed01a7a7c5f8990bfd8d8a9037201f252,5247434efffe0101300a000010000100,,NCGR graphics,Confirmed,True,False,,,,,,,,,,False,False
/a/0/6/0,/a/0/6/0!/member_00008,0,/a/0/6/0,189,8,,9384,9503,9124,9243,119,88cb6d51bba432fe997b97351ad77ddfda9d4b1f98b9ea7005514b64cf45b8c4,5245434efffe00017700000010000300,,NCER cell,Confirmed,True,False,,,,,,,,,,False,False
/a/0/6/0,/a/0/6/0!/member_00009,0,/a/0/6/0,189,9,,9504,9615,9244,9355,111,ca4fb76f05db368c396eb1886b1de7f86ac9d15577eac9a050aee2d0ddf7492b,524e414efffe00016f00000010000300,,NANR animation,Confirmed,True,False,,,,,,,,,,False,False
/a/0/6/0,/a/0/6/0!/member_00010,0,/a/0/6/0,189,10,,9616,10168,9356,9908,552,a5fda0c1ce4b2072416c8fa593420e9210dff222c308fe65fd6d4bbded3ead78,524c434efffe00012802000010000100,,NCLR palette,Confirmed,True,False,,,,,,,,,,False,False
/a/0/6/0,/a/0/6/0!/member_00011,0,/a/0/6/0,189,11,,10168,10720,9908,10460,552,d8706317334290bfbbe622a106d9f69c232a73ff5d56ad1188fd5c07a37b52ef,524c434efffe00012802000010000100,,NCLR palette,Confirmed,True,False,,,,,,,,,,False,False
/a/0/6/0,/a/0/6/0!/member_00012,0,/a/0/6/0,189,12,,10720,17952,10460,17692,7232,69227ee47f60910eb06bdc20e27779bdeecf2291e3b761b117dd29fea305487d,5247434efffe0101401c000010000200,,NCGR graphics,Confirmed,True,False,,,,,,,,,,False,False
/a/0/6/0,/a/0/6/0!/member_00013,0,/a/0/6/0,189,13,,17952,20036,17692,19776,2084,b08015afab326aedce4dd800f62b3b8929116c4542aebeedca5ed410ed61d636,5243534efffe00012408000010000100,,NSCR screen map,Confirmed,True,False,,,,,,,,,,False,False
/a/0/6/0,/a/0/6/0!/member_00014,0,/a/0/6/0,189,14,,20036,22120,19776,21860,2084,f48308f24f4637060f59543bdb3b420a40c9d05483fa857cf643c94654d4bdf5,5243534efffe00012408000010000100,,NSCR screen map,Confirmed,True,False,,,,,,,,,,False,False
/a/0/6/0,/a/0/6/0!/member_00015,0,/a/0/6/0,189,15,,22120,22672,21860,22412,552,434702a3657225b25d9ff6684f93bf98b8a372dbd129425e42dcd81ffbf71fa4,524c434efffe00012802000010000100,,NCLR palette,Confirmed,True,False,,,,,,,,,,False,False
/a/0/6/0,/a/0/6/0!/member_00016,0,/a/0/6/0,189,16,,22672,26832,22412,26572,4160,9c213673c009d5a67f816b3c579548e154f143c71cfcbe32f9bf0cdfed6af374,5247434efffe01014010000010000200,,NCGR graphics,Confirmed,True,False,,,,,,,,,,False,False
/a/0/6/0,/a/0/6/0!/member_00017,0,/a/0/6/0,189,17,,26832,28916,26572,28656,2084,3fc32a1aba4c8895250c557ab1fc052c49efd01af073d4dc904d9c566e180bb4,5243534efffe00012408000010000100,,NSCR screen map,Confirmed,True,False,,,,,,,,,,False,False
/a/0/6/0,/a/0/6/0!/member_00018,0,/a/0/6/0,189,18,,28916,31000,28656,30740,2084,dec4c8f7fe90e93bdee28af8f0923010c14cd047d48f590e77ddcfb6ee1306a4,5243534efffe00012408000010000100,,NSCR screen map,Confirmed,True,False,,,,,,,,,,False,False
/a/0/6/0,/a/0/6/0!/member_00019,0,/a/0/6/0,189,19,,31000,33084,30740,32824,2084,0296e6c197128b26a8089ea77e42fddcc7d35feaceda4519dd8f11eb0ce69c0e,5243534efffe00012408000010000100,,NSCR screen map,Confirmed,True,False,,,,,,,,,,False,False
/a/0/6/0,/a/0/6/0!/member_00020,0,/a/0/6/0,189,20,,33084,35168,32824,34908,2084,e4c996b6b2064873713133c8862931fee4429afdf3f922c20a82b5d439e83fb7,5243534efffe00012408000010000100,,NSCR screen map,Confirmed,True,False,,,,,,,,,,False,False
/a/0/6/0,/a/0/6/0!/member_00021,0,/a/0/6/0,189,21,,35168,37252,34908,36992,2084,4d5e1fdfd8ca1a832b359bab02918c813846fffcdb25ac10e2ac7bb825ebda6e,5243534efffe00012408000010000100,,NSCR screen map,Confirmed,True,False,,,,,,,,,,False,False
/a/0/6/0,/a/0/6/0!/member_00022,0,/a/0/6/0,189,22,,37252,37804,36992,37544,552,f84f33d99769fd05fcc269faed2ee8debaf0e36a5b2528dd42489bcbb47e2569,524c434efffe00012802000010000100,,NCLR palette,Confirmed,True,False,,,,,,,,,,False,False
/a/0/6/0,/a/0/6/0!/member_00023,0,/a/0/6/0,189,23,,37804,43996,37544,43736,6192,a63cdaac2601eb11ce4b5deb934361be070024b6d95b49c1ecbee430a2d4f31a,5247434efffe01013018000010000100,,NCGR graphics,Confirmed,True,False,,,,,,,,,,False,False
/a/0/6/0,/a/0/6/0!/member_00024,0,/a/0/6/0,189,24,,43996,45439,43736,45179,1443,360c5be597ab97227beb92c748ea601715624e7699a122335d53814e86d3971a,5245434efffe0001a305000010000300,,NCER cell,Confirmed,True,False,,,,,,,,,,False,False
/a/0/6/0,/a/0/6/0!/member_00025,0,/a/0/6/0,189,25,,45440,46815,45180,46555,1375,ad582b830fdd31e3efaaafa09eff4462f0396cfff868714b00b648c71b90b373,524e414efffe00015f05000010000300,,NANR animation,Confirmed,True,False,,,,,,,,,,False,False
/a/0/6/1,/a/0/6/1!/member_00000,0,/a/0/6/1,190,0,,452,456,0,4,4,fb5e512425fc9449316ec95969ebe71e2d576dbab833d61e2a5b9330fd70ee02,04000000,,,,,False,,,,,,,,,,False,False
/a/0/6/1,/a/0/6/1!/member_00001,0,/a/0/6/1,190,1,,456,692,4,240,236,f8e43b6e119f80f6f31104515c17d97e48c892615abebac85741341caf634652,38000000390000000000000039000000,,,,,False,,,,,,,,,,False,False
/a/0/6/1,/a/0/6/1!/member_00002,0,/a/0/6/1,190,2,,692,964,240,512,272,b80090a30aa3f9c2c901d71d5264033046e1fed5a7ea6b6dd3bd34a8ba223105,38000000390000000000000039000000,,,,,False,,,,,,,,,,False,False
/a/0/6/1,/a/0/6/1!/member_00003,0,/a/0/6/1,190,3,,964,1228,512,776,264,018e1c9b0ad2ff84151feaac34959120bca8f4dbc721f84da94adee665aeda66,38000000390000000000000039000000,,,,,False,,,,,,,,,,False,False
/a/0/6/1,/a/0/6/1!/member_00004,0,/a/0/6/1,190,4,,1228,1464,776,1012,236,f767322a5677038096347252f134b1af5cb62ead5b24593d347613e76e3aca5b,38000000390000000000000039000000,,,,,False,,,,,,,,,,False,False
/a/0/6/1,/a/0/6/1!/member_00005,0,/a/0/6/1,190,5,,1464,1728,1012,1276,264,543092e5f575122911a78192295dc023c36530e696df4cd1f3165f51dc3d0559,38000000390000000000000039000000,,,,,False,,,,,,,,,,False,False
/a/0/6/1,/a/0/6/1!/member_00006,0,/a/0/6/1,190,6,,1728,2020,1276,1568,292,d8739679aa03b3b742850378524e21b99ca3169b2032d03cf4cf893ba8d5a6dc,38000000390000000000000039000000,,,,,False,,,,,,,,,,False,False
/a/0/6/1,/a/0/6/1!/member_00007,0,/a/0/6/1,190,7,,2020,2256,1568,1804,236,b41b118b397403e015bd243816af69698a8790347ffa243b6aaec77fb07f12db,38000000390000000000000039000000,,,,,False,,,,,,,,,,False,False
/a/0/6/1,/a/0/6/1!/member_00008,0,/a/0/6/1,190,8,,2256,2540,1804,2088,284,752b85a2b404a04fc9e9803984ea6befb645e670308a4fa6792e80bb9a9c65ca,38000000390000000000000039000000,,,,,False,,,,,,,,,,False,False
/a/0/6/1,/a/0/6/1!/member_00009,0,/a/0/6/1,190,9,,2540,2768,2088,2316,228,bcbb5a0c6b8466144a374f80548008fc7da827a4c693d29d87e9fdd0cd919722,38000000390000000000000039000000,,,,,False,,,,,,,,,,False,False
/a/0/6/1,/a/0/6/1!/member_00010,0,/a/0/6/1,190,10,,2768,3168,2316,2716,400,f4e3b26a1acf1795e0da2c15ebb18fd926b30badba96cb7981efd00ee67dc4d5,38000000390000000000000039000000,,,,,False,,,,,,,,,,False,False
/a/0/6/1,/a/0/6/1!/member_00011,0,/a/0/6/1,190,11,,3168,3240,2716,2788,72,40f1b045cd3b20ca6fff92ee3decccf98324676e85ad47dfe07cc2862f21b533,33000000000000001f00000016000000,,,,,False,,,,,,,,,,False,False
/a/0/6/1,/a/0/6/1!/member_00012,0,/a/0/6/1,190,12,,3240,3388,2788,2936,148,cc2da80633f9554c490bcc9822737162d30688530f57dfba485c2ef4d628ddff,38000000390000000000000039000000,,,,,False,,,,,,,,,,False,False
/a/0/6/1,/a/0/6/1!/member_00013,0,/a/0/6/1,190,13,,3388,3536,2936,3084,148,62b64f0267d843e98006d437d4caf1b2828fe92016add58ef236b889ce989435,38000000390000000000000039000000,,,,,False,,,,,,,,,,False,False
/a/0/6/1,/a/0/6/1!/member_00014,0,/a/0/6/1,190,14,,3536,3904,3084,3452,368,e3d550a76971adedbeb132f93ffb82bc83014712e18abfdf7248c67fd30f5535,38000000390000000000000039000000,,,,,False,,,,,,,,,,False,False
/a/0/6/1,/a/0/6/1!/member_00015,0,/a/0/6/1,190,15,,3904,3984,3452,3532,80,b6e04f7bc5fff25070b7f7910b8279b9664f0100c99de9ab28651ff688ebd1ac,2d0000004d0000000500000000000000,,,,,False,,,,,,,,,,False,False
/a/0/6/1,/a/0/6/1!/member_00016,0,/a/0/6/1,190,16,,3984,4064,3532,3612,80,5c10c5bf9bf039ed75fec059c349960ecbd1c04a2d255dc5160b16607d0c2766,2d0000004d0000000500000001000000,,,,,False,,,,,,,,,,False,False
/a/0/6/1,/a/0/6/1!/member_00017,0,/a/0/6/1,190,17,,4064,4212,3612,3760,148,676b2f596fdfbf229060512a357779387e8c6d127dddea471623efb04894c16d,49000000000000000100000001000000,,,,,False,,,,,,,,,,False,False
/a/0/6/1,/a/0/6/1!/member_00018,0,/a/0/6/1,190,18,,4212,4464,3760,4012,252,0d8cfe7f6f35b3a305cdfa57c123024b488bd24336967eb8df86a117d5010cde,38000000390000000000000039000000,,,,,False,,,,,,,,,,False,False
/a/0/6/1,/a/0/6/1!/member_00019,0,/a/0/6/1,190,19,,4464,4760,4012,4308,296,a95ade33320db090706ad0536406b2a08e697761626e48afb680575f19fa38ef,2d000000210000000500000000000000,,,,,False,,,,,,,,,,False,False
/a/0/6/1,/a/0/6/1!/member_00020,0,/a/0/6/1,190,20,,4760,5100,4308,4648,340,3cab2b11105ea8a3573a304637fb5aae51011ccd50cf7935ced517feaa6a9259,38000000390000000000000039000000,,,,,False,,,,,,,,,,False,False
/a/0/6/1,/a/0/6/1!/member_00021,0,/a/0/6/1,190,21,,5100,5344,4648,4892,244,23b66b6b12d30465e89a471b16f947c3893a7f3b7482113cc18060f18d0f6283,38000000390000000000000039000000,,,,,False,,,,,,,,,,False,False
/a/0/6/1,/a/0/6/1!/member_00022,0,/a/0/6/1,190,22,,5344,5672,4892,5220,328,c66fbea193e8d2868202e985776486daa98b77ae8a9e191ffa8946d344e0d1b8,38000000390000000000000039000000,,,,,False,,,,,,,,,,False,False
/a/0/6/1,/a/0/6/1!/member_00023,0,/a/0/6/1,190,23,,5672,5676,5220,5224,4,fb5e512425fc9449316ec95969ebe71e2d576dbab833d61e2a5b9330fd70ee02,04000000,,,,,False,,,,,,,,,,False,False
/a/0/6/1,/a/0/6/1!/member_00024,0,/a/0/6/1,190,24,,5676,5680,5224,5228,4,fb5e512425fc9449316ec95969ebe71e2d576dbab833d61e2a5b9330fd70ee02,04000000,,,,,False,,,,,,,,,,False,False
/a/0/6/1,/a/0/6/1!/member_00025,0,/a/0/6/1,190,25,,5680,6288,5228,5836,608,3cda987d726024374d2da253fce829cc17567e51c29f049e7e8cb88863e208b6,4000000000000000030000004b000000,,,,,False,,,,,,,,,,False,False
/a/0/6/1,/a/0/6/1!/member_00026,0,/a/0/6/1,190,26,,6288,6424,5836,5972,136,3bf7d259bee879ca3539b82b738e12044e1baf29ed189fb69b242dd1b548d0d0,38000000390000000000000016000000,,,,,False,,,,,,,,,,False,False
/a/0/6/1,/a/0/6/1!/member_00027,0,/a/0/6/1,190,27,,6424,6524,5972,6072,100,bfff7d90c1e9a19c4e15586d4a327b1d77a44968885c1347984e2cc8ce8e4bcc,0200000002000000160000001d070000,,,,,False,,,,,,,,,,False,False
/a/0/6/1,/a/0/6/1!/member_00028,0,/a/0/6/1,190,28,,6524,6592,6072,6140,68,fdd98d4c5d33b6c014a20bb56678445fe8ebc15ebf1018887fffeedaa09e2d7e,02000000020000001600000087070000,,,,,False,,,,,,,,,,False,False
/a/0/6/1,/a/0/6/1!/member_00029,0,/a/0/6/1,190,29,,6592,6764,6140,6312,172,7e27b17bc68230e6a2f3fb85809bf9f8042a46b76e2a646505cc7431fc618a21,49000000000000000700000002000000,,,,,False,,,,,,,,,,False,False
/a/0/6/1,/a/0/6/1!/member_00030,0,/a/0/6/1,190,30,,6764,7156,6312,6704,392,f5545259fbbfaa85f26f3b7fdfc76950407eb467a356c942ce662e330f08e75d,38000000390000000000000039000000,,,,,False,,,,,,,,,,False,False
/a/0/6/1,/a/0/6/1!/member_00031,0,/a/0/6/1,190,31,,7156,7372,6704,6920,216,3f995088be9b568b9e98b7262bdb2acdca32e6f892f191f0ae25002c5b6850f1,3800000039000000000000003a000000,,,,,False,,,,,,,,,,False,False
/a/0/6/1,/a/0/6/1!/member_00032,0,/a/0/6/1,190,32,,7372,7840,6920,7388,468,73ed4f312a31493923cb5b2e643bfa1bc84a3b25ce0600eaa201597b8dee67d6,38000000390000000000000039000000,,,,,False,,,,,,,,,,False,False
/a/0/6/1,/a/0/6/1!/member_00033,0,/a/0/6/1,190,33,,7840,8144,7388,7692,304,b22b50012c4f9fa6d139489825417acbf4597dc5614f851d1db9da46593e8b45,38000000390000000000000039000000,,,,,False,,,,,,,,,,False,False
/a/0/6/1,/a/0/6/1!/member_00034,0,/a/0/6/1,190,34,,8144,8464,7692,8012,320,642d5c59b5e70393824a3991232128b6f919fdafa26bfb8f5e0734af6c28d9d2,38000000390000000000000039000000,,,,,False,,,,,,,,,,False,False
/a/0/6/1,/a/0/6/1!/member_00035,0,/a/0/6/1,190,35,,8464,8756,8012,8304,292,f9afd5dc4712742c5c3ccd612bb93659813a81bb2d62e95226be7dc899bc2f3b,38000000390000000000000039000000,,,,,False,,,,,,,,,,False,False
/a/0/6/1,/a/0/6/1!/member_00036,0,/a/0/6/1,190,36,,8756,10620,8304,10168,1864,2e30eb8b6d846c63b2d2d766e0b7b064b28dcc04684b9108516c18f97ec65dbb,38000000390000000000000039000000,,,,,False,,,,,,,,,,False,False
/a/0/6/1,/a/0/6/1!/member_00037,0,/a/0/6/1,190,37,,10620,10916,10168,10464,296,ca2a52386496b5aa2561f70defadc50903771177d41c1a2aa171cd0826de3b01,38000000390000000000000039000000,,,,,False,,,,,,,,,,False,False
/a/0/6/1,/a/0/6/1!/member_00038,0,/a/0/6/1,190,38,,10916,11320,10464,10868,404,ba8616ff9874b7bf4daeba397dbc1b7c50581e175c83df124f9c15ec55f9afcb,38000000390000000000000039000000,,,,,False,,,,,,,,,,False,False
/a/0/6/1,/a/0/6/1!/member_00039,0,/a/0/6/1,190,39,,11320,11712,10868,11260,392,fc401a2ea0846b9f5d850ecf19156269e424555bececfbc0b5f3f872d145b3de,38000000390000000000000039000000,,,,,False,,,,,,,,,,False,False
/a/0/6/1,/a/0/6/1!/member_00040,0,/a/0/6/1,190,40,,11712,12152,11260,11700,440,38b04e3207a1cf732f968caec7e512e8670c2a5f1fe3f77cec88682a336ddbbc,38000000390000000000000039000000,,,,,False,,,,,,,,,,False,False
/a/0/6/1,/a/0/6/1!/member_00041,0,/a/0/6/1,190,41,,12152,12232,11700,11780,80,514e44dec0d025090b288f47bc23f31ec80b3ae6130b10efe6d5713bcb24dd30,2d0000004d0000000500000001000000,,,,,False,,,,,,,,,,False,False
/a/0/6/1,/a/0/6/1!/member_00042,0,/a/0/6/1,190,42,,12232,12312,11780,11860,80,8e3174a5577c909bc4f977371af5d882da67ed24d186ea10bab7cfb65c2ed682,2d0000004d0000000500000000000000,,,,,False,,,,,,,,,,False,False
/a/0/6/1,/a/0/6/1!/member_00043,0,/a/0/6/1,190,43,,12312,12312,11860,11860,0,e3b0c44298fc1c149afbf4c8996fb92427ae41e4649b934ca495991b7852b855,,,,,,False,,,,,,,,,,False,False
/a/0/6/1,/a/0/6/1!/member_00044,0,/a/0/6/1,190,44,,12312,12312,11860,11860,0,e3b0c44298fc1c149afbf4c8996fb92427ae41e4649b934ca495991b7852b855,,,,,,False,,,,,,,,,,False,False
/a/0/6/1,/a/0/6/1!/member_00045,0,/a/0/6/1,190,45,,12312,12312,11860,11860,0,e3b0c44298fc1c149afbf4c8996fb92427ae41e4649b934ca495991b7852b855,,,,,,False,,,,,,,,,,False,False
/a/0/6/1,/a/0/6/1!/member_00046,0,/a/0/6/1,190,46,,12312,12312,11860,11860,0,e3b0c44298fc1c149afbf4c8996fb92427ae41e4649b934ca495991b7852b855,,,,,,False,,,,,,,,,,False,False
/a/0/6/1,/a/0/6/1!/member_00047,0,/a/0/6/1,190,47,,12312,12312,11860,11860,0,e3b0c44298fc1c149afbf4c8996fb92427ae41e4649b934ca495991b7852b855,,,,,,False,,,,,,,,,,False,False
/a/0/6/1,/a/0/6/1!/member_00048,0,/a/0/6/1,190,48,,12312,12312,11860,11860,0,e3b0c44298fc1c149afbf4c8996fb92427ae41e4649b934ca495991b7852b855,,,,,,False,,,,,,,,,,False,False
/a/0/6/1,/a/0/6/1!/member_00049,0,/a/0/6/1,190,49,,12312,12312,11860,11860,0,e3b0c44298fc1c149afbf4c8996fb92427ae41e4649b934ca495991b7852b855,,,,,,False,,,,,,,,,,False,False
/a/0/6/2,/a/0/6/2!/member_00000,0,/a/0/6/2,191,0,,116,668,0,552,552,29be10c185d99871938b8c99d85ac893f222ee018f5005dd9b21d9230d8715a7,524c434efffe00012802000010000100,,NCLR palette,Confirmed,True,False,,,,,,,,,,False,False
/a/0/6/2,/a/0/6/2!/member_00001,0,/a/0/6/2,191,1,,668,1013,552,897,345,2d417e44ab95fbe80a5febf66240deda8bdc54a1f33b709c5a760a36345141e4,524e414efffe00015901000010000300,,NANR animation,Confirmed,True,False,,,,,,,,,,False,False
/a/0/6/2,/a/0/6/2!/member_00002,0,/a/0/6/2,191,2,,1016,1225,900,1109,209,52d6757d71e843e8210d2fcee10bf3561d7c9732b3c0245ddbd32737acdb09f7,5245434efffe0001d100000010000300,,NCER cell,Confirmed,True,False,,,,,,,,,,False,False
/a/0/6/2,/a/0/6/2!/member_00003,0,/a/0/6/2,191,3,,1228,4348,1112,4232,3120,ad27f34d0484c660917fb1b43fc74482865cbbaa634ca2a807eb691e11acc84c,5247434efffe0101300c000010000100,,NCGR graphics,Confirmed,True,False,,,,,,,,,,False,False
/a/0/6/2,/a/0/6/2!/member_00004,0,/a/0/6/2,191,4,,4348,5229,4232,5113,881,b9de59322fdb4579c4e316f1152d3d513fadc1f5dd56fa0d0237293bec0d7a45,524e414efffe00017103000010000300,,NANR animation,Confirmed,True,False,,,,,,,,,,False,False
/a/0/6/2,/a/0/6/2!/member_00005,0,/a/0/6/2,191,5,,5232,5797,5116,5681,565,d4360e8bd78ea353e6f9d1050a9f9c515717a9cfaa9edfbbda985da58fa57ed3,5245434efffe00013502000010000300,,NCER cell,Confirmed,True,False,,,,,,,,,,False,False
/a/0/6/2,/a/0/6/2!/member_00006,0,/a/0/6/2,191,6,,5800,23128,5684,23012,17328,d40f5f5e5ed7bd5ba11e8ef4f153d1ade75ffb4d6a1991d6a912d0c9a13dca2e,5247434efffe0101b043000010000100,,NCGR graphics,Confirmed,True,False,,,,,,,,,,False,False
/a/0/6/2,/a/0/6/2!/member_00007,0,/a/0/6/2,191,7,,23128,23680,23012,23564,552,1b780076ce6ca0222ea844b693fcd47a6b8372e130bfa154584acacf598aa32e,524c434efffe00012802000010000100,,NCLR palette,Confirmed,True,False,,,,,,,,,,False,False
/a/0/6/3,/a/0/6/3!/member_00000,0,/a/0/6/3,192,0,,524,763,0,239,239,3d35480854ff201cad5460b4e35d5adaa1c7605d7459760526c2969d441695d6,524e414efffe0001ef00000010000300,,NANR animation,Confirmed,True,False,,,,,,,,,,False,False
/a/0/6/3,/a/0/6/3!/member_00001,0,/a/0/6/3,192,1,,764,1043,240,519,279,5e21c80eba861b2995c9b2b70a94fd4a36ab8b04f71fd13d4a2f358b22d51aa2,5245434efffe00011701000010000300,,NCER cell,Confirmed,True,False,,,,,,,,,,False,False
/a/0/6/3,/a/0/6/3!/member_00002,0,/a/0/6/3,192,2,,1044,2884,520,2360,1840,601fb1da46d00eee748d80a73a3ed5fdc618b029b9bb06d67ffd973ea2014334,5247434efffe01013007000010000100,,NCGR graphics,Confirmed,True,False,,,,,,,,,,False,False
/a/0/6/3,/a/0/6/3!/member_00003,0,/a/0/6/3,192,3,,2884,3436,2360,2912,552,17d3d10c2d84d499644d801969375c7cf0056e48e8f1bf3e5da25bf11303e21f,524c434efffe00012802000010000100,,NCLR palette,Confirmed,True,False,,,,,,,,,,False,False
/a/0/6/3,/a/0/6/3!/member_00004,0,/a/0/6/3,192,4,,3436,3575,2912,3051,139,c8dcae17ccd3ff4e1db242f24c4ea88fd865d0c2559116e580bd51bf4cd35b85,524e414efffe00018b00000010000300,,NANR animation,Confirmed,True,False,,,,,,,,,,False,False
/a/0/6/3,/a/0/6/3!/member_00005,0,/a/0/6/3,192,5,,3576,3727,3052,3203,151,3958d1b41179b6809c6c9aa387253087ec5e14c86c219a4ccff7eb3a332f7202,5245434efffe00019700000010000300,,NCER cell,Confirmed,True,False,,,,,,,,,,False,False
/a/0/6/3,/a/0/6/3!/member_00006,0,/a/0/6/3,192,6,,3728,4256,3204,3732,528,8a9318b142e78880e07edfc9c7a6307f00966fefdc19bd6ee5c935a89a8dbfdd,5247434efffe01011002000010000100,,NCGR graphics,Confirmed,True,False,,,,,,,,,,False,False
/a/0/6/3,/a/0/6/3!/member_00007,0,/a/0/6/3,192,7,,4256,4808,3732,4284,552,ea3dbef8d4f3fec49458c8ba0ca465580e598932c7effb2ed27b970632918b2d,524c434efffe00012802000010000100,,NCLR palette,Confirmed,True,False,,,,,,,,,,False,False
/a/0/6/3,/a/0/6/3!/member_00008,0,/a/0/6/3,192,8,,4808,21256,4284,20732,16448,ce4f906532166cf0a18f414b4afb647d940570144bdcd28aabeb7cf901906f2c,5247434efffe01014040000010000200,,NCGR graphics,Confirmed,True,False,,,,,,,,,,False,False
/a/0/6/3,/a/0/6/3!/member_00009,0,/a/0/6/3,192,9,,21256,21808,20732,21284,552,5949774490e3ff50c09ab17d6aa865054fc1e30ff8bb83f294eb40e65ed4bcd1,524c434efffe00012802000010000100,,NCLR palette,Confirmed,True,False,,,,,,,,,,False,False
/a/0/6/3,/a/0/6/3!/member_00010,0,/a/0/6/3,192,10,,21808,23892,21284,23368,2084,535aa7fb6fc9a491f50a1545322e8f29950d8fab1c7854ac2e95ece82925be4d,5243534efffe00012408000010000100,,NSCR screen map,Confirmed,True,False,,,,,,,,,,False,False
/a/0/6/3,/a/0/6/3!/member_00011,0,/a/0/6/3,192,11,,23892,24031,23368,23507,139,c8dcae17ccd3ff4e1db242f24c4ea88fd865d0c2559116e580bd51bf4cd35b85,524e414efffe00018b00000010000300,,NANR animation,Confirmed,True,False,,,,,,,,,,False,False
/a/0/6/3,/a/0/6/3!/member_00012,0,/a/0/6/3,192,12,,24032,24203,23508,23679,171,a69ad7d104bc70cda3e27c9e16e92e82f3b9a6922a0fdb17d20a7b8c203b63b4,5245434efffe0001ab00000010000300,,NCER cell,Confirmed,True,False,,,,,,,,,,False,False
/a/0/6/3,/a/0/6/3!/member_00013,0,/a/0/6/3,192,13,,24204,25852,23680,25328,1648,b87127d15b9479d834007654e08588affb714f9d817f2339b7eb04975a755b5f,5247434efffe01017006000010000100,,NCGR graphics,Confirmed,True,False,,,,,,,,,,False,False
/a/0/6/3,/a/0/6/3!/member_00014,0,/a/0/6/3,192,14,,25852,25991,25328,25467,139,c8dcae17ccd3ff4e1db242f24c4ea88fd865d0c2559116e580bd51bf4cd35b85,524e414efffe00018b00000010000300,,NANR animation,Confirmed,True,False,,,,,,,,,,False,False
/a/0/6/3,/a/0/6/3!/member_00015,0,/a/0/6/3,192,15,,25992,26131,25468,25607,139,a1a4fce4fa9f2c3d8da0cb4f378a263f3e6f6b01fc879f170baf68b18177051e,5245434efffe00018b00000010000300,,NCER cell,Confirmed,True,False,,,,,,,,,,False,False
/a/0/6/3,/a/0/6/3!/member_00016,0,/a/0/6/3,192,16,,26132,26692,25608,26168,560,d92f07d928c12cde18135dc4d72f3e851fb2b35bdbadb54b9675457101a8843d,5247434efffe01013002000010000100,,NCGR graphics,Confirmed,True,False,,,,,,,,,,False,False
/a/0/6/3,/a/0/6/3!/member_00017,0,/a/0/6/3,192,17,,26692,27244,26168,26720,552,634d126e70bac049bcc2c7b92fc07c4876346d9c950bd0f39d1e1b0830499429,524c434efffe00012802000010000100,,NCLR palette,Confirmed,True,False,,,,,,,,,,False,False
/a/0/6/3,/a/0/6/3!/member_00018,0,/a/0/6/3,192,18,,27244,27383,26720,26859,139,c8dcae17ccd3ff4e1db242f24c4ea88fd865d0c2559116e580bd51bf4cd35b85,524e414efffe00018b00000010000300,,NANR animation,Confirmed,True,False,,,,,,,,,,False,False
/a/0/6/3,/a/0/6/3!/member_00019,0,/a/0/6/3,192,19,,27384,27523,26860,26999,139,de4ace348180a6196529d7155159d25e71a5883221ab1b56bd87c84a5b2ede77,5245434efffe00018b00000010000300,,NCER cell,Confirmed,True,False,,,,,,,,,,False,False
/a/0/6/3,/a/0/6/3!/member_00020,0,/a/0/6/3,192,20,,27524,27700,27000,27176,176,505d28054949e135127848ce27351e2b7679203e718d52437982dc01685f7859,5247434efffe0101b000000010000100,,NCGR graphics,Confirmed,True,False,,,,,,,,,,False,False
/a/0/6/3,/a/0/6/3!/member_00021,0,/a/0/6/3,192,21,,27700,28252,27176,27728,552,3910f1c139905408224a13497eb0801e4e24c95c6fd0c030230898e794e3c00d,524c434efffe00012802000010000100,,NCLR palette,Confirmed,True,False,,,,,,,,,,False,False
/a/0/6/3,/a/0/6/3!/member_00022,0,/a/0/6/3,192,22,,28252,28591,27728,28067,339,165475c1a6fffb8301ec840a8070b307dd5df11670dbfb6e044ce0b71a0c2ba9,524e414efffe00015301000010000300,,NANR animation,Confirmed,True,False,,,,,,,,,,False,False
/a/0/6/3,/a/0/6/3!/member_00023,0,/a/0/6/3,192,23,,28592,29011,28068,28487,419,e01869974029fc27e9168e2251b6333a37fa89536db5acd3d215697f79f534e3,5245434efffe0001a301000010000300,,NCER cell,Confirmed,True,False,,,,,,,,,,False,False
/a/0/6/3,/a/0/6/3!/member_00024,0,/a/0/6/3,192,24,,29012,29828,28488,29304,816,6e3464614740321a58fdc4f0dc94bbe9add15db9ad184f9eaf10743847869029,5247434efffe01013003000010000100,,NCGR graphics,Confirmed,True,False,,,,,,,,,,False,False
/a/0/6/3,/a/0/6/3!/member_00025,0,/a/0/6/3,192,25,,29828,30380,29304,29856,552,6b96bb7c41b3b9d703c4274019b4b9202fa394a371b20bb62c42406cd5061e24,524c434efffe00012802000010000100,,NCLR palette,Confirmed,True,False,,,,,,,,,,False,False
/a/0/6/3,/a/0/6/3!/member_00026,0,/a/0/6/3,192,26,,30380,30519,29856,29995,139,c244960363a829b1394881d0d4f332ff8a63169be673939b5a2adbe0666ddb65,524e414efffe00018b00000010000300,,NANR animation,Confirmed,True,False,,,,,,,,,,False,False
/a/0/6/3,/a/0/6/3!/member_00027,0,/a/0/6/3,192,27,,30520,30659,29996,30135,139,de4ace348180a6196529d7155159d25e71a5883221ab1b56bd87c84a5b2ede77,5245434efffe00018b00000010000300,,NCER cell,Confirmed,True,False,,,,,,,,,,False,False
/a/0/6/3,/a/0/6/3!/member_00028,0,/a/0/6/3,192,28,,30660,30836,30136,30312,176,864760c5f7b2258dbf6a3e97a686320de6254ebf2a233922872c81410d928329,5247434efffe0101b000000010000100,,NCGR graphics,Confirmed,True,False,,,,,,,,,,False,False
/a/0/6/3,/a/0/6/3!/member_00029,0,/a/0/6/3,192,29,,30836,30932,30312,30408,96,2597a558b41558cf854806d0809da5a7a8f8bcb7dd912a08cedf31345cf64520,5247434efffe01016000000010000200,,NCGR graphics,Confirmed,True,False,,,,,,,,,,False,False
/a/0/6/3,/a/0/6/3!/member_00030,0,/a/0/6/3,192,30,,30932,31484,30408,30960,552,75733fd5a26b6b0f58df70e1b7891fc7f87da8db172ce65123382d6bb4acf7cd,524c434efffe00012802000010000100,,NCLR palette,Confirmed,True,False,,,,,,,,,,False,False
/a/0/6/3,/a/0/6/3!/member_00031,0,/a/0/6/3,192,31,,31484,33568,30960,33044,2084,2d44d87392bb80505264c328bd682489c27a11849d917a4111dfc54beaa4f421,5243534efffe00012408000010000100,,NSCR screen map,Confirmed,True,False,,,,,,,,,,False,False
/a/0/6/3,/a/0/6/3!/member_00032,0,/a/0/6/3,192,32,,33568,33719,33044,33195,151,365eb01e43fe9b5abd317692d7c5ba86ded51225637284f34f23dd33dc0ea67a,524e414efffe00019700000010000300,,NANR animation,Confirmed,True,False,,,,,,,,,,False,False
/a/0/6/3,/a/0/6/3!/member_00033,0,/a/0/6/3,192,33,,33720,33875,33196,33351,155,1e1f0c4cc3dafa4f5e628a1ec63a5d0ac1c73a352de2be7cbdfcb5c3f26060d2,5245434efffe00019b00000010000300,,NCER cell,Confirmed,True,False,,,,,,,,,,False,False
/a/0/6/3,/a/0/6/3!/member_00034,0,/a/0/6/3,192,34,,33876,34180,33352,33656,304,8d2e9e2f5acdbbeb9e9000ffe92cfc0b900391c78a5da3f6ceec9339a9b511a0,5247434efffe01013001000010000100,,NCGR graphics,Confirmed,True,False,,,,,,,,,,False,False
/a/0/6/3,/a/0/6/3!/member_00035,0,/a/0/6/3,192,35,,34180,34732,33656,34208,552,ccf9538011e79e414d23069111a9333475aeb3b904e7c5b69843cba0bff5ea06,524c434efffe00012802000010000100,,NCLR palette,Confirmed,True,False,,,,,,,,,,False,False
/a/0/6/3,/a/0/6/3!/member_00036,0,/a/0/6/3,192,36,,34732,42988,34208,42464,8256,0f946a6d8e659a988d38eaf6ef9b364f4775f410cc2e094ffe3f83dd7dee3d68,5247434efffe01014020000010000200,,NCGR graphics,Confirmed,True,False,,,,,,,,,,False,False
/a/0/6/3,/a/0/6/3!/member_00037,0,/a/0/6/3,192,37,,42988,43540,42464,43016,552,de6c9a4c3ceb8c01a663da3341f4eef5349e224f5a6db9ecb968c90c2786b009,524c434efffe00012802000010000100,,NCLR palette,Confirmed,True,False,,,,,,,,,,False,False
/a/0/6/3,/a/0/6/3!/member_00038,0,/a/0/6/3,192,38,,43540,45624,43016,45100,2084,5716aae4a8746a7c26e871a218c4784489872120121183d80ed26d90d44531f8,5243534efffe00012408000010000100,,NSCR screen map,Confirmed,True,False,,,,,,,,,,False,False
/a/0/6/3,/a/0/6/3!/member_00039,0,/a/0/6/3,192,39,,45624,45763,45100,45239,139,c8dcae17ccd3ff4e1db242f24c4ea88fd865d0c2559116e580bd51bf4cd35b85,524e414efffe00018b00000010000300,,NANR animation,Confirmed,True,False,,,,,,,,,,False,False
/a/0/6/3,/a/0/6/3!/member_00040,0,/a/0/6/3,192,40,,45764,45903,45240,45379,139,de4ace348180a6196529d7155159d25e71a5883221ab1b56bd87c84a5b2ede77,5245434efffe00018b00000010000300,,NCER cell,Confirmed,True,False,,,,,,,,,,False,False
/a/0/6/3,/a/0/6/3!/member_00041,0,/a/0/6/3,192,41,,45904,46080,45380,45556,176,d74f7bb8a56f74434f7099149d0eaad52b1cdc8c0b45082f7ff9edf4fdc7838a,5247434efffe0101b000000010000100,,NCGR graphics,Confirmed,True,False,,,,,,,,,,False,False
/a/0/6/3,/a/0/6/3!/member_00042,0,/a/0/6/3,192,42,,46080,46632,45556,46108,552,e3aeb9d37cc1ba30ee666446f428f66de48aeaf99e9e92de01028e73f7a640df,524c434efffe00012802000010000100,,NCLR palette,Confirmed,True,False,,,,,,,,,,False,False
/a/0/6/3,/a/0/6/3!/member_00043,0,/a/0/6/3,192,43,,46632,48716,46108,48192,2084,b716074aab1a5408ca10eda97f59c8281002909d4f4d05882a4b20059a7c5d12,5243534efffe00012408000010000100,,NSCR screen map,Confirmed,True,False,,,,,,,,,,False,False
/a/0/6/3,/a/0/6/3!/member_00044,0,/a/0/6/3,192,44,,48716,50828,48192,50304,2112,d56c0f1659faf1014049a73f9125402038f56e1265f76a7119c7d969ac1f7e31,5247434efffe01014008000010000200,,NCGR graphics,Confirmed,True,False,,,,,,,,,,False,False
/a/0/6/3,/a/0/6/3!/member_00045,0,/a/0/6/3,192,45,,50828,50924,50304,50400,96,2597a558b41558cf854806d0809da5a7a8f8bcb7dd912a08cedf31345cf64520,5247434efffe01016000000010000200,,NCGR graphics,Confirmed,True,False,,,,,,,,,,False,False
/a/0/6/3,/a/0/6/3!/member_00046,0,/a/0/6/3,192,46,,50924,51476,50400,50952,552,6daeb9a21e2c4e479076483762452d99fc0d0420adbdd050968fff7aa4194cdb,524c434efffe00012802000010000100,,NCLR palette,Confirmed,True,False,,,,,,,,,,False,False
/a/0/6/3,/a/0/6/3!/member_00047,0,/a/0/6/3,192,47,,51476,53560,50952,53036,2084,2d44d87392bb80505264c328bd682489c27a11849d917a4111dfc54beaa4f421,5243534efffe00012408000010000100,,NSCR screen map,Confirmed,True,False,,,,,,,,,,False,False
/a/0/6/3,/a/0/6/3!/member_00048,0,/a/0/6/3,192,48,,53560,55672,53036,55148,2112,ac21448794ef91d3bf3deb39451bf8bb970a742068002867406bf7693859cc53,5247434efffe01014008000010000200,,NCGR graphics,Confirmed,True,False,,,,,,,,,,False,False
/a/0/6/3,/a/0/6/3!/member_00049,0,/a/0/6/3,192,49,,55672,56224,55148,55700,552,7fa5f0557fb5bdbb7d28c3b74bb25180a0836dccb5e617e20c2ae927faf24988,524c434efffe00012802000010000100,,NCLR palette,Confirmed,True,False,,,,,,,,,,False,False
/a/0/6/3,/a/0/6/3!/member_00050,0,/a/0/6/3,192,50,,56224,58308,55700,57784,2084,56253ea3e7e82f97268b954864208b8f649e8f6f4d1f05aa81ecf869db0521c2,5243534efffe00012408000010000100,,NSCR screen map,Confirmed,True,False,,,,,,,,,,False,False
/a/0/6/3,/a/0/6/3!/member_00051,0,/a/0/6/3,192,51,,58308,58860,57784,58336,552,8478a718e6f32ea9a400fd56420fd11940719e179aea2c31bfcbc6c32f061dc5,524c434efffe00012802000010000100,,NCLR palette,Confirmed,True,False,,,,,,,,,,False,False
/a/0/6/3,/a/0/6/3!/member_00052,0,/a/0/6/3,192,52,,58860,59412,58336,58888,552,897acb15626107ca7503a8ed398d10506dc54ecadec5502a9214fecc157377c1,524c434efffe00012802000010000100,,NCLR palette,Confirmed,True,False,,,,,,,,,,False,False
/a/0/6/3,/a/0/6/3!/member_00053,0,/a/0/6/3,192,53,,59412,60500,58888,59976,1088,5146ea297cba1a793168a778a5a94e769ec58230c1e1fc302aa66cc6233436e9,5247434efffe01014004000010000200,,NCGR graphics,Confirmed,True,False,,,,,,,,,,False,False
/a/0/6/3,/a/0/6/3!/member_00054,0,/a/0/6/3,192,54,,60500,62584,59976,62060,2084,23b6d1f1b57df80363c041e687e1e4c431f866cd567ec45f9406b21d97fcc9c3,5243534efffe00012408000010000100,,NSCR screen map,Confirmed,True,False,,,,,,,,,,False,False
/a/0/6/3,/a/0/6/3!/member_00055,0,/a/0/6/3,192,55,,62584,62852,62060,62328,268,1f6a226505c6dab833fd4ce6e5f5e93b8660db6a2d2674d177312d4e34088171,02000000410000000500000000000000,,,,,False,,,,,,,,,,False,False
/a/0/6/3,/a/0/6/3!/member_00056,0,/a/0/6/3,192,56,,62852,63120,62328,62596,268,2574f4d01198b8460550406ded4f0d3449885b56328876d433b53fa5fcce5374,03000000410000000400000000000000,,,,,False,,,,,,,,,,False,False
/a/0/6/3,/a/0/6/3!/member_00057,0,/a/0/6/3,192,57,,63120,63388,62596,62864,268,c39fbd080470d36e73d86c42efa6a2f6704fdb89e457921e064013b703f37130,00000000410000000600000000000000,,,,,False,,,,,,,,,,False,False
/a/0/6/3,/a/0/6/3!/member_00058,0,/a/0/6/3,192,58,,63388,63656,62864,63132,268,ed390073e662586f42c7c4ee605f6d2b6064185fca6458a6f0a63dbbfb8394a0,01000000410000000700000000000000,,,,,False,,,,,,,,,,False,False
/a/0/6/4,/a/0/6/4!/member_00000,0,/a/0/6/4,193,0,,140,251,0,111,111,ca4fb76f05db368c396eb1886b1de7f86ac9d15577eac9a050aee2d0ddf7492b,524e414efffe00016f00000010000300,,NANR animation,Confirmed,True,False,,,,,,,,,,False,False
/a/0/6/4,/a/0/6/4!/member_00001,0,/a/0/6/4,193,1,,252,371,112,231,119,e58aaaa43c0535dbb32a1bc7f86e776729bf04caab4842f97e8cf44c4260625a,5245434efffe00017700000010000300,,NCER cell,Confirmed,True,False,,,,,,,,,,False,False
/a/0/6/4,/a/0/6/4!/member_00002,0,/a/0/6/4,193,2,,372,1956,232,1816,1584,30ad3f8892f8240b272ffa7a4f3b11333db8e9bf034ad9372cc88e7fd24868f2,5247434efffe01013006000010000100,,NCGR graphics,Confirmed,True,False,,,,,,,,,,False,False
/a/0/6/4,/a/0/6/4!/member_00003,0,/a/0/6/4,193,3,,1956,5724,1816,5584,3768,56fbd8726e154ce66074d632ceffa46c4052b6ec3062477debcc1c172ab8094e,524e414efffe0001b80e000010000300,,NANR animation,Confirmed,True,False,,,,,,,,,,False,False
/a/0/6/4,/a/0/6/4!/member_00004,0,/a/0/6/4,193,4,,5724,6312,5584,6172,588,9627b0f87414993dee919716a5e75ebfff47e0dc7824be2878775d719d2fe5c6,5245434efffe00014c02000010000300,,NCER cell,Confirmed,True,False,,,,,,,,,,False,False
/a/0/6/4,/a/0/6/4!/member_00005,0,/a/0/6/4,193,5,,6312,6864,6172,6724,552,154282cb9510bef0e562f1ab0be0dcd9f5d2e31623a5b743a9c14424d4e5c0a7,524c434efffe00012802000010000100,,NCLR palette,Confirmed,True,False,,,,,,,,,,False,False
/a/0/6/4,/a/0/6/4!/member_00006,0,/a/0/6/4,193,6,,6864,12032,6724,11892,5168,b71c0824402e4f75c3cfa0b2eeb02ff978b8f1025054bef7727f496aa6557b88,5247434efffe01013014000010000100,,NCGR graphics,Confirmed,True,False,,,,,,,,,,False,False
/a/0/6/4,/a/0/6/4!/member_00007,0,/a/0/6/4,193,7,,12032,14690,11892,14550,2658,ef1fdf59ee5717570f86404c8ebfc21834d18a754851a7d69d20bd942b2f008c,524e414efffe0001620a000010000300,,NANR animation,Confirmed,True,False,,,,,,,,,,False,False
/a/0/6/4,/a/0/6/4!/member_00008,0,/a/0/6/4,193,8,,14692,15126,14552,14986,434,2f5fc6865f53abe35d06093e0918a70db9d8a64151d30bd9f1b0fafe09c5b78a,5245434efffe0001b201000010000300,,NCER cell,Confirmed,True,False,,,,,,,,,,False,False
/a/0/6/4,/a/0/6/4!/member_00009,0,/a/0/6/4,193,9,,15128,15680,14988,15540,552,73a9f82997097f9888c2c1ccc11dba0281f14874602c9e3d81113861eae208be,524c434efffe00012802000010000100,,NCLR palette,Confirmed,True,False,,,,,,,,,,False,False
/a/0/6/4,/a/0/6/4!/member_00010,0,/a/0/6/4,193,10,,15680,19312,15540,19172,3632,8c33ec5311cb27a0733abd5bbb148f61213d90eb98c9f65f4677d83c7bd782f7,5247434efffe0101300e000010000100,,NCGR graphics,Confirmed,True,False,,,,,,,,,,False,False
/a/0/6/5,/a/0/6/5!/member_00000,0,/a/0/6/5,194,0,,5460,25694,0,20234,20234,f9fbf0196f416739019288f24be604fd6c096a2ec4ebf7e820e116e7ecc329cc,0008000030030000dc40000092020000,,,,,False,,,,,,,,,,False,False
/a/0/6/5,/a/0/6/5!/member_00001,0,/a/0/6/5,194,1,,25696,41554,20236,36094,15858,c8a0305403123e963a67bf343f6d099608802d6d23a839587951b0ce1735e09b,00080000300000006c35000042000000,,,,,False,,,,,,,,,,False,False
/a/0/6/5,/a/0/6/5!/member_00002,0,/a/0/6/5,194,2,,41556,60944,36096,55484,19388,6e4d7c0b122a60d90a6c0a4467fafee7ed377a105e32e4676d6e9fcd9b162c1a,0008000030000000c8410000b0010000,,,,,False,,,,,,,,,,False,False
/a/0/6/5,/a/0/6/5!/member_00003,0,/a/0/6/5,194,3,,60944,82744,55484,77284,21800,3fde7a74a4b163c22f1bfbab163eca06aa38b8b6ae7d8b566b82c4204c2802fd,0008000030000000344b0000b0010000,,,,,False,,,,,,,,,,False,False
/a/0/6/5,/a/0/6/5!/member_00004,0,/a/0/6/5,194,4,,82744,128218,77284,122758,45474,8eef9c49fdf78c81c84055f455b44f8b339cef28c2da60471c34be9f33fd4bc1,0008000000000000a4a30000aa050000,,,,,False,,,,,,,,,,False,False
/a/0/6/5,/a/0/6/5!/member_00005,0,/a/0/6/5,194,5,,128220,156248,122760,150788,28028,5a1d9f2c4916b66a818537ca2a33f738e5ca3e2f29a5d865efb703c03e2f0544,00080000d00200002460000064020000,,,,,False,,,,,,,,,,False,False
/a/0/6/5,/a/0/6/5!/member_00006,0,/a/0/6/5,194,6,,156248,185930,150788,180470,29682,b77ee002bbedc23f19a0e95a50ba87ac349d215f5e9ef58b075ecd93f9e66ce9,00080000c000000020690000fe010000,,,,,False,,,,,,,,,,False,False
/a/0/6/5,/a/0/6/5!/member_00007,0,/a/0/6/5,194,7,,185932,217560,180472,212100,31628,c9b93c7cf158b79e7ea9104b3e13b80a83ad5ebbc4767b059d7ad2a44606a756,0008000030000000a86e000090040000,,,,,False,,,,,,,,,,False,False
/a/0/6/5,/a/0/6/5!/member_00008,0,/a/0/6/5,194,8,,217560,243998,212100,238538,26438,641d83b67d8378add7cb1a72ccf2d18efb345819de8cf9b9c2c69aded3647128,0008000090000000185c00007a020000,,,,,False,,,,,,,,,,False,False
/a/0/6/5,/a/0/6/5!/member_00009,0,/a/0/6/5,194,9,,244000,265330,238540,259870,21330,0c7c3a8a7b51b106fb2834c5119ec77f15bd3a2b6120191ee1123032337306ba,0008000060000000704900005e010000,,,,,False,,,,,,,,,,False,False
/a/0/6/5,/a/0/6/5!/member_00010,0,/a/0/6/5,194,10,,265332,300510,259872,295050,35178,686e5c0f2ff310cb51c08fa1e1d6c2e23beb8a9d56a08a57e9d42efb6f6b0202,0008000030000000007e00001e030000,,,,,False,,,,,,,,,,False,False
/a/0/6/5,/a/0/6/5!/member_00011,0,/a/0/6/5,194,11,,300512,357194,295052,351734,56682,5108c16787240853949b33f6c677d6a2f83f89efb3b449b14db2425f1275e763,0008000000000000e4d200005a020000,,,,,False,,,,,,,,,,False,False
/a/0/6/5,/a/0/6/5!/member_00012,0,/a/0/6/5,194,12,,357196,417156,351736,411696,59960,a977b31a0c4237fa75db04e66666d3705dea30ce6f9cd73b43fb0d89cd84a478,0008000090000000d4de000078020000,,,,,False,,,,,,,,,,False,False
/a/0/6/5,/a/0/6/5!/member_00013,0,/a/0/6/5,194,13,,417156,468432,411696,462972,51276,20242e2fc86ffebbdb6c966829620cc26d24f23be8cfb711ab9ae4846681baba,0008000000000000b8bc000040030000,,,,,False,,,,,,,,,,False,False
/a/0/6/5,/a/0/6/5!/member_00014,0,/a/0/6/5,194,14,,468432,531872,462972,526412,63440,27cb4c93a6c48e5cf562a38e4b461c48599497afb465d8012b9c005f5eae1702,0008000060000000a0eb000034030000,,,,,False,,,,,,,,,,False,False
/a/0/6/5,/a/0/6/5!/member_00015,0,/a/0/6/5,194,15,,531872,591836,526412,586376,59964,a151bca0a69902f62bf50549673d4d968b53642467c08385599daeb17dd5bf53,0008000030000000acde0000dc020000,,,,,False,,,,,,,,,,False,False
/a/0/6/5,/a/0/6/5!/member_00016,0,/a/0/6/5,194,16,,591836,652374,586376,646914,60538,0b2e378229d95245fe794e2ba291a3e1faede1857abc26fe23db72864896750f,0008000000000000a0e0000056030000,,,,,False,,,,,,,,,,False,False
/a/0/6/5,/a/0/6/5!/member_00017,0,/a/0/6/5,194,17,,652376,716664,646916,711204,64288,4e2174c0d47617ba8065eb2bf6c23b1aafd9158408427bb570d872d40f615a66,0008000090000000e0ef00009c020000,,,,,False,,,,,,,,,,False,False
/a/0/6/5,/a/0/6/5!/member_00018,0,/a/0/6/5,194,18,,716664,774598,711204,769138,57934,ce4ed4733992fe29d082da2c365fa5409acb96002ea16a8911facdee4b0ddbb4,000800009000000010d300009a060000,,,,,False,,,,,,,,,,False,False
/a/0/6/5,/a/0/6/5!/member_00019,0,/a/0/6/5,194,19,,774600,815454,769140,809994,40854,9936f6d1efa63778954a52765bc3506cdb9d05bdeee79fc6ef357a1e1ec54021,000800006000000034940000ee020000,,,,,False,,,,,,,,,,False,False
/a/0/6/5,/a/0/6/5!/member_00020,0,/a/0/6/5,194,20,,815456,870104,809996,864644,54648,ccbe7c48269036b875c4642074c0257e6c8ac78aef8438821a9b7ec4d08b12af,000800000000000020c9000034040000,,,,,False,,,,,,,,,,False,False
/a/0/6/5,/a/0/6/5!/member_00021,0,/a/0/6/5,194,21,,870104,887206,864644,881746,17102,f942c9d422a5b93a6e10a2d380830936fe3d79c25d4a7bc9e3973c152a5ce0e1,0008000020010000d8370000aa010000,,,,,False,,,,,,,,,,False,False
/a/0/6/5,/a/0/6/5!/member_00022,0,/a/0/6/5,194,22,,887208,916366,881748,910906,29158,7f7a02431ab71b19883cfb97b33d424b67789e171b3e15d9f006099ff04954cb,00080000100200005c5f00001e080000,,,,,False,,,,,,,,,,False,False
/a/0/6/5,/a/0/6/5!/member_00023,0,/a/0/6/5,194,23,,916368,929034,910908,923574,12666,5b4afb635c03c42fcccd019cb2210704096aae27608a14439d62e1280f97f9cf,00080000b00100007427000042000000,,,,,False,,,,,,,,,,False,False
/a/0/6/5,/a/0/6/5!/member_00024,0,/a/0/6/5,194,24,,929036,943862,923576,938402,14826,ce15590d77c1231d1d46de1e22fbdeb6f2522f886649b0dc96684d350abce3cc,00080000a0020000f42e000042000000,,,,,False,,,,,,,,,,False,False
/a/0/6/5,/a/0/6/5!/member_00025,0,/a/0/6/5,194,25,,943864,979386,938404,973926,35522,d75b1029b5fc4f76d0642f07dfd747d7513d5169af2977ed531a3499a1f85ef2,0008000090000000dc81000042000000,,,,,False,,,,,,,,,,False,False
/a/0/6/5,/a/0/6/5!/member_00026,0,/a/0/6/5,194,26,,979388,1026046,973928,1020586,46658,3de51476e92cb48eabe07476b78c13cfa4e2d260cb375f95a5c97e4b1e0cef93,0008000000000000ecad000042000000,,,,,False,,,,,,,,,,False,False
/a/0/6/5,/a/0/6/5!/member_00027,0,/a/0/6/5,194,27,,1026048,1088552,1020588,1083092,62504,288bbe893ffac28a21b3fb68dce3176b0d8782ed35bedec13cd693aebdf933bf,000800000000000098e90000fc010000,,,,,False,,,,,,,,,,False,False
/a/0/6/5,/a/0/6/5!/member_00028,0,/a/0/6/5,194,28,,1088552,1125850,1083092,1120390,37298,28994053b503bde5f30aba98f97953ab6343df59e943b76bf189c66b5befc26d,0008000000000000dc87000092010000,,,,,False,,,,,,,,,,False,False
/a/0/6/5,/a/0/6/5!/member_00029,0,/a/0/6/5,194,29,,1125852,1160398,1120392,1154938,34546,6dfbb14cb97b072e11cc8789d5ed52c3bd62b6351b4db6fe81d7435e4abf1118,0008000090000000a07c0000ae010000,,,,,False,,,,,,,,,,False,False
/a/0/6/5,/a/0/6/5!/member_00030,0,/a/0/6/5,194,30,,1160400,1193582,1154940,1188122,33182,6f0245f5ad97fdf3c17eb93c91ade6a34c90501790f4185363b37c37c6da88d1,00080000a0020000607400005a020000,,,,,False,,,,,,,,,,False,False
/a/0/6/5,/a/0/6/5!/member_00031,0,/a/0/6/5,194,31,,1193584,1244072,1188124,1238612,50488,cdb0e9a2f8235ed1fb207c7cb8ecd5a9074dca557f947d0433db50282c61798c,00080000500100005cba000028010000,,,,,False,,,,,,,,,,False,False
/a/0/6/5,/a/0/6/5!/member_00032,0,/a/0/6/5,194,32,,1244072,1281018,1238612,1275558,36946,f2e5b432f43013db9de3634b597ecdcda1e85c01a717c805c937c6ed19750efe,0008000030000000cc87000042000000,,,,,False,,,,,,,,,,False,False
/a/0/6/5,/a/0/6/5!/member_00033,0,/a/0/6/5,194,33,,1281020,1297054,1275560,1291594,16034,d70982ecddfe8d8cdc42927fe1bad211471c8586b79043e8ddf16c86f59029f6,0008000070020000dc33000042000000,,,,,False,,,,,,,,,,False,False
/a/0/6/5,/a/0/6/5!/member_00034,0,/a/0/6/5,194,34,,1297056,1329684,1291596,1324224,32628,5483584d3669676fffaf001be31c3969cb234f3e7af398c262896185fc399115,00080000e0010000d46f0000ac050000,,,,,False,,,,,,,,,,False,False
/a/0/6/5,/a/0/6/5!/member_00035,0,/a/0/6/5,194,35,,1329684,1355332,1324224,1349872,25648,d5e0c8884ce56b5f374e522633d357d8e53835cb82e40a8921532a4bc4498f2c,00080000c0000000145a000008010000,,,,,False,,,,,,,,,,False,False
/a/0/6/5,/a/0/6/5!/member_00036,0,/a/0/6/5,194,36,,1355332,1385534,1349872,1380074,30202,d3258a1633416c00520501c94f8fbabea8bc4696dec9103ac849b61346fff20d,0008000030000000dc6c0000a2000000,,,,,False,,,,,,,,,,False,False
/a/0/6/5,/a/0/6/5!/member_00037,0,/a/0/6/5,194,37,,1385536,1402822,1380076,1397362,17286,8e3da94e7062360f206d5c3b87194b99d428b400a81f212251cdd3d08c986c36,0008000030000000ac3a000086000000,,,,,False,,,,,,,,,,False,False
/a/0/6/5,/a/0/6/5!/member_00038,0,/a/0/6/5,194,38,,1402824,1443438,1397364,1437978,40614,8d807ffe23c0c30c45a81562e09095d6b623e056dc2ad47fc0eeaef250d181ef,0008000040020000e893000042000000,,,,,False,,,,,,,,,,False,False
/a/0/6/5,/a/0/6/5!/member_00039,0,/a/0/6/5,194,39,,1443440,1475598,1437980,1470138,32158,b3f1f72a29469b2175932e7dddeb566afaa4d734970e02f2fcfad31ffacacb52,00080000c00300008871000042000000,,,,,False,,,,,,,,,,False,False
/a/0/6/5,/a/0/6/5!/member_00040,0,/a/0/6/5,194,40,,1475600,1526922,1470140,1521462,51322,8018d40af18e2c3b4cb65a66b6da75ce3ecb37d1940bc322dda3d8de12ff7137,00080000d002000014bd000042000000,,,,,False,,,,,,,,,,False,False
/a/0/6/5,/a/0/6/5!/member_00041,0,/a/0/6/5,194,41,,1526924,1567202,1521464,1561742,40278,286e0e9a0b0dc15ed74cee3cea2ca0016c4382b6573b942842086a233db45e1a,00080000c00300004091000042000000,,,,,False,,,,,,,,,,False,False
/a/0/6/5,/a/0/6/5!/member_00042,0,/a/0/6/5,194,42,,1567204,1576846,1561744,1571386,9642,2059239b9b6e23301b987affcf51a3700831c2917475dce042afb8854176b7c0,0008000090000000b41c000042000000,,,,,False,,,,,,,,,,False,False
/a/0/6/5,/a/0/6/5!/member_00043,0,/a/0/6/5,194,43,,1576848,1587798,1571388,1582338,10950,d9cd8ce5c089bff5dcd6e5928612afff6b17db994f5fb29e477113d9eb403135,00080000f00000004821000042000000,,,,,False,,,,,,,,,,False,False
/a/0/6/5,/a/0/6/5!/member_00044,0,/a/0/6/5,194,44,,1587800,1613642,1582340,1608182,25842,d161eded8af5a0b92aa133fb1a470017a2550264af7bba682cb41aeae2912303,00080000600000003c5c000042000000,,,,,False,,,,,,,,,,False,False
/a/0/6/5,/a/0/6/5!/member_00045,0,/a/0/6/5,194,45,,1613644,1640938,1608184,1635478,27294,d9ca9dbf8f76227f187ebda1c5ccddaabe9e16e29bc5357d20b8b2004dafb312,00080000300000003861000012010000,,,,,False,,,,,,,,,,False,False
/a/0/6/5,/a/0/6/5!/member_00046,0,/a/0/6/5,194,46,,1640940,1654850,1635480,1649390,13910,2069b7d3a4572b45f07a61bdea77b4e89d065848353993e4d4c462b5b4f4ea9d,0008000060000000a02d000042000000,,,,,False,,,,,,,,,,False,False
/a/0/6/5,/a/0/6/5!/member_00047,0,/a/0/6/5,194,47,,1654852,1678450,1649392,1672990,23598,02bc0742c0091184241b229e3889680b7c13a69f944dcc74728e118c48ba04a9,0008000000000000e44d000036060000,,,,,False,,,,,,,,,,False,False
/a/0/6/5,/a/0/6/5!/member_00048,0,/a/0/6/5,194,48,,1678452,1689158,1672992,1683698,10706,bbfac94d4ec589d3aafc02a079ccb741b240d8d43660b3745a6bfdae61d72e37,00080000600000001c21000042000000,,,,,False,,,,,,,,,,False,False
/a/0/6/5,/a/0/6/5!/member_00049,0,/a/0/6/5,194,49,,1689160,1706138,1683700,1700678,16978,a5691ac78d54f35790dab715bbaa21d7d269f73f5353cf29a08dedda7b3d65ef,00080000600000009c39000042000000,,,,,False,,,,,,,,,,False,False
/a/0/6/5,/a/0/6/5!/member_00050,0,/a/0/6/5,194,50,,1706140,1731742,1700680,1726282,25602,fb88e6a752909e72a7fdeafe7359bbdb09116b76d202687beec8f461d702fa01,0008000060000000c0580000ce020000,,,,,False,,,,,,,,,,False,False
/a/0/6/5,/a/0/6/5!/member_00051,0,/a/0/6/5,194,51,,1731744,1749612,1726284,1744152,17868,0094469326f1c9fe8d52db8309348219e06943d7b9f188385a24c959c9ae61ce,00080000f0000000343b000054010000,,,,,False,,,,,,,,,,False,False
/a/0/6/5,/a/0/6/5!/member_00052,0,/a/0/6/5,194,52,,1749612,1764074,1744152,1758614,14462,c555b2d29d42fb367c819dd41b2f342aea65b3f3edb53ac04b599174cb478dc3,00080000d0020000582d000042000000,,,,,False,,,,,,,,,,False,False
/a/0/6/5,/a/0/6/5!/member_00053,0,/a/0/6/5,194,53,,1764076,1781034,1758616,1775574,16958,091d91a218706776cd4680abc428955e27ef5d7a379c88e084383c6ba1e4f840,000800009003000094350000c6000000,,,,,False,,,,,,,,,,False,False
/a/0/6/5,/a/0/6/5!/member_00054,0,/a/0/6/5,194,54,,1781036,1808284,1775576,1802824,27248,013f313e0a1f9313c689446372e5ae97d707793e67a500e5e04929c5c2102cd9,00080000300000002460000008020000,,,,,False,,,,,,,,,,False,False
/a/0/6/5,/a/0/6/5!/member_00055,0,/a/0/6/5,194,55,,1808284,1832732,1802824,1827272,24448,e3461a8c947a696b619324ad341fdaba0dfcdd3d81425009910184dfc6fcbcf1,000800003000000058560000e4000000,,,,,False,,,,,,,,,,False,False
/a/0/6/5,/a/0/6/5!/member_00056,0,/a/0/6/5,194,56,,1832732,1856822,1827272,1851362,24090,d77c327f7f594eee9e91b10c274784812def037e5f13c683325bc137c6b21c2c,00080000f00000000c5200000a030000,,,,,False,,,,,,,,,,False,False
/a/0/6/5,/a/0/6/5!/member_00057,0,/a/0/6/5,194,57,,1856824,1895210,1851364,1889750,38386,9e2c84d583bbc3dbd41645951bf65c008ff18b9070e99bfdf0fc581d6230b6ff,0008000030000000808800002e050000,,,,,False,,,,,,,,,,False,False
/a/0/6/5,/a/0/6/5!/member_00058,0,/a/0/6/5,194,58,,1895212,1918962,1889752,1913502,23750,c0e5f6f4d490ea89856a1cffd3a7760f3cb284c730f6c031c5744ba9d1529582,0008000030030000c0500000c2000000,,,,,False,,,,,,,,,,False,False
/a/0/6/5,/a/0/6/5!/member_00059,0,/a/0/6/5,194,59,,1918964,1954082,1913504,1948622,35118,abb32e0053389d9c2e09337cfa42cd07b5f60571249b12988e8d0ec756b0bc43,0008000060000000ec7d0000c6020000,,,,,False,,,,,,,,,,False,False
/a/0/6/5,/a/0/6/5!/member_00060,0,/a/0/6/5,194,60,,1954084,2006428,1948624,2000968,52344,33848864d8f7a5c532276ddfb1a021eb80a7d44ef6d51b30c9990778de9cf17a,0008000050010000b8c0000044020000,,,,,False,,,,,,,,,,False,False
/a/0/6/5,/a/0/6/5!/member_00061,0,/a/0/6/5,194,61,,2006428,2030234,2000968,2024774,23806,3518bc15e99391fcd42218ecf7342c1bd25b461d0ded3c1007c6ffa0c0c3810b,0008000060000000a8520000b2010000,,,,,False,,,,,,,,,,False,False
/a/0/6/5,/a/0/6/5!/member_00062,0,/a/0/6/5,194,62,,2030236,2065308,2024776,2059848,35072,15942674fe1d0b02c52947a6dd52fd9ef8d22faae08b9badf7c4db60cc2e50ad,0008000090000000d87b0000dc030000,,,,,False,,,,,,,,,,False,False
/a/0/6/5,/a/0/6/5!/member_00063,0,/a/0/6/5,194,63,,2065308,2073808,2059848,2068348,8500,445ddc0e4a744bd5d802109c334788de2c625493494b1ada8ea1c2d90f09ee0f,00080000000000008c1700004c010000,,,,,False,,,,,,,,,,False,False
/a/0/6/5,/a/0/6/5!/member_00064,0,/a/0/6/5,194,64,,2073808,2131700,2068348,2126240,57892,03ccdb6717a1172828ba117dcf4779c44c9839f5b597a8fd373fc9a33eb81489,00080000300000009cd70000c4010000,,,,,False,,,,,,,,,,False,False
/a/0/6/5,/a/0/6/5!/member_00065,0,/a/0/6/5,194,65,,2131700,2190310,2126240,2184850,58610,c473e62991ce3f37c435db13f352768a255c5f317422a236f29567b3d6be823e,0008000030000000f4d9000032020000,,,,,False,,,,,,,,,,False,False
/a/0/6/5,/a/0/6/5!/member_00066,0,/a/0/6/5,194,66,,2190312,2247076,2184852,2241616,56764,9bc1295658a2a303308ae9b71453dcd1df204cecd13c88653e7e57d5a96359db,0008000030000000c8d2000030020000,,,,,False,,,,,,,,,,False,False
/a/0/6/5,/a/0/6/5!/member_00067,0,/a/0/6/5,194,67,,2247076,2309368,2241616,2303908,62292,a4fabbaabc492262c9056d0298d0c2f78c798501d45e2cd0c7e18412d6eb78ac,000800003000000090e8000010020000,,,,,False,,,,,,,,,,False,False
/a/0/6/5,/a/0/6/5!/member_00068,0,/a/0/6/5,194,68,,2309368,2349332,2303908,2343872,39964,0d57092e7783fc89df71cbe35ee05d346c33085a161eecde16d99a1d67cd44fb,00080000900000005c91000084010000,,,,,False,,,,,,,,,,False,False
/a/0/6/5,/a/0/6/5!/member_00069,0,/a/0/6/5,194,69,,2349332,2377938,2343872,2372478,28606,86b37b720412b1a5ff2d6b850300987b9660628af9663389a4be4e8d81014a68,00080000f00300005462000056010000,,,,,False,,,,,,,,,,False,False
/a/0/6/5,/a/0/6/5!/member_00070,0,/a/0/6/5,194,70,,2377940,2382010,2372480,2376550,4070,0f7f3c5951462da3fcfd84fe209c0a143cf81127435aaaec34b0076bf30bd638,00080000000000009007000042000000,,,,,False,,,,,,,,,,False,False
/a/0/6/5,/a/0/6/5!/member_00071,0,/a/0/6/5,194,71,,2382012,2386002,2376552,2380542,3990,9f0d2c28d63f9869322ca896ff2e8660195fc43c07a2877d286ef3aa6a93d6ca,00080000000000004007000042000000,,,,,False,,,,,,,,,,False,False
/a/0/6/5,/a/0/6/5!/member_00072,0,/a/0/6/5,194,72,,2386004,2400010,2380544,2394550,14006,91db73b214c4b3eff5a6738da87897a907fb26a02629286aed965c2845a2ba08,00080000a0020000c02b000042000000,,,,,False,,,,,,,,,,False,False
/a/0/6/5,/a/0/6/5!/member_00073,0,/a/0/6/5,194,73,,2400012,2408798,2394552,2403338,8786,fb15a82640ed35084381d621b3b46385b9b55c6d110c9064695814195d0bdc3d,0008000000000000fc19000042000000,,,,,False,,,,,,,,,,False,False
/a/0/6/5,/a/0/6/5!/member_00074,0,/a/0/6/5,194,74,,2408800,2437002,2403340,2431542,28202,f6f43d3befd84e94893f7f3e5aae97e983a4d3e46f9a0295ea59e81fd1b8961e,00080000000000006864000076010000,,,,,False,,,,,,,,,,False,False
/a/0/6/5,/a/0/6/5!/member_00075,0,/a/0/6/5,194,75,,2437004,2453788,2431544,2448328,16784,a631dc4e441656e3599d35f0e14f23f1f945f2529421500f0332c7635d72e490,000800003000000094380000a0000000,,,,,False,,,,,,,,,,False,False
/a/0/6/5,/a/0/6/5!/member_00076,0,/a/0/6/5,194,76,,2453788,2484104,2448328,2478644,30316,73c7d93ea13e26bb60dfaf89c398fd31f7076ffdecef0e49484349f2a6dcf7d4,0008000000000000b06c000078010000,,,,,False,,,,,,,,,,False,False
/a/0/6/5,/a/0/6/5!/member_00077,0,/a/0/6/5,194,77,,2484104,2517964,2478644,2512504,33860,e63be55a80e5d97dd2d2bdffe65db4649339c416167791971e2455254ced881e,00080000600000007c790000cc010000,,,,,False,,,,,,,,,,False,False
/a/0/6/5,/a/0/6/5!/member_00078,0,/a/0/6/5,194,78,,2517964,2542912,2512504,2537452,24948,359afbbdba00f1e7fae029d0a94d96e0c04bf229771fd100f47401b2424bb183,0008000000000000a45800009c000000,,,,,False,,,,,,,,,,False,False
/a/0/6/5,/a/0/6/5!/member_00079,0,/a/0/6/5,194,79,,2542912,2581778,2537452,2576318,38866,26b262f768c088fe9765f67d2ce7a94fe06658240d84d08493ae15a0c9ab7437,0008000000000000dc8d0000c2010000,,,,,False,,,,,,,,,,False,False
/a/0/6/5,/a/0/6/5!/member_00080,0,/a/0/6/5,194,80,,2581780,2638370,2576320,2632910,56590,44ab089480e7de6e560fbb68af7c5d8eda29c9f8d4df2dd4ba674560ba41791d,0008000000000000a8d10000f2020000,,,,,False,,,,,,,,,,False,False
/a/0/6/5,/a/0/6/5!/member_00081,0,/a/0/6/5,194,81,,2638372,2698396,2632912,2692936,60024,1db535913acdd8664b320d0cb950c64fd5aeec4fa8840aec08b8a5cf67023c43,000800000000000038e00000fc010000,,,,,False,,,,,,,,,,False,False
/a/0/6/5,/a/0/6/5!/member_00082,0,/a/0/6/5,194,82,,2698396,2738302,2692936,2732842,39906,a8d3bb630d83a98016b5da0ea3b074e81508d4be737ff4eae20c718acbeda7ea,00080000900000006c920000ca000000,,,,,False,,,,,,,,,,False,False
/a/0/6/5,/a/0/6/5!/member_00083,0,/a/0/6/5,194,83,,2738304,2799170,2732844,2793710,60866,05810ad0e4b0bc3cbf978023296fd140d8a5b31639b6b54bbc45c1de48943467,000800000000000024e3000072020000,,,,,False,,,,,,,,,,False,False
/a/0/6/5,/a/0/6/5!/member_00084,0,/a/0/6/5,194,84,,2799172,2855360,2793712,2849900,56188,75bc1d488745e6854cdc828c0c57da1df2f885140d133f73164661d93ff88d55,0008000060000000b8d1000038010000,,,,,False,,,,,,,,,,False,False
/a/0/6/5,/a/0/6/5!/member_00085,0,/a/0/6/5,194,85,,2855360,2886786,2849900,2881326,31426,1ac73c9eabf3658c7bdcf7b399a65cef493bcadd60af52a32a5f501bb3f28e45,00080000d00200009c6f000042000000,,,,,False,,,,,,,,,,False,False
/a/0/6/5,/a/0/6/5!/member_00086,0,/a/0/6/5,194,86,,2886788,2918214,2881328,2912754,31426,fa24b1411bba5c64e24095adff8ec8ee18d3c24e82633df5016a9224e94934e5,00080000d00200009c6f000042000000,,,,,False,,,,,,,,,,False,False
/a/0/6/5,/a/0/6/5!/member_00087,0,/a/0/6/5,194,87,,2918216,2946636,2912756,2941176,28420,10174f6a0cfdeae637639949cbfbab63c3b77071dbcc2893e1276512d74c6cb2,0008000030000000f8640000a0010000,,,,,False,,,,,,,,,,False,False
/a/0/6/5,/a/0/6/5!/member_00088,0,/a/0/6/5,194,88,,2946636,2981670,2941176,2976210,35034,60b2b90a8dfbcd3ebfafecad19d0bb79fb3e9c77817edb62f3c556cf90e2c099,0008000090000000fc7e00002a010000,,,,,False,,,,,,,,,,False,False
/a/0/6/5,/a/0/6/5!/member_00089,0,/a/0/6/5,194,89,,2981672,3007752,2976212,3002292,26080,6d509e26829d9347f1c534c8168f9fe5dddf3726636ac15e1b911b1431605b2b,0008000090000000fc57000040050000,,,,,False,,,,,,,,,,False,False
/a/0/6/5,/a/0/6/5!/member_00090,0,/a/0/6/5,194,90,,3007752,3022724,3002292,3017264,14972,1a453c6fbc000556e2b63ff57b637d7e141845ef8cbe81240eda4d380153da2b,0008000030000000702f0000c8020000,,,,,False,,,,,,,,,,False,False
/a/0/6/5,/a/0/6/5!/member_00091,0,/a/0/6/5,194,91,,3022724,3037334,3017264,3031874,14610,2d5865a63f7155728b656f90bcd0ed814c15ad0f4c2f6ae6f33af2371922ab8c,0008000030000000fc2d0000d2020000,,,,,False,,,,,,,,,,False,False
/a/0/6/5,/a/0/6/5!/member_00092,0,/a/0/6/5,194,92,,3037336,3062132,3031876,3056672,24796,61c47d42c70eb765878a268366a1c618df7ec8e1d353372d80c712eb80912022,0008000030000000e4560000b4010000,,,,,False,,,,,,,,,,False,False
/a/0/6/5,/a/0/6/5!/member_00093,0,/a/0/6/5,194,93,,3062132,3086614,3056672,3081154,24482,f65503713c199af02aba646c268af4290e5fb25bad806cb5389b897ebb5abd3e,00080000f0000000d8530000c6020000,,,,,False,,,,,,,,,,False,False
/a/0/6/5,/a/0/6/5!/member_00094,0,/a/0/6/5,194,94,,3086616,3105142,3081156,3099682,18526,b69f8852789979a2fe2810a1b3410c0c8ccf95d2285f4aac97375cb85268fb5f,0008000000000000243b000026050000,,,,,False,,,,,,,,,,False,False
/a/0/6/5,/a/0/6/5!/member_00095,0,/a/0/6/5,194,95,,3105144,3133626,3099684,3128166,28482,2ebc19bdd7eb1bbb4d3d2ae88cc405e73c1482fd30012bbd98e82d3bb915451a,00080000600000005c61000072050000,,,,,False,,,,,,,,,,False,False
/a/0/6/5,/a/0/6/5!/member_00096,0,/a/0/6/5,194,96,,3133628,3159484,3128168,3154024,25856,ba3d3fae4fc9f910746e9740cd4e6326310198fb0e42491ec152d5d18eb6fa10,00080000000000006458000078040000,,,,,False,,,,,,,,,,False,False
/a/0/6/5,/a/0/6/5!/member_00097,0,/a/0/6/5,194,97,,3159484,3177434,3154024,3171974,17950,9136c09eb04698a246d0c483f067a9c18b3e9a8500f9050b2d35e26f31ee305e,0008000000000000383b0000c2020000,,,,,False,,,,,,,,,,False,False
/a/0/6/5,/a/0/6/5!/member_00098,0,/a/0/6/5,194,98,,3177436,3201968,3171976,3196508,24532,aaf6457e708a87e804f25210767813627b8ab2bc755f130f7d2b5733e2e163bd,0008000000000000b45600000c010000,,,,,False,,,,,,,,,,False,False
/a/0/6/5,/a/0/6/5!/member_00099,0,/a/0/6/5,194,99,,3201968,3238358,3196508,3232898,36390,6a10cb401bef881a58522863064ec1f7d0941ec37dcfbd46a0009681b0a483bd,00080000c0000000bc8100007e030000,,,,,False,,,,,,,,,,False,False
/a/0/6/5,/a/0/6/5!/member_00100,0,/a/0/6/5,194,100,,3238360,3255424,3232900,3249964,17064,1a00a1e6663b3e5b6864e929ca6796c86ce09b7604efe7648438d9eb1d3b37fc,0008000000000000ec360000a8030000,,,,,False,,,,,,,,,,False,False
/a/0/6/5,/a/0/6/5!/member_00101,0,/a/0/6/5,194,101,,3255424,3303562,3249964,3298102,48138,c53d454b8fef6cd98707606e6d6b60234529452acc2cbf0489bb3a7a12d12c8d,0008000030000000b4b00000d2020000,,,,,False,,,,,,,,,,False,False
/a/0/6/5,/a/0/6/5!/member_00102,0,/a/0/6/5,194,102,,3303564,3343380,3298104,3337920,39816,b55a1fce3a18a7a226ec851977555dbd1e0dc6872f94f918dd8ee815f4a1b1ec,000800000000000028900000f4020000,,,,,False,,,,,,,,,,False,False
/a/0/6/5,/a/0/6/5!/member_00103,0,/a/0/6/5,194,103,,3343380,3378064,3337920,3372604,34684,f581f0e1825c42ccc4ed38435750a60a29617dc12d59f45b8c62f008806acc35,0008000030000000747b0000c4030000,,,,,False,,,,,,,,,,False,False
/a/0/6/5,/a/0/6/5!/member_00104,0,/a/0/6/5,194,104,,3378064,3424142,3372604,3418682,46078,a2022f2d5f00619575a769bb2ebeea3ef6fab8c5a746d836748e0c3eaafa9a6a,00080000c000000000aa00001a010000,,,,,False,,,,,,,,,,False,False
/a/0/6/5,/a/0/6/5!/member_00105,0,/a/0/6/5,194,105,,3424144,3472780,3418684,3467320,48636,7e27697839d514569ca3f7792d5cdabf6b03de818f2279b7cfea1055a340c8af,000800000000000090b4000048010000,,,,,False,,,,,,,,,,False,False
/a/0/6/5,/a/0/6/5!/member_00106,0,/a/0/6/5,194,106,,3472780,3531656,3467320,3526196,58876,3a20b5d56d4aa9133a05086d83bbf16526635da4a7a101e8a3420b4deb0d9226,00080000100200006ccd0000640e0000,,,,,False,,,,,,,,,,False,False
/a/0/6/5,/a/0/6/5!/member_00107,0,/a/0/6/5,194,107,,3531656,3597040,3526196,3591580,65384,e69c419d5765fd3b61f6ead1c3ca71a795dd70ad42135aef843d63010fc72b44,00080000f0000000c8ec000084090000,,,,,False,,,,,,,,,,False,False
/a/0/6/5,/a/0/6/5!/member_00108,0,/a/0/6/5,194,108,,3597040,3652352,3591580,3646892,55312,022b778c8b8437d12f1170fb76b32aae53e1ab3c40b12b47bb4cd5acbc3cd9cd,0008000060000000a4cd0000f0010000,,,,,False,,,,,,,,,,False,False
/a/0/6/5,/a/0/6/5!/member_00109,0,/a/0/6/5,194,109,,3652352,3713138,3646892,3707678,60786,1d384690bed6bedefe70f3a4c3cb5b6aae85f529bb2656ea4c7a043551d52883,000800003000000010e10000b6030000,,,,,False,,,,,,,,,,False,False
/a/0/6/5,/a/0/6/5!/member_00110,0,/a/0/6/5,194,110,,3713140,3777346,3707680,3771886,64206,14aa7f038eebf6e53685182c8521f95b70ee603480cb370aae8e856bf701655a,0008000000000000b4ef00007e020000,,,,,False,,,,,,,,,,False,False
/a/0/6/5,/a/0/6/5!/member_00111,0,/a/0/6/5,194,111,,3777348,3837104,3771888,3831644,59756,1807619e3e6f28da9fe9c4d165e7fbaf6d51c434a082a94179711a4223c6fa9b,00080000600000004cdd000044030000,,,,,False,,,,,,,,,,False,False
/a/0/6/5,/a/0/6/5!/member_00112,0,/a/0/6/5,194,112,,3837104,3901450,3831644,3895990,64346,2250dd1af04b7df99bd7988ea5038267cf73c2dc83dbfba9ed88b7486987c94e,0008000000000000ccee00001a040000,,,,,False,,,,,,,,,,False,False
/a/0/6/5,/a/0/6/5!/member_00113,0,/a/0/6/5,194,113,,3901452,3950370,3895992,3944910,48918,12da273771c23efd6dfc8b21ef4612659710f88225528808fdab5e5114f02110,000800003000000000b60000d2000000,,,,,False,,,,,,,,,,False,False
/a/0/6/5,/a/0/6/5!/member_00114,0,/a/0/6/5,194,114,,3950372,3982976,3944912,3977516,32604,4c63b0844d111e2d8a165136f85bcecc2c451bc96223aba1a21d3a548b764d07,000800003000000034760000e4000000,,,,,False,,,,,,,,,,False,False
/a/0/6/5,/a/0/6/5!/member_00115,0,/a/0/6/5,194,115,,3982976,4006022,3977516,4000562,23046,0b1be4d6e6908087160f079c9b8e8d380b38a037c351696c786d356f6ac850b9,00080000e0010000b0440000620b0000,,,,,False,,,,,,,,,,False,False
/a/0/6/5,/a/0/6/5!/member_00116,0,/a/0/6/5,194,116,,4006024,4025902,4000564,4020442,19878,f806ff75de6e85fd3f66f8f027070f842143f90be614f4da410d79fe5a60953b,0008000090000000c044000042000000,,,,,False,,,,,,,,,,False,False
/a/0/6/5,/a/0/6/5!/member_00117,0,/a/0/6/5,194,117,,4025904,4048006,4020444,4042546,22102,9e05bf551555b770835fa0effe3eef69cae4876a27f18330d3e143f4434507cd,0008000060000000dc46000006070000,,,,,False,,,,,,,,,,False,False
/a/0/6/5,/a/0/6/5!/member_00118,0,/a/0/6/5,194,118,,4048008,4067714,4042548,4062254,19706,f37a9db085d35780bcbe43fef0d707eee2dd93ad2bacdf0927f9c0b8984df3c5,000800006003000044320000420f0000,,,,,False,,,,,,,,,,False,False
/a/0/6/5,/a/0/6/5!/member_00119,0,/a/0/6/5,194,119,,4067716,4101246,4062256,4095786,33530,343228be4fe829d7166ba68bf2e32e4f036a0db0f9eff5940e2d8a72e1ec40c7,0008000060000000d078000096010000,,,,,False,,,,,,,,,,False,False
/a/0/6/5,/a/0/6/5!/member_00120,0,/a/0/6/5,194,120,,4101248,4122092,4095788,4116632,20844,1979588e8d4fa6cc6a0c157526244787e6f88967046b14b7822cb54f5cac74de,00080000500100001c3d0000ec0a0000,,,,,False,,,,,,,,,,False,False
/a/0/6/5,/a/0/6/5!/member_00121,0,/a/0/6/5,194,121,,4122092,4170040,4116632,4164580,47948,71e6e99316f8e11ca6685b2ca96ce0d92bfd550942232cd91c2ad41efb08b119,00080000600000008ca300004c0f0000,,,,,False,,,,,,,,,,False,False
/a/0/6/5,/a/0/6/5!/member_00122,0,/a/0/6/5,194,122,,4170040,4201986,4164580,4196526,31946,8ad306882b0f4bf76f3ba4fbba7e770530c6f78e172933848427f599df1a529d,0008000000000000707300002e010000,,,,,False,,,,,,,,,,False,False
/a/0/6/5,/a/0/6/5!/member_00123,0,/a/0/6/5,194,123,,4201988,4248412,4196528,4242952,46424,2f6eb59f5ada868b36118e0bb9c64ba9466cf4cc21f7214c9945ccbbd4c4d7c1,0008000060000000609d0000840f0000,,,,,False,,,,,,,,,,False,False
/a/0/6/5,/a/0/6/5!/member_00124,0,/a/0/6/5,194,124,,4248412,4291714,4242952,4286254,43302,9b658e4438845d515b0a7e67f083bbc190637f0d344c075c7f3c3813a7651803,0008000060000000b89e0000ca010000,,,,,False,,,,,,,,,,False,False
/a/0/6/5,/a/0/6/5!/member_00125,0,/a/0/6/5,194,125,,4291716,4350320,4286256,4344860,58604,9f0d21ed956cab251442f872b9064e9c8f135e309eaa5dcf7efd538d5527949b,0008000090000000a0d9000078020000,,,,,False,,,,,,,,,,False,False
/a/0/6/5,/a/0/6/5!/member_00126,0,/a/0/6/5,194,126,,4350320,4384878,4344860,4379418,34558,f833735396706ae566300fc28a7643e479897fdaae854305c0435c97fbe1fdc0,0008000020040000987800008a010000,,,,,False,,,,,,,,,,False,False
/a/0/6/5,/a/0/6/5!/member_00127,0,/a/0/6/5,194,127,,4384880,4420140,4379420,4414680,35260,67a42cefe4d3a908252c71e6b73ae4f276cb8cba29421bf885f75e22aff1dc85,0008000090000000407e0000c0020000,,,,,False,,,,,,,,,,False,False
/a/0/6/5,/a/0/6/5!/member_00128,0,/a/0/6/5,194,128,,4420140,4460812,4414680,4455352,40672,3dd79a3bb951b75af2040d8543b4c0dc169593c4f8cddf2f826a169d7e29fd3f,00080000b00100003c93000098010000,,,,,False,,,,,,,,,,False,False
/a/0/6/5,/a/0/6/5!/member_00129,0,/a/0/6/5,194,129,,4460812,4492182,4455352,4486722,31370,7bbdb4955f238597691f00b184fabdc2b3911e22c92649e4710b4f6ebda56ed9,0008000020010000086e000006030000,,,,,False,,,,,,,,,,False,False
/a/0/6/5,/a/0/6/5!/member_00130,0,/a/0/6/5,194,130,,4492184,4514882,4486724,4509422,22698,5a0d2249ed14175e3c2a2155fca7de2ea3f854749ff9cd69d64771edcea46b12,0008000090000000204f0000c6000000,,,,,False,,,,,,,,,,False,False
/a/0/6/5,/a/0/6/5!/member_00131,0,/a/0/6/5,194,131,,4514884,4546740,4509424,4541280,31856,b691c1553ed7b0843f3307c06cb833a223c7da66ad3bed62f1b93b41b1423d83,0008000030000000a46c000088070000,,,,,False,,,,,,,,,,False,False
/a/0/6/5,/a/0/6/5!/member_00132,0,/a/0/6/5,194,132,,4546740,4565472,4541280,4560012,18732,1076056abb602d3a5920f30c5c3444408e0403a6c158e6c7c1deb266dda36c65,0008000060000000d83b0000e0040000,,,,,False,,,,,,,,,,False,False
/a/0/6/5,/a/0/6/5!/member_00133,0,/a/0/6/5,194,133,,4565472,4578902,4560012,4573442,13430,55ef912939cc6299045eb45388a5868ae29009f19cf8d557da2fc46d939ce2c4,00080000d00200005029000042000000,,,,,False,,,,,,,,,,False,False
/a/0/6/5,/a/0/6/5!/member_00134,0,/a/0/6/5,194,134,,4578904,4592134,4573444,4586674,13230,1cecbfcfe071db7c7a53f0d86562cf4b69f1aaac5e68040e2b2b7b033b12205c,00080000a0020000b828000042000000,,,,,False,,,,,,,,,,False,False
/a/0/6/5,/a/0/6/5!/member_00135,0,/a/0/6/5,194,135,,4592136,4605538,4586676,4600078,13402,33386dc5aa041043194454ba35b65dc28ecefd76bd7b626b703612a044dd0633,0008000050040000b427000042000000,,,,,False,,,,,,,,,,False,False
/a/0/6/5,/a/0/6/5!/member_00136,0,/a/0/6/5,194,136,,4605540,4619174,4600080,4613714,13634,a125cc74bb8f89c1b8ec2e15189ef1bb1331a9fa4fb67f17978542ada444d867,00080000c00300002c29000042000000,,,,,False,,,,,,,,,,False,False
/a/0/6/5,/a/0/6/5!/member_00137,0,/a/0/6/5,194,137,,4619176,4644630,4613716,4639170,25454,bfc71edf6e051c9bcc1ac084b6c2612663a9c736029e20daa78a0200777f0011,0008000030000000e85a000042000000,,,,,False,,,,,,,,,,False,False
/a/0/6/5,/a/0/6/5!/member_00138,0,/a/0/6/5,194,138,,4644632,4678010,4639172,4672550,33378,92232d070af3d47593609b94741e78465480b61341be264b4955ae9fed46692b,0008000000000000dc78000072010000,,,,,False,,,,,,,,,,False,False
/a/0/6/5,/a/0/6/5!/member_00139,0,/a/0/6/5,194,139,,4678012,4721024,4672552,4715564,43012,9ac7b550d0137404ee4d0105215281cffa4b520267027c3b2ff6f9769ee21d50,00080000000000000c9e0000d4010000,,,,,False,,,,,,,,,,False,False
/a/0/6/5,/a/0/6/5!/member_00140,0,/a/0/6/5,194,140,,4721024,4757088,4715564,4751628,36064,0e85bc321a00fe28260cf1853a80dc055811b8f185c62fd14c89102d60a0d32d,00080000f000000014830000b8000000,,,,,False,,,,,,,,,,False,False
/a/0/6/5,/a/0/6/5!/member_00141,0,/a/0/6/5,194,141,,4757088,4803670,4751628,4798210,46582,44ed5b18b96c8b4ff6377381f72ad4009be497ea8fe5b834ca5499889ecb37b3,0008000050010000d0aa000092010000,,,,,False,,,,,,,,,,False,False
/a/0/6/5,/a/0/6/5!/member_00142,0,/a/0/6/5,194,142,,4803672,4852032,4798212,4846572,48360,38dde2f0c979390d9cc4d6f0501248c6f691284e67edf9266fcf439be72809cc,00080000b00100002cb10000f0010000,,,,,False,,,,,,,,,,False,False
/a/0/6/5,/a/0/6/5!/member_00143,0,/a/0/6/5,194,143,,4852032,4877390,4846572,4871930,25358,15431c3ea29e1ac3f9240f7a7da875c7313a07e325dc4a69780603365ab8da20,00080000d002000074570000ae000000,,,,,False,,,,,,,,,,False,False
/a/0/6/5,/a/0/6/5!/member_00144,0,/a/0/6/5,194,144,,4877392,4905874,4871932,4900414,28482,bd01f519c276030f7dea68520e54468b3a25a2a286c6f599e625904e1189485b,00080000b00100003c65000042000000,,,,,False,,,,,,,,,,False,False
/a/0/6/5,/a/0/6/5!/member_00145,0,/a/0/6/5,194,145,,4905876,4961974,4900416,4956514,56098,7eb43d2ff16d8d41cfcf4c1a4f656639a6ec9e8014260294e579c2d188ae8b4a,00080000000000002cd20000c2000000,,,,,False,,,,,,,,,,False,False
/a/0/6/5,/a/0/6/5!/member_00146,0,/a/0/6/5,194,146,,4961976,4995930,4956516,4990470,33954,c330dd737864d7e33110a5642d594d1f00df2851e0a132f7d381bed14d7ee15b,0008000000000000ac7b0000e2000000,,,,,False,,,,,,,,,,False,False
/a/0/6/5,/a/0/6/5!/member_00147,0,/a/0/6/5,194,147,,4995932,5020126,4990472,5014666,24194,824ffed3a8ba5106abb6de412d247db30c1d5966270c18e2c20cf2aa0beda41c,0008000000000000fc55000072000000,,,,,False,,,,,,,,,,False,False
/a/0/6/5,/a/0/6/5!/member_00148,0,/a/0/6/5,194,148,,5020128,5044904,5014668,5039444,24776,fd03d711b02bd9b55e39492ff0ebec4ffa1028a03b785b20c03e79301545661f,00080000900000001457000008010000,,,,,False,,,,,,,,,,False,False
/a/0/6/5,/a/0/6/5!/member_00149,0,/a/0/6/5,194,149,,5044904,5085518,5039444,5080058,40614,c08eef1bc36cf473a6c1bb18ecd67d52683a791beea569e60a74f37c88246ea3,0008000000000000089400006a020000,,,,,False,,,,,,,,,,False,False
/a/0/6/5,/a/0/6/5!/member_00150,0,/a/0/6/5,194,150,,5085520,5109798,5080060,5104338,24278,fdaefbb81c646c6f2cdbbffc5a79a7987e14f3bf86262389effa350c8e006900,0008000030000000085600008a000000,,,,,False,,,,,,,,,,False,False
/a/0/6/5,/a/0/6/5!/member_00151,0,/a/0/6/5,194,151,,5109800,5128534,5104340,5123074,18734,4611c8c06280e37632a3ffa7af961e520cbfaca38b31e25c4e796d9e6308311c,000800000000000078400000a2000000,,,,,False,,,,,,,,,,False,False
/a/0/6/5,/a/0/6/5!/member_00152,0,/a/0/6/5,194,152,,5128536,5150712,5123076,5145252,22176,662d93678b89812ee0ebdcd2de29851b710a6eb25333479f5812e8ad15fd3db8,0008000000000000f04d00009c000000,,,,,False,,,,,,,,,,False,False
/a/0/6/5,/a/0/6/5!/member_00153,0,/a/0/6/5,194,153,,5150712,5181230,5145252,5175770,30518,4b79ae3f2e823d41ecffd20afb4434c626ce34a0339d4412519cbfda2f07c8fe,00080000c0000000b46c0000ae010000,,,,,False,,,,,,,,,,False,False
/a/0/6/5,/a/0/6/5!/member_00154,0,/a/0/6/5,194,154,,5181232,5206742,5175772,5201282,25510,dccb95758d906c971c6692e0fbdfa238749465cbe73dc0780362fef4bd5f359f,0008000060000000cc51000066090000,,,,,False,,,,,,,,,,False,False
/a/0/6/5,/a/0/6/5!/member_00155,0,/a/0/6/5,194,155,,5206744,5233378,5201284,5227918,26634,0ad6d517fb430b2cfbafc557477d4cfaa3db13a66d275863f237c7cb5c8cecc9,0008000000000000e056000016090000,,,,,False,,,,,,,,,,False,False
/a/0/6/5,/a/0/6/5!/member_00156,0,/a/0/6/5,194,156,,5233380,5266496,5227920,5261036,33116,798be61bb337eb8eeb05592d7ffefd012d97b435a21f53c35ac6f079fb297c63,00080000300300000c6e00000c080000,,,,,False,,,,,,,,,,False,False
/a/0/6/5,/a/0/6/5!/member_00157,0,/a/0/6/5,194,157,,5266496,5311382,5261036,5305922,44886,a1b463fe483fc55b63e2b4aaba8acc633a903a47194860083c53c4e86d6f123c,000800003000000024a40000ee020000,,,,,False,,,,,,,,,,False,False
/a/0/6/5,/a/0/6/5!/member_00158,0,/a/0/6/5,194,158,,5311384,5356712,5305924,5351252,45328,f899858bbb314579e517ab867a8dea1a725fea5cd9362fc62e0b8f1997b75c6b,000800003000000080a50000c4020000,,,,,False,,,,,,,,,,False,False
/a/0/6/5,/a/0/6/5!/member_00159,0,/a/0/6/5,194,159,,5356712,5387190,5351252,5381730,30478,5a4b55cb374e99849063ad8b208c5cb9e875d220573da76e2553c973b3467c82,0008000060000000dc6a000036030000,,,,,False,,,,,,,,,,False,False
/a/0/6/5,/a/0/6/5!/member_00160,0,/a/0/6/5,194,160,,5387192,5413282,5381732,5407822,26090,0724bb9e11aef71ec2390994fb7d506221d48cf78af83167c83a8e6b3c355f24,0008000030000000585a0000ce020000,,,,,False,,,,,,,,,,False,False
/a/0/6/5,/a/0/6/5!/member_00161,0,/a/0/6/5,194,161,,5413284,5427292,5407824,5421832,14008,c36cfc1992e38752753d8a63a463577b10f22c50068ea05cfb4b64c384f41a00,0008000030000000002b000074030000,,,,,False,,,,,,,,,,False,False
/a/0/6/5,/a/0/6/5!/member_00162,0,/a/0/6/5,194,162,,5427292,5439926,5421832,5434466,12634,fbe06315049166581ea35ede6f92a586560d212af24bb01c7684ed64e45a1453,000800003000000058260000b6020000,,,,,False,,,,,,,,,,False,False
/a/0/6/5,/a/0/6/5!/member_00163,0,/a/0/6/5,194,163,,5439928,5459596,5434468,5454136,19668,ed0cdc733d58641d535e4660e0e7071797684bf9bf737d14a70ccaf49980590d,00080000300000009c430000c4000000,,,,,False,,,,,,,,,,False,False
/a/0/6/5,/a/0/6/5!/member_00164,0,/a/0/6/5,194,164,,5459596,5475858,5454136,5470398,16262,a69226e874cad381e3f4e145e6fd63d9f650bf37d4643180f2205728b4b1e188,00080000f0000000b034000032010000,,,,,False,,,,,,,,,,False,False
/a/0/6/5,/a/0/6/5!/member_00165,0,/a/0/6/5,194,165,,5475860,5493028,5470400,5487568,17168,ee28e4c9e24ab7ec0932ada4930eceedd0c089349e8abc1a370328f3727d2f82,000800003000000008320000c4080000,,,,,False,,,,,,,,,,False,False
/a/0/6/5,/a/0/6/5!/member_00166,0,/a/0/6/5,194,166,,5493028,5508652,5487568,5503192,15624,39afdf48e0cd43441c19e13fe89a710133b34ab69290bca8a488ec607eec149d,0008000000000000302c0000c4080000,,,,,False,,,,,,,,,,False,False
/a/0/6/5,/a/0/6/5!/member_00167,0,/a/0/6/5,194,167,,5508652,5525836,5503192,5520376,17184,d06c91ea1e9f936ff549dd10d6bda627647b6ada1a4c78bf7214f17608503753,000800000000000048320000c4080000,,,,,False,,,,,,,,,,False,False
/a/0/6/5,/a/0/6/5!/member_00168,0,/a/0/6/5,194,168,,5525836,5541806,5520376,5536346,15970,0ac3e5258227ca7a1d569c3131c5eda55ecfc50edcaba59715ff9756af4eb16f,0008000030000000e8340000f6000000,,,,,False,,,,,,,,,,False,False
/a/0/6/5,/a/0/6/5!/member_00169,0,/a/0/6/5,194,169,,5541808,5571790,5536348,5566330,29982,61f73c14a264a1c1ceec7e86c0d8157dee1124ded5e0f1c19a819e795bc388df,0008000090000000e85f0000920c0000,,,,,False,,,,,,,,,,False,False
/a/0/6/5,/a/0/6/5!/member_00170,0,/a/0/6/5,194,170,,5571792,5590388,5566332,5584928,18596,567281bfb9bc308400573ab91a019fe061e8b770b1fe2ef59fff312df3cd93b4,00080000d00200004c3300005c0a0000,,,,,False,,,,,,,,,,False,False
/a/0/6/5,/a/0/6/5!/member_00171,0,/a/0/6/5,194,171,,5590388,5603500,5584928,5598040,13112,d83d12c3f860460f16a8cc069281f415e25b825f1a18ab682ed55ce364fc6533,000800007002000004270000b0010000,,,,,False,,,,,,,,,,False,False
/a/0/6/5,/a/0/6/5!/member_00172,0,/a/0/6/5,194,172,,5603500,5619350,5598040,5613890,15850,be0b64b57ed2f0281cbb42ff797cb5104ed4e73260db4e09a2b80be4fcd2cfc5,00080000f000000010340000c6000000,,,,,False,,,,,,,,,,False,False
/a/0/6/5,/a/0/6/5!/member_00173,0,/a/0/6/5,194,173,,5619352,5630648,5613892,5625188,11296,2b837b67bd729d85d30f3eced3dc01c01d1769b0c48b9880ddb953f1a299d5c4,00080000500100000c210000b0010000,,,,,False,,,,,,,,,,False,False
/a/0/6/5,/a/0/6/5!/member_00174,0,/a/0/6/5,194,174,,5630648,5661610,5625188,5656150,30962,e35431cbf7076296e5a51a6ecd60ebcf4899e4bf31cd10d34c423b4502ffdaf5,0008000090000000fc6e000052010000,,,,,False,,,,,,,,,,False,False
/a/0/6/5,/a/0/6/5!/member_00175,0,/a/0/6/5,194,175,,5661612,5700618,5656152,5695158,39006,56e145e5526f2163852125aa39efd92c6897c383c5abc5cb18c5587c1c98c0be,0008000030000000488c0000d2030000,,,,,False,,,,,,,,,,False,False
/a/0/6/5,/a/0/6/5!/member_00176,0,/a/0/6/5,194,176,,5700620,5757986,5695160,5752526,57366,19c7b2f4ef3082825f1c3a84f38931b17cfdc315513abc870dc3aed99fb6663f,00080000600000001cd7000076000000,,,,,False,,,,,,,,,,False,False
/a/0/6/5,/a/0/6/5!/member_00177,0,/a/0/6/5,194,177,,5757988,5821698,5752528,5816238,63710,55fd613745120f7a172df085d13792ed94e8f8fd217330726be65c20da920376,000800004002000020ee000042000000,,,,,False,,,,,,,,,,False,False
/a/0/6/5,/a/0/6/5!/member_00178,0,/a/0/6/5,194,178,,5821700,5879970,5816240,5874510,58270,ef7a640b5b1d1a7b76ccac71574861bdfc2becc72f5bc63d61c3fb51c84fbc06,00080000d002000058d8000042000000,,,,,False,,,,,,,,,,False,False
/a/0/6/5,/a/0/6/5!/member_00179,0,/a/0/6/5,194,179,,5879972,5942046,5874512,5936586,62074,c6313e46789666329ba43ba79f5412f19b5210ab42657a5bbbdd3675637a8e7a,0008000010020000cce7000042000000,,,,,False,,,,,,,,,,False,False
/a/0/6/5,/a/0/6/5!/member_00180,0,/a/0/6/5,194,180,,5942048,5957380,5936588,5951920,15332,292ea4056bf7f1ed2c8d32ba6f1aea21706a2e2525ab94cb76d59d5004881cf6,0008000000000000a42b0000fc070000,,,,,False,,,,,,,,,,False,False
/a/0/6/5,/a/0/6/5!/member_00181,0,/a/0/6/5,194,181,,5957380,5974144,5951920,5968684,16764,667021b12095274d4abf29bc43e4d047ebe05297c7bf9ecde3b078965448e49c,000800006000000018380000d0000000,,,,,False,,,,,,,,,,False,False
/a/0/6/5,/a/0/6/5!/member_00182,0,/a/0/6/5,194,182,,5974144,6006622,5968684,6001162,32478,482d238f0033e1179af4186753a9b34416ae5fad16a435ca0eae2677dce1c267,00080000200100004c7300005e020000,,,,,False,,,,,,,,,,False,False
/a/0/6/5,/a/0/6/5!/member_00183,0,/a/0/6/5,194,183,,6006624,6044706,6001164,6039246,38082,25b4de53f01800534b4939732f2ccb7859189575fcc955b875ba4184cf472b9a,0008000060000000f08900005e020000,,,,,False,,,,,,,,,,False,False
/a/0/6/5,/a/0/6/5!/member_00184,0,/a/0/6/5,194,184,,6044708,6075494,6039248,6070034,30786,beed0f468bd5c2a7f16995bd220d2e41d2e14fb27c601e6f53d297c3fefd4433,0008000070020000606b00005e020000,,,,,False,,,,,,,,,,False,False
/a/0/6/5,/a/0/6/5!/member_00185,0,/a/0/6/5,194,185,,6075496,6092378,6070036,6086918,16882,23327f874fd5161cefe2fa0a94b8332b6d5fdf6b6d1c71df6bd60e1bd5062869,00080000b001000054370000ca000000,,,,,False,,,,,,,,,,False,False
/a/0/6/5,/a/0/6/5!/member_00186,0,/a/0/6/5,194,186,,6092380,6146394,6086920,6140934,54014,f044e919c17ad539e26427d12a53d8f00bf1794048099c477c4cb627a81a32a9,0008000090000000e0c900006a000000,,,,,False,,,,,,,,,,False,False
/a/0/6/5,/a/0/6/5!/member_00187,0,/a/0/6/5,194,187,,6146396,6154610,6140936,6149150,8214,46881accb1c1b460ef931bd9e8deffe7e2665c25bf70a3d64503be492934d721,000800000000000034170000c6000000,,,,,False,,,,,,,,,,False,False
/a/0/6/5,/a/0/6/5!/member_00188,0,/a/0/6/5,194,188,,6154612,6196450,6149152,6190990,41838,3fd8d0e518ee7c363d450260aa057818d8660ff896a6204229a60bd7c39f3eed,00080000300000000c980000ae020000,,,,,False,,,,,,,,,,False,False
/a/0/6/5,/a/0/6/5!/member_00189,0,/a/0/6/5,194,189,,6196452,6203146,6190992,6197686,6694,141f0a55f19284f5a2da018ba0a4f51bb555c19add0c71af2c4304218d78944d,0008000000000000d011000042000000,,,,,False,,,,,,,,,,False,False
/a/0/6/5,/a/0/6/5!/member_00190,0,/a/0/6/5,194,190,,6203148,6225438,6197688,6219978,22290,7a4d8f37bd1f1e1c7d3226ffa2cc98514830e326d6a02022976f3cb89a629c8b,00080000c0000000fc4d000042000000,,,,,False,,,,,,,,,,False,False
/a/0/6/5,/a/0/6/5!/member_00191,0,/a/0/6/5,194,191,,6225440,6236906,6219980,6231446,11466,ad2899b38bda9dbb34898026fab87175bbf3e218419d9aace127ae2449fe8996,00080000600000001424000042000000,,,,,False,,,,,,,,,,False,False
/a/0/6/5,/a/0/6/5!/member_00192,0,/a/0/6/5,194,192,,6236908,6259518,6231448,6254058,22610,23623471d3325487f9e3f50adbf1e33eafe9cfdd8d9a86673796521ae1e9d040,00080000e0010000c84c000096010000,,,,,False,,,,,,,,,,False,False
/a/0/6/5,/a/0/6/5!/member_00193,0,/a/0/6/5,194,193,,6259520,6279124,6254060,6273664,19604,ff2ce578bad68d26bf8913e8e05bebc4e10c394469e3ed2665d23de8c7b7873d,0008000090000000744200007c010000,,,,,False,,,,,,,,,,False,False
/a/0/6/5,/a/0/6/5!/member_00194,0,/a/0/6/5,194,194,,6279124,6301178,6273664,6295718,22054,c5de60d094d0d5862f2c5009b3c4cb699080856b40b0432398cc6e6208513990,00080000b0010000204c000042000000,,,,,False,,,,,,,,,,False,False
/a/0/6/5,/a/0/6/5!/member_00195,0,/a/0/6/5,194,195,,6301180,6327792,6295720,6322332,26612,0e7d08ad2a048805a652074d6d7120807c80068c23ab5c9bb8cee821a0baedf5,0008000020010000485d000078010000,,,,,False,,,,,,,,,,False,False
/a/0/6/5,/a/0/6/5!/member_00196,0,/a/0/6/5,194,196,,6327792,6392490,6322332,6387030,64698,dd08c98b2e7d7bffc194a72ffaaeabcbac7b11257385764cfaff6349868eb5cf,0008000000000000ecea0000ba090000,,,,,False,,,,,,,,,,False,False
/a/0/6/5,/a/0/6/5!/member_00197,0,/a/0/6/5,194,197,,6392492,6423348,6387032,6417888,30856,af077dc61e123bcd9342245feea58c9a8ca5354af2a48a5455281a8883d8f08e,0008000000000000dc69000098060000,,,,,False,,,,,,,,,,False,False
/a/0/6/5,/a/0/6/5!/member_00198,0,/a/0/6/5,194,198,,6423348,6450902,6417888,6445442,27554,16193dbf5cd0cfe604a09cb14ee475cc0191f1391224391f61bf73ee37876c82,0008000090000000145e0000ea040000,,,,,False,,,,,,,,,,False,False
/a/0/6/5,/a/0/6/5!/member_00199,0,/a/0/6/5,194,199,,6450904,6477800,6445444,6472340,26896,b2d77395435bd9ff298b2e6ac1694e591cf7d047d050c7578696a7082fb4eca6,000800000000000084530000780d0000,,,,,False,,,,,,,,,,False,False
/a/0/6/5,/a/0/6/5!/member_00200,0,/a/0/6/5,194,200,,6477800,6504932,6472340,6499472,27132,950b44fa05088eec21f2053f5868f21e24910ad8fd700c67a4d290655ed465b7,0008000030000000a0520000180f0000,,,,,False,,,,,,,,,,False,False
/a/0/6/5,/a/0/6/5!/member_00201,0,/a/0/6/5,194,201,,6504932,6522690,6499472,6517230,17758,e3e1ac5bc2c5bcda048d7d050d9133d7c2e6c83c9a15b6b3fc6ab238fa9b8d27,00080000e0010000983a0000a2000000,,,,,False,,,,,,,,,,False,False
/a/0/6/5,/a/0/6/5!/member_00202,0,/a/0/6/5,194,202,,6522692,6539894,6517232,6534434,17202,3435b77df95613c8a033566c849b14652f23cfbb61e60bf39b1e08b948982a33,00080000000000007c3900004a010000,,,,,False,,,,,,,,,,False,False
/a/0/6/5,/a/0/6/5!/member_00203,0,/a/0/6/5,194,203,,6539896,6552840,6534436,6547380,12944,010ecb65f30bbf5f34959084eb89208a1dcde75c9efa32548823ae3aebff4ec8,00080000000000002426000078030000,,,,,False,,,,,,,,,,False,False
/a/0/6/5,/a/0/6/5!/member_00204,0,/a/0/6/5,194,204,,6552840,6596678,6547380,6591218,43838,cc0ffeaf71810b41b59d997e8801f39b1c69a07f2db3f19a7c4ad1451a9ce945,0008000000000000b8a000004a020000,,,,,False,,,,,,,,,,False,False
/a/0/6/5,/a/0/6/5!/member_00205,0,/a/0/6/5,194,205,,6596680,6660062,6591220,6654602,63382,0c35a549575e9b204d70d524d587bf958c566d1d01901038cdd385687a53ad79,00080000c000000018e900004a050000,,,,,False,,,,,,,,,,False,False
/a/0/6/5,/a/0/6/5!/member_00206,0,/a/0/6/5,194,206,,6660064,6691456,6654604,6685996,31392,41ec6c216f996f07199431853c6f02492a216c4d603304d23e81b1b834779fc2,0008000000000000e46e000050030000,,,,,False,,,,,,,,,,False,False
/a/0/6/5,/a/0/6/5!/member_00207,0,/a/0/6/5,194,207,,6691456,6746292,6685996,6740832,54836,78c182ec5639a472a434935984c14f8df47485d626233f75c7a3ce192415f5c2,0008000030000000b8c90000b0030000,,,,,False,,,,,,,,,,False,False
/a/0/6/5,/a/0/6/5!/member_00208,0,/a/0/6/5,194,208,,6746292,6754982,6740832,6749522,8690,9a0de72452bcfc852269a558e16d4c438212108ed804c43c0664e4aaecf1dd0a,00080000000000009c19000042000000,,,,,False,,,,,,,,,,False,False
/a/0/6/5,/a/0/6/5!/member_00209,0,/a/0/6/5,194,209,,6754984,6758978,6749524,6753518,3994,c54be5eec6d9e503618fee6016f5d296071eb647433574807beada8a12e1a1a0,00080000000000004407000042000000,,,,,False,,,,,,,,,,False,False
/a/0/6/5,/a/0/6/5!/member_00210,0,/a/0/6/5,194,210,,6758980,6762174,6753520,6756714,3194,3b7dfdff204f037da0e0b8f1e082ec738e2c4cf9d461b8b9d7dc5954b68133c8,00080000000000002404000042000000,,,,,False,,,,,,,,,,False,False
/a/0/6/5,/a/0/6/5!/member_00211,0,/a/0/6/5,194,211,,6762176,6773070,6756716,6767610,10894,eaaff7ae4ed14c42e10b6f2520b6c6687ed9899bf54d08e52b2e057b13875b75,00080000000000003822000042000000,,,,,False,,,,,,,,,,False,False
/a/0/6/5,/a/0/6/5!/member_00212,0,/a/0/6/5,194,212,,6773072,6780574,6767612,6775114,7502,d74227913e46848f30744c45bd18181ddf602ee3cb94a3ccb469512dd1643c8b,00080000b00100004813000042000000,,,,,False,,,,,,,,,,False,False
/a/0/6/5,/a/0/6/5!/member_00213,0,/a/0/6/5,194,213,,6780576,6787122,6775116,6781662,6546,d90f7c59f3f8b6e05e3c49d210646ae362a427161b73d2a5433856170db054a8,00080000b00100008c0f000042000000,,,,,False,,,,,,,,,,False,False
/a/0/6/5,/a/0/6/5!/member_00214,0,/a/0/6/5,194,214,,6787124,6792926,6781664,6787466,5802,a3fcadfef06229d93f88bf3895a40827a5bc967865a8c4ee39b12d9f2772634b,00080000e0010000740c000042000000,,,,,False,,,,,,,,,,False,False
/a/0/6/5,/a/0/6/5!/member_00215,0,/a/0/6/5,194,215,,6792928,6798414,6787468,6792954,5486,243b96a9dda13d7f2cb44a5d25cfaca40e1a1af0a380b8643aab1ac5fd7e6875,00080000e0010000380b000042000000,,,,,False,,,,,,,,,,False,False
/a/0/6/5,/a/0/6/5!/member_00216,0,/a/0/6/5,194,216,,6798416,6809018,6792956,6803558,10602,2f2e65084defa07abf3195af3ff7b283017a8c2986d775391ff02ca0e93f66f3,0008000010020000341e000012010000,,,,,False,,,,,,,,,,False,False
/a/0/6/5,/a/0/6/5!/member_00217,0,/a/0/6/5,194,217,,6809020,6818192,6803560,6812732,9172,ae69826007caaef259b90859e32fb05a23f8faffc7b28429978f00016fd0865e,0008000080010000b019000090000000,,,,,False,,,,,,,,,,False,False
/a/0/6/5,/a/0/6/5!/member_00218,0,/a/0/6/5,194,218,,6818192,6862254,6812732,6856794,44062,c5195b2ff7e800780e60c078807a0faa19c2d63f0f786e746e7b6cdcc8570bb1,0008000000000000c8a3000042000000,,,,,False,,,,,,,,,,False,False
/a/0/6/5,/a/0/6/5!/member_00219,0,/a/0/6/5,194,219,,6862256,6906318,6856796,6900858,44062,f0c6084d4259b2db76125f3d2c9e1238d72309d392be998de25f40bac973b928,0008000000000000c8a3000042000000,,,,,False,,,,,,,,,,False,False
/a/0/6/5,/a/0/6/5!/member_00220,0,/a/0/6/5,194,220,,6906320,6920874,6900860,6915414,14554,423c62c5ec05cd5026e56f7f914fcfff0b602ca57c08267abec8c158e7ac3e60,0008000090030000f42c000042000000,,,,,False,,,,,,,,,,False,False
/a/0/6/5,/a/0/6/5!/member_00221,0,/a/0/6/5,194,221,,6920876,6957286,6915416,6951826,36410,c242a441a1ec3107e4f342855e299ed1d44d32cac2e6d1716a85f3231e004338,00080000c0030000107d000056050000,,,,,False,,,,,,,,,,False,False
/a/0/6/5,/a/0/6/5!/member_00222,0,/a/0/6/5,194,222,,6957288,6962550,6951828,6957090,5262,8afb07a2e829bee42bcc095f2db6e177216df81ea26b15b2ad9c0d8748868793,0008000000000000380c000042000000,,,,,False,,,,,,,,,,False,False
/a/0/6/5,/a/0/6/5!/member_00223,0,/a/0/6/5,194,223,,6962552,6970954,6957092,6965494,8402,a2c60d1dd1cfa0ca7e8bceb9c957323edf9a2734554241702352b68733e200b8,00080000000000007c18000042000000,,,,,False,,,,,,,,,,False,False
/a/0/6/5,/a/0/6/5!/member_00224,0,/a/0/6/5,194,224,,6970956,6979542,6965496,6974082,8586,fdb63cc7230e9523e910f4f182a5c5fd904fa639dce32875392e47f52ffbfa89,00080000000000003419000042000000,,,,,False,,,,,,,,,,False,False
/a/0/6/5,/a/0/6/5!/member_00225,0,/a/0/6/5,194,225,,6979544,6992794,6974084,6987334,13250,c0c43f5486b438d9904bb559fa5464ed46f494ae36a89fca9ae2b87bc1dc2414,00080000600000000c2b000042000000,,,,,False,,,,,,,,,,False,False
/a/0/6/5,/a/0/6/5!/member_00226,0,/a/0/6/5,194,226,,6992796,7002010,6987336,6996550,9214,422531aa161b497ea1ed68011c6c66c22b70b9868f74ad08deff33ac2a863774,0008000090000000181b000042000000,,,,,False,,,,,,,,,,False,False
/a/0/6/5,/a/0/6/5!/member_00227,0,/a/0/6/5,194,227,,7002012,7030482,6996552,7025022,28470,8863fbb06e77a977b6c1939922d710d61f7a45d5ed337c8bd793b644cff41068,0008000030030000b063000042000000,,,,,False,,,,,,,,,,False,False
/a/0/6/5,/a/0/6/5!/member_00228,0,/a/0/6/5,194,228,,7030484,7044940,7025024,7039480,14456,71338fb672b1e7059a115236bf2b0cf0dfaca038c45a82a8abea4aa2ac9c303c,00080000a0020000d82b0000ec010000,,,,,False,,,,,,,,,,False,False
/a/0/6/5,/a/0/6/5!/member_00229,0,/a/0/6/5,194,229,,7044940,7057252,7039480,7051792,12312,4dcdcbc3d9422e65c7cd1eaed749c86b2ea380b866edc163abf9afb88989b1c0,00080000c000000068260000dc000000,,,,,False,,,,,,,,,,False,False
/a/0/6/5,/a/0/6/5!/member_00230,0,/a/0/6/5,194,230,,7057252,7068516,7051792,7063056,11264,4ad97425bd7341c17accb2e118a7fc22bcf722f469a2b11c4c641e032409c79e,0008000060000000a0220000ec000000,,,,,False,,,,,,,,,,False,False
/a/0/6/5,/a/0/6/5!/member_00231,0,/a/0/6/5,194,231,,7068516,7112578,7063056,7107118,44062,71906148b71726638e1d5513337ad1c4de71e20fc9ab980e6979f43fa1183517,0008000000000000c8a3000042000000,,,,,False,,,,,,,,,,False,False
/a/0/6/5,/a/0/6/5!/member_00232,0,/a/0/6/5,194,232,,7112580,7129638,7107120,7124178,17058,6198293733a7c670c934e56cfd6da2e7fdab5d10f5156153ac7eb042ee406976,00080000c00000008c39000042000000,,,,,False,,,,,,,,,,False,False
/a/0/6/5,/a/0/6/5!/member_00233,0,/a/0/6/5,194,233,,7129640,7149206,7124180,7143746,19566,d8fbaa3fbda538f819121a7672d1a555a95fde91bae4eb20e4b0426bc1f8aad4,00080000e00100002842000042000000,,,,,False,,,,,,,,,,False,False
/a/0/6/5,/a/0/6/5!/member_00234,0,/a/0/6/5,194,234,,7149208,7157638,7143748,7152178,8430,4e5c79b2a7a864b84b8236be78299778443cc42f42352848b2777d56b3026ea0,00080000c0000000d817000042000000,,,,,False,,,,,,,,,,False,False
/a/0/6/5,/a/0/6/5!/member_00235,0,/a/0/6/5,194,235,,7157640,7170680,7152180,7165220,13040,b3e0a5640fd24676afb192bd64099a5b3c45972fcd23ae784c868de5618f21ca,00080000c000000030290000ec000000,,,,,False,,,,,,,,,,False,False
/a/0/6/5,/a/0/6/5!/member_00236,0,/a/0/6/5,194,236,,7170680,7184514,7165220,7179054,13834,dea76c89d33ce306bd540563374bad9eeebfaa99a57b0195ecf25f94a5ac6804,00080000c0000000ec2c000042000000,,,,,False,,,,,,,,,,False,False
/a/0/6/5,/a/0/6/5!/member_00237,0,/a/0/6/5,194,237,,7184516,7207038,7179056,7201578,22522,012793057d822e06e9c30f8f5fef09103c56555090216e0bc45fc35a3cc3fa8f,0008000090000000144f000042000000,,,,,False,,,,,,,,,,False,False
/a/0/6/5,/a/0/6/5!/member_00238,0,/a/0/6/5,194,238,,7207040,7221922,7201580,7216462,14882,5bf16c2188ac1a008ffad59fd6a2e39b7bf6b7937dfc1f43f5cb57c3a34cb79c,0008000020010000ac30000042000000,,,,,False,,,,,,,,,,False,False
/a/0/6/5,/a/0/6/5!/member_00239,0,/a/0/6/5,194,239,,7221924,7234526,7216464,7229066,12602,25385caa05c038051e841edb53fde0e1fe68f294a34e619db237ce7210a1358b,0008000010020000d426000042000000,,,,,False,,,,,,,,,,False,False
/a/0/6/5,/a/0/6/5!/member_00240,0,/a/0/6/5,194,240,,7234528,7278590,7229068,7273130,44062,5cf6f516cdf233b50bf1039b053574911e0d67f4ec31603011d2099822da610e,0008000000000000c8a3000042000000,,,,,False,,,,,,,,,,False,False
/a/0/6/5,/a/0/6/5!/member_00241,0,/a/0/6/5,194,241,,7278592,7336498,7273132,7331038,57906,8f9e3dfa393cc67f3132c65cb354d96d241cb5cb2a3e64e34f622f7b0848d3c2,000800007002000008d40000a6030000,,,,,False,,,,,,,,,,False,False
/a/0/6/5,/a/0/6/5!/member_00242,0,/a/0/6/5,194,242,,7336500,7346438,7331040,7340978,9938,3743889efc4a3b07f9694bcd02fd3fcc7cea23d749266fb7297024b4674358c5,00080000c0000000bc1d000042000000,,,,,False,,,,,,,,,,False,False
/a/0/6/5,/a/0/6/5!/member_00243,0,/a/0/6/5,194,243,,7346440,7355566,7340980,7350106,9126,320642e0f030a3d9c095b4d6bd1b210bd6ea5b584faf76663a2e2ecfcf8f7380,00080000c0000000901a000042000000,,,,,False,,,,,,,,,,False,False
/a/0/6/5,/a/0/6/5!/member_00244,0,/a/0/6/5,194,244,,7355568,7365666,7350108,7360206,10098,daea9e2c6472f86e1ddac4d686ffd1c3b05c9ce4ef19128823f9697073523f1f,00080000d00200004c1c000042000000,,,,,False,,,,,,,,,,False,False
/a/0/6/5,/a/0/6/5!/member_00245,0,/a/0/6/5,194,245,,7365668,7385500,7360208,7380040,19832,502beff40c58fbd09854669daa65742b996c6ff45dd83e9800b220fc62a3868d,0008000050040000e03f000034010000,,,,,False,,,,,,,,,,False,False
/a/0/6/5,/a/0/6/5!/member_00246,0,/a/0/6/5,194,246,,7385500,7441558,7380040,7436098,56058,9cdcfddf5e01a28db977d31aad4191ab71cfc53daf20c5feacf0f276c4139d6d,00080000c000000060d10000c6000000,,,,,False,,,,,,,,,,False,False
/a/0/6/5,/a/0/6/5!/member_00247,0,/a/0/6/5,194,247,,7441560,7447818,7436100,7442358,6258,e9ba7a652d8cd0ab8cbd97c60a7be06f79cf59ae6b426cbc2057746a172ff383,00080000500100004c0e0000c2000000,,,,,False,,,,,,,,,,False,False
/a/0/6/5,/a/0/6/5!/member_00248,0,/a/0/6/5,194,248,,7447820,7502214,7442360,7496754,54394,9a7d9f09b049c932b610848ee083df5f8453b7af904503dbe1dd5bfe29b51067,000800002001000004cb000042000000,,,,,False,,,,,,,,,,False,False
/a/0/6/5,/a/0/6/5!/member_00249,0,/a/0/6/5,194,249,,7502216,7504874,7496756,7499414,2658,92aee4e4b51ced51cb7f4676d96e6b0e15a1e89fb432cc60f49bd45d8ef74210,0008000030000000dc01000042000000,,,,,False,,,,,,,,,,False,False
/a/0/6/5,/a/0/6/5!/member_00250,0,/a/0/6/5,194,250,,7504876,7548526,7499416,7543066,43650,dee564b700bfa16542b88034722a59bea0630b8dc4ab4b0959819a7f01505472,000800001005000060940000fe080000,,,,,False,,,,,,,,,,False,False
/a/0/6/5,/a/0/6/5!/member_00251,0,/a/0/6/5,194,251,,7548528,7574766,7543068,7569306,26238,6a73941ce21df500ecfa629f054b8ade27b8b661488bc23055a98df273d33e58,00080000c0000000685d000042000000,,,,,False,,,,,,,,,,False,False
/a/0/6/5,/a/0/6/5!/member_00252,0,/a/0/6/5,194,252,,7574768,7591598,7569308,7586138,16830,91628561b3b7d73b77c3ead5a0fb97e8b1af6e9c3d6419ed578437201f02091c,00080000200100004838000042000000,,,,,False,,,,,,,,,,False,False
/a/0/6/5,/a/0/6/5!/member_00253,0,/a/0/6/5,194,253,,7591600,7613382,7586140,7607922,21782,e48edb43aa61b9984aab5d8f9aec458cdc41ec91399072157af25ba0594706c7,0008000060000000604c000042000000,,,,,False,,,,,,,,,,False,False
/a/0/6/5,/a/0/6/5!/member_00254,0,/a/0/6/5,194,254,,7613384,7648190,7607924,7642730,34806,e0f87dde76d2e8a1dcee1f693ca93fdb8b7ed32a755bb6b616c5a52e65df8473,0008000020010000187b00006a030000,,,,,False,,,,,,,,,,False,False
/a/0/6/5,/a/0/6/5!/member_00255,0,/a/0/6/5,194,255,,7648192,7659730,7642732,7654270,11538,f2cca0e1c29dd57ad1180b444e2ce293ffc54b574cfc10780fee7a4cdbb7e148,00080000c0000000cc20000072030000,,,,,False,,,,,,,,,,False,False
/a/0/6/5,/a/0/6/5!/member_00256,0,/a/0/6/5,194,256,,7659732,7687854,7654272,7682394,28122,5db1d1532152486ebbfa2e88ae00ab9a550719380f603527d08c529315de7bc2,00080000300000003465000042000000,,,,,False,,,,,,,,,,False,False
/a/0/6/5,/a/0/6/5!/member_00257,0,/a/0/6/5,194,257,,7687856,7696626,7682396,7691166,8770,94e849cdc0444bbb0d312a9bf099afd231f037cf295c8ee9f7d566b2d3b19f56,0008000010020000dc17000042000000,,,,,False,,,,,,,,,,False,False
/a/0/6/5,/a/0/6/5!/member_00258,0,/a/0/6/5,194,258,,7696628,7702714,7691168,7697254,6086,1d809e11fcb07a033b6d886a4a7416a92c069ad994c5df3fd1230a1aa42b0f3f,00080000b0040000c00a000042000000,,,,,False,,,,,,,,,,False,False
/a/0/6/5,/a/0/6/5!/member_00259,0,/a/0/6/5,194,259,,7702716,7713258,7697256,7707798,10542,d0a1f9fcdf11ceaf581a25639fe14800ce0fca1ed11edf790889491617c101ff,0008000040020000981e000042000000,,,,,False,,,,,,,,,,False,False
/a/0/6/5,/a/0/6/5!/member_00260,0,/a/0/6/5,194,260,,7713260,7748490,7707800,7743030,35230,78eb21604349e7e51a0a4d4ee9025ea5174b6ea1dd15cfd58e9c6748a3168fa9,00080000300000009080000042000000,,,,,False,,,,,,,,,,False,False
/a/0/6/5,/a/0/6/5!/member_00261,0,/a/0/6/5,194,261,,7748492,7769914,7743032,7764454,21422,1eeedfe4bc32b9dae863fc818e1b30c695b7fddc2bfe7aec2529ec8df7b41f2e,00080000c0000000604a000042000000,,,,,False,,,,,,,,,,False,False
/a/0/6/5,/a/0/6/5!/member_00262,0,/a/0/6/5,194,262,,7769916,7791610,7764456,7786150,21694,d42570297afafd5b9545bc80f22af478c5c5d770c521ad75ce6fbc0edc5125a5,0008000030000000384c000042000000,,,,,False,,,,,,,,,,False,False
/a/0/6/5,/a/0/6/5!/member_00263,0,/a/0/6/5,194,263,,7791612,7809200,7786152,7803740,17588,201b9b724e2708d421f672c9c01b44607db273547a9bbd233eea5aea433b7a65,0008000020040000dc370000a4000000,,,,,False,,,,,,,,,,False,False
/a/0/6/5,/a/0/6/5!/member_00264,0,/a/0/6/5,194,264,,7809200,7849854,7803740,7844394,40654,438fd4880f712640d3bb6d7c95cc10d498b73d8cce19893a575a504e8b9b7b02,0008000000000000409200007a040000,,,,,False,,,,,,,,,,False,False
/a/0/6/5,/a/0/6/5!/member_00265,0,/a/0/6/5,194,265,,7849856,7872684,7844396,7867224,22828,bb1e60be1cab3e121c979c8e1e863de432aa094dd44ae1e5eb67a0350217233d,00080000b0040000784a0000f0010000,,,,,False,,,,,,,,,,False,False
/a/0/6/5,/a/0/6/5!/member_00266,0,/a/0/6/5,194,266,,7872684,7895852,7867224,7890392,23168,5297f9fdfaa0b998039b0e469b5ca5faa53bca4b768bdd8031e0583f04f5d6fb,00080000c0030000c44c0000e8010000,,,,,False,,,,,,,,,,False,False
/a/0/6/5,/a/0/6/5!/member_00267,0,/a/0/6/5,194,267,,7895852,7917940,7890392,7912480,22088,a26c3cdab01eb55650d4a588d3fdfd43a4a645b86d1367a3e888027d9207f51d,0008000070050000dc460000e8010000,,,,,False,,,,,,,,,,False,False
/a/0/6/5,/a/0/6/5!/member_00268,0,/a/0/6/5,194,268,,7917940,7939836,7912480,7934376,21896,68c9ffc48e6e82a11446cf35bd340cf754a2785fa5ffb35048aa0a2dded9c1dc,00080000b0040000dc460000e8010000,,,,,False,,,,,,,,,,False,False
/a/0/6/5,/a/0/6/5!/member_00269,0,/a/0/6/5,194,269,,7939836,7961736,7934376,7956276,21900,d53ab2f5b634eb96583efde4b5d1360ba7c7e82c4a46630c2cf02e6da0d4e59b,00080000b0040000e0460000e8010000,,,,,False,,,,,,,,,,False,False
/a/0/6/5,/a/0/6/5!/member_00270,0,/a/0/6/5,194,270,,7961736,7990988,7956276,7985528,29252,02bb7b83c7f97d3c494dd7072153f45178c3a98bfbeb7c2cac90a41cc7a62ce5,00080000a0050000a0620000f0010000,,,,,False,,,,,,,,,,False,False
/a/0/6/5,/a/0/6/5!/member_00271,0,/a/0/6/5,194,271,,7990988,7997274,7985528,7991814,6286,b3c3f9bca21244877f0f7da44b68e7bab2e7d4c4f23818a779e070a595e0aaad,00080000a0020000980d000042000000,,,,,False,,,,,,,,,,False,False
/a/0/6/5,/a/0/6/5!/member_00272,0,/a/0/6/5,194,272,,7997276,8006022,7991816,8000562,8746,1ffc316ca0d720fd220e898b3c34b19e7fb43987b51d46449611f59ae88c4b5c,0008000000030000d416000042000000,,,,,False,,,,,,,,,,False,False
/a/0/6/5,/a/0/6/5!/member_00273,0,/a/0/6/5,194,273,,8006024,8016178,8000564,8010718,10154,812d74565e9fa7c1113cfc1649ea573fc2b3f60d87b806a97d4fde34d5fc6fa8,00080000d0020000841c000042000000,,,,,False,,,,,,,,,,False,False
/a/0/6/5,/a/0/6/5!/member_00274,0,/a/0/6/5,194,274,,8016180,8026738,8010720,8021278,10558,0fb99f6cdcb8ff9f9321be4b57eaf0cbf61c092502456c91254deb51a8a11618,0008000040020000a81e000042000000,,,,,False,,,,,,,,,,False,False
/a/0/6/5,/a/0/6/5!/member_00275,0,/a/0/6/5,194,275,,8026740,8037402,8021280,8031942,10662,de856d862d5a047225128b1dc07326bed82ed28f44c72ea9e88efaf398ffc006,0008000040020000101f000042000000,,,,,False,,,,,,,,,,False,False
/a/0/6/5,/a/0/6/5!/member_00276,0,/a/0/6/5,194,276,,8037404,8045318,8031944,8039858,7914,661061a30dbfb3ac5dfa0704579a0637c521d60cc2084efa42e037f753f6573f,00080000800400001412000042000000,,,,,False,,,,,,,,,,False,False
/a/0/6/5,/a/0/6/5!/member_00277,0,/a/0/6/5,194,277,,8045320,8052638,8039860,8047178,7318,a129720370af118da779c1a2ef504f7d17329a341a083098e1c8a4fca19080df,00080000f00000005013000042000000,,,,,False,,,,,,,,,,False,False
/a/0/6/5,/a/0/6/5!/member_00278,0,/a/0/6/5,194,278,,8052640,8059130,8047180,8053670,6490,04a99b40bc1499ddc675bacf24b0d8219842e86b20e8245386815cc6df126c4f,0008000040020000c40e000042000000,,,,,False,,,,,,,,,,False,False
/a/0/6/5,/a/0/6/5!/member_00279,0,/a/0/6/5,194,279,,8059132,8072166,8053672,8066706,13034,46d3fa8c978da7596fd74af1d51f8e5516a1cf76ae60dd2c52f53d24db8d6b36,0008000090000000042a000042000000,,,,,False,,,,,,,,,,False,False
/a/0/6/5,/a/0/6/5!/member_00280,0,/a/0/6/5,194,280,,8072168,8081376,8066708,8075916,9208,5072d2aa4efc6b4ba23aa805aa11d3e876faf7465414e69ac8b9404a74072477,0008000090000000f81a00005c000000,,,,,False,,,,,,,,,,False,False
/a/0/6/5,/a/0/6/5!/member_00281,0,/a/0/6/5,194,281,,8081376,8111920,8075916,8106460,30544,e346dbad1bb23f84f9d8bc34bbeae422595a1cadadc66d3df38b23ea70e38979,00080000300000001c6e0000f0000000,,,,,False,,,,,,,,,,False,False
/a/0/6/5,/a/0/6/5!/member_00282,0,/a/0/6/5,194,282,,8111920,8154984,8106460,8149524,43064,4eff67da329b5653a1136da210e087e7510cd21d32f1848e8dd32bce9fa90b79,00080000e0010000149c000030020000,,,,,False,,,,,,,,,,False,False
/a/0/6/5,/a/0/6/5!/member_00283,0,/a/0/6/5,194,283,,8154984,8157702,8149524,8152242,2718,c57e586241ad53bf54f63a47c1e783ba328254ff810695553b9345dcc284abcd,0008000000000000a0010000ea000000,,,,,False,,,,,,,,,,False,False
/a/0/6/5,/a/0/6/5!/member_00284,0,/a/0/6/5,194,284,,8157704,8189544,8152244,8184084,31840,f39f4952a6e4285e77a78b7bb7caab96b9127b9aa86d196bc66fec943d1ca47f,0008000000000000206e000024060000,,,,,False,,,,,,,,,,False,False
/a/0/6/5,/a/0/6/5!/member_00285,0,/a/0/6/5,194,285,,8189544,8192738,8184084,8187278,3194,7aac7d6ce8926e4a4c6c847e3b994e703a5180fb54875dd73d2dc633aaac1cb2,0008000000000000a0010000be020000,,,,,False,,,,,,,,,,False,False
/a/0/6/5,/a/0/6/5!/member_00286,0,/a/0/6/5,194,286,,8192740,8198854,8187280,8193394,6114,f1b4fc2ed90b306d1106ca27fcfa87def2ecf5ecd738a8bda112a3f3be6da395,0008000030000000a00d0000f6010000,,,,,False,,,,,,,,,,False,False
/a/0/6/5,/a/0/6/5!/member_00287,0,/a/0/6/5,194,287,,8198856,8214818,8193396,8209358,15962,a84129144937769a4f5dd4e06b6ec179574a22ac7fc28167b4539951a3bdfa43,0008000030000000fc2e00001a070000,,,,,False,,,,,,,,,,False,False
/a/0/6/5,/a/0/6/5!/member_00288,0,/a/0/6/5,194,288,,8214820,8228094,8209360,8222634,13274,0ec3bc961fcaa8de70e1077d340cf2eb2d55826f55a5ced60fd894cb897eb6f1,0008000000000000a426000022050000,,,,,False,,,,,,,,,,False,False
/a/0/6/5,/a/0/6/5!/member_00289,0,/a/0/6/5,194,289,,8228096,8241678,8222636,8236218,13582,f107cbad1d9cd75da95699d6993ae52f4a3ca771f71f686b41ac3741bf299898,0008000000000000d828000022040000,,,,,False,,,,,,,,,,False,False
/a/0/6/5,/a/0/6/5!/member_00290,0,/a/0/6/5,194,290,,8241680,8259946,8236220,8254486,18266,313ea29c17aec442e4e6e5693b044f9b9faadc99725fe050932b501b27cad11a,00080000000000002c3600001a090000,,,,,False,,,,,,,,,,False,False
/a/0/6/5,/a/0/6/5!/member_00291,0,/a/0/6/5,194,291,,8259948,8289414,8254488,8283954,29466,3170ae31051b0d661aa0d50031ba1257764000db8a3e03d68299da7a061836f4,0008000060000000386200006e080000,,,,,False,,,,,,,,,,False,False
/a/0/6/5,/a/0/6/5!/member_00292,0,/a/0/6/5,194,292,,8289416,8322558,8283956,8317098,33142,ac5763bd13dcd5c4c03e85dca0adba9c445340cff90e4caeb8d3fe60aa526389,0008000000000000c86f00009a090000,,,,,False,,,,,,,,,,False,False
/a/0/6/5,/a/0/6/5!/member_00293,0,/a/0/6/5,194,293,,8322560,8356126,8317100,8350666,33566,4997de412fae4c785a9b880e34c5041349d58a62b936d3ad2537c121c763c999,00080000300000006c7200006e080000,,,,,False,,,,,,,,,,False,False
/a/0/6/5,/a/0/6/5!/member_00294,0,/a/0/6/5,194,294,,8356128,8389406,8350668,8383946,33278,b75061587720052d50fa27d932de5bcc9eab2a0806be4b191a7f5d481d873f38,00080000300000004c7100006e080000,,,,,False,,,,,,,,,,False,False
/a/0/6/5,/a/0/6/5!/member_00295,0,/a/0/6/5,194,295,,8389408,8416442,8383948,8410982,27034,75c8060d319dbcb4ad0f5838c5f182e94d5243dc0d848067db79fc0161349601,0008000030000000885c0000ce040000,,,,,False,,,,,,,,,,False,False
/a/0/6/5,/a/0/6/5!/member_00296,0,/a/0/6/5,194,296,,8416444,8454850,8410984,8449390,38406,cfe7eb875e2bc99288909ed903713a5b1470f7057fcd40b34ab5b2f7133eb4e1,00080000300000002c89000096040000,,,,,False,,,,,,,,,,False,False
/a/0/6/5,/a/0/6/5!/member_00297,0,/a/0/6/5,194,297,,8454852,8507268,8449392,8501808,52416,9da3495de9b37584d548e08b538c510a0e5b6ce205670d59c2862f569e3368e2,00080000c000000020c100009c020000,,,,,False,,,,,,,,,,False,False
/a/0/6/5,/a/0/6/5!/member_00298,0,/a/0/6/5,194,298,,8507268,8511582,8501808,8506122,4314,2764ca3b0960a8ef3960ef437e606dbb0452e089999f4dd5baa8fe0699d850cf,00080000000000008408000042000000,,,,,False,,,,,,,,,,False,False
/a/0/6/5,/a/0/6/5!/member_00299,0,/a/0/6/5,194,299,,8511584,8535170,8506124,8529710,23586,255dcfa9105287dcfe6dbb324b371f5cc29232822960e28ab3f7e533a3031951,00080000b001000098510000c6000000,,,,,False,,,,,,,,,,False,False
/a/0/6/5,/a/0/6/5!/member_00300,0,/a/0/6/5,194,300,,8535172,8558122,8529712,8552662,22950,3210148e9f6f7475bab86e75e34e87f9aa684672ff0874a2e2ea8914f138765f,0008000060000000e050000042000000,,,,,False,,,,,,,,,,False,False
/a/0/6/5,/a/0/6/5!/member_00301,0,/a/0/6/5,194,301,,8558124,8577616,8552664,8572156,19492,1c56d5536fca1a246a4da13a6680e8b32a687232f3666c1050a52e881f2f1fcc,00080000a002000094400000dc000000,,,,,False,,,,,,,,,,False,False
/a/0/6/5,/a/0/6/5!/member_00302,0,/a/0/6/5,194,302,,8577616,8617718,8572156,8612258,40102,908cde58ed31a76368c0bd788000c0dd87ee6d0de655cb84cae12cc62a409c06,0008000000000000049200008e020000,,,,,False,,,,,,,,,,False,False
/a/0/6/5,/a/0/6/5!/member_00303,0,/a/0/6/5,194,303,,8617720,8640398,8612260,8634938,22678,dade7e632a0a761b38bf7a6d9e3703678ed61ef99e6249d56bde4035496a0cd9,0008000060030000084b00001a020000,,,,,False,,,,,,,,,,False,False
/a/0/6/5,/a/0/6/5!/member_00304,0,/a/0/6/5,194,304,,8640400,8651162,8634940,8645702,10762,49d4211491d71c1b9fee1d301341287294ac097326e8f306da8873f81f8d747a,0008000010020000281f0000be000000,,,,,False,,,,,,,,,,False,False
/a/0/6/5,/a/0/6/5!/member_00305,0,/a/0/6/5,194,305,,8651164,8663546,8645704,8658086,12382,c09d37face7a882be0aa8504c19aee898f431a1b48d2c70773fa112cc18ce373,00080000e00100002425000046010000,,,,,False,,,,,,,,,,False,False
/a/0/6/5,/a/0/6/5!/member_00306,0,/a/0/6/5,194,306,,8663548,8672070,8658088,8666610,8522,e01bfea50a2a2fd4f0b90aea10939ba05fa6e06405da5eb81e029ccabaaee5de,0008000030000000c418000042000000,,,,,False,,,,,,,,,,False,False
/a/0/6/5,/a/0/6/5!/member_00307,0,/a/0/6/5,194,307,,8672072,8681726,8666612,8676266,9654,5c69a8877078c23d7f442e00c48dc973589b540d9d5aaaf96d08c941c9351edb,00080000e0010000801b000042000000,,,,,False,,,,,,,,,,False,False
/a/0/6/5,/a/0/6/5!/member_00308,0,/a/0/6/5,194,308,,8681728,8713714,8676268,8708254,31986,c717a7086b4a31cd475f6c7ebc426864f4e0eea4b24f64ca79168ee0c70a8ee8,00080000f0000000ac73000042000000,,,,,False,,,,,,,,,,False,False
/a/0/6/5,/a/0/6/5!/member_00309,0,/a/0/6/5,194,309,,8713716,8735070,8708256,8729610,21354,eb0d3a8fbf6b30f358d3bbf00012e0ff58ccbacf24306679e3eeef386691622f,00080000b00100006449000042000000,,,,,False,,,,,,,,,,False,False
/a/0/6/5,/a/0/6/5!/member_00310,0,/a/0/6/5,194,310,,8735072,8747314,8729612,8741854,12242,f8d24e7aa073a85da571a8e5b030ec03a60244cee5b7678edb8260d4f6575920,00080000f00000008c26000042000000,,,,,False,,,,,,,,,,False,False
/a/0/6/5,/a/0/6/5!/member_00311,0,/a/0/6/5,194,311,,8747316,8802522,8741856,8797062,55206,3bf88482417427818d165427d666cb03058c38b811b0c49519d0621a316cdf9a,00080000c000000034cc00007e020000,,,,,False,,,,,,,,,,False,False
/a/0/6/5,/a/0/6/5!/member_00312,0,/a/0/6/5,194,312,,8802524,8806974,8797064,8801514,4450,510d1fe0920ed5196cdcd971ea90e84ec5e116a061da98e3f8afdff2711a68b0,00080000000000000c09000042000000,,,,,False,,,,,,,,,,False,False
/a/0/6/5,/a/0/6/5!/member_00313,0,/a/0/6/5,194,313,,8806976,8847690,8801516,8842230,40714,24b4168a0f09692b949d9060f68edf32eafe3ea1a268227cf117bd5c7f39c0ad,00080000f0000000b495000042000000,,,,,False,,,,,,,,,,False,False
/a/0/6/5,/a/0/6/5!/member_00314,0,/a/0/6/5,194,314,,8847692,8880084,8842232,8874624,32392,d5b7ba575a2497ebae7d7b5cf79b3a519784bed5e5863b875b898202f6e86bc1,00080000c00000003c680000780d0000,,,,,False,,,,,,,,,,False,False
/a/0/6/5,/a/0/6/5!/member_00315,0,/a/0/6/5,194,315,,8880084,8902532,8874624,8897072,22448,489fa173d90055f24c318af160e14b78fda975fb68920b3b6f9b7b41dc3b2430,00080000c0000000284c000094020000,,,,,False,,,,,,,,,,False,False
/a/0/6/5,/a/0/6/5!/member_00316,0,/a/0/6/5,194,316,,8902532,8937940,8897072,8932480,35408,be26ccb172cec0563da38174be016523cde0bece24ae64c2c38727a2302011e2,00080000c000000058760000240b0000,,,,,False,,,,,,,,,,False,False
/a/0/6/5,/a/0/6/5!/member_00317,0,/a/0/6/5,194,317,,8937940,8950954,8932480,8945494,13014,4e8e6e22b3244670ec8c41da96bb72afa650f4a9caebe275d88b0239721fd74d,0008000090000000f029000042000000,,,,,False,,,,,,,,,,False,False
/a/0/6/5,/a/0/6/5!/member_00318,0,/a/0/6/5,194,318,,8950956,9014746,8945496,9009286,63790,52d73bc7e81cac1b5778510e6326c41dbf38fc0fee419d97a6ac49414321111b,0008000090000000ecef00009e000000,,,,,False,,,,,,,,,,False,False
/a/0/6/5,/a/0/6/5!/member_00319,0,/a/0/6/5,194,319,,9014748,9037042,9009288,9031582,22294,36aad4a501cf099f7ac975c38df24bbc44151a1695fc9dbda1da5ae09565dce6,0008000000000000e44700001e070000,,,,,False,,,,,,,,,,False,False
/a/0/6/5,/a/0/6/5!/member_00320,0,/a/0/6/5,194,320,,9037044,9056190,9031584,9050730,19146,689e06882e0fe2b72322f2f3629b6bb4f112e23aa63f3de8bc462c3da614a20d,00080000a0050000d43c000042000000,,,,,False,,,,,,,,,,False,False
/a/0/6/5,/a/0/6/5!/member_00321,0,/a/0/6/5,194,321,,9056192,9064570,9050732,9059110,8378,fe7393fb995bfa25d4cad8da104c5f6c16fa579c997820506d0e088dbf0c83e5,00080000600000000418000042000000,,,,,False,,,,,,,,,,False,False
/a/0/6/5,/a/0/6/5!/member_00322,0,/a/0/6/5,194,322,,9064572,9079670,9059112,9074210,15098,1d54a8feca0f7b77d7f54e8f83ffc0f53b90253cf0e762b955af6e473d426407,00080000e00100005c2f0000aa010000,,,,,False,,,,,,,,,,False,False
/a/0/6/5,/a/0/6/5!/member_00323,0,/a/0/6/5,194,323,,9079672,9095386,9074212,9089926,15714,beee5f5faa53ff699a08153c73a62c27f5eeca552e46b5ff02c8d54d78ec0149,000800007002000004300000da020000,,,,,False,,,,,,,,,,False,False
/a/0/6/5,/a/0/6/5!/member_00324,0,/a/0/6/5,194,324,,9095388,9112606,9089928,9107146,17218,5cbb27b27fde51157e2277e1bb378fb0dc2f6d78ba00af54c4a8b10723b3930c,000800001002000044360000da020000,,,,,False,,,,,,,,,,False,False
/a/0/6/5,/a/0/6/5!/member_00325,0,/a/0/6/5,194,325,,9112608,9127560,9107148,9122100,14952,269909701986b9667a74b125e75e626cd7b4efb6f156424ff1980667d8e64abd,00080000a0020000902b000024040000,,,,,False,,,,,,,,,,False,False
/a/0/6/5,/a/0/6/5!/member_00326,0,/a/0/6/5,194,326,,9127560,9144576,9122100,9139116,17016,c386a461c666b840a769e1a9453a025cbcf30aa1608f7007ca289966f356f924,00080000100200006c340000e8030000,,,,,False,,,,,,,,,,False,False
/a/0/6/5,/a/0/6/5!/member_00327,0,/a/0/6/5,194,327,,9144576,9158302,9139116,9152842,13726,a52ea11d9cc9ddc78739f8d9ac8746d6f3b2462e631532202391db2c274e7887,0008000030030000e02600007a030000,,,,,False,,,,,,,,,,False,False
/a/0/6/5,/a/0/6/5!/member_00328,0,/a/0/6/5,194,328,,9158304,9173526,9152844,9168066,15222,2ca3e70a83b4d433289be9b62da047a2cd6d85122946d4954a04aee1b36aa818,000800002001000070310000d2000000,,,,,False,,,,,,,,,,False,False
/a/0/6/5,/a/0/6/5!/member_00329,0,/a/0/6/5,194,329,,9173528,9188368,9168068,9182908,14840,931b466d71665ded1e04470e6ccc98c4d03637b4537f36f3dbb4980b58e8c10a,0008000070020000bc2e0000b8000000,,,,,False,,,,,,,,,,False,False
/a/0/6/5,/a/0/6/5!/member_00330,0,/a/0/6/5,194,330,,9188368,9212330,9182908,9206870,23962,98147c69f284d3134991e4abe6331cd11f2d9ac2912cde58c316fffb17aee249,00080000200100002454000042000000,,,,,False,,,,,,,,,,False,False
/a/0/6/5,/a/0/6/5!/member_00331,0,/a/0/6/5,194,331,,9212332,9240526,9206872,9235066,28194,387336974dabf03558054e34ce5169d9ce0e6edd776d6e9d13c1dc6dec39419a,00080000200100007464000042000000,,,,,False,,,,,,,,,,False,False
/a/0/6/5,/a/0/6/5!/member_00332,0,/a/0/6/5,194,332,,9240528,9247594,9235068,9242134,7066,94e383b8f6da86e012848c923e8c21cacfffda7d7b3214e66cc54528b3191a40,0008000070020000d410000042000000,,,,,False,,,,,,,,,,False,False
/a/0/6/5,/a/0/6/5!/member_00333,0,/a/0/6/5,194,333,,9247596,9261722,9242136,9256262,14126,f43de80c2aa60a11d1d7f3b5723414f91207533eb3e856611b98fb2242732968,0008000020010000b82d000042000000,,,,,False,,,,,,,,,,False,False
/a/0/6/5,/a/0/6/5!/member_00334,0,/a/0/6/5,194,334,,9261724,9288986,9256264,9283526,27262,6fd8af42ec795982bc9587aa3c5c97c597eab91dc190079d899d4b9699c95833,00080000d0020000d85e0000c2000000,,,,,False,,,,,,,,,,False,False
/a/0/6/5,/a/0/6/5!/member_00335,0,/a/0/6/5,194,335,,9288988,9300916,9283528,9295456,11928,402266b2b7194046f8600a1cb7d1739cee337aa30c40a064d1a6e058ad7b102f,0008000060000000b021000074040000,,,,,False,,,,,,,,,,False,False
/a/0/6/5,/a/0/6/5!/member_00336,0,/a/0/6/5,194,336,,9300916,9312830,9295456,9307370,11914,ff57d8c0db584620a140ff4029d94126430984ebb887f1a3d61bfd200d15b35e,0008000030000000901e0000b6070000,,,,,False,,,,,,,,,,False,False
/a/0/6/5,/a/0/6/5!/member_00337,0,/a/0/6/5,194,337,,9312832,9322012,9307372,9316552,9180,11459321aa287ed481282192e63eb69b3a3aa68818ea13508d914f201f28ca0b,0008000060000000e81a000068000000,,,,,False,,,,,,,,,,False,False
/a/0/6/5,/a/0/6/5!/member_00338,0,/a/0/6/5,194,338,,9322012,9332370,9316552,9326910,10358,6b0ce0bbae9e19239ef3d5917980bf5b991e8692924a4a444378ec6eec33c081,00080000a0020000801d000042000000,,,,,False,,,,,,,,,,False,False
/a/0/6/5,/a/0/6/5!/member_00339,0,/a/0/6/5,194,339,,9332372,9368878,9326912,9363418,36506,8d9c8c0c8d1869c022c4af3840759dfb8ffd03b27e3434c5128cf7320bf59951,00080000f00300005482000042000000,,,,,False,,,,,,,,,,False,False
/a/0/6/5,/a/0/6/5!/member_00340,0,/a/0/6/5,194,340,,9368880,9381222,9363420,9375762,12342,00215c53e90c36921e16c5decabfa04e845365ce8539e2d5d4f28879ca245d59,00080000c0000000282500003a020000,,,,,False,,,,,,,,,,False,False
/a/0/6/5,/a/0/6/5!/member_00341,0,/a/0/6/5,194,341,,9381224,9402998,9375764,9397538,21774,4116f349fbcb16db87e73d79f9d6de79d091cf20e709bc506b5f4745aa767d7a,0008000040020000f8480000c2010000,,,,,False,,,,,,,,,,False,False
/a/0/6/5,/a/0/6/5!/member_00342,0,/a/0/6/5,194,342,,9403000,9423574,9397540,9418114,20574,d7df626562325aeb64103c1c806c956b720b1eec254b3384d31961a52fe95751,00080000a00200005843000052020000,,,,,False,,,,,,,,,,False,False
/a/0/6/5,/a/0/6/5!/member_00343,0,/a/0/6/5,194,343,,9423576,9440996,9418116,9435536,17420,a7a5972116f5dc4c683ae9105c4d82c6cb43ebee4eb0e3b3361a757b09c7c10a,00080000f000000014390000f4010000,,,,,False,,,,,,,,,,False,False
/a/0/6/5,/a/0/6/5!/member_00344,0,/a/0/6/5,194,344,,9440996,9457442,9435536,9451982,16446,311341f52e55cda75ade3689bfba9b402ede8e8699321e07aca83474ab86723d,0008000040050000a832000042000000,,,,,False,,,,,,,,,,False,False
/a/0/6/5,/a/0/6/5!/member_00345,0,/a/0/6/5,194,345,,9457444,9465266,9451984,9459806,7822,7e73dae18684eea619a33a1bac0325f9f03527017fe6d9a71f8460434f8078fb,0008000060030000d812000042000000,,,,,False,,,,,,,,,,False,False
/a/0/6/5,/a/0/6/5!/member_00346,0,/a/0/6/5,194,346,,9465268,9474006,9459808,9468546,8738,fc7f74fabb65ac0a92b8befde75844b02382ed8bee89b07f8c9363db8a3feaed,00080000500400007c15000042000000,,,,,False,,,,,,,,,,False,False
/a/0/6/5,/a/0/6/5!/member_00347,0,/a/0/6/5,194,347,,9474008,9496072,9468548,9490612,22064,0954af87efc3237ec5166f37b13141ba1f6ddb18ccdf9ad0f5c70d03161467a8,00080000f00000008c4a000088020000,,,,,False,,,,,,,,,,False,False
/a/0/6/5,/a/0/6/5!/member_00348,0,/a/0/6/5,194,348,,9496072,9505418,9490612,9499958,9346,e2c7d35991c0d0873dca163cb21607493f8a48b05c0303449698782f895ab2a4,0008000060000000501b0000a6000000,,,,,False,,,,,,,,,,False,False
/a/0/6/5,/a/0/6/5!/member_00349,0,/a/0/6/5,194,349,,9505420,9523890,9499960,9518430,18470,7085f5cdaaf991dba718244ef3ed270148ab4b359aa80440867ed7e129bf9f05,00080000f0000000303e0000d2000000,,,,,False,,,,,,,,,,False,False
/a/0/6/5,/a/0/6/5!/member_00350,0,/a/0/6/5,194,350,,9523892,9572134,9518432,9566674,48242,1c03ebd811a224df1064600bc441c88cfe38ee3cadda90b5041adb23e04a3535,00080000c0000000ecac000032060000,,,,,False,,,,,,,,,,False,False
/a/0/6/5,/a/0/6/5!/member_00351,0,/a/0/6/5,194,351,,9572136,9592400,9566676,9586940,20264,cbddcfade3bbb374b59020f23c4690be06905d9bd7e30e7d920ca8ffc800e01d,00080000f000000048440000bc010000,,,,,False,,,,,,,,,,False,False
/a/0/6/5,/a/0/6/5!/member_00352,0,/a/0/6/5,194,352,,9592400,9596850,9586940,9591390,4450,bb8b917d24689eaa8c759cb8c401a6ac4f8c2311be07c4ef307cf9fa2ea1f034,00080000000000000c09000042000000,,,,,False,,,,,,,,,,False,False
/a/0/6/5,/a/0/6/5!/member_00353,0,/a/0/6/5,194,353,,9596852,9610152,9591392,9604692,13300,7476c1925a22eae39885220b8f5bd3813f0aa4e6c9e785ac3099ac01224743c0,0008000060000000fc2a000084000000,,,,,False,,,,,,,,,,False,False
/a/0/6/5,/a/0/6/5!/member_00354,0,/a/0/6/5,194,354,,9610152,9614646,9604692,9609186,4494,34e2de34161972e9890e0b9c19d7683d9533394f0ccaedc6c95df2d3414a1531,00080000000000003809000042000000,,,,,False,,,,,,,,,,False,False
/a/0/6/5,/a/0/6/5!/member_00355,0,/a/0/6/5,194,355,,9614648,9625678,9609188,9620218,11030,b71cbb364d4cba673300dfb68af0a81168f64207e4caa977280ba55970aedc60,00080000400200008020000042000000,,,,,False,,,,,,,,,,False,False
/a/0/6/5,/a/0/6/5!/member_00356,0,/a/0/6/5,194,356,,9625680,9662034,9620220,9656574,36354,1b0857dbdf6d86b04cdeab8cc17846dcf535f610e31d6cb4961665ae3ef46ef1,00080000b0010000fc83000042000000,,,,,False,,,,,,,,,,False,False
/a/0/6/5,/a/0/6/5!/member_00357,0,/a/0/6/5,194,357,,9662036,9696790,9656576,9691330,34754,98348051e68f5113908ffafe09f4d17d3efde3b0b1d62976f991af6238997c7e,00080000300000003c7f000042000000,,,,,False,,,,,,,,,,False,False
/a/0/6/5,/a/0/6/5!/member_00358,0,/a/0/6/5,194,358,,9696792,9747458,9691332,9741998,50666,863e963f2a00edfe0ad4f35e041c2cd7688e575eb5dbb43f3f84649dd40bd15c,000800001002000084bb000042000000,,,,,False,,,,,,,,,,False,False
/a/0/6/5,/a/0/6/5!/member_00359,0,/a/0/6/5,194,359,,9747460,9764274,9742000,9758814,16814,66ae8932676b7f2bd98006a280501f33cebb9e08380175218072b63f336e92ec,00080000b0010000803600006a010000,,,,,False,,,,,,,,,,False,False
/a/0/6/5,/a/0/6/5!/member_00360,0,/a/0/6/5,194,360,,9764276,9781222,9758816,9775762,16946,e0081043128be6e83ebfcae2d536eb0a6ae81c8686e6552d046abda5936bcb9b,000800007002000004370000aa000000,,,,,False,,,,,,,,,,False,False
/a/0/6/5,/a/0/6/5!/member_00361,0,/a/0/6/5,194,361,,9781224,9821892,9775764,9816432,40668,0528494fb1843344d4d601304b4dd1e1023de3eb52648656edf56770310290d5,00080000f00000004895000090000000,,,,,False,,,,,,,,,,False,False
/a/0/6/5,/a/0/6/5!/member_00362,0,/a/0/6/5,194,362,,9821892,9832494,9816432,9827034,10602,659a61d40166058854f9e55d2b9163efe1008fcba5e8e198d7d9a1c3190e6e05,0008000010020000881e0000be000000,,,,,False,,,,,,,,,,False,False
/a/0/6/5,/a/0/6/5!/member_00363,0,/a/0/6/5,194,363,,9832496,9841270,9827036,9835810,8774,859d8381fefe1fdd926abf4c72ca3737cb82a938c288e018efc5d015e5d0a444,0008000080010000f4170000be000000,,,,,False,,,,,,,,,,False,False
/a/0/6/5,/a/0/6/5!/member_00364,0,/a/0/6/5,194,364,,9841272,9852278,9835812,9846818,11006,c04c2a1832eb6aa2ba6954ac04456c06e81826b08e46845bc3025dd836f59c7a,00080000100200001c200000be000000,,,,,False,,,,,,,,,,False,False
/a/0/6/5,/a/0/6/5!/member_00365,0,/a/0/6/5,194,365,,9852280,9861102,9846820,9855642,8822,0b8faf1f26c1b5eee4f9906c8942ef7ddf16588681fb8584b57a4d55c183d139,000800008001000024180000be000000,,,,,False,,,,,,,,,,False,False
/a/0/6/5,/a/0/6/5!/member_00366,0,/a/0/6/5,194,366,,9861104,9870282,9855644,9864822,9178,3585a5ddc44322543d1e594baa94910df022feea14f092b191ba6463a198c8bc,0008000000030000a017000026010000,,,,,False,,,,,,,,,,False,False
/a/0/6/5,/a/0/6/5!/member_00367,0,/a/0/6/5,194,367,,9870284,9897758,9864824,9892298,27474,83d83c832794364f169630cf10ae5a351acd89e8b67d4e8ae1301b5477d25afb,00080000400500001c5c0000d2010000,,,,,False,,,,,,,,,,False,False
/a/0/6/5,/a/0/6/5!/member_00368,0,/a/0/6/5,194,368,,9897760,9907062,9892300,9901602,9302,d6db9abdf665691a8b731386ef78a1c63c8f93c0069cbbe3e73eb30a4550dd60,0008000000000000a81700009a040000,,,,,False,,,,,,,,,,False,False
/a/0/6/5,/a/0/6/5!/member_00369,0,/a/0/6/5,194,369,,9907064,9914666,9901604,9909206,7602,776fd71adc74d57a81ee1fd8790229f310bfbb34f14418c266222685bb8f8003,0008000020010000001300007e010000,,,,,False,,,,,,,,,,False,False
/a/0/6/5,/a/0/6/5!/member_00370,0,/a/0/6/5,194,370,,9914668,9940506,9909208,9935046,25838,e6b2bc01b8b3b8bc002a7718d8a5daf495126617890f87461660b0a18f995c2a,00080000c0000000d85b000042000000,,,,,False,,,,,,,,,,False,False
/a/0/6/5,/a/0/6/5!/member_00371,0,/a/0/6/5,194,371,,9940508,9948334,9935048,9942874,7826,0d8fff3ef111f19429af3fdeacb38f752a01925e9f72b7168f980aa5067231fa,0008000000000000a4150000da000000,,,,,False,,,,,,,,,,False,False
/a/0/6/5,/a/0/6/5!/member_00372,0,/a/0/6/5,194,372,,9948336,9955382,9942876,9949922,7046,ffdc479a7659ef7781e510803697a191d90672529f83728d01d307524b3f8069,0008000060000000d012000042000000,,,,,False,,,,,,,,,,False,False
/a/0/6/5,/a/0/6/5!/member_00373,0,/a/0/6/5,194,373,,9955384,9963190,9949924,9957730,7806,d32f3e1e9670060f87c2d733407891fa39bcb3b9b7d6f5c5dcd01f3544d91ac0,00080000100200001814000042000000,,,,,False,,,,,,,,,,False,False
/a/0/6/5,/a/0/6/5!/member_00374,0,/a/0/6/5,194,374,,9963192,9990360,9957732,9984900,27168,57274b7dccc1a9b1929e64e0bc1bba26e1dcf4b3b0ecf498fb6e292fa5c3c824,000800000000000048590000c4080000,,,,,False,,,,,,,,,,False,False
/a/0/6/5,/a/0/6/5!/member_00375,0,/a/0/6/5,194,375,,9990360,10002080,9984900,9996620,11720,890d6834bc0c52ffc476e79f3f2d217a094af2268041f89661a68fcdfbaf2420,0008000090000000f421000030030000,,,,,False,,,,,,,,,,False,False
/a/0/6/5,/a/0/6/5!/member_00376,0,/a/0/6/5,194,376,,10002080,10036778,9996620,10031318,34698,4053f15f987115d33b30bdbd2c9f59cb2300bedfcab1bf4cbb48b2702307bb64,000800005004000054790000d2010000,,,,,False,,,,,,,,,,False,False
/a/0/6/5,/a/0/6/5!/member_00377,0,/a/0/6/5,194,377,,10036780,10048466,10031320,10043006,11686,96adddce5da3442dcf5bda925b311838b75b5b901c98fcb548de771c553edce1,0008000090000000682200009a020000,,,,,False,,,,,,,,,,False,False
/a/0/6/5,/a/0/6/5!/member_00378,0,/a/0/6/5,194,378,,10048468,10059318,10043008,10053858,10850,f65f28fc1c312cd7a8c6c65c2d2e163132a133bafe7cf8b5e81d81ca0f62f428,00080000b00100005c20000042000000,,,,,False,,,,,,,,,,False,False
/a/0/6/5,/a/0/6/5!/member_00379,0,/a/0/6/5,194,379,,10059320,10079870,10053860,10074410,20550,829b1373931332bb9ca7d2083a560055c56a2e4dbef4c2016ed4858676968c4a,0008000000000000b84300007a040000,,,,,False,,,,,,,,,,False,False
/a/0/6/5,/a/0/6/5!/member_00380,0,/a/0/6/5,194,380,,10079872,10099598,10074412,10094138,19726,24237774ff56b899c35e26212e20832005a22beef9d83484eb68eadb21dd26dd,00080000000000006c4200008e020000,,,,,False,,,,,,,,,,False,False
/a/0/6/5,/a/0/6/5!/member_00381,0,/a/0/6/5,194,381,,10099600,10124998,10094140,10119538,25398,874b7c7611273dd2beaff7fb9b900b84f97ec052eebf7fcaed290ec2f1c7b096,00080000c0000000205a000042000000,,,,,False,,,,,,,,,,False,False
/a/0/6/5,/a/0/6/5!/member_00382,0,/a/0/6/5,194,382,,10125000,10131022,10119540,10125562,6022,471154602e993a40e1afa7ce4012a15cbaf334038944cf7668e0e30fa8bd5441,0008000080010000b00d000042000000,,,,,False,,,,,,,,,,False,False
/a/0/6/5,/a/0/6/5!/member_00383,0,/a/0/6/5,194,383,,10131024,10145602,10125564,10140142,14578,ec8d925268feed90400a1e500fb1ec14c5b87cfd30dcf9672427862183136280,0008000030000000f02d0000be020000,,,,,False,,,,,,,,,,False,False
/a/0/6/5,/a/0/6/5!/member_00384,0,/a/0/6/5,194,384,,10145604,10167450,10140144,10161990,21846,ea4e0f81c40024a228eb15d97cfb7e874d790064c2b8a8e3b4a7f41718e6e4db,0008000030000000bc46000056060000,,,,,False,,,,,,,,,,False,False
/a/0/6/5,/a/0/6/5!/member_00385,0,/a/0/6/5,194,385,,10167452,10210602,10161992,10205142,43150,f1231be94c407e9e7cae3ef14e59a43e313744d857fb21178773044c76bd6d70,0008000030000000ac9d00009e020000,,,,,False,,,,,,,,,,False,False
/a/0/6/5,/a/0/6/5!/member_00386,0,/a/0/6/5,194,386,,10210604,10216226,10205144,10210766,5622,3980305fbef0d04a653caae9f9617e597ac720f4e4496ceb7c1f3d2dcab1056a,0008000000000000a00d000042000000,,,,,False,,,,,,,,,,False,False
/a/0/6/5,/a/0/6/5!/member_00387,0,/a/0/6/5,194,387,,10216228,10234862,10210768,10229402,18634,a7080888a3be09fec488d868213696a698c9071b356d50ca9e1ef2fce2af0535,000800000000000000400000b6000000,,,,,False,,,,,,,,,,False,False
/a/0/6/5,/a/0/6/5!/member_00388,0,/a/0/6/5,194,388,,10234864,10252176,10229404,10246716,17312,a8d4dd30ec21ac2235ef7a6c53d81961ad89cb6a5f4dde45c310575f3d2332e0,00080000300000009c340000c0060000,,,,,False,,,,,,,,,,False,False
/a/0/6/5,/a/0/6/5!/member_00389,0,/a/0/6/5,194,389,,10252176,10280146,10246716,10274686,27970,35a37ced256a132bdc61b35c039a8c4034a9f47b610afe20b15b84d92e1c6c5f,0008000060000000285f0000a6050000,,,,,False,,,,,,,,,,False,False
/a/0/6/5,/a/0/6/5!/member_00390,0,/a/0/6/5,194,390,,10280148,10303140,10274688,10297680,22992,94ec1c0f510f13cddcdfc5e002aec553bffee556e378269432a971a3130bf7f8,0008000060000000c44c000098040000,,,,,False,,,,,,,,,,False,False
/a/0/6/5,/a/0/6/5!/member_00391,0,/a/0/6/5,194,391,,10303140,10342376,10297680,10336916,39236,a5636b76f9b825b015182acb01404207252aea51d58df784337d0d6b19e95c42,0008000090000000f08d000090020000,,,,,False,,,,,,,,,,False,False
/a/0/6/5,/a/0/6/5!/member_00392,0,/a/0/6/5,194,392,,10342376,10359920,10336916,10354460,17544,eab67ac0cf0b61b0d77f600bcc2672264730b8ad36c124506f7975258df22248,0008000000000000383b00003c010000,,,,,False,,,,,,,,,,False,False
/a/0/6/5,/a/0/6/5!/member_00393,0,/a/0/6/5,194,393,,10359920,10399110,10354460,10393650,39190,cb28263e63de09f9196f98ab2296e59b7d6959d1145f4edad09a9bb2d2274427,00080000c0000000ec8d000036020000,,,,,False,,,,,,,,,,False,False
/a/0/6/5,/a/0/6/5!/member_00394,0,/a/0/6/5,194,394,,10399112,10416612,10393652,10411152,17500,f0eee25480407c115be87f3c58d5dcd204e48a05c20398bc6701a8ef2ae89a35,00080000000000000c3b00003c010000,,,,,False,,,,,,,,,,False,False
/a/0/6/5,/a/0/6/5!/member_00395,0,/a/0/6/5,194,395,,10416612,10467214,10411152,10461754,50602,b9fbf7ec11cdda9ad275538d8441a0cffd63c2290c65da56eacccf8f47a19484,00080000c000000054b900003a030000,,,,,False,,,,,,,,,,False,False
/a/0/6/5,/a/0/6/5!/member_00396,0,/a/0/6/5,194,396,,10467216,10528008,10461756,10522548,60792,cc34de3b4cc543895ceda61bbf6859b4ebaa6cf91b1b5efb779a7e4ae9a3c2aa,00080000c000000088e00000ac030000,,,,,False,,,,,,,,,,False,False
/a/0/6/5,/a/0/6/5!/member_00397,0,/a/0/6/5,194,397,,10528008,10557774,10522548,10552314,29766,b4a40463a10254ff9e1f63a8898476ac2dfe0d34442c613d86de8eca96cfca90,0008000000000000f86900002a020000,,,,,False,,,,,,,,,,False,False
/a/0/6/5,/a/0/6/5!/member_00398,0,/a/0/6/5,194,398,,10557776,10588622,10552316,10583162,30846,c0840bc351afae23022344bb6e53d4c0c2323aba27ba086d98a5f519ddca7ae2,0008000000000000bc6e0000a6010000,,,,,False,,,,,,,,,,False,False
/a/0/6/5,/a/0/6/5!/member_00399,0,/a/0/6/5,194,399,,10588624,10620402,10583164,10614942,31778,fa416aa530bad76c78da5c4f890768cbf04db8256bac6eb4db86aa5288aa1dab,0008000090000000b8720000c6000000,,,,,False,,,,,,,,,,False,False
/a/0/6/5,/a/0/6/5!/member_00400,0,/a/0/6/5,194,400,,10620404,10642102,10614944,10636642,21698,db3e92049c456c001791e2dc1bf81c5c2e0d9e9ebed6d352a108988fea242341,00080000600000000c4c000042000000,,,,,False,,,,,,,,,,False,False
/a/0/6/5,/a/0/6/5!/member_00401,0,/a/0/6/5,194,401,,10642104,10658110,10636644,10652650,16006,193726d6a23f1cc8e21a556752d93c996f26d7dea5e01e5bac0f2ecfaefa8edb,00080000000000003036000042000000,,,,,False,,,,,,,,,,False,False
/a/0/6/5,/a/0/6/5!/member_00402,0,/a/0/6/5,194,402,,10658112,10674194,10652652,10668734,16082,4164282e17920d0777125341dec6e59cbc25a1b043f2218e4daebb158b290349,00080000300000004c36000042000000,,,,,False,,,,,,,,,,False,False
/a/0/6/5,/a/0/6/5!/member_00403,0,/a/0/6/5,194,403,,10674196,10737894,10668736,10732434,63698,aaa54e8ced3767037ba68e56ca033b4e3526d09d3a607f32d6a8e34e61788ed2,00080000300000001ced000042030000,,,,,False,,,,,,,,,,False,False
/a/0/6/5,/a/0/6/5!/member_00404,0,/a/0/6/5,194,404,,10737896,10800990,10732436,10795530,63094,980ca540f0c4143bfb78d1033c1892b32f9155e79a1415ef5c8efc1fad8f2f8a,0008000030000000d8ea00002a030000,,,,,False,,,,,,,,,,False,False
/a/0/6/5,/a/0/6/5!/member_00405,0,/a/0/6/5,194,405,,10800992,10825126,10795532,10819666,24134,0a98f6d693b5fa64a3420942a791cc5f44ded3cc5665900b6e2ae9d839957ed2,0008000000000000945400007e010000,,,,,False,,,,,,,,,,False,False
/a/0/6/5,/a/0/6/5!/member_00406,0,/a/0/6/5,194,406,,10825128,10851668,10819668,10846208,26540,8756433a767cb4c4d0d25ebd45174824cfafa4ad55b4b48cd215ce1cb3e3a9a9,0008000000000000cc5e0000ac000000,,,,,False,,,,,,,,,,False,False
/a/0/6/5,/a/0/6/5!/member_00407,0,/a/0/6/5,194,407,,10851668,10907170,10846208,10901710,55502,0b814cc00a8f05b0aff93af9ea1fe639450654b897c5057167ecf0baffdf1e71,000800006000000000b700005a190000,,,,,False,,,,,,,,,,False,False
/a/0/6/5,/a/0/6/5!/member_00408,0,/a/0/6/5,194,408,,10907172,10936954,10901712,10931494,29782,2a599edec2ca9f03436bb709b2a0c2c06d0d336881dd6a6c3dd78ce032300df1,0008000030000000086300000a090000,,,,,False,,,,,,,,,,False,False
/a/0/6/5,/a/0/6/5!/member_00409,0,/a/0/6/5,194,409,,10936956,10960772,10931496,10955312,23816,1d752f7e3462a1ad16400b9991b281e52dfc5aaa874b573e519bcf0231685d2f,00080000300000002c4b000098090000,,,,,False,,,,,,,,,,False,False
/a/0/6/5,/a/0/6/5!/member_00410,0,/a/0/6/5,194,410,,10960772,10968302,10955312,10962842,7530,94d50e0af4e7dfaad685224a519475601d37dcce40bcecd0e9a632cf851bb464,000800000000000080140000d6000000,,,,,False,,,,,,,,,,False,False
/a/0/6/5,/a/0/6/5!/member_00411,0,/a/0/6/5,194,411,,10968304,11035410,10962844,11029950,67106,b521b5d60d546cb84126b969914922db949d072bb4727536936af129cae3308f,00080000600000001cd6000092270000,,,,,False,,,,,,,,,,False,False
/a/0/6/5,/a/0/6/5!/member_00412,0,/a/0/6/5,194,412,,11035412,11071124,11029952,11065664,35712,e28c84764608a8ce96b0086e84de9bdf7a7c5eceaa5efb547c65b6179d1f505b,000800003000000080740000bc0e0000,,,,,False,,,,,,,,,,False,False
/a/0/6/5,/a/0/6/5!/member_00413,0,/a/0/6/5,194,413,,11071124,11085580,11065664,11080120,14456,4650fd716f891516b21a8dc1fac703f1cc475db5bcb3ea1f2531738820b2819c,0008000030000000e42d000050020000,,,,,False,,,,,,,,,,False,False
/a/0/6/5,/a/0/6/5!/member_00414,0,/a/0/6/5,194,414,,11085580,11099302,11080120,11093842,13722,ce46bc2ca789a48b54abbed117e7c9a56a7a663df86043f6332f547ad3661fd2,00080000000000009c2b0000ea010000,,,,,False,,,,,,,,,,False,False
/a/0/6/5,/a/0/6/5!/member_00415,0,/a/0/6/5,194,415,,11099304,11139110,11093844,11133650,39806,7a57a72f26b2a2432e2cdc43840f5455c53f192b9b17959fccfff01d76f4a346,0008000000000000209200004a010000,,,,,False,,,,,,,,,,False,False
/a/0/6/5,/a/0/6/5!/member_00416,0,/a/0/6/5,194,416,,11139112,11183718,11133652,11178258,44606,abb832ddfae0d8726250bd726462c8537cdd5eccaed393e1627c9f60ac629f4b,0008000000000000e8a5000042000000,,,,,False,,,,,,,,,,False,False
/a/0/6/5,/a/0/6/5!/member_00417,0,/a/0/6/5,194,417,,11183720,11228326,11178260,11222866,44606,8a5b0eca925b742dc37c74297ddf7f6b230a88f0e4275efdc1cd5f7c6708e7c9,0008000000000000e8a5000042000000,,,,,False,,,,,,,,,,False,False
/a/0/6/5,/a/0/6/5!/member_00418,0,/a/0/6/5,194,418,,11228328,11272934,11222868,11267474,44606,5836f2cfe3baef3202f4e510a5266d8b5bb208d21568724b0245e7d57a620473,0008000000000000e8a5000042000000,,,,,False,,,,,,,,,,False,False
/a/0/6/5,/a/0/6/5!/member_00419,0,/a/0/6/5,194,419,,11272936,11317542,11267476,11312082,44606,9baae243849c1b888d6c99c608668f1d955cecd308db2c81efe62deccea78d5c,0008000000000000e8a5000042000000,,,,,False,,,,,,,,,,False,False
/a/0/6/5,/a/0/6/5!/member_00420,0,/a/0/6/5,194,420,,11317544,11362150,11312084,11356690,44606,66af2e19d1ce45ee5bcef29ca87c9b0ece84e4f32e670d765d67eabe7c7fab68,0008000000000000e8a5000042000000,,,,,False,,,,,,,,,,False,False
/a/0/6/5,/a/0/6/5!/member_00421,0,/a/0/6/5,194,421,,11362152,11406758,11356692,11401298,44606,46f51e57b2bb10ad24e2b10ee399b747b37b32547773242bd4cde9bbcf3af693,0008000000000000e8a5000042000000,,,,,False,,,,,,,,,,False,False
/a/0/6/5,/a/0/6/5!/member_00422,0,/a/0/6/5,194,422,,11406760,11430742,11401300,11425282,23982,d822773c43ca154671bb2d95b406d89259750337801e19dac832fe3a20b21c2a,0008000000000000204f00007a060000,,,,,False,,,,,,,,,,False,False
/a/0/6/5,/a/0/6/5!/member_00423,0,/a/0/6/5,194,423,,11430744,11454952,11425284,11449492,24208,0731c86858b5042e7c93d143f9348e7b7755ac78c8b5ed165b5729f41b0c16ea,0008000030000000d84f000074060000,,,,,False,,,,,,,,,,False,False
/a/0/6/5,/a/0/6/5!/member_00424,0,/a/0/6/5,194,424,,11454952,11512314,11449492,11506854,57362,f68ee609e4f574ceb6fa13a7862d306c53abafd65a76d0e3538c1e957b107b52,0008000090000000d0bf00009e170000,,,,,False,,,,,,,,,,False,False
/a/0/6/5,/a/0/6/5!/member_00425,0,/a/0/6/5,194,425,,11512316,11546260,11506856,11540800,33944,c4bbb3c57465c43a3527f865226171b4d1a0b75d9aadc8fedbed9729b69dfa76,0008000030000000c87000008c0b0000,,,,,False,,,,,,,,,,False,False
/a/0/6/5,/a/0/6/5!/member_00426,0,/a/0/6/5,194,426,,11546260,11608366,11540800,11602906,62106,1b32d33b3ac31ebd60b85bfcc81e0a4d5c7bb5a0a5db4f40ea78f46140087e9c,00080000f000000070d9000026100000,,,,,False,,,,,,,,,,False,False
/a/0/6/5,/a/0/6/5!/member_00427,0,/a/0/6/5,194,427,,11608368,11649086,11602908,11643626,40718,d77216c076208911c41c791c2c3b3cb8960e45e27d68de0f68bf0fcb16d54b0c,0008000090000000509000001a060000,,,,,False,,,,,,,,,,False,False
/a/0/6/5,/a/0/6/5!/member_00428,0,/a/0/6/5,194,428,,11649088,11715168,11643628,11709708,66080,74112be0d4a7814c4d7e2ed6b10565534cf70873f20ce6d5717073387fe51a1a,00080000f000000014e4000008150000,,,,,False,,,,,,,,,,False,False
/a/0/6/5,/a/0/6/5!/member_00429,0,/a/0/6/5,194,429,,11715168,11745772,11709708,11740312,30604,3df80c1ff16924843131723f8c45398a115504cef77c1452757b72edc9892b8c,00080000f0000000b8680000d0050000,,,,,False,,,,,,,,,,False,False
/a/0/6/5,/a/0/6/5!/member_00430,0,/a/0/6/5,194,430,,11745772,11818468,11740312,11813008,72696,6c69599ff7fe85238d18e893b7f5a0932458abbef925e0a5f2fd4367207d5401,0008000090000000c4ea0000a8270000,,,,,False,,,,,,,,,,False,False
/a/0/6/5,/a/0/6/5!/member_00431,0,/a/0/6/5,194,431,,11818468,11881384,11813008,11875924,62916,7f4c4984f2db066b61023c4a9644be7d1e7c76028d09a4c48ef74526aa57e52a,00080000900000005cd700002c150000,,,,,False,,,,,,,,,,False,False
/a/0/6/5,/a/0/6/5!/member_00432,0,/a/0/6/5,194,432,,11881384,11930602,11875924,11925142,49218,16e980cae1de2c28905acfce188e5d287fbd6ab41af7d4ecf4191d037687bc10,00080000f000000070aa0000ce0c0000,,,,,False,,,,,,,,,,False,False
/a/0/6/5,/a/0/6/5!/member_00433,0,/a/0/6/5,194,433,,11930604,11963134,11925144,11957674,32530,b824a2afec356473add16eeb8dc3ddf1a91f433f9ae85e48a7fa449aa06e059f,00080000b0010000c474000042000000,,,,,False,,,,,,,,,,False,False
/a/0/6/5,/a/0/6/5!/member_00434,0,/a/0/6/5,194,434,,11963136,11998042,11957676,11992582,34906,02ae0b7995021e7c0077832971d0a7bb4ade5904ca766fcaf05c1f25b4cb8bbf,00080000800100005c7e000042000000,,,,,False,,,,,,,,,,False,False
/a/0/6/5,/a/0/6/5!/member_00435,0,/a/0/6/5,194,435,,11998044,12033642,11992584,12028182,35598,b9c658614f98a2bde47bf80f46c9be7df22d4934719dc53f171e15e49da1f8fa,00080000a00200000080000042000000,,,,,False,,,,,,,,,,False,False
/a/0/6/5,/a/0/6/5!/member_00436,0,/a/0/6/5,194,436,,12033644,12058246,12028184,12052786,24602,e225fb1d7459fc3a835e864331acd64a33eeb1a6bfa022135e8ab3250798c048,00080000e0010000dc55000042000000,,,,,False,,,,,,,,,,False,False
/a/0/6/5,/a/0/6/5!/member_00437,0,/a/0/6/5,194,437,,12058248,12093406,12052788,12087946,35158,4c95e98642b5610139fce750e2c8e7ba31aef81e80d297e7f44ab561ebeb3da6,00080000f0000000d87f000042000000,,,,,False,,,,,,,,,,False,False
/a/0/6/5,/a/0/6/5!/member_00438,0,/a/0/6/5,194,438,,12093408,12124318,12087948,12118858,30910,dbee59f82f44562d6d5406cd23cabb7de40ece009c9aa8c22f6cdf3a2c63e607,00080000f0000000406f000042000000,,,,,False,,,,,,,,,,False,False
/a/0/6/5,/a/0/6/5!/member_00439,0,/a/0/6/5,194,439,,12124320,12172238,12118860,12166778,47918,537588c6146370f3c1371509784ee52fa49158ebe72538483c7f40ba85f28ce3,00080000b0010000e0b0000042000000,,,,,False,,,,,,,,,,False,False
/a/0/6/5,/a/0/6/5!/member_00440,0,/a/0/6/5,194,440,,12172240,12232146,12166780,12226686,59906,82cfbb522e5306fb487da5ae62396f589ff981e64802ee95cfdf717591e15304,0008000080010000e4df000042000000,,,,,False,,,,,,,,,,False,False
/a/0/6/5,/a/0/6/5!/member_00441,0,/a/0/6/5,194,441,,12232148,12258516,12226688,12253056,26368,712b12224af0bdcf1f71a98dcf46f08e155b9c86af6dc19023c20c7ea8963e74,0008000020010000d4580000b0040000,,,,,False,,,,,,,,,,False,False
/a/0/6/5,/a/0/6/5!/member_00442,0,/a/0/6/5,194,442,,12258516,12299006,12253056,12293546,40490,8d48b89705cafb2e7488a8bcdb1b752b1f162ddf00973a45b6da388e9e0e391e,00080000100200005c93000042000000,,,,,False,,,,,,,,,,False,False
/a/0/6/5,/a/0/6/5!/member_00443,0,/a/0/6/5,194,443,,12299008,12333940,12293548,12328480,34932,1af27b6eba43d42d340d45340ffdaa9a5b33542d949bae930d656ef7b5c27fa3,00080000b00100000877000070070000,,,,,False,,,,,,,,,,False,False
/a/0/6/5,/a/0/6/5!/member_00444,0,/a/0/6/5,194,444,,12333940,12379934,12328480,12374474,45994,5310dba17163557f0e7c95999107a3aad83638465b699b8857e59c060ec0bc2d,0008000040020000b4a8000042000000,,,,,False,,,,,,,,,,False,False
/a/0/6/5,/a/0/6/5!/member_00445,0,/a/0/6/5,194,445,,12379936,12430454,12374476,12424994,50518,0ed79eb9f4d7ead445ab4cc4bb76b659063e2977187a2c7a33c632f2f44272dc,00080000f0000000d4bb000076000000,,,,,False,,,,,,,,,,False,False
/a/0/6/5,/a/0/6/5!/member_00446,0,/a/0/6/5,194,446,,12430456,12461826,12424996,12456366,31370,0e42cb08c4406260b24ff52f5b83361cfb72a2f66e995d64ba5c12882fd7a950,00080000300000000472000042000000,,,,,False,,,,,,,,,,False,False
/a/0/6/5,/a/0/6/5!/member_00447,0,/a/0/6/5,194,447,,12461828,12499326,12456368,12493866,37498,5c69bb61d57f599bd31de110e8c166d1166a253a10d5b5f15cb7e1a56363a09c,0008000060000000c489000042000000,,,,,False,,,,,,,,,,False,False
/a/0/6/5,/a/0/6/5!/member_00448,0,/a/0/6/5,194,448,,12499328,12515570,12493868,12510110,16242,a257a176ddd2bc650ef1c949f0947bdb4816993342dbfc0d587a8e22a51cec0b,00080000900000006436000042000000,,,,,False,,,,,,,,,,False,False
/a/0/6/5,/a/0/6/5!/member_00449,0,/a/0/6/5,194,449,,12515572,12575490,12510112,12570030,59918,6fe19b49bfab938e47758ff748d59f04a44477d18a2ad9d8478c4a03b383ce1f,00080000f00000005cdf0000ae010000,,,,,False,,,,,,,,,,False,False
/a/0/6/5,/a/0/6/5!/member_00450,0,/a/0/6/5,194,450,,12575492,12608736,12570032,12603276,33244,a8b30ae6fffe6b6fc6a95ca3dcec6524e7d2d899344a80448dd9769fef47e79a,00080000300000002470000074090000,,,,,False,,,,,,,,,,False,False
/a/0/6/5,/a/0/6/5!/member_00451,0,/a/0/6/5,194,451,,12608736,12617554,12603276,12612094,8818,405750cd10818272667e379aedb1db75509c96e154e974cb9f197e0c2a321e06,0008000030000000ec19000042000000,,,,,False,,,,,,,,,,False,False
/a/0/6/5,/a/0/6/5!/member_00452,0,/a/0/6/5,194,452,,12617556,12631218,12612096,12625758,13662,1ec8de92c90a688091e1569067c3b86304688772ac367568126049fc2afa1554,00080000c0000000402c000042000000,,,,,False,,,,,,,,,,False,False
/a/0/6/5,/a/0/6/5!/member_00453,0,/a/0/6/5,194,453,,12631220,12648052,12625760,12642592,16832,789dc3969c74a43b21a3788920ced84c3ab9867c6febafcba41170c175ab5ebb,0008000060000000d837000074010000,,,,,False,,,,,,,,,,False,False
/a/0/6/5,/a/0/6/5!/member_00454,0,/a/0/6/5,194,454,,12648052,12659310,12642592,12653850,11258,d7b9324783604be3508afce8ffae0a315450660bd47aa7224c99285751a8d922,00080000300000007423000042000000,,,,,False,,,,,,,,,,False,False
/a/0/6/5,/a/0/6/5!/member_00455,0,/a/0/6/5,194,455,,12659312,12677438,12653852,12671978,18126,96a69542c42cfbc49f37b2fe191b9a39001f14f154fb9311fff78815ab6725df,0008000090000000603c000042000000,,,,,False,,,,,,,,,,False,False
/a/0/6/5,/a/0/6/5!/member_00456,0,/a/0/6/5,194,456,,12677440,12691206,12671980,12685746,13766,e77b6b923839213ebf38a2ffa23a60d1ea62a56740f45f9833bd4e51d05c884c,0008000090000000e02c000042000000,,,,,False,,,,,,,,,,False,False
/a/0/6/5,/a/0/6/5!/member_00457,0,/a/0/6/5,194,457,,12691208,12696678,12685748,12691218,5470,ae035a1e94f2d5093e4a4cc0f6c7cef2bc33ceb134df5e9d09319f81953cba6b,0008000000000000080d000042000000,,,,,False,,,,,,,,,,False,False
/a/0/6/5,/a/0/6/5!/member_00458,0,/a/0/6/5,194,458,,12696680,12714802,12691220,12709342,18122,2cf38616f45dab95c40cb6142695a55c863e00e31884844ed4b00824ac9732dc,00080000200100004c3d000042000000,,,,,False,,,,,,,,,,False,False
/a/0/6/5,/a/0/6/5!/member_00459,0,/a/0/6/5,194,459,,12714804,12724678,12709344,12719218,9874,3296e5a82614384a42a8459a887be974b17697f04e2b969dbcb36b2885423feb,00080000300000000c1e000042000000,,,,,False,,,,,,,,,,False,False
/a/0/6/5,/a/0/6/5!/member_00460,0,/a/0/6/5,194,460,,12724680,12752202,12719220,12746742,27522,96ad95c8a7d3bff82787f7e9e4481deff9c6dadc0e618058c79a0ada4451f34e,00080000900300001c5a0000c2050000,,,,,False,,,,,,,,,,False,False
/a/0/6/5,/a/0/6/5!/member_00461,0,/a/0/6/5,194,461,,12752204,12778762,12746744,12773302,26558,443e3e4c46c467616ece6561b2eec8f6594b91959e73899ac9ab5f873560b24c,0008000010020000c45c0000d6000000,,,,,False,,,,,,,,,,False,False
/a/0/6/5,/a/0/6/5!/member_00462,0,/a/0/6/5,194,462,,12778764,12801512,12773304,12796052,22748,ef29c722fee3996e916789f1f6a50f1546d468cdcc38653135161ea659bc61dd,0008000050010000004e000078010000,,,,,False,,,,,,,,,,False,False
/a/0/6/5,/a/0/6/5!/member_00463,0,/a/0/6/5,194,463,,12801512,12830194,12796052,12824734,28682,803cdd288e7e24ad022caf8a96fbea68e5694b630734a00a20e8fb89cc006451,00080000f000000050650000b6010000,,,,,False,,,,,,,,,,False,False
/a/0/6/5,/a/0/6/5!/member_00464,0,/a/0/6/5,194,464,,12830196,12850300,12824736,12844840,20104,310f737ea98e332a9428980ef4024f430ca4a21d5aa69cf1b1c5f2dd22b1ef07,00080000a0020000f0410000e4010000,,,,,False,,,,,,,,,,False,False
/a/0/6/5,/a/0/6/5!/member_00465,0,/a/0/6/5,194,465,,12850300,12877794,12844840,12872334,27494,41340e536e0b6c709734993678bd4e809be52441a30ec15d4690e568afd56818,00080000c00000005062000042000000,,,,,False,,,,,,,,,,False,False
/a/0/6/5,/a/0/6/5!/member_00466,0,/a/0/6/5,194,466,,12877796,12921858,12872336,12916398,44062,6a309716303784bf54d59b66701c601b2e04b3ee7c2b243394b4c9dbfa45ffdb,0008000000000000c8a3000042000000,,,,,False,,,,,,,,,,False,False
/a/0/6/5,/a/0/6/5!/member_00467,0,/a/0/6/5,194,467,,12921860,12931962,12916400,12926502,10102,a5c8b1fc453e47a49e5d5f211bb3bf6a1e101d17341066edffd0c388115f5486,0008000000000000201f000042000000,,,,,False,,,,,,,,,,False,False
/a/0/6/5,/a/0/6/5!/member_00468,0,/a/0/6/5,194,468,,12931964,12943478,12926504,12938018,11514,02d48c0acd6bdb7babb4f710cdb497455e75a37ebfa843ba82f1071b935dbe10,0008000000000000a424000042000000,,,,,False,,,,,,,,,,False,False
/a/0/6/5,/a/0/6/5!/member_00469,0,/a/0/6/5,194,469,,12943480,12987542,12938020,12982082,44062,899dacc568c1f51e2e1ca08b3724ee255cac57b5818ae5d03ba1e44f75dfc89f,0008000000000000c8a3000042000000,,,,,False,,,,,,,,,,False,False
/a/0/6/5,/a/0/6/5!/member_00470,0,/a/0/6/5,194,470,,12987544,13021294,12982084,13015834,33750,21d45a4796f4a8e8209fcb2ae525b9816838e649fb0129d54e2e49db61047d01,0008000030000000507b000042000000,,,,,False,,,,,,,,,,False,False
/a/0/6/5,/a/0/6/5!/member_00471,0,/a/0/6/5,194,471,,13021296,13046574,13015836,13041114,25278,7b6ae6bc5564e089321170c02efc0431764a60987c55671e1c414bf554ba60d0,0008000000000000685a000042000000,,,,,False,,,,,,,,,,False,False
/a/0/6/5,/a/0/6/5!/member_00472,0,/a/0/6/5,194,472,,13046576,13090638,13041116,13085178,44062,b60a4eb27f27664abf166469a0dd2e0c2500e55592f0fa9a08634db190c84654,0008000000000000c8a3000042000000,,,,,False,,,,,,,,,,False,False
/a/0/6/5,/a/0/6/5!/member_00473,0,/a/0/6/5,194,473,,13090640,13102554,13085180,13097094,11914,bee6396632916be50da5fbcee450ea667236ec7ceebf951f957929db41161f32,00080000000000003426000042000000,,,,,False,,,,,,,,,,False,False
/a/0/6/5,/a/0/6/5!/member_00474,0,/a/0/6/5,194,474,,13102556,13146618,13097096,13141158,44062,8fbdba24ec40a3e6e549df58379fc487059f1a3c3b93c17c47f3a2dba092807e,0008000000000000c8a3000042000000,,,,,False,,,,,,,,,,False,False
/a/0/6/5,/a/0/6/5!/member_00475,0,/a/0/6/5,194,475,,13146620,13160018,13141160,13154558,13398,0e14f6745ec10e37f5ec9163bd9c65c68972374e27ba85fed59c62b55e5ff93e,0008000000000000002c000042000000,,,,,False,,,,,,,,,,False,False
/a/0/6/5,/a/0/6/5!/member_00476,0,/a/0/6/5,194,476,,13160020,13171594,13154560,13166134,11574,5f20d0c91d3eb3f2f0a289962f0650626aa5e0d622e117a57c1fbcc29b5b9bff,0008000000000000e024000042000000,,,,,False,,,,,,,,,,False,False
/a/0/6/5,/a/0/6/5!/member_00477,0,/a/0/6/5,194,477,,13171596,13195310,13166136,13189850,23714,4945a66f8716b45454c2f016a8cdaaf1fedab8e95ad0488669aa3cb01c17ac02,0008000060000000ec53000042000000,,,,,False,,,,,,,,,,False,False
/a/0/6/5,/a/0/6/5!/member_00478,0,/a/0/6/5,194,478,,13195312,13208306,13189852,13202846,12994,96bb2fe9883fe7ce767dfb5ae8815f9c2c4601da9efafa427a52b964d05650d3,00080000000000006c2a000042000000,,,,,False,,,,,,,,,,False,False
/a/0/6/5,/a/0/6/5!/member_00479,0,/a/0/6/5,194,479,,13208308,13236094,13202848,13230634,27786,cf605132faaaadd4b872f29deb5f90377dd6092be53d4e5be15421695eab7aa7,0008000000000000086100006e030000,,,,,False,,,,,,,,,,False,False
/a/0/6/5,/a/0/6/5!/member_00480,0,/a/0/6/5,194,480,,13236096,13277652,13230636,13272192,41556,e632627d2a1bdc8aedbad64d37060f6b0da44121f1d371e1a534fe8ccbfbc6e2,0008000000000000ec97000014020000,,,,,False,,,,,,,,,,False,False
/a/0/6/5,/a/0/6/5!/member_00481,0,/a/0/6/5,194,481,,13277652,13341234,13272192,13335774,63582,240e27af9fefc17188b2de8ccab8be03d729212fb9e1ba4f6262855c860d736e,000800000000000060e50000020a0000,,,,,False,,,,,,,,,,False,False
/a/0/6/5,/a/0/6/5!/member_00482,0,/a/0/6/5,194,482,,13341236,13383336,13335776,13377876,42100,77a4a66814d2b34ac262fb42d0ed4455f39f2aef5ef939fbb3d3f4a46897226f,0008000000000000c499000084020000,,,,,False,,,,,,,,,,False,False
/a/0/6/5,/a/0/6/5!/member_00483,0,/a/0/6/5,194,483,,13383336,13427786,13377876,13422326,44450,b35f91ff7f92560183c8177489bb82e4920a8742725035fd46578abb7dcab899,0008000000000000b89d000076070000,,,,,False,,,,,,,,,,False,False
/a/0/6/5,/a/0/6/5!/member_00484,0,/a/0/6/5,194,484,,13427788,13465550,13422328,13460090,37762,f264899fe2069ba750171bc516f6198e2ab57bb451613f372788074e554242b7,00080000000000000c86000042050000,,,,,False,,,,,,,,,,False,False
/a/0/6/5,/a/0/6/5!/member_00485,0,/a/0/6/5,194,485,,13465552,13506030,13460092,13500570,40478,71af259411a041d079600dae3e60cb7368ae4092220c4edfccf6f08b947a89de,000800000000000010900000da050000,,,,,False,,,,,,,,,,False,False
/a/0/6/5,/a/0/6/5!/member_00486,0,/a/0/6/5,194,486,,13506032,13551356,13500572,13545896,45324,459759d596946f5a7c42328cf460d6bf4653d953983e461305365f4b1db75e16,000800000000000058a5000060030000,,,,,False,,,,,,,,,,False,False
/a/0/6/5,/a/0/6/5!/member_00487,0,/a/0/6/5,194,487,,13551356,13571698,13545896,13566238,20342,b32aaf0f13620888a291ffd42cadf3efb13947e799d24cb918c7fbcda8cdc3b5,000800003000000070460000c2000000,,,,,False,,,,,,,,,,False,False
/a/0/6/5,/a/0/6/5!/member_00488,0,/a/0/6/5,194,488,,13571700,13617520,13566240,13612060,45820,e789cb03157ce6d47d35ad00f6d6a07dbbb475f4a64a1690f4def68692f74851,000800003000000034a8000064020000,,,,,False,,,,,,,,,,False,False
/a/0/6/5,/a/0/6/5!/member_00489,0,/a/0/6/5,194,489,,13617520,13655164,13612060,13649704,37644,c495ae095751a07f85373ce52963248b42b374d348a0c387e2dfcd7e03bff528,0008000000000000c088000020020000,,,,,False,,,,,,,,,,False,False
/a/0/6/5,/a/0/6/5!/member_00490,0,/a/0/6/5,194,490,,13655164,13706298,13649704,13700838,51134,66d8cbde00463b055d9d5b29fb192a7f8ba9068ff0b7b54cc542052c26943312,000800003000000020bd0000da010000,,,,,False,,,,,,,,,,False,False
/a/0/6/5,/a/0/6/5!/member_00491,0,/a/0/6/5,194,491,,13706300,13724614,13700840,13719154,18314,2b54f1d1cdf30367909d4d708c4e30a4b6de61001d44868e1902aee700125577,00080000b0010000f43c0000d2000000,,,,,False,,,,,,,,,,False,False
/a/0/6/5,/a/0/6/5!/member_00492,0,/a/0/6/5,194,492,,13724616,13735402,13719156,13729942,10786,b4d9e1c7097b0fb42ae3c50c9884b9bda8cc857ce4c1c67239fdae923658676b,00080000c00000007c200000d2000000,,,,,False,,,,,,,,,,False,False
/a/0/6/5,/a/0/6/5!/member_00493,0,/a/0/6/5,194,493,,13735404,13753558,13729944,13748098,18154,22c7adcd0083e22bec11b630a5f6e83a677f5149b54091dbb4f442141f48f3f7,00080000300000004c3e000042000000,,,,,False,,,,,,,,,,False,False
/a/0/6/5,/a/0/6/5!/member_00494,0,/a/0/6/5,194,494,,13753560,13766674,13748100,13761214,13114,73fd078a98f009c5e737c706bd00ec5e7159d1e683d5d1bea7e9a042e4b6986e,00080000f0000000f429000042000000,,,,,False,,,,,,,,,,False,False
/a/0/6/5,/a/0/6/5!/member_00495,0,/a/0/6/5,194,495,,13766676,13780070,13761216,13774610,13394,7ad69fbd751ee2726c859cb89ab8c891a69fe59cbf0caabe021c7654eae84ea0,00080000900000006c2b000042000000,,,,,False,,,,,,,,,,False,False
/a/0/6/5,/a/0/6/5!/member_00496,0,/a/0/6/5,194,496,,13780072,13792718,13774612,13787258,12646,8aab8527f481f7582796ee9702cc8cfefe97c52ac26d8da8b6f824cc26f5a374,0008000060000000b028000042000000,,,,,False,,,,,,,,,,False,False
/a/0/6/5,/a/0/6/5!/member_00497,0,/a/0/6/5,194,497,,13792720,13818858,13787260,13813398,26138,90ec31b27eb81980649cbe67a98242e114915b33c87eae82e49a98d35a79446e,0008000060000000645d000042000000,,,,,False,,,,,,,,,,False,False
/a/0/6/5,/a/0/6/5!/member_00498,0,/a/0/6/5,194,498,,13818860,13835656,13813400,13830196,16796,7db079e6f31c8045eb7c96d727ed6b54122e55db8879f0ca940b16744481ba50,00080000500100002c3600000c020000,,,,,False,,,,,,,,,,False,False
/a/0/6/5,/a/0/6/5!/member_00499,0,/a/0/6/5,194,499,,13835656,13855146,13830196,13849686,19490,018a0df5c83d280dcaf5e0aa08069603e8376ffbe738f23a0ef7a2a000458fda,0008000020010000d83e000016040000,,,,,False,,,,,,,,,,False,False
/a/0/6/5,/a/0/6/5!/member_00500,0,/a/0/6/5,194,500,,13855148,13894540,13849688,13889080,39392,b8dbcb5f3a811d0c41c837a10d1f2760ef725a67c85fc8b4f50c9d11df185d6d,0008000080010000b48c000070030000,,,,,False,,,,,,,,,,False,False
/a/0/6/5,/a/0/6/5!/member_00501,0,/a/0/6/5,194,501,,13894540,13918236,13889080,13912776,23696,e80bfd411f19f0421169583ed5a00d817419985eb48aea54db282347f3ac7c5b,0008000080010000fc4f0000d8020000,,,,,False,,,,,,,,,,False,False
/a/0/6/5,/a/0/6/5!/member_00502,0,/a/0/6/5,194,502,,13918236,13941320,13912776,13935860,23084,c95b415ec5cc509e64f7726770dad6fafb642bf9f7c78e02e514feb4c4431069,00080000e0040000ec4a00004c020000,,,,,False,,,,,,,,,,False,False
/a/0/6/5,/a/0/6/5!/member_00503,0,/a/0/6/5,194,503,,13941320,13965734,13935860,13960274,24414,99341e77d84c8b3db129cf4885cddd62b4509b73f8ab344d47659086420152b6,000800008001000014540000b6010000,,,,,False,,,,,,,,,,False,False
/a/0/6/5,/a/0/6/5!/member_00504,0,/a/0/6/5,194,504,,13965736,13982708,13960276,13977248,16972,db570b6968118ad7ee471ba190cd2273642f5c324a4683b28cae78d22be21178,00080000600000004438000054010000,,,,,False,,,,,,,,,,False,False
/a/0/6/5,/a/0/6/5!/member_00505,0,/a/0/6/5,194,505,,13982708,13995254,13977248,13989794,12546,54ad12bf796e187ef17161c328b21c0d37fd1169320908c22a96b2d2651fee97,0008000030000000fc270000c2000000,,,,,False,,,,,,,,,,False,False
/a/0/6/5,/a/0/6/5!/member_00506,0,/a/0/6/5,194,506,,13995256,14011542,13989796,14006082,16286,849e401318c2a1fc2ad5efaa5758b52e7751d356ef5c77b22372e3f586394db1,000800009000000014360000c6000000,,,,,False,,,,,,,,,,False,False
/a/0/6/5,/a/0/6/5!/member_00507,0,/a/0/6/5,194,507,,14011544,14025714,14006084,14020254,14170,beaae4cc5394fbb7b7f37ca0548bc51337d3e935cdcf2ddf057570cd621f105e,00080000c0000000c42d0000c2000000,,,,,False,,,,,,,,,,False,False
/a/0/6/5,/a/0/6/5!/member_00508,0,/a/0/6/5,194,508,,14025716,14038142,14020256,14032682,12426,30db6cd8a62c06faf8d4705d98552ea433276eeaafa2e32be32fba9368b9054c,00080000c0000000f4260000c2000000,,,,,False,,,,,,,,,,False,False
/a/0/6/5,/a/0/6/5!/member_00509,0,/a/0/6/5,194,509,,14038144,14049486,14032684,14044026,11342,93911d216e4febc9622d1c4cdb3b77f6f5bc09b9cd682a5644861f22e28823f9,000800006000000018230000c2000000,,,,,False,,,,,,,,,,False,False
/a/0/6/5,/a/0/6/5!/member_00510,0,/a/0/6/5,194,510,,14049488,14071646,14044028,14066186,22158,f54992b90e36485ff428d7643b84f3b211f700aca4abd8fc1a510abc31c18f43,00080000400200001849000022030000,,,,,False,,,,,,,,,,False,False
/a/0/6/5,/a/0/6/5!/member_00511,0,/a/0/6/5,194,511,,14071648,14096622,14066188,14091162,24974,8fc583481fb3b2390892bc85400dc5a95609a441444e65484565daedcf5efe77,00080000400500001c5300001e010000,,,,,False,,,,,,,,,,False,False
/a/0/6/5,/a/0/6/5!/member_00512,0,/a/0/6/5,194,512,,14096624,14105042,14091164,14099582,8418,b9f9b46cde8e8ca0eecd8c5949cadfc2be30957fb68be3b59a839df579c80b07,0008000030000000341700006a010000,,,,,False,,,,,,,,,,False,False
/a/0/6/5,/a/0/6/5!/member_00513,0,/a/0/6/5,194,513,,14105044,14122438,14099584,14116978,17394,908874954ef764bdd2c117c043ed1cb594edb7e847d71a33d4aae4224d105e23,0008000040020000cc380000d2000000,,,,,False,,,,,,,,,,False,False
/a/0/6/5,/a/0/6/5!/member_00514,0,/a/0/6/5,194,514,,14122440,14146822,14116980,14141362,24382,2e67f78b58634133fe81119622b4fec766954b6787b23699a54699447895d46f,000800000000000058560000d2000000,,,,,False,,,,,,,,,,False,False
/a/0/6/5,/a/0/6/5!/member_00515,0,/a/0/6/5,194,515,,14146824,14160688,14141364,14155228,13864,1142d3fb4271fd2b5c7f7b5e06bb898a20dd46e0e97abe33f23d267e6207c419,000800004005000030280000a4000000,,,,,False,,,,,,,,,,False,False
/a/0/6/5,/a/0/6/5!/member_00516,0,/a/0/6/5,194,516,,14160688,14184278,14155228,14178818,23590,5ddb2ccf7a9e75b97d49b0ca62c830da7419fafda85f170d434d1d8dc3797463,00080000300000003853000092000000,,,,,False,,,,,,,,,,False,False
/a/0/6/5,/a/0/6/5!/member_00517,0,/a/0/6/5,194,517,,14184280,14230218,14178820,14224758,45938,4529f18e6ae66b534ba5aba7d6848aaea7c932e8d2c64a348661736dd4eed7ee,000800003000000020a90000be010000,,,,,False,,,,,,,,,,False,False
/a/0/6/5,/a/0/6/5!/member_00518,0,/a/0/6/5,194,518,,14230220,14263770,14224760,14258310,33550,4bf3384cc2686902c3e0f46c3eb97ec8a50482b12e619347442582f5a99080d6,0008000030000000ec790000c6000000,,,,,False,,,,,,,,,,False,False
/a/0/6/5,/a/0/6/5!/member_00519,0,/a/0/6/5,194,519,,14263772,14294648,14258312,14289188,30876,08f6f1abcf0419cb9a84bf80103a242664fd3d7b971b27946895efdcde456b31,0008000000000000746f00000c010000,,,,,False,,,,,,,,,,False,False
/a/0/6/5,/a/0/6/5!/member_00520,0,/a/0/6/5,194,520,,14294648,14349564,14289188,14344104,54916,664b7af091a9335e85fde6af3966a1119911efe93df00dc08bcff94f0b6a2727,0008000030000000cccb00001c020000,,,,,False,,,,,,,,,,False,False
/a/0/6/5,/a/0/6/5!/member_00521,0,/a/0/6/5,194,521,,14349564,14384626,14344104,14379166,35062,f6a73543270dc39696a0297238726fccddb525177113f592d14107433d954586,0008000000000000607f000082010000,,,,,False,,,,,,,,,,False,False
/a/0/6/5,/a/0/6/5!/member_00522,0,/a/0/6/5,194,522,,14384628,14406566,14379168,14401106,21938,e9c1a97baf1fdffa5b72ec148f8b42466e7525d257cde5fc46f21d0fac0b4537,0008000030000000bc4b0000b2010000,,,,,False,,,,,,,,,,False,False
/a/0/6/5,/a/0/6/5!/member_00523,0,/a/0/6/5,194,523,,14406568,14449738,14401108,14444278,43170,3e07eff31473fed701dcb81e0b947cf25b0d41fbd5f6e6c979a5f989017989e5,0008000000000000349c00005a040000,,,,,False,,,,,,,,,,False,False
/a/0/6/5,/a/0/6/5!/member_00524,0,/a/0/6/5,194,524,,14449740,14471444,14444280,14465984,21704,82f67d5abb75ef6ceec19f3f972fd5634a6f7626d5e481905b5a7040f2bc6e51,0008000000000000104c0000a4000000,,,,,False,,,,,,,,,,False,False
/a/0/6/5,/a/0/6/5!/member_00525,0,/a/0/6/5,194,525,,14471444,14493684,14465984,14488224,22240,4d8dcf386c1038ba6f6a1ba611933941a81637d5f6e175e6f7ffcfae7960a2b9,0008000000000000504c00007c020000,,,,,False,,,,,,,,,,False,False
/a/0/6/5,/a/0/6/5!/member_00526,0,/a/0/6/5,194,526,,14493684,14555366,14488224,14549906,61682,d3b4d8c895ed3a27afbbdea199a3d063f738fa4b53169c3ff5cdafa153110a8d,000800003000000080c800002e200000,,,,,False,,,,,,,,,,False,False
/a/0/6/5,/a/0/6/5!/member_00527,0,/a/0/6/5,194,527,,14555368,14592230,14549908,14586770,36862,11c80a5fc8af5c3fbe868fcc37b6f21bcab1488e03ae62fbd165e222f34cbced,000800000000000014730000d6140000,,,,,False,,,,,,,,,,False,False
/a/0/6/5,/a/0/6/5!/member_00528,0,/a/0/6/5,194,528,,14592232,14615430,14586772,14609970,23198,5f03586ed163baa4f2dd721b7dac27dd8e90d2bc254e7fd447e47d6211ce5c05,0008000030000000005100005a010000,,,,,False,,,,,,,,,,False,False
/a/0/6/5,/a/0/6/5!/member_00529,0,/a/0/6/5,194,529,,14615432,14654862,14609972,14649402,39430,d4f5c49e92cf56288d9b710d52875f6b64371089092f78b8eb379c621c43542c,00080000000000008c820000660f0000,,,,,False,,,,,,,,,,False,False
/a/0/6/5,/a/0/6/5!/member_00530,0,/a/0/6/5,194,530,,14654864,14701460,14649404,14696000,46596,81f7258821a2af1c498bd5fddb4d087d08d64d05f09429e08fc8a8240111683d,00080000300000009c9a000024130000,,,,,False,,,,,,,,,,False,False
/a/0/6/5,/a/0/6/5!/member_00531,0,/a/0/6/5,194,531,,14701460,14738692,14696000,14733232,37232,aeb2a9b3d0d2ce62e38fa73c84d3bf780a72849832c40b4065456e78f040a28b,0008000030000000a486000040020000,,,,,False,,,,,,,,,,False,False
/a/0/6/5,/a/0/6/5!/member_00532,0,/a/0/6/5,194,532,,14738692,14780080,14733232,14774620,41388,79fd11069fd813edf40929ed2d5e2da129effb4cc0034bf0658f75333c8ec521,0008000000000000a496000074020000,,,,,False,,,,,,,,,,False,False
/a/0/6/5,/a/0/6/5!/member_00533,0,/a/0/6/5,194,533,,14780080,14829688,14774620,14824228,49608,cfd34ecbf7ecc7850cf1adcfe57d94e200e4b8e02d3aaf67f7267e7f047b2de5,000800000000000084b60000d8020000,,,,,False,,,,,,,,,,False,False
/a/0/6/5,/a/0/6/5!/member_00534,0,/a/0/6/5,194,534,,14829688,14871802,14824228,14866342,42114,3d2f161ef53e91dae5660a8c2ce492749183a554d1ce526d80eb3ba4ea346001,00080000000000008c98000052030000,,,,,False,,,,,,,,,,False,False
/a/0/6/5,/a/0/6/5!/member_00535,0,/a/0/6/5,194,535,,14871804,14893344,14866344,14887884,21540,b9bd543aee995a6978fe55e095c040a82054357b8fdbcbb56aad306b661adae1,0008000030000000ec490000f4010000,,,,,False,,,,,,,,,,False,False
/a/0/6/5,/a/0/6/5!/member_00536,0,/a/0/6/5,194,536,,14893344,14915486,14887884,14910026,22142,1b0905bbce4c74ab78f419f6013fbdfda8286ab82d0c73398481a051b6d5e174,0008000000000000e04d00008a000000,,,,,False,,,,,,,,,,False,False
/a/0/6/5,/a/0/6/5!/member_00537,0,/a/0/6/5,194,537,,14915488,14949514,14910028,14944054,34026,c305efeda42e781ed1ccce1fe58aab4194ca785bee06321b77f3b790b976b244,0008000000000000c87b0000ee000000,,,,,False,,,,,,,,,,False,False
/a/0/6/5,/a/0/6/5!/member_00538,0,/a/0/6/5,194,538,,14949516,14989774,14944056,14984314,40258,1424954d4b36d1d8c246bb4ed278bdd9129ee99f70aa8d05fcdba3d794eac693,0008000000000000ac9300002a010000,,,,,False,,,,,,,,,,False,False
/a/0/6/5,/a/0/6/5!/member_00539,0,/a/0/6/5,194,539,,14989776,15015738,14984316,15010278,25962,297757a8b7783dd6a7492c8e49e7449d2772ccce3508f36e33ed05cc4bb3074a,0008000000000000185c0000f6000000,,,,,False,,,,,,,,,,False,False
/a/0/6/5,/a/0/6/5!/member_00540,0,/a/0/6/5,194,540,,15015740,15040528,15010280,15035068,24788,de3a43b1a47ae732a1f3c617f0c94f1fc9958f433a1635ea1985cdc9516211d3,00080000300000000c57000054010000,,,,,False,,,,,,,,,,False,False
/a/0/6/5,/a/0/6/5!/member_00541,0,/a/0/6/5,194,541,,15040528,15064006,15035068,15058546,23478,324c7c50fe54ac768a52fafb81e70b578e46424d078df8cbd15f034df593b64e,0008000000000000b4520000ee000000,,,,,False,,,,,,,,,,False,False
/a/0/6/5,/a/0/6/5!/member_00542,0,/a/0/6/5,194,542,,15064008,15102442,15058548,15096982,38434,7f36859f53310ec14855e3cc0e317cd56068590503f50377bffaec4bed459733,00080000600000000c8b0000a2020000,,,,,False,,,,,,,,,,False,False
/a/0/6/5,/a/0/6/5!/member_00543,0,/a/0/6/5,194,543,,15102444,15131514,15096984,15126054,29070,57ecd136e80ad9e7b2ecb006a3853a0f343e84863812435a6a8dcff7d6473c04,00080000000000003869000042000000,,,,,False,,,,,,,,,,False,False
/a/0/6/5,/a/0/6/5!/member_00544,0,/a/0/6/5,194,544,,15131516,15151464,15126056,15146004,19948,0496946449c1e5a86e63dd754b95fcef2069cb3697059f308a1cd6390fef2259,000800000000000034450000a4000000,,,,,False,,,,,,,,,,False,False
/a/0/6/5,/a/0/6/5!/member_00545,0,/a/0/6/5,194,545,,15151464,15189218,15146004,15183758,37754,f17c7af5bbde0f15f242cb60a32cd26b8c923076c5b908c4f3264acde287066f,0008000060000000c48a000042000000,,,,,False,,,,,,,,,,False,False
/a/0/6/5,/a/0/6/5!/member_00546,0,/a/0/6/5,194,546,,15189220,15213830,15183760,15208370,24610,5c7f15b18dbc23bf614f80062a92bd646cb4aac8e60a0e70d5c1b898913104fd,00080000600000006c57000042000000,,,,,False,,,,,,,,,,False,False
/a/0/6/5,/a/0/6/5!/member_00547,0,/a/0/6/5,194,547,,15213832,15241226,15208372,15235766,27394,3b93fd40d6b4b3db4e168a81785a4054dfa29d5ad065d6ae2089888048f7cb01,00080000300000007c62000042000000,,,,,False,,,,,,,,,,False,False
/a/0/6/5,/a/0/6/5!/member_00548,0,/a/0/6/5,194,548,,15241228,15269656,15235768,15264196,28428,a0798fe59afc725aea86252b6e1740f69a095f5babb23e2fb27bf5f60bffe3aa,00080000600000003865000060010000,,,,,False,,,,,,,,,,False,False
/a/0/6/5,/a/0/6/5!/member_00549,0,/a/0/6/5,194,549,,15269656,15295854,15264196,15290394,26198,91421d76bce758fe8ec84260c42f8b377edefd648eb4c1d29478ed39a82f395c,0008000060000000b85c00002a010000,,,,,False,,,,,,,,,,False,False
/a/0/6/5,/a/0/6/5!/member_00550,0,/a/0/6/5,194,550,,15295856,15315026,15290396,15309566,19170,5d2473ffeec8d36a9717bf265d0759fdb45efb7fb1a6ef3d312630adad2d83ad,00080000300000005c42000042000000,,,,,False,,,,,,,,,,False,False
/a/0/6/5,/a/0/6/5!/member_00551,0,/a/0/6/5,194,551,,15315028,15344818,15309568,15339358,29790,c8c1a5ba6125c1b693888ef9bb8b46994e9c74d6357ad41a40382f787cbf99e9,0008000060000000fc6a0000ee000000,,,,,False,,,,,,,,,,False,False
/a/0/6/5,/a/0/6/5!/member_00552,0,/a/0/6/5,194,552,,15344820,15377778,15339360,15372318,32958,1cece58656474ded4e787635faa0a3f20875b8be53d81a080d6a2a5291d94f8b,00080000600000004c770000c6000000,,,,,False,,,,,,,,,,False,False
/a/0/6/5,/a/0/6/5!/member_00553,0,/a/0/6/5,194,553,,15377780,15415686,15372320,15410226,37906,a90fa6ad3de721dfbea2a47e93033ff755c0f99c71b1d8a166aa4eca332e6c3f,0008000030000000088900004e020000,,,,,False,,,,,,,,,,False,False
/a/0/6/5,/a/0/6/5!/member_00554,0,/a/0/6/5,194,554,,15415688,15442042,15410228,15436582,26354,d88c0d500ded1c635d4140f191da44a03ce63d52b70c332c2c194e6ec6b2f224,0008000030000000045d0000aa010000,,,,,False,,,,,,,,,,False,False
/a/0/6/5,/a/0/6/5!/member_00555,0,/a/0/6/5,194,555,,15442044,15482226,15436584,15476766,40182,689f0613661235552d93ba9ca65d8f981024b76f01440b484e97c715f62790ea,0008000000000000889200005a020000,,,,,False,,,,,,,,,,False,False
/a/0/6/5,/a/0/6/5!/member_00556,0,/a/0/6/5,194,556,,15482228,15504674,15476768,15499214,22446,09b9169f07a931646629dcbac37e45b8934b5f4dee3425cf4fcb89bcdd2f0ca7,0008000060000000084e000032010000,,,,,False,,,,,,,,,,False,False
/a/0/6/5,/a/0/6/5!/member_00557,0,/a/0/6/5,194,557,,15504676,15531762,15499216,15526302,27086,ab80b5c2352d89bb0f7218d1530b262ba7ba9a066a52d75acd44f9c83d3eb16a,00080000600000008c5f0000ce010000,,,,,False,,,,,,,,,,False,False
/a/0/6/5,/a/0/6/5!/member_00558,0,/a/0/6/5,194,558,,15531764,15584860,15526304,15579400,53096,0558ee9a6a636b9d2f46a1c6608e6268229931408dd380cf51500dd5555b34c0,000800006000000018c30000dc030000,,,,,False,,,,,,,,,,False,False
/a/0/6/5,/a/0/6/5!/member_00559,0,/a/0/6/5,194,559,,15584860,15605950,15579400,15600490,21090,ccb3394d4492bdf1192dccb1fac7d184fb23bfa650891ea892ac2c8bc1b3dd14,000800003000000070480000ae010000,,,,,False,,,,,,,,,,False,False
/a/0/6/5,/a/0/6/5!/member_00560,0,/a/0/6/5,194,560,,15605952,15650354,15600492,15644894,44402,dbb850953fd7bd9d0cac157e79b417a08f64c31104c0816f2943d791737afa6d,00080000000000001ca5000042000000,,,,,False,,,,,,,,,,False,False
/a/0/6/5,/a/0/6/5!/member_00561,0,/a/0/6/5,194,561,,15650356,15670570,15644896,15665110,20214,c717242a6f92f5b891884e89510759fbb4a36aa5190aff3c35d382d9d458939a,0008000060000000f44500008e000000,,,,,False,,,,,,,,,,False,False
/a/0/6/5,/a/0/6/5!/member_00562,0,/a/0/6/5,194,562,,15670572,15685966,15665112,15680506,15394,9b44fd62f41936fae863e9b15027ca567c02974e782069202db9ea2c6be91d13,00080000000000005c330000b2000000,,,,,False,,,,,,,,,,False,False
/a/0/6/5,/a/0/6/5!/member_00563,0,/a/0/6/5,194,563,,15685968,15714810,15680508,15709350,28842,f235af6eca07696f24e896852d7cc7993f9037c94c51f2c20e11da1703c29e9c,00080000c0000000306600008e010000,,,,,False,,,,,,,,,,False,False
/a/0/6/5,/a/0/6/5!/member_00564,0,/a/0/6/5,194,564,,15714812,15745464,15709352,15740004,30652,cc353ac529cc21edd86ac033232d04bf8885c99b7bee650b668106ac110785ec,00080000c0000000ac6b000024030000,,,,,False,,,,,,,,,,False,False
/a/0/6/5,/a/0/6/5!/member_00565,0,/a/0/6/5,194,565,,15745464,15789866,15740004,15784406,44402,2d135818c9e0872d4e228f7af1a3d37b19502bc192144ddbab469dc0dfee3b9b,00080000000000001ca5000042000000,,,,,False,,,,,,,,,,False,False
/a/0/6/5,/a/0/6/5!/member_00566,0,/a/0/6/5,194,566,,15789868,15846310,15784408,15840850,56442,4b23da70ff10179de0eadaf65ebf2f1981726fb96a82bde58388fac2e91c3d5e,0008000030000000bcd2000062010000,,,,,False,,,,,,,,,,False,False
/a/0/6/5,/a/0/6/5!/member_00567,0,/a/0/6/5,194,567,,15846312,15898680,15840852,15893220,52368,ee1bc11c36ca500a4f8b156fc2ddde6419aef1116450379daa2e9852e7775605,00080000c0000000e0b90000c4090000,,,,,False,,,,,,,,,,False,False
/a/0/6/5,/a/0/6/5!/member_00568,0,/a/0/6/5,194,568,,15898680,15956736,15893220,15951276,58056,09356bb2fae0b80a699d449dd997b5c661183a2b8fd48c1881a998d492fcdaa6,0008000030000000b4d8000098010000,,,,,False,,,,,,,,,,False,False
/a/0/6/5,/a/0/6/5!/member_00569,0,/a/0/6/5,194,569,,15956736,16002540,15951276,15997080,45804,286683c74c1de36f993c2c8b54693c36ae1e548b5fa937f4889fd1c007c49e37,0008000000000000d8a9000000010000,,,,,False,,,,,,,,,,False,False
/a/0/6/5,/a/0/6/5!/member_00570,0,/a/0/6/5,194,570,,16002540,16046248,15997080,16040788,43708,cf8cfb37f85b569dbbd813126283fca1ad9dd56a5202561eea54952b7690928b,0008000030000000ec9f00003c020000,,,,,False,,,,,,,,,,False,False
/a/0/6/5,/a/0/6/5!/member_00571,0,/a/0/6/5,194,571,,16046248,16110338,16040788,16104878,64090,107c826116fa014517f6c82747ba66dd1d2cbc6a55d6284360605b5c57bdb342,0008000000000000d4ef00003a020000,,,,,False,,,,,,,,,,False,False
/a/0/6/5,/a/0/6/5!/member_00572,0,/a/0/6/5,194,572,,16110340,16128682,16104880,16123222,18342,389d07e7cf685015fa0a7118962f6e378e5e27e8f615362d7a338d7045f30453,0008000000000000503f000042000000,,,,,False,,,,,,,,,,False,False
/a/0/6/5,/a/0/6/5!/member_00573,0,/a/0/6/5,194,573,,16128684,16147290,16123224,16141830,18606,b02e722171f29146b2da821a2ef724beca5f5dbf789d5e6d59487da498856a04,00080000000000005840000042000000,,,,,False,,,,,,,,,,False,False
/a/0/6/5,/a/0/6/5!/member_00574,0,/a/0/6/5,194,574,,16147292,16181058,16141832,16175598,33766,454ffdb0148fb6f6d2e131c9afbe639e97cdd4cfaef2856406f0fe43b7693434,0008000000000000807a000052010000,,,,,False,,,,,,,,,,False,False
/a/0/6/5,/a/0/6/5!/member_00575,0,/a/0/6/5,194,575,,16181060,16213780,16175600,16208320,32720,ab97d96a897400303249b5d29b56452c17eff1dc83116365c5f1f800816e8931,00080000000000005476000068010000,,,,,False,,,,,,,,,,False,False
/a/0/6/5,/a/0/6/5!/member_00576,0,/a/0/6/5,194,576,,16213780,16252774,16208320,16247314,38994,fc28eb78d7e5a43ba8c332bbefc924b54620df4308db7b494b86fa1244780d84,0008000000000000ac8d000092020000,,,,,False,,,,,,,,,,False,False
/a/0/6/5,/a/0/6/5!/member_00577,0,/a/0/6/5,194,577,,16252776,16279528,16247316,16274068,26752,5e14f1e2cf1a3f8c69a66e81f274a4e58bbfda2f4f4cb3d62d396b743f67f7db,0008000000000000f05e00007c010000,,,,,False,,,,,,,,,,False,False
/a/0/6/5,/a/0/6/5!/member_00578,0,/a/0/6/5,194,578,,16279528,16331010,16274068,16325550,51482,d04de9a6d658c9282f6bae75d4f44ebeccdb778d83974be85da4f59b12c5d77c,000800000000000044bf0000c2010000,,,,,False,,,,,,,,,,False,False
/a/0/6/5,/a/0/6/5!/member_00579,0,/a/0/6/5,194,579,,16331012,16339542,16325552,16334082,8530,cee6f3082a2531f5cd0ab0e7751c7458f825897e19f9356d0070c5149e477c8b,0008000000000000fc18000042000000,,,,,False,,,,,,,,,,False,False
/a/0/6/5,/a/0/6/5!/member_00580,0,/a/0/6/5,194,580,,16339544,16389500,16334084,16384040,49956,946e0352fcbdf4691673bf00bb98eb28dd935c8d7aeca2fbf10e0d5d633e799c,000800000000000044b90000cc010000,,,,,False,,,,,,,,,,False,False
/a/0/6/5,/a/0/6/5!/member_00581,0,/a/0/6/5,194,581,,16389500,16401502,16384040,16396042,12002,ebcedf227b75fbaffbddad9b46ffe7d3f6914ffc0a04fda39911f0baf6638d4d,00080000000000008c26000042000000,,,,,False,,,,,,,,,,False,False
/a/0/6/5,/a/0/6/5!/member_00582,0,/a/0/6/5,194,582,,16401504,16414886,16396044,16409426,13382,3227ec891ae0cb4f57d856f66d481b888f94788e03eb4cdd45ba467feff1408a,0008000000000000f02b000042000000,,,,,False,,,,,,,,,,False,False
/a/0/6/5,/a/0/6/5!/member_00583,0,/a/0/6/5,194,583,,16414888,16451836,16409428,16446376,36948,ebc04963a75658561809bf94bb95de608b2f293c36287df05440209dd2f549f4,0008000000000000148700002c010000,,,,,False,,,,,,,,,,False,False
/a/0/6/5,/a/0/6/5!/member_00584,0,/a/0/6/5,194,584,,16451836,16498276,16446376,16492816,46440,cd2d6686d31c89af2cfd464d1288630f78272e643fd698ce433c81928d65b101,000800000000000030aa000024030000,,,,,False,,,,,,,,,,False,False
/a/0/6/5,/a/0/6/5!/member_00585,0,/a/0/6/5,194,585,,16498276,16513756,16492816,16508296,15480,d8fdda9f7fde84bc6ef73ffa471a24c436046d663a4f1ad017071e0f5d83a26e,0008000000000000d433000090000000,,,,,False,,,,,,,,,,False,False
/a/0/6/5,/a/0/6/5!/member_00586,0,/a/0/6/5,194,586,,16513756,16527374,16508296,16521914,13618,740383eff17a16da2f3f0437a70063f295be17eefbab771fb791fac7bb54f6e6,0008000000000000902c00008e000000,,,,,False,,,,,,,,,,False,False
/a/0/6/5,/a/0/6/5!/member_00587,0,/a/0/6/5,194,587,,16527376,16541874,16521916,16536414,14498,8128bf6ae20106947e71c3cd39d1bfbd87e639499cfea5c45d07357b844f71f1,0008000000000000003000008e000000,,,,,False,,,,,,,,,,False,False
/a/0/6/5,/a/0/6/5!/member_00588,0,/a/0/6/5,194,588,,16541876,16587638,16536416,16582178,45762,8cd1b4e727ccc5d700e693e53e3b13beeac5cefb6775e6725df7476d80c5830b,000800000000000010aa00009e000000,,,,,False,,,,,,,,,,False,False
/a/0/6/5,/a/0/6/5!/member_00589,0,/a/0/6/5,194,589,,16587640,16612618,16582180,16607158,24978,9b2b26fbeb1e0ecc1bb9f673969696d63b854d3b99ed65e2485df896f3742d0c,00080000000000003c59000042000000,,,,,False,,,,,,,,,,False,False
/a/0/6/5,/a/0/6/5!/member_00590,0,/a/0/6/5,194,590,,16612620,16649334,16607160,16643874,36714,ff23dfd924aa99ba67a7cf43715a8c49836d97e74e47c7d5afe3fb0cbbf980e4,0008000030000000808600009e000000,,,,,False,,,,,,,,,,False,False
/a/0/6/5,/a/0/6/5!/member_00591,0,/a/0/6/5,194,591,,16649336,16683210,16643876,16677750,33874,d489b4789ae6eab067e0f9c25a428d8c2c8a47ba3dcbf32c0211f59a4742741a,0008000000000000fc7b000042000000,,,,,False,,,,,,,,,,False,False
/a/0/6/5,/a/0/6/5!/member_00592,0,/a/0/6/5,194,592,,16683212,16699410,16677752,16693950,16198,347d92d5cca57a210fdf56d508e51247df9f8a8996d1c89a2d9c2ae9bed9d1ae,0008000000000000e836000042000000,,,,,False,,,,,,,,,,False,False
/a/0/6/5,/a/0/6/5!/member_00593,0,/a/0/6/5,194,593,,16699412,16714122,16693952,16708662,14710,df7d42d774ebf362aa30932d22ce627711088e92378aa3191efe51090730f56e,00080000000000002031000042000000,,,,,False,,,,,,,,,,False,False
/a/0/6/5,/a/0/6/5!/member_00594,0,/a/0/6/5,194,594,,16714124,16751554,16708664,16746094,37430,ce96667e66c5e859fcd294b71a5d5f5272eb2d4d477f149cbb1b18391508f265,00080000000000000c8800000e020000,,,,,False,,,,,,,,,,False,False
/a/0/6/5,/a/0/6/5!/member_00595,0,/a/0/6/5,194,595,,16751556,16809002,16746096,16803542,57446,4945a07ebe7485eb092e85d7a004173b9d079c1fdb6a1521ccc2d1b6d0c5d106,000800000000000028d50000f2020000,,,,,False,,,,,,,,,,False,False
/a/0/6/5,/a/0/6/5!/member_00596,0,/a/0/6/5,194,596,,16809004,16852110,16803544,16846650,43106,aeead00e3c4c9bd3fb39d29d9f04dd4826026f8394dc8cc13380bf34157eab23,0008000000000000989e00008e010000,,,,,False,,,,,,,,,,False,False
/a/0/6/5,/a/0/6/5!/member_00597,0,/a/0/6/5,194,597,,16852112,16886768,16846652,16881308,34656,8bac73545c9f020ccdb6a6b5d48902a650544ddc0495ee4eed87c863ff829619,0008000000000000587c0000ac020000,,,,,False,,,,,,,,,,False,False
/a/0/6/5,/a/0/6/5!/member_00598,0,/a/0/6/5,194,598,,16886768,16940712,16881308,16935252,53944,057ba9c1070bc7010ac192040d418a7b8eee848b395e8cee90f48b4801e77e8a,00080000000000003cc80000f0010000,,,,,False,,,,,,,,,,False,False
/a/0/6/5,/a/0/6/5!/member_00599,0,/a/0/6/5,194,599,,16940712,17001238,16935252,16995778,60526,cf0bc231fa031c830eedf457cc881c5d1f5b54aac360117b89d3661bde338d1e,00080000000000000ce200004e020000,,,,,False,,,,,,,,,,False,False
/a/0/6/5,/a/0/6/5!/member_00600,0,/a/0/6/5,194,600,,17001240,17004202,16995780,16998742,2962,99a848542fdda47ce6f2ed70c9bf9cf1ea7f11076788489e21fd718718f0ad5c,00080000000000003c03000042000000,,,,,False,,,,,,,,,,False,False
/a/0/6/5,/a/0/6/5!/member_00601,0,/a/0/6/5,194,601,,17004204,17048582,16998744,17043122,44378,4d1b75d8d3ffebfbcb3088fc3cd03cc8d1185bc702c63b61810e4f8458d3f973,000800000000000040a4000006010000,,,,,False,,,,,,,,,,False,False
/a/0/6/5,/a/0/6/5!/member_00602,0,/a/0/6/5,194,602,,17048584,17078106,17043124,17072646,29522,17d29db82fd68ce888a61af384ada9704431f3275a9542cbe517ee1924627ba7,0008000030000000d05a00003e100000,,,,,False,,,,,,,,,,False,False
/a/0/6/5,/a/0/6/5!/member_00603,0,/a/0/6/5,194,603,,17078108,17100692,17072648,17095232,22584,9dde1aff4e26b7118e6ab919f1e6bafff996efa0ebf9d6e2157a21bf6dafd135,0008000000000000504e0000d4010000,,,,,False,,,,,,,,,,False,False
/a/0/6/5,/a/0/6/5!/member_00604,0,/a/0/6/5,194,604,,17100692,17124438,17095232,17118978,23746,ebaea3c1ce159acf85695d1c33351fa790aed526737866ce86cef8233ffde563,00080000000000004852000066020000,,,,,False,,,,,,,,,,False,False
/a/0/6/5,/a/0/6/5!/member_00605,0,/a/0/6/5,194,605,,17124440,17153282,17118980,17147822,28842,b128040785182b79f545edb3c0ba77b53d2df3b218d1ca1409b66a41f42d772c,00080000000000003c6400005a040000,,,,,False,,,,,,,,,,False,False
/a/0/6/5,/a/0/6/5!/member_00606,0,/a/0/6/5,194,606,,17153284,17181776,17147824,17176316,28492,0afb21e127cbe183497895b8f2ce1914e83886c6af4facc66f0828a032b104d8,0008000060000000a4590000340d0000,,,,,False,,,,,,,,,,False,False
/a/0/6/5,/a/0/6/5!/member_00607,0,/a/0/6/5,194,607,,17181776,17211738,17176316,17206278,29962,bd886308a91001bdb0496d362f7d9661d377b505a83aeedc08488f4c0afa6d7d,0008000030000000985c00002e100000,,,,,False,,,,,,,,,,False,False
/a/0/6/5,/a/0/6/5!/member_00608,0,/a/0/6/5,194,608,,17211740,17234588,17206280,17229128,22848,03385c42e3c11d107d9aa36c665655756e9e7bcd2ec2ae66ab43b232fa2b450f,0008000030000000e8440000140c0000,,,,,False,,,,,,,,,,False,False
/a/0/6/5,/a/0/6/5!/member_00609,0,/a/0/6/5,194,609,,17234588,17264048,17229128,17258588,29460,87aaba374ba0c8a4fbe28e1afc58dae0e20e770e42fea52b4382d73e544e70a5,0008000030000000d05f0000000b0000,,,,,False,,,,,,,,,,False,False
/a/0/6/5,/a/0/6/5!/member_00610,0,/a/0/6/5,194,610,,17264048,17297202,17258588,17291742,33154,2eac280ae1689c5a4b70ffe9be35f8eec81aad3f5283e9389289c3ef9eecebd6,0008000030000000a46e00009a0a0000,,,,,False,,,,,,,,,,False,False
/a/0/6/5,/a/0/6/5!/member_00611,0,/a/0/6/5,194,611,,17297204,17328546,17291744,17323086,31342,28ee85c63c6ff214dce1ddc94b2a2cd282dc439684a92968a1185151dc212121,0008000030000000a4650000860c0000,,,,,False,,,,,,,,,,False,False
/a/0/6/5,/a/0/6/5!/member_00612,0,/a/0/6/5,194,612,,17328548,17354142,17323088,17348682,25594,18dfef60247a41604449fa376e39a52fbfe048881a376ce6b7e706ba5c3d94e5,0008000030000000c8510000ee090000,,,,,False,,,,,,,,,,False,False
/a/0/6/5,/a/0/6/5!/member_00613,0,/a/0/6/5,194,613,,17354144,17382230,17348684,17376770,28086,1ecba48c746bcc75c4ea216382c9588be179001293e1ed92acec152451d43508,0008000030000000085800006a0d0000,,,,,False,,,,,,,,,,False,False
/a/0/6/5,/a/0/6/5!/member_00614,0,/a/0/6/5,194,614,,17382232,17396082,17376772,17390622,13850,7cf48f8dd5814014b67fcc673db3e8fc07030055e0750938333412d9ccdce969,0008000030000000942d000042000000,,,,,False,,,,,,,,,,False,False
/a/0/6/5,/a/0/6/5!/member_00615,0,/a/0/6/5,194,615,,17396084,17444226,17390624,17438766,48142,8bb587fd5d3d5b5d9e452958fc3d6f7e401793ce4dd518c588f9e0044da714d4,0008000030000000f0b00000a2020000,,,,,False,,,,,,,,,,False,False
/a/0/6/5,/a/0/6/5!/member_00616,0,/a/0/6/5,194,616,,17444228,17478300,17438768,17472840,34072,f96a4188e0d331251c48450c47eeed23850d8a9c4599a6aa837d9b67d3f33b45,0008000000000000a07b00004c010000,,,,,False,,,,,,,,,,False,False
/a/0/6/5,/a/0/6/5!/member_00617,0,/a/0/6/5,194,617,,17478300,17511892,17472840,17506432,33592,9d53c10024dbe58a5516dc95a6e3c1129f59076357c8cb79c24488e71f72eb5f,00080000c000000000780000f4010000,,,,,False,,,,,,,,,,False,False
/a/0/6/5,/a/0/6/5!/member_00618,0,/a/0/6/5,194,618,,17511892,17539978,17506432,17534518,28086,904c8c8d5d12c05c9b5d3b76c9a090ed964540d735be8edafc91f561bdfdda3c,00080000000000004c6300001e020000,,,,,False,,,,,,,,,,False,False
/a/0/6/5,/a/0/6/5!/member_00619,0,/a/0/6/5,194,619,,17539980,17580028,17534520,17574568,40048,130cd96253778ec57245d64c2bd67ab6b4e6a1e08afd5e1d9f908747020aa11f,00080000300000003092000074010000,,,,,False,,,,,,,,,,False,False
/a/0/6/5,/a/0/6/5!/member_00620,0,/a/0/6/5,194,620,,17580028,17623982,17574568,17618522,43954,da806a2ca923b2840da10437ff5e338bf28c649c747c322adb989b156e2fd686,000800003000000014a10000b2010000,,,,,False,,,,,,,,,,False,False
/a/0/6/5,/a/0/6/5!/member_00621,0,/a/0/6/5,194,621,,17623984,17636222,17618524,17630762,12238,56e8a2699d76873e53b9ca0022a6daf474ef6b6aec3cc19f52c67e559ebc880e,00080000300000004027000042000000,,,,,False,,,,,,,,,,False,False
/a/0/6/5,/a/0/6/5!/member_00622,0,/a/0/6/5,194,622,,17636224,17659078,17630764,17653618,22854,eacb55c91c56d7556637aa3a8ebad62c5d235184fa4df89497c080f88eab76ab,0008000030000000c050000042000000,,,,,False,,,,,,,,,,False,False
/a/0/6/5,/a/0/6/5!/member_00623,0,/a/0/6/5,194,623,,17659080,17678466,17653620,17673006,19386,99ee27b543bc94baaca903301cc13f8fbaf33e09389cdc0d068ed82ace57ed02,00080000000000008442000022010000,,,,,False,,,,,,,,,,False,False
/a/0/6/5,/a/0/6/5!/member_00624,0,/a/0/6/5,194,624,,17678468,17712874,17673008,17707414,34406,6c88c8b7c13a3b14218ed8df497378af846b418a25156bde3d6dd9a7667800d4,0008000000000000d47b00007e020000,,,,,False,,,,,,,,,,False,False
/a/0/6/5,/a/0/6/5!/member_00625,0,/a/0/6/5,194,625,,17712876,17740332,17707416,17734872,27456,ca3205c14d2e619604a192b90146a78b533eda5d1a9367bd88ebecaaa116e8d0,0008000000000000006200002c010000,,,,,False,,,,,,,,,,False,False
/a/0/6/5,/a/0/6/5!/member_00626,0,/a/0/6/5,194,626,,17740332,17760648,17734872,17755188,20316,011acc06015dc3d7c34b42111307449268f90f21890033c0246bd21206075eac,00080000000000002446000024010000,,,,,False,,,,,,,,,,False,False
/a/0/6/5,/a/0/6/5!/member_00627,0,/a/0/6/5,194,627,,17760648,17781498,17755188,17776038,20850,4ae05d75514683a6bc306ca6dda2f87116113842139c1dd11e6a061a5776b145,0008000030000000bc47000072010000,,,,,False,,,,,,,,,,False,False
/a/0/6/5,/a/0/6/5!/member_00628,0,/a/0/6/5,194,628,,17781500,17826106,17776040,17820646,44606,ccc3b1f6355c9ee1adee531e9b3573162e85e6a9496e5624dd34847733b03853,0008000000000000e8a5000042000000,,,,,False,,,,,,,,,,False,False
/a/0/6/5,/a/0/6/5!/member_00629,0,/a/0/6/5,194,629,,17826108,17870714,17820648,17865254,44606,45e832d34983ee881440fd5ea92322972777c719d5904f688f00a120f30a583a,0008000000000000e8a5000042000000,,,,,False,,,,,,,,,,False,False
/a/0/6/5,/a/0/6/5!/member_00630,0,/a/0/6/5,194,630,,17870716,17915322,17865256,17909862,44606,35872b02e4f1fa56950e2f68edc9e452626e1f9a1fb73965be1c12c620ebea56,0008000000000000e8a5000042000000,,,,,False,,,,,,,,,,False,False
/a/0/6/5,/a/0/6/5!/member_00631,0,/a/0/6/5,194,631,,17915324,17959930,17909864,17954470,44606,04527696061d38ed2e277464b8a02a5eba450df2940072f48c2c592dcecbcdea,0008000000000000e8a5000042000000,,,,,False,,,,,,,,,,False,False
/a/0/6/5,/a/0/6/5!/member_00632,0,/a/0/6/5,194,632,,17959932,18004538,17954472,17999078,44606,744245e3bb2a0e4316c533be36693f3e2990474da1806776d893b4dc384b6caf,0008000000000000e8a5000042000000,,,,,False,,,,,,,,,,False,False
/a/0/6/5,/a/0/6/5!/member_00633,0,/a/0/6/5,194,633,,18004540,18049146,17999080,18043686,44606,ef49fdbce2119c55933b15941ec4fa8e142903e293874924f7ca86f701d04043,0008000000000000e8a5000042000000,,,,,False,,,,,,,,,,False,False
/a/0/6/5,/a/0/6/5!/member_00634,0,/a/0/6/5,194,634,,18049148,18076866,18043688,18071406,27718,df43151ff1493378dcd2e0a9ff8323f63bd345ece4d08b64b553a6756b6c44e5,0008000000000000a862000082010000,,,,,False,,,,,,,,,,False,False
/a/0/6/5,/a/0/6/5!/member_00635,0,/a/0/6/5,194,635,,18076868,18103432,18071408,18097972,26564,dba9bee002a9f9734cd4ff4800aa1daa82c81a36fd0fb7db97963b21f2db3bb9,0008000000000000e45e0000ac000000,,,,,False,,,,,,,,,,False,False
/a/0/6/5,/a/0/6/5!/member_00636,0,/a/0/6/5,194,636,,18103432,18126798,18097972,18121338,23366,524183752705542f64c8166ab02263d3e2eb8cc5bacebdd00fb62d83c0bfa3b5,00080000000000005c510000be010000,,,,,False,,,,,,,,,,False,False
/a/0/6/5,/a/0/6/5!/member_00637,0,/a/0/6/5,194,637,,18126800,18142268,18121340,18136808,15468,f5a5c9a86e054e18b68ebafca27a29654f776521f5ef031b5f6348895da831a1,0008000000000000a4330000ac000000,,,,,False,,,,,,,,,,False,False
/a/0/6/5,/a/0/6/5!/member_00638,0,/a/0/6/5,194,638,,18142268,18160954,18136808,18155494,18686,ae77b40c80f71f12cba46790a1ee46f5b938e96ab20638ba007cdc62cb2952d1,00080000c0000000583f0000c2000000,,,,,False,,,,,,,,,,False,False
/a/0/6/5,/a/0/6/5!/member_00639,0,/a/0/6/5,194,639,,18160956,18178886,18155496,18173426,17930,e3589038a35608390b195c8ffa6dc750197f46b42f834b5aeac1049497477ce4,00080000c000000084380000b2040000,,,,,False,,,,,,,,,,False,False
/a/0/6/5,/a/0/6/5!/member_00640,0,/a/0/6/5,194,640,,18178888,18204466,18173428,18199006,25578,47925919ce7f575ca29e92ec537cb8630bcd0adeb667e7cb53e062706f9cf72b,0008000060000000ac590000a2010000,,,,,False,,,,,,,,,,False,False
/a/0/6/5,/a/0/6/5!/member_00641,0,/a/0/6/5,194,641,,18204468,18215830,18199008,18210370,11362,12bd3102c4b064dfcefa43f3a7f4a1f6396a2a79bc3994f25f291dedbb5cab96,0008000060000000c01f00002e040000,,,,,False,,,,,,,,,,False,False
/a/0/6/5,/a/0/6/5!/member_00642,0,/a/0/6/5,194,642,,18215832,18253470,18210372,18248010,37638,75825e213a5f5ce73ebc097fc1af9b19954e87e84fc59ce7bbd6bc298be4ab12,00080000c00000001489000006010000,,,,,False,,,,,,,,,,False,False
/a/0/6/5,/a/0/6/5!/member_00643,0,/a/0/6/5,194,643,,18253472,18293788,18248012,18288328,40316,70307c3559a2669c7f43eb9489ec601f438c012a942587688680f9684e314073,00080000f0000000b0930000c8000000,,,,,False,,,,,,,,,,False,False
/a/0/6/5,/a/0/6/5!/member_00644,0,/a/0/6/5,194,644,,18293788,18318430,18288328,18312970,24642,cbfa79ad0274b9bdbeeb01afd05b4e68d8a1250033ed05aaa311cfb0f9af2a92,00080000600000006c57000042000000,,,,,False,,,,,,,,,,False,False
/a/0/6/5,/a/0/6/5!/member_00645,0,/a/0/6/5,194,645,,18318432,18334846,18312972,18329386,16414,af3b29957c73919f4eaf92730ab082638e12c221c0603f2123859ca8f1a14282,00080000c00000000837000042000000,,,,,False,,,,,,,,,,False,False
/a/0/6/5,/a/0/6/5!/member_00646,0,/a/0/6/5,194,646,,18334848,18366690,18329388,18361230,31842,e8e5b0ea5f89d2263180cc2ee2774b2d718ff4a27167309eb11c82a70bb8bdeb,00080000b00100005c72000042000000,,,,,False,,,,,,,,,,False,False
/a/0/6/5,/a/0/6/5!/member_00647,0,/a/0/6/5,194,647,,18366692,18394730,18361232,18389270,28038,03ea2fa945da4c64b06300a4c91c0120bba3ce13cc009d09efb72a8c74ab4590,0008000050010000e063000042000000,,,,,False,,,,,,,,,,False,False
/a/0/6/5,/a/0/6/5!/member_00648,0,/a/0/6/5,194,648,,18394732,18429646,18389272,18424186,34914,9d6b25f5ce2d823fa2afff71b626aafec97d690f3bbd982833d8f2a0cc5f6aa5,0008000030000000dc7f000042000000,,,,,False,,,,,,,,,,False,False
/a/0/6/5,/a/0/6/5!/member_00649,0,/a/0/6/5,194,649,,18429648,18461050,18424188,18455590,31402,6dc6461dda4e9763b9a2938ac2b1137746d7c2015f248efcf45817b21993cc51,00080000000000005472000042000000,,,,,False,,,,,,,,,,False,False
/a/0/6/5,/a/0/6/5!/member_00650,0,/a/0/6/5,194,650,,18461052,18479842,18455592,18474382,18790,7d699f7a29ff485c3d13aabe311ffc81da722d1b2d2b8167c83947c1a4247e2e,0008000030030000743d0000ae000000,,,,,False,,,,,,,,,,False,False
/a/0/6/5,/a/0/6/5!/member_00651,0,/a/0/6/5,194,651,,18479844,18501136,18474384,18495676,21292,cf40155bfe9aac396f9fdbea2118d0634190b41fd37f7e75065ffadd2405c397,0008000050010000f4480000a4000000,,,,,False,,,,,,,,,,False,False
/a/0/6/5,/a/0/6/5!/member_00652,0,/a/0/6/5,194,652,,18501136,18528122,18495676,18522662,26986,38b9bf6eeeb70852d0adf45303b3e9e6b342ae2454e6a60e44e92556fa95746c,00080000000000001461000042000000,,,,,False,,,,,,,,,,False,False
/a/0/6/5,/a/0/6/5!/member_00653,0,/a/0/6/5,194,653,,18528124,18561470,18522664,18556010,33346,c43e433c734e092f1225d9de6c239cbc7d76334d466453744d589b9050cd7bc2,0008000000000000ec760000a2020000,,,,,False,,,,,,,,,,False,False
/a/0/6/5,/a/0/6/5!/member_00654,0,/a/0/6/5,194,654,,18561472,18597494,18556012,18592034,36022,cd67bfe4b5b139f08ba0b6097cff6705b5fe33354f0260979f3ba17a93d24e5d,00080000000000006084000042000000,,,,,False,,,,,,,,,,False,False
/a/0/6/5,/a/0/6/5!/member_00655,0,/a/0/6/5,194,655,,18597496,18646866,18592036,18641406,49370,3a4055c628f31f8ec557517641569e589af3db57c772997f2c2bb2907e540699,000800000000000060b6000066020000,,,,,False,,,,,,,,,,False,False
/a/0/6/5,/a/0/6/5!/member_00656,0,/a/0/6/5,194,656,,18646868,18707168,18641408,18701708,60300,d7984d5fe41d3f429ebc4846b260d2b9c7b05a8969e42810fb758c3fc3149d27,0008000000000000c4df00005c030000,,,,,False,,,,,,,,,,False,False
/a/0/6/5,/a/0/6/5!/member_00657,0,/a/0/6/5,194,657,,18707168,18769586,18701708,18764126,62418,926b7d7143936dbb68f7cb86cc351a1d4fc21129b3e072d06b637508bc3af4ff,000800000000000034e6000082040000,,,,,False,,,,,,,,,,False,False
/a/0/6/5,/a/0/6/5!/member_00658,0,/a/0/6/5,194,658,,18769588,18804502,18764128,18799042,34914,933925eee94cac50e791ae9597c1e4d2de2feaa3c0662d8904b29ca68497294e,0008000000000000245600002a2a0000,,,,,False,,,,,,,,,,False,False
/a/0/6/5,/a/0/6/5!/member_00659,0,/a/0/6/5,194,659,,18804504,18840894,18799044,18835434,36390,a25e231d5c28b73399bdd0a1df9b6c9a494c17665744fad2767985c753ac3f9b,0008000000000000b481000046030000,,,,,False,,,,,,,,,,False,False
/a/0/6/5,/a/0/6/5!/member_00660,0,/a/0/6/5,194,660,,18840896,18905266,18835436,18899806,64370,74187dcfce89f77184cce959101c6e1f9359dd996ba8aaa4a0615de34d2199cb,000800000000000090ee00000e040000,,,,,False,,,,,,,,,,False,False
/a/0/6/5,/a/0/6/5!/member_00661,0,/a/0/6/5,194,661,,18905268,18949618,18899808,18944158,44350,bc101f030117b5af4fd1a8c792e3c6c757406f821c50afde22726e3df97d59f2,0008000000000000e8a4000042000000,,,,,False,,,,,,,,,,False,False
/a/0/6/5,/a/0/6/5!/member_00662,0,/a/0/6/5,194,662,,18949620,18999494,18944160,18994034,49874,f3caf56e7f0b637430def5e22225dcf11a7da651333a9d5771ab166b1d985ec3,000800000000000014b90000aa010000,,,,,False,,,,,,,,,,False,False
/a/0/6/5,/a/0/6/5!/member_00663,0,/a/0/6/5,194,663,,18999496,19031182,18994036,19025722,31686,36826d7119402e593e51cc88aad6ccfd6b64371b7cc88e80a29655a43aa2b31e,00080000000000007073000042000000,,,,,False,,,,,,,,,,False,False
/a/0/6/5,/a/0/6/5!/member_00664,0,/a/0/6/5,194,664,,19031184,19075790,19025724,19070330,44606,390304d8b861828b896d9c1c58217ffb0993b444f16e7948746eb1ea98381615,0008000000000000e8a5000042000000,,,,,False,,,,,,,,,,False,False
/a/0/6/5,/a/0/6/5!/member_00665,0,/a/0/6/5,194,665,,19075792,19120398,19070332,19114938,44606,223dfe80b979fa3c031879be9c65b88b1e92fcb984cf191aa8e0c6cb1897b34e,0008000000000000e8a5000042000000,,,,,False,,,,,,,,,,False,False
/a/0/6/5,/a/0/6/5!/member_00666,0,/a/0/6/5,194,666,,19120400,19140706,19114940,19135246,20306,f99bf6e1202190a1206503f4305d2c4b5a55307b928451ceddfa241baf88919f,0008000000000000fc46000042000000,,,,,False,,,,,,,,,,False,False
/a/0/6/5,/a/0/6/5!/member_00667,0,/a/0/6/5,194,667,,19140708,19168956,19135248,19163496,28248,f911af2712db634235ef25473d3e75f2bf7b835e4663bfc6ebcdc3a333760ba4,0008000000000000c05700007c0e0000,,,,,False,,,,,,,,,,False,False
/a/0/6/5,/a/0/6/5!/member_00668,0,/a/0/6/5,194,668,,19168956,19231300,19163496,19225840,62344,97a845069d1f7337475bbb98fefc61a8b2a6fc11f61dceb80c0d4183cda9f4de,00080000000000006ce90000d8010000,,,,,False,,,,,,,,,,False,False
/a/0/6/5,/a/0/6/5!/member_00669,0,/a/0/6/5,194,669,,19231300,19283172,19225840,19277712,51872,a831394af617e770a1219967d6bc77c9f3f5d3df68ef2006eec259e446009252,0008000030000000fcc0000060010000,,,,,False,,,,,,,,,,False,False
/a/0/6/5,/a/0/6/5!/member_00670,0,/a/0/6/5,194,670,,19283172,19318236,19277712,19312776,35064,f66978221ad8a7abd6f0ddd5d64172c3a26da69f3b253d9bba554236141f9ed9,0008000000000000387e00005c020000,,,,,False,,,,,,,,,,False,False
/a/0/6/5,/a/0/6/5!/member_00671,0,/a/0/6/5,194,671,,19318236,19348850,19312776,19343390,30614,4fa9d592adc73653ee6452a1461934727f719bc6b953a62e72ecfa4b310ba3b1,0008000090000000b06e000042000000,,,,,False,,,,,,,,,,False,False
/a/0/6/5,/a/0/6/5!/member_00672,0,/a/0/6/5,194,672,,19348852,19398314,19343392,19392854,49462,96ca2ccf0e69662cd1a1995007ff8fba402ef1503d2525fcddc493e6338a6f4e,0008000000000000b4b700006e010000,,,,,False,,,,,,,,,,False,False
/a/0/6/5,/a/0/6/5!/member_00673,0,/a/0/6/5,194,673,,19398316,19443490,19392856,19438030,45174,53cf7ebe5c9f4460ce3a21afb755c41fcf6d23d861755a482852d78a7f1de66e,0008000030000000f0a7000042000000,,,,,False,,,,,,,,,,False,False
/a/0/6/5,/a/0/6/5!/member_00674,0,/a/0/6/5,194,674,,19443492,19488706,19438032,19483246,45214,9403549f8a6aff38b9f94f47d336603e3f4930c2c526a66e0f2810922877bd22,000800003000000018a8000042000000,,,,,False,,,,,,,,,,False,False
/a/0/6/5,/a/0/6/5!/member_00675,0,/a/0/6/5,194,675,,19488708,19536642,19483248,19531182,47934,c37235bb39aa6e389dd2379e120a92a64a9abdc495cf4e866d9867188fced9a7,0008000030000000b8b2000042000000,,,,,False,,,,,,,,,,False,False
/a/0/6/6,/a/0/6/6!/member_00000,0,/a/0/6/6,195,0,,564,576,0,12,12,af18adc3aa682d710deedda9542e60fe59ce7c5c03be24d0593de833d50a91e2,14000201030f0a0000000019,,,,,False,,,,,,,,,,False,False
/a/0/6/6,/a/0/6/6!/member_00001,0,/a/0/6/6,195,1,,576,588,12,24,12,68cb33509d8e7be9c09badb9dc0e926eca1d580a4ac717ff57096388182575f7,50000501030f000a00000019,,,,,False,,,,,,,,,,False,False
/a/0/6/6,/a/0/6/6!/member_00002,0,/a/0/6/6,195,2,,588,600,24,36,12,d1104b0b7725c5ab36e2006982d7f8921504e7876942076b3a2050008b381313,28000101030f00000a000019,,,,,True,Nintendo Huffman 8-bit,Probable,False,65792,,,,,,False,False
/a/0/6/6,/a/0/6/6!/member_00003,0,/a/0/6/6,195,3,,600,612,36,48,12,7480f4a70e89c6680b6f6c23184568e9fe89a79c174f866d47138bd4a403e7eb,20000301030f0000000a0019,,Nintendo Huffman,Probable,,True,Nintendo Huffman,Probable,False,66304,,,,,,False,False
/a/0/6/6,/a/0/6/6!/member_00004,0,/a/0/6/6,195,4,,612,624,48,60,12,f24e79bba8aeecdc63e319f9d73006ccb323092914129b7c14e590068705ad4c,32000501030f000000000a19,,,,,False,,,,,,,,,,False,False
/a/0/6/6,/a/0/6/6!/member_00005,0,/a/0/6/6,195,5,,624,636,60,72,12,447be957848cf72df0a478a3539f5047c63e19e475f4687b7454e32d53fddb14,1c000401040f0a000a0a0a14,,,,,False,,,,,,,,,,False,False
/a/0/6/6,/a/0/6/6!/member_00006,0,/a/0/6/6,195,6,,636,648,72,84,12,b2dabb530f013231d2a6b6d527376e86d448cafd8938bbf29a7bd9bdef312835,23000501040f0a0a000a0a14,,,,,False,,,,,,,,,,False,False
/a/0/6/6,/a/0/6/6!/member_00007,0,/a/0/6/6,195,7,,648,660,84,96,12,a480c6d55ba91db7346f1979000cc0e214aa4af505ba1aadde25f00760288f08,2f000301040f0a0a0a000a14,,,,,False,,,,,,,,,,False,False
/a/0/6/6,/a/0/6/6!/member_00008,0,/a/0/6/6,195,8,,660,672,96,108,12,d20e430fba482894c14464d574238393eaa5b7b1c473dbc9e699a0c0f9fe9e09,220005010c080a0a0a0a0014,,,,,False,,,,,,,,,,False,False
/a/0/6/6,/a/0/6/6!/member_00009,0,/a/0/6/6,195,9,,672,684,108,120,12,065e602081ec3a562b804fbf0e82626763ecb8cea88c0d9b4926c73bc41d151a,5f0004010807000a0a0a0a14,,,,,False,,,,,,,,,,False,False
/a/0/6/6,/a/0/6/6!/member_00010,0,/a/0/6/6,195,10,,684,696,120,132,12,aaf3e4aec4c72e165247a30e33febbad3eba85ed92046cad0cf76e02e19bf786,64000201050a0f0000000019,,,,,False,,,,,,,,,,False,False
/a/0/6/6,/a/0/6/6!/member_00011,0,/a/0/6/6,195,11,,696,708,132,144,12,187cfd0a0763c76d803a667bd68308a79ecf305bafb70c4853c7e02dd1dd8ccc,73000301050a000f00000019,,,,,False,,,,,,,,,,False,False
/a/0/6/6,/a/0/6/6!/member_00012,0,/a/0/6/6,195,12,,708,720,144,156,12,02d96b6bf63960db08ec5b28d3aa0239557602bc400b909694a9cab239123e8b,7e000301050a00000f000019,,,,,False,,,,,,,,,,False,False
/a/0/6/6,/a/0/6/6!/member_00013,0,/a/0/6/6,195,13,,720,732,156,168,12,adf899e4083844d0133b6caab2fc2b08ad7fc645acd52f6a529cd8e26387f822,40000501050a0000000f0019,,,,,False,,,,,,,,,,False,False
/a/0/6/6,/a/0/6/6!/member_00014,0,/a/0/6/6,195,14,,732,744,168,180,12,2619623feb5be9c501e0dc06cdec28ffe9aff0b323de58fff3cdd399ef1948ad,df000201050a000000000f19,,,,,False,,,,,,,,,,False,False
/a/0/6/6,/a/0/6/6!/member_00015,0,/a/0/6/6,195,15,,744,756,180,192,12,a3d5e167eeaa20861593f135558697e19cf8d2955b0342c69939a0c8234d4249,7800040202230a0a00000014,,,,,False,,,,,,,,,,False,False
/a/0/6/6,/a/0/6/6!/member_00016,0,/a/0/6/6,195,16,,756,768,192,204,12,7884f01fd3ee450538f11e5b7859fa965276689f1ec7a7306347c6eddeb74763,6c0002020223000a0a000014,,,,,False,,,,,,,,,,False,False
/a/0/6/6,/a/0/6/6!/member_00017,0,/a/0/6/6,195,17,,768,780,204,216,12,382975d5388cbb60700b0ad80ff4d2d46c16198d55878bdad1cbc787a0dd2e73,4d000402022300000a0a0014,,,,,False,,,,,,,,,,False,False
/a/0/6/6,/a/0/6/6!/member_00018,0,/a/0/6/6,195,18,,780,792,216,228,12,f9675b97f9bbd705fec2313602465a188bc244dbc36bd517e09a1b8fc58a27cf,4a00050202230000000a0a14,,,,,False,,,,,,,,,,False,False
/a/0/6/6,/a/0/6/6!/member_00019,0,/a/0/6/6,195,19,,792,804,228,240,12,e89b44c2738176cf9fade84dee5926f1e053e0dab4337510a6a5e4ee811a1925,5000030202230a0000000a14,,,,,False,,,,,,,,,,False,False
/a/0/6/6,/a/0/6/6!/member_00020,0,/a/0/6/6,195,20,,804,816,240,252,12,728f9ae7fb05c971427e2de86678ce8364ef595da843dfb3a5e1b57b2c71728f,8700040108080a000a0a0014,,,,,False,,,,,,,,,,False,False
/a/0/6/6,/a/0/6/6!/member_00021,0,/a/0/6/6,195,21,,816,828,252,264,12,f0ff963bdd6738533590ac9fa9193bdce0b5745f0a96d4410203904764a0decb,960003010808000a000a0a14,,,,,False,,,,,,,,,,False,False
/a/0/6/6,/a/0/6/6!/member_00022,0,/a/0/6/6,195,22,,828,840,264,276,12,1c5a90b3ad2570f7036fe74028ed766d927959bb3dce9f0b79541b1a9a204458,6e00030108080a000a000a14,,,,,False,,,,,,,,,,False,False
/a/0/6/6,/a/0/6/6!/member_00023,0,/a/0/6/6,195,23,,840,852,276,288,12,755625829fa321fcd35af183359c09c33960fb409c7fd1389ca2f5b03e6a4790,a200030108080a0a000a0014,,,,,False,,,,,,,,,,False,False
/a/0/6/6,/a/0/6/6!/member_00024,0,/a/0/6/6,195,24,,852,864,288,300,12,bfadb55222002434c6b69b334081f059ed61718179539f424a0f7525d21ab41a,950002010808000a0a000a14,,,,,False,,,,,,,,,,False,False
/a/0/6/6,/a/0/6/6!/member_00025,0,/a/0/6/6,195,25,,864,876,300,312,12,0084963d4ff563e01fc3c2e4027f05b047e44769a0db2c286ca4bb96deee6cb1,c80002010808140a0000001e,,,,,False,,,,,,,,,,False,False
/a/0/6/6,/a/0/6/6!/member_00026,0,/a/0/6/6,195,26,,876,888,312,324,12,5fea9d2f54e83aa743a557031e54484c25e862faf2484a9c23b335bf9a95de02,4b000302060a00140a00001e,,,,,False,,,,,,,,,,False,False
/a/0/6/6,/a/0/6/6!/member_00027,0,/a/0/6/6,195,27,,888,900,324,336,12,56fbdc43d5d2b1eea4b1fd644d7f4744f9df6bbe24b7212455e5806ba853acd7,8c000302060a0000140a001e,,,,,False,,,,,,,,,,False,False
/a/0/6/6,/a/0/6/6!/member_00028,0,/a/0/6/6,195,28,,900,912,336,348,12,ae5eb1e7d1baa6e19a155309f414b7c1d0f209aa184cde21bab0862a75f9ada8,e2000202060a000000140a1e,,,,,False,,,,,,,,,,False,False
/a/0/6/6,/a/0/6/6!/member_00029,0,/a/0/6/6,195,29,,912,924,348,360,12,c791177264db219b5db60570ecf106597b2b69a04ff4761b77ac8ad9ac778851,1d010502060a0a000000141e,,,,,False,,,,,,,,,,False,False
/a/0/6/6,/a/0/6/6!/member_00030,0,/a/0/6/6,195,30,,924,936,360,372,12,dbabea97f2851a342f9a7bb317000913fa2dfa7c3f06a43ca96c510ddbe2e5de,850002030f081e0a00000023,,,,,False,,,,,,,,,,False,False
/a/0/6/6,/a/0/6/6!/member_00031,0,/a/0/6/6,195,31,,936,948,372,384,12,0f7ee51a0af858a6f396853ad8629739d284d3a388274e97c1715e7e650fd3d4,f40001030f08001e0a000023,,,,,False,,,,,,,,,,False,False
/a/0/6/6,/a/0/6/6!/member_00032,0,/a/0/6/6,195,32,,948,960,384,396,12,872e17f743a3e8ff0b55d678c33a5306508e84a0f21a43f9dd168bfc0623b38b,fa0002030f0800001e0a0023,,,,,False,,,,,,,,,,False,False
/a/0/6/6,/a/0/6/6!/member_00033,0,/a/0/6/6,195,33,,960,972,396,408,12,e3b3920ebac021df339bcee7da1d48df211e0bdd4d8503020603ca6be1120f8e,180103030f080000001e0a23,,,,,False,,,,,,,,,,False,False
/a/0/6/6,/a/0/6/6!/member_00034,0,/a/0/6/6,195,34,,972,984,408,420,12,81498f5e4af9753b5091f924245ebc85a5fe93040dfc0db2ea007b5466d0b717,2c0101030f080a0000001e23,,,,,False,,,,,,,,,,False,False
/a/0/6/6,/a/0/6/6!/member_00035,0,/a/0/6/6,195,35,,984,996,420,432,12,3c2a724878ae34215fb50a06e02c868961ceaee81874014474ec4a20f88ef17c,5a00050112060f000a00001e,,,,,False,,,,,,,,,,False,False
/a/0/6/6,/a/0/6/6!/member_00036,0,/a/0/6/6,195,36,,996,1008,432,444,12,d7d8b5cbf2ca4310a0598476465644d12915f832cc4974aad68826b7294079b2,210002011206000f000a001e,,,,,False,,,,,,,,,,False,False
/a/0/6/6,/a/0/6/6!/member_00037,0,/a/0/6/6,195,37,,1008,1020,444,456,12,5192a765fe278ea7566308ef23a1f689de10c3888cf9c30abe7e1499f181fdcb,fa000101120600000f000a1e,,,,,False,,,,,,,,,,False,False
/a/0/6/6,/a/0/6/6!/member_00038,0,/a/0/6/6,195,38,,1020,1032,456,468,12,63b34cf9562b8db378f66975962b0e5c0d850f4fdf33d16108ec8b04c41f8cb9,9c00020112060a00000f001e,,,,,False,,,,,,,,,,False,False
/a/0/6/6,/a/0/6/6!/member_00039,0,/a/0/6/6,195,39,,1032,1044,468,480,12,8d602cf946cc9af442ac7fa4d71b8cd874fb624c71d890701ec9ecfbbae52561,870004011206000a00000f1e,,,,,False,,,,,,,,,,False,False
/a/0/6/6,/a/0/6/6!/member_00040,0,/a/0/6/6,195,40,,1044,1056,480,492,12,e8f47aef377cb8f7c53bb59432b0cb9263c269771c152b8ef80ec6eec91b467b,4d00020112060f00000a001e,,,,,False,,,,,,,,,,False,False
/a/0/6/6,/a/0/6/6!/member_00041,0,/a/0/6/6,195,41,,1056,1068,492,504,12,c24c0f6f611e6fd06d8eb1efe63c359119e068d2de7444fa2b3b5121273dbda9,5a0003011206000f00000a1e,,,,,False,,,,,,,,,,False,False
/a/0/6/6,/a/0/6/6!/member_00042,0,/a/0/6/6,195,42,,1068,1080,504,516,12,3093b6e1a8f7ee91c24d2b331e80203e3928806557f77d1be897c90308bb3b65,2a00020112060a000f00001e,,,,,False,,,,,,,,,,False,False
/a/0/6/6,/a/0/6/6!/member_00043,0,/a/0/6/6,195,43,,1080,1092,516,528,12,58c3fc325680ebcd55a35db5e09bfbf1c2081b2f11c07839a93eff8231090c5a,160104011206000a000f001e,,,,,False,,,,,,,,,,False,False
/a/0/6/6,/a/0/6/6!/member_00044,0,/a/0/6/6,195,44,,1092,1104,528,540,12,ea88a064d9e4bb074c242e735eb58b5d4bd0f4324c44c6ce9f673732b52dd36e,fc000201120600000a000f1e,,,,,False,,,,,,,,,,False,False
/a/0/6/6,/a/0/6/6!/member_00045,0,/a/0/6/6,195,45,,1104,1116,540,552,12,1909aafc271e85af6c755bacfd396bed3281d6b5fa01dd96855f44ff19f28516,2a0001011206140000000a23,,,,,False,,,,,,,,,,False,False
/a/0/6/6,/a/0/6/6!/member_00046,0,/a/0/6/6,195,46,,1116,1128,552,564,12,f86ab6ce188246cf4e5949816de20e08150b04e4f1f796825e85faf6e47d7937,1c00010112060a1400000023,,,,,False,,,,,,,,,,False,False
/a/0/6/6,/a/0/6/6!/member_00047,0,/a/0/6/6,195,47,,1128,1140,564,576,12,9d3c137c02a455fc9d7c7e305d35c5b3f9218cdb007456bdc8f0022980db0d70,900003011206000a14000023,,,,,False,,,,,,,,,,False,False
/a/0/6/6,/a/0/6/6!/member_00048,0,/a/0/6/6,195,48,,1140,1152,576,588,12,3010e985db719c4080497dccbe27e53a0dd7457c32e87430823eeafff3b96c44,17000201120600000a140023,,,,,False,,,,,,,,,,False,False
/a/0/6/6,/a/0/6/6!/member_00049,0,/a/0/6/6,195,49,,1152,1164,588,600,12,67460a478d7415df0be949fa20bae7ff09bc7e77c9939eec043a405c1aa0ec19,2700050112060000000a1423,,,,,False,,,,,,,,,,False,False
/a/0/6/6,/a/0/6/6!/member_00050,0,/a/0/6/6,195,50,,1164,1176,600,612,12,4ae338679a0ac60bcbebeccfa3156ec68749f5dc8e41d2ebe26afe0133ff19a1,090105011206190a00000023,,,,,False,,,,,,,,,,False,False
/a/0/6/6,/a/0/6/6!/member_00051,0,/a/0/6/6,195,51,,1176,1188,612,624,12,69b5ae22a75af63089ad690b06bc6b6689d14de40d7aea95344422d6d77e5998,22000101120600190a000023,,,,,False,,,,,,,,,,False,False
/a/0/6/6,/a/0/6/6!/member_00052,0,/a/0/6/6,195,52,,1188,1200,624,636,12,f5c86c1d51362ad26036e12a207683e36fea2c0d9f796260a693b25ec491b5a2,6f00040118041e0a1e000028,,,,,False,,,,,,,,,,False,False
/a/0/6/6,/a/0/6/6!/member_00053,0,/a/0/6/6,195,53,,1200,1212,636,648,12,cb3261bf2441239252f0aeee9a5075aada7d541928499b8d06e2c7ed5340d947,210004011804001e0a1e0028,,,,,False,,,,,,,,,,False,False
/a/0/6/6,/a/0/6/6!/member_00054,0,/a/0/6/6,195,54,,1212,1224,648,660,12,3e392b7fb766fa521ad9f6f9e8d86a1813c554ff4562fa4300b6618b228bf432,5f000401180400001e0a1e28,,,,,False,,,,,,,,,,False,False
/a/0/6/6,/a/0/6/6!/member_00055,0,/a/0/6/6,195,55,,1224,1236,660,672,12,eafab21ac093cecfd88cc9bcb602af5c9c9119bce1b5fe2ddc74589c1581dcb6,ed00040118041e00001e0a28,,,,,False,,,,,,,,,,False,False
/a/0/6/6,/a/0/6/6!/member_00056,0,/a/0/6/6,195,56,,1236,1248,672,684,12,1c5c78be5414b82cfe1bbb3f0292910472d990b6aeacaa2a1298d67a2af9b176,4b00030118040a1e00001e28,,,,,False,,,,,,,,,,False,False
/a/0/6/6,/a/0/6/6!/member_00057,0,/a/0/6/6,195,57,,1248,1260,684,696,12,42809e8350a48e70af636b586bf3bfc2d60e9ae31452d44815d7af5c492bac14,6100020118041e0a1e0a1e32,,,,,False,,,,,,,,,,False,False
/a/0/6/6,/a/0/6/6!/member_00058,0,/a/0/6/6,195,58,,1260,1272,696,708,12,4fae58dd343e0e1bb18b178d9dd64cc9677e18fb53c1424a73d7305d47b3c560,9900050118041e0a1e0a1e32,,,,,False,,,,,,,,,,False,False
/a/0/6/6,/a/0/6/6!/member_00059,0,/a/0/6/6,195,59,,1272,1284,708,720,12,6ce73af50caf4c354c39e03b0cbe587362d45248e83e81f4fc8d5cbbd5b48ce5,9b0003011807280a0000003c,,,,,False,,,,,,,,,,False,False
/a/0/6/6,/a/0/6/6!/member_00060,0,/a/0/6/6,195,60,,1284,1296,720,732,12,1fc478e102f10260c87d026e0b756ef7fe9b30ea9fee35cf6eb8a10a642e3330,29000201180700280a00003c,,,,,False,,,,,,,,,,False,False
/a/0/6/6,/a/0/6/6!/member_00061,0,/a/0/6/6,195,61,,1296,1308,732,744,12,32f3d9f4c127804d0e41e5c6706893d550082fdc6b06c33428042be9e84c8f56,0b01050118070000280a003c,,,,,False,,,,,,,,,,False,False
/a/0/6/6,/a/0/6/6!/member_00062,0,/a/0/6/6,195,62,,1308,1320,744,756,12,621f16d9e3a27f237a7e031245528408a81ce411dac81467ba1dc6bbd68ed464,210002011807000000280a3c,,,,,False,,,,,,,,,,False,False
/a/0/6/6,/a/0/6/6!/member_00063,0,/a/0/6/6,195,63,,1320,1332,756,768,12,23c9752cc370d1f98a56c51e8fd084a603c92d89fca2a7fd6a93d208c8b20b26,3400010118070a000000283c,,,,,False,,,,,,,,,,False,False
/a/0/6/7,/a/0/6/7!/member_00000,0,/a/0/6/7,196,0,,1092,1644,0,552,552,895c929c091efd94e5ec6a33036a6f3d088deee51794a027dd99f8bd796f2d3e,524c434efffe00012802000010000100,,NCLR palette,Confirmed,True,False,,,,,,,,,,False,False
/a/0/6/7,/a/0/6/7!/member_00001,0,/a/0/6/7,196,1,,1644,2196,552,1104,552,d9a23a4be29bfebe764b69985c9ab896f5d374bf18a96b342041eb6319d6cfe3,524c434efffe00012802000010000100,,NCLR palette,Confirmed,True,False,,,,,,,,,,False,False
/a/0/6/7,/a/0/6/7!/member_00002,0,/a/0/6/7,196,2,,2196,2748,1104,1656,552,fa17ec1d82e37fc63298c9933fee657970dc693fc1fdb76315d0e9684f2ed80a,524c434efffe00012802000010000100,,NCLR palette,Confirmed,True,False,,,,,,,,,,False,False
/a/0/6/7,/a/0/6/7!/member_00003,0,/a/0/6/7,196,3,,2748,3300,1656,2208,552,01104871db6c9212803c3c534344721a67de5087c7cbb0ac62f610b80382d6a1,524c434efffe00012802000010000100,,NCLR palette,Confirmed,True,False,,,,,,,,,,False,False
/a/0/6/7,/a/0/6/7!/member_00004,0,/a/0/6/7,196,4,,3300,3852,2208,2760,552,52f97c7cc185bee3d7317677be4de9e4e1fc9fd5f62d568bd89afbde4782e7e3,524c434efffe00012802000010000100,,NCLR palette,Confirmed,True,False,,,,,,,,,,False,False
/a/0/6/7,/a/0/6/7!/member_00005,0,/a/0/6/7,196,5,,3852,4404,2760,3312,552,0320e97823219bc46e708dde03a9548d8c739868aa789de7676cf016d2bb6173,524c434efffe00012802000010000100,,NCLR palette,Confirmed,True,False,,,,,,,,,,False,False
/a/0/6/7,/a/0/6/7!/member_00006,0,/a/0/6/7,196,6,,4404,4956,3312,3864,552,be93bdcdbafc03d7305ab28ee697a333d810b17e19e7ed472c9b477322b446bb,524c434efffe00012802000010000100,,NCLR palette,Confirmed,True,False,,,,,,,,,,False,False
/a/0/6/7,/a/0/6/7!/member_00007,0,/a/0/6/7,196,7,,4956,5508,3864,4416,552,00002254c9ecaaad80abf2e9d923e932d77b80d9e6af06f7cf451e67b9edbb83,524c434efffe00012802000010000100,,NCLR palette,Confirmed,True,False,,,,,,,,,,False,False
/a/0/6/7,/a/0/6/7!/member_00008,0,/a/0/6/7,196,8,,5508,6060,4416,4968,552,ff46f1d25ec5e924a89012c9b45e112d099001beb7039c37bcc96d72cd231e54,524c434efffe00012802000010000100,,NCLR palette,Confirmed,True,False,,,,,,,,,,False,False
/a/0/6/7,/a/0/6/7!/member_00009,0,/a/0/6/7,196,9,,6060,6612,4968,5520,552,b3cbbfe63b44e583c497b13bc8a6187cbae7ed3dbdeedf8b1b743abb9759565e,524c434efffe00012802000010000100,,NCLR palette,Confirmed,True,False,,,,,,,,,,False,False
/a/0/6/7,/a/0/6/7!/member_00010,0,/a/0/6/7,196,10,,6612,7164,5520,6072,552,d2aa0456445049bd14610e7d9ff058cd6ea2cba72a3177f50a2451236f8b2269,524c434efffe00012802000010000100,,NCLR palette,Confirmed,True,False,,,,,,,,,,False,False
/a/0/6/7,/a/0/6/7!/member_00011,0,/a/0/6/7,196,11,,7164,7716,6072,6624,552,285c5211d32fe221c5004584538ca33110e7e67cc0d551b921fa51f91218ab87,524c434efffe00012802000010000100,,NCLR palette,Confirmed,True,False,,,,,,,,,,False,False
/a/0/6/7,/a/0/6/7!/member_00012,0,/a/0/6/7,196,12,,7716,8268,6624,7176,552,6a31cc370e3de580fede9f7dfa9912a34595917f049e16c81926a077373f6682,524c434efffe00012802000010000100,,NCLR palette,Confirmed,True,False,,,,,,,,,,False,False
/a/0/6/7,/a/0/6/7!/member_00013,0,/a/0/6/7,196,13,,8268,8820,7176,7728,552,d4295aa673e98697a9a402469eae9e4a3a4a93071658acfab0e4c57007642f6e,524c434efffe00012802000010000100,,NCLR palette,Confirmed,True,False,,,,,,,,,,False,False
/a/0/6/7,/a/0/6/7!/member_00014,0,/a/0/6/7,196,14,,8820,9372,7728,8280,552,69182df901b7a4d6008c2731320dc42aa92818d820acaaef0cffd63882aa3cec,524c434efffe00012802000010000100,,NCLR palette,Confirmed,True,False,,,,,,,,,,False,False
/a/0/6/7,/a/0/6/7!/member_00015,0,/a/0/6/7,196,15,,9372,9924,8280,8832,552,c4f409db2c4ef01e8fb959eb3e71c47e708b9b0b44990e1ea605b1688c1e978a,524c434efffe00012802000010000100,,NCLR palette,Confirmed,True,False,,,,,,,,,,False,False
/a/0/6/7,/a/0/6/7!/member_00016,0,/a/0/6/7,196,16,,9924,10476,8832,9384,552,a9d1aac95661e871cfa239ecdebf65e13adc4149aa001677b3333c79b1536a0e,524c434efffe00012802000010000100,,NCLR palette,Confirmed,True,False,,,,,,,,,,False,False
/a/0/6/7,/a/0/6/7!/member_00017,0,/a/0/6/7,196,17,,10476,11028,9384,9936,552,c11654545850f912cea60cbdf1ae7f5de108f9026aa73a3c85e8dc890b280055,524c434efffe00012802000010000100,,NCLR palette,Confirmed,True,False,,,,,,,,,,False,False
/a/0/6/7,/a/0/6/7!/member_00018,0,/a/0/6/7,196,18,,11028,11580,9936,10488,552,f5693d874530be71b6069b2f666ffab3078d6b92a31224c2c98e944c049f54da,524c434efffe00012802000010000100,,NCLR palette,Confirmed,True,False,,,,,,,,,,False,False
/a/0/6/7,/a/0/6/7!/member_00019,0,/a/0/6/7,196,19,,11580,12132,10488,11040,552,e8eec3c38041017acfbf11c16840fcd37552da92972fc817455ef9d79a70de8b,524c434efffe00012802000010000100,,NCLR palette,Confirmed,True,False,,,,,,,,,,False,False
/a/0/6/7,/a/0/6/7!/member_00020,0,/a/0/6/7,196,20,,12132,12684,11040,11592,552,86fc6ec051240c65f4c2d9fa10e79c81f80532fe64fc26aff52b0ef981ccd255,524c434efffe00012802000010000100,,NCLR palette,Confirmed,True,False,,,,,,,,,,False,False
/a/0/6/7,/a/0/6/7!/member_00021,0,/a/0/6/7,196,21,,12684,13236,11592,12144,552,841d4268899626a67fb1bba47d8c560bc64d1f3b5a3e2eef72bbd5b064784b25,524c434efffe00012802000010000100,,NCLR palette,Confirmed,True,False,,,,,,,,,,False,False
/a/0/6/7,/a/0/6/7!/member_00022,0,/a/0/6/7,196,22,,13236,13788,12144,12696,552,f54e7b462bcd68980b6372793db661cef8dddbfad38e84c8976f9790763e6575,524c434efffe00012802000010000100,,NCLR palette,Confirmed,True,False,,,,,,,,,,False,False
/a/0/6/7,/a/0/6/7!/member_00023,0,/a/0/6/7,196,23,,13788,14340,12696,13248,552,3a4fcc51bf64ba7fd1d60599280803c38f3bb401a58b4ba105858192b45064f1,524c434efffe00012802000010000100,,NCLR palette,Confirmed,True,False,,,,,,,,,,False,False
/a/0/6/7,/a/0/6/7!/member_00024,0,/a/0/6/7,196,24,,14340,14892,13248,13800,552,fd2924ad13010aac7192c8840b48f77deed1b8f76126001a2d40ba0c1a2b94ae,524c434efffe00012802000010000100,,NCLR palette,Confirmed,True,False,,,,,,,,,,False,False
/a/0/6/7,/a/0/6/7!/member_00025,0,/a/0/6/7,196,25,,14892,15444,13800,14352,552,1b0986f66c778a8fe10c33f7f28f6ea3008082f4646cb60b01c08891f8bd16c0,524c434efffe00012802000010000100,,NCLR palette,Confirmed,True,False,,,,,,,,,,False,False
/a/0/6/7,/a/0/6/7!/member_00026,0,/a/0/6/7,196,26,,15444,15996,14352,14904,552,788070d8a42dbd52608e25369f463cff11c581d8b1f7b05e654aacf22daa38a0,524c434efffe00012802000010000100,,NCLR palette,Confirmed,True,False,,,,,,,,,,False,False
/a/0/6/7,/a/0/6/7!/member_00027,0,/a/0/6/7,196,27,,15996,16704,14904,15612,708,057b2fc93304f5c4c32800b86141732380a68d50c569c9034343437f4fd61fcc,10401000005247434efffe0101004010,,Nintendo LZ10,Probable,,True,Nintendo LZ10,Confirmed,True,4160,True,4160,2a1974350f0b7f6ebd2cfc3ba6a016bb7b67a764a89d4e8be1f0319b7e4c7a96,NCGR graphics,Confirmed,False,False
/a/0/6/7,/a/0/6/7!/member_00028,0,/a/0/6/7,196,28,,16704,18972,15612,17880,2268,13504ae2bb396028ba3e4025873e34f71bbe3da41ef8cbcdb4da56e3d8c2ce73,10402000005247434efffe0101004020,,Nintendo LZ10,Probable,,True,Nintendo LZ10,Confirmed,True,8256,True,8256,f4f971910c7822dea5cb2276227e723ba413ecf987bc1540389756bc8b7a616a,NCGR graphics,Confirmed,False,False
/a/0/6/7,/a/0/6/7!/member_00029,0,/a/0/6/7,196,29,,18972,19833,17880,18741,861,bdcd31bf57a46d49da39c1d003b31c52c6c9036c57309eb36725e5e7f9387c86,10400c00005247434efffe010100400c,,Nintendo LZ10,Probable,,True,Nintendo LZ10,Confirmed,True,3136,True,3136,bb6d1c831ef970dfaf49e9f13b06acb6f8963be86b999066eba27a0c490d9d22,NCGR graphics,Confirmed,False,False
/a/0/6/7,/a/0/6/7!/member_00030,0,/a/0/6/7,196,30,,19836,20153,18744,19061,317,7c09e1a2513c5c782eeeb6b37fad7d86e9c09af84b2d7a08b13c548d65d109f6,10400400005247434efffe0101004004,,Nintendo LZ10,Probable,,True,Nintendo LZ10,Confirmed,True,1088,True,1088,c33dc8488bc6f659095d9eb6b948815f59c0e00ba207ee3fa21d15d71ff3331b,NCGR graphics,Confirmed,False,False
/a/0/6/7,/a/0/6/7!/member_00031,0,/a/0/6/7,196,31,,20156,20473,19064,19381,317,2605fc4c1928754da556dc36b09ae3f9775c64de41c386c8b8da0f88c49c590a,10400400005247434efffe0101004004,,Nintendo LZ10,Probable,,True,Nintendo LZ10,Confirmed,True,1088,True,1088,c6bdb7fc4c05d0d3c313cf853b9e57846706c4d512951220514eebb702a791af,NCGR graphics,Confirmed,False,False
/a/0/6/7,/a/0/6/7!/member_00032,0,/a/0/6/7,196,32,,20476,20673,19384,19581,197,e2028abe9e6abcfdb640639a5eba7ef3de6b412f32c51d6780256b5c94b845e3,10800100005247434efffe0101008001,,Nintendo LZ10,Probable,,True,Nintendo LZ10,Confirmed,True,384,True,384,8e3d29696afaa0cb895d44e91595e62c53d605a7ed688c881d981ac0ae8c6393,NCGR graphics,Confirmed,False,False
/a/0/6/7,/a/0/6/7!/member_00033,0,/a/0/6/7,196,33,,20676,26170,19584,25078,5494,4f30ad7cf7b414f291a2eb1e24ae5428d170245f1420e56e88dd3c610187790e,10404000005247434efffe0101004040,,Nintendo LZ10,Probable,,True,Nintendo LZ10,Confirmed,True,16448,True,16448,61bc28008d1500d9fac8f76c931be30419d484cd8d7f291875f8ef1b90e33227,NCGR graphics,Confirmed,False,False
/a/0/6/7,/a/0/6/7!/member_00034,0,/a/0/6/7,196,34,,26172,30922,25080,29830,4750,08a074a8a2f84bb12d81696cc80a9761b9813b3c874bbcd2663c1baa3f59a16d,10403c00005247434efffe010100403c,,Nintendo LZ10,Probable,,True,Nintendo LZ10,Confirmed,True,15424,True,15424,90ee5f2e4109477700e7195e74d5c07bbd7f26d57fb2b51204cbbfc3e77d004c,NCGR graphics,Confirmed,False,False
/a/0/6/7,/a/0/6/7!/member_00035,0,/a/0/6/7,196,35,,30924,31913,29832,30821,989,5d5d80065ef540e1a1269c3eb241c912d391387c556f7bc23a30bcb445818f03,10401800005247434efffe0101004018,,Nintendo LZ10,Probable,,True,Nintendo LZ10,Confirmed,True,6208,True,6208,afe5a4a699b075e40ce1429afd178fdc5e87e96905c0105190a8f4e7f2577a33,NCGR graphics,Confirmed,False,False
/a/0/6/7,/a/0/6/7!/member_00036,0,/a/0/6/7,196,36,,31916,32154,30824,31062,238,bdf36e312d22fe38011844010f72fb0c098a8108f4d0f937d506af35d325e28b,10400400005247434efffe0101004004,,Nintendo LZ10,Probable,,True,Nintendo LZ10,Confirmed,True,1088,True,1088,c41b44a25da69fb5a776227823cd622b9dddeb0d6523edfc2cca1f8bd3d1997b,NCGR graphics,Confirmed,False,False
/a/0/6/7,/a/0/6/7!/member_00037,0,/a/0/6/7,196,37,,32156,32406,31064,31314,250,bd2a048671c6714f4a9f97501a0871fe932fb6fc3d81e32a8285a18a6f77492d,10240400005243534efffe0001002404,,Nintendo LZ10,Probable,,True,Nintendo LZ10,Confirmed,True,1060,True,1060,7216cc3ba76aa5bc47c0b023641d9d064c1ee01a05a6a62d4e5c5627f6ae6cea,NSCR screen map,Confirmed,False,False
/a/0/6/7,/a/0/6/7!/member_00038,0,/a/0/6/7,196,38,,32408,32653,31316,31561,245,32f0e9965ef83b4133db1733c3d4a28eec4b03f96b841141808d1cd4fcf2c454,10240600005243534efffe0001002406,,Nintendo LZ10,Probable,,True,Nintendo LZ10,Confirmed,True,1572,True,1572,70822ce85c99ba193a2452acb45661c0892304a9243de8b951714daa7d76d754,NSCR screen map,Confirmed,False,False
/a/0/6/7,/a/0/6/7!/member_00039,0,/a/0/6/7,196,39,,32656,32792,31564,31700,136,f05dabe2b7bde130da5e30d4aaf0d56013f4bfba3fee40e0b378e4cf7581ca78,10440100005243534efffe0001004401,,Nintendo LZ10,Probable,,True,Nintendo LZ10,Confirmed,True,324,True,324,f638e28c6ebaf4a16ab5b4b6b75e9c3371bb6dcfbfcf60f7b9fdfc2ca5532e31,NSCR screen map,Confirmed,False,False
/a/0/6/7,/a/0/6/7!/member_00040,0,/a/0/6/7,196,40,,32792,33218,31700,32126,426,d13a8957a488b6bad191efa5ca4b0b69f7cc8dfa508020521940128a89f1ae6d,10240800005243534efffe0001002408,,Nintendo LZ10,Probable,,True,Nintendo LZ10,Confirmed,True,2084,True,2084,1564643afe600a1c43c2901049f5c9d291d5d9fe74682d333ffbaa4759907b4d,NSCR screen map,Confirmed,False,False
/a/0/6/7,/a/0/6/7!/member_00041,0,/a/0/6/7,196,41,,33220,33625,32128,32533,405,0dbe9318c3d62b29d0b9875ec40c490c1c664d7118ac2767fdac244aa0e0cc61,10240600005243534efffe0001002406,,Nintendo LZ10,Probable,,True,Nintendo LZ10,Confirmed,True,1572,True,1572,980a70f45419fd250a987ce4923113674283265e1973c12ad5809c7e8f7a537e,NSCR screen map,Confirmed,False,False
/a/0/6/7,/a/0/6/7!/member_00042,0,/a/0/6/7,196,42,,33628,34057,32536,32965,429,584c04206081db7b17e51608a4edbb7229baffb5a65727d3cef9446487b4f88f,10240800005243534efffe0001002408,,Nintendo LZ10,Probable,,True,Nintendo LZ10,Confirmed,True,2084,True,2084,2b3c9a23d6c9eb0cfe006676bbf075a91d9fea36cc5607f48abe2e2b1ab4081a,NSCR screen map,Confirmed,False,False
/a/0/6/7,/a/0/6/7!/member_00043,0,/a/0/6/7,196,43,,34060,34444,32968,33352,384,fce2589b3a625e09f26b3b4fdf350a0b5d5dccad36e6e9419daff8c5ba2a7eba,10240600005243534efffe0001002406,,Nintendo LZ10,Probable,,True,Nintendo LZ10,Confirmed,True,1572,True,1572,78bca05ddabafb9af2e27c0369cff27a15d70e72b130674d4b02dc5b2c3cadd2,NSCR screen map,Confirmed,False,False
/a/0/6/7,/a/0/6/7!/member_00044,0,/a/0/6/7,196,44,,34444,34540,33352,33448,96,9469ddc31a97f5f086de2db5fc8118c0c43cdb1c00e759c56fbc0758cb780bbe,109c0000005243534efffe0001009c00,,Nintendo LZ10,Probable,,True,Nintendo LZ10,Confirmed,True,156,True,156,1a07a994a37f057567ead8049ec10937444f3055916fbac7c309a30becca90b9,NSCR screen map,Confirmed,False,False
/a/0/6/7,/a/0/6/7!/member_00045,0,/a/0/6/7,196,45,,34540,34649,33448,33557,109,60a31160c71494a2d4549b09493349187c3ab5c0f84f788f5085da072b151b7f,10c40000005243534efffe000100c400,,Nintendo LZ10,Probable,,True,Nintendo LZ10,Confirmed,True,196,True,196,e175c604c6982c4f2dc38eb947077797f4cc76f98c5f80c658cf8c7c78daf4c3,NSCR screen map,Confirmed,False,False
/a/0/6/7,/a/0/6/7!/member_00046,0,/a/0/6/7,196,46,,34652,34774,33560,33682,122,c355674bae85bfc0fad999ae0b83bb0a7f1afe7438b878e56e5ac038258888c3,10140100005243534efffe0001001401,,Nintendo LZ10,Probable,,True,Nintendo LZ10,Confirmed,True,276,True,276,08249ab53002ab89b347b04054d0f7fd8d3f3f53e84ea931a5c9ab075e8ae999,NSCR screen map,Confirmed,False,False
/a/0/6/7,/a/0/6/7!/member_00047,0,/a/0/6/7,196,47,,34776,34899,33684,33807,123,f1c4d2a71de33e25aa37c3ad4aa36b98f508bc6accbba98365fdaf01a5da2305,103c0100005243534efffe0001003c01,,Nintendo LZ10,Probable,,True,Nintendo LZ10,Confirmed,True,316,True,316,871d6f44ef73a14f1311611e8f03bea3ad1f3493f15f3364b10be1554e8e3d89,NSCR screen map,Confirmed,False,False
/a/0/6/7,/a/0/6/7!/member_00048,0,/a/0/6/7,196,48,,34900,34970,33808,33878,70,f955ac92aebd83c0d5ebe676207ff92cadb628ba6c36b83f213ba86b5951b6cf,105c0000005243534efffe0001005c00,,Nintendo LZ10,Probable,,True,Nintendo LZ10,Confirmed,True,92,True,92,2708d210eaa80060022677d6cdf471fde7798b20d5c5288d7447cc4e6bf82f66,NSCR screen map,Confirmed,False,False
/a/0/6/7,/a/0/6/7!/member_00049,0,/a/0/6/7,196,49,,34972,35229,33880,34137,257,8e9f41c5f1c4e3b7bb723be4ecbc039386c7c2aaf6e657ab7b85fde36219ea99,10240600005243534efffe0001002406,,Nintendo LZ10,Probable,,True,Nintendo LZ10,Confirmed,True,1572,True,1572,13d6adfc9e619de5ce3e2c025ccacac2949ec0063a688187d393e6321c9ce60b,NSCR screen map,Confirmed,False,False
/a/0/6/7,/a/0/6/7!/member_00050,0,/a/0/6/7,196,50,,35232,35467,34140,34375,235,a72ec14d1c92e7574fa5ced7c78f327d5c959298535a512ab8929ba800e1038a,10240600005243534efffe0001002406,,Nintendo LZ10,Probable,,True,Nintendo LZ10,Confirmed,True,1572,True,1572,b94f586008b61cb4d64e58790e510ba73bff206621a9b15f4bbc6f9db278570a,NSCR screen map,Confirmed,False,False
/a/0/6/7,/a/0/6/7!/member_00051,0,/a/0/6/7,196,51,,35468,35599,34376,34507,131,94a9152fceb60ab0f60eeff18b59a877401eec0708a294a52110474d99d71f73,10440100005243534efffe0001004401,,Nintendo LZ10,Probable,,True,Nintendo LZ10,Confirmed,True,324,True,324,0a8aaaecf089cd8f5356982e65ba9767993c45ee2628e8002194a2f473edea9e,NSCR screen map,Confirmed,False,False
/a/0/6/7,/a/0/6/7!/member_00052,0,/a/0/6/7,196,52,,35600,35712,34508,34620,112,a63ea58f293de4c82f5956b01a985749364506c7d47830d9246439fc1cca26d6,106c0000005243534efffe0001006c00,,Nintendo LZ10,Probable,,True,Nintendo LZ10,Confirmed,True,108,True,108,fa333df6effcf0e4471b655867f6ef4e8045748a6d5f262e7c0deacd4fe6aa73,NSCR screen map,Confirmed,False,False
/a/0/6/7,/a/0/6/7!/member_00053,0,/a/0/6/7,196,53,,35712,35862,34620,34770,150,015f304e31b10a58e38688b041e526233f354c9007dfb4b19cecf3b2a38e2735,10740100005243534efffe0001007401,,Nintendo LZ10,Probable,,True,Nintendo LZ10,Confirmed,True,372,True,372,61ecb577d91d606f7ceeb1fd4c1aaf53be23951a3a06f9c449f3e16c149f639d,NSCR screen map,Confirmed,False,False
/a/0/6/7,/a/0/6/7!/member_00054,0,/a/0/6/7,196,54,,35864,36021,34772,34929,157,7eb22ee72a96c3f991fb06080456f70dfb5ae5a470294b12a1487e037022390e,10240200005243534efffe0001002402,,Nintendo LZ10,Probable,,True,Nintendo LZ10,Confirmed,True,548,True,548,bcb1aee011e64e2ea4fcb626423ea34c3b9a6ed2a004bd32bf43fb09972d7104,NSCR screen map,Confirmed,False,False
/a/0/6/7,/a/0/6/7!/member_00055,0,/a/0/6/7,196,55,,36024,36161,34932,35069,137,147817504daae388bf96f325d0248dedc6b9b009709f14956b66b64ebdb20f83,10240200005243534efffe0001002402,,Nintendo LZ10,Probable,,True,Nintendo LZ10,Confirmed,True,548,True,548,36a9129d8d6a784746905674e3f65bcdcc117b8fa9259bea26de36b869f656ff,NSCR screen map,Confirmed,False,False
/a/0/6/7,/a/0/6/7!/member_00056,0,/a/0/6/7,196,56,,36164,36311,35072,35219,147,2cf5d202d401fc9801ffd57ad6813815c996abfc6e506dba04611c7f80e50a2c,10440100005243534efffe0001004401,,Nintendo LZ10,Probable,,True,Nintendo LZ10,Confirmed,True,324,True,324,0e9e0813d1ea91dfcdf3b75d7ed966770793e36c84fe61b866b382e9028b950a,NSCR screen map,Confirmed,False,False
/a/0/6/7,/a/0/6/7!/member_00057,0,/a/0/6/7,196,57,,36312,36555,35220,35463,243,2d8161931585aed8fe5c0f93f9269ac208447f3d4e62f6ec23197ef15eca4089,10240600005243534efffe0001002406,,Nintendo LZ10,Probable,,True,Nintendo LZ10,Confirmed,True,1572,True,1572,4863640fe74da3a55d68ab51ac04fd511062b85cb6dccaf1153cc154af403b3b,NSCR screen map,Confirmed,False,False
/a/0/6/7,/a/0/6/7!/member_00058,0,/a/0/6/7,196,58,,36556,36865,35464,35773,309,1ae0828d7ab66e87a611d62cd5649f34b282591ecb961674b0f265c8ae770098,10240600005243534efffe0001002406,,Nintendo LZ10,Probable,,True,Nintendo LZ10,Confirmed,True,1572,True,1572,444446e5d8810650fe8cef62bf46bedb3073adadec457396b68c682c71015949,NSCR screen map,Confirmed,False,False
/a/0/6/7,/a/0/6/7!/member_00059,0,/a/0/6/7,196,59,,36868,37096,35776,36004,228,243a706dfa245466816270b582b52a812043a1bf12626f31d269817be2eade2f,10240600005243534efffe0001002406,,Nintendo LZ10,Probable,,True,Nintendo LZ10,Confirmed,True,1572,True,1572,fbd8508e056e84eabc6984da96bba0ab23b14707801271f61ce4dd9299048e94,NSCR screen map,Confirmed,False,False
/a/0/6/7,/a/0/6/7!/member_00060,0,/a/0/6/7,196,60,,37096,37208,36004,36116,112,979af873e10e9ea717baf2dbf0b4ed01c5b74145f45067db8ca19231296e4453,10ec0000005243534efffe000100ec00,,Nintendo LZ10,Probable,,True,Nintendo LZ10,Confirmed,True,236,True,236,6ed29d3bef73e3c74afab70f6a1ea653b379fd09b2204f3fc0f5dab3a9b6bcd1,NSCR screen map,Confirmed,False,False
/a/0/6/7,/a/0/6/7!/member_00061,0,/a/0/6/7,196,61,,37208,37552,36116,36460,344,e73bd7fef263baf27465237996d8e81cdf89a55106d1cfbb11c921b1b32f3400,10240600005243534efffe0001002406,,Nintendo LZ10,Probable,,True,Nintendo LZ10,Confirmed,True,1572,True,1572,33eef254fee1d213bef398e498bcec7a1cd829408f7da3c30d6725f80a60c3de,NSCR screen map,Confirmed,False,False
/a/0/6/7,/a/0/6/7!/member_00062,0,/a/0/6/7,196,62,,37552,37783,36460,36691,231,aa0a11306208862fb05dceb8e79fd9825f2adec10009d6099f34de544f04f6f6,10240600005243534efffe0001002406,,Nintendo LZ10,Probable,,True,Nintendo LZ10,Confirmed,True,1572,True,1572,950bb022fdc81f9bbc43d2106b6a080adb723fe643cd70ebff50176500e2d6c5,NSCR screen map,Confirmed,False,False
/a/0/6/7,/a/0/6/7!/member_00063,0,/a/0/6/7,196,63,,37784,37896,36692,36804,112,8ec56c61bb36ea17c6b713a2ec226b35989c1d923bb508f78b4813a49663b764,10ec0000005243534efffe000100ec00,,Nintendo LZ10,Probable,,True,Nintendo LZ10,Confirmed,True,236,True,236,f87d2483501d6adf64b9c9fd36a1d5e6a9a19f131cc59911d0fce9557ac1bf0c,NSCR screen map,Confirmed,False,False
/a/0/6/7,/a/0/6/7!/member_00064,0,/a/0/6/7,196,64,,37896,38801,36804,37709,905,c206a743c345b5676c63c19152d8a0802c685a8c1adccd5333f0a5a3073cb4f5,10240600005243534efffe0001002406,,Nintendo LZ10,Probable,,True,Nintendo LZ10,Confirmed,True,1572,True,1572,d32a98364412ab557d635485ca31bba6f74c752a953467b3e27a35aa9ad96336,NSCR screen map,Confirmed,False,False
/a/0/6/7,/a/0/6/7!/member_00065,0,/a/0/6/7,196,65,,38804,38851,37712,37759,47,23e3c8cc7324d97013784b4945c6740c033be89ac5fafb79971a9b36e2d8dd68,102c0000005243534efffe0001002c00,,Nintendo LZ10,Probable,,True,Nintendo LZ10,Confirmed,True,44,True,44,b3620ba66a1ac507aa730dfce315918da5d6d5a5792989946ef186ee76a4a837,NSCR screen map,Confirmed,False,False
/a/0/6/7,/a/0/6/7!/member_00066,0,/a/0/6/7,196,66,,38852,38924,37760,37832,72,b0d8c28fb47ffad816d71ea9b143fd31570febef67c3febc2fd1946c00fd65c5,10500000005243534efffe0001005000,,Nintendo LZ10,Probable,,True,Nintendo LZ10,Confirmed,True,80,True,80,20c4976b95417d82edc4ea47e68fbfacb10713af7976b91d0f43562befd2039b,NSCR screen map,Confirmed,False,False
/a/0/6/7,/a/0/6/7!/member_00067,0,/a/0/6/7,196,67,,38924,38971,37832,37879,47,94e5db46eca9cdcad66fccb2c702ba8506d0dc51f4307517014958634dc3b692,102c0000005243534efffe0001002c00,,Nintendo LZ10,Probable,,True,Nintendo LZ10,Confirmed,True,44,True,44,28ade279fe5aae1b1c2a1e1f90024dd0696fdf2d79a03bd7933d6d05fd607655,NSCR screen map,Confirmed,False,False
/a/0/6/7,/a/0/6/7!/member_00068,0,/a/0/6/7,196,68,,38972,39023,37880,37931,51,9f2875745552322b42041a47f12756f43db878b9f963dd5a9ea982949c51db79,10300000005243534efffe0001003000,,Nintendo LZ10,Probable,,True,Nintendo LZ10,Confirmed,True,48,True,48,446028683b20fd0359aca1850249433b72b46ac4fc8fcd346615ca55fa6c84f6,NSCR screen map,Confirmed,False,False
/a/0/6/7,/a/0/6/7!/member_00069,0,/a/0/6/7,196,69,,39024,39576,37932,38484,552,4cb3041eb80e5327de20fdb070bd8ddba137b13b37314074e7c20f9abbeb60b5,10240600005243534efffe0001002406,,Nintendo LZ10,Probable,,True,Nintendo LZ10,Confirmed,True,1572,True,1572,89ae982662c0f71f61d95bb72ceafc83294da4eacd0dfaa1db952d1b309f28ac,NSCR screen map,Confirmed,False,False
/a/0/6/7,/a/0/6/7!/member_00070,0,/a/0/6/7,196,70,,39576,39843,38484,38751,267,855f0e7a52813344b4fce7972caa3579923092c6543265f0107a2c4dff918641,10240600005243534efffe0001002406,,Nintendo LZ10,Probable,,True,Nintendo LZ10,Confirmed,True,1572,True,1572,a6a61cd18e815b00d4c2cdba2bc1e9f6917a4c8bad48d07942f3fede69d62f76,NSCR screen map,Confirmed,False,False
/a/0/6/7,/a/0/6/7!/member_00071,0,/a/0/6/7,196,71,,39844,40860,38752,39768,1016,a9d09341eb98b8bf4a92b058d3d3f5c2164aa7cf1d07c1a39848fe6823065f9a,10240600005243534efffe0001002406,,Nintendo LZ10,Probable,,True,Nintendo LZ10,Confirmed,True,1572,True,1572,9e9e7925d05d834732cc1c91093e825d65ff716e201e0a0972d7aa774f946faf,NSCR screen map,Confirmed,False,False
/a/0/6/7,/a/0/6/7!/member_00072,0,/a/0/6/7,196,72,,40860,41166,39768,40074,306,75111be2f6ade8e8e1ce327b80842d1b5b71c179aa6c22c3546ea4d79624d595,10240400005243534efffe0001002404,,Nintendo LZ10,Probable,,True,Nintendo LZ10,Confirmed,True,1060,True,1060,c62b6faa405da5fc62bce90ea7092b111497bcd40f7624b47591c91f922f6d9b,NSCR screen map,Confirmed,False,False
/a/0/6/7,/a/0/6/7!/member_00073,0,/a/0/6/7,196,73,,41168,41509,40076,40417,341,73cc1f82a10b5a8aff99cb5af8c79099947faa576d17a3eba9cd7469edf63d6c,10240600005243534efffe0001002406,,Nintendo LZ10,Probable,,True,Nintendo LZ10,Confirmed,True,1572,True,1572,5ed6a295cc1f6fc7785c0bd0aa1c862da375ae85acb8b2316360ecf11066bce7,NSCR screen map,Confirmed,False,False
/a/0/6/7,/a/0/6/7!/member_00074,0,/a/0/6/7,196,74,,41512,41853,40420,40761,341,48d7f162e17a1afe06101179adc56b015ee02e3e2584f976f83f17ae1b6eabbe,10240600005243534efffe0001002406,,Nintendo LZ10,Probable,,True,Nintendo LZ10,Confirmed,True,1572,True,1572,fddae3dbbbfae76af2aaf06d0a05d1a2873e2d8f27590e7607f8098c6e1a56f4,NSCR screen map,Confirmed,False,False
/a/0/6/7,/a/0/6/7!/member_00075,0,/a/0/6/7,196,75,,41856,42105,40764,41013,249,8298602ceaa769da3e32ece0f1203ac78dd4e0b7ce466ea2effe9a834768baba,10240600005243534efffe0001002406,,Nintendo LZ10,Probable,,True,Nintendo LZ10,Confirmed,True,1572,True,1572,749745c77d92f45a86e9c17d17c25b236b5da00183e8189d0d7cacf4db37f865,NSCR screen map,Confirmed,False,False
/a/0/6/7,/a/0/6/7!/member_00076,0,/a/0/6/7,196,76,,42108,42237,41016,41145,129,4e5cbdfbd23050121362e5d9f77bb370788b2b3f92204a2bd353b162a3353d97,10960000005245434efffe0001009600,,Nintendo LZ10,Probable,,True,Nintendo LZ10,Confirmed,True,150,True,150,fda9eb3b8298dd9d0320e30df1f4375c73eb97d91a4a3e5a7dcea45d0a736bb0,NCER cell,Confirmed,False,False
/a/0/6/7,/a/0/6/7!/member_00077,0,/a/0/6/7,196,77,,42240,42346,41148,41254,106,2fa2b6879a2b1dbaacea2a10eb0bd10f135fe4f124abcb651b02ebff15456908,109a000000524e414efffe0001009a00,,Nintendo LZ10,Probable,,True,Nintendo LZ10,Confirmed,True,154,True,154,2db7fb78dd747f600d608eae538a07457399a8d7d5d878debe6439464a1d543f,NANR animation,Confirmed,False,False
/a/0/6/7,/a/0/6/7!/member_00078,0,/a/0/6/7,196,78,,42348,42864,41256,41772,516,f48ef4ec5f61250df6293d4aec91abaaac410426998913f50d9225174136d978,10300a00005247434efffe010100300a,,Nintendo LZ10,Probable,,True,Nintendo LZ10,Confirmed,True,2608,True,2608,4523bd255f9839a817c3063b4197cc7078e60e6c867eadb52b77956ce304fe2c,NCGR graphics,Confirmed,False,False
/a/0/6/7,/a/0/6/7!/member_00079,0,/a/0/6/7,196,79,,42864,43234,41772,42142,370,7389fc6c43b653d7f9ae7137f087567e5e9a3ef9884655f43cc7ad64d1cef4e9,10ee0200005245434efffe000100ee02,,Nintendo LZ10,Probable,,True,Nintendo LZ10,Confirmed,True,750,True,750,ab3f37902b094763515ab048a001edbddb7535434ca2f5e12dc49c33b7e0659b,NCER cell,Confirmed,False,False
/a/0/6/7,/a/0/6/7!/member_00080,0,/a/0/6/7,196,80,,43236,43611,42144,42519,375,972ad5334678bb680c6d57e1d01c2b3df0424c38349e0b6974995668fc10f72f,1052030000524e414efffe0001005203,,Nintendo LZ10,Probable,,True,Nintendo LZ10,Confirmed,True,850,True,850,c1b5e5893d6921bdaa22f8b85e7fe7dbb8280cd20f6dc3a9174eb346273c774b,NANR animation,Confirmed,False,False
/a/0/6/7,/a/0/6/7!/member_00081,0,/a/0/6/7,196,81,,43612,45919,42520,44827,2307,e7b4a8508d423470d18c5ad69827536d16c87b6931bf5bd22cce6698c9ffe3c2,10b02e00005247434efffe010100b02e,,Nintendo LZ10,Probable,,True,Nintendo LZ10,Confirmed,True,11952,True,11952,8362ca13ad7cc226e751548be21fc4bc2fd6a48f65ab4241e250371c8f4f71d4,NCGR graphics,Confirmed,False,False
/a/0/6/7,/a/0/6/7!/member_00082,0,/a/0/6/7,196,82,,45920,46762,44828,45670,842,c3ae2fb677541e533483409c4ee4dbf04727428fe44775512c8df9ea7cdcdcd9,105e0600005245434efffe0001005e06,,Nintendo LZ10,Probable,,True,Nintendo LZ10,Confirmed,True,1630,True,1630,806c5a2cf48d05f94c1e645ee707687c4c6605e15bdf1c5ba65655641404ddc7,NCER cell,Confirmed,False,False
/a/0/6/7,/a/0/6/7!/member_00083,0,/a/0/6/7,196,83,,46764,47017,45672,45925,253,12f27507d282f986af6536e62e6a6c3d7614e62ddd2fc4c1ffe901496f9e3dd9,10d2010000524e414efffe000100d201,,Nintendo LZ10,Probable,,True,Nintendo LZ10,Confirmed,True,466,True,466,5ac219ed0252630985c4bfcccd8a68bdcbdfaaa445bdd9554142cdfa862f9d66,NANR animation,Confirmed,False,False
/a/0/6/7,/a/0/6/7!/member_00084,0,/a/0/6/7,196,84,,47020,49181,45928,48089,2161,cd7fa58008b34d25735ee84de3fef5c6659410add299356126ea4d60b0acaec3,10b02500005247434efffe010100b025,,Nintendo LZ10,Probable,,True,Nintendo LZ10,Confirmed,True,9648,True,9648,4c2a07166a36271eaf937ad9aadefa2cac7292d70e96e2f87f56eb1c5b0f9148,NCGR graphics,Confirmed,False,False
/a/0/6/7,/a/0/6/7!/member_00085,0,/a/0/6/7,196,85,,49184,49276,48092,48184,92,86936947c9acaf7320b2590ee8f802fdac9a875b4c2753d56ff73e0d7635e292,106c0000005245434efffe0001006c00,,Nintendo LZ10,Probable,,True,Nintendo LZ10,Confirmed,True,108,True,108,2db8c429cbafa8cb7333937c088cb7eaec4499f038cbc5c2cfc141a1afbca75e,NCER cell,Confirmed,False,False
/a/0/6/7,/a/0/6/7!/member_00086,0,/a/0/6/7,196,86,,49276,49367,48184,48275,91,d46c281a121beba08a2a731e7ad06d001fe6b9bf00cfb35b1250b6dde02d531f,1070000000524e414efffe0001007000,,Nintendo LZ10,Probable,,True,Nintendo LZ10,Confirmed,True,112,True,112,f75f89e4840358d32cad95a877b9f97eb4674eaace3c8aabb5073d988ba4f7e3,NANR animation,Confirmed,False,False
/a/0/6/7,/a/0/6/7!/member_00087,0,/a/0/6/7,196,87,,49368,49468,48276,48376,100,684d45e34f361d778fd5d09533854ee258d568335ad68fc0dce54104d371861c,10b00000005247434efffe010100b000,,Nintendo LZ10,Probable,,True,Nintendo LZ10,Confirmed,True,176,True,176,e770976de0d85b19a5bd100792f8f200745a33d3b5dea9439e273f53c031177e,NCGR graphics,Confirmed,False,False
/a/0/6/7,/a/0/6/7!/member_00088,0,/a/0/6/7,196,88,,49468,49876,48376,48784,408,8591f5629874b4dd4a349ab8afb1f405d055f4920ea6439e76601501e05f4d4b,10520300005245434efffe0001005203,,Nintendo LZ10,Probable,,True,Nintendo LZ10,Confirmed,True,850,True,850,43a2a60965c8e2a4ebe59f248319978759a8e804197c3cd77e4b3163e1491f41,NCER cell,Confirmed,False,False
/a/0/6/7,/a/0/6/7!/member_00089,0,/a/0/6/7,196,89,,49876,50251,48784,49159,375,f99ca70bb2829392ea187898878caed7b2ca42146508b020b32fa83190a83390,1052030000524e414efffe0001005203,,Nintendo LZ10,Probable,,True,Nintendo LZ10,Confirmed,True,850,True,850,06fcf4eb4eebfea4c80eb10add5f0f58252d856e064c38cb210218f8ba177411,NANR animation,Confirmed,False,False
/a/0/6/7,/a/0/6/7!/member_00090,0,/a/0/6/7,196,90,,50252,52972,49160,51880,2720,79b69f38a8b021cdabbce6277ba83d1cfcb5a0ea79c349be06032bfb89bd6ba0,10b02100005247434efffe010100b021,,Nintendo LZ10,Probable,,True,Nintendo LZ10,Confirmed,True,8624,True,8624,3f3d2f36ff225ae6acc132090e1fc84bb998cdd62ccec6d381d90d9da7ae1c3f,NCGR graphics,Confirmed,False,False
/a/0/6/7,/a/0/6/7!/member_00091,0,/a/0/6/7,196,91,,52972,53221,51880,52129,249,fc45ca069b8c1ddb476fc6bcc1ac0385896a4a1a11d1a0a58978801accac339b,10680100005245434efffe0001006801,,Nintendo LZ10,Probable,,True,Nintendo LZ10,Confirmed,True,360,True,360,a9b6b88cc38fabc2da4bda776956df50682bf0977b1f086c416f3578dc1b9300,NCER cell,Confirmed,False,False
/a/0/6/7,/a/0/6/7!/member_00092,0,/a/0/6/7,196,92,,53224,53415,52132,52323,191,d781d4d3ac30e6062d6934e370b514e9d8590a48a15844197303dcd3c24480e6,1078010000524e414efffe0001007801,,Nintendo LZ10,Probable,,True,Nintendo LZ10,Confirmed,True,376,True,376,a6e041953b8246ae7aee1c5216b7eecc19a74fd95b5432aca2b47324cf16b79c,NANR animation,Confirmed,False,False
/a/0/6/7,/a/0/6/7!/member_00093,0,/a/0/6/7,196,93,,53416,55314,52324,54222,1898,e4fef04839a61ed8d576ee6b1aa025d85a87407d614449ba456fc5dc3aa705c5,10b02300005247434efffe010100b023,,Nintendo LZ10,Probable,,True,Nintendo LZ10,Confirmed,True,9136,True,9136,4bd4df02170159e528533ea047bcd6b1c0fe2be675803dc6deb085fdc7bd74ac,NCGR graphics,Confirmed,False,False
/a/0/6/7,/a/0/6/7!/member_00094,0,/a/0/6/7,196,94,,55316,55666,54224,54574,350,c1aeb2b70b6b5975646bd9e8ba34031b6c69cd66b96a06365fcc56be3e413b26,10ce0300005245434efffe000100ce03,,Nintendo LZ10,Probable,,True,Nintendo LZ10,Confirmed,True,974,True,974,b5fe9bbe02c179215bf092b157940a4a907d7afbece32d01e4513bf93ff87d4c,NCER cell,Confirmed,False,False
/a/0/6/7,/a/0/6/7!/member_00095,0,/a/0/6/7,196,95,,55668,55931,54576,54839,263,41e001629bf5b7a8a1573038d22f0f6334e915c0536a7260a16bd43dcff98cf5,10ee010000524e414efffe000100ee01,,Nintendo LZ10,Probable,,True,Nintendo LZ10,Confirmed,True,494,True,494,8aa2e01c923752e5f20f05a4b19dc2e3f1561fcd417e6dc9e2a0f61678a61128,NANR animation,Confirmed,False,False
/a/0/6/7,/a/0/6/7!/member_00096,0,/a/0/6/7,196,96,,55932,56959,54840,55867,1027,789ec64c15f51190022266a8cf331ffca9b72fa1e792562a2d272bcfe0ef5225,10b00a00005247434efffe010100b00a,,Nintendo LZ10,Probable,,True,Nintendo LZ10,Confirmed,True,2736,True,2736,d7a2a1e0e96e2fc0c0656ecff1a572431efc1b7d79f2931aed7bc881800d2082,NCGR graphics,Confirmed,False,False
/a/0/6/7,/a/0/6/7!/member_00097,0,/a/0/6/7,196,97,,56960,57264,55868,56172,304,ced54623f734afb4d684092094c69bdfd11dde0ecac086294f0c3e962d32eb6f,10c20200005245434efffe000100c202,,Nintendo LZ10,Probable,,True,Nintendo LZ10,Confirmed,True,706,True,706,5b735773b26973a16d1dc7f42266b5e7d30acdd754e556e5fdc8747fe89864f2,NCER cell,Confirmed,False,False
/a/0/6/7,/a/0/6/7!/member_00098,0,/a/0/6/7,196,98,,57264,57635,56172,56543,371,5f0ef784eebe5331df32e4a9e459eb29968f75c3b3701760024ee5b94ed4ae59,100a030000524e414efffe0001000a03,,Nintendo LZ10,Probable,,True,Nintendo LZ10,Confirmed,True,778,True,778,b7af4af0e81457fffbf7b8f532d70c9c695f5e626b5c8cf5aa13fe33a2717f57,NANR animation,Confirmed,False,False
/a/0/6/7,/a/0/6/7!/member_00099,0,/a/0/6/7,196,99,,57636,58177,56544,57085,541,175f9b48ea886e413bb455fc39eab56b25ad744c7ac1d27a28d2056fdaa52e0f,10b00800005247434efffe010100b008,,Nintendo LZ10,Probable,,True,Nintendo LZ10,Confirmed,True,2224,True,2224,9cde9a078b6bb4ba427c81b17cb55a8909818b7b24c15d1979354fd5fe3325ca,NCGR graphics,Confirmed,False,False
/a/0/6/7,/a/0/6/7!/member_00100,0,/a/0/6/7,196,100,,58180,58581,57088,57489,401,52304c48de5f89df041a322f1df50aaa323fc25dcd624e3866887fc59f4175a8,10550200005245434efffe0001005502,,Nintendo LZ10,Probable,,True,Nintendo LZ10,Confirmed,True,597,True,597,2a3d8926b2e56ed99472f6b07b38f23c9d49c48a75d78a8e177cb73f603d5880,NCER cell,Confirmed,False,False
/a/0/6/7,/a/0/6/7!/member_00101,0,/a/0/6/7,196,101,,58584,58748,57492,57656,164,539584320580b05a1f6c9f95587e3753ea88bda160aa89320da1fab7121f787b,1019010000524e414efffe0001001901,,Nintendo LZ10,Probable,,True,Nintendo LZ10,Confirmed,True,281,True,281,e22c27148e58575c5afd86b316c6b2de319c8f531b82b525342cef7455964d6a,NANR animation,Confirmed,False,False
/a/0/6/7,/a/0/6/7!/member_00102,0,/a/0/6/7,196,102,,58748,59889,57656,58797,1141,686a2a7f89ec6df57bc629f52dc024a591e549d95a0cae657c54ef2213663110,10302000005247434efffe0101003020,,Nintendo LZ10,Probable,,True,Nintendo LZ10,Confirmed,True,8240,True,8240,df93c7288efff85f21228a0cfd6ae987486661c4d0d5182387ea4d5cab7e46f1,NCGR graphics,Confirmed,False,False
/a/0/6/7,/a/0/6/7!/member_00103,0,/a/0/6/7,196,103,,59892,60014,58800,58922,122,a7068b9d452e7672aec1795ab00f63d7cbc791efa3975f1d24daa52ccf8dc615,10b50000005245434efffe000100b500,,Nintendo LZ10,Probable,,True,Nintendo LZ10,Confirmed,True,181,True,181,920bc92724bfc9368d0bf2fb8ceac4eb503ef508c23c3ae38936382ec7f7d481,NCER cell,Confirmed,False,False
/a/0/6/7,/a/0/6/7!/member_00104,0,/a/0/6/7,196,104,,60016,60139,58924,59047,123,01366887d45214da73baa9d7965b8e556ae0e907e989c021a387aaf015a60684,10c5000000524e414efffe000100c500,,Nintendo LZ10,Probable,,True,Nintendo LZ10,Confirmed,True,197,True,197,ed5ce074ce5202c2cc7d4dc9bdd0bb36b9a4a732e0579868616ef1b2fdfc5c23,NANR animation,Confirmed,False,False
/a/0/6/7,/a/0/6/7!/member_00105,0,/a/0/6/7,196,105,,60140,61907,59048,60815,1767,10bcdb1c2bc458ba4ae833c22475e6dae389afee1ab7a36a0ca420c27ca2e630,10301800005247434efffe0101003018,,Nintendo LZ10,Probable,,True,Nintendo LZ10,Confirmed,True,6192,True,6192,e6e5add3f7d2874d362cad712a64908faa855e2a6974e2af8593350f01113081,NCGR graphics,Confirmed,False,False
/a/0/6/7,/a/0/6/7!/member_00106,0,/a/0/6/7,196,106,,61908,62120,60816,61028,212,3c4f430e352ccb8b7f87f7de19c873bccea45c87d1f67eef27ebc53a23778b52,103a0100005245434efffe0001003a01,,Nintendo LZ10,Probable,,True,Nintendo LZ10,Confirmed,True,314,True,314,221f6649851a25273273804bd04153303e211ebe0550a6701255ff4745dcd498,NCER cell,Confirmed,False,False
/a/0/6/7,/a/0/6/7!/member_00107,0,/a/0/6/7,196,107,,62120,62297,61028,61205,177,18148007586a0ef135b41343f980d8ca6ef8b647e9ce69519aca5b8780d1b010,1046010000524e414efffe0001004601,,Nintendo LZ10,Probable,,True,Nintendo LZ10,Confirmed,True,326,True,326,42e7128518b34422cfcc5f730fb0ec43e7b1e7a6ae8ba9f1acd666388c5af05e,NANR animation,Confirmed,False,False
/a/0/6/7,/a/0/6/7!/member_00108,0,/a/0/6/7,196,108,,62300,62482,61208,61390,182,22484e489849e358708ea69f5c2632563ab7d031bfe53edc0c60ab3014b56f05,10300300005247434efffe0101003003,,Nintendo LZ10,Probable,,True,Nintendo LZ10,Confirmed,True,816,True,816,95f8540f5c19d17d47d634a12cbcf8f99fa0803d70d200283c43e8ccbf3b42f6,NCGR graphics,Confirmed,False,False
/a/0/6/7,/a/0/6/7!/member_00109,0,/a/0/6/7,196,109,,62484,62576,61392,61484,92,8c008a2a85b19447f52732d83345aa5399d26e3bf4f0af6e7ea89155b29da371,106b0000005245434efffe0001006b00,,Nintendo LZ10,Probable,,True,Nintendo LZ10,Confirmed,True,107,True,107,28e8f84b990c02ece56e7a99f1ca539c54a255d27a3505bd4f5e8971a5b1fa9f,NCER cell,Confirmed,False,False
/a/0/6/7,/a/0/6/7!/member_00110,0,/a/0/6/7,196,110,,62576,62665,61484,61573,89,a0b2f2d152c11df428055b6857537241ba3f6eb3d577800c235d80e407b8452e,106f000000524e414efffe0001006f00,,Nintendo LZ10,Probable,,True,Nintendo LZ10,Confirmed,True,111,True,111,30249884bd91f10bc9d4e13e7b1495f09991b6f488405a0cdbb61cfb402d10ca,NANR animation,Confirmed,False,False
/a/0/6/7,/a/0/6/7!/member_00111,0,/a/0/6/7,196,111,,62668,63366,61576,62274,698,f323a6c6ac4476bb5e60e46cf8383f080213d4e6a7d94e71bf61d80c2a48a71b,10300800005247434efffe0101003008,,Nintendo LZ10,Probable,,True,Nintendo LZ10,Confirmed,True,2096,True,2096,7aebfaffda6111ece12382cadd4b6bc8d10a3a374886057fea8be9708b5465b4,NCGR graphics,Confirmed,False,False
/a/0/6/7,/a/0/6/7!/member_00112,0,/a/0/6/7,196,112,,63368,63693,62276,62601,325,842cbdb57cd215a61771a8ad48a0d03507622dc982acdaa94f0fdab72a510f83,10a8020000524e414efffe000100a802,,Nintendo LZ10,Probable,,True,Nintendo LZ10,Confirmed,True,680,True,680,e1ed8ab66c51a5744d11d4861cd1a594ea1259d3a24fedd7ffece232010cae5e,NANR animation,Confirmed,False,False
/a/0/6/7,/a/0/6/7!/member_00113,0,/a/0/6/7,196,113,,63696,66273,62604,65181,2577,6e43077d3822460d90828b0ecb689a7c3e906e35c8710e8516fb9a85b7d9affa,10301f00005247434efffe010100301f,,Nintendo LZ10,Probable,,True,Nintendo LZ10,Confirmed,True,7984,True,7984,e7a985b26f5ddc806ba26ff1e6ae531bcce40648301803460f757f53cc1583dc,NCGR graphics,Confirmed,False,False
/a/0/6/7,/a/0/6/7!/member_00114,0,/a/0/6/7,196,114,,66276,66674,65184,65582,398,10f73a83f45f6ab78c32e27a8b939d0088f60d8f64062d523ee7eb54f7744733,10dc0200005245434efffe000100dc02,,Nintendo LZ10,Probable,,True,Nintendo LZ10,Confirmed,True,732,True,732,eaa575b4805c89373dba43108fc061e87c44b838988ea5537e36f897607d9664,NCER cell,Confirmed,False,False
/a/0/6/7,/a/0/6/7!/member_00115,0,/a/0/6/7,196,115,,66676,66782,65584,65690,106,dfd319f9b3fb0f63060774087984216ccc8fb2bb7249e15bb21de07e944cf63f,109a000000524e414efffe0001009a00,,Nintendo LZ10,Probable,,True,Nintendo LZ10,Confirmed,True,154,True,154,49d7bb5f6af6acbdf42fc87d1d8147207d9cf67c7b687408b3452b389bb40bcb,NANR animation,Confirmed,False,False
/a/0/6/7,/a/0/6/7!/member_00116,0,/a/0/6/7,196,116,,66784,66894,65692,65802,110,dd15c296439b15637ef1edda40c345da5c328ca248968fc93c58c30a37278b8d,10300100005247434efffe0101003001,,Nintendo LZ10,Probable,,True,Nintendo LZ10,Confirmed,True,304,True,304,8edaac41d29f4c5aee8865074047b5f4f0e9ae94ca95bd50a4294a3cd338e6fd,NCGR graphics,Confirmed,False,False
/a/0/6/7,/a/0/6/7!/member_00117,0,/a/0/6/7,196,117,,66896,66990,65804,65898,94,a7276a4b959eb10e2f4d2947519b5f17c2140caaff218ff04477d092cf00afc1,108e0000005245434efffe0001008e00,,Nintendo LZ10,Probable,,True,Nintendo LZ10,Confirmed,True,142,True,142,958e79557d59bd8ad873fa3b4bd011423535ff9b614eb6079f38ad69676e63df,NCER cell,Confirmed,False,False
/a/0/6/7,/a/0/6/7!/member_00118,0,/a/0/6/7,196,118,,66992,67211,65900,66119,219,bc9e8be50832533c7776efebd37a151377aedf342e5855d568acec5f9681135f,10a0010000524e414efffe000100a001,,Nintendo LZ10,Probable,,True,Nintendo LZ10,Confirmed,True,416,True,416,921355637995a8c99f2472839d2ceff2f1fe3c067fe0f1b92f454dfb329b5c5a,NANR animation,Confirmed,False,False
/a/0/6/7,/a/0/6/7!/member_00119,0,/a/0/6/7,196,119,,67212,67303,66120,66211,91,7612f9a945ad3054f148c590626a83009601177f3344108a83dfb77f80664d28,10b00000005247434efffe010100b000,,Nintendo LZ10,Probable,,True,Nintendo LZ10,Confirmed,True,176,True,176,9c056c84f296c6d9ffe77138a72de5a1abf11265e2cfba559fa5956f9590b62f,NCGR graphics,Confirmed,False,False
/a/0/6/7,/a/0/6/7!/member_00120,0,/a/0/6/7,196,120,,67304,67441,66212,66349,137,bbdab1de92e7e702fb8733e3aa25ffe369d66f1daf62995a5e771842ab398fbf,10d80000005245434efffe000100d800,,Nintendo LZ10,Probable,,True,Nintendo LZ10,Confirmed,True,216,True,216,775b42bd7a268f1dff6a78ed6094ef1bc6ef975bfbd34088d439d6da5e8bf959,NCER cell,Confirmed,False,False
/a/0/6/7,/a/0/6/7!/member_00121,0,/a/0/6/7,196,121,,67444,67592,66352,66500,148,2ed11f09e3cc7337e8f9e1f404ffd3282ae1c272d00375977d3bf457b82c2abe,10f1000000524e414efffe000100f100,,Nintendo LZ10,Probable,,True,Nintendo LZ10,Confirmed,True,241,True,241,10eb3e53bd25c0cd6b7294a0c895da6a9d56c12219e2faba476d40c44bb4e596,NANR animation,Confirmed,False,False
/a/0/6/7,/a/0/6/7!/member_00122,0,/a/0/6/7,196,122,,67592,68586,66500,67494,994,92736fe63d1d2594ab7d043d21a7db01e864838081dee1f1290b0a5dd7ee1344,10b01800005247434efffe010100b018,,Nintendo LZ10,Probable,,True,Nintendo LZ10,Confirmed,True,6320,True,6320,03f1d6deae3df381fe4dbe76d0675988a77e9987ce69da5a799bca21fa989ecf,NCGR graphics,Confirmed,False,False
/a/0/6/7,/a/0/6/7!/member_00123,0,/a/0/6/7,196,123,,68588,68761,67496,67669,173,642926d22f973087086e9927f04cd218ef0714e5299f42be71af77711def3552,10d90000005245434efffe000100d900,,Nintendo LZ10,Probable,,True,Nintendo LZ10,Confirmed,True,217,True,217,a8573fe65c4062444b93eec2664962358a2b95579e4270e572bfb90a4af3bdff,NCER cell,Confirmed,False,False
/a/0/6/7,/a/0/6/7!/member_00124,0,/a/0/6/7,196,124,,68764,69049,67672,67957,285,50dd65879d7e6aa2626b2369c2327a5cf97600fb6c78533be74c5ff860691792,1033020000524e414efffe0001003302,,Nintendo LZ10,Probable,,True,Nintendo LZ10,Confirmed,True,563,True,563,542f78d9878edf37ec97393381c07d9c8e2b6532f2472ecb7886ea546865278f,NANR animation,Confirmed,False,False
/a/0/6/7,/a/0/6/7!/member_00125,0,/a/0/6/7,196,125,,69052,70048,67960,68956,996,66f534294ba910deedf95990ea8686cc820a3528b9ff6899d5dc6f2569198ab7,10301300005247434efffe0101003013,,Nintendo LZ10,Probable,,True,Nintendo LZ10,Confirmed,True,4912,True,4912,b716c175a2c021ba6dc4d3d63f0926e634078d8978660a4c7b5c8ecface4cd7a,NCGR graphics,Confirmed,False,False
/a/0/6/7,/a/0/6/7!/member_00126,0,/a/0/6/7,196,126,,70048,70559,68956,69467,511,62202f3c49ffa22987b858972eb64627d9ad6bb6fc2505500dec7d114c027f07,10f30300005245434efffe000100f303,,Nintendo LZ10,Probable,,True,Nintendo LZ10,Confirmed,True,1011,True,1011,aaa77ac3b456486d40282ee882b2042a01e3feb1350378d63726caf7144f5e1b,NCER cell,Confirmed,False,False
/a/0/6/7,/a/0/6/7!/member_00127,0,/a/0/6/7,196,127,,70560,71078,69468,69986,518,1b6bc9e2ed84b361d3bd09741649ce9da709e02a17bb5c55b3705a076be34281,102f040000524e414efffe0001002f04,,Nintendo LZ10,Probable,,True,Nintendo LZ10,Confirmed,True,1071,True,1071,f872fd6af447c194a37c39248cf7ffe28abe34a45db908ad120506065eb61f2f,NANR animation,Confirmed,False,False
/a/0/6/7,/a/0/6/7!/member_00128,0,/a/0/6/7,196,128,,71080,71946,69988,70854,866,06e50ddbab6ac2c34b1ae04c00634116efcfd6fd3f0ac0b6d07161d42944a5b7,10700e00005247434efffe010100700e,,Nintendo LZ10,Probable,,True,Nintendo LZ10,Confirmed,True,3696,True,3696,57aa43bdb6524bd4de18e80f0687df7738c4f64792ce35a28c4969d749434b92,NCGR graphics,Confirmed,False,False
/a/0/6/7,/a/0/6/7!/member_00129,0,/a/0/6/7,196,129,,71948,72986,70856,71894,1038,c21c83739c07da1270eec12e186e1763f298c787a59406569359f436929e9bc2,10f70600005245434efffe000100f706,,Nintendo LZ10,Probable,,True,Nintendo LZ10,Confirmed,True,1783,True,1783,f23784649a97a0bfda93ead9ace35a78d845a3d09f03d265d2cf89a9f00793d7,NCER cell,Confirmed,False,False
/a/0/6/8,/a/0/6/8!/member_00000,0,/a/0/6/8,197,0,,1036,1915,0,879,879,c4059e124939297ed37c1df1c840a010e1efef330a32a6d010350005170bb924,10241000005243534efffe0001002410,,Nintendo LZ10,Probable,,True,Nintendo LZ10,Confirmed,True,4132,True,4132,8a16e2cc16f518602bba28759f7b770bbac8152f20795dd997602bc8bfa4063e,NSCR screen map,Confirmed,False,False
/a/0/6/8,/a/0/6/8!/member_00001,0,/a/0/6/8,197,1,,1916,3975,880,2939,2059,615efb91eac47c7a7dd58f11b8e70de06d26a8006581f0c5e7d5b46883b534c3,10402300005247434efffe0101004023,,Nintendo LZ10,Probable,,True,Nintendo LZ10,Confirmed,True,9024,True,9024,0d657af58ad2337a0118e445b537bf037bc00724a48b7ac102c70d0b577e4e82,NCGR graphics,Confirmed,False,False
/a/0/6/8,/a/0/6/8!/member_00002,0,/a/0/6/8,197,2,,3976,4528,2940,3492,552,53dc9bb3e16035888b1a3ef8c8749420a753eec3ff78071fb465ba41fe0f5e59,524c434efffe00012802000010000100,,NCLR palette,Confirmed,True,False,,,,,,,,,,False,False
/a/0/6/8,/a/0/6/8!/member_00003,0,/a/0/6/8,197,3,,4528,4959,3492,3923,431,b2354de6ed80b6e32baff714ecaac70869729af7c087802dea878fc072de324f,10400800005247434efffe0101004008,,Nintendo LZ10,Probable,,True,Nintendo LZ10,Confirmed,True,2112,True,2112,c5870f76cc85fb6ee06cece205fe1500f2131be47e617e9ac512c25ab41b551c,NCGR graphics,Confirmed,False,False
/a/0/6/8,/a/0/6/8!/member_00004,0,/a/0/6/8,197,4,,4960,6712,3924,5676,1752,7c3460ad636f6abc6b4902d823e73c5cba9ea9c01e06f01bc255487a1eacfbe6,10401800005247434efffe0101004018,,Nintendo LZ10,Probable,,True,Nintendo LZ10,Confirmed,True,6208,True,6208,616fa3b99d5b7e8f1218657566d44fe5c1329e0513078511778c4803805b7dbf,NCGR graphics,Confirmed,False,False
/a/0/6/8,/a/0/6/8!/member_00005,0,/a/0/6/8,197,5,,6712,6945,5676,5909,233,10e3b57fd08e964a87ceabd0f7014976a158eb8d1448f68af2bf94c7ea81631e,10640100005243534efffe0001006401,,Nintendo LZ10,Probable,,True,Nintendo LZ10,Confirmed,True,356,True,356,a8be08a87cb86159fbc03b9b0c055e3a13f1ef13015f2e2406ca4ab5cb5797eb,NSCR screen map,Confirmed,False,False
/a/0/6/8,/a/0/6/8!/member_00006,0,/a/0/6/8,197,6,,6948,7201,5912,6165,253,dc617005d82d2435bd5dfac026873a8f4f6aa647cdab52f1dcfa3a8a1c6fc20b,10640100005243534efffe0001006401,,Nintendo LZ10,Probable,,True,Nintendo LZ10,Confirmed,True,356,True,356,1ff2a20489fe75eeacbdeecf466aed6bbce04e5a2f85a788fa46f5cb42c6993e,NSCR screen map,Confirmed,False,False
/a/0/6/8,/a/0/6/8!/member_00007,0,/a/0/6/8,197,7,,7204,7386,6168,6350,182,4c70e9c9329f4e1e2464f2e98a97899f68e25e58339de2ce5348874f45b0a298,10d40000005243534efffe000100d400,,Nintendo LZ10,Probable,,True,Nintendo LZ10,Confirmed,True,212,True,212,a88dfe6d4111bda258c54307de79c79ff10c5e3a4cee1f6b5cedbf53c8f1ed5f,NSCR screen map,Confirmed,False,False
/a/0/6/8,/a/0/6/8!/member_00008,0,/a/0/6/8,197,8,,7388,7570,6352,6534,182,f8733edd6fbb781453308177c21c3116ea2c4f6d21b9f95df95a915dd3993c74,10d40000005243534efffe000100d400,,Nintendo LZ10,Probable,,True,Nintendo LZ10,Confirmed,True,212,True,212,f53fdacb7185649f3a1fa9c49642bbac1dc838f9b0a5fec9dcb0743dce7e7329,NSCR screen map,Confirmed,False,False
/a/0/6/8,/a/0/6/8!/member_00009,0,/a/0/6/8,197,9,,7572,7667,6536,6631,95,cc10a3af43997cdd7cb432206992af5780600653e689a1294fa29f376d288780,10240100005243534efffe0001002401,,Nintendo LZ10,Probable,,True,Nintendo LZ10,Confirmed,True,292,True,292,fec3624983aafea824eb8f063e8414a8492de44adad6b659db5a12d402825b24,NSCR screen map,Confirmed,False,False
/a/0/6/8,/a/0/6/8!/member_00010,0,/a/0/6/8,197,10,,7668,7767,6632,6731,99,230195b7aea561a6012549327357add545f0f8cff45f4018c99bfaf73b8e54a6,10640100005243534efffe0001006401,,Nintendo LZ10,Probable,,True,Nintendo LZ10,Confirmed,True,356,True,356,55ffb4cd187a3a0ed4573aebaa6bdaed3b394b5ffe8dcdd5b746b6bcd8ea1487,NSCR screen map,Confirmed,False,False
/a/0/6/8,/a/0/6/8!/member_00011,0,/a/0/6/8,197,11,,7768,7953,6732,6917,185,2ed93d1bab3481623a889fd0b5c2729bb667ee78087ef65c31053c577fa411a9,10240100005243534efffe0001002401,,Nintendo LZ10,Probable,,True,Nintendo LZ10,Confirmed,True,292,True,292,9c120e5ac2eacbdb10a2f43b7da408d0dd480212f03565a7c5b01e38239f3ce6,NSCR screen map,Confirmed,False,False
/a/0/6/8,/a/0/6/8!/member_00012,0,/a/0/6/8,197,12,,7956,11083,6920,10047,3127,16c0d86b339e1b11a05a90b982fe645811be9493e5d15e757fba6d5e6e1376ff,10703000005247434efffe0101007030,,Nintendo LZ10,Probable,,True,Nintendo LZ10,Confirmed,True,12400,True,12400,a909a26f0ea164e97a2ea14acfc44cb2373186dc8120a3129ac594c2f054ff51,NCGR graphics,Confirmed,False,False
/a/0/6/8,/a/0/6/8!/member_00013,0,/a/0/6/8,197,13,,11084,13750,10048,12714,2666,9d371ed4fdaf4798efc9d0ab8139586b8a31288df6243ef9a7bcff11db4d777e,104c1000005245434efffe0001004c10,,Nintendo LZ10,Probable,,True,Nintendo LZ10,Confirmed,True,4172,True,4172,144134c617a615b286b78a9391e2bf400bf4f48f194beb99f8bb0770382a3b3e,NCER cell,Confirmed,False,False
/a/0/6/8,/a/0/6/8!/member_00014,0,/a/0/6/8,197,14,,13752,15051,12716,14015,1299,265ec4a6f9133879c46130c41062115f4fceba7c93939ddbde945e488171274e,10000b0000524e414efffe000100000b,,Nintendo LZ10,Probable,,True,Nintendo LZ10,Confirmed,True,2816,True,2816,c36189700443c2fe75ccc05bb1e565ce215ee70c6703274209f7323458d50bb6,NANR animation,Confirmed,False,False
/a/0/6/8,/a/0/6/8!/member_00015,0,/a/0/6/8,197,15,,15052,15278,14016,14242,226,987ced08a6d1ad31164fa0b78f897c9f724c291a689873392171d3c80178e3ad,524c434efffe0001e200000010000200,,NCLR palette,Confirmed,True,False,,,,,,,,,,False,False
/a/0/6/8,/a/0/6/8!/member_00016,0,/a/0/6/8,197,16,,15280,15806,14244,14770,526,ec13525a150fc9d89dd579f835d37fad09e1896ca1a6d3bb3f5575b9e1ccc019,10240600005243534efffe0001002406,,Nintendo LZ10,Probable,,True,Nintendo LZ10,Confirmed,True,1572,True,1572,03a1b9be9f0fed520f74ea58a860223e353a6561e41d5ae745736cfa54ceeadd,NSCR screen map,Confirmed,False,False
/a/0/6/8,/a/0/6/8!/member_00017,0,/a/0/6/8,197,17,,15808,16533,14772,15497,725,1c27a1a6f3a3e7b7b542fd2c124c7bc4b47b7162c30d25f6436db4cc6ebf8887,10401000005247434efffe0101004010,,Nintendo LZ10,Probable,,True,Nintendo LZ10,Confirmed,True,4160,True,4160,e6eac7c38b97ad25dab6de12067f83131fa8c23bb866a936ba17af87294b9eba,NCGR graphics,Confirmed,False,False
/a/0/6/8,/a/0/6/8!/member_00018,0,/a/0/6/8,197,18,,16536,17088,15500,16052,552,82f5ccbfd83adf8e0b32beba55f8a99172d5c681f005f2df7c2704ef008cd959,524c434efffe00012802000010000100,,NCLR palette,Confirmed,True,False,,,,,,,,,,False,False
/a/0/6/8,/a/0/6/8!/member_00019,0,/a/0/6/8,197,19,,17088,18068,16052,17032,980,face3a1d119cdac845f57a19470f0626784a4132eccb7c3de41952fcfbd5e7ec,10401000005247434efffe0101004010,,Nintendo LZ10,Probable,,True,Nintendo LZ10,Confirmed,True,4160,True,4160,b80ac7e711be7a1cd228fa3438e3bcb2ddc5f8e728389a3979becc43ec96536b,NCGR graphics,Confirmed,False,False
/a/0/6/8,/a/0/6/8!/member_00020,0,/a/0/6/8,197,20,,18068,18532,17032,17496,464,47a23a28cbb25bd8438cf4aadd4f40fc95db82ae35186cc1d692191813fc83d9,10240600005243534efffe0001002406,,Nintendo LZ10,Probable,,True,Nintendo LZ10,Confirmed,True,1572,True,1572,b5d9e0481ee8bd919f9fcd1f07d5cc72480477d51258ec0f4e211f3360694e79,NSCR screen map,Confirmed,False,False
/a/0/6/8,/a/0/6/8!/member_00021,0,/a/0/6/8,197,21,,18532,18995,17496,17959,463,a8dfe7c62864efd6ff8833e8294b3fc74cc96b9beeecd23aa08c2a5f26dcf842,10240600005243534efffe0001002406,,Nintendo LZ10,Probable,,True,Nintendo LZ10,Confirmed,True,1572,True,1572,ca1aa08743e0f9af68bae4d61863321da8e4e0c64746e5f5575a5ac64e8f49d7,NSCR screen map,Confirmed,False,False
/a/0/6/8,/a/0/6/8!/member_00022,0,/a/0/6/8,197,22,,18996,19263,17960,18227,267,0825711101546e836a95d7f77bb4b16f38f154d78153428237c11d0ee6120fba,10240600005243534efffe0001002406,,Nintendo LZ10,Probable,,True,Nintendo LZ10,Confirmed,True,1572,True,1572,65b1b80b360b302c01d95c411b20a3b79c02298a98612654d387ad44ddc96ece,NSCR screen map,Confirmed,False,False
/a/0/6/8,/a/0/6/8!/member_00023,0,/a/0/6/8,197,23,,19264,21889,18228,20853,2625,7546bf86edd2b9a6129f13a5d8ad9a9e23158bf99f84a445a54d40c7d8f096b4,10b02400005247434efffe010100b024,,Nintendo LZ10,Probable,,True,Nintendo LZ10,Confirmed,True,9392,True,9392,71863c38b2bf482764faecfe8f537d083e00a797882019f202835b87a604b80f,NCGR graphics,Confirmed,False,False
/a/0/6/8,/a/0/6/8!/member_00024,0,/a/0/6/8,197,24,,21892,22377,20856,21341,485,c6d926984bb6ab54308544b1d8ae504958ba3d8ca52e0c6aba2c1d1625fd2648,10ea0300005245434efffe000100ea03,,Nintendo LZ10,Probable,,True,Nintendo LZ10,Confirmed,True,1002,True,1002,793a36251dd7953c197e14239eaa180f2b7d6d1a3508cb019ef5f0831189965f,NCER cell,Confirmed,False,False
/a/0/6/8,/a/0/6/8!/member_00025,0,/a/0/6/8,197,25,,22380,22658,21344,21622,278,19b5baa0ebdca5fac346ecbb98eb66b73968ee98aff82ac98290b1669b817388,10fe010000524e414efffe000100fe01,,Nintendo LZ10,Probable,,True,Nintendo LZ10,Confirmed,True,510,True,510,c081192132614957ea92d45c62872052364abcfe36c8f7a811a4aa77177d6367,NANR animation,Confirmed,False,False
/a/0/6/8,/a/0/6/8!/member_00026,0,/a/0/6/8,197,26,,22660,23400,21624,22364,740,fd040c5e858fe4c2819de4faa4741f7375618682f7262f2dd7b3699a897c0979,10300800005247434efffe0101003008,,Nintendo LZ10,Probable,,True,Nintendo LZ10,Confirmed,True,2096,True,2096,3b786728d6559a98590a4d6ef49996ca5c54d95ce4293427dd5e7a221a6f9bf8,NCGR graphics,Confirmed,False,False
/a/0/6/8,/a/0/6/8!/member_00027,0,/a/0/6/8,197,27,,23400,23489,22364,22453,89,d29b85fc3dcc1a5b97260cef06662ff7f62de1982201626465e2f77155b2f4ab,106b0000005245434efffe0001006b00,,Nintendo LZ10,Probable,,True,Nintendo LZ10,Confirmed,True,107,True,107,2eeb0c74d6b6bdcca43a42bbc4a38194aa44f7ff052a04567740bdcd0232bdd0,NCER cell,Confirmed,False,False
/a/0/6/8,/a/0/6/8!/member_00028,0,/a/0/6/8,197,28,,23492,23582,22456,22546,90,0fc29c9a52929550960f55d56f45ebc819228da7e81845234bc06edd8685bd75,106f000000524e414efffe0001006f00,,Nintendo LZ10,Probable,,True,Nintendo LZ10,Confirmed,True,111,True,111,02501a6a5ce892afbfaf7aaf1ac388045db6e55ade71548a00cc3a91b7fb3f37,NANR animation,Confirmed,False,False
/a/0/6/8,/a/0/6/8!/member_00029,0,/a/0/6/8,197,29,,23584,23752,22548,22716,168,fcb49c252808f8b8d23bf025eeffd220bcef1479dcee0bf6fc08df93f078addc,10b00000005247434efffe010100b000,,Nintendo LZ10,Probable,,True,Nintendo LZ10,Confirmed,True,176,True,176,f933cc3447a9b1485a1a9e79dd75698f518fd5cad334c62a3dddce9d482098b9,NCGR graphics,Confirmed,False,False
/a/0/6/8,/a/0/6/8!/member_00030,0,/a/0/6/8,197,30,,23752,23841,22716,22805,89,75606011dbb2ff95af40edae74c623b8c69f780cfed4ab3bfa36d3718c144934,106b0000005245434efffe0001006b00,,Nintendo LZ10,Probable,,True,Nintendo LZ10,Confirmed,True,107,True,107,7b23003ec10b8c08e0aa67c039021170f392d7df280dbfe71f68064ad01c9117,NCER cell,Confirmed,False,False
/a/0/6/8,/a/0/6/8!/member_00031,0,/a/0/6/8,197,31,,23844,23934,22808,22898,90,0fc29c9a52929550960f55d56f45ebc819228da7e81845234bc06edd8685bd75,106f000000524e414efffe0001006f00,,Nintendo LZ10,Probable,,True,Nintendo LZ10,Confirmed,True,111,True,111,02501a6a5ce892afbfaf7aaf1ac388045db6e55ade71548a00cc3a91b7fb3f37,NANR animation,Confirmed,False,False
/a/0/6/8,/a/0/6/8!/member_00032,0,/a/0/6/8,197,32,,23936,24026,22900,22990,90,53acef76c17fc744c935457d8855d27955c8d0bca36ea07a53ffa2c59d475bb7,524c434efffe00015a00000010000200,,NCLR palette,Confirmed,True,False,,,,,,,,,,False,False
/a/0/6/8,/a/0/6/8!/member_00033,0,/a/0/6/8,197,33,,24028,24126,22992,23090,98,2f87cadefeb966c28325dd668fda16bb1ade867a839337d74d12a43bf4de6b6f,106f0000005245434efffe0001006f00,,Nintendo LZ10,Probable,,True,Nintendo LZ10,Confirmed,True,111,True,111,234bf464df3e846558e7a0846178e8940037900403cd8c15b4edbf5dd6fd6f6b,NCER cell,Confirmed,False,False
/a/0/6/8,/a/0/6/8!/member_00034,0,/a/0/6/8,197,34,,24128,24217,23092,23181,89,a0b2f2d152c11df428055b6857537241ba3f6eb3d577800c235d80e407b8452e,106f000000524e414efffe0001006f00,,Nintendo LZ10,Probable,,True,Nintendo LZ10,Confirmed,True,111,True,111,30249884bd91f10bc9d4e13e7b1495f09991b6f488405a0cdbb61cfb402d10ca,NANR animation,Confirmed,False,False
/a/0/6/8,/a/0/6/8!/member_00035,0,/a/0/6/8,197,35,,24220,24412,23184,23376,192,f9adfcbc8e3224c1900a67ba60f4acc8a6f82ee0c85251bf190796b9c579466d,524c434efffe0001c000000010000200,,NCLR palette,Confirmed,True,False,,,,,,,,,,False,False
/a/0/6/8,/a/0/6/8!/member_00036,0,/a/0/6/8,197,36,,24412,24640,23376,23604,228,b21d92081e843272fe6a7c2d5d0c96a3102d89db5a346eeca63581ac1bf0217f,10b00100005247434efffe010100b001,,Nintendo LZ10,Probable,,True,Nintendo LZ10,Confirmed,True,432,True,432,7ce12c2a9ed2170ca8f511266a4a98f8c32fbc7a0f41999f12488f938d3f6798,NCGR graphics,Confirmed,False,False
/a/0/6/8,/a/0/6/8!/member_00037,0,/a/0/6/8,197,37,,24640,24892,23604,23856,252,0607cd106016c5b4e6a4477b3264093367246eadc54c1b0f732c2fce0e9a8a06,10b00100005247434efffe010100b001,,Nintendo LZ10,Probable,,True,Nintendo LZ10,Confirmed,True,432,True,432,be797d33fb068b297a1d78d978dd9f9b4ad5697f1df5cbd3e5dc7798c3507df3,NCGR graphics,Confirmed,False,False
/a/0/6/8,/a/0/6/8!/member_00038,0,/a/0/6/8,197,38,,24892,25093,23856,24057,201,0ef0c86d45f004708ad67d64742022c9da5569470c5ac39626c9ecb8af3b06a4,10b00100005247434efffe010100b001,,Nintendo LZ10,Probable,,True,Nintendo LZ10,Confirmed,True,432,True,432,002facdb97d356ac6482a6996c84c9e676cc5d804a28b6079948f0121ed00fb5,NCGR graphics,Confirmed,False,False
/a/0/6/8,/a/0/6/8!/member_00039,0,/a/0/6/8,197,39,,25096,25295,24060,24259,199,a0ac7b1b2fbb9c2d04e53988dc80dc1cc2787115152fc5c6d9322ecb48572222,10b00100005247434efffe010100b001,,Nintendo LZ10,Probable,,True,Nintendo LZ10,Confirmed,True,432,True,432,18d6ec142700436409d1b878809184364ce3cc6054b1291961bdd8b234a9499a,NCGR graphics,Confirmed,False,False
/a/0/6/8,/a/0/6/8!/member_00040,0,/a/0/6/8,197,40,,25296,25548,24260,24512,252,6694f53ccc5e592774b93d1143af48f85f4cb1c1bd239b75727c7e4ff96516f6,10b00100005247434efffe010100b001,,Nintendo LZ10,Probable,,True,Nintendo LZ10,Confirmed,True,432,True,432,c0b79dd43f9526f75210fd8f004a538334ca02284fdeb1bf611232665f0a944b,NCGR graphics,Confirmed,False,False
/a/0/6/8,/a/0/6/8!/member_00041,0,/a/0/6/8,197,41,,25548,25765,24512,24729,217,a627296979cd0611226c75ce74f99aea47207c9bc268c994632bf382da6658e8,10b00100005247434efffe010100b001,,Nintendo LZ10,Probable,,True,Nintendo LZ10,Confirmed,True,432,True,432,2e1552f841f27bca4bf95561e6edb22cf129c980e43a9995d91b8aaf54694fc9,NCGR graphics,Confirmed,False,False
/a/0/6/8,/a/0/6/8!/member_00042,0,/a/0/6/8,197,42,,25768,25998,24732,24962,230,9ebb514177755b29a2b8ba47964f2b86499877af1445436d69cbfa7c81687d99,10b00100005247434efffe010100b001,,Nintendo LZ10,Probable,,True,Nintendo LZ10,Confirmed,True,432,True,432,2c1905477ba830174eba3a141b6c61b4cf5be4be65fddc42932f20abacc88818,NCGR graphics,Confirmed,False,False
/a/0/6/8,/a/0/6/8!/member_00043,0,/a/0/6/8,197,43,,26000,26241,24964,25205,241,1fb85afb4becd25e1a6f5b71d920a67e8b3190720df699933b2d83ae271e6429,10b00100005247434efffe010100b001,,Nintendo LZ10,Probable,,True,Nintendo LZ10,Confirmed,True,432,True,432,e280870044f0465820728480192ece7dc78d3d31147d0934a40d947a4715eb31,NCGR graphics,Confirmed,False,False
/a/0/6/8,/a/0/6/8!/member_00044,0,/a/0/6/8,197,44,,26244,26471,25208,25435,227,74b8be248f144485cdec5ca1c94006ba0dcb5652175416f648171cebbea600f5,10b00100005247434efffe010100b001,,Nintendo LZ10,Probable,,True,Nintendo LZ10,Confirmed,True,432,True,432,b1b6fb97852ebce7a85c4e75d7397d3bf56e4f2cc59cc6c066fbb17102bec9b8,NCGR graphics,Confirmed,False,False
/a/0/6/8,/a/0/6/8!/member_00045,0,/a/0/6/8,197,45,,26472,26722,25436,25686,250,732f7c95b9d8d196ee0826475376a1e701155e5a109749edfa8f20fe4c40103b,10b00100005247434efffe010100b001,,Nintendo LZ10,Probable,,True,Nintendo LZ10,Confirmed,True,432,True,432,36d5dc67699723b5abc671c1624b0628f188c4c5d9b4b1f4e74388db4dd86847,NCGR graphics,Confirmed,False,False
/a/0/6/8,/a/0/6/8!/member_00046,0,/a/0/6/8,197,46,,26724,26919,25688,25883,195,73d5e436b9913bb230600c3519367bb1e6b465f753f1eddbaf0af1afb64ffdbb,10b00100005247434efffe010100b001,,Nintendo LZ10,Probable,,True,Nintendo LZ10,Confirmed,True,432,True,432,5d0332428aa208f2fcb97c3e0992176b0ce6ca4faf9cbee5eff767de5b8296e8,NCGR graphics,Confirmed,False,False
/a/0/6/8,/a/0/6/8!/member_00047,0,/a/0/6/8,197,47,,26920,27156,25884,26120,236,47f63b41e323125f86297fa279eef63ca8e1673ca28c70b2631cc0ee9f0843b8,10b00100005247434efffe010100b001,,Nintendo LZ10,Probable,,True,Nintendo LZ10,Confirmed,True,432,True,432,15c6248e7d8cb050d8f400f93f0670924e70eeba2abb7ff930a97ca45cdc3725,NCGR graphics,Confirmed,False,False
/a/0/6/8,/a/0/6/8!/member_00048,0,/a/0/6/8,197,48,,27156,27359,26120,26323,203,cb836ffbada2a42d5cfd3a735c850bc6b12c22a0209c555d20fc47861e25a012,10b00100005247434efffe010100b001,,Nintendo LZ10,Probable,,True,Nintendo LZ10,Confirmed,True,432,True,432,0d86f5a468e772efe8ccc60e753d80b87ef6f726f43c52212830a32a1e933456,NCGR graphics,Confirmed,False,False
/a/0/6/8,/a/0/6/8!/member_00049,0,/a/0/6/8,197,49,,27360,27598,26324,26562,238,0de25ad1a0081155e04ca6cfbe1c944a184f634e4095b266bb61bc9e38f3661e,10b00100005247434efffe010100b001,,Nintendo LZ10,Probable,,True,Nintendo LZ10,Confirmed,True,432,True,432,48c257f9c30e96330e3235bbe343d4e601257cc92f6272e17039c671838356ed,NCGR graphics,Confirmed,False,False
/a/0/6/8,/a/0/6/8!/member_00050,0,/a/0/6/8,197,50,,27600,27861,26564,26825,261,714fb91f24e7df8fb71d4762d60cdc35d159cb4decbb02f5be11c4fa791bb96e,10b00100005247434efffe010100b001,,Nintendo LZ10,Probable,,True,Nintendo LZ10,Confirmed,True,432,True,432,a674730608671fad8064b73653184d7932d5f24cbf99a2115cdf0e588974535f,NCGR graphics,Confirmed,False,False
/a/0/6/8,/a/0/6/8!/member_00051,0,/a/0/6/8,197,51,,27864,28122,26828,27086,258,d091b01ee9dea657bc8a69884821da82dbb00635558a03b810516ff836826fca,10b00100005247434efffe010100b001,,Nintendo LZ10,Probable,,True,Nintendo LZ10,Confirmed,True,432,True,432,1971173b85176de8672681302888571bafa2ca9e0bad756c27072f7b5dbc7eed,NCGR graphics,Confirmed,False,False
/a/0/6/8,/a/0/6/8!/member_00052,0,/a/0/6/8,197,52,,28124,28391,27088,27355,267,4f97f512d6a1e98e0d277791aa1f3806d53703a0ad221fb30f091573ef204100,10b00100005247434efffe010100b001,,Nintendo LZ10,Probable,,True,Nintendo LZ10,Confirmed,True,432,True,432,5fa78eccbab5b49ea1a4bf42f373c3ed69b6d8f34697f682547cb6c833ee82fa,NCGR graphics,Confirmed,False,False
/a/0/6/8,/a/0/6/8!/member_00053,0,/a/0/6/8,197,53,,28392,29079,27356,28043,687,a39d21bf7c4c2519a29fad7b6a8e6671b8afc102772a5b5686b8e7afa424d8ac,10b00a00005247434efffe010100b00a,,Nintendo LZ10,Probable,,True,Nintendo LZ10,Confirmed,True,2736,True,2736,de0f0d3af9cd93df281e95d0e3f7b3473124ddf889de291a927734dd7bad10e5,NCGR graphics,Confirmed,False,False
/a/0/6/8,/a/0/6/8!/member_00054,0,/a/0/6/8,197,54,,29080,29407,28044,28371,327,e826add52304a98258292bc819f750750575c52c9fb21c20662a3f9e1b7ac0eb,10690200005245434efffe0001006902,,Nintendo LZ10,Probable,,True,Nintendo LZ10,Confirmed,True,617,True,617,5592523bb412861f218cc4ac411a82b8d70fca402f97ea01ae1e6c3fd75c0287,NCER cell,Confirmed,False,False
/a/0/6/8,/a/0/6/8!/member_00055,0,/a/0/6/8,197,55,,29408,29727,28372,28691,319,19fb59d5c9f8dc7e84c14c13d763864e9073e26e608f71cc3ee3a3bf673c5ad8,1069020000524e414efffe0001006902,,Nintendo LZ10,Probable,,True,Nintendo LZ10,Confirmed,True,617,True,617,af78cb43134ab6c7bf33e7724754a91f851ea62de6bb337db0a7ba6738c0dce4,NANR animation,Confirmed,False,False
/a/0/6/8,/a/0/6/8!/member_00056,0,/a/0/6/8,197,56,,29728,29818,28692,28782,90,e6392606e3534df1e7d9cba6482034c05af6118b3c062fc16837f0ae510283e5,524c434efffe00015a00000010000200,,NCLR palette,Confirmed,True,False,,,,,,,,,,False,False
/a/0/6/8,/a/0/6/8!/member_00057,0,/a/0/6/8,197,57,,29820,30349,28784,29313,529,7ebb848658bce623ea539c1159ae5555752e60fbf6781d9bbae2bd50e736d5c7,10240600005243534efffe0001002406,,Nintendo LZ10,Probable,,True,Nintendo LZ10,Confirmed,True,1572,True,1572,50a004adba47776d5d55a2d13728e0e16558b77e07bc448c44e3ff43f050e8f4,NSCR screen map,Confirmed,False,False
/a/0/6/8,/a/0/6/8!/member_00058,0,/a/0/6/8,197,58,,30352,32456,29316,31420,2104,3222299cfc959da73f61568339e55e1cf4fe44a490b1ec09b8506470b1dac99c,10402400005247434efffe0101004024,,Nintendo LZ10,Probable,,True,Nintendo LZ10,Confirmed,True,9280,True,9280,a45e5b512302995a3673d970a1d52a4350dd798c87f5bcdf44c00fdface3b0de,NCGR graphics,Confirmed,False,False
/a/0/6/8,/a/0/6/8!/member_00059,0,/a/0/6/8,197,59,,32456,32689,31420,31653,233,6150e3641de55a8bb1dac464a786bbea7184368e1d561229b017dd5da95f6d82,10240600005243534efffe0001002406,,Nintendo LZ10,Probable,,True,Nintendo LZ10,Confirmed,True,1572,True,1572,c957e3357b922f9ddb3da487500e5fc3c0b81e29d311a4cb6dc7e722d7a4549c,NSCR screen map,Confirmed,False,False
/a/0/6/8,/a/0/6/8!/member_00060,0,/a/0/6/8,197,60,,32692,32933,31656,31897,241,c1de78b27884ff0315643c650d8b6de9688ce56e8f2e09aef0dfadfcadb373d5,10240600005243534efffe0001002406,,Nintendo LZ10,Probable,,True,Nintendo LZ10,Confirmed,True,1572,True,1572,2b768e4fa6e7de0b1fa1b4dc4be263a04c72a6532f2518ae91d4e754e3ba08d3,NSCR screen map,Confirmed,False,False
/a/0/6/8,/a/0/6/8!/member_00061,0,/a/0/6/8,197,61,,32936,33179,31900,32143,243,055ccb4a8a9b09fa4b3b14a568f568665f515cf2e32d22e5a7ef0e437a4a61c9,10240600005243534efffe0001002406,,Nintendo LZ10,Probable,,True,Nintendo LZ10,Confirmed,True,1572,True,1572,66c363b57d9d0650b9d13b483fbbdbe208d62650beb6830baa82d8ee16271446,NSCR screen map,Confirmed,False,False
/a/0/6/8,/a/0/6/8!/member_00062,0,/a/0/6/8,197,62,,33180,33572,32144,32536,392,3826d259ec463a2481cc8c7b050ff7423f34210cd1909717eda79e75637b48b9,10240600005243534efffe0001002406,,Nintendo LZ10,Probable,,True,Nintendo LZ10,Confirmed,True,1572,True,1572,a5c3ef2e899848d6143284762b94fa378b6c469fb8bcccbcf7cfed528984aac0,NSCR screen map,Confirmed,False,False
/a/0/6/8,/a/0/6/8!/member_00063,0,/a/0/6/8,197,63,,33572,33962,32536,32926,390,1c117e11e0dab45f6603a50e0b6f704402c46d74e91b4152305c245172277f3e,10240600005243534efffe0001002406,,Nintendo LZ10,Probable,,True,Nintendo LZ10,Confirmed,True,1572,True,1572,346bef053e2302696fedc8afdaa098682369324199241d6181c7917bddbcbd84,NSCR screen map,Confirmed,False,False
/a/0/6/8,/a/0/6/8!/member_00064,0,/a/0/6/8,197,64,,33964,34468,32928,33432,504,f3de78e4ef6d00d5bda90c5b10d25583e97937f3dc12c7a13bd7f20e42fa2f26,10240600005243534efffe0001002406,,Nintendo LZ10,Probable,,True,Nintendo LZ10,Confirmed,True,1572,True,1572,37646646da5ecf38eed27ce66f7a49b6015b32e630f8c0139e870726cfb369c2,NSCR screen map,Confirmed,False,False
/a/0/6/8,/a/0/6/8!/member_00065,0,/a/0/6/8,197,65,,34468,34847,33432,33811,379,3009b627a9281f2d43970260ecf0ffb607e2f8960a4ab1e2bc2410a9403f071b,10240600005243534efffe0001002406,,Nintendo LZ10,Probable,,True,Nintendo LZ10,Confirmed,True,1572,True,1572,4d465889f75f027d86d5d0bb49e794ef9182d9e44b785fdec2f40b25eaac48ed,NSCR screen map,Confirmed,False,False
/a/0/6/8,/a/0/6/8!/member_00066,0,/a/0/6/8,197,66,,34848,35213,33812,34177,365,ae05328f3352ea01bbb833ce8453d650dc5d54dd6f56e36db058cb7f3ded9c7c,10240600005243534efffe0001002406,,Nintendo LZ10,Probable,,True,Nintendo LZ10,Confirmed,True,1572,True,1572,31aee30d4d4329234c27fe6747f07d4b60f1b30c5e79889ed311aa8359aa3710,NSCR screen map,Confirmed,False,False
/a/0/6/8,/a/0/6/8!/member_00067,0,/a/0/6/8,197,67,,35216,35613,34180,34577,397,e1ad94995c85bc8027d4df95956c1c9931686746f0857c4507f9180fa07b5387,10240600005243534efffe0001002406,,Nintendo LZ10,Probable,,True,Nintendo LZ10,Confirmed,True,1572,True,1572,72d7ece04210a8628e36325afbc2b5394ebd5e9c42cf3a5c4b0a9aa6d4ae6ea2,NSCR screen map,Confirmed,False,False
/a/0/6/8,/a/0/6/8!/member_00068,0,/a/0/6/8,197,68,,35616,36024,34580,34988,408,4f51020554e96970cb0687839aabf7fb67b040565b2f26d8b3ca4acba063e147,10240600005243534efffe0001002406,,Nintendo LZ10,Probable,,True,Nintendo LZ10,Confirmed,True,1572,True,1572,1d4307a755e886eac03b6fb5267f3ea39837da87163905385925206862ea3576,NSCR screen map,Confirmed,False,False
/a/0/6/8,/a/0/6/8!/member_00069,0,/a/0/6/8,197,69,,36024,36136,34988,35100,112,6c092be78ec7664e2fb6b830262e121e35d7c7c51fd0df5f0f2406fdc1cdc4d7,10240100005243534efffe0001002401,,Nintendo LZ10,Probable,,True,Nintendo LZ10,Confirmed,True,292,True,292,219ff76f33a1a44f5ed2bc2e6c62468dde641db8ca76936f9b6a946f7bb81888,NSCR screen map,Confirmed,False,False
/a/0/6/8,/a/0/6/8!/member_00070,0,/a/0/6/8,197,70,,36136,36255,35100,35219,119,a65ca35d95c6c146c84ca8288d9a76731c59c4d1360b932af3efa2f04ec4a5e0,10240100005243534efffe0001002401,,Nintendo LZ10,Probable,,True,Nintendo LZ10,Confirmed,True,292,True,292,36a2ccb6438dda1229ac8306e13757bc4678ee03c3b17b87722b705b4c322595,NSCR screen map,Confirmed,False,False
/a/0/6/8,/a/0/6/8!/member_00071,0,/a/0/6/8,197,71,,36256,36548,35220,35512,292,f7fc3d9f103014a5fa7b7b9e6e3d322aaa5583ad18b672fd538b4c3f2d84b564,10640100005243534efffe0001006401,,Nintendo LZ10,Probable,,True,Nintendo LZ10,Confirmed,True,356,True,356,3de14460fdd5af0a3a66d7c81263e118f707fd416ad68c7d0daa699ac57d29d5,NSCR screen map,Confirmed,False,False
/a/0/6/8,/a/0/6/8!/member_00072,0,/a/0/6/8,197,72,,36548,37587,35512,36551,1039,728be60afc3e30dcf9e15214d6fd347050809b0a5a26dc95302265f06403dde8,10f00c00005247434efffe010100f00c,,Nintendo LZ10,Probable,,True,Nintendo LZ10,Confirmed,True,3312,True,3312,1c96b3452ac71ba3fb2466ff004e1d889aad1fe7b3e42594b6a5ad941993f80d,NCGR graphics,Confirmed,False,False
/a/0/6/8,/a/0/6/8!/member_00073,0,/a/0/6/8,197,73,,37588,38014,36552,36978,426,c9b4fdec109e7332fc2d73e70a1ad4c3dacfe90ee741eae465edc9376c917601,10f20200005245434efffe000100f202,,Nintendo LZ10,Probable,,True,Nintendo LZ10,Confirmed,True,754,True,754,54d68660c2d1c7dd7ab8647249e9414be1b369c632ec7ac9ee2aa20fbfd08417,NCER cell,Confirmed,False,False
/a/0/6/8,/a/0/6/8!/member_00074,0,/a/0/6/8,197,74,,38016,38323,36980,37287,307,f7604fc98fb6feff041653364c465ec08d1f0c5cccdab3a1c0139e39edbff808,10a2020000524e414efffe000100a202,,Nintendo LZ10,Probable,,True,Nintendo LZ10,Confirmed,True,674,True,674,6441a75c1a03c8c9649738f2df9948639e516309938b1061008c98cda23b9971,NANR animation,Confirmed,False,False
/a/0/6/8,/a/0/6/8!/member_00075,0,/a/0/6/8,197,75,,38324,38414,37288,37378,90,857d6c7d0fb20521a1dc3f9e73e14f74842108013f43c4936d53f33050523423,524c434efffe00015a00000010000200,,NCLR palette,Confirmed,True,False,,,,,,,,,,False,False
/a/0/6/8,/a/0/6/8!/member_00076,0,/a/0/6/8,197,76,,38416,38527,37380,37491,111,2241a0fcc3cd0ccc98c72271c623baeb890f438b809bb3435ca3ed39d44e319c,10300200005247434efffe0101003002,,Nintendo LZ10,Probable,,True,Nintendo LZ10,Confirmed,True,560,True,560,217ddc8496166fb179b136de217e74bc79f0329be6bcdde599e3581ad269cf98,NCGR graphics,Confirmed,False,False
/a/0/6/8,/a/0/6/8!/member_00077,0,/a/0/6/8,197,77,,38528,38599,37492,37563,71,03d6d419e14c82f9bd6ab3fc2397a102ac41fc5c8f36237aa331b9928a783fa5,10b00000005247434efffe010100b000,,Nintendo LZ10,Probable,,True,Nintendo LZ10,Confirmed,True,176,True,176,4e6ae2c4cb9b33a630c95fbf891811162378cc8e2dfd1500f793632ee3285b4e,NCGR graphics,Confirmed,False,False
/a/0/6/8,/a/0/6/8!/member_00078,0,/a/0/6/8,197,78,,38600,38689,37564,37653,89,75606011dbb2ff95af40edae74c623b8c69f780cfed4ab3bfa36d3718c144934,106b0000005245434efffe0001006b00,,Nintendo LZ10,Probable,,True,Nintendo LZ10,Confirmed,True,107,True,107,7b23003ec10b8c08e0aa67c039021170f392d7df280dbfe71f68064ad01c9117,NCER cell,Confirmed,False,False
/a/0/6/8,/a/0/6/8!/member_00079,0,/a/0/6/8,197,79,,38692,38782,37656,37746,90,0fc29c9a52929550960f55d56f45ebc819228da7e81845234bc06edd8685bd75,106f000000524e414efffe0001006f00,,Nintendo LZ10,Probable,,True,Nintendo LZ10,Confirmed,True,111,True,111,02501a6a5ce892afbfaf7aaf1ac388045db6e55ade71548a00cc3a91b7fb3f37,NANR animation,Confirmed,False,False
/a/0/6/8,/a/0/6/8!/member_00080,0,/a/0/6/8,197,80,,38784,39219,37748,38183,435,f8e33c81d96e8a5e6ae480934c26ede9daac29fac8a4283b87bec6e64b6cf364,10240600005243534efffe0001002406,,Nintendo LZ10,Probable,,True,Nintendo LZ10,Confirmed,True,1572,True,1572,6c59e5d868083104a8b0ebf454daacb14ffdf0688c7b767e6282d0a324d3afbe,NSCR screen map,Confirmed,False,False
/a/0/6/8,/a/0/6/8!/member_00081,0,/a/0/6/8,197,81,,39220,39708,38184,38672,488,16c94c271e4a2f28ea4bc207fc434360fd6931aee51e29840fe19921b67195d0,10240600005243534efffe0001002406,,Nintendo LZ10,Probable,,True,Nintendo LZ10,Confirmed,True,1572,True,1572,df5c8041566fdbb4ffadfeb95d52bb43d325355d9252c8f6b07d849b27b59088,NSCR screen map,Confirmed,False,False
/a/0/6/8,/a/0/6/8!/member_00082,0,/a/0/6/8,197,82,,39708,39932,38672,38896,224,617e91ee8528f4d0eb68087d7e6e19d2b65ec8724c0c4874fc0a0da514c8993f,10240600005243534efffe0001002406,,Nintendo LZ10,Probable,,True,Nintendo LZ10,Confirmed,True,1572,True,1572,ae88bffa1935e7cdfe947c82bb48475645d97812aeef1f3283e38c11d5d5cb1c,NSCR screen map,Confirmed,False,False
/a/0/6/8,/a/0/6/8!/member_00083,0,/a/0/6/8,197,83,,39932,41079,38896,40043,1147,e49dd4879dfcf33e8ab1b37317445768d9584504c93b8279a6bfebb623eb5f96,10401000005247434efffe0101004010,,Nintendo LZ10,Probable,,True,Nintendo LZ10,Confirmed,True,4160,True,4160,6a2c2600e661d1303751e97f3418bee5b875c1c99556d1a613e009a333cab6fd,NCGR graphics,Confirmed,False,False
/a/0/6/8,/a/0/6/8!/member_00084,0,/a/0/6/8,197,84,,41080,41460,40044,40424,380,19bbef0dc7f864521f8f2f59e86a4c9a4cbdf8a118e8511f3049767311026125,10240600005243534efffe0001002406,,Nintendo LZ10,Probable,,True,Nintendo LZ10,Confirmed,True,1572,True,1572,cf215a7f0fb6b4ea047c09d7b7b41f27e1e4b5a7cba9948a9698452c099a0faa,NSCR screen map,Confirmed,False,False
/a/0/6/8,/a/0/6/8!/member_00085,0,/a/0/6/8,197,85,,41460,42522,40424,41486,1062,c08506869a6a3b3aa59ce1e21fa025c8be7c21299596736d030cca71851e44a3,10401400005247434efffe0101004014,,Nintendo LZ10,Probable,,True,Nintendo LZ10,Confirmed,True,5184,True,5184,52c7129615ef95c5a739141807151a96f688a4f7a66f27f1054b8cef03246672,NCGR graphics,Confirmed,False,False
/a/0/6/8,/a/0/6/8!/member_00086,0,/a/0/6/8,197,86,,42524,43473,41488,42437,949,7d67f7c1b7ccc97a9bbd769dbbdffddc66cb374916926878670ffe6234a4c929,10241000005243534efffe0001002410,,Nintendo LZ10,Probable,,True,Nintendo LZ10,Confirmed,True,4132,True,4132,67fe5fef68be0fa4847af515b5e25f8484ff7e3d973ff0cf44c2f492b794a4f6,NSCR screen map,Confirmed,False,False
/a/0/6/8,/a/0/6/8!/member_00087,0,/a/0/6/8,197,87,,43476,44896,42440,43860,1420,7fba0127b19c29656d09c5c9a0433b03732fceaa99df947ada92c88d864a32a1,10402000005247434efffe0101004020,,Nintendo LZ10,Probable,,True,Nintendo LZ10,Confirmed,True,8256,True,8256,d0490279909dc137ad6320c4a1aaaa3b575f998cc24dc2af4c5d1a0016a2f32c,NCGR graphics,Confirmed,False,False
/a/0/6/8,/a/0/6/8!/member_00088,0,/a/0/6/8,197,88,,44896,44984,43860,43948,88,4bb3e04e8b9de8662df7b4e723fedb5fae9d6baf57fef0fbd1fb832fca4c119f,10c40000005243534efffe000100c400,,Nintendo LZ10,Probable,,True,Nintendo LZ10,Confirmed,True,196,True,196,e2b71aadabfe44fb0c814580b6d4e06cfb32257a098fdcd5ac205a6941eec94e,NSCR screen map,Confirmed,False,False
/a/0/6/8,/a/0/6/8!/member_00089,0,/a/0/6/8,197,89,,44984,45305,43948,44269,321,b38c9ca4fa54f241d95f97fc7d0e9dbb83b55866e2a81269e077e9e7b0db98f2,10240600005243534efffe0001002406,,Nintendo LZ10,Probable,,True,Nintendo LZ10,Confirmed,True,1572,True,1572,ed1d50b67333796d9ee75dea8d0fca3699811393461a6b2ea8236a0f8e6c462d,NSCR screen map,Confirmed,False,False
/a/0/6/8,/a/0/6/8!/member_00090,0,/a/0/6/8,197,90,,45308,45978,44272,44942,670,22ce4c67271249730a426ab27bd7d31781660dd8ecb7e956d7476ff00c4a078d,10401000005247434efffe0101004010,,Nintendo LZ10,Probable,,True,Nintendo LZ10,Confirmed,True,4160,True,4160,f9f0d4936815070be542f0406982d4e3380d242bda4f0b9603f8c9255b5ca003,NCGR graphics,Confirmed,False,False
/a/0/6/8,/a/0/6/8!/member_00091,0,/a/0/6/8,197,91,,45980,46436,44944,45400,456,5a3b953838c9dc514f83622c3b2373ff985c10aad32fe5e7877ef884fd3d3120,10240600005243534efffe0001002406,,Nintendo LZ10,Probable,,True,Nintendo LZ10,Confirmed,True,1572,True,1572,02e26163341241db1c55691ede80f0b982ac59b9c8765d506056e64dccc52fe6,NSCR screen map,Confirmed,False,False
/a/0/6/8,/a/0/6/8!/member_00092,0,/a/0/6/8,197,92,,46436,47519,45400,46483,1083,29c0bdfe7e1ef79ac28112b1098014e465f01bff5f4fb74e2965c61dab3ec0bb,10401400005247434efffe0101004014,,Nintendo LZ10,Probable,,True,Nintendo LZ10,Confirmed,True,5184,True,5184,4785dc944af77ed8f85912d656d01f05bf1450cbcdc51d166faf80a5406e38d9,NCGR graphics,Confirmed,False,False
/a/0/6/8,/a/0/6/8!/member_00093,0,/a/0/6/8,197,93,,47520,48669,46484,47633,1149,2749d3cacbb46dc6397fa8c7da7f0f327d684ff98969be82b0faa0ec07569060,10401000005247434efffe0101004010,,Nintendo LZ10,Probable,,True,Nintendo LZ10,Confirmed,True,4160,True,4160,802643af4a7dfe6cbe2205965c27de55ae4be818220fbdc0351385a97a90a359,NCGR graphics,Confirmed,False,False
/a/0/6/8,/a/0/6/8!/member_00094,0,/a/0/6/8,197,94,,48672,49648,47636,48612,976,15fb8abd5834800d2de1a68fada51239f2749b3015ee896733343d6353a5d924,10401400005247434efffe0101004014,,Nintendo LZ10,Probable,,True,Nintendo LZ10,Confirmed,True,5184,True,5184,ff1d14a812dee34980b41339d3ff1a01bead00df48fc98e89e6aa136bd23f16c,NCGR graphics,Confirmed,False,False
/a/0/6/8,/a/0/6/8!/member_00095,0,/a/0/6/8,197,95,,49648,50006,48612,48970,358,b1aaae85dc4716b13a7560b359ef9d91dbe25379c8d5e1329057269fa5419520,10240600005243534efffe0001002406,,Nintendo LZ10,Probable,,True,Nintendo LZ10,Confirmed,True,1572,True,1572,09e0914af3ddf51458474facf0aa6f61500fe2c755656c5cbdf42d9977aa3230,NSCR screen map,Confirmed,False,False
/a/0/6/8,/a/0/6/8!/member_00096,0,/a/0/6/8,197,96,,50008,50232,48972,49196,224,617e91ee8528f4d0eb68087d7e6e19d2b65ec8724c0c4874fc0a0da514c8993f,10240600005243534efffe0001002406,,Nintendo LZ10,Probable,,True,Nintendo LZ10,Confirmed,True,1572,True,1572,ae88bffa1935e7cdfe947c82bb48475645d97812aeef1f3283e38c11d5d5cb1c,NSCR screen map,Confirmed,False,False
/a/0/6/8,/a/0/6/8!/member_00097,0,/a/0/6/8,197,97,,50232,50605,49196,49569,373,afc6196a9e064e22f89e977681a94c936d01eafa868a0d18249f44931d79f37d,10240600005243534efffe0001002406,,Nintendo LZ10,Probable,,True,Nintendo LZ10,Confirmed,True,1572,True,1572,913bea14da6b9b0567d157c5ffb72c537f968e14dcfc8baa567dfdb5039a1a64,NSCR screen map,Confirmed,False,False
/a/0/6/8,/a/0/6/8!/member_00098,0,/a/0/6/8,197,98,,50608,51035,49572,49999,427,ff6252068e6a3fa51248583bab52981fca6f8c3e84a78badd1d35afefc3ddf00,10240600005243534efffe0001002406,,Nintendo LZ10,Probable,,True,Nintendo LZ10,Confirmed,True,1572,True,1572,fdc0fc9e3ea4a4a00eeacd5b645b73437fe7ce1283a866a91da1360a43716b2f,NSCR screen map,Confirmed,False,False
/a/0/6/8,/a/0/6/8!/member_00099,0,/a/0/6/8,197,99,,51036,51409,50000,50373,373,afc6196a9e064e22f89e977681a94c936d01eafa868a0d18249f44931d79f37d,10240600005243534efffe0001002406,,Nintendo LZ10,Probable,,True,Nintendo LZ10,Confirmed,True,1572,True,1572,913bea14da6b9b0567d157c5ffb72c537f968e14dcfc8baa567dfdb5039a1a64,NSCR screen map,Confirmed,False,False
/a/0/6/8,/a/0/6/8!/member_00100,0,/a/0/6/8,197,100,,51412,51476,50376,50440,64,76d095858543e54e26695705fa4dd294b71a894b2840b4faeed9d3ba33ded558,10a40000005243534efffe000100a400,,Nintendo LZ10,Probable,,True,Nintendo LZ10,Confirmed,True,164,True,164,17c43f82267cd6be90d58a657962c8f36c8880712f266537887e768902383898,NSCR screen map,Confirmed,False,False
/a/0/6/8,/a/0/6/8!/member_00101,0,/a/0/6/8,197,101,,51476,51774,50440,50738,298,53985c70726c23edf275c9511ece3c41a6f8a6af9055ab2e0f9b65d35b719e59,10240600005243534efffe0001002406,,Nintendo LZ10,Probable,,True,Nintendo LZ10,Confirmed,True,1572,True,1572,a5ddd866343299293f3ce1f97af3abe51e586e861e3d173cda5bef9f24644710,NSCR screen map,Confirmed,False,False
/a/0/6/8,/a/0/6/8!/member_00102,0,/a/0/6/8,197,102,,51776,52509,50740,51473,733,bc701677955bf5b2ab401a99cd9da3d583cd480a79634b609ed0fb6903e8fcb6,10401000005247434efffe0101004010,,Nintendo LZ10,Probable,,True,Nintendo LZ10,Confirmed,True,4160,True,4160,0b260f38fdded3f35d5d15a1cd74453def5cebfc5662868f52ebc9572bc33552,NCGR graphics,Confirmed,False,False
/a/0/6/8,/a/0/6/8!/member_00103,0,/a/0/6/8,197,103,,52512,52774,51476,51738,262,5bfcb26efec8c0040b6c3e05244fce672fde711b7f8130a1acc69d30bb870540,10240600005243534efffe0001002406,,Nintendo LZ10,Probable,,True,Nintendo LZ10,Confirmed,True,1572,True,1572,fb03227dd01ae32541601666a9574255d30f3e1c18bfa45bdcb04f9df9b702fd,NSCR screen map,Confirmed,False,False
/a/0/6/8,/a/0/6/8!/member_00104,0,/a/0/6/8,197,104,,52776,53421,51740,52385,645,4921324517dbf57ea2c70cfc60aec048a296a14838658c3b34d1c3b94cd6f816,10401000005247434efffe0101004010,,Nintendo LZ10,Probable,,True,Nintendo LZ10,Confirmed,True,4160,True,4160,f4435ae88dcb007ee79406e8501940470313070fb2635d9d1c4886165ee59dd1,NCGR graphics,Confirmed,False,False
/a/0/6/8,/a/0/6/8!/member_00105,0,/a/0/6/8,197,105,,53424,53709,52388,52673,285,95dcda14a4d6d087b40fe3c6c8183748c677121cac11b244b049218f59444844,10300200005247434efffe0101003002,,Nintendo LZ10,Probable,,True,Nintendo LZ10,Confirmed,True,560,True,560,bc87c1f6f376c008b12ac513bbc03099d0872dd2d0f588ff1535a77faaa2e480,NCGR graphics,Confirmed,False,False
/a/0/6/8,/a/0/6/8!/member_00106,0,/a/0/6/8,197,106,,53712,53801,52676,52765,89,bf0aef0dc81673835a9f115b37b354765fc34c6bc558ff66747bf1be4004e571,106b0000005245434efffe0001006b00,,Nintendo LZ10,Probable,,True,Nintendo LZ10,Confirmed,True,107,True,107,432107dce7af0166d215e922fc8a8b49e4a9cf319a8a737c231ec5ba02e500a6,NCER cell,Confirmed,False,False
/a/0/6/8,/a/0/6/8!/member_00107,0,/a/0/6/8,197,107,,53804,53894,52768,52858,90,0fc29c9a52929550960f55d56f45ebc819228da7e81845234bc06edd8685bd75,106f000000524e414efffe0001006f00,,Nintendo LZ10,Probable,,True,Nintendo LZ10,Confirmed,True,111,True,111,02501a6a5ce892afbfaf7aaf1ac388045db6e55ade71548a00cc3a91b7fb3f37,NANR animation,Confirmed,False,False
/a/0/6/8,/a/0/6/8!/member_00108,0,/a/0/6/8,197,108,,53896,54020,52860,52984,124,8c17a9e8da43316831fc6df98a97cea8e53b9465be01524ed52072eaf9326991,524c434efffe00017c00000010000200,,NCLR palette,Confirmed,True,False,,,,,,,,,,False,False
/a/0/6/8,/a/0/6/8!/member_00109,0,/a/0/6/8,197,109,,54020,54357,52984,53321,337,99daa5236b5ecd9a92d324d7cafbb54a690570cf184296b17718c4fd15d6dc7b,10300200005247434efffe0101003002,,Nintendo LZ10,Probable,,True,Nintendo LZ10,Confirmed,True,560,True,560,b08867eccc41ed1851aeb3589a96b1bd3a1ba34a64c056fc25eb0cd016a36928,NCGR graphics,Confirmed,False,False
/a/0/6/8,/a/0/6/8!/member_00110,0,/a/0/6/8,197,110,,54360,54450,53324,53414,90,7d7625f2e6d05fa850029191d19bb422452ddf9747942b9ed40e876df2cea416,524c434efffe00015a00000010000200,,NCLR palette,Confirmed,True,False,,,,,,,,,,False,False
/a/0/6/8,/a/0/6/8!/member_00111,0,/a/0/6/8,197,111,,54452,54999,53416,53963,547,ce33e4ad3b6a8060997da6419363a9c82d1c54fa865352f8c4e4fb53e7378960,10b00c00005247434efffe010100b00c,,Nintendo LZ10,Probable,,True,Nintendo LZ10,Confirmed,True,3248,True,3248,8fa3f8a3436b8e845fae6151121dc76f849ebaba2e959e194831d9c49dd3855d,NCGR graphics,Confirmed,False,False
/a/0/6/8,/a/0/6/8!/member_00112,0,/a/0/6/8,197,112,,55000,55119,53964,54083,119,e8358907e20a16db01d865e0b9c370e28d1fd78e9b00e1524892d68990078b03,10870000005245434efffe0001008700,,Nintendo LZ10,Probable,,True,Nintendo LZ10,Confirmed,True,135,True,135,41b9b23ef60ceb6a24d566def352d0a8d0e5d578cd7027e305bc25094bf98ea6,NCER cell,Confirmed,False,False
/a/0/6/8,/a/0/6/8!/member_00113,0,/a/0/6/8,197,113,,55120,55209,54084,54173,89,a0b2f2d152c11df428055b6857537241ba3f6eb3d577800c235d80e407b8452e,106f000000524e414efffe0001006f00,,Nintendo LZ10,Probable,,True,Nintendo LZ10,Confirmed,True,111,True,111,30249884bd91f10bc9d4e13e7b1495f09991b6f488405a0cdbb61cfb402d10ca,NANR animation,Confirmed,False,False
/a/0/6/8,/a/0/6/8!/member_00114,0,/a/0/6/8,197,114,,55212,55760,54176,54724,548,a665a13014b716187fecda3b7f48bea88620b758a41a57dfcdf07d3a0c09823a,10b00c00005247434efffe010100b00c,,Nintendo LZ10,Probable,,True,Nintendo LZ10,Confirmed,True,3248,True,3248,6c482222cb3efe53ba7c444762d8242c19151e2624edc23254d9fbd823e83eec,NCGR graphics,Confirmed,False,False
/a/0/6/8,/a/0/6/8!/member_00115,0,/a/0/6/8,197,115,,55760,56044,54724,55008,284,c75bf02b200ed9defb55beb678ba7cbe5ed3e16ddaac92ae762ff60ee9836283,10b00100005247434efffe010100b001,,Nintendo LZ10,Probable,,True,Nintendo LZ10,Confirmed,True,432,True,432,867c0b1f05d6c45ee45e191ef30160510167ac7934e51f8ce00618fcd3ff8299,NCGR graphics,Confirmed,False,False
/a/0/6/8,/a/0/6/8!/member_00116,0,/a/0/6/8,197,116,,56044,56174,55008,55138,130,0f1061895297be936a6b69b4e7f47ab04327b613e8ee104706f71ea267033aca,10c40000005245434efffe000100c400,,Nintendo LZ10,Probable,,True,Nintendo LZ10,Confirmed,True,196,True,196,8474e189523428a6006d47c0bca4a8c0c81e122a7f620b940a84e9ffbff5c2c2,NCER cell,Confirmed,False,False
/a/0/6/8,/a/0/6/8!/member_00117,0,/a/0/6/8,197,117,,56176,56324,55140,55288,148,e6c1015470cb5935ad81b893a4033592240d2b33308b6396782ab6cc519781c4,10fc000000524e414efffe000100fc00,,Nintendo LZ10,Probable,,True,Nintendo LZ10,Confirmed,True,252,True,252,545399285cfc904e9d7d191f0615fcdc6c05ce52ffa6216cc367567d08e34712,NANR animation,Confirmed,False,False
/a/0/6/8,/a/0/6/8!/member_00118,0,/a/0/6/8,197,118,,56324,56414,55288,55378,90,04004cdbca4461c27dc9fcb2819fdcc0f1ec2b9e409ab8cbc924fb2866c446a6,524c434efffe00015a00000010000200,,NCLR palette,Confirmed,True,False,,,,,,,,,,False,False
/a/0/6/8,/a/0/6/8!/member_00119,0,/a/0/6/8,197,119,,56416,56564,55380,55528,148,e6dcaf862ee7dc916e90feef34e9bf92a357e558830dbdf5e350311d5796f5d9,10b00200005247434efffe010100b002,,Nintendo LZ10,Probable,,True,Nintendo LZ10,Confirmed,True,688,True,688,7e128529a475a47ac15daad7981fe900888f9ff7c489df75da83d1d1d52442b3,NCGR graphics,Confirmed,False,False
/a/0/6/8,/a/0/6/8!/member_00120,0,/a/0/6/8,197,120,,56564,56944,55528,55908,380,3c347bc3ed95c07c7c80f565fdbeb22da59e8312529e3bd3914a69ef25a47343,10240200005245434efffe0001002402,,Nintendo LZ10,Probable,,True,Nintendo LZ10,Confirmed,True,548,True,548,62040f1695cc67725f07e1fe85b87aa9dbee0cbbbf443618e8d03fa6676b18ca,NCER cell,Confirmed,False,False
/a/0/6/8,/a/0/6/8!/member_00121,0,/a/0/6/8,197,121,,56944,57215,55908,56179,271,d619ea40d29544113f281bd037e60727e1f63cfab6c53b2f67283b4d168c06e1,1018020000524e414efffe0001001802,,Nintendo LZ10,Probable,,True,Nintendo LZ10,Confirmed,True,536,True,536,64e66af858e4350100d1a5b5a2db0103f4f6b09f0ca0972acb77dd1823d1c90c,NANR animation,Confirmed,False,False
/a/0/6/8,/a/0/6/8!/member_00122,0,/a/0/6/8,197,122,,57216,57340,56180,56304,124,ba0953c50b28d100b1a367b3a0519037cfd9456c11a8f9c714d4d4fbdad7ef1b,524c434efffe00017c00000010000200,,NCLR palette,Confirmed,True,False,,,,,,,,,,False,False
/a/0/6/9,/a/0/6/9!/member_00000,0,/a/0/6/9,198,0,,4028,4580,0,552,552,ec16358257ea3a53defa38bf0c7562cc0d0d606d9c0ac1948c292670d3565c4a,524c434efffe00012802000010000100,,NCLR palette,Confirmed,True,False,,,,,,,,,,False,False
/a/0/6/9,/a/0/6/9!/member_00001,0,/a/0/6/9,198,1,,4580,4669,552,641,89,a0b2f2d152c11df428055b6857537241ba3f6eb3d577800c235d80e407b8452e,106f000000524e414efffe0001006f00,,Nintendo LZ10,Probable,,True,Nintendo LZ10,Confirmed,True,111,True,111,30249884bd91f10bc9d4e13e7b1495f09991b6f488405a0cdbb61cfb402d10ca,NANR animation,Confirmed,False,False
/a/0/6/9,/a/0/6/9!/member_00002,0,/a/0/6/9,198,2,,4672,4757,644,729,85,4d98f65e94d8126654d74557c62135f90fd1d82bd03b49acefd57f592488345c,10670000005245434efffe0001006700,,Nintendo LZ10,Probable,,True,Nintendo LZ10,Confirmed,True,103,True,103,a54c13b838f3db59466b275179175cebb59dcac62031e8587e02d55e77dca778,NCER cell,Confirmed,False,False
/a/0/6/9,/a/0/6/9!/member_00003,0,/a/0/6/9,198,3,,4760,4872,732,844,112,558d0ea1ad4a94f5e1a27dd650cdd20433f0e3dd929f2ff0a971d892f73fec2a,10300100005247434efffe0101003001,,Nintendo LZ10,Probable,,True,Nintendo LZ10,Confirmed,True,304,True,304,2bd5551de08eacb02fc247fd4e1ef26c784298dd4ef0d61c06d11f3f8eef1076,NCGR graphics,Confirmed,False,False
/a/0/6/9,/a/0/6/9!/member_00004,0,/a/0/6/9,198,4,,4872,4984,844,956,112,558d0ea1ad4a94f5e1a27dd650cdd20433f0e3dd929f2ff0a971d892f73fec2a,10300100005247434efffe0101003001,,Nintendo LZ10,Probable,,True,Nintendo LZ10,Confirmed,True,304,True,304,2bd5551de08eacb02fc247fd4e1ef26c784298dd4ef0d61c06d11f3f8eef1076,NCGR graphics,Confirmed,False,False
/a/0/6/9,/a/0/6/9!/member_00005,0,/a/0/6/9,198,5,,4984,5107,956,1079,123,b65753a2410c7fa154e30586ffdd4e1b82aa1a82bc362c4bf5584f89f59958a7,10300100005247434efffe0101003001,,Nintendo LZ10,Probable,,True,Nintendo LZ10,Confirmed,True,304,True,304,f8ae0c1aac890e584af38a87cb92e46ec445261a85c0a73c2ec5f8c1acb504df,NCGR graphics,Confirmed,False,False
/a/0/6/9,/a/0/6/9!/member_00006,0,/a/0/6/9,198,6,,5108,5236,1080,1208,128,7ae53f997850ffdbb093c0e7d3e9204899e863ec9f5091d52adc06620535cfb2,10300100005247434efffe0101003001,,Nintendo LZ10,Probable,,True,Nintendo LZ10,Confirmed,True,304,True,304,645e1a8e1f2f4a6a4faa2963d018a1b01c68ed6cb254123b458d5b4c11a37a72,NCGR graphics,Confirmed,False,False
/a/0/6/9,/a/0/6/9!/member_00007,0,/a/0/6/9,198,7,,5236,5356,1208,1328,120,b35f5425382feca6845ec4e4c38a94f64c224f4553d3096bc3134f2c37aad293,10300100005247434efffe0101003001,,Nintendo LZ10,Probable,,True,Nintendo LZ10,Confirmed,True,304,True,304,f2940ab7f469fc9e99f8d20e8fcf234479d72d38c5af161841f4fee3ce29824e,NCGR graphics,Confirmed,False,False
/a/0/6/9,/a/0/6/9!/member_00008,0,/a/0/6/9,198,8,,5356,5479,1328,1451,123,237b10fde9294c89d1f135a3e87f9413a0a2b15d2f020feaea8441c84e47b5d1,10300100005247434efffe0101003001,,Nintendo LZ10,Probable,,True,Nintendo LZ10,Confirmed,True,304,True,304,a9303189667a55da12507f9bee5d8d83dac5758406b6990b61cc5da1102aa392,NCGR graphics,Confirmed,False,False
/a/0/6/9,/a/0/6/9!/member_00009,0,/a/0/6/9,198,9,,5480,5605,1452,1577,125,df29e9f46f2cc553b33c7426106337880420be32049d9d3800f59b1942993cdf,10300100005247434efffe0101003001,,Nintendo LZ10,Probable,,True,Nintendo LZ10,Confirmed,True,304,True,304,babc735d2b7e545e3cf5c85a42f753f99bc880a27100aa2722a8ce3e544ab503,NCGR graphics,Confirmed,False,False
/a/0/6/9,/a/0/6/9!/member_00010,0,/a/0/6/9,198,10,,5608,5719,1580,1691,111,665b2703616ce19c097df7cb29a37236a43c14c1cf896c34dcf5bb52e986acdb,10300100005247434efffe0101003001,,Nintendo LZ10,Probable,,True,Nintendo LZ10,Confirmed,True,304,True,304,068fdf34944524b913bd154f838ceabd93ee9194fc1e6fca282250b329aee7c6,NCGR graphics,Confirmed,False,False
/a/0/6/9,/a/0/6/9!/member_00011,0,/a/0/6/9,198,11,,5720,5841,1692,1813,121,a3578ffac02bc2628cabc1868e88c1138f8d9c0d6831e86f6bc0ecf4328c2a75,10300100005247434efffe0101003001,,Nintendo LZ10,Probable,,True,Nintendo LZ10,Confirmed,True,304,True,304,a9f7d2e214c182cf8f5f098772190db172df290e68f1fa3bcebf5f306a2ce073,NCGR graphics,Confirmed,False,False
/a/0/6/9,/a/0/6/9!/member_00012,0,/a/0/6/9,198,12,,5844,5968,1816,1940,124,bc52e6f93e037f86cdcf652597bb18a9fe6325e59a795c130e25c6fc064dcd0c,10300100005247434efffe0101003001,,Nintendo LZ10,Probable,,True,Nintendo LZ10,Confirmed,True,304,True,304,a9c0b0e1412c60f009b304d811651d891366139c0967e73d4dab58b284cb8441,NCGR graphics,Confirmed,False,False
/a/0/6/9,/a/0/6/9!/member_00013,0,/a/0/6/9,198,13,,5968,6068,1940,2040,100,29c6be4ce1eb2f2a31e10fe226b4c324fe8041c6c1c13f21b91728f08569699e,10300100005247434efffe0101003001,,Nintendo LZ10,Probable,,True,Nintendo LZ10,Confirmed,True,304,True,304,0e65f233afb1e6d33d1897c3bc41dd2cbc5660de15d9024231e23d76ec554020,NCGR graphics,Confirmed,False,False
/a/0/6/9,/a/0/6/9!/member_00014,0,/a/0/6/9,198,14,,6068,6154,2040,2126,86,6a28fda8695aa1a32605f7d868b9ce025f3206b9c6d9055b34250b89d804f8ac,10300100005247434efffe0101003001,,Nintendo LZ10,Probable,,True,Nintendo LZ10,Confirmed,True,304,True,304,b6be6c4e729698ddfcc8b063f20aa90025238a774377a2da2cfc37b4d6bfd985,NCGR graphics,Confirmed,False,False
/a/0/6/9,/a/0/6/9!/member_00015,0,/a/0/6/9,198,15,,6156,6266,2128,2238,110,fdef328d9a9d78f5ac65175dab7ccab22a242bacea811cdbd96dfca10ae8c1ab,10300100005247434efffe0101003001,,Nintendo LZ10,Probable,,True,Nintendo LZ10,Confirmed,True,304,True,304,b4600d7ff9c09914b838b3d2920e8bf1a91947299d93a9bb2ce93c81bff367fe,NCGR graphics,Confirmed,False,False
/a/0/6/9,/a/0/6/9!/member_00016,0,/a/0/6/9,198,16,,6268,6368,2240,2340,100,29c6be4ce1eb2f2a31e10fe226b4c324fe8041c6c1c13f21b91728f08569699e,10300100005247434efffe0101003001,,Nintendo LZ10,Probable,,True,Nintendo LZ10,Confirmed,True,304,True,304,0e65f233afb1e6d33d1897c3bc41dd2cbc5660de15d9024231e23d76ec554020,NCGR graphics,Confirmed,False,False
/a/0/6/9,/a/0/6/9!/member_00017,0,/a/0/6/9,198,17,,6368,6454,2340,2426,86,6a28fda8695aa1a32605f7d868b9ce025f3206b9c6d9055b34250b89d804f8ac,10300100005247434efffe0101003001,,Nintendo LZ10,Probable,,True,Nintendo LZ10,Confirmed,True,304,True,304,b6be6c4e729698ddfcc8b063f20aa90025238a774377a2da2cfc37b4d6bfd985,NCGR graphics,Confirmed,False,False
/a/0/6/9,/a/0/6/9!/member_00018,0,/a/0/6/9,198,18,,6456,6556,2428,2528,100,2fcaf329adfbc673d418a0f2ee941cff3f536cd037555e061adce69c60178e3b,10300100005247434efffe0101003001,,Nintendo LZ10,Probable,,True,Nintendo LZ10,Confirmed,True,304,True,304,4775cf658c7a9f8afe02bf693edf8548e6360b6489c209f773c4bf7971de8897,NCGR graphics,Confirmed,False,False
/a/0/6/9,/a/0/6/9!/member_00019,0,/a/0/6/9,198,19,,6556,6670,2528,2642,114,67079a5e883fa40571943624e7cd24db6e58ce2d22b401fe2ba081f4b72a0081,10300100005247434efffe0101003001,,Nintendo LZ10,Probable,,True,Nintendo LZ10,Confirmed,True,304,True,304,5fc43168f7e9a662c94c817d1b1e5c67870fe0d8bdd32349401faf2cb3b370b6,NCGR graphics,Confirmed,False,False
/a/0/6/9,/a/0/6/9!/member_00020,0,/a/0/6/9,198,20,,6672,6790,2644,2762,118,ea74f350924c29a2d9e2f9900faddfe2ad5b169004a7b90e9f2396fe1ef12f20,10300100005247434efffe0101003001,,Nintendo LZ10,Probable,,True,Nintendo LZ10,Confirmed,True,304,True,304,19117ca76ed899819b31663f09bdea6d2b5a0f9e89910d0ca82b1f42896d6b6b,NCGR graphics,Confirmed,False,False
/a/0/6/9,/a/0/6/9!/member_00021,0,/a/0/6/9,198,21,,6792,6921,2764,2893,129,5f2ff59962d27bedd213e6f13c8e65b12692326c2c482b13b3c71cc82a1235ff,10300100005247434efffe0101003001,,Nintendo LZ10,Probable,,True,Nintendo LZ10,Confirmed,True,304,True,304,ecbbd46095ebf84ef37220470694a17d6b741e17fd758fdf3a47acd59b0de919,NCGR graphics,Confirmed,False,False
/a/0/6/9,/a/0/6/9!/member_00022,0,/a/0/6/9,198,22,,6924,7024,2896,2996,100,f34fcedafe6b50a968a9a255992864ec255e5176569f1339fc3e56d6aa881975,10300100005247434efffe0101003001,,Nintendo LZ10,Probable,,True,Nintendo LZ10,Confirmed,True,304,True,304,05b288b68250ba9f23427363798bd68120a6defde0c1208e40dabd510d885281,NCGR graphics,Confirmed,False,False
/a/0/6/9,/a/0/6/9!/member_00023,0,/a/0/6/9,198,23,,7024,7142,2996,3114,118,05771fae13da92bd8bbcc4f2612d25e0db44af9e223b4d36d41a81abcc5a9fdb,10300100005247434efffe0101003001,,Nintendo LZ10,Probable,,True,Nintendo LZ10,Confirmed,True,304,True,304,4c75d2bed26da8f2aa3df8357a34d93a54f9148f6fd219836ce114f1e2b26437,NCGR graphics,Confirmed,False,False
/a/0/6/9,/a/0/6/9!/member_00024,0,/a/0/6/9,198,24,,7144,7258,3116,3230,114,67079a5e883fa40571943624e7cd24db6e58ce2d22b401fe2ba081f4b72a0081,10300100005247434efffe0101003001,,Nintendo LZ10,Probable,,True,Nintendo LZ10,Confirmed,True,304,True,304,5fc43168f7e9a662c94c817d1b1e5c67870fe0d8bdd32349401faf2cb3b370b6,NCGR graphics,Confirmed,False,False
/a/0/6/9,/a/0/6/9!/member_00025,0,/a/0/6/9,198,25,,7260,7388,3232,3360,128,fb49f0d37863726368355dc7f684671ac3b7995dde049f668dd72c864649ca03,10300100005247434efffe0101003001,,Nintendo LZ10,Probable,,True,Nintendo LZ10,Confirmed,True,304,True,304,947263378c44f3d6402ebfd271f2d8410de003eab9a767e451de7a0e33a41e7a,NCGR graphics,Confirmed,False,False
/a/0/6/9,/a/0/6/9!/member_00026,0,/a/0/6/9,198,26,,7388,7474,3360,3446,86,6a28fda8695aa1a32605f7d868b9ce025f3206b9c6d9055b34250b89d804f8ac,10300100005247434efffe0101003001,,Nintendo LZ10,Probable,,True,Nintendo LZ10,Confirmed,True,304,True,304,b6be6c4e729698ddfcc8b063f20aa90025238a774377a2da2cfc37b4d6bfd985,NCGR graphics,Confirmed,False,False
/a/0/6/9,/a/0/6/9!/member_00027,0,/a/0/6/9,198,27,,7476,7562,3448,3534,86,6a28fda8695aa1a32605f7d868b9ce025f3206b9c6d9055b34250b89d804f8ac,10300100005247434efffe0101003001,,Nintendo LZ10,Probable,,True,Nintendo LZ10,Confirmed,True,304,True,304,b6be6c4e729698ddfcc8b063f20aa90025238a774377a2da2cfc37b4d6bfd985,NCGR graphics,Confirmed,False,False
/a/0/6/9,/a/0/6/9!/member_00028,0,/a/0/6/9,198,28,,7564,7664,3536,3636,100,e58872885270539c702031dad57e1284eca9e3a1bc34b4e8e2f80330bc15f10a,10300100005247434efffe0101003001,,Nintendo LZ10,Probable,,True,Nintendo LZ10,Confirmed,True,304,True,304,4640393d93a44df8ea73a7f5dcedfcc73050cea8ea6853d2fec8326d31d1d11f,NCGR graphics,Confirmed,False,False
/a/0/6/9,/a/0/6/9!/member_00029,0,/a/0/6/9,198,29,,7664,7777,3636,3749,113,19edfb7ab158dd3300b03ef10c3071792f13b6a938c193846c8dc3ce20d969cd,10300100005247434efffe0101003001,,Nintendo LZ10,Probable,,True,Nintendo LZ10,Confirmed,True,304,True,304,8185d5ce1c906fd438f78824eba93d5dd05a1c6401715640359c3f9977287614,NCGR graphics,Confirmed,False,False
/a/0/6/9,/a/0/6/9!/member_00030,0,/a/0/6/9,198,30,,7780,7891,3752,3863,111,0e457d51a87175a274ea3d95979b05b59c358c9013403f64d438f7eb3a128bb0,10300100005247434efffe0101003001,,Nintendo LZ10,Probable,,True,Nintendo LZ10,Confirmed,True,304,True,304,c98d6e0f9c83669f03e2ff73fc24211e8ed849da54fd08956f7a98e989bf4ace,NCGR graphics,Confirmed,False,False
/a/0/6/9,/a/0/6/9!/member_00031,0,/a/0/6/9,198,31,,7892,8006,3864,3978,114,920cdb59e5d318df96937ef2e653da4bdc84a95d8fbc1eb49f1aa82d5410d059,10300100005247434efffe0101003001,,Nintendo LZ10,Probable,,True,Nintendo LZ10,Confirmed,True,304,True,304,1b60b4d4eea2ad5fd114e2560240faa19182c4efb0a411875ade6252a8e725f3,NCGR graphics,Confirmed,False,False
/a/0/6/9,/a/0/6/9!/member_00032,0,/a/0/6/9,198,32,,8008,8118,3980,4090,110,1e7f9cdd46ea794f3ad62f74d219444bef338b2b5151b10846e4860c803645de,10300100005247434efffe0101003001,,Nintendo LZ10,Probable,,True,Nintendo LZ10,Confirmed,True,304,True,304,cf63c323777a5ee3d3252b80670b31b74b338651ed65f90aa12dec6035b08504,NCGR graphics,Confirmed,False,False
/a/0/6/9,/a/0/6/9!/member_00033,0,/a/0/6/9,198,33,,8120,8243,4092,4215,123,f7dac4a7f7c8e98dd2432d8786ff10065ff120e8371bda4108aa1e606528d615,10300100005247434efffe0101003001,,Nintendo LZ10,Probable,,True,Nintendo LZ10,Confirmed,True,304,True,304,fa1af8adf784300958d92a887305e954f7af60e8b01dbfaebd0f2a81b62dcc25,NCGR graphics,Confirmed,False,False
/a/0/6/9,/a/0/6/9!/member_00034,0,/a/0/6/9,198,34,,8244,8373,4216,4345,129,b2f428f951803be8b04e1a812c3780cca24c1e551a0e4e01ddae47be4dd55565,10300100005247434efffe0101003001,,Nintendo LZ10,Probable,,True,Nintendo LZ10,Confirmed,True,304,True,304,d304a71485ad9ebf120168b28c7666866a35ec83303655b0b8821c861feb3993,NCGR graphics,Confirmed,False,False
/a/0/6/9,/a/0/6/9!/member_00035,0,/a/0/6/9,198,35,,8376,8490,4348,4462,114,22c727c377a609f5dcc6b37f8034fa953301392b33b5de155ce69d0fb70f7d65,10300100005247434efffe0101003001,,Nintendo LZ10,Probable,,True,Nintendo LZ10,Confirmed,True,304,True,304,6b1bf6012a23c28f8721c460c30230e5b107002047eab3f79becc2525b4dbd5b,NCGR graphics,Confirmed,False,False
/a/0/6/9,/a/0/6/9!/member_00036,0,/a/0/6/9,198,36,,8492,8615,4464,4587,123,f50efac9cf413c5c510b84d3190bc3ce2f8e0c2a126add2b7247555e07565e1d,10300100005247434efffe0101003001,,Nintendo LZ10,Probable,,True,Nintendo LZ10,Confirmed,True,304,True,304,f2d8ab8db86477396ff7ec1d835a48c617d1d8df21a603715ff100f182b06136,NCGR graphics,Confirmed,False,False
/a/0/6/9,/a/0/6/9!/member_00037,0,/a/0/6/9,198,37,,8616,8742,4588,4714,126,d3c6ea4afde20251566f5038e8211c3bfd67ed96fc5d4d3269ba3f48c179406f,10300100005247434efffe0101003001,,Nintendo LZ10,Probable,,True,Nintendo LZ10,Confirmed,True,304,True,304,cb795ac8a9ca55498186ddb3da1478669ab8e608e11553edf79f43c03b117583,NCGR graphics,Confirmed,False,False
/a/0/6/9,/a/0/6/9!/member_00038,0,/a/0/6/9,198,38,,8744,8847,4716,4819,103,29322cb8e8ba3487520b7f1bdcd723b08d0d079c3310927d4664710798b0b223,10300100005247434efffe0101003001,,Nintendo LZ10,Probable,,True,Nintendo LZ10,Confirmed,True,304,True,304,dd92dcc62260d0c22a749bf15c4dc8beeaf738747bcd6f2d372b9e92a82b0e40,NCGR graphics,Confirmed,False,False
/a/0/6/9,/a/0/6/9!/member_00039,0,/a/0/6/9,198,39,,8848,8976,4820,4948,128,e8376cd09ddced149f81ebdd2414235eec05678b805af6719c3f8f3ef81292d0,10300100005247434efffe0101003001,,Nintendo LZ10,Probable,,True,Nintendo LZ10,Confirmed,True,304,True,304,f329ddfb09e088ee4dd7d6e8997af0b7309607908eec7086b071e446121bb534,NCGR graphics,Confirmed,False,False
/a/0/6/9,/a/0/6/9!/member_00040,0,/a/0/6/9,198,40,,8976,9097,4948,5069,121,76cfd8560957f3abfbab22412aa440c67831873ebc2614442c361b55c117df3f,10300100005247434efffe0101003001,,Nintendo LZ10,Probable,,True,Nintendo LZ10,Confirmed,True,304,True,304,b9a6b128e8dd5ac854fe2162ae8466847704ab6480544fbde26b65c5d0488293,NCGR graphics,Confirmed,False,False
/a/0/6/9,/a/0/6/9!/member_00041,0,/a/0/6/9,198,41,,9100,9221,5072,5193,121,5e54389def0227c4ec0aaff3fe52c5422697e9d4d030da702f885bcbf9c4a1fa,10300100005247434efffe0101003001,,Nintendo LZ10,Probable,,True,Nintendo LZ10,Confirmed,True,304,True,304,7a2618b5bc207ba5d1da65d5bb5c019701fccb35d6895ae4768cad9578197e20,NCGR graphics,Confirmed,False,False
/a/0/6/9,/a/0/6/9!/member_00042,0,/a/0/6/9,198,42,,9224,9326,5196,5298,102,1f3f4dba0b6336e756298425240c4fdcb86b30e2ef1a813286c68b380835a073,10300100005247434efffe0101003001,,Nintendo LZ10,Probable,,True,Nintendo LZ10,Confirmed,True,304,True,304,5cf52a17e43938ae92cb9fa123aa0b5d9459d9ce78ba4e16138d25e65fd08be1,NCGR graphics,Confirmed,False,False
/a/0/6/9,/a/0/6/9!/member_00043,0,/a/0/6/9,198,43,,9328,9435,5300,5407,107,12b0b19adcb16bf2beaf86c72422dcd2789acfeff26f7b588178d6f251c4bfdf,10300100005247434efffe0101003001,,Nintendo LZ10,Probable,,True,Nintendo LZ10,Confirmed,True,304,True,304,10003fccc6d354dc73e5b2f658e462d65e1fb40ea98b71a5747c18b327502d48,NCGR graphics,Confirmed,False,False
/a/0/6/9,/a/0/6/9!/member_00044,0,/a/0/6/9,198,44,,9436,9522,5408,5494,86,6a28fda8695aa1a32605f7d868b9ce025f3206b9c6d9055b34250b89d804f8ac,10300100005247434efffe0101003001,,Nintendo LZ10,Probable,,True,Nintendo LZ10,Confirmed,True,304,True,304,b6be6c4e729698ddfcc8b063f20aa90025238a774377a2da2cfc37b4d6bfd985,NCGR graphics,Confirmed,False,False
/a/0/6/9,/a/0/6/9!/member_00045,0,/a/0/6/9,198,45,,9524,9633,5496,5605,109,17b717514d057b96216b3d47ddb69f968e2217f668fc69b0d2f1e29d825d3526,10300100005247434efffe0101003001,,Nintendo LZ10,Probable,,True,Nintendo LZ10,Confirmed,True,304,True,304,1f6e75a002e035389e7dad611085d06f65b3ad3280d3bda18a7003cfe2976af9,NCGR graphics,Confirmed,False,False
/a/0/6/9,/a/0/6/9!/member_00046,0,/a/0/6/9,198,46,,9636,9732,5608,5704,96,47aab9bcf63e4e1155770d21658afa0b9b1ae336a0848f5abfbfec49fcd60096,10300100005247434efffe0101003001,,Nintendo LZ10,Probable,,True,Nintendo LZ10,Confirmed,True,304,True,304,8b1a065698a7e47d657542cb21b7c5c8fe2e2687bf40e06a16c2831b5c128ce1,NCGR graphics,Confirmed,False,False
/a/0/6/9,/a/0/6/9!/member_00047,0,/a/0/6/9,198,47,,9732,9835,5704,5807,103,8e98f73ec8b276244b257cb32feabedc69df8835d72109e89fa940f6c75a248b,10300100005247434efffe0101003001,,Nintendo LZ10,Probable,,True,Nintendo LZ10,Confirmed,True,304,True,304,43c5d5e32ead772ce27bad5c931b28e6f6a34c7556fb82677e4fbce0f31d1f4b,NCGR graphics,Confirmed,False,False
/a/0/6/9,/a/0/6/9!/member_00048,0,/a/0/6/9,198,48,,9836,9938,5808,5910,102,9f5981454debdf70bf20164aa13a0a37ca9f25b1eb30fd4c20c03bc2edb55332,10300100005247434efffe0101003001,,Nintendo LZ10,Probable,,True,Nintendo LZ10,Confirmed,True,304,True,304,bab1394012e1231b2d6b7e0852af987fb064cb3ef38f1ef21d13b2c380b47d4a,NCGR graphics,Confirmed,False,False
/a/0/6/9,/a/0/6/9!/member_00049,0,/a/0/6/9,198,49,,9940,10038,5912,6010,98,e93bd21eb7ea861eff8dd612145a18216578b8325d6e9751bd4c38ac54a5b668,10300100005247434efffe0101003001,,Nintendo LZ10,Probable,,True,Nintendo LZ10,Confirmed,True,304,True,304,19cc1b0631939f3d7a6fb620ba1998215975b1afacbb74a63a1e256a1b22ee79,NCGR graphics,Confirmed,False,False
/a/0/6/9,/a/0/6/9!/member_00050,0,/a/0/6/9,198,50,,10040,10138,6012,6110,98,6f58c1982ede657c46a3c47eb54309380b3b36898c80ac04bc9dd896d07ea27f,10300100005247434efffe0101003001,,Nintendo LZ10,Probable,,True,Nintendo LZ10,Confirmed,True,304,True,304,724b6e4b9d04f03c848119be3a08999e60cd65bfef25d4e24bb48cf9324ae83b,NCGR graphics,Confirmed,False,False
/a/0/6/9,/a/0/6/9!/member_00051,0,/a/0/6/9,198,51,,10140,10246,6112,6218,106,7e91075186de21a8f76d92287ed0ea7269b54a6b766f2d009fa506ed479610d7,10300100005247434efffe0101003001,,Nintendo LZ10,Probable,,True,Nintendo LZ10,Confirmed,True,304,True,304,72b832b52ee8d80d4712d2ccff78d35d8278655f97c0309ed179cd829b765c38,NCGR graphics,Confirmed,False,False
/a/0/6/9,/a/0/6/9!/member_00052,0,/a/0/6/9,198,52,,10248,10338,6220,6310,90,cea7f21f8eec6fbe5c59ddb53390aae0e4226c5523438e384d19680713358db0,10300100005247434efffe0101003001,,Nintendo LZ10,Probable,,True,Nintendo LZ10,Confirmed,True,304,True,304,0b3c7065e58d167adcfa94442ab6c89da8702969b1c2abe1f00f076e39fec057,NCGR graphics,Confirmed,False,False
/a/0/6/9,/a/0/6/9!/member_00053,0,/a/0/6/9,198,53,,10340,10426,6312,6398,86,6a28fda8695aa1a32605f7d868b9ce025f3206b9c6d9055b34250b89d804f8ac,10300100005247434efffe0101003001,,Nintendo LZ10,Probable,,True,Nintendo LZ10,Confirmed,True,304,True,304,b6be6c4e729698ddfcc8b063f20aa90025238a774377a2da2cfc37b4d6bfd985,NCGR graphics,Confirmed,False,False
/a/0/6/9,/a/0/6/9!/member_00054,0,/a/0/6/9,198,54,,10428,10514,6400,6486,86,6a28fda8695aa1a32605f7d868b9ce025f3206b9c6d9055b34250b89d804f8ac,10300100005247434efffe0101003001,,Nintendo LZ10,Probable,,True,Nintendo LZ10,Confirmed,True,304,True,304,b6be6c4e729698ddfcc8b063f20aa90025238a774377a2da2cfc37b4d6bfd985,NCGR graphics,Confirmed,False,False
/a/0/6/9,/a/0/6/9!/member_00055,0,/a/0/6/9,198,55,,10516,10630,6488,6602,114,846761cb0931d0c3aa1c0219649b4cf7413a04e231df89231db871d3dfbde3fa,10300100005247434efffe0101003001,,Nintendo LZ10,Probable,,True,Nintendo LZ10,Confirmed,True,304,True,304,7a92ebb3758d5fc745df9b1f638a4f5b23d110c5f0c91e1e681345801093e754,NCGR graphics,Confirmed,False,False
/a/0/6/9,/a/0/6/9!/member_00056,0,/a/0/6/9,198,56,,10632,10755,6604,6727,123,44472ab9d2bb1519fd57634a09e27e34fa24df896208585c6c54d10d125dd5bc,10300100005247434efffe0101003001,,Nintendo LZ10,Probable,,True,Nintendo LZ10,Confirmed,True,304,True,304,324c4782a12039de26a8ad144d1def279573e89400e013ecfb5a5093296d06af,NCGR graphics,Confirmed,False,False
/a/0/6/9,/a/0/6/9!/member_00057,0,/a/0/6/9,198,57,,10756,10885,6728,6857,129,991317ffc78a35a84a7c8dfbbb6812ae6a312b5bf00cda596dea547c40e7c66b,10300100005247434efffe0101003001,,Nintendo LZ10,Probable,,True,Nintendo LZ10,Confirmed,True,304,True,304,b62836f5521895b4ae24d1f2186a4419c9b70a9dfc708d6d195c65609d899dfe,NCGR graphics,Confirmed,False,False
/a/0/6/9,/a/0/6/9!/member_00058,0,/a/0/6/9,198,58,,10888,11020,6860,6992,132,235997664eec06e064befe9b4434683c22a2b9acddea9c2fb7e45b7b398bd339,10300100005247434efffe0101003001,,Nintendo LZ10,Probable,,True,Nintendo LZ10,Confirmed,True,304,True,304,d7aa05936e70c3060f227d1b13ab3e61be4d3ba89296595127e12d74dc4285f4,NCGR graphics,Confirmed,False,False
/a/0/6/9,/a/0/6/9!/member_00059,0,/a/0/6/9,198,59,,11020,11137,6992,7109,117,29c6f7422e751bc21901e74f45352bce3bab0992ca102cf3cb757aa80db720ac,10300100005247434efffe0101003001,,Nintendo LZ10,Probable,,True,Nintendo LZ10,Confirmed,True,304,True,304,3556816141739a550b41526267d13f8442d5a7528b4b52c22eb94d99b12112cb,NCGR graphics,Confirmed,False,False
/a/0/6/9,/a/0/6/9!/member_00060,0,/a/0/6/9,198,60,,11140,11257,7112,7229,117,0bb67f1ccd99dabfe1399516730553580056bf3f112ed4be817e46a175011cab,10300100005247434efffe0101003001,,Nintendo LZ10,Probable,,True,Nintendo LZ10,Confirmed,True,304,True,304,b18098f1374fd2eea9c5ef3f4bdd705ee2eac10ff9103013de405af2117d2db4,NCGR graphics,Confirmed,False,False
/a/0/6/9,/a/0/6/9!/member_00061,0,/a/0/6/9,198,61,,11260,11376,7232,7348,116,c5ad925fe21cae32167deafbf2e64acb2f12917bf4d651b88159b90e5efe7fc3,10300100005247434efffe0101003001,,Nintendo LZ10,Probable,,True,Nintendo LZ10,Confirmed,True,304,True,304,578c81e26a2ae1c917cbce56ddd3a95b7a4d854d9cf85ef5eed32ef41f72e848,NCGR graphics,Confirmed,False,False
/a/0/6/9,/a/0/6/9!/member_00062,0,/a/0/6/9,198,62,,11376,11499,7348,7471,123,37fc7835483ae1629970b94c435800426bc4aed648150790b8b3d01ba649ed0d,10300100005247434efffe0101003001,,Nintendo LZ10,Probable,,True,Nintendo LZ10,Confirmed,True,304,True,304,1c04c3d712fe6ce27e72ff7462ca38d442880548336de4108e4506903f18fd14,NCGR graphics,Confirmed,False,False
/a/0/6/9,/a/0/6/9!/member_00063,0,/a/0/6/9,198,63,,11500,11607,7472,7579,107,d50b020d329cd2975a41921167f3dfc46d2421b2eb5eef0589a9c58b25050dff,10300100005247434efffe0101003001,,Nintendo LZ10,Probable,,True,Nintendo LZ10,Confirmed,True,304,True,304,e8ed2cc25785adfff0fcfe08760eee9d2619dd59b331995e3d4981160fb6a8e1,NCGR graphics,Confirmed,False,False
/a/0/6/9,/a/0/6/9!/member_00064,0,/a/0/6/9,198,64,,11608,11716,7580,7688,108,220527ac8b809254fbfd9173d94a94d823aeb27c42e0b05deb86e7b366e9e734,10300100005247434efffe0101003001,,Nintendo LZ10,Probable,,True,Nintendo LZ10,Confirmed,True,304,True,304,5946118893bb86bf8ddbe8ad0f68e721384a0b6cb4fb938005d6b37b6db18c28,NCGR graphics,Confirmed,False,False
/a/0/6/9,/a/0/6/9!/member_00065,0,/a/0/6/9,198,65,,11716,11830,7688,7802,114,02b8f2e6b132488b5770304dc405e03a9b7f93d1203e4bfe39675ac1967e1cb8,10300100005247434efffe0101003001,,Nintendo LZ10,Probable,,True,Nintendo LZ10,Confirmed,True,304,True,304,8d8e5843c6c4da70a1735e82533c9d82b468d1e1bdf1a5572295a71136fe4d37,NCGR graphics,Confirmed,False,False
/a/0/6/9,/a/0/6/9!/member_00066,0,/a/0/6/9,198,66,,11832,11943,7804,7915,111,a84ab2b7440e5aebc669b467096b4079b5f0a303111b8895c6856742a6356ff7,10300100005247434efffe0101003001,,Nintendo LZ10,Probable,,True,Nintendo LZ10,Confirmed,True,304,True,304,fe4f81c60394a73877c0ba4f7cdf9513a13f8e2e036f6d890e69c9ca70d8e3fa,NCGR graphics,Confirmed,False,False
/a/0/6/9,/a/0/6/9!/member_00067,0,/a/0/6/9,198,67,,11944,12068,7916,8040,124,3765db1aa38793369f90d5587aa867238a53b80148b4ee37d8e91958752464d1,10300100005247434efffe0101003001,,Nintendo LZ10,Probable,,True,Nintendo LZ10,Confirmed,True,304,True,304,804b5b4050683793a0687c4305ae6472f4a4286268890eee98a499c3cb2949f9,NCGR graphics,Confirmed,False,False
/a/0/6/9,/a/0/6/9!/member_00068,0,/a/0/6/9,198,68,,12068,12191,8040,8163,123,ab9e9b698dd74b8bcbdfe166425e4d4eb4ba3c8a477b3ebe7f11ffa1e9434483,10300100005247434efffe0101003001,,Nintendo LZ10,Probable,,True,Nintendo LZ10,Confirmed,True,304,True,304,fe2205ba9c7ee60f948e3a76516baa1d0abe63027227e66cb2bf1f1e06f66eca,NCGR graphics,Confirmed,False,False
/a/0/6/9,/a/0/6/9!/member_00069,0,/a/0/6/9,198,69,,12192,12304,8164,8276,112,180b7eba533167fb8c7aea592d59b952734b89d791d0df544c078fa35d95a9b6,10300100005247434efffe0101003001,,Nintendo LZ10,Probable,,True,Nintendo LZ10,Confirmed,True,304,True,304,3ffd4f4cc4c2c99e8e76da2f905cee3eb325f4673ec257c5c2f5d81b4dd23582,NCGR graphics,Confirmed,False,False
/a/0/6/9,/a/0/6/9!/member_00070,0,/a/0/6/9,198,70,,12304,12412,8276,8384,108,9046fd4fb0f7c8d4bbe1ed43f177df17d486b05c6cf7de79f26e462d59b9fbf3,10300100005247434efffe0101003001,,Nintendo LZ10,Probable,,True,Nintendo LZ10,Confirmed,True,304,True,304,3fd0c95772d9ae972f35aafe8145bfc4ca17c224e66c643b8419be46bb470297,NCGR graphics,Confirmed,False,False
/a/0/6/9,/a/0/6/9!/member_00071,0,/a/0/6/9,198,71,,12412,12523,8384,8495,111,371a3389a46fd57842962f551cf879c631f688845fd913b3a13cd31741055657,10300100005247434efffe0101003001,,Nintendo LZ10,Probable,,True,Nintendo LZ10,Confirmed,True,304,True,304,530e77e430c012dea81fab86a3da4a339568212f987e7d96f70d22a7f8ab8538,NCGR graphics,Confirmed,False,False
/a/0/6/9,/a/0/6/9!/member_00072,0,/a/0/6/9,198,72,,12524,12645,8496,8617,121,74dd10b4194868c0b3f3eaf45550ee832073a452da6b0a42bda9d32eba278e60,10300100005247434efffe0101003001,,Nintendo LZ10,Probable,,True,Nintendo LZ10,Confirmed,True,304,True,304,cbb9e4f504ce4e3cf736ecd2b3292e51cb4527252462848107513366c514dc56,NCGR graphics,Confirmed,False,False
/a/0/6/9,/a/0/6/9!/member_00073,0,/a/0/6/9,198,73,,12648,12734,8620,8706,86,6a28fda8695aa1a32605f7d868b9ce025f3206b9c6d9055b34250b89d804f8ac,10300100005247434efffe0101003001,,Nintendo LZ10,Probable,,True,Nintendo LZ10,Confirmed,True,304,True,304,b6be6c4e729698ddfcc8b063f20aa90025238a774377a2da2cfc37b4d6bfd985,NCGR graphics,Confirmed,False,False
/a/0/6/9,/a/0/6/9!/member_00074,0,/a/0/6/9,198,74,,12736,12822,8708,8794,86,6a28fda8695aa1a32605f7d868b9ce025f3206b9c6d9055b34250b89d804f8ac,10300100005247434efffe0101003001,,Nintendo LZ10,Probable,,True,Nintendo LZ10,Confirmed,True,304,True,304,b6be6c4e729698ddfcc8b063f20aa90025238a774377a2da2cfc37b4d6bfd985,NCGR graphics,Confirmed,False,False
/a/0/6/9,/a/0/6/9!/member_00075,0,/a/0/6/9,198,75,,12824,12910,8796,8882,86,6a28fda8695aa1a32605f7d868b9ce025f3206b9c6d9055b34250b89d804f8ac,10300100005247434efffe0101003001,,Nintendo LZ10,Probable,,True,Nintendo LZ10,Confirmed,True,304,True,304,b6be6c4e729698ddfcc8b063f20aa90025238a774377a2da2cfc37b4d6bfd985,NCGR graphics,Confirmed,False,False
/a/0/6/9,/a/0/6/9!/member_00076,0,/a/0/6/9,198,76,,12912,12998,8884,8970,86,6a28fda8695aa1a32605f7d868b9ce025f3206b9c6d9055b34250b89d804f8ac,10300100005247434efffe0101003001,,Nintendo LZ10,Probable,,True,Nintendo LZ10,Confirmed,True,304,True,304,b6be6c4e729698ddfcc8b063f20aa90025238a774377a2da2cfc37b4d6bfd985,NCGR graphics,Confirmed,False,False
/a/0/6/9,/a/0/6/9!/member_00077,0,/a/0/6/9,198,77,,13000,13086,8972,9058,86,6a28fda8695aa1a32605f7d868b9ce025f3206b9c6d9055b34250b89d804f8ac,10300100005247434efffe0101003001,,Nintendo LZ10,Probable,,True,Nintendo LZ10,Confirmed,True,304,True,304,b6be6c4e729698ddfcc8b063f20aa90025238a774377a2da2cfc37b4d6bfd985,NCGR graphics,Confirmed,False,False
/a/0/6/9,/a/0/6/9!/member_00078,0,/a/0/6/9,198,78,,13088,13202,9060,9174,114,c2abb683440c18e8594284a557ec34338b9d6d03ab35082c116928eb4c923b19,10300100005247434efffe0101003001,,Nintendo LZ10,Probable,,True,Nintendo LZ10,Confirmed,True,304,True,304,ecd959e33c0126052354a96a807e78f4499b28d72e488d49137d4e8c9e0cdb87,NCGR graphics,Confirmed,False,False
/a/0/6/9,/a/0/6/9!/member_00079,0,/a/0/6/9,198,79,,13204,13333,9176,9305,129,0ab877b94c2058ae11e1bf7828eae325bd1c93270348276abdeda35e74b4b95f,10300100005247434efffe0101003001,,Nintendo LZ10,Probable,,True,Nintendo LZ10,Confirmed,True,304,True,304,b38b4979d29261be5a0e64e2d7b0ba029bc175a39ce777b4659531a5496752eb,NCGR graphics,Confirmed,False,False
/a/0/6/9,/a/0/6/9!/member_00080,0,/a/0/6/9,198,80,,13336,13450,9308,9422,114,43111f500cba4115ed1fdb11ecf09ed0e36c4524b17466300a841ed1418c7419,10300100005247434efffe0101003001,,Nintendo LZ10,Probable,,True,Nintendo LZ10,Confirmed,True,304,True,304,dfd6490c9b772ea13a35c8ab00dd49620b72e4780109a22c60b3e322d403ddba,NCGR graphics,Confirmed,False,False
/a/0/6/9,/a/0/6/9!/member_00081,0,/a/0/6/9,198,81,,13452,13570,9424,9542,118,f095bdf7d801c9375a739a1ffc9cccc5c177aa0baf1fad995f871d5c98a33a60,10300100005247434efffe0101003001,,Nintendo LZ10,Probable,,True,Nintendo LZ10,Confirmed,True,304,True,304,e9e128f749e7659177adbfd086ce81f292b57344ced6284fcafae66d8307d4af,NCGR graphics,Confirmed,False,False
/a/0/6/9,/a/0/6/9!/member_00082,0,/a/0/6/9,198,82,,13572,13681,9544,9653,109,10e7f64b32541a50d87ed9887f51eb3e52fc30336c78c7a017dd829b49ff930e,10300100005247434efffe0101003001,,Nintendo LZ10,Probable,,True,Nintendo LZ10,Confirmed,True,304,True,304,fa44b954b42780cad5f8b46bc6a56aed229b259c9442da5782fbb2a27e49abb2,NCGR graphics,Confirmed,False,False
/a/0/6/9,/a/0/6/9!/member_00083,0,/a/0/6/9,198,83,,13684,13803,9656,9775,119,d4f5697c848776a5f8629ee49a22b8b5565c8a861348306028773d6564b1cf00,10300100005247434efffe0101003001,,Nintendo LZ10,Probable,,True,Nintendo LZ10,Confirmed,True,304,True,304,432861c5cb8917895d7619844f7c97fe54488a6be87a34f333f476524b0aea84,NCGR graphics,Confirmed,False,False
/a/0/6/9,/a/0/6/9!/member_00084,0,/a/0/6/9,198,84,,13804,13903,9776,9875,99,c22512a953331b242aaacd748d98479be3dfc1818ec262ef35910c59aac2eb38,10300100005247434efffe0101003001,,Nintendo LZ10,Probable,,True,Nintendo LZ10,Confirmed,True,304,True,304,b692f2dd68d96ae7f6a871afa650dfa8e52f1610b9819e60574e9f3735dfa017,NCGR graphics,Confirmed,False,False
/a/0/6/9,/a/0/6/9!/member_00085,0,/a/0/6/9,198,85,,13904,14012,9876,9984,108,ea349ca2c628d28fd52bfc0b2baa71c83327ec63aaf4dff7af4bab83896fd8a2,10300100005247434efffe0101003001,,Nintendo LZ10,Probable,,True,Nintendo LZ10,Confirmed,True,304,True,304,4fb0330d45838a02e48c791619756f322fbceee85d2a1de6acee9b6965423843,NCGR graphics,Confirmed,False,False
/a/0/6/9,/a/0/6/9!/member_00086,0,/a/0/6/9,198,86,,14012,14146,9984,10118,134,5c3d5c8816a9b9c240a290f9567a694596c9d5d3724ad24f5e81f8297785224a,10300100005247434efffe0101003001,,Nintendo LZ10,Probable,,True,Nintendo LZ10,Confirmed,True,304,True,304,be717128bddd89c408d04aba0ab829413afeaeb36988a88e8872da9a92848926,NCGR graphics,Confirmed,False,False
/a/0/6/9,/a/0/6/9!/member_00087,0,/a/0/6/9,198,87,,14148,14273,10120,10245,125,fb0f39d924fa30e23cfc15406b141ec9e5564963df2aae01bc91d0a5094c0b76,10300100005247434efffe0101003001,,Nintendo LZ10,Probable,,True,Nintendo LZ10,Confirmed,True,304,True,304,c99598a6ef2ed2b5b4afdb457ef26fa388b1d10df7fabf23420f08ef9bf96fce,NCGR graphics,Confirmed,False,False
/a/0/6/9,/a/0/6/9!/member_00088,0,/a/0/6/9,198,88,,14276,14407,10248,10379,131,b75990e398a83b3c7789df19d58da39ffbd0acc1511af9de5b308e5ed67eb600,10300100005247434efffe0101003001,,Nintendo LZ10,Probable,,True,Nintendo LZ10,Confirmed,True,304,True,304,e4474fb6c203b0409d7f9ad8602accf22250fa36a253af369ddb3b20dbd9c703,NCGR graphics,Confirmed,False,False
/a/0/6/9,/a/0/6/9!/member_00089,0,/a/0/6/9,198,89,,14408,14494,10380,10466,86,6a28fda8695aa1a32605f7d868b9ce025f3206b9c6d9055b34250b89d804f8ac,10300100005247434efffe0101003001,,Nintendo LZ10,Probable,,True,Nintendo LZ10,Confirmed,True,304,True,304,b6be6c4e729698ddfcc8b063f20aa90025238a774377a2da2cfc37b4d6bfd985,NCGR graphics,Confirmed,False,False
/a/0/6/9,/a/0/6/9!/member_00090,0,/a/0/6/9,198,90,,14496,14582,10468,10554,86,6a28fda8695aa1a32605f7d868b9ce025f3206b9c6d9055b34250b89d804f8ac,10300100005247434efffe0101003001,,Nintendo LZ10,Probable,,True,Nintendo LZ10,Confirmed,True,304,True,304,b6be6c4e729698ddfcc8b063f20aa90025238a774377a2da2cfc37b4d6bfd985,NCGR graphics,Confirmed,False,False
/a/0/6/9,/a/0/6/9!/member_00091,0,/a/0/6/9,198,91,,14584,14670,10556,10642,86,6a28fda8695aa1a32605f7d868b9ce025f3206b9c6d9055b34250b89d804f8ac,10300100005247434efffe0101003001,,Nintendo LZ10,Probable,,True,Nintendo LZ10,Confirmed,True,304,True,304,b6be6c4e729698ddfcc8b063f20aa90025238a774377a2da2cfc37b4d6bfd985,NCGR graphics,Confirmed,False,False
/a/0/6/9,/a/0/6/9!/member_00092,0,/a/0/6/9,198,92,,14672,14758,10644,10730,86,6a28fda8695aa1a32605f7d868b9ce025f3206b9c6d9055b34250b89d804f8ac,10300100005247434efffe0101003001,,Nintendo LZ10,Probable,,True,Nintendo LZ10,Confirmed,True,304,True,304,b6be6c4e729698ddfcc8b063f20aa90025238a774377a2da2cfc37b4d6bfd985,NCGR graphics,Confirmed,False,False
/a/0/6/9,/a/0/6/9!/member_00093,0,/a/0/6/9,198,93,,14760,14846,10732,10818,86,6a28fda8695aa1a32605f7d868b9ce025f3206b9c6d9055b34250b89d804f8ac,10300100005247434efffe0101003001,,Nintendo LZ10,Probable,,True,Nintendo LZ10,Confirmed,True,304,True,304,b6be6c4e729698ddfcc8b063f20aa90025238a774377a2da2cfc37b4d6bfd985,NCGR graphics,Confirmed,False,False
/a/0/6/9,/a/0/6/9!/member_00094,0,/a/0/6/9,198,94,,14848,14934,10820,10906,86,6a28fda8695aa1a32605f7d868b9ce025f3206b9c6d9055b34250b89d804f8ac,10300100005247434efffe0101003001,,Nintendo LZ10,Probable,,True,Nintendo LZ10,Confirmed,True,304,True,304,b6be6c4e729698ddfcc8b063f20aa90025238a774377a2da2cfc37b4d6bfd985,NCGR graphics,Confirmed,False,False
/a/0/6/9,/a/0/6/9!/member_00095,0,/a/0/6/9,198,95,,14936,15022,10908,10994,86,6a28fda8695aa1a32605f7d868b9ce025f3206b9c6d9055b34250b89d804f8ac,10300100005247434efffe0101003001,,Nintendo LZ10,Probable,,True,Nintendo LZ10,Confirmed,True,304,True,304,b6be6c4e729698ddfcc8b063f20aa90025238a774377a2da2cfc37b4d6bfd985,NCGR graphics,Confirmed,False,False
/a/0/6/9,/a/0/6/9!/member_00096,0,/a/0/6/9,198,96,,15024,15110,10996,11082,86,6a28fda8695aa1a32605f7d868b9ce025f3206b9c6d9055b34250b89d804f8ac,10300100005247434efffe0101003001,,Nintendo LZ10,Probable,,True,Nintendo LZ10,Confirmed,True,304,True,304,b6be6c4e729698ddfcc8b063f20aa90025238a774377a2da2cfc37b4d6bfd985,NCGR graphics,Confirmed,False,False
/a/0/6/9,/a/0/6/9!/member_00097,0,/a/0/6/9,198,97,,15112,15232,11084,11204,120,0573e41ec7194d0f2a0b3f3bc5bcb128543d0dcfe561800c5eea1a90c14888e7,10300100005247434efffe0101003001,,Nintendo LZ10,Probable,,True,Nintendo LZ10,Confirmed,True,304,True,304,cfca556d7d45a3c4a2da4c9277c8062b9629a82b172bafe04006626f442448f0,NCGR graphics,Confirmed,False,False
/a/0/6/9,/a/0/6/9!/member_00098,0,/a/0/6/9,198,98,,15232,15318,11204,11290,86,6a28fda8695aa1a32605f7d868b9ce025f3206b9c6d9055b34250b89d804f8ac,10300100005247434efffe0101003001,,Nintendo LZ10,Probable,,True,Nintendo LZ10,Confirmed,True,304,True,304,b6be6c4e729698ddfcc8b063f20aa90025238a774377a2da2cfc37b4d6bfd985,NCGR graphics,Confirmed,False,False
/a/0/6/9,/a/0/6/9!/member_00099,0,/a/0/6/9,198,99,,15320,15429,11292,11401,109,5781c0b41a0b8fcfc93d413a6ffb71d13a3cc9aa46a6af680180770d3d80a576,10300100005247434efffe0101003001,,Nintendo LZ10,Probable,,True,Nintendo LZ10,Confirmed,True,304,True,304,b15603e774626fc38417ebd4843ca63522165a98d6946ad1f02a0d671feec8f4,NCGR graphics,Confirmed,False,False
/a/0/6/9,/a/0/6/9!/member_00100,0,/a/0/6/9,198,100,,15432,15556,11404,11528,124,c65160b3921ebb53b3c065542bd13b79e534b9df1e92956af215e31d0f79a2dd,10300100005247434efffe0101003001,,Nintendo LZ10,Probable,,True,Nintendo LZ10,Confirmed,True,304,True,304,49a5ca42a02f37c26ea1a0abcdc44ff58ed03f009640f1163e4b2e56e8e07c3c,NCGR graphics,Confirmed,False,False
/a/0/6/9,/a/0/6/9!/member_00101,0,/a/0/6/9,198,101,,15556,15662,11528,11634,106,4f7f311b205d5cca50c659a4cf44e7d08de7c107592c5177454ddf9a637c8233,10300100005247434efffe0101003001,,Nintendo LZ10,Probable,,True,Nintendo LZ10,Confirmed,True,304,True,304,18891cd2d723de455ab7d00ba2299ac09477d2c0dac3ee019892bc5251d36e6a,NCGR graphics,Confirmed,False,False
/a/0/6/9,/a/0/6/9!/member_00102,0,/a/0/6/9,198,102,,15664,15780,11636,11752,116,97fa7aa8cccf2ab95db57d6ea0f4f13b07a611283db9d630bbcbe1b154c32b03,10300100005247434efffe0101003001,,Nintendo LZ10,Probable,,True,Nintendo LZ10,Confirmed,True,304,True,304,a69f89c18f35b532d15514c8ff5c0547d3f5c9c9bba70bd938a4693c01483d68,NCGR graphics,Confirmed,False,False
/a/0/6/9,/a/0/6/9!/member_00103,0,/a/0/6/9,198,103,,15780,15866,11752,11838,86,6a28fda8695aa1a32605f7d868b9ce025f3206b9c6d9055b34250b89d804f8ac,10300100005247434efffe0101003001,,Nintendo LZ10,Probable,,True,Nintendo LZ10,Confirmed,True,304,True,304,b6be6c4e729698ddfcc8b063f20aa90025238a774377a2da2cfc37b4d6bfd985,NCGR graphics,Confirmed,False,False
/a/0/6/9,/a/0/6/9!/member_00104,0,/a/0/6/9,198,104,,15868,15954,11840,11926,86,6a28fda8695aa1a32605f7d868b9ce025f3206b9c6d9055b34250b89d804f8ac,10300100005247434efffe0101003001,,Nintendo LZ10,Probable,,True,Nintendo LZ10,Confirmed,True,304,True,304,b6be6c4e729698ddfcc8b063f20aa90025238a774377a2da2cfc37b4d6bfd985,NCGR graphics,Confirmed,False,False
/a/0/6/9,/a/0/6/9!/member_00105,0,/a/0/6/9,198,105,,15956,16042,11928,12014,86,6a28fda8695aa1a32605f7d868b9ce025f3206b9c6d9055b34250b89d804f8ac,10300100005247434efffe0101003001,,Nintendo LZ10,Probable,,True,Nintendo LZ10,Confirmed,True,304,True,304,b6be6c4e729698ddfcc8b063f20aa90025238a774377a2da2cfc37b4d6bfd985,NCGR graphics,Confirmed,False,False
/a/0/6/9,/a/0/6/9!/member_00106,0,/a/0/6/9,198,106,,16044,16160,12016,12132,116,65e3dc9d6575f921957a1bd09df9307cd388f4de4694559f55fd6812b1f893b7,10300100005247434efffe0101003001,,Nintendo LZ10,Probable,,True,Nintendo LZ10,Confirmed,True,304,True,304,d875442f66a2fa87b7b7a2430bdad202497c6a84da61b0f7b496b56eed5682be,NCGR graphics,Confirmed,False,False
/a/0/6/9,/a/0/6/9!/member_00107,0,/a/0/6/9,198,107,,16160,16270,12132,12242,110,fe9b550b5b64f426586de5b5d5935c602d791db7bf430cd8958998606512950a,10300100005247434efffe0101003001,,Nintendo LZ10,Probable,,True,Nintendo LZ10,Confirmed,True,304,True,304,9fbd0511da09151ff4161533aa6067aeb54294ec6272b8602e00bf7a57e891e1,NCGR graphics,Confirmed,False,False
/a/0/6/9,/a/0/6/9!/member_00108,0,/a/0/6/9,198,108,,16272,16384,12244,12356,112,d65933790b2f4e79f819e8f56743ba0b689dc701e8dac9163419d7d4d2bffd23,10300100005247434efffe0101003001,,Nintendo LZ10,Probable,,True,Nintendo LZ10,Confirmed,True,304,True,304,b6ca9653059326a2e7a55936b914d75e743f833594c1f2fd0436eff1c59c9fea,NCGR graphics,Confirmed,False,False
/a/0/6/9,/a/0/6/9!/member_00109,0,/a/0/6/9,198,109,,16384,16521,12356,12493,137,76296d9b06339446842a524ace3a9043f47e6620fc45d48014bd833ec5b9a7d7,10300100005247434efffe0101003001,,Nintendo LZ10,Probable,,True,Nintendo LZ10,Confirmed,True,304,True,304,327a833cc5390b1a30b199406dc5668549c080140fee011c2a43a5ffaeaa0d81,NCGR graphics,Confirmed,False,False
/a/0/6/9,/a/0/6/9!/member_00110,0,/a/0/6/9,198,110,,16524,16627,12496,12599,103,ebaf9f2452dec66ff3e20a12267beb630fccab35a23bc6dfe340d09538eae455,10300100005247434efffe0101003001,,Nintendo LZ10,Probable,,True,Nintendo LZ10,Confirmed,True,304,True,304,2b47ec0360f11c432b18991d0361a1c7e42abab726019b75a2c6b9ec6a88c5ef,NCGR graphics,Confirmed,False,False
/a/0/6/9,/a/0/6/9!/member_00111,0,/a/0/6/9,198,111,,16628,16761,12600,12733,133,0e6c34d7404d674fc69e32feaa4e148ca4cf096ae73ec952b919c10a0f67cdcf,10300100005247434efffe0101003001,,Nintendo LZ10,Probable,,True,Nintendo LZ10,Confirmed,True,304,True,304,9db13ceee6df9523e67e19bde957c70e298618164c80feb31059f9a2220d9082,NCGR graphics,Confirmed,False,False
/a/0/6/9,/a/0/6/9!/member_00112,0,/a/0/6/9,198,112,,16764,16850,12736,12822,86,6a28fda8695aa1a32605f7d868b9ce025f3206b9c6d9055b34250b89d804f8ac,10300100005247434efffe0101003001,,Nintendo LZ10,Probable,,True,Nintendo LZ10,Confirmed,True,304,True,304,b6be6c4e729698ddfcc8b063f20aa90025238a774377a2da2cfc37b4d6bfd985,NCGR graphics,Confirmed,False,False
/a/0/6/9,/a/0/6/9!/member_00113,0,/a/0/6/9,198,113,,16852,16938,12824,12910,86,6a28fda8695aa1a32605f7d868b9ce025f3206b9c6d9055b34250b89d804f8ac,10300100005247434efffe0101003001,,Nintendo LZ10,Probable,,True,Nintendo LZ10,Confirmed,True,304,True,304,b6be6c4e729698ddfcc8b063f20aa90025238a774377a2da2cfc37b4d6bfd985,NCGR graphics,Confirmed,False,False
/a/0/6/9,/a/0/6/9!/member_00114,0,/a/0/6/9,198,114,,16940,17052,12912,13024,112,2218ebe9bcc729c7ff79eaf3edd44094dc831b47b8e946b3e8ed82e8774c4b0b,10300100005247434efffe0101003001,,Nintendo LZ10,Probable,,True,Nintendo LZ10,Confirmed,True,304,True,304,68182b6eea0fdd15b4f3e50e654f0d9af5d65a450ed6b61999067566dc46800c,NCGR graphics,Confirmed,False,False
/a/0/6/9,/a/0/6/9!/member_00115,0,/a/0/6/9,198,115,,17052,17174,13024,13146,122,266ac4c0f76c064b6cb808d6023b2d064ff37c036e8781bbad31e49bc1d6f64d,10300100005247434efffe0101003001,,Nintendo LZ10,Probable,,True,Nintendo LZ10,Confirmed,True,304,True,304,42d7abaf83de5888f55b3bd995b2c04af14d07320602ad073e494580994a5af0,NCGR graphics,Confirmed,False,False
/a/0/6/9,/a/0/6/9!/member_00116,0,/a/0/6/9,198,116,,17176,17279,13148,13251,103,bf8a952e8d5744cd2b921eb7aef9a394c39e3e4377276ee643578f361bf98157,10300100005247434efffe0101003001,,Nintendo LZ10,Probable,,True,Nintendo LZ10,Confirmed,True,304,True,304,aa250c5b958709253332f5c9dafafd3a6b24cd447b30741d1d95e0328699accc,NCGR graphics,Confirmed,False,False
/a/0/6/9,/a/0/6/9!/member_00117,0,/a/0/6/9,198,117,,17280,17396,13252,13368,116,88e048dbc87296983cd6c7d5689903294f238d8d3ecad029e708e78052e885ee,10300100005247434efffe0101003001,,Nintendo LZ10,Probable,,True,Nintendo LZ10,Confirmed,True,304,True,304,f782cd4555ee4d231d5ff05b9b26014cb5ad20164f20c790fb49305f50757753,NCGR graphics,Confirmed,False,False
/a/0/6/9,/a/0/6/9!/member_00118,0,/a/0/6/9,198,118,,17396,17516,13368,13488,120,ff3141a95fad4e4840c438032ba512e9a6a888d1c6ebaafe23fe7055667bb25e,10300100005247434efffe0101003001,,Nintendo LZ10,Probable,,True,Nintendo LZ10,Confirmed,True,304,True,304,b5c6ba959d6193caf753ece956ff9ea58a7fa2cf5c79db988adbd9c60d826bb2,NCGR graphics,Confirmed,False,False
/a/0/6/9,/a/0/6/9!/member_00119,0,/a/0/6/9,198,119,,17516,17602,13488,13574,86,6a28fda8695aa1a32605f7d868b9ce025f3206b9c6d9055b34250b89d804f8ac,10300100005247434efffe0101003001,,Nintendo LZ10,Probable,,True,Nintendo LZ10,Confirmed,True,304,True,304,b6be6c4e729698ddfcc8b063f20aa90025238a774377a2da2cfc37b4d6bfd985,NCGR graphics,Confirmed,False,False
/a/0/6/9,/a/0/6/9!/member_00120,0,/a/0/6/9,198,120,,17604,17690,13576,13662,86,6a28fda8695aa1a32605f7d868b9ce025f3206b9c6d9055b34250b89d804f8ac,10300100005247434efffe0101003001,,Nintendo LZ10,Probable,,True,Nintendo LZ10,Confirmed,True,304,True,304,b6be6c4e729698ddfcc8b063f20aa90025238a774377a2da2cfc37b4d6bfd985,NCGR graphics,Confirmed,False,False
/a/0/6/9,/a/0/6/9!/member_00121,0,/a/0/6/9,198,121,,17692,17778,13664,13750,86,6a28fda8695aa1a32605f7d868b9ce025f3206b9c6d9055b34250b89d804f8ac,10300100005247434efffe0101003001,,Nintendo LZ10,Probable,,True,Nintendo LZ10,Confirmed,True,304,True,304,b6be6c4e729698ddfcc8b063f20aa90025238a774377a2da2cfc37b4d6bfd985,NCGR graphics,Confirmed,False,False
/a/0/6/9,/a/0/6/9!/member_00122,0,/a/0/6/9,198,122,,17780,17866,13752,13838,86,6a28fda8695aa1a32605f7d868b9ce025f3206b9c6d9055b34250b89d804f8ac,10300100005247434efffe0101003001,,Nintendo LZ10,Probable,,True,Nintendo LZ10,Confirmed,True,304,True,304,b6be6c4e729698ddfcc8b063f20aa90025238a774377a2da2cfc37b4d6bfd985,NCGR graphics,Confirmed,False,False
/a/0/6/9,/a/0/6/9!/member_00123,0,/a/0/6/9,198,123,,17868,17968,13840,13940,100,29c6be4ce1eb2f2a31e10fe226b4c324fe8041c6c1c13f21b91728f08569699e,10300100005247434efffe0101003001,,Nintendo LZ10,Probable,,True,Nintendo LZ10,Confirmed,True,304,True,304,0e65f233afb1e6d33d1897c3bc41dd2cbc5660de15d9024231e23d76ec554020,NCGR graphics,Confirmed,False,False
/a/0/6/9,/a/0/6/9!/member_00124,0,/a/0/6/9,198,124,,17968,18068,13940,14040,100,29c6be4ce1eb2f2a31e10fe226b4c324fe8041c6c1c13f21b91728f08569699e,10300100005247434efffe0101003001,,Nintendo LZ10,Probable,,True,Nintendo LZ10,Confirmed,True,304,True,304,0e65f233afb1e6d33d1897c3bc41dd2cbc5660de15d9024231e23d76ec554020,NCGR graphics,Confirmed,False,False
/a/0/6/9,/a/0/6/9!/member_00125,0,/a/0/6/9,198,125,,18068,18175,14040,14147,107,104379bec266e2f412b98f6ac3e28f4306f5b1bf2c60032510043bfb5ea8c0e9,10300100005247434efffe0101003001,,Nintendo LZ10,Probable,,True,Nintendo LZ10,Confirmed,True,304,True,304,bebfb602f6b5d25affea9e8f0945093e368355fe4e4841dbcf498799cd208c95,NCGR graphics,Confirmed,False,False
/a/0/6/9,/a/0/6/9!/member_00126,0,/a/0/6/9,198,126,,18176,18304,14148,14276,128,2b145aed82fd0bc2462891c1d897e097d76f2f7ebee9ec04ef2022ebc5e825d9,10300100005247434efffe0101003001,,Nintendo LZ10,Probable,,True,Nintendo LZ10,Confirmed,True,304,True,304,08bac59466b1bb937c7812ebe010382170985f5e7d89d5c5a50ef802826f7ded,NCGR graphics,Confirmed,False,False
/a/0/6/9,/a/0/6/9!/member_00127,0,/a/0/6/9,198,127,,18304,18390,14276,14362,86,6a28fda8695aa1a32605f7d868b9ce025f3206b9c6d9055b34250b89d804f8ac,10300100005247434efffe0101003001,,Nintendo LZ10,Probable,,True,Nintendo LZ10,Confirmed,True,304,True,304,b6be6c4e729698ddfcc8b063f20aa90025238a774377a2da2cfc37b4d6bfd985,NCGR graphics,Confirmed,False,False
/a/0/6/9,/a/0/6/9!/member_00128,0,/a/0/6/9,198,128,,18392,18505,14364,14477,113,b1eef59d1e71f688b32ff8c3a53fbec2d9321fc4751fb745d6524c02c2e5b169,10300100005247434efffe0101003001,,Nintendo LZ10,Probable,,True,Nintendo LZ10,Confirmed,True,304,True,304,81f244bcb7d2a1b8db602f9ed033c29f907d90d8106d4e67f72314f6dd2f6034,NCGR graphics,Confirmed,False,False
/a/0/6/9,/a/0/6/9!/member_00129,0,/a/0/6/9,198,129,,18508,18629,14480,14601,121,065b1ab020ba9d6259dabeb8796ce49f082e3b0fb887ca05ea98092c1c1b6d63,10300100005247434efffe0101003001,,Nintendo LZ10,Probable,,True,Nintendo LZ10,Confirmed,True,304,True,304,a9c7e995e0cf6e1d492dc14fa1e656a45e170116fd4b946d4e7c48305ca6d2a1,NCGR graphics,Confirmed,False,False
/a/0/6/9,/a/0/6/9!/member_00130,0,/a/0/6/9,198,130,,18632,18738,14604,14710,106,9df1ff77bcdd7975aedbea0915cb6551884b4f71a77e45a181149e7892cb0acf,10300100005247434efffe0101003001,,Nintendo LZ10,Probable,,True,Nintendo LZ10,Confirmed,True,304,True,304,4b55ce36380a21bf168488df9ffc08a4342c78305af9b79d4806d5a381a96125,NCGR graphics,Confirmed,False,False
/a/0/6/9,/a/0/6/9!/member_00131,0,/a/0/6/9,198,131,,18740,18851,14712,14823,111,9b08b41c11b3f20ee722e47558c579ec9c319cdb04a1d52d5b827d19e11a5561,10300100005247434efffe0101003001,,Nintendo LZ10,Probable,,True,Nintendo LZ10,Confirmed,True,304,True,304,83453c1fe30760cd9e79a212edb48677770e78d606d0b0edd5f07a52212b9252,NCGR graphics,Confirmed,False,False
/a/0/6/9,/a/0/6/9!/member_00132,0,/a/0/6/9,198,132,,18852,18938,14824,14910,86,6a28fda8695aa1a32605f7d868b9ce025f3206b9c6d9055b34250b89d804f8ac,10300100005247434efffe0101003001,,Nintendo LZ10,Probable,,True,Nintendo LZ10,Confirmed,True,304,True,304,b6be6c4e729698ddfcc8b063f20aa90025238a774377a2da2cfc37b4d6bfd985,NCGR graphics,Confirmed,False,False
/a/0/6/9,/a/0/6/9!/member_00133,0,/a/0/6/9,198,133,,18940,19026,14912,14998,86,6a28fda8695aa1a32605f7d868b9ce025f3206b9c6d9055b34250b89d804f8ac,10300100005247434efffe0101003001,,Nintendo LZ10,Probable,,True,Nintendo LZ10,Confirmed,True,304,True,304,b6be6c4e729698ddfcc8b063f20aa90025238a774377a2da2cfc37b4d6bfd985,NCGR graphics,Confirmed,False,False
/a/0/6/9,/a/0/6/9!/member_00134,0,/a/0/6/9,198,134,,19028,19114,15000,15086,86,6a28fda8695aa1a32605f7d868b9ce025f3206b9c6d9055b34250b89d804f8ac,10300100005247434efffe0101003001,,Nintendo LZ10,Probable,,True,Nintendo LZ10,Confirmed,True,304,True,304,b6be6c4e729698ddfcc8b063f20aa90025238a774377a2da2cfc37b4d6bfd985,NCGR graphics,Confirmed,False,False
/a/0/6/9,/a/0/6/9!/member_00135,0,/a/0/6/9,198,135,,19116,19202,15088,15174,86,6a28fda8695aa1a32605f7d868b9ce025f3206b9c6d9055b34250b89d804f8ac,10300100005247434efffe0101003001,,Nintendo LZ10,Probable,,True,Nintendo LZ10,Confirmed,True,304,True,304,b6be6c4e729698ddfcc8b063f20aa90025238a774377a2da2cfc37b4d6bfd985,NCGR graphics,Confirmed,False,False
/a/0/6/9,/a/0/6/9!/member_00136,0,/a/0/6/9,198,136,,19204,19329,15176,15301,125,26fe86bab8d53c68e88b06fd135206f4fa7e0f7c6d7d72df2c4e27bd134e800b,10300100005247434efffe0101003001,,Nintendo LZ10,Probable,,True,Nintendo LZ10,Confirmed,True,304,True,304,478c60f0e8954200369e40007daa51c5604d560811e52c3f14eb6fb4b64b4097,NCGR graphics,Confirmed,False,False
/a/0/6/9,/a/0/6/9!/member_00137,0,/a/0/6/9,198,137,,19332,19453,15304,15425,121,b433053a0887f8654627f6db1cb4af2a9c8d7b9eaf7ef94d85a6a63eaf875d4c,10300100005247434efffe0101003001,,Nintendo LZ10,Probable,,True,Nintendo LZ10,Confirmed,True,304,True,304,0cc5632d3159533a2cecca7d4d4bb969076b2017524e50f71dd5382e5e990db6,NCGR graphics,Confirmed,False,False
/a/0/6/9,/a/0/6/9!/member_00138,0,/a/0/6/9,198,138,,19456,19570,15428,15542,114,c68cc32819d6f56f2015e57033a56f0170050e70885049186aa8128391f6ddd1,10300100005247434efffe0101003001,,Nintendo LZ10,Probable,,True,Nintendo LZ10,Confirmed,True,304,True,304,5112544e7bfffbf1829a497eb1003a7c8f21ae6a861931473e30e5196c8a7a52,NCGR graphics,Confirmed,False,False
/a/0/6/9,/a/0/6/9!/member_00139,0,/a/0/6/9,198,139,,19572,19697,15544,15669,125,af0fe6e8c3ad2206e077823353077985c901fac07959a80061aee5fdae1fa5e0,10300100005247434efffe0101003001,,Nintendo LZ10,Probable,,True,Nintendo LZ10,Confirmed,True,304,True,304,aa98efe6e1fcdded67d8bdbb1e776ea7a98c79864a29b062893dbf4548914890,NCGR graphics,Confirmed,False,False
/a/0/6/9,/a/0/6/9!/member_00140,0,/a/0/6/9,198,140,,19700,19806,15672,15778,106,1e9805145fbeac70d91022f751fe43d9007203e4911038b5bec95d3c602de810,10300100005247434efffe0101003001,,Nintendo LZ10,Probable,,True,Nintendo LZ10,Confirmed,True,304,True,304,786d9982ebacf971a92bb0649de6847d3cdafaf67ada99b05b4e538c6f077bc5,NCGR graphics,Confirmed,False,False
/a/0/6/9,/a/0/6/9!/member_00141,0,/a/0/6/9,198,141,,19808,19902,15780,15874,94,ff0e590cda3d999280c40fc2941da3ac86d4d0eae8dc56f9dcb2a95035d2c773,10300100005247434efffe0101003001,,Nintendo LZ10,Probable,,True,Nintendo LZ10,Confirmed,True,304,True,304,7b4344107e8e4c39c61872ee12a82bff41b729b53e7acdb4477f4708706d496d,NCGR graphics,Confirmed,False,False
/a/0/6/9,/a/0/6/9!/member_00142,0,/a/0/6/9,198,142,,19904,20006,15876,15978,102,dea31952dc1965c87a93eada91bfc50996ab7237e29fb99b1c8349eeb2a01d51,10300100005247434efffe0101003001,,Nintendo LZ10,Probable,,True,Nintendo LZ10,Confirmed,True,304,True,304,aae2d1c4fcca128e0dd5b262ead8af0245b927059392cdccfb33bb28cf5cb1ab,NCGR graphics,Confirmed,False,False
/a/0/6/9,/a/0/6/9!/member_00143,0,/a/0/6/9,198,143,,20008,20098,15980,16070,90,cea7f21f8eec6fbe5c59ddb53390aae0e4226c5523438e384d19680713358db0,10300100005247434efffe0101003001,,Nintendo LZ10,Probable,,True,Nintendo LZ10,Confirmed,True,304,True,304,0b3c7065e58d167adcfa94442ab6c89da8702969b1c2abe1f00f076e39fec057,NCGR graphics,Confirmed,False,False
/a/0/6/9,/a/0/6/9!/member_00144,0,/a/0/6/9,198,144,,20100,20217,16072,16189,117,7fbe354d1721acd3602af0a46a6c1ae775ba1f26ddf46833d4a9ca49cf0202d2,10300100005247434efffe0101003001,,Nintendo LZ10,Probable,,True,Nintendo LZ10,Confirmed,True,304,True,304,a26161d526028492d981d5dcb343841230a6393ca2e388fe2b8659f367c552cb,NCGR graphics,Confirmed,False,False
/a/0/6/9,/a/0/6/9!/member_00145,0,/a/0/6/9,198,145,,20220,20327,16192,16299,107,f43daf4987b25fe088dde200b2496174adb4362f4843657e623e4cd6a3620fe7,10300100005247434efffe0101003001,,Nintendo LZ10,Probable,,True,Nintendo LZ10,Confirmed,True,304,True,304,f50fcebfb9913d85f86fc3f4720a7586f63b4f28be67544c872eb1d1d0d6a562,NCGR graphics,Confirmed,False,False
/a/0/6/9,/a/0/6/9!/member_00146,0,/a/0/6/9,198,146,,20328,20457,16300,16429,129,a5cee3016cc86238ae96c40a1860164467222278b747c5102c8f4d4e2b554865,10300100005247434efffe0101003001,,Nintendo LZ10,Probable,,True,Nintendo LZ10,Confirmed,True,304,True,304,712744b00c0310e2bf5a2fdceff13a18ab7d43471e712cbd328818d77da3b190,NCGR graphics,Confirmed,False,False
/a/0/6/9,/a/0/6/9!/member_00147,0,/a/0/6/9,198,147,,20460,20590,16432,16562,130,45bf1d3a0ad6dbf0ee8a490096a4f1b7eea9cd210bb98cc0bd23655cc5724bc9,10300100005247434efffe0101003001,,Nintendo LZ10,Probable,,True,Nintendo LZ10,Confirmed,True,304,True,304,41d866a4bab2e1ef26bb74fba9943b7bee13124508e53b83464248a2f7eda1a9,NCGR graphics,Confirmed,False,False
/a/0/6/9,/a/0/6/9!/member_00148,0,/a/0/6/9,198,148,,20592,20730,16564,16702,138,08a8077a6b8a90acf3f1b8570ac04822c205bfed716262f0cf0ae5163319bc4d,10300100005247434efffe0101003001,,Nintendo LZ10,Probable,,True,Nintendo LZ10,Confirmed,True,304,True,304,dce21169cb4ce40bfbbcb2eac2c11f66549189fd41aaa52389ad7e4889ed0167,NCGR graphics,Confirmed,False,False
/a/0/6/9,/a/0/6/9!/member_00149,0,/a/0/6/9,198,149,,20732,20855,16704,16827,123,cae464897bbddd4784330170711a453df0b57cb4a47b6dd833bb9f50b3d19fd4,10300100005247434efffe0101003001,,Nintendo LZ10,Probable,,True,Nintendo LZ10,Confirmed,True,304,True,304,03871c650c376c97a782149633b829b6499178790a8c79c72b748ebb91ce6f1e,NCGR graphics,Confirmed,False,False
/a/0/6/9,/a/0/6/9!/member_00150,0,/a/0/6/9,198,150,,20856,20942,16828,16914,86,6a28fda8695aa1a32605f7d868b9ce025f3206b9c6d9055b34250b89d804f8ac,10300100005247434efffe0101003001,,Nintendo LZ10,Probable,,True,Nintendo LZ10,Confirmed,True,304,True,304,b6be6c4e729698ddfcc8b063f20aa90025238a774377a2da2cfc37b4d6bfd985,NCGR graphics,Confirmed,False,False
/a/0/6/9,/a/0/6/9!/member_00151,0,/a/0/6/9,198,151,,20944,21030,16916,17002,86,6a28fda8695aa1a32605f7d868b9ce025f3206b9c6d9055b34250b89d804f8ac,10300100005247434efffe0101003001,,Nintendo LZ10,Probable,,True,Nintendo LZ10,Confirmed,True,304,True,304,b6be6c4e729698ddfcc8b063f20aa90025238a774377a2da2cfc37b4d6bfd985,NCGR graphics,Confirmed,False,False
/a/0/6/9,/a/0/6/9!/member_00152,0,/a/0/6/9,198,152,,21032,21156,17004,17128,124,868cb8df9a80511f13d8fa97e7da5eae7912065c65f0fd97803460b06948d612,10300100005247434efffe0101003001,,Nintendo LZ10,Probable,,True,Nintendo LZ10,Confirmed,True,304,True,304,85b9753e0d49ab7f78bfe219a0dedbdd1c81d413cdb3139dfc37877d4ef6925a,NCGR graphics,Confirmed,False,False
/a/0/6/9,/a/0/6/9!/member_00153,0,/a/0/6/9,198,153,,21156,21278,17128,17250,122,8dfc379b2f867d9fae7bde3fc19930b3c9ba01f6267deb476a8fc966f8a4599c,10300100005247434efffe0101003001,,Nintendo LZ10,Probable,,True,Nintendo LZ10,Confirmed,True,304,True,304,7ae9e619dc7ddb4058af02c56b9c63d88113a8314d0919de639550dce68b69c6,NCGR graphics,Confirmed,False,False
/a/0/6/9,/a/0/6/9!/member_00154,0,/a/0/6/9,198,154,,21280,21381,17252,17353,101,f0735c747b544efe6f66e3d7776e4046282cf4261d833a32073cb49a5407086f,10300100005247434efffe0101003001,,Nintendo LZ10,Probable,,True,Nintendo LZ10,Confirmed,True,304,True,304,a424d669322b6acd7916b9826b5106c474bcaf0fe25d9fb98b3e0a773d1db599,NCGR graphics,Confirmed,False,False
/a/0/6/9,/a/0/6/9!/member_00155,0,/a/0/6/9,198,155,,21384,21479,17356,17451,95,b3a87622a5cde1b59c7a7936fbfdf2f4d3dc8582c85ccb1f4797a5947c94c52c,10300100005247434efffe0101003001,,Nintendo LZ10,Probable,,True,Nintendo LZ10,Confirmed,True,304,True,304,1d955a38bad60c17a5d93a5084cd622352ddcc224442ec95868337e4c5572f9d,NCGR graphics,Confirmed,False,False
/a/0/6/9,/a/0/6/9!/member_00156,0,/a/0/6/9,198,156,,21480,21589,17452,17561,109,e363d15c5efff6dff6e62b6d6592dfd225cf930ec356858b14e7d71ffde8f7e5,10300100005247434efffe0101003001,,Nintendo LZ10,Probable,,True,Nintendo LZ10,Confirmed,True,304,True,304,50aaaa3cdb6ad601805cfe4b2ea153bd846e1ddf91fa897adf910a3978050a99,NCGR graphics,Confirmed,False,False
/a/0/6/9,/a/0/6/9!/member_00157,0,/a/0/6/9,198,157,,21592,21712,17564,17684,120,44695b41b9c76886d5dff02efe61775530f7ed008c281f081ce34a4dce202aa0,10300100005247434efffe0101003001,,Nintendo LZ10,Probable,,True,Nintendo LZ10,Confirmed,True,304,True,304,7ba66216222a554f7038ca6802178502279640be7c0c70b99028217b58a1fef1,NCGR graphics,Confirmed,False,False
/a/0/6/9,/a/0/6/9!/member_00158,0,/a/0/6/9,198,158,,21712,21816,17684,17788,104,28f177b992a87aa00b472947686a019fd70cbd9eca9af59b0f47104d92061f36,10300100005247434efffe0101003001,,Nintendo LZ10,Probable,,True,Nintendo LZ10,Confirmed,True,304,True,304,7b697316f1634d989d53116c3f7c8f9f7d0336d87a2b2284372a9d2a4cf55741,NCGR graphics,Confirmed,False,False
/a/0/6/9,/a/0/6/9!/member_00159,0,/a/0/6/9,198,159,,21816,21922,17788,17894,106,a8c31daac06cd911101d84f54acd338789566d6445fbc76c17c5a9df22d49ed2,10300100005247434efffe0101003001,,Nintendo LZ10,Probable,,True,Nintendo LZ10,Confirmed,True,304,True,304,e3bcdd3a5e261aee388f7e52db0089448d3aab782e8c5b0a4f1588ed50226c84,NCGR graphics,Confirmed,False,False
/a/0/6/9,/a/0/6/9!/member_00160,0,/a/0/6/9,198,160,,21924,22032,17896,18004,108,ee9f7ca40b4e574bc77d2100562cf173a56115453ac198d1d7e4ed968529d86c,10300100005247434efffe0101003001,,Nintendo LZ10,Probable,,True,Nintendo LZ10,Confirmed,True,304,True,304,207cffe5afd531c6b2a2399c1809ff1cc951cae231ba1ff8cb455b3a4149e4f2,NCGR graphics,Confirmed,False,False
/a/0/6/9,/a/0/6/9!/member_00161,0,/a/0/6/9,198,161,,22032,22137,18004,18109,105,a138bebce3479997f94f880d990f3cdf96b331f8106fc1b52e383750509e06bf,10300100005247434efffe0101003001,,Nintendo LZ10,Probable,,True,Nintendo LZ10,Confirmed,True,304,True,304,a05f0a24efc37e2d558b329f5dd0cfbec2691e62c5cded756f5bd8284193728c,NCGR graphics,Confirmed,False,False
/a/0/6/9,/a/0/6/9!/member_00162,0,/a/0/6/9,198,162,,22140,22245,18112,18217,105,c74f3e52d578d9d7d8228d882a4c9f97a8588e3083992ffb48a263fe76474ce7,10300100005247434efffe0101003001,,Nintendo LZ10,Probable,,True,Nintendo LZ10,Confirmed,True,304,True,304,385f523c73a2e106551367aceb61741c81e39b2c4dac8fe91582f2ef1d2964ec,NCGR graphics,Confirmed,False,False
/a/0/6/9,/a/0/6/9!/member_00163,0,/a/0/6/9,198,163,,22248,22374,18220,18346,126,fdacce47cbb0eb8cbb76c7b2a5af705c7deeb4a2c27afca1a8a49a6456e47805,10300100005247434efffe0101003001,,Nintendo LZ10,Probable,,True,Nintendo LZ10,Confirmed,True,304,True,304,c86f7efee8cba20219fcc7487ae4b9deb6294c992a766c8cd8754a03188ed72a,NCGR graphics,Confirmed,False,False
/a/0/6/9,/a/0/6/9!/member_00164,0,/a/0/6/9,198,164,,22376,22478,18348,18450,102,c9578e27a45846138b6ec241b9f8b36501fc9c1e37b186767153fe9d5f265c3b,10300100005247434efffe0101003001,,Nintendo LZ10,Probable,,True,Nintendo LZ10,Confirmed,True,304,True,304,08eaff3e77eecdf964dbc0d9378615468ea4041dc7017d62b6474fa6f6f72af9,NCGR graphics,Confirmed,False,False
/a/0/6/9,/a/0/6/9!/member_00165,0,/a/0/6/9,198,165,,22480,22582,18452,18554,102,bd1d3acaa167709a83c92b142bd0e779d9dd45961f2f50bf81a880410d138083,10300100005247434efffe0101003001,,Nintendo LZ10,Probable,,True,Nintendo LZ10,Confirmed,True,304,True,304,959fbb97f9039bfb31214e0c3ba5e175eba04f43366164bb8806e2bcedfe6d89,NCGR graphics,Confirmed,False,False
/a/0/6/9,/a/0/6/9!/member_00166,0,/a/0/6/9,198,166,,22584,22710,18556,18682,126,85229832ae33bedecaf746af9e563de9d27026932179643fd110893c25e7fe4d,10300100005247434efffe0101003001,,Nintendo LZ10,Probable,,True,Nintendo LZ10,Confirmed,True,304,True,304,7fd219b70f48498c739e7d6a1861a21ecd0d919e9b0c0b71ac5279708a15b5bf,NCGR graphics,Confirmed,False,False
/a/0/6/9,/a/0/6/9!/member_00167,0,/a/0/6/9,198,167,,22712,22845,18684,18817,133,5db52dabe3f08cf56464a2c6b7d34e893ea9ae35851fd67ac3afc63289181d33,10300100005247434efffe0101003001,,Nintendo LZ10,Probable,,True,Nintendo LZ10,Confirmed,True,304,True,304,68dd35e5e6d783e03cb08a9126e8266d9826e27b72d64fcd2efbdd3c4f4368ea,NCGR graphics,Confirmed,False,False
/a/0/6/9,/a/0/6/9!/member_00168,0,/a/0/6/9,198,168,,22848,22961,18820,18933,113,4034a81011fc6666862706803dceafdde9820dd4d2cc6d3d6ff89684b6176bd6,10300100005247434efffe0101003001,,Nintendo LZ10,Probable,,True,Nintendo LZ10,Confirmed,True,304,True,304,c38572ce21afe814e80c132eff4258b33ad9e09cd43a913cb6e8f2c2824b7b85,NCGR graphics,Confirmed,False,False
/a/0/6/9,/a/0/6/9!/member_00169,0,/a/0/6/9,198,169,,22964,23083,18936,19055,119,4778f845478c31e5eee1d91ef2d3c5dbc8aed5aa9fab7570c83f070bcc66702e,10300100005247434efffe0101003001,,Nintendo LZ10,Probable,,True,Nintendo LZ10,Confirmed,True,304,True,304,40fca885be88fad2e88e2a43d392a975cd40b636bd3c3f052ec70e85125bf569,NCGR graphics,Confirmed,False,False
/a/0/6/9,/a/0/6/9!/member_00170,0,/a/0/6/9,198,170,,23084,23174,19056,19146,90,cea7f21f8eec6fbe5c59ddb53390aae0e4226c5523438e384d19680713358db0,10300100005247434efffe0101003001,,Nintendo LZ10,Probable,,True,Nintendo LZ10,Confirmed,True,304,True,304,0b3c7065e58d167adcfa94442ab6c89da8702969b1c2abe1f00f076e39fec057,NCGR graphics,Confirmed,False,False
/a/0/6/9,/a/0/6/9!/member_00171,0,/a/0/6/9,198,171,,23176,23281,19148,19253,105,eacaa7f27b8daa2163f7f30a06f5a13968f4a1d536a49ac2fba1e69a937ff879,10300100005247434efffe0101003001,,Nintendo LZ10,Probable,,True,Nintendo LZ10,Confirmed,True,304,True,304,1ea37be3e0309117157252e04daf07aed44cd6b5846df2bc5ff31a287e8d0518,NCGR graphics,Confirmed,False,False
/a/0/6/9,/a/0/6/9!/member_00172,0,/a/0/6/9,198,172,,23284,23370,19256,19342,86,6a28fda8695aa1a32605f7d868b9ce025f3206b9c6d9055b34250b89d804f8ac,10300100005247434efffe0101003001,,Nintendo LZ10,Probable,,True,Nintendo LZ10,Confirmed,True,304,True,304,b6be6c4e729698ddfcc8b063f20aa90025238a774377a2da2cfc37b4d6bfd985,NCGR graphics,Confirmed,False,False
/a/0/6/9,/a/0/6/9!/member_00173,0,/a/0/6/9,198,173,,23372,23458,19344,19430,86,6a28fda8695aa1a32605f7d868b9ce025f3206b9c6d9055b34250b89d804f8ac,10300100005247434efffe0101003001,,Nintendo LZ10,Probable,,True,Nintendo LZ10,Confirmed,True,304,True,304,b6be6c4e729698ddfcc8b063f20aa90025238a774377a2da2cfc37b4d6bfd985,NCGR graphics,Confirmed,False,False
/a/0/6/9,/a/0/6/9!/member_00174,0,/a/0/6/9,198,174,,23460,23546,19432,19518,86,6a28fda8695aa1a32605f7d868b9ce025f3206b9c6d9055b34250b89d804f8ac,10300100005247434efffe0101003001,,Nintendo LZ10,Probable,,True,Nintendo LZ10,Confirmed,True,304,True,304,b6be6c4e729698ddfcc8b063f20aa90025238a774377a2da2cfc37b4d6bfd985,NCGR graphics,Confirmed,False,False
/a/0/6/9,/a/0/6/9!/member_00175,0,/a/0/6/9,198,175,,23548,23646,19520,19618,98,1aeca5b53712d8713322392dec9a2cbcc3a6a86664de25e6299e9fe58db22d1e,10300100005247434efffe0101003001,,Nintendo LZ10,Probable,,True,Nintendo LZ10,Confirmed,True,304,True,304,561e86727e8d4dafe2e886b292b82e1f2e9e0ab8d0d9fb7edc0c23ffbd8331a9,NCGR graphics,Confirmed,False,False
/a/0/6/9,/a/0/6/9!/member_00176,0,/a/0/6/9,198,176,,23648,23743,19620,19715,95,6bac7eac687d14bb622a79e8771291d0f6c90ce010759fabb4476ba1daa8f38a,10300100005247434efffe0101003001,,Nintendo LZ10,Probable,,True,Nintendo LZ10,Confirmed,True,304,True,304,e539d7aea342bda7c4d2d27d49bb807dd2eba80b11cd1fd7b79c0dd007b92de2,NCGR graphics,Confirmed,False,False
/a/0/6/9,/a/0/6/9!/member_00177,0,/a/0/6/9,198,177,,23744,23848,19716,19820,104,54342031102bf94f25a2e0369036df12cf41682744091a037807ec32bac94395,10300100005247434efffe0101003001,,Nintendo LZ10,Probable,,True,Nintendo LZ10,Confirmed,True,304,True,304,8d5067d1c546b42ae1030709e5b6f40b8e56f32dfcadd8095785f4a3d6dc71f9,NCGR graphics,Confirmed,False,False
/a/0/6/9,/a/0/6/9!/member_00178,0,/a/0/6/9,198,178,,23848,23955,19820,19927,107,e34521ca96a988a4918a29ee4cd86e983e29797c4f4fc01678c08a0b23ddd9d3,10300100005247434efffe0101003001,,Nintendo LZ10,Probable,,True,Nintendo LZ10,Confirmed,True,304,True,304,6dae5c681b4fec3e2dff5fea86cc6607d1762bded1260aae0a65b48ca8bfd737,NCGR graphics,Confirmed,False,False
/a/0/6/9,/a/0/6/9!/member_00179,0,/a/0/6/9,198,179,,23956,24068,19928,20040,112,950ba0c83bcc251b4e77b28c9383ab98a1e6cb0cdcaae499191a299771beb6ea,10300100005247434efffe0101003001,,Nintendo LZ10,Probable,,True,Nintendo LZ10,Confirmed,True,304,True,304,0bc4a2215d9d897fa5cc24b6e7e7bdbfba9af38f66bb306de0d895bde15a61b6,NCGR graphics,Confirmed,False,False
/a/0/6/9,/a/0/6/9!/member_00180,0,/a/0/6/9,198,180,,24068,24164,20040,20136,96,d7d31680ed380b4303c52dff81e599690ca2474c4c3721f9bbb02547e7b0233d,10300100005247434efffe0101003001,,Nintendo LZ10,Probable,,True,Nintendo LZ10,Confirmed,True,304,True,304,7fc15be496394dc69f06150ca79ce1198290d515496194c03d03eb594c4a9c46,NCGR graphics,Confirmed,False,False
/a/0/6/9,/a/0/6/9!/member_00181,0,/a/0/6/9,198,181,,24164,24272,20136,20244,108,c784bd335177c5261d60f5109f8fb270d57d1595fdf5c054f270d707003ed527,10300100005247434efffe0101003001,,Nintendo LZ10,Probable,,True,Nintendo LZ10,Confirmed,True,304,True,304,6930978837608bcca0ca122846c4c069626ad053e2538837b0c9ee7dd72fb791,NCGR graphics,Confirmed,False,False
/a/0/6/9,/a/0/6/9!/member_00182,0,/a/0/6/9,198,182,,24272,24369,20244,20341,97,3b5d9f7bbc1cce54d53d1c7e2d42c9854d5def8b1ef31448660107b0a9c19b6d,10300100005247434efffe0101003001,,Nintendo LZ10,Probable,,True,Nintendo LZ10,Confirmed,True,304,True,304,a21dafe6507e499736ea09c9c9bad3ced396d69338eded75e26f2ab54b639f26,NCGR graphics,Confirmed,False,False
/a/0/6/9,/a/0/6/9!/member_00183,0,/a/0/6/9,198,183,,24372,24472,20344,20444,100,9301f05f25b5fe46e94ee115f073116ef33c4cc1c57f76631bce1e5ff4e54416,10300100005247434efffe0101003001,,Nintendo LZ10,Probable,,True,Nintendo LZ10,Confirmed,True,304,True,304,a2ffb1a15f8423e0425dc0ce237a060eb7a2ae30b1ba895a27993895b079184f,NCGR graphics,Confirmed,False,False
/a/0/6/9,/a/0/6/9!/member_00184,0,/a/0/6/9,198,184,,24472,24584,20444,20556,112,02afce2d7b03c33cc66e6c048913840afbc0548e6ed9a6e928500d1ae97beeae,10300100005247434efffe0101003001,,Nintendo LZ10,Probable,,True,Nintendo LZ10,Confirmed,True,304,True,304,73689cb918fe43e7cf13896fa5c1b884986779e5b65d033ded031afc676799cc,NCGR graphics,Confirmed,False,False
/a/0/6/9,/a/0/6/9!/member_00185,0,/a/0/6/9,198,185,,24584,24670,20556,20642,86,6a28fda8695aa1a32605f7d868b9ce025f3206b9c6d9055b34250b89d804f8ac,10300100005247434efffe0101003001,,Nintendo LZ10,Probable,,True,Nintendo LZ10,Confirmed,True,304,True,304,b6be6c4e729698ddfcc8b063f20aa90025238a774377a2da2cfc37b4d6bfd985,NCGR graphics,Confirmed,False,False
/a/0/6/9,/a/0/6/9!/member_00186,0,/a/0/6/9,198,186,,24672,24771,20644,20743,99,ab5164afb4ea15b2edfacd4e8f97ca25a08d6333bf1a0b3546ba3d8728fd5a98,10300100005247434efffe0101003001,,Nintendo LZ10,Probable,,True,Nintendo LZ10,Confirmed,True,304,True,304,167d24453edfeaad5bc10750f87b00f0f104930f69060990f5aba897b2484737,NCGR graphics,Confirmed,False,False
/a/0/6/9,/a/0/6/9!/member_00187,0,/a/0/6/9,198,187,,24772,24874,20744,20846,102,49b80e64bc2ddf5cef635ef225a8b443e821787b3ee3d3f4a8bf082d79f982a9,10300100005247434efffe0101003001,,Nintendo LZ10,Probable,,True,Nintendo LZ10,Confirmed,True,304,True,304,25fb49e746c37949730b21b7d4014cd0a96c72b30dab7a870564a866268b544b,NCGR graphics,Confirmed,False,False
/a/0/6/9,/a/0/6/9!/member_00188,0,/a/0/6/9,198,188,,24876,24978,20848,20950,102,d94cd37291f944669f4c36c7a95e709c353ef336e0f039a2453a94b7acd13ad8,10300100005247434efffe0101003001,,Nintendo LZ10,Probable,,True,Nintendo LZ10,Confirmed,True,304,True,304,5b76ab0625a91e5e0590c8ece3ffe86a0a4fcef33b5c837caa26125f1183a9a1,NCGR graphics,Confirmed,False,False
/a/0/6/9,/a/0/6/9!/member_00189,0,/a/0/6/9,198,189,,24980,25100,20952,21072,120,e6109664ecaa443fa87dbc88d8a10be346ba3dd8a4198256cab6e066c8f2426a,10300100005247434efffe0101003001,,Nintendo LZ10,Probable,,True,Nintendo LZ10,Confirmed,True,304,True,304,95a56ffb4101e3d4a5042651e97cc57bb5d1ba6e97d31a2b465c166ead457dcc,NCGR graphics,Confirmed,False,False
/a/0/6/9,/a/0/6/9!/member_00190,0,/a/0/6/9,198,190,,25100,25200,21072,21172,100,084e670246b22bc2d5cb4071bd17baa9587936fc5c6b4594a033d6c43f2c0082,10300100005247434efffe0101003001,,Nintendo LZ10,Probable,,True,Nintendo LZ10,Confirmed,True,304,True,304,58b83c28a7df46f04832c1a03f73348ea373b356c9ea6b747eff7a7237bfe65e,NCGR graphics,Confirmed,False,False
/a/0/6/9,/a/0/6/9!/member_00191,0,/a/0/6/9,198,191,,25200,25304,21172,21276,104,776ef392c667656cccb97110926af7a0179a7a147da38d2cb459b52e2c388cf7,10300100005247434efffe0101003001,,Nintendo LZ10,Probable,,True,Nintendo LZ10,Confirmed,True,304,True,304,5f2ce1273ecdd9ccae6f00f369cfac003d6fcecd0572036421f45c49dfdd221f,NCGR graphics,Confirmed,False,False
/a/0/6/9,/a/0/6/9!/member_00192,0,/a/0/6/9,198,192,,25304,25408,21276,21380,104,63d278ad4dc44cb15ad0acc4c19e24dbd9a972456e61abb92150f9f3bc61f909,10300100005247434efffe0101003001,,Nintendo LZ10,Probable,,True,Nintendo LZ10,Confirmed,True,304,True,304,6eeeb2e2151d75435f18c5f9cd0f5476452a461711a3243ae7711145c61ff354,NCGR graphics,Confirmed,False,False
/a/0/6/9,/a/0/6/9!/member_00193,0,/a/0/6/9,198,193,,25408,25518,21380,21490,110,4c44eda601bdce547e348fb54cf7ad73f346d284fb4df735e0cbbb4b46b68ab8,10300100005247434efffe0101003001,,Nintendo LZ10,Probable,,True,Nintendo LZ10,Confirmed,True,304,True,304,a2fd949a4f97aa1150d4e526e4b30729b8a5f2d8adeee83606b897a9aa7d9c19,NCGR graphics,Confirmed,False,False
/a/0/6/9,/a/0/6/9!/member_00194,0,/a/0/6/9,198,194,,25520,25606,21492,21578,86,6a28fda8695aa1a32605f7d868b9ce025f3206b9c6d9055b34250b89d804f8ac,10300100005247434efffe0101003001,,Nintendo LZ10,Probable,,True,Nintendo LZ10,Confirmed,True,304,True,304,b6be6c4e729698ddfcc8b063f20aa90025238a774377a2da2cfc37b4d6bfd985,NCGR graphics,Confirmed,False,False
/a/0/6/9,/a/0/6/9!/member_00195,0,/a/0/6/9,198,195,,25608,25717,21580,21689,109,c31cf244618d701ba342dbf3138359ad1139e6dd70bbacdb8f92e5f8efab8f72,10300100005247434efffe0101003001,,Nintendo LZ10,Probable,,True,Nintendo LZ10,Confirmed,True,304,True,304,d6ffd0f63a82a6dbd3a7258ebeaca865132d8e5063bf9cb11a70cdabccf8a072,NCGR graphics,Confirmed,False,False
/a/0/6/9,/a/0/6/9!/member_00196,0,/a/0/6/9,198,196,,25720,25820,21692,21792,100,70c024b29d79f5c44ca5b88636d88e861c2148c0bca22e79ddb9b3b6395c9f97,10300100005247434efffe0101003001,,Nintendo LZ10,Probable,,True,Nintendo LZ10,Confirmed,True,304,True,304,abe66024938f72bf985c257dfabb18d1ce2486df93fed2580b7f9f117482076d,NCGR graphics,Confirmed,False,False
/a/0/6/9,/a/0/6/9!/member_00197,0,/a/0/6/9,198,197,,25820,25918,21792,21890,98,1f084e91ff7045e5fb0ca52915071861c9bf5e5e0673528d3bdec4b36497cee2,10300100005247434efffe0101003001,,Nintendo LZ10,Probable,,True,Nintendo LZ10,Confirmed,True,304,True,304,4b1abe873aa703a23f848996614dd73e62b2d145891a6444403fbdc8dd207519,NCGR graphics,Confirmed,False,False
/a/0/6/9,/a/0/6/9!/member_00198,0,/a/0/6/9,198,198,,25920,26031,21892,22003,111,bca6d08e48e5a2890f7fa5fa17eb2a24bc700925033833fe5d93409038567364,10300100005247434efffe0101003001,,Nintendo LZ10,Probable,,True,Nintendo LZ10,Confirmed,True,304,True,304,b939f9711b22bba8a0b89b26696da3c488e65ba56e6c0f2d64382926baf9cc62,NCGR graphics,Confirmed,False,False
/a/0/6/9,/a/0/6/9!/member_00199,0,/a/0/6/9,198,199,,26032,26129,22004,22101,97,c0d5bbb848fbc140de0d70b8730505b98453e2ec4110297e2a97970c8cdc3818,10300100005247434efffe0101003001,,Nintendo LZ10,Probable,,True,Nintendo LZ10,Confirmed,True,304,True,304,133cd2b2bd4a65822b7838e8068fcfc01cad57ea3307c8bd17b12dce538edfeb,NCGR graphics,Confirmed,False,False
/a/0/6/9,/a/0/6/9!/member_00200,0,/a/0/6/9,198,200,,26132,26239,22104,22211,107,b3994784d1e105843c7cee27a9d3a0204c25faa520ebf9e6de1d94a8775eb77e,10300100005247434efffe0101003001,,Nintendo LZ10,Probable,,True,Nintendo LZ10,Confirmed,True,304,True,304,a7d1383034f29a54e68323d4450d57fa10b27e34492cc2fc93f300857a574569,NCGR graphics,Confirmed,False,False
/a/0/6/9,/a/0/6/9!/member_00201,0,/a/0/6/9,198,201,,26240,26351,22212,22323,111,c71aa43952d89bdcf22e8f5177d5affdcf322d628f7b1821fdd940798c53ee24,10300100005247434efffe0101003001,,Nintendo LZ10,Probable,,True,Nintendo LZ10,Confirmed,True,304,True,304,742e1d1cf70c03b245f883d919e59eed04d63b2310e5f3ea4a4a3e3c60a3e778,NCGR graphics,Confirmed,False,False
/a/0/6/9,/a/0/6/9!/member_00202,0,/a/0/6/9,198,202,,26352,26456,22324,22428,104,09d72b10d9c37022cc90e1a96c0b6f82f38c8b9c3a705082f10192fbf8c23236,10300100005247434efffe0101003001,,Nintendo LZ10,Probable,,True,Nintendo LZ10,Confirmed,True,304,True,304,9b381156469adb8ec258da5fa3b3d4a3ec5c7a1f9f00706fb4e0eda9b7d3a183,NCGR graphics,Confirmed,False,False
/a/0/6/9,/a/0/6/9!/member_00203,0,/a/0/6/9,198,203,,26456,26542,22428,22514,86,6a28fda8695aa1a32605f7d868b9ce025f3206b9c6d9055b34250b89d804f8ac,10300100005247434efffe0101003001,,Nintendo LZ10,Probable,,True,Nintendo LZ10,Confirmed,True,304,True,304,b6be6c4e729698ddfcc8b063f20aa90025238a774377a2da2cfc37b4d6bfd985,NCGR graphics,Confirmed,False,False
/a/0/6/9,/a/0/6/9!/member_00204,0,/a/0/6/9,198,204,,26544,26630,22516,22602,86,6a28fda8695aa1a32605f7d868b9ce025f3206b9c6d9055b34250b89d804f8ac,10300100005247434efffe0101003001,,Nintendo LZ10,Probable,,True,Nintendo LZ10,Confirmed,True,304,True,304,b6be6c4e729698ddfcc8b063f20aa90025238a774377a2da2cfc37b4d6bfd985,NCGR graphics,Confirmed,False,False
/a/0/6/9,/a/0/6/9!/member_00205,0,/a/0/6/9,198,205,,26632,26733,22604,22705,101,e35bff82e364eaa30236ea575d0aa013563c625bf2c16427c517a6b2d51de8ec,10300100005247434efffe0101003001,,Nintendo LZ10,Probable,,True,Nintendo LZ10,Confirmed,True,304,True,304,8e0b467e29686de65d9bebb8fd2a3361969dc704d02339eec10aaf00312dc516,NCGR graphics,Confirmed,False,False
/a/0/6/9,/a/0/6/9!/member_00206,0,/a/0/6/9,198,206,,26736,26835,22708,22807,99,1b0b4d0df6656e80e4e17542bd28e2498e487e07fe5f7eee7553278e74fe5952,10300100005247434efffe0101003001,,Nintendo LZ10,Probable,,True,Nintendo LZ10,Confirmed,True,304,True,304,54bb638c64f05163d9a0c3f6af9f2ebbafb8ace82f1dc0b59ac7052f2178ab3a,NCGR graphics,Confirmed,False,False
/a/0/6/9,/a/0/6/9!/member_00207,0,/a/0/6/9,198,207,,26836,26922,22808,22894,86,6a28fda8695aa1a32605f7d868b9ce025f3206b9c6d9055b34250b89d804f8ac,10300100005247434efffe0101003001,,Nintendo LZ10,Probable,,True,Nintendo LZ10,Confirmed,True,304,True,304,b6be6c4e729698ddfcc8b063f20aa90025238a774377a2da2cfc37b4d6bfd985,NCGR graphics,Confirmed,False,False
/a/0/6/9,/a/0/6/9!/member_00208,0,/a/0/6/9,198,208,,26924,27010,22896,22982,86,6a28fda8695aa1a32605f7d868b9ce025f3206b9c6d9055b34250b89d804f8ac,10300100005247434efffe0101003001,,Nintendo LZ10,Probable,,True,Nintendo LZ10,Confirmed,True,304,True,304,b6be6c4e729698ddfcc8b063f20aa90025238a774377a2da2cfc37b4d6bfd985,NCGR graphics,Confirmed,False,False
/a/0/6/9,/a/0/6/9!/member_00209,0,/a/0/6/9,198,209,,27012,27098,22984,23070,86,6a28fda8695aa1a32605f7d868b9ce025f3206b9c6d9055b34250b89d804f8ac,10300100005247434efffe0101003001,,Nintendo LZ10,Probable,,True,Nintendo LZ10,Confirmed,True,304,True,304,b6be6c4e729698ddfcc8b063f20aa90025238a774377a2da2cfc37b4d6bfd985,NCGR graphics,Confirmed,False,False
/a/0/6/9,/a/0/6/9!/member_00210,0,/a/0/6/9,198,210,,27100,27208,23072,23180,108,a7700fdf0a8be689d293100c29ca488dc4f89b7f5a624fc11ecfca70c0d87805,10300100005247434efffe0101003001,,Nintendo LZ10,Probable,,True,Nintendo LZ10,Confirmed,True,304,True,304,6c0298b38dc5245e272dfb38cae6de15b68e602588c154fcc479aec6467552e5,NCGR graphics,Confirmed,False,False
/a/0/6/9,/a/0/6/9!/member_00211,0,/a/0/6/9,198,211,,27208,27294,23180,23266,86,6a28fda8695aa1a32605f7d868b9ce025f3206b9c6d9055b34250b89d804f8ac,10300100005247434efffe0101003001,,Nintendo LZ10,Probable,,True,Nintendo LZ10,Confirmed,True,304,True,304,b6be6c4e729698ddfcc8b063f20aa90025238a774377a2da2cfc37b4d6bfd985,NCGR graphics,Confirmed,False,False
/a/0/6/9,/a/0/6/9!/member_00212,0,/a/0/6/9,198,212,,27296,27408,23268,23380,112,5a39ee6662049593e5b35701d0b0b0077f340b480fe135a2f15f9639b973e09a,10300100005247434efffe0101003001,,Nintendo LZ10,Probable,,True,Nintendo LZ10,Confirmed,True,304,True,304,2910cfdf07e880898bfe4e9db98530127eac8d5522f60ed82b9d55e44375509e,NCGR graphics,Confirmed,False,False
/a/0/6/9,/a/0/6/9!/member_00213,0,/a/0/6/9,198,213,,27408,27530,23380,23502,122,26bfb46fc08dd650bc2b8f9dd7a5368e74935e39e7112d5149baaca66a65df1e,10300100005247434efffe0101003001,,Nintendo LZ10,Probable,,True,Nintendo LZ10,Confirmed,True,304,True,304,8775ff777151c62d0e8f140364d8059b1138f76ce6d8154c649b9307bc3377e2,NCGR graphics,Confirmed,False,False
/a/0/6/9,/a/0/6/9!/member_00214,0,/a/0/6/9,198,214,,27532,27618,23504,23590,86,6a28fda8695aa1a32605f7d868b9ce025f3206b9c6d9055b34250b89d804f8ac,10300100005247434efffe0101003001,,Nintendo LZ10,Probable,,True,Nintendo LZ10,Confirmed,True,304,True,304,b6be6c4e729698ddfcc8b063f20aa90025238a774377a2da2cfc37b4d6bfd985,NCGR graphics,Confirmed,False,False
/a/0/6/9,/a/0/6/9!/member_00215,0,/a/0/6/9,198,215,,27620,27736,23592,23708,116,05fb430cfd32ab514fb58c86c707098ac2aeaf82ba8c3c331c8c776143720034,10300100005247434efffe0101003001,,Nintendo LZ10,Probable,,True,Nintendo LZ10,Confirmed,True,304,True,304,462eb7c7188876babd8b59c3159035c046034b5fdb8473e4bffdb5c7b5272570,NCGR graphics,Confirmed,False,False
/a/0/6/9,/a/0/6/9!/member_00216,0,/a/0/6/9,198,216,,27736,27842,23708,23814,106,553cb83a67509bb1156c54dc69dcaa72a1777b879219e21ecaacce14a54dccd4,10300100005247434efffe0101003001,,Nintendo LZ10,Probable,,True,Nintendo LZ10,Confirmed,True,304,True,304,9e4fdcbb0cacf71e4b7eb7f2166ee5cf7b899d2ffb478752450f80e64df66657,NCGR graphics,Confirmed,False,False
/a/0/6/9,/a/0/6/9!/member_00217,0,/a/0/6/9,198,217,,27844,27959,23816,23931,115,80862ee942551c6348d7ed3d9aaa658661753c07ba4686034cf7eec11aa77127,10300100005247434efffe0101003001,,Nintendo LZ10,Probable,,True,Nintendo LZ10,Confirmed,True,304,True,304,265a8ab311e96607e218358666d20a2414456057e16b9dafd80108c016a1dda3,NCGR graphics,Confirmed,False,False
/a/0/6/9,/a/0/6/9!/member_00218,0,/a/0/6/9,198,218,,27960,28068,23932,24040,108,1be118ac69a1d71388ebd7da680b3f5c08e5b05f6dcc7e82392b3ff69086e4c8,10300100005247434efffe0101003001,,Nintendo LZ10,Probable,,True,Nintendo LZ10,Confirmed,True,304,True,304,efe14f590c03a0c5e35673ebed7a14aba4b95115babb29704e0849daa703d482,NCGR graphics,Confirmed,False,False
/a/0/6/9,/a/0/6/9!/member_00219,0,/a/0/6/9,198,219,,28068,28179,24040,24151,111,681d9373115e327adf6dd30ce18b6b92abd8062f5010e1f033f119f90abaa3fc,10300100005247434efffe0101003001,,Nintendo LZ10,Probable,,True,Nintendo LZ10,Confirmed,True,304,True,304,6d47a7fdfbb21413a0e2a0142c9bcc4bf7128aefdd68565e5821a9d4876309b6,NCGR graphics,Confirmed,False,False
/a/0/6/9,/a/0/6/9!/member_00220,0,/a/0/6/9,198,220,,28180,28307,24152,24279,127,a358545f995e02aa3d8ec5b9f38bf3b9f6cf35fa91934e0c0040e83aa29e23bc,10300100005247434efffe0101003001,,Nintendo LZ10,Probable,,True,Nintendo LZ10,Confirmed,True,304,True,304,35562427814e79fe49f83769398249b136829071ef8a2237bb9b0041c736ec63,NCGR graphics,Confirmed,False,False
/a/0/6/9,/a/0/6/9!/member_00221,0,/a/0/6/9,198,221,,28308,28394,24280,24366,86,6a28fda8695aa1a32605f7d868b9ce025f3206b9c6d9055b34250b89d804f8ac,10300100005247434efffe0101003001,,Nintendo LZ10,Probable,,True,Nintendo LZ10,Confirmed,True,304,True,304,b6be6c4e729698ddfcc8b063f20aa90025238a774377a2da2cfc37b4d6bfd985,NCGR graphics,Confirmed,False,False
/a/0/6/9,/a/0/6/9!/member_00222,0,/a/0/6/9,198,222,,28396,28482,24368,24454,86,6a28fda8695aa1a32605f7d868b9ce025f3206b9c6d9055b34250b89d804f8ac,10300100005247434efffe0101003001,,Nintendo LZ10,Probable,,True,Nintendo LZ10,Confirmed,True,304,True,304,b6be6c4e729698ddfcc8b063f20aa90025238a774377a2da2cfc37b4d6bfd985,NCGR graphics,Confirmed,False,False
