container_chain,member_chain,depth,parent_narc_path,parent_file_id,member_index,name,container_relative_offset,container_relative_end,gmif_relative_offset,gmif_relative_end,size,sha256,signature_hex,extension,probable_format,format_evidence,structure_valid,compressed,compression,compression_evidence,decompression_supported,declared_decompressed_size,decompression_valid,decompressed_size,decompressed_sha256,decompressed_format,decompressed_format_evidence,nested_container,nested_after_decompression
/a/1/3/3,/a/1/3/3!/member_00526,0,/a/1/3/3,262,526,,37512,37516,5764,5768,4,df3f619804a92fdb4057192dc43dd748ea778adc52bc498ce80524c014b81119,00000000,,,,,False,,,,,,,,,,False,False
/a/1/3/3,/a/1/3/3!/member_00527,0,/a/1/3/3,262,527,,37516,37520,5768,5772,4,df3f619804a92fdb4057192dc43dd748ea778adc52bc498ce80524c014b81119,00000000,,,,,False,,,,,,,,,,False,False
/a/1/3/3,/a/1/3/3!/member_00528,0,/a/1/3/3,262,528,,37520,37524,5772,5776,4,df3f619804a92fdb4057192dc43dd748ea778adc52bc498ce80524c014b81119,00000000,,,,,False,,,,,,,,,,False,False
/a/1/3/3,/a/1/3/3!/member_00529,0,/a/1/3/3,262,529,,37524,37528,5776,5780,4,df3f619804a92fdb4057192dc43dd748ea778adc52bc498ce80524c014b81119,00000000,,,,,False,,,,,,,,,,False,False
/a/1/3/3,/a/1/3/3!/member_00530,0,/a/1/3/3,262,530,,37528,37532,5780,5784,4,df3f619804a92fdb4057192dc43dd748ea778adc52bc498ce80524c014b81119,00000000,,,,,False,,,,,,,,,,False,False
/a/1/3/3,/a/1/3/3!/member_00531,0,/a/1/3/3,262,531,,37532,37536,5784,5788,4,df3f619804a92fdb4057192dc43dd748ea778adc52bc498ce80524c014b81119,00000000,,,,,False,,,,,,,,,,False,False
/a/1/3/3,/a/1/3/3!/member_00532,0,/a/1/3/3,262,532,,37536,37544,5788,5796,8,18d8d609947c6b82b9607704ae40d3317038e709238514de750b5c7411ba4c20,0e00000000000000,,,,,False,,,,,,,,,,False,False
/a/1/3/3,/a/1/3/3!/member_00533,0,/a/1/3/3,262,533,,37544,37548,5796,5800,4,df3f619804a92fdb4057192dc43dd748ea778adc52bc498ce80524c014b81119,00000000,,,,,False,,,,,,,,,,False,False
/a/1/3/3,/a/1/3/3!/member_00534,0,/a/1/3/3,262,534,,37548,37552,5800,5804,4,df3f619804a92fdb4057192dc43dd748ea778adc52bc498ce80524c014b81119,00000000,,,,,False,,,,,,,,,,False,False
/a/1/3/3,/a/1/3/3!/member_00535,0,/a/1/3/3,262,535,,37552,37556,5804,5808,4,df3f619804a92fdb4057192dc43dd748ea778adc52bc498ce80524c014b81119,00000000,,,,,False,,,,,,,,,,False,False
/a/1/3/3,/a/1/3/3!/member_00536,0,/a/1/3/3,262,536,,37556,37560,5808,5812,4,df3f619804a92fdb4057192dc43dd748ea778adc52bc498ce80524c014b81119,00000000,,,,,False,,,,,,,,,,False,False
/a/1/3/3,/a/1/3/3!/member_00537,0,/a/1/3/3,262,537,,37560,37564,5812,5816,4,df3f619804a92fdb4057192dc43dd748ea778adc52bc498ce80524c014b81119,00000000,,,,,False,,,,,,,,,,False,False
/a/1/3/3,/a/1/3/3!/member_00538,0,/a/1/3/3,262,538,,37564,37616,5816,5868,52,9af9ecd417debd5d708a6b71e25f17109197b9873872f89ab3a3265b0cd80070,03000000040000000500000007000000,,,,,False,,,,,,,,,,False,False
/a/1/3/3,/a/1/3/3!/member_00539,0,/a/1/3/3,262,539,,37616,37668,5868,5920,52,208d9bbda7512ea8a42fdf073246af629ad85e1e89217592cf653f2498c3b4df,0300000004000000090000000a000000,,,,,False,,,,,,,,,,False,False
/a/1/3/3,/a/1/3/3!/member_00540,0,/a/1/3/3,262,540,,37668,37672,5920,5924,4,df3f619804a92fdb4057192dc43dd748ea778adc52bc498ce80524c014b81119,00000000,,,,,False,,,,,,,,,,False,False
/a/1/3/3,/a/1/3/3!/member_00541,0,/a/1/3/3,262,541,,37672,37676,5924,5928,4,df3f619804a92fdb4057192dc43dd748ea778adc52bc498ce80524c014b81119,00000000,,,,,False,,,,,,,,,,False,False
/a/1/3/3,/a/1/3/3!/member_00542,0,/a/1/3/3,262,542,,37676,37680,5928,5932,4,df3f619804a92fdb4057192dc43dd748ea778adc52bc498ce80524c014b81119,00000000,,,,,False,,,,,,,,,,False,False
/a/1/3/3,/a/1/3/3!/member_00543,0,/a/1/3/3,262,543,,37680,37692,5932,5944,12,99bd4017015886337ec64d270e64c19e92d619ae08362324c17713f0951756a4,050000000e00000000000000,,,,,False,,,,,,,,,,False,False
/a/1/3/3,/a/1/3/3!/member_00544,0,/a/1/3/3,262,544,,37692,37700,5944,5952,8,bf5b0e89f1caed18c8d6ff15d17ecc5c6e0c89510b4bc6d7b4b51d4ed30999cb,1900000000000000,,,,,False,,,,,,,,,,False,False
/a/1/3/3,/a/1/3/3!/member_00545,0,/a/1/3/3,262,545,,37700,37704,5952,5956,4,df3f619804a92fdb4057192dc43dd748ea778adc52bc498ce80524c014b81119,00000000,,,,,False,,,,,,,,,,False,False
/a/1/3/3,/a/1/3/3!/member_00546,0,/a/1/3/3,262,546,,37704,37708,5956,5960,4,df3f619804a92fdb4057192dc43dd748ea778adc52bc498ce80524c014b81119,00000000,,,,,False,,,,,,,,,,False,False
/a/1/3/3,/a/1/3/3!/member_00547,0,/a/1/3/3,262,547,,37708,37716,5960,5968,8,c69a9157638e69fb692d827383c3f27e586e0c98989cffdf8bd4c982ad837a4c,1700000000000000,,,,,False,,,,,,,,,,False,False
/a/1/3/3,/a/1/3/3!/member_00548,0,/a/1/3/3,262,548,,37716,37724,5968,5976,8,c69a9157638e69fb692d827383c3f27e586e0c98989cffdf8bd4c982ad837a4c,1700000000000000,,,,,False,,,,,,,,,,False,False
/a/1/3/3,/a/1/3/3!/member_00549,0,/a/1/3/3,262,549,,37724,37728,5976,5980,4,df3f619804a92fdb4057192dc43dd748ea778adc52bc498ce80524c014b81119,00000000,,,,,False,,,,,,,,,,False,False
/a/1/3/3,/a/1/3/3!/member_00550,0,/a/1/3/3,262,550,,37728,37732,5980,5984,4,df3f619804a92fdb4057192dc43dd748ea778adc52bc498ce80524c014b81119,00000000,,,,,False,,,,,,,,,,False,False
/a/1/3/3,/a/1/3/3!/member_00551,0,/a/1/3/3,262,551,,37732,37748,5984,6000,16,a90506a8b6d9bc3a599d473916338feb5eed0cb092869ff69c9e68be317056cb,050000000f0000001900000000000000,,,,,False,,,,,,,,,,False,False
/a/1/3/3,/a/1/3/3!/member_00552,0,/a/1/3/3,262,552,,37748,37768,6000,6020,20,6d4d48136ea00fa2d39b52a63d9b7585ecdc035ea0d5032d1f14c3d775c8501f,050000000f0000001000000019000000,,,,,False,,,,,,,,,,False,False
/a/1/3/3,/a/1/3/3!/member_00553,0,/a/1/3/3,262,553,,37768,37772,6020,6024,4,df3f619804a92fdb4057192dc43dd748ea778adc52bc498ce80524c014b81119,00000000,,,,,False,,,,,,,,,,False,False
/a/1/3/3,/a/1/3/3!/member_00554,0,/a/1/3/3,262,554,,37772,37780,6024,6032,8,bf5b0e89f1caed18c8d6ff15d17ecc5c6e0c89510b4bc6d7b4b51d4ed30999cb,1900000000000000,,,,,False,,,,,,,,,,False,False
/a/1/3/3,/a/1/3/3!/member_00555,0,/a/1/3/3,262,555,,37780,37784,6032,6036,4,df3f619804a92fdb4057192dc43dd748ea778adc52bc498ce80524c014b81119,00000000,,,,,False,,,,,,,,,,False,False
/a/1/3/3,/a/1/3/3!/member_00556,0,/a/1/3/3,262,556,,37784,37788,6036,6040,4,df3f619804a92fdb4057192dc43dd748ea778adc52bc498ce80524c014b81119,00000000,,,,,False,,,,,,,,,,False,False
/a/1/3/3,/a/1/3/3!/member_00557,0,/a/1/3/3,262,557,,37788,37812,6040,6064,24,a2d01b4c72ba8260654c0681cd0dbc32510d7c6037211f108b9261b1c9999dc9,02000000050000000e00000011000000,,,,,False,,,,,,,,,,False,False
/a/1/3/3,/a/1/3/3!/member_00558,0,/a/1/3/3,262,558,,37812,37820,6064,6072,8,bf5b0e89f1caed18c8d6ff15d17ecc5c6e0c89510b4bc6d7b4b51d4ed30999cb,1900000000000000,,,,,False,,,,,,,,,,False,False
/a/1/3/3,/a/1/3/3!/member_00559,0,/a/1/3/3,262,559,,37820,37824,6072,6076,4,df3f619804a92fdb4057192dc43dd748ea778adc52bc498ce80524c014b81119,00000000,,,,,False,,,,,,,,,,False,False
/a/1/3/3,/a/1/3/3!/member_00560,0,/a/1/3/3,262,560,,37824,37828,6076,6080,4,df3f619804a92fdb4057192dc43dd748ea778adc52bc498ce80524c014b81119,00000000,,,,,False,,,,,,,,,,False,False
/a/1/3/3,/a/1/3/3!/member_00561,0,/a/1/3/3,262,561,,37828,37836,6080,6088,8,bf5b0e89f1caed18c8d6ff15d17ecc5c6e0c89510b4bc6d7b4b51d4ed30999cb,1900000000000000,,,,,False,,,,,,,,,,False,False
/a/1/3/3,/a/1/3/3!/member_00562,0,/a/1/3/3,262,562,,37836,37840,6088,6092,4,df3f619804a92fdb4057192dc43dd748ea778adc52bc498ce80524c014b81119,00000000,,,,,False,,,,,,,,,,False,False
/a/1/3/3,/a/1/3/3!/member_00563,0,/a/1/3/3,262,563,,37840,37856,6092,6108,16,84f82cad20b1f117fc886ba7819c81903dae80dbb7ce8046b74f7165ef539824,0a000000120000001400000000000000,,,,,False,,,,,,,,,,False,False
/a/1/3/3,/a/1/3/3!/member_00564,0,/a/1/3/3,262,564,,37856,37876,6108,6128,20,dcffc5f031ecbde03c669dc05da4b2c37657599c7a4368d381d398c6eb6f67f9,0a000000120000001400000019000000,,,,,False,,,,,,,,,,False,False
/a/1/3/3,/a/1/3/3!/member_00565,0,/a/1/3/3,262,565,,37876,37880,6128,6132,4,df3f619804a92fdb4057192dc43dd748ea778adc52bc498ce80524c014b81119,00000000,,,,,False,,,,,,,,,,False,False
/a/1/3/3,/a/1/3/3!/member_00566,0,/a/1/3/3,262,566,,37880,37884,6132,6136,4,df3f619804a92fdb4057192dc43dd748ea778adc52bc498ce80524c014b81119,00000000,,,,,False,,,,,,,,,,False,False
/a/1/3/3,/a/1/3/3!/member_00567,0,/a/1/3/3,262,567,,37884,37888,6136,6140,4,df3f619804a92fdb4057192dc43dd748ea778adc52bc498ce80524c014b81119,00000000,,,,,False,,,,,,,,,,False,False
/a/1/3/3,/a/1/3/3!/member_00568,0,/a/1/3/3,262,568,,37888,37892,6140,6144,4,df3f619804a92fdb4057192dc43dd748ea778adc52bc498ce80524c014b81119,00000000,,,,,False,,,,,,,,,,False,False
/a/1/3/3,/a/1/3/3!/member_00569,0,/a/1/3/3,262,569,,37892,37904,6144,6156,12,b140bdf0aa92a23c7cb2cbe018597d801da6f009c8789b09307c26694647bff7,030000000900000000000000,,,,,False,,,,,,,,,,False,False
/a/1/3/3,/a/1/3/3!/member_00570,0,/a/1/3/3,262,570,,37904,37916,6156,6168,12,b140bdf0aa92a23c7cb2cbe018597d801da6f009c8789b09307c26694647bff7,030000000900000000000000,,,,,False,,,,,,,,,,False,False
/a/1/3/3,/a/1/3/3!/member_00571,0,/a/1/3/3,262,571,,37916,37956,6168,6208,40,424bc64540750889fec13fa2673396db8e8ff7901c5db65b8f284cee6060c576,02000000030000000a0000000d000000,,,,,False,,,,,,,,,,False,False
/a/1/3/3,/a/1/3/3!/member_00572,0,/a/1/3/3,262,572,,37956,37984,6208,6236,28,84cc92be8ab03d96ab5435b01578e420d7e03dd91ddefb0cba21ee13cfdc900e,0a0000000d0000001200000010000000,,,,,False,,,,,,,,,,False,False
/a/1/3/3,/a/1/3/3!/member_00573,0,/a/1/3/3,262,573,,37984,37988,6236,6240,4,df3f619804a92fdb4057192dc43dd748ea778adc52bc498ce80524c014b81119,00000000,,,,,False,,,,,,,,,,False,False
/a/1/3/3,/a/1/3/3!/member_00574,0,/a/1/3/3,262,574,,37988,37992,6240,6244,4,df3f619804a92fdb4057192dc43dd748ea778adc52bc498ce80524c014b81119,00000000,,,,,False,,,,,,,,,,False,False
/a/1/3/3,/a/1/3/3!/member_00575,0,/a/1/3/3,262,575,,37992,37996,6244,6248,4,df3f619804a92fdb4057192dc43dd748ea778adc52bc498ce80524c014b81119,00000000,,,,,False,,,,,,,,,,False,False
/a/1/3/3,/a/1/3/3!/member_00576,0,/a/1/3/3,262,576,,37996,38008,6248,6260,12,85bc2a6193c976c039403585b7c8d988b0e721d829a395c75bdfbc033a43ffd0,040000001600000000000000,,,,,False,,,,,,,,,,False,False
/a/1/3/3,/a/1/3/3!/member_00577,0,/a/1/3/3,262,577,,38008,38020,6260,6272,12,bdfbcb25b35cf8f2ef8cdb18caf26e691681ad231d7516bcad9aa0abf99f46de,040000000f00000000000000,,,,,False,,,,,,,,,,False,False
/a/1/3/3,/a/1/3/3!/member_00578,0,/a/1/3/3,262,578,,38020,38024,6272,6276,4,df3f619804a92fdb4057192dc43dd748ea778adc52bc498ce80524c014b81119,00000000,,,,,False,,,,,,,,,,False,False
/a/1/3/3,/a/1/3/3!/member_00579,0,/a/1/3/3,262,579,,38024,38032,6276,6284,8,bf5b0e89f1caed18c8d6ff15d17ecc5c6e0c89510b4bc6d7b4b51d4ed30999cb,1900000000000000,,,,,False,,,,,,,,,,False,False
/a/1/3/3,/a/1/3/3!/member_00580,0,/a/1/3/3,262,580,,38032,38036,6284,6288,4,df3f619804a92fdb4057192dc43dd748ea778adc52bc498ce80524c014b81119,00000000,,,,,False,,,,,,,,,,False,False
/a/1/3/3,/a/1/3/3!/member_00581,0,/a/1/3/3,262,581,,38036,38040,6288,6292,4,df3f619804a92fdb4057192dc43dd748ea778adc52bc498ce80524c014b81119,00000000,,,,,False,,,,,,,,,,False,False
/a/1/3/3,/a/1/3/3!/member_00582,0,/a/1/3/3,262,582,,38040,38044,6292,6296,4,df3f619804a92fdb4057192dc43dd748ea778adc52bc498ce80524c014b81119,00000000,,,,,False,,,,,,,,,,False,False
/a/1/3/3,/a/1/3/3!/member_00583,0,/a/1/3/3,262,583,,38044,38056,6296,6308,12,ed87e2e4b26f889278fa535234231e37ab161707f5f1731a035933ae9ad9594e,090000000f00000000000000,,,,,False,,,,,,,,,,False,False
/a/1/3/3,/a/1/3/3!/member_00584,0,/a/1/3/3,262,584,,38056,38064,6308,6316,8,a4bd89d0c3e16ec03c5436d0b9b8eb1a934beeac808447459e5ee2f9a23e97d7,0f00000000000000,,,,,False,,,,,,,,,,False,False
/a/1/3/3,/a/1/3/3!/member_00585,0,/a/1/3/3,262,585,,38064,38068,6316,6320,4,df3f619804a92fdb4057192dc43dd748ea778adc52bc498ce80524c014b81119,00000000,,,,,False,,,,,,,,,,False,False
/a/1/3/3,/a/1/3/3!/member_00586,0,/a/1/3/3,262,586,,38068,38072,6320,6324,4,df3f619804a92fdb4057192dc43dd748ea778adc52bc498ce80524c014b81119,00000000,,,,,False,,,,,,,,,,False,False
/a/1/3/3,/a/1/3/3!/member_00587,0,/a/1/3/3,262,587,,38072,38076,6324,6328,4,df3f619804a92fdb4057192dc43dd748ea778adc52bc498ce80524c014b81119,00000000,,,,,False,,,,,,,,,,False,False
/a/1/3/3,/a/1/3/3!/member_00588,0,/a/1/3/3,262,588,,38076,38080,6328,6332,4,df3f619804a92fdb4057192dc43dd748ea778adc52bc498ce80524c014b81119,00000000,,,,,False,,,,,,,,,,False,False
/a/1/3/3,/a/1/3/3!/member_00589,0,/a/1/3/3,262,589,,38080,38084,6332,6336,4,df3f619804a92fdb4057192dc43dd748ea778adc52bc498ce80524c014b81119,00000000,,,,,False,,,,,,,,,,False,False
/a/1/3/3,/a/1/3/3!/member_00590,0,/a/1/3/3,262,590,,38084,38088,6336,6340,4,df3f619804a92fdb4057192dc43dd748ea778adc52bc498ce80524c014b81119,00000000,,,,,False,,,,,,,,,,False,False
/a/1/3/3,/a/1/3/3!/member_00591,0,/a/1/3/3,262,591,,38088,38092,6340,6344,4,df3f619804a92fdb4057192dc43dd748ea778adc52bc498ce80524c014b81119,00000000,,,,,False,,,,,,,,,,False,False
/a/1/3/3,/a/1/3/3!/member_00592,0,/a/1/3/3,262,592,,38092,38116,6344,6368,24,5da8a40dea2f3a57116bdb19be3f088a9fbd4d265561faf2b2c0180f04d9b088,03000000120000001000000014000000,,,,,False,,,,,,,,,,False,False
/a/1/3/3,/a/1/3/3!/member_00593,0,/a/1/3/3,262,593,,38116,38120,6368,6372,4,df3f619804a92fdb4057192dc43dd748ea778adc52bc498ce80524c014b81119,00000000,,,,,False,,,,,,,,,,False,False
/a/1/3/3,/a/1/3/3!/member_00594,0,/a/1/3/3,262,594,,38120,38124,6372,6376,4,df3f619804a92fdb4057192dc43dd748ea778adc52bc498ce80524c014b81119,00000000,,,,,False,,,,,,,,,,False,False
/a/1/3/3,/a/1/3/3!/member_00595,0,/a/1/3/3,262,595,,38124,38144,6376,6396,20,326300b1fc8cedd804855f87c456750b5b53c0b4593d3eb707d118a1faa53d85,03000000090000000f00000012000000,,,,,False,,,,,,,,,,False,False
/a/1/3/3,/a/1/3/3!/member_00596,0,/a/1/3/3,262,596,,38144,38164,6396,6416,20,326300b1fc8cedd804855f87c456750b5b53c0b4593d3eb707d118a1faa53d85,03000000090000000f00000012000000,,,,,False,,,,,,,,,,False,False
/a/1/3/3,/a/1/3/3!/member_00597,0,/a/1/3/3,262,597,,38164,38168,6416,6420,4,df3f619804a92fdb4057192dc43dd748ea778adc52bc498ce80524c014b81119,00000000,,,,,False,,,,,,,,,,False,False
/a/1/3/3,/a/1/3/3!/member_00598,0,/a/1/3/3,262,598,,38168,38176,6420,6428,8,bf5b0e89f1caed18c8d6ff15d17ecc5c6e0c89510b4bc6d7b4b51d4ed30999cb,1900000000000000,,,,,False,,,,,,,,,,False,False
/a/1/3/3,/a/1/3/3!/member_00599,0,/a/1/3/3,262,599,,38176,38180,6428,6432,4,df3f619804a92fdb4057192dc43dd748ea778adc52bc498ce80524c014b81119,00000000,,,,,False,,,,,,,,,,False,False
/a/1/3/3,/a/1/3/3!/member_00600,0,/a/1/3/3,262,600,,38180,38184,6432,6436,4,df3f619804a92fdb4057192dc43dd748ea778adc52bc498ce80524c014b81119,00000000,,,,,False,,,,,,,,,,False,False
/a/1/3/3,/a/1/3/3!/member_00601,0,/a/1/3/3,262,601,,38184,38192,6436,6444,8,0c27700c82d333aa295692f1814040a962d7bc530253af661d97635dd5ed7af9,1400000000000000,,,,,False,,,,,,,,,,False,False
/a/1/3/3,/a/1/3/3!/member_00602,0,/a/1/3/3,262,602,,38192,38200,6444,6452,8,0c27700c82d333aa295692f1814040a962d7bc530253af661d97635dd5ed7af9,1400000000000000,,,,,False,,,,,,,,,,False,False
/a/1/3/3,/a/1/3/3!/member_00603,0,/a/1/3/3,262,603,,38200,38204,6452,6456,4,df3f619804a92fdb4057192dc43dd748ea778adc52bc498ce80524c014b81119,00000000,,,,,False,,,,,,,,,,False,False
/a/1/3/3,/a/1/3/3!/member_00604,0,/a/1/3/3,262,604,,38204,38208,6456,6460,4,df3f619804a92fdb4057192dc43dd748ea778adc52bc498ce80524c014b81119,00000000,,,,,False,,,,,,,,,,False,False
/a/1/3/3,/a/1/3/3!/member_00605,0,/a/1/3/3,262,605,,38208,38212,6460,6464,4,df3f619804a92fdb4057192dc43dd748ea778adc52bc498ce80524c014b81119,00000000,,,,,False,,,,,,,,,,False,False
/a/1/3/3,/a/1/3/3!/member_00606,0,/a/1/3/3,262,606,,38212,38220,6464,6472,8,aae89fc0f03e2959ae4d701a80cc3915918c950b159f6abb6c92c1433b1a8534,0700000000000000,,,,,False,,,,,,,,,,False,False
/a/1/3/3,/a/1/3/3!/member_00607,0,/a/1/3/3,262,607,,38220,38224,6472,6476,4,df3f619804a92fdb4057192dc43dd748ea778adc52bc498ce80524c014b81119,00000000,,,,,False,,,,,,,,,,False,False
/a/1/3/3,/a/1/3/3!/member_00608,0,/a/1/3/3,262,608,,38224,38232,6476,6484,8,debcea1f166010e428df48387304e45c0bf7843a1fa7f1beb38f852228df789b,1500000000000000,,,,,False,,,,,,,,,,False,False
/a/1/3/3,/a/1/3/3!/member_00609,0,/a/1/3/3,262,609,,38232,38236,6484,6488,4,df3f619804a92fdb4057192dc43dd748ea778adc52bc498ce80524c014b81119,00000000,,,,,False,,,,,,,,,,False,False
/a/1/3/3,/a/1/3/3!/member_00610,0,/a/1/3/3,262,610,,38236,38240,6488,6492,4,df3f619804a92fdb4057192dc43dd748ea778adc52bc498ce80524c014b81119,00000000,,,,,False,,,,,,,,,,False,False
/a/1/3/3,/a/1/3/3!/member_00611,0,/a/1/3/3,262,611,,38240,38244,6492,6496,4,df3f619804a92fdb4057192dc43dd748ea778adc52bc498ce80524c014b81119,00000000,,,,,False,,,,,,,,,,False,False
/a/1/3/3,/a/1/3/3!/member_00612,0,/a/1/3/3,262,612,,38244,38252,6496,6504,8,0c27700c82d333aa295692f1814040a962d7bc530253af661d97635dd5ed7af9,1400000000000000,,,,,False,,,,,,,,,,False,False
/a/1/3/3,/a/1/3/3!/member_00613,0,/a/1/3/3,262,613,,38252,38264,6504,6516,12,ed87e2e4b26f889278fa535234231e37ab161707f5f1731a035933ae9ad9594e,090000000f00000000000000,,,,,False,,,,,,,,,,False,False
/a/1/3/3,/a/1/3/3!/member_00614,0,/a/1/3/3,262,614,,38264,38276,6516,6528,12,ed87e2e4b26f889278fa535234231e37ab161707f5f1731a035933ae9ad9594e,090000000f00000000000000,,,,,False,,,,,,,,,,False,False
/a/1/3/3,/a/1/3/3!/member_00615,0,/a/1/3/3,262,615,,38276,38308,6528,6560,32,21c43c32fe72b688dc32a6048d9b7f0bd148cf500433aea050e842814e8ca5c0,03000000040000000a0000000d000000,,,,,False,,,,,,,,,,False,False
/a/1/3/3,/a/1/3/3!/member_00616,0,/a/1/3/3,262,616,,38308,38336,6560,6588,28,7c8f08d726908f204f25267c3e09d72a694f880fa73031d9484decf7c4b4b139,03000000040000000a0000000d000000,,,,,False,,,,,,,,,,False,False
/a/1/3/3,/a/1/3/3!/member_00617,0,/a/1/3/3,262,617,,38336,38340,6588,6592,4,df3f619804a92fdb4057192dc43dd748ea778adc52bc498ce80524c014b81119,00000000,,,,,False,,,,,,,,,,False,False
/a/1/3/3,/a/1/3/3!/member_00618,0,/a/1/3/3,262,618,,38340,38344,6592,6596,4,df3f619804a92fdb4057192dc43dd748ea778adc52bc498ce80524c014b81119,00000000,,,,,False,,,,,,,,,,False,False
/a/1/3/3,/a/1/3/3!/member_00619,0,/a/1/3/3,262,619,,38344,38348,6596,6600,4,df3f619804a92fdb4057192dc43dd748ea778adc52bc498ce80524c014b81119,00000000,,,,,False,,,,,,,,,,False,False
/a/1/3/3,/a/1/3/3!/member_00620,0,/a/1/3/3,262,620,,38348,38352,6600,6604,4,df3f619804a92fdb4057192dc43dd748ea778adc52bc498ce80524c014b81119,00000000,,,,,False,,,,,,,,,,False,False
/a/1/3/3,/a/1/3/3!/member_00621,0,/a/1/3/3,262,621,,38352,38364,6604,6616,12,fd8b761bed83ad95274224de5953686b81c867ff1421ab522dbfa225d273ab9f,0b0000000f00000000000000,,,,,False,,,,,,,,,,False,False
/a/1/3/3,/a/1/3/3!/member_00622,0,/a/1/3/3,262,622,,38364,38368,6616,6620,4,df3f619804a92fdb4057192dc43dd748ea778adc52bc498ce80524c014b81119,00000000,,,,,False,,,,,,,,,,False,False
/a/1/3/3,/a/1/3/3!/member_00623,0,/a/1/3/3,262,623,,38368,38376,6620,6628,8,aae89fc0f03e2959ae4d701a80cc3915918c950b159f6abb6c92c1433b1a8534,0700000000000000,,,,,False,,,,,,,,,,False,False
/a/1/3/3,/a/1/3/3!/member_00624,0,/a/1/3/3,262,624,,38376,38380,6628,6632,4,df3f619804a92fdb4057192dc43dd748ea778adc52bc498ce80524c014b81119,00000000,,,,,False,,,,,,,,,,False,False
/a/1/3/3,/a/1/3/3!/member_00625,0,/a/1/3/3,262,625,,38380,38384,6632,6636,4,df3f619804a92fdb4057192dc43dd748ea778adc52bc498ce80524c014b81119,00000000,,,,,False,,,,,,,,,,False,False
/a/1/3/3,/a/1/3/3!/member_00626,0,/a/1/3/3,262,626,,38384,38444,6636,6696,60,1b802a83b100ead333bc1b8317f70b197899f5ef908c9f9638819a39b5ea7691,02000000030000000400000005000000,,,,,False,,,,,,,,,,False,False
/a/1/3/3,/a/1/3/3!/member_00627,0,/a/1/3/3,262,627,,38444,38460,6696,6712,16,6835488cf1882011e0b9037cd262cfcfbcec0038a87fa981c5fc0b0fa70829ba,0f000000100000001900000000000000,,,,,False,,,,,,,,,,False,False
/a/1/3/3,/a/1/3/3!/member_00628,0,/a/1/3/3,262,628,,38460,38464,6712,6716,4,df3f619804a92fdb4057192dc43dd748ea778adc52bc498ce80524c014b81119,00000000,,,,,False,,,,,,,,,,False,False
/a/1/3/3,/a/1/3/3!/member_00629,0,/a/1/3/3,262,629,,38464,38472,6716,6724,8,bf5b0e89f1caed18c8d6ff15d17ecc5c6e0c89510b4bc6d7b4b51d4ed30999cb,1900000000000000,,,,,False,,,,,,,,,,False,False
/a/1/3/3,/a/1/3/3!/member_00630,0,/a/1/3/3,262,630,,38472,38476,6724,6728,4,df3f619804a92fdb4057192dc43dd748ea778adc52bc498ce80524c014b81119,00000000,,,,,False,,,,,,,,,,False,False
/a/1/3/3,/a/1/3/3!/member_00631,0,/a/1/3/3,262,631,,38476,38480,6728,6732,4,df3f619804a92fdb4057192dc43dd748ea778adc52bc498ce80524c014b81119,00000000,,,,,False,,,,,,,,,,False,False
/a/1/3/3,/a/1/3/3!/member_00632,0,/a/1/3/3,262,632,,38480,38484,6732,6736,4,df3f619804a92fdb4057192dc43dd748ea778adc52bc498ce80524c014b81119,00000000,,,,,False,,,,,,,,,,False,False
/a/1/3/3,/a/1/3/3!/member_00633,0,/a/1/3/3,262,633,,38484,38488,6736,6740,4,df3f619804a92fdb4057192dc43dd748ea778adc52bc498ce80524c014b81119,00000000,,,,,False,,,,,,,,,,False,False
/a/1/3/3,/a/1/3/3!/member_00634,0,/a/1/3/3,262,634,,38488,38492,6740,6744,4,df3f619804a92fdb4057192dc43dd748ea778adc52bc498ce80524c014b81119,00000000,,,,,False,,,,,,,,,,False,False
/a/1/3/3,/a/1/3/3!/member_00635,0,/a/1/3/3,262,635,,38492,38496,6744,6748,4,df3f619804a92fdb4057192dc43dd748ea778adc52bc498ce80524c014b81119,00000000,,,,,False,,,,,,,,,,False,False
/a/1/3/3,/a/1/3/3!/member_00636,0,/a/1/3/3,262,636,,38496,38500,6748,6752,4,df3f619804a92fdb4057192dc43dd748ea778adc52bc498ce80524c014b81119,00000000,,,,,False,,,,,,,,,,False,False
/a/1/3/3,/a/1/3/3!/member_00637,0,/a/1/3/3,262,637,,38500,38504,6752,6756,4,df3f619804a92fdb4057192dc43dd748ea778adc52bc498ce80524c014b81119,00000000,,,,,False,,,,,,,,,,False,False
/a/1/3/3,/a/1/3/3!/member_00638,0,/a/1/3/3,262,638,,38504,38508,6756,6760,4,df3f619804a92fdb4057192dc43dd748ea778adc52bc498ce80524c014b81119,00000000,,,,,False,,,,,,,,,,False,False
/a/1/3/3,/a/1/3/3!/member_00639,0,/a/1/3/3,262,639,,38508,38512,6760,6764,4,df3f619804a92fdb4057192dc43dd748ea778adc52bc498ce80524c014b81119,00000000,,,,,False,,,,,,,,,,False,False
/a/1/3/3,/a/1/3/3!/member_00640,0,/a/1/3/3,262,640,,38512,38516,6764,6768,4,df3f619804a92fdb4057192dc43dd748ea778adc52bc498ce80524c014b81119,00000000,,,,,False,,,,,,,,,,False,False
/a/1/3/3,/a/1/3/3!/member_00641,0,/a/1/3/3,262,641,,38516,38520,6768,6772,4,df3f619804a92fdb4057192dc43dd748ea778adc52bc498ce80524c014b81119,00000000,,,,,False,,,,,,,,,,False,False
/a/1/3/3,/a/1/3/3!/member_00642,0,/a/1/3/3,262,642,,38520,38524,6772,6776,4,df3f619804a92fdb4057192dc43dd748ea778adc52bc498ce80524c014b81119,00000000,,,,,False,,,,,,,,,,False,False
/a/1/3/3,/a/1/3/3!/member_00643,0,/a/1/3/3,262,643,,38524,38528,6776,6780,4,df3f619804a92fdb4057192dc43dd748ea778adc52bc498ce80524c014b81119,00000000,,,,,False,,,,,,,,,,False,False
/a/1/3/3,/a/1/3/3!/member_00644,0,/a/1/3/3,262,644,,38528,38536,6780,6788,8,220dde27afee4d537cac96d85d6546f825153b90e828931b74e103807541bc42,0c00000000000000,,,,,False,,,,,,,,,,False,False
/a/1/3/3,/a/1/3/3!/member_00645,0,/a/1/3/3,262,645,,38536,38544,6788,6796,8,220dde27afee4d537cac96d85d6546f825153b90e828931b74e103807541bc42,0c00000000000000,,,,,False,,,,,,,,,,False,False
/a/1/3/3,/a/1/3/3!/member_00646,0,/a/1/3/3,262,646,,38544,38548,6796,6800,4,df3f619804a92fdb4057192dc43dd748ea778adc52bc498ce80524c014b81119,00000000,,,,,False,,,,,,,,,,False,False
/a/1/3/3,/a/1/3/3!/member_00647,0,/a/1/3/3,262,647,,38548,38552,6800,6804,4,df3f619804a92fdb4057192dc43dd748ea778adc52bc498ce80524c014b81119,00000000,,,,,False,,,,,,,,,,False,False
/a/1/3/3,/a/1/3/3!/member_00648,0,/a/1/3/3,262,648,,38552,38556,6804,6808,4,df3f619804a92fdb4057192dc43dd748ea778adc52bc498ce80524c014b81119,00000000,,,,,False,,,,,,,,,,False,False
/a/1/3/3,/a/1/3/3!/member_00649,0,/a/1/3/3,262,649,,38556,38560,6808,6812,4,df3f619804a92fdb4057192dc43dd748ea778adc52bc498ce80524c014b81119,00000000,,,,,False,,,,,,,,,,False,False
/a/1/3/3,/a/1/3/3!/member_00650,0,/a/1/3/3,262,650,,38560,38564,6812,6816,4,df3f619804a92fdb4057192dc43dd748ea778adc52bc498ce80524c014b81119,00000000,,,,,False,,,,,,,,,,False,False
/a/1/3/3,/a/1/3/3!/member_00651,0,/a/1/3/3,262,651,,38564,38568,6816,6820,4,df3f619804a92fdb4057192dc43dd748ea778adc52bc498ce80524c014b81119,00000000,,,,,False,,,,,,,,,,False,False
/a/1/3/3,/a/1/3/3!/member_00652,0,/a/1/3/3,262,652,,38568,38572,6820,6824,4,df3f619804a92fdb4057192dc43dd748ea778adc52bc498ce80524c014b81119,00000000,,,,,False,,,,,,,,,,False,False
/a/1/3/3,/a/1/3/3!/member_00653,0,/a/1/3/3,262,653,,38572,38576,6824,6828,4,df3f619804a92fdb4057192dc43dd748ea778adc52bc498ce80524c014b81119,00000000,,,,,False,,,,,,,,,,False,False
/a/1/3/3,/a/1/3/3!/member_00654,0,/a/1/3/3,262,654,,38576,38580,6828,6832,4,df3f619804a92fdb4057192dc43dd748ea778adc52bc498ce80524c014b81119,00000000,,,,,False,,,,,,,,,,False,False
/a/1/3/3,/a/1/3/3!/member_00655,0,/a/1/3/3,262,655,,38580,38584,6832,6836,4,df3f619804a92fdb4057192dc43dd748ea778adc52bc498ce80524c014b81119,00000000,,,,,False,,,,,,,,,,False,False
/a/1/3/3,/a/1/3/3!/member_00656,0,/a/1/3/3,262,656,,38584,38588,6836,6840,4,df3f619804a92fdb4057192dc43dd748ea778adc52bc498ce80524c014b81119,00000000,,,,,False,,,,,,,,,,False,False
/a/1/3/3,/a/1/3/3!/member_00657,0,/a/1/3/3,262,657,,38588,38592,6840,6844,4,df3f619804a92fdb4057192dc43dd748ea778adc52bc498ce80524c014b81119,00000000,,,,,False,,,,,,,,,,False,False
/a/1/3/3,/a/1/3/3!/member_00658,0,/a/1/3/3,262,658,,38592,38596,6844,6848,4,df3f619804a92fdb4057192dc43dd748ea778adc52bc498ce80524c014b81119,00000000,,,,,False,,,,,,,,,,False,False
/a/1/3/3,/a/1/3/3!/member_00659,0,/a/1/3/3,262,659,,38596,38600,6848,6852,4,df3f619804a92fdb4057192dc43dd748ea778adc52bc498ce80524c014b81119,00000000,,,,,False,,,,,,,,,,False,False
/a/1/3/3,/a/1/3/3!/member_00660,0,/a/1/3/3,262,660,,38600,38604,6852,6856,4,df3f619804a92fdb4057192dc43dd748ea778adc52bc498ce80524c014b81119,00000000,,,,,False,,,,,,,,,,False,False
/a/1/3/3,/a/1/3/3!/member_00661,0,/a/1/3/3,262,661,,38604,38608,6856,6860,4,df3f619804a92fdb4057192dc43dd748ea778adc52bc498ce80524c014b81119,00000000,,,,,False,,,,,,,,,,False,False
/a/1/3/3,/a/1/3/3!/member_00662,0,/a/1/3/3,262,662,,38608,38612,6860,6864,4,df3f619804a92fdb4057192dc43dd748ea778adc52bc498ce80524c014b81119,00000000,,,,,False,,,,,,,,,,False,False
/a/1/3/3,/a/1/3/3!/member_00663,0,/a/1/3/3,262,663,,38612,38616,6864,6868,4,df3f619804a92fdb4057192dc43dd748ea778adc52bc498ce80524c014b81119,00000000,,,,,False,,,,,,,,,,False,False
/a/1/3/3,/a/1/3/3!/member_00664,0,/a/1/3/3,262,664,,38616,38620,6868,6872,4,df3f619804a92fdb4057192dc43dd748ea778adc52bc498ce80524c014b81119,00000000,,,,,False,,,,,,,,,,False,False
/a/1/3/3,/a/1/3/3!/member_00665,0,/a/1/3/3,262,665,,38620,38624,6872,6876,4,df3f619804a92fdb4057192dc43dd748ea778adc52bc498ce80524c014b81119,00000000,,,,,False,,,,,,,,,,False,False
/a/1/3/3,/a/1/3/3!/member_00666,0,/a/1/3/3,262,666,,38624,38628,6876,6880,4,df3f619804a92fdb4057192dc43dd748ea778adc52bc498ce80524c014b81119,00000000,,,,,False,,,,,,,,,,False,False
/a/1/3/3,/a/1/3/3!/member_00667,0,/a/1/3/3,262,667,,38628,38632,6880,6884,4,df3f619804a92fdb4057192dc43dd748ea778adc52bc498ce80524c014b81119,00000000,,,,,False,,,,,,,,,,False,False
/a/1/3/3,/a/1/3/3!/member_00668,0,/a/1/3/3,262,668,,38632,38636,6884,6888,4,df3f619804a92fdb4057192dc43dd748ea778adc52bc498ce80524c014b81119,00000000,,,,,False,,,,,,,,,,False,False
/a/1/3/3,/a/1/3/3!/member_00669,0,/a/1/3/3,262,669,,38636,38640,6888,6892,4,df3f619804a92fdb4057192dc43dd748ea778adc52bc498ce80524c014b81119,00000000,,,,,False,,,,,,,,,,False,False
/a/1/3/3,/a/1/3/3!/member_00670,0,/a/1/3/3,262,670,,38640,38644,6892,6896,4,df3f619804a92fdb4057192dc43dd748ea778adc52bc498ce80524c014b81119,00000000,,,,,False,,,,,,,,,,False,False
/a/1/3/3,/a/1/3/3!/member_00671,0,/a/1/3/3,262,671,,38644,38648,6896,6900,4,df3f619804a92fdb4057192dc43dd748ea778adc52bc498ce80524c014b81119,00000000,,,,,False,,,,,,,,,,False,False
/a/1/3/3,/a/1/3/3!/member_00672,0,/a/1/3/3,262,672,,38648,38652,6900,6904,4,df3f619804a92fdb4057192dc43dd748ea778adc52bc498ce80524c014b81119,00000000,,,,,False,,,,,,,,,,False,False
/a/1/3/3,/a/1/3/3!/member_00673,0,/a/1/3/3,262,673,,38652,38656,6904,6908,4,df3f619804a92fdb4057192dc43dd748ea778adc52bc498ce80524c014b81119,00000000,,,,,False,,,,,,,,,,False,False
/a/1/3/3,/a/1/3/3!/member_00674,0,/a/1/3/3,262,674,,38656,38664,6908,6916,8,d86e8112f3c4c4442126f8e9f44f16867da487f29052bf91b810457db34209a4,0200000000000000,,,,,False,,,,,,,,,,False,False
/a/1/3/3,/a/1/3/3!/member_00675,0,/a/1/3/3,262,675,,38664,38668,6916,6920,4,df3f619804a92fdb4057192dc43dd748ea778adc52bc498ce80524c014b81119,00000000,,,,,False,,,,,,,,,,False,False
/a/1/3/3,/a/1/3/3!/member_00676,0,/a/1/3/3,262,676,,38668,38672,6920,6924,4,df3f619804a92fdb4057192dc43dd748ea778adc52bc498ce80524c014b81119,00000000,,,,,False,,,,,,,,,,False,False
/a/1/3/3,/a/1/3/3!/member_00677,0,/a/1/3/3,262,677,,38672,38676,6924,6928,4,df3f619804a92fdb4057192dc43dd748ea778adc52bc498ce80524c014b81119,00000000,,,,,False,,,,,,,,,,False,False
/a/1/3/3,/a/1/3/3!/member_00678,0,/a/1/3/3,262,678,,38676,38680,6928,6932,4,df3f619804a92fdb4057192dc43dd748ea778adc52bc498ce80524c014b81119,00000000,,,,,False,,,,,,,,,,False,False
/a/1/3/3,/a/1/3/3!/member_00679,0,/a/1/3/3,262,679,,38680,38684,6932,6936,4,df3f619804a92fdb4057192dc43dd748ea778adc52bc498ce80524c014b81119,00000000,,,,,False,,,,,,,,,,False,False
/a/1/3/3,/a/1/3/3!/member_00680,0,/a/1/3/3,262,680,,38684,38692,6936,6944,8,a111f275cc2e7588000001d300a31e76336d15b9d314cd1a1d8f3d3556975eed,0a00000000000000,,,,,False,,,,,,,,,,False,False
/a/1/3/3,/a/1/3/3!/member_00681,0,/a/1/3/3,262,681,,38692,38696,6944,6948,4,df3f619804a92fdb4057192dc43dd748ea778adc52bc498ce80524c014b81119,00000000,,,,,False,,,,,,,,,,False,False
/a/1/3/3,/a/1/3/3!/member_00682,0,/a/1/3/3,262,682,,38696,38700,6948,6952,4,df3f619804a92fdb4057192dc43dd748ea778adc52bc498ce80524c014b81119,00000000,,,,,False,,,,,,,,,,False,False
/a/1/3/3,/a/1/3/3!/member_00683,0,/a/1/3/3,262,683,,38700,38704,6952,6956,4,df3f619804a92fdb4057192dc43dd748ea778adc52bc498ce80524c014b81119,00000000,,,,,False,,,,,,,,,,False,False
/a/1/3/3,/a/1/3/3!/member_00684,0,/a/1/3/3,262,684,,38704,38708,6956,6960,4,df3f619804a92fdb4057192dc43dd748ea778adc52bc498ce80524c014b81119,00000000,,,,,False,,,,,,,,,,False,False
/a/1/3/3,/a/1/3/3!/member_00685,0,/a/1/3/3,262,685,,38708,38712,6960,6964,4,df3f619804a92fdb4057192dc43dd748ea778adc52bc498ce80524c014b81119,00000000,,,,,False,,,,,,,,,,False,False
/a/1/3/3,/a/1/3/3!/member_00686,0,/a/1/3/3,262,686,,38712,38716,6964,6968,4,df3f619804a92fdb4057192dc43dd748ea778adc52bc498ce80524c014b81119,00000000,,,,,False,,,,,,,,,,False,False
/a/1/3/3,/a/1/3/3!/member_00687,0,/a/1/3/3,262,687,,38716,38720,6968,6972,4,df3f619804a92fdb4057192dc43dd748ea778adc52bc498ce80524c014b81119,00000000,,,,,False,,,,,,,,,,False,False
/a/1/3/3,/a/1/3/3!/member_00688,0,/a/1/3/3,262,688,,38720,38728,6972,6980,8,23d7f42b1cdc1f0d492ebd756ed0fe8003995dda554d99418d47a81813650207,0600000000000000,,,,,False,,,,,,,,,,False,False
/a/1/3/3,/a/1/3/3!/member_00689,0,/a/1/3/3,262,689,,38728,38732,6980,6984,4,df3f619804a92fdb4057192dc43dd748ea778adc52bc498ce80524c014b81119,00000000,,,,,False,,,,,,,,,,False,False
/a/1/3/3,/a/1/3/3!/member_00690,0,/a/1/3/3,262,690,,38732,38736,6984,6988,4,df3f619804a92fdb4057192dc43dd748ea778adc52bc498ce80524c014b81119,00000000,,,,,False,,,,,,,,,,False,False
/a/1/3/3,/a/1/3/3!/member_00691,0,/a/1/3/3,262,691,,38736,38756,6988,7008,20,1be241f2e27bcd167ed548baa406b291f7df2c29453154bbec04ebb366fcb040,02000000030000001100000012000000,,,,,False,,,,,,,,,,False,False
/a/1/3/3,/a/1/3/3!/member_00692,0,/a/1/3/3,262,692,,38756,38780,7008,7032,24,d6b12b5b8a9fa38323df9fa9b6adea1cdbe6967c23087862f55e95c399bbd746,02000000030000001000000011000000,,,,,False,,,,,,,,,,False,False
/a/1/3/3,/a/1/3/3!/member_00693,0,/a/1/3/3,262,693,,38780,38784,7032,7036,4,df3f619804a92fdb4057192dc43dd748ea778adc52bc498ce80524c014b81119,00000000,,,,,False,,,,,,,,,,False,False
/a/1/3/3,/a/1/3/3!/member_00694,0,/a/1/3/3,262,694,,38784,38788,7036,7040,4,df3f619804a92fdb4057192dc43dd748ea778adc52bc498ce80524c014b81119,00000000,,,,,False,,,,,,,,,,False,False
/a/1/3/3,/a/1/3/3!/member_00695,0,/a/1/3/3,262,695,,38788,38792,7040,7044,4,df3f619804a92fdb4057192dc43dd748ea778adc52bc498ce80524c014b81119,00000000,,,,,False,,,,,,,,,,False,False
/a/1/3/3,/a/1/3/3!/member_00696,0,/a/1/3/3,262,696,,38792,38796,7044,7048,4,df3f619804a92fdb4057192dc43dd748ea778adc52bc498ce80524c014b81119,00000000,,,,,False,,,,,,,,,,False,False
/a/1/3/3,/a/1/3/3!/member_00697,0,/a/1/3/3,262,697,,38796,38800,7048,7052,4,df3f619804a92fdb4057192dc43dd748ea778adc52bc498ce80524c014b81119,00000000,,,,,False,,,,,,,,,,False,False
/a/1/3/3,/a/1/3/3!/member_00698,0,/a/1/3/3,262,698,,38800,38808,7052,7060,8,d86e8112f3c4c4442126f8e9f44f16867da487f29052bf91b810457db34209a4,0200000000000000,,,,,False,,,,,,,,,,False,False
/a/1/3/3,/a/1/3/3!/member_00699,0,/a/1/3/3,262,699,,38808,38820,7060,7072,12,c89e40ccbf8b5a59ab469b6516e8421cc93b5d199fe6c76704b989353ddab570,0d0000001900000000000000,,,,,False,,,,,,,,,,False,False
/a/1/3/3,/a/1/3/3!/member_00700,0,/a/1/3/3,262,700,,38820,38824,7072,7076,4,df3f619804a92fdb4057192dc43dd748ea778adc52bc498ce80524c014b81119,00000000,,,,,False,,,,,,,,,,False,False
/a/1/3/3,/a/1/3/3!/member_00701,0,/a/1/3/3,262,701,,38824,38828,7076,7080,4,df3f619804a92fdb4057192dc43dd748ea778adc52bc498ce80524c014b81119,00000000,,,,,False,,,,,,,,,,False,False
/a/1/3/3,/a/1/3/3!/member_00702,0,/a/1/3/3,262,702,,38828,38832,7080,7084,4,df3f619804a92fdb4057192dc43dd748ea778adc52bc498ce80524c014b81119,00000000,,,,,False,,,,,,,,,,False,False
/a/1/3/3,/a/1/3/3!/member_00703,0,/a/1/3/3,262,703,,38832,38840,7084,7092,8,b0bd73e6922c0d2496dbcb99eac08eb5870090e59f6e06b1eb477d540002a5cd,0d00000000000000,,,,,False,,,,,,,,,,False,False
/a/1/3/3,/a/1/3/3!/member_00704,0,/a/1/3/3,262,704,,38840,38844,7092,7096,4,df3f619804a92fdb4057192dc43dd748ea778adc52bc498ce80524c014b81119,00000000,,,,,False,,,,,,,,,,False,False
/a/1/3/3,/a/1/3/3!/member_00705,0,/a/1/3/3,262,705,,38844,38856,7096,7108,12,0c01fe56a83e7c5c2b056a4b29ab08e42bfb7daac35d8fa5e4eb7bc1dad01fea,100000001200000000000000,,Nintendo LZ10,Probable,,True,Nintendo LZ10,Probable,True,18,False,,,,,False,False
/a/1/3/3,/a/1/3/3!/member_00706,0,/a/1/3/3,262,706,,38856,38860,7108,7112,4,df3f619804a92fdb4057192dc43dd748ea778adc52bc498ce80524c014b81119,00000000,,,,,False,,,,,,,,,,False,False
/a/1/3/3,/a/1/3/3!/member_00707,0,/a/1/3/3,262,707,,38860,38864,7112,7116,4,df3f619804a92fdb4057192dc43dd748ea778adc52bc498ce80524c014b81119,00000000,,,,,False,,,,,,,,,,False,False
/a/1/3/3,/a/1/3/3!/member_00708,0,/a/1/3/3,262,708,,38864,38868,7116,7120,4,df3f619804a92fdb4057192dc43dd748ea778adc52bc498ce80524c014b81119,00000000,,,,,False,,,,,,,,,,False,False
/a/1/3/3,/a/1/3/3!/member_00709,0,/a/1/3/3,262,709,,38868,38872,7120,7124,4,df3f619804a92fdb4057192dc43dd748ea778adc52bc498ce80524c014b81119,00000000,,,,,False,,,,,,,,,,False,False
/a/1/3/3,/a/1/3/3!/member_00710,0,/a/1/3/3,262,710,,38872,38876,7124,7128,4,df3f619804a92fdb4057192dc43dd748ea778adc52bc498ce80524c014b81119,00000000,,,,,False,,,,,,,,,,False,False
/a/1/3/3,/a/1/3/3!/member_00711,0,/a/1/3/3,262,711,,38876,38880,7128,7132,4,df3f619804a92fdb4057192dc43dd748ea778adc52bc498ce80524c014b81119,00000000,,,,,False,,,,,,,,,,False,False
/a/1/3/3,/a/1/3/3!/member_00712,0,/a/1/3/3,262,712,,38880,38888,7132,7140,8,5eb6da0e0e522104c6d50b0748e6893762f7f2c00a7163a46ccbb535bfd61a0d,1000000000000000,,Nintendo LZ10,Probable,,True,Nintendo LZ10,Confirmed,True,0,True,0,e3b0c44298fc1c149afbf4c8996fb92427ae41e4649b934ca495991b7852b855,,,False,False
/a/1/3/3,/a/1/3/3!/member_00713,0,/a/1/3/3,262,713,,38888,38892,7140,7144,4,df3f619804a92fdb4057192dc43dd748ea778adc52bc498ce80524c014b81119,00000000,,,,,False,,,,,,,,,,False,False
/a/1/3/3,/a/1/3/3!/member_00714,0,/a/1/3/3,262,714,,38892,38896,7144,7148,4,df3f619804a92fdb4057192dc43dd748ea778adc52bc498ce80524c014b81119,00000000,,,,,False,,,,,,,,,,False,False
/a/1/3/3,/a/1/3/3!/member_00715,0,/a/1/3/3,262,715,,38896,38900,7148,7152,4,df3f619804a92fdb4057192dc43dd748ea778adc52bc498ce80524c014b81119,00000000,,,,,False,,,,,,,,,,False,False
/a/1/3/3,/a/1/3/3!/member_00716,0,/a/1/3/3,262,716,,38900,38904,7152,7156,4,df3f619804a92fdb4057192dc43dd748ea778adc52bc498ce80524c014b81119,00000000,,,,,False,,,,,,,,,,False,False
/a/1/3/3,/a/1/3/3!/member_00717,0,/a/1/3/3,262,717,,38904,38912,7156,7164,8,5fd1b79ebdef9619a57916a3bfc264b54d37a792659b3693f8ab36ec3ebce448,0b00000000000000,,,,,False,,,,,,,,,,False,False
/a/1/3/3,/a/1/3/3!/member_00718,0,/a/1/3/3,262,718,,38912,38916,7164,7168,4,df3f619804a92fdb4057192dc43dd748ea778adc52bc498ce80524c014b81119,00000000,,,,,False,,,,,,,,,,False,False
/a/1/3/3,/a/1/3/3!/member_00719,0,/a/1/3/3,262,719,,38916,38924,7168,7176,8,35be322d094f9d154a8aba4733b8497f180353bd7ae7b0a15f90b586b549f28b,0300000000000000,,,,,False,,,,,,,,,,False,False
/a/1/3/3,/a/1/3/3!/member_00720,0,/a/1/3/3,262,720,,38924,38928,7176,7180,4,df3f619804a92fdb4057192dc43dd748ea778adc52bc498ce80524c014b81119,00000000,,,,,False,,,,,,,,,,False,False
/a/1/3/3,/a/1/3/3!/member_00721,0,/a/1/3/3,262,721,,38928,38932,7180,7184,4,df3f619804a92fdb4057192dc43dd748ea778adc52bc498ce80524c014b81119,00000000,,,,,False,,,,,,,,,,False,False
/a/1/3/3,/a/1/3/3!/member_00722,0,/a/1/3/3,262,722,,38932,38936,7184,7188,4,df3f619804a92fdb4057192dc43dd748ea778adc52bc498ce80524c014b81119,00000000,,,,,False,,,,,,,,,,False,False
/a/1/3/3,/a/1/3/3!/member_00723,0,/a/1/3/3,262,723,,38936,38940,7188,7192,4,df3f619804a92fdb4057192dc43dd748ea778adc52bc498ce80524c014b81119,00000000,,,,,False,,,,,,,,,,False,False
/a/1/3/3,/a/1/3/3!/member_00724,0,/a/1/3/3,262,724,,38940,38944,7192,7196,4,df3f619804a92fdb4057192dc43dd748ea778adc52bc498ce80524c014b81119,00000000,,,,,False,,,,,,,,,,False,False
/a/1/3/3,/a/1/3/3!/member_00725,0,/a/1/3/3,262,725,,38944,38948,7196,7200,4,df3f619804a92fdb4057192dc43dd748ea778adc52bc498ce80524c014b81119,00000000,,,,,False,,,,,,,,,,False,False
/a/1/3/3,/a/1/3/3!/member_00726,0,/a/1/3/3,262,726,,38948,38952,7200,7204,4,df3f619804a92fdb4057192dc43dd748ea778adc52bc498ce80524c014b81119,00000000,,,,,False,,,,,,,,,,False,False
/a/1/3/3,/a/1/3/3!/member_00727,0,/a/1/3/3,262,727,,38952,38956,7204,7208,4,df3f619804a92fdb4057192dc43dd748ea778adc52bc498ce80524c014b81119,00000000,,,,,False,,,,,,,,,,False,False
/a/1/3/3,/a/1/3/3!/member_00728,0,/a/1/3/3,262,728,,38956,38964,7208,7216,8,5eb6da0e0e522104c6d50b0748e6893762f7f2c00a7163a46ccbb535bfd61a0d,1000000000000000,,Nintendo LZ10,Probable,,True,Nintendo LZ10,Confirmed,True,0,True,0,e3b0c44298fc1c149afbf4c8996fb92427ae41e4649b934ca495991b7852b855,,,False,False
/a/1/3/3,/a/1/3/3!/member_00729,0,/a/1/3/3,262,729,,38964,38976,7216,7228,12,9dda6ccad5cd1d930c339c4e7dad520837801ac799d8c4f7a7fec9dc0136fbb8,100000001500000000000000,,Nintendo LZ10,Probable,,True,Nintendo LZ10,Probable,True,21,False,,,,,False,False
/a/1/3/3,/a/1/3/3!/member_00730,0,/a/1/3/3,262,730,,38976,38980,7228,7232,4,df3f619804a92fdb4057192dc43dd748ea778adc52bc498ce80524c014b81119,00000000,,,,,False,,,,,,,,,,False,False
/a/1/3/3,/a/1/3/3!/member_00731,0,/a/1/3/3,262,731,,38980,38984,7232,7236,4,df3f619804a92fdb4057192dc43dd748ea778adc52bc498ce80524c014b81119,00000000,,,,,False,,,,,,,,,,False,False
/a/1/3/3,/a/1/3/3!/member_00732,0,/a/1/3/3,262,732,,38984,38992,7236,7244,8,d86e8112f3c4c4442126f8e9f44f16867da487f29052bf91b810457db34209a4,0200000000000000,,,,,False,,,,,,,,,,False,False
/a/1/3/3,/a/1/3/3!/member_00733,0,/a/1/3/3,262,733,,38992,38996,7244,7248,4,df3f619804a92fdb4057192dc43dd748ea778adc52bc498ce80524c014b81119,00000000,,,,,False,,,,,,,,,,False,False
/a/1/3/3,/a/1/3/3!/member_00734,0,/a/1/3/3,262,734,,38996,39000,7248,7252,4,df3f619804a92fdb4057192dc43dd748ea778adc52bc498ce80524c014b81119,00000000,,,,,False,,,,,,,,,,False,False
/a/1/3/3,/a/1/3/3!/member_00735,0,/a/1/3/3,262,735,,39000,39004,7252,7256,4,df3f619804a92fdb4057192dc43dd748ea778adc52bc498ce80524c014b81119,00000000,,,,,False,,,,,,,,,,False,False
/a/1/3/3,/a/1/3/3!/member_00736,0,/a/1/3/3,262,736,,39004,39008,7256,7260,4,df3f619804a92fdb4057192dc43dd748ea778adc52bc498ce80524c014b81119,00000000,,,,,False,,,,,,,,,,False,False
/a/1/3/3,/a/1/3/3!/member_00737,0,/a/1/3/3,262,737,,39008,39012,7260,7264,4,df3f619804a92fdb4057192dc43dd748ea778adc52bc498ce80524c014b81119,00000000,,,,,False,,,,,,,,,,False,False
/a/1/3/3,/a/1/3/3!/member_00738,0,/a/1/3/3,262,738,,39012,39016,7264,7268,4,df3f619804a92fdb4057192dc43dd748ea778adc52bc498ce80524c014b81119,00000000,,,,,False,,,,,,,,,,False,False
/a/1/3/3,/a/1/3/3!/member_00739,0,/a/1/3/3,262,739,,39016,39020,7268,7272,4,df3f619804a92fdb4057192dc43dd748ea778adc52bc498ce80524c014b81119,00000000,,,,,False,,,,,,,,,,False,False
/a/1/3/3,/a/1/3/3!/member_00740,0,/a/1/3/3,262,740,,39020,39024,7272,7276,4,df3f619804a92fdb4057192dc43dd748ea778adc52bc498ce80524c014b81119,00000000,,,,,False,,,,,,,,,,False,False
/a/1/3/3,/a/1/3/3!/member_00741,0,/a/1/3/3,262,741,,39024,39028,7276,7280,4,df3f619804a92fdb4057192dc43dd748ea778adc52bc498ce80524c014b81119,00000000,,,,,False,,,,,,,,,,False,False
/a/1/3/3,/a/1/3/3!/member_00742,0,/a/1/3/3,262,742,,39028,39032,7280,7284,4,df3f619804a92fdb4057192dc43dd748ea778adc52bc498ce80524c014b81119,00000000,,,,,False,,,,,,,,,,False,False
/a/1/3/3,/a/1/3/3!/member_00743,0,/a/1/3/3,262,743,,39032,39040,7284,7292,8,5eb6da0e0e522104c6d50b0748e6893762f7f2c00a7163a46ccbb535bfd61a0d,1000000000000000,,Nintendo LZ10,Probable,,True,Nintendo LZ10,Confirmed,True,0,True,0,e3b0c44298fc1c149afbf4c8996fb92427ae41e4649b934ca495991b7852b855,,,False,False
/a/1/3/3,/a/1/3/3!/member_00744,0,/a/1/3/3,262,744,,39040,39048,7292,7300,8,5eb6da0e0e522104c6d50b0748e6893762f7f2c00a7163a46ccbb535bfd61a0d,1000000000000000,,Nintendo LZ10,Probable,,True,Nintendo LZ10,Confirmed,True,0,True,0,e3b0c44298fc1c149afbf4c8996fb92427ae41e4649b934ca495991b7852b855,,,False,False
/a/1/3/3,/a/1/3/3!/member_00745,0,/a/1/3/3,262,745,,39048,39052,7300,7304,4,df3f619804a92fdb4057192dc43dd748ea778adc52bc498ce80524c014b81119,00000000,,,,,False,,,,,,,,,,False,False
/a/1/3/3,/a/1/3/3!/member_00746,0,/a/1/3/3,262,746,,39052,39056,7304,7308,4,df3f619804a92fdb4057192dc43dd748ea778adc52bc498ce80524c014b81119,00000000,,,,,False,,,,,,,,,,False,False
/a/1/3/3,/a/1/3/3!/member_00747,0,/a/1/3/3,262,747,,39056,39060,7308,7312,4,df3f619804a92fdb4057192dc43dd748ea778adc52bc498ce80524c014b81119,00000000,,,,,False,,,,,,,,,,False,False
/a/1/3/3,/a/1/3/3!/member_00748,0,/a/1/3/3,262,748,,39060,39064,7312,7316,4,df3f619804a92fdb4057192dc43dd748ea778adc52bc498ce80524c014b81119,00000000,,,,,False,,,,,,,,,,False,False
/a/1/3/3,/a/1/3/3!/member_00749,0,/a/1/3/3,262,749,,39064,39068,7316,7320,4,df3f619804a92fdb4057192dc43dd748ea778adc52bc498ce80524c014b81119,00000000,,,,,False,,,,,,,,,,False,False
/a/1/3/3,/a/1/3/3!/member_00750,0,/a/1/3/3,262,750,,39068,39072,7320,7324,4,df3f619804a92fdb4057192dc43dd748ea778adc52bc498ce80524c014b81119,00000000,,,,,False,,,,,,,,,,False,False
/a/1/3/3,/a/1/3/3!/member_00751,0,/a/1/3/3,262,751,,39072,39076,7324,7328,4,df3f619804a92fdb4057192dc43dd748ea778adc52bc498ce80524c014b81119,00000000,,,,,False,,,,,,,,,,False,False
/a/1/3/3,/a/1/3/3!/member_00752,0,/a/1/3/3,262,752,,39076,39080,7328,7332,4,df3f619804a92fdb4057192dc43dd748ea778adc52bc498ce80524c014b81119,00000000,,,,,False,,,,,,,,,,False,False
/a/1/3/3,/a/1/3/3!/member_00753,0,/a/1/3/3,262,753,,39080,39084,7332,7336,4,df3f619804a92fdb4057192dc43dd748ea778adc52bc498ce80524c014b81119,00000000,,,,,False,,,,,,,,,,False,False
/a/1/3/3,/a/1/3/3!/member_00754,0,/a/1/3/3,262,754,,39084,39088,7336,7340,4,df3f619804a92fdb4057192dc43dd748ea778adc52bc498ce80524c014b81119,00000000,,,,,False,,,,,,,,,,False,False
/a/1/3/3,/a/1/3/3!/member_00755,0,/a/1/3/3,262,755,,39088,39092,7340,7344,4,df3f619804a92fdb4057192dc43dd748ea778adc52bc498ce80524c014b81119,00000000,,,,,False,,,,,,,,,,False,False
/a/1/3/3,/a/1/3/3!/member_00756,0,/a/1/3/3,262,756,,39092,39096,7344,7348,4,df3f619804a92fdb4057192dc43dd748ea778adc52bc498ce80524c014b81119,00000000,,,,,False,,,,,,,,,,False,False
/a/1/3/3,/a/1/3/3!/member_00757,0,/a/1/3/3,262,757,,39096,39100,7348,7352,4,df3f619804a92fdb4057192dc43dd748ea778adc52bc498ce80524c014b81119,00000000,,,,,False,,,,,,,,,,False,False
/a/1/3/3,/a/1/3/3!/member_00758,0,/a/1/3/3,262,758,,39100,39104,7352,7356,4,df3f619804a92fdb4057192dc43dd748ea778adc52bc498ce80524c014b81119,00000000,,,,,False,,,,,,,,,,False,False
/a/1/3/3,/a/1/3/3!/member_00759,0,/a/1/3/3,262,759,,39104,39108,7356,7360,4,df3f619804a92fdb4057192dc43dd748ea778adc52bc498ce80524c014b81119,00000000,,,,,False,,,,,,,,,,False,False
/a/1/3/3,/a/1/3/3!/member_00760,0,/a/1/3/3,262,760,,39108,39112,7360,7364,4,df3f619804a92fdb4057192dc43dd748ea778adc52bc498ce80524c014b81119,00000000,,,,,False,,,,,,,,,,False,False
/a/1/3/3,/a/1/3/3!/member_00761,0,/a/1/3/3,262,761,,39112,39116,7364,7368,4,df3f619804a92fdb4057192dc43dd748ea778adc52bc498ce80524c014b81119,00000000,,,,,False,,,,,,,,,,False,False
/a/1/3/3,/a/1/3/3!/member_00762,0,/a/1/3/3,262,762,,39116,39120,7368,7372,4,df3f619804a92fdb4057192dc43dd748ea778adc52bc498ce80524c014b81119,00000000,,,,,False,,,,,,,,,,False,False
/a/1/3/3,/a/1/3/3!/member_00763,0,/a/1/3/3,262,763,,39120,39124,7372,7376,4,df3f619804a92fdb4057192dc43dd748ea778adc52bc498ce80524c014b81119,00000000,,,,,False,,,,,,,,,,False,False
/a/1/3/3,/a/1/3/3!/member_00764,0,/a/1/3/3,262,764,,39124,39128,7376,7380,4,df3f619804a92fdb4057192dc43dd748ea778adc52bc498ce80524c014b81119,00000000,,,,,False,,,,,,,,,,False,False
/a/1/3/3,/a/1/3/3!/member_00765,0,/a/1/3/3,262,765,,39128,39132,7380,7384,4,df3f619804a92fdb4057192dc43dd748ea778adc52bc498ce80524c014b81119,00000000,,,,,False,,,,,,,,,,False,False
/a/1/3/3,/a/1/3/3!/member_00766,0,/a/1/3/3,262,766,,39132,39136,7384,7388,4,df3f619804a92fdb4057192dc43dd748ea778adc52bc498ce80524c014b81119,00000000,,,,,False,,,,,,,,,,False,False
/a/1/3/3,/a/1/3/3!/member_00767,0,/a/1/3/3,262,767,,39136,39140,7388,7392,4,df3f619804a92fdb4057192dc43dd748ea778adc52bc498ce80524c014b81119,00000000,,,,,False,,,,,,,,,,False,False
/a/1/3/3,/a/1/3/3!/member_00768,0,/a/1/3/3,262,768,,39140,39144,7392,7396,4,df3f619804a92fdb4057192dc43dd748ea778adc52bc498ce80524c014b81119,00000000,,,,,False,,,,,,,,,,False,False
/a/1/3/3,/a/1/3/3!/member_00769,0,/a/1/3/3,262,769,,39144,39148,7396,7400,4,df3f619804a92fdb4057192dc43dd748ea778adc52bc498ce80524c014b81119,00000000,,,,,False,,,,,,,,,,False,False
/a/1/3/3,/a/1/3/3!/member_00770,0,/a/1/3/3,262,770,,39148,39152,7400,7404,4,df3f619804a92fdb4057192dc43dd748ea778adc52bc498ce80524c014b81119,00000000,,,,,False,,,,,,,,,,False,False
/a/1/3/3,/a/1/3/3!/member_00771,0,/a/1/3/3,262,771,,39152,39156,7404,7408,4,df3f619804a92fdb4057192dc43dd748ea778adc52bc498ce80524c014b81119,00000000,,,,,False,,,,,,,,,,False,False
/a/1/3/3,/a/1/3/3!/member_00772,0,/a/1/3/3,262,772,,39156,39160,7408,7412,4,df3f619804a92fdb4057192dc43dd748ea778adc52bc498ce80524c014b81119,00000000,,,,,False,,,,,,,,,,False,False
/a/1/3/3,/a/1/3/3!/member_00773,0,/a/1/3/3,262,773,,39160,39164,7412,7416,4,df3f619804a92fdb4057192dc43dd748ea778adc52bc498ce80524c014b81119,00000000,,,,,False,,,,,,,,,,False,False
/a/1/3/3,/a/1/3/3!/member_00774,0,/a/1/3/3,262,774,,39164,39168,7416,7420,4,df3f619804a92fdb4057192dc43dd748ea778adc52bc498ce80524c014b81119,00000000,,,,,False,,,,,,,,,,False,False
/a/1/3/3,/a/1/3/3!/member_00775,0,/a/1/3/3,262,775,,39168,39172,7420,7424,4,df3f619804a92fdb4057192dc43dd748ea778adc52bc498ce80524c014b81119,00000000,,,,,False,,,,,,,,,,False,False
/a/1/3/3,/a/1/3/3!/member_00776,0,/a/1/3/3,262,776,,39172,39176,7424,7428,4,df3f619804a92fdb4057192dc43dd748ea778adc52bc498ce80524c014b81119,00000000,,,,,False,,,,,,,,,,False,False
/a/1/3/3,/a/1/3/3!/member_00777,0,/a/1/3/3,262,777,,39176,39180,7428,7432,4,df3f619804a92fdb4057192dc43dd748ea778adc52bc498ce80524c014b81119,00000000,,,,,False,,,,,,,,,,False,False
/a/1/3/3,/a/1/3/3!/member_00778,0,/a/1/3/3,262,778,,39180,39184,7432,7436,4,df3f619804a92fdb4057192dc43dd748ea778adc52bc498ce80524c014b81119,00000000,,,,,False,,,,,,,,,,False,False
/a/1/3/3,/a/1/3/3!/member_00779,0,/a/1/3/3,262,779,,39184,39188,7436,7440,4,df3f619804a92fdb4057192dc43dd748ea778adc52bc498ce80524c014b81119,00000000,,,,,False,,,,,,,,,,False,False
/a/1/3/3,/a/1/3/3!/member_00780,0,/a/1/3/3,262,780,,39188,39192,7440,7444,4,df3f619804a92fdb4057192dc43dd748ea778adc52bc498ce80524c014b81119,00000000,,,,,False,,,,,,,,,,False,False
/a/1/3/3,/a/1/3/3!/member_00781,0,/a/1/3/3,262,781,,39192,39196,7444,7448,4,df3f619804a92fdb4057192dc43dd748ea778adc52bc498ce80524c014b81119,00000000,,,,,False,,,,,,,,,,False,False
/a/1/3/3,/a/1/3/3!/member_00782,0,/a/1/3/3,262,782,,39196,39200,7448,7452,4,df3f619804a92fdb4057192dc43dd748ea778adc52bc498ce80524c014b81119,00000000,,,,,False,,,,,,,,,,False,False
/a/1/3/3,/a/1/3/3!/member_00783,0,/a/1/3/3,262,783,,39200,39204,7452,7456,4,df3f619804a92fdb4057192dc43dd748ea778adc52bc498ce80524c014b81119,00000000,,,,,False,,,,,,,,,,False,False
/a/1/3/3,/a/1/3/3!/member_00784,0,/a/1/3/3,262,784,,39204,39208,7456,7460,4,df3f619804a92fdb4057192dc43dd748ea778adc52bc498ce80524c014b81119,00000000,,,,,False,,,,,,,,,,False,False
/a/1/3/3,/a/1/3/3!/member_00785,0,/a/1/3/3,262,785,,39208,39212,7460,7464,4,df3f619804a92fdb4057192dc43dd748ea778adc52bc498ce80524c014b81119,00000000,,,,,False,,,,,,,,,,False,False
/a/1/3/3,/a/1/3/3!/member_00786,0,/a/1/3/3,262,786,,39212,39216,7464,7468,4,df3f619804a92fdb4057192dc43dd748ea778adc52bc498ce80524c014b81119,00000000,,,,,False,,,,,,,,,,False,False
/a/1/3/3,/a/1/3/3!/member_00787,0,/a/1/3/3,262,787,,39216,39220,7468,7472,4,df3f619804a92fdb4057192dc43dd748ea778adc52bc498ce80524c014b81119,00000000,,,,,False,,,,,,,,,,False,False
/a/1/3/3,/a/1/3/3!/member_00788,0,/a/1/3/3,262,788,,39220,39224,7472,7476,4,df3f619804a92fdb4057192dc43dd748ea778adc52bc498ce80524c014b81119,00000000,,,,,False,,,,,,,,,,False,False
/a/1/3/3,/a/1/3/3!/member_00789,0,/a/1/3/3,262,789,,39224,39228,7476,7480,4,df3f619804a92fdb4057192dc43dd748ea778adc52bc498ce80524c014b81119,00000000,,,,,False,,,,,,,,,,False,False
/a/1/3/3,/a/1/3/3!/member_00790,0,/a/1/3/3,262,790,,39228,39232,7480,7484,4,df3f619804a92fdb4057192dc43dd748ea778adc52bc498ce80524c014b81119,00000000,,,,,False,,,,,,,,,,False,False
/a/1/3/3,/a/1/3/3!/member_00791,0,/a/1/3/3,262,791,,39232,39236,7484,7488,4,df3f619804a92fdb4057192dc43dd748ea778adc52bc498ce80524c014b81119,00000000,,,,,False,,,,,,,,,,False,False
/a/1/3/3,/a/1/3/3!/member_00792,0,/a/1/3/3,262,792,,39236,39240,7488,7492,4,df3f619804a92fdb4057192dc43dd748ea778adc52bc498ce80524c014b81119,00000000,,,,,False,,,,,,,,,,False,False
/a/1/3/3,/a/1/3/3!/member_00793,0,/a/1/3/3,262,793,,39240,39244,7492,7496,4,df3f619804a92fdb4057192dc43dd748ea778adc52bc498ce80524c014b81119,00000000,,,,,False,,,,,,,,,,False,False
/a/1/3/3,/a/1/3/3!/member_00794,0,/a/1/3/3,262,794,,39244,39248,7496,7500,4,df3f619804a92fdb4057192dc43dd748ea778adc52bc498ce80524c014b81119,00000000,,,,,False,,,,,,,,,,False,False
/a/1/3/3,/a/1/3/3!/member_00795,0,/a/1/3/3,262,795,,39248,39252,7500,7504,4,df3f619804a92fdb4057192dc43dd748ea778adc52bc498ce80524c014b81119,00000000,,,,,False,,,,,,,,,,False,False
/a/1/3/3,/a/1/3/3!/member_00796,0,/a/1/3/3,262,796,,39252,39256,7504,7508,4,df3f619804a92fdb4057192dc43dd748ea778adc52bc498ce80524c014b81119,00000000,,,,,False,,,,,,,,,,False,False
/a/1/3/3,/a/1/3/3!/member_00797,0,/a/1/3/3,262,797,,39256,39260,7508,7512,4,df3f619804a92fdb4057192dc43dd748ea778adc52bc498ce80524c014b81119,00000000,,,,,False,,,,,,,,,,False,False
/a/1/3/3,/a/1/3/3!/member_00798,0,/a/1/3/3,262,798,,39260,39264,7512,7516,4,df3f619804a92fdb4057192dc43dd748ea778adc52bc498ce80524c014b81119,00000000,,,,,False,,,,,,,,,,False,False
/a/1/3/3,/a/1/3/3!/member_00799,0,/a/1/3/3,262,799,,39264,39268,7516,7520,4,df3f619804a92fdb4057192dc43dd748ea778adc52bc498ce80524c014b81119,00000000,,,,,False,,,,,,,,,,False,False
/a/1/3/3,/a/1/3/3!/member_00800,0,/a/1/3/3,262,800,,39268,39272,7520,7524,4,df3f619804a92fdb4057192dc43dd748ea778adc52bc498ce80524c014b81119,00000000,,,,,False,,,,,,,,,,False,False
/a/1/3/3,/a/1/3/3!/member_00801,0,/a/1/3/3,262,801,,39272,39276,7524,7528,4,df3f619804a92fdb4057192dc43dd748ea778adc52bc498ce80524c014b81119,00000000,,,,,False,,,,,,,,,,False,False
/a/1/3/3,/a/1/3/3!/member_00802,0,/a/1/3/3,262,802,,39276,39280,7528,7532,4,df3f619804a92fdb4057192dc43dd748ea778adc52bc498ce80524c014b81119,00000000,,,,,False,,,,,,,,,,False,False
/a/1/3/3,/a/1/3/3!/member_00803,0,/a/1/3/3,262,803,,39280,39284,7532,7536,4,df3f619804a92fdb4057192dc43dd748ea778adc52bc498ce80524c014b81119,00000000,,,,,False,,,,,,,,,,False,False
/a/1/3/3,/a/1/3/3!/member_00804,0,/a/1/3/3,262,804,,39284,39288,7536,7540,4,df3f619804a92fdb4057192dc43dd748ea778adc52bc498ce80524c014b81119,00000000,,,,,False,,,,,,,,,,False,False
/a/1/3/3,/a/1/3/3!/member_00805,0,/a/1/3/3,262,805,,39288,39292,7540,7544,4,df3f619804a92fdb4057192dc43dd748ea778adc52bc498ce80524c014b81119,00000000,,,,,False,,,,,,,,,,False,False
/a/1/3/3,/a/1/3/3!/member_00806,0,/a/1/3/3,262,806,,39292,39296,7544,7548,4,df3f619804a92fdb4057192dc43dd748ea778adc52bc498ce80524c014b81119,00000000,,,,,False,,,,,,,,,,False,False
/a/1/3/3,/a/1/3/3!/member_00807,0,/a/1/3/3,262,807,,39296,39300,7548,7552,4,df3f619804a92fdb4057192dc43dd748ea778adc52bc498ce80524c014b81119,00000000,,,,,False,,,,,,,,,,False,False
/a/1/3/3,/a/1/3/3!/member_00808,0,/a/1/3/3,262,808,,39300,39304,7552,7556,4,df3f619804a92fdb4057192dc43dd748ea778adc52bc498ce80524c014b81119,00000000,,,,,False,,,,,,,,,,False,False
/a/1/3/3,/a/1/3/3!/member_00809,0,/a/1/3/3,262,809,,39304,39308,7556,7560,4,df3f619804a92fdb4057192dc43dd748ea778adc52bc498ce80524c014b81119,00000000,,,,,False,,,,,,,,,,False,False
/a/1/3/3,/a/1/3/3!/member_00810,0,/a/1/3/3,262,810,,39308,39312,7560,7564,4,df3f619804a92fdb4057192dc43dd748ea778adc52bc498ce80524c014b81119,00000000,,,,,False,,,,,,,,,,False,False
/a/1/3/3,/a/1/3/3!/member_00811,0,/a/1/3/3,262,811,,39312,39316,7564,7568,4,df3f619804a92fdb4057192dc43dd748ea778adc52bc498ce80524c014b81119,00000000,,,,,False,,,,,,,,,,False,False
/a/1/3/3,/a/1/3/3!/member_00812,0,/a/1/3/3,262,812,,39316,39320,7568,7572,4,df3f619804a92fdb4057192dc43dd748ea778adc52bc498ce80524c014b81119,00000000,,,,,False,,,,,,,,,,False,False
/a/1/3/3,/a/1/3/3!/member_00813,0,/a/1/3/3,262,813,,39320,39324,7572,7576,4,df3f619804a92fdb4057192dc43dd748ea778adc52bc498ce80524c014b81119,00000000,,,,,False,,,,,,,,,,False,False
/a/1/3/3,/a/1/3/3!/member_00814,0,/a/1/3/3,262,814,,39324,39328,7576,7580,4,df3f619804a92fdb4057192dc43dd748ea778adc52bc498ce80524c014b81119,00000000,,,,,False,,,,,,,,,,False,False
/a/1/3/3,/a/1/3/3!/member_00815,0,/a/1/3/3,262,815,,39328,39332,7580,7584,4,df3f619804a92fdb4057192dc43dd748ea778adc52bc498ce80524c014b81119,00000000,,,,,False,,,,,,,,,,False,False
/a/1/3/3,/a/1/3/3!/member_00816,0,/a/1/3/3,262,816,,39332,39336,7584,7588,4,df3f619804a92fdb4057192dc43dd748ea778adc52bc498ce80524c014b81119,00000000,,,,,False,,,,,,,,,,False,False
/a/1/3/3,/a/1/3/3!/member_00817,0,/a/1/3/3,262,817,,39336,39340,7588,7592,4,df3f619804a92fdb4057192dc43dd748ea778adc52bc498ce80524c014b81119,00000000,,,,,False,,,,,,,,,,False,False
/a/1/3/3,/a/1/3/3!/member_00818,0,/a/1/3/3,262,818,,39340,39344,7592,7596,4,df3f619804a92fdb4057192dc43dd748ea778adc52bc498ce80524c014b81119,00000000,,,,,False,,,,,,,,,,False,False
/a/1/3/3,/a/1/3/3!/member_00819,0,/a/1/3/3,262,819,,39344,39348,7596,7600,4,df3f619804a92fdb4057192dc43dd748ea778adc52bc498ce80524c014b81119,00000000,,,,,False,,,,,,,,,,False,False
/a/1/3/3,/a/1/3/3!/member_00820,0,/a/1/3/3,262,820,,39348,39352,7600,7604,4,df3f619804a92fdb4057192dc43dd748ea778adc52bc498ce80524c014b81119,00000000,,,,,False,,,,,,,,,,False,False
/a/1/3/3,/a/1/3/3!/member_00821,0,/a/1/3/3,262,821,,39352,39356,7604,7608,4,df3f619804a92fdb4057192dc43dd748ea778adc52bc498ce80524c014b81119,00000000,,,,,False,,,,,,,,,,False,False
/a/1/3/3,/a/1/3/3!/member_00822,0,/a/1/3/3,262,822,,39356,39360,7608,7612,4,df3f619804a92fdb4057192dc43dd748ea778adc52bc498ce80524c014b81119,00000000,,,,,False,,,,,,,,,,False,False
/a/1/3/3,/a/1/3/3!/member_00823,0,/a/1/3/3,262,823,,39360,39364,7612,7616,4,df3f619804a92fdb4057192dc43dd748ea778adc52bc498ce80524c014b81119,00000000,,,,,False,,,,,,,,,,False,False
/a/1/3/3,/a/1/3/3!/member_00824,0,/a/1/3/3,262,824,,39364,39368,7616,7620,4,df3f619804a92fdb4057192dc43dd748ea778adc52bc498ce80524c014b81119,00000000,,,,,False,,,,,,,,,,False,False
/a/1/3/3,/a/1/3/3!/member_00825,0,/a/1/3/3,262,825,,39368,39372,7620,7624,4,df3f619804a92fdb4057192dc43dd748ea778adc52bc498ce80524c014b81119,00000000,,,,,False,,,,,,,,,,False,False
/a/1/3/3,/a/1/3/3!/member_00826,0,/a/1/3/3,262,826,,39372,39376,7624,7628,4,df3f619804a92fdb4057192dc43dd748ea778adc52bc498ce80524c014b81119,00000000,,,,,False,,,,,,,,,,False,False
/a/1/3/3,/a/1/3/3!/member_00827,0,/a/1/3/3,262,827,,39376,39380,7628,7632,4,df3f619804a92fdb4057192dc43dd748ea778adc52bc498ce80524c014b81119,00000000,,,,,False,,,,,,,,,,False,False
/a/1/3/3,/a/1/3/3!/member_00828,0,/a/1/3/3,262,828,,39380,39384,7632,7636,4,df3f619804a92fdb4057192dc43dd748ea778adc52bc498ce80524c014b81119,00000000,,,,,False,,,,,,,,,,False,False
/a/1/3/3,/a/1/3/3!/member_00829,0,/a/1/3/3,262,829,,39384,39388,7636,7640,4,df3f619804a92fdb4057192dc43dd748ea778adc52bc498ce80524c014b81119,00000000,,,,,False,,,,,,,,,,False,False
/a/1/3/3,/a/1/3/3!/member_00830,0,/a/1/3/3,262,830,,39388,39392,7640,7644,4,df3f619804a92fdb4057192dc43dd748ea778adc52bc498ce80524c014b81119,00000000,,,,,False,,,,,,,,,,False,False
/a/1/3/3,/a/1/3/3!/member_00831,0,/a/1/3/3,262,831,,39392,39396,7644,7648,4,df3f619804a92fdb4057192dc43dd748ea778adc52bc498ce80524c014b81119,00000000,,,,,False,,,,,,,,,,False,False
/a/1/3/3,/a/1/3/3!/member_00832,0,/a/1/3/3,262,832,,39396,39400,7648,7652,4,df3f619804a92fdb4057192dc43dd748ea778adc52bc498ce80524c014b81119,00000000,,,,,False,,,,,,,,,,False,False
/a/1/3/3,/a/1/3/3!/member_00833,0,/a/1/3/3,262,833,,39400,39404,7652,7656,4,df3f619804a92fdb4057192dc43dd748ea778adc52bc498ce80524c014b81119,00000000,,,,,False,,,,,,,,,,False,False
/a/1/3/3,/a/1/3/3!/member_00834,0,/a/1/3/3,262,834,,39404,39408,7656,7660,4,df3f619804a92fdb4057192dc43dd748ea778adc52bc498ce80524c014b81119,00000000,,,,,False,,,,,,,,,,False,False
/a/1/3/3,/a/1/3/3!/member_00835,0,/a/1/3/3,262,835,,39408,39412,7660,7664,4,df3f619804a92fdb4057192dc43dd748ea778adc52bc498ce80524c014b81119,00000000,,,,,False,,,,,,,,,,False,False
/a/1/3/3,/a/1/3/3!/member_00836,0,/a/1/3/3,262,836,,39412,39416,7664,7668,4,df3f619804a92fdb4057192dc43dd748ea778adc52bc498ce80524c014b81119,00000000,,,,,False,,,,,,,,,,False,False
/a/1/3/3,/a/1/3/3!/member_00837,0,/a/1/3/3,262,837,,39416,39420,7668,7672,4,df3f619804a92fdb4057192dc43dd748ea778adc52bc498ce80524c014b81119,00000000,,,,,False,,,,,,,,,,False,False
/a/1/3/3,/a/1/3/3!/member_00838,0,/a/1/3/3,262,838,,39420,39424,7672,7676,4,df3f619804a92fdb4057192dc43dd748ea778adc52bc498ce80524c014b81119,00000000,,,,,False,,,,,,,,,,False,False
/a/1/3/3,/a/1/3/3!/member_00839,0,/a/1/3/3,262,839,,39424,39428,7676,7680,4,df3f619804a92fdb4057192dc43dd748ea778adc52bc498ce80524c014b81119,00000000,,,,,False,,,,,,,,,,False,False
/a/1/3/3,/a/1/3/3!/member_00840,0,/a/1/3/3,262,840,,39428,39432,7680,7684,4,df3f619804a92fdb4057192dc43dd748ea778adc52bc498ce80524c014b81119,00000000,,,,,False,,,,,,,,,,False,False
/a/1/3/3,/a/1/3/3!/member_00841,0,/a/1/3/3,262,841,,39432,39436,7684,7688,4,df3f619804a92fdb4057192dc43dd748ea778adc52bc498ce80524c014b81119,00000000,,,,,False,,,,,,,,,,False,False
/a/1/3/3,/a/1/3/3!/member_00842,0,/a/1/3/3,262,842,,39436,39440,7688,7692,4,df3f619804a92fdb4057192dc43dd748ea778adc52bc498ce80524c014b81119,00000000,,,,,False,,,,,,,,,,False,False
/a/1/3/3,/a/1/3/3!/member_00843,0,/a/1/3/3,262,843,,39440,39444,7692,7696,4,df3f619804a92fdb4057192dc43dd748ea778adc52bc498ce80524c014b81119,00000000,,,,,False,,,,,,,,,,False,False
/a/1/3/3,/a/1/3/3!/member_00844,0,/a/1/3/3,262,844,,39444,39448,7696,7700,4,df3f619804a92fdb4057192dc43dd748ea778adc52bc498ce80524c014b81119,00000000,,,,,False,,,,,,,,,,False,False
/a/1/3/3,/a/1/3/3!/member_00845,0,/a/1/3/3,262,845,,39448,39452,7700,7704,4,df3f619804a92fdb4057192dc43dd748ea778adc52bc498ce80524c014b81119,00000000,,,,,False,,,,,,,,,,False,False
/a/1/3/3,/a/1/3/3!/member_00846,0,/a/1/3/3,262,846,,39452,39456,7704,7708,4,df3f619804a92fdb4057192dc43dd748ea778adc52bc498ce80524c014b81119,00000000,,,,,False,,,,,,,,,,False,False
/a/1/3/3,/a/1/3/3!/member_00847,0,/a/1/3/3,262,847,,39456,39460,7708,7712,4,df3f619804a92fdb4057192dc43dd748ea778adc52bc498ce80524c014b81119,00000000,,,,,False,,,,,,,,,,False,False
/a/1/3/3,/a/1/3/3!/member_00848,0,/a/1/3/3,262,848,,39460,39464,7712,7716,4,df3f619804a92fdb4057192dc43dd748ea778adc52bc498ce80524c014b81119,00000000,,,,,False,,,,,,,,,,False,False
/a/1/3/3,/a/1/3/3!/member_00849,0,/a/1/3/3,262,849,,39464,39468,7716,7720,4,df3f619804a92fdb4057192dc43dd748ea778adc52bc498ce80524c014b81119,00000000,,,,,False,,,,,,,,,,False,False
/a/1/3/3,/a/1/3/3!/member_00850,0,/a/1/3/3,262,850,,39468,39472,7720,7724,4,df3f619804a92fdb4057192dc43dd748ea778adc52bc498ce80524c014b81119,00000000,,,,,False,,,,,,,,,,False,False
/a/1/3/3,/a/1/3/3!/member_00851,0,/a/1/3/3,262,851,,39472,39476,7724,7728,4,df3f619804a92fdb4057192dc43dd748ea778adc52bc498ce80524c014b81119,00000000,,,,,False,,,,,,,,,,False,False
/a/1/3/3,/a/1/3/3!/member_00852,0,/a/1/3/3,262,852,,39476,39480,7728,7732,4,df3f619804a92fdb4057192dc43dd748ea778adc52bc498ce80524c014b81119,00000000,,,,,False,,,,,,,,,,False,False
/a/1/3/3,/a/1/3/3!/member_00853,0,/a/1/3/3,262,853,,39480,39484,7732,7736,4,df3f619804a92fdb4057192dc43dd748ea778adc52bc498ce80524c014b81119,00000000,,,,,False,,,,,,,,,,False,False
/a/1/3/3,/a/1/3/3!/member_00854,0,/a/1/3/3,262,854,,39484,39488,7736,7740,4,df3f619804a92fdb4057192dc43dd748ea778adc52bc498ce80524c014b81119,00000000,,,,,False,,,,,,,,,,False,False
/a/1/3/3,/a/1/3/3!/member_00855,0,/a/1/3/3,262,855,,39488,39492,7740,7744,4,df3f619804a92fdb4057192dc43dd748ea778adc52bc498ce80524c014b81119,00000000,,,,,False,,,,,,,,,,False,False
/a/1/3/3,/a/1/3/3!/member_00856,0,/a/1/3/3,262,856,,39492,39496,7744,7748,4,df3f619804a92fdb4057192dc43dd748ea778adc52bc498ce80524c014b81119,00000000,,,,,False,,,,,,,,,,False,False
/a/1/3/3,/a/1/3/3!/member_00857,0,/a/1/3/3,262,857,,39496,39500,7748,7752,4,df3f619804a92fdb4057192dc43dd748ea778adc52bc498ce80524c014b81119,00000000,,,,,False,,,,,,,,,,False,False
/a/1/3/3,/a/1/3/3!/member_00858,0,/a/1/3/3,262,858,,39500,39504,7752,7756,4,df3f619804a92fdb4057192dc43dd748ea778adc52bc498ce80524c014b81119,00000000,,,,,False,,,,,,,,,,False,False
/a/1/3/3,/a/1/3/3!/member_00859,0,/a/1/3/3,262,859,,39504,39508,7756,7760,4,df3f619804a92fdb4057192dc43dd748ea778adc52bc498ce80524c014b81119,00000000,,,,,False,,,,,,,,,,False,False
/a/1/3/3,/a/1/3/3!/member_00860,0,/a/1/3/3,262,860,,39508,39512,7760,7764,4,df3f619804a92fdb4057192dc43dd748ea778adc52bc498ce80524c014b81119,00000000,,,,,False,,,,,,,,,,False,False
/a/1/3/3,/a/1/3/3!/member_00861,0,/a/1/3/3,262,861,,39512,39516,7764,7768,4,df3f619804a92fdb4057192dc43dd748ea778adc52bc498ce80524c014b81119,00000000,,,,,False,,,,,,,,,,False,False
/a/1/3/3,/a/1/3/3!/member_00862,0,/a/1/3/3,262,862,,39516,39520,7768,7772,4,df3f619804a92fdb4057192dc43dd748ea778adc52bc498ce80524c014b81119,00000000,,,,,False,,,,,,,,,,False,False
/a/1/3/3,/a/1/3/3!/member_00863,0,/a/1/3/3,262,863,,39520,39524,7772,7776,4,df3f619804a92fdb4057192dc43dd748ea778adc52bc498ce80524c014b81119,00000000,,,,,False,,,,,,,,,,False,False
/a/1/3/3,/a/1/3/3!/member_00864,0,/a/1/3/3,262,864,,39524,39528,7776,7780,4,df3f619804a92fdb4057192dc43dd748ea778adc52bc498ce80524c014b81119,00000000,,,,,False,,,,,,,,,,False,False
/a/1/3/3,/a/1/3/3!/member_00865,0,/a/1/3/3,262,865,,39528,39532,7780,7784,4,df3f619804a92fdb4057192dc43dd748ea778adc52bc498ce80524c014b81119,00000000,,,,,False,,,,,,,,,,False,False
/a/1/3/3,/a/1/3/3!/member_00866,0,/a/1/3/3,262,866,,39532,39536,7784,7788,4,df3f619804a92fdb4057192dc43dd748ea778adc52bc498ce80524c014b81119,00000000,,,,,False,,,,,,,,,,False,False
/a/1/3/3,/a/1/3/3!/member_00867,0,/a/1/3/3,262,867,,39536,39540,7788,7792,4,df3f619804a92fdb4057192dc43dd748ea778adc52bc498ce80524c014b81119,00000000,,,,,False,,,,,,,,,,False,False
/a/1/3/3,/a/1/3/3!/member_00868,0,/a/1/3/3,262,868,,39540,39544,7792,7796,4,df3f619804a92fdb4057192dc43dd748ea778adc52bc498ce80524c014b81119,00000000,,,,,False,,,,,,,,,,False,False
/a/1/3/3,/a/1/3/3!/member_00869,0,/a/1/3/3,262,869,,39544,39548,7796,7800,4,df3f619804a92fdb4057192dc43dd748ea778adc52bc498ce80524c014b81119,00000000,,,,,False,,,,,,,,,,False,False
/a/1/3/3,/a/1/3/3!/member_00870,0,/a/1/3/3,262,870,,39548,39552,7800,7804,4,df3f619804a92fdb4057192dc43dd748ea778adc52bc498ce80524c014b81119,00000000,,,,,False,,,,,,,,,,False,False
/a/1/3/3,/a/1/3/3!/member_00871,0,/a/1/3/3,262,871,,39552,39556,7804,7808,4,df3f619804a92fdb4057192dc43dd748ea778adc52bc498ce80524c014b81119,00000000,,,,,False,,,,,,,,,,False,False
/a/1/3/3,/a/1/3/3!/member_00872,0,/a/1/3/3,262,872,,39556,39560,7808,7812,4,df3f619804a92fdb4057192dc43dd748ea778adc52bc498ce80524c014b81119,00000000,,,,,False,,,,,,,,,,False,False
/a/1/3/3,/a/1/3/3!/member_00873,0,/a/1/3/3,262,873,,39560,39564,7812,7816,4,df3f619804a92fdb4057192dc43dd748ea778adc52bc498ce80524c014b81119,00000000,,,,,False,,,,,,,,,,False,False
/a/1/3/3,/a/1/3/3!/member_00874,0,/a/1/3/3,262,874,,39564,39568,7816,7820,4,df3f619804a92fdb4057192dc43dd748ea778adc52bc498ce80524c014b81119,00000000,,,,,False,,,,,,,,,,False,False
/a/1/3/3,/a/1/3/3!/member_00875,0,/a/1/3/3,262,875,,39568,39572,7820,7824,4,df3f619804a92fdb4057192dc43dd748ea778adc52bc498ce80524c014b81119,00000000,,,,,False,,,,,,,,,,False,False
/a/1/3/3,/a/1/3/3!/member_00876,0,/a/1/3/3,262,876,,39572,39576,7824,7828,4,df3f619804a92fdb4057192dc43dd748ea778adc52bc498ce80524c014b81119,00000000,,,,,False,,,,,,,,,,False,False
/a/1/3/3,/a/1/3/3!/member_00877,0,/a/1/3/3,262,877,,39576,39580,7828,7832,4,df3f619804a92fdb4057192dc43dd748ea778adc52bc498ce80524c014b81119,00000000,,,,,False,,,,,,,,,,False,False
/a/1/3/3,/a/1/3/3!/member_00878,0,/a/1/3/3,262,878,,39580,39584,7832,7836,4,df3f619804a92fdb4057192dc43dd748ea778adc52bc498ce80524c014b81119,00000000,,,,,False,,,,,,,,,,False,False
/a/1/3/3,/a/1/3/3!/member_00879,0,/a/1/3/3,262,879,,39584,39588,7836,7840,4,df3f619804a92fdb4057192dc43dd748ea778adc52bc498ce80524c014b81119,00000000,,,,,False,,,,,,,,,,False,False
/a/1/3/3,/a/1/3/3!/member_00880,0,/a/1/3/3,262,880,,39588,39592,7840,7844,4,df3f619804a92fdb4057192dc43dd748ea778adc52bc498ce80524c014b81119,00000000,,,,,False,,,,,,,,,,False,False
/a/1/3/3,/a/1/3/3!/member_00881,0,/a/1/3/3,262,881,,39592,39596,7844,7848,4,df3f619804a92fdb4057192dc43dd748ea778adc52bc498ce80524c014b81119,00000000,,,,,False,,,,,,,,,,False,False
/a/1/3/3,/a/1/3/3!/member_00882,0,/a/1/3/3,262,882,,39596,39600,7848,7852,4,df3f619804a92fdb4057192dc43dd748ea778adc52bc498ce80524c014b81119,00000000,,,,,False,,,,,,,,,,False,False
/a/1/3/3,/a/1/3/3!/member_00883,0,/a/1/3/3,262,883,,39600,39604,7852,7856,4,df3f619804a92fdb4057192dc43dd748ea778adc52bc498ce80524c014b81119,00000000,,,,,False,,,,,,,,,,False,False
/a/1/3/3,/a/1/3/3!/member_00884,0,/a/1/3/3,262,884,,39604,39608,7856,7860,4,df3f619804a92fdb4057192dc43dd748ea778adc52bc498ce80524c014b81119,00000000,,,,,False,,,,,,,,,,False,False
/a/1/3/3,/a/1/3/3!/member_00885,0,/a/1/3/3,262,885,,39608,39612,7860,7864,4,df3f619804a92fdb4057192dc43dd748ea778adc52bc498ce80524c014b81119,00000000,,,,,False,,,,,,,,,,False,False
/a/1/3/3,/a/1/3/3!/member_00886,0,/a/1/3/3,262,886,,39612,39616,7864,7868,4,df3f619804a92fdb4057192dc43dd748ea778adc52bc498ce80524c014b81119,00000000,,,,,False,,,,,,,,,,False,False
/a/1/3/3,/a/1/3/3!/member_00887,0,/a/1/3/3,262,887,,39616,39620,7868,7872,4,df3f619804a92fdb4057192dc43dd748ea778adc52bc498ce80524c014b81119,00000000,,,,,False,,,,,,,,,,False,False
/a/1/3/3,/a/1/3/3!/member_00888,0,/a/1/3/3,262,888,,39620,39624,7872,7876,4,df3f619804a92fdb4057192dc43dd748ea778adc52bc498ce80524c014b81119,00000000,,,,,False,,,,,,,,,,False,False
/a/1/3/3,/a/1/3/3!/member_00889,0,/a/1/3/3,262,889,,39624,39628,7876,7880,4,df3f619804a92fdb4057192dc43dd748ea778adc52bc498ce80524c014b81119,00000000,,,,,False,,,,,,,,,,False,False
/a/1/3/3,/a/1/3/3!/member_00890,0,/a/1/3/3,262,890,,39628,39632,7880,7884,4,df3f619804a92fdb4057192dc43dd748ea778adc52bc498ce80524c014b81119,00000000,,,,,False,,,,,,,,,,False,False
/a/1/3/3,/a/1/3/3!/member_00891,0,/a/1/3/3,262,891,,39632,39636,7884,7888,4,df3f619804a92fdb4057192dc43dd748ea778adc52bc498ce80524c014b81119,00000000,,,,,False,,,,,,,,,,False,False
/a/1/3/3,/a/1/3/3!/member_00892,0,/a/1/3/3,262,892,,39636,39640,7888,7892,4,df3f619804a92fdb4057192dc43dd748ea778adc52bc498ce80524c014b81119,00000000,,,,,False,,,,,,,,,,False,False
/a/1/3/3,/a/1/3/3!/member_00893,0,/a/1/3/3,262,893,,39640,39644,7892,7896,4,df3f619804a92fdb4057192dc43dd748ea778adc52bc498ce80524c014b81119,00000000,,,,,False,,,,,,,,,,False,False
/a/1/3/3,/a/1/3/3!/member_00894,0,/a/1/3/3,262,894,,39644,39648,7896,7900,4,df3f619804a92fdb4057192dc43dd748ea778adc52bc498ce80524c014b81119,00000000,,,,,False,,,,,,,,,,False,False
/a/1/3/3,/a/1/3/3!/member_00895,0,/a/1/3/3,262,895,,39648,39652,7900,7904,4,df3f619804a92fdb4057192dc43dd748ea778adc52bc498ce80524c014b81119,00000000,,,,,False,,,,,,,,,,False,False
/a/1/3/3,/a/1/3/3!/member_00896,0,/a/1/3/3,262,896,,39652,39656,7904,7908,4,df3f619804a92fdb4057192dc43dd748ea778adc52bc498ce80524c014b81119,00000000,,,,,False,,,,,,,,,,False,False
/a/1/3/3,/a/1/3/3!/member_00897,0,/a/1/3/3,262,897,,39656,39660,7908,7912,4,df3f619804a92fdb4057192dc43dd748ea778adc52bc498ce80524c014b81119,00000000,,,,,False,,,,,,,,,,False,False
/a/1/3/3,/a/1/3/3!/member_00898,0,/a/1/3/3,262,898,,39660,39664,7912,7916,4,df3f619804a92fdb4057192dc43dd748ea778adc52bc498ce80524c014b81119,00000000,,,,,False,,,,,,,,,,False,False
/a/1/3/3,/a/1/3/3!/member_00899,0,/a/1/3/3,262,899,,39664,39668,7916,7920,4,df3f619804a92fdb4057192dc43dd748ea778adc52bc498ce80524c014b81119,00000000,,,,,False,,,,,,,,,,False,False
/a/1/3/3,/a/1/3/3!/member_00900,0,/a/1/3/3,262,900,,39668,39672,7920,7924,4,df3f619804a92fdb4057192dc43dd748ea778adc52bc498ce80524c014b81119,00000000,,,,,False,,,,,,,,,,False,False
/a/1/3/3,/a/1/3/3!/member_00901,0,/a/1/3/3,262,901,,39672,39676,7924,7928,4,df3f619804a92fdb4057192dc43dd748ea778adc52bc498ce80524c014b81119,00000000,,,,,False,,,,,,,,,,False,False
/a/1/3/3,/a/1/3/3!/member_00902,0,/a/1/3/3,262,902,,39676,39680,7928,7932,4,df3f619804a92fdb4057192dc43dd748ea778adc52bc498ce80524c014b81119,00000000,,,,,False,,,,,,,,,,False,False
/a/1/3/3,/a/1/3/3!/member_00903,0,/a/1/3/3,262,903,,39680,39684,7932,7936,4,df3f619804a92fdb4057192dc43dd748ea778adc52bc498ce80524c014b81119,00000000,,,,,False,,,,,,,,,,False,False
/a/1/3/3,/a/1/3/3!/member_00904,0,/a/1/3/3,262,904,,39684,39688,7936,7940,4,df3f619804a92fdb4057192dc43dd748ea778adc52bc498ce80524c014b81119,00000000,,,,,False,,,,,,,,,,False,False
/a/1/3/3,/a/1/3/3!/member_00905,0,/a/1/3/3,262,905,,39688,39692,7940,7944,4,df3f619804a92fdb4057192dc43dd748ea778adc52bc498ce80524c014b81119,00000000,,,,,False,,,,,,,,,,False,False
/a/1/3/3,/a/1/3/3!/member_00906,0,/a/1/3/3,262,906,,39692,39696,7944,7948,4,df3f619804a92fdb4057192dc43dd748ea778adc52bc498ce80524c014b81119,00000000,,,,,False,,,,,,,,,,False,False
/a/1/3/3,/a/1/3/3!/member_00907,0,/a/1/3/3,262,907,,39696,39700,7948,7952,4,df3f619804a92fdb4057192dc43dd748ea778adc52bc498ce80524c014b81119,00000000,,,,,False,,,,,,,,,,False,False
/a/1/3/3,/a/1/3/3!/member_00908,0,/a/1/3/3,262,908,,39700,39704,7952,7956,4,df3f619804a92fdb4057192dc43dd748ea778adc52bc498ce80524c014b81119,00000000,,,,,False,,,,,,,,,,False,False
/a/1/3/3,/a/1/3/3!/member_00909,0,/a/1/3/3,262,909,,39704,39708,7956,7960,4,df3f619804a92fdb4057192dc43dd748ea778adc52bc498ce80524c014b81119,00000000,,,,,False,,,,,,,,,,False,False
/a/1/3/3,/a/1/3/3!/member_00910,0,/a/1/3/3,262,910,,39708,39712,7960,7964,4,df3f619804a92fdb4057192dc43dd748ea778adc52bc498ce80524c014b81119,00000000,,,,,False,,,,,,,,,,False,False
/a/1/3/3,/a/1/3/3!/member_00911,0,/a/1/3/3,262,911,,39712,39716,7964,7968,4,df3f619804a92fdb4057192dc43dd748ea778adc52bc498ce80524c014b81119,00000000,,,,,False,,,,,,,,,,False,False
/a/1/3/3,/a/1/3/3!/member_00912,0,/a/1/3/3,262,912,,39716,39720,7968,7972,4,df3f619804a92fdb4057192dc43dd748ea778adc52bc498ce80524c014b81119,00000000,,,,,False,,,,,,,,,,False,False
/a/1/3/3,/a/1/3/3!/member_00913,0,/a/1/3/3,262,913,,39720,39724,7972,7976,4,df3f619804a92fdb4057192dc43dd748ea778adc52bc498ce80524c014b81119,00000000,,,,,False,,,,,,,,,,False,False
/a/1/3/3,/a/1/3/3!/member_00914,0,/a/1/3/3,262,914,,39724,39728,7976,7980,4,df3f619804a92fdb4057192dc43dd748ea778adc52bc498ce80524c014b81119,00000000,,,,,False,,,,,,,,,,False,False
/a/1/3/3,/a/1/3/3!/member_00915,0,/a/1/3/3,262,915,,39728,39732,7980,7984,4,df3f619804a92fdb4057192dc43dd748ea778adc52bc498ce80524c014b81119,00000000,,,,,False,,,,,,,,,,False,False
/a/1/3/3,/a/1/3/3!/member_00916,0,/a/1/3/3,262,916,,39732,39736,7984,7988,4,df3f619804a92fdb4057192dc43dd748ea778adc52bc498ce80524c014b81119,00000000,,,,,False,,,,,,,,,,False,False
/a/1/3/3,/a/1/3/3!/member_00917,0,/a/1/3/3,262,917,,39736,39740,7988,7992,4,df3f619804a92fdb4057192dc43dd748ea778adc52bc498ce80524c014b81119,00000000,,,,,False,,,,,,,,,,False,False
/a/1/3/3,/a/1/3/3!/member_00918,0,/a/1/3/3,262,918,,39740,39744,7992,7996,4,df3f619804a92fdb4057192dc43dd748ea778adc52bc498ce80524c014b81119,00000000,,,,,False,,,,,,,,,,False,False
/a/1/3/3,/a/1/3/3!/member_00919,0,/a/1/3/3,262,919,,39744,39748,7996,8000,4,df3f619804a92fdb4057192dc43dd748ea778adc52bc498ce80524c014b81119,00000000,,,,,False,,,,,,,,,,False,False
/a/1/3/3,/a/1/3/3!/member_00920,0,/a/1/3/3,262,920,,39748,39752,8000,8004,4,df3f619804a92fdb4057192dc43dd748ea778adc52bc498ce80524c014b81119,00000000,,,,,False,,,,,,,,,,False,False
/a/1/3/3,/a/1/3/3!/member_00921,0,/a/1/3/3,262,921,,39752,39756,8004,8008,4,df3f619804a92fdb4057192dc43dd748ea778adc52bc498ce80524c014b81119,00000000,,,,,False,,,,,,,,,,False,False
/a/1/3/3,/a/1/3/3!/member_00922,0,/a/1/3/3,262,922,,39756,39760,8008,8012,4,df3f619804a92fdb4057192dc43dd748ea778adc52bc498ce80524c014b81119,00000000,,,,,False,,,,,,,,,,False,False
/a/1/3/3,/a/1/3/3!/member_00923,0,/a/1/3/3,262,923,,39760,39764,8012,8016,4,df3f619804a92fdb4057192dc43dd748ea778adc52bc498ce80524c014b81119,00000000,,,,,False,,,,,,,,,,False,False
/a/1/3/3,/a/1/3/3!/member_00924,0,/a/1/3/3,262,924,,39764,39768,8016,8020,4,df3f619804a92fdb4057192dc43dd748ea778adc52bc498ce80524c014b81119,00000000,,,,,False,,,,,,,,,,False,False
/a/1/3/3,/a/1/3/3!/member_00925,0,/a/1/3/3,262,925,,39768,39772,8020,8024,4,df3f619804a92fdb4057192dc43dd748ea778adc52bc498ce80524c014b81119,00000000,,,,,False,,,,,,,,,,False,False
/a/1/3/3,/a/1/3/3!/member_00926,0,/a/1/3/3,262,926,,39772,39776,8024,8028,4,df3f619804a92fdb4057192dc43dd748ea778adc52bc498ce80524c014b81119,00000000,,,,,False,,,,,,,,,,False,False
/a/1/3/3,/a/1/3/3!/member_00927,0,/a/1/3/3,262,927,,39776,39780,8028,8032,4,df3f619804a92fdb4057192dc43dd748ea778adc52bc498ce80524c014b81119,00000000,,,,,False,,,,,,,,,,False,False
/a/1/3/3,/a/1/3/3!/member_00928,0,/a/1/3/3,262,928,,39780,39784,8032,8036,4,df3f619804a92fdb4057192dc43dd748ea778adc52bc498ce80524c014b81119,00000000,,,,,False,,,,,,,,,,False,False
/a/1/3/3,/a/1/3/3!/member_00929,0,/a/1/3/3,262,929,,39784,39788,8036,8040,4,df3f619804a92fdb4057192dc43dd748ea778adc52bc498ce80524c014b81119,00000000,,,,,False,,,,,,,,,,False,False
/a/1/3/3,/a/1/3/3!/member_00930,0,/a/1/3/3,262,930,,39788,39792,8040,8044,4,df3f619804a92fdb4057192dc43dd748ea778adc52bc498ce80524c014b81119,00000000,,,,,False,,,,,,,,,,False,False
/a/1/3/3,/a/1/3/3!/member_00931,0,/a/1/3/3,262,931,,39792,39796,8044,8048,4,df3f619804a92fdb4057192dc43dd748ea778adc52bc498ce80524c014b81119,00000000,,,,,False,,,,,,,,,,False,False
/a/1/3/3,/a/1/3/3!/member_00932,0,/a/1/3/3,262,932,,39796,39800,8048,8052,4,df3f619804a92fdb4057192dc43dd748ea778adc52bc498ce80524c014b81119,00000000,,,,,False,,,,,,,,,,False,False
/a/1/3/3,/a/1/3/3!/member_00933,0,/a/1/3/3,262,933,,39800,39804,8052,8056,4,df3f619804a92fdb4057192dc43dd748ea778adc52bc498ce80524c014b81119,00000000,,,,,False,,,,,,,,,,False,False
/a/1/3/3,/a/1/3/3!/member_00934,0,/a/1/3/3,262,934,,39804,39808,8056,8060,4,df3f619804a92fdb4057192dc43dd748ea778adc52bc498ce80524c014b81119,00000000,,,,,False,,,,,,,,,,False,False
/a/1/3/3,/a/1/3/3!/member_00935,0,/a/1/3/3,262,935,,39808,39812,8060,8064,4,df3f619804a92fdb4057192dc43dd748ea778adc52bc498ce80524c014b81119,00000000,,,,,False,,,,,,,,,,False,False
/a/1/3/3,/a/1/3/3!/member_00936,0,/a/1/3/3,262,936,,39812,39816,8064,8068,4,df3f619804a92fdb4057192dc43dd748ea778adc52bc498ce80524c014b81119,00000000,,,,,False,,,,,,,,,,False,False
/a/1/3/3,/a/1/3/3!/member_00937,0,/a/1/3/3,262,937,,39816,39820,8068,8072,4,df3f619804a92fdb4057192dc43dd748ea778adc52bc498ce80524c014b81119,00000000,,,,,False,,,,,,,,,,False,False
/a/1/3/3,/a/1/3/3!/member_00938,0,/a/1/3/3,262,938,,39820,39824,8072,8076,4,df3f619804a92fdb4057192dc43dd748ea778adc52bc498ce80524c014b81119,00000000,,,,,False,,,,,,,,,,False,False
/a/1/3/3,/a/1/3/3!/member_00939,0,/a/1/3/3,262,939,,39824,39828,8076,8080,4,df3f619804a92fdb4057192dc43dd748ea778adc52bc498ce80524c014b81119,00000000,,,,,False,,,,,,,,,,False,False
/a/1/3/3,/a/1/3/3!/member_00940,0,/a/1/3/3,262,940,,39828,39832,8080,8084,4,df3f619804a92fdb4057192dc43dd748ea778adc52bc498ce80524c014b81119,00000000,,,,,False,,,,,,,,,,False,False
/a/1/3/3,/a/1/3/3!/member_00941,0,/a/1/3/3,262,941,,39832,39836,8084,8088,4,df3f619804a92fdb4057192dc43dd748ea778adc52bc498ce80524c014b81119,00000000,,,,,False,,,,,,,,,,False,False
/a/1/3/3,/a/1/3/3!/member_00942,0,/a/1/3/3,262,942,,39836,39840,8088,8092,4,df3f619804a92fdb4057192dc43dd748ea778adc52bc498ce80524c014b81119,00000000,,,,,False,,,,,,,,,,False,False
/a/1/3/3,/a/1/3/3!/member_00943,0,/a/1/3/3,262,943,,39840,39844,8092,8096,4,df3f619804a92fdb4057192dc43dd748ea778adc52bc498ce80524c014b81119,00000000,,,,,False,,,,,,,,,,False,False
/a/1/3/3,/a/1/3/3!/member_00944,0,/a/1/3/3,262,944,,39844,39848,8096,8100,4,df3f619804a92fdb4057192dc43dd748ea778adc52bc498ce80524c014b81119,00000000,,,,,False,,,,,,,,,,False,False
/a/1/3/3,/a/1/3/3!/member_00945,0,/a/1/3/3,262,945,,39848,39852,8100,8104,4,df3f619804a92fdb4057192dc43dd748ea778adc52bc498ce80524c014b81119,00000000,,,,,False,,,,,,,,,,False,False
/a/1/3/3,/a/1/3/3!/member_00946,0,/a/1/3/3,262,946,,39852,39856,8104,8108,4,df3f619804a92fdb4057192dc43dd748ea778adc52bc498ce80524c014b81119,00000000,,,,,False,,,,,,,,,,False,False
/a/1/3/3,/a/1/3/3!/member_00947,0,/a/1/3/3,262,947,,39856,39860,8108,8112,4,df3f619804a92fdb4057192dc43dd748ea778adc52bc498ce80524c014b81119,00000000,,,,,False,,,,,,,,,,False,False
/a/1/3/3,/a/1/3/3!/member_00948,0,/a/1/3/3,262,948,,39860,39864,8112,8116,4,df3f619804a92fdb4057192dc43dd748ea778adc52bc498ce80524c014b81119,00000000,,,,,False,,,,,,,,,,False,False
/a/1/3/3,/a/1/3/3!/member_00949,0,/a/1/3/3,262,949,,39864,39868,8116,8120,4,df3f619804a92fdb4057192dc43dd748ea778adc52bc498ce80524c014b81119,00000000,,,,,False,,,,,,,,,,False,False
/a/1/3/3,/a/1/3/3!/member_00950,0,/a/1/3/3,262,950,,39868,39872,8120,8124,4,df3f619804a92fdb4057192dc43dd748ea778adc52bc498ce80524c014b81119,00000000,,,,,False,,,,,,,,,,False,False
/a/1/3/3,/a/1/3/3!/member_00951,0,/a/1/3/3,262,951,,39872,39876,8124,8128,4,df3f619804a92fdb4057192dc43dd748ea778adc52bc498ce80524c014b81119,00000000,,,,,False,,,,,,,,,,False,False
/a/1/3/3,/a/1/3/3!/member_00952,0,/a/1/3/3,262,952,,39876,39880,8128,8132,4,df3f619804a92fdb4057192dc43dd748ea778adc52bc498ce80524c014b81119,00000000,,,,,False,,,,,,,,,,False,False
/a/1/3/3,/a/1/3/3!/member_00953,0,/a/1/3/3,262,953,,39880,39884,8132,8136,4,df3f619804a92fdb4057192dc43dd748ea778adc52bc498ce80524c014b81119,00000000,,,,,False,,,,,,,,,,False,False
/a/1/3/3,/a/1/3/3!/member_00954,0,/a/1/3/3,262,954,,39884,39888,8136,8140,4,df3f619804a92fdb4057192dc43dd748ea778adc52bc498ce80524c014b81119,00000000,,,,,False,,,,,,,,,,False,False
/a/1/3/3,/a/1/3/3!/member_00955,0,/a/1/3/3,262,955,,39888,39892,8140,8144,4,df3f619804a92fdb4057192dc43dd748ea778adc52bc498ce80524c014b81119,00000000,,,,,False,,,,,,,,,,False,False
/a/1/3/3,/a/1/3/3!/member_00956,0,/a/1/3/3,262,956,,39892,39896,8144,8148,4,df3f619804a92fdb4057192dc43dd748ea778adc52bc498ce80524c014b81119,00000000,,,,,False,,,,,,,,,,False,False
/a/1/3/3,/a/1/3/3!/member_00957,0,/a/1/3/3,262,957,,39896,39900,8148,8152,4,df3f619804a92fdb4057192dc43dd748ea778adc52bc498ce80524c014b81119,00000000,,,,,False,,,,,,,,,,False,False
/a/1/3/3,/a/1/3/3!/member_00958,0,/a/1/3/3,262,958,,39900,39904,8152,8156,4,df3f619804a92fdb4057192dc43dd748ea778adc52bc498ce80524c014b81119,00000000,,,,,False,,,,,,,,,,False,False
/a/1/3/3,/a/1/3/3!/member_00959,0,/a/1/3/3,262,959,,39904,39908,8156,8160,4,df3f619804a92fdb4057192dc43dd748ea778adc52bc498ce80524c014b81119,00000000,,,,,False,,,,,,,,,,False,False
/a/1/3/3,/a/1/3/3!/member_00960,0,/a/1/3/3,262,960,,39908,39912,8160,8164,4,df3f619804a92fdb4057192dc43dd748ea778adc52bc498ce80524c014b81119,00000000,,,,,False,,,,,,,,,,False,False
/a/1/3/3,/a/1/3/3!/member_00961,0,/a/1/3/3,262,961,,39912,39916,8164,8168,4,df3f619804a92fdb4057192dc43dd748ea778adc52bc498ce80524c014b81119,00000000,,,,,False,,,,,,,,,,False,False
/a/1/3/3,/a/1/3/3!/member_00962,0,/a/1/3/3,262,962,,39916,39920,8168,8172,4,df3f619804a92fdb4057192dc43dd748ea778adc52bc498ce80524c014b81119,00000000,,,,,False,,,,,,,,,,False,False
/a/1/3/3,/a/1/3/3!/member_00963,0,/a/1/3/3,262,963,,39920,39924,8172,8176,4,df3f619804a92fdb4057192dc43dd748ea778adc52bc498ce80524c014b81119,00000000,,,,,False,,,,,,,,,,False,False
/a/1/3/3,/a/1/3/3!/member_00964,0,/a/1/3/3,262,964,,39924,39928,8176,8180,4,df3f619804a92fdb4057192dc43dd748ea778adc52bc498ce80524c014b81119,00000000,,,,,False,,,,,,,,,,False,False
/a/1/3/3,/a/1/3/3!/member_00965,0,/a/1/3/3,262,965,,39928,39932,8180,8184,4,df3f619804a92fdb4057192dc43dd748ea778adc52bc498ce80524c014b81119,00000000,,,,,False,,,,,,,,,,False,False
/a/1/3/3,/a/1/3/3!/member_00966,0,/a/1/3/3,262,966,,39932,39936,8184,8188,4,df3f619804a92fdb4057192dc43dd748ea778adc52bc498ce80524c014b81119,00000000,,,,,False,,,,,,,,,,False,False
/a/1/3/3,/a/1/3/3!/member_00967,0,/a/1/3/3,262,967,,39936,39940,8188,8192,4,df3f619804a92fdb4057192dc43dd748ea778adc52bc498ce80524c014b81119,00000000,,,,,False,,,,,,,,,,False,False
/a/1/3/3,/a/1/3/3!/member_00968,0,/a/1/3/3,262,968,,39940,39944,8192,8196,4,df3f619804a92fdb4057192dc43dd748ea778adc52bc498ce80524c014b81119,00000000,,,,,False,,,,,,,,,,False,False
/a/1/3/3,/a/1/3/3!/member_00969,0,/a/1/3/3,262,969,,39944,39948,8196,8200,4,df3f619804a92fdb4057192dc43dd748ea778adc52bc498ce80524c014b81119,00000000,,,,,False,,,,,,,,,,False,False
/a/1/3/3,/a/1/3/3!/member_00970,0,/a/1/3/3,262,970,,39948,39952,8200,8204,4,df3f619804a92fdb4057192dc43dd748ea778adc52bc498ce80524c014b81119,00000000,,,,,False,,,,,,,,,,False,False
/a/1/3/3,/a/1/3/3!/member_00971,0,/a/1/3/3,262,971,,39952,39956,8204,8208,4,df3f619804a92fdb4057192dc43dd748ea778adc52bc498ce80524c014b81119,00000000,,,,,False,,,,,,,,,,False,False
/a/1/3/3,/a/1/3/3!/member_00972,0,/a/1/3/3,262,972,,39956,39960,8208,8212,4,df3f619804a92fdb4057192dc43dd748ea778adc52bc498ce80524c014b81119,00000000,,,,,False,,,,,,,,,,False,False
/a/1/3/3,/a/1/3/3!/member_00973,0,/a/1/3/3,262,973,,39960,39964,8212,8216,4,df3f619804a92fdb4057192dc43dd748ea778adc52bc498ce80524c014b81119,00000000,,,,,False,,,,,,,,,,False,False
/a/1/3/3,/a/1/3/3!/member_00974,0,/a/1/3/3,262,974,,39964,39968,8216,8220,4,df3f619804a92fdb4057192dc43dd748ea778adc52bc498ce80524c014b81119,00000000,,,,,False,,,,,,,,,,False,False
/a/1/3/3,/a/1/3/3!/member_00975,0,/a/1/3/3,262,975,,39968,39972,8220,8224,4,df3f619804a92fdb4057192dc43dd748ea778adc52bc498ce80524c014b81119,00000000,,,,,False,,,,,,,,,,False,False
/a/1/3/3,/a/1/3/3!/member_00976,0,/a/1/3/3,262,976,,39972,39976,8224,8228,4,df3f619804a92fdb4057192dc43dd748ea778adc52bc498ce80524c014b81119,00000000,,,,,False,,,,,,,,,,False,False
/a/1/3/3,/a/1/3/3!/member_00977,0,/a/1/3/3,262,977,,39976,39980,8228,8232,4,df3f619804a92fdb4057192dc43dd748ea778adc52bc498ce80524c014b81119,00000000,,,,,False,,,,,,,,,,False,False
/a/1/3/3,/a/1/3/3!/member_00978,0,/a/1/3/3,262,978,,39980,39984,8232,8236,4,df3f619804a92fdb4057192dc43dd748ea778adc52bc498ce80524c014b81119,00000000,,,,,False,,,,,,,,,,False,False
/a/1/3/3,/a/1/3/3!/member_00979,0,/a/1/3/3,262,979,,39984,39988,8236,8240,4,df3f619804a92fdb4057192dc43dd748ea778adc52bc498ce80524c014b81119,00000000,,,,,False,,,,,,,,,,False,False
/a/1/3/3,/a/1/3/3!/member_00980,0,/a/1/3/3,262,980,,39988,39992,8240,8244,4,df3f619804a92fdb4057192dc43dd748ea778adc52bc498ce80524c014b81119,00000000,,,,,False,,,,,,,,,,False,False
/a/1/3/3,/a/1/3/3!/member_00981,0,/a/1/3/3,262,981,,39992,39996,8244,8248,4,df3f619804a92fdb4057192dc43dd748ea778adc52bc498ce80524c014b81119,00000000,,,,,False,,,,,,,,,,False,False
/a/1/3/3,/a/1/3/3!/member_00982,0,/a/1/3/3,262,982,,39996,40000,8248,8252,4,df3f619804a92fdb4057192dc43dd748ea778adc52bc498ce80524c014b81119,00000000,,,,,False,,,,,,,,,,False,False
/a/1/3/3,/a/1/3/3!/member_00983,0,/a/1/3/3,262,983,,40000,40004,8252,8256,4,df3f619804a92fdb4057192dc43dd748ea778adc52bc498ce80524c014b81119,00000000,,,,,False,,,,,,,,,,False,False
/a/1/3/3,/a/1/3/3!/member_00984,0,/a/1/3/3,262,984,,40004,40008,8256,8260,4,df3f619804a92fdb4057192dc43dd748ea778adc52bc498ce80524c014b81119,00000000,,,,,False,,,,,,,,,,False,False
/a/1/3/3,/a/1/3/3!/member_00985,0,/a/1/3/3,262,985,,40008,40012,8260,8264,4,df3f619804a92fdb4057192dc43dd748ea778adc52bc498ce80524c014b81119,00000000,,,,,False,,,,,,,,,,False,False
/a/1/3/3,/a/1/3/3!/member_00986,0,/a/1/3/3,262,986,,40012,40016,8264,8268,4,df3f619804a92fdb4057192dc43dd748ea778adc52bc498ce80524c014b81119,00000000,,,,,False,,,,,,,,,,False,False
/a/1/3/3,/a/1/3/3!/member_00987,0,/a/1/3/3,262,987,,40016,40020,8268,8272,4,df3f619804a92fdb4057192dc43dd748ea778adc52bc498ce80524c014b81119,00000000,,,,,False,,,,,,,,,,False,False
/a/1/3/3,/a/1/3/3!/member_00988,0,/a/1/3/3,262,988,,40020,40024,8272,8276,4,df3f619804a92fdb4057192dc43dd748ea778adc52bc498ce80524c014b81119,00000000,,,,,False,,,,,,,,,,False,False
/a/1/3/3,/a/1/3/3!/member_00989,0,/a/1/3/3,262,989,,40024,40028,8276,8280,4,df3f619804a92fdb4057192dc43dd748ea778adc52bc498ce80524c014b81119,00000000,,,,,False,,,,,,,,,,False,False
/a/1/3/3,/a/1/3/3!/member_00990,0,/a/1/3/3,262,990,,40028,40032,8280,8284,4,df3f619804a92fdb4057192dc43dd748ea778adc52bc498ce80524c014b81119,00000000,,,,,False,,,,,,,,,,False,False
/a/1/3/3,/a/1/3/3!/member_00991,0,/a/1/3/3,262,991,,40032,40036,8284,8288,4,df3f619804a92fdb4057192dc43dd748ea778adc52bc498ce80524c014b81119,00000000,,,,,False,,,,,,,,,,False,False
/a/1/3/3,/a/1/3/3!/member_00992,0,/a/1/3/3,262,992,,40036,40140,8288,8392,104,8abe579cb655d13385903fe4b645d5995bd7936477d875af103822219826ffe3,01000000020000000300000004000000,,,,,False,,,,,,,,,,False,False
/a/1/3/3,/a/1/3/3!/member_00993,0,/a/1/3/3,262,993,,40140,40144,8392,8396,4,df3f619804a92fdb4057192dc43dd748ea778adc52bc498ce80524c014b81119,00000000,,,,,False,,,,,,,,,,False,False
/a/1/3/3,/a/1/3/3!/member_00994,0,/a/1/3/3,262,994,,40144,40148,8396,8400,4,df3f619804a92fdb4057192dc43dd748ea778adc52bc498ce80524c014b81119,00000000,,,,,False,,,,,,,,,,False,False
/a/1/3/3,/a/1/3/3!/member_00995,0,/a/1/3/3,262,995,,40148,40152,8400,8404,4,df3f619804a92fdb4057192dc43dd748ea778adc52bc498ce80524c014b81119,00000000,,,,,False,,,,,,,,,,False,False
/a/1/3/3,/a/1/3/3!/member_00996,0,/a/1/3/3,262,996,,40152,40156,8404,8408,4,df3f619804a92fdb4057192dc43dd748ea778adc52bc498ce80524c014b81119,00000000,,,,,False,,,,,,,,,,False,False
/a/1/3/3,/a/1/3/3!/member_00997,0,/a/1/3/3,262,997,,40156,40160,8408,8412,4,df3f619804a92fdb4057192dc43dd748ea778adc52bc498ce80524c014b81119,00000000,,,,,False,,,,,,,,,,False,False
/a/1/3/3,/a/1/3/3!/member_00998,0,/a/1/3/3,262,998,,40160,40164,8412,8416,4,df3f619804a92fdb4057192dc43dd748ea778adc52bc498ce80524c014b81119,00000000,,,,,False,,,,,,,,,,False,False
/a/1/3/3,/a/1/3/3!/member_00999,0,/a/1/3/3,262,999,,40164,40168,8416,8420,4,df3f619804a92fdb4057192dc43dd748ea778adc52bc498ce80524c014b81119,00000000,,,,,False,,,,,,,,,,False,False
/a/1/3/3,/a/1/3/3!/member_01000,0,/a/1/3/3,262,1000,,40168,40172,8420,8424,4,df3f619804a92fdb4057192dc43dd748ea778adc52bc498ce80524c014b81119,00000000,,,,,False,,,,,,,,,,False,False
/a/1/3/3,/a/1/3/3!/member_01001,0,/a/1/3/3,262,1001,,40172,40176,8424,8428,4,df3f619804a92fdb4057192dc43dd748ea778adc52bc498ce80524c014b81119,00000000,,,,,False,,,,,,,,,,False,False
/a/1/3/3,/a/1/3/3!/member_01002,0,/a/1/3/3,262,1002,,40176,40180,8428,8432,4,df3f619804a92fdb4057192dc43dd748ea778adc52bc498ce80524c014b81119,00000000,,,,,False,,,,,,,,,,False,False
/a/1/3/3,/a/1/3/3!/member_01003,0,/a/1/3/3,262,1003,,40180,40184,8432,8436,4,df3f619804a92fdb4057192dc43dd748ea778adc52bc498ce80524c014b81119,00000000,,,,,False,,,,,,,,,,False,False
/a/1/3/3,/a/1/3/3!/member_01004,0,/a/1/3/3,262,1004,,40184,40188,8436,8440,4,df3f619804a92fdb4057192dc43dd748ea778adc52bc498ce80524c014b81119,00000000,,,,,False,,,,,,,,,,False,False
/a/1/3/3,/a/1/3/3!/member_01005,0,/a/1/3/3,262,1005,,40188,40192,8440,8444,4,df3f619804a92fdb4057192dc43dd748ea778adc52bc498ce80524c014b81119,00000000,,,,,False,,,,,,,,,,False,False
/a/1/3/3,/a/1/3/3!/member_01006,0,/a/1/3/3,262,1006,,40192,40196,8444,8448,4,df3f619804a92fdb4057192dc43dd748ea778adc52bc498ce80524c014b81119,00000000,,,,,False,,,,,,,,,,False,False
/a/1/3/3,/a/1/3/3!/member_01007,0,/a/1/3/3,262,1007,,40196,40200,8448,8452,4,df3f619804a92fdb4057192dc43dd748ea778adc52bc498ce80524c014b81119,00000000,,,,,False,,,,,,,,,,False,False
/a/1/3/3,/a/1/3/3!/member_01008,0,/a/1/3/3,262,1008,,40200,40204,8452,8456,4,df3f619804a92fdb4057192dc43dd748ea778adc52bc498ce80524c014b81119,00000000,,,,,False,,,,,,,,,,False,False
/a/1/3/3,/a/1/3/3!/member_01009,0,/a/1/3/3,262,1009,,40204,40208,8456,8460,4,df3f619804a92fdb4057192dc43dd748ea778adc52bc498ce80524c014b81119,00000000,,,,,False,,,,,,,,,,False,False
/a/1/3/3,/a/1/3/3!/member_01010,0,/a/1/3/3,262,1010,,40208,40212,8460,8464,4,df3f619804a92fdb4057192dc43dd748ea778adc52bc498ce80524c014b81119,00000000,,,,,False,,,,,,,,,,False,False
/a/1/3/3,/a/1/3/3!/member_01011,0,/a/1/3/3,262,1011,,40212,40240,8464,8492,28,e30c8a180fee26b7e07018969874025628faae9901d96a76d1bd3fa3a0d4b15d,01000000030000000700000008000000,,,,,False,,,,,,,,,,False,False
/a/1/3/3,/a/1/3/3!/member_01012,0,/a/1/3/3,262,1012,,40240,40260,8492,8512,20,a554a33680c959e12f3b0027d9b2ad8d9df40e8d680bef1a5fa7027a9024bd16,03000000070000000a00000016000000,,,,,False,,,,,,,,,,False,False
/a/1/3/3,/a/1/3/3!/member_01013,0,/a/1/3/3,262,1013,,40260,40264,8512,8516,4,df3f619804a92fdb4057192dc43dd748ea778adc52bc498ce80524c014b81119,00000000,,,,,False,,,,,,,,,,False,False
/a/1/3/3,/a/1/3/3!/member_01014,0,/a/1/3/3,262,1014,,40264,40268,8516,8520,4,df3f619804a92fdb4057192dc43dd748ea778adc52bc498ce80524c014b81119,00000000,,,,,False,,,,,,,,,,False,False
/a/1/3/3,/a/1/3/3!/member_01015,0,/a/1/3/3,262,1015,,40268,40272,8520,8524,4,df3f619804a92fdb4057192dc43dd748ea778adc52bc498ce80524c014b81119,00000000,,,,,False,,,,,,,,,,False,False
/a/1/3/3,/a/1/3/3!/member_01016,0,/a/1/3/3,262,1016,,40272,40276,8524,8528,4,df3f619804a92fdb4057192dc43dd748ea778adc52bc498ce80524c014b81119,00000000,,,,,False,,,,,,,,,,False,False
/a/1/3/3,/a/1/3/3!/member_01017,0,/a/1/3/3,262,1017,,40276,40284,8528,8536,8,cbb032642036ec7043fa4529f06c9c9d8b12fa70ea6799a19ca8321a808d86fa,1800000000000000,,,,,False,,,,,,,,,,False,False
/a/1/3/3,/a/1/3/3!/member_01018,0,/a/1/3/3,262,1018,,40284,40288,8536,8540,4,df3f619804a92fdb4057192dc43dd748ea778adc52bc498ce80524c014b81119,00000000,,,,,False,,,,,,,,,,False,False
/a/1/3/3,/a/1/3/3!/member_01019,0,/a/1/3/3,262,1019,,40288,40300,8540,8552,12,3cb39eae44ac6352baa519ac7f2b54de44ba604d5cae0ff7207cf967909b747e,030000000e00000000000000,,,,,False,,,,,,,,,,False,False
/a/1/3/3,/a/1/3/3!/member_01020,0,/a/1/3/3,262,1020,,40300,40308,8552,8560,8,18d8d609947c6b82b9607704ae40d3317038e709238514de750b5c7411ba4c20,0e00000000000000,,,,,False,,,,,,,,,,False,False
/a/1/3/3,/a/1/3/3!/member_01021,0,/a/1/3/3,262,1021,,40308,40312,8560,8564,4,df3f619804a92fdb4057192dc43dd748ea778adc52bc498ce80524c014b81119,00000000,,,,,False,,,,,,,,,,False,False
/a/1/3/3,/a/1/3/3!/member_01022,0,/a/1/3/3,262,1022,,40312,40316,8564,8568,4,df3f619804a92fdb4057192dc43dd748ea778adc52bc498ce80524c014b81119,00000000,,,,,False,,,,,,,,,,False,False
/a/1/3/3,/a/1/3/3!/member_01023,0,/a/1/3/3,262,1023,,40316,40320,8568,8572,4,df3f619804a92fdb4057192dc43dd748ea778adc52bc498ce80524c014b81119,00000000,,,,,False,,,,,,,,,,False,False
/a/1/3/3,/a/1/3/3!/member_01024,0,/a/1/3/3,262,1024,,40320,40324,8572,8576,4,df3f619804a92fdb4057192dc43dd748ea778adc52bc498ce80524c014b81119,00000000,,,,,False,,,,,,,,,,False,False
/a/1/3/3,/a/1/3/3!/member_01025,0,/a/1/3/3,262,1025,,40324,40328,8576,8580,4,df3f619804a92fdb4057192dc43dd748ea778adc52bc498ce80524c014b81119,00000000,,,,,False,,,,,,,,,,False,False
/a/1/3/3,/a/1/3/3!/member_01026,0,/a/1/3/3,262,1026,,40328,40332,8580,8584,4,df3f619804a92fdb4057192dc43dd748ea778adc52bc498ce80524c014b81119,00000000,,,,,False,,,,,,,,,,False,False
/a/1/3/3,/a/1/3/3!/member_01027,0,/a/1/3/3,262,1027,,40332,40340,8584,8592,8,18d8d609947c6b82b9607704ae40d3317038e709238514de750b5c7411ba4c20,0e00000000000000,,,,,False,,,,,,,,,,False,False
/a/1/3/3,/a/1/3/3!/member_01028,0,/a/1/3/3,262,1028,,40340,40344,8592,8596,4,df3f619804a92fdb4057192dc43dd748ea778adc52bc498ce80524c014b81119,00000000,,,,,False,,,,,,,,,,False,False
/a/1/3/3,/a/1/3/3!/member_01029,0,/a/1/3/3,262,1029,,40344,40348,8596,8600,4,df3f619804a92fdb4057192dc43dd748ea778adc52bc498ce80524c014b81119,00000000,,,,,False,,,,,,,,,,False,False
/a/1/3/3,/a/1/3/3!/member_01030,0,/a/1/3/3,262,1030,,40348,40352,8600,8604,4,df3f619804a92fdb4057192dc43dd748ea778adc52bc498ce80524c014b81119,00000000,,,,,False,,,,,,,,,,False,False
/a/1/3/3,/a/1/3/3!/member_01031,0,/a/1/3/3,262,1031,,40352,40356,8604,8608,4,df3f619804a92fdb4057192dc43dd748ea778adc52bc498ce80524c014b81119,00000000,,,,,False,,,,,,,,,,False,False
/a/1/3/3,/a/1/3/3!/member_01032,0,/a/1/3/3,262,1032,,40356,40360,8608,8612,4,df3f619804a92fdb4057192dc43dd748ea778adc52bc498ce80524c014b81119,00000000,,,,,False,,,,,,,,,,False,False
/a/1/3/3,/a/1/3/3!/member_01033,0,/a/1/3/3,262,1033,,40360,40416,8612,8668,56,31d325f9a80f5e047db8296b1ace1a6e156fc8d4e782e38a04ea4f2268481170,03000000040000000500000007000000,,,,,False,,,,,,,,,,False,False
/a/1/3/3,/a/1/3/3!/member_01034,0,/a/1/3/3,262,1034,,40416,40468,8668,8720,52,208d9bbda7512ea8a42fdf073246af629ad85e1e89217592cf653f2498c3b4df,0300000004000000090000000a000000,,,,,False,,,,,,,,,,False,False
/a/1/3/3,/a/1/3/3!/member_01035,0,/a/1/3/3,262,1035,,40468,40476,8720,8728,8,f13ee6ed54ea2aae9fc49a9faeb5da6e8ddef0e12ed5d30d35a624ae813e0485,0500000000000000,,,,,False,,,,,,,,,,False,False
/a/1/3/3,/a/1/3/3!/member_01036,0,/a/1/3/3,262,1036,,40476,40480,8728,8732,4,df3f619804a92fdb4057192dc43dd748ea778adc52bc498ce80524c014b81119,00000000,,,,,False,,,,,,,,,,False,False
/a/1/3/3,/a/1/3/3!/member_01037,0,/a/1/3/3,262,1037,,40480,40484,8732,8736,4,df3f619804a92fdb4057192dc43dd748ea778adc52bc498ce80524c014b81119,00000000,,,,,False,,,,,,,,,,False,False
/a/1/3/3,/a/1/3/3!/member_01038,0,/a/1/3/3,262,1038,,40484,40496,8736,8748,12,99bd4017015886337ec64d270e64c19e92d619ae08362324c17713f0951756a4,050000000e00000000000000,,,,,False,,,,,,,,,,False,False
/a/1/3/3,/a/1/3/3!/member_01039,0,/a/1/3/3,262,1039,,40496,40504,8748,8756,8,bf5b0e89f1caed18c8d6ff15d17ecc5c6e0c89510b4bc6d7b4b51d4ed30999cb,1900000000000000,,,,,False,,,,,,,,,,False,False
/a/1/3/3,/a/1/3/3!/member_01040,0,/a/1/3/3,262,1040,,40504,40508,8756,8760,4,df3f619804a92fdb4057192dc43dd748ea778adc52bc498ce80524c014b81119,00000000,,,,,False,,,,,,,,,,False,False
/a/1/3/3,/a/1/3/3!/member_01041,0,/a/1/3/3,262,1041,,40508,40512,8760,8764,4,df3f619804a92fdb4057192dc43dd748ea778adc52bc498ce80524c014b81119,00000000,,,,,False,,,,,,,,,,False,False
/a/1/3/3,/a/1/3/3!/member_01042,0,/a/1/3/3,262,1042,,40512,40520,8764,8772,8,c69a9157638e69fb692d827383c3f27e586e0c98989cffdf8bd4c982ad837a4c,1700000000000000,,,,,False,,,,,,,,,,False,False
/a/1/3/3,/a/1/3/3!/member_01043,0,/a/1/3/3,262,1043,,40520,40528,8772,8780,8,c69a9157638e69fb692d827383c3f27e586e0c98989cffdf8bd4c982ad837a4c,1700000000000000,,,,,False,,,,,,,,,,False,False
/a/1/3/3,/a/1/3/3!/member_01044,0,/a/1/3/3,262,1044,,40528,40532,8780,8784,4,df3f619804a92fdb4057192dc43dd748ea778adc52bc498ce80524c014b81119,00000000,,,,,False,,,,,,,,,,False,False
/a/1/3/3,/a/1/3/3!/member_01045,0,/a/1/3/3,262,1045,,40532,40536,8784,8788,4,df3f619804a92fdb4057192dc43dd748ea778adc52bc498ce80524c014b81119,00000000,,,,,False,,,,,,,,,,False,False
/a/1/3/3,/a/1/3/3!/member_01046,0,/a/1/3/3,262,1046,,40536,40552,8788,8804,16,a90506a8b6d9bc3a599d473916338feb5eed0cb092869ff69c9e68be317056cb,050000000f0000001900000000000000,,,,,False,,,,,,,,,,False,False
/a/1/3/3,/a/1/3/3!/member_01047,0,/a/1/3/3,262,1047,,40552,40572,8804,8824,20,6d4d48136ea00fa2d39b52a63d9b7585ecdc035ea0d5032d1f14c3d775c8501f,050000000f0000001000000019000000,,,,,False,,,,,,,,,,False,False
/a/1/3/3,/a/1/3/3!/member_01048,0,/a/1/3/3,262,1048,,40572,40576,8824,8828,4,df3f619804a92fdb4057192dc43dd748ea778adc52bc498ce80524c014b81119,00000000,,,,,False,,,,,,,,,,False,False
/a/1/3/3,/a/1/3/3!/member_01049,0,/a/1/3/3,262,1049,,40576,40584,8828,8836,8,bf5b0e89f1caed18c8d6ff15d17ecc5c6e0c89510b4bc6d7b4b51d4ed30999cb,1900000000000000,,,,,False,,,,,,,,,,False,False
/a/1/3/3,/a/1/3/3!/member_01050,0,/a/1/3/3,262,1050,,40584,40588,8836,8840,4,df3f619804a92fdb4057192dc43dd748ea778adc52bc498ce80524c014b81119,00000000,,,,,False,,,,,,,,,,False,False
/a/1/3/3,/a/1/3/3!/member_01051,0,/a/1/3/3,262,1051,,40588,40592,8840,8844,4,df3f619804a92fdb4057192dc43dd748ea778adc52bc498ce80524c014b81119,00000000,,,,,False,,,,,,,,,,False,False
/a/1/3/3,/a/1/3/3!/member_01052,0,/a/1/3/3,262,1052,,40592,40616,8844,8868,24,a2d01b4c72ba8260654c0681cd0dbc32510d7c6037211f108b9261b1c9999dc9,02000000050000000e00000011000000,,,,,False,,,,,,,,,,False,False
/a/1/3/3,/a/1/3/3!/member_01053,0,/a/1/3/3,262,1053,,40616,40620,8868,8872,4,df3f619804a92fdb4057192dc43dd748ea778adc52bc498ce80524c014b81119,00000000,,,,,False,,,,,,,,,,False,False
/a/1/3/3,/a/1/3/3!/member_01054,0,/a/1/3/3,262,1054,,40620,40624,8872,8876,4,df3f619804a92fdb4057192dc43dd748ea778adc52bc498ce80524c014b81119,00000000,,,,,False,,,,,,,,,,False,False
/a/1/3/3,/a/1/3/3!/member_01055,0,/a/1/3/3,262,1055,,40624,40628,8876,8880,4,df3f619804a92fdb4057192dc43dd748ea778adc52bc498ce80524c014b81119,00000000,,,,,False,,,,,,,,,,False,False
/a/1/3/3,/a/1/3/3!/member_01056,0,/a/1/3/3,262,1056,,40628,40636,8880,8888,8,bf5b0e89f1caed18c8d6ff15d17ecc5c6e0c89510b4bc6d7b4b51d4ed30999cb,1900000000000000,,,,,False,,,,,,,,,,False,False
/a/1/3/3,/a/1/3/3!/member_01057,0,/a/1/3/3,262,1057,,40636,40640,8888,8892,4,df3f619804a92fdb4057192dc43dd748ea778adc52bc498ce80524c014b81119,00000000,,,,,False,,,,,,,,,,False,False
/a/1/3/3,/a/1/3/3!/member_01058,0,/a/1/3/3,262,1058,,40640,40656,8892,8908,16,84f82cad20b1f117fc886ba7819c81903dae80dbb7ce8046b74f7165ef539824,0a000000120000001400000000000000,,,,,False,,,,,,,,,,False,False
/a/1/3/3,/a/1/3/3!/member_01059,0,/a/1/3/3,262,1059,,40656,40676,8908,8928,20,dcffc5f031ecbde03c669dc05da4b2c37657599c7a4368d381d398c6eb6f67f9,0a000000120000001400000019000000,,,,,False,,,,,,,,,,False,False
/a/1/3/3,/a/1/3/3!/member_01060,0,/a/1/3/3,262,1060,,40676,40680,8928,8932,4,df3f619804a92fdb4057192dc43dd748ea778adc52bc498ce80524c014b81119,00000000,,,,,False,,,,,,,,,,False,False
/a/1/3/3,/a/1/3/3!/member_01061,0,/a/1/3/3,262,1061,,40680,40684,8932,8936,4,df3f619804a92fdb4057192dc43dd748ea778adc52bc498ce80524c014b81119,00000000,,,,,False,,,,,,,,,,False,False
/a/1/3/3,/a/1/3/3!/member_01062,0,/a/1/3/3,262,1062,,40684,40688,8936,8940,4,df3f619804a92fdb4057192dc43dd748ea778adc52bc498ce80524c014b81119,00000000,,,,,False,,,,,,,,,,False,False
/a/1/3/3,/a/1/3/3!/member_01063,0,/a/1/3/3,262,1063,,40688,40692,8940,8944,4,df3f619804a92fdb4057192dc43dd748ea778adc52bc498ce80524c014b81119,00000000,,,,,False,,,,,,,,,,False,False
/a/1/3/3,/a/1/3/3!/member_01064,0,/a/1/3/3,262,1064,,40692,40704,8944,8956,12,b140bdf0aa92a23c7cb2cbe018597d801da6f009c8789b09307c26694647bff7,030000000900000000000000,,,,,False,,,,,,,,,,False,False
/a/1/3/3,/a/1/3/3!/member_01065,0,/a/1/3/3,262,1065,,40704,40716,8956,8968,12,b140bdf0aa92a23c7cb2cbe018597d801da6f009c8789b09307c26694647bff7,030000000900000000000000,,,,,False,,,,,,,,,,False,False
/a/1/3/3,/a/1/3/3!/member_01066,0,/a/1/3/3,262,1066,,40716,40756,8968,9008,40,424bc64540750889fec13fa2673396db8e8ff7901c5db65b8f284cee6060c576,02000000030000000a0000000d000000,,,,,False,,,,,,,,,,False,False
/a/1/3/3,/a/1/3/3!/member_01067,0,/a/1/3/3,262,1067,,40756,40780,9008,9032,24,c56ec06dcf9a37bababd4a5d5dcb3e83d21c2d4be62a076f2fb312950d2cc654,0a0000000d0000001000000015000000,,,,,False,,,,,,,,,,False,False
/a/1/3/3,/a/1/3/3!/member_01068,0,/a/1/3/3,262,1068,,40780,40784,9032,9036,4,df3f619804a92fdb4057192dc43dd748ea778adc52bc498ce80524c014b81119,00000000,,,,,False,,,,,,,,,,False,False
/a/1/3/3,/a/1/3/3!/member_01069,0,/a/1/3/3,262,1069,,40784,40788,9036,9040,4,df3f619804a92fdb4057192dc43dd748ea778adc52bc498ce80524c014b81119,00000000,,,,,False,,,,,,,,,,False,False
/a/1/3/3,/a/1/3/3!/member_01070,0,/a/1/3/3,262,1070,,40788,40792,9040,9044,4,df3f619804a92fdb4057192dc43dd748ea778adc52bc498ce80524c014b81119,00000000,,,,,False,,,,,,,,,,False,False
/a/1/3/3,/a/1/3/3!/member_01071,0,/a/1/3/3,262,1071,,40792,40804,9044,9056,12,85bc2a6193c976c039403585b7c8d988b0e721d829a395c75bdfbc033a43ffd0,040000001600000000000000,,,,,False,,,,,,,,,,False,False
/a/1/3/3,/a/1/3/3!/member_01072,0,/a/1/3/3,262,1072,,40804,40816,9056,9068,12,bdfbcb25b35cf8f2ef8cdb18caf26e691681ad231d7516bcad9aa0abf99f46de,040000000f00000000000000,,,,,False,,,,,,,,,,False,False
/a/1/3/3,/a/1/3/3!/member_01073,0,/a/1/3/3,262,1073,,40816,40820,9068,9072,4,df3f619804a92fdb4057192dc43dd748ea778adc52bc498ce80524c014b81119,00000000,,,,,False,,,,,,,,,,False,False
/a/1/3/3,/a/1/3/3!/member_01074,0,/a/1/3/3,262,1074,,40820,40828,9072,9080,8,bf5b0e89f1caed18c8d6ff15d17ecc5c6e0c89510b4bc6d7b4b51d4ed30999cb,1900000000000000,,,,,False,,,,,,,,,,False,False
/a/1/3/3,/a/1/3/3!/member_01075,0,/a/1/3/3,262,1075,,40828,40832,9080,9084,4,df3f619804a92fdb4057192dc43dd748ea778adc52bc498ce80524c014b81119,00000000,,,,,False,,,,,,,,,,False,False
/a/1/3/3,/a/1/3/3!/member_01076,0,/a/1/3/3,262,1076,,40832,40836,9084,9088,4,df3f619804a92fdb4057192dc43dd748ea778adc52bc498ce80524c014b81119,00000000,,,,,False,,,,,,,,,,False,False
/a/1/3/3,/a/1/3/3!/member_01077,0,/a/1/3/3,262,1077,,40836,40840,9088,9092,4,df3f619804a92fdb4057192dc43dd748ea778adc52bc498ce80524c014b81119,00000000,,,,,False,,,,,,,,,,False,False
/a/1/3/3,/a/1/3/3!/member_01078,0,/a/1/3/3,262,1078,,40840,40852,9092,9104,12,ed87e2e4b26f889278fa535234231e37ab161707f5f1731a035933ae9ad9594e,090000000f00000000000000,,,,,False,,,,,,,,,,False,False
/a/1/3/3,/a/1/3/3!/member_01079,0,/a/1/3/3,262,1079,,40852,40860,9104,9112,8,a4bd89d0c3e16ec03c5436d0b9b8eb1a934beeac808447459e5ee2f9a23e97d7,0f00000000000000,,,,,False,,,,,,,,,,False,False
/a/1/3/3,/a/1/3/3!/member_01080,0,/a/1/3/3,262,1080,,40860,40864,9112,9116,4,df3f619804a92fdb4057192dc43dd748ea778adc52bc498ce80524c014b81119,00000000,,,,,False,,,,,,,,,,False,False
/a/1/3/3,/a/1/3/3!/member_01081,0,/a/1/3/3,262,1081,,40864,40868,9116,9120,4,df3f619804a92fdb4057192dc43dd748ea778adc52bc498ce80524c014b81119,00000000,,,,,False,,,,,,,,,,False,False
/a/1/3/3,/a/1/3/3!/member_01082,0,/a/1/3/3,262,1082,,40868,40872,9120,9124,4,df3f619804a92fdb4057192dc43dd748ea778adc52bc498ce80524c014b81119,00000000,,,,,False,,,,,,,,,,False,False
/a/1/3/3,/a/1/3/3!/member_01083,0,/a/1/3/3,262,1083,,40872,40876,9124,9128,4,df3f619804a92fdb4057192dc43dd748ea778adc52bc498ce80524c014b81119,00000000,,,,,False,,,,,,,,,,False,False
/a/1/3/3,/a/1/3/3!/member_01084,0,/a/1/3/3,262,1084,,40876,40888,9128,9140,12,3cf4c6d7d35690bf9cefc706492dccabc67d6e25ff145e0a681864bc0e3db0da,010000000800000000000000,,,,,False,,,,,,,,,,False,False
/a/1/3/3,/a/1/3/3!/member_01085,0,/a/1/3/3,262,1085,,40888,40892,9140,9144,4,df3f619804a92fdb4057192dc43dd748ea778adc52bc498ce80524c014b81119,00000000,,,,,False,,,,,,,,,,False,False
/a/1/3/3,/a/1/3/3!/member_01086,0,/a/1/3/3,262,1086,,40892,40896,9144,9148,4,df3f619804a92fdb4057192dc43dd748ea778adc52bc498ce80524c014b81119,00000000,,,,,False,,,,,,,,,,False,False
/a/1/3/3,/a/1/3/3!/member_01087,0,/a/1/3/3,262,1087,,40896,40920,9148,9172,24,5da8a40dea2f3a57116bdb19be3f088a9fbd4d265561faf2b2c0180f04d9b088,03000000120000001000000014000000,,,,,False,,,,,,,,,,False,False
/a/1/3/3,/a/1/3/3!/member_01088,0,/a/1/3/3,262,1088,,40920,40924,9172,9176,4,df3f619804a92fdb4057192dc43dd748ea778adc52bc498ce80524c014b81119,00000000,,,,,False,,,,,,,,,,False,False
/a/1/3/3,/a/1/3/3!/member_01089,0,/a/1/3/3,262,1089,,40924,40928,9176,9180,4,df3f619804a92fdb4057192dc43dd748ea778adc52bc498ce80524c014b81119,00000000,,,,,False,,,,,,,,,,False,False
/a/1/3/3,/a/1/3/3!/member_01090,0,/a/1/3/3,262,1090,,40928,40948,9180,9200,20,326300b1fc8cedd804855f87c456750b5b53c0b4593d3eb707d118a1faa53d85,03000000090000000f00000012000000,,,,,False,,,,,,,,,,False,False
/a/1/3/3,/a/1/3/3!/member_01091,0,/a/1/3/3,262,1091,,40948,40968,9200,9220,20,326300b1fc8cedd804855f87c456750b5b53c0b4593d3eb707d118a1faa53d85,03000000090000000f00000012000000,,,,,False,,,,,,,,,,False,False
/a/1/3/3,/a/1/3/3!/member_01092,0,/a/1/3/3,262,1092,,40968,40972,9220,9224,4,df3f619804a92fdb4057192dc43dd748ea778adc52bc498ce80524c014b81119,00000000,,,,,False,,,,,,,,,,False,False
/a/1/3/3,/a/1/3/3!/member_01093,0,/a/1/3/3,262,1093,,40972,40980,9224,9232,8,bf5b0e89f1caed18c8d6ff15d17ecc5c6e0c89510b4bc6d7b4b51d4ed30999cb,1900000000000000,,,,,False,,,,,,,,,,False,False
/a/1/3/3,/a/1/3/3!/member_01094,0,/a/1/3/3,262,1094,,40980,40984,9232,9236,4,df3f619804a92fdb4057192dc43dd748ea778adc52bc498ce80524c014b81119,00000000,,,,,False,,,,,,,,,,False,False
/a/1/3/3,/a/1/3/3!/member_01095,0,/a/1/3/3,262,1095,,40984,40988,9236,9240,4,df3f619804a92fdb4057192dc43dd748ea778adc52bc498ce80524c014b81119,00000000,,,,,False,,,,,,,,,,False,False
/a/1/3/3,/a/1/3/3!/member_01096,0,/a/1/3/3,262,1096,,40988,40996,9240,9248,8,0c27700c82d333aa295692f1814040a962d7bc530253af661d97635dd5ed7af9,1400000000000000,,,,,False,,,,,,,,,,False,False
/a/1/3/3,/a/1/3/3!/member_01097,0,/a/1/3/3,262,1097,,40996,41004,9248,9256,8,0c27700c82d333aa295692f1814040a962d7bc530253af661d97635dd5ed7af9,1400000000000000,,,,,False,,,,,,,,,,False,False
/a/1/3/3,/a/1/3/3!/member_01098,0,/a/1/3/3,262,1098,,41004,41008,9256,9260,4,df3f619804a92fdb4057192dc43dd748ea778adc52bc498ce80524c014b81119,00000000,,,,,False,,,,,,,,,,False,False
/a/1/3/3,/a/1/3/3!/member_01099,0,/a/1/3/3,262,1099,,41008,41012,9260,9264,4,df3f619804a92fdb4057192dc43dd748ea778adc52bc498ce80524c014b81119,00000000,,,,,False,,,,,,,,,,False,False
/a/1/3/3,/a/1/3/3!/member_01100,0,/a/1/3/3,262,1100,,41012,41016,9264,9268,4,df3f619804a92fdb4057192dc43dd748ea778adc52bc498ce80524c014b81119,00000000,,,,,False,,,,,,,,,,False,False
/a/1/3/3,/a/1/3/3!/member_01101,0,/a/1/3/3,262,1101,,41016,41024,9268,9276,8,aae89fc0f03e2959ae4d701a80cc3915918c950b159f6abb6c92c1433b1a8534,0700000000000000,,,,,False,,,,,,,,,,False,False
/a/1/3/3,/a/1/3/3!/member_01102,0,/a/1/3/3,262,1102,,41024,41028,9276,9280,4,df3f619804a92fdb4057192dc43dd748ea778adc52bc498ce80524c014b81119,00000000,,,,,False,,,,,,,,,,False,False
/a/1/3/3,/a/1/3/3!/member_01103,0,/a/1/3/3,262,1103,,41028,41036,9280,9288,8,debcea1f166010e428df48387304e45c0bf7843a1fa7f1beb38f852228df789b,1500000000000000,,,,,False,,,,,,,,,,False,False
/a/1/3/3,/a/1/3/3!/member_01104,0,/a/1/3/3,262,1104,,41036,41040,9288,9292,4,df3f619804a92fdb4057192dc43dd748ea778adc52bc498ce80524c014b81119,00000000,,,,,False,,,,,,,,,,False,False
/a/1/3/3,/a/1/3/3!/member_01105,0,/a/1/3/3,262,1105,,41040,41044,9292,9296,4,df3f619804a92fdb4057192dc43dd748ea778adc52bc498ce80524c014b81119,00000000,,,,,False,,,,,,,,,,False,False
/a/1/3/3,/a/1/3/3!/member_01106,0,/a/1/3/3,262,1106,,41044,41048,9296,9300,4,df3f619804a92fdb4057192dc43dd748ea778adc52bc498ce80524c014b81119,00000000,,,,,False,,,,,,,,,,False,False
/a/1/3/3,/a/1/3/3!/member_01107,0,/a/1/3/3,262,1107,,41048,41056,9300,9308,8,0c27700c82d333aa295692f1814040a962d7bc530253af661d97635dd5ed7af9,1400000000000000,,,,,False,,,,,,,,,,False,False
/a/1/3/3,/a/1/3/3!/member_01108,0,/a/1/3/3,262,1108,,41056,41068,9308,9320,12,ed87e2e4b26f889278fa535234231e37ab161707f5f1731a035933ae9ad9594e,090000000f00000000000000,,,,,False,,,,,,,,,,False,False
/a/1/3/3,/a/1/3/3!/member_01109,0,/a/1/3/3,262,1109,,41068,41080,9320,9332,12,ed87e2e4b26f889278fa535234231e37ab161707f5f1731a035933ae9ad9594e,090000000f00000000000000,,,,,False,,,,,,,,,,False,False
/a/1/3/3,/a/1/3/3!/member_01110,0,/a/1/3/3,262,1110,,41080,41112,9332,9364,32,21c43c32fe72b688dc32a6048d9b7f0bd148cf500433aea050e842814e8ca5c0,03000000040000000a0000000d000000,,,,,False,,,,,,,,,,False,False
/a/1/3/3,/a/1/3/3!/member_01111,0,/a/1/3/3,262,1111,,41112,41140,9364,9392,28,7c8f08d726908f204f25267c3e09d72a694f880fa73031d9484decf7c4b4b139,03000000040000000a0000000d000000,,,,,False,,,,,,,,,,False,False
/a/1/3/3,/a/1/3/3!/member_01112,0,/a/1/3/3,262,1112,,41140,41148,9392,9400,8,35be322d094f9d154a8aba4733b8497f180353bd7ae7b0a15f90b586b549f28b,0300000000000000,,,,,False,,,,,,,,,,False,False
/a/1/3/3,/a/1/3/3!/member_01113,0,/a/1/3/3,262,1113,,41148,41152,9400,9404,4,df3f619804a92fdb4057192dc43dd748ea778adc52bc498ce80524c014b81119,00000000,,,,,False,,,,,,,,,,False,False
/a/1/3/3,/a/1/3/3!/member_01114,0,/a/1/3/3,262,1114,,41152,41156,9404,9408,4,df3f619804a92fdb4057192dc43dd748ea778adc52bc498ce80524c014b81119,00000000,,,,,False,,,,,,,,,,False,False
/a/1/3/3,/a/1/3/3!/member_01115,0,/a/1/3/3,262,1115,,41156,41160,9408,9412,4,df3f619804a92fdb4057192dc43dd748ea778adc52bc498ce80524c014b81119,00000000,,,,,False,,,,,,,,,,False,False
/a/1/3/3,/a/1/3/3!/member_01116,0,/a/1/3/3,262,1116,,41160,41172,9412,9424,12,fd8b761bed83ad95274224de5953686b81c867ff1421ab522dbfa225d273ab9f,0b0000000f00000000000000,,,,,False,,,,,,,,,,False,False
/a/1/3/3,/a/1/3/3!/member_01117,0,/a/1/3/3,262,1117,,41172,41176,9424,9428,4,df3f619804a92fdb4057192dc43dd748ea778adc52bc498ce80524c014b81119,00000000,,,,,False,,,,,,,,,,False,False
/a/1/3/3,/a/1/3/3!/member_01118,0,/a/1/3/3,262,1118,,41176,41184,9428,9436,8,aae89fc0f03e2959ae4d701a80cc3915918c950b159f6abb6c92c1433b1a8534,0700000000000000,,,,,False,,,,,,,,,,False,False
/a/1/3/3,/a/1/3/3!/member_01119,0,/a/1/3/3,262,1119,,41184,41188,9436,9440,4,df3f619804a92fdb4057192dc43dd748ea778adc52bc498ce80524c014b81119,00000000,,,,,False,,,,,,,,,,False,False
/a/1/3/3,/a/1/3/3!/member_01120,0,/a/1/3/3,262,1120,,41188,41192,9440,9444,4,df3f619804a92fdb4057192dc43dd748ea778adc52bc498ce80524c014b81119,00000000,,,,,False,,,,,,,,,,False,False
/a/1/3/3,/a/1/3/3!/member_01121,0,/a/1/3/3,262,1121,,41192,41252,9444,9504,60,1b802a83b100ead333bc1b8317f70b197899f5ef908c9f9638819a39b5ea7691,02000000030000000400000005000000,,,,,False,,,,,,,,,,False,False
/a/1/3/3,/a/1/3/3!/member_01122,0,/a/1/3/3,262,1122,,41252,41268,9504,9520,16,6835488cf1882011e0b9037cd262cfcfbcec0038a87fa981c5fc0b0fa70829ba,0f000000100000001900000000000000,,,,,False,,,,,,,,,,False,False
/a/1/3/3,/a/1/3/3!/member_01123,0,/a/1/3/3,262,1123,,41268,41272,9520,9524,4,df3f619804a92fdb4057192dc43dd748ea778adc52bc498ce80524c014b81119,00000000,,,,,False,,,,,,,,,,False,False
/a/1/3/3,/a/1/3/3!/member_01124,0,/a/1/3/3,262,1124,,41272,41280,9524,9532,8,bf5b0e89f1caed18c8d6ff15d17ecc5c6e0c89510b4bc6d7b4b51d4ed30999cb,1900000000000000,,,,,False,,,,,,,,,,False,False
/a/1/3/3,/a/1/3/3!/member_01125,0,/a/1/3/3,262,1125,,41280,41284,9532,9536,4,df3f619804a92fdb4057192dc43dd748ea778adc52bc498ce80524c014b81119,00000000,,,,,False,,,,,,,,,,False,False
/a/1/3/3,/a/1/3/3!/member_01126,0,/a/1/3/3,262,1126,,41284,41288,9536,9540,4,df3f619804a92fdb4057192dc43dd748ea778adc52bc498ce80524c014b81119,00000000,,,,,False,,,,,,,,,,False,False
/a/1/3/3,/a/1/3/3!/member_01127,0,/a/1/3/3,262,1127,,41288,41292,9540,9544,4,df3f619804a92fdb4057192dc43dd748ea778adc52bc498ce80524c014b81119,00000000,,,,,False,,,,,,,,,,False,False
/a/1/3/3,/a/1/3/3!/member_01128,0,/a/1/3/3,262,1128,,41292,41296,9544,9548,4,df3f619804a92fdb4057192dc43dd748ea778adc52bc498ce80524c014b81119,00000000,,,,,False,,,,,,,,,,False,False
/a/1/3/3,/a/1/3/3!/member_01129,0,/a/1/3/3,262,1129,,41296,41300,9548,9552,4,df3f619804a92fdb4057192dc43dd748ea778adc52bc498ce80524c014b81119,00000000,,,,,False,,,,,,,,,,False,False
/a/1/3/3,/a/1/3/3!/member_01130,0,/a/1/3/3,262,1130,,41300,41304,9552,9556,4,df3f619804a92fdb4057192dc43dd748ea778adc52bc498ce80524c014b81119,00000000,,,,,False,,,,,,,,,,False,False
/a/1/3/3,/a/1/3/3!/member_01131,0,/a/1/3/3,262,1131,,41304,41308,9556,9560,4,df3f619804a92fdb4057192dc43dd748ea778adc52bc498ce80524c014b81119,00000000,,,,,False,,,,,,,,,,False,False
/a/1/3/3,/a/1/3/3!/member_01132,0,/a/1/3/3,262,1132,,41308,41312,9560,9564,4,df3f619804a92fdb4057192dc43dd748ea778adc52bc498ce80524c014b81119,00000000,,,,,False,,,,,,,,,,False,False
/a/1/3/3,/a/1/3/3!/member_01133,0,/a/1/3/3,262,1133,,41312,41316,9564,9568,4,df3f619804a92fdb4057192dc43dd748ea778adc52bc498ce80524c014b81119,00000000,,,,,False,,,,,,,,,,False,False
/a/1/3/3,/a/1/3/3!/member_01134,0,/a/1/3/3,262,1134,,41316,41320,9568,9572,4,df3f619804a92fdb4057192dc43dd748ea778adc52bc498ce80524c014b81119,00000000,,,,,False,,,,,,,,,,False,False
/a/1/3/3,/a/1/3/3!/member_01135,0,/a/1/3/3,262,1135,,41320,41324,9572,9576,4,df3f619804a92fdb4057192dc43dd748ea778adc52bc498ce80524c014b81119,00000000,,,,,False,,,,,,,,,,False,False
/a/1/3/3,/a/1/3/3!/member_01136,0,/a/1/3/3,262,1136,,41324,41328,9576,9580,4,df3f619804a92fdb4057192dc43dd748ea778adc52bc498ce80524c014b81119,00000000,,,,,False,,,,,,,,,,False,False
/a/1/3/3,/a/1/3/3!/member_01137,0,/a/1/3/3,262,1137,,41328,41332,9580,9584,4,df3f619804a92fdb4057192dc43dd748ea778adc52bc498ce80524c014b81119,00000000,,,,,False,,,,,,,,,,False,False
/a/1/3/3,/a/1/3/3!/member_01138,0,/a/1/3/3,262,1138,,41332,41336,9584,9588,4,df3f619804a92fdb4057192dc43dd748ea778adc52bc498ce80524c014b81119,00000000,,,,,False,,,,,,,,,,False,False
/a/1/3/3,/a/1/3/3!/member_01139,0,/a/1/3/3,262,1139,,41336,41344,9588,9596,8,220dde27afee4d537cac96d85d6546f825153b90e828931b74e103807541bc42,0c00000000000000,,,,,False,,,,,,,,,,False,False
/a/1/3/3,/a/1/3/3!/member_01140,0,/a/1/3/3,262,1140,,41344,41352,9596,9604,8,220dde27afee4d537cac96d85d6546f825153b90e828931b74e103807541bc42,0c00000000000000,,,,,False,,,,,,,,,,False,False
/a/1/3/3,/a/1/3/3!/member_01141,0,/a/1/3/3,262,1141,,41352,41356,9604,9608,4,df3f619804a92fdb4057192dc43dd748ea778adc52bc498ce80524c014b81119,00000000,,,,,False,,,,,,,,,,False,False
/a/1/3/3,/a/1/3/3!/member_01142,0,/a/1/3/3,262,1142,,41356,41360,9608,9612,4,df3f619804a92fdb4057192dc43dd748ea778adc52bc498ce80524c014b81119,00000000,,,,,False,,,,,,,,,,False,False
/a/1/3/3,/a/1/3/3!/member_01143,0,/a/1/3/3,262,1143,,41360,41364,9612,9616,4,df3f619804a92fdb4057192dc43dd748ea778adc52bc498ce80524c014b81119,00000000,,,,,False,,,,,,,,,,False,False
/a/1/3/3,/a/1/3/3!/member_01144,0,/a/1/3/3,262,1144,,41364,41368,9616,9620,4,df3f619804a92fdb4057192dc43dd748ea778adc52bc498ce80524c014b81119,00000000,,,,,False,,,,,,,,,,False,False
/a/1/3/3,/a/1/3/3!/member_01145,0,/a/1/3/3,262,1145,,41368,41372,9620,9624,4,df3f619804a92fdb4057192dc43dd748ea778adc52bc498ce80524c014b81119,00000000,,,,,False,,,,,,,,,,False,False
/a/1/3/3,/a/1/3/3!/member_01146,0,/a/1/3/3,262,1146,,41372,41376,9624,9628,4,df3f619804a92fdb4057192dc43dd748ea778adc52bc498ce80524c014b81119,00000000,,,,,False,,,,,,,,,,False,False
/a/1/3/3,/a/1/3/3!/member_01147,0,/a/1/3/3,262,1147,,41376,41380,9628,9632,4,df3f619804a92fdb4057192dc43dd748ea778adc52bc498ce80524c014b81119,00000000,,,,,False,,,,,,,,,,False,False
/a/1/3/3,/a/1/3/3!/member_01148,0,/a/1/3/3,262,1148,,41380,41384,9632,9636,4,df3f619804a92fdb4057192dc43dd748ea778adc52bc498ce80524c014b81119,00000000,,,,,False,,,,,,,,,,False,False
/a/1/3/3,/a/1/3/3!/member_01149,0,/a/1/3/3,262,1149,,41384,41388,9636,9640,4,df3f619804a92fdb4057192dc43dd748ea778adc52bc498ce80524c014b81119,00000000,,,,,False,,,,,,,,,,False,False
/a/1/3/3,/a/1/3/3!/member_01150,0,/a/1/3/3,262,1150,,41388,41392,9640,9644,4,df3f619804a92fdb4057192dc43dd748ea778adc52bc498ce80524c014b81119,00000000,,,,,False,,,,,,,,,,False,False
/a/1/3/3,/a/1/3/3!/member_01151,0,/a/1/3/3,262,1151,,41392,41396,9644,9648,4,df3f619804a92fdb4057192dc43dd748ea778adc52bc498ce80524c014b81119,00000000,,,,,False,,,,,,,,,,False,False
/a/1/3/3,/a/1/3/3!/member_01152,0,/a/1/3/3,262,1152,,41396,41400,9648,9652,4,df3f619804a92fdb4057192dc43dd748ea778adc52bc498ce80524c014b81119,00000000,,,,,False,,,,,,,,,,False,False
/a/1/3/3,/a/1/3/3!/member_01153,0,/a/1/3/3,262,1153,,41400,41404,9652,9656,4,df3f619804a92fdb4057192dc43dd748ea778adc52bc498ce80524c014b81119,00000000,,,,,False,,,,,,,,,,False,False
/a/1/3/3,/a/1/3/3!/member_01154,0,/a/1/3/3,262,1154,,41404,41408,9656,9660,4,df3f619804a92fdb4057192dc43dd748ea778adc52bc498ce80524c014b81119,00000000,,,,,False,,,,,,,,,,False,False
/a/1/3/3,/a/1/3/3!/member_01155,0,/a/1/3/3,262,1155,,41408,41420,9660,9672,12,8381916e1e23f372b58cc6308237a3c8c255bb9233e6923de86302efc7b4b5a7,060000001800000000000000,,,,,False,,,,,,,,,,False,False
/a/1/3/3,/a/1/3/3!/member_01156,0,/a/1/3/3,262,1156,,41420,41428,9672,9680,8,cbb032642036ec7043fa4529f06c9c9d8b12fa70ea6799a19ca8321a808d86fa,1800000000000000,,,,,False,,,,,,,,,,False,False
/a/1/3/3,/a/1/3/3!/member_01157,0,/a/1/3/3,262,1157,,41428,41432,9680,9684,4,df3f619804a92fdb4057192dc43dd748ea778adc52bc498ce80524c014b81119,00000000,,,,,False,,,,,,,,,,False,False
/a/1/3/3,/a/1/3/3!/member_01158,0,/a/1/3/3,262,1158,,41432,41436,9684,9688,4,df3f619804a92fdb4057192dc43dd748ea778adc52bc498ce80524c014b81119,00000000,,,,,False,,,,,,,,,,False,False
/a/1/3/3,/a/1/3/3!/member_01159,0,/a/1/3/3,262,1159,,41436,41440,9688,9692,4,df3f619804a92fdb4057192dc43dd748ea778adc52bc498ce80524c014b81119,00000000,,,,,False,,,,,,,,,,False,False
/a/1/3/3,/a/1/3/3!/member_01160,0,/a/1/3/3,262,1160,,41440,41444,9692,9696,4,df3f619804a92fdb4057192dc43dd748ea778adc52bc498ce80524c014b81119,00000000,,,,,False,,,,,,,,,,False,False
/a/1/3/3,/a/1/3/3!/member_01161,0,/a/1/3/3,262,1161,,41444,41448,9696,9700,4,df3f619804a92fdb4057192dc43dd748ea778adc52bc498ce80524c014b81119,00000000,,,,,False,,,,,,,,,,False,False
/a/1/3/3,/a/1/3/3!/member_01162,0,/a/1/3/3,262,1162,,41448,41452,9700,9704,4,df3f619804a92fdb4057192dc43dd748ea778adc52bc498ce80524c014b81119,00000000,,,,,False,,,,,,,,,,False,False
/a/1/3/3,/a/1/3/3!/member_01163,0,/a/1/3/3,262,1163,,41452,41456,9704,9708,4,df3f619804a92fdb4057192dc43dd748ea778adc52bc498ce80524c014b81119,00000000,,,,,False,,,,,,,,,,False,False
/a/1/3/3,/a/1/3/3!/member_01164,0,/a/1/3/3,262,1164,,41456,41460,9708,9712,4,df3f619804a92fdb4057192dc43dd748ea778adc52bc498ce80524c014b81119,00000000,,,,,False,,,,,,,,,,False,False
/a/1/3/3,/a/1/3/3!/member_01165,0,/a/1/3/3,262,1165,,41460,41464,9712,9716,4,df3f619804a92fdb4057192dc43dd748ea778adc52bc498ce80524c014b81119,00000000,,,,,False,,,,,,,,,,False,False
/a/1/3/3,/a/1/3/3!/member_01166,0,/a/1/3/3,262,1166,,41464,41468,9716,9720,4,df3f619804a92fdb4057192dc43dd748ea778adc52bc498ce80524c014b81119,00000000,,,,,False,,,,,,,,,,False,False
/a/1/3/3,/a/1/3/3!/member_01167,0,/a/1/3/3,262,1167,,41468,41472,9720,9724,4,df3f619804a92fdb4057192dc43dd748ea778adc52bc498ce80524c014b81119,00000000,,,,,False,,,,,,,,,,False,False
/a/1/3/3,/a/1/3/3!/member_01168,0,/a/1/3/3,262,1168,,41472,41476,9724,9728,4,df3f619804a92fdb4057192dc43dd748ea778adc52bc498ce80524c014b81119,00000000,,,,,False,,,,,,,,,,False,False
/a/1/3/3,/a/1/3/3!/member_01169,0,/a/1/3/3,262,1169,,41476,41484,9728,9736,8,d86e8112f3c4c4442126f8e9f44f16867da487f29052bf91b810457db34209a4,0200000000000000,,,,,False,,,,,,,,,,False,False
/a/1/3/3,/a/1/3/3!/member_01170,0,/a/1/3/3,262,1170,,41484,41488,9736,9740,4,df3f619804a92fdb4057192dc43dd748ea778adc52bc498ce80524c014b81119,00000000,,,,,False,,,,,,,,,,False,False
/a/1/3/3,/a/1/3/3!/member_01171,0,/a/1/3/3,262,1171,,41488,41492,9740,9744,4,df3f619804a92fdb4057192dc43dd748ea778adc52bc498ce80524c014b81119,00000000,,,,,False,,,,,,,,,,False,False
/a/1/3/3,/a/1/3/3!/member_01172,0,/a/1/3/3,262,1172,,41492,41496,9744,9748,4,df3f619804a92fdb4057192dc43dd748ea778adc52bc498ce80524c014b81119,00000000,,,,,False,,,,,,,,,,False,False
/a/1/3/3,/a/1/3/3!/member_01173,0,/a/1/3/3,262,1173,,41496,41500,9748,9752,4,df3f619804a92fdb4057192dc43dd748ea778adc52bc498ce80524c014b81119,00000000,,,,,False,,,,,,,,,,False,False
/a/1/3/3,/a/1/3/3!/member_01174,0,/a/1/3/3,262,1174,,41500,41504,9752,9756,4,df3f619804a92fdb4057192dc43dd748ea778adc52bc498ce80524c014b81119,00000000,,,,,False,,,,,,,,,,False,False
/a/1/3/3,/a/1/3/3!/member_01175,0,/a/1/3/3,262,1175,,41504,41512,9756,9764,8,a111f275cc2e7588000001d300a31e76336d15b9d314cd1a1d8f3d3556975eed,0a00000000000000,,,,,False,,,,,,,,,,False,False
/a/1/3/3,/a/1/3/3!/member_01176,0,/a/1/3/3,262,1176,,41512,41516,9764,9768,4,df3f619804a92fdb4057192dc43dd748ea778adc52bc498ce80524c014b81119,00000000,,,,,False,,,,,,,,,,False,False
/a/1/3/3,/a/1/3/3!/member_01177,0,/a/1/3/3,262,1177,,41516,41520,9768,9772,4,df3f619804a92fdb4057192dc43dd748ea778adc52bc498ce80524c014b81119,00000000,,,,,False,,,,,,,,,,False,False
/a/1/3/3,/a/1/3/3!/member_01178,0,/a/1/3/3,262,1178,,41520,41524,9772,9776,4,df3f619804a92fdb4057192dc43dd748ea778adc52bc498ce80524c014b81119,00000000,,,,,False,,,,,,,,,,False,False
/a/1/3/3,/a/1/3/3!/member_01179,0,/a/1/3/3,262,1179,,41524,41528,9776,9780,4,df3f619804a92fdb4057192dc43dd748ea778adc52bc498ce80524c014b81119,00000000,,,,,False,,,,,,,,,,False,False
/a/1/3/3,/a/1/3/3!/member_01180,0,/a/1/3/3,262,1180,,41528,41532,9780,9784,4,df3f619804a92fdb4057192dc43dd748ea778adc52bc498ce80524c014b81119,00000000,,,,,False,,,,,,,,,,False,False
/a/1/3/3,/a/1/3/3!/member_01181,0,/a/1/3/3,262,1181,,41532,41536,9784,9788,4,df3f619804a92fdb4057192dc43dd748ea778adc52bc498ce80524c014b81119,00000000,,,,,False,,,,,,,,,,False,False
/a/1/3/3,/a/1/3/3!/member_01182,0,/a/1/3/3,262,1182,,41536,41540,9788,9792,4,df3f619804a92fdb4057192dc43dd748ea778adc52bc498ce80524c014b81119,00000000,,,,,False,,,,,,,,,,False,False
/a/1/3/3,/a/1/3/3!/member_01183,0,/a/1/3/3,262,1183,,41540,41544,9792,9796,4,df3f619804a92fdb4057192dc43dd748ea778adc52bc498ce80524c014b81119,00000000,,,,,False,,,,,,,,,,False,False
/a/1/3/3,/a/1/3/3!/member_01184,0,/a/1/3/3,262,1184,,41544,41548,9796,9800,4,df3f619804a92fdb4057192dc43dd748ea778adc52bc498ce80524c014b81119,00000000,,,,,False,,,,,,,,,,False,False
/a/1/3/3,/a/1/3/3!/member_01185,0,/a/1/3/3,262,1185,,41548,41552,9800,9804,4,df3f619804a92fdb4057192dc43dd748ea778adc52bc498ce80524c014b81119,00000000,,,,,False,,,,,,,,,,False,False
/a/1/3/3,/a/1/3/3!/member_01186,0,/a/1/3/3,262,1186,,41552,41568,9804,9820,16,76ad4abb4102e2848c0da2186e87647f60453e99df1d5f732581b38dc549c9b5,02000000030000001100000000000000,,,,,False,,,,,,,,,,False,False
/a/1/3/3,/a/1/3/3!/member_01187,0,/a/1/3/3,262,1187,,41568,41588,9820,9840,20,087a1aaa3180bf77e62f11bc0fcd11d9336ff82fb191c7db05123ba5827a82a6,02000000030000001000000011000000,,,,,False,,,,,,,,,,False,False
/a/1/3/3,/a/1/3/3!/member_01188,0,/a/1/3/3,262,1188,,41588,41592,9840,9844,4,df3f619804a92fdb4057192dc43dd748ea778adc52bc498ce80524c014b81119,00000000,,,,,False,,,,,,,,,,False,False
/a/1/3/3,/a/1/3/3!/member_01189,0,/a/1/3/3,262,1189,,41592,41596,9844,9848,4,df3f619804a92fdb4057192dc43dd748ea778adc52bc498ce80524c014b81119,00000000,,,,,False,,,,,,,,,,False,False
/a/1/3/3,/a/1/3/3!/member_01190,0,/a/1/3/3,262,1190,,41596,41600,9848,9852,4,df3f619804a92fdb4057192dc43dd748ea778adc52bc498ce80524c014b81119,00000000,,,,,False,,,,,,,,,,False,False
/a/1/3/3,/a/1/3/3!/member_01191,0,/a/1/3/3,262,1191,,41600,41604,9852,9856,4,df3f619804a92fdb4057192dc43dd748ea778adc52bc498ce80524c014b81119,00000000,,,,,False,,,,,,,,,,False,False
/a/1/3/3,/a/1/3/3!/member_01192,0,/a/1/3/3,262,1192,,41604,41616,9856,9868,12,0c01fe56a83e7c5c2b056a4b29ab08e42bfb7daac35d8fa5e4eb7bc1dad01fea,100000001200000000000000,,Nintendo LZ10,Probable,,True,Nintendo LZ10,Probable,True,18,False,,,,,False,False
/a/1/3/3,/a/1/3/3!/member_01193,0,/a/1/3/3,262,1193,,41616,41624,9868,9876,8,d86e8112f3c4c4442126f8e9f44f16867da487f29052bf91b810457db34209a4,0200000000000000,,,,,False,,,,,,,,,,False,False
/a/1/3/3,/a/1/3/3!/member_01194,0,/a/1/3/3,262,1194,,41624,41636,9876,9888,12,c89e40ccbf8b5a59ab469b6516e8421cc93b5d199fe6c76704b989353ddab570,0d0000001900000000000000,,,,,False,,,,,,,,,,False,False
/a/1/3/3,/a/1/3/3!/member_01195,0,/a/1/3/3,262,1195,,41636,41640,9888,9892,4,df3f619804a92fdb4057192dc43dd748ea778adc52bc498ce80524c014b81119,00000000,,,,,False,,,,,,,,,,False,False
/a/1/3/3,/a/1/3/3!/member_01196,0,/a/1/3/3,262,1196,,41640,41644,9892,9896,4,df3f619804a92fdb4057192dc43dd748ea778adc52bc498ce80524c014b81119,00000000,,,,,False,,,,,,,,,,False,False
/a/1/3/3,/a/1/3/3!/member_01197,0,/a/1/3/3,262,1197,,41644,41648,9896,9900,4,df3f619804a92fdb4057192dc43dd748ea778adc52bc498ce80524c014b81119,00000000,,,,,False,,,,,,,,,,False,False
/a/1/3/3,/a/1/3/3!/member_01198,0,/a/1/3/3,262,1198,,41648,41656,9900,9908,8,b0bd73e6922c0d2496dbcb99eac08eb5870090e59f6e06b1eb477d540002a5cd,0d00000000000000,,,,,False,,,,,,,,,,False,False
/a/1/3/3,/a/1/3/3!/member_01199,0,/a/1/3/3,262,1199,,41656,41660,9908,9912,4,df3f619804a92fdb4057192dc43dd748ea778adc52bc498ce80524c014b81119,00000000,,,,,False,,,,,,,,,,False,False
/a/1/3/3,/a/1/3/3!/member_01200,0,/a/1/3/3,262,1200,,41660,41672,9912,9924,12,0c01fe56a83e7c5c2b056a4b29ab08e42bfb7daac35d8fa5e4eb7bc1dad01fea,100000001200000000000000,,Nintendo LZ10,Probable,,True,Nintendo LZ10,Probable,True,18,False,,,,,False,False
/a/1/3/3,/a/1/3/3!/member_01201,0,/a/1/3/3,262,1201,,41672,41676,9924,9928,4,df3f619804a92fdb4057192dc43dd748ea778adc52bc498ce80524c014b81119,00000000,,,,,False,,,,,,,,,,False,False
/a/1/3/3,/a/1/3/3!/member_01202,0,/a/1/3/3,262,1202,,41676,41680,9928,9932,4,df3f619804a92fdb4057192dc43dd748ea778adc52bc498ce80524c014b81119,00000000,,,,,False,,,,,,,,,,False,False
/a/1/3/3,/a/1/3/3!/member_01203,0,/a/1/3/3,262,1203,,41680,41684,9932,9936,4,df3f619804a92fdb4057192dc43dd748ea778adc52bc498ce80524c014b81119,00000000,,,,,False,,,,,,,,,,False,False
/a/1/3/3,/a/1/3/3!/member_01204,0,/a/1/3/3,262,1204,,41684,41688,9936,9940,4,df3f619804a92fdb4057192dc43dd748ea778adc52bc498ce80524c014b81119,00000000,,,,,False,,,,,,,,,,False,False
/a/1/3/3,/a/1/3/3!/member_01205,0,/a/1/3/3,262,1205,,41688,41692,9940,9944,4,df3f619804a92fdb4057192dc43dd748ea778adc52bc498ce80524c014b81119,00000000,,,,,False,,,,,,,,,,False,False
/a/1/3/3,/a/1/3/3!/member_01206,0,/a/1/3/3,262,1206,,41692,41696,9944,9948,4,df3f619804a92fdb4057192dc43dd748ea778adc52bc498ce80524c014b81119,00000000,,,,,False,,,,,,,,,,False,False
/a/1/3/3,/a/1/3/3!/member_01207,0,/a/1/3/3,262,1207,,41696,41704,9948,9956,8,5eb6da0e0e522104c6d50b0748e6893762f7f2c00a7163a46ccbb535bfd61a0d,1000000000000000,,Nintendo LZ10,Probable,,True,Nintendo LZ10,Confirmed,True,0,True,0,e3b0c44298fc1c149afbf4c8996fb92427ae41e4649b934ca495991b7852b855,,,False,False
/a/1/3/3,/a/1/3/3!/member_01208,0,/a/1/3/3,262,1208,,41704,41708,9956,9960,4,df3f619804a92fdb4057192dc43dd748ea778adc52bc498ce80524c014b81119,00000000,,,,,False,,,,,,,,,,False,False
/a/1/3/3,/a/1/3/3!/member_01209,0,/a/1/3/3,262,1209,,41708,41712,9960,9964,4,df3f619804a92fdb4057192dc43dd748ea778adc52bc498ce80524c014b81119,00000000,,,,,False,,,,,,,,,,False,False
/a/1/3/3,/a/1/3/3!/member_01210,0,/a/1/3/3,262,1210,,41712,41716,9964,9968,4,df3f619804a92fdb4057192dc43dd748ea778adc52bc498ce80524c014b81119,00000000,,,,,False,,,,,,,,,,False,False
/a/1/3/3,/a/1/3/3!/member_01211,0,/a/1/3/3,262,1211,,41716,41720,9968,9972,4,df3f619804a92fdb4057192dc43dd748ea778adc52bc498ce80524c014b81119,00000000,,,,,False,,,,,,,,,,False,False
/a/1/3/3,/a/1/3/3!/member_01212,0,/a/1/3/3,262,1212,,41720,41728,9972,9980,8,5fd1b79ebdef9619a57916a3bfc264b54d37a792659b3693f8ab36ec3ebce448,0b00000000000000,,,,,False,,,,,,,,,,False,False
/a/1/3/3,/a/1/3/3!/member_01213,0,/a/1/3/3,262,1213,,41728,41732,9980,9984,4,df3f619804a92fdb4057192dc43dd748ea778adc52bc498ce80524c014b81119,00000000,,,,,False,,,,,,,,,,False,False
/a/1/3/3,/a/1/3/3!/member_01214,0,/a/1/3/3,262,1214,,41732,41736,9984,9988,4,df3f619804a92fdb4057192dc43dd748ea778adc52bc498ce80524c014b81119,00000000,,,,,False,,,,,,,,,,False,False
/a/1/3/3,/a/1/3/3!/member_01215,0,/a/1/3/3,262,1215,,41736,41740,9988,9992,4,df3f619804a92fdb4057192dc43dd748ea778adc52bc498ce80524c014b81119,00000000,,,,,False,,,,,,,,,,False,False
/a/1/3/3,/a/1/3/3!/member_01216,0,/a/1/3/3,262,1216,,41740,41744,9992,9996,4,df3f619804a92fdb4057192dc43dd748ea778adc52bc498ce80524c014b81119,00000000,,,,,False,,,,,,,,,,False,False
/a/1/3/3,/a/1/3/3!/member_01217,0,/a/1/3/3,262,1217,,41744,41748,9996,10000,4,df3f619804a92fdb4057192dc43dd748ea778adc52bc498ce80524c014b81119,00000000,,,,,False,,,,,,,,,,False,False
/a/1/3/3,/a/1/3/3!/member_01218,0,/a/1/3/3,262,1218,,41748,41752,10000,10004,4,df3f619804a92fdb4057192dc43dd748ea778adc52bc498ce80524c014b81119,00000000,,,,,False,,,,,,,,,,False,False
/a/1/3/3,/a/1/3/3!/member_01219,0,/a/1/3/3,262,1219,,41752,41756,10004,10008,4,df3f619804a92fdb4057192dc43dd748ea778adc52bc498ce80524c014b81119,00000000,,,,,False,,,,,,,,,,False,False
/a/1/3/3,/a/1/3/3!/member_01220,0,/a/1/3/3,262,1220,,41756,41760,10008,10012,4,df3f619804a92fdb4057192dc43dd748ea778adc52bc498ce80524c014b81119,00000000,,,,,False,,,,,,,,,,False,False
/a/1/3/3,/a/1/3/3!/member_01221,0,/a/1/3/3,262,1221,,41760,41764,10012,10016,4,df3f619804a92fdb4057192dc43dd748ea778adc52bc498ce80524c014b81119,00000000,,,,,False,,,,,,,,,,False,False
/a/1/3/3,/a/1/3/3!/member_01222,0,/a/1/3/3,262,1222,,41764,41768,10016,10020,4,df3f619804a92fdb4057192dc43dd748ea778adc52bc498ce80524c014b81119,00000000,,,,,False,,,,,,,,,,False,False
/a/1/3/3,/a/1/3/3!/member_01223,0,/a/1/3/3,262,1223,,41768,41776,10020,10028,8,5eb6da0e0e522104c6d50b0748e6893762f7f2c00a7163a46ccbb535bfd61a0d,1000000000000000,,Nintendo LZ10,Probable,,True,Nintendo LZ10,Confirmed,True,0,True,0,e3b0c44298fc1c149afbf4c8996fb92427ae41e4649b934ca495991b7852b855,,,False,False
/a/1/3/3,/a/1/3/3!/member_01224,0,/a/1/3/3,262,1224,,41776,41788,10028,10040,12,9dda6ccad5cd1d930c339c4e7dad520837801ac799d8c4f7a7fec9dc0136fbb8,100000001500000000000000,,Nintendo LZ10,Probable,,True,Nintendo LZ10,Probable,True,21,False,,,,,False,False
/a/1/3/3,/a/1/3/3!/member_01225,0,/a/1/3/3,262,1225,,41788,41792,10040,10044,4,df3f619804a92fdb4057192dc43dd748ea778adc52bc498ce80524c014b81119,00000000,,,,,False,,,,,,,,,,False,False
/a/1/3/3,/a/1/3/3!/member_01226,0,/a/1/3/3,262,1226,,41792,41796,10044,10048,4,df3f619804a92fdb4057192dc43dd748ea778adc52bc498ce80524c014b81119,00000000,,,,,False,,,,,,,,,,False,False
/a/1/3/3,/a/1/3/3!/member_01227,0,/a/1/3/3,262,1227,,41796,41804,10048,10056,8,d86e8112f3c4c4442126f8e9f44f16867da487f29052bf91b810457db34209a4,0200000000000000,,,,,False,,,,,,,,,,False,False
/a/1/3/3,/a/1/3/3!/member_01228,0,/a/1/3/3,262,1228,,41804,41808,10056,10060,4,df3f619804a92fdb4057192dc43dd748ea778adc52bc498ce80524c014b81119,00000000,,,,,False,,,,,,,,,,False,False
/a/1/3/3,/a/1/3/3!/member_01229,0,/a/1/3/3,262,1229,,41808,41812,10060,10064,4,df3f619804a92fdb4057192dc43dd748ea778adc52bc498ce80524c014b81119,00000000,,,,,False,,,,,,,,,,False,False
/a/1/3/3,/a/1/3/3!/member_01230,0,/a/1/3/3,262,1230,,41812,41816,10064,10068,4,df3f619804a92fdb4057192dc43dd748ea778adc52bc498ce80524c014b81119,00000000,,,,,False,,,,,,,,,,False,False
/a/1/3/3,/a/1/3/3!/member_01231,0,/a/1/3/3,262,1231,,41816,41820,10068,10072,4,df3f619804a92fdb4057192dc43dd748ea778adc52bc498ce80524c014b81119,00000000,,,,,False,,,,,,,,,,False,False
/a/1/3/3,/a/1/3/3!/member_01232,0,/a/1/3/3,262,1232,,41820,41824,10072,10076,4,df3f619804a92fdb4057192dc43dd748ea778adc52bc498ce80524c014b81119,00000000,,,,,False,,,,,,,,,,False,False
/a/1/3/3,/a/1/3/3!/member_01233,0,/a/1/3/3,262,1233,,41824,41828,10076,10080,4,df3f619804a92fdb4057192dc43dd748ea778adc52bc498ce80524c014b81119,00000000,,,,,False,,,,,,,,,,False,False
/a/1/3/3,/a/1/3/3!/member_01234,0,/a/1/3/3,262,1234,,41828,41832,10080,10084,4,df3f619804a92fdb4057192dc43dd748ea778adc52bc498ce80524c014b81119,00000000,,,,,False,,,,,,,,,,False,False
/a/1/3/3,/a/1/3/3!/member_01235,0,/a/1/3/3,262,1235,,41832,41836,10084,10088,4,df3f619804a92fdb4057192dc43dd748ea778adc52bc498ce80524c014b81119,00000000,,,,,False,,,,,,,,,,False,False
/a/1/3/3,/a/1/3/3!/member_01236,0,/a/1/3/3,262,1236,,41836,41840,10088,10092,4,df3f619804a92fdb4057192dc43dd748ea778adc52bc498ce80524c014b81119,00000000,,,,,False,,,,,,,,,,False,False
/a/1/3/3,/a/1/3/3!/member_01237,0,/a/1/3/3,262,1237,,41840,41844,10092,10096,4,df3f619804a92fdb4057192dc43dd748ea778adc52bc498ce80524c014b81119,00000000,,,,,False,,,,,,,,,,False,False
/a/1/3/3,/a/1/3/3!/member_01238,0,/a/1/3/3,262,1238,,41844,41852,10096,10104,8,5eb6da0e0e522104c6d50b0748e6893762f7f2c00a7163a46ccbb535bfd61a0d,1000000000000000,,Nintendo LZ10,Probable,,True,Nintendo LZ10,Confirmed,True,0,True,0,e3b0c44298fc1c149afbf4c8996fb92427ae41e4649b934ca495991b7852b855,,,False,False
/a/1/3/3,/a/1/3/3!/member_01239,0,/a/1/3/3,262,1239,,41852,41860,10104,10112,8,5eb6da0e0e522104c6d50b0748e6893762f7f2c00a7163a46ccbb535bfd61a0d,1000000000000000,,Nintendo LZ10,Probable,,True,Nintendo LZ10,Confirmed,True,0,True,0,e3b0c44298fc1c149afbf4c8996fb92427ae41e4649b934ca495991b7852b855,,,False,False
/a/1/3/3,/a/1/3/3!/member_01240,0,/a/1/3/3,262,1240,,41860,41864,10112,10116,4,df3f619804a92fdb4057192dc43dd748ea778adc52bc498ce80524c014b81119,00000000,,,,,False,,,,,,,,,,False,False
/a/1/3/3,/a/1/3/3!/member_01241,0,/a/1/3/3,262,1241,,41864,41868,10116,10120,4,df3f619804a92fdb4057192dc43dd748ea778adc52bc498ce80524c014b81119,00000000,,,,,False,,,,,,,,,,False,False
/a/1/3/3,/a/1/3/3!/member_01242,0,/a/1/3/3,262,1242,,41868,41872,10120,10124,4,df3f619804a92fdb4057192dc43dd748ea778adc52bc498ce80524c014b81119,00000000,,,,,False,,,,,,,,,,False,False
/a/1/3/3,/a/1/3/3!/member_01243,0,/a/1/3/3,262,1243,,41872,41876,10124,10128,4,df3f619804a92fdb4057192dc43dd748ea778adc52bc498ce80524c014b81119,00000000,,,,,False,,,,,,,,,,False,False
/a/1/3/3,/a/1/3/3!/member_01244,0,/a/1/3/3,262,1244,,41876,41880,10128,10132,4,df3f619804a92fdb4057192dc43dd748ea778adc52bc498ce80524c014b81119,00000000,,,,,False,,,,,,,,,,False,False
/a/1/3/3,/a/1/3/3!/member_01245,0,/a/1/3/3,262,1245,,41880,41884,10132,10136,4,df3f619804a92fdb4057192dc43dd748ea778adc52bc498ce80524c014b81119,00000000,,,,,False,,,,,,,,,,False,False
/a/1/3/3,/a/1/3/3!/member_01246,0,/a/1/3/3,262,1246,,41884,41888,10136,10140,4,df3f619804a92fdb4057192dc43dd748ea778adc52bc498ce80524c014b81119,00000000,,,,,False,,,,,,,,,,False,False
/a/1/3/3,/a/1/3/3!/member_01247,0,/a/1/3/3,262,1247,,41888,41892,10140,10144,4,df3f619804a92fdb4057192dc43dd748ea778adc52bc498ce80524c014b81119,00000000,,,,,False,,,,,,,,,,False,False
/a/1/3/3,/a/1/3/3!/member_01248,0,/a/1/3/3,262,1248,,41892,41896,10144,10148,4,df3f619804a92fdb4057192dc43dd748ea778adc52bc498ce80524c014b81119,00000000,,,,,False,,,,,,,,,,False,False
/a/1/3/3,/a/1/3/3!/member_01249,0,/a/1/3/3,262,1249,,41896,41900,10148,10152,4,df3f619804a92fdb4057192dc43dd748ea778adc52bc498ce80524c014b81119,00000000,,,,,False,,,,,,,,,,False,False
/a/1/3/3,/a/1/3/3!/member_01250,0,/a/1/3/3,262,1250,,41900,41904,10152,10156,4,df3f619804a92fdb4057192dc43dd748ea778adc52bc498ce80524c014b81119,00000000,,,,,False,,,,,,,,,,False,False
/a/1/3/3,/a/1/3/3!/member_01251,0,/a/1/3/3,262,1251,,41904,41908,10156,10160,4,df3f619804a92fdb4057192dc43dd748ea778adc52bc498ce80524c014b81119,00000000,,,,,False,,,,,,,,,,False,False
/a/1/3/3,/a/1/3/3!/member_01252,0,/a/1/3/3,262,1252,,41908,41912,10160,10164,4,df3f619804a92fdb4057192dc43dd748ea778adc52bc498ce80524c014b81119,00000000,,,,,False,,,,,,,,,,False,False
/a/1/3/3,/a/1/3/3!/member_01253,0,/a/1/3/3,262,1253,,41912,41916,10164,10168,4,df3f619804a92fdb4057192dc43dd748ea778adc52bc498ce80524c014b81119,00000000,,,,,False,,,,,,,,,,False,False
/a/1/3/3,/a/1/3/3!/member_01254,0,/a/1/3/3,262,1254,,41916,41920,10168,10172,4,df3f619804a92fdb4057192dc43dd748ea778adc52bc498ce80524c014b81119,00000000,,,,,False,,,,,,,,,,False,False
/a/1/3/3,/a/1/3/3!/member_01255,0,/a/1/3/3,262,1255,,41920,41924,10172,10176,4,df3f619804a92fdb4057192dc43dd748ea778adc52bc498ce80524c014b81119,00000000,,,,,False,,,,,,,,,,False,False
/a/1/3/3,/a/1/3/3!/member_01256,0,/a/1/3/3,262,1256,,41924,41928,10176,10180,4,df3f619804a92fdb4057192dc43dd748ea778adc52bc498ce80524c014b81119,00000000,,,,,False,,,,,,,,,,False,False
/a/1/3/3,/a/1/3/3!/member_01257,0,/a/1/3/3,262,1257,,41928,41932,10180,10184,4,df3f619804a92fdb4057192dc43dd748ea778adc52bc498ce80524c014b81119,00000000,,,,,False,,,,,,,,,,False,False
/a/1/3/3,/a/1/3/3!/member_01258,0,/a/1/3/3,262,1258,,41932,41936,10184,10188,4,df3f619804a92fdb4057192dc43dd748ea778adc52bc498ce80524c014b81119,00000000,,,,,False,,,,,,,,,,False,False
/a/1/3/3,/a/1/3/3!/member_01259,0,/a/1/3/3,262,1259,,41936,41940,10188,10192,4,df3f619804a92fdb4057192dc43dd748ea778adc52bc498ce80524c014b81119,00000000,,,,,False,,,,,,,,,,False,False
/a/1/3/3,/a/1/3/3!/member_01260,0,/a/1/3/3,262,1260,,41940,41944,10192,10196,4,df3f619804a92fdb4057192dc43dd748ea778adc52bc498ce80524c014b81119,00000000,,,,,False,,,,,,,,,,False,False
/a/1/3/3,/a/1/3/3!/member_01261,0,/a/1/3/3,262,1261,,41944,41948,10196,10200,4,df3f619804a92fdb4057192dc43dd748ea778adc52bc498ce80524c014b81119,00000000,,,,,False,,,,,,,,,,False,False
/a/1/3/3,/a/1/3/3!/member_01262,0,/a/1/3/3,262,1262,,41948,41952,10200,10204,4,df3f619804a92fdb4057192dc43dd748ea778adc52bc498ce80524c014b81119,00000000,,,,,False,,,,,,,,,,False,False
/a/1/3/3,/a/1/3/3!/member_01263,0,/a/1/3/3,262,1263,,41952,41956,10204,10208,4,df3f619804a92fdb4057192dc43dd748ea778adc52bc498ce80524c014b81119,00000000,,,,,False,,,,,,,,,,False,False
/a/1/3/3,/a/1/3/3!/member_01264,0,/a/1/3/3,262,1264,,41956,41960,10208,10212,4,df3f619804a92fdb4057192dc43dd748ea778adc52bc498ce80524c014b81119,00000000,,,,,False,,,,,,,,,,False,False
/a/1/3/3,/a/1/3/3!/member_01265,0,/a/1/3/3,262,1265,,41960,41964,10212,10216,4,df3f619804a92fdb4057192dc43dd748ea778adc52bc498ce80524c014b81119,00000000,,,,,False,,,,,,,,,,False,False
/a/1/3/3,/a/1/3/3!/member_01266,0,/a/1/3/3,262,1266,,41964,41968,10216,10220,4,df3f619804a92fdb4057192dc43dd748ea778adc52bc498ce80524c014b81119,00000000,,,,,False,,,,,,,,,,False,False
/a/1/3/3,/a/1/3/3!/member_01267,0,/a/1/3/3,262,1267,,41968,41972,10220,10224,4,df3f619804a92fdb4057192dc43dd748ea778adc52bc498ce80524c014b81119,00000000,,,,,False,,,,,,,,,,False,False
/a/1/3/3,/a/1/3/3!/member_01268,0,/a/1/3/3,262,1268,,41972,41976,10224,10228,4,df3f619804a92fdb4057192dc43dd748ea778adc52bc498ce80524c014b81119,00000000,,,,,False,,,,,,,,,,False,False
/a/1/3/3,/a/1/3/3!/member_01269,0,/a/1/3/3,262,1269,,41976,41980,10228,10232,4,df3f619804a92fdb4057192dc43dd748ea778adc52bc498ce80524c014b81119,00000000,,,,,False,,,,,,,,,,False,False
/a/1/3/3,/a/1/3/3!/member_01270,0,/a/1/3/3,262,1270,,41980,41984,10232,10236,4,df3f619804a92fdb4057192dc43dd748ea778adc52bc498ce80524c014b81119,00000000,,,,,False,,,,,,,,,,False,False
/a/1/3/3,/a/1/3/3!/member_01271,0,/a/1/3/3,262,1271,,41984,41988,10236,10240,4,df3f619804a92fdb4057192dc43dd748ea778adc52bc498ce80524c014b81119,00000000,,,,,False,,,,,,,,,,False,False
/a/1/3/3,/a/1/3/3!/member_01272,0,/a/1/3/3,262,1272,,41988,41992,10240,10244,4,df3f619804a92fdb4057192dc43dd748ea778adc52bc498ce80524c014b81119,00000000,,,,,False,,,,,,,,,,False,False
/a/1/3/3,/a/1/3/3!/member_01273,0,/a/1/3/3,262,1273,,41992,41996,10244,10248,4,df3f619804a92fdb4057192dc43dd748ea778adc52bc498ce80524c014b81119,00000000,,,,,False,,,,,,,,,,False,False
/a/1/3/3,/a/1/3/3!/member_01274,0,/a/1/3/3,262,1274,,41996,42000,10248,10252,4,df3f619804a92fdb4057192dc43dd748ea778adc52bc498ce80524c014b81119,00000000,,,,,False,,,,,,,,,,False,False
/a/1/3/3,/a/1/3/3!/member_01275,0,/a/1/3/3,262,1275,,42000,42004,10252,10256,4,df3f619804a92fdb4057192dc43dd748ea778adc52bc498ce80524c014b81119,00000000,,,,,False,,,,,,,,,,False,False
/a/1/3/3,/a/1/3/3!/member_01276,0,/a/1/3/3,262,1276,,42004,42008,10256,10260,4,df3f619804a92fdb4057192dc43dd748ea778adc52bc498ce80524c014b81119,00000000,,,,,False,,,,,,,,,,False,False
/a/1/3/3,/a/1/3/3!/member_01277,0,/a/1/3/3,262,1277,,42008,42012,10260,10264,4,df3f619804a92fdb4057192dc43dd748ea778adc52bc498ce80524c014b81119,00000000,,,,,False,,,,,,,,,,False,False
/a/1/3/3,/a/1/3/3!/member_01278,0,/a/1/3/3,262,1278,,42012,42016,10264,10268,4,df3f619804a92fdb4057192dc43dd748ea778adc52bc498ce80524c014b81119,00000000,,,,,False,,,,,,,,,,False,False
/a/1/3/3,/a/1/3/3!/member_01279,0,/a/1/3/3,262,1279,,42016,42020,10268,10272,4,df3f619804a92fdb4057192dc43dd748ea778adc52bc498ce80524c014b81119,00000000,,,,,False,,,,,,,,,,False,False
/a/1/3/3,/a/1/3/3!/member_01280,0,/a/1/3/3,262,1280,,42020,42024,10272,10276,4,df3f619804a92fdb4057192dc43dd748ea778adc52bc498ce80524c014b81119,00000000,,,,,False,,,,,,,,,,False,False
/a/1/3/3,/a/1/3/3!/member_01281,0,/a/1/3/3,262,1281,,42024,42028,10276,10280,4,df3f619804a92fdb4057192dc43dd748ea778adc52bc498ce80524c014b81119,00000000,,,,,False,,,,,,,,,,False,False
/a/1/3/3,/a/1/3/3!/member_01282,0,/a/1/3/3,262,1282,,42028,42032,10280,10284,4,df3f619804a92fdb4057192dc43dd748ea778adc52bc498ce80524c014b81119,00000000,,,,,False,,,,,,,,,,False,False
/a/1/3/3,/a/1/3/3!/member_01283,0,/a/1/3/3,262,1283,,42032,42036,10284,10288,4,df3f619804a92fdb4057192dc43dd748ea778adc52bc498ce80524c014b81119,00000000,,,,,False,,,,,,,,,,False,False
/a/1/3/3,/a/1/3/3!/member_01284,0,/a/1/3/3,262,1284,,42036,42040,10288,10292,4,df3f619804a92fdb4057192dc43dd748ea778adc52bc498ce80524c014b81119,00000000,,,,,False,,,,,,,,,,False,False
/a/1/3/3,/a/1/3/3!/member_01285,0,/a/1/3/3,262,1285,,42040,42044,10292,10296,4,df3f619804a92fdb4057192dc43dd748ea778adc52bc498ce80524c014b81119,00000000,,,,,False,,,,,,,,,,False,False
/a/1/3/3,/a/1/3/3!/member_01286,0,/a/1/3/3,262,1286,,42044,42048,10296,10300,4,df3f619804a92fdb4057192dc43dd748ea778adc52bc498ce80524c014b81119,00000000,,,,,False,,,,,,,,,,False,False
/a/1/3/3,/a/1/3/3!/member_01287,0,/a/1/3/3,262,1287,,42048,42052,10300,10304,4,df3f619804a92fdb4057192dc43dd748ea778adc52bc498ce80524c014b81119,00000000,,,,,False,,,,,,,,,,False,False
/a/1/3/3,/a/1/3/3!/member_01288,0,/a/1/3/3,262,1288,,42052,42056,10304,10308,4,df3f619804a92fdb4057192dc43dd748ea778adc52bc498ce80524c014b81119,00000000,,,,,False,,,,,,,,,,False,False
/a/1/3/3,/a/1/3/3!/member_01289,0,/a/1/3/3,262,1289,,42056,42060,10308,10312,4,df3f619804a92fdb4057192dc43dd748ea778adc52bc498ce80524c014b81119,00000000,,,,,False,,,,,,,,,,False,False
/a/1/3/3,/a/1/3/3!/member_01290,0,/a/1/3/3,262,1290,,42060,42064,10312,10316,4,df3f619804a92fdb4057192dc43dd748ea778adc52bc498ce80524c014b81119,00000000,,,,,False,,,,,,,,,,False,False
/a/1/3/3,/a/1/3/3!/member_01291,0,/a/1/3/3,262,1291,,42064,42068,10316,10320,4,df3f619804a92fdb4057192dc43dd748ea778adc52bc498ce80524c014b81119,00000000,,,,,False,,,,,,,,,,False,False
/a/1/3/3,/a/1/3/3!/member_01292,0,/a/1/3/3,262,1292,,42068,42072,10320,10324,4,df3f619804a92fdb4057192dc43dd748ea778adc52bc498ce80524c014b81119,00000000,,,,,False,,,,,,,,,,False,False
/a/1/3/3,/a/1/3/3!/member_01293,0,/a/1/3/3,262,1293,,42072,42076,10324,10328,4,df3f619804a92fdb4057192dc43dd748ea778adc52bc498ce80524c014b81119,00000000,,,,,False,,,,,,,,,,False,False
/a/1/3/3,/a/1/3/3!/member_01294,0,/a/1/3/3,262,1294,,42076,42080,10328,10332,4,df3f619804a92fdb4057192dc43dd748ea778adc52bc498ce80524c014b81119,00000000,,,,,False,,,,,,,,,,False,False
/a/1/3/3,/a/1/3/3!/member_01295,0,/a/1/3/3,262,1295,,42080,42084,10332,10336,4,df3f619804a92fdb4057192dc43dd748ea778adc52bc498ce80524c014b81119,00000000,,,,,False,,,,,,,,,,False,False
/a/1/3/3,/a/1/3/3!/member_01296,0,/a/1/3/3,262,1296,,42084,42088,10336,10340,4,df3f619804a92fdb4057192dc43dd748ea778adc52bc498ce80524c014b81119,00000000,,,,,False,,,,,,,,,,False,False
/a/1/3/3,/a/1/3/3!/member_01297,0,/a/1/3/3,262,1297,,42088,42092,10340,10344,4,df3f619804a92fdb4057192dc43dd748ea778adc52bc498ce80524c014b81119,00000000,,,,,False,,,,,,,,,,False,False
/a/1/3/3,/a/1/3/3!/member_01298,0,/a/1/3/3,262,1298,,42092,42096,10344,10348,4,df3f619804a92fdb4057192dc43dd748ea778adc52bc498ce80524c014b81119,00000000,,,,,False,,,,,,,,,,False,False
/a/1/3/3,/a/1/3/3!/member_01299,0,/a/1/3/3,262,1299,,42096,42100,10348,10352,4,df3f619804a92fdb4057192dc43dd748ea778adc52bc498ce80524c014b81119,00000000,,,,,False,,,,,,,,,,False,False
/a/1/3/3,/a/1/3/3!/member_01300,0,/a/1/3/3,262,1300,,42100,42104,10352,10356,4,df3f619804a92fdb4057192dc43dd748ea778adc52bc498ce80524c014b81119,00000000,,,,,False,,,,,,,,,,False,False
/a/1/3/3,/a/1/3/3!/member_01301,0,/a/1/3/3,262,1301,,42104,42108,10356,10360,4,df3f619804a92fdb4057192dc43dd748ea778adc52bc498ce80524c014b81119,00000000,,,,,False,,,,,,,,,,False,False
/a/1/3/3,/a/1/3/3!/member_01302,0,/a/1/3/3,262,1302,,42108,42112,10360,10364,4,df3f619804a92fdb4057192dc43dd748ea778adc52bc498ce80524c014b81119,00000000,,,,,False,,,,,,,,,,False,False
/a/1/3/3,/a/1/3/3!/member_01303,0,/a/1/3/3,262,1303,,42112,42116,10364,10368,4,df3f619804a92fdb4057192dc43dd748ea778adc52bc498ce80524c014b81119,00000000,,,,,False,,,,,,,,,,False,False
/a/1/3/3,/a/1/3/3!/member_01304,0,/a/1/3/3,262,1304,,42116,42120,10368,10372,4,df3f619804a92fdb4057192dc43dd748ea778adc52bc498ce80524c014b81119,00000000,,,,,False,,,,,,,,,,False,False
/a/1/3/3,/a/1/3/3!/member_01305,0,/a/1/3/3,262,1305,,42120,42124,10372,10376,4,df3f619804a92fdb4057192dc43dd748ea778adc52bc498ce80524c014b81119,00000000,,,,,False,,,,,,,,,,False,False
/a/1/3/3,/a/1/3/3!/member_01306,0,/a/1/3/3,262,1306,,42124,42128,10376,10380,4,df3f619804a92fdb4057192dc43dd748ea778adc52bc498ce80524c014b81119,00000000,,,,,False,,,,,,,,,,False,False
/a/1/3/3,/a/1/3/3!/member_01307,0,/a/1/3/3,262,1307,,42128,42132,10380,10384,4,df3f619804a92fdb4057192dc43dd748ea778adc52bc498ce80524c014b81119,00000000,,,,,False,,,,,,,,,,False,False
/a/1/3/3,/a/1/3/3!/member_01308,0,/a/1/3/3,262,1308,,42132,42136,10384,10388,4,df3f619804a92fdb4057192dc43dd748ea778adc52bc498ce80524c014b81119,00000000,,,,,False,,,,,,,,,,False,False
/a/1/3/3,/a/1/3/3!/member_01309,0,/a/1/3/3,262,1309,,42136,42140,10388,10392,4,df3f619804a92fdb4057192dc43dd748ea778adc52bc498ce80524c014b81119,00000000,,,,,False,,,,,,,,,,False,False
/a/1/3/3,/a/1/3/3!/member_01310,0,/a/1/3/3,262,1310,,42140,42144,10392,10396,4,df3f619804a92fdb4057192dc43dd748ea778adc52bc498ce80524c014b81119,00000000,,,,,False,,,,,,,,,,False,False
/a/1/3/3,/a/1/3/3!/member_01311,0,/a/1/3/3,262,1311,,42144,42148,10396,10400,4,df3f619804a92fdb4057192dc43dd748ea778adc52bc498ce80524c014b81119,00000000,,,,,False,,,,,,,,,,False,False
/a/1/3/3,/a/1/3/3!/member_01312,0,/a/1/3/3,262,1312,,42148,42152,10400,10404,4,df3f619804a92fdb4057192dc43dd748ea778adc52bc498ce80524c014b81119,00000000,,,,,False,,,,,,,,,,False,False
/a/1/3/3,/a/1/3/3!/member_01313,0,/a/1/3/3,262,1313,,42152,42156,10404,10408,4,df3f619804a92fdb4057192dc43dd748ea778adc52bc498ce80524c014b81119,00000000,,,,,False,,,,,,,,,,False,False
/a/1/3/3,/a/1/3/3!/member_01314,0,/a/1/3/3,262,1314,,42156,42160,10408,10412,4,df3f619804a92fdb4057192dc43dd748ea778adc52bc498ce80524c014b81119,00000000,,,,,False,,,,,,,,,,False,False
/a/1/3/3,/a/1/3/3!/member_01315,0,/a/1/3/3,262,1315,,42160,42164,10412,10416,4,df3f619804a92fdb4057192dc43dd748ea778adc52bc498ce80524c014b81119,00000000,,,,,False,,,,,,,,,,False,False
/a/1/3/3,/a/1/3/3!/member_01316,0,/a/1/3/3,262,1316,,42164,42168,10416,10420,4,df3f619804a92fdb4057192dc43dd748ea778adc52bc498ce80524c014b81119,00000000,,,,,False,,,,,,,,,,False,False
/a/1/3/3,/a/1/3/3!/member_01317,0,/a/1/3/3,262,1317,,42168,42172,10420,10424,4,df3f619804a92fdb4057192dc43dd748ea778adc52bc498ce80524c014b81119,00000000,,,,,False,,,,,,,,,,False,False
/a/1/3/3,/a/1/3/3!/member_01318,0,/a/1/3/3,262,1318,,42172,42176,10424,10428,4,df3f619804a92fdb4057192dc43dd748ea778adc52bc498ce80524c014b81119,00000000,,,,,False,,,,,,,,,,False,False
/a/1/3/3,/a/1/3/3!/member_01319,0,/a/1/3/3,262,1319,,42176,42180,10428,10432,4,df3f619804a92fdb4057192dc43dd748ea778adc52bc498ce80524c014b81119,00000000,,,,,False,,,,,,,,,,False,False
/a/1/3/3,/a/1/3/3!/member_01320,0,/a/1/3/3,262,1320,,42180,42184,10432,10436,4,df3f619804a92fdb4057192dc43dd748ea778adc52bc498ce80524c014b81119,00000000,,,,,False,,,,,,,,,,False,False
/a/1/3/3,/a/1/3/3!/member_01321,0,/a/1/3/3,262,1321,,42184,42188,10436,10440,4,df3f619804a92fdb4057192dc43dd748ea778adc52bc498ce80524c014b81119,00000000,,,,,False,,,,,,,,,,False,False
/a/1/3/3,/a/1/3/3!/member_01322,0,/a/1/3/3,262,1322,,42188,42192,10440,10444,4,df3f619804a92fdb4057192dc43dd748ea778adc52bc498ce80524c014b81119,00000000,,,,,False,,,,,,,,,,False,False
/a/1/3/3,/a/1/3/3!/member_01323,0,/a/1/3/3,262,1323,,42192,42196,10444,10448,4,df3f619804a92fdb4057192dc43dd748ea778adc52bc498ce80524c014b81119,00000000,,,,,False,,,,,,,,,,False,False
/a/1/3/3,/a/1/3/3!/member_01324,0,/a/1/3/3,262,1324,,42196,42200,10448,10452,4,df3f619804a92fdb4057192dc43dd748ea778adc52bc498ce80524c014b81119,00000000,,,,,False,,,,,,,,,,False,False
/a/1/3/3,/a/1/3/3!/member_01325,0,/a/1/3/3,262,1325,,42200,42204,10452,10456,4,df3f619804a92fdb4057192dc43dd748ea778adc52bc498ce80524c014b81119,00000000,,,,,False,,,,,,,,,,False,False
/a/1/3/3,/a/1/3/3!/member_01326,0,/a/1/3/3,262,1326,,42204,42208,10456,10460,4,df3f619804a92fdb4057192dc43dd748ea778adc52bc498ce80524c014b81119,00000000,,,,,False,,,,,,,,,,False,False
/a/1/3/3,/a/1/3/3!/member_01327,0,/a/1/3/3,262,1327,,42208,42212,10460,10464,4,df3f619804a92fdb4057192dc43dd748ea778adc52bc498ce80524c014b81119,00000000,,,,,False,,,,,,,,,,False,False
/a/1/3/3,/a/1/3/3!/member_01328,0,/a/1/3/3,262,1328,,42212,42216,10464,10468,4,df3f619804a92fdb4057192dc43dd748ea778adc52bc498ce80524c014b81119,00000000,,,,,False,,,,,,,,,,False,False
/a/1/3/3,/a/1/3/3!/member_01329,0,/a/1/3/3,262,1329,,42216,42220,10468,10472,4,df3f619804a92fdb4057192dc43dd748ea778adc52bc498ce80524c014b81119,00000000,,,,,False,,,,,,,,,,False,False
/a/1/3/3,/a/1/3/3!/member_01330,0,/a/1/3/3,262,1330,,42220,42224,10472,10476,4,df3f619804a92fdb4057192dc43dd748ea778adc52bc498ce80524c014b81119,00000000,,,,,False,,,,,,,,,,False,False
/a/1/3/3,/a/1/3/3!/member_01331,0,/a/1/3/3,262,1331,,42224,42228,10476,10480,4,df3f619804a92fdb4057192dc43dd748ea778adc52bc498ce80524c014b81119,00000000,,,,,False,,,,,,,,,,False,False
/a/1/3/3,/a/1/3/3!/member_01332,0,/a/1/3/3,262,1332,,42228,42232,10480,10484,4,df3f619804a92fdb4057192dc43dd748ea778adc52bc498ce80524c014b81119,00000000,,,,,False,,,,,,,,,,False,False
/a/1/3/3,/a/1/3/3!/member_01333,0,/a/1/3/3,262,1333,,42232,42236,10484,10488,4,df3f619804a92fdb4057192dc43dd748ea778adc52bc498ce80524c014b81119,00000000,,,,,False,,,,,,,,,,False,False
/a/1/3/3,/a/1/3/3!/member_01334,0,/a/1/3/3,262,1334,,42236,42240,10488,10492,4,df3f619804a92fdb4057192dc43dd748ea778adc52bc498ce80524c014b81119,00000000,,,,,False,,,,,,,,,,False,False
/a/1/3/3,/a/1/3/3!/member_01335,0,/a/1/3/3,262,1335,,42240,42244,10492,10496,4,df3f619804a92fdb4057192dc43dd748ea778adc52bc498ce80524c014b81119,00000000,,,,,False,,,,,,,,,,False,False
/a/1/3/3,/a/1/3/3!/member_01336,0,/a/1/3/3,262,1336,,42244,42248,10496,10500,4,df3f619804a92fdb4057192dc43dd748ea778adc52bc498ce80524c014b81119,00000000,,,,,False,,,,,,,,,,False,False
/a/1/3/3,/a/1/3/3!/member_01337,0,/a/1/3/3,262,1337,,42248,42252,10500,10504,4,df3f619804a92fdb4057192dc43dd748ea778adc52bc498ce80524c014b81119,00000000,,,,,False,,,,,,,,,,False,False
/a/1/3/3,/a/1/3/3!/member_01338,0,/a/1/3/3,262,1338,,42252,42256,10504,10508,4,df3f619804a92fdb4057192dc43dd748ea778adc52bc498ce80524c014b81119,00000000,,,,,False,,,,,,,,,,False,False
/a/1/3/3,/a/1/3/3!/member_01339,0,/a/1/3/3,262,1339,,42256,42260,10508,10512,4,df3f619804a92fdb4057192dc43dd748ea778adc52bc498ce80524c014b81119,00000000,,,,,False,,,,,,,,,,False,False
/a/1/3/3,/a/1/3/3!/member_01340,0,/a/1/3/3,262,1340,,42260,42264,10512,10516,4,df3f619804a92fdb4057192dc43dd748ea778adc52bc498ce80524c014b81119,00000000,,,,,False,,,,,,,,,,False,False
/a/1/3/3,/a/1/3/3!/member_01341,0,/a/1/3/3,262,1341,,42264,42268,10516,10520,4,df3f619804a92fdb4057192dc43dd748ea778adc52bc498ce80524c014b81119,00000000,,,,,False,,,,,,,,,,False,False
/a/1/3/3,/a/1/3/3!/member_01342,0,/a/1/3/3,262,1342,,42268,42272,10520,10524,4,df3f619804a92fdb4057192dc43dd748ea778adc52bc498ce80524c014b81119,00000000,,,,,False,,,,,,,,,,False,False
/a/1/3/3,/a/1/3/3!/member_01343,0,/a/1/3/3,262,1343,,42272,42276,10524,10528,4,df3f619804a92fdb4057192dc43dd748ea778adc52bc498ce80524c014b81119,00000000,,,,,False,,,,,,,,,,False,False
/a/1/3/3,/a/1/3/3!/member_01344,0,/a/1/3/3,262,1344,,42276,42280,10528,10532,4,df3f619804a92fdb4057192dc43dd748ea778adc52bc498ce80524c014b81119,00000000,,,,,False,,,,,,,,,,False,False
/a/1/3/3,/a/1/3/3!/member_01345,0,/a/1/3/3,262,1345,,42280,42284,10532,10536,4,df3f619804a92fdb4057192dc43dd748ea778adc52bc498ce80524c014b81119,00000000,,,,,False,,,,,,,,,,False,False
/a/1/3/3,/a/1/3/3!/member_01346,0,/a/1/3/3,262,1346,,42284,42288,10536,10540,4,df3f619804a92fdb4057192dc43dd748ea778adc52bc498ce80524c014b81119,00000000,,,,,False,,,,,,,,,,False,False
/a/1/3/3,/a/1/3/3!/member_01347,0,/a/1/3/3,262,1347,,42288,42292,10540,10544,4,df3f619804a92fdb4057192dc43dd748ea778adc52bc498ce80524c014b81119,00000000,,,,,False,,,,,,,,,,False,False
/a/1/3/3,/a/1/3/3!/member_01348,0,/a/1/3/3,262,1348,,42292,42296,10544,10548,4,df3f619804a92fdb4057192dc43dd748ea778adc52bc498ce80524c014b81119,00000000,,,,,False,,,,,,,,,,False,False
/a/1/3/3,/a/1/3/3!/member_01349,0,/a/1/3/3,262,1349,,42296,42300,10548,10552,4,df3f619804a92fdb4057192dc43dd748ea778adc52bc498ce80524c014b81119,00000000,,,,,False,,,,,,,,,,False,False
/a/1/3/3,/a/1/3/3!/member_01350,0,/a/1/3/3,262,1350,,42300,42304,10552,10556,4,df3f619804a92fdb4057192dc43dd748ea778adc52bc498ce80524c014b81119,00000000,,,,,False,,,,,,,,,,False,False
/a/1/3/3,/a/1/3/3!/member_01351,0,/a/1/3/3,262,1351,,42304,42308,10556,10560,4,df3f619804a92fdb4057192dc43dd748ea778adc52bc498ce80524c014b81119,00000000,,,,,False,,,,,,,,,,False,False
/a/1/3/3,/a/1/3/3!/member_01352,0,/a/1/3/3,262,1352,,42308,42312,10560,10564,4,df3f619804a92fdb4057192dc43dd748ea778adc52bc498ce80524c014b81119,00000000,,,,,False,,,,,,,,,,False,False
/a/1/3/3,/a/1/3/3!/member_01353,0,/a/1/3/3,262,1353,,42312,42316,10564,10568,4,df3f619804a92fdb4057192dc43dd748ea778adc52bc498ce80524c014b81119,00000000,,,,,False,,,,,,,,,,False,False
/a/1/3/3,/a/1/3/3!/member_01354,0,/a/1/3/3,262,1354,,42316,42320,10568,10572,4,df3f619804a92fdb4057192dc43dd748ea778adc52bc498ce80524c014b81119,00000000,,,,,False,,,,,,,,,,False,False
/a/1/3/3,/a/1/3/3!/member_01355,0,/a/1/3/3,262,1355,,42320,42324,10572,10576,4,df3f619804a92fdb4057192dc43dd748ea778adc52bc498ce80524c014b81119,00000000,,,,,False,,,,,,,,,,False,False
/a/1/3/3,/a/1/3/3!/member_01356,0,/a/1/3/3,262,1356,,42324,42328,10576,10580,4,df3f619804a92fdb4057192dc43dd748ea778adc52bc498ce80524c014b81119,00000000,,,,,False,,,,,,,,,,False,False
/a/1/3/3,/a/1/3/3!/member_01357,0,/a/1/3/3,262,1357,,42328,42332,10580,10584,4,df3f619804a92fdb4057192dc43dd748ea778adc52bc498ce80524c014b81119,00000000,,,,,False,,,,,,,,,,False,False
/a/1/3/3,/a/1/3/3!/member_01358,0,/a/1/3/3,262,1358,,42332,42336,10584,10588,4,df3f619804a92fdb4057192dc43dd748ea778adc52bc498ce80524c014b81119,00000000,,,,,False,,,,,,,,,,False,False
/a/1/3/3,/a/1/3/3!/member_01359,0,/a/1/3/3,262,1359,,42336,42340,10588,10592,4,df3f619804a92fdb4057192dc43dd748ea778adc52bc498ce80524c014b81119,00000000,,,,,False,,,,,,,,,,False,False
/a/1/3/3,/a/1/3/3!/member_01360,0,/a/1/3/3,262,1360,,42340,42344,10592,10596,4,df3f619804a92fdb4057192dc43dd748ea778adc52bc498ce80524c014b81119,00000000,,,,,False,,,,,,,,,,False,False
/a/1/3/3,/a/1/3/3!/member_01361,0,/a/1/3/3,262,1361,,42344,42348,10596,10600,4,df3f619804a92fdb4057192dc43dd748ea778adc52bc498ce80524c014b81119,00000000,,,,,False,,,,,,,,,,False,False
/a/1/3/3,/a/1/3/3!/member_01362,0,/a/1/3/3,262,1362,,42348,42352,10600,10604,4,df3f619804a92fdb4057192dc43dd748ea778adc52bc498ce80524c014b81119,00000000,,,,,False,,,,,,,,,,False,False
/a/1/3/3,/a/1/3/3!/member_01363,0,/a/1/3/3,262,1363,,42352,42356,10604,10608,4,df3f619804a92fdb4057192dc43dd748ea778adc52bc498ce80524c014b81119,00000000,,,,,False,,,,,,,,,,False,False
/a/1/3/3,/a/1/3/3!/member_01364,0,/a/1/3/3,262,1364,,42356,42360,10608,10612,4,df3f619804a92fdb4057192dc43dd748ea778adc52bc498ce80524c014b81119,00000000,,,,,False,,,,,,,,,,False,False
/a/1/3/3,/a/1/3/3!/member_01365,0,/a/1/3/3,262,1365,,42360,42364,10612,10616,4,df3f619804a92fdb4057192dc43dd748ea778adc52bc498ce80524c014b81119,00000000,,,,,False,,,,,,,,,,False,False
/a/1/3/3,/a/1/3/3!/member_01366,0,/a/1/3/3,262,1366,,42364,42368,10616,10620,4,df3f619804a92fdb4057192dc43dd748ea778adc52bc498ce80524c014b81119,00000000,,,,,False,,,,,,,,,,False,False
/a/1/3/3,/a/1/3/3!/member_01367,0,/a/1/3/3,262,1367,,42368,42372,10620,10624,4,df3f619804a92fdb4057192dc43dd748ea778adc52bc498ce80524c014b81119,00000000,,,,,False,,,,,,,,,,False,False
/a/1/3/3,/a/1/3/3!/member_01368,0,/a/1/3/3,262,1368,,42372,42376,10624,10628,4,df3f619804a92fdb4057192dc43dd748ea778adc52bc498ce80524c014b81119,00000000,,,,,False,,,,,,,,,,False,False
/a/1/3/3,/a/1/3/3!/member_01369,0,/a/1/3/3,262,1369,,42376,42380,10628,10632,4,df3f619804a92fdb4057192dc43dd748ea778adc52bc498ce80524c014b81119,00000000,,,,,False,,,,,,,,,,False,False
/a/1/3/3,/a/1/3/3!/member_01370,0,/a/1/3/3,262,1370,,42380,42384,10632,10636,4,df3f619804a92fdb4057192dc43dd748ea778adc52bc498ce80524c014b81119,00000000,,,,,False,,,,,,,,,,False,False
/a/1/3/3,/a/1/3/3!/member_01371,0,/a/1/3/3,262,1371,,42384,42388,10636,10640,4,df3f619804a92fdb4057192dc43dd748ea778adc52bc498ce80524c014b81119,00000000,,,,,False,,,,,,,,,,False,False
/a/1/3/3,/a/1/3/3!/member_01372,0,/a/1/3/3,262,1372,,42388,42392,10640,10644,4,df3f619804a92fdb4057192dc43dd748ea778adc52bc498ce80524c014b81119,00000000,,,,,False,,,,,,,,,,False,False
/a/1/3/3,/a/1/3/3!/member_01373,0,/a/1/3/3,262,1373,,42392,42396,10644,10648,4,df3f619804a92fdb4057192dc43dd748ea778adc52bc498ce80524c014b81119,00000000,,,,,False,,,,,,,,,,False,False
/a/1/3/3,/a/1/3/3!/member_01374,0,/a/1/3/3,262,1374,,42396,42400,10648,10652,4,df3f619804a92fdb4057192dc43dd748ea778adc52bc498ce80524c014b81119,00000000,,,,,False,,,,,,,,,,False,False
/a/1/3/3,/a/1/3/3!/member_01375,0,/a/1/3/3,262,1375,,42400,42404,10652,10656,4,df3f619804a92fdb4057192dc43dd748ea778adc52bc498ce80524c014b81119,00000000,,,,,False,,,,,,,,,,False,False
/a/1/3/3,/a/1/3/3!/member_01376,0,/a/1/3/3,262,1376,,42404,42408,10656,10660,4,df3f619804a92fdb4057192dc43dd748ea778adc52bc498ce80524c014b81119,00000000,,,,,False,,,,,,,,,,False,False
/a/1/3/3,/a/1/3/3!/member_01377,0,/a/1/3/3,262,1377,,42408,42412,10660,10664,4,df3f619804a92fdb4057192dc43dd748ea778adc52bc498ce80524c014b81119,00000000,,,,,False,,,,,,,,,,False,False
/a/1/3/3,/a/1/3/3!/member_01378,0,/a/1/3/3,262,1378,,42412,42416,10664,10668,4,df3f619804a92fdb4057192dc43dd748ea778adc52bc498ce80524c014b81119,00000000,,,,,False,,,,,,,,,,False,False
/a/1/3/3,/a/1/3/3!/member_01379,0,/a/1/3/3,262,1379,,42416,42420,10668,10672,4,df3f619804a92fdb4057192dc43dd748ea778adc52bc498ce80524c014b81119,00000000,,,,,False,,,,,,,,,,False,False
/a/1/3/3,/a/1/3/3!/member_01380,0,/a/1/3/3,262,1380,,42420,42424,10672,10676,4,df3f619804a92fdb4057192dc43dd748ea778adc52bc498ce80524c014b81119,00000000,,,,,False,,,,,,,,,,False,False
/a/1/3/3,/a/1/3/3!/member_01381,0,/a/1/3/3,262,1381,,42424,42428,10676,10680,4,df3f619804a92fdb4057192dc43dd748ea778adc52bc498ce80524c014b81119,00000000,,,,,False,,,,,,,,,,False,False
/a/1/3/3,/a/1/3/3!/member_01382,0,/a/1/3/3,262,1382,,42428,42432,10680,10684,4,df3f619804a92fdb4057192dc43dd748ea778adc52bc498ce80524c014b81119,00000000,,,,,False,,,,,,,,,,False,False
/a/1/3/3,/a/1/3/3!/member_01383,0,/a/1/3/3,262,1383,,42432,42436,10684,10688,4,df3f619804a92fdb4057192dc43dd748ea778adc52bc498ce80524c014b81119,00000000,,,,,False,,,,,,,,,,False,False
/a/1/3/3,/a/1/3/3!/member_01384,0,/a/1/3/3,262,1384,,42436,42440,10688,10692,4,df3f619804a92fdb4057192dc43dd748ea778adc52bc498ce80524c014b81119,00000000,,,,,False,,,,,,,,,,False,False
/a/1/3/3,/a/1/3/3!/member_01385,0,/a/1/3/3,262,1385,,42440,42444,10692,10696,4,df3f619804a92fdb4057192dc43dd748ea778adc52bc498ce80524c014b81119,00000000,,,,,False,,,,,,,,,,False,False
/a/1/3/3,/a/1/3/3!/member_01386,0,/a/1/3/3,262,1386,,42444,42448,10696,10700,4,df3f619804a92fdb4057192dc43dd748ea778adc52bc498ce80524c014b81119,00000000,,,,,False,,,,,,,,,,False,False
/a/1/3/3,/a/1/3/3!/member_01387,0,/a/1/3/3,262,1387,,42448,42452,10700,10704,4,df3f619804a92fdb4057192dc43dd748ea778adc52bc498ce80524c014b81119,00000000,,,,,False,,,,,,,,,,False,False
/a/1/3/3,/a/1/3/3!/member_01388,0,/a/1/3/3,262,1388,,42452,42456,10704,10708,4,df3f619804a92fdb4057192dc43dd748ea778adc52bc498ce80524c014b81119,00000000,,,,,False,,,,,,,,,,False,False
/a/1/3/3,/a/1/3/3!/member_01389,0,/a/1/3/3,262,1389,,42456,42460,10708,10712,4,df3f619804a92fdb4057192dc43dd748ea778adc52bc498ce80524c014b81119,00000000,,,,,False,,,,,,,,,,False,False
/a/1/3/3,/a/1/3/3!/member_01390,0,/a/1/3/3,262,1390,,42460,42464,10712,10716,4,df3f619804a92fdb4057192dc43dd748ea778adc52bc498ce80524c014b81119,00000000,,,,,False,,,,,,,,,,False,False
/a/1/3/3,/a/1/3/3!/member_01391,0,/a/1/3/3,262,1391,,42464,42468,10716,10720,4,df3f619804a92fdb4057192dc43dd748ea778adc52bc498ce80524c014b81119,00000000,,,,,False,,,,,,,,,,False,False
/a/1/3/3,/a/1/3/3!/member_01392,0,/a/1/3/3,262,1392,,42468,42472,10720,10724,4,df3f619804a92fdb4057192dc43dd748ea778adc52bc498ce80524c014b81119,00000000,,,,,False,,,,,,,,,,False,False
/a/1/3/3,/a/1/3/3!/member_01393,0,/a/1/3/3,262,1393,,42472,42476,10724,10728,4,df3f619804a92fdb4057192dc43dd748ea778adc52bc498ce80524c014b81119,00000000,,,,,False,,,,,,,,,,False,False
/a/1/3/3,/a/1/3/3!/member_01394,0,/a/1/3/3,262,1394,,42476,42480,10728,10732,4,df3f619804a92fdb4057192dc43dd748ea778adc52bc498ce80524c014b81119,00000000,,,,,False,,,,,,,,,,False,False
/a/1/3/3,/a/1/3/3!/member_01395,0,/a/1/3/3,262,1395,,42480,42484,10732,10736,4,df3f619804a92fdb4057192dc43dd748ea778adc52bc498ce80524c014b81119,00000000,,,,,False,,,,,,,,,,False,False
/a/1/3/3,/a/1/3/3!/member_01396,0,/a/1/3/3,262,1396,,42484,42488,10736,10740,4,df3f619804a92fdb4057192dc43dd748ea778adc52bc498ce80524c014b81119,00000000,,,,,False,,,,,,,,,,False,False
/a/1/3/3,/a/1/3/3!/member_01397,0,/a/1/3/3,262,1397,,42488,42492,10740,10744,4,df3f619804a92fdb4057192dc43dd748ea778adc52bc498ce80524c014b81119,00000000,,,,,False,,,,,,,,,,False,False
/a/1/3/3,/a/1/3/3!/member_01398,0,/a/1/3/3,262,1398,,42492,42496,10744,10748,4,df3f619804a92fdb4057192dc43dd748ea778adc52bc498ce80524c014b81119,00000000,,,,,False,,,,,,,,,,False,False
/a/1/3/3,/a/1/3/3!/member_01399,0,/a/1/3/3,262,1399,,42496,42500,10748,10752,4,df3f619804a92fdb4057192dc43dd748ea778adc52bc498ce80524c014b81119,00000000,,,,,False,,,,,,,,,,False,False
/a/1/3/3,/a/1/3/3!/member_01400,0,/a/1/3/3,262,1400,,42500,42504,10752,10756,4,df3f619804a92fdb4057192dc43dd748ea778adc52bc498ce80524c014b81119,00000000,,,,,False,,,,,,,,,,False,False
/a/1/3/3,/a/1/3/3!/member_01401,0,/a/1/3/3,262,1401,,42504,42508,10756,10760,4,df3f619804a92fdb4057192dc43dd748ea778adc52bc498ce80524c014b81119,00000000,,,,,False,,,,,,,,,,False,False
/a/1/3/3,/a/1/3/3!/member_01402,0,/a/1/3/3,262,1402,,42508,42512,10760,10764,4,df3f619804a92fdb4057192dc43dd748ea778adc52bc498ce80524c014b81119,00000000,,,,,False,,,,,,,,,,False,False
/a/1/3/3,/a/1/3/3!/member_01403,0,/a/1/3/3,262,1403,,42512,42516,10764,10768,4,df3f619804a92fdb4057192dc43dd748ea778adc52bc498ce80524c014b81119,00000000,,,,,False,,,,,,,,,,False,False
/a/1/3/3,/a/1/3/3!/member_01404,0,/a/1/3/3,262,1404,,42516,42520,10768,10772,4,df3f619804a92fdb4057192dc43dd748ea778adc52bc498ce80524c014b81119,00000000,,,,,False,,,,,,,,,,False,False
/a/1/3/3,/a/1/3/3!/member_01405,0,/a/1/3/3,262,1405,,42520,42524,10772,10776,4,df3f619804a92fdb4057192dc43dd748ea778adc52bc498ce80524c014b81119,00000000,,,,,False,,,,,,,,,,False,False
/a/1/3/3,/a/1/3/3!/member_01406,0,/a/1/3/3,262,1406,,42524,42528,10776,10780,4,df3f619804a92fdb4057192dc43dd748ea778adc52bc498ce80524c014b81119,00000000,,,,,False,,,,,,,,,,False,False
/a/1/3/3,/a/1/3/3!/member_01407,0,/a/1/3/3,262,1407,,42528,42532,10780,10784,4,df3f619804a92fdb4057192dc43dd748ea778adc52bc498ce80524c014b81119,00000000,,,,,False,,,,,,,,,,False,False
/a/1/3/3,/a/1/3/3!/member_01408,0,/a/1/3/3,262,1408,,42532,42536,10784,10788,4,df3f619804a92fdb4057192dc43dd748ea778adc52bc498ce80524c014b81119,00000000,,,,,False,,,,,,,,,,False,False
/a/1/3/3,/a/1/3/3!/member_01409,0,/a/1/3/3,262,1409,,42536,42540,10788,10792,4,df3f619804a92fdb4057192dc43dd748ea778adc52bc498ce80524c014b81119,00000000,,,,,False,,,,,,,,,,False,False
/a/1/3/3,/a/1/3/3!/member_01410,0,/a/1/3/3,262,1410,,42540,42544,10792,10796,4,df3f619804a92fdb4057192dc43dd748ea778adc52bc498ce80524c014b81119,00000000,,,,,False,,,,,,,,,,False,False
/a/1/3/3,/a/1/3/3!/member_01411,0,/a/1/3/3,262,1411,,42544,42548,10796,10800,4,df3f619804a92fdb4057192dc43dd748ea778adc52bc498ce80524c014b81119,00000000,,,,,False,,,,,,,,,,False,False
/a/1/3/3,/a/1/3/3!/member_01412,0,/a/1/3/3,262,1412,,42548,42552,10800,10804,4,df3f619804a92fdb4057192dc43dd748ea778adc52bc498ce80524c014b81119,00000000,,,,,False,,,,,,,,,,False,False
/a/1/3/3,/a/1/3/3!/member_01413,0,/a/1/3/3,262,1413,,42552,42556,10804,10808,4,df3f619804a92fdb4057192dc43dd748ea778adc52bc498ce80524c014b81119,00000000,,,,,False,,,,,,,,,,False,False
/a/1/3/3,/a/1/3/3!/member_01414,0,/a/1/3/3,262,1414,,42556,42560,10808,10812,4,df3f619804a92fdb4057192dc43dd748ea778adc52bc498ce80524c014b81119,00000000,,,,,False,,,,,,,,,,False,False
/a/1/3/3,/a/1/3/3!/member_01415,0,/a/1/3/3,262,1415,,42560,42564,10812,10816,4,df3f619804a92fdb4057192dc43dd748ea778adc52bc498ce80524c014b81119,00000000,,,,,False,,,,,,,,,,False,False
/a/1/3/3,/a/1/3/3!/member_01416,0,/a/1/3/3,262,1416,,42564,42568,10816,10820,4,df3f619804a92fdb4057192dc43dd748ea778adc52bc498ce80524c014b81119,00000000,,,,,False,,,,,,,,,,False,False
/a/1/3/3,/a/1/3/3!/member_01417,0,/a/1/3/3,262,1417,,42568,42572,10820,10824,4,df3f619804a92fdb4057192dc43dd748ea778adc52bc498ce80524c014b81119,00000000,,,,,False,,,,,,,,,,False,False
/a/1/3/3,/a/1/3/3!/member_01418,0,/a/1/3/3,262,1418,,42572,42576,10824,10828,4,df3f619804a92fdb4057192dc43dd748ea778adc52bc498ce80524c014b81119,00000000,,,,,False,,,,,,,,,,False,False
/a/1/3/3,/a/1/3/3!/member_01419,0,/a/1/3/3,262,1419,,42576,42580,10828,10832,4,df3f619804a92fdb4057192dc43dd748ea778adc52bc498ce80524c014b81119,00000000,,,,,False,,,,,,,,,,False,False
/a/1/3/3,/a/1/3/3!/member_01420,0,/a/1/3/3,262,1420,,42580,42584,10832,10836,4,df3f619804a92fdb4057192dc43dd748ea778adc52bc498ce80524c014b81119,00000000,,,,,False,,,,,,,,,,False,False
/a/1/3/3,/a/1/3/3!/member_01421,0,/a/1/3/3,262,1421,,42584,42588,10836,10840,4,df3f619804a92fdb4057192dc43dd748ea778adc52bc498ce80524c014b81119,00000000,,,,,False,,,,,,,,,,False,False
/a/1/3/3,/a/1/3/3!/member_01422,0,/a/1/3/3,262,1422,,42588,42592,10840,10844,4,df3f619804a92fdb4057192dc43dd748ea778adc52bc498ce80524c014b81119,00000000,,,,,False,,,,,,,,,,False,False
/a/1/3/3,/a/1/3/3!/member_01423,0,/a/1/3/3,262,1423,,42592,42596,10844,10848,4,df3f619804a92fdb4057192dc43dd748ea778adc52bc498ce80524c014b81119,00000000,,,,,False,,,,,,,,,,False,False
/a/1/3/3,/a/1/3/3!/member_01424,0,/a/1/3/3,262,1424,,42596,42600,10848,10852,4,df3f619804a92fdb4057192dc43dd748ea778adc52bc498ce80524c014b81119,00000000,,,,,False,,,,,,,,,,False,False
/a/1/3/3,/a/1/3/3!/member_01425,0,/a/1/3/3,262,1425,,42600,42604,10852,10856,4,df3f619804a92fdb4057192dc43dd748ea778adc52bc498ce80524c014b81119,00000000,,,,,False,,,,,,,,,,False,False
/a/1/3/3,/a/1/3/3!/member_01426,0,/a/1/3/3,262,1426,,42604,42608,10856,10860,4,df3f619804a92fdb4057192dc43dd748ea778adc52bc498ce80524c014b81119,00000000,,,,,False,,,,,,,,,,False,False
/a/1/3/3,/a/1/3/3!/member_01427,0,/a/1/3/3,262,1427,,42608,42612,10860,10864,4,df3f619804a92fdb4057192dc43dd748ea778adc52bc498ce80524c014b81119,00000000,,,,,False,,,,,,,,,,False,False
/a/1/3/3,/a/1/3/3!/member_01428,0,/a/1/3/3,262,1428,,42612,42616,10864,10868,4,df3f619804a92fdb4057192dc43dd748ea778adc52bc498ce80524c014b81119,00000000,,,,,False,,,,,,,,,,False,False
/a/1/3/3,/a/1/3/3!/member_01429,0,/a/1/3/3,262,1429,,42616,42620,10868,10872,4,df3f619804a92fdb4057192dc43dd748ea778adc52bc498ce80524c014b81119,00000000,,,,,False,,,,,,,,,,False,False
/a/1/3/3,/a/1/3/3!/member_01430,0,/a/1/3/3,262,1430,,42620,42624,10872,10876,4,df3f619804a92fdb4057192dc43dd748ea778adc52bc498ce80524c014b81119,00000000,,,,,False,,,,,,,,,,False,False
/a/1/3/3,/a/1/3/3!/member_01431,0,/a/1/3/3,262,1431,,42624,42628,10876,10880,4,df3f619804a92fdb4057192dc43dd748ea778adc52bc498ce80524c014b81119,00000000,,,,,False,,,,,,,,,,False,False
/a/1/3/3,/a/1/3/3!/member_01432,0,/a/1/3/3,262,1432,,42628,42632,10880,10884,4,df3f619804a92fdb4057192dc43dd748ea778adc52bc498ce80524c014b81119,00000000,,,,,False,,,,,,,,,,False,False
/a/1/3/3,/a/1/3/3!/member_01433,0,/a/1/3/3,262,1433,,42632,42636,10884,10888,4,df3f619804a92fdb4057192dc43dd748ea778adc52bc498ce80524c014b81119,00000000,,,,,False,,,,,,,,,,False,False
/a/1/3/3,/a/1/3/3!/member_01434,0,/a/1/3/3,262,1434,,42636,42640,10888,10892,4,df3f619804a92fdb4057192dc43dd748ea778adc52bc498ce80524c014b81119,00000000,,,,,False,,,,,,,,,,False,False
/a/1/3/3,/a/1/3/3!/member_01435,0,/a/1/3/3,262,1435,,42640,42644,10892,10896,4,df3f619804a92fdb4057192dc43dd748ea778adc52bc498ce80524c014b81119,00000000,,,,,False,,,,,,,,,,False,False
/a/1/3/3,/a/1/3/3!/member_01436,0,/a/1/3/3,262,1436,,42644,42648,10896,10900,4,df3f619804a92fdb4057192dc43dd748ea778adc52bc498ce80524c014b81119,00000000,,,,,False,,,,,,,,,,False,False
/a/1/3/3,/a/1/3/3!/member_01437,0,/a/1/3/3,262,1437,,42648,42652,10900,10904,4,df3f619804a92fdb4057192dc43dd748ea778adc52bc498ce80524c014b81119,00000000,,,,,False,,,,,,,,,,False,False
/a/1/3/3,/a/1/3/3!/member_01438,0,/a/1/3/3,262,1438,,42652,42656,10904,10908,4,df3f619804a92fdb4057192dc43dd748ea778adc52bc498ce80524c014b81119,00000000,,,,,False,,,,,,,,,,False,False
/a/1/3/3,/a/1/3/3!/member_01439,0,/a/1/3/3,262,1439,,42656,42660,10908,10912,4,df3f619804a92fdb4057192dc43dd748ea778adc52bc498ce80524c014b81119,00000000,,,,,False,,,,,,,,,,False,False
/a/1/3/3,/a/1/3/3!/member_01440,0,/a/1/3/3,262,1440,,42660,42664,10912,10916,4,df3f619804a92fdb4057192dc43dd748ea778adc52bc498ce80524c014b81119,00000000,,,,,False,,,,,,,,,,False,False
/a/1/3/3,/a/1/3/3!/member_01441,0,/a/1/3/3,262,1441,,42664,42668,10916,10920,4,df3f619804a92fdb4057192dc43dd748ea778adc52bc498ce80524c014b81119,00000000,,,,,False,,,,,,,,,,False,False
/a/1/3/3,/a/1/3/3!/member_01442,0,/a/1/3/3,262,1442,,42668,42672,10920,10924,4,df3f619804a92fdb4057192dc43dd748ea778adc52bc498ce80524c014b81119,00000000,,,,,False,,,,,,,,,,False,False
/a/1/3/3,/a/1/3/3!/member_01443,0,/a/1/3/3,262,1443,,42672,42676,10924,10928,4,df3f619804a92fdb4057192dc43dd748ea778adc52bc498ce80524c014b81119,00000000,,,,,False,,,,,,,,,,False,False
/a/1/3/3,/a/1/3/3!/member_01444,0,/a/1/3/3,262,1444,,42676,42680,10928,10932,4,df3f619804a92fdb4057192dc43dd748ea778adc52bc498ce80524c014b81119,00000000,,,,,False,,,,,,,,,,False,False
/a/1/3/3,/a/1/3/3!/member_01445,0,/a/1/3/3,262,1445,,42680,42684,10932,10936,4,df3f619804a92fdb4057192dc43dd748ea778adc52bc498ce80524c014b81119,00000000,,,,,False,,,,,,,,,,False,False
/a/1/3/3,/a/1/3/3!/member_01446,0,/a/1/3/3,262,1446,,42684,42688,10936,10940,4,df3f619804a92fdb4057192dc43dd748ea778adc52bc498ce80524c014b81119,00000000,,,,,False,,,,,,,,,,False,False
/a/1/3/3,/a/1/3/3!/member_01447,0,/a/1/3/3,262,1447,,42688,42692,10940,10944,4,df3f619804a92fdb4057192dc43dd748ea778adc52bc498ce80524c014b81119,00000000,,,,,False,,,,,,,,,,False,False
/a/1/3/3,/a/1/3/3!/member_01448,0,/a/1/3/3,262,1448,,42692,42696,10944,10948,4,df3f619804a92fdb4057192dc43dd748ea778adc52bc498ce80524c014b81119,00000000,,,,,False,,,,,,,,,,False,False
/a/1/3/3,/a/1/3/3!/member_01449,0,/a/1/3/3,262,1449,,42696,42700,10948,10952,4,df3f619804a92fdb4057192dc43dd748ea778adc52bc498ce80524c014b81119,00000000,,,,,False,,,,,,,,,,False,False
/a/1/3/3,/a/1/3/3!/member_01450,0,/a/1/3/3,262,1450,,42700,42704,10952,10956,4,df3f619804a92fdb4057192dc43dd748ea778adc52bc498ce80524c014b81119,00000000,,,,,False,,,,,,,,,,False,False
/a/1/3/3,/a/1/3/3!/member_01451,0,/a/1/3/3,262,1451,,42704,42708,10956,10960,4,df3f619804a92fdb4057192dc43dd748ea778adc52bc498ce80524c014b81119,00000000,,,,,False,,,,,,,,,,False,False
/a/1/3/3,/a/1/3/3!/member_01452,0,/a/1/3/3,262,1452,,42708,42712,10960,10964,4,df3f619804a92fdb4057192dc43dd748ea778adc52bc498ce80524c014b81119,00000000,,,,,False,,,,,,,,,,False,False
/a/1/3/3,/a/1/3/3!/member_01453,0,/a/1/3/3,262,1453,,42712,42716,10964,10968,4,df3f619804a92fdb4057192dc43dd748ea778adc52bc498ce80524c014b81119,00000000,,,,,False,,,,,,,,,,False,False
/a/1/3/3,/a/1/3/3!/member_01454,0,/a/1/3/3,262,1454,,42716,42720,10968,10972,4,df3f619804a92fdb4057192dc43dd748ea778adc52bc498ce80524c014b81119,00000000,,,,,False,,,,,,,,,,False,False
/a/1/3/3,/a/1/3/3!/member_01455,0,/a/1/3/3,262,1455,,42720,42724,10972,10976,4,df3f619804a92fdb4057192dc43dd748ea778adc52bc498ce80524c014b81119,00000000,,,,,False,,,,,,,,,,False,False
/a/1/3/3,/a/1/3/3!/member_01456,0,/a/1/3/3,262,1456,,42724,42728,10976,10980,4,df3f619804a92fdb4057192dc43dd748ea778adc52bc498ce80524c014b81119,00000000,,,,,False,,,,,,,,,,False,False
/a/1/3/3,/a/1/3/3!/member_01457,0,/a/1/3/3,262,1457,,42728,42732,10980,10984,4,df3f619804a92fdb4057192dc43dd748ea778adc52bc498ce80524c014b81119,00000000,,,,,False,,,,,,,,,,False,False
/a/1/3/3,/a/1/3/3!/member_01458,0,/a/1/3/3,262,1458,,42732,42736,10984,10988,4,df3f619804a92fdb4057192dc43dd748ea778adc52bc498ce80524c014b81119,00000000,,,,,False,,,,,,,,,,False,False
/a/1/3/3,/a/1/3/3!/member_01459,0,/a/1/3/3,262,1459,,42736,42740,10988,10992,4,df3f619804a92fdb4057192dc43dd748ea778adc52bc498ce80524c014b81119,00000000,,,,,False,,,,,,,,,,False,False
/a/1/3/3,/a/1/3/3!/member_01460,0,/a/1/3/3,262,1460,,42740,42744,10992,10996,4,df3f619804a92fdb4057192dc43dd748ea778adc52bc498ce80524c014b81119,00000000,,,,,False,,,,,,,,,,False,False
/a/1/3/3,/a/1/3/3!/member_01461,0,/a/1/3/3,262,1461,,42744,42748,10996,11000,4,df3f619804a92fdb4057192dc43dd748ea778adc52bc498ce80524c014b81119,00000000,,,,,False,,,,,,,,,,False,False
/a/1/3/3,/a/1/3/3!/member_01462,0,/a/1/3/3,262,1462,,42748,42752,11000,11004,4,df3f619804a92fdb4057192dc43dd748ea778adc52bc498ce80524c014b81119,00000000,,,,,False,,,,,,,,,,False,False
/a/1/3/3,/a/1/3/3!/member_01463,0,/a/1/3/3,262,1463,,42752,42756,11004,11008,4,df3f619804a92fdb4057192dc43dd748ea778adc52bc498ce80524c014b81119,00000000,,,,,False,,,,,,,,,,False,False
/a/1/3/3,/a/1/3/3!/member_01464,0,/a/1/3/3,262,1464,,42756,42760,11008,11012,4,df3f619804a92fdb4057192dc43dd748ea778adc52bc498ce80524c014b81119,00000000,,,,,False,,,,,,,,,,False,False
/a/1/3/3,/a/1/3/3!/member_01465,0,/a/1/3/3,262,1465,,42760,42764,11012,11016,4,df3f619804a92fdb4057192dc43dd748ea778adc52bc498ce80524c014b81119,00000000,,,,,False,,,,,,,,,,False,False
/a/1/3/3,/a/1/3/3!/member_01466,0,/a/1/3/3,262,1466,,42764,42768,11016,11020,4,df3f619804a92fdb4057192dc43dd748ea778adc52bc498ce80524c014b81119,00000000,,,,,False,,,,,,,,,,False,False
/a/1/3/3,/a/1/3/3!/member_01467,0,/a/1/3/3,262,1467,,42768,42772,11020,11024,4,df3f619804a92fdb4057192dc43dd748ea778adc52bc498ce80524c014b81119,00000000,,,,,False,,,,,,,,,,False,False
/a/1/3/3,/a/1/3/3!/member_01468,0,/a/1/3/3,262,1468,,42772,42776,11024,11028,4,df3f619804a92fdb4057192dc43dd748ea778adc52bc498ce80524c014b81119,00000000,,,,,False,,,,,,,,,,False,False
/a/1/3/3,/a/1/3/3!/member_01469,0,/a/1/3/3,262,1469,,42776,42780,11028,11032,4,df3f619804a92fdb4057192dc43dd748ea778adc52bc498ce80524c014b81119,00000000,,,,,False,,,,,,,,,,False,False
/a/1/3/3,/a/1/3/3!/member_01470,0,/a/1/3/3,262,1470,,42780,42784,11032,11036,4,df3f619804a92fdb4057192dc43dd748ea778adc52bc498ce80524c014b81119,00000000,,,,,False,,,,,,,,,,False,False
/a/1/3/3,/a/1/3/3!/member_01471,0,/a/1/3/3,262,1471,,42784,42788,11036,11040,4,df3f619804a92fdb4057192dc43dd748ea778adc52bc498ce80524c014b81119,00000000,,,,,False,,,,,,,,,,False,False
/a/1/3/3,/a/1/3/3!/member_01472,0,/a/1/3/3,262,1472,,42788,42792,11040,11044,4,df3f619804a92fdb4057192dc43dd748ea778adc52bc498ce80524c014b81119,00000000,,,,,False,,,,,,,,,,False,False
/a/1/3/3,/a/1/3/3!/member_01473,0,/a/1/3/3,262,1473,,42792,42796,11044,11048,4,df3f619804a92fdb4057192dc43dd748ea778adc52bc498ce80524c014b81119,00000000,,,,,False,,,,,,,,,,False,False
/a/1/3/3,/a/1/3/3!/member_01474,0,/a/1/3/3,262,1474,,42796,42800,11048,11052,4,df3f619804a92fdb4057192dc43dd748ea778adc52bc498ce80524c014b81119,00000000,,,,,False,,,,,,,,,,False,False
/a/1/3/3,/a/1/3/3!/member_01475,0,/a/1/3/3,262,1475,,42800,42804,11052,11056,4,df3f619804a92fdb4057192dc43dd748ea778adc52bc498ce80524c014b81119,00000000,,,,,False,,,,,,,,,,False,False
/a/1/3/3,/a/1/3/3!/member_01476,0,/a/1/3/3,262,1476,,42804,42808,11056,11060,4,df3f619804a92fdb4057192dc43dd748ea778adc52bc498ce80524c014b81119,00000000,,,,,False,,,,,,,,,,False,False
/a/1/3/3,/a/1/3/3!/member_01477,0,/a/1/3/3,262,1477,,42808,42812,11060,11064,4,df3f619804a92fdb4057192dc43dd748ea778adc52bc498ce80524c014b81119,00000000,,,,,False,,,,,,,,,,False,False
/a/1/3/3,/a/1/3/3!/member_01478,0,/a/1/3/3,262,1478,,42812,42816,11064,11068,4,df3f619804a92fdb4057192dc43dd748ea778adc52bc498ce80524c014b81119,00000000,,,,,False,,,,,,,,,,False,False
/a/1/3/3,/a/1/3/3!/member_01479,0,/a/1/3/3,262,1479,,42816,42820,11068,11072,4,df3f619804a92fdb4057192dc43dd748ea778adc52bc498ce80524c014b81119,00000000,,,,,False,,,,,,,,,,False,False
/a/1/3/3,/a/1/3/3!/member_01480,0,/a/1/3/3,262,1480,,42820,42824,11072,11076,4,df3f619804a92fdb4057192dc43dd748ea778adc52bc498ce80524c014b81119,00000000,,,,,False,,,,,,,,,,False,False
/a/1/3/3,/a/1/3/3!/member_01481,0,/a/1/3/3,262,1481,,42824,42828,11076,11080,4,df3f619804a92fdb4057192dc43dd748ea778adc52bc498ce80524c014b81119,00000000,,,,,False,,,,,,,,,,False,False
/a/1/3/3,/a/1/3/3!/member_01482,0,/a/1/3/3,262,1482,,42828,42832,11080,11084,4,df3f619804a92fdb4057192dc43dd748ea778adc52bc498ce80524c014b81119,00000000,,,,,False,,,,,,,,,,False,False
/a/1/3/3,/a/1/3/3!/member_01483,0,/a/1/3/3,262,1483,,42832,42836,11084,11088,4,df3f619804a92fdb4057192dc43dd748ea778adc52bc498ce80524c014b81119,00000000,,,,,False,,,,,,,,,,False,False
/a/1/3/3,/a/1/3/3!/member_01484,0,/a/1/3/3,262,1484,,42836,42840,11088,11092,4,df3f619804a92fdb4057192dc43dd748ea778adc52bc498ce80524c014b81119,00000000,,,,,False,,,,,,,,,,False,False
/a/1/3/3,/a/1/3/3!/member_01485,0,/a/1/3/3,262,1485,,42840,42844,11092,11096,4,df3f619804a92fdb4057192dc43dd748ea778adc52bc498ce80524c014b81119,00000000,,,,,False,,,,,,,,,,False,False
/a/1/3/3,/a/1/3/3!/member_01486,0,/a/1/3/3,262,1486,,42844,42848,11096,11100,4,df3f619804a92fdb4057192dc43dd748ea778adc52bc498ce80524c014b81119,00000000,,,,,False,,,,,,,,,,False,False
/a/1/3/3,/a/1/3/3!/member_01487,0,/a/1/3/3,262,1487,,42848,43108,11100,11360,260,dd7ff06861e5f6ea5930f76895814fbc7d7f6b75abacdbec64e7a1f80c62ce9d,01000000020000000300000004000000,,,,,False,,,,,,,,,,False,False
/a/1/3/3,/a/1/3/3!/member_01488,0,/a/1/3/3,262,1488,,43108,43112,11360,11364,4,df3f619804a92fdb4057192dc43dd748ea778adc52bc498ce80524c014b81119,00000000,,,,,False,,,,,,,,,,False,False
/a/1/3/3,/a/1/3/3!/member_01489,0,/a/1/3/3,262,1489,,43112,43116,11364,11368,4,df3f619804a92fdb4057192dc43dd748ea778adc52bc498ce80524c014b81119,00000000,,,,,False,,,,,,,,,,False,False
/a/1/3/3,/a/1/3/3!/member_01490,0,/a/1/3/3,262,1490,,43116,43120,11368,11372,4,df3f619804a92fdb4057192dc43dd748ea778adc52bc498ce80524c014b81119,00000000,,,,,False,,,,,,,,,,False,False
/a/1/3/3,/a/1/3/3!/member_01491,0,/a/1/3/3,262,1491,,43120,43124,11372,11376,4,df3f619804a92fdb4057192dc43dd748ea778adc52bc498ce80524c014b81119,00000000,,,,,False,,,,,,,,,,False,False
/a/1/3/3,/a/1/3/3!/member_01492,0,/a/1/3/3,262,1492,,43124,43128,11376,11380,4,df3f619804a92fdb4057192dc43dd748ea778adc52bc498ce80524c014b81119,00000000,,,,,False,,,,,,,,,,False,False
/a/1/3/3,/a/1/3/3!/member_01493,0,/a/1/3/3,262,1493,,43128,43132,11380,11384,4,df3f619804a92fdb4057192dc43dd748ea778adc52bc498ce80524c014b81119,00000000,,,,,False,,,,,,,,,,False,False
/a/1/3/3,/a/1/3/3!/member_01494,0,/a/1/3/3,262,1494,,43132,43136,11384,11388,4,df3f619804a92fdb4057192dc43dd748ea778adc52bc498ce80524c014b81119,00000000,,,,,False,,,,,,,,,,False,False
/a/1/3/3,/a/1/3/3!/member_01495,0,/a/1/3/3,262,1495,,43136,43140,11388,11392,4,df3f619804a92fdb4057192dc43dd748ea778adc52bc498ce80524c014b81119,00000000,,,,,False,,,,,,,,,,False,False
/a/1/3/3,/a/1/3/3!/member_01496,0,/a/1/3/3,262,1496,,43140,43144,11392,11396,4,df3f619804a92fdb4057192dc43dd748ea778adc52bc498ce80524c014b81119,00000000,,,,,False,,,,,,,,,,False,False
/a/1/3/3,/a/1/3/3!/member_01497,0,/a/1/3/3,262,1497,,43144,43164,11396,11416,20,58c0b4d306ed29ac3e0b25cbd5c0647f345f84380d18e7083429bd93590566e9,04000000050000002c00000040000000,,,,,False,,,,,,,,,,False,False
/a/1/3/3,/a/1/3/3!/member_01498,0,/a/1/3/3,262,1498,,43164,43184,11416,11436,20,58c0b4d306ed29ac3e0b25cbd5c0647f345f84380d18e7083429bd93590566e9,04000000050000002c00000040000000,,,,,False,,,,,,,,,,False,False
/a/1/3/3,/a/1/3/3!/member_01499,0,/a/1/3/3,262,1499,,43184,43196,11436,11448,12,f253d24ee59f67b980df515b5aeff93c5feaffae125bd41be19f728a69bafca8,2c0000004000000000000000,,,,,False,,,,,,,,,,False,False
/a/1/3/3,/a/1/3/3!/member_01500,0,/a/1/3/3,262,1500,,43196,43200,11448,11452,4,df3f619804a92fdb4057192dc43dd748ea778adc52bc498ce80524c014b81119,00000000,,,,,False,,,,,,,,,,False,False
/a/1/3/3,/a/1/3/3!/member_01501,0,/a/1/3/3,262,1501,,43200,43204,11452,11456,4,df3f619804a92fdb4057192dc43dd748ea778adc52bc498ce80524c014b81119,00000000,,,,,False,,,,,,,,,,False,False
/a/1/3/3,/a/1/3/3!/member_01502,0,/a/1/3/3,262,1502,,43204,43208,11456,11460,4,df3f619804a92fdb4057192dc43dd748ea778adc52bc498ce80524c014b81119,00000000,,,,,False,,,,,,,,,,False,False
/a/1/3/3,/a/1/3/3!/member_01503,0,/a/1/3/3,262,1503,,43208,43260,11460,11512,52,f8614fe6ff6eb2655361d745a9624a943b2af40e614086a29fe68ca092382663,0200000004000000050000000a000000,,,,,False,,,,,,,,,,False,False
/a/1/3/3,/a/1/3/3!/member_01504,0,/a/1/3/3,262,1504,,43260,43296,11512,11548,36,1c5a02c4edc96713251b83b4eceacf6d0cbb813a817a097a389596800f2a82ab,150000002c0000003200000036000000,,,,,False,,,,,,,,,,False,False
/a/1/3/3,/a/1/3/3!/member_01505,0,/a/1/3/3,262,1505,,43296,43300,11548,11552,4,df3f619804a92fdb4057192dc43dd748ea778adc52bc498ce80524c014b81119,00000000,,,,,False,,,,,,,,,,False,False
/a/1/3/3,/a/1/3/3!/member_01506,0,/a/1/3/3,262,1506,,43300,43360,11552,11612,60,3d84b6e655b4ade18fcacedd428fa0c266e59d46f4aa7eeda8de0c9ff931b75d,02000000070000000800000009000000,,,,,False,,,,,,,,,,False,False
/a/1/3/3,/a/1/3/3!/member_01507,0,/a/1/3/3,262,1507,,43360,43396,11612,11648,36,a91b9abf7ff7c0cf6814c6f8a2cc9cb7c182419982bd9349f3e774b19280b9e0,0e0000000f0000001b00000028000000,,,,,False,,,,,,,,,,False,False
/a/1/3/3,/a/1/3/3!/member_01508,0,/a/1/3/3,262,1508,,43396,43440,11648,11692,44,8c01a146fafde35ec23508c2e7337edcdc3733ca4f1947d8f34d8985d6a6f507,08000000140000001a0000001b000000,,,,,False,,,,,,,,,,False,False
/a/1/3/3,/a/1/3/3!/member_01509,0,/a/1/3/3,262,1509,,43440,43476,11692,11728,36,686c0067a2e49664826f18fb6e3c0cd2043b3edab0b65e25116a521dc4ac26ed,1b000000270000003300000034000000,,,,,False,,,,,,,,,,False,False
/a/1/3/3,/a/1/3/3!/member_01510,0,/a/1/3/3,262,1510,,43476,43480,11728,11732,4,df3f619804a92fdb4057192dc43dd748ea778adc52bc498ce80524c014b81119,00000000,,,,,False,,,,,,,,,,False,False
/a/1/3/3,/a/1/3/3!/member_01511,0,/a/1/3/3,262,1511,,43480,43484,11732,11736,4,df3f619804a92fdb4057192dc43dd748ea778adc52bc498ce80524c014b81119,00000000,,,,,False,,,,,,,,,,False,False
/a/1/3/3,/a/1/3/3!/member_01512,0,/a/1/3/3,262,1512,,43484,43488,11736,11740,4,df3f619804a92fdb4057192dc43dd748ea778adc52bc498ce80524c014b81119,00000000,,,,,False,,,,,,,,,,False,False
/a/1/3/3,/a/1/3/3!/member_01513,0,/a/1/3/3,262,1513,,43488,43492,11740,11744,4,df3f619804a92fdb4057192dc43dd748ea778adc52bc498ce80524c014b81119,00000000,,,,,False,,,,,,,,,,False,False
/a/1/3/3,/a/1/3/3!/member_01514,0,/a/1/3/3,262,1514,,43492,43496,11744,11748,4,df3f619804a92fdb4057192dc43dd748ea778adc52bc498ce80524c014b81119,00000000,,,,,False,,,,,,,,,,False,False
/a/1/3/3,/a/1/3/3!/member_01515,0,/a/1/3/3,262,1515,,43496,43508,11748,11760,12,066e06701fcce07f9fc2d55ca20ae9544ec2705cbec3a6b8d19c51aa4f0054ea,280000002900000000000000,,,,,True,Nintendo Huffman 8-bit,Probable,False,41,,,,,,False,False
/a/1/3/3,/a/1/3/3!/member_01516,0,/a/1/3/3,262,1516,,43508,43520,11760,11772,12,655179e90cc0cc7152c2321eba3c277b741140bca62db914920aecce21f25541,0a0000000b00000000000000,,,,,False,,,,,,,,,,False,False
/a/1/3/3,/a/1/3/3!/member_01517,0,/a/1/3/3,262,1517,,43520,43536,11772,11788,16,3d2bd0784c5fbfc437b09fbe9efd28051cfabd7fbe4851211be597324bc42487,36000000370000003800000000000000,,,,,False,,,,,,,,,,False,False
/a/1/3/3,/a/1/3/3!/member_01518,0,/a/1/3/3,262,1518,,43536,43540,11788,11792,4,df3f619804a92fdb4057192dc43dd748ea778adc52bc498ce80524c014b81119,00000000,,,,,False,,,,,,,,,,False,False
/a/1/3/3,/a/1/3/3!/member_01519,0,/a/1/3/3,262,1519,,43540,43552,11792,11804,12,655179e90cc0cc7152c2321eba3c277b741140bca62db914920aecce21f25541,0a0000000b00000000000000,,,,,False,,,,,,,,,,False,False
/a/1/3/3,/a/1/3/3!/member_01520,0,/a/1/3/3,262,1520,,43552,43568,11804,11820,16,3d2bd0784c5fbfc437b09fbe9efd28051cfabd7fbe4851211be597324bc42487,36000000370000003800000000000000,,,,,False,,,,,,,,,,False,False
/a/1/3/3,/a/1/3/3!/member_01521,0,/a/1/3/3,262,1521,,43568,43572,11820,11824,4,df3f619804a92fdb4057192dc43dd748ea778adc52bc498ce80524c014b81119,00000000,,,,,False,,,,,,,,,,False,False
/a/1/3/3,/a/1/3/3!/member_01522,0,/a/1/3/3,262,1522,,43572,43576,11824,11828,4,df3f619804a92fdb4057192dc43dd748ea778adc52bc498ce80524c014b81119,00000000,,,,,False,,,,,,,,,,False,False
/a/1/3/3,/a/1/3/3!/member_01523,0,/a/1/3/3,262,1523,,43576,43580,11828,11832,4,df3f619804a92fdb4057192dc43dd748ea778adc52bc498ce80524c014b81119,00000000,,,,,False,,,,,,,,,,False,False
/a/1/3/3,/a/1/3/3!/member_01524,0,/a/1/3/3,262,1524,,43580,43584,11832,11836,4,df3f619804a92fdb4057192dc43dd748ea778adc52bc498ce80524c014b81119,00000000,,,,,False,,,,,,,,,,False,False
/a/1/3/3,/a/1/3/3!/member_01525,0,/a/1/3/3,262,1525,,43584,43588,11836,11840,4,df3f619804a92fdb4057192dc43dd748ea778adc52bc498ce80524c014b81119,00000000,,,,,False,,,,,,,,,,False,False
/a/1/3/3,/a/1/3/3!/member_01526,0,/a/1/3/3,262,1526,,43588,43600,11840,11852,12,dd0b256cda95221c6c777998d8fea54c7b68a255b406cfb76607e40bbf77da1e,2d0000002e00000000000000,,,,,False,,,,,,,,,,False,False
/a/1/3/3,/a/1/3/3!/member_01527,0,/a/1/3/3,262,1527,,43600,43604,11852,11856,4,df3f619804a92fdb4057192dc43dd748ea778adc52bc498ce80524c014b81119,00000000,,,,,False,,,,,,,,,,False,False
/a/1/3/3,/a/1/3/3!/member_01528,0,/a/1/3/3,262,1528,,43604,43616,11856,11868,12,43f7d4592c66061b0b8134f696eaa3293e5664e4fe15b7e0ec8791c5320ec22a,070000000800000000000000,,,,,False,,,,,,,,,,False,False
/a/1/3/3,/a/1/3/3!/member_01529,0,/a/1/3/3,262,1529,,43616,43620,11868,11872,4,df3f619804a92fdb4057192dc43dd748ea778adc52bc498ce80524c014b81119,00000000,,,,,False,,,,,,,,,,False,False
/a/1/3/3,/a/1/3/3!/member_01530,0,/a/1/3/3,262,1530,,43620,43624,11872,11876,4,df3f619804a92fdb4057192dc43dd748ea778adc52bc498ce80524c014b81119,00000000,,,,,False,,,,,,,,,,False,False
/a/1/3/3,/a/1/3/3!/member_01531,0,/a/1/3/3,262,1531,,43624,43636,11876,11888,12,a9b3f3d6ce71fa86197817a1bf4d4e1b7aff3012700b2c8f83a06067278c4d8b,1b0000002700000000000000,,,,,False,,,,,,,,,,False,False
/a/1/3/3,/a/1/3/3!/member_01532,0,/a/1/3/3,262,1532,,43636,43640,11888,11892,4,df3f619804a92fdb4057192dc43dd748ea778adc52bc498ce80524c014b81119,00000000,,,,,False,,,,,,,,,,False,False
/a/1/3/3,/a/1/3/3!/member_01533,0,/a/1/3/3,262,1533,,43640,43644,11892,11896,4,df3f619804a92fdb4057192dc43dd748ea778adc52bc498ce80524c014b81119,00000000,,,,,False,,,,,,,,,,False,False
/a/1/3/3,/a/1/3/3!/member_01534,0,/a/1/3/3,262,1534,,43644,43648,11896,11900,4,df3f619804a92fdb4057192dc43dd748ea778adc52bc498ce80524c014b81119,00000000,,,,,False,,,,,,,,,,False,False
/a/1/3/3,/a/1/3/3!/member_01535,0,/a/1/3/3,262,1535,,43648,43664,11900,11916,16,4be633006fc8722e390f984f1db46128c5fc7c44467c4c05eb91bb13230ddab6,150000003e0000003f00000000000000,,,,,False,,,,,,,,,,False,False
/a/1/3/3,/a/1/3/3!/member_01536,0,/a/1/3/3,262,1536,,43664,43668,11916,11920,4,df3f619804a92fdb4057192dc43dd748ea778adc52bc498ce80524c014b81119,00000000,,,,,False,,,,,,,,,,False,False
/a/1/3/3,/a/1/3/3!/member_01537,0,/a/1/3/3,262,1537,,43668,43680,11920,11932,12,3df9950ede9b20e35fd1fb2e68f4001a3e7fd490e57c13e9773a132108a22c8b,230000002700000000000000,,,,,False,,,,,,,,,,False,False
/a/1/3/3,/a/1/3/3!/member_01538,0,/a/1/3/3,262,1538,,43680,43684,11932,11936,4,df3f619804a92fdb4057192dc43dd748ea778adc52bc498ce80524c014b81119,00000000,,,,,False,,,,,,,,,,False,False
/a/1/3/3,/a/1/3/3!/member_01539,0,/a/1/3/3,262,1539,,43684,43688,11936,11940,4,df3f619804a92fdb4057192dc43dd748ea778adc52bc498ce80524c014b81119,00000000,,,,,False,,,,,,,,,,False,False
/a/1/3/3,/a/1/3/3!/member_01540,0,/a/1/3/3,262,1540,,43688,43692,11940,11944,4,df3f619804a92fdb4057192dc43dd748ea778adc52bc498ce80524c014b81119,00000000,,,,,False,,,,,,,,,,False,False
/a/1/3/3,/a/1/3/3!/member_01541,0,/a/1/3/3,262,1541,,43692,43704,11944,11956,12,083701115bb88069f1e8ea9c745417d49a7300a7f9e5f668e11e0cd12823e6f5,0a0000003000000000000000,,,,,False,,,,,,,,,,False,False
/a/1/3/3,/a/1/3/3!/member_01542,0,/a/1/3/3,262,1542,,43704,43716,11956,11968,12,083701115bb88069f1e8ea9c745417d49a7300a7f9e5f668e11e0cd12823e6f5,0a0000003000000000000000,,,,,False,,,,,,,,,,False,False
/a/1/3/3,/a/1/3/3!/member_01543,0,/a/1/3/3,262,1543,,43716,43728,11968,11980,12,2f54f03ebfe6070b3a208afc359a42376230b259077fb35ac6f7fdcb172eb8fa,140000003300000000000000,,,,,False,,,,,,,,,,False,False
/a/1/3/3,/a/1/3/3!/member_01544,0,/a/1/3/3,262,1544,,43728,43736,11980,11988,8,48001b2f2c5137abda63e9487ddf147cc471eff55eb6fef2e0bb9247bc2553c4,3300000000000000,,,,,False,,,,,,,,,,False,False
/a/1/3/3,/a/1/3/3!/member_01545,0,/a/1/3/3,262,1545,,43736,43760,11988,12012,24,d72440e5eea53bd91438956a87a07914f685dff0863ae503219f998afb11b245,0b0000000c0000002700000031000000,,,,,False,,,,,,,,,,False,False
/a/1/3/3,/a/1/3/3!/member_01546,0,/a/1/3/3,262,1546,,43760,43764,12012,12016,4,df3f619804a92fdb4057192dc43dd748ea778adc52bc498ce80524c014b81119,00000000,,,,,False,,,,,,,,,,False,False
/a/1/3/3,/a/1/3/3!/member_01547,0,/a/1/3/3,262,1547,,43764,43824,12016,12076,60,8f814141006cf17d2008ae118efd3386f3dbbb6542476adeba6ff798e10b8afe,0400000005000000060000000a000000,,,,,False,,,,,,,,,,False,False
/a/1/3/3,/a/1/3/3!/member_01548,0,/a/1/3/3,262,1548,,43824,43864,12076,12116,40,b6820aa265f8bf18464c4ae2927e897590b61e2a9297d98373b3abd51922534a,0400000005000000060000000d000000,,,,,False,,,,,,,,,,False,False
/a/1/3/3,/a/1/3/3!/member_01549,0,/a/1/3/3,262,1549,,43864,43868,12116,12120,4,df3f619804a92fdb4057192dc43dd748ea778adc52bc498ce80524c014b81119,00000000,,,,,False,,,,,,,,,,False,False
/a/1/3/3,/a/1/3/3!/member_01550,0,/a/1/3/3,262,1550,,43868,43900,12120,12152,32,d5c231e846f3331266d71b8c1f9afaa9363435bb72856061c8aae0d04b33bc92,090000000a0000002f00000030000000,,,,,False,,,,,,,,,,False,False
/a/1/3/3,/a/1/3/3!/member_01551,0,/a/1/3/3,262,1551,,43900,43908,12152,12160,8,0cbbab9d99fb661a1686f17ccaaf8a9d069aa8cb755925045a1d049c060b9e67,3200000000000000,,,,,False,,,,,,,,,,False,False
/a/1/3/3,/a/1/3/3!/member_01552,0,/a/1/3/3,262,1552,,43908,43912,12160,12164,4,df3f619804a92fdb4057192dc43dd748ea778adc52bc498ce80524c014b81119,00000000,,,,,False,,,,,,,,,,False,False
/a/1/3/3,/a/1/3/3!/member_01553,0,/a/1/3/3,262,1553,,43912,43916,12164,12168,4,df3f619804a92fdb4057192dc43dd748ea778adc52bc498ce80524c014b81119,00000000,,,,,False,,,,,,,,,,False,False
/a/1/3/3,/a/1/3/3!/member_01554,0,/a/1/3/3,262,1554,,43916,43920,12168,12172,4,df3f619804a92fdb4057192dc43dd748ea778adc52bc498ce80524c014b81119,00000000,,,,,False,,,,,,,,,,False,False
/a/1/3/3,/a/1/3/3!/member_01555,0,/a/1/3/3,262,1555,,43920,43924,12172,12176,4,df3f619804a92fdb4057192dc43dd748ea778adc52bc498ce80524c014b81119,00000000,,,,,False,,,,,,,,,,False,False
/a/1/3/3,/a/1/3/3!/member_01556,0,/a/1/3/3,262,1556,,43924,43956,12176,12208,32,21c158bfdf4f0c3abcaf180bfd0e70efbf75d466fca26ca409fbb7bd76013a41,0500000007000000170000002f000000,,,,,False,,,,,,,,,,False,False
/a/1/3/3,/a/1/3/3!/member_01557,0,/a/1/3/3,262,1557,,43956,43972,12208,12224,16,e73f4f1a7a29f64ea1ef16659dd0edb4782d096410c02909cb9d3b9639729870,170000003e0000003f00000000000000,,,,,False,,,,,,,,,,False,False
/a/1/3/3,/a/1/3/3!/member_01558,0,/a/1/3/3,262,1558,,43972,43976,12224,12228,4,df3f619804a92fdb4057192dc43dd748ea778adc52bc498ce80524c014b81119,00000000,,,,,False,,,,,,,,,,False,False
/a/1/3/3,/a/1/3/3!/member_01559,0,/a/1/3/3,262,1559,,43976,44056,12228,12308,80,595ec96e2d89262d321558d52010322fcdb3314ef87662792773fbc8809d7d3e,01000000030000000700000009000000,,,,,False,,,,,,,,,,False,False
/a/1/3/3,/a/1/3/3!/member_01560,0,/a/1/3/3,262,1560,,44056,44136,12308,12388,80,595ec96e2d89262d321558d52010322fcdb3314ef87662792773fbc8809d7d3e,01000000030000000700000009000000,,,,,False,,,,,,,,,,False,False
/a/1/3/3,/a/1/3/3!/member_01561,0,/a/1/3/3,262,1561,,44136,44148,12388,12400,12,ac3e17cb10b4670f60ed7a4f69280ccd605c82307a548ac46547d4918619781d,190000001a00000000000000,,,,,False,,,,,,,,,,False,False
/a/1/3/3,/a/1/3/3!/member_01562,0,/a/1/3/3,262,1562,,44148,44156,12400,12408,8,bf5b0e89f1caed18c8d6ff15d17ecc5c6e0c89510b4bc6d7b4b51d4ed30999cb,1900000000000000,,,,,False,,,,,,,,,,False,False
/a/1/3/3,/a/1/3/3!/member_01563,0,/a/1/3/3,262,1563,,44156,44160,12408,12412,4,df3f619804a92fdb4057192dc43dd748ea778adc52bc498ce80524c014b81119,00000000,,,,,False,,,,,,,,,,False,False
/a/1/3/3,/a/1/3/3!/member_01564,0,/a/1/3/3,262,1564,,44160,44184,12412,12436,24,609adfd20dd3ed2ac598c85c8174c72bd403ea23bdf8ef71e97931646af1c038,1c00000028000000290000002a000000,,,,,False,,,,,,,,,,False,False
/a/1/3/3,/a/1/3/3!/member_01565,0,/a/1/3/3,262,1565,,44184,44196,12436,12448,12,5c8c32a7a92c2f32aaa89c6efe40f0ccda3189fb18aa0a33a3d52884f441138d,1c0000002a00000000000000,,,,,False,,,,,,,,,,False,False
/a/1/3/3,/a/1/3/3!/member_01566,0,/a/1/3/3,262,1566,,44196,44200,12448,12452,4,df3f619804a92fdb4057192dc43dd748ea778adc52bc498ce80524c014b81119,00000000,,,,,False,,,,,,,,,,False,False
/a/1/3/3,/a/1/3/3!/member_01567,0,/a/1/3/3,262,1567,,44200,44204,12452,12456,4,df3f619804a92fdb4057192dc43dd748ea778adc52bc498ce80524c014b81119,00000000,,,,,False,,,,,,,,,,False,False
/a/1/3/3,/a/1/3/3!/member_01568,0,/a/1/3/3,262,1568,,44204,44224,12456,12476,20,286e7b902c88e56681a3899c6a93eb74efb1712dd79e5b94264ba69605fa29c4,0e0000000f0000003000000035000000,,,,,False,,,,,,,,,,False,False
/a/1/3/3,/a/1/3/3!/member_01569,0,/a/1/3/3,262,1569,,44224,44228,12476,12480,4,df3f619804a92fdb4057192dc43dd748ea778adc52bc498ce80524c014b81119,00000000,,,,,False,,,,,,,,,,False,False
/a/1/3/3,/a/1/3/3!/member_01570,0,/a/1/3/3,262,1570,,44228,44248,12480,12500,20,4d91a651d6a779ad48433374b74adf33f65742dec0b6d207ea894d8f9b1656ed,0e0000000f0000001b00000027000000,,,,,False,,,,,,,,,,False,False
/a/1/3/3,/a/1/3/3!/member_01571,0,/a/1/3/3,262,1571,,44248,44272,12500,12524,24,609adfd20dd3ed2ac598c85c8174c72bd403ea23bdf8ef71e97931646af1c038,1c00000028000000290000002a000000,,,,,False,,,,,,,,,,False,False
/a/1/3/3,/a/1/3/3!/member_01572,0,/a/1/3/3,262,1572,,44272,44288,12524,12540,16,abb4b6c6c2b0cb03ed9b0c9c04fedb40d7da6880771ef674c67c9a66f9d71cd6,1c000000280000002a00000000000000,,,,,False,,,,,,,,,,False,False
/a/1/3/3,/a/1/3/3!/member_01573,0,/a/1/3/3,262,1573,,44288,44296,12540,12548,8,4d159113222bfeb85fbe717cc2393ee8a6a85b7ce5ac1791c4eade5e3dd6de41,1b00000000000000,,,,,False,,,,,,,,,,False,False
/a/1/3/3,/a/1/3/3!/member_01574,0,/a/1/3/3,262,1574,,44296,44300,12548,12552,4,df3f619804a92fdb4057192dc43dd748ea778adc52bc498ce80524c014b81119,00000000,,,,,False,,,,,,,,,,False,False
/a/1/3/3,/a/1/3/3!/member_01575,0,/a/1/3/3,262,1575,,44300,44320,12552,12572,20,fc8d014b076b34cae703be61d0e35d8ccf1ef1496c1447a6ce5fd3500c18f84c,24000000390000003a0000003b000000,,,,,True,Nintendo Huffman 4-bit,Probable,False,57,,,,,,False,False
/a/1/3/3,/a/1/3/3!/member_01576,0,/a/1/3/3,262,1576,,44320,44340,12572,12592,20,fc8d014b076b34cae703be61d0e35d8ccf1ef1496c1447a6ce5fd3500c18f84c,24000000390000003a0000003b000000,,,,,True,Nintendo Huffman 4-bit,Probable,False,57,,,,,,False,False
/a/1/3/3,/a/1/3/3!/member_01577,0,/a/1/3/3,262,1577,,44340,44384,12592,12636,44,8477ce6051cef963838dc9136bc50a54eb74788360da4cee880d74e94e314f6a,01000000120000001b0000001f000000,,,,,False,,,,,,,,,,False,False
/a/1/3/3,/a/1/3/3!/member_01578,0,/a/1/3/3,262,1578,,44384,44388,12636,12640,4,df3f619804a92fdb4057192dc43dd748ea778adc52bc498ce80524c014b81119,00000000,,,,,False,,,,,,,,,,False,False
/a/1/3/3,/a/1/3/3!/member_01579,0,/a/1/3/3,262,1579,,44388,44392,12640,12644,4,df3f619804a92fdb4057192dc43dd748ea778adc52bc498ce80524c014b81119,00000000,,,,,False,,,,,,,,,,False,False
/a/1/3/3,/a/1/3/3!/member_01580,0,/a/1/3/3,262,1580,,44392,44396,12644,12648,4,df3f619804a92fdb4057192dc43dd748ea778adc52bc498ce80524c014b81119,00000000,,,,,False,,,,,,,,,,False,False
/a/1/3/3,/a/1/3/3!/member_01581,0,/a/1/3/3,262,1581,,44396,44400,12648,12652,4,df3f619804a92fdb4057192dc43dd748ea778adc52bc498ce80524c014b81119,00000000,,,,,False,,,,,,,,,,False,False
/a/1/3/3,/a/1/3/3!/member_01582,0,/a/1/3/3,262,1582,,44400,44404,12652,12656,4,df3f619804a92fdb4057192dc43dd748ea778adc52bc498ce80524c014b81119,00000000,,,,,False,,,,,,,,,,False,False
/a/1/3/3,/a/1/3/3!/member_01583,0,/a/1/3/3,262,1583,,44404,44420,12656,12672,16,c72a45e70d79f7c9df717bcefd73e28cad4f0aa68663a9ebd000a0b046fdcfc1,090000000a0000003500000000000000,,,,,False,,,,,,,,,,False,False
/a/1/3/3,/a/1/3/3!/member_01584,0,/a/1/3/3,262,1584,,44420,44428,12672,12680,8,563e0ed5fdceb76bf32c350148f6ba0d166833b9cb2f5c5a1d465db005476b84,3500000000000000,,,,,False,,,,,,,,,,False,False
/a/1/3/3,/a/1/3/3!/member_01585,0,/a/1/3/3,262,1585,,44428,44456,12680,12708,28,e2ee2df02c12472bdae1480da8ce928b78ece3c7342992574ba39684cd79c214,03000000090000001000000011000000,,,,,False,,,,,,,,,,False,False
/a/1/3/3,/a/1/3/3!/member_01586,0,/a/1/3/3,262,1586,,44456,44484,12708,12736,28,e2ee2df02c12472bdae1480da8ce928b78ece3c7342992574ba39684cd79c214,03000000090000001000000011000000,,,,,False,,,,,,,,,,False,False
/a/1/3/3,/a/1/3/3!/member_01587,0,/a/1/3/3,262,1587,,44484,44492,12736,12744,8,dcbe298920b50037fcfb8dda1e57ad49eeeedd8e0ddafc2deed4902c1bc11d3a,3400000000000000,,,,,False,,,,,,,,,,False,False
/a/1/3/3,/a/1/3/3!/member_01588,0,/a/1/3/3,262,1588,,44492,44496,12744,12748,4,df3f619804a92fdb4057192dc43dd748ea778adc52bc498ce80524c014b81119,00000000,,,,,False,,,,,,,,,,False,False
/a/1/3/3,/a/1/3/3!/member_01589,0,/a/1/3/3,262,1589,,44496,44500,12748,12752,4,df3f619804a92fdb4057192dc43dd748ea778adc52bc498ce80524c014b81119,00000000,,,,,False,,,,,,,,,,False,False
/a/1/3/3,/a/1/3/3!/member_01590,0,/a/1/3/3,262,1590,,44500,44504,12752,12756,4,df3f619804a92fdb4057192dc43dd748ea778adc52bc498ce80524c014b81119,00000000,,,,,False,,,,,,,,,,False,False
/a/1/3/3,/a/1/3/3!/member_01591,0,/a/1/3/3,262,1591,,44504,44508,12756,12760,4,df3f619804a92fdb4057192dc43dd748ea778adc52bc498ce80524c014b81119,00000000,,,,,False,,,,,,,,,,False,False
/a/1/3/3,/a/1/3/3!/member_01592,0,/a/1/3/3,262,1592,,44508,44512,12760,12764,4,df3f619804a92fdb4057192dc43dd748ea778adc52bc498ce80524c014b81119,00000000,,,,,False,,,,,,,,,,False,False
/a/1/3/3,/a/1/3/3!/member_01593,0,/a/1/3/3,262,1593,,44512,44516,12764,12768,4,df3f619804a92fdb4057192dc43dd748ea778adc52bc498ce80524c014b81119,00000000,,,,,False,,,,,,,,,,False,False
/a/1/3/3,/a/1/3/3!/member_01594,0,/a/1/3/3,262,1594,,44516,44520,12768,12772,4,df3f619804a92fdb4057192dc43dd748ea778adc52bc498ce80524c014b81119,00000000,,,,,False,,,,,,,,,,False,False
/a/1/3/3,/a/1/3/3!/member_01595,0,/a/1/3/3,262,1595,,44520,44528,12772,12780,8,c69a9157638e69fb692d827383c3f27e586e0c98989cffdf8bd4c982ad837a4c,1700000000000000,,,,,False,,,,,,,,,,False,False
/a/1/3/3,/a/1/3/3!/member_01596,0,/a/1/3/3,262,1596,,44528,44532,12780,12784,4,df3f619804a92fdb4057192dc43dd748ea778adc52bc498ce80524c014b81119,00000000,,,,,False,,,,,,,,,,False,False
/a/1/3/3,/a/1/3/3!/member_01597,0,/a/1/3/3,262,1597,,44532,44536,12784,12788,4,df3f619804a92fdb4057192dc43dd748ea778adc52bc498ce80524c014b81119,00000000,,,,,False,,,,,,,,,,False,False
/a/1/3/3,/a/1/3/3!/member_01598,0,/a/1/3/3,262,1598,,44536,44540,12788,12792,4,df3f619804a92fdb4057192dc43dd748ea778adc52bc498ce80524c014b81119,00000000,,,,,False,,,,,,,,,,False,False
/a/1/3/3,/a/1/3/3!/member_01599,0,/a/1/3/3,262,1599,,44540,44544,12792,12796,4,df3f619804a92fdb4057192dc43dd748ea778adc52bc498ce80524c014b81119,00000000,,,,,False,,,,,,,,,,False,False
/a/1/3/3,/a/1/3/3!/member_01600,0,/a/1/3/3,262,1600,,44544,44560,12796,12812,16,3d2bd0784c5fbfc437b09fbe9efd28051cfabd7fbe4851211be597324bc42487,36000000370000003800000000000000,,,,,False,,,,,,,,,,False,False
/a/1/3/3,/a/1/3/3!/member_01601,0,/a/1/3/3,262,1601,,44560,44580,12812,12832,20,9063a7fb609e58143aa32b93ed930df7e2b3f1179a4fe11d96219dfaf9475cd5,170000001c0000002a0000003c000000,,,,,False,,,,,,,,,,False,False
/a/1/3/3,/a/1/3/3!/member_01602,0,/a/1/3/3,262,1602,,44580,44584,12832,12836,4,df3f619804a92fdb4057192dc43dd748ea778adc52bc498ce80524c014b81119,00000000,,,,,False,,,,,,,,,,False,False
/a/1/3/3,/a/1/3/3!/member_01603,0,/a/1/3/3,262,1603,,44584,44588,12836,12840,4,df3f619804a92fdb4057192dc43dd748ea778adc52bc498ce80524c014b81119,00000000,,,,,False,,,,,,,,,,False,False
/a/1/3/3,/a/1/3/3!/member_01604,0,/a/1/3/3,262,1604,,44588,44592,12840,12844,4,df3f619804a92fdb4057192dc43dd748ea778adc52bc498ce80524c014b81119,00000000,,,,,False,,,,,,,,,,False,False
/a/1/3/3,/a/1/3/3!/member_01605,0,/a/1/3/3,262,1605,,44592,44624,12844,12876,32,5cd0139f83b46d7023246cf8367a4f007dc5219b0dcec2136297d9f4349e12cd,14000000220000002e00000033000000,,,,,False,,,,,,,,,,False,False
/a/1/3/3,/a/1/3/3!/member_01606,0,/a/1/3/3,262,1606,,44624,44656,12876,12908,32,5cd0139f83b46d7023246cf8367a4f007dc5219b0dcec2136297d9f4349e12cd,14000000220000002e00000033000000,,,,,False,,,,,,,,,,False,False
/a/1/3/3,/a/1/3/3!/member_01607,0,/a/1/3/3,262,1607,,44656,44664,12908,12916,8,4d159113222bfeb85fbe717cc2393ee8a6a85b7ce5ac1791c4eade5e3dd6de41,1b00000000000000,,,,,False,,,,,,,,,,False,False
/a/1/3/3,/a/1/3/3!/member_01608,0,/a/1/3/3,262,1608,,44664,44668,12916,12920,4,df3f619804a92fdb4057192dc43dd748ea778adc52bc498ce80524c014b81119,00000000,,,,,False,,,,,,,,,,False,False
/a/1/3/3,/a/1/3/3!/member_01609,0,/a/1/3/3,262,1609,,44668,44676,12920,12928,8,3fe8adee83a670dd3131f667e963775b2256f3f59d5a996984eb47f8375efd7c,3c00000000000000,,,,,False,,,,,,,,,,False,False
/a/1/3/3,/a/1/3/3!/member_01610,0,/a/1/3/3,262,1610,,44676,44680,12928,12932,4,df3f619804a92fdb4057192dc43dd748ea778adc52bc498ce80524c014b81119,00000000,,,,,False,,,,,,,,,,False,False
/a/1/3/3,/a/1/3/3!/member_01611,0,/a/1/3/3,262,1611,,44680,44684,12932,12936,4,df3f619804a92fdb4057192dc43dd748ea778adc52bc498ce80524c014b81119,00000000,,,,,False,,,,,,,,,,False,False
/a/1/3/3,/a/1/3/3!/member_01612,0,/a/1/3/3,262,1612,,44684,44692,12936,12944,8,dcbe298920b50037fcfb8dda1e57ad49eeeedd8e0ddafc2deed4902c1bc11d3a,3400000000000000,,,,,False,,,,,,,,,,False,False
/a/1/3/3,/a/1/3/3!/member_01613,0,/a/1/3/3,262,1613,,44692,44696,12944,12948,4,df3f619804a92fdb4057192dc43dd748ea778adc52bc498ce80524c014b81119,00000000,,,,,False,,,,,,,,,,False,False
/a/1/3/3,/a/1/3/3!/member_01614,0,/a/1/3/3,262,1614,,44696,44700,12948,12952,4,df3f619804a92fdb4057192dc43dd748ea778adc52bc498ce80524c014b81119,00000000,,,,,False,,,,,,,,,,False,False
/a/1/3/3,/a/1/3/3!/member_01615,0,/a/1/3/3,262,1615,,44700,44716,12952,12968,16,d6416ea91a221b634d9347f9be107f549c5d25a3e18bb7c7004ce808cdedb60e,0e0000000f0000002700000000000000,,,,,False,,,,,,,,,,False,False
/a/1/3/3,/a/1/3/3!/member_01616,0,/a/1/3/3,262,1616,,44716,44888,12968,13140,172,5a77acb50f295278589951420f879566f743a273cb7b7097816488868c4523fe,01000000030000000400000005000000,,,,,False,,,,,,,,,,False,False
/a/1/3/3,/a/1/3/3!/member_01617,0,/a/1/3/3,262,1617,,44888,44900,13140,13152,12,255dea41eb2b88faf7438bafd96a8c64483df782c2699aed4b54d84a45c1688e,160000002500000000000000,,,,,False,,,,,,,,,,False,False
/a/1/3/3,/a/1/3/3!/member_01618,0,/a/1/3/3,262,1618,,44900,44904,13152,13156,4,df3f619804a92fdb4057192dc43dd748ea778adc52bc498ce80524c014b81119,00000000,,,,,False,,,,,,,,,,False,False
/a/1/3/3,/a/1/3/3!/member_01619,0,/a/1/3/3,262,1619,,44904,44920,13156,13172,16,e6a293a2d61968fb00a6c1db08fe73da86b99813c59c2e0f4e66673fb64b31a9,090000000a0000001b00000000000000,,,,,False,,,,,,,,,,False,False
/a/1/3/3,/a/1/3/3!/member_01620,0,/a/1/3/3,262,1620,,44920,44924,13172,13176,4,df3f619804a92fdb4057192dc43dd748ea778adc52bc498ce80524c014b81119,00000000,,,,,False,,,,,,,,,,False,False
/a/1/3/3,/a/1/3/3!/member_01621,0,/a/1/3/3,262,1621,,44924,44928,13176,13180,4,df3f619804a92fdb4057192dc43dd748ea778adc52bc498ce80524c014b81119,00000000,,,,,False,,,,,,,,,,False,False
/a/1/3/3,/a/1/3/3!/member_01622,0,/a/1/3/3,262,1622,,44928,44932,13180,13184,4,df3f619804a92fdb4057192dc43dd748ea778adc52bc498ce80524c014b81119,00000000,,,,,False,,,,,,,,,,False,False
/a/1/3/3,/a/1/3/3!/member_01623,0,/a/1/3/3,262,1623,,44932,44936,13184,13188,4,df3f619804a92fdb4057192dc43dd748ea778adc52bc498ce80524c014b81119,00000000,,,,,False,,,,,,,,,,False,False
/a/1/3/3,/a/1/3/3!/member_01624,0,/a/1/3/3,262,1624,,44936,44940,13188,13192,4,df3f619804a92fdb4057192dc43dd748ea778adc52bc498ce80524c014b81119,00000000,,,,,False,,,,,,,,,,False,False
/a/1/3/3,/a/1/3/3!/member_01625,0,/a/1/3/3,262,1625,,44940,44944,13192,13196,4,df3f619804a92fdb4057192dc43dd748ea778adc52bc498ce80524c014b81119,00000000,,,,,False,,,,,,,,,,False,False
/a/1/3/3,/a/1/3/3!/member_01626,0,/a/1/3/3,262,1626,,44944,44948,13196,13200,4,df3f619804a92fdb4057192dc43dd748ea778adc52bc498ce80524c014b81119,00000000,,,,,False,,,,,,,,,,False,False
/a/1/3/3,/a/1/3/3!/member_01627,0,/a/1/3/3,262,1627,,44948,44952,13200,13204,4,df3f619804a92fdb4057192dc43dd748ea778adc52bc498ce80524c014b81119,00000000,,,,,False,,,,,,,,,,False,False
/a/1/3/3,/a/1/3/3!/member_01628,0,/a/1/3/3,262,1628,,44952,44956,13204,13208,4,df3f619804a92fdb4057192dc43dd748ea778adc52bc498ce80524c014b81119,00000000,,,,,False,,,,,,,,,,False,False
/a/1/3/3,/a/1/3/3!/member_01629,0,/a/1/3/3,262,1629,,44956,44960,13208,13212,4,df3f619804a92fdb4057192dc43dd748ea778adc52bc498ce80524c014b81119,00000000,,,,,False,,,,,,,,,,False,False
/a/1/3/3,/a/1/3/3!/member_01630,0,/a/1/3/3,262,1630,,44960,44964,13212,13216,4,df3f619804a92fdb4057192dc43dd748ea778adc52bc498ce80524c014b81119,00000000,,,,,False,,,,,,,,,,False,False
/a/1/3/3,/a/1/3/3!/member_01631,0,/a/1/3/3,262,1631,,44964,44968,13216,13220,4,df3f619804a92fdb4057192dc43dd748ea778adc52bc498ce80524c014b81119,00000000,,,,,False,,,,,,,,,,False,False
/a/1/3/3,/a/1/3/3!/member_01632,0,/a/1/3/3,262,1632,,44968,44972,13220,13224,4,df3f619804a92fdb4057192dc43dd748ea778adc52bc498ce80524c014b81119,00000000,,,,,False,,,,,,,,,,False,False
/a/1/3/3,/a/1/3/3!/member_01633,0,/a/1/3/3,262,1633,,44972,44976,13224,13228,4,df3f619804a92fdb4057192dc43dd748ea778adc52bc498ce80524c014b81119,00000000,,,,,False,,,,,,,,,,False,False
/a/1/3/3,/a/1/3/3!/member_01634,0,/a/1/3/3,262,1634,,44976,44980,13228,13232,4,df3f619804a92fdb4057192dc43dd748ea778adc52bc498ce80524c014b81119,00000000,,,,,False,,,,,,,,,,False,False
/a/1/3/3,/a/1/3/3!/member_01635,0,/a/1/3/3,262,1635,,44980,44984,13232,13236,4,df3f619804a92fdb4057192dc43dd748ea778adc52bc498ce80524c014b81119,00000000,,,,,False,,,,,,,,,,False,False
/a/1/3/3,/a/1/3/3!/member_01636,0,/a/1/3/3,262,1636,,44984,44988,13236,13240,4,df3f619804a92fdb4057192dc43dd748ea778adc52bc498ce80524c014b81119,00000000,,,,,False,,,,,,,,,,False,False
/a/1/3/3,/a/1/3/3!/member_01637,0,/a/1/3/3,262,1637,,44988,44992,13240,13244,4,df3f619804a92fdb4057192dc43dd748ea778adc52bc498ce80524c014b81119,00000000,,,,,False,,,,,,,,,,False,False
/a/1/3/3,/a/1/3/3!/member_01638,0,/a/1/3/3,262,1638,,44992,44996,13244,13248,4,df3f619804a92fdb4057192dc43dd748ea778adc52bc498ce80524c014b81119,00000000,,,,,False,,,,,,,,,,False,False
/a/1/3/3,/a/1/3/3!/member_01639,0,/a/1/3/3,262,1639,,44996,45000,13248,13252,4,df3f619804a92fdb4057192dc43dd748ea778adc52bc498ce80524c014b81119,00000000,,,,,False,,,,,,,,,,False,False
/a/1/3/3,/a/1/3/3!/member_01640,0,/a/1/3/3,262,1640,,45000,45004,13252,13256,4,df3f619804a92fdb4057192dc43dd748ea778adc52bc498ce80524c014b81119,00000000,,,,,False,,,,,,,,,,False,False
/a/1/3/3,/a/1/3/3!/member_01641,0,/a/1/3/3,262,1641,,45004,45008,13256,13260,4,df3f619804a92fdb4057192dc43dd748ea778adc52bc498ce80524c014b81119,00000000,,,,,False,,,,,,,,,,False,False
/a/1/3/3,/a/1/3/3!/member_01642,0,/a/1/3/3,262,1642,,45008,45012,13260,13264,4,df3f619804a92fdb4057192dc43dd748ea778adc52bc498ce80524c014b81119,00000000,,,,,False,,,,,,,,,,False,False
/a/1/3/3,/a/1/3/3!/member_01643,0,/a/1/3/3,262,1643,,45012,45016,13264,13268,4,df3f619804a92fdb4057192dc43dd748ea778adc52bc498ce80524c014b81119,00000000,,,,,False,,,,,,,,,,False,False
/a/1/3/3,/a/1/3/3!/member_01644,0,/a/1/3/3,262,1644,,45016,45020,13268,13272,4,df3f619804a92fdb4057192dc43dd748ea778adc52bc498ce80524c014b81119,00000000,,,,,False,,,,,,,,,,False,False
/a/1/3/3,/a/1/3/3!/member_01645,0,/a/1/3/3,262,1645,,45020,45024,13272,13276,4,df3f619804a92fdb4057192dc43dd748ea778adc52bc498ce80524c014b81119,00000000,,,,,False,,,,,,,,,,False,False
/a/1/3/3,/a/1/3/3!/member_01646,0,/a/1/3/3,262,1646,,45024,45028,13276,13280,4,df3f619804a92fdb4057192dc43dd748ea778adc52bc498ce80524c014b81119,00000000,,,,,False,,,,,,,,,,False,False
/a/1/3/3,/a/1/3/3!/member_01647,0,/a/1/3/3,262,1647,,45028,45032,13280,13284,4,df3f619804a92fdb4057192dc43dd748ea778adc52bc498ce80524c014b81119,00000000,,,,,False,,,,,,,,,,False,False
/a/1/3/3,/a/1/3/3!/member_01648,0,/a/1/3/3,262,1648,,45032,45044,13284,13296,12,bddd5bade6c37a0977868ad054d2b1ca1b30a05ca39e737dd39abddfdde46243,020000002b00000000000000,,,,,False,,,,,,,,,,False,False
/a/1/3/3,/a/1/3/3!/member_01649,0,/a/1/3/3,262,1649,,45044,45052,13296,13304,8,8bf3cd6bb2af61dde37441d65f1b1f6b1d2f20e07b243fbb80a19d6bef508abb,2b00000000000000,,,,,False,,,,,,,,,,False,False
/a/1/3/3,/a/1/3/3!/member_01650,0,/a/1/3/3,262,1650,,45052,45056,13304,13308,4,df3f619804a92fdb4057192dc43dd748ea778adc52bc498ce80524c014b81119,00000000,,,,,False,,,,,,,,,,False,False
/a/1/3/3,/a/1/3/3!/member_01651,0,/a/1/3/3,262,1651,,45056,45060,13308,13312,4,df3f619804a92fdb4057192dc43dd748ea778adc52bc498ce80524c014b81119,00000000,,,,,False,,,,,,,,,,False,False
/a/1/3/3,/a/1/3/3!/member_01652,0,/a/1/3/3,262,1652,,45060,45064,13312,13316,4,df3f619804a92fdb4057192dc43dd748ea778adc52bc498ce80524c014b81119,00000000,,,,,False,,,,,,,,,,False,False
/a/1/3/3,/a/1/3/3!/member_01653,0,/a/1/3/3,262,1653,,45064,45068,13316,13320,4,df3f619804a92fdb4057192dc43dd748ea778adc52bc498ce80524c014b81119,00000000,,,,,False,,,,,,,,,,False,False
/a/1/3/3,/a/1/3/3!/member_01654,0,/a/1/3/3,262,1654,,45068,45080,13320,13332,12,f253d24ee59f67b980df515b5aeff93c5feaffae125bd41be19f728a69bafca8,2c0000004000000000000000,,,,,False,,,,,,,,,,False,False
/a/1/3/3,/a/1/3/3!/member_01655,0,/a/1/3/3,262,1655,,45080,45084,13332,13336,4,df3f619804a92fdb4057192dc43dd748ea778adc52bc498ce80524c014b81119,00000000,,,,,False,,,,,,,,,,False,False
/a/1/3/3,/a/1/3/3!/member_01656,0,/a/1/3/3,262,1656,,45084,45088,13336,13340,4,df3f619804a92fdb4057192dc43dd748ea778adc52bc498ce80524c014b81119,00000000,,,,,False,,,,,,,,,,False,False
/a/1/3/3,/a/1/3/3!/member_01657,0,/a/1/3/3,262,1657,,45088,45132,13340,13384,44,8477ce6051cef963838dc9136bc50a54eb74788360da4cee880d74e94e314f6a,01000000120000001b0000001f000000,,,,,False,,,,,,,,,,False,False
/a/1/3/3,/a/1/3/3!/member_01658,0,/a/1/3/3,262,1658,,45132,45176,13384,13428,44,8477ce6051cef963838dc9136bc50a54eb74788360da4cee880d74e94e314f6a,01000000120000001b0000001f000000,,,,,False,,,,,,,,,,False,False
/a/1/3/3,/a/1/3/3!/member_01659,0,/a/1/3/3,262,1659,,45176,45180,13428,13432,4,df3f619804a92fdb4057192dc43dd748ea778adc52bc498ce80524c014b81119,00000000,,,,,False,,,,,,,,,,False,False
/a/1/3/3,/a/1/3/3!/member_01660,0,/a/1/3/3,262,1660,,45180,45184,13432,13436,4,df3f619804a92fdb4057192dc43dd748ea778adc52bc498ce80524c014b81119,00000000,,,,,False,,,,,,,,,,False,False
/a/1/3/3,/a/1/3/3!/member_01661,0,/a/1/3/3,262,1661,,45184,45188,13436,13440,4,df3f619804a92fdb4057192dc43dd748ea778adc52bc498ce80524c014b81119,00000000,,,,,False,,,,,,,,,,False,False
/a/1/3/3,/a/1/3/3!/member_01662,0,/a/1/3/3,262,1662,,45188,45192,13440,13444,4,df3f619804a92fdb4057192dc43dd748ea778adc52bc498ce80524c014b81119,00000000,,,,,False,,,,,,,,,,False,False
/a/1/3/3,/a/1/3/3!/member_01663,0,/a/1/3/3,262,1663,,45192,45196,13444,13448,4,df3f619804a92fdb4057192dc43dd748ea778adc52bc498ce80524c014b81119,00000000,,,,,False,,,,,,,,,,False,False
/a/1/3/3,/a/1/3/3!/member_01664,0,/a/1/3/3,262,1664,,45196,45200,13448,13452,4,df3f619804a92fdb4057192dc43dd748ea778adc52bc498ce80524c014b81119,00000000,,,,,False,,,,,,,,,,False,False
/a/1/3/3,/a/1/3/3!/member_01665,0,/a/1/3/3,262,1665,,45200,45204,13452,13456,4,df3f619804a92fdb4057192dc43dd748ea778adc52bc498ce80524c014b81119,00000000,,,,,False,,,,,,,,,,False,False
/a/1/3/3,/a/1/3/3!/member_01666,0,/a/1/3/3,262,1666,,45204,45220,13456,13472,16,18265bdc871e34f2843e94fa4584dc20cbd95221c5feb77723cb8765938d29a5,07000000140000001500000000000000,,,,,False,,,,,,,,,,False,False
/a/1/3/3,/a/1/3/3!/member_01667,0,/a/1/3/3,262,1667,,45220,45232,13472,13484,12,dfe5adb3fddbd5f00389bede07e5c15e044629b63bbe080b2a8c8d1ffba62bce,140000001500000000000000,,,,,False,,,,,,,,,,False,False
/a/1/3/3,/a/1/3/3!/member_01668,0,/a/1/3/3,262,1668,,45232,45236,13484,13488,4,df3f619804a92fdb4057192dc43dd748ea778adc52bc498ce80524c014b81119,00000000,,,,,False,,,,,,,,,,False,False
/a/1/3/3,/a/1/3/3!/member_01669,0,/a/1/3/3,262,1669,,45236,45240,13488,13492,4,df3f619804a92fdb4057192dc43dd748ea778adc52bc498ce80524c014b81119,00000000,,,,,False,,,,,,,,,,False,False
/a/1/3/3,/a/1/3/3!/member_01670,0,/a/1/3/3,262,1670,,45240,45244,13492,13496,4,df3f619804a92fdb4057192dc43dd748ea778adc52bc498ce80524c014b81119,00000000,,,,,False,,,,,,,,,,False,False
/a/1/3/3,/a/1/3/3!/member_01671,0,/a/1/3/3,262,1671,,45244,45248,13496,13500,4,df3f619804a92fdb4057192dc43dd748ea778adc52bc498ce80524c014b81119,00000000,,,,,False,,,,,,,,,,False,False
/a/1/3/3,/a/1/3/3!/member_01672,0,/a/1/3/3,262,1672,,45248,45252,13500,13504,4,df3f619804a92fdb4057192dc43dd748ea778adc52bc498ce80524c014b81119,00000000,,,,,False,,,,,,,,,,False,False
/a/1/3/3,/a/1/3/3!/member_01673,0,/a/1/3/3,262,1673,,45252,45256,13504,13508,4,df3f619804a92fdb4057192dc43dd748ea778adc52bc498ce80524c014b81119,00000000,,,,,False,,,,,,,,,,False,False
/a/1/3/3,/a/1/3/3!/member_01674,0,/a/1/3/3,262,1674,,45256,45284,13508,13536,28,f426ecc47c5e6a74575d6d7d5edce4d638fea658599e90b4c620080bc15653c3,07000000080000002700000036000000,,,,,False,,,,,,,,,,False,False
/a/1/3/3,/a/1/3/3!/member_01675,0,/a/1/3/3,262,1675,,45284,45292,13536,13544,8,048db3815473d7aab19caa136e5cd923a3ac45293f3df2aa5a759cfa96c81332,3700000000000000,,,,,False,,,,,,,,,,False,False
/a/1/3/3,/a/1/3/3!/member_01676,0,/a/1/3/3,262,1676,,45292,45296,13544,13548,4,df3f619804a92fdb4057192dc43dd748ea778adc52bc498ce80524c014b81119,00000000,,,,,False,,,,,,,,,,False,False
/a/1/3/3,/a/1/3/3!/member_01677,0,/a/1/3/3,262,1677,,45296,45300,13548,13552,4,df3f619804a92fdb4057192dc43dd748ea778adc52bc498ce80524c014b81119,00000000,,,,,False,,,,,,,,,,False,False
/a/1/3/3,/a/1/3/3!/member_01678,0,/a/1/3/3,262,1678,,45300,45304,13552,13556,4,df3f619804a92fdb4057192dc43dd748ea778adc52bc498ce80524c014b81119,00000000,,,,,False,,,,,,,,,,False,False
/a/1/3/3,/a/1/3/3!/member_01679,0,/a/1/3/3,262,1679,,45304,45308,13556,13560,4,df3f619804a92fdb4057192dc43dd748ea778adc52bc498ce80524c014b81119,00000000,,,,,False,,,,,,,,,,False,False
/a/1/3/3,/a/1/3/3!/member_01680,0,/a/1/3/3,262,1680,,45308,45316,13560,13568,8,a111f275cc2e7588000001d300a31e76336d15b9d314cd1a1d8f3d3556975eed,0a00000000000000,,,,,False,,,,,,,,,,False,False
/a/1/3/3,/a/1/3/3!/member_01681,0,/a/1/3/3,262,1681,,45316,45320,13568,13572,4,df3f619804a92fdb4057192dc43dd748ea778adc52bc498ce80524c014b81119,00000000,,,,,False,,,,,,,,,,False,False
/a/1/3/3,/a/1/3/3!/member_01682,0,/a/1/3/3,262,1682,,45320,45336,13572,13588,16,91bd377b89a0b39370f5050efa620827642584b6a19243db2b0c083d498fb2eb,070000001d0000003600000000000000,,,,,False,,,,,,,,,,False,False
/a/1/3/3,/a/1/3/3!/member_01683,0,/a/1/3/3,262,1683,,45336,45340,13588,13592,4,df3f619804a92fdb4057192dc43dd748ea778adc52bc498ce80524c014b81119,00000000,,,,,False,,,,,,,,,,False,False
/a/1/3/3,/a/1/3/3!/member_01684,0,/a/1/3/3,262,1684,,45340,45344,13592,13596,4,df3f619804a92fdb4057192dc43dd748ea778adc52bc498ce80524c014b81119,00000000,,,,,False,,,,,,,,,,False,False
/a/1/3/3,/a/1/3/3!/member_01685,0,/a/1/3/3,262,1685,,45344,45348,13596,13600,4,df3f619804a92fdb4057192dc43dd748ea778adc52bc498ce80524c014b81119,00000000,,,,,False,,,,,,,,,,False,False
/a/1/3/3,/a/1/3/3!/member_01686,0,/a/1/3/3,262,1686,,45348,45352,13600,13604,4,df3f619804a92fdb4057192dc43dd748ea778adc52bc498ce80524c014b81119,00000000,,,,,False,,,,,,,,,,False,False
/a/1/3/3,/a/1/3/3!/member_01687,0,/a/1/3/3,262,1687,,45352,45356,13604,13608,4,df3f619804a92fdb4057192dc43dd748ea778adc52bc498ce80524c014b81119,00000000,,,,,False,,,,,,,,,,False,False
/a/1/3/3,/a/1/3/3!/member_01688,0,/a/1/3/3,262,1688,,45356,45360,13608,13612,4,df3f619804a92fdb4057192dc43dd748ea778adc52bc498ce80524c014b81119,00000000,,,,,False,,,,,,,,,,False,False
/a/1/3/3,/a/1/3/3!/member_01689,0,/a/1/3/3,262,1689,,45360,45364,13612,13616,4,df3f619804a92fdb4057192dc43dd748ea778adc52bc498ce80524c014b81119,00000000,,,,,False,,,,,,,,,,False,False
/a/1/3/3,/a/1/3/3!/member_01690,0,/a/1/3/3,262,1690,,45364,45376,13616,13628,12,0e26ae4a69b8e5bf1b7f41c93babf59455d2f9a9024a244dc66abcc6257f8d2d,150000002700000000000000,,,,,False,,,,,,,,,,False,False
/a/1/3/3,/a/1/3/3!/member_01691,0,/a/1/3/3,262,1691,,45376,45380,13628,13632,4,df3f619804a92fdb4057192dc43dd748ea778adc52bc498ce80524c014b81119,00000000,,,,,False,,,,,,,,,,False,False
/a/1/3/3,/a/1/3/3!/member_01692,0,/a/1/3/3,262,1692,,45380,45384,13632,13636,4,df3f619804a92fdb4057192dc43dd748ea778adc52bc498ce80524c014b81119,00000000,,,,,False,,,,,,,,,,False,False
/a/1/3/3,/a/1/3/3!/member_01693,0,/a/1/3/3,262,1693,,45384,45388,13636,13640,4,df3f619804a92fdb4057192dc43dd748ea778adc52bc498ce80524c014b81119,00000000,,,,,False,,,,,,,,,,False,False
/a/1/3/3,/a/1/3/3!/member_01694,0,/a/1/3/3,262,1694,,45388,45396,13640,13648,8,bf5b0e89f1caed18c8d6ff15d17ecc5c6e0c89510b4bc6d7b4b51d4ed30999cb,1900000000000000,,,,,False,,,,,,,,,,False,False
/a/1/3/3,/a/1/3/3!/member_01695,0,/a/1/3/3,262,1695,,45396,45400,13648,13652,4,df3f619804a92fdb4057192dc43dd748ea778adc52bc498ce80524c014b81119,00000000,,,,,False,,,,,,,,,,False,False
/a/1/3/3,/a/1/3/3!/member_01696,0,/a/1/3/3,262,1696,,45400,45408,13652,13660,8,18d8d609947c6b82b9607704ae40d3317038e709238514de750b5c7411ba4c20,0e00000000000000,,,,,False,,,,,,,,,,False,False
/a/1/3/3,/a/1/3/3!/member_01697,0,/a/1/3/3,262,1697,,45408,45412,13660,13664,4,df3f619804a92fdb4057192dc43dd748ea778adc52bc498ce80524c014b81119,00000000,,,,,False,,,,,,,,,,False,False
/a/1/3/3,/a/1/3/3!/member_01698,0,/a/1/3/3,262,1698,,45412,45428,13664,13680,16,91bd377b89a0b39370f5050efa620827642584b6a19243db2b0c083d498fb2eb,070000001d0000003600000000000000,,,,,False,,,,,,,,,,False,False
/a/1/3/3,/a/1/3/3!/member_01699,0,/a/1/3/3,262,1699,,45428,45432,13680,13684,4,df3f619804a92fdb4057192dc43dd748ea778adc52bc498ce80524c014b81119,00000000,,,,,False,,,,,,,,,,False,False
/a/1/3/3,/a/1/3/3!/member_01700,0,/a/1/3/3,262,1700,,45432,45444,13684,13696,12,06a1c6aa1c71e5f273486cef8bcb2bd20ccdc9db52725552f0480914f2f96ddc,130000002300000000000000,,,,,False,,,,,,,,,,False,False
/a/1/3/3,/a/1/3/3!/member_01701,0,/a/1/3/3,262,1701,,45444,45448,13696,13700,4,df3f619804a92fdb4057192dc43dd748ea778adc52bc498ce80524c014b81119,00000000,,,,,False,,,,,,,,,,False,False
/a/1/3/3,/a/1/3/3!/member_01702,0,/a/1/3/3,262,1702,,45448,45452,13700,13704,4,df3f619804a92fdb4057192dc43dd748ea778adc52bc498ce80524c014b81119,00000000,,,,,False,,,,,,,,,,False,False
/a/1/3/3,/a/1/3/3!/member_01703,0,/a/1/3/3,262,1703,,45452,45456,13704,13708,4,df3f619804a92fdb4057192dc43dd748ea778adc52bc498ce80524c014b81119,00000000,,,,,False,,,,,,,,,,False,False
/a/1/3/3,/a/1/3/3!/member_01704,0,/a/1/3/3,262,1704,,45456,45460,13708,13712,4,df3f619804a92fdb4057192dc43dd748ea778adc52bc498ce80524c014b81119,00000000,,,,,False,,,,,,,,,,False,False
/a/1/3/3,/a/1/3/3!/member_01705,0,/a/1/3/3,262,1705,,45460,45476,13712,13728,16,9b18eb56208688d0c9e1c915a8a3ecd026791a9e4a5add4ff039dea51b5a7543,390000003a0000003b00000000000000,,,,,False,,,,,,,,,,False,False
/a/1/3/3,/a/1/3/3!/member_01706,0,/a/1/3/3,262,1706,,45476,45480,13728,13732,4,df3f619804a92fdb4057192dc43dd748ea778adc52bc498ce80524c014b81119,00000000,,,,,False,,,,,,,,,,False,False
/a/1/3/3,/a/1/3/3!/member_01707,0,/a/1/3/3,262,1707,,45480,45484,13732,13736,4,df3f619804a92fdb4057192dc43dd748ea778adc52bc498ce80524c014b81119,00000000,,,,,False,,,,,,,,,,False,False
/a/1/3/3,/a/1/3/3!/member_01708,0,/a/1/3/3,262,1708,,45484,45488,13736,13740,4,df3f619804a92fdb4057192dc43dd748ea778adc52bc498ce80524c014b81119,00000000,,,,,False,,,,,,,,,,False,False
/a/1/3/3,/a/1/3/3!/member_01709,0,/a/1/3/3,262,1709,,45488,45516,13740,13768,28,e2ee2df02c12472bdae1480da8ce928b78ece3c7342992574ba39684cd79c214,03000000090000001000000011000000,,,,,False,,,,,,,,,,False,False
/a/1/3/3,/a/1/3/3!/member_01710,0,/a/1/3/3,262,1710,,45516,45524,13768,13776,8,c69a9157638e69fb692d827383c3f27e586e0c98989cffdf8bd4c982ad837a4c,1700000000000000,,,,,False,,,,,,,,,,False,False
/a/1/3/3,/a/1/3/3!/member_01711,0,/a/1/3/3,262,1711,,45524,45528,13776,13780,4,df3f619804a92fdb4057192dc43dd748ea778adc52bc498ce80524c014b81119,00000000,,,,,False,,,,,,,,,,False,False
/a/1/3/3,/a/1/3/3!/member_01712,0,/a/1/3/3,262,1712,,45528,45532,13780,13784,4,df3f619804a92fdb4057192dc43dd748ea778adc52bc498ce80524c014b81119,00000000,,,,,False,,,,,,,,,,False,False
/a/1/3/3,/a/1/3/3!/member_01713,0,/a/1/3/3,262,1713,,45532,45540,13784,13792,8,e48d939f60d90eb530fe27e3605e548e51c7232e13baddfdfeaa4e04fb478319,1200000000000000,,,,,False,,,,,,,,,,False,False
/a/1/3/3,/a/1/3/3!/member_01714,0,/a/1/3/3,262,1714,,45540,45544,13792,13796,4,df3f619804a92fdb4057192dc43dd748ea778adc52bc498ce80524c014b81119,00000000,,,,,False,,,,,,,,,,False,False
/a/1/3/3,/a/1/3/3!/member_01715,0,/a/1/3/3,262,1715,,45544,45548,13796,13800,4,df3f619804a92fdb4057192dc43dd748ea778adc52bc498ce80524c014b81119,00000000,,,,,False,,,,,,,,,,False,False
/a/1/3/3,/a/1/3/3!/member_01716,0,/a/1/3/3,262,1716,,45548,45552,13800,13804,4,df3f619804a92fdb4057192dc43dd748ea778adc52bc498ce80524c014b81119,00000000,,,,,False,,,,,,,,,,False,False
/a/1/3/3,/a/1/3/3!/member_01717,0,/a/1/3/3,262,1717,,45552,45556,13804,13808,4,df3f619804a92fdb4057192dc43dd748ea778adc52bc498ce80524c014b81119,00000000,,,,,False,,,,,,,,,,False,False
/a/1/3/3,/a/1/3/3!/member_01718,0,/a/1/3/3,262,1718,,45556,45564,13808,13816,8,bf5b0e89f1caed18c8d6ff15d17ecc5c6e0c89510b4bc6d7b4b51d4ed30999cb,1900000000000000,,,,,False,,,,,,,,,,False,False
/a/1/3/3,/a/1/3/3!/member_01719,0,/a/1/3/3,262,1719,,45564,45576,13816,13828,12,5c8c32a7a92c2f32aaa89c6efe40f0ccda3189fb18aa0a33a3d52884f441138d,1c0000002a00000000000000,,,,,False,,,,,,,,,,False,False
/a/1/3/3,/a/1/3/3!/member_01720,0,/a/1/3/3,262,1720,,45576,45580,13828,13832,4,df3f619804a92fdb4057192dc43dd748ea778adc52bc498ce80524c014b81119,00000000,,,,,False,,,,,,,,,,False,False
/a/1/3/3,/a/1/3/3!/member_01721,0,/a/1/3/3,262,1721,,45580,45592,13832,13844,12,9902a4e06a95184a6e1f1223fcceddebdde6aa197c35f3885ad726b98922431f,0b0000000c00000000000000,,,,,False,,,,,,,,,,False,False
/a/1/3/3,/a/1/3/3!/member_01722,0,/a/1/3/3,262,1722,,45592,45596,13844,13848,4,df3f619804a92fdb4057192dc43dd748ea778adc52bc498ce80524c014b81119,00000000,,,,,False,,,,,,,,,,False,False
/a/1/3/3,/a/1/3/3!/member_01723,0,/a/1/3/3,262,1723,,45596,45600,13848,13852,4,df3f619804a92fdb4057192dc43dd748ea778adc52bc498ce80524c014b81119,00000000,,,,,False,,,,,,,,,,False,False
/a/1/3/3,/a/1/3/3!/member_01724,0,/a/1/3/3,262,1724,,45600,45604,13852,13856,4,df3f619804a92fdb4057192dc43dd748ea778adc52bc498ce80524c014b81119,00000000,,,,,False,,,,,,,,,,False,False
/a/1/3/3,/a/1/3/3!/member_01725,0,/a/1/3/3,262,1725,,45604,45608,13856,13860,4,df3f619804a92fdb4057192dc43dd748ea778adc52bc498ce80524c014b81119,00000000,,,,,False,,,,,,,,,,False,False
/a/1/3/3,/a/1/3/3!/member_01726,0,/a/1/3/3,262,1726,,45608,45612,13860,13864,4,df3f619804a92fdb4057192dc43dd748ea778adc52bc498ce80524c014b81119,00000000,,,,,False,,,,,,,,,,False,False
/a/1/3/3,/a/1/3/3!/member_01727,0,/a/1/3/3,262,1727,,45612,45616,13864,13868,4,df3f619804a92fdb4057192dc43dd748ea778adc52bc498ce80524c014b81119,00000000,,,,,False,,,,,,,,,,False,False
/a/1/3/3,/a/1/3/3!/member_01728,0,/a/1/3/3,262,1728,,45616,45632,13868,13884,16,c49c9a5eb6f93d6012ba67baf01caa2971c5d4207e69a7da71a4008648548d23,0e0000000f0000001b00000000000000,,,,,False,,,,,,,,,,False,False
/a/1/3/3,/a/1/3/3!/member_01729,0,/a/1/3/3,262,1729,,45632,45636,13884,13888,4,df3f619804a92fdb4057192dc43dd748ea778adc52bc498ce80524c014b81119,00000000,,,,,False,,,,,,,,,,False,False
/a/1/3/3,/a/1/3/3!/member_01730,0,/a/1/3/3,262,1730,,45636,45640,13888,13892,4,df3f619804a92fdb4057192dc43dd748ea778adc52bc498ce80524c014b81119,00000000,,,,,False,,,,,,,,,,False,False
/a/1/3/3,/a/1/3/3!/member_01731,0,/a/1/3/3,262,1731,,45640,45644,13892,13896,4,df3f619804a92fdb4057192dc43dd748ea778adc52bc498ce80524c014b81119,00000000,,,,,False,,,,,,,,,,False,False
/a/1/3/3,/a/1/3/3!/member_01732,0,/a/1/3/3,262,1732,,45644,45648,13896,13900,4,df3f619804a92fdb4057192dc43dd748ea778adc52bc498ce80524c014b81119,00000000,,,,,False,,,,,,,,,,False,False
/a/1/3/3,/a/1/3/3!/member_01733,0,/a/1/3/3,262,1733,,45648,45652,13900,13904,4,df3f619804a92fdb4057192dc43dd748ea778adc52bc498ce80524c014b81119,00000000,,,,,False,,,,,,,,,,False,False
/a/1/3/3,/a/1/3/3!/member_01734,0,/a/1/3/3,262,1734,,45652,45656,13904,13908,4,df3f619804a92fdb4057192dc43dd748ea778adc52bc498ce80524c014b81119,00000000,,,,,False,,,,,,,,,,False,False
/a/1/3/3,/a/1/3/3!/member_01735,0,/a/1/3/3,262,1735,,45656,45660,13908,13912,4,df3f619804a92fdb4057192dc43dd748ea778adc52bc498ce80524c014b81119,00000000,,,,,False,,,,,,,,,,False,False
/a/1/3/3,/a/1/3/3!/member_01736,0,/a/1/3/3,262,1736,,45660,45664,13912,13916,4,df3f619804a92fdb4057192dc43dd748ea778adc52bc498ce80524c014b81119,00000000,,,,,False,,,,,,,,,,False,False
/a/1/3/3,/a/1/3/3!/member_01737,0,/a/1/3/3,262,1737,,45664,45668,13916,13920,4,df3f619804a92fdb4057192dc43dd748ea778adc52bc498ce80524c014b81119,00000000,,,,,False,,,,,,,,,,False,False
/a/1/3/3,/a/1/3/3!/member_01738,0,/a/1/3/3,262,1738,,45668,45672,13920,13924,4,df3f619804a92fdb4057192dc43dd748ea778adc52bc498ce80524c014b81119,00000000,,,,,False,,,,,,,,,,False,False
/a/1/3/3,/a/1/3/3!/member_01739,0,/a/1/3/3,262,1739,,45672,45676,13924,13928,4,df3f619804a92fdb4057192dc43dd748ea778adc52bc498ce80524c014b81119,00000000,,,,,False,,,,,,,,,,False,False
/a/1/3/3,/a/1/3/3!/member_01740,0,/a/1/3/3,262,1740,,45676,45680,13928,13932,4,df3f619804a92fdb4057192dc43dd748ea778adc52bc498ce80524c014b81119,00000000,,,,,False,,,,,,,,,,False,False
/a/1/3/3,/a/1/3/3!/member_01741,0,/a/1/3/3,262,1741,,45680,45684,13932,13936,4,df3f619804a92fdb4057192dc43dd748ea778adc52bc498ce80524c014b81119,00000000,,,,,False,,,,,,,,,,False,False
/a/1/3/3,/a/1/3/3!/member_01742,0,/a/1/3/3,262,1742,,45684,45688,13936,13940,4,df3f619804a92fdb4057192dc43dd748ea778adc52bc498ce80524c014b81119,00000000,,,,,False,,,,,,,,,,False,False
/a/1/3/3,/a/1/3/3!/member_01743,0,/a/1/3/3,262,1743,,45688,45692,13940,13944,4,df3f619804a92fdb4057192dc43dd748ea778adc52bc498ce80524c014b81119,00000000,,,,,False,,,,,,,,,,False,False
/a/1/3/3,/a/1/3/3!/member_01744,0,/a/1/3/3,262,1744,,45692,45696,13944,13948,4,df3f619804a92fdb4057192dc43dd748ea778adc52bc498ce80524c014b81119,00000000,,,,,False,,,,,,,,,,False,False
/a/1/3/3,/a/1/3/3!/member_01745,0,/a/1/3/3,262,1745,,45696,45700,13948,13952,4,df3f619804a92fdb4057192dc43dd748ea778adc52bc498ce80524c014b81119,00000000,,,,,False,,,,,,,,,,False,False
/a/1/3/3,/a/1/3/3!/member_01746,0,/a/1/3/3,262,1746,,45700,45704,13952,13956,4,df3f619804a92fdb4057192dc43dd748ea778adc52bc498ce80524c014b81119,00000000,,,,,False,,,,,,,,,,False,False
/a/1/3/3,/a/1/3/3!/member_01747,0,/a/1/3/3,262,1747,,45704,45708,13956,13960,4,df3f619804a92fdb4057192dc43dd748ea778adc52bc498ce80524c014b81119,00000000,,,,,False,,,,,,,,,,False,False
/a/1/3/3,/a/1/3/3!/member_01748,0,/a/1/3/3,262,1748,,45708,45712,13960,13964,4,df3f619804a92fdb4057192dc43dd748ea778adc52bc498ce80524c014b81119,00000000,,,,,False,,,,,,,,,,False,False
/a/1/3/3,/a/1/3/3!/member_01749,0,/a/1/3/3,262,1749,,45712,45716,13964,13968,4,df3f619804a92fdb4057192dc43dd748ea778adc52bc498ce80524c014b81119,00000000,,,,,False,,,,,,,,,,False,False
/a/1/3/3,/a/1/3/3!/member_01750,0,/a/1/3/3,262,1750,,45716,45720,13968,13972,4,df3f619804a92fdb4057192dc43dd748ea778adc52bc498ce80524c014b81119,00000000,,,,,False,,,,,,,,,,False,False
/a/1/3/3,/a/1/3/3!/member_01751,0,/a/1/3/3,262,1751,,45720,45724,13972,13976,4,df3f619804a92fdb4057192dc43dd748ea778adc52bc498ce80524c014b81119,00000000,,,,,False,,,,,,,,,,False,False
/a/1/3/3,/a/1/3/3!/member_01752,0,/a/1/3/3,262,1752,,45724,45728,13976,13980,4,df3f619804a92fdb4057192dc43dd748ea778adc52bc498ce80524c014b81119,00000000,,,,,False,,,,,,,,,,False,False
/a/1/3/3,/a/1/3/3!/member_01753,0,/a/1/3/3,262,1753,,45728,45732,13980,13984,4,df3f619804a92fdb4057192dc43dd748ea778adc52bc498ce80524c014b81119,00000000,,,,,False,,,,,,,,,,False,False
/a/1/3/3,/a/1/3/3!/member_01754,0,/a/1/3/3,262,1754,,45732,45736,13984,13988,4,df3f619804a92fdb4057192dc43dd748ea778adc52bc498ce80524c014b81119,00000000,,,,,False,,,,,,,,,,False,False
/a/1/3/3,/a/1/3/3!/member_01755,0,/a/1/3/3,262,1755,,45736,45740,13988,13992,4,df3f619804a92fdb4057192dc43dd748ea778adc52bc498ce80524c014b81119,00000000,,,,,False,,,,,,,,,,False,False
/a/1/3/3,/a/1/3/3!/member_01756,0,/a/1/3/3,262,1756,,45740,45744,13992,13996,4,df3f619804a92fdb4057192dc43dd748ea778adc52bc498ce80524c014b81119,00000000,,,,,False,,,,,,,,,,False,False
/a/1/3/3,/a/1/3/3!/member_01757,0,/a/1/3/3,262,1757,,45744,45748,13996,14000,4,df3f619804a92fdb4057192dc43dd748ea778adc52bc498ce80524c014b81119,00000000,,,,,False,,,,,,,,,,False,False
/a/1/3/3,/a/1/3/3!/member_01758,0,/a/1/3/3,262,1758,,45748,45752,14000,14004,4,df3f619804a92fdb4057192dc43dd748ea778adc52bc498ce80524c014b81119,00000000,,,,,False,,,,,,,,,,False,False
/a/1/3/3,/a/1/3/3!/member_01759,0,/a/1/3/3,262,1759,,45752,45756,14004,14008,4,df3f619804a92fdb4057192dc43dd748ea778adc52bc498ce80524c014b81119,00000000,,,,,False,,,,,,,,,,False,False
/a/1/3/3,/a/1/3/3!/member_01760,0,/a/1/3/3,262,1760,,45756,45760,14008,14012,4,df3f619804a92fdb4057192dc43dd748ea778adc52bc498ce80524c014b81119,00000000,,,,,False,,,,,,,,,,False,False
/a/1/3/3,/a/1/3/3!/member_01761,0,/a/1/3/3,262,1761,,45760,45764,14012,14016,4,df3f619804a92fdb4057192dc43dd748ea778adc52bc498ce80524c014b81119,00000000,,,,,False,,,,,,,,,,False,False
/a/1/3/3,/a/1/3/3!/member_01762,0,/a/1/3/3,262,1762,,45764,45768,14016,14020,4,df3f619804a92fdb4057192dc43dd748ea778adc52bc498ce80524c014b81119,00000000,,,,,False,,,,,,,,,,False,False
/a/1/3/3,/a/1/3/3!/member_01763,0,/a/1/3/3,262,1763,,45768,45772,14020,14024,4,df3f619804a92fdb4057192dc43dd748ea778adc52bc498ce80524c014b81119,00000000,,,,,False,,,,,,,,,,False,False
/a/1/3/3,/a/1/3/3!/member_01764,0,/a/1/3/3,262,1764,,45772,45776,14024,14028,4,df3f619804a92fdb4057192dc43dd748ea778adc52bc498ce80524c014b81119,00000000,,,,,False,,,,,,,,,,False,False
/a/1/3/3,/a/1/3/3!/member_01765,0,/a/1/3/3,262,1765,,45776,45780,14028,14032,4,df3f619804a92fdb4057192dc43dd748ea778adc52bc498ce80524c014b81119,00000000,,,,,False,,,,,,,,,,False,False
/a/1/3/3,/a/1/3/3!/member_01766,0,/a/1/3/3,262,1766,,45780,45784,14032,14036,4,df3f619804a92fdb4057192dc43dd748ea778adc52bc498ce80524c014b81119,00000000,,,,,False,,,,,,,,,,False,False
/a/1/3/3,/a/1/3/3!/member_01767,0,/a/1/3/3,262,1767,,45784,45788,14036,14040,4,df3f619804a92fdb4057192dc43dd748ea778adc52bc498ce80524c014b81119,00000000,,,,,False,,,,,,,,,,False,False
/a/1/3/3,/a/1/3/3!/member_01768,0,/a/1/3/3,262,1768,,45788,45792,14040,14044,4,df3f619804a92fdb4057192dc43dd748ea778adc52bc498ce80524c014b81119,00000000,,,,,False,,,,,,,,,,False,False
/a/1/3/3,/a/1/3/3!/member_01769,0,/a/1/3/3,262,1769,,45792,45796,14044,14048,4,df3f619804a92fdb4057192dc43dd748ea778adc52bc498ce80524c014b81119,00000000,,,,,False,,,,,,,,,,False,False
/a/1/3/3,/a/1/3/3!/member_01770,0,/a/1/3/3,262,1770,,45796,45800,14048,14052,4,df3f619804a92fdb4057192dc43dd748ea778adc52bc498ce80524c014b81119,00000000,,,,,False,,,,,,,,,,False,False
/a/1/3/3,/a/1/3/3!/member_01771,0,/a/1/3/3,262,1771,,45800,45804,14052,14056,4,df3f619804a92fdb4057192dc43dd748ea778adc52bc498ce80524c014b81119,00000000,,,,,False,,,,,,,,,,False,False
/a/1/3/3,/a/1/3/3!/member_01772,0,/a/1/3/3,262,1772,,45804,45808,14056,14060,4,df3f619804a92fdb4057192dc43dd748ea778adc52bc498ce80524c014b81119,00000000,,,,,False,,,,,,,,,,False,False
/a/1/3/3,/a/1/3/3!/member_01773,0,/a/1/3/3,262,1773,,45808,45812,14060,14064,4,df3f619804a92fdb4057192dc43dd748ea778adc52bc498ce80524c014b81119,00000000,,,,,False,,,,,,,,,,False,False
/a/1/3/3,/a/1/3/3!/member_01774,0,/a/1/3/3,262,1774,,45812,45816,14064,14068,4,df3f619804a92fdb4057192dc43dd748ea778adc52bc498ce80524c014b81119,00000000,,,,,False,,,,,,,,,,False,False
/a/1/3/3,/a/1/3/3!/member_01775,0,/a/1/3/3,262,1775,,45816,45820,14068,14072,4,df3f619804a92fdb4057192dc43dd748ea778adc52bc498ce80524c014b81119,00000000,,,,,False,,,,,,,,,,False,False
/a/1/3/3,/a/1/3/3!/member_01776,0,/a/1/3/3,262,1776,,45820,45824,14072,14076,4,df3f619804a92fdb4057192dc43dd748ea778adc52bc498ce80524c014b81119,00000000,,,,,False,,,,,,,,,,False,False
/a/1/3/3,/a/1/3/3!/member_01777,0,/a/1/3/3,262,1777,,45824,45828,14076,14080,4,df3f619804a92fdb4057192dc43dd748ea778adc52bc498ce80524c014b81119,00000000,,,,,False,,,,,,,,,,False,False
/a/1/3/3,/a/1/3/3!/member_01778,0,/a/1/3/3,262,1778,,45828,45832,14080,14084,4,df3f619804a92fdb4057192dc43dd748ea778adc52bc498ce80524c014b81119,00000000,,,,,False,,,,,,,,,,False,False
/a/1/3/3,/a/1/3/3!/member_01779,0,/a/1/3/3,262,1779,,45832,45836,14084,14088,4,df3f619804a92fdb4057192dc43dd748ea778adc52bc498ce80524c014b81119,00000000,,,,,False,,,,,,,,,,False,False
/a/1/3/3,/a/1/3/3!/member_01780,0,/a/1/3/3,262,1780,,45836,45840,14088,14092,4,df3f619804a92fdb4057192dc43dd748ea778adc52bc498ce80524c014b81119,00000000,,,,,False,,,,,,,,,,False,False
/a/1/3/3,/a/1/3/3!/member_01781,0,/a/1/3/3,262,1781,,45840,45844,14092,14096,4,df3f619804a92fdb4057192dc43dd748ea778adc52bc498ce80524c014b81119,00000000,,,,,False,,,,,,,,,,False,False
/a/1/3/3,/a/1/3/3!/member_01782,0,/a/1/3/3,262,1782,,45844,45848,14096,14100,4,df3f619804a92fdb4057192dc43dd748ea778adc52bc498ce80524c014b81119,00000000,,,,,False,,,,,,,,,,False,False
/a/1/3/3,/a/1/3/3!/member_01783,0,/a/1/3/3,262,1783,,45848,45852,14100,14104,4,df3f619804a92fdb4057192dc43dd748ea778adc52bc498ce80524c014b81119,00000000,,,,,False,,,,,,,,,,False,False
/a/1/3/3,/a/1/3/3!/member_01784,0,/a/1/3/3,262,1784,,45852,45856,14104,14108,4,df3f619804a92fdb4057192dc43dd748ea778adc52bc498ce80524c014b81119,00000000,,,,,False,,,,,,,,,,False,False
/a/1/3/3,/a/1/3/3!/member_01785,0,/a/1/3/3,262,1785,,45856,45860,14108,14112,4,df3f619804a92fdb4057192dc43dd748ea778adc52bc498ce80524c014b81119,00000000,,,,,False,,,,,,,,,,False,False
/a/1/3/3,/a/1/3/3!/member_01786,0,/a/1/3/3,262,1786,,45860,45864,14112,14116,4,df3f619804a92fdb4057192dc43dd748ea778adc52bc498ce80524c014b81119,00000000,,,,,False,,,,,,,,,,False,False
/a/1/3/3,/a/1/3/3!/member_01787,0,/a/1/3/3,262,1787,,45864,45868,14116,14120,4,df3f619804a92fdb4057192dc43dd748ea778adc52bc498ce80524c014b81119,00000000,,,,,False,,,,,,,,,,False,False
/a/1/3/3,/a/1/3/3!/member_01788,0,/a/1/3/3,262,1788,,45868,45872,14120,14124,4,df3f619804a92fdb4057192dc43dd748ea778adc52bc498ce80524c014b81119,00000000,,,,,False,,,,,,,,,,False,False
/a/1/3/3,/a/1/3/3!/member_01789,0,/a/1/3/3,262,1789,,45872,45876,14124,14128,4,df3f619804a92fdb4057192dc43dd748ea778adc52bc498ce80524c014b81119,00000000,,,,,False,,,,,,,,,,False,False
/a/1/3/3,/a/1/3/3!/member_01790,0,/a/1/3/3,262,1790,,45876,45880,14128,14132,4,df3f619804a92fdb4057192dc43dd748ea778adc52bc498ce80524c014b81119,00000000,,,,,False,,,,,,,,,,False,False
/a/1/3/3,/a/1/3/3!/member_01791,0,/a/1/3/3,262,1791,,45880,45884,14132,14136,4,df3f619804a92fdb4057192dc43dd748ea778adc52bc498ce80524c014b81119,00000000,,,,,False,,,,,,,,,,False,False
/a/1/3/3,/a/1/3/3!/member_01792,0,/a/1/3/3,262,1792,,45884,45888,14136,14140,4,df3f619804a92fdb4057192dc43dd748ea778adc52bc498ce80524c014b81119,00000000,,,,,False,,,,,,,,,,False,False
/a/1/3/3,/a/1/3/3!/member_01793,0,/a/1/3/3,262,1793,,45888,45892,14140,14144,4,df3f619804a92fdb4057192dc43dd748ea778adc52bc498ce80524c014b81119,00000000,,,,,False,,,,,,,,,,False,False
/a/1/3/3,/a/1/3/3!/member_01794,0,/a/1/3/3,262,1794,,45892,45896,14144,14148,4,df3f619804a92fdb4057192dc43dd748ea778adc52bc498ce80524c014b81119,00000000,,,,,False,,,,,,,,,,False,False
/a/1/3/3,/a/1/3/3!/member_01795,0,/a/1/3/3,262,1795,,45896,45900,14148,14152,4,df3f619804a92fdb4057192dc43dd748ea778adc52bc498ce80524c014b81119,00000000,,,,,False,,,,,,,,,,False,False
/a/1/3/3,/a/1/3/3!/member_01796,0,/a/1/3/3,262,1796,,45900,45904,14152,14156,4,df3f619804a92fdb4057192dc43dd748ea778adc52bc498ce80524c014b81119,00000000,,,,,False,,,,,,,,,,False,False
/a/1/3/3,/a/1/3/3!/member_01797,0,/a/1/3/3,262,1797,,45904,45908,14156,14160,4,df3f619804a92fdb4057192dc43dd748ea778adc52bc498ce80524c014b81119,00000000,,,,,False,,,,,,,,,,False,False
/a/1/3/3,/a/1/3/3!/member_01798,0,/a/1/3/3,262,1798,,45908,45912,14160,14164,4,df3f619804a92fdb4057192dc43dd748ea778adc52bc498ce80524c014b81119,00000000,,,,,False,,,,,,,,,,False,False
/a/1/3/3,/a/1/3/3!/member_01799,0,/a/1/3/3,262,1799,,45912,45916,14164,14168,4,df3f619804a92fdb4057192dc43dd748ea778adc52bc498ce80524c014b81119,00000000,,,,,False,,,,,,,,,,False,False
/a/1/3/3,/a/1/3/3!/member_01800,0,/a/1/3/3,262,1800,,45916,45920,14168,14172,4,df3f619804a92fdb4057192dc43dd748ea778adc52bc498ce80524c014b81119,00000000,,,,,False,,,,,,,,,,False,False
/a/1/3/3,/a/1/3/3!/member_01801,0,/a/1/3/3,262,1801,,45920,45924,14172,14176,4,df3f619804a92fdb4057192dc43dd748ea778adc52bc498ce80524c014b81119,00000000,,,,,False,,,,,,,,,,False,False
/a/1/3/3,/a/1/3/3!/member_01802,0,/a/1/3/3,262,1802,,45924,45928,14176,14180,4,df3f619804a92fdb4057192dc43dd748ea778adc52bc498ce80524c014b81119,00000000,,,,,False,,,,,,,,,,False,False
/a/1/3/3,/a/1/3/3!/member_01803,0,/a/1/3/3,262,1803,,45928,45932,14180,14184,4,df3f619804a92fdb4057192dc43dd748ea778adc52bc498ce80524c014b81119,00000000,,,,,False,,,,,,,,,,False,False
/a/1/3/3,/a/1/3/3!/member_01804,0,/a/1/3/3,262,1804,,45932,45936,14184,14188,4,df3f619804a92fdb4057192dc43dd748ea778adc52bc498ce80524c014b81119,00000000,,,,,False,,,,,,,,,,False,False
/a/1/3/3,/a/1/3/3!/member_01805,0,/a/1/3/3,262,1805,,45936,45940,14188,14192,4,df3f619804a92fdb4057192dc43dd748ea778adc52bc498ce80524c014b81119,00000000,,,,,False,,,,,,,,,,False,False
/a/1/3/3,/a/1/3/3!/member_01806,0,/a/1/3/3,262,1806,,45940,45944,14192,14196,4,df3f619804a92fdb4057192dc43dd748ea778adc52bc498ce80524c014b81119,00000000,,,,,False,,,,,,,,,,False,False
/a/1/3/3,/a/1/3/3!/member_01807,0,/a/1/3/3,262,1807,,45944,45948,14196,14200,4,df3f619804a92fdb4057192dc43dd748ea778adc52bc498ce80524c014b81119,00000000,,,,,False,,,,,,,,,,False,False
/a/1/3/3,/a/1/3/3!/member_01808,0,/a/1/3/3,262,1808,,45948,45952,14200,14204,4,df3f619804a92fdb4057192dc43dd748ea778adc52bc498ce80524c014b81119,00000000,,,,,False,,,,,,,,,,False,False
/a/1/3/3,/a/1/3/3!/member_01809,0,/a/1/3/3,262,1809,,45952,45956,14204,14208,4,df3f619804a92fdb4057192dc43dd748ea778adc52bc498ce80524c014b81119,00000000,,,,,False,,,,,,,,,,False,False
/a/1/3/3,/a/1/3/3!/member_01810,0,/a/1/3/3,262,1810,,45956,45960,14208,14212,4,df3f619804a92fdb4057192dc43dd748ea778adc52bc498ce80524c014b81119,00000000,,,,,False,,,,,,,,,,False,False
/a/1/3/3,/a/1/3/3!/member_01811,0,/a/1/3/3,262,1811,,45960,45964,14212,14216,4,df3f619804a92fdb4057192dc43dd748ea778adc52bc498ce80524c014b81119,00000000,,,,,False,,,,,,,,,,False,False
/a/1/3/3,/a/1/3/3!/member_01812,0,/a/1/3/3,262,1812,,45964,45968,14216,14220,4,df3f619804a92fdb4057192dc43dd748ea778adc52bc498ce80524c014b81119,00000000,,,,,False,,,,,,,,,,False,False
/a/1/3/3,/a/1/3/3!/member_01813,0,/a/1/3/3,262,1813,,45968,45972,14220,14224,4,df3f619804a92fdb4057192dc43dd748ea778adc52bc498ce80524c014b81119,00000000,,,,,False,,,,,,,,,,False,False
/a/1/3/3,/a/1/3/3!/member_01814,0,/a/1/3/3,262,1814,,45972,45976,14224,14228,4,df3f619804a92fdb4057192dc43dd748ea778adc52bc498ce80524c014b81119,00000000,,,,,False,,,,,,,,,,False,False
/a/1/3/3,/a/1/3/3!/member_01815,0,/a/1/3/3,262,1815,,45976,45980,14228,14232,4,df3f619804a92fdb4057192dc43dd748ea778adc52bc498ce80524c014b81119,00000000,,,,,False,,,,,,,,,,False,False
/a/1/3/3,/a/1/3/3!/member_01816,0,/a/1/3/3,262,1816,,45980,45984,14232,14236,4,df3f619804a92fdb4057192dc43dd748ea778adc52bc498ce80524c014b81119,00000000,,,,,False,,,,,,,,,,False,False
/a/1/3/3,/a/1/3/3!/member_01817,0,/a/1/3/3,262,1817,,45984,45988,14236,14240,4,df3f619804a92fdb4057192dc43dd748ea778adc52bc498ce80524c014b81119,00000000,,,,,False,,,,,,,,,,False,False
/a/1/3/3,/a/1/3/3!/member_01818,0,/a/1/3/3,262,1818,,45988,45992,14240,14244,4,df3f619804a92fdb4057192dc43dd748ea778adc52bc498ce80524c014b81119,00000000,,,,,False,,,,,,,,,,False,False
/a/1/3/3,/a/1/3/3!/member_01819,0,/a/1/3/3,262,1819,,45992,45996,14244,14248,4,df3f619804a92fdb4057192dc43dd748ea778adc52bc498ce80524c014b81119,00000000,,,,,False,,,,,,,,,,False,False
/a/1/3/3,/a/1/3/3!/member_01820,0,/a/1/3/3,262,1820,,45996,46000,14248,14252,4,df3f619804a92fdb4057192dc43dd748ea778adc52bc498ce80524c014b81119,00000000,,,,,False,,,,,,,,,,False,False
/a/1/3/3,/a/1/3/3!/member_01821,0,/a/1/3/3,262,1821,,46000,46004,14252,14256,4,df3f619804a92fdb4057192dc43dd748ea778adc52bc498ce80524c014b81119,00000000,,,,,False,,,,,,,,,,False,False
/a/1/3/3,/a/1/3/3!/member_01822,0,/a/1/3/3,262,1822,,46004,46008,14256,14260,4,df3f619804a92fdb4057192dc43dd748ea778adc52bc498ce80524c014b81119,00000000,,,,,False,,,,,,,,,,False,False
/a/1/3/3,/a/1/3/3!/member_01823,0,/a/1/3/3,262,1823,,46008,46012,14260,14264,4,df3f619804a92fdb4057192dc43dd748ea778adc52bc498ce80524c014b81119,00000000,,,,,False,,,,,,,,,,False,False
/a/1/3/3,/a/1/3/3!/member_01824,0,/a/1/3/3,262,1824,,46012,46016,14264,14268,4,df3f619804a92fdb4057192dc43dd748ea778adc52bc498ce80524c014b81119,00000000,,,,,False,,,,,,,,,,False,False
/a/1/3/3,/a/1/3/3!/member_01825,0,/a/1/3/3,262,1825,,46016,46020,14268,14272,4,df3f619804a92fdb4057192dc43dd748ea778adc52bc498ce80524c014b81119,00000000,,,,,False,,,,,,,,,,False,False
/a/1/3/3,/a/1/3/3!/member_01826,0,/a/1/3/3,262,1826,,46020,46024,14272,14276,4,df3f619804a92fdb4057192dc43dd748ea778adc52bc498ce80524c014b81119,00000000,,,,,False,,,,,,,,,,False,False
/a/1/3/3,/a/1/3/3!/member_01827,0,/a/1/3/3,262,1827,,46024,46028,14276,14280,4,df3f619804a92fdb4057192dc43dd748ea778adc52bc498ce80524c014b81119,00000000,,,,,False,,,,,,,,,,False,False
/a/1/3/3,/a/1/3/3!/member_01828,0,/a/1/3/3,262,1828,,46028,46032,14280,14284,4,df3f619804a92fdb4057192dc43dd748ea778adc52bc498ce80524c014b81119,00000000,,,,,False,,,,,,,,,,False,False
/a/1/3/3,/a/1/3/3!/member_01829,0,/a/1/3/3,262,1829,,46032,46036,14284,14288,4,df3f619804a92fdb4057192dc43dd748ea778adc52bc498ce80524c014b81119,00000000,,,,,False,,,,,,,,,,False,False
/a/1/3/3,/a/1/3/3!/member_01830,0,/a/1/3/3,262,1830,,46036,46040,14288,14292,4,df3f619804a92fdb4057192dc43dd748ea778adc52bc498ce80524c014b81119,00000000,,,,,False,,,,,,,,,,False,False
/a/1/3/3,/a/1/3/3!/member_01831,0,/a/1/3/3,262,1831,,46040,46044,14292,14296,4,df3f619804a92fdb4057192dc43dd748ea778adc52bc498ce80524c014b81119,00000000,,,,,False,,,,,,,,,,False,False
/a/1/3/3,/a/1/3/3!/member_01832,0,/a/1/3/3,262,1832,,46044,46048,14296,14300,4,df3f619804a92fdb4057192dc43dd748ea778adc52bc498ce80524c014b81119,00000000,,,,,False,,,,,,,,,,False,False
/a/1/3/3,/a/1/3/3!/member_01833,0,/a/1/3/3,262,1833,,46048,46052,14300,14304,4,df3f619804a92fdb4057192dc43dd748ea778adc52bc498ce80524c014b81119,00000000,,,,,False,,,,,,,,,,False,False
/a/1/3/3,/a/1/3/3!/member_01834,0,/a/1/3/3,262,1834,,46052,46056,14304,14308,4,df3f619804a92fdb4057192dc43dd748ea778adc52bc498ce80524c014b81119,00000000,,,,,False,,,,,,,,,,False,False
/a/1/3/3,/a/1/3/3!/member_01835,0,/a/1/3/3,262,1835,,46056,46060,14308,14312,4,df3f619804a92fdb4057192dc43dd748ea778adc52bc498ce80524c014b81119,00000000,,,,,False,,,,,,,,,,False,False
/a/1/3/3,/a/1/3/3!/member_01836,0,/a/1/3/3,262,1836,,46060,46064,14312,14316,4,df3f619804a92fdb4057192dc43dd748ea778adc52bc498ce80524c014b81119,00000000,,,,,False,,,,,,,,,,False,False
/a/1/3/3,/a/1/3/3!/member_01837,0,/a/1/3/3,262,1837,,46064,46068,14316,14320,4,df3f619804a92fdb4057192dc43dd748ea778adc52bc498ce80524c014b81119,00000000,,,,,False,,,,,,,,,,False,False
/a/1/3/3,/a/1/3/3!/member_01838,0,/a/1/3/3,262,1838,,46068,46072,14320,14324,4,df3f619804a92fdb4057192dc43dd748ea778adc52bc498ce80524c014b81119,00000000,,,,,False,,,,,,,,,,False,False
/a/1/3/3,/a/1/3/3!/member_01839,0,/a/1/3/3,262,1839,,46072,46076,14324,14328,4,df3f619804a92fdb4057192dc43dd748ea778adc52bc498ce80524c014b81119,00000000,,,,,False,,,,,,,,,,False,False
/a/1/3/3,/a/1/3/3!/member_01840,0,/a/1/3/3,262,1840,,46076,46080,14328,14332,4,df3f619804a92fdb4057192dc43dd748ea778adc52bc498ce80524c014b81119,00000000,,,,,False,,,,,,,,,,False,False
/a/1/3/3,/a/1/3/3!/member_01841,0,/a/1/3/3,262,1841,,46080,46084,14332,14336,4,df3f619804a92fdb4057192dc43dd748ea778adc52bc498ce80524c014b81119,00000000,,,,,False,,,,,,,,,,False,False
/a/1/3/3,/a/1/3/3!/member_01842,0,/a/1/3/3,262,1842,,46084,46088,14336,14340,4,df3f619804a92fdb4057192dc43dd748ea778adc52bc498ce80524c014b81119,00000000,,,,,False,,,,,,,,,,False,False
/a/1/3/3,/a/1/3/3!/member_01843,0,/a/1/3/3,262,1843,,46088,46092,14340,14344,4,df3f619804a92fdb4057192dc43dd748ea778adc52bc498ce80524c014b81119,00000000,,,,,False,,,,,,,,,,False,False
/a/1/3/3,/a/1/3/3!/member_01844,0,/a/1/3/3,262,1844,,46092,46096,14344,14348,4,df3f619804a92fdb4057192dc43dd748ea778adc52bc498ce80524c014b81119,00000000,,,,,False,,,,,,,,,,False,False
/a/1/3/3,/a/1/3/3!/member_01845,0,/a/1/3/3,262,1845,,46096,46100,14348,14352,4,df3f619804a92fdb4057192dc43dd748ea778adc52bc498ce80524c014b81119,00000000,,,,,False,,,,,,,,,,False,False
/a/1/3/3,/a/1/3/3!/member_01846,0,/a/1/3/3,262,1846,,46100,46104,14352,14356,4,df3f619804a92fdb4057192dc43dd748ea778adc52bc498ce80524c014b81119,00000000,,,,,False,,,,,,,,,,False,False
/a/1/3/3,/a/1/3/3!/member_01847,0,/a/1/3/3,262,1847,,46104,46108,14356,14360,4,df3f619804a92fdb4057192dc43dd748ea778adc52bc498ce80524c014b81119,00000000,,,,,False,,,,,,,,,,False,False
/a/1/3/3,/a/1/3/3!/member_01848,0,/a/1/3/3,262,1848,,46108,46112,14360,14364,4,df3f619804a92fdb4057192dc43dd748ea778adc52bc498ce80524c014b81119,00000000,,,,,False,,,,,,,,,,False,False
/a/1/3/3,/a/1/3/3!/member_01849,0,/a/1/3/3,262,1849,,46112,46116,14364,14368,4,df3f619804a92fdb4057192dc43dd748ea778adc52bc498ce80524c014b81119,00000000,,,,,False,,,,,,,,,,False,False
/a/1/3/3,/a/1/3/3!/member_01850,0,/a/1/3/3,262,1850,,46116,46120,14368,14372,4,df3f619804a92fdb4057192dc43dd748ea778adc52bc498ce80524c014b81119,00000000,,,,,False,,,,,,,,,,False,False
/a/1/3/3,/a/1/3/3!/member_01851,0,/a/1/3/3,262,1851,,46120,46124,14372,14376,4,df3f619804a92fdb4057192dc43dd748ea778adc52bc498ce80524c014b81119,00000000,,,,,False,,,,,,,,,,False,False
/a/1/3/3,/a/1/3/3!/member_01852,0,/a/1/3/3,262,1852,,46124,46128,14376,14380,4,df3f619804a92fdb4057192dc43dd748ea778adc52bc498ce80524c014b81119,00000000,,,,,False,,,,,,,,,,False,False
/a/1/3/3,/a/1/3/3!/member_01853,0,/a/1/3/3,262,1853,,46128,46132,14380,14384,4,df3f619804a92fdb4057192dc43dd748ea778adc52bc498ce80524c014b81119,00000000,,,,,False,,,,,,,,,,False,False
/a/1/3/3,/a/1/3/3!/member_01854,0,/a/1/3/3,262,1854,,46132,46136,14384,14388,4,df3f619804a92fdb4057192dc43dd748ea778adc52bc498ce80524c014b81119,00000000,,,,,False,,,,,,,,,,False,False
/a/1/3/3,/a/1/3/3!/member_01855,0,/a/1/3/3,262,1855,,46136,46140,14388,14392,4,df3f619804a92fdb4057192dc43dd748ea778adc52bc498ce80524c014b81119,00000000,,,,,False,,,,,,,,,,False,False
/a/1/3/3,/a/1/3/3!/member_01856,0,/a/1/3/3,262,1856,,46140,46144,14392,14396,4,df3f619804a92fdb4057192dc43dd748ea778adc52bc498ce80524c014b81119,00000000,,,,,False,,,,,,,,,,False,False
/a/1/3/3,/a/1/3/3!/member_01857,0,/a/1/3/3,262,1857,,46144,46148,14396,14400,4,df3f619804a92fdb4057192dc43dd748ea778adc52bc498ce80524c014b81119,00000000,,,,,False,,,,,,,,,,False,False
/a/1/3/3,/a/1/3/3!/member_01858,0,/a/1/3/3,262,1858,,46148,46152,14400,14404,4,df3f619804a92fdb4057192dc43dd748ea778adc52bc498ce80524c014b81119,00000000,,,,,False,,,,,,,,,,False,False
/a/1/3/3,/a/1/3/3!/member_01859,0,/a/1/3/3,262,1859,,46152,46156,14404,14408,4,df3f619804a92fdb4057192dc43dd748ea778adc52bc498ce80524c014b81119,00000000,,,,,False,,,,,,,,,,False,False
/a/1/3/3,/a/1/3/3!/member_01860,0,/a/1/3/3,262,1860,,46156,46160,14408,14412,4,df3f619804a92fdb4057192dc43dd748ea778adc52bc498ce80524c014b81119,00000000,,,,,False,,,,,,,,,,False,False
/a/1/3/3,/a/1/3/3!/member_01861,0,/a/1/3/3,262,1861,,46160,46164,14412,14416,4,df3f619804a92fdb4057192dc43dd748ea778adc52bc498ce80524c014b81119,00000000,,,,,False,,,,,,,,,,False,False
/a/1/3/3,/a/1/3/3!/member_01862,0,/a/1/3/3,262,1862,,46164,46168,14416,14420,4,df3f619804a92fdb4057192dc43dd748ea778adc52bc498ce80524c014b81119,00000000,,,,,False,,,,,,,,,,False,False
/a/1/3/3,/a/1/3/3!/member_01863,0,/a/1/3/3,262,1863,,46168,46172,14420,14424,4,df3f619804a92fdb4057192dc43dd748ea778adc52bc498ce80524c014b81119,00000000,,,,,False,,,,,,,,,,False,False
/a/1/3/3,/a/1/3/3!/member_01864,0,/a/1/3/3,262,1864,,46172,46176,14424,14428,4,df3f619804a92fdb4057192dc43dd748ea778adc52bc498ce80524c014b81119,00000000,,,,,False,,,,,,,,,,False,False
/a/1/3/3,/a/1/3/3!/member_01865,0,/a/1/3/3,262,1865,,46176,46180,14428,14432,4,df3f619804a92fdb4057192dc43dd748ea778adc52bc498ce80524c014b81119,00000000,,,,,False,,,,,,,,,,False,False
/a/1/3/3,/a/1/3/3!/member_01866,0,/a/1/3/3,262,1866,,46180,46184,14432,14436,4,df3f619804a92fdb4057192dc43dd748ea778adc52bc498ce80524c014b81119,00000000,,,,,False,,,,,,,,,,False,False
/a/1/3/3,/a/1/3/3!/member_01867,0,/a/1/3/3,262,1867,,46184,46188,14436,14440,4,df3f619804a92fdb4057192dc43dd748ea778adc52bc498ce80524c014b81119,00000000,,,,,False,,,,,,,,,,False,False
/a/1/3/3,/a/1/3/3!/member_01868,0,/a/1/3/3,262,1868,,46188,46192,14440,14444,4,df3f619804a92fdb4057192dc43dd748ea778adc52bc498ce80524c014b81119,00000000,,,,,False,,,,,,,,,,False,False
/a/1/3/3,/a/1/3/3!/member_01869,0,/a/1/3/3,262,1869,,46192,46196,14444,14448,4,df3f619804a92fdb4057192dc43dd748ea778adc52bc498ce80524c014b81119,00000000,,,,,False,,,,,,,,,,False,False
/a/1/3/3,/a/1/3/3!/member_01870,0,/a/1/3/3,262,1870,,46196,46200,14448,14452,4,df3f619804a92fdb4057192dc43dd748ea778adc52bc498ce80524c014b81119,00000000,,,,,False,,,,,,,,,,False,False
/a/1/3/3,/a/1/3/3!/member_01871,0,/a/1/3/3,262,1871,,46200,46204,14452,14456,4,df3f619804a92fdb4057192dc43dd748ea778adc52bc498ce80524c014b81119,00000000,,,,,False,,,,,,,,,,False,False
/a/1/3/3,/a/1/3/3!/member_01872,0,/a/1/3/3,262,1872,,46204,46208,14456,14460,4,df3f619804a92fdb4057192dc43dd748ea778adc52bc498ce80524c014b81119,00000000,,,,,False,,,,,,,,,,False,False
/a/1/3/3,/a/1/3/3!/member_01873,0,/a/1/3/3,262,1873,,46208,46212,14460,14464,4,df3f619804a92fdb4057192dc43dd748ea778adc52bc498ce80524c014b81119,00000000,,,,,False,,,,,,,,,,False,False
/a/1/3/3,/a/1/3/3!/member_01874,0,/a/1/3/3,262,1874,,46212,46216,14464,14468,4,df3f619804a92fdb4057192dc43dd748ea778adc52bc498ce80524c014b81119,00000000,,,,,False,,,,,,,,,,False,False
/a/1/3/3,/a/1/3/3!/member_01875,0,/a/1/3/3,262,1875,,46216,46220,14468,14472,4,df3f619804a92fdb4057192dc43dd748ea778adc52bc498ce80524c014b81119,00000000,,,,,False,,,,,,,,,,False,False
/a/1/3/3,/a/1/3/3!/member_01876,0,/a/1/3/3,262,1876,,46220,46224,14472,14476,4,df3f619804a92fdb4057192dc43dd748ea778adc52bc498ce80524c014b81119,00000000,,,,,False,,,,,,,,,,False,False
/a/1/3/3,/a/1/3/3!/member_01877,0,/a/1/3/3,262,1877,,46224,46228,14476,14480,4,df3f619804a92fdb4057192dc43dd748ea778adc52bc498ce80524c014b81119,00000000,,,,,False,,,,,,,,,,False,False
/a/1/3/3,/a/1/3/3!/member_01878,0,/a/1/3/3,262,1878,,46228,46232,14480,14484,4,df3f619804a92fdb4057192dc43dd748ea778adc52bc498ce80524c014b81119,00000000,,,,,False,,,,,,,,,,False,False
/a/1/3/3,/a/1/3/3!/member_01879,0,/a/1/3/3,262,1879,,46232,46236,14484,14488,4,df3f619804a92fdb4057192dc43dd748ea778adc52bc498ce80524c014b81119,00000000,,,,,False,,,,,,,,,,False,False
/a/1/3/3,/a/1/3/3!/member_01880,0,/a/1/3/3,262,1880,,46236,46240,14488,14492,4,df3f619804a92fdb4057192dc43dd748ea778adc52bc498ce80524c014b81119,00000000,,,,,False,,,,,,,,,,False,False
/a/1/3/3,/a/1/3/3!/member_01881,0,/a/1/3/3,262,1881,,46240,46244,14492,14496,4,df3f619804a92fdb4057192dc43dd748ea778adc52bc498ce80524c014b81119,00000000,,,,,False,,,,,,,,,,False,False
/a/1/3/3,/a/1/3/3!/member_01882,0,/a/1/3/3,262,1882,,46244,46248,14496,14500,4,df3f619804a92fdb4057192dc43dd748ea778adc52bc498ce80524c014b81119,00000000,,,,,False,,,,,,,,,,False,False
/a/1/3/3,/a/1/3/3!/member_01883,0,/a/1/3/3,262,1883,,46248,46252,14500,14504,4,df3f619804a92fdb4057192dc43dd748ea778adc52bc498ce80524c014b81119,00000000,,,,,False,,,,,,,,,,False,False
/a/1/3/3,/a/1/3/3!/member_01884,0,/a/1/3/3,262,1884,,46252,46256,14504,14508,4,df3f619804a92fdb4057192dc43dd748ea778adc52bc498ce80524c014b81119,00000000,,,,,False,,,,,,,,,,False,False
/a/1/3/3,/a/1/3/3!/member_01885,0,/a/1/3/3,262,1885,,46256,46260,14508,14512,4,df3f619804a92fdb4057192dc43dd748ea778adc52bc498ce80524c014b81119,00000000,,,,,False,,,,,,,,,,False,False
/a/1/3/3,/a/1/3/3!/member_01886,0,/a/1/3/3,262,1886,,46260,46264,14512,14516,4,df3f619804a92fdb4057192dc43dd748ea778adc52bc498ce80524c014b81119,00000000,,,,,False,,,,,,,,,,False,False
/a/1/3/3,/a/1/3/3!/member_01887,0,/a/1/3/3,262,1887,,46264,46268,14516,14520,4,df3f619804a92fdb4057192dc43dd748ea778adc52bc498ce80524c014b81119,00000000,,,,,False,,,,,,,,,,False,False
/a/1/3/3,/a/1/3/3!/member_01888,0,/a/1/3/3,262,1888,,46268,46272,14520,14524,4,df3f619804a92fdb4057192dc43dd748ea778adc52bc498ce80524c014b81119,00000000,,,,,False,,,,,,,,,,False,False
/a/1/3/3,/a/1/3/3!/member_01889,0,/a/1/3/3,262,1889,,46272,46276,14524,14528,4,df3f619804a92fdb4057192dc43dd748ea778adc52bc498ce80524c014b81119,00000000,,,,,False,,,,,,,,,,False,False
/a/1/3/3,/a/1/3/3!/member_01890,0,/a/1/3/3,262,1890,,46276,46280,14528,14532,4,df3f619804a92fdb4057192dc43dd748ea778adc52bc498ce80524c014b81119,00000000,,,,,False,,,,,,,,,,False,False
/a/1/3/3,/a/1/3/3!/member_01891,0,/a/1/3/3,262,1891,,46280,46284,14532,14536,4,df3f619804a92fdb4057192dc43dd748ea778adc52bc498ce80524c014b81119,00000000,,,,,False,,,,,,,,,,False,False
/a/1/3/3,/a/1/3/3!/member_01892,0,/a/1/3/3,262,1892,,46284,46288,14536,14540,4,df3f619804a92fdb4057192dc43dd748ea778adc52bc498ce80524c014b81119,00000000,,,,,False,,,,,,,,,,False,False
/a/1/3/3,/a/1/3/3!/member_01893,0,/a/1/3/3,262,1893,,46288,46292,14540,14544,4,df3f619804a92fdb4057192dc43dd748ea778adc52bc498ce80524c014b81119,00000000,,,,,False,,,,,,,,,,False,False
/a/1/3/3,/a/1/3/3!/member_01894,0,/a/1/3/3,262,1894,,46292,46296,14544,14548,4,df3f619804a92fdb4057192dc43dd748ea778adc52bc498ce80524c014b81119,00000000,,,,,False,,,,,,,,,,False,False
/a/1/3/3,/a/1/3/3!/member_01895,0,/a/1/3/3,262,1895,,46296,46300,14548,14552,4,df3f619804a92fdb4057192dc43dd748ea778adc52bc498ce80524c014b81119,00000000,,,,,False,,,,,,,,,,False,False
/a/1/3/3,/a/1/3/3!/member_01896,0,/a/1/3/3,262,1896,,46300,46304,14552,14556,4,df3f619804a92fdb4057192dc43dd748ea778adc52bc498ce80524c014b81119,00000000,,,,,False,,,,,,,,,,False,False
/a/1/3/3,/a/1/3/3!/member_01897,0,/a/1/3/3,262,1897,,46304,46308,14556,14560,4,df3f619804a92fdb4057192dc43dd748ea778adc52bc498ce80524c014b81119,00000000,,,,,False,,,,,,,,,,False,False
/a/1/3/3,/a/1/3/3!/member_01898,0,/a/1/3/3,262,1898,,46308,46312,14560,14564,4,df3f619804a92fdb4057192dc43dd748ea778adc52bc498ce80524c014b81119,00000000,,,,,False,,,,,,,,,,False,False
/a/1/3/3,/a/1/3/3!/member_01899,0,/a/1/3/3,262,1899,,46312,46316,14564,14568,4,df3f619804a92fdb4057192dc43dd748ea778adc52bc498ce80524c014b81119,00000000,,,,,False,,,,,,,,,,False,False
/a/1/3/3,/a/1/3/3!/member_01900,0,/a/1/3/3,262,1900,,46316,46320,14568,14572,4,df3f619804a92fdb4057192dc43dd748ea778adc52bc498ce80524c014b81119,00000000,,,,,False,,,,,,,,,,False,False
/a/1/3/3,/a/1/3/3!/member_01901,0,/a/1/3/3,262,1901,,46320,46324,14572,14576,4,df3f619804a92fdb4057192dc43dd748ea778adc52bc498ce80524c014b81119,00000000,,,,,False,,,,,,,,,,False,False
/a/1/3/3,/a/1/3/3!/member_01902,0,/a/1/3/3,262,1902,,46324,46328,14576,14580,4,df3f619804a92fdb4057192dc43dd748ea778adc52bc498ce80524c014b81119,00000000,,,,,False,,,,,,,,,,False,False
/a/1/3/3,/a/1/3/3!/member_01903,0,/a/1/3/3,262,1903,,46328,46332,14580,14584,4,df3f619804a92fdb4057192dc43dd748ea778adc52bc498ce80524c014b81119,00000000,,,,,False,,,,,,,,,,False,False
/a/1/3/3,/a/1/3/3!/member_01904,0,/a/1/3/3,262,1904,,46332,46336,14584,14588,4,df3f619804a92fdb4057192dc43dd748ea778adc52bc498ce80524c014b81119,00000000,,,,,False,,,,,,,,,,False,False
/a/1/3/3,/a/1/3/3!/member_01905,0,/a/1/3/3,262,1905,,46336,46340,14588,14592,4,df3f619804a92fdb4057192dc43dd748ea778adc52bc498ce80524c014b81119,00000000,,,,,False,,,,,,,,,,False,False
/a/1/3/3,/a/1/3/3!/member_01906,0,/a/1/3/3,262,1906,,46340,46344,14592,14596,4,df3f619804a92fdb4057192dc43dd748ea778adc52bc498ce80524c014b81119,00000000,,,,,False,,,,,,,,,,False,False
/a/1/3/3,/a/1/3/3!/member_01907,0,/a/1/3/3,262,1907,,46344,46348,14596,14600,4,df3f619804a92fdb4057192dc43dd748ea778adc52bc498ce80524c014b81119,00000000,,,,,False,,,,,,,,,,False,False
/a/1/3/3,/a/1/3/3!/member_01908,0,/a/1/3/3,262,1908,,46348,46352,14600,14604,4,df3f619804a92fdb4057192dc43dd748ea778adc52bc498ce80524c014b81119,00000000,,,,,False,,,,,,,,,,False,False
/a/1/3/3,/a/1/3/3!/member_01909,0,/a/1/3/3,262,1909,,46352,46356,14604,14608,4,df3f619804a92fdb4057192dc43dd748ea778adc52bc498ce80524c014b81119,00000000,,,,,False,,,,,,,,,,False,False
/a/1/3/3,/a/1/3/3!/member_01910,0,/a/1/3/3,262,1910,,46356,46360,14608,14612,4,df3f619804a92fdb4057192dc43dd748ea778adc52bc498ce80524c014b81119,00000000,,,,,False,,,,,,,,,,False,False
/a/1/3/3,/a/1/3/3!/member_01911,0,/a/1/3/3,262,1911,,46360,46364,14612,14616,4,df3f619804a92fdb4057192dc43dd748ea778adc52bc498ce80524c014b81119,00000000,,,,,False,,,,,,,,,,False,False
/a/1/3/3,/a/1/3/3!/member_01912,0,/a/1/3/3,262,1912,,46364,46368,14616,14620,4,df3f619804a92fdb4057192dc43dd748ea778adc52bc498ce80524c014b81119,00000000,,,,,False,,,,,,,,,,False,False
/a/1/3/3,/a/1/3/3!/member_01913,0,/a/1/3/3,262,1913,,46368,46372,14620,14624,4,df3f619804a92fdb4057192dc43dd748ea778adc52bc498ce80524c014b81119,00000000,,,,,False,,,,,,,,,,False,False
/a/1/3/3,/a/1/3/3!/member_01914,0,/a/1/3/3,262,1914,,46372,46376,14624,14628,4,df3f619804a92fdb4057192dc43dd748ea778adc52bc498ce80524c014b81119,00000000,,,,,False,,,,,,,,,,False,False
/a/1/3/3,/a/1/3/3!/member_01915,0,/a/1/3/3,262,1915,,46376,46380,14628,14632,4,df3f619804a92fdb4057192dc43dd748ea778adc52bc498ce80524c014b81119,00000000,,,,,False,,,,,,,,,,False,False
/a/1/3/3,/a/1/3/3!/member_01916,0,/a/1/3/3,262,1916,,46380,46384,14632,14636,4,df3f619804a92fdb4057192dc43dd748ea778adc52bc498ce80524c014b81119,00000000,,,,,False,,,,,,,,,,False,False
/a/1/3/3,/a/1/3/3!/member_01917,0,/a/1/3/3,262,1917,,46384,46388,14636,14640,4,df3f619804a92fdb4057192dc43dd748ea778adc52bc498ce80524c014b81119,00000000,,,,,False,,,,,,,,,,False,False
/a/1/3/3,/a/1/3/3!/member_01918,0,/a/1/3/3,262,1918,,46388,46392,14640,14644,4,df3f619804a92fdb4057192dc43dd748ea778adc52bc498ce80524c014b81119,00000000,,,,,False,,,,,,,,,,False,False
/a/1/3/3,/a/1/3/3!/member_01919,0,/a/1/3/3,262,1919,,46392,46396,14644,14648,4,df3f619804a92fdb4057192dc43dd748ea778adc52bc498ce80524c014b81119,00000000,,,,,False,,,,,,,,,,False,False
/a/1/3/3,/a/1/3/3!/member_01920,0,/a/1/3/3,262,1920,,46396,46400,14648,14652,4,df3f619804a92fdb4057192dc43dd748ea778adc52bc498ce80524c014b81119,00000000,,,,,False,,,,,,,,,,False,False
/a/1/3/3,/a/1/3/3!/member_01921,0,/a/1/3/3,262,1921,,46400,46404,14652,14656,4,df3f619804a92fdb4057192dc43dd748ea778adc52bc498ce80524c014b81119,00000000,,,,,False,,,,,,,,,,False,False
/a/1/3/3,/a/1/3/3!/member_01922,0,/a/1/3/3,262,1922,,46404,46408,14656,14660,4,df3f619804a92fdb4057192dc43dd748ea778adc52bc498ce80524c014b81119,00000000,,,,,False,,,,,,,,,,False,False
/a/1/3/3,/a/1/3/3!/member_01923,0,/a/1/3/3,262,1923,,46408,46412,14660,14664,4,df3f619804a92fdb4057192dc43dd748ea778adc52bc498ce80524c014b81119,00000000,,,,,False,,,,,,,,,,False,False
/a/1/3/3,/a/1/3/3!/member_01924,0,/a/1/3/3,262,1924,,46412,46416,14664,14668,4,df3f619804a92fdb4057192dc43dd748ea778adc52bc498ce80524c014b81119,00000000,,,,,False,,,,,,,,,,False,False
/a/1/3/3,/a/1/3/3!/member_01925,0,/a/1/3/3,262,1925,,46416,46420,14668,14672,4,df3f619804a92fdb4057192dc43dd748ea778adc52bc498ce80524c014b81119,00000000,,,,,False,,,,,,,,,,False,False
/a/1/3/3,/a/1/3/3!/member_01926,0,/a/1/3/3,262,1926,,46420,46424,14672,14676,4,df3f619804a92fdb4057192dc43dd748ea778adc52bc498ce80524c014b81119,00000000,,,,,False,,,,,,,,,,False,False
/a/1/3/3,/a/1/3/3!/member_01927,0,/a/1/3/3,262,1927,,46424,46428,14676,14680,4,df3f619804a92fdb4057192dc43dd748ea778adc52bc498ce80524c014b81119,00000000,,,,,False,,,,,,,,,,False,False
/a/1/3/3,/a/1/3/3!/member_01928,0,/a/1/3/3,262,1928,,46428,46432,14680,14684,4,df3f619804a92fdb4057192dc43dd748ea778adc52bc498ce80524c014b81119,00000000,,,,,False,,,,,,,,,,False,False
/a/1/3/3,/a/1/3/3!/member_01929,0,/a/1/3/3,262,1929,,46432,46436,14684,14688,4,df3f619804a92fdb4057192dc43dd748ea778adc52bc498ce80524c014b81119,00000000,,,,,False,,,,,,,,,,False,False
/a/1/3/3,/a/1/3/3!/member_01930,0,/a/1/3/3,262,1930,,46436,46440,14688,14692,4,df3f619804a92fdb4057192dc43dd748ea778adc52bc498ce80524c014b81119,00000000,,,,,False,,,,,,,,,,False,False
/a/1/3/3,/a/1/3/3!/member_01931,0,/a/1/3/3,262,1931,,46440,46444,14692,14696,4,df3f619804a92fdb4057192dc43dd748ea778adc52bc498ce80524c014b81119,00000000,,,,,False,,,,,,,,,,False,False
/a/1/3/3,/a/1/3/3!/member_01932,0,/a/1/3/3,262,1932,,46444,46448,14696,14700,4,df3f619804a92fdb4057192dc43dd748ea778adc52bc498ce80524c014b81119,00000000,,,,,False,,,,,,,,,,False,False
/a/1/3/3,/a/1/3/3!/member_01933,0,/a/1/3/3,262,1933,,46448,46452,14700,14704,4,df3f619804a92fdb4057192dc43dd748ea778adc52bc498ce80524c014b81119,00000000,,,,,False,,,,,,,,,,False,False
/a/1/3/3,/a/1/3/3!/member_01934,0,/a/1/3/3,262,1934,,46452,46456,14704,14708,4,df3f619804a92fdb4057192dc43dd748ea778adc52bc498ce80524c014b81119,00000000,,,,,False,,,,,,,,,,False,False
/a/1/3/3,/a/1/3/3!/member_01935,0,/a/1/3/3,262,1935,,46456,46460,14708,14712,4,df3f619804a92fdb4057192dc43dd748ea778adc52bc498ce80524c014b81119,00000000,,,,,False,,,,,,,,,,False,False
/a/1/3/3,/a/1/3/3!/member_01936,0,/a/1/3/3,262,1936,,46460,46464,14712,14716,4,df3f619804a92fdb4057192dc43dd748ea778adc52bc498ce80524c014b81119,00000000,,,,,False,,,,,,,,,,False,False
/a/1/3/3,/a/1/3/3!/member_01937,0,/a/1/3/3,262,1937,,46464,46468,14716,14720,4,df3f619804a92fdb4057192dc43dd748ea778adc52bc498ce80524c014b81119,00000000,,,,,False,,,,,,,,,,False,False
/a/1/3/3,/a/1/3/3!/member_01938,0,/a/1/3/3,262,1938,,46468,46472,14720,14724,4,df3f619804a92fdb4057192dc43dd748ea778adc52bc498ce80524c014b81119,00000000,,,,,False,,,,,,,,,,False,False
/a/1/3/3,/a/1/3/3!/member_01939,0,/a/1/3/3,262,1939,,46472,46476,14724,14728,4,df3f619804a92fdb4057192dc43dd748ea778adc52bc498ce80524c014b81119,00000000,,,,,False,,,,,,,,,,False,False
/a/1/3/3,/a/1/3/3!/member_01940,0,/a/1/3/3,262,1940,,46476,46480,14728,14732,4,df3f619804a92fdb4057192dc43dd748ea778adc52bc498ce80524c014b81119,00000000,,,,,False,,,,,,,,,,False,False
/a/1/3/3,/a/1/3/3!/member_01941,0,/a/1/3/3,262,1941,,46480,46484,14732,14736,4,df3f619804a92fdb4057192dc43dd748ea778adc52bc498ce80524c014b81119,00000000,,,,,False,,,,,,,,,,False,False
/a/1/3/3,/a/1/3/3!/member_01942,0,/a/1/3/3,262,1942,,46484,46488,14736,14740,4,df3f619804a92fdb4057192dc43dd748ea778adc52bc498ce80524c014b81119,00000000,,,,,False,,,,,,,,,,False,False
/a/1/3/3,/a/1/3/3!/member_01943,0,/a/1/3/3,262,1943,,46488,46492,14740,14744,4,df3f619804a92fdb4057192dc43dd748ea778adc52bc498ce80524c014b81119,00000000,,,,,False,,,,,,,,,,False,False
/a/1/3/3,/a/1/3/3!/member_01944,0,/a/1/3/3,262,1944,,46492,46496,14744,14748,4,df3f619804a92fdb4057192dc43dd748ea778adc52bc498ce80524c014b81119,00000000,,,,,False,,,,,,,,,,False,False
/a/1/3/3,/a/1/3/3!/member_01945,0,/a/1/3/3,262,1945,,46496,46500,14748,14752,4,df3f619804a92fdb4057192dc43dd748ea778adc52bc498ce80524c014b81119,00000000,,,,,False,,,,,,,,,,False,False
/a/1/3/3,/a/1/3/3!/member_01946,0,/a/1/3/3,262,1946,,46500,46504,14752,14756,4,df3f619804a92fdb4057192dc43dd748ea778adc52bc498ce80524c014b81119,00000000,,,,,False,,,,,,,,,,False,False
/a/1/3/3,/a/1/3/3!/member_01947,0,/a/1/3/3,262,1947,,46504,46508,14756,14760,4,df3f619804a92fdb4057192dc43dd748ea778adc52bc498ce80524c014b81119,00000000,,,,,False,,,,,,,,,,False,False
/a/1/3/3,/a/1/3/3!/member_01948,0,/a/1/3/3,262,1948,,46508,46512,14760,14764,4,df3f619804a92fdb4057192dc43dd748ea778adc52bc498ce80524c014b81119,00000000,,,,,False,,,,,,,,,,False,False
/a/1/3/3,/a/1/3/3!/member_01949,0,/a/1/3/3,262,1949,,46512,46516,14764,14768,4,df3f619804a92fdb4057192dc43dd748ea778adc52bc498ce80524c014b81119,00000000,,,,,False,,,,,,,,,,False,False
/a/1/3/3,/a/1/3/3!/member_01950,0,/a/1/3/3,262,1950,,46516,46520,14768,14772,4,df3f619804a92fdb4057192dc43dd748ea778adc52bc498ce80524c014b81119,00000000,,,,,False,,,,,,,,,,False,False
/a/1/3/3,/a/1/3/3!/member_01951,0,/a/1/3/3,262,1951,,46520,46524,14772,14776,4,df3f619804a92fdb4057192dc43dd748ea778adc52bc498ce80524c014b81119,00000000,,,,,False,,,,,,,,,,False,False
/a/1/3/3,/a/1/3/3!/member_01952,0,/a/1/3/3,262,1952,,46524,46528,14776,14780,4,df3f619804a92fdb4057192dc43dd748ea778adc52bc498ce80524c014b81119,00000000,,,,,False,,,,,,,,,,False,False
/a/1/3/3,/a/1/3/3!/member_01953,0,/a/1/3/3,262,1953,,46528,46532,14780,14784,4,df3f619804a92fdb4057192dc43dd748ea778adc52bc498ce80524c014b81119,00000000,,,,,False,,,,,,,,,,False,False
/a/1/3/3,/a/1/3/3!/member_01954,0,/a/1/3/3,262,1954,,46532,46536,14784,14788,4,df3f619804a92fdb4057192dc43dd748ea778adc52bc498ce80524c014b81119,00000000,,,,,False,,,,,,,,,,False,False
/a/1/3/3,/a/1/3/3!/member_01955,0,/a/1/3/3,262,1955,,46536,46540,14788,14792,4,df3f619804a92fdb4057192dc43dd748ea778adc52bc498ce80524c014b81119,00000000,,,,,False,,,,,,,,,,False,False
/a/1/3/3,/a/1/3/3!/member_01956,0,/a/1/3/3,262,1956,,46540,46544,14792,14796,4,df3f619804a92fdb4057192dc43dd748ea778adc52bc498ce80524c014b81119,00000000,,,,,False,,,,,,,,,,False,False
/a/1/3/3,/a/1/3/3!/member_01957,0,/a/1/3/3,262,1957,,46544,46548,14796,14800,4,df3f619804a92fdb4057192dc43dd748ea778adc52bc498ce80524c014b81119,00000000,,,,,False,,,,,,,,,,False,False
/a/1/3/3,/a/1/3/3!/member_01958,0,/a/1/3/3,262,1958,,46548,46552,14800,14804,4,df3f619804a92fdb4057192dc43dd748ea778adc52bc498ce80524c014b81119,00000000,,,,,False,,,,,,,,,,False,False
/a/1/3/3,/a/1/3/3!/member_01959,0,/a/1/3/3,262,1959,,46552,46556,14804,14808,4,df3f619804a92fdb4057192dc43dd748ea778adc52bc498ce80524c014b81119,00000000,,,,,False,,,,,,,,,,False,False
/a/1/3/3,/a/1/3/3!/member_01960,0,/a/1/3/3,262,1960,,46556,46560,14808,14812,4,df3f619804a92fdb4057192dc43dd748ea778adc52bc498ce80524c014b81119,00000000,,,,,False,,,,,,,,,,False,False
/a/1/3/3,/a/1/3/3!/member_01961,0,/a/1/3/3,262,1961,,46560,46564,14812,14816,4,df3f619804a92fdb4057192dc43dd748ea778adc52bc498ce80524c014b81119,00000000,,,,,False,,,,,,,,,,False,False
/a/1/3/3,/a/1/3/3!/member_01962,0,/a/1/3/3,262,1962,,46564,46568,14816,14820,4,df3f619804a92fdb4057192dc43dd748ea778adc52bc498ce80524c014b81119,00000000,,,,,False,,,,,,,,,,False,False
/a/1/3/3,/a/1/3/3!/member_01963,0,/a/1/3/3,262,1963,,46568,46572,14820,14824,4,df3f619804a92fdb4057192dc43dd748ea778adc52bc498ce80524c014b81119,00000000,,,,,False,,,,,,,,,,False,False
/a/1/3/3,/a/1/3/3!/member_01964,0,/a/1/3/3,262,1964,,46572,46576,14824,14828,4,df3f619804a92fdb4057192dc43dd748ea778adc52bc498ce80524c014b81119,00000000,,,,,False,,,,,,,,,,False,False
/a/1/3/3,/a/1/3/3!/member_01965,0,/a/1/3/3,262,1965,,46576,46580,14828,14832,4,df3f619804a92fdb4057192dc43dd748ea778adc52bc498ce80524c014b81119,00000000,,,,,False,,,,,,,,,,False,False
/a/1/3/3,/a/1/3/3!/member_01966,0,/a/1/3/3,262,1966,,46580,46584,14832,14836,4,df3f619804a92fdb4057192dc43dd748ea778adc52bc498ce80524c014b81119,00000000,,,,,False,,,,,,,,,,False,False
/a/1/3/3,/a/1/3/3!/member_01967,0,/a/1/3/3,262,1967,,46584,46588,14836,14840,4,df3f619804a92fdb4057192dc43dd748ea778adc52bc498ce80524c014b81119,00000000,,,,,False,,,,,,,,,,False,False
/a/1/3/3,/a/1/3/3!/member_01968,0,/a/1/3/3,262,1968,,46588,46592,14840,14844,4,df3f619804a92fdb4057192dc43dd748ea778adc52bc498ce80524c014b81119,00000000,,,,,False,,,,,,,,,,False,False
/a/1/3/3,/a/1/3/3!/member_01969,0,/a/1/3/3,262,1969,,46592,46596,14844,14848,4,df3f619804a92fdb4057192dc43dd748ea778adc52bc498ce80524c014b81119,00000000,,,,,False,,,,,,,,,,False,False
/a/1/3/3,/a/1/3/3!/member_01970,0,/a/1/3/3,262,1970,,46596,46600,14848,14852,4,df3f619804a92fdb4057192dc43dd748ea778adc52bc498ce80524c014b81119,00000000,,,,,False,,,,,,,,,,False,False
/a/1/3/3,/a/1/3/3!/member_01971,0,/a/1/3/3,262,1971,,46600,46604,14852,14856,4,df3f619804a92fdb4057192dc43dd748ea778adc52bc498ce80524c014b81119,00000000,,,,,False,,,,,,,,,,False,False
/a/1/3/3,/a/1/3/3!/member_01972,0,/a/1/3/3,262,1972,,46604,46608,14856,14860,4,df3f619804a92fdb4057192dc43dd748ea778adc52bc498ce80524c014b81119,00000000,,,,,False,,,,,,,,,,False,False
/a/1/3/3,/a/1/3/3!/member_01973,0,/a/1/3/3,262,1973,,46608,46612,14860,14864,4,df3f619804a92fdb4057192dc43dd748ea778adc52bc498ce80524c014b81119,00000000,,,,,False,,,,,,,,,,False,False
/a/1/3/3,/a/1/3/3!/member_01974,0,/a/1/3/3,262,1974,,46612,46616,14864,14868,4,df3f619804a92fdb4057192dc43dd748ea778adc52bc498ce80524c014b81119,00000000,,,,,False,,,,,,,,,,False,False
/a/1/3/3,/a/1/3/3!/member_01975,0,/a/1/3/3,262,1975,,46616,46620,14868,14872,4,df3f619804a92fdb4057192dc43dd748ea778adc52bc498ce80524c014b81119,00000000,,,,,False,,,,,,,,,,False,False
/a/1/3/3,/a/1/3/3!/member_01976,0,/a/1/3/3,262,1976,,46620,46624,14872,14876,4,df3f619804a92fdb4057192dc43dd748ea778adc52bc498ce80524c014b81119,00000000,,,,,False,,,,,,,,,,False,False
/a/1/3/3,/a/1/3/3!/member_01977,0,/a/1/3/3,262,1977,,46624,46628,14876,14880,4,df3f619804a92fdb4057192dc43dd748ea778adc52bc498ce80524c014b81119,00000000,,,,,False,,,,,,,,,,False,False
/a/1/3/3,/a/1/3/3!/member_01978,0,/a/1/3/3,262,1978,,46628,46632,14880,14884,4,df3f619804a92fdb4057192dc43dd748ea778adc52bc498ce80524c014b81119,00000000,,,,,False,,,,,,,,,,False,False
/a/1/3/3,/a/1/3/3!/member_01979,0,/a/1/3/3,262,1979,,46632,46636,14884,14888,4,df3f619804a92fdb4057192dc43dd748ea778adc52bc498ce80524c014b81119,00000000,,,,,False,,,,,,,,,,False,False
/a/1/3/3,/a/1/3/3!/member_01980,0,/a/1/3/3,262,1980,,46636,46640,14888,14892,4,df3f619804a92fdb4057192dc43dd748ea778adc52bc498ce80524c014b81119,00000000,,,,,False,,,,,,,,,,False,False
/a/1/3/3,/a/1/3/3!/member_01981,0,/a/1/3/3,262,1981,,46640,46644,14892,14896,4,df3f619804a92fdb4057192dc43dd748ea778adc52bc498ce80524c014b81119,00000000,,,,,False,,,,,,,,,,False,False
/a/1/3/3,/a/1/3/3!/member_01982,0,/a/1/3/3,262,1982,,46644,46904,14896,15156,260,dd7ff06861e5f6ea5930f76895814fbc7d7f6b75abacdbec64e7a1f80c62ce9d,01000000020000000300000004000000,,,,,False,,,,,,,,,,False,False
/a/1/3/3,/a/1/3/3!/member_01983,0,/a/1/3/3,262,1983,,46904,46908,15156,15160,4,df3f619804a92fdb4057192dc43dd748ea778adc52bc498ce80524c014b81119,00000000,,,,,False,,,,,,,,,,False,False
/a/1/3/3,/a/1/3/3!/member_01984,0,/a/1/3/3,262,1984,,46908,46912,15160,15164,4,df3f619804a92fdb4057192dc43dd748ea778adc52bc498ce80524c014b81119,00000000,,,,,False,,,,,,,,,,False,False
/a/1/3/3,/a/1/3/3!/member_01985,0,/a/1/3/3,262,1985,,46912,46916,15164,15168,4,df3f619804a92fdb4057192dc43dd748ea778adc52bc498ce80524c014b81119,00000000,,,,,False,,,,,,,,,,False,False
/a/1/3/3,/a/1/3/3!/member_01986,0,/a/1/3/3,262,1986,,46916,46920,15168,15172,4,df3f619804a92fdb4057192dc43dd748ea778adc52bc498ce80524c014b81119,00000000,,,,,False,,,,,,,,,,False,False
/a/1/3/3,/a/1/3/3!/member_01987,0,/a/1/3/3,262,1987,,46920,46924,15172,15176,4,df3f619804a92fdb4057192dc43dd748ea778adc52bc498ce80524c014b81119,00000000,,,,,False,,,,,,,,,,False,False
/a/1/3/3,/a/1/3/3!/member_01988,0,/a/1/3/3,262,1988,,46924,46928,15176,15180,4,df3f619804a92fdb4057192dc43dd748ea778adc52bc498ce80524c014b81119,00000000,,,,,False,,,,,,,,,,False,False
/a/1/3/3,/a/1/3/3!/member_01989,0,/a/1/3/3,262,1989,,46928,46932,15180,15184,4,df3f619804a92fdb4057192dc43dd748ea778adc52bc498ce80524c014b81119,00000000,,,,,False,,,,,,,,,,False,False
/a/1/3/3,/a/1/3/3!/member_01990,0,/a/1/3/3,262,1990,,46932,46936,15184,15188,4,df3f619804a92fdb4057192dc43dd748ea778adc52bc498ce80524c014b81119,00000000,,,,,False,,,,,,,,,,False,False
/a/1/3/3,/a/1/3/3!/member_01991,0,/a/1/3/3,262,1991,,46936,46940,15188,15192,4,df3f619804a92fdb4057192dc43dd748ea778adc52bc498ce80524c014b81119,00000000,,,,,False,,,,,,,,,,False,False
/a/1/3/3,/a/1/3/3!/member_01992,0,/a/1/3/3,262,1992,,46940,46960,15192,15212,20,58c0b4d306ed29ac3e0b25cbd5c0647f345f84380d18e7083429bd93590566e9,04000000050000002c00000040000000,,,,,False,,,,,,,,,,False,False
/a/1/3/3,/a/1/3/3!/member_01993,0,/a/1/3/3,262,1993,,46960,46976,15212,15228,16,d7ee034f785cb01799499ff8286a577b095273b83b6300ca9b84690dad5892f8,04000000050000002c00000000000000,,,,,False,,,,,,,,,,False,False
/a/1/3/3,/a/1/3/3!/member_01994,0,/a/1/3/3,262,1994,,46976,46984,15228,15236,8,a06f129fc52abf6085679d7cd71dc41ec7580c7f5f73efef6d02dde22bb00994,4000000000000000,,,,,False,,,,,,,,,,False,False
/a/1/3/3,/a/1/3/3!/member_01995,0,/a/1/3/3,262,1995,,46984,46988,15236,15240,4,df3f619804a92fdb4057192dc43dd748ea778adc52bc498ce80524c014b81119,00000000,,,,,False,,,,,,,,,,False,False
/a/1/3/3,/a/1/3/3!/member_01996,0,/a/1/3/3,262,1996,,46988,46992,15240,15244,4,df3f619804a92fdb4057192dc43dd748ea778adc52bc498ce80524c014b81119,00000000,,,,,False,,,,,,,,,,False,False
/a/1/3/3,/a/1/3/3!/member_01997,0,/a/1/3/3,262,1997,,46992,46996,15244,15248,4,df3f619804a92fdb4057192dc43dd748ea778adc52bc498ce80524c014b81119,00000000,,,,,False,,,,,,,,,,False,False
/a/1/3/3,/a/1/3/3!/member_01998,0,/a/1/3/3,262,1998,,46996,47048,15248,15300,52,f8614fe6ff6eb2655361d745a9624a943b2af40e614086a29fe68ca092382663,0200000004000000050000000a000000,,,,,False,,,,,,,,,,False,False
/a/1/3/3,/a/1/3/3!/member_01999,0,/a/1/3/3,262,1999,,47048,47088,15300,15340,40,ae3e538f9ff96ae05fc53ccb31424b124ed56a62a6e695c7d4a2d47dfb18c973,0c000000150000002c00000032000000,,,,,False,,,,,,,,,,False,False
/a/1/3/3,/a/1/3/3!/member_02000,0,/a/1/3/3,262,2000,,47088,47092,15340,15344,4,df3f619804a92fdb4057192dc43dd748ea778adc52bc498ce80524c014b81119,00000000,,,,,False,,,,,,,,,,False,False
/a/1/3/3,/a/1/3/3!/member_02001,0,/a/1/3/3,262,2001,,47092,47152,15344,15404,60,3d84b6e655b4ade18fcacedd428fa0c266e59d46f4aa7eeda8de0c9ff931b75d,02000000070000000800000009000000,,,,,False,,,,,,,,,,False,False
/a/1/3/3,/a/1/3/3!/member_02002,0,/a/1/3/3,262,2002,,47152,47188,15404,15440,36,a91b9abf7ff7c0cf6814c6f8a2cc9cb7c182419982bd9349f3e774b19280b9e0,0e0000000f0000001b00000028000000,,,,,False,,,,,,,,,,False,False
/a/1/3/3,/a/1/3/3!/member_02003,0,/a/1/3/3,262,2003,,47188,47232,15440,15484,44,8c01a146fafde35ec23508c2e7337edcdc3733ca4f1947d8f34d8985d6a6f507,08000000140000001a0000001b000000,,,,,False,,,,,,,,,,False,False
/a/1/3/3,/a/1/3/3!/member_02004,0,/a/1/3/3,262,2004,,47232,47268,15484,15520,36,686c0067a2e49664826f18fb6e3c0cd2043b3edab0b65e25116a521dc4ac26ed,1b000000270000003300000034000000,,,,,False,,,,,,,,,,False,False
/a/1/3/3,/a/1/3/3!/member_02005,0,/a/1/3/3,262,2005,,47268,47272,15520,15524,4,df3f619804a92fdb4057192dc43dd748ea778adc52bc498ce80524c014b81119,00000000,,,,,False,,,,,,,,,,False,False
/a/1/3/3,/a/1/3/3!/member_02006,0,/a/1/3/3,262,2006,,47272,47276,15524,15528,4,df3f619804a92fdb4057192dc43dd748ea778adc52bc498ce80524c014b81119,00000000,,,,,False,,,,,,,,,,False,False
/a/1/3/3,/a/1/3/3!/member_02007,0,/a/1/3/3,262,2007,,47276,47280,15528,15532,4,df3f619804a92fdb4057192dc43dd748ea778adc52bc498ce80524c014b81119,00000000,,,,,False,,,,,,,,,,False,False
/a/1/3/3,/a/1/3/3!/member_02008,0,/a/1/3/3,262,2008,,47280,47284,15532,15536,4,df3f619804a92fdb4057192dc43dd748ea778adc52bc498ce80524c014b81119,00000000,,,,,False,,,,,,,,,,False,False
/a/1/3/3,/a/1/3/3!/member_02009,0,/a/1/3/3,262,2009,,47284,47288,15536,15540,4,df3f619804a92fdb4057192dc43dd748ea778adc52bc498ce80524c014b81119,00000000,,,,,False,,,,,,,,,,False,False
/a/1/3/3,/a/1/3/3!/member_02010,0,/a/1/3/3,262,2010,,47288,47300,15540,15552,12,066e06701fcce07f9fc2d55ca20ae9544ec2705cbec3a6b8d19c51aa4f0054ea,280000002900000000000000,,,,,True,Nintendo Huffman 8-bit,Probable,False,41,,,,,,False,False
/a/1/3/3,/a/1/3/3!/member_02011,0,/a/1/3/3,262,2011,,47300,47312,15552,15564,12,655179e90cc0cc7152c2321eba3c277b741140bca62db914920aecce21f25541,0a0000000b00000000000000,,,,,False,,,,,,,,,,False,False
/a/1/3/3,/a/1/3/3!/member_02012,0,/a/1/3/3,262,2012,,47312,47328,15564,15580,16,3d2bd0784c5fbfc437b09fbe9efd28051cfabd7fbe4851211be597324bc42487,36000000370000003800000000000000,,,,,False,,,,,,,,,,False,False
/a/1/3/3,/a/1/3/3!/member_02013,0,/a/1/3/3,262,2013,,47328,47332,15580,15584,4,df3f619804a92fdb4057192dc43dd748ea778adc52bc498ce80524c014b81119,00000000,,,,,False,,,,,,,,,,False,False
/a/1/3/3,/a/1/3/3!/member_02014,0,/a/1/3/3,262,2014,,47332,47344,15584,15596,12,655179e90cc0cc7152c2321eba3c277b741140bca62db914920aecce21f25541,0a0000000b00000000000000,,,,,False,,,,,,,,,,False,False
/a/1/3/3,/a/1/3/3!/member_02015,0,/a/1/3/3,262,2015,,47344,47360,15596,15612,16,3d2bd0784c5fbfc437b09fbe9efd28051cfabd7fbe4851211be597324bc42487,36000000370000003800000000000000,,,,,False,,,,,,,,,,False,False
/a/1/3/3,/a/1/3/3!/member_02016,0,/a/1/3/3,262,2016,,47360,47364,15612,15616,4,df3f619804a92fdb4057192dc43dd748ea778adc52bc498ce80524c014b81119,00000000,,,,,False,,,,,,,,,,False,False
/a/1/3/3,/a/1/3/3!/member_02017,0,/a/1/3/3,262,2017,,47364,47368,15616,15620,4,df3f619804a92fdb4057192dc43dd748ea778adc52bc498ce80524c014b81119,00000000,,,,,False,,,,,,,,,,False,False
/a/1/3/3,/a/1/3/3!/member_02018,0,/a/1/3/3,262,2018,,47368,47372,15620,15624,4,df3f619804a92fdb4057192dc43dd748ea778adc52bc498ce80524c014b81119,00000000,,,,,False,,,,,,,,,,False,False
/a/1/3/3,/a/1/3/3!/member_02019,0,/a/1/3/3,262,2019,,47372,47376,15624,15628,4,df3f619804a92fdb4057192dc43dd748ea778adc52bc498ce80524c014b81119,00000000,,,,,False,,,,,,,,,,False,False
/a/1/3/3,/a/1/3/3!/member_02020,0,/a/1/3/3,262,2020,,47376,47380,15628,15632,4,df3f619804a92fdb4057192dc43dd748ea778adc52bc498ce80524c014b81119,00000000,,,,,False,,,,,,,,,,False,False
/a/1/3/3,/a/1/3/3!/member_02021,0,/a/1/3/3,262,2021,,47380,47392,15632,15644,12,dd0b256cda95221c6c777998d8fea54c7b68a255b406cfb76607e40bbf77da1e,2d0000002e00000000000000,,,,,False,,,,,,,,,,False,False
/a/1/3/3,/a/1/3/3!/member_02022,0,/a/1/3/3,262,2022,,47392,47396,15644,15648,4,df3f619804a92fdb4057192dc43dd748ea778adc52bc498ce80524c014b81119,00000000,,,,,False,,,,,,,,,,False,False
/a/1/3/3,/a/1/3/3!/member_02023,0,/a/1/3/3,262,2023,,47396,47400,15648,15652,4,df3f619804a92fdb4057192dc43dd748ea778adc52bc498ce80524c014b81119,00000000,,,,,False,,,,,,,,,,False,False
/a/1/3/3,/a/1/3/3!/member_02024,0,/a/1/3/3,262,2024,,47400,47404,15652,15656,4,df3f619804a92fdb4057192dc43dd748ea778adc52bc498ce80524c014b81119,00000000,,,,,False,,,,,,,,,,False,False
/a/1/3/3,/a/1/3/3!/member_02025,0,/a/1/3/3,262,2025,,47404,47408,15656,15660,4,df3f619804a92fdb4057192dc43dd748ea778adc52bc498ce80524c014b81119,00000000,,,,,False,,,,,,,,,,False,False
/a/1/3/3,/a/1/3/3!/member_02026,0,/a/1/3/3,262,2026,,47408,47420,15660,15672,12,a9b3f3d6ce71fa86197817a1bf4d4e1b7aff3012700b2c8f83a06067278c4d8b,1b0000002700000000000000,,,,,False,,,,,,,,,,False,False
/a/1/3/3,/a/1/3/3!/member_02027,0,/a/1/3/3,262,2027,,47420,47424,15672,15676,4,df3f619804a92fdb4057192dc43dd748ea778adc52bc498ce80524c014b81119,00000000,,,,,False,,,,,,,,,,False,False
/a/1/3/3,/a/1/3/3!/member_02028,0,/a/1/3/3,262,2028,,47424,47428,15676,15680,4,df3f619804a92fdb4057192dc43dd748ea778adc52bc498ce80524c014b81119,00000000,,,,,False,,,,,,,,,,False,False
/a/1/3/3,/a/1/3/3!/member_02029,0,/a/1/3/3,262,2029,,47428,47432,15680,15684,4,df3f619804a92fdb4057192dc43dd748ea778adc52bc498ce80524c014b81119,00000000,,,,,False,,,,,,,,,,False,False
/a/1/3/3,/a/1/3/3!/member_02030,0,/a/1/3/3,262,2030,,47432,47436,15684,15688,4,df3f619804a92fdb4057192dc43dd748ea778adc52bc498ce80524c014b81119,00000000,,,,,False,,,,,,,,,,False,False
/a/1/3/3,/a/1/3/3!/member_02031,0,/a/1/3/3,262,2031,,47436,47440,15688,15692,4,df3f619804a92fdb4057192dc43dd748ea778adc52bc498ce80524c014b81119,00000000,,,,,False,,,,,,,,,,False,False
/a/1/3/3,/a/1/3/3!/member_02032,0,/a/1/3/3,262,2032,,47440,47452,15692,15704,12,3df9950ede9b20e35fd1fb2e68f4001a3e7fd490e57c13e9773a132108a22c8b,230000002700000000000000,,,,,False,,,,,,,,,,False,False
/a/1/3/3,/a/1/3/3!/member_02033,0,/a/1/3/3,262,2033,,47452,47456,15704,15708,4,df3f619804a92fdb4057192dc43dd748ea778adc52bc498ce80524c014b81119,00000000,,,,,False,,,,,,,,,,False,False
/a/1/3/3,/a/1/3/3!/member_02034,0,/a/1/3/3,262,2034,,47456,47460,15708,15712,4,df3f619804a92fdb4057192dc43dd748ea778adc52bc498ce80524c014b81119,00000000,,,,,False,,,,,,,,,,False,False
/a/1/3/3,/a/1/3/3!/member_02035,0,/a/1/3/3,262,2035,,47460,47464,15712,15716,4,df3f619804a92fdb4057192dc43dd748ea778adc52bc498ce80524c014b81119,00000000,,,,,False,,,,,,,,,,False,False
/a/1/3/3,/a/1/3/3!/member_02036,0,/a/1/3/3,262,2036,,47464,47476,15716,15728,12,083701115bb88069f1e8ea9c745417d49a7300a7f9e5f668e11e0cd12823e6f5,0a0000003000000000000000,,,,,False,,,,,,,,,,False,False
/a/1/3/3,/a/1/3/3!/member_02037,0,/a/1/3/3,262,2037,,47476,47488,15728,15740,12,083701115bb88069f1e8ea9c745417d49a7300a7f9e5f668e11e0cd12823e6f5,0a0000003000000000000000,,,,,False,,,,,,,,,,False,False
/a/1/3/3,/a/1/3/3!/member_02038,0,/a/1/3/3,262,2038,,47488,47500,15740,15752,12,2f54f03ebfe6070b3a208afc359a42376230b259077fb35ac6f7fdcb172eb8fa,140000003300000000000000,,,,,False,,,,,,,,,,False,False
/a/1/3/3,/a/1/3/3!/member_02039,0,/a/1/3/3,262,2039,,47500,47508,15752,15760,8,48001b2f2c5137abda63e9487ddf147cc471eff55eb6fef2e0bb9247bc2553c4,3300000000000000,,,,,False,,,,,,,,,,False,False
/a/1/3/3,/a/1/3/3!/member_02040,0,/a/1/3/3,262,2040,,47508,47532,15760,15784,24,d72440e5eea53bd91438956a87a07914f685dff0863ae503219f998afb11b245,0b0000000c0000002700000031000000,,,,,False,,,,,,,,,,False,False
/a/1/3/3,/a/1/3/3!/member_02041,0,/a/1/3/3,262,2041,,47532,47536,15784,15788,4,df3f619804a92fdb4057192dc43dd748ea778adc52bc498ce80524c014b81119,00000000,,,,,False,,,,,,,,,,False,False
/a/1/3/3,/a/1/3/3!/member_02042,0,/a/1/3/3,262,2042,,47536,47596,15788,15848,60,8f814141006cf17d2008ae118efd3386f3dbbb6542476adeba6ff798e10b8afe,0400000005000000060000000a000000,,,,,False,,,,,,,,,,False,False
/a/1/3/3,/a/1/3/3!/member_02043,0,/a/1/3/3,262,2043,,47596,47636,15848,15888,40,b6820aa265f8bf18464c4ae2927e897590b61e2a9297d98373b3abd51922534a,0400000005000000060000000d000000,,,,,False,,,,,,,,,,False,False
/a/1/3/3,/a/1/3/3!/member_02044,0,/a/1/3/3,262,2044,,47636,47640,15888,15892,4,df3f619804a92fdb4057192dc43dd748ea778adc52bc498ce80524c014b81119,00000000,,,,,False,,,,,,,,,,False,False
/a/1/3/3,/a/1/3/3!/member_02045,0,/a/1/3/3,262,2045,,47640,47672,15892,15924,32,d5c231e846f3331266d71b8c1f9afaa9363435bb72856061c8aae0d04b33bc92,090000000a0000002f00000030000000,,,,,False,,,,,,,,,,False,False
/a/1/3/3,/a/1/3/3!/member_02046,0,/a/1/3/3,262,2046,,47672,47680,15924,15932,8,0cbbab9d99fb661a1686f17ccaaf8a9d069aa8cb755925045a1d049c060b9e67,3200000000000000,,,,,False,,,,,,,,,,False,False
/a/1/3/3,/a/1/3/3!/member_02047,0,/a/1/3/3,262,2047,,47680,47684,15932,15936,4,df3f619804a92fdb4057192dc43dd748ea778adc52bc498ce80524c014b81119,00000000,,,,,False,,,,,,,,,,False,False
/a/1/3/3,/a/1/3/3!/member_02048,0,/a/1/3/3,262,2048,,47684,47688,15936,15940,4,df3f619804a92fdb4057192dc43dd748ea778adc52bc498ce80524c014b81119,00000000,,,,,False,,,,,,,,,,False,False
/a/1/3/3,/a/1/3/3!/member_02049,0,/a/1/3/3,262,2049,,47688,47692,15940,15944,4,df3f619804a92fdb4057192dc43dd748ea778adc52bc498ce80524c014b81119,00000000,,,,,False,,,,,,,,,,False,False
/a/1/3/3,/a/1/3/3!/member_02050,0,/a/1/3/3,262,2050,,47692,47696,15944,15948,4,df3f619804a92fdb4057192dc43dd748ea778adc52bc498ce80524c014b81119,00000000,,,,,False,,,,,,,,,,False,False
/a/1/3/3,/a/1/3/3!/member_02051,0,/a/1/3/3,262,2051,,47696,47728,15948,15980,32,21c158bfdf4f0c3abcaf180bfd0e70efbf75d466fca26ca409fbb7bd76013a41,0500000007000000170000002f000000,,,,,False,,,,,,,,,,False,False
/a/1/3/3,/a/1/3/3!/member_02052,0,/a/1/3/3,262,2052,,47728,47744,15980,15996,16,e73f4f1a7a29f64ea1ef16659dd0edb4782d096410c02909cb9d3b9639729870,170000003e0000003f00000000000000,,,,,False,,,,,,,,,,False,False
/a/1/3/3,/a/1/3/3!/member_02053,0,/a/1/3/3,262,2053,,47744,47748,15996,16000,4,df3f619804a92fdb4057192dc43dd748ea778adc52bc498ce80524c014b81119,00000000,,,,,False,,,,,,,,,,False,False
/a/1/3/3,/a/1/3/3!/member_02054,0,/a/1/3/3,262,2054,,47748,47828,16000,16080,80,595ec96e2d89262d321558d52010322fcdb3314ef87662792773fbc8809d7d3e,01000000030000000700000009000000,,,,,False,,,,,,,,,,False,False
/a/1/3/3,/a/1/3/3!/member_02055,0,/a/1/3/3,262,2055,,47828,47908,16080,16160,80,595ec96e2d89262d321558d52010322fcdb3314ef87662792773fbc8809d7d3e,01000000030000000700000009000000,,,,,False,,,,,,,,,,False,False
/a/1/3/3,/a/1/3/3!/member_02056,0,/a/1/3/3,262,2056,,47908,47920,16160,16172,12,ac3e17cb10b4670f60ed7a4f69280ccd605c82307a548ac46547d4918619781d,190000001a00000000000000,,,,,False,,,,,,,,,,False,False
/a/1/3/3,/a/1/3/3!/member_02057,0,/a/1/3/3,262,2057,,47920,47928,16172,16180,8,bf5b0e89f1caed18c8d6ff15d17ecc5c6e0c89510b4bc6d7b4b51d4ed30999cb,1900000000000000,,,,,False,,,,,,,,,,False,False
/a/1/3/3,/a/1/3/3!/member_02058,0,/a/1/3/3,262,2058,,47928,47932,16180,16184,4,df3f619804a92fdb4057192dc43dd748ea778adc52bc498ce80524c014b81119,00000000,,,,,False,,,,,,,,,,False,False
/a/1/3/3,/a/1/3/3!/member_02059,0,/a/1/3/3,262,2059,,47932,47956,16184,16208,24,609adfd20dd3ed2ac598c85c8174c72bd403ea23bdf8ef71e97931646af1c038,1c00000028000000290000002a000000,,,,,False,,,,,,,,,,False,False
/a/1/3/3,/a/1/3/3!/member_02060,0,/a/1/3/3,262,2060,,47956,47968,16208,16220,12,5c8c32a7a92c2f32aaa89c6efe40f0ccda3189fb18aa0a33a3d52884f441138d,1c0000002a00000000000000,,,,,False,,,,,,,,,,False,False
/a/1/3/3,/a/1/3/3!/member_02061,0,/a/1/3/3,262,2061,,47968,47972,16220,16224,4,df3f619804a92fdb4057192dc43dd748ea778adc52bc498ce80524c014b81119,00000000,,,,,False,,,,,,,,,,False,False
/a/1/3/3,/a/1/3/3!/member_02062,0,/a/1/3/3,262,2062,,47972,47976,16224,16228,4,df3f619804a92fdb4057192dc43dd748ea778adc52bc498ce80524c014b81119,00000000,,,,,False,,,,,,,,,,False,False
/a/1/3/3,/a/1/3/3!/member_02063,0,/a/1/3/3,262,2063,,47976,47996,16228,16248,20,286e7b902c88e56681a3899c6a93eb74efb1712dd79e5b94264ba69605fa29c4,0e0000000f0000003000000035000000,,,,,False,,,,,,,,,,False,False
/a/1/3/3,/a/1/3/3!/member_02064,0,/a/1/3/3,262,2064,,47996,48000,16248,16252,4,df3f619804a92fdb4057192dc43dd748ea778adc52bc498ce80524c014b81119,00000000,,,,,False,,,,,,,,,,False,False
/a/1/3/3,/a/1/3/3!/member_02065,0,/a/1/3/3,262,2065,,48000,48020,16252,16272,20,4d91a651d6a779ad48433374b74adf33f65742dec0b6d207ea894d8f9b1656ed,0e0000000f0000001b00000027000000,,,,,False,,,,,,,,,,False,False
/a/1/3/3,/a/1/3/3!/member_02066,0,/a/1/3/3,262,2066,,48020,48044,16272,16296,24,609adfd20dd3ed2ac598c85c8174c72bd403ea23bdf8ef71e97931646af1c038,1c00000028000000290000002a000000,,,,,False,,,,,,,,,,False,False
/a/1/3/3,/a/1/3/3!/member_02067,0,/a/1/3/3,262,2067,,48044,48060,16296,16312,16,abb4b6c6c2b0cb03ed9b0c9c04fedb40d7da6880771ef674c67c9a66f9d71cd6,1c000000280000002a00000000000000,,,,,False,,,,,,,,,,False,False
/a/1/3/3,/a/1/3/3!/member_02068,0,/a/1/3/3,262,2068,,48060,48068,16312,16320,8,4d159113222bfeb85fbe717cc2393ee8a6a85b7ce5ac1791c4eade5e3dd6de41,1b00000000000000,,,,,False,,,,,,,,,,False,False
/a/1/3/3,/a/1/3/3!/member_02069,0,/a/1/3/3,262,2069,,48068,48072,16320,16324,4,df3f619804a92fdb4057192dc43dd748ea778adc52bc498ce80524c014b81119,00000000,,,,,False,,,,,,,,,,False,False
/a/1/3/3,/a/1/3/3!/member_02070,0,/a/1/3/3,262,2070,,48072,48092,16324,16344,20,fc8d014b076b34cae703be61d0e35d8ccf1ef1496c1447a6ce5fd3500c18f84c,24000000390000003a0000003b000000,,,,,True,Nintendo Huffman 4-bit,Probable,False,57,,,,,,False,False
/a/1/3/3,/a/1/3/3!/member_02071,0,/a/1/3/3,262,2071,,48092,48112,16344,16364,20,fc8d014b076b34cae703be61d0e35d8ccf1ef1496c1447a6ce5fd3500c18f84c,24000000390000003a0000003b000000,,,,,True,Nintendo Huffman 4-bit,Probable,False,57,,,,,,False,False
/a/1/3/3,/a/1/3/3!/member_02072,0,/a/1/3/3,262,2072,,48112,48156,16364,16408,44,8477ce6051cef963838dc9136bc50a54eb74788360da4cee880d74e94e314f6a,01000000120000001b0000001f000000,,,,,False,,,,,,,,,,False,False
/a/1/3/3,/a/1/3/3!/member_02073,0,/a/1/3/3,262,2073,,48156,48160,16408,16412,4,df3f619804a92fdb4057192dc43dd748ea778adc52bc498ce80524c014b81119,00000000,,,,,False,,,,,,,,,,False,False
/a/1/3/3,/a/1/3/3!/member_02074,0,/a/1/3/3,262,2074,,48160,48164,16412,16416,4,df3f619804a92fdb4057192dc43dd748ea778adc52bc498ce80524c014b81119,00000000,,,,,False,,,,,,,,,,False,False
/a/1/3/3,/a/1/3/3!/member_02075,0,/a/1/3/3,262,2075,,48164,48168,16416,16420,4,df3f619804a92fdb4057192dc43dd748ea778adc52bc498ce80524c014b81119,00000000,,,,,False,,,,,,,,,,False,False
/a/1/3/3,/a/1/3/3!/member_02076,0,/a/1/3/3,262,2076,,48168,48172,16420,16424,4,df3f619804a92fdb4057192dc43dd748ea778adc52bc498ce80524c014b81119,00000000,,,,,False,,,,,,,,,,False,False
/a/1/3/3,/a/1/3/3!/member_02077,0,/a/1/3/3,262,2077,,48172,48176,16424,16428,4,df3f619804a92fdb4057192dc43dd748ea778adc52bc498ce80524c014b81119,00000000,,,,,False,,,,,,,,,,False,False
/a/1/3/3,/a/1/3/3!/member_02078,0,/a/1/3/3,262,2078,,48176,48192,16428,16444,16,c72a45e70d79f7c9df717bcefd73e28cad4f0aa68663a9ebd000a0b046fdcfc1,090000000a0000003500000000000000,,,,,False,,,,,,,,,,False,False
/a/1/3/3,/a/1/3/3!/member_02079,0,/a/1/3/3,262,2079,,48192,48200,16444,16452,8,563e0ed5fdceb76bf32c350148f6ba0d166833b9cb2f5c5a1d465db005476b84,3500000000000000,,,,,False,,,,,,,,,,False,False
/a/1/3/3,/a/1/3/3!/member_02080,0,/a/1/3/3,262,2080,,48200,48228,16452,16480,28,e2ee2df02c12472bdae1480da8ce928b78ece3c7342992574ba39684cd79c214,03000000090000001000000011000000,,,,,False,,,,,,,,,,False,False
/a/1/3/3,/a/1/3/3!/member_02081,0,/a/1/3/3,262,2081,,48228,48256,16480,16508,28,e2ee2df02c12472bdae1480da8ce928b78ece3c7342992574ba39684cd79c214,03000000090000001000000011000000,,,,,False,,,,,,,,,,False,False
/a/1/3/3,/a/1/3/3!/member_02082,0,/a/1/3/3,262,2082,,48256,48264,16508,16516,8,dcbe298920b50037fcfb8dda1e57ad49eeeedd8e0ddafc2deed4902c1bc11d3a,3400000000000000,,,,,False,,,,,,,,,,False,False
/a/1/3/3,/a/1/3/3!/member_02083,0,/a/1/3/3,262,2083,,48264,48268,16516,16520,4,df3f619804a92fdb4057192dc43dd748ea778adc52bc498ce80524c014b81119,00000000,,,,,False,,,,,,,,,,False,False
/a/1/3/3,/a/1/3/3!/member_02084,0,/a/1/3/3,262,2084,,48268,48272,16520,16524,4,df3f619804a92fdb4057192dc43dd748ea778adc52bc498ce80524c014b81119,00000000,,,,,False,,,,,,,,,,False,False
/a/1/3/3,/a/1/3/3!/member_02085,0,/a/1/3/3,262,2085,,48272,48276,16524,16528,4,df3f619804a92fdb4057192dc43dd748ea778adc52bc498ce80524c014b81119,00000000,,,,,False,,,,,,,,,,False,False
/a/1/3/3,/a/1/3/3!/member_02086,0,/a/1/3/3,262,2086,,48276,48280,16528,16532,4,df3f619804a92fdb4057192dc43dd748ea778adc52bc498ce80524c014b81119,00000000,,,,,False,,,,,,,,,,False,False
/a/1/3/3,/a/1/3/3!/member_02087,0,/a/1/3/3,262,2087,,48280,48284,16532,16536,4,df3f619804a92fdb4057192dc43dd748ea778adc52bc498ce80524c014b81119,00000000,,,,,False,,,,,,,,,,False,False
/a/1/3/3,/a/1/3/3!/member_02088,0,/a/1/3/3,262,2088,,48284,48288,16536,16540,4,df3f619804a92fdb4057192dc43dd748ea778adc52bc498ce80524c014b81119,00000000,,,,,False,,,,,,,,,,False,False
/a/1/3/3,/a/1/3/3!/member_02089,0,/a/1/3/3,262,2089,,48288,48292,16540,16544,4,df3f619804a92fdb4057192dc43dd748ea778adc52bc498ce80524c014b81119,00000000,,,,,False,,,,,,,,,,False,False
/a/1/3/3,/a/1/3/3!/member_02090,0,/a/1/3/3,262,2090,,48292,48300,16544,16552,8,c69a9157638e69fb692d827383c3f27e586e0c98989cffdf8bd4c982ad837a4c,1700000000000000,,,,,False,,,,,,,,,,False,False
/a/1/3/3,/a/1/3/3!/member_02091,0,/a/1/3/3,262,2091,,48300,48304,16552,16556,4,df3f619804a92fdb4057192dc43dd748ea778adc52bc498ce80524c014b81119,00000000,,,,,False,,,,,,,,,,False,False
/a/1/3/3,/a/1/3/3!/member_02092,0,/a/1/3/3,262,2092,,48304,48308,16556,16560,4,df3f619804a92fdb4057192dc43dd748ea778adc52bc498ce80524c014b81119,00000000,,,,,False,,,,,,,,,,False,False
/a/1/3/3,/a/1/3/3!/member_02093,0,/a/1/3/3,262,2093,,48308,48312,16560,16564,4,df3f619804a92fdb4057192dc43dd748ea778adc52bc498ce80524c014b81119,00000000,,,,,False,,,,,,,,,,False,False
/a/1/3/3,/a/1/3/3!/member_02094,0,/a/1/3/3,262,2094,,48312,48316,16564,16568,4,df3f619804a92fdb4057192dc43dd748ea778adc52bc498ce80524c014b81119,00000000,,,,,False,,,,,,,,,,False,False
/a/1/3/3,/a/1/3/3!/member_02095,0,/a/1/3/3,262,2095,,48316,48332,16568,16584,16,3d2bd0784c5fbfc437b09fbe9efd28051cfabd7fbe4851211be597324bc42487,36000000370000003800000000000000,,,,,False,,,,,,,,,,False,False
/a/1/3/3,/a/1/3/3!/member_02096,0,/a/1/3/3,262,2096,,48332,48352,16584,16604,20,9063a7fb609e58143aa32b93ed930df7e2b3f1179a4fe11d96219dfaf9475cd5,170000001c0000002a0000003c000000,,,,,False,,,,,,,,,,False,False
/a/1/3/3,/a/1/3/3!/member_02097,0,/a/1/3/3,262,2097,,48352,48356,16604,16608,4,df3f619804a92fdb4057192dc43dd748ea778adc52bc498ce80524c014b81119,00000000,,,,,False,,,,,,,,,,False,False
/a/1/3/3,/a/1/3/3!/member_02098,0,/a/1/3/3,262,2098,,48356,48360,16608,16612,4,df3f619804a92fdb4057192dc43dd748ea778adc52bc498ce80524c014b81119,00000000,,,,,False,,,,,,,,,,False,False
/a/1/3/3,/a/1/3/3!/member_02099,0,/a/1/3/3,262,2099,,48360,48364,16612,16616,4,df3f619804a92fdb4057192dc43dd748ea778adc52bc498ce80524c014b81119,00000000,,,,,False,,,,,,,,,,False,False
/a/1/3/3,/a/1/3/3!/member_02100,0,/a/1/3/3,262,2100,,48364,48396,16616,16648,32,5cd0139f83b46d7023246cf8367a4f007dc5219b0dcec2136297d9f4349e12cd,14000000220000002e00000033000000,,,,,False,,,,,,,,,,False,False
/a/1/3/3,/a/1/3/3!/member_02101,0,/a/1/3/3,262,2101,,48396,48428,16648,16680,32,5cd0139f83b46d7023246cf8367a4f007dc5219b0dcec2136297d9f4349e12cd,14000000220000002e00000033000000,,,,,False,,,,,,,,,,False,False
/a/1/3/3,/a/1/3/3!/member_02102,0,/a/1/3/3,262,2102,,48428,48436,16680,16688,8,4d159113222bfeb85fbe717cc2393ee8a6a85b7ce5ac1791c4eade5e3dd6de41,1b00000000000000,,,,,False,,,,,,,,,,False,False
/a/1/3/3,/a/1/3/3!/member_02103,0,/a/1/3/3,262,2103,,48436,48440,16688,16692,4,df3f619804a92fdb4057192dc43dd748ea778adc52bc498ce80524c014b81119,00000000,,,,,False,,,,,,,,,,False,False
/a/1/3/3,/a/1/3/3!/member_02104,0,/a/1/3/3,262,2104,,48440,48448,16692,16700,8,3fe8adee83a670dd3131f667e963775b2256f3f59d5a996984eb47f8375efd7c,3c00000000000000,,,,,False,,,,,,,,,,False,False
/a/1/3/3,/a/1/3/3!/member_02105,0,/a/1/3/3,262,2105,,48448,48452,16700,16704,4,df3f619804a92fdb4057192dc43dd748ea778adc52bc498ce80524c014b81119,00000000,,,,,False,,,,,,,,,,False,False
/a/1/3/3,/a/1/3/3!/member_02106,0,/a/1/3/3,262,2106,,48452,48456,16704,16708,4,df3f619804a92fdb4057192dc43dd748ea778adc52bc498ce80524c014b81119,00000000,,,,,False,,,,,,,,,,False,False
/a/1/3/3,/a/1/3/3!/member_02107,0,/a/1/3/3,262,2107,,48456,48464,16708,16716,8,dcbe298920b50037fcfb8dda1e57ad49eeeedd8e0ddafc2deed4902c1bc11d3a,3400000000000000,,,,,False,,,,,,,,,,False,False
/a/1/3/3,/a/1/3/3!/member_02108,0,/a/1/3/3,262,2108,,48464,48468,16716,16720,4,df3f619804a92fdb4057192dc43dd748ea778adc52bc498ce80524c014b81119,00000000,,,,,False,,,,,,,,,,False,False
/a/1/3/3,/a/1/3/3!/member_02109,0,/a/1/3/3,262,2109,,48468,48472,16720,16724,4,df3f619804a92fdb4057192dc43dd748ea778adc52bc498ce80524c014b81119,00000000,,,,,False,,,,,,,,,,False,False
/a/1/3/3,/a/1/3/3!/member_02110,0,/a/1/3/3,262,2110,,48472,48488,16724,16740,16,d6416ea91a221b634d9347f9be107f549c5d25a3e18bb7c7004ce808cdedb60e,0e0000000f0000002700000000000000,,,,,False,,,,,,,,,,False,False
/a/1/3/3,/a/1/3/3!/member_02111,0,/a/1/3/3,262,2111,,48488,48660,16740,16912,172,5a77acb50f295278589951420f879566f743a273cb7b7097816488868c4523fe,01000000030000000400000005000000,,,,,False,,,,,,,,,,False,False
/a/1/3/3,/a/1/3/3!/member_02112,0,/a/1/3/3,262,2112,,48660,48672,16912,16924,12,255dea41eb2b88faf7438bafd96a8c64483df782c2699aed4b54d84a45c1688e,160000002500000000000000,,,,,False,,,,,,,,,,False,False
/a/1/3/3,/a/1/3/3!/member_02113,0,/a/1/3/3,262,2113,,48672,48676,16924,16928,4,df3f619804a92fdb4057192dc43dd748ea778adc52bc498ce80524c014b81119,00000000,,,,,False,,,,,,,,,,False,False
/a/1/3/3,/a/1/3/3!/member_02114,0,/a/1/3/3,262,2114,,48676,48692,16928,16944,16,e6a293a2d61968fb00a6c1db08fe73da86b99813c59c2e0f4e66673fb64b31a9,090000000a0000001b00000000000000,,,,,False,,,,,,,,,,False,False
/a/1/3/3,/a/1/3/3!/member_02115,0,/a/1/3/3,262,2115,,48692,48696,16944,16948,4,df3f619804a92fdb4057192dc43dd748ea778adc52bc498ce80524c014b81119,00000000,,,,,False,,,,,,,,,,False,False
/a/1/3/3,/a/1/3/3!/member_02116,0,/a/1/3/3,262,2116,,48696,48700,16948,16952,4,df3f619804a92fdb4057192dc43dd748ea778adc52bc498ce80524c014b81119,00000000,,,,,False,,,,,,,,,,False,False
/a/1/3/3,/a/1/3/3!/member_02117,0,/a/1/3/3,262,2117,,48700,48704,16952,16956,4,df3f619804a92fdb4057192dc43dd748ea778adc52bc498ce80524c014b81119,00000000,,,,,False,,,,,,,,,,False,False
/a/1/3/3,/a/1/3/3!/member_02118,0,/a/1/3/3,262,2118,,48704,48708,16956,16960,4,df3f619804a92fdb4057192dc43dd748ea778adc52bc498ce80524c014b81119,00000000,,,,,False,,,,,,,,,,False,False
/a/1/3/3,/a/1/3/3!/member_02119,0,/a/1/3/3,262,2119,,48708,48712,16960,16964,4,df3f619804a92fdb4057192dc43dd748ea778adc52bc498ce80524c014b81119,00000000,,,,,False,,,,,,,,,,False,False
/a/1/3/3,/a/1/3/3!/member_02120,0,/a/1/3/3,262,2120,,48712,48716,16964,16968,4,df3f619804a92fdb4057192dc43dd748ea778adc52bc498ce80524c014b81119,00000000,,,,,False,,,,,,,,,,False,False
/a/1/3/3,/a/1/3/3!/member_02121,0,/a/1/3/3,262,2121,,48716,48720,16968,16972,4,df3f619804a92fdb4057192dc43dd748ea778adc52bc498ce80524c014b81119,00000000,,,,,False,,,,,,,,,,False,False
/a/1/3/3,/a/1/3/3!/member_02122,0,/a/1/3/3,262,2122,,48720,48724,16972,16976,4,df3f619804a92fdb4057192dc43dd748ea778adc52bc498ce80524c014b81119,00000000,,,,,False,,,,,,,,,,False,False
/a/1/3/3,/a/1/3/3!/member_02123,0,/a/1/3/3,262,2123,,48724,48728,16976,16980,4,df3f619804a92fdb4057192dc43dd748ea778adc52bc498ce80524c014b81119,00000000,,,,,False,,,,,,,,,,False,False
/a/1/3/3,/a/1/3/3!/member_02124,0,/a/1/3/3,262,2124,,48728,48732,16980,16984,4,df3f619804a92fdb4057192dc43dd748ea778adc52bc498ce80524c014b81119,00000000,,,,,False,,,,,,,,,,False,False
/a/1/3/3,/a/1/3/3!/member_02125,0,/a/1/3/3,262,2125,,48732,48736,16984,16988,4,df3f619804a92fdb4057192dc43dd748ea778adc52bc498ce80524c014b81119,00000000,,,,,False,,,,,,,,,,False,False
/a/1/3/3,/a/1/3/3!/member_02126,0,/a/1/3/3,262,2126,,48736,48740,16988,16992,4,df3f619804a92fdb4057192dc43dd748ea778adc52bc498ce80524c014b81119,00000000,,,,,False,,,,,,,,,,False,False
/a/1/3/3,/a/1/3/3!/member_02127,0,/a/1/3/3,262,2127,,48740,48744,16992,16996,4,df3f619804a92fdb4057192dc43dd748ea778adc52bc498ce80524c014b81119,00000000,,,,,False,,,,,,,,,,False,False
/a/1/3/3,/a/1/3/3!/member_02128,0,/a/1/3/3,262,2128,,48744,48748,16996,17000,4,df3f619804a92fdb4057192dc43dd748ea778adc52bc498ce80524c014b81119,00000000,,,,,False,,,,,,,,,,False,False
/a/1/3/3,/a/1/3/3!/member_02129,0,/a/1/3/3,262,2129,,48748,48752,17000,17004,4,df3f619804a92fdb4057192dc43dd748ea778adc52bc498ce80524c014b81119,00000000,,,,,False,,,,,,,,,,False,False
/a/1/3/3,/a/1/3/3!/member_02130,0,/a/1/3/3,262,2130,,48752,48756,17004,17008,4,df3f619804a92fdb4057192dc43dd748ea778adc52bc498ce80524c014b81119,00000000,,,,,False,,,,,,,,,,False,False
/a/1/3/3,/a/1/3/3!/member_02131,0,/a/1/3/3,262,2131,,48756,48760,17008,17012,4,df3f619804a92fdb4057192dc43dd748ea778adc52bc498ce80524c014b81119,00000000,,,,,False,,,,,,,,,,False,False
/a/1/3/3,/a/1/3/3!/member_02132,0,/a/1/3/3,262,2132,,48760,48764,17012,17016,4,df3f619804a92fdb4057192dc43dd748ea778adc52bc498ce80524c014b81119,00000000,,,,,False,,,,,,,,,,False,False
/a/1/3/3,/a/1/3/3!/member_02133,0,/a/1/3/3,262,2133,,48764,48768,17016,17020,4,df3f619804a92fdb4057192dc43dd748ea778adc52bc498ce80524c014b81119,00000000,,,,,False,,,,,,,,,,False,False
/a/1/3/3,/a/1/3/3!/member_02134,0,/a/1/3/3,262,2134,,48768,48772,17020,17024,4,df3f619804a92fdb4057192dc43dd748ea778adc52bc498ce80524c014b81119,00000000,,,,,False,,,,,,,,,,False,False
/a/1/3/3,/a/1/3/3!/member_02135,0,/a/1/3/3,262,2135,,48772,48776,17024,17028,4,df3f619804a92fdb4057192dc43dd748ea778adc52bc498ce80524c014b81119,00000000,,,,,False,,,,,,,,,,False,False
/a/1/3/3,/a/1/3/3!/member_02136,0,/a/1/3/3,262,2136,,48776,48780,17028,17032,4,df3f619804a92fdb4057192dc43dd748ea778adc52bc498ce80524c014b81119,00000000,,,,,False,,,,,,,,,,False,False
/a/1/3/3,/a/1/3/3!/member_02137,0,/a/1/3/3,262,2137,,48780,48784,17032,17036,4,df3f619804a92fdb4057192dc43dd748ea778adc52bc498ce80524c014b81119,00000000,,,,,False,,,,,,,,,,False,False
/a/1/3/3,/a/1/3/3!/member_02138,0,/a/1/3/3,262,2138,,48784,48788,17036,17040,4,df3f619804a92fdb4057192dc43dd748ea778adc52bc498ce80524c014b81119,00000000,,,,,False,,,,,,,,,,False,False
/a/1/3/3,/a/1/3/3!/member_02139,0,/a/1/3/3,262,2139,,48788,48792,17040,17044,4,df3f619804a92fdb4057192dc43dd748ea778adc52bc498ce80524c014b81119,00000000,,,,,False,,,,,,,,,,False,False
/a/1/3/3,/a/1/3/3!/member_02140,0,/a/1/3/3,262,2140,,48792,48796,17044,17048,4,df3f619804a92fdb4057192dc43dd748ea778adc52bc498ce80524c014b81119,00000000,,,,,False,,,,,,,,,,False,False
/a/1/3/3,/a/1/3/3!/member_02141,0,/a/1/3/3,262,2141,,48796,48800,17048,17052,4,df3f619804a92fdb4057192dc43dd748ea778adc52bc498ce80524c014b81119,00000000,,,,,False,,,,,,,,,,False,False
/a/1/3/3,/a/1/3/3!/member_02142,0,/a/1/3/3,262,2142,,48800,48804,17052,17056,4,df3f619804a92fdb4057192dc43dd748ea778adc52bc498ce80524c014b81119,00000000,,,,,False,,,,,,,,,,False,False
/a/1/3/3,/a/1/3/3!/member_02143,0,/a/1/3/3,262,2143,,48804,48816,17056,17068,12,bddd5bade6c37a0977868ad054d2b1ca1b30a05ca39e737dd39abddfdde46243,020000002b00000000000000,,,,,False,,,,,,,,,,False,False
/a/1/3/3,/a/1/3/3!/member_02144,0,/a/1/3/3,262,2144,,48816,48824,17068,17076,8,8bf3cd6bb2af61dde37441d65f1b1f6b1d2f20e07b243fbb80a19d6bef508abb,2b00000000000000,,,,,False,,,,,,,,,,False,False
/a/1/3/3,/a/1/3/3!/member_02145,0,/a/1/3/3,262,2145,,48824,48828,17076,17080,4,df3f619804a92fdb4057192dc43dd748ea778adc52bc498ce80524c014b81119,00000000,,,,,False,,,,,,,,,,False,False
/a/1/3/3,/a/1/3/3!/member_02146,0,/a/1/3/3,262,2146,,48828,48832,17080,17084,4,df3f619804a92fdb4057192dc43dd748ea778adc52bc498ce80524c014b81119,00000000,,,,,False,,,,,,,,,,False,False
/a/1/3/3,/a/1/3/3!/member_02147,0,/a/1/3/3,262,2147,,48832,48836,17084,17088,4,df3f619804a92fdb4057192dc43dd748ea778adc52bc498ce80524c014b81119,00000000,,,,,False,,,,,,,,,,False,False
/a/1/3/3,/a/1/3/3!/member_02148,0,/a/1/3/3,262,2148,,48836,48840,17088,17092,4,df3f619804a92fdb4057192dc43dd748ea778adc52bc498ce80524c014b81119,00000000,,,,,False,,,,,,,,,,False,False
/a/1/3/3,/a/1/3/3!/member_02149,0,/a/1/3/3,262,2149,,48840,48844,17092,17096,4,df3f619804a92fdb4057192dc43dd748ea778adc52bc498ce80524c014b81119,00000000,,,,,False,,,,,,,,,,False,False
/a/1/3/3,/a/1/3/3!/member_02150,0,/a/1/3/3,262,2150,,48844,48848,17096,17100,4,df3f619804a92fdb4057192dc43dd748ea778adc52bc498ce80524c014b81119,00000000,,,,,False,,,,,,,,,,False,False
/a/1/3/3,/a/1/3/3!/member_02151,0,/a/1/3/3,262,2151,,48848,48852,17100,17104,4,df3f619804a92fdb4057192dc43dd748ea778adc52bc498ce80524c014b81119,00000000,,,,,False,,,,,,,,,,False,False
/a/1/3/3,/a/1/3/3!/member_02152,0,/a/1/3/3,262,2152,,48852,48896,17104,17148,44,8477ce6051cef963838dc9136bc50a54eb74788360da4cee880d74e94e314f6a,01000000120000001b0000001f000000,,,,,False,,,,,,,,,,False,False
/a/1/3/3,/a/1/3/3!/member_02153,0,/a/1/3/3,262,2153,,48896,48940,17148,17192,44,8477ce6051cef963838dc9136bc50a54eb74788360da4cee880d74e94e314f6a,01000000120000001b0000001f000000,,,,,False,,,,,,,,,,False,False
/a/1/3/3,/a/1/3/3!/member_02154,0,/a/1/3/3,262,2154,,48940,48944,17192,17196,4,df3f619804a92fdb4057192dc43dd748ea778adc52bc498ce80524c014b81119,00000000,,,,,False,,,,,,,,,,False,False
/a/1/3/3,/a/1/3/3!/member_02155,0,/a/1/3/3,262,2155,,48944,48948,17196,17200,4,df3f619804a92fdb4057192dc43dd748ea778adc52bc498ce80524c014b81119,00000000,,,,,False,,,,,,,,,,False,False
/a/1/3/3,/a/1/3/3!/member_02156,0,/a/1/3/3,262,2156,,48948,48952,17200,17204,4,df3f619804a92fdb4057192dc43dd748ea778adc52bc498ce80524c014b81119,00000000,,,,,False,,,,,,,,,,False,False
/a/1/3/3,/a/1/3/3!/member_02157,0,/a/1/3/3,262,2157,,48952,48956,17204,17208,4,df3f619804a92fdb4057192dc43dd748ea778adc52bc498ce80524c014b81119,00000000,,,,,False,,,,,,,,,,False,False
/a/1/3/3,/a/1/3/3!/member_02158,0,/a/1/3/3,262,2158,,48956,48960,17208,17212,4,df3f619804a92fdb4057192dc43dd748ea778adc52bc498ce80524c014b81119,00000000,,,,,False,,,,,,,,,,False,False
/a/1/3/3,/a/1/3/3!/member_02159,0,/a/1/3/3,262,2159,,48960,48964,17212,17216,4,df3f619804a92fdb4057192dc43dd748ea778adc52bc498ce80524c014b81119,00000000,,,,,False,,,,,,,,,,False,False
/a/1/3/3,/a/1/3/3!/member_02160,0,/a/1/3/3,262,2160,,48964,48968,17216,17220,4,df3f619804a92fdb4057192dc43dd748ea778adc52bc498ce80524c014b81119,00000000,,,,,False,,,,,,,,,,False,False
/a/1/3/3,/a/1/3/3!/member_02161,0,/a/1/3/3,262,2161,,48968,48984,17220,17236,16,18265bdc871e34f2843e94fa4584dc20cbd95221c5feb77723cb8765938d29a5,07000000140000001500000000000000,,,,,False,,,,,,,,,,False,False
/a/1/3/3,/a/1/3/3!/member_02162,0,/a/1/3/3,262,2162,,48984,48996,17236,17248,12,dfe5adb3fddbd5f00389bede07e5c15e044629b63bbe080b2a8c8d1ffba62bce,140000001500000000000000,,,,,False,,,,,,,,,,False,False
/a/1/3/3,/a/1/3/3!/member_02163,0,/a/1/3/3,262,2163,,48996,49000,17248,17252,4,df3f619804a92fdb4057192dc43dd748ea778adc52bc498ce80524c014b81119,00000000,,,,,False,,,,,,,,,,False,False
/a/1/3/3,/a/1/3/3!/member_02164,0,/a/1/3/3,262,2164,,49000,49004,17252,17256,4,df3f619804a92fdb4057192dc43dd748ea778adc52bc498ce80524c014b81119,00000000,,,,,False,,,,,,,,,,False,False
/a/1/3/3,/a/1/3/3!/member_02165,0,/a/1/3/3,262,2165,,49004,49008,17256,17260,4,df3f619804a92fdb4057192dc43dd748ea778adc52bc498ce80524c014b81119,00000000,,,,,False,,,,,,,,,,False,False
/a/1/3/3,/a/1/3/3!/member_02166,0,/a/1/3/3,262,2166,,49008,49012,17260,17264,4,df3f619804a92fdb4057192dc43dd748ea778adc52bc498ce80524c014b81119,00000000,,,,,False,,,,,,,,,,False,False
/a/1/3/3,/a/1/3/3!/member_02167,0,/a/1/3/3,262,2167,,49012,49016,17264,17268,4,df3f619804a92fdb4057192dc43dd748ea778adc52bc498ce80524c014b81119,00000000,,,,,False,,,,,,,,,,False,False
/a/1/3/3,/a/1/3/3!/member_02168,0,/a/1/3/3,262,2168,,49016,49020,17268,17272,4,df3f619804a92fdb4057192dc43dd748ea778adc52bc498ce80524c014b81119,00000000,,,,,False,,,,,,,,,,False,False
/a/1/3/3,/a/1/3/3!/member_02169,0,/a/1/3/3,262,2169,,49020,49048,17272,17300,28,f426ecc47c5e6a74575d6d7d5edce4d638fea658599e90b4c620080bc15653c3,07000000080000002700000036000000,,,,,False,,,,,,,,,,False,False
/a/1/3/3,/a/1/3/3!/member_02170,0,/a/1/3/3,262,2170,,49048,49056,17300,17308,8,048db3815473d7aab19caa136e5cd923a3ac45293f3df2aa5a759cfa96c81332,3700000000000000,,,,,False,,,,,,,,,,False,False
/a/1/3/3,/a/1/3/3!/member_02171,0,/a/1/3/3,262,2171,,49056,49060,17308,17312,4,df3f619804a92fdb4057192dc43dd748ea778adc52bc498ce80524c014b81119,00000000,,,,,False,,,,,,,,,,False,False
/a/1/3/3,/a/1/3/3!/member_02172,0,/a/1/3/3,262,2172,,49060,49064,17312,17316,4,df3f619804a92fdb4057192dc43dd748ea778adc52bc498ce80524c014b81119,00000000,,,,,False,,,,,,,,,,False,False
/a/1/3/3,/a/1/3/3!/member_02173,0,/a/1/3/3,262,2173,,49064,49072,17316,17324,8,0334e6b55d71f1dc204118d5a631267c8ac81714f9031d8a0be8d9cc4de12282,3e00000000000000,,,,,False,,,,,,,,,,False,False
/a/1/3/3,/a/1/3/3!/member_02174,0,/a/1/3/3,262,2174,,49072,49076,17324,17328,4,df3f619804a92fdb4057192dc43dd748ea778adc52bc498ce80524c014b81119,00000000,,,,,False,,,,,,,,,,False,False
/a/1/3/3,/a/1/3/3!/member_02175,0,/a/1/3/3,262,2175,,49076,49084,17328,17336,8,a111f275cc2e7588000001d300a31e76336d15b9d314cd1a1d8f3d3556975eed,0a00000000000000,,,,,False,,,,,,,,,,False,False
/a/1/3/3,/a/1/3/3!/member_02176,0,/a/1/3/3,262,2176,,49084,49088,17336,17340,4,df3f619804a92fdb4057192dc43dd748ea778adc52bc498ce80524c014b81119,00000000,,,,,False,,,,,,,,,,False,False
/a/1/3/3,/a/1/3/3!/member_02177,0,/a/1/3/3,262,2177,,49088,49104,17340,17356,16,91bd377b89a0b39370f5050efa620827642584b6a19243db2b0c083d498fb2eb,070000001d0000003600000000000000,,,,,False,,,,,,,,,,False,False
/a/1/3/3,/a/1/3/3!/member_02178,0,/a/1/3/3,262,2178,,49104,49108,17356,17360,4,df3f619804a92fdb4057192dc43dd748ea778adc52bc498ce80524c014b81119,00000000,,,,,False,,,,,,,,,,False,False
/a/1/3/3,/a/1/3/3!/member_02179,0,/a/1/3/3,262,2179,,49108,49112,17360,17364,4,df3f619804a92fdb4057192dc43dd748ea778adc52bc498ce80524c014b81119,00000000,,,,,False,,,,,,,,,,False,False
/a/1/3/3,/a/1/3/3!/member_02180,0,/a/1/3/3,262,2180,,49112,49116,17364,17368,4,df3f619804a92fdb4057192dc43dd748ea778adc52bc498ce80524c014b81119,00000000,,,,,False,,,,,,,,,,False,False
/a/1/3/3,/a/1/3/3!/member_02181,0,/a/1/3/3,262,2181,,49116,49120,17368,17372,4,df3f619804a92fdb4057192dc43dd748ea778adc52bc498ce80524c014b81119,00000000,,,,,False,,,,,,,,,,False,False
/a/1/3/3,/a/1/3/3!/member_02182,0,/a/1/3/3,262,2182,,49120,49124,17372,17376,4,df3f619804a92fdb4057192dc43dd748ea778adc52bc498ce80524c014b81119,00000000,,,,,False,,,,,,,,,,False,False
/a/1/3/3,/a/1/3/3!/member_02183,0,/a/1/3/3,262,2183,,49124,49128,17376,17380,4,df3f619804a92fdb4057192dc43dd748ea778adc52bc498ce80524c014b81119,00000000,,,,,False,,,,,,,,,,False,False
/a/1/3/3,/a/1/3/3!/member_02184,0,/a/1/3/3,262,2184,,49128,49132,17380,17384,4,df3f619804a92fdb4057192dc43dd748ea778adc52bc498ce80524c014b81119,00000000,,,,,False,,,,,,,,,,False,False
/a/1/3/3,/a/1/3/3!/member_02185,0,/a/1/3/3,262,2185,,49132,49144,17384,17396,12,0e26ae4a69b8e5bf1b7f41c93babf59455d2f9a9024a244dc66abcc6257f8d2d,150000002700000000000000,,,,,False,,,,,,,,,,False,False
/a/1/3/3,/a/1/3/3!/member_02186,0,/a/1/3/3,262,2186,,49144,49148,17396,17400,4,df3f619804a92fdb4057192dc43dd748ea778adc52bc498ce80524c014b81119,00000000,,,,,False,,,,,,,,,,False,False
/a/1/3/3,/a/1/3/3!/member_02187,0,/a/1/3/3,262,2187,,49148,49152,17400,17404,4,df3f619804a92fdb4057192dc43dd748ea778adc52bc498ce80524c014b81119,00000000,,,,,False,,,,,,,,,,False,False
/a/1/3/3,/a/1/3/3!/member_02188,0,/a/1/3/3,262,2188,,49152,49156,17404,17408,4,df3f619804a92fdb4057192dc43dd748ea778adc52bc498ce80524c014b81119,00000000,,,,,False,,,,,,,,,,False,False
/a/1/3/3,/a/1/3/3!/member_02189,0,/a/1/3/3,262,2189,,49156,49164,17408,17416,8,bf5b0e89f1caed18c8d6ff15d17ecc5c6e0c89510b4bc6d7b4b51d4ed30999cb,1900000000000000,,,,,False,,,,,,,,,,False,False
/a/1/3/3,/a/1/3/3!/member_02190,0,/a/1/3/3,262,2190,,49164,49168,17416,17420,4,df3f619804a92fdb4057192dc43dd748ea778adc52bc498ce80524c014b81119,00000000,,,,,False,,,,,,,,,,False,False
/a/1/3/3,/a/1/3/3!/member_02191,0,/a/1/3/3,262,2191,,49168,49176,17420,17428,8,18d8d609947c6b82b9607704ae40d3317038e709238514de750b5c7411ba4c20,0e00000000000000,,,,,False,,,,,,,,,,False,False
/a/1/3/3,/a/1/3/3!/member_02192,0,/a/1/3/3,262,2192,,49176,49180,17428,17432,4,df3f619804a92fdb4057192dc43dd748ea778adc52bc498ce80524c014b81119,00000000,,,,,False,,,,,,,,,,False,False
/a/1/3/3,/a/1/3/3!/member_02193,0,/a/1/3/3,262,2193,,49180,49196,17432,17448,16,91bd377b89a0b39370f5050efa620827642584b6a19243db2b0c083d498fb2eb,070000001d0000003600000000000000,,,,,False,,,,,,,,,,False,False
/a/1/3/3,/a/1/3/3!/member_02194,0,/a/1/3/3,262,2194,,49196,49200,17448,17452,4,df3f619804a92fdb4057192dc43dd748ea778adc52bc498ce80524c014b81119,00000000,,,,,False,,,,,,,,,,False,False
/a/1/3/3,/a/1/3/3!/member_02195,0,/a/1/3/3,262,2195,,49200,49212,17452,17464,12,06a1c6aa1c71e5f273486cef8bcb2bd20ccdc9db52725552f0480914f2f96ddc,130000002300000000000000,,,,,False,,,,,,,,,,False,False
/a/1/3/3,/a/1/3/3!/member_02196,0,/a/1/3/3,262,2196,,49212,49216,17464,17468,4,df3f619804a92fdb4057192dc43dd748ea778adc52bc498ce80524c014b81119,00000000,,,,,False,,,,,,,,,,False,False
/a/1/3/3,/a/1/3/3!/member_02197,0,/a/1/3/3,262,2197,,49216,49220,17468,17472,4,df3f619804a92fdb4057192dc43dd748ea778adc52bc498ce80524c014b81119,00000000,,,,,False,,,,,,,,,,False,False
/a/1/3/3,/a/1/3/3!/member_02198,0,/a/1/3/3,262,2198,,49220,49224,17472,17476,4,df3f619804a92fdb4057192dc43dd748ea778adc52bc498ce80524c014b81119,00000000,,,,,False,,,,,,,,,,False,False
/a/1/3/3,/a/1/3/3!/member_02199,0,/a/1/3/3,262,2199,,49224,49228,17476,17480,4,df3f619804a92fdb4057192dc43dd748ea778adc52bc498ce80524c014b81119,00000000,,,,,False,,,,,,,,,,False,False
/a/1/3/3,/a/1/3/3!/member_02200,0,/a/1/3/3,262,2200,,49228,49244,17480,17496,16,9b18eb56208688d0c9e1c915a8a3ecd026791a9e4a5add4ff039dea51b5a7543,390000003a0000003b00000000000000,,,,,False,,,,,,,,,,False,False
/a/1/3/3,/a/1/3/3!/member_02201,0,/a/1/3/3,262,2201,,49244,49248,17496,17500,4,df3f619804a92fdb4057192dc43dd748ea778adc52bc498ce80524c014b81119,00000000,,,,,False,,,,,,,,,,False,False
/a/1/3/3,/a/1/3/3!/member_02202,0,/a/1/3/3,262,2202,,49248,49252,17500,17504,4,df3f619804a92fdb4057192dc43dd748ea778adc52bc498ce80524c014b81119,00000000,,,,,False,,,,,,,,,,False,False
/a/1/3/3,/a/1/3/3!/member_02203,0,/a/1/3/3,262,2203,,49252,49256,17504,17508,4,df3f619804a92fdb4057192dc43dd748ea778adc52bc498ce80524c014b81119,00000000,,,,,False,,,,,,,,,,False,False
/a/1/3/3,/a/1/3/3!/member_02204,0,/a/1/3/3,262,2204,,49256,49284,17508,17536,28,e2ee2df02c12472bdae1480da8ce928b78ece3c7342992574ba39684cd79c214,03000000090000001000000011000000,,,,,False,,,,,,,,,,False,False
/a/1/3/3,/a/1/3/3!/member_02205,0,/a/1/3/3,262,2205,,49284,49292,17536,17544,8,c69a9157638e69fb692d827383c3f27e586e0c98989cffdf8bd4c982ad837a4c,1700000000000000,,,,,False,,,,,,,,,,False,False
/a/1/3/3,/a/1/3/3!/member_02206,0,/a/1/3/3,262,2206,,49292,49296,17544,17548,4,df3f619804a92fdb4057192dc43dd748ea778adc52bc498ce80524c014b81119,00000000,,,,,False,,,,,,,,,,False,False
/a/1/3/3,/a/1/3/3!/member_02207,0,/a/1/3/3,262,2207,,49296,49300,17548,17552,4,df3f619804a92fdb4057192dc43dd748ea778adc52bc498ce80524c014b81119,00000000,,,,,False,,,,,,,,,,False,False
/a/1/3/3,/a/1/3/3!/member_02208,0,/a/1/3/3,262,2208,,49300,49308,17552,17560,8,e48d939f60d90eb530fe27e3605e548e51c7232e13baddfdfeaa4e04fb478319,1200000000000000,,,,,False,,,,,,,,,,False,False
/a/1/3/3,/a/1/3/3!/member_02209,0,/a/1/3/3,262,2209,,49308,49312,17560,17564,4,df3f619804a92fdb4057192dc43dd748ea778adc52bc498ce80524c014b81119,00000000,,,,,False,,,,,,,,,,False,False
/a/1/3/3,/a/1/3/3!/member_02210,0,/a/1/3/3,262,2210,,49312,49316,17564,17568,4,df3f619804a92fdb4057192dc43dd748ea778adc52bc498ce80524c014b81119,00000000,,,,,False,,,,,,,,,,False,False
/a/1/3/3,/a/1/3/3!/member_02211,0,/a/1/3/3,262,2211,,49316,49320,17568,17572,4,df3f619804a92fdb4057192dc43dd748ea778adc52bc498ce80524c014b81119,00000000,,,,,False,,,,,,,,,,False,False
/a/1/3/3,/a/1/3/3!/member_02212,0,/a/1/3/3,262,2212,,49320,49324,17572,17576,4,df3f619804a92fdb4057192dc43dd748ea778adc52bc498ce80524c014b81119,00000000,,,,,False,,,,,,,,,,False,False
/a/1/3/3,/a/1/3/3!/member_02213,0,/a/1/3/3,262,2213,,49324,49332,17576,17584,8,bf5b0e89f1caed18c8d6ff15d17ecc5c6e0c89510b4bc6d7b4b51d4ed30999cb,1900000000000000,,,,,False,,,,,,,,,,False,False
/a/1/3/3,/a/1/3/3!/member_02214,0,/a/1/3/3,262,2214,,49332,49344,17584,17596,12,5c8c32a7a92c2f32aaa89c6efe40f0ccda3189fb18aa0a33a3d52884f441138d,1c0000002a00000000000000,,,,,False,,,,,,,,,,False,False
/a/1/3/3,/a/1/3/3!/member_02215,0,/a/1/3/3,262,2215,,49344,49348,17596,17600,4,df3f619804a92fdb4057192dc43dd748ea778adc52bc498ce80524c014b81119,00000000,,,,,False,,,,,,,,,,False,False
/a/1/3/3,/a/1/3/3!/member_02216,0,/a/1/3/3,262,2216,,49348,49360,17600,17612,12,9902a4e06a95184a6e1f1223fcceddebdde6aa197c35f3885ad726b98922431f,0b0000000c00000000000000,,,,,False,,,,,,,,,,False,False
/a/1/3/3,/a/1/3/3!/member_02217,0,/a/1/3/3,262,2217,,49360,49364,17612,17616,4,df3f619804a92fdb4057192dc43dd748ea778adc52bc498ce80524c014b81119,00000000,,,,,False,,,,,,,,,,False,False
/a/1/3/3,/a/1/3/3!/member_02218,0,/a/1/3/3,262,2218,,49364,49368,17616,17620,4,df3f619804a92fdb4057192dc43dd748ea778adc52bc498ce80524c014b81119,00000000,,,,,False,,,,,,,,,,False,False
/a/1/3/3,/a/1/3/3!/member_02219,0,/a/1/3/3,262,2219,,49368,49372,17620,17624,4,df3f619804a92fdb4057192dc43dd748ea778adc52bc498ce80524c014b81119,00000000,,,,,False,,,,,,,,,,False,False
/a/1/3/3,/a/1/3/3!/member_02220,0,/a/1/3/3,262,2220,,49372,49376,17624,17628,4,df3f619804a92fdb4057192dc43dd748ea778adc52bc498ce80524c014b81119,00000000,,,,,False,,,,,,,,,,False,False
/a/1/3/3,/a/1/3/3!/member_02221,0,/a/1/3/3,262,2221,,49376,49380,17628,17632,4,df3f619804a92fdb4057192dc43dd748ea778adc52bc498ce80524c014b81119,00000000,,,,,False,,,,,,,,,,False,False
/a/1/3/3,/a/1/3/3!/member_02222,0,/a/1/3/3,262,2222,,49380,49384,17632,17636,4,df3f619804a92fdb4057192dc43dd748ea778adc52bc498ce80524c014b81119,00000000,,,,,False,,,,,,,,,,False,False
/a/1/3/3,/a/1/3/3!/member_02223,0,/a/1/3/3,262,2223,,49384,49400,17636,17652,16,c49c9a5eb6f93d6012ba67baf01caa2971c5d4207e69a7da71a4008648548d23,0e0000000f0000001b00000000000000,,,,,False,,,,,,,,,,False,False
/a/1/3/3,/a/1/3/3!/member_02224,0,/a/1/3/3,262,2224,,49400,49404,17652,17656,4,df3f619804a92fdb4057192dc43dd748ea778adc52bc498ce80524c014b81119,00000000,,,,,False,,,,,,,,,,False,False
/a/1/3/3,/a/1/3/3!/member_02225,0,/a/1/3/3,262,2225,,49404,49408,17656,17660,4,df3f619804a92fdb4057192dc43dd748ea778adc52bc498ce80524c014b81119,00000000,,,,,False,,,,,,,,,,False,False
/a/1/3/3,/a/1/3/3!/member_02226,0,/a/1/3/3,262,2226,,49408,49412,17660,17664,4,df3f619804a92fdb4057192dc43dd748ea778adc52bc498ce80524c014b81119,00000000,,,,,False,,,,,,,,,,False,False
/a/1/3/3,/a/1/3/3!/member_02227,0,/a/1/3/3,262,2227,,49412,49416,17664,17668,4,df3f619804a92fdb4057192dc43dd748ea778adc52bc498ce80524c014b81119,00000000,,,,,False,,,,,,,,,,False,False
/a/1/3/3,/a/1/3/3!/member_02228,0,/a/1/3/3,262,2228,,49416,49420,17668,17672,4,df3f619804a92fdb4057192dc43dd748ea778adc52bc498ce80524c014b81119,00000000,,,,,False,,,,,,,,,,False,False
/a/1/3/3,/a/1/3/3!/member_02229,0,/a/1/3/3,262,2229,,49420,49424,17672,17676,4,df3f619804a92fdb4057192dc43dd748ea778adc52bc498ce80524c014b81119,00000000,,,,,False,,,,,,,,,,False,False
/a/1/3/3,/a/1/3/3!/member_02230,0,/a/1/3/3,262,2230,,49424,49428,17676,17680,4,df3f619804a92fdb4057192dc43dd748ea778adc52bc498ce80524c014b81119,00000000,,,,,False,,,,,,,,,,False,False
/a/1/3/3,/a/1/3/3!/member_02231,0,/a/1/3/3,262,2231,,49428,49432,17680,17684,4,df3f619804a92fdb4057192dc43dd748ea778adc52bc498ce80524c014b81119,00000000,,,,,False,,,,,,,,,,False,False
/a/1/3/3,/a/1/3/3!/member_02232,0,/a/1/3/3,262,2232,,49432,49436,17684,17688,4,df3f619804a92fdb4057192dc43dd748ea778adc52bc498ce80524c014b81119,00000000,,,,,False,,,,,,,,,,False,False
/a/1/3/3,/a/1/3/3!/member_02233,0,/a/1/3/3,262,2233,,49436,49440,17688,17692,4,df3f619804a92fdb4057192dc43dd748ea778adc52bc498ce80524c014b81119,00000000,,,,,False,,,,,,,,,,False,False
/a/1/3/3,/a/1/3/3!/member_02234,0,/a/1/3/3,262,2234,,49440,49444,17692,17696,4,df3f619804a92fdb4057192dc43dd748ea778adc52bc498ce80524c014b81119,00000000,,,,,False,,,,,,,,,,False,False
/a/1/3/3,/a/1/3/3!/member_02235,0,/a/1/3/3,262,2235,,49444,49448,17696,17700,4,df3f619804a92fdb4057192dc43dd748ea778adc52bc498ce80524c014b81119,00000000,,,,,False,,,,,,,,,,False,False
/a/1/3/3,/a/1/3/3!/member_02236,0,/a/1/3/3,262,2236,,49448,49452,17700,17704,4,df3f619804a92fdb4057192dc43dd748ea778adc52bc498ce80524c014b81119,00000000,,,,,False,,,,,,,,,,False,False
/a/1/3/3,/a/1/3/3!/member_02237,0,/a/1/3/3,262,2237,,49452,49456,17704,17708,4,df3f619804a92fdb4057192dc43dd748ea778adc52bc498ce80524c014b81119,00000000,,,,,False,,,,,,,,,,False,False
/a/1/3/3,/a/1/3/3!/member_02238,0,/a/1/3/3,262,2238,,49456,49460,17708,17712,4,df3f619804a92fdb4057192dc43dd748ea778adc52bc498ce80524c014b81119,00000000,,,,,False,,,,,,,,,,False,False
/a/1/3/3,/a/1/3/3!/member_02239,0,/a/1/3/3,262,2239,,49460,49464,17712,17716,4,df3f619804a92fdb4057192dc43dd748ea778adc52bc498ce80524c014b81119,00000000,,,,,False,,,,,,,,,,False,False
/a/1/3/3,/a/1/3/3!/member_02240,0,/a/1/3/3,262,2240,,49464,49468,17716,17720,4,df3f619804a92fdb4057192dc43dd748ea778adc52bc498ce80524c014b81119,00000000,,,,,False,,,,,,,,,,False,False
/a/1/3/3,/a/1/3/3!/member_02241,0,/a/1/3/3,262,2241,,49468,49472,17720,17724,4,df3f619804a92fdb4057192dc43dd748ea778adc52bc498ce80524c014b81119,00000000,,,,,False,,,,,,,,,,False,False
/a/1/3/3,/a/1/3/3!/member_02242,0,/a/1/3/3,262,2242,,49472,49476,17724,17728,4,df3f619804a92fdb4057192dc43dd748ea778adc52bc498ce80524c014b81119,00000000,,,,,False,,,,,,,,,,False,False
/a/1/3/3,/a/1/3/3!/member_02243,0,/a/1/3/3,262,2243,,49476,49480,17728,17732,4,df3f619804a92fdb4057192dc43dd748ea778adc52bc498ce80524c014b81119,00000000,,,,,False,,,,,,,,,,False,False
/a/1/3/3,/a/1/3/3!/member_02244,0,/a/1/3/3,262,2244,,49480,49484,17732,17736,4,df3f619804a92fdb4057192dc43dd748ea778adc52bc498ce80524c014b81119,00000000,,,,,False,,,,,,,,,,False,False
/a/1/3/3,/a/1/3/3!/member_02245,0,/a/1/3/3,262,2245,,49484,49488,17736,17740,4,df3f619804a92fdb4057192dc43dd748ea778adc52bc498ce80524c014b81119,00000000,,,,,False,,,,,,,,,,False,False
/a/1/3/3,/a/1/3/3!/member_02246,0,/a/1/3/3,262,2246,,49488,49492,17740,17744,4,df3f619804a92fdb4057192dc43dd748ea778adc52bc498ce80524c014b81119,00000000,,,,,False,,,,,,,,,,False,False
/a/1/3/3,/a/1/3/3!/member_02247,0,/a/1/3/3,262,2247,,49492,49496,17744,17748,4,df3f619804a92fdb4057192dc43dd748ea778adc52bc498ce80524c014b81119,00000000,,,,,False,,,,,,,,,,False,False
/a/1/3/3,/a/1/3/3!/member_02248,0,/a/1/3/3,262,2248,,49496,49500,17748,17752,4,df3f619804a92fdb4057192dc43dd748ea778adc52bc498ce80524c014b81119,00000000,,,,,False,,,,,,,,,,False,False
/a/1/3/3,/a/1/3/3!/member_02249,0,/a/1/3/3,262,2249,,49500,49504,17752,17756,4,df3f619804a92fdb4057192dc43dd748ea778adc52bc498ce80524c014b81119,00000000,,,,,False,,,,,,,,,,False,False
/a/1/3/3,/a/1/3/3!/member_02250,0,/a/1/3/3,262,2250,,49504,49508,17756,17760,4,df3f619804a92fdb4057192dc43dd748ea778adc52bc498ce80524c014b81119,00000000,,,,,False,,,,,,,,,,False,False
/a/1/3/3,/a/1/3/3!/member_02251,0,/a/1/3/3,262,2251,,49508,49512,17760,17764,4,df3f619804a92fdb4057192dc43dd748ea778adc52bc498ce80524c014b81119,00000000,,,,,False,,,,,,,,,,False,False
/a/1/3/3,/a/1/3/3!/member_02252,0,/a/1/3/3,262,2252,,49512,49516,17764,17768,4,df3f619804a92fdb4057192dc43dd748ea778adc52bc498ce80524c014b81119,00000000,,,,,False,,,,,,,,,,False,False
/a/1/3/3,/a/1/3/3!/member_02253,0,/a/1/3/3,262,2253,,49516,49520,17768,17772,4,df3f619804a92fdb4057192dc43dd748ea778adc52bc498ce80524c014b81119,00000000,,,,,False,,,,,,,,,,False,False
/a/1/3/3,/a/1/3/3!/member_02254,0,/a/1/3/3,262,2254,,49520,49524,17772,17776,4,df3f619804a92fdb4057192dc43dd748ea778adc52bc498ce80524c014b81119,00000000,,,,,False,,,,,,,,,,False,False
/a/1/3/3,/a/1/3/3!/member_02255,0,/a/1/3/3,262,2255,,49524,49528,17776,17780,4,df3f619804a92fdb4057192dc43dd748ea778adc52bc498ce80524c014b81119,00000000,,,,,False,,,,,,,,,,False,False
/a/1/3/3,/a/1/3/3!/member_02256,0,/a/1/3/3,262,2256,,49528,49532,17780,17784,4,df3f619804a92fdb4057192dc43dd748ea778adc52bc498ce80524c014b81119,00000000,,,,,False,,,,,,,,,,False,False
/a/1/3/3,/a/1/3/3!/member_02257,0,/a/1/3/3,262,2257,,49532,49536,17784,17788,4,df3f619804a92fdb4057192dc43dd748ea778adc52bc498ce80524c014b81119,00000000,,,,,False,,,,,,,,,,False,False
/a/1/3/3,/a/1/3/3!/member_02258,0,/a/1/3/3,262,2258,,49536,49540,17788,17792,4,df3f619804a92fdb4057192dc43dd748ea778adc52bc498ce80524c014b81119,00000000,,,,,False,,,,,,,,,,False,False
/a/1/3/3,/a/1/3/3!/member_02259,0,/a/1/3/3,262,2259,,49540,49544,17792,17796,4,df3f619804a92fdb4057192dc43dd748ea778adc52bc498ce80524c014b81119,00000000,,,,,False,,,,,,,,,,False,False
/a/1/3/3,/a/1/3/3!/member_02260,0,/a/1/3/3,262,2260,,49544,49548,17796,17800,4,df3f619804a92fdb4057192dc43dd748ea778adc52bc498ce80524c014b81119,00000000,,,,,False,,,,,,,,,,False,False
/a/1/3/3,/a/1/3/3!/member_02261,0,/a/1/3/3,262,2261,,49548,49552,17800,17804,4,df3f619804a92fdb4057192dc43dd748ea778adc52bc498ce80524c014b81119,00000000,,,,,False,,,,,,,,,,False,False
/a/1/3/3,/a/1/3/3!/member_02262,0,/a/1/3/3,262,2262,,49552,49556,17804,17808,4,df3f619804a92fdb4057192dc43dd748ea778adc52bc498ce80524c014b81119,00000000,,,,,False,,,,,,,,,,False,False
/a/1/3/3,/a/1/3/3!/member_02263,0,/a/1/3/3,262,2263,,49556,49560,17808,17812,4,df3f619804a92fdb4057192dc43dd748ea778adc52bc498ce80524c014b81119,00000000,,,,,False,,,,,,,,,,False,False
/a/1/3/3,/a/1/3/3!/member_02264,0,/a/1/3/3,262,2264,,49560,49564,17812,17816,4,df3f619804a92fdb4057192dc43dd748ea778adc52bc498ce80524c014b81119,00000000,,,,,False,,,,,,,,,,False,False
/a/1/3/3,/a/1/3/3!/member_02265,0,/a/1/3/3,262,2265,,49564,49568,17816,17820,4,df3f619804a92fdb4057192dc43dd748ea778adc52bc498ce80524c014b81119,00000000,,,,,False,,,,,,,,,,False,False
/a/1/3/3,/a/1/3/3!/member_02266,0,/a/1/3/3,262,2266,,49568,49572,17820,17824,4,df3f619804a92fdb4057192dc43dd748ea778adc52bc498ce80524c014b81119,00000000,,,,,False,,,,,,,,,,False,False
/a/1/3/3,/a/1/3/3!/member_02267,0,/a/1/3/3,262,2267,,49572,49576,17824,17828,4,df3f619804a92fdb4057192dc43dd748ea778adc52bc498ce80524c014b81119,00000000,,,,,False,,,,,,,,,,False,False
/a/1/3/3,/a/1/3/3!/member_02268,0,/a/1/3/3,262,2268,,49576,49580,17828,17832,4,df3f619804a92fdb4057192dc43dd748ea778adc52bc498ce80524c014b81119,00000000,,,,,False,,,,,,,,,,False,False
/a/1/3/3,/a/1/3/3!/member_02269,0,/a/1/3/3,262,2269,,49580,49584,17832,17836,4,df3f619804a92fdb4057192dc43dd748ea778adc52bc498ce80524c014b81119,00000000,,,,,False,,,,,,,,,,False,False
/a/1/3/3,/a/1/3/3!/member_02270,0,/a/1/3/3,262,2270,,49584,49588,17836,17840,4,df3f619804a92fdb4057192dc43dd748ea778adc52bc498ce80524c014b81119,00000000,,,,,False,,,,,,,,,,False,False
/a/1/3/3,/a/1/3/3!/member_02271,0,/a/1/3/3,262,2271,,49588,49592,17840,17844,4,df3f619804a92fdb4057192dc43dd748ea778adc52bc498ce80524c014b81119,00000000,,,,,False,,,,,,,,,,False,False
/a/1/3/3,/a/1/3/3!/member_02272,0,/a/1/3/3,262,2272,,49592,49596,17844,17848,4,df3f619804a92fdb4057192dc43dd748ea778adc52bc498ce80524c014b81119,00000000,,,,,False,,,,,,,,,,False,False
/a/1/3/3,/a/1/3/3!/member_02273,0,/a/1/3/3,262,2273,,49596,49600,17848,17852,4,df3f619804a92fdb4057192dc43dd748ea778adc52bc498ce80524c014b81119,00000000,,,,,False,,,,,,,,,,False,False
/a/1/3/3,/a/1/3/3!/member_02274,0,/a/1/3/3,262,2274,,49600,49604,17852,17856,4,df3f619804a92fdb4057192dc43dd748ea778adc52bc498ce80524c014b81119,00000000,,,,,False,,,,,,,,,,False,False
/a/1/3/3,/a/1/3/3!/member_02275,0,/a/1/3/3,262,2275,,49604,49608,17856,17860,4,df3f619804a92fdb4057192dc43dd748ea778adc52bc498ce80524c014b81119,00000000,,,,,False,,,,,,,,,,False,False
/a/1/3/3,/a/1/3/3!/member_02276,0,/a/1/3/3,262,2276,,49608,49612,17860,17864,4,df3f619804a92fdb4057192dc43dd748ea778adc52bc498ce80524c014b81119,00000000,,,,,False,,,,,,,,,,False,False
/a/1/3/3,/a/1/3/3!/member_02277,0,/a/1/3/3,262,2277,,49612,49616,17864,17868,4,df3f619804a92fdb4057192dc43dd748ea778adc52bc498ce80524c014b81119,00000000,,,,,False,,,,,,,,,,False,False
/a/1/3/3,/a/1/3/3!/member_02278,0,/a/1/3/3,262,2278,,49616,49620,17868,17872,4,df3f619804a92fdb4057192dc43dd748ea778adc52bc498ce80524c014b81119,00000000,,,,,False,,,,,,,,,,False,False
/a/1/3/3,/a/1/3/3!/member_02279,0,/a/1/3/3,262,2279,,49620,49624,17872,17876,4,df3f619804a92fdb4057192dc43dd748ea778adc52bc498ce80524c014b81119,00000000,,,,,False,,,,,,,,,,False,False
/a/1/3/3,/a/1/3/3!/member_02280,0,/a/1/3/3,262,2280,,49624,49628,17876,17880,4,df3f619804a92fdb4057192dc43dd748ea778adc52bc498ce80524c014b81119,00000000,,,,,False,,,,,,,,,,False,False
/a/1/3/3,/a/1/3/3!/member_02281,0,/a/1/3/3,262,2281,,49628,49632,17880,17884,4,df3f619804a92fdb4057192dc43dd748ea778adc52bc498ce80524c014b81119,00000000,,,,,False,,,,,,,,,,False,False
/a/1/3/3,/a/1/3/3!/member_02282,0,/a/1/3/3,262,2282,,49632,49636,17884,17888,4,df3f619804a92fdb4057192dc43dd748ea778adc52bc498ce80524c014b81119,00000000,,,,,False,,,,,,,,,,False,False
/a/1/3/3,/a/1/3/3!/member_02283,0,/a/1/3/3,262,2283,,49636,49640,17888,17892,4,df3f619804a92fdb4057192dc43dd748ea778adc52bc498ce80524c014b81119,00000000,,,,,False,,,,,,,,,,False,False
/a/1/3/3,/a/1/3/3!/member_02284,0,/a/1/3/3,262,2284,,49640,49644,17892,17896,4,df3f619804a92fdb4057192dc43dd748ea778adc52bc498ce80524c014b81119,00000000,,,,,False,,,,,,,,,,False,False
/a/1/3/3,/a/1/3/3!/member_02285,0,/a/1/3/3,262,2285,,49644,49648,17896,17900,4,df3f619804a92fdb4057192dc43dd748ea778adc52bc498ce80524c014b81119,00000000,,,,,False,,,,,,,,,,False,False
/a/1/3/3,/a/1/3/3!/member_02286,0,/a/1/3/3,262,2286,,49648,49652,17900,17904,4,df3f619804a92fdb4057192dc43dd748ea778adc52bc498ce80524c014b81119,00000000,,,,,False,,,,,,,,,,False,False
/a/1/3/3,/a/1/3/3!/member_02287,0,/a/1/3/3,262,2287,,49652,49656,17904,17908,4,df3f619804a92fdb4057192dc43dd748ea778adc52bc498ce80524c014b81119,00000000,,,,,False,,,,,,,,,,False,False
/a/1/3/3,/a/1/3/3!/member_02288,0,/a/1/3/3,262,2288,,49656,49660,17908,17912,4,df3f619804a92fdb4057192dc43dd748ea778adc52bc498ce80524c014b81119,00000000,,,,,False,,,,,,,,,,False,False
/a/1/3/3,/a/1/3/3!/member_02289,0,/a/1/3/3,262,2289,,49660,49664,17912,17916,4,df3f619804a92fdb4057192dc43dd748ea778adc52bc498ce80524c014b81119,00000000,,,,,False,,,,,,,,,,False,False
/a/1/3/3,/a/1/3/3!/member_02290,0,/a/1/3/3,262,2290,,49664,49668,17916,17920,4,df3f619804a92fdb4057192dc43dd748ea778adc52bc498ce80524c014b81119,00000000,,,,,False,,,,,,,,,,False,False
/a/1/3/3,/a/1/3/3!/member_02291,0,/a/1/3/3,262,2291,,49668,49672,17920,17924,4,df3f619804a92fdb4057192dc43dd748ea778adc52bc498ce80524c014b81119,00000000,,,,,False,,,,,,,,,,False,False
/a/1/3/3,/a/1/3/3!/member_02292,0,/a/1/3/3,262,2292,,49672,49676,17924,17928,4,df3f619804a92fdb4057192dc43dd748ea778adc52bc498ce80524c014b81119,00000000,,,,,False,,,,,,,,,,False,False
/a/1/3/3,/a/1/3/3!/member_02293,0,/a/1/3/3,262,2293,,49676,49680,17928,17932,4,df3f619804a92fdb4057192dc43dd748ea778adc52bc498ce80524c014b81119,00000000,,,,,False,,,,,,,,,,False,False
/a/1/3/3,/a/1/3/3!/member_02294,0,/a/1/3/3,262,2294,,49680,49684,17932,17936,4,df3f619804a92fdb4057192dc43dd748ea778adc52bc498ce80524c014b81119,00000000,,,,,False,,,,,,,,,,False,False
/a/1/3/3,/a/1/3/3!/member_02295,0,/a/1/3/3,262,2295,,49684,49688,17936,17940,4,df3f619804a92fdb4057192dc43dd748ea778adc52bc498ce80524c014b81119,00000000,,,,,False,,,,,,,,,,False,False
/a/1/3/3,/a/1/3/3!/member_02296,0,/a/1/3/3,262,2296,,49688,49692,17940,17944,4,df3f619804a92fdb4057192dc43dd748ea778adc52bc498ce80524c014b81119,00000000,,,,,False,,,,,,,,,,False,False
/a/1/3/3,/a/1/3/3!/member_02297,0,/a/1/3/3,262,2297,,49692,49696,17944,17948,4,df3f619804a92fdb4057192dc43dd748ea778adc52bc498ce80524c014b81119,00000000,,,,,False,,,,,,,,,,False,False
/a/1/3/3,/a/1/3/3!/member_02298,0,/a/1/3/3,262,2298,,49696,49700,17948,17952,4,df3f619804a92fdb4057192dc43dd748ea778adc52bc498ce80524c014b81119,00000000,,,,,False,,,,,,,,,,False,False
/a/1/3/3,/a/1/3/3!/member_02299,0,/a/1/3/3,262,2299,,49700,49704,17952,17956,4,df3f619804a92fdb4057192dc43dd748ea778adc52bc498ce80524c014b81119,00000000,,,,,False,,,,,,,,,,False,False
/a/1/3/3,/a/1/3/3!/member_02300,0,/a/1/3/3,262,2300,,49704,49708,17956,17960,4,df3f619804a92fdb4057192dc43dd748ea778adc52bc498ce80524c014b81119,00000000,,,,,False,,,,,,,,,,False,False
/a/1/3/3,/a/1/3/3!/member_02301,0,/a/1/3/3,262,2301,,49708,49712,17960,17964,4,df3f619804a92fdb4057192dc43dd748ea778adc52bc498ce80524c014b81119,00000000,,,,,False,,,,,,,,,,False,False
/a/1/3/3,/a/1/3/3!/member_02302,0,/a/1/3/3,262,2302,,49712,49716,17964,17968,4,df3f619804a92fdb4057192dc43dd748ea778adc52bc498ce80524c014b81119,00000000,,,,,False,,,,,,,,,,False,False
/a/1/3/3,/a/1/3/3!/member_02303,0,/a/1/3/3,262,2303,,49716,49720,17968,17972,4,df3f619804a92fdb4057192dc43dd748ea778adc52bc498ce80524c014b81119,00000000,,,,,False,,,,,,,,,,False,False
/a/1/3/3,/a/1/3/3!/member_02304,0,/a/1/3/3,262,2304,,49720,49724,17972,17976,4,df3f619804a92fdb4057192dc43dd748ea778adc52bc498ce80524c014b81119,00000000,,,,,False,,,,,,,,,,False,False
/a/1/3/3,/a/1/3/3!/member_02305,0,/a/1/3/3,262,2305,,49724,49728,17976,17980,4,df3f619804a92fdb4057192dc43dd748ea778adc52bc498ce80524c014b81119,00000000,,,,,False,,,,,,,,,,False,False
/a/1/3/3,/a/1/3/3!/member_02306,0,/a/1/3/3,262,2306,,49728,49732,17980,17984,4,df3f619804a92fdb4057192dc43dd748ea778adc52bc498ce80524c014b81119,00000000,,,,,False,,,,,,,,,,False,False
/a/1/3/3,/a/1/3/3!/member_02307,0,/a/1/3/3,262,2307,,49732,49736,17984,17988,4,df3f619804a92fdb4057192dc43dd748ea778adc52bc498ce80524c014b81119,00000000,,,,,False,,,,,,,,,,False,False
/a/1/3/3,/a/1/3/3!/member_02308,0,/a/1/3/3,262,2308,,49736,49740,17988,17992,4,df3f619804a92fdb4057192dc43dd748ea778adc52bc498ce80524c014b81119,00000000,,,,,False,,,,,,,,,,False,False
/a/1/3/3,/a/1/3/3!/member_02309,0,/a/1/3/3,262,2309,,49740,49744,17992,17996,4,df3f619804a92fdb4057192dc43dd748ea778adc52bc498ce80524c014b81119,00000000,,,,,False,,,,,,,,,,False,False
/a/1/3/3,/a/1/3/3!/member_02310,0,/a/1/3/3,262,2310,,49744,49748,17996,18000,4,df3f619804a92fdb4057192dc43dd748ea778adc52bc498ce80524c014b81119,00000000,,,,,False,,,,,,,,,,False,False
/a/1/3/3,/a/1/3/3!/member_02311,0,/a/1/3/3,262,2311,,49748,49752,18000,18004,4,df3f619804a92fdb4057192dc43dd748ea778adc52bc498ce80524c014b81119,00000000,,,,,False,,,,,,,,,,False,False
/a/1/3/3,/a/1/3/3!/member_02312,0,/a/1/3/3,262,2312,,49752,49756,18004,18008,4,df3f619804a92fdb4057192dc43dd748ea778adc52bc498ce80524c014b81119,00000000,,,,,False,,,,,,,,,,False,False
/a/1/3/3,/a/1/3/3!/member_02313,0,/a/1/3/3,262,2313,,49756,49760,18008,18012,4,df3f619804a92fdb4057192dc43dd748ea778adc52bc498ce80524c014b81119,00000000,,,,,False,,,,,,,,,,False,False
/a/1/3/3,/a/1/3/3!/member_02314,0,/a/1/3/3,262,2314,,49760,49764,18012,18016,4,df3f619804a92fdb4057192dc43dd748ea778adc52bc498ce80524c014b81119,00000000,,,,,False,,,,,,,,,,False,False
/a/1/3/3,/a/1/3/3!/member_02315,0,/a/1/3/3,262,2315,,49764,49768,18016,18020,4,df3f619804a92fdb4057192dc43dd748ea778adc52bc498ce80524c014b81119,00000000,,,,,False,,,,,,,,,,False,False
/a/1/3/3,/a/1/3/3!/member_02316,0,/a/1/3/3,262,2316,,49768,49772,18020,18024,4,df3f619804a92fdb4057192dc43dd748ea778adc52bc498ce80524c014b81119,00000000,,,,,False,,,,,,,,,,False,False
/a/1/3/3,/a/1/3/3!/member_02317,0,/a/1/3/3,262,2317,,49772,49776,18024,18028,4,df3f619804a92fdb4057192dc43dd748ea778adc52bc498ce80524c014b81119,00000000,,,,,False,,,,,,,,,,False,False
/a/1/3/3,/a/1/3/3!/member_02318,0,/a/1/3/3,262,2318,,49776,49780,18028,18032,4,df3f619804a92fdb4057192dc43dd748ea778adc52bc498ce80524c014b81119,00000000,,,,,False,,,,,,,,,,False,False
/a/1/3/3,/a/1/3/3!/member_02319,0,/a/1/3/3,262,2319,,49780,49784,18032,18036,4,df3f619804a92fdb4057192dc43dd748ea778adc52bc498ce80524c014b81119,00000000,,,,,False,,,,,,,,,,False,False
/a/1/3/3,/a/1/3/3!/member_02320,0,/a/1/3/3,262,2320,,49784,49788,18036,18040,4,df3f619804a92fdb4057192dc43dd748ea778adc52bc498ce80524c014b81119,00000000,,,,,False,,,,,,,,,,False,False
/a/1/3/3,/a/1/3/3!/member_02321,0,/a/1/3/3,262,2321,,49788,49792,18040,18044,4,df3f619804a92fdb4057192dc43dd748ea778adc52bc498ce80524c014b81119,00000000,,,,,False,,,,,,,,,,False,False
/a/1/3/3,/a/1/3/3!/member_02322,0,/a/1/3/3,262,2322,,49792,49796,18044,18048,4,df3f619804a92fdb4057192dc43dd748ea778adc52bc498ce80524c014b81119,00000000,,,,,False,,,,,,,,,,False,False
/a/1/3/3,/a/1/3/3!/member_02323,0,/a/1/3/3,262,2323,,49796,49800,18048,18052,4,df3f619804a92fdb4057192dc43dd748ea778adc52bc498ce80524c014b81119,00000000,,,,,False,,,,,,,,,,False,False
/a/1/3/3,/a/1/3/3!/member_02324,0,/a/1/3/3,262,2324,,49800,49804,18052,18056,4,df3f619804a92fdb4057192dc43dd748ea778adc52bc498ce80524c014b81119,00000000,,,,,False,,,,,,,,,,False,False
/a/1/3/3,/a/1/3/3!/member_02325,0,/a/1/3/3,262,2325,,49804,49808,18056,18060,4,df3f619804a92fdb4057192dc43dd748ea778adc52bc498ce80524c014b81119,00000000,,,,,False,,,,,,,,,,False,False
/a/1/3/3,/a/1/3/3!/member_02326,0,/a/1/3/3,262,2326,,49808,49812,18060,18064,4,df3f619804a92fdb4057192dc43dd748ea778adc52bc498ce80524c014b81119,00000000,,,,,False,,,,,,,,,,False,False
/a/1/3/3,/a/1/3/3!/member_02327,0,/a/1/3/3,262,2327,,49812,49816,18064,18068,4,df3f619804a92fdb4057192dc43dd748ea778adc52bc498ce80524c014b81119,00000000,,,,,False,,,,,,,,,,False,False
/a/1/3/3,/a/1/3/3!/member_02328,0,/a/1/3/3,262,2328,,49816,49820,18068,18072,4,df3f619804a92fdb4057192dc43dd748ea778adc52bc498ce80524c014b81119,00000000,,,,,False,,,,,,,,,,False,False
/a/1/3/3,/a/1/3/3!/member_02329,0,/a/1/3/3,262,2329,,49820,49824,18072,18076,4,df3f619804a92fdb4057192dc43dd748ea778adc52bc498ce80524c014b81119,00000000,,,,,False,,,,,,,,,,False,False
/a/1/3/3,/a/1/3/3!/member_02330,0,/a/1/3/3,262,2330,,49824,49828,18076,18080,4,df3f619804a92fdb4057192dc43dd748ea778adc52bc498ce80524c014b81119,00000000,,,,,False,,,,,,,,,,False,False
/a/1/3/3,/a/1/3/3!/member_02331,0,/a/1/3/3,262,2331,,49828,49832,18080,18084,4,df3f619804a92fdb4057192dc43dd748ea778adc52bc498ce80524c014b81119,00000000,,,,,False,,,,,,,,,,False,False
/a/1/3/3,/a/1/3/3!/member_02332,0,/a/1/3/3,262,2332,,49832,49836,18084,18088,4,df3f619804a92fdb4057192dc43dd748ea778adc52bc498ce80524c014b81119,00000000,,,,,False,,,,,,,,,,False,False
/a/1/3/3,/a/1/3/3!/member_02333,0,/a/1/3/3,262,2333,,49836,49840,18088,18092,4,df3f619804a92fdb4057192dc43dd748ea778adc52bc498ce80524c014b81119,00000000,,,,,False,,,,,,,,,,False,False
/a/1/3/3,/a/1/3/3!/member_02334,0,/a/1/3/3,262,2334,,49840,49844,18092,18096,4,df3f619804a92fdb4057192dc43dd748ea778adc52bc498ce80524c014b81119,00000000,,,,,False,,,,,,,,,,False,False
/a/1/3/3,/a/1/3/3!/member_02335,0,/a/1/3/3,262,2335,,49844,49848,18096,18100,4,df3f619804a92fdb4057192dc43dd748ea778adc52bc498ce80524c014b81119,00000000,,,,,False,,,,,,,,,,False,False
/a/1/3/3,/a/1/3/3!/member_02336,0,/a/1/3/3,262,2336,,49848,49852,18100,18104,4,df3f619804a92fdb4057192dc43dd748ea778adc52bc498ce80524c014b81119,00000000,,,,,False,,,,,,,,,,False,False
/a/1/3/3,/a/1/3/3!/member_02337,0,/a/1/3/3,262,2337,,49852,49856,18104,18108,4,df3f619804a92fdb4057192dc43dd748ea778adc52bc498ce80524c014b81119,00000000,,,,,False,,,,,,,,,,False,False
/a/1/3/3,/a/1/3/3!/member_02338,0,/a/1/3/3,262,2338,,49856,49860,18108,18112,4,df3f619804a92fdb4057192dc43dd748ea778adc52bc498ce80524c014b81119,00000000,,,,,False,,,,,,,,,,False,False
/a/1/3/3,/a/1/3/3!/member_02339,0,/a/1/3/3,262,2339,,49860,49864,18112,18116,4,df3f619804a92fdb4057192dc43dd748ea778adc52bc498ce80524c014b81119,00000000,,,,,False,,,,,,,,,,False,False
/a/1/3/3,/a/1/3/3!/member_02340,0,/a/1/3/3,262,2340,,49864,49868,18116,18120,4,df3f619804a92fdb4057192dc43dd748ea778adc52bc498ce80524c014b81119,00000000,,,,,False,,,,,,,,,,False,False
/a/1/3/3,/a/1/3/3!/member_02341,0,/a/1/3/3,262,2341,,49868,49872,18120,18124,4,df3f619804a92fdb4057192dc43dd748ea778adc52bc498ce80524c014b81119,00000000,,,,,False,,,,,,,,,,False,False
/a/1/3/3,/a/1/3/3!/member_02342,0,/a/1/3/3,262,2342,,49872,49876,18124,18128,4,df3f619804a92fdb4057192dc43dd748ea778adc52bc498ce80524c014b81119,00000000,,,,,False,,,,,,,,,,False,False
/a/1/3/3,/a/1/3/3!/member_02343,0,/a/1/3/3,262,2343,,49876,49880,18128,18132,4,df3f619804a92fdb4057192dc43dd748ea778adc52bc498ce80524c014b81119,00000000,,,,,False,,,,,,,,,,False,False
/a/1/3/3,/a/1/3/3!/member_02344,0,/a/1/3/3,262,2344,,49880,49884,18132,18136,4,df3f619804a92fdb4057192dc43dd748ea778adc52bc498ce80524c014b81119,00000000,,,,,False,,,,,,,,,,False,False
/a/1/3/3,/a/1/3/3!/member_02345,0,/a/1/3/3,262,2345,,49884,49888,18136,18140,4,df3f619804a92fdb4057192dc43dd748ea778adc52bc498ce80524c014b81119,00000000,,,,,False,,,,,,,,,,False,False
/a/1/3/3,/a/1/3/3!/member_02346,0,/a/1/3/3,262,2346,,49888,49892,18140,18144,4,df3f619804a92fdb4057192dc43dd748ea778adc52bc498ce80524c014b81119,00000000,,,,,False,,,,,,,,,,False,False
/a/1/3/3,/a/1/3/3!/member_02347,0,/a/1/3/3,262,2347,,49892,49896,18144,18148,4,df3f619804a92fdb4057192dc43dd748ea778adc52bc498ce80524c014b81119,00000000,,,,,False,,,,,,,,,,False,False
/a/1/3/3,/a/1/3/3!/member_02348,0,/a/1/3/3,262,2348,,49896,49900,18148,18152,4,df3f619804a92fdb4057192dc43dd748ea778adc52bc498ce80524c014b81119,00000000,,,,,False,,,,,,,,,,False,False
/a/1/3/3,/a/1/3/3!/member_02349,0,/a/1/3/3,262,2349,,49900,49904,18152,18156,4,df3f619804a92fdb4057192dc43dd748ea778adc52bc498ce80524c014b81119,00000000,,,,,False,,,,,,,,,,False,False
/a/1/3/3,/a/1/3/3!/member_02350,0,/a/1/3/3,262,2350,,49904,49908,18156,18160,4,df3f619804a92fdb4057192dc43dd748ea778adc52bc498ce80524c014b81119,00000000,,,,,False,,,,,,,,,,False,False
/a/1/3/3,/a/1/3/3!/member_02351,0,/a/1/3/3,262,2351,,49908,49912,18160,18164,4,df3f619804a92fdb4057192dc43dd748ea778adc52bc498ce80524c014b81119,00000000,,,,,False,,,,,,,,,,False,False
/a/1/3/3,/a/1/3/3!/member_02352,0,/a/1/3/3,262,2352,,49912,49916,18164,18168,4,df3f619804a92fdb4057192dc43dd748ea778adc52bc498ce80524c014b81119,00000000,,,,,False,,,,,,,,,,False,False
/a/1/3/3,/a/1/3/3!/member_02353,0,/a/1/3/3,262,2353,,49916,49920,18168,18172,4,df3f619804a92fdb4057192dc43dd748ea778adc52bc498ce80524c014b81119,00000000,,,,,False,,,,,,,,,,False,False
/a/1/3/3,/a/1/3/3!/member_02354,0,/a/1/3/3,262,2354,,49920,49924,18172,18176,4,df3f619804a92fdb4057192dc43dd748ea778adc52bc498ce80524c014b81119,00000000,,,,,False,,,,,,,,,,False,False
/a/1/3/3,/a/1/3/3!/member_02355,0,/a/1/3/3,262,2355,,49924,49928,18176,18180,4,df3f619804a92fdb4057192dc43dd748ea778adc52bc498ce80524c014b81119,00000000,,,,,False,,,,,,,,,,False,False
/a/1/3/3,/a/1/3/3!/member_02356,0,/a/1/3/3,262,2356,,49928,49932,18180,18184,4,df3f619804a92fdb4057192dc43dd748ea778adc52bc498ce80524c014b81119,00000000,,,,,False,,,,,,,,,,False,False
/a/1/3/3,/a/1/3/3!/member_02357,0,/a/1/3/3,262,2357,,49932,49936,18184,18188,4,df3f619804a92fdb4057192dc43dd748ea778adc52bc498ce80524c014b81119,00000000,,,,,False,,,,,,,,,,False,False
/a/1/3/3,/a/1/3/3!/member_02358,0,/a/1/3/3,262,2358,,49936,49940,18188,18192,4,df3f619804a92fdb4057192dc43dd748ea778adc52bc498ce80524c014b81119,00000000,,,,,False,,,,,,,,,,False,False
/a/1/3/3,/a/1/3/3!/member_02359,0,/a/1/3/3,262,2359,,49940,49944,18192,18196,4,df3f619804a92fdb4057192dc43dd748ea778adc52bc498ce80524c014b81119,00000000,,,,,False,,,,,,,,,,False,False
/a/1/3/3,/a/1/3/3!/member_02360,0,/a/1/3/3,262,2360,,49944,49948,18196,18200,4,df3f619804a92fdb4057192dc43dd748ea778adc52bc498ce80524c014b81119,00000000,,,,,False,,,,,,,,,,False,False
/a/1/3/3,/a/1/3/3!/member_02361,0,/a/1/3/3,262,2361,,49948,49952,18200,18204,4,df3f619804a92fdb4057192dc43dd748ea778adc52bc498ce80524c014b81119,00000000,,,,,False,,,,,,,,,,False,False
/a/1/3/3,/a/1/3/3!/member_02362,0,/a/1/3/3,262,2362,,49952,49956,18204,18208,4,df3f619804a92fdb4057192dc43dd748ea778adc52bc498ce80524c014b81119,00000000,,,,,False,,,,,,,,,,False,False
/a/1/3/3,/a/1/3/3!/member_02363,0,/a/1/3/3,262,2363,,49956,49960,18208,18212,4,df3f619804a92fdb4057192dc43dd748ea778adc52bc498ce80524c014b81119,00000000,,,,,False,,,,,,,,,,False,False
/a/1/3/3,/a/1/3/3!/member_02364,0,/a/1/3/3,262,2364,,49960,49964,18212,18216,4,df3f619804a92fdb4057192dc43dd748ea778adc52bc498ce80524c014b81119,00000000,,,,,False,,,,,,,,,,False,False
/a/1/3/3,/a/1/3/3!/member_02365,0,/a/1/3/3,262,2365,,49964,49968,18216,18220,4,df3f619804a92fdb4057192dc43dd748ea778adc52bc498ce80524c014b81119,00000000,,,,,False,,,,,,,,,,False,False
/a/1/3/3,/a/1/3/3!/member_02366,0,/a/1/3/3,262,2366,,49968,49972,18220,18224,4,df3f619804a92fdb4057192dc43dd748ea778adc52bc498ce80524c014b81119,00000000,,,,,False,,,,,,,,,,False,False
/a/1/3/3,/a/1/3/3!/member_02367,0,/a/1/3/3,262,2367,,49972,49976,18224,18228,4,df3f619804a92fdb4057192dc43dd748ea778adc52bc498ce80524c014b81119,00000000,,,,,False,,,,,,,,,,False,False
/a/1/3/3,/a/1/3/3!/member_02368,0,/a/1/3/3,262,2368,,49976,49980,18228,18232,4,df3f619804a92fdb4057192dc43dd748ea778adc52bc498ce80524c014b81119,00000000,,,,,False,,,,,,,,,,False,False
/a/1/3/3,/a/1/3/3!/member_02369,0,/a/1/3/3,262,2369,,49980,49984,18232,18236,4,df3f619804a92fdb4057192dc43dd748ea778adc52bc498ce80524c014b81119,00000000,,,,,False,,,,,,,,,,False,False
/a/1/3/3,/a/1/3/3!/member_02370,0,/a/1/3/3,262,2370,,49984,49988,18236,18240,4,df3f619804a92fdb4057192dc43dd748ea778adc52bc498ce80524c014b81119,00000000,,,,,False,,,,,,,,,,False,False
/a/1/3/3,/a/1/3/3!/member_02371,0,/a/1/3/3,262,2371,,49988,49992,18240,18244,4,df3f619804a92fdb4057192dc43dd748ea778adc52bc498ce80524c014b81119,00000000,,,,,False,,,,,,,,,,False,False
/a/1/3/3,/a/1/3/3!/member_02372,0,/a/1/3/3,262,2372,,49992,49996,18244,18248,4,df3f619804a92fdb4057192dc43dd748ea778adc52bc498ce80524c014b81119,00000000,,,,,False,,,,,,,,,,False,False
/a/1/3/3,/a/1/3/3!/member_02373,0,/a/1/3/3,262,2373,,49996,50000,18248,18252,4,df3f619804a92fdb4057192dc43dd748ea778adc52bc498ce80524c014b81119,00000000,,,,,False,,,,,,,,,,False,False
/a/1/3/3,/a/1/3/3!/member_02374,0,/a/1/3/3,262,2374,,50000,50004,18252,18256,4,df3f619804a92fdb4057192dc43dd748ea778adc52bc498ce80524c014b81119,00000000,,,,,False,,,,,,,,,,False,False
/a/1/3/3,/a/1/3/3!/member_02375,0,/a/1/3/3,262,2375,,50004,50008,18256,18260,4,df3f619804a92fdb4057192dc43dd748ea778adc52bc498ce80524c014b81119,00000000,,,,,False,,,,,,,,,,False,False
/a/1/3/3,/a/1/3/3!/member_02376,0,/a/1/3/3,262,2376,,50008,50012,18260,18264,4,df3f619804a92fdb4057192dc43dd748ea778adc52bc498ce80524c014b81119,00000000,,,,,False,,,,,,,,,,False,False
/a/1/3/3,/a/1/3/3!/member_02377,0,/a/1/3/3,262,2377,,50012,50016,18264,18268,4,df3f619804a92fdb4057192dc43dd748ea778adc52bc498ce80524c014b81119,00000000,,,,,False,,,,,,,,,,False,False
/a/1/3/3,/a/1/3/3!/member_02378,0,/a/1/3/3,262,2378,,50016,50020,18268,18272,4,df3f619804a92fdb4057192dc43dd748ea778adc52bc498ce80524c014b81119,00000000,,,,,False,,,,,,,,,,False,False
/a/1/3/3,/a/1/3/3!/member_02379,0,/a/1/3/3,262,2379,,50020,50024,18272,18276,4,df3f619804a92fdb4057192dc43dd748ea778adc52bc498ce80524c014b81119,00000000,,,,,False,,,,,,,,,,False,False
/a/1/3/3,/a/1/3/3!/member_02380,0,/a/1/3/3,262,2380,,50024,50028,18276,18280,4,df3f619804a92fdb4057192dc43dd748ea778adc52bc498ce80524c014b81119,00000000,,,,,False,,,,,,,,,,False,False
/a/1/3/3,/a/1/3/3!/member_02381,0,/a/1/3/3,262,2381,,50028,50032,18280,18284,4,df3f619804a92fdb4057192dc43dd748ea778adc52bc498ce80524c014b81119,00000000,,,,,False,,,,,,,,,,False,False
/a/1/3/3,/a/1/3/3!/member_02382,0,/a/1/3/3,262,2382,,50032,50036,18284,18288,4,df3f619804a92fdb4057192dc43dd748ea778adc52bc498ce80524c014b81119,00000000,,,,,False,,,,,,,,,,False,False
/a/1/3/3,/a/1/3/3!/member_02383,0,/a/1/3/3,262,2383,,50036,50040,18288,18292,4,df3f619804a92fdb4057192dc43dd748ea778adc52bc498ce80524c014b81119,00000000,,,,,False,,,,,,,,,,False,False
/a/1/3/3,/a/1/3/3!/member_02384,0,/a/1/3/3,262,2384,,50040,50044,18292,18296,4,df3f619804a92fdb4057192dc43dd748ea778adc52bc498ce80524c014b81119,00000000,,,,,False,,,,,,,,,,False,False
/a/1/3/3,/a/1/3/3!/member_02385,0,/a/1/3/3,262,2385,,50044,50048,18296,18300,4,df3f619804a92fdb4057192dc43dd748ea778adc52bc498ce80524c014b81119,00000000,,,,,False,,,,,,,,,,False,False
/a/1/3/3,/a/1/3/3!/member_02386,0,/a/1/3/3,262,2386,,50048,50052,18300,18304,4,df3f619804a92fdb4057192dc43dd748ea778adc52bc498ce80524c014b81119,00000000,,,,,False,,,,,,,,,,False,False
/a/1/3/3,/a/1/3/3!/member_02387,0,/a/1/3/3,262,2387,,50052,50056,18304,18308,4,df3f619804a92fdb4057192dc43dd748ea778adc52bc498ce80524c014b81119,00000000,,,,,False,,,,,,,,,,False,False
/a/1/3/3,/a/1/3/3!/member_02388,0,/a/1/3/3,262,2388,,50056,50060,18308,18312,4,df3f619804a92fdb4057192dc43dd748ea778adc52bc498ce80524c014b81119,00000000,,,,,False,,,,,,,,,,False,False
/a/1/3/3,/a/1/3/3!/member_02389,0,/a/1/3/3,262,2389,,50060,50064,18312,18316,4,df3f619804a92fdb4057192dc43dd748ea778adc52bc498ce80524c014b81119,00000000,,,,,False,,,,,,,,,,False,False
/a/1/3/3,/a/1/3/3!/member_02390,0,/a/1/3/3,262,2390,,50064,50068,18316,18320,4,df3f619804a92fdb4057192dc43dd748ea778adc52bc498ce80524c014b81119,00000000,,,,,False,,,,,,,,,,False,False
/a/1/3/3,/a/1/3/3!/member_02391,0,/a/1/3/3,262,2391,,50068,50072,18320,18324,4,df3f619804a92fdb4057192dc43dd748ea778adc52bc498ce80524c014b81119,00000000,,,,,False,,,,,,,,,,False,False
/a/1/3/3,/a/1/3/3!/member_02392,0,/a/1/3/3,262,2392,,50072,50076,18324,18328,4,df3f619804a92fdb4057192dc43dd748ea778adc52bc498ce80524c014b81119,00000000,,,,,False,,,,,,,,,,False,False
/a/1/3/3,/a/1/3/3!/member_02393,0,/a/1/3/3,262,2393,,50076,50080,18328,18332,4,df3f619804a92fdb4057192dc43dd748ea778adc52bc498ce80524c014b81119,00000000,,,,,False,,,,,,,,,,False,False
/a/1/3/3,/a/1/3/3!/member_02394,0,/a/1/3/3,262,2394,,50080,50084,18332,18336,4,df3f619804a92fdb4057192dc43dd748ea778adc52bc498ce80524c014b81119,00000000,,,,,False,,,,,,,,,,False,False
/a/1/3/3,/a/1/3/3!/member_02395,0,/a/1/3/3,262,2395,,50084,50088,18336,18340,4,df3f619804a92fdb4057192dc43dd748ea778adc52bc498ce80524c014b81119,00000000,,,,,False,,,,,,,,,,False,False
/a/1/3/3,/a/1/3/3!/member_02396,0,/a/1/3/3,262,2396,,50088,50092,18340,18344,4,df3f619804a92fdb4057192dc43dd748ea778adc52bc498ce80524c014b81119,00000000,,,,,False,,,,,,,,,,False,False
/a/1/3/3,/a/1/3/3!/member_02397,0,/a/1/3/3,262,2397,,50092,50096,18344,18348,4,df3f619804a92fdb4057192dc43dd748ea778adc52bc498ce80524c014b81119,00000000,,,,,False,,,,,,,,,,False,False
/a/1/3/3,/a/1/3/3!/member_02398,0,/a/1/3/3,262,2398,,50096,50100,18348,18352,4,df3f619804a92fdb4057192dc43dd748ea778adc52bc498ce80524c014b81119,00000000,,,,,False,,,,,,,,,,False,False
/a/1/3/3,/a/1/3/3!/member_02399,0,/a/1/3/3,262,2399,,50100,50104,18352,18356,4,df3f619804a92fdb4057192dc43dd748ea778adc52bc498ce80524c014b81119,00000000,,,,,False,,,,,,,,,,False,False
/a/1/3/3,/a/1/3/3!/member_02400,0,/a/1/3/3,262,2400,,50104,50108,18356,18360,4,df3f619804a92fdb4057192dc43dd748ea778adc52bc498ce80524c014b81119,00000000,,,,,False,,,,,,,,,,False,False
/a/1/3/3,/a/1/3/3!/member_02401,0,/a/1/3/3,262,2401,,50108,50112,18360,18364,4,df3f619804a92fdb4057192dc43dd748ea778adc52bc498ce80524c014b81119,00000000,,,,,False,,,,,,,,,,False,False
/a/1/3/3,/a/1/3/3!/member_02402,0,/a/1/3/3,262,2402,,50112,50116,18364,18368,4,df3f619804a92fdb4057192dc43dd748ea778adc52bc498ce80524c014b81119,00000000,,,,,False,,,,,,,,,,False,False
/a/1/3/3,/a/1/3/3!/member_02403,0,/a/1/3/3,262,2403,,50116,50120,18368,18372,4,df3f619804a92fdb4057192dc43dd748ea778adc52bc498ce80524c014b81119,00000000,,,,,False,,,,,,,,,,False,False
/a/1/3/3,/a/1/3/3!/member_02404,0,/a/1/3/3,262,2404,,50120,50124,18372,18376,4,df3f619804a92fdb4057192dc43dd748ea778adc52bc498ce80524c014b81119,00000000,,,,,False,,,,,,,,,,False,False
/a/1/3/3,/a/1/3/3!/member_02405,0,/a/1/3/3,262,2405,,50124,50128,18376,18380,4,df3f619804a92fdb4057192dc43dd748ea778adc52bc498ce80524c014b81119,00000000,,,,,False,,,,,,,,,,False,False
/a/1/3/3,/a/1/3/3!/member_02406,0,/a/1/3/3,262,2406,,50128,50132,18380,18384,4,df3f619804a92fdb4057192dc43dd748ea778adc52bc498ce80524c014b81119,00000000,,,,,False,,,,,,,,,,False,False
/a/1/3/3,/a/1/3/3!/member_02407,0,/a/1/3/3,262,2407,,50132,50136,18384,18388,4,df3f619804a92fdb4057192dc43dd748ea778adc52bc498ce80524c014b81119,00000000,,,,,False,,,,,,,,,,False,False
/a/1/3/3,/a/1/3/3!/member_02408,0,/a/1/3/3,262,2408,,50136,50140,18388,18392,4,df3f619804a92fdb4057192dc43dd748ea778adc52bc498ce80524c014b81119,00000000,,,,,False,,,,,,,,,,False,False
/a/1/3/3,/a/1/3/3!/member_02409,0,/a/1/3/3,262,2409,,50140,50144,18392,18396,4,df3f619804a92fdb4057192dc43dd748ea778adc52bc498ce80524c014b81119,00000000,,,,,False,,,,,,,,,,False,False
/a/1/3/3,/a/1/3/3!/member_02410,0,/a/1/3/3,262,2410,,50144,50148,18396,18400,4,df3f619804a92fdb4057192dc43dd748ea778adc52bc498ce80524c014b81119,00000000,,,,,False,,,,,,,,,,False,False
/a/1/3/3,/a/1/3/3!/member_02411,0,/a/1/3/3,262,2411,,50148,50152,18400,18404,4,df3f619804a92fdb4057192dc43dd748ea778adc52bc498ce80524c014b81119,00000000,,,,,False,,,,,,,,,,False,False
/a/1/3/3,/a/1/3/3!/member_02412,0,/a/1/3/3,262,2412,,50152,50156,18404,18408,4,df3f619804a92fdb4057192dc43dd748ea778adc52bc498ce80524c014b81119,00000000,,,,,False,,,,,,,,,,False,False
/a/1/3/3,/a/1/3/3!/member_02413,0,/a/1/3/3,262,2413,,50156,50160,18408,18412,4,df3f619804a92fdb4057192dc43dd748ea778adc52bc498ce80524c014b81119,00000000,,,,,False,,,,,,,,,,False,False
/a/1/3/3,/a/1/3/3!/member_02414,0,/a/1/3/3,262,2414,,50160,50164,18412,18416,4,df3f619804a92fdb4057192dc43dd748ea778adc52bc498ce80524c014b81119,00000000,,,,,False,,,,,,,,,,False,False
/a/1/3/3,/a/1/3/3!/member_02415,0,/a/1/3/3,262,2415,,50164,50168,18416,18420,4,df3f619804a92fdb4057192dc43dd748ea778adc52bc498ce80524c014b81119,00000000,,,,,False,,,,,,,,,,False,False
/a/1/3/3,/a/1/3/3!/member_02416,0,/a/1/3/3,262,2416,,50168,50172,18420,18424,4,df3f619804a92fdb4057192dc43dd748ea778adc52bc498ce80524c014b81119,00000000,,,,,False,,,,,,,,,,False,False
/a/1/3/3,/a/1/3/3!/member_02417,0,/a/1/3/3,262,2417,,50172,50176,18424,18428,4,df3f619804a92fdb4057192dc43dd748ea778adc52bc498ce80524c014b81119,00000000,,,,,False,,,,,,,,,,False,False
/a/1/3/3,/a/1/3/3!/member_02418,0,/a/1/3/3,262,2418,,50176,50180,18428,18432,4,df3f619804a92fdb4057192dc43dd748ea778adc52bc498ce80524c014b81119,00000000,,,,,False,,,,,,,,,,False,False
/a/1/3/3,/a/1/3/3!/member_02419,0,/a/1/3/3,262,2419,,50180,50184,18432,18436,4,df3f619804a92fdb4057192dc43dd748ea778adc52bc498ce80524c014b81119,00000000,,,,,False,,,,,,,,,,False,False
/a/1/3/3,/a/1/3/3!/member_02420,0,/a/1/3/3,262,2420,,50184,50188,18436,18440,4,df3f619804a92fdb4057192dc43dd748ea778adc52bc498ce80524c014b81119,00000000,,,,,False,,,,,,,,,,False,False
/a/1/3/3,/a/1/3/3!/member_02421,0,/a/1/3/3,262,2421,,50188,50192,18440,18444,4,df3f619804a92fdb4057192dc43dd748ea778adc52bc498ce80524c014b81119,00000000,,,,,False,,,,,,,,,,False,False
/a/1/3/3,/a/1/3/3!/member_02422,0,/a/1/3/3,262,2422,,50192,50196,18444,18448,4,df3f619804a92fdb4057192dc43dd748ea778adc52bc498ce80524c014b81119,00000000,,,,,False,,,,,,,,,,False,False
/a/1/3/3,/a/1/3/3!/member_02423,0,/a/1/3/3,262,2423,,50196,50200,18448,18452,4,df3f619804a92fdb4057192dc43dd748ea778adc52bc498ce80524c014b81119,00000000,,,,,False,,,,,,,,,,False,False
/a/1/3/3,/a/1/3/3!/member_02424,0,/a/1/3/3,262,2424,,50200,50204,18452,18456,4,df3f619804a92fdb4057192dc43dd748ea778adc52bc498ce80524c014b81119,00000000,,,,,False,,,,,,,,,,False,False
/a/1/3/3,/a/1/3/3!/member_02425,0,/a/1/3/3,262,2425,,50204,50208,18456,18460,4,df3f619804a92fdb4057192dc43dd748ea778adc52bc498ce80524c014b81119,00000000,,,,,False,,,,,,,,,,False,False
/a/1/3/3,/a/1/3/3!/member_02426,0,/a/1/3/3,262,2426,,50208,50212,18460,18464,4,df3f619804a92fdb4057192dc43dd748ea778adc52bc498ce80524c014b81119,00000000,,,,,False,,,,,,,,,,False,False
/a/1/3/3,/a/1/3/3!/member_02427,0,/a/1/3/3,262,2427,,50212,50216,18464,18468,4,df3f619804a92fdb4057192dc43dd748ea778adc52bc498ce80524c014b81119,00000000,,,,,False,,,,,,,,,,False,False
/a/1/3/3,/a/1/3/3!/member_02428,0,/a/1/3/3,262,2428,,50216,50220,18468,18472,4,df3f619804a92fdb4057192dc43dd748ea778adc52bc498ce80524c014b81119,00000000,,,,,False,,,,,,,,,,False,False
/a/1/3/3,/a/1/3/3!/member_02429,0,/a/1/3/3,262,2429,,50220,50224,18472,18476,4,df3f619804a92fdb4057192dc43dd748ea778adc52bc498ce80524c014b81119,00000000,,,,,False,,,,,,,,,,False,False
/a/1/3/3,/a/1/3/3!/member_02430,0,/a/1/3/3,262,2430,,50224,50228,18476,18480,4,df3f619804a92fdb4057192dc43dd748ea778adc52bc498ce80524c014b81119,00000000,,,,,False,,,,,,,,,,False,False
/a/1/3/3,/a/1/3/3!/member_02431,0,/a/1/3/3,262,2431,,50228,50232,18480,18484,4,df3f619804a92fdb4057192dc43dd748ea778adc52bc498ce80524c014b81119,00000000,,,,,False,,,,,,,,,,False,False
/a/1/3/3,/a/1/3/3!/member_02432,0,/a/1/3/3,262,2432,,50232,50236,18484,18488,4,df3f619804a92fdb4057192dc43dd748ea778adc52bc498ce80524c014b81119,00000000,,,,,False,,,,,,,,,,False,False
/a/1/3/3,/a/1/3/3!/member_02433,0,/a/1/3/3,262,2433,,50236,50240,18488,18492,4,df3f619804a92fdb4057192dc43dd748ea778adc52bc498ce80524c014b81119,00000000,,,,,False,,,,,,,,,,False,False
/a/1/3/3,/a/1/3/3!/member_02434,0,/a/1/3/3,262,2434,,50240,50244,18492,18496,4,df3f619804a92fdb4057192dc43dd748ea778adc52bc498ce80524c014b81119,00000000,,,,,False,,,,,,,,,,False,False
/a/1/3/3,/a/1/3/3!/member_02435,0,/a/1/3/3,262,2435,,50244,50248,18496,18500,4,df3f619804a92fdb4057192dc43dd748ea778adc52bc498ce80524c014b81119,00000000,,,,,False,,,,,,,,,,False,False
/a/1/3/3,/a/1/3/3!/member_02436,0,/a/1/3/3,262,2436,,50248,50252,18500,18504,4,df3f619804a92fdb4057192dc43dd748ea778adc52bc498ce80524c014b81119,00000000,,,,,False,,,,,,,,,,False,False
/a/1/3/3,/a/1/3/3!/member_02437,0,/a/1/3/3,262,2437,,50252,50256,18504,18508,4,df3f619804a92fdb4057192dc43dd748ea778adc52bc498ce80524c014b81119,00000000,,,,,False,,,,,,,,,,False,False
/a/1/3/3,/a/1/3/3!/member_02438,0,/a/1/3/3,262,2438,,50256,50260,18508,18512,4,df3f619804a92fdb4057192dc43dd748ea778adc52bc498ce80524c014b81119,00000000,,,,,False,,,,,,,,,,False,False
/a/1/3/3,/a/1/3/3!/member_02439,0,/a/1/3/3,262,2439,,50260,50264,18512,18516,4,df3f619804a92fdb4057192dc43dd748ea778adc52bc498ce80524c014b81119,00000000,,,,,False,,,,,,,,,,False,False
/a/1/3/3,/a/1/3/3!/member_02440,0,/a/1/3/3,262,2440,,50264,50268,18516,18520,4,df3f619804a92fdb4057192dc43dd748ea778adc52bc498ce80524c014b81119,00000000,,,,,False,,,,,,,,,,False,False
/a/1/3/3,/a/1/3/3!/member_02441,0,/a/1/3/3,262,2441,,50268,50272,18520,18524,4,df3f619804a92fdb4057192dc43dd748ea778adc52bc498ce80524c014b81119,00000000,,,,,False,,,,,,,,,,False,False
/a/1/3/3,/a/1/3/3!/member_02442,0,/a/1/3/3,262,2442,,50272,50276,18524,18528,4,df3f619804a92fdb4057192dc43dd748ea778adc52bc498ce80524c014b81119,00000000,,,,,False,,,,,,,,,,False,False
/a/1/3/3,/a/1/3/3!/member_02443,0,/a/1/3/3,262,2443,,50276,50280,18528,18532,4,df3f619804a92fdb4057192dc43dd748ea778adc52bc498ce80524c014b81119,00000000,,,,,False,,,,,,,,,,False,False
/a/1/3/3,/a/1/3/3!/member_02444,0,/a/1/3/3,262,2444,,50280,50284,18532,18536,4,df3f619804a92fdb4057192dc43dd748ea778adc52bc498ce80524c014b81119,00000000,,,,,False,,,,,,,,,,False,False
/a/1/3/3,/a/1/3/3!/member_02445,0,/a/1/3/3,262,2445,,50284,50288,18536,18540,4,df3f619804a92fdb4057192dc43dd748ea778adc52bc498ce80524c014b81119,00000000,,,,,False,,,,,,,,,,False,False
/a/1/3/3,/a/1/3/3!/member_02446,0,/a/1/3/3,262,2446,,50288,50292,18540,18544,4,df3f619804a92fdb4057192dc43dd748ea778adc52bc498ce80524c014b81119,00000000,,,,,False,,,,,,,,,,False,False
/a/1/3/3,/a/1/3/3!/member_02447,0,/a/1/3/3,262,2447,,50292,50296,18544,18548,4,df3f619804a92fdb4057192dc43dd748ea778adc52bc498ce80524c014b81119,00000000,,,,,False,,,,,,,,,,False,False
/a/1/3/3,/a/1/3/3!/member_02448,0,/a/1/3/3,262,2448,,50296,50300,18548,18552,4,df3f619804a92fdb4057192dc43dd748ea778adc52bc498ce80524c014b81119,00000000,,,,,False,,,,,,,,,,False,False
/a/1/3/3,/a/1/3/3!/member_02449,0,/a/1/3/3,262,2449,,50300,50304,18552,18556,4,df3f619804a92fdb4057192dc43dd748ea778adc52bc498ce80524c014b81119,00000000,,,,,False,,,,,,,,,,False,False
/a/1/3/3,/a/1/3/3!/member_02450,0,/a/1/3/3,262,2450,,50304,50308,18556,18560,4,df3f619804a92fdb4057192dc43dd748ea778adc52bc498ce80524c014b81119,00000000,,,,,False,,,,,,,,,,False,False
/a/1/3/3,/a/1/3/3!/member_02451,0,/a/1/3/3,262,2451,,50308,50312,18560,18564,4,df3f619804a92fdb4057192dc43dd748ea778adc52bc498ce80524c014b81119,00000000,,,,,False,,,,,,,,,,False,False
/a/1/3/3,/a/1/3/3!/member_02452,0,/a/1/3/3,262,2452,,50312,50316,18564,18568,4,df3f619804a92fdb4057192dc43dd748ea778adc52bc498ce80524c014b81119,00000000,,,,,False,,,,,,,,,,False,False
/a/1/3/3,/a/1/3/3!/member_02453,0,/a/1/3/3,262,2453,,50316,50320,18568,18572,4,df3f619804a92fdb4057192dc43dd748ea778adc52bc498ce80524c014b81119,00000000,,,,,False,,,,,,,,,,False,False
/a/1/3/3,/a/1/3/3!/member_02454,0,/a/1/3/3,262,2454,,50320,50324,18572,18576,4,df3f619804a92fdb4057192dc43dd748ea778adc52bc498ce80524c014b81119,00000000,,,,,False,,,,,,,,,,False,False
/a/1/3/3,/a/1/3/3!/member_02455,0,/a/1/3/3,262,2455,,50324,50328,18576,18580,4,df3f619804a92fdb4057192dc43dd748ea778adc52bc498ce80524c014b81119,00000000,,,,,False,,,,,,,,,,False,False
/a/1/3/3,/a/1/3/3!/member_02456,0,/a/1/3/3,262,2456,,50328,50332,18580,18584,4,df3f619804a92fdb4057192dc43dd748ea778adc52bc498ce80524c014b81119,00000000,,,,,False,,,,,,,,,,False,False
/a/1/3/3,/a/1/3/3!/member_02457,0,/a/1/3/3,262,2457,,50332,50336,18584,18588,4,df3f619804a92fdb4057192dc43dd748ea778adc52bc498ce80524c014b81119,00000000,,,,,False,,,,,,,,,,False,False
/a/1/3/3,/a/1/3/3!/member_02458,0,/a/1/3/3,262,2458,,50336,50340,18588,18592,4,df3f619804a92fdb4057192dc43dd748ea778adc52bc498ce80524c014b81119,00000000,,,,,False,,,,,,,,,,False,False
/a/1/3/3,/a/1/3/3!/member_02459,0,/a/1/3/3,262,2459,,50340,50344,18592,18596,4,df3f619804a92fdb4057192dc43dd748ea778adc52bc498ce80524c014b81119,00000000,,,,,False,,,,,,,,,,False,False
/a/1/3/3,/a/1/3/3!/member_02460,0,/a/1/3/3,262,2460,,50344,50348,18596,18600,4,df3f619804a92fdb4057192dc43dd748ea778adc52bc498ce80524c014b81119,00000000,,,,,False,,,,,,,,,,False,False
/a/1/3/3,/a/1/3/3!/member_02461,0,/a/1/3/3,262,2461,,50348,50352,18600,18604,4,df3f619804a92fdb4057192dc43dd748ea778adc52bc498ce80524c014b81119,00000000,,,,,False,,,,,,,,,,False,False
/a/1/3/3,/a/1/3/3!/member_02462,0,/a/1/3/3,262,2462,,50352,50356,18604,18608,4,df3f619804a92fdb4057192dc43dd748ea778adc52bc498ce80524c014b81119,00000000,,,,,False,,,,,,,,,,False,False
/a/1/3/3,/a/1/3/3!/member_02463,0,/a/1/3/3,262,2463,,50356,50360,18608,18612,4,df3f619804a92fdb4057192dc43dd748ea778adc52bc498ce80524c014b81119,00000000,,,,,False,,,,,,,,,,False,False
/a/1/3/3,/a/1/3/3!/member_02464,0,/a/1/3/3,262,2464,,50360,50364,18612,18616,4,df3f619804a92fdb4057192dc43dd748ea778adc52bc498ce80524c014b81119,00000000,,,,,False,,,,,,,,,,False,False
/a/1/3/3,/a/1/3/3!/member_02465,0,/a/1/3/3,262,2465,,50364,50368,18616,18620,4,df3f619804a92fdb4057192dc43dd748ea778adc52bc498ce80524c014b81119,00000000,,,,,False,,,,,,,,,,False,False
/a/1/3/3,/a/1/3/3!/member_02466,0,/a/1/3/3,262,2466,,50368,50372,18620,18624,4,df3f619804a92fdb4057192dc43dd748ea778adc52bc498ce80524c014b81119,00000000,,,,,False,,,,,,,,,,False,False
/a/1/3/3,/a/1/3/3!/member_02467,0,/a/1/3/3,262,2467,,50372,50376,18624,18628,4,df3f619804a92fdb4057192dc43dd748ea778adc52bc498ce80524c014b81119,00000000,,,,,False,,,,,,,,,,False,False
/a/1/3/3,/a/1/3/3!/member_02468,0,/a/1/3/3,262,2468,,50376,50380,18628,18632,4,df3f619804a92fdb4057192dc43dd748ea778adc52bc498ce80524c014b81119,00000000,,,,,False,,,,,,,,,,False,False
/a/1/3/3,/a/1/3/3!/member_02469,0,/a/1/3/3,262,2469,,50380,50384,18632,18636,4,df3f619804a92fdb4057192dc43dd748ea778adc52bc498ce80524c014b81119,00000000,,,,,False,,,,,,,,,,False,False
/a/1/3/3,/a/1/3/3!/member_02470,0,/a/1/3/3,262,2470,,50384,50388,18636,18640,4,df3f619804a92fdb4057192dc43dd748ea778adc52bc498ce80524c014b81119,00000000,,,,,False,,,,,,,,,,False,False
/a/1/3/3,/a/1/3/3!/member_02471,0,/a/1/3/3,262,2471,,50388,50392,18640,18644,4,df3f619804a92fdb4057192dc43dd748ea778adc52bc498ce80524c014b81119,00000000,,,,,False,,,,,,,,,,False,False
/a/1/3/3,/a/1/3/3!/member_02472,0,/a/1/3/3,262,2472,,50392,50396,18644,18648,4,df3f619804a92fdb4057192dc43dd748ea778adc52bc498ce80524c014b81119,00000000,,,,,False,,,,,,,,,,False,False
/a/1/3/3,/a/1/3/3!/member_02473,0,/a/1/3/3,262,2473,,50396,50400,18648,18652,4,df3f619804a92fdb4057192dc43dd748ea778adc52bc498ce80524c014b81119,00000000,,,,,False,,,,,,,,,,False,False
/a/1/3/3,/a/1/3/3!/member_02474,0,/a/1/3/3,262,2474,,50400,50404,18652,18656,4,df3f619804a92fdb4057192dc43dd748ea778adc52bc498ce80524c014b81119,00000000,,,,,False,,,,,,,,,,False,False
/a/1/3/3,/a/1/3/3!/member_02475,0,/a/1/3/3,262,2475,,50404,50408,18656,18660,4,df3f619804a92fdb4057192dc43dd748ea778adc52bc498ce80524c014b81119,00000000,,,,,False,,,,,,,,,,False,False
/a/1/3/3,/a/1/3/3!/member_02476,0,/a/1/3/3,262,2476,,50408,50412,18660,18664,4,df3f619804a92fdb4057192dc43dd748ea778adc52bc498ce80524c014b81119,00000000,,,,,False,,,,,,,,,,False,False
/a/1/3/3,/a/1/3/3!/member_02477,0,/a/1/3/3,262,2477,,50412,50672,18664,18924,260,dd7ff06861e5f6ea5930f76895814fbc7d7f6b75abacdbec64e7a1f80c62ce9d,01000000020000000300000004000000,,,,,False,,,,,,,,,,False,False
/a/1/3/3,/a/1/3/3!/member_02478,0,/a/1/3/3,262,2478,,50672,50676,18924,18928,4,df3f619804a92fdb4057192dc43dd748ea778adc52bc498ce80524c014b81119,00000000,,,,,False,,,,,,,,,,False,False
/a/1/3/3,/a/1/3/3!/member_02479,0,/a/1/3/3,262,2479,,50676,50680,18928,18932,4,df3f619804a92fdb4057192dc43dd748ea778adc52bc498ce80524c014b81119,00000000,,,,,False,,,,,,,,,,False,False
/a/1/3/3,/a/1/3/3!/member_02480,0,/a/1/3/3,262,2480,,50680,50684,18932,18936,4,df3f619804a92fdb4057192dc43dd748ea778adc52bc498ce80524c014b81119,00000000,,,,,False,,,,,,,,,,False,False
/a/1/3/3,/a/1/3/3!/member_02481,0,/a/1/3/3,262,2481,,50684,50688,18936,18940,4,df3f619804a92fdb4057192dc43dd748ea778adc52bc498ce80524c014b81119,00000000,,,,,False,,,,,,,,,,False,False
/a/1/3/3,/a/1/3/3!/member_02482,0,/a/1/3/3,262,2482,,50688,50692,18940,18944,4,df3f619804a92fdb4057192dc43dd748ea778adc52bc498ce80524c014b81119,00000000,,,,,False,,,,,,,,,,False,False
/a/1/3/3,/a/1/3/3!/member_02483,0,/a/1/3/3,262,2483,,50692,50696,18944,18948,4,df3f619804a92fdb4057192dc43dd748ea778adc52bc498ce80524c014b81119,00000000,,,,,False,,,,,,,,,,False,False
/a/1/3/3,/a/1/3/3!/member_02484,0,/a/1/3/3,262,2484,,50696,50700,18948,18952,4,df3f619804a92fdb4057192dc43dd748ea778adc52bc498ce80524c014b81119,00000000,,,,,False,,,,,,,,,,False,False
/a/1/3/3,/a/1/3/3!/member_02485,0,/a/1/3/3,262,2485,,50700,50704,18952,18956,4,df3f619804a92fdb4057192dc43dd748ea778adc52bc498ce80524c014b81119,00000000,,,,,False,,,,,,,,,,False,False
/a/1/3/3,/a/1/3/3!/member_02486,0,/a/1/3/3,262,2486,,50704,50708,18956,18960,4,df3f619804a92fdb4057192dc43dd748ea778adc52bc498ce80524c014b81119,00000000,,,,,False,,,,,,,,,,False,False
/a/1/3/3,/a/1/3/3!/member_02487,0,/a/1/3/3,262,2487,,50708,50712,18960,18964,4,df3f619804a92fdb4057192dc43dd748ea778adc52bc498ce80524c014b81119,00000000,,,,,False,,,,,,,,,,False,False
/a/1/3/3,/a/1/3/3!/member_02488,0,/a/1/3/3,262,2488,,50712,50716,18964,18968,4,df3f619804a92fdb4057192dc43dd748ea778adc52bc498ce80524c014b81119,00000000,,,,,False,,,,,,,,,,False,False
/a/1/3/3,/a/1/3/3!/member_02489,0,/a/1/3/3,262,2489,,50716,50720,18968,18972,4,df3f619804a92fdb4057192dc43dd748ea778adc52bc498ce80524c014b81119,00000000,,,,,False,,,,,,,,,,False,False
/a/1/3/3,/a/1/3/3!/member_02490,0,/a/1/3/3,262,2490,,50720,50724,18972,18976,4,df3f619804a92fdb4057192dc43dd748ea778adc52bc498ce80524c014b81119,00000000,,,,,False,,,,,,,,,,False,False
/a/1/3/3,/a/1/3/3!/member_02491,0,/a/1/3/3,262,2491,,50724,50728,18976,18980,4,df3f619804a92fdb4057192dc43dd748ea778adc52bc498ce80524c014b81119,00000000,,,,,False,,,,,,,,,,False,False
/a/1/3/3,/a/1/3/3!/member_02492,0,/a/1/3/3,262,2492,,50728,50732,18980,18984,4,df3f619804a92fdb4057192dc43dd748ea778adc52bc498ce80524c014b81119,00000000,,,,,False,,,,,,,,,,False,False
/a/1/3/3,/a/1/3/3!/member_02493,0,/a/1/3/3,262,2493,,50732,50736,18984,18988,4,df3f619804a92fdb4057192dc43dd748ea778adc52bc498ce80524c014b81119,00000000,,,,,False,,,,,,,,,,False,False
/a/1/3/3,/a/1/3/3!/member_02494,0,/a/1/3/3,262,2494,,50736,50740,18988,18992,4,df3f619804a92fdb4057192dc43dd748ea778adc52bc498ce80524c014b81119,00000000,,,,,False,,,,,,,,,,False,False
/a/1/3/3,/a/1/3/3!/member_02495,0,/a/1/3/3,262,2495,,50740,50744,18992,18996,4,df3f619804a92fdb4057192dc43dd748ea778adc52bc498ce80524c014b81119,00000000,,,,,False,,,,,,,,,,False,False
/a/1/3/3,/a/1/3/3!/member_02496,0,/a/1/3/3,262,2496,,50744,50812,18996,19064,68,c0c42e095ef4132b21fb97fa6cd9eede41c334000096c559f21998087a31b9c0,02000000040000000500000007000000,,,,,False,,,,,,,,,,False,False
/a/1/3/3,/a/1/3/3!/member_02497,0,/a/1/3/3,262,2497,,50812,50848,19064,19100,36,a91b9abf7ff7c0cf6814c6f8a2cc9cb7c182419982bd9349f3e774b19280b9e0,0e0000000f0000001b00000028000000,,,,,False,,,,,,,,,,False,False
/a/1/3/3,/a/1/3/3!/member_02498,0,/a/1/3/3,262,2498,,50848,50860,19100,19112,12,d8cf20ae9113750c5850b5fe8b1da314e3414ca439dc053f69135772a08860cd,1b0000002e00000000000000,,,,,False,,,,,,,,,,False,False
/a/1/3/3,/a/1/3/3!/member_02499,0,/a/1/3/3,262,2499,,50860,50872,19112,19124,12,a9b3f3d6ce71fa86197817a1bf4d4e1b7aff3012700b2c8f83a06067278c4d8b,1b0000002700000000000000,,,,,False,,,,,,,,,,False,False
/a/1/3/3,/a/1/3/3!/member_02500,0,/a/1/3/3,262,2500,,50872,50876,19124,19128,4,df3f619804a92fdb4057192dc43dd748ea778adc52bc498ce80524c014b81119,00000000,,,,,False,,,,,,,,,,False,False
/a/1/3/3,/a/1/3/3!/member_02501,0,/a/1/3/3,262,2501,,50876,50880,19128,19132,4,df3f619804a92fdb4057192dc43dd748ea778adc52bc498ce80524c014b81119,00000000,,,,,False,,,,,,,,,,False,False
/a/1/3/3,/a/1/3/3!/member_02502,0,/a/1/3/3,262,2502,,50880,50884,19132,19136,4,df3f619804a92fdb4057192dc43dd748ea778adc52bc498ce80524c014b81119,00000000,,,,,False,,,,,,,,,,False,False
/a/1/3/3,/a/1/3/3!/member_02503,0,/a/1/3/3,262,2503,,50884,50888,19136,19140,4,df3f619804a92fdb4057192dc43dd748ea778adc52bc498ce80524c014b81119,00000000,,,,,False,,,,,,,,,,False,False
/a/1/3/3,/a/1/3/3!/member_02504,0,/a/1/3/3,262,2504,,50888,50892,19140,19144,4,df3f619804a92fdb4057192dc43dd748ea778adc52bc498ce80524c014b81119,00000000,,,,,False,,,,,,,,,,False,False
/a/1/3/3,/a/1/3/3!/member_02505,0,/a/1/3/3,262,2505,,50892,50904,19144,19156,12,066e06701fcce07f9fc2d55ca20ae9544ec2705cbec3a6b8d19c51aa4f0054ea,280000002900000000000000,,,,,True,Nintendo Huffman 8-bit,Probable,False,41,,,,,,False,False
/a/1/3/3,/a/1/3/3!/member_02506,0,/a/1/3/3,262,2506,,50904,50916,19156,19168,12,655179e90cc0cc7152c2321eba3c277b741140bca62db914920aecce21f25541,0a0000000b00000000000000,,,,,False,,,,,,,,,,False,False
/a/1/3/3,/a/1/3/3!/member_02507,0,/a/1/3/3,262,2507,,50916,50932,19168,19184,16,3d2bd0784c5fbfc437b09fbe9efd28051cfabd7fbe4851211be597324bc42487,36000000370000003800000000000000,,,,,False,,,,,,,,,,False,False
/a/1/3/3,/a/1/3/3!/member_02508,0,/a/1/3/3,262,2508,,50932,50936,19184,19188,4,df3f619804a92fdb4057192dc43dd748ea778adc52bc498ce80524c014b81119,00000000,,,,,False,,,,,,,,,,False,False
/a/1/3/3,/a/1/3/3!/member_02509,0,/a/1/3/3,262,2509,,50936,50948,19188,19200,12,655179e90cc0cc7152c2321eba3c277b741140bca62db914920aecce21f25541,0a0000000b00000000000000,,,,,False,,,,,,,,,,False,False
/a/1/3/3,/a/1/3/3!/member_02510,0,/a/1/3/3,262,2510,,50948,50964,19200,19216,16,3d2bd0784c5fbfc437b09fbe9efd28051cfabd7fbe4851211be597324bc42487,36000000370000003800000000000000,,,,,False,,,,,,,,,,False,False
/a/1/3/3,/a/1/3/3!/member_02511,0,/a/1/3/3,262,2511,,50964,50968,19216,19220,4,df3f619804a92fdb4057192dc43dd748ea778adc52bc498ce80524c014b81119,00000000,,,,,False,,,,,,,,,,False,False
/a/1/3/3,/a/1/3/3!/member_02512,0,/a/1/3/3,262,2512,,50968,50972,19220,19224,4,df3f619804a92fdb4057192dc43dd748ea778adc52bc498ce80524c014b81119,00000000,,,,,False,,,,,,,,,,False,False
/a/1/3/3,/a/1/3/3!/member_02513,0,/a/1/3/3,262,2513,,50972,50976,19224,19228,4,df3f619804a92fdb4057192dc43dd748ea778adc52bc498ce80524c014b81119,00000000,,,,,False,,,,,,,,,,False,False
/a/1/3/3,/a/1/3/3!/member_02514,0,/a/1/3/3,262,2514,,50976,50980,19228,19232,4,df3f619804a92fdb4057192dc43dd748ea778adc52bc498ce80524c014b81119,00000000,,,,,False,,,,,,,,,,False,False
/a/1/3/3,/a/1/3/3!/member_02515,0,/a/1/3/3,262,2515,,50980,50984,19232,19236,4,df3f619804a92fdb4057192dc43dd748ea778adc52bc498ce80524c014b81119,00000000,,,,,False,,,,,,,,,,False,False
/a/1/3/3,/a/1/3/3!/member_02516,0,/a/1/3/3,262,2516,,50984,50996,19236,19248,12,dd0b256cda95221c6c777998d8fea54c7b68a255b406cfb76607e40bbf77da1e,2d0000002e00000000000000,,,,,False,,,,,,,,,,False,False
/a/1/3/3,/a/1/3/3!/member_02517,0,/a/1/3/3,262,2517,,50996,51000,19248,19252,4,df3f619804a92fdb4057192dc43dd748ea778adc52bc498ce80524c014b81119,00000000,,,,,False,,,,,,,,,,False,False
/a/1/3/3,/a/1/3/3!/member_02518,0,/a/1/3/3,262,2518,,51000,51024,19252,19276,24,ad203434d096dd07386ad4fee3964fc073c575c2622c9a5a6e386568056af460,0700000008000000140000002d000000,,,,,False,,,,,,,,,,False,False
/a/1/3/3,/a/1/3/3!/member_02519,0,/a/1/3/3,262,2519,,51024,51028,19276,19280,4,df3f619804a92fdb4057192dc43dd748ea778adc52bc498ce80524c014b81119,00000000,,,,,False,,,,,,,,,,False,False
/a/1/3/3,/a/1/3/3!/member_02520,0,/a/1/3/3,262,2520,,51028,51048,19280,19300,20,d1b1d33d016fd465b5b6922981846aa9598a62212016904d08a178f04468c75b,2f000000300000003e0000003f000000,,,,,False,,,,,,,,,,False,False
/a/1/3/3,/a/1/3/3!/member_02521,0,/a/1/3/3,262,2521,,51048,51064,19300,19316,16,5b1295ea719603a32ec095f600b30ec85421a1e0611b4c05f30a8a4bc0552219,1b000000270000002f00000000000000,,,,,False,,,,,,,,,,False,False
/a/1/3/3,/a/1/3/3!/member_02522,0,/a/1/3/3,262,2522,,51064,51068,19316,19320,4,df3f619804a92fdb4057192dc43dd748ea778adc52bc498ce80524c014b81119,00000000,,,,,False,,,,,,,,,,False,False
/a/1/3/3,/a/1/3/3!/member_02523,0,/a/1/3/3,262,2523,,51068,51072,19320,19324,4,df3f619804a92fdb4057192dc43dd748ea778adc52bc498ce80524c014b81119,00000000,,,,,False,,,,,,,,,,False,False
/a/1/3/3,/a/1/3/3!/member_02524,0,/a/1/3/3,262,2524,,51072,51076,19324,19328,4,df3f619804a92fdb4057192dc43dd748ea778adc52bc498ce80524c014b81119,00000000,,,,,False,,,,,,,,,,False,False
/a/1/3/3,/a/1/3/3!/member_02525,0,/a/1/3/3,262,2525,,51076,51092,19328,19344,16,4be633006fc8722e390f984f1db46128c5fc7c44467c4c05eb91bb13230ddab6,150000003e0000003f00000000000000,,,,,False,,,,,,,,,,False,False
